--------------------------------------------------------------------------------
Release 14.7 Trace  (lin64)
Copyright (c) 1995-2013 Xilinx, Inc.  All rights reserved.

/mnt/xilinx-ise14.7/Xilinx/14.7/ISE_DS/ISE/bin/lin64/unwrapped/trce -v 10 -n 10
-u 10 p6_h1_routed.ncd p6_h1.pcf -o p6_h1.twr

Design file:              p6_h1_routed.ncd
Physical constraint file: p6_h1.pcf
Device,package,speed:     xc6slx16,csg324,C,-2 (PRODUCTION 1.23 2013-10-13)
Report level:             verbose report, limited to 10 items per endpoint, 10 endpoints per constraint
                          unconstrained path report, limited to 10 items per endpoint, 10 endpoints per path report

Environment Variable      Effect 
--------------------      ------ 
NONE                      No environment variables were set
--------------------------------------------------------------------------------

INFO:Timing:3386 - Intersecting Constraints found and resolved.  For more 
   information, see the TSI report.  Please consult the Xilinx Command Line 
   Tools User Guide for information on generating a TSI report.
INFO:Timing:3412 - To improve timing, see the Timing Closure User Guide (UG612).
INFO:Timing:3339 - The clock-to-out numbers in this timing report are based on 
   a 50 Ohm transmission line loading model.  For the details of this model, 
   and for more information on accounting for different loading conditions, 
   please see the device datasheet.

================================================================================
Timing constraint: TS_P6_CLK = PERIOD TIMEGRP "P6_CLK" 10 ns HIGH 50%;
For more information, see Period Analysis in the Timing Closure User Guide (UG612).

 4478513 paths analyzed, 4085 endpoints analyzed, 0 failing endpoints
 0 timing errors detected. (0 setup errors, 0 hold errors, 0 component switching limit errors)
 Minimum period is   9.299ns.
--------------------------------------------------------------------------------

Paths for end point u/campaign/kernel/core/evaluator_i/divisor_17 (SLICE_X6Y20.CIN), 41680 paths
--------------------------------------------------------------------------------
Slack:                  0.701ns (requirement - (data path - clock path skew + uncertainty))
  Source:               u/campaign/kernel/core/evaluator_i/objective_0 (FF)
  Destination:          u/campaign/kernel/core/evaluator_i/divisor_17 (FF)
  Requirement:          10.000ns
  Data Path Delay:      9.241ns (Levels of Logic = 11)
  Clock Path Skew:      -0.023ns (0.330 - 0.353)
  Source Clock:         clk_100mhz_BUFGP rising at 0.000ns
  Destination Clock:    clk_100mhz_BUFGP rising at 10.000ns
  Clock Uncertainty:    0.035ns

  Clock Uncertainty:          0.035ns  ((TSJ^2 + TIJ^2)^1/2 + DJ) / 2 + PE
    Total System Jitter (TSJ):  0.070ns
    Total Input Jitter (TIJ):   0.000ns
    Discrete Jitter (DJ):       0.000ns
    Phase Error (PE):           0.000ns

  Maximum Data Path at Slow Process Corner: u/campaign/kernel/core/evaluator_i/objective_0 to u/campaign/kernel/core/evaluator_i/divisor_17
    Location             Delay type         Delay(ns)  Physical Resource
                                                       Logical Resource(s)
    -------------------------------------------------  -------------------
    SLICE_X5Y19.AQ       Tcko                  0.430   u/campaign/kernel/core/evaluator_i/objective<0>
                                                       u/campaign/kernel/core/evaluator_i/objective_0
    SLICE_X9Y14.D3       net (fanout=55)       1.531   u/campaign/kernel/core/evaluator_i/objective<0>
    SLICE_X9Y14.D        Tilo                  0.259   u/campaign/kernel/core/evaluator_i/util1<3>
                                                       u/campaign/kernel/core/evaluator_i/obj1<3>1
    SLICE_X6Y12.B3       net (fanout=5)        1.210   u/campaign/kernel/core/evaluator_i/obj1<3>
    SLICE_X6Y12.COUT     Topcyb                0.483   u/campaign/kernel/core/evaluator_i/Mcompar_obj1[31]_obj0[31]_LessThan_11_o_cy<3>
                                                       u/campaign/kernel/core/evaluator_i/Mcompar_obj1[31]_obj0[31]_LessThan_11_o_lut<1>
                                                       u/campaign/kernel/core/evaluator_i/Mcompar_obj1[31]_obj0[31]_LessThan_11_o_cy<3>
    SLICE_X6Y13.CIN      net (fanout=1)        0.003   u/campaign/kernel/core/evaluator_i/Mcompar_obj1[31]_obj0[31]_LessThan_11_o_cy<3>
    SLICE_X6Y13.COUT     Tbyp                  0.093   u/campaign/kernel/core/evaluator_i/Mcompar_obj1[31]_obj0[31]_LessThan_11_o_cy<7>
                                                       u/campaign/kernel/core/evaluator_i/Mcompar_obj1[31]_obj0[31]_LessThan_11_o_cy<7>
    SLICE_X6Y14.CIN      net (fanout=1)        0.003   u/campaign/kernel/core/evaluator_i/Mcompar_obj1[31]_obj0[31]_LessThan_11_o_cy<7>
    SLICE_X6Y14.COUT     Tbyp                  0.093   u/campaign/kernel/core/evaluator_i/Mcompar_obj1[31]_obj0[31]_LessThan_11_o_cy<11>
                                                       u/campaign/kernel/core/evaluator_i/Mcompar_obj1[31]_obj0[31]_LessThan_11_o_cy<11>
    SLICE_X6Y15.CIN      net (fanout=1)        0.003   u/campaign/kernel/core/evaluator_i/Mcompar_obj1[31]_obj0[31]_LessThan_11_o_cy<11>
    SLICE_X6Y15.DMUX     Tcind                 0.305   u/campaign/kernel/core/evaluator_i/util0<4>
                                                       u/campaign/kernel/core/evaluator_i/Mcompar_obj1[31]_obj0[31]_LessThan_11_o_cy<15>
    SLICE_X7Y15.C5       net (fanout=17)       0.882   u/campaign/kernel/core/evaluator_i/Mcompar_obj1[31]_obj0[31]_LessThan_11_o_cy<15>
    SLICE_X7Y15.C        Tilo                  0.259   u/campaign/kernel/core/evaluator_i/util1<7>
                                                       u/campaign/kernel/core/evaluator_i/Mmux_difference_A281
    SLICE_X4Y15.BX       net (fanout=1)        1.446   u/campaign/kernel/core/evaluator_i/Mmux_difference_rs_A<5>
    SLICE_X4Y15.COUT     Tbxcy                 0.197   u/campaign/kernel/core/evaluator_i/difference_reg<7>
                                                       u/campaign/kernel/core/evaluator_i/Mmux_difference_rs_cy<7>
    SLICE_X4Y16.CIN      net (fanout=1)        0.003   u/campaign/kernel/core/evaluator_i/Mmux_difference_rs_cy<7>
    SLICE_X4Y16.AMUX     Tcina                 0.210   u/campaign/kernel/core/evaluator_i/difference_reg<11>
                                                       u/campaign/kernel/core/evaluator_i/Mmux_difference_rs_cy<11>
    SLICE_X6Y18.A2       net (fanout=1)        0.955   u/campaign/kernel/core/evaluator_i/difference<8>
    SLICE_X6Y18.COUT     Topcya                0.474   u/campaign/kernel/core/evaluator_i/divisor<11>
                                                       u/campaign/kernel/core/evaluator_i/difference<8>_rt
                                                       u/campaign/kernel/core/evaluator_i/Madd_n0506_cy<11>
    SLICE_X6Y19.CIN      net (fanout=1)        0.003   u/campaign/kernel/core/evaluator_i/Madd_n0506_cy<11>
    SLICE_X6Y19.COUT     Tbyp                  0.093   u/campaign/kernel/core/evaluator_i/divisor<15>
                                                       u/campaign/kernel/core/evaluator_i/Madd_n0506_cy<15>
    SLICE_X6Y20.CIN      net (fanout=1)        0.003   u/campaign/kernel/core/evaluator_i/Madd_n0506_cy<15>
    SLICE_X6Y20.CLK      Tcinck                0.303   u/campaign/kernel/core/evaluator_i/divisor<17>
                                                       u/campaign/kernel/core/evaluator_i/Madd_n0506_xor<17>
                                                       u/campaign/kernel/core/evaluator_i/divisor_17
    -------------------------------------------------  ---------------------------
    Total                                      9.241ns (3.199ns logic, 6.042ns route)
                                                       (34.6% logic, 65.4% route)

--------------------------------------------------------------------------------
Slack:                  0.703ns (requirement - (data path - clock path skew + uncertainty))
  Source:               u/campaign/kernel/core/evaluator_i/objective_0 (FF)
  Destination:          u/campaign/kernel/core/evaluator_i/divisor_17 (FF)
  Requirement:          10.000ns
  Data Path Delay:      9.239ns (Levels of Logic = 11)
  Clock Path Skew:      -0.023ns (0.330 - 0.353)
  Source Clock:         clk_100mhz_BUFGP rising at 0.000ns
  Destination Clock:    clk_100mhz_BUFGP rising at 10.000ns
  Clock Uncertainty:    0.035ns

  Clock Uncertainty:          0.035ns  ((TSJ^2 + TIJ^2)^1/2 + DJ) / 2 + PE
    Total System Jitter (TSJ):  0.070ns
    Total Input Jitter (TIJ):   0.000ns
    Discrete Jitter (DJ):       0.000ns
    Phase Error (PE):           0.000ns

  Maximum Data Path at Slow Process Corner: u/campaign/kernel/core/evaluator_i/objective_0 to u/campaign/kernel/core/evaluator_i/divisor_17
    Location             Delay type         Delay(ns)  Physical Resource
                                                       Logical Resource(s)
    -------------------------------------------------  -------------------
    SLICE_X5Y19.AQ       Tcko                  0.430   u/campaign/kernel/core/evaluator_i/objective<0>
                                                       u/campaign/kernel/core/evaluator_i/objective_0
    SLICE_X9Y14.D3       net (fanout=55)       1.531   u/campaign/kernel/core/evaluator_i/objective<0>
    SLICE_X9Y14.D        Tilo                  0.259   u/campaign/kernel/core/evaluator_i/util1<3>
                                                       u/campaign/kernel/core/evaluator_i/obj1<3>1
    SLICE_X6Y12.B3       net (fanout=5)        1.210   u/campaign/kernel/core/evaluator_i/obj1<3>
    SLICE_X6Y12.COUT     Topcyb                0.483   u/campaign/kernel/core/evaluator_i/Mcompar_obj1[31]_obj0[31]_LessThan_11_o_cy<3>
                                                       u/campaign/kernel/core/evaluator_i/Mcompar_obj1[31]_obj0[31]_LessThan_11_o_lut<1>
                                                       u/campaign/kernel/core/evaluator_i/Mcompar_obj1[31]_obj0[31]_LessThan_11_o_cy<3>
    SLICE_X6Y13.CIN      net (fanout=1)        0.003   u/campaign/kernel/core/evaluator_i/Mcompar_obj1[31]_obj0[31]_LessThan_11_o_cy<3>
    SLICE_X6Y13.COUT     Tbyp                  0.093   u/campaign/kernel/core/evaluator_i/Mcompar_obj1[31]_obj0[31]_LessThan_11_o_cy<7>
                                                       u/campaign/kernel/core/evaluator_i/Mcompar_obj1[31]_obj0[31]_LessThan_11_o_cy<7>
    SLICE_X6Y14.CIN      net (fanout=1)        0.003   u/campaign/kernel/core/evaluator_i/Mcompar_obj1[31]_obj0[31]_LessThan_11_o_cy<7>
    SLICE_X6Y14.COUT     Tbyp                  0.093   u/campaign/kernel/core/evaluator_i/Mcompar_obj1[31]_obj0[31]_LessThan_11_o_cy<11>
                                                       u/campaign/kernel/core/evaluator_i/Mcompar_obj1[31]_obj0[31]_LessThan_11_o_cy<11>
    SLICE_X6Y15.CIN      net (fanout=1)        0.003   u/campaign/kernel/core/evaluator_i/Mcompar_obj1[31]_obj0[31]_LessThan_11_o_cy<11>
    SLICE_X6Y15.DMUX     Tcind                 0.305   u/campaign/kernel/core/evaluator_i/util0<4>
                                                       u/campaign/kernel/core/evaluator_i/Mcompar_obj1[31]_obj0[31]_LessThan_11_o_cy<15>
    SLICE_X7Y15.C5       net (fanout=17)       0.882   u/campaign/kernel/core/evaluator_i/Mcompar_obj1[31]_obj0[31]_LessThan_11_o_cy<15>
    SLICE_X7Y15.C        Tilo                  0.259   u/campaign/kernel/core/evaluator_i/util1<7>
                                                       u/campaign/kernel/core/evaluator_i/Mmux_difference_A281
    SLICE_X4Y15.BX       net (fanout=1)        1.446   u/campaign/kernel/core/evaluator_i/Mmux_difference_rs_A<5>
    SLICE_X4Y15.COUT     Tbxcy                 0.197   u/campaign/kernel/core/evaluator_i/difference_reg<7>
                                                       u/campaign/kernel/core/evaluator_i/Mmux_difference_rs_cy<7>
    SLICE_X4Y16.CIN      net (fanout=1)        0.003   u/campaign/kernel/core/evaluator_i/Mmux_difference_rs_cy<7>
    SLICE_X4Y16.COUT     Tbyp                  0.091   u/campaign/kernel/core/evaluator_i/difference_reg<11>
                                                       u/campaign/kernel/core/evaluator_i/Mmux_difference_rs_cy<11>
    SLICE_X4Y17.CIN      net (fanout=1)        0.003   u/campaign/kernel/core/evaluator_i/Mmux_difference_rs_cy<11>
    SLICE_X4Y17.AMUX     Tcina                 0.210   u/campaign/kernel/core/evaluator_i/difference_reg<15>
                                                       u/campaign/kernel/core/evaluator_i/Mmux_difference_rs_cy<15>
    SLICE_X6Y19.A2       net (fanout=1)        0.955   u/campaign/kernel/core/evaluator_i/difference<12>
    SLICE_X6Y19.COUT     Topcya                0.474   u/campaign/kernel/core/evaluator_i/divisor<15>
                                                       u/campaign/kernel/core/evaluator_i/difference<12>_rt
                                                       u/campaign/kernel/core/evaluator_i/Madd_n0506_cy<15>
    SLICE_X6Y20.CIN      net (fanout=1)        0.003   u/campaign/kernel/core/evaluator_i/Madd_n0506_cy<15>
    SLICE_X6Y20.CLK      Tcinck                0.303   u/campaign/kernel/core/evaluator_i/divisor<17>
                                                       u/campaign/kernel/core/evaluator_i/Madd_n0506_xor<17>
                                                       u/campaign/kernel/core/evaluator_i/divisor_17
    -------------------------------------------------  ---------------------------
    Total                                      9.239ns (3.197ns logic, 6.042ns route)
                                                       (34.6% logic, 65.4% route)

--------------------------------------------------------------------------------
Slack:                  0.763ns (requirement - (data path - clock path skew + uncertainty))
  Source:               u/campaign/kernel/core/evaluator_i/objective_1 (FF)
  Destination:          u/campaign/kernel/core/evaluator_i/divisor_17 (FF)
  Requirement:          10.000ns
  Data Path Delay:      9.179ns (Levels of Logic = 11)
  Clock Path Skew:      -0.023ns (0.330 - 0.353)
  Source Clock:         clk_100mhz_BUFGP rising at 0.000ns
  Destination Clock:    clk_100mhz_BUFGP rising at 10.000ns
  Clock Uncertainty:    0.035ns

  Clock Uncertainty:          0.035ns  ((TSJ^2 + TIJ^2)^1/2 + DJ) / 2 + PE
    Total System Jitter (TSJ):  0.070ns
    Total Input Jitter (TIJ):   0.000ns
    Discrete Jitter (DJ):       0.000ns
    Phase Error (PE):           0.000ns

  Maximum Data Path at Slow Process Corner: u/campaign/kernel/core/evaluator_i/objective_1 to u/campaign/kernel/core/evaluator_i/divisor_17
    Location             Delay type         Delay(ns)  Physical Resource
                                                       Logical Resource(s)
    -------------------------------------------------  -------------------
    SLICE_X5Y19.AMUX     Tshcko                0.518   u/campaign/kernel/core/evaluator_i/objective<0>
                                                       u/campaign/kernel/core/evaluator_i/objective_1
    SLICE_X9Y14.D5       net (fanout=59)       1.381   u/campaign/kernel/core/evaluator_i/objective<1>
    SLICE_X9Y14.D        Tilo                  0.259   u/campaign/kernel/core/evaluator_i/util1<3>
                                                       u/campaign/kernel/core/evaluator_i/obj1<3>1
    SLICE_X6Y12.B3       net (fanout=5)        1.210   u/campaign/kernel/core/evaluator_i/obj1<3>
    SLICE_X6Y12.COUT     Topcyb                0.483   u/campaign/kernel/core/evaluator_i/Mcompar_obj1[31]_obj0[31]_LessThan_11_o_cy<3>
                                                       u/campaign/kernel/core/evaluator_i/Mcompar_obj1[31]_obj0[31]_LessThan_11_o_lut<1>
                                                       u/campaign/kernel/core/evaluator_i/Mcompar_obj1[31]_obj0[31]_LessThan_11_o_cy<3>
    SLICE_X6Y13.CIN      net (fanout=1)        0.003   u/campaign/kernel/core/evaluator_i/Mcompar_obj1[31]_obj0[31]_LessThan_11_o_cy<3>
    SLICE_X6Y13.COUT     Tbyp                  0.093   u/campaign/kernel/core/evaluator_i/Mcompar_obj1[31]_obj0[31]_LessThan_11_o_cy<7>
                                                       u/campaign/kernel/core/evaluator_i/Mcompar_obj1[31]_obj0[31]_LessThan_11_o_cy<7>
    SLICE_X6Y14.CIN      net (fanout=1)        0.003   u/campaign/kernel/core/evaluator_i/Mcompar_obj1[31]_obj0[31]_LessThan_11_o_cy<7>
    SLICE_X6Y14.COUT     Tbyp                  0.093   u/campaign/kernel/core/evaluator_i/Mcompar_obj1[31]_obj0[31]_LessThan_11_o_cy<11>
                                                       u/campaign/kernel/core/evaluator_i/Mcompar_obj1[31]_obj0[31]_LessThan_11_o_cy<11>
    SLICE_X6Y15.CIN      net (fanout=1)        0.003   u/campaign/kernel/core/evaluator_i/Mcompar_obj1[31]_obj0[31]_LessThan_11_o_cy<11>
    SLICE_X6Y15.DMUX     Tcind                 0.305   u/campaign/kernel/core/evaluator_i/util0<4>
                                                       u/campaign/kernel/core/evaluator_i/Mcompar_obj1[31]_obj0[31]_LessThan_11_o_cy<15>
    SLICE_X7Y15.C5       net (fanout=17)       0.882   u/campaign/kernel/core/evaluator_i/Mcompar_obj1[31]_obj0[31]_LessThan_11_o_cy<15>
    SLICE_X7Y15.C        Tilo                  0.259   u/campaign/kernel/core/evaluator_i/util1<7>
                                                       u/campaign/kernel/core/evaluator_i/Mmux_difference_A281
    SLICE_X4Y15.BX       net (fanout=1)        1.446   u/campaign/kernel/core/evaluator_i/Mmux_difference_rs_A<5>
    SLICE_X4Y15.COUT     Tbxcy                 0.197   u/campaign/kernel/core/evaluator_i/difference_reg<7>
                                                       u/campaign/kernel/core/evaluator_i/Mmux_difference_rs_cy<7>
    SLICE_X4Y16.CIN      net (fanout=1)        0.003   u/campaign/kernel/core/evaluator_i/Mmux_difference_rs_cy<7>
    SLICE_X4Y16.AMUX     Tcina                 0.210   u/campaign/kernel/core/evaluator_i/difference_reg<11>
                                                       u/campaign/kernel/core/evaluator_i/Mmux_difference_rs_cy<11>
    SLICE_X6Y18.A2       net (fanout=1)        0.955   u/campaign/kernel/core/evaluator_i/difference<8>
    SLICE_X6Y18.COUT     Topcya                0.474   u/campaign/kernel/core/evaluator_i/divisor<11>
                                                       u/campaign/kernel/core/evaluator_i/difference<8>_rt
                                                       u/campaign/kernel/core/evaluator_i/Madd_n0506_cy<11>
    SLICE_X6Y19.CIN      net (fanout=1)        0.003   u/campaign/kernel/core/evaluator_i/Madd_n0506_cy<11>
    SLICE_X6Y19.COUT     Tbyp                  0.093   u/campaign/kernel/core/evaluator_i/divisor<15>
                                                       u/campaign/kernel/core/evaluator_i/Madd_n0506_cy<15>
    SLICE_X6Y20.CIN      net (fanout=1)        0.003   u/campaign/kernel/core/evaluator_i/Madd_n0506_cy<15>
    SLICE_X6Y20.CLK      Tcinck                0.303   u/campaign/kernel/core/evaluator_i/divisor<17>
                                                       u/campaign/kernel/core/evaluator_i/Madd_n0506_xor<17>
                                                       u/campaign/kernel/core/evaluator_i/divisor_17
    -------------------------------------------------  ---------------------------
    Total                                      9.179ns (3.287ns logic, 5.892ns route)
                                                       (35.8% logic, 64.2% route)

--------------------------------------------------------------------------------
Slack:                  0.765ns (requirement - (data path - clock path skew + uncertainty))
  Source:               u/campaign/kernel/core/evaluator_i/objective_1 (FF)
  Destination:          u/campaign/kernel/core/evaluator_i/divisor_17 (FF)
  Requirement:          10.000ns
  Data Path Delay:      9.177ns (Levels of Logic = 11)
  Clock Path Skew:      -0.023ns (0.330 - 0.353)
  Source Clock:         clk_100mhz_BUFGP rising at 0.000ns
  Destination Clock:    clk_100mhz_BUFGP rising at 10.000ns
  Clock Uncertainty:    0.035ns

  Clock Uncertainty:          0.035ns  ((TSJ^2 + TIJ^2)^1/2 + DJ) / 2 + PE
    Total System Jitter (TSJ):  0.070ns
    Total Input Jitter (TIJ):   0.000ns
    Discrete Jitter (DJ):       0.000ns
    Phase Error (PE):           0.000ns

  Maximum Data Path at Slow Process Corner: u/campaign/kernel/core/evaluator_i/objective_1 to u/campaign/kernel/core/evaluator_i/divisor_17
    Location             Delay type         Delay(ns)  Physical Resource
                                                       Logical Resource(s)
    -------------------------------------------------  -------------------
    SLICE_X5Y19.AMUX     Tshcko                0.518   u/campaign/kernel/core/evaluator_i/objective<0>
                                                       u/campaign/kernel/core/evaluator_i/objective_1
    SLICE_X9Y14.D5       net (fanout=59)       1.381   u/campaign/kernel/core/evaluator_i/objective<1>
    SLICE_X9Y14.D        Tilo                  0.259   u/campaign/kernel/core/evaluator_i/util1<3>
                                                       u/campaign/kernel/core/evaluator_i/obj1<3>1
    SLICE_X6Y12.B3       net (fanout=5)        1.210   u/campaign/kernel/core/evaluator_i/obj1<3>
    SLICE_X6Y12.COUT     Topcyb                0.483   u/campaign/kernel/core/evaluator_i/Mcompar_obj1[31]_obj0[31]_LessThan_11_o_cy<3>
                                                       u/campaign/kernel/core/evaluator_i/Mcompar_obj1[31]_obj0[31]_LessThan_11_o_lut<1>
                                                       u/campaign/kernel/core/evaluator_i/Mcompar_obj1[31]_obj0[31]_LessThan_11_o_cy<3>
    SLICE_X6Y13.CIN      net (fanout=1)        0.003   u/campaign/kernel/core/evaluator_i/Mcompar_obj1[31]_obj0[31]_LessThan_11_o_cy<3>
    SLICE_X6Y13.COUT     Tbyp                  0.093   u/campaign/kernel/core/evaluator_i/Mcompar_obj1[31]_obj0[31]_LessThan_11_o_cy<7>
                                                       u/campaign/kernel/core/evaluator_i/Mcompar_obj1[31]_obj0[31]_LessThan_11_o_cy<7>
    SLICE_X6Y14.CIN      net (fanout=1)        0.003   u/campaign/kernel/core/evaluator_i/Mcompar_obj1[31]_obj0[31]_LessThan_11_o_cy<7>
    SLICE_X6Y14.COUT     Tbyp                  0.093   u/campaign/kernel/core/evaluator_i/Mcompar_obj1[31]_obj0[31]_LessThan_11_o_cy<11>
                                                       u/campaign/kernel/core/evaluator_i/Mcompar_obj1[31]_obj0[31]_LessThan_11_o_cy<11>
    SLICE_X6Y15.CIN      net (fanout=1)        0.003   u/campaign/kernel/core/evaluator_i/Mcompar_obj1[31]_obj0[31]_LessThan_11_o_cy<11>
    SLICE_X6Y15.DMUX     Tcind                 0.305   u/campaign/kernel/core/evaluator_i/util0<4>
                                                       u/campaign/kernel/core/evaluator_i/Mcompar_obj1[31]_obj0[31]_LessThan_11_o_cy<15>
    SLICE_X7Y15.C5       net (fanout=17)       0.882   u/campaign/kernel/core/evaluator_i/Mcompar_obj1[31]_obj0[31]_LessThan_11_o_cy<15>
    SLICE_X7Y15.C        Tilo                  0.259   u/campaign/kernel/core/evaluator_i/util1<7>
                                                       u/campaign/kernel/core/evaluator_i/Mmux_difference_A281
    SLICE_X4Y15.BX       net (fanout=1)        1.446   u/campaign/kernel/core/evaluator_i/Mmux_difference_rs_A<5>
    SLICE_X4Y15.COUT     Tbxcy                 0.197   u/campaign/kernel/core/evaluator_i/difference_reg<7>
                                                       u/campaign/kernel/core/evaluator_i/Mmux_difference_rs_cy<7>
    SLICE_X4Y16.CIN      net (fanout=1)        0.003   u/campaign/kernel/core/evaluator_i/Mmux_difference_rs_cy<7>
    SLICE_X4Y16.COUT     Tbyp                  0.091   u/campaign/kernel/core/evaluator_i/difference_reg<11>
                                                       u/campaign/kernel/core/evaluator_i/Mmux_difference_rs_cy<11>
    SLICE_X4Y17.CIN      net (fanout=1)        0.003   u/campaign/kernel/core/evaluator_i/Mmux_difference_rs_cy<11>
    SLICE_X4Y17.AMUX     Tcina                 0.210   u/campaign/kernel/core/evaluator_i/difference_reg<15>
                                                       u/campaign/kernel/core/evaluator_i/Mmux_difference_rs_cy<15>
    SLICE_X6Y19.A2       net (fanout=1)        0.955   u/campaign/kernel/core/evaluator_i/difference<12>
    SLICE_X6Y19.COUT     Topcya                0.474   u/campaign/kernel/core/evaluator_i/divisor<15>
                                                       u/campaign/kernel/core/evaluator_i/difference<12>_rt
                                                       u/campaign/kernel/core/evaluator_i/Madd_n0506_cy<15>
    SLICE_X6Y20.CIN      net (fanout=1)        0.003   u/campaign/kernel/core/evaluator_i/Madd_n0506_cy<15>
    SLICE_X6Y20.CLK      Tcinck                0.303   u/campaign/kernel/core/evaluator_i/divisor<17>
                                                       u/campaign/kernel/core/evaluator_i/Madd_n0506_xor<17>
                                                       u/campaign/kernel/core/evaluator_i/divisor_17
    -------------------------------------------------  ---------------------------
    Total                                      9.177ns (3.285ns logic, 5.892ns route)
                                                       (35.8% logic, 64.2% route)

--------------------------------------------------------------------------------
Slack:                  0.769ns (requirement - (data path - clock path skew + uncertainty))
  Source:               u/campaign/kernel/core/evaluator_i/objective_0 (FF)
  Destination:          u/campaign/kernel/core/evaluator_i/divisor_17 (FF)
  Requirement:          10.000ns
  Data Path Delay:      9.173ns (Levels of Logic = 11)
  Clock Path Skew:      -0.023ns (0.330 - 0.353)
  Source Clock:         clk_100mhz_BUFGP rising at 0.000ns
  Destination Clock:    clk_100mhz_BUFGP rising at 10.000ns
  Clock Uncertainty:    0.035ns

  Clock Uncertainty:          0.035ns  ((TSJ^2 + TIJ^2)^1/2 + DJ) / 2 + PE
    Total System Jitter (TSJ):  0.070ns
    Total Input Jitter (TIJ):   0.000ns
    Discrete Jitter (DJ):       0.000ns
    Phase Error (PE):           0.000ns

  Maximum Data Path at Slow Process Corner: u/campaign/kernel/core/evaluator_i/objective_0 to u/campaign/kernel/core/evaluator_i/divisor_17
    Location             Delay type         Delay(ns)  Physical Resource
                                                       Logical Resource(s)
    -------------------------------------------------  -------------------
    SLICE_X5Y19.AQ       Tcko                  0.430   u/campaign/kernel/core/evaluator_i/objective<0>
                                                       u/campaign/kernel/core/evaluator_i/objective_0
    SLICE_X9Y14.D3       net (fanout=55)       1.531   u/campaign/kernel/core/evaluator_i/objective<0>
    SLICE_X9Y14.D        Tilo                  0.259   u/campaign/kernel/core/evaluator_i/util1<3>
                                                       u/campaign/kernel/core/evaluator_i/obj1<3>1
    SLICE_X6Y12.B3       net (fanout=5)        1.210   u/campaign/kernel/core/evaluator_i/obj1<3>
    SLICE_X6Y12.COUT     Topcyb                0.483   u/campaign/kernel/core/evaluator_i/Mcompar_obj1[31]_obj0[31]_LessThan_11_o_cy<3>
                                                       u/campaign/kernel/core/evaluator_i/Mcompar_obj1[31]_obj0[31]_LessThan_11_o_lut<1>
                                                       u/campaign/kernel/core/evaluator_i/Mcompar_obj1[31]_obj0[31]_LessThan_11_o_cy<3>
    SLICE_X6Y13.CIN      net (fanout=1)        0.003   u/campaign/kernel/core/evaluator_i/Mcompar_obj1[31]_obj0[31]_LessThan_11_o_cy<3>
    SLICE_X6Y13.COUT     Tbyp                  0.093   u/campaign/kernel/core/evaluator_i/Mcompar_obj1[31]_obj0[31]_LessThan_11_o_cy<7>
                                                       u/campaign/kernel/core/evaluator_i/Mcompar_obj1[31]_obj0[31]_LessThan_11_o_cy<7>
    SLICE_X6Y14.CIN      net (fanout=1)        0.003   u/campaign/kernel/core/evaluator_i/Mcompar_obj1[31]_obj0[31]_LessThan_11_o_cy<7>
    SLICE_X6Y14.COUT     Tbyp                  0.093   u/campaign/kernel/core/evaluator_i/Mcompar_obj1[31]_obj0[31]_LessThan_11_o_cy<11>
                                                       u/campaign/kernel/core/evaluator_i/Mcompar_obj1[31]_obj0[31]_LessThan_11_o_cy<11>
    SLICE_X6Y15.CIN      net (fanout=1)        0.003   u/campaign/kernel/core/evaluator_i/Mcompar_obj1[31]_obj0[31]_LessThan_11_o_cy<11>
    SLICE_X6Y15.DMUX     Tcind                 0.305   u/campaign/kernel/core/evaluator_i/util0<4>
                                                       u/campaign/kernel/core/evaluator_i/Mcompar_obj1[31]_obj0[31]_LessThan_11_o_cy<15>
    SLICE_X7Y15.C5       net (fanout=17)       0.882   u/campaign/kernel/core/evaluator_i/Mcompar_obj1[31]_obj0[31]_LessThan_11_o_cy<15>
    SLICE_X7Y15.C        Tilo                  0.259   u/campaign/kernel/core/evaluator_i/util1<7>
                                                       u/campaign/kernel/core/evaluator_i/Mmux_difference_A281
    SLICE_X4Y15.BX       net (fanout=1)        1.446   u/campaign/kernel/core/evaluator_i/Mmux_difference_rs_A<5>
    SLICE_X4Y15.COUT     Tbxcy                 0.197   u/campaign/kernel/core/evaluator_i/difference_reg<7>
                                                       u/campaign/kernel/core/evaluator_i/Mmux_difference_rs_cy<7>
    SLICE_X4Y16.CIN      net (fanout=1)        0.003   u/campaign/kernel/core/evaluator_i/Mmux_difference_rs_cy<7>
    SLICE_X4Y16.CMUX     Tcinc                 0.289   u/campaign/kernel/core/evaluator_i/difference_reg<11>
                                                       u/campaign/kernel/core/evaluator_i/Mmux_difference_rs_cy<11>
    SLICE_X6Y18.C2       net (fanout=1)        0.954   u/campaign/kernel/core/evaluator_i/difference<10>
    SLICE_X6Y18.COUT     Topcyc                0.328   u/campaign/kernel/core/evaluator_i/divisor<11>
                                                       u/campaign/kernel/core/evaluator_i/difference<10>_rt
                                                       u/campaign/kernel/core/evaluator_i/Madd_n0506_cy<11>
    SLICE_X6Y19.CIN      net (fanout=1)        0.003   u/campaign/kernel/core/evaluator_i/Madd_n0506_cy<11>
    SLICE_X6Y19.COUT     Tbyp                  0.093   u/campaign/kernel/core/evaluator_i/divisor<15>
                                                       u/campaign/kernel/core/evaluator_i/Madd_n0506_cy<15>
    SLICE_X6Y20.CIN      net (fanout=1)        0.003   u/campaign/kernel/core/evaluator_i/Madd_n0506_cy<15>
    SLICE_X6Y20.CLK      Tcinck                0.303   u/campaign/kernel/core/evaluator_i/divisor<17>
                                                       u/campaign/kernel/core/evaluator_i/Madd_n0506_xor<17>
                                                       u/campaign/kernel/core/evaluator_i/divisor_17
    -------------------------------------------------  ---------------------------
    Total                                      9.173ns (3.132ns logic, 6.041ns route)
                                                       (34.1% logic, 65.9% route)

--------------------------------------------------------------------------------
Slack:                  0.771ns (requirement - (data path - clock path skew + uncertainty))
  Source:               u/campaign/kernel/core/evaluator_i/objective_0 (FF)
  Destination:          u/campaign/kernel/core/evaluator_i/divisor_17 (FF)
  Requirement:          10.000ns
  Data Path Delay:      9.171ns (Levels of Logic = 11)
  Clock Path Skew:      -0.023ns (0.330 - 0.353)
  Source Clock:         clk_100mhz_BUFGP rising at 0.000ns
  Destination Clock:    clk_100mhz_BUFGP rising at 10.000ns
  Clock Uncertainty:    0.035ns

  Clock Uncertainty:          0.035ns  ((TSJ^2 + TIJ^2)^1/2 + DJ) / 2 + PE
    Total System Jitter (TSJ):  0.070ns
    Total Input Jitter (TIJ):   0.000ns
    Discrete Jitter (DJ):       0.000ns
    Phase Error (PE):           0.000ns

  Maximum Data Path at Slow Process Corner: u/campaign/kernel/core/evaluator_i/objective_0 to u/campaign/kernel/core/evaluator_i/divisor_17
    Location             Delay type         Delay(ns)  Physical Resource
                                                       Logical Resource(s)
    -------------------------------------------------  -------------------
    SLICE_X5Y19.AQ       Tcko                  0.430   u/campaign/kernel/core/evaluator_i/objective<0>
                                                       u/campaign/kernel/core/evaluator_i/objective_0
    SLICE_X9Y14.D3       net (fanout=55)       1.531   u/campaign/kernel/core/evaluator_i/objective<0>
    SLICE_X9Y14.D        Tilo                  0.259   u/campaign/kernel/core/evaluator_i/util1<3>
                                                       u/campaign/kernel/core/evaluator_i/obj1<3>1
    SLICE_X6Y12.B3       net (fanout=5)        1.210   u/campaign/kernel/core/evaluator_i/obj1<3>
    SLICE_X6Y12.COUT     Topcyb                0.483   u/campaign/kernel/core/evaluator_i/Mcompar_obj1[31]_obj0[31]_LessThan_11_o_cy<3>
                                                       u/campaign/kernel/core/evaluator_i/Mcompar_obj1[31]_obj0[31]_LessThan_11_o_lut<1>
                                                       u/campaign/kernel/core/evaluator_i/Mcompar_obj1[31]_obj0[31]_LessThan_11_o_cy<3>
    SLICE_X6Y13.CIN      net (fanout=1)        0.003   u/campaign/kernel/core/evaluator_i/Mcompar_obj1[31]_obj0[31]_LessThan_11_o_cy<3>
    SLICE_X6Y13.COUT     Tbyp                  0.093   u/campaign/kernel/core/evaluator_i/Mcompar_obj1[31]_obj0[31]_LessThan_11_o_cy<7>
                                                       u/campaign/kernel/core/evaluator_i/Mcompar_obj1[31]_obj0[31]_LessThan_11_o_cy<7>
    SLICE_X6Y14.CIN      net (fanout=1)        0.003   u/campaign/kernel/core/evaluator_i/Mcompar_obj1[31]_obj0[31]_LessThan_11_o_cy<7>
    SLICE_X6Y14.COUT     Tbyp                  0.093   u/campaign/kernel/core/evaluator_i/Mcompar_obj1[31]_obj0[31]_LessThan_11_o_cy<11>
                                                       u/campaign/kernel/core/evaluator_i/Mcompar_obj1[31]_obj0[31]_LessThan_11_o_cy<11>
    SLICE_X6Y15.CIN      net (fanout=1)        0.003   u/campaign/kernel/core/evaluator_i/Mcompar_obj1[31]_obj0[31]_LessThan_11_o_cy<11>
    SLICE_X6Y15.DMUX     Tcind                 0.305   u/campaign/kernel/core/evaluator_i/util0<4>
                                                       u/campaign/kernel/core/evaluator_i/Mcompar_obj1[31]_obj0[31]_LessThan_11_o_cy<15>
    SLICE_X7Y15.C5       net (fanout=17)       0.882   u/campaign/kernel/core/evaluator_i/Mcompar_obj1[31]_obj0[31]_LessThan_11_o_cy<15>
    SLICE_X7Y15.C        Tilo                  0.259   u/campaign/kernel/core/evaluator_i/util1<7>
                                                       u/campaign/kernel/core/evaluator_i/Mmux_difference_A281
    SLICE_X4Y15.BX       net (fanout=1)        1.446   u/campaign/kernel/core/evaluator_i/Mmux_difference_rs_A<5>
    SLICE_X4Y15.COUT     Tbxcy                 0.197   u/campaign/kernel/core/evaluator_i/difference_reg<7>
                                                       u/campaign/kernel/core/evaluator_i/Mmux_difference_rs_cy<7>
    SLICE_X4Y16.CIN      net (fanout=1)        0.003   u/campaign/kernel/core/evaluator_i/Mmux_difference_rs_cy<7>
    SLICE_X4Y16.COUT     Tbyp                  0.091   u/campaign/kernel/core/evaluator_i/difference_reg<11>
                                                       u/campaign/kernel/core/evaluator_i/Mmux_difference_rs_cy<11>
    SLICE_X4Y17.CIN      net (fanout=1)        0.003   u/campaign/kernel/core/evaluator_i/Mmux_difference_rs_cy<11>
    SLICE_X4Y17.CMUX     Tcinc                 0.289   u/campaign/kernel/core/evaluator_i/difference_reg<15>
                                                       u/campaign/kernel/core/evaluator_i/Mmux_difference_rs_cy<15>
    SLICE_X6Y19.C2       net (fanout=1)        0.954   u/campaign/kernel/core/evaluator_i/difference<14>
    SLICE_X6Y19.COUT     Topcyc                0.328   u/campaign/kernel/core/evaluator_i/divisor<15>
                                                       u/campaign/kernel/core/evaluator_i/difference<14>_rt
                                                       u/campaign/kernel/core/evaluator_i/Madd_n0506_cy<15>
    SLICE_X6Y20.CIN      net (fanout=1)        0.003   u/campaign/kernel/core/evaluator_i/Madd_n0506_cy<15>
    SLICE_X6Y20.CLK      Tcinck                0.303   u/campaign/kernel/core/evaluator_i/divisor<17>
                                                       u/campaign/kernel/core/evaluator_i/Madd_n0506_xor<17>
                                                       u/campaign/kernel/core/evaluator_i/divisor_17
    -------------------------------------------------  ---------------------------
    Total                                      9.171ns (3.130ns logic, 6.041ns route)
                                                       (34.1% logic, 65.9% route)

--------------------------------------------------------------------------------
Slack:                  0.794ns (requirement - (data path - clock path skew + uncertainty))
  Source:               u/campaign/kernel/core/evaluator_i/objective_0 (FF)
  Destination:          u/campaign/kernel/core/evaluator_i/divisor_17 (FF)
  Requirement:          10.000ns
  Data Path Delay:      9.148ns (Levels of Logic = 11)
  Clock Path Skew:      -0.023ns (0.330 - 0.353)
  Source Clock:         clk_100mhz_BUFGP rising at 0.000ns
  Destination Clock:    clk_100mhz_BUFGP rising at 10.000ns
  Clock Uncertainty:    0.035ns

  Clock Uncertainty:          0.035ns  ((TSJ^2 + TIJ^2)^1/2 + DJ) / 2 + PE
    Total System Jitter (TSJ):  0.070ns
    Total Input Jitter (TIJ):   0.000ns
    Discrete Jitter (DJ):       0.000ns
    Phase Error (PE):           0.000ns

  Maximum Data Path at Slow Process Corner: u/campaign/kernel/core/evaluator_i/objective_0 to u/campaign/kernel/core/evaluator_i/divisor_17
    Location             Delay type         Delay(ns)  Physical Resource
                                                       Logical Resource(s)
    -------------------------------------------------  -------------------
    SLICE_X5Y19.AQ       Tcko                  0.430   u/campaign/kernel/core/evaluator_i/objective<0>
                                                       u/campaign/kernel/core/evaluator_i/objective_0
    SLICE_X9Y14.D3       net (fanout=55)       1.531   u/campaign/kernel/core/evaluator_i/objective<0>
    SLICE_X9Y14.D        Tilo                  0.259   u/campaign/kernel/core/evaluator_i/util1<3>
                                                       u/campaign/kernel/core/evaluator_i/obj1<3>1
    SLICE_X6Y12.B3       net (fanout=5)        1.210   u/campaign/kernel/core/evaluator_i/obj1<3>
    SLICE_X6Y12.COUT     Topcyb                0.390   u/campaign/kernel/core/evaluator_i/Mcompar_obj1[31]_obj0[31]_LessThan_11_o_cy<3>
                                                       u/campaign/kernel/core/evaluator_i/Mcompar_obj1[31]_obj0[31]_LessThan_11_o_lutdi1
                                                       u/campaign/kernel/core/evaluator_i/Mcompar_obj1[31]_obj0[31]_LessThan_11_o_cy<3>
    SLICE_X6Y13.CIN      net (fanout=1)        0.003   u/campaign/kernel/core/evaluator_i/Mcompar_obj1[31]_obj0[31]_LessThan_11_o_cy<3>
    SLICE_X6Y13.COUT     Tbyp                  0.093   u/campaign/kernel/core/evaluator_i/Mcompar_obj1[31]_obj0[31]_LessThan_11_o_cy<7>
                                                       u/campaign/kernel/core/evaluator_i/Mcompar_obj1[31]_obj0[31]_LessThan_11_o_cy<7>
    SLICE_X6Y14.CIN      net (fanout=1)        0.003   u/campaign/kernel/core/evaluator_i/Mcompar_obj1[31]_obj0[31]_LessThan_11_o_cy<7>
    SLICE_X6Y14.COUT     Tbyp                  0.093   u/campaign/kernel/core/evaluator_i/Mcompar_obj1[31]_obj0[31]_LessThan_11_o_cy<11>
                                                       u/campaign/kernel/core/evaluator_i/Mcompar_obj1[31]_obj0[31]_LessThan_11_o_cy<11>
    SLICE_X6Y15.CIN      net (fanout=1)        0.003   u/campaign/kernel/core/evaluator_i/Mcompar_obj1[31]_obj0[31]_LessThan_11_o_cy<11>
    SLICE_X6Y15.DMUX     Tcind                 0.305   u/campaign/kernel/core/evaluator_i/util0<4>
                                                       u/campaign/kernel/core/evaluator_i/Mcompar_obj1[31]_obj0[31]_LessThan_11_o_cy<15>
    SLICE_X7Y15.C5       net (fanout=17)       0.882   u/campaign/kernel/core/evaluator_i/Mcompar_obj1[31]_obj0[31]_LessThan_11_o_cy<15>
    SLICE_X7Y15.C        Tilo                  0.259   u/campaign/kernel/core/evaluator_i/util1<7>
                                                       u/campaign/kernel/core/evaluator_i/Mmux_difference_A281
    SLICE_X4Y15.BX       net (fanout=1)        1.446   u/campaign/kernel/core/evaluator_i/Mmux_difference_rs_A<5>
    SLICE_X4Y15.COUT     Tbxcy                 0.197   u/campaign/kernel/core/evaluator_i/difference_reg<7>
                                                       u/campaign/kernel/core/evaluator_i/Mmux_difference_rs_cy<7>
    SLICE_X4Y16.CIN      net (fanout=1)        0.003   u/campaign/kernel/core/evaluator_i/Mmux_difference_rs_cy<7>
    SLICE_X4Y16.AMUX     Tcina                 0.210   u/campaign/kernel/core/evaluator_i/difference_reg<11>
                                                       u/campaign/kernel/core/evaluator_i/Mmux_difference_rs_cy<11>
    SLICE_X6Y18.A2       net (fanout=1)        0.955   u/campaign/kernel/core/evaluator_i/difference<8>
    SLICE_X6Y18.COUT     Topcya                0.474   u/campaign/kernel/core/evaluator_i/divisor<11>
                                                       u/campaign/kernel/core/evaluator_i/difference<8>_rt
                                                       u/campaign/kernel/core/evaluator_i/Madd_n0506_cy<11>
    SLICE_X6Y19.CIN      net (fanout=1)        0.003   u/campaign/kernel/core/evaluator_i/Madd_n0506_cy<11>
    SLICE_X6Y19.COUT     Tbyp                  0.093   u/campaign/kernel/core/evaluator_i/divisor<15>
                                                       u/campaign/kernel/core/evaluator_i/Madd_n0506_cy<15>
    SLICE_X6Y20.CIN      net (fanout=1)        0.003   u/campaign/kernel/core/evaluator_i/Madd_n0506_cy<15>
    SLICE_X6Y20.CLK      Tcinck                0.303   u/campaign/kernel/core/evaluator_i/divisor<17>
                                                       u/campaign/kernel/core/evaluator_i/Madd_n0506_xor<17>
                                                       u/campaign/kernel/core/evaluator_i/divisor_17
    -------------------------------------------------  ---------------------------
    Total                                      9.148ns (3.106ns logic, 6.042ns route)
                                                       (34.0% logic, 66.0% route)

--------------------------------------------------------------------------------
Slack:                  0.796ns (requirement - (data path - clock path skew + uncertainty))
  Source:               u/campaign/kernel/core/evaluator_i/objective_0 (FF)
  Destination:          u/campaign/kernel/core/evaluator_i/divisor_17 (FF)
  Requirement:          10.000ns
  Data Path Delay:      9.146ns (Levels of Logic = 11)
  Clock Path Skew:      -0.023ns (0.330 - 0.353)
  Source Clock:         clk_100mhz_BUFGP rising at 0.000ns
  Destination Clock:    clk_100mhz_BUFGP rising at 10.000ns
  Clock Uncertainty:    0.035ns

  Clock Uncertainty:          0.035ns  ((TSJ^2 + TIJ^2)^1/2 + DJ) / 2 + PE
    Total System Jitter (TSJ):  0.070ns
    Total Input Jitter (TIJ):   0.000ns
    Discrete Jitter (DJ):       0.000ns
    Phase Error (PE):           0.000ns

  Maximum Data Path at Slow Process Corner: u/campaign/kernel/core/evaluator_i/objective_0 to u/campaign/kernel/core/evaluator_i/divisor_17
    Location             Delay type         Delay(ns)  Physical Resource
                                                       Logical Resource(s)
    -------------------------------------------------  -------------------
    SLICE_X5Y19.AQ       Tcko                  0.430   u/campaign/kernel/core/evaluator_i/objective<0>
                                                       u/campaign/kernel/core/evaluator_i/objective_0
    SLICE_X9Y14.D3       net (fanout=55)       1.531   u/campaign/kernel/core/evaluator_i/objective<0>
    SLICE_X9Y14.D        Tilo                  0.259   u/campaign/kernel/core/evaluator_i/util1<3>
                                                       u/campaign/kernel/core/evaluator_i/obj1<3>1
    SLICE_X6Y12.B3       net (fanout=5)        1.210   u/campaign/kernel/core/evaluator_i/obj1<3>
    SLICE_X6Y12.COUT     Topcyb                0.390   u/campaign/kernel/core/evaluator_i/Mcompar_obj1[31]_obj0[31]_LessThan_11_o_cy<3>
                                                       u/campaign/kernel/core/evaluator_i/Mcompar_obj1[31]_obj0[31]_LessThan_11_o_lutdi1
                                                       u/campaign/kernel/core/evaluator_i/Mcompar_obj1[31]_obj0[31]_LessThan_11_o_cy<3>
    SLICE_X6Y13.CIN      net (fanout=1)        0.003   u/campaign/kernel/core/evaluator_i/Mcompar_obj1[31]_obj0[31]_LessThan_11_o_cy<3>
    SLICE_X6Y13.COUT     Tbyp                  0.093   u/campaign/kernel/core/evaluator_i/Mcompar_obj1[31]_obj0[31]_LessThan_11_o_cy<7>
                                                       u/campaign/kernel/core/evaluator_i/Mcompar_obj1[31]_obj0[31]_LessThan_11_o_cy<7>
    SLICE_X6Y14.CIN      net (fanout=1)        0.003   u/campaign/kernel/core/evaluator_i/Mcompar_obj1[31]_obj0[31]_LessThan_11_o_cy<7>
    SLICE_X6Y14.COUT     Tbyp                  0.093   u/campaign/kernel/core/evaluator_i/Mcompar_obj1[31]_obj0[31]_LessThan_11_o_cy<11>
                                                       u/campaign/kernel/core/evaluator_i/Mcompar_obj1[31]_obj0[31]_LessThan_11_o_cy<11>
    SLICE_X6Y15.CIN      net (fanout=1)        0.003   u/campaign/kernel/core/evaluator_i/Mcompar_obj1[31]_obj0[31]_LessThan_11_o_cy<11>
    SLICE_X6Y15.DMUX     Tcind                 0.305   u/campaign/kernel/core/evaluator_i/util0<4>
                                                       u/campaign/kernel/core/evaluator_i/Mcompar_obj1[31]_obj0[31]_LessThan_11_o_cy<15>
    SLICE_X7Y15.C5       net (fanout=17)       0.882   u/campaign/kernel/core/evaluator_i/Mcompar_obj1[31]_obj0[31]_LessThan_11_o_cy<15>
    SLICE_X7Y15.C        Tilo                  0.259   u/campaign/kernel/core/evaluator_i/util1<7>
                                                       u/campaign/kernel/core/evaluator_i/Mmux_difference_A281
    SLICE_X4Y15.BX       net (fanout=1)        1.446   u/campaign/kernel/core/evaluator_i/Mmux_difference_rs_A<5>
    SLICE_X4Y15.COUT     Tbxcy                 0.197   u/campaign/kernel/core/evaluator_i/difference_reg<7>
                                                       u/campaign/kernel/core/evaluator_i/Mmux_difference_rs_cy<7>
    SLICE_X4Y16.CIN      net (fanout=1)        0.003   u/campaign/kernel/core/evaluator_i/Mmux_difference_rs_cy<7>
    SLICE_X4Y16.COUT     Tbyp                  0.091   u/campaign/kernel/core/evaluator_i/difference_reg<11>
                                                       u/campaign/kernel/core/evaluator_i/Mmux_difference_rs_cy<11>
    SLICE_X4Y17.CIN      net (fanout=1)        0.003   u/campaign/kernel/core/evaluator_i/Mmux_difference_rs_cy<11>
    SLICE_X4Y17.AMUX     Tcina                 0.210   u/campaign/kernel/core/evaluator_i/difference_reg<15>
                                                       u/campaign/kernel/core/evaluator_i/Mmux_difference_rs_cy<15>
    SLICE_X6Y19.A2       net (fanout=1)        0.955   u/campaign/kernel/core/evaluator_i/difference<12>
    SLICE_X6Y19.COUT     Topcya                0.474   u/campaign/kernel/core/evaluator_i/divisor<15>
                                                       u/campaign/kernel/core/evaluator_i/difference<12>_rt
                                                       u/campaign/kernel/core/evaluator_i/Madd_n0506_cy<15>
    SLICE_X6Y20.CIN      net (fanout=1)        0.003   u/campaign/kernel/core/evaluator_i/Madd_n0506_cy<15>
    SLICE_X6Y20.CLK      Tcinck                0.303   u/campaign/kernel/core/evaluator_i/divisor<17>
                                                       u/campaign/kernel/core/evaluator_i/Madd_n0506_xor<17>
                                                       u/campaign/kernel/core/evaluator_i/divisor_17
    -------------------------------------------------  ---------------------------
    Total                                      9.146ns (3.104ns logic, 6.042ns route)
                                                       (33.9% logic, 66.1% route)

--------------------------------------------------------------------------------
Slack:                  0.822ns (requirement - (data path - clock path skew + uncertainty))
  Source:               u/campaign/kernel/core/evaluator_i/objective_0 (FF)
  Destination:          u/campaign/kernel/core/evaluator_i/divisor_17 (FF)
  Requirement:          10.000ns
  Data Path Delay:      9.120ns (Levels of Logic = 11)
  Clock Path Skew:      -0.023ns (0.330 - 0.353)
  Source Clock:         clk_100mhz_BUFGP rising at 0.000ns
  Destination Clock:    clk_100mhz_BUFGP rising at 10.000ns
  Clock Uncertainty:    0.035ns

  Clock Uncertainty:          0.035ns  ((TSJ^2 + TIJ^2)^1/2 + DJ) / 2 + PE
    Total System Jitter (TSJ):  0.070ns
    Total Input Jitter (TIJ):   0.000ns
    Discrete Jitter (DJ):       0.000ns
    Phase Error (PE):           0.000ns

  Maximum Data Path at Slow Process Corner: u/campaign/kernel/core/evaluator_i/objective_0 to u/campaign/kernel/core/evaluator_i/divisor_17
    Location             Delay type         Delay(ns)  Physical Resource
                                                       Logical Resource(s)
    -------------------------------------------------  -------------------
    SLICE_X5Y19.AQ       Tcko                  0.430   u/campaign/kernel/core/evaluator_i/objective<0>
                                                       u/campaign/kernel/core/evaluator_i/objective_0
    SLICE_X9Y14.D3       net (fanout=55)       1.531   u/campaign/kernel/core/evaluator_i/objective<0>
    SLICE_X9Y14.D        Tilo                  0.259   u/campaign/kernel/core/evaluator_i/util1<3>
                                                       u/campaign/kernel/core/evaluator_i/obj1<3>1
    SLICE_X6Y12.B3       net (fanout=5)        1.210   u/campaign/kernel/core/evaluator_i/obj1<3>
    SLICE_X6Y12.COUT     Topcyb                0.483   u/campaign/kernel/core/evaluator_i/Mcompar_obj1[31]_obj0[31]_LessThan_11_o_cy<3>
                                                       u/campaign/kernel/core/evaluator_i/Mcompar_obj1[31]_obj0[31]_LessThan_11_o_lut<1>
                                                       u/campaign/kernel/core/evaluator_i/Mcompar_obj1[31]_obj0[31]_LessThan_11_o_cy<3>
    SLICE_X6Y13.CIN      net (fanout=1)        0.003   u/campaign/kernel/core/evaluator_i/Mcompar_obj1[31]_obj0[31]_LessThan_11_o_cy<3>
    SLICE_X6Y13.COUT     Tbyp                  0.093   u/campaign/kernel/core/evaluator_i/Mcompar_obj1[31]_obj0[31]_LessThan_11_o_cy<7>
                                                       u/campaign/kernel/core/evaluator_i/Mcompar_obj1[31]_obj0[31]_LessThan_11_o_cy<7>
    SLICE_X6Y14.CIN      net (fanout=1)        0.003   u/campaign/kernel/core/evaluator_i/Mcompar_obj1[31]_obj0[31]_LessThan_11_o_cy<7>
    SLICE_X6Y14.COUT     Tbyp                  0.093   u/campaign/kernel/core/evaluator_i/Mcompar_obj1[31]_obj0[31]_LessThan_11_o_cy<11>
                                                       u/campaign/kernel/core/evaluator_i/Mcompar_obj1[31]_obj0[31]_LessThan_11_o_cy<11>
    SLICE_X6Y15.CIN      net (fanout=1)        0.003   u/campaign/kernel/core/evaluator_i/Mcompar_obj1[31]_obj0[31]_LessThan_11_o_cy<11>
    SLICE_X6Y15.DMUX     Tcind                 0.305   u/campaign/kernel/core/evaluator_i/util0<4>
                                                       u/campaign/kernel/core/evaluator_i/Mcompar_obj1[31]_obj0[31]_LessThan_11_o_cy<15>
    SLICE_X7Y15.C5       net (fanout=17)       0.882   u/campaign/kernel/core/evaluator_i/Mcompar_obj1[31]_obj0[31]_LessThan_11_o_cy<15>
    SLICE_X7Y15.C        Tilo                  0.259   u/campaign/kernel/core/evaluator_i/util1<7>
                                                       u/campaign/kernel/core/evaluator_i/Mmux_difference_A281
    SLICE_X4Y15.BX       net (fanout=1)        1.446   u/campaign/kernel/core/evaluator_i/Mmux_difference_rs_A<5>
    SLICE_X4Y15.CMUX     Taxc                  0.340   u/campaign/kernel/core/evaluator_i/difference_reg<7>
                                                       u/campaign/kernel/core/evaluator_i/Mmux_difference_rs_cy<7>
    SLICE_X6Y17.C2       net (fanout=1)        0.954   u/campaign/kernel/core/evaluator_i/difference<6>
    SLICE_X6Y17.COUT     Topcyc                0.328   u/campaign/kernel/core/evaluator_i/divisor<7>
                                                       u/campaign/kernel/core/evaluator_i/difference<6>_rt
                                                       u/campaign/kernel/core/evaluator_i/Madd_n0506_cy<7>
    SLICE_X6Y18.CIN      net (fanout=1)        0.003   u/campaign/kernel/core/evaluator_i/Madd_n0506_cy<7>
    SLICE_X6Y18.COUT     Tbyp                  0.093   u/campaign/kernel/core/evaluator_i/divisor<11>
                                                       u/campaign/kernel/core/evaluator_i/Madd_n0506_cy<11>
    SLICE_X6Y19.CIN      net (fanout=1)        0.003   u/campaign/kernel/core/evaluator_i/Madd_n0506_cy<11>
    SLICE_X6Y19.COUT     Tbyp                  0.093   u/campaign/kernel/core/evaluator_i/divisor<15>
                                                       u/campaign/kernel/core/evaluator_i/Madd_n0506_cy<15>
    SLICE_X6Y20.CIN      net (fanout=1)        0.003   u/campaign/kernel/core/evaluator_i/Madd_n0506_cy<15>
    SLICE_X6Y20.CLK      Tcinck                0.303   u/campaign/kernel/core/evaluator_i/divisor<17>
                                                       u/campaign/kernel/core/evaluator_i/Madd_n0506_xor<17>
                                                       u/campaign/kernel/core/evaluator_i/divisor_17
    -------------------------------------------------  ---------------------------
    Total                                      9.120ns (3.079ns logic, 6.041ns route)
                                                       (33.8% logic, 66.2% route)

--------------------------------------------------------------------------------
Slack:                  0.828ns (requirement - (data path - clock path skew + uncertainty))
  Source:               u/campaign/kernel/core/evaluator_i/objective_0 (FF)
  Destination:          u/campaign/kernel/core/evaluator_i/divisor_17 (FF)
  Requirement:          10.000ns
  Data Path Delay:      9.114ns (Levels of Logic = 11)
  Clock Path Skew:      -0.023ns (0.330 - 0.353)
  Source Clock:         clk_100mhz_BUFGP rising at 0.000ns
  Destination Clock:    clk_100mhz_BUFGP rising at 10.000ns
  Clock Uncertainty:    0.035ns

  Clock Uncertainty:          0.035ns  ((TSJ^2 + TIJ^2)^1/2 + DJ) / 2 + PE
    Total System Jitter (TSJ):  0.070ns
    Total Input Jitter (TIJ):   0.000ns
    Discrete Jitter (DJ):       0.000ns
    Phase Error (PE):           0.000ns

  Maximum Data Path at Slow Process Corner: u/campaign/kernel/core/evaluator_i/objective_0 to u/campaign/kernel/core/evaluator_i/divisor_17
    Location             Delay type         Delay(ns)  Physical Resource
                                                       Logical Resource(s)
    -------------------------------------------------  -------------------
    SLICE_X5Y19.AQ       Tcko                  0.430   u/campaign/kernel/core/evaluator_i/objective<0>
                                                       u/campaign/kernel/core/evaluator_i/objective_0
    SLICE_X9Y14.D3       net (fanout=55)       1.531   u/campaign/kernel/core/evaluator_i/objective<0>
    SLICE_X9Y14.D        Tilo                  0.259   u/campaign/kernel/core/evaluator_i/util1<3>
                                                       u/campaign/kernel/core/evaluator_i/obj1<3>1
    SLICE_X6Y12.B3       net (fanout=5)        1.210   u/campaign/kernel/core/evaluator_i/obj1<3>
    SLICE_X6Y12.COUT     Topcyb                0.483   u/campaign/kernel/core/evaluator_i/Mcompar_obj1[31]_obj0[31]_LessThan_11_o_cy<3>
                                                       u/campaign/kernel/core/evaluator_i/Mcompar_obj1[31]_obj0[31]_LessThan_11_o_lut<1>
                                                       u/campaign/kernel/core/evaluator_i/Mcompar_obj1[31]_obj0[31]_LessThan_11_o_cy<3>
    SLICE_X6Y13.CIN      net (fanout=1)        0.003   u/campaign/kernel/core/evaluator_i/Mcompar_obj1[31]_obj0[31]_LessThan_11_o_cy<3>
    SLICE_X6Y13.COUT     Tbyp                  0.093   u/campaign/kernel/core/evaluator_i/Mcompar_obj1[31]_obj0[31]_LessThan_11_o_cy<7>
                                                       u/campaign/kernel/core/evaluator_i/Mcompar_obj1[31]_obj0[31]_LessThan_11_o_cy<7>
    SLICE_X6Y14.CIN      net (fanout=1)        0.003   u/campaign/kernel/core/evaluator_i/Mcompar_obj1[31]_obj0[31]_LessThan_11_o_cy<7>
    SLICE_X6Y14.COUT     Tbyp                  0.093   u/campaign/kernel/core/evaluator_i/Mcompar_obj1[31]_obj0[31]_LessThan_11_o_cy<11>
                                                       u/campaign/kernel/core/evaluator_i/Mcompar_obj1[31]_obj0[31]_LessThan_11_o_cy<11>
    SLICE_X6Y15.CIN      net (fanout=1)        0.003   u/campaign/kernel/core/evaluator_i/Mcompar_obj1[31]_obj0[31]_LessThan_11_o_cy<11>
    SLICE_X6Y15.DMUX     Tcind                 0.305   u/campaign/kernel/core/evaluator_i/util0<4>
                                                       u/campaign/kernel/core/evaluator_i/Mcompar_obj1[31]_obj0[31]_LessThan_11_o_cy<15>
    SLICE_X7Y15.C5       net (fanout=17)       0.882   u/campaign/kernel/core/evaluator_i/Mcompar_obj1[31]_obj0[31]_LessThan_11_o_cy<15>
    SLICE_X7Y15.C        Tilo                  0.259   u/campaign/kernel/core/evaluator_i/util1<7>
                                                       u/campaign/kernel/core/evaluator_i/Mmux_difference_A281
    SLICE_X4Y15.BX       net (fanout=1)        1.446   u/campaign/kernel/core/evaluator_i/Mmux_difference_rs_A<5>
    SLICE_X4Y15.COUT     Tbxcy                 0.197   u/campaign/kernel/core/evaluator_i/difference_reg<7>
                                                       u/campaign/kernel/core/evaluator_i/Mmux_difference_rs_cy<7>
    SLICE_X4Y16.CIN      net (fanout=1)        0.003   u/campaign/kernel/core/evaluator_i/Mmux_difference_rs_cy<7>
    SLICE_X4Y16.BMUX     Tcinb                 0.277   u/campaign/kernel/core/evaluator_i/difference_reg<11>
                                                       u/campaign/kernel/core/evaluator_i/Mmux_difference_rs_cy<11>
    SLICE_X6Y18.B4       net (fanout=1)        0.752   u/campaign/kernel/core/evaluator_i/difference<9>
    SLICE_X6Y18.COUT     Topcyb                0.483   u/campaign/kernel/core/evaluator_i/divisor<11>
                                                       u/campaign/kernel/core/evaluator_i/difference<9>_rt
                                                       u/campaign/kernel/core/evaluator_i/Madd_n0506_cy<11>
    SLICE_X6Y19.CIN      net (fanout=1)        0.003   u/campaign/kernel/core/evaluator_i/Madd_n0506_cy<11>
    SLICE_X6Y19.COUT     Tbyp                  0.093   u/campaign/kernel/core/evaluator_i/divisor<15>
                                                       u/campaign/kernel/core/evaluator_i/Madd_n0506_cy<15>
    SLICE_X6Y20.CIN      net (fanout=1)        0.003   u/campaign/kernel/core/evaluator_i/Madd_n0506_cy<15>
    SLICE_X6Y20.CLK      Tcinck                0.303   u/campaign/kernel/core/evaluator_i/divisor<17>
                                                       u/campaign/kernel/core/evaluator_i/Madd_n0506_xor<17>
                                                       u/campaign/kernel/core/evaluator_i/divisor_17
    -------------------------------------------------  ---------------------------
    Total                                      9.114ns (3.275ns logic, 5.839ns route)
                                                       (35.9% logic, 64.1% route)

--------------------------------------------------------------------------------

Paths for end point u/campaign/kernel/core/evaluator_i/divisor_15 (SLICE_X6Y19.CIN), 22956 paths
--------------------------------------------------------------------------------
Slack:                  0.789ns (requirement - (data path - clock path skew + uncertainty))
  Source:               u/campaign/kernel/core/evaluator_i/objective_0 (FF)
  Destination:          u/campaign/kernel/core/evaluator_i/divisor_15 (FF)
  Requirement:          10.000ns
  Data Path Delay:      9.155ns (Levels of Logic = 10)
  Clock Path Skew:      -0.021ns (0.332 - 0.353)
  Source Clock:         clk_100mhz_BUFGP rising at 0.000ns
  Destination Clock:    clk_100mhz_BUFGP rising at 10.000ns
  Clock Uncertainty:    0.035ns

  Clock Uncertainty:          0.035ns  ((TSJ^2 + TIJ^2)^1/2 + DJ) / 2 + PE
    Total System Jitter (TSJ):  0.070ns
    Total Input Jitter (TIJ):   0.000ns
    Discrete Jitter (DJ):       0.000ns
    Phase Error (PE):           0.000ns

  Maximum Data Path at Slow Process Corner: u/campaign/kernel/core/evaluator_i/objective_0 to u/campaign/kernel/core/evaluator_i/divisor_15
    Location             Delay type         Delay(ns)  Physical Resource
                                                       Logical Resource(s)
    -------------------------------------------------  -------------------
    SLICE_X5Y19.AQ       Tcko                  0.430   u/campaign/kernel/core/evaluator_i/objective<0>
                                                       u/campaign/kernel/core/evaluator_i/objective_0
    SLICE_X9Y14.D3       net (fanout=55)       1.531   u/campaign/kernel/core/evaluator_i/objective<0>
    SLICE_X9Y14.D        Tilo                  0.259   u/campaign/kernel/core/evaluator_i/util1<3>
                                                       u/campaign/kernel/core/evaluator_i/obj1<3>1
    SLICE_X6Y12.B3       net (fanout=5)        1.210   u/campaign/kernel/core/evaluator_i/obj1<3>
    SLICE_X6Y12.COUT     Topcyb                0.483   u/campaign/kernel/core/evaluator_i/Mcompar_obj1[31]_obj0[31]_LessThan_11_o_cy<3>
                                                       u/campaign/kernel/core/evaluator_i/Mcompar_obj1[31]_obj0[31]_LessThan_11_o_lut<1>
                                                       u/campaign/kernel/core/evaluator_i/Mcompar_obj1[31]_obj0[31]_LessThan_11_o_cy<3>
    SLICE_X6Y13.CIN      net (fanout=1)        0.003   u/campaign/kernel/core/evaluator_i/Mcompar_obj1[31]_obj0[31]_LessThan_11_o_cy<3>
    SLICE_X6Y13.COUT     Tbyp                  0.093   u/campaign/kernel/core/evaluator_i/Mcompar_obj1[31]_obj0[31]_LessThan_11_o_cy<7>
                                                       u/campaign/kernel/core/evaluator_i/Mcompar_obj1[31]_obj0[31]_LessThan_11_o_cy<7>
    SLICE_X6Y14.CIN      net (fanout=1)        0.003   u/campaign/kernel/core/evaluator_i/Mcompar_obj1[31]_obj0[31]_LessThan_11_o_cy<7>
    SLICE_X6Y14.COUT     Tbyp                  0.093   u/campaign/kernel/core/evaluator_i/Mcompar_obj1[31]_obj0[31]_LessThan_11_o_cy<11>
                                                       u/campaign/kernel/core/evaluator_i/Mcompar_obj1[31]_obj0[31]_LessThan_11_o_cy<11>
    SLICE_X6Y15.CIN      net (fanout=1)        0.003   u/campaign/kernel/core/evaluator_i/Mcompar_obj1[31]_obj0[31]_LessThan_11_o_cy<11>
    SLICE_X6Y15.DMUX     Tcind                 0.305   u/campaign/kernel/core/evaluator_i/util0<4>
                                                       u/campaign/kernel/core/evaluator_i/Mcompar_obj1[31]_obj0[31]_LessThan_11_o_cy<15>
    SLICE_X7Y15.C5       net (fanout=17)       0.882   u/campaign/kernel/core/evaluator_i/Mcompar_obj1[31]_obj0[31]_LessThan_11_o_cy<15>
    SLICE_X7Y15.C        Tilo                  0.259   u/campaign/kernel/core/evaluator_i/util1<7>
                                                       u/campaign/kernel/core/evaluator_i/Mmux_difference_A281
    SLICE_X4Y15.BX       net (fanout=1)        1.446   u/campaign/kernel/core/evaluator_i/Mmux_difference_rs_A<5>
    SLICE_X4Y15.COUT     Tbxcy                 0.197   u/campaign/kernel/core/evaluator_i/difference_reg<7>
                                                       u/campaign/kernel/core/evaluator_i/Mmux_difference_rs_cy<7>
    SLICE_X4Y16.CIN      net (fanout=1)        0.003   u/campaign/kernel/core/evaluator_i/Mmux_difference_rs_cy<7>
    SLICE_X4Y16.AMUX     Tcina                 0.210   u/campaign/kernel/core/evaluator_i/difference_reg<11>
                                                       u/campaign/kernel/core/evaluator_i/Mmux_difference_rs_cy<11>
    SLICE_X6Y18.A2       net (fanout=1)        0.955   u/campaign/kernel/core/evaluator_i/difference<8>
    SLICE_X6Y18.COUT     Topcya                0.474   u/campaign/kernel/core/evaluator_i/divisor<11>
                                                       u/campaign/kernel/core/evaluator_i/difference<8>_rt
                                                       u/campaign/kernel/core/evaluator_i/Madd_n0506_cy<11>
    SLICE_X6Y19.CIN      net (fanout=1)        0.003   u/campaign/kernel/core/evaluator_i/Madd_n0506_cy<11>
    SLICE_X6Y19.CLK      Tcinck                0.313   u/campaign/kernel/core/evaluator_i/divisor<15>
                                                       u/campaign/kernel/core/evaluator_i/Madd_n0506_cy<15>
                                                       u/campaign/kernel/core/evaluator_i/divisor_15
    -------------------------------------------------  ---------------------------
    Total                                      9.155ns (3.116ns logic, 6.039ns route)
                                                       (34.0% logic, 66.0% route)

--------------------------------------------------------------------------------
Slack:                  0.851ns (requirement - (data path - clock path skew + uncertainty))
  Source:               u/campaign/kernel/core/evaluator_i/objective_1 (FF)
  Destination:          u/campaign/kernel/core/evaluator_i/divisor_15 (FF)
  Requirement:          10.000ns
  Data Path Delay:      9.093ns (Levels of Logic = 10)
  Clock Path Skew:      -0.021ns (0.332 - 0.353)
  Source Clock:         clk_100mhz_BUFGP rising at 0.000ns
  Destination Clock:    clk_100mhz_BUFGP rising at 10.000ns
  Clock Uncertainty:    0.035ns

  Clock Uncertainty:          0.035ns  ((TSJ^2 + TIJ^2)^1/2 + DJ) / 2 + PE
    Total System Jitter (TSJ):  0.070ns
    Total Input Jitter (TIJ):   0.000ns
    Discrete Jitter (DJ):       0.000ns
    Phase Error (PE):           0.000ns

  Maximum Data Path at Slow Process Corner: u/campaign/kernel/core/evaluator_i/objective_1 to u/campaign/kernel/core/evaluator_i/divisor_15
    Location             Delay type         Delay(ns)  Physical Resource
                                                       Logical Resource(s)
    -------------------------------------------------  -------------------
    SLICE_X5Y19.AMUX     Tshcko                0.518   u/campaign/kernel/core/evaluator_i/objective<0>
                                                       u/campaign/kernel/core/evaluator_i/objective_1
    SLICE_X9Y14.D5       net (fanout=59)       1.381   u/campaign/kernel/core/evaluator_i/objective<1>
    SLICE_X9Y14.D        Tilo                  0.259   u/campaign/kernel/core/evaluator_i/util1<3>
                                                       u/campaign/kernel/core/evaluator_i/obj1<3>1
    SLICE_X6Y12.B3       net (fanout=5)        1.210   u/campaign/kernel/core/evaluator_i/obj1<3>
    SLICE_X6Y12.COUT     Topcyb                0.483   u/campaign/kernel/core/evaluator_i/Mcompar_obj1[31]_obj0[31]_LessThan_11_o_cy<3>
                                                       u/campaign/kernel/core/evaluator_i/Mcompar_obj1[31]_obj0[31]_LessThan_11_o_lut<1>
                                                       u/campaign/kernel/core/evaluator_i/Mcompar_obj1[31]_obj0[31]_LessThan_11_o_cy<3>
    SLICE_X6Y13.CIN      net (fanout=1)        0.003   u/campaign/kernel/core/evaluator_i/Mcompar_obj1[31]_obj0[31]_LessThan_11_o_cy<3>
    SLICE_X6Y13.COUT     Tbyp                  0.093   u/campaign/kernel/core/evaluator_i/Mcompar_obj1[31]_obj0[31]_LessThan_11_o_cy<7>
                                                       u/campaign/kernel/core/evaluator_i/Mcompar_obj1[31]_obj0[31]_LessThan_11_o_cy<7>
    SLICE_X6Y14.CIN      net (fanout=1)        0.003   u/campaign/kernel/core/evaluator_i/Mcompar_obj1[31]_obj0[31]_LessThan_11_o_cy<7>
    SLICE_X6Y14.COUT     Tbyp                  0.093   u/campaign/kernel/core/evaluator_i/Mcompar_obj1[31]_obj0[31]_LessThan_11_o_cy<11>
                                                       u/campaign/kernel/core/evaluator_i/Mcompar_obj1[31]_obj0[31]_LessThan_11_o_cy<11>
    SLICE_X6Y15.CIN      net (fanout=1)        0.003   u/campaign/kernel/core/evaluator_i/Mcompar_obj1[31]_obj0[31]_LessThan_11_o_cy<11>
    SLICE_X6Y15.DMUX     Tcind                 0.305   u/campaign/kernel/core/evaluator_i/util0<4>
                                                       u/campaign/kernel/core/evaluator_i/Mcompar_obj1[31]_obj0[31]_LessThan_11_o_cy<15>
    SLICE_X7Y15.C5       net (fanout=17)       0.882   u/campaign/kernel/core/evaluator_i/Mcompar_obj1[31]_obj0[31]_LessThan_11_o_cy<15>
    SLICE_X7Y15.C        Tilo                  0.259   u/campaign/kernel/core/evaluator_i/util1<7>
                                                       u/campaign/kernel/core/evaluator_i/Mmux_difference_A281
    SLICE_X4Y15.BX       net (fanout=1)        1.446   u/campaign/kernel/core/evaluator_i/Mmux_difference_rs_A<5>
    SLICE_X4Y15.COUT     Tbxcy                 0.197   u/campaign/kernel/core/evaluator_i/difference_reg<7>
                                                       u/campaign/kernel/core/evaluator_i/Mmux_difference_rs_cy<7>
    SLICE_X4Y16.CIN      net (fanout=1)        0.003   u/campaign/kernel/core/evaluator_i/Mmux_difference_rs_cy<7>
    SLICE_X4Y16.AMUX     Tcina                 0.210   u/campaign/kernel/core/evaluator_i/difference_reg<11>
                                                       u/campaign/kernel/core/evaluator_i/Mmux_difference_rs_cy<11>
    SLICE_X6Y18.A2       net (fanout=1)        0.955   u/campaign/kernel/core/evaluator_i/difference<8>
    SLICE_X6Y18.COUT     Topcya                0.474   u/campaign/kernel/core/evaluator_i/divisor<11>
                                                       u/campaign/kernel/core/evaluator_i/difference<8>_rt
                                                       u/campaign/kernel/core/evaluator_i/Madd_n0506_cy<11>
    SLICE_X6Y19.CIN      net (fanout=1)        0.003   u/campaign/kernel/core/evaluator_i/Madd_n0506_cy<11>
    SLICE_X6Y19.CLK      Tcinck                0.313   u/campaign/kernel/core/evaluator_i/divisor<15>
                                                       u/campaign/kernel/core/evaluator_i/Madd_n0506_cy<15>
                                                       u/campaign/kernel/core/evaluator_i/divisor_15
    -------------------------------------------------  ---------------------------
    Total                                      9.093ns (3.204ns logic, 5.889ns route)
                                                       (35.2% logic, 64.8% route)

--------------------------------------------------------------------------------
Slack:                  0.857ns (requirement - (data path - clock path skew + uncertainty))
  Source:               u/campaign/kernel/core/evaluator_i/objective_0 (FF)
  Destination:          u/campaign/kernel/core/evaluator_i/divisor_15 (FF)
  Requirement:          10.000ns
  Data Path Delay:      9.087ns (Levels of Logic = 10)
  Clock Path Skew:      -0.021ns (0.332 - 0.353)
  Source Clock:         clk_100mhz_BUFGP rising at 0.000ns
  Destination Clock:    clk_100mhz_BUFGP rising at 10.000ns
  Clock Uncertainty:    0.035ns

  Clock Uncertainty:          0.035ns  ((TSJ^2 + TIJ^2)^1/2 + DJ) / 2 + PE
    Total System Jitter (TSJ):  0.070ns
    Total Input Jitter (TIJ):   0.000ns
    Discrete Jitter (DJ):       0.000ns
    Phase Error (PE):           0.000ns

  Maximum Data Path at Slow Process Corner: u/campaign/kernel/core/evaluator_i/objective_0 to u/campaign/kernel/core/evaluator_i/divisor_15
    Location             Delay type         Delay(ns)  Physical Resource
                                                       Logical Resource(s)
    -------------------------------------------------  -------------------
    SLICE_X5Y19.AQ       Tcko                  0.430   u/campaign/kernel/core/evaluator_i/objective<0>
                                                       u/campaign/kernel/core/evaluator_i/objective_0
    SLICE_X9Y14.D3       net (fanout=55)       1.531   u/campaign/kernel/core/evaluator_i/objective<0>
    SLICE_X9Y14.D        Tilo                  0.259   u/campaign/kernel/core/evaluator_i/util1<3>
                                                       u/campaign/kernel/core/evaluator_i/obj1<3>1
    SLICE_X6Y12.B3       net (fanout=5)        1.210   u/campaign/kernel/core/evaluator_i/obj1<3>
    SLICE_X6Y12.COUT     Topcyb                0.483   u/campaign/kernel/core/evaluator_i/Mcompar_obj1[31]_obj0[31]_LessThan_11_o_cy<3>
                                                       u/campaign/kernel/core/evaluator_i/Mcompar_obj1[31]_obj0[31]_LessThan_11_o_lut<1>
                                                       u/campaign/kernel/core/evaluator_i/Mcompar_obj1[31]_obj0[31]_LessThan_11_o_cy<3>
    SLICE_X6Y13.CIN      net (fanout=1)        0.003   u/campaign/kernel/core/evaluator_i/Mcompar_obj1[31]_obj0[31]_LessThan_11_o_cy<3>
    SLICE_X6Y13.COUT     Tbyp                  0.093   u/campaign/kernel/core/evaluator_i/Mcompar_obj1[31]_obj0[31]_LessThan_11_o_cy<7>
                                                       u/campaign/kernel/core/evaluator_i/Mcompar_obj1[31]_obj0[31]_LessThan_11_o_cy<7>
    SLICE_X6Y14.CIN      net (fanout=1)        0.003   u/campaign/kernel/core/evaluator_i/Mcompar_obj1[31]_obj0[31]_LessThan_11_o_cy<7>
    SLICE_X6Y14.COUT     Tbyp                  0.093   u/campaign/kernel/core/evaluator_i/Mcompar_obj1[31]_obj0[31]_LessThan_11_o_cy<11>
                                                       u/campaign/kernel/core/evaluator_i/Mcompar_obj1[31]_obj0[31]_LessThan_11_o_cy<11>
    SLICE_X6Y15.CIN      net (fanout=1)        0.003   u/campaign/kernel/core/evaluator_i/Mcompar_obj1[31]_obj0[31]_LessThan_11_o_cy<11>
    SLICE_X6Y15.DMUX     Tcind                 0.305   u/campaign/kernel/core/evaluator_i/util0<4>
                                                       u/campaign/kernel/core/evaluator_i/Mcompar_obj1[31]_obj0[31]_LessThan_11_o_cy<15>
    SLICE_X7Y15.C5       net (fanout=17)       0.882   u/campaign/kernel/core/evaluator_i/Mcompar_obj1[31]_obj0[31]_LessThan_11_o_cy<15>
    SLICE_X7Y15.C        Tilo                  0.259   u/campaign/kernel/core/evaluator_i/util1<7>
                                                       u/campaign/kernel/core/evaluator_i/Mmux_difference_A281
    SLICE_X4Y15.BX       net (fanout=1)        1.446   u/campaign/kernel/core/evaluator_i/Mmux_difference_rs_A<5>
    SLICE_X4Y15.COUT     Tbxcy                 0.197   u/campaign/kernel/core/evaluator_i/difference_reg<7>
                                                       u/campaign/kernel/core/evaluator_i/Mmux_difference_rs_cy<7>
    SLICE_X4Y16.CIN      net (fanout=1)        0.003   u/campaign/kernel/core/evaluator_i/Mmux_difference_rs_cy<7>
    SLICE_X4Y16.CMUX     Tcinc                 0.289   u/campaign/kernel/core/evaluator_i/difference_reg<11>
                                                       u/campaign/kernel/core/evaluator_i/Mmux_difference_rs_cy<11>
    SLICE_X6Y18.C2       net (fanout=1)        0.954   u/campaign/kernel/core/evaluator_i/difference<10>
    SLICE_X6Y18.COUT     Topcyc                0.328   u/campaign/kernel/core/evaluator_i/divisor<11>
                                                       u/campaign/kernel/core/evaluator_i/difference<10>_rt
                                                       u/campaign/kernel/core/evaluator_i/Madd_n0506_cy<11>
    SLICE_X6Y19.CIN      net (fanout=1)        0.003   u/campaign/kernel/core/evaluator_i/Madd_n0506_cy<11>
    SLICE_X6Y19.CLK      Tcinck                0.313   u/campaign/kernel/core/evaluator_i/divisor<15>
                                                       u/campaign/kernel/core/evaluator_i/Madd_n0506_cy<15>
                                                       u/campaign/kernel/core/evaluator_i/divisor_15
    -------------------------------------------------  ---------------------------
    Total                                      9.087ns (3.049ns logic, 6.038ns route)
                                                       (33.6% logic, 66.4% route)

--------------------------------------------------------------------------------
Slack:                  0.882ns (requirement - (data path - clock path skew + uncertainty))
  Source:               u/campaign/kernel/core/evaluator_i/objective_0 (FF)
  Destination:          u/campaign/kernel/core/evaluator_i/divisor_15 (FF)
  Requirement:          10.000ns
  Data Path Delay:      9.062ns (Levels of Logic = 10)
  Clock Path Skew:      -0.021ns (0.332 - 0.353)
  Source Clock:         clk_100mhz_BUFGP rising at 0.000ns
  Destination Clock:    clk_100mhz_BUFGP rising at 10.000ns
  Clock Uncertainty:    0.035ns

  Clock Uncertainty:          0.035ns  ((TSJ^2 + TIJ^2)^1/2 + DJ) / 2 + PE
    Total System Jitter (TSJ):  0.070ns
    Total Input Jitter (TIJ):   0.000ns
    Discrete Jitter (DJ):       0.000ns
    Phase Error (PE):           0.000ns

  Maximum Data Path at Slow Process Corner: u/campaign/kernel/core/evaluator_i/objective_0 to u/campaign/kernel/core/evaluator_i/divisor_15
    Location             Delay type         Delay(ns)  Physical Resource
                                                       Logical Resource(s)
    -------------------------------------------------  -------------------
    SLICE_X5Y19.AQ       Tcko                  0.430   u/campaign/kernel/core/evaluator_i/objective<0>
                                                       u/campaign/kernel/core/evaluator_i/objective_0
    SLICE_X9Y14.D3       net (fanout=55)       1.531   u/campaign/kernel/core/evaluator_i/objective<0>
    SLICE_X9Y14.D        Tilo                  0.259   u/campaign/kernel/core/evaluator_i/util1<3>
                                                       u/campaign/kernel/core/evaluator_i/obj1<3>1
    SLICE_X6Y12.B3       net (fanout=5)        1.210   u/campaign/kernel/core/evaluator_i/obj1<3>
    SLICE_X6Y12.COUT     Topcyb                0.390   u/campaign/kernel/core/evaluator_i/Mcompar_obj1[31]_obj0[31]_LessThan_11_o_cy<3>
                                                       u/campaign/kernel/core/evaluator_i/Mcompar_obj1[31]_obj0[31]_LessThan_11_o_lutdi1
                                                       u/campaign/kernel/core/evaluator_i/Mcompar_obj1[31]_obj0[31]_LessThan_11_o_cy<3>
    SLICE_X6Y13.CIN      net (fanout=1)        0.003   u/campaign/kernel/core/evaluator_i/Mcompar_obj1[31]_obj0[31]_LessThan_11_o_cy<3>
    SLICE_X6Y13.COUT     Tbyp                  0.093   u/campaign/kernel/core/evaluator_i/Mcompar_obj1[31]_obj0[31]_LessThan_11_o_cy<7>
                                                       u/campaign/kernel/core/evaluator_i/Mcompar_obj1[31]_obj0[31]_LessThan_11_o_cy<7>
    SLICE_X6Y14.CIN      net (fanout=1)        0.003   u/campaign/kernel/core/evaluator_i/Mcompar_obj1[31]_obj0[31]_LessThan_11_o_cy<7>
    SLICE_X6Y14.COUT     Tbyp                  0.093   u/campaign/kernel/core/evaluator_i/Mcompar_obj1[31]_obj0[31]_LessThan_11_o_cy<11>
                                                       u/campaign/kernel/core/evaluator_i/Mcompar_obj1[31]_obj0[31]_LessThan_11_o_cy<11>
    SLICE_X6Y15.CIN      net (fanout=1)        0.003   u/campaign/kernel/core/evaluator_i/Mcompar_obj1[31]_obj0[31]_LessThan_11_o_cy<11>
    SLICE_X6Y15.DMUX     Tcind                 0.305   u/campaign/kernel/core/evaluator_i/util0<4>
                                                       u/campaign/kernel/core/evaluator_i/Mcompar_obj1[31]_obj0[31]_LessThan_11_o_cy<15>
    SLICE_X7Y15.C5       net (fanout=17)       0.882   u/campaign/kernel/core/evaluator_i/Mcompar_obj1[31]_obj0[31]_LessThan_11_o_cy<15>
    SLICE_X7Y15.C        Tilo                  0.259   u/campaign/kernel/core/evaluator_i/util1<7>
                                                       u/campaign/kernel/core/evaluator_i/Mmux_difference_A281
    SLICE_X4Y15.BX       net (fanout=1)        1.446   u/campaign/kernel/core/evaluator_i/Mmux_difference_rs_A<5>
    SLICE_X4Y15.COUT     Tbxcy                 0.197   u/campaign/kernel/core/evaluator_i/difference_reg<7>
                                                       u/campaign/kernel/core/evaluator_i/Mmux_difference_rs_cy<7>
    SLICE_X4Y16.CIN      net (fanout=1)        0.003   u/campaign/kernel/core/evaluator_i/Mmux_difference_rs_cy<7>
    SLICE_X4Y16.AMUX     Tcina                 0.210   u/campaign/kernel/core/evaluator_i/difference_reg<11>
                                                       u/campaign/kernel/core/evaluator_i/Mmux_difference_rs_cy<11>
    SLICE_X6Y18.A2       net (fanout=1)        0.955   u/campaign/kernel/core/evaluator_i/difference<8>
    SLICE_X6Y18.COUT     Topcya                0.474   u/campaign/kernel/core/evaluator_i/divisor<11>
                                                       u/campaign/kernel/core/evaluator_i/difference<8>_rt
                                                       u/campaign/kernel/core/evaluator_i/Madd_n0506_cy<11>
    SLICE_X6Y19.CIN      net (fanout=1)        0.003   u/campaign/kernel/core/evaluator_i/Madd_n0506_cy<11>
    SLICE_X6Y19.CLK      Tcinck                0.313   u/campaign/kernel/core/evaluator_i/divisor<15>
                                                       u/campaign/kernel/core/evaluator_i/Madd_n0506_cy<15>
                                                       u/campaign/kernel/core/evaluator_i/divisor_15
    -------------------------------------------------  ---------------------------
    Total                                      9.062ns (3.023ns logic, 6.039ns route)
                                                       (33.4% logic, 66.6% route)

--------------------------------------------------------------------------------
Slack:                  0.910ns (requirement - (data path - clock path skew + uncertainty))
  Source:               u/campaign/kernel/core/evaluator_i/objective_0 (FF)
  Destination:          u/campaign/kernel/core/evaluator_i/divisor_15 (FF)
  Requirement:          10.000ns
  Data Path Delay:      9.034ns (Levels of Logic = 10)
  Clock Path Skew:      -0.021ns (0.332 - 0.353)
  Source Clock:         clk_100mhz_BUFGP rising at 0.000ns
  Destination Clock:    clk_100mhz_BUFGP rising at 10.000ns
  Clock Uncertainty:    0.035ns

  Clock Uncertainty:          0.035ns  ((TSJ^2 + TIJ^2)^1/2 + DJ) / 2 + PE
    Total System Jitter (TSJ):  0.070ns
    Total Input Jitter (TIJ):   0.000ns
    Discrete Jitter (DJ):       0.000ns
    Phase Error (PE):           0.000ns

  Maximum Data Path at Slow Process Corner: u/campaign/kernel/core/evaluator_i/objective_0 to u/campaign/kernel/core/evaluator_i/divisor_15
    Location             Delay type         Delay(ns)  Physical Resource
                                                       Logical Resource(s)
    -------------------------------------------------  -------------------
    SLICE_X5Y19.AQ       Tcko                  0.430   u/campaign/kernel/core/evaluator_i/objective<0>
                                                       u/campaign/kernel/core/evaluator_i/objective_0
    SLICE_X9Y14.D3       net (fanout=55)       1.531   u/campaign/kernel/core/evaluator_i/objective<0>
    SLICE_X9Y14.D        Tilo                  0.259   u/campaign/kernel/core/evaluator_i/util1<3>
                                                       u/campaign/kernel/core/evaluator_i/obj1<3>1
    SLICE_X6Y12.B3       net (fanout=5)        1.210   u/campaign/kernel/core/evaluator_i/obj1<3>
    SLICE_X6Y12.COUT     Topcyb                0.483   u/campaign/kernel/core/evaluator_i/Mcompar_obj1[31]_obj0[31]_LessThan_11_o_cy<3>
                                                       u/campaign/kernel/core/evaluator_i/Mcompar_obj1[31]_obj0[31]_LessThan_11_o_lut<1>
                                                       u/campaign/kernel/core/evaluator_i/Mcompar_obj1[31]_obj0[31]_LessThan_11_o_cy<3>
    SLICE_X6Y13.CIN      net (fanout=1)        0.003   u/campaign/kernel/core/evaluator_i/Mcompar_obj1[31]_obj0[31]_LessThan_11_o_cy<3>
    SLICE_X6Y13.COUT     Tbyp                  0.093   u/campaign/kernel/core/evaluator_i/Mcompar_obj1[31]_obj0[31]_LessThan_11_o_cy<7>
                                                       u/campaign/kernel/core/evaluator_i/Mcompar_obj1[31]_obj0[31]_LessThan_11_o_cy<7>
    SLICE_X6Y14.CIN      net (fanout=1)        0.003   u/campaign/kernel/core/evaluator_i/Mcompar_obj1[31]_obj0[31]_LessThan_11_o_cy<7>
    SLICE_X6Y14.COUT     Tbyp                  0.093   u/campaign/kernel/core/evaluator_i/Mcompar_obj1[31]_obj0[31]_LessThan_11_o_cy<11>
                                                       u/campaign/kernel/core/evaluator_i/Mcompar_obj1[31]_obj0[31]_LessThan_11_o_cy<11>
    SLICE_X6Y15.CIN      net (fanout=1)        0.003   u/campaign/kernel/core/evaluator_i/Mcompar_obj1[31]_obj0[31]_LessThan_11_o_cy<11>
    SLICE_X6Y15.DMUX     Tcind                 0.305   u/campaign/kernel/core/evaluator_i/util0<4>
                                                       u/campaign/kernel/core/evaluator_i/Mcompar_obj1[31]_obj0[31]_LessThan_11_o_cy<15>
    SLICE_X7Y15.C5       net (fanout=17)       0.882   u/campaign/kernel/core/evaluator_i/Mcompar_obj1[31]_obj0[31]_LessThan_11_o_cy<15>
    SLICE_X7Y15.C        Tilo                  0.259   u/campaign/kernel/core/evaluator_i/util1<7>
                                                       u/campaign/kernel/core/evaluator_i/Mmux_difference_A281
    SLICE_X4Y15.BX       net (fanout=1)        1.446   u/campaign/kernel/core/evaluator_i/Mmux_difference_rs_A<5>
    SLICE_X4Y15.CMUX     Taxc                  0.340   u/campaign/kernel/core/evaluator_i/difference_reg<7>
                                                       u/campaign/kernel/core/evaluator_i/Mmux_difference_rs_cy<7>
    SLICE_X6Y17.C2       net (fanout=1)        0.954   u/campaign/kernel/core/evaluator_i/difference<6>
    SLICE_X6Y17.COUT     Topcyc                0.328   u/campaign/kernel/core/evaluator_i/divisor<7>
                                                       u/campaign/kernel/core/evaluator_i/difference<6>_rt
                                                       u/campaign/kernel/core/evaluator_i/Madd_n0506_cy<7>
    SLICE_X6Y18.CIN      net (fanout=1)        0.003   u/campaign/kernel/core/evaluator_i/Madd_n0506_cy<7>
    SLICE_X6Y18.COUT     Tbyp                  0.093   u/campaign/kernel/core/evaluator_i/divisor<11>
                                                       u/campaign/kernel/core/evaluator_i/Madd_n0506_cy<11>
    SLICE_X6Y19.CIN      net (fanout=1)        0.003   u/campaign/kernel/core/evaluator_i/Madd_n0506_cy<11>
    SLICE_X6Y19.CLK      Tcinck                0.313   u/campaign/kernel/core/evaluator_i/divisor<15>
                                                       u/campaign/kernel/core/evaluator_i/Madd_n0506_cy<15>
                                                       u/campaign/kernel/core/evaluator_i/divisor_15
    -------------------------------------------------  ---------------------------
    Total                                      9.034ns (2.996ns logic, 6.038ns route)
                                                       (33.2% logic, 66.8% route)

--------------------------------------------------------------------------------
Slack:                  0.916ns (requirement - (data path - clock path skew + uncertainty))
  Source:               u/campaign/kernel/core/evaluator_i/objective_0 (FF)
  Destination:          u/campaign/kernel/core/evaluator_i/divisor_15 (FF)
  Requirement:          10.000ns
  Data Path Delay:      9.028ns (Levels of Logic = 10)
  Clock Path Skew:      -0.021ns (0.332 - 0.353)
  Source Clock:         clk_100mhz_BUFGP rising at 0.000ns
  Destination Clock:    clk_100mhz_BUFGP rising at 10.000ns
  Clock Uncertainty:    0.035ns

  Clock Uncertainty:          0.035ns  ((TSJ^2 + TIJ^2)^1/2 + DJ) / 2 + PE
    Total System Jitter (TSJ):  0.070ns
    Total Input Jitter (TIJ):   0.000ns
    Discrete Jitter (DJ):       0.000ns
    Phase Error (PE):           0.000ns

  Maximum Data Path at Slow Process Corner: u/campaign/kernel/core/evaluator_i/objective_0 to u/campaign/kernel/core/evaluator_i/divisor_15
    Location             Delay type         Delay(ns)  Physical Resource
                                                       Logical Resource(s)
    -------------------------------------------------  -------------------
    SLICE_X5Y19.AQ       Tcko                  0.430   u/campaign/kernel/core/evaluator_i/objective<0>
                                                       u/campaign/kernel/core/evaluator_i/objective_0
    SLICE_X9Y14.D3       net (fanout=55)       1.531   u/campaign/kernel/core/evaluator_i/objective<0>
    SLICE_X9Y14.D        Tilo                  0.259   u/campaign/kernel/core/evaluator_i/util1<3>
                                                       u/campaign/kernel/core/evaluator_i/obj1<3>1
    SLICE_X6Y12.B3       net (fanout=5)        1.210   u/campaign/kernel/core/evaluator_i/obj1<3>
    SLICE_X6Y12.COUT     Topcyb                0.483   u/campaign/kernel/core/evaluator_i/Mcompar_obj1[31]_obj0[31]_LessThan_11_o_cy<3>
                                                       u/campaign/kernel/core/evaluator_i/Mcompar_obj1[31]_obj0[31]_LessThan_11_o_lut<1>
                                                       u/campaign/kernel/core/evaluator_i/Mcompar_obj1[31]_obj0[31]_LessThan_11_o_cy<3>
    SLICE_X6Y13.CIN      net (fanout=1)        0.003   u/campaign/kernel/core/evaluator_i/Mcompar_obj1[31]_obj0[31]_LessThan_11_o_cy<3>
    SLICE_X6Y13.COUT     Tbyp                  0.093   u/campaign/kernel/core/evaluator_i/Mcompar_obj1[31]_obj0[31]_LessThan_11_o_cy<7>
                                                       u/campaign/kernel/core/evaluator_i/Mcompar_obj1[31]_obj0[31]_LessThan_11_o_cy<7>
    SLICE_X6Y14.CIN      net (fanout=1)        0.003   u/campaign/kernel/core/evaluator_i/Mcompar_obj1[31]_obj0[31]_LessThan_11_o_cy<7>
    SLICE_X6Y14.COUT     Tbyp                  0.093   u/campaign/kernel/core/evaluator_i/Mcompar_obj1[31]_obj0[31]_LessThan_11_o_cy<11>
                                                       u/campaign/kernel/core/evaluator_i/Mcompar_obj1[31]_obj0[31]_LessThan_11_o_cy<11>
    SLICE_X6Y15.CIN      net (fanout=1)        0.003   u/campaign/kernel/core/evaluator_i/Mcompar_obj1[31]_obj0[31]_LessThan_11_o_cy<11>
    SLICE_X6Y15.DMUX     Tcind                 0.305   u/campaign/kernel/core/evaluator_i/util0<4>
                                                       u/campaign/kernel/core/evaluator_i/Mcompar_obj1[31]_obj0[31]_LessThan_11_o_cy<15>
    SLICE_X7Y15.C5       net (fanout=17)       0.882   u/campaign/kernel/core/evaluator_i/Mcompar_obj1[31]_obj0[31]_LessThan_11_o_cy<15>
    SLICE_X7Y15.C        Tilo                  0.259   u/campaign/kernel/core/evaluator_i/util1<7>
                                                       u/campaign/kernel/core/evaluator_i/Mmux_difference_A281
    SLICE_X4Y15.BX       net (fanout=1)        1.446   u/campaign/kernel/core/evaluator_i/Mmux_difference_rs_A<5>
    SLICE_X4Y15.COUT     Tbxcy                 0.197   u/campaign/kernel/core/evaluator_i/difference_reg<7>
                                                       u/campaign/kernel/core/evaluator_i/Mmux_difference_rs_cy<7>
    SLICE_X4Y16.CIN      net (fanout=1)        0.003   u/campaign/kernel/core/evaluator_i/Mmux_difference_rs_cy<7>
    SLICE_X4Y16.BMUX     Tcinb                 0.277   u/campaign/kernel/core/evaluator_i/difference_reg<11>
                                                       u/campaign/kernel/core/evaluator_i/Mmux_difference_rs_cy<11>
    SLICE_X6Y18.B4       net (fanout=1)        0.752   u/campaign/kernel/core/evaluator_i/difference<9>
    SLICE_X6Y18.COUT     Topcyb                0.483   u/campaign/kernel/core/evaluator_i/divisor<11>
                                                       u/campaign/kernel/core/evaluator_i/difference<9>_rt
                                                       u/campaign/kernel/core/evaluator_i/Madd_n0506_cy<11>
    SLICE_X6Y19.CIN      net (fanout=1)        0.003   u/campaign/kernel/core/evaluator_i/Madd_n0506_cy<11>
    SLICE_X6Y19.CLK      Tcinck                0.313   u/campaign/kernel/core/evaluator_i/divisor<15>
                                                       u/campaign/kernel/core/evaluator_i/Madd_n0506_cy<15>
                                                       u/campaign/kernel/core/evaluator_i/divisor_15
    -------------------------------------------------  ---------------------------
    Total                                      9.028ns (3.192ns logic, 5.836ns route)
                                                       (35.4% logic, 64.6% route)

--------------------------------------------------------------------------------
Slack:                  0.919ns (requirement - (data path - clock path skew + uncertainty))
  Source:               u/campaign/kernel/core/evaluator_i/objective_1 (FF)
  Destination:          u/campaign/kernel/core/evaluator_i/divisor_15 (FF)
  Requirement:          10.000ns
  Data Path Delay:      9.025ns (Levels of Logic = 10)
  Clock Path Skew:      -0.021ns (0.332 - 0.353)
  Source Clock:         clk_100mhz_BUFGP rising at 0.000ns
  Destination Clock:    clk_100mhz_BUFGP rising at 10.000ns
  Clock Uncertainty:    0.035ns

  Clock Uncertainty:          0.035ns  ((TSJ^2 + TIJ^2)^1/2 + DJ) / 2 + PE
    Total System Jitter (TSJ):  0.070ns
    Total Input Jitter (TIJ):   0.000ns
    Discrete Jitter (DJ):       0.000ns
    Phase Error (PE):           0.000ns

  Maximum Data Path at Slow Process Corner: u/campaign/kernel/core/evaluator_i/objective_1 to u/campaign/kernel/core/evaluator_i/divisor_15
    Location             Delay type         Delay(ns)  Physical Resource
                                                       Logical Resource(s)
    -------------------------------------------------  -------------------
    SLICE_X5Y19.AMUX     Tshcko                0.518   u/campaign/kernel/core/evaluator_i/objective<0>
                                                       u/campaign/kernel/core/evaluator_i/objective_1
    SLICE_X9Y14.D5       net (fanout=59)       1.381   u/campaign/kernel/core/evaluator_i/objective<1>
    SLICE_X9Y14.D        Tilo                  0.259   u/campaign/kernel/core/evaluator_i/util1<3>
                                                       u/campaign/kernel/core/evaluator_i/obj1<3>1
    SLICE_X6Y12.B3       net (fanout=5)        1.210   u/campaign/kernel/core/evaluator_i/obj1<3>
    SLICE_X6Y12.COUT     Topcyb                0.483   u/campaign/kernel/core/evaluator_i/Mcompar_obj1[31]_obj0[31]_LessThan_11_o_cy<3>
                                                       u/campaign/kernel/core/evaluator_i/Mcompar_obj1[31]_obj0[31]_LessThan_11_o_lut<1>
                                                       u/campaign/kernel/core/evaluator_i/Mcompar_obj1[31]_obj0[31]_LessThan_11_o_cy<3>
    SLICE_X6Y13.CIN      net (fanout=1)        0.003   u/campaign/kernel/core/evaluator_i/Mcompar_obj1[31]_obj0[31]_LessThan_11_o_cy<3>
    SLICE_X6Y13.COUT     Tbyp                  0.093   u/campaign/kernel/core/evaluator_i/Mcompar_obj1[31]_obj0[31]_LessThan_11_o_cy<7>
                                                       u/campaign/kernel/core/evaluator_i/Mcompar_obj1[31]_obj0[31]_LessThan_11_o_cy<7>
    SLICE_X6Y14.CIN      net (fanout=1)        0.003   u/campaign/kernel/core/evaluator_i/Mcompar_obj1[31]_obj0[31]_LessThan_11_o_cy<7>
    SLICE_X6Y14.COUT     Tbyp                  0.093   u/campaign/kernel/core/evaluator_i/Mcompar_obj1[31]_obj0[31]_LessThan_11_o_cy<11>
                                                       u/campaign/kernel/core/evaluator_i/Mcompar_obj1[31]_obj0[31]_LessThan_11_o_cy<11>
    SLICE_X6Y15.CIN      net (fanout=1)        0.003   u/campaign/kernel/core/evaluator_i/Mcompar_obj1[31]_obj0[31]_LessThan_11_o_cy<11>
    SLICE_X6Y15.DMUX     Tcind                 0.305   u/campaign/kernel/core/evaluator_i/util0<4>
                                                       u/campaign/kernel/core/evaluator_i/Mcompar_obj1[31]_obj0[31]_LessThan_11_o_cy<15>
    SLICE_X7Y15.C5       net (fanout=17)       0.882   u/campaign/kernel/core/evaluator_i/Mcompar_obj1[31]_obj0[31]_LessThan_11_o_cy<15>
    SLICE_X7Y15.C        Tilo                  0.259   u/campaign/kernel/core/evaluator_i/util1<7>
                                                       u/campaign/kernel/core/evaluator_i/Mmux_difference_A281
    SLICE_X4Y15.BX       net (fanout=1)        1.446   u/campaign/kernel/core/evaluator_i/Mmux_difference_rs_A<5>
    SLICE_X4Y15.COUT     Tbxcy                 0.197   u/campaign/kernel/core/evaluator_i/difference_reg<7>
                                                       u/campaign/kernel/core/evaluator_i/Mmux_difference_rs_cy<7>
    SLICE_X4Y16.CIN      net (fanout=1)        0.003   u/campaign/kernel/core/evaluator_i/Mmux_difference_rs_cy<7>
    SLICE_X4Y16.CMUX     Tcinc                 0.289   u/campaign/kernel/core/evaluator_i/difference_reg<11>
                                                       u/campaign/kernel/core/evaluator_i/Mmux_difference_rs_cy<11>
    SLICE_X6Y18.C2       net (fanout=1)        0.954   u/campaign/kernel/core/evaluator_i/difference<10>
    SLICE_X6Y18.COUT     Topcyc                0.328   u/campaign/kernel/core/evaluator_i/divisor<11>
                                                       u/campaign/kernel/core/evaluator_i/difference<10>_rt
                                                       u/campaign/kernel/core/evaluator_i/Madd_n0506_cy<11>
    SLICE_X6Y19.CIN      net (fanout=1)        0.003   u/campaign/kernel/core/evaluator_i/Madd_n0506_cy<11>
    SLICE_X6Y19.CLK      Tcinck                0.313   u/campaign/kernel/core/evaluator_i/divisor<15>
                                                       u/campaign/kernel/core/evaluator_i/Madd_n0506_cy<15>
                                                       u/campaign/kernel/core/evaluator_i/divisor_15
    -------------------------------------------------  ---------------------------
    Total                                      9.025ns (3.137ns logic, 5.888ns route)
                                                       (34.8% logic, 65.2% route)

--------------------------------------------------------------------------------
Slack:                  0.944ns (requirement - (data path - clock path skew + uncertainty))
  Source:               u/campaign/kernel/core/evaluator_i/objective_1 (FF)
  Destination:          u/campaign/kernel/core/evaluator_i/divisor_15 (FF)
  Requirement:          10.000ns
  Data Path Delay:      9.000ns (Levels of Logic = 10)
  Clock Path Skew:      -0.021ns (0.332 - 0.353)
  Source Clock:         clk_100mhz_BUFGP rising at 0.000ns
  Destination Clock:    clk_100mhz_BUFGP rising at 10.000ns
  Clock Uncertainty:    0.035ns

  Clock Uncertainty:          0.035ns  ((TSJ^2 + TIJ^2)^1/2 + DJ) / 2 + PE
    Total System Jitter (TSJ):  0.070ns
    Total Input Jitter (TIJ):   0.000ns
    Discrete Jitter (DJ):       0.000ns
    Phase Error (PE):           0.000ns

  Maximum Data Path at Slow Process Corner: u/campaign/kernel/core/evaluator_i/objective_1 to u/campaign/kernel/core/evaluator_i/divisor_15
    Location             Delay type         Delay(ns)  Physical Resource
                                                       Logical Resource(s)
    -------------------------------------------------  -------------------
    SLICE_X5Y19.AMUX     Tshcko                0.518   u/campaign/kernel/core/evaluator_i/objective<0>
                                                       u/campaign/kernel/core/evaluator_i/objective_1
    SLICE_X9Y14.D5       net (fanout=59)       1.381   u/campaign/kernel/core/evaluator_i/objective<1>
    SLICE_X9Y14.D        Tilo                  0.259   u/campaign/kernel/core/evaluator_i/util1<3>
                                                       u/campaign/kernel/core/evaluator_i/obj1<3>1
    SLICE_X6Y12.B3       net (fanout=5)        1.210   u/campaign/kernel/core/evaluator_i/obj1<3>
    SLICE_X6Y12.COUT     Topcyb                0.390   u/campaign/kernel/core/evaluator_i/Mcompar_obj1[31]_obj0[31]_LessThan_11_o_cy<3>
                                                       u/campaign/kernel/core/evaluator_i/Mcompar_obj1[31]_obj0[31]_LessThan_11_o_lutdi1
                                                       u/campaign/kernel/core/evaluator_i/Mcompar_obj1[31]_obj0[31]_LessThan_11_o_cy<3>
    SLICE_X6Y13.CIN      net (fanout=1)        0.003   u/campaign/kernel/core/evaluator_i/Mcompar_obj1[31]_obj0[31]_LessThan_11_o_cy<3>
    SLICE_X6Y13.COUT     Tbyp                  0.093   u/campaign/kernel/core/evaluator_i/Mcompar_obj1[31]_obj0[31]_LessThan_11_o_cy<7>
                                                       u/campaign/kernel/core/evaluator_i/Mcompar_obj1[31]_obj0[31]_LessThan_11_o_cy<7>
    SLICE_X6Y14.CIN      net (fanout=1)        0.003   u/campaign/kernel/core/evaluator_i/Mcompar_obj1[31]_obj0[31]_LessThan_11_o_cy<7>
    SLICE_X6Y14.COUT     Tbyp                  0.093   u/campaign/kernel/core/evaluator_i/Mcompar_obj1[31]_obj0[31]_LessThan_11_o_cy<11>
                                                       u/campaign/kernel/core/evaluator_i/Mcompar_obj1[31]_obj0[31]_LessThan_11_o_cy<11>
    SLICE_X6Y15.CIN      net (fanout=1)        0.003   u/campaign/kernel/core/evaluator_i/Mcompar_obj1[31]_obj0[31]_LessThan_11_o_cy<11>
    SLICE_X6Y15.DMUX     Tcind                 0.305   u/campaign/kernel/core/evaluator_i/util0<4>
                                                       u/campaign/kernel/core/evaluator_i/Mcompar_obj1[31]_obj0[31]_LessThan_11_o_cy<15>
    SLICE_X7Y15.C5       net (fanout=17)       0.882   u/campaign/kernel/core/evaluator_i/Mcompar_obj1[31]_obj0[31]_LessThan_11_o_cy<15>
    SLICE_X7Y15.C        Tilo                  0.259   u/campaign/kernel/core/evaluator_i/util1<7>
                                                       u/campaign/kernel/core/evaluator_i/Mmux_difference_A281
    SLICE_X4Y15.BX       net (fanout=1)        1.446   u/campaign/kernel/core/evaluator_i/Mmux_difference_rs_A<5>
    SLICE_X4Y15.COUT     Tbxcy                 0.197   u/campaign/kernel/core/evaluator_i/difference_reg<7>
                                                       u/campaign/kernel/core/evaluator_i/Mmux_difference_rs_cy<7>
    SLICE_X4Y16.CIN      net (fanout=1)        0.003   u/campaign/kernel/core/evaluator_i/Mmux_difference_rs_cy<7>
    SLICE_X4Y16.AMUX     Tcina                 0.210   u/campaign/kernel/core/evaluator_i/difference_reg<11>
                                                       u/campaign/kernel/core/evaluator_i/Mmux_difference_rs_cy<11>
    SLICE_X6Y18.A2       net (fanout=1)        0.955   u/campaign/kernel/core/evaluator_i/difference<8>
    SLICE_X6Y18.COUT     Topcya                0.474   u/campaign/kernel/core/evaluator_i/divisor<11>
                                                       u/campaign/kernel/core/evaluator_i/difference<8>_rt
                                                       u/campaign/kernel/core/evaluator_i/Madd_n0506_cy<11>
    SLICE_X6Y19.CIN      net (fanout=1)        0.003   u/campaign/kernel/core/evaluator_i/Madd_n0506_cy<11>
    SLICE_X6Y19.CLK      Tcinck                0.313   u/campaign/kernel/core/evaluator_i/divisor<15>
                                                       u/campaign/kernel/core/evaluator_i/Madd_n0506_cy<15>
                                                       u/campaign/kernel/core/evaluator_i/divisor_15
    -------------------------------------------------  ---------------------------
    Total                                      9.000ns (3.111ns logic, 5.889ns route)
                                                       (34.6% logic, 65.4% route)

--------------------------------------------------------------------------------
Slack:                  0.950ns (requirement - (data path - clock path skew + uncertainty))
  Source:               u/campaign/kernel/core/evaluator_i/objective_0 (FF)
  Destination:          u/campaign/kernel/core/evaluator_i/divisor_15 (FF)
  Requirement:          10.000ns
  Data Path Delay:      8.994ns (Levels of Logic = 10)
  Clock Path Skew:      -0.021ns (0.332 - 0.353)
  Source Clock:         clk_100mhz_BUFGP rising at 0.000ns
  Destination Clock:    clk_100mhz_BUFGP rising at 10.000ns
  Clock Uncertainty:    0.035ns

  Clock Uncertainty:          0.035ns  ((TSJ^2 + TIJ^2)^1/2 + DJ) / 2 + PE
    Total System Jitter (TSJ):  0.070ns
    Total Input Jitter (TIJ):   0.000ns
    Discrete Jitter (DJ):       0.000ns
    Phase Error (PE):           0.000ns

  Maximum Data Path at Slow Process Corner: u/campaign/kernel/core/evaluator_i/objective_0 to u/campaign/kernel/core/evaluator_i/divisor_15
    Location             Delay type         Delay(ns)  Physical Resource
                                                       Logical Resource(s)
    -------------------------------------------------  -------------------
    SLICE_X5Y19.AQ       Tcko                  0.430   u/campaign/kernel/core/evaluator_i/objective<0>
                                                       u/campaign/kernel/core/evaluator_i/objective_0
    SLICE_X9Y14.D3       net (fanout=55)       1.531   u/campaign/kernel/core/evaluator_i/objective<0>
    SLICE_X9Y14.D        Tilo                  0.259   u/campaign/kernel/core/evaluator_i/util1<3>
                                                       u/campaign/kernel/core/evaluator_i/obj1<3>1
    SLICE_X6Y12.B3       net (fanout=5)        1.210   u/campaign/kernel/core/evaluator_i/obj1<3>
    SLICE_X6Y12.COUT     Topcyb                0.390   u/campaign/kernel/core/evaluator_i/Mcompar_obj1[31]_obj0[31]_LessThan_11_o_cy<3>
                                                       u/campaign/kernel/core/evaluator_i/Mcompar_obj1[31]_obj0[31]_LessThan_11_o_lutdi1
                                                       u/campaign/kernel/core/evaluator_i/Mcompar_obj1[31]_obj0[31]_LessThan_11_o_cy<3>
    SLICE_X6Y13.CIN      net (fanout=1)        0.003   u/campaign/kernel/core/evaluator_i/Mcompar_obj1[31]_obj0[31]_LessThan_11_o_cy<3>
    SLICE_X6Y13.COUT     Tbyp                  0.093   u/campaign/kernel/core/evaluator_i/Mcompar_obj1[31]_obj0[31]_LessThan_11_o_cy<7>
                                                       u/campaign/kernel/core/evaluator_i/Mcompar_obj1[31]_obj0[31]_LessThan_11_o_cy<7>
    SLICE_X6Y14.CIN      net (fanout=1)        0.003   u/campaign/kernel/core/evaluator_i/Mcompar_obj1[31]_obj0[31]_LessThan_11_o_cy<7>
    SLICE_X6Y14.COUT     Tbyp                  0.093   u/campaign/kernel/core/evaluator_i/Mcompar_obj1[31]_obj0[31]_LessThan_11_o_cy<11>
                                                       u/campaign/kernel/core/evaluator_i/Mcompar_obj1[31]_obj0[31]_LessThan_11_o_cy<11>
    SLICE_X6Y15.CIN      net (fanout=1)        0.003   u/campaign/kernel/core/evaluator_i/Mcompar_obj1[31]_obj0[31]_LessThan_11_o_cy<11>
    SLICE_X6Y15.DMUX     Tcind                 0.305   u/campaign/kernel/core/evaluator_i/util0<4>
                                                       u/campaign/kernel/core/evaluator_i/Mcompar_obj1[31]_obj0[31]_LessThan_11_o_cy<15>
    SLICE_X7Y15.C5       net (fanout=17)       0.882   u/campaign/kernel/core/evaluator_i/Mcompar_obj1[31]_obj0[31]_LessThan_11_o_cy<15>
    SLICE_X7Y15.C        Tilo                  0.259   u/campaign/kernel/core/evaluator_i/util1<7>
                                                       u/campaign/kernel/core/evaluator_i/Mmux_difference_A281
    SLICE_X4Y15.BX       net (fanout=1)        1.446   u/campaign/kernel/core/evaluator_i/Mmux_difference_rs_A<5>
    SLICE_X4Y15.COUT     Tbxcy                 0.197   u/campaign/kernel/core/evaluator_i/difference_reg<7>
                                                       u/campaign/kernel/core/evaluator_i/Mmux_difference_rs_cy<7>
    SLICE_X4Y16.CIN      net (fanout=1)        0.003   u/campaign/kernel/core/evaluator_i/Mmux_difference_rs_cy<7>
    SLICE_X4Y16.CMUX     Tcinc                 0.289   u/campaign/kernel/core/evaluator_i/difference_reg<11>
                                                       u/campaign/kernel/core/evaluator_i/Mmux_difference_rs_cy<11>
    SLICE_X6Y18.C2       net (fanout=1)        0.954   u/campaign/kernel/core/evaluator_i/difference<10>
    SLICE_X6Y18.COUT     Topcyc                0.328   u/campaign/kernel/core/evaluator_i/divisor<11>
                                                       u/campaign/kernel/core/evaluator_i/difference<10>_rt
                                                       u/campaign/kernel/core/evaluator_i/Madd_n0506_cy<11>
    SLICE_X6Y19.CIN      net (fanout=1)        0.003   u/campaign/kernel/core/evaluator_i/Madd_n0506_cy<11>
    SLICE_X6Y19.CLK      Tcinck                0.313   u/campaign/kernel/core/evaluator_i/divisor<15>
                                                       u/campaign/kernel/core/evaluator_i/Madd_n0506_cy<15>
                                                       u/campaign/kernel/core/evaluator_i/divisor_15
    -------------------------------------------------  ---------------------------
    Total                                      8.994ns (2.956ns logic, 6.038ns route)
                                                       (32.9% logic, 67.1% route)

--------------------------------------------------------------------------------
Slack:                  0.972ns (requirement - (data path - clock path skew + uncertainty))
  Source:               u/campaign/kernel/core/evaluator_i/objective_1 (FF)
  Destination:          u/campaign/kernel/core/evaluator_i/divisor_15 (FF)
  Requirement:          10.000ns
  Data Path Delay:      8.972ns (Levels of Logic = 10)
  Clock Path Skew:      -0.021ns (0.332 - 0.353)
  Source Clock:         clk_100mhz_BUFGP rising at 0.000ns
  Destination Clock:    clk_100mhz_BUFGP rising at 10.000ns
  Clock Uncertainty:    0.035ns

  Clock Uncertainty:          0.035ns  ((TSJ^2 + TIJ^2)^1/2 + DJ) / 2 + PE
    Total System Jitter (TSJ):  0.070ns
    Total Input Jitter (TIJ):   0.000ns
    Discrete Jitter (DJ):       0.000ns
    Phase Error (PE):           0.000ns

  Maximum Data Path at Slow Process Corner: u/campaign/kernel/core/evaluator_i/objective_1 to u/campaign/kernel/core/evaluator_i/divisor_15
    Location             Delay type         Delay(ns)  Physical Resource
                                                       Logical Resource(s)
    -------------------------------------------------  -------------------
    SLICE_X5Y19.AMUX     Tshcko                0.518   u/campaign/kernel/core/evaluator_i/objective<0>
                                                       u/campaign/kernel/core/evaluator_i/objective_1
    SLICE_X9Y14.D5       net (fanout=59)       1.381   u/campaign/kernel/core/evaluator_i/objective<1>
    SLICE_X9Y14.D        Tilo                  0.259   u/campaign/kernel/core/evaluator_i/util1<3>
                                                       u/campaign/kernel/core/evaluator_i/obj1<3>1
    SLICE_X6Y12.B3       net (fanout=5)        1.210   u/campaign/kernel/core/evaluator_i/obj1<3>
    SLICE_X6Y12.COUT     Topcyb                0.483   u/campaign/kernel/core/evaluator_i/Mcompar_obj1[31]_obj0[31]_LessThan_11_o_cy<3>
                                                       u/campaign/kernel/core/evaluator_i/Mcompar_obj1[31]_obj0[31]_LessThan_11_o_lut<1>
                                                       u/campaign/kernel/core/evaluator_i/Mcompar_obj1[31]_obj0[31]_LessThan_11_o_cy<3>
    SLICE_X6Y13.CIN      net (fanout=1)        0.003   u/campaign/kernel/core/evaluator_i/Mcompar_obj1[31]_obj0[31]_LessThan_11_o_cy<3>
    SLICE_X6Y13.COUT     Tbyp                  0.093   u/campaign/kernel/core/evaluator_i/Mcompar_obj1[31]_obj0[31]_LessThan_11_o_cy<7>
                                                       u/campaign/kernel/core/evaluator_i/Mcompar_obj1[31]_obj0[31]_LessThan_11_o_cy<7>
    SLICE_X6Y14.CIN      net (fanout=1)        0.003   u/campaign/kernel/core/evaluator_i/Mcompar_obj1[31]_obj0[31]_LessThan_11_o_cy<7>
    SLICE_X6Y14.COUT     Tbyp                  0.093   u/campaign/kernel/core/evaluator_i/Mcompar_obj1[31]_obj0[31]_LessThan_11_o_cy<11>
                                                       u/campaign/kernel/core/evaluator_i/Mcompar_obj1[31]_obj0[31]_LessThan_11_o_cy<11>
    SLICE_X6Y15.CIN      net (fanout=1)        0.003   u/campaign/kernel/core/evaluator_i/Mcompar_obj1[31]_obj0[31]_LessThan_11_o_cy<11>
    SLICE_X6Y15.DMUX     Tcind                 0.305   u/campaign/kernel/core/evaluator_i/util0<4>
                                                       u/campaign/kernel/core/evaluator_i/Mcompar_obj1[31]_obj0[31]_LessThan_11_o_cy<15>
    SLICE_X7Y15.C5       net (fanout=17)       0.882   u/campaign/kernel/core/evaluator_i/Mcompar_obj1[31]_obj0[31]_LessThan_11_o_cy<15>
    SLICE_X7Y15.C        Tilo                  0.259   u/campaign/kernel/core/evaluator_i/util1<7>
                                                       u/campaign/kernel/core/evaluator_i/Mmux_difference_A281
    SLICE_X4Y15.BX       net (fanout=1)        1.446   u/campaign/kernel/core/evaluator_i/Mmux_difference_rs_A<5>
    SLICE_X4Y15.CMUX     Taxc                  0.340   u/campaign/kernel/core/evaluator_i/difference_reg<7>
                                                       u/campaign/kernel/core/evaluator_i/Mmux_difference_rs_cy<7>
    SLICE_X6Y17.C2       net (fanout=1)        0.954   u/campaign/kernel/core/evaluator_i/difference<6>
    SLICE_X6Y17.COUT     Topcyc                0.328   u/campaign/kernel/core/evaluator_i/divisor<7>
                                                       u/campaign/kernel/core/evaluator_i/difference<6>_rt
                                                       u/campaign/kernel/core/evaluator_i/Madd_n0506_cy<7>
    SLICE_X6Y18.CIN      net (fanout=1)        0.003   u/campaign/kernel/core/evaluator_i/Madd_n0506_cy<7>
    SLICE_X6Y18.COUT     Tbyp                  0.093   u/campaign/kernel/core/evaluator_i/divisor<11>
                                                       u/campaign/kernel/core/evaluator_i/Madd_n0506_cy<11>
    SLICE_X6Y19.CIN      net (fanout=1)        0.003   u/campaign/kernel/core/evaluator_i/Madd_n0506_cy<11>
    SLICE_X6Y19.CLK      Tcinck                0.313   u/campaign/kernel/core/evaluator_i/divisor<15>
                                                       u/campaign/kernel/core/evaluator_i/Madd_n0506_cy<15>
                                                       u/campaign/kernel/core/evaluator_i/divisor_15
    -------------------------------------------------  ---------------------------
    Total                                      8.972ns (3.084ns logic, 5.888ns route)
                                                       (34.4% logic, 65.6% route)

--------------------------------------------------------------------------------

Paths for end point u/campaign/kernel/core/evaluator_i/divisor_16 (SLICE_X6Y20.CIN), 41680 paths
--------------------------------------------------------------------------------
Slack:                  0.791ns (requirement - (data path - clock path skew + uncertainty))
  Source:               u/campaign/kernel/core/evaluator_i/objective_0 (FF)
  Destination:          u/campaign/kernel/core/evaluator_i/divisor_16 (FF)
  Requirement:          10.000ns
  Data Path Delay:      9.151ns (Levels of Logic = 11)
  Clock Path Skew:      -0.023ns (0.330 - 0.353)
  Source Clock:         clk_100mhz_BUFGP rising at 0.000ns
  Destination Clock:    clk_100mhz_BUFGP rising at 10.000ns
  Clock Uncertainty:    0.035ns

  Clock Uncertainty:          0.035ns  ((TSJ^2 + TIJ^2)^1/2 + DJ) / 2 + PE
    Total System Jitter (TSJ):  0.070ns
    Total Input Jitter (TIJ):   0.000ns
    Discrete Jitter (DJ):       0.000ns
    Phase Error (PE):           0.000ns

  Maximum Data Path at Slow Process Corner: u/campaign/kernel/core/evaluator_i/objective_0 to u/campaign/kernel/core/evaluator_i/divisor_16
    Location             Delay type         Delay(ns)  Physical Resource
                                                       Logical Resource(s)
    -------------------------------------------------  -------------------
    SLICE_X5Y19.AQ       Tcko                  0.430   u/campaign/kernel/core/evaluator_i/objective<0>
                                                       u/campaign/kernel/core/evaluator_i/objective_0
    SLICE_X9Y14.D3       net (fanout=55)       1.531   u/campaign/kernel/core/evaluator_i/objective<0>
    SLICE_X9Y14.D        Tilo                  0.259   u/campaign/kernel/core/evaluator_i/util1<3>
                                                       u/campaign/kernel/core/evaluator_i/obj1<3>1
    SLICE_X6Y12.B3       net (fanout=5)        1.210   u/campaign/kernel/core/evaluator_i/obj1<3>
    SLICE_X6Y12.COUT     Topcyb                0.483   u/campaign/kernel/core/evaluator_i/Mcompar_obj1[31]_obj0[31]_LessThan_11_o_cy<3>
                                                       u/campaign/kernel/core/evaluator_i/Mcompar_obj1[31]_obj0[31]_LessThan_11_o_lut<1>
                                                       u/campaign/kernel/core/evaluator_i/Mcompar_obj1[31]_obj0[31]_LessThan_11_o_cy<3>
    SLICE_X6Y13.CIN      net (fanout=1)        0.003   u/campaign/kernel/core/evaluator_i/Mcompar_obj1[31]_obj0[31]_LessThan_11_o_cy<3>
    SLICE_X6Y13.COUT     Tbyp                  0.093   u/campaign/kernel/core/evaluator_i/Mcompar_obj1[31]_obj0[31]_LessThan_11_o_cy<7>
                                                       u/campaign/kernel/core/evaluator_i/Mcompar_obj1[31]_obj0[31]_LessThan_11_o_cy<7>
    SLICE_X6Y14.CIN      net (fanout=1)        0.003   u/campaign/kernel/core/evaluator_i/Mcompar_obj1[31]_obj0[31]_LessThan_11_o_cy<7>
    SLICE_X6Y14.COUT     Tbyp                  0.093   u/campaign/kernel/core/evaluator_i/Mcompar_obj1[31]_obj0[31]_LessThan_11_o_cy<11>
                                                       u/campaign/kernel/core/evaluator_i/Mcompar_obj1[31]_obj0[31]_LessThan_11_o_cy<11>
    SLICE_X6Y15.CIN      net (fanout=1)        0.003   u/campaign/kernel/core/evaluator_i/Mcompar_obj1[31]_obj0[31]_LessThan_11_o_cy<11>
    SLICE_X6Y15.DMUX     Tcind                 0.305   u/campaign/kernel/core/evaluator_i/util0<4>
                                                       u/campaign/kernel/core/evaluator_i/Mcompar_obj1[31]_obj0[31]_LessThan_11_o_cy<15>
    SLICE_X7Y15.C5       net (fanout=17)       0.882   u/campaign/kernel/core/evaluator_i/Mcompar_obj1[31]_obj0[31]_LessThan_11_o_cy<15>
    SLICE_X7Y15.C        Tilo                  0.259   u/campaign/kernel/core/evaluator_i/util1<7>
                                                       u/campaign/kernel/core/evaluator_i/Mmux_difference_A281
    SLICE_X4Y15.BX       net (fanout=1)        1.446   u/campaign/kernel/core/evaluator_i/Mmux_difference_rs_A<5>
    SLICE_X4Y15.COUT     Tbxcy                 0.197   u/campaign/kernel/core/evaluator_i/difference_reg<7>
                                                       u/campaign/kernel/core/evaluator_i/Mmux_difference_rs_cy<7>
    SLICE_X4Y16.CIN      net (fanout=1)        0.003   u/campaign/kernel/core/evaluator_i/Mmux_difference_rs_cy<7>
    SLICE_X4Y16.AMUX     Tcina                 0.210   u/campaign/kernel/core/evaluator_i/difference_reg<11>
                                                       u/campaign/kernel/core/evaluator_i/Mmux_difference_rs_cy<11>
    SLICE_X6Y18.A2       net (fanout=1)        0.955   u/campaign/kernel/core/evaluator_i/difference<8>
    SLICE_X6Y18.COUT     Topcya                0.474   u/campaign/kernel/core/evaluator_i/divisor<11>
                                                       u/campaign/kernel/core/evaluator_i/difference<8>_rt
                                                       u/campaign/kernel/core/evaluator_i/Madd_n0506_cy<11>
    SLICE_X6Y19.CIN      net (fanout=1)        0.003   u/campaign/kernel/core/evaluator_i/Madd_n0506_cy<11>
    SLICE_X6Y19.COUT     Tbyp                  0.093   u/campaign/kernel/core/evaluator_i/divisor<15>
                                                       u/campaign/kernel/core/evaluator_i/Madd_n0506_cy<15>
    SLICE_X6Y20.CIN      net (fanout=1)        0.003   u/campaign/kernel/core/evaluator_i/Madd_n0506_cy<15>
    SLICE_X6Y20.CLK      Tcinck                0.213   u/campaign/kernel/core/evaluator_i/divisor<17>
                                                       u/campaign/kernel/core/evaluator_i/Madd_n0506_xor<17>
                                                       u/campaign/kernel/core/evaluator_i/divisor_16
    -------------------------------------------------  ---------------------------
    Total                                      9.151ns (3.109ns logic, 6.042ns route)
                                                       (34.0% logic, 66.0% route)

--------------------------------------------------------------------------------
Slack:                  0.793ns (requirement - (data path - clock path skew + uncertainty))
  Source:               u/campaign/kernel/core/evaluator_i/objective_0 (FF)
  Destination:          u/campaign/kernel/core/evaluator_i/divisor_16 (FF)
  Requirement:          10.000ns
  Data Path Delay:      9.149ns (Levels of Logic = 11)
  Clock Path Skew:      -0.023ns (0.330 - 0.353)
  Source Clock:         clk_100mhz_BUFGP rising at 0.000ns
  Destination Clock:    clk_100mhz_BUFGP rising at 10.000ns
  Clock Uncertainty:    0.035ns

  Clock Uncertainty:          0.035ns  ((TSJ^2 + TIJ^2)^1/2 + DJ) / 2 + PE
    Total System Jitter (TSJ):  0.070ns
    Total Input Jitter (TIJ):   0.000ns
    Discrete Jitter (DJ):       0.000ns
    Phase Error (PE):           0.000ns

  Maximum Data Path at Slow Process Corner: u/campaign/kernel/core/evaluator_i/objective_0 to u/campaign/kernel/core/evaluator_i/divisor_16
    Location             Delay type         Delay(ns)  Physical Resource
                                                       Logical Resource(s)
    -------------------------------------------------  -------------------
    SLICE_X5Y19.AQ       Tcko                  0.430   u/campaign/kernel/core/evaluator_i/objective<0>
                                                       u/campaign/kernel/core/evaluator_i/objective_0
    SLICE_X9Y14.D3       net (fanout=55)       1.531   u/campaign/kernel/core/evaluator_i/objective<0>
    SLICE_X9Y14.D        Tilo                  0.259   u/campaign/kernel/core/evaluator_i/util1<3>
                                                       u/campaign/kernel/core/evaluator_i/obj1<3>1
    SLICE_X6Y12.B3       net (fanout=5)        1.210   u/campaign/kernel/core/evaluator_i/obj1<3>
    SLICE_X6Y12.COUT     Topcyb                0.483   u/campaign/kernel/core/evaluator_i/Mcompar_obj1[31]_obj0[31]_LessThan_11_o_cy<3>
                                                       u/campaign/kernel/core/evaluator_i/Mcompar_obj1[31]_obj0[31]_LessThan_11_o_lut<1>
                                                       u/campaign/kernel/core/evaluator_i/Mcompar_obj1[31]_obj0[31]_LessThan_11_o_cy<3>
    SLICE_X6Y13.CIN      net (fanout=1)        0.003   u/campaign/kernel/core/evaluator_i/Mcompar_obj1[31]_obj0[31]_LessThan_11_o_cy<3>
    SLICE_X6Y13.COUT     Tbyp                  0.093   u/campaign/kernel/core/evaluator_i/Mcompar_obj1[31]_obj0[31]_LessThan_11_o_cy<7>
                                                       u/campaign/kernel/core/evaluator_i/Mcompar_obj1[31]_obj0[31]_LessThan_11_o_cy<7>
    SLICE_X6Y14.CIN      net (fanout=1)        0.003   u/campaign/kernel/core/evaluator_i/Mcompar_obj1[31]_obj0[31]_LessThan_11_o_cy<7>
    SLICE_X6Y14.COUT     Tbyp                  0.093   u/campaign/kernel/core/evaluator_i/Mcompar_obj1[31]_obj0[31]_LessThan_11_o_cy<11>
                                                       u/campaign/kernel/core/evaluator_i/Mcompar_obj1[31]_obj0[31]_LessThan_11_o_cy<11>
    SLICE_X6Y15.CIN      net (fanout=1)        0.003   u/campaign/kernel/core/evaluator_i/Mcompar_obj1[31]_obj0[31]_LessThan_11_o_cy<11>
    SLICE_X6Y15.DMUX     Tcind                 0.305   u/campaign/kernel/core/evaluator_i/util0<4>
                                                       u/campaign/kernel/core/evaluator_i/Mcompar_obj1[31]_obj0[31]_LessThan_11_o_cy<15>
    SLICE_X7Y15.C5       net (fanout=17)       0.882   u/campaign/kernel/core/evaluator_i/Mcompar_obj1[31]_obj0[31]_LessThan_11_o_cy<15>
    SLICE_X7Y15.C        Tilo                  0.259   u/campaign/kernel/core/evaluator_i/util1<7>
                                                       u/campaign/kernel/core/evaluator_i/Mmux_difference_A281
    SLICE_X4Y15.BX       net (fanout=1)        1.446   u/campaign/kernel/core/evaluator_i/Mmux_difference_rs_A<5>
    SLICE_X4Y15.COUT     Tbxcy                 0.197   u/campaign/kernel/core/evaluator_i/difference_reg<7>
                                                       u/campaign/kernel/core/evaluator_i/Mmux_difference_rs_cy<7>
    SLICE_X4Y16.CIN      net (fanout=1)        0.003   u/campaign/kernel/core/evaluator_i/Mmux_difference_rs_cy<7>
    SLICE_X4Y16.COUT     Tbyp                  0.091   u/campaign/kernel/core/evaluator_i/difference_reg<11>
                                                       u/campaign/kernel/core/evaluator_i/Mmux_difference_rs_cy<11>
    SLICE_X4Y17.CIN      net (fanout=1)        0.003   u/campaign/kernel/core/evaluator_i/Mmux_difference_rs_cy<11>
    SLICE_X4Y17.AMUX     Tcina                 0.210   u/campaign/kernel/core/evaluator_i/difference_reg<15>
                                                       u/campaign/kernel/core/evaluator_i/Mmux_difference_rs_cy<15>
    SLICE_X6Y19.A2       net (fanout=1)        0.955   u/campaign/kernel/core/evaluator_i/difference<12>
    SLICE_X6Y19.COUT     Topcya                0.474   u/campaign/kernel/core/evaluator_i/divisor<15>
                                                       u/campaign/kernel/core/evaluator_i/difference<12>_rt
                                                       u/campaign/kernel/core/evaluator_i/Madd_n0506_cy<15>
    SLICE_X6Y20.CIN      net (fanout=1)        0.003   u/campaign/kernel/core/evaluator_i/Madd_n0506_cy<15>
    SLICE_X6Y20.CLK      Tcinck                0.213   u/campaign/kernel/core/evaluator_i/divisor<17>
                                                       u/campaign/kernel/core/evaluator_i/Madd_n0506_xor<17>
                                                       u/campaign/kernel/core/evaluator_i/divisor_16
    -------------------------------------------------  ---------------------------
    Total                                      9.149ns (3.107ns logic, 6.042ns route)
                                                       (34.0% logic, 66.0% route)

--------------------------------------------------------------------------------
Slack:                  0.853ns (requirement - (data path - clock path skew + uncertainty))
  Source:               u/campaign/kernel/core/evaluator_i/objective_1 (FF)
  Destination:          u/campaign/kernel/core/evaluator_i/divisor_16 (FF)
  Requirement:          10.000ns
  Data Path Delay:      9.089ns (Levels of Logic = 11)
  Clock Path Skew:      -0.023ns (0.330 - 0.353)
  Source Clock:         clk_100mhz_BUFGP rising at 0.000ns
  Destination Clock:    clk_100mhz_BUFGP rising at 10.000ns
  Clock Uncertainty:    0.035ns

  Clock Uncertainty:          0.035ns  ((TSJ^2 + TIJ^2)^1/2 + DJ) / 2 + PE
    Total System Jitter (TSJ):  0.070ns
    Total Input Jitter (TIJ):   0.000ns
    Discrete Jitter (DJ):       0.000ns
    Phase Error (PE):           0.000ns

  Maximum Data Path at Slow Process Corner: u/campaign/kernel/core/evaluator_i/objective_1 to u/campaign/kernel/core/evaluator_i/divisor_16
    Location             Delay type         Delay(ns)  Physical Resource
                                                       Logical Resource(s)
    -------------------------------------------------  -------------------
    SLICE_X5Y19.AMUX     Tshcko                0.518   u/campaign/kernel/core/evaluator_i/objective<0>
                                                       u/campaign/kernel/core/evaluator_i/objective_1
    SLICE_X9Y14.D5       net (fanout=59)       1.381   u/campaign/kernel/core/evaluator_i/objective<1>
    SLICE_X9Y14.D        Tilo                  0.259   u/campaign/kernel/core/evaluator_i/util1<3>
                                                       u/campaign/kernel/core/evaluator_i/obj1<3>1
    SLICE_X6Y12.B3       net (fanout=5)        1.210   u/campaign/kernel/core/evaluator_i/obj1<3>
    SLICE_X6Y12.COUT     Topcyb                0.483   u/campaign/kernel/core/evaluator_i/Mcompar_obj1[31]_obj0[31]_LessThan_11_o_cy<3>
                                                       u/campaign/kernel/core/evaluator_i/Mcompar_obj1[31]_obj0[31]_LessThan_11_o_lut<1>
                                                       u/campaign/kernel/core/evaluator_i/Mcompar_obj1[31]_obj0[31]_LessThan_11_o_cy<3>
    SLICE_X6Y13.CIN      net (fanout=1)        0.003   u/campaign/kernel/core/evaluator_i/Mcompar_obj1[31]_obj0[31]_LessThan_11_o_cy<3>
    SLICE_X6Y13.COUT     Tbyp                  0.093   u/campaign/kernel/core/evaluator_i/Mcompar_obj1[31]_obj0[31]_LessThan_11_o_cy<7>
                                                       u/campaign/kernel/core/evaluator_i/Mcompar_obj1[31]_obj0[31]_LessThan_11_o_cy<7>
    SLICE_X6Y14.CIN      net (fanout=1)        0.003   u/campaign/kernel/core/evaluator_i/Mcompar_obj1[31]_obj0[31]_LessThan_11_o_cy<7>
    SLICE_X6Y14.COUT     Tbyp                  0.093   u/campaign/kernel/core/evaluator_i/Mcompar_obj1[31]_obj0[31]_LessThan_11_o_cy<11>
                                                       u/campaign/kernel/core/evaluator_i/Mcompar_obj1[31]_obj0[31]_LessThan_11_o_cy<11>
    SLICE_X6Y15.CIN      net (fanout=1)        0.003   u/campaign/kernel/core/evaluator_i/Mcompar_obj1[31]_obj0[31]_LessThan_11_o_cy<11>
    SLICE_X6Y15.DMUX     Tcind                 0.305   u/campaign/kernel/core/evaluator_i/util0<4>
                                                       u/campaign/kernel/core/evaluator_i/Mcompar_obj1[31]_obj0[31]_LessThan_11_o_cy<15>
    SLICE_X7Y15.C5       net (fanout=17)       0.882   u/campaign/kernel/core/evaluator_i/Mcompar_obj1[31]_obj0[31]_LessThan_11_o_cy<15>
    SLICE_X7Y15.C        Tilo                  0.259   u/campaign/kernel/core/evaluator_i/util1<7>
                                                       u/campaign/kernel/core/evaluator_i/Mmux_difference_A281
    SLICE_X4Y15.BX       net (fanout=1)        1.446   u/campaign/kernel/core/evaluator_i/Mmux_difference_rs_A<5>
    SLICE_X4Y15.COUT     Tbxcy                 0.197   u/campaign/kernel/core/evaluator_i/difference_reg<7>
                                                       u/campaign/kernel/core/evaluator_i/Mmux_difference_rs_cy<7>
    SLICE_X4Y16.CIN      net (fanout=1)        0.003   u/campaign/kernel/core/evaluator_i/Mmux_difference_rs_cy<7>
    SLICE_X4Y16.AMUX     Tcina                 0.210   u/campaign/kernel/core/evaluator_i/difference_reg<11>
                                                       u/campaign/kernel/core/evaluator_i/Mmux_difference_rs_cy<11>
    SLICE_X6Y18.A2       net (fanout=1)        0.955   u/campaign/kernel/core/evaluator_i/difference<8>
    SLICE_X6Y18.COUT     Topcya                0.474   u/campaign/kernel/core/evaluator_i/divisor<11>
                                                       u/campaign/kernel/core/evaluator_i/difference<8>_rt
                                                       u/campaign/kernel/core/evaluator_i/Madd_n0506_cy<11>
    SLICE_X6Y19.CIN      net (fanout=1)        0.003   u/campaign/kernel/core/evaluator_i/Madd_n0506_cy<11>
    SLICE_X6Y19.COUT     Tbyp                  0.093   u/campaign/kernel/core/evaluator_i/divisor<15>
                                                       u/campaign/kernel/core/evaluator_i/Madd_n0506_cy<15>
    SLICE_X6Y20.CIN      net (fanout=1)        0.003   u/campaign/kernel/core/evaluator_i/Madd_n0506_cy<15>
    SLICE_X6Y20.CLK      Tcinck                0.213   u/campaign/kernel/core/evaluator_i/divisor<17>
                                                       u/campaign/kernel/core/evaluator_i/Madd_n0506_xor<17>
                                                       u/campaign/kernel/core/evaluator_i/divisor_16
    -------------------------------------------------  ---------------------------
    Total                                      9.089ns (3.197ns logic, 5.892ns route)
                                                       (35.2% logic, 64.8% route)

--------------------------------------------------------------------------------
Slack:                  0.855ns (requirement - (data path - clock path skew + uncertainty))
  Source:               u/campaign/kernel/core/evaluator_i/objective_1 (FF)
  Destination:          u/campaign/kernel/core/evaluator_i/divisor_16 (FF)
  Requirement:          10.000ns
  Data Path Delay:      9.087ns (Levels of Logic = 11)
  Clock Path Skew:      -0.023ns (0.330 - 0.353)
  Source Clock:         clk_100mhz_BUFGP rising at 0.000ns
  Destination Clock:    clk_100mhz_BUFGP rising at 10.000ns
  Clock Uncertainty:    0.035ns

  Clock Uncertainty:          0.035ns  ((TSJ^2 + TIJ^2)^1/2 + DJ) / 2 + PE
    Total System Jitter (TSJ):  0.070ns
    Total Input Jitter (TIJ):   0.000ns
    Discrete Jitter (DJ):       0.000ns
    Phase Error (PE):           0.000ns

  Maximum Data Path at Slow Process Corner: u/campaign/kernel/core/evaluator_i/objective_1 to u/campaign/kernel/core/evaluator_i/divisor_16
    Location             Delay type         Delay(ns)  Physical Resource
                                                       Logical Resource(s)
    -------------------------------------------------  -------------------
    SLICE_X5Y19.AMUX     Tshcko                0.518   u/campaign/kernel/core/evaluator_i/objective<0>
                                                       u/campaign/kernel/core/evaluator_i/objective_1
    SLICE_X9Y14.D5       net (fanout=59)       1.381   u/campaign/kernel/core/evaluator_i/objective<1>
    SLICE_X9Y14.D        Tilo                  0.259   u/campaign/kernel/core/evaluator_i/util1<3>
                                                       u/campaign/kernel/core/evaluator_i/obj1<3>1
    SLICE_X6Y12.B3       net (fanout=5)        1.210   u/campaign/kernel/core/evaluator_i/obj1<3>
    SLICE_X6Y12.COUT     Topcyb                0.483   u/campaign/kernel/core/evaluator_i/Mcompar_obj1[31]_obj0[31]_LessThan_11_o_cy<3>
                                                       u/campaign/kernel/core/evaluator_i/Mcompar_obj1[31]_obj0[31]_LessThan_11_o_lut<1>
                                                       u/campaign/kernel/core/evaluator_i/Mcompar_obj1[31]_obj0[31]_LessThan_11_o_cy<3>
    SLICE_X6Y13.CIN      net (fanout=1)        0.003   u/campaign/kernel/core/evaluator_i/Mcompar_obj1[31]_obj0[31]_LessThan_11_o_cy<3>
    SLICE_X6Y13.COUT     Tbyp                  0.093   u/campaign/kernel/core/evaluator_i/Mcompar_obj1[31]_obj0[31]_LessThan_11_o_cy<7>
                                                       u/campaign/kernel/core/evaluator_i/Mcompar_obj1[31]_obj0[31]_LessThan_11_o_cy<7>
    SLICE_X6Y14.CIN      net (fanout=1)        0.003   u/campaign/kernel/core/evaluator_i/Mcompar_obj1[31]_obj0[31]_LessThan_11_o_cy<7>
    SLICE_X6Y14.COUT     Tbyp                  0.093   u/campaign/kernel/core/evaluator_i/Mcompar_obj1[31]_obj0[31]_LessThan_11_o_cy<11>
                                                       u/campaign/kernel/core/evaluator_i/Mcompar_obj1[31]_obj0[31]_LessThan_11_o_cy<11>
    SLICE_X6Y15.CIN      net (fanout=1)        0.003   u/campaign/kernel/core/evaluator_i/Mcompar_obj1[31]_obj0[31]_LessThan_11_o_cy<11>
    SLICE_X6Y15.DMUX     Tcind                 0.305   u/campaign/kernel/core/evaluator_i/util0<4>
                                                       u/campaign/kernel/core/evaluator_i/Mcompar_obj1[31]_obj0[31]_LessThan_11_o_cy<15>
    SLICE_X7Y15.C5       net (fanout=17)       0.882   u/campaign/kernel/core/evaluator_i/Mcompar_obj1[31]_obj0[31]_LessThan_11_o_cy<15>
    SLICE_X7Y15.C        Tilo                  0.259   u/campaign/kernel/core/evaluator_i/util1<7>
                                                       u/campaign/kernel/core/evaluator_i/Mmux_difference_A281
    SLICE_X4Y15.BX       net (fanout=1)        1.446   u/campaign/kernel/core/evaluator_i/Mmux_difference_rs_A<5>
    SLICE_X4Y15.COUT     Tbxcy                 0.197   u/campaign/kernel/core/evaluator_i/difference_reg<7>
                                                       u/campaign/kernel/core/evaluator_i/Mmux_difference_rs_cy<7>
    SLICE_X4Y16.CIN      net (fanout=1)        0.003   u/campaign/kernel/core/evaluator_i/Mmux_difference_rs_cy<7>
    SLICE_X4Y16.COUT     Tbyp                  0.091   u/campaign/kernel/core/evaluator_i/difference_reg<11>
                                                       u/campaign/kernel/core/evaluator_i/Mmux_difference_rs_cy<11>
    SLICE_X4Y17.CIN      net (fanout=1)        0.003   u/campaign/kernel/core/evaluator_i/Mmux_difference_rs_cy<11>
    SLICE_X4Y17.AMUX     Tcina                 0.210   u/campaign/kernel/core/evaluator_i/difference_reg<15>
                                                       u/campaign/kernel/core/evaluator_i/Mmux_difference_rs_cy<15>
    SLICE_X6Y19.A2       net (fanout=1)        0.955   u/campaign/kernel/core/evaluator_i/difference<12>
    SLICE_X6Y19.COUT     Topcya                0.474   u/campaign/kernel/core/evaluator_i/divisor<15>
                                                       u/campaign/kernel/core/evaluator_i/difference<12>_rt
                                                       u/campaign/kernel/core/evaluator_i/Madd_n0506_cy<15>
    SLICE_X6Y20.CIN      net (fanout=1)        0.003   u/campaign/kernel/core/evaluator_i/Madd_n0506_cy<15>
    SLICE_X6Y20.CLK      Tcinck                0.213   u/campaign/kernel/core/evaluator_i/divisor<17>
                                                       u/campaign/kernel/core/evaluator_i/Madd_n0506_xor<17>
                                                       u/campaign/kernel/core/evaluator_i/divisor_16
    -------------------------------------------------  ---------------------------
    Total                                      9.087ns (3.195ns logic, 5.892ns route)
                                                       (35.2% logic, 64.8% route)

--------------------------------------------------------------------------------
Slack:                  0.859ns (requirement - (data path - clock path skew + uncertainty))
  Source:               u/campaign/kernel/core/evaluator_i/objective_0 (FF)
  Destination:          u/campaign/kernel/core/evaluator_i/divisor_16 (FF)
  Requirement:          10.000ns
  Data Path Delay:      9.083ns (Levels of Logic = 11)
  Clock Path Skew:      -0.023ns (0.330 - 0.353)
  Source Clock:         clk_100mhz_BUFGP rising at 0.000ns
  Destination Clock:    clk_100mhz_BUFGP rising at 10.000ns
  Clock Uncertainty:    0.035ns

  Clock Uncertainty:          0.035ns  ((TSJ^2 + TIJ^2)^1/2 + DJ) / 2 + PE
    Total System Jitter (TSJ):  0.070ns
    Total Input Jitter (TIJ):   0.000ns
    Discrete Jitter (DJ):       0.000ns
    Phase Error (PE):           0.000ns

  Maximum Data Path at Slow Process Corner: u/campaign/kernel/core/evaluator_i/objective_0 to u/campaign/kernel/core/evaluator_i/divisor_16
    Location             Delay type         Delay(ns)  Physical Resource
                                                       Logical Resource(s)
    -------------------------------------------------  -------------------
    SLICE_X5Y19.AQ       Tcko                  0.430   u/campaign/kernel/core/evaluator_i/objective<0>
                                                       u/campaign/kernel/core/evaluator_i/objective_0
    SLICE_X9Y14.D3       net (fanout=55)       1.531   u/campaign/kernel/core/evaluator_i/objective<0>
    SLICE_X9Y14.D        Tilo                  0.259   u/campaign/kernel/core/evaluator_i/util1<3>
                                                       u/campaign/kernel/core/evaluator_i/obj1<3>1
    SLICE_X6Y12.B3       net (fanout=5)        1.210   u/campaign/kernel/core/evaluator_i/obj1<3>
    SLICE_X6Y12.COUT     Topcyb                0.483   u/campaign/kernel/core/evaluator_i/Mcompar_obj1[31]_obj0[31]_LessThan_11_o_cy<3>
                                                       u/campaign/kernel/core/evaluator_i/Mcompar_obj1[31]_obj0[31]_LessThan_11_o_lut<1>
                                                       u/campaign/kernel/core/evaluator_i/Mcompar_obj1[31]_obj0[31]_LessThan_11_o_cy<3>
    SLICE_X6Y13.CIN      net (fanout=1)        0.003   u/campaign/kernel/core/evaluator_i/Mcompar_obj1[31]_obj0[31]_LessThan_11_o_cy<3>
    SLICE_X6Y13.COUT     Tbyp                  0.093   u/campaign/kernel/core/evaluator_i/Mcompar_obj1[31]_obj0[31]_LessThan_11_o_cy<7>
                                                       u/campaign/kernel/core/evaluator_i/Mcompar_obj1[31]_obj0[31]_LessThan_11_o_cy<7>
    SLICE_X6Y14.CIN      net (fanout=1)        0.003   u/campaign/kernel/core/evaluator_i/Mcompar_obj1[31]_obj0[31]_LessThan_11_o_cy<7>
    SLICE_X6Y14.COUT     Tbyp                  0.093   u/campaign/kernel/core/evaluator_i/Mcompar_obj1[31]_obj0[31]_LessThan_11_o_cy<11>
                                                       u/campaign/kernel/core/evaluator_i/Mcompar_obj1[31]_obj0[31]_LessThan_11_o_cy<11>
    SLICE_X6Y15.CIN      net (fanout=1)        0.003   u/campaign/kernel/core/evaluator_i/Mcompar_obj1[31]_obj0[31]_LessThan_11_o_cy<11>
    SLICE_X6Y15.DMUX     Tcind                 0.305   u/campaign/kernel/core/evaluator_i/util0<4>
                                                       u/campaign/kernel/core/evaluator_i/Mcompar_obj1[31]_obj0[31]_LessThan_11_o_cy<15>
    SLICE_X7Y15.C5       net (fanout=17)       0.882   u/campaign/kernel/core/evaluator_i/Mcompar_obj1[31]_obj0[31]_LessThan_11_o_cy<15>
    SLICE_X7Y15.C        Tilo                  0.259   u/campaign/kernel/core/evaluator_i/util1<7>
                                                       u/campaign/kernel/core/evaluator_i/Mmux_difference_A281
    SLICE_X4Y15.BX       net (fanout=1)        1.446   u/campaign/kernel/core/evaluator_i/Mmux_difference_rs_A<5>
    SLICE_X4Y15.COUT     Tbxcy                 0.197   u/campaign/kernel/core/evaluator_i/difference_reg<7>
                                                       u/campaign/kernel/core/evaluator_i/Mmux_difference_rs_cy<7>
    SLICE_X4Y16.CIN      net (fanout=1)        0.003   u/campaign/kernel/core/evaluator_i/Mmux_difference_rs_cy<7>
    SLICE_X4Y16.CMUX     Tcinc                 0.289   u/campaign/kernel/core/evaluator_i/difference_reg<11>
                                                       u/campaign/kernel/core/evaluator_i/Mmux_difference_rs_cy<11>
    SLICE_X6Y18.C2       net (fanout=1)        0.954   u/campaign/kernel/core/evaluator_i/difference<10>
    SLICE_X6Y18.COUT     Topcyc                0.328   u/campaign/kernel/core/evaluator_i/divisor<11>
                                                       u/campaign/kernel/core/evaluator_i/difference<10>_rt
                                                       u/campaign/kernel/core/evaluator_i/Madd_n0506_cy<11>
    SLICE_X6Y19.CIN      net (fanout=1)        0.003   u/campaign/kernel/core/evaluator_i/Madd_n0506_cy<11>
    SLICE_X6Y19.COUT     Tbyp                  0.093   u/campaign/kernel/core/evaluator_i/divisor<15>
                                                       u/campaign/kernel/core/evaluator_i/Madd_n0506_cy<15>
    SLICE_X6Y20.CIN      net (fanout=1)        0.003   u/campaign/kernel/core/evaluator_i/Madd_n0506_cy<15>
    SLICE_X6Y20.CLK      Tcinck                0.213   u/campaign/kernel/core/evaluator_i/divisor<17>
                                                       u/campaign/kernel/core/evaluator_i/Madd_n0506_xor<17>
                                                       u/campaign/kernel/core/evaluator_i/divisor_16
    -------------------------------------------------  ---------------------------
    Total                                      9.083ns (3.042ns logic, 6.041ns route)
                                                       (33.5% logic, 66.5% route)

--------------------------------------------------------------------------------
Slack:                  0.861ns (requirement - (data path - clock path skew + uncertainty))
  Source:               u/campaign/kernel/core/evaluator_i/objective_0 (FF)
  Destination:          u/campaign/kernel/core/evaluator_i/divisor_16 (FF)
  Requirement:          10.000ns
  Data Path Delay:      9.081ns (Levels of Logic = 11)
  Clock Path Skew:      -0.023ns (0.330 - 0.353)
  Source Clock:         clk_100mhz_BUFGP rising at 0.000ns
  Destination Clock:    clk_100mhz_BUFGP rising at 10.000ns
  Clock Uncertainty:    0.035ns

  Clock Uncertainty:          0.035ns  ((TSJ^2 + TIJ^2)^1/2 + DJ) / 2 + PE
    Total System Jitter (TSJ):  0.070ns
    Total Input Jitter (TIJ):   0.000ns
    Discrete Jitter (DJ):       0.000ns
    Phase Error (PE):           0.000ns

  Maximum Data Path at Slow Process Corner: u/campaign/kernel/core/evaluator_i/objective_0 to u/campaign/kernel/core/evaluator_i/divisor_16
    Location             Delay type         Delay(ns)  Physical Resource
                                                       Logical Resource(s)
    -------------------------------------------------  -------------------
    SLICE_X5Y19.AQ       Tcko                  0.430   u/campaign/kernel/core/evaluator_i/objective<0>
                                                       u/campaign/kernel/core/evaluator_i/objective_0
    SLICE_X9Y14.D3       net (fanout=55)       1.531   u/campaign/kernel/core/evaluator_i/objective<0>
    SLICE_X9Y14.D        Tilo                  0.259   u/campaign/kernel/core/evaluator_i/util1<3>
                                                       u/campaign/kernel/core/evaluator_i/obj1<3>1
    SLICE_X6Y12.B3       net (fanout=5)        1.210   u/campaign/kernel/core/evaluator_i/obj1<3>
    SLICE_X6Y12.COUT     Topcyb                0.483   u/campaign/kernel/core/evaluator_i/Mcompar_obj1[31]_obj0[31]_LessThan_11_o_cy<3>
                                                       u/campaign/kernel/core/evaluator_i/Mcompar_obj1[31]_obj0[31]_LessThan_11_o_lut<1>
                                                       u/campaign/kernel/core/evaluator_i/Mcompar_obj1[31]_obj0[31]_LessThan_11_o_cy<3>
    SLICE_X6Y13.CIN      net (fanout=1)        0.003   u/campaign/kernel/core/evaluator_i/Mcompar_obj1[31]_obj0[31]_LessThan_11_o_cy<3>
    SLICE_X6Y13.COUT     Tbyp                  0.093   u/campaign/kernel/core/evaluator_i/Mcompar_obj1[31]_obj0[31]_LessThan_11_o_cy<7>
                                                       u/campaign/kernel/core/evaluator_i/Mcompar_obj1[31]_obj0[31]_LessThan_11_o_cy<7>
    SLICE_X6Y14.CIN      net (fanout=1)        0.003   u/campaign/kernel/core/evaluator_i/Mcompar_obj1[31]_obj0[31]_LessThan_11_o_cy<7>
    SLICE_X6Y14.COUT     Tbyp                  0.093   u/campaign/kernel/core/evaluator_i/Mcompar_obj1[31]_obj0[31]_LessThan_11_o_cy<11>
                                                       u/campaign/kernel/core/evaluator_i/Mcompar_obj1[31]_obj0[31]_LessThan_11_o_cy<11>
    SLICE_X6Y15.CIN      net (fanout=1)        0.003   u/campaign/kernel/core/evaluator_i/Mcompar_obj1[31]_obj0[31]_LessThan_11_o_cy<11>
    SLICE_X6Y15.DMUX     Tcind                 0.305   u/campaign/kernel/core/evaluator_i/util0<4>
                                                       u/campaign/kernel/core/evaluator_i/Mcompar_obj1[31]_obj0[31]_LessThan_11_o_cy<15>
    SLICE_X7Y15.C5       net (fanout=17)       0.882   u/campaign/kernel/core/evaluator_i/Mcompar_obj1[31]_obj0[31]_LessThan_11_o_cy<15>
    SLICE_X7Y15.C        Tilo                  0.259   u/campaign/kernel/core/evaluator_i/util1<7>
                                                       u/campaign/kernel/core/evaluator_i/Mmux_difference_A281
    SLICE_X4Y15.BX       net (fanout=1)        1.446   u/campaign/kernel/core/evaluator_i/Mmux_difference_rs_A<5>
    SLICE_X4Y15.COUT     Tbxcy                 0.197   u/campaign/kernel/core/evaluator_i/difference_reg<7>
                                                       u/campaign/kernel/core/evaluator_i/Mmux_difference_rs_cy<7>
    SLICE_X4Y16.CIN      net (fanout=1)        0.003   u/campaign/kernel/core/evaluator_i/Mmux_difference_rs_cy<7>
    SLICE_X4Y16.COUT     Tbyp                  0.091   u/campaign/kernel/core/evaluator_i/difference_reg<11>
                                                       u/campaign/kernel/core/evaluator_i/Mmux_difference_rs_cy<11>
    SLICE_X4Y17.CIN      net (fanout=1)        0.003   u/campaign/kernel/core/evaluator_i/Mmux_difference_rs_cy<11>
    SLICE_X4Y17.CMUX     Tcinc                 0.289   u/campaign/kernel/core/evaluator_i/difference_reg<15>
                                                       u/campaign/kernel/core/evaluator_i/Mmux_difference_rs_cy<15>
    SLICE_X6Y19.C2       net (fanout=1)        0.954   u/campaign/kernel/core/evaluator_i/difference<14>
    SLICE_X6Y19.COUT     Topcyc                0.328   u/campaign/kernel/core/evaluator_i/divisor<15>
                                                       u/campaign/kernel/core/evaluator_i/difference<14>_rt
                                                       u/campaign/kernel/core/evaluator_i/Madd_n0506_cy<15>
    SLICE_X6Y20.CIN      net (fanout=1)        0.003   u/campaign/kernel/core/evaluator_i/Madd_n0506_cy<15>
    SLICE_X6Y20.CLK      Tcinck                0.213   u/campaign/kernel/core/evaluator_i/divisor<17>
                                                       u/campaign/kernel/core/evaluator_i/Madd_n0506_xor<17>
                                                       u/campaign/kernel/core/evaluator_i/divisor_16
    -------------------------------------------------  ---------------------------
    Total                                      9.081ns (3.040ns logic, 6.041ns route)
                                                       (33.5% logic, 66.5% route)

--------------------------------------------------------------------------------
Slack:                  0.884ns (requirement - (data path - clock path skew + uncertainty))
  Source:               u/campaign/kernel/core/evaluator_i/objective_0 (FF)
  Destination:          u/campaign/kernel/core/evaluator_i/divisor_16 (FF)
  Requirement:          10.000ns
  Data Path Delay:      9.058ns (Levels of Logic = 11)
  Clock Path Skew:      -0.023ns (0.330 - 0.353)
  Source Clock:         clk_100mhz_BUFGP rising at 0.000ns
  Destination Clock:    clk_100mhz_BUFGP rising at 10.000ns
  Clock Uncertainty:    0.035ns

  Clock Uncertainty:          0.035ns  ((TSJ^2 + TIJ^2)^1/2 + DJ) / 2 + PE
    Total System Jitter (TSJ):  0.070ns
    Total Input Jitter (TIJ):   0.000ns
    Discrete Jitter (DJ):       0.000ns
    Phase Error (PE):           0.000ns

  Maximum Data Path at Slow Process Corner: u/campaign/kernel/core/evaluator_i/objective_0 to u/campaign/kernel/core/evaluator_i/divisor_16
    Location             Delay type         Delay(ns)  Physical Resource
                                                       Logical Resource(s)
    -------------------------------------------------  -------------------
    SLICE_X5Y19.AQ       Tcko                  0.430   u/campaign/kernel/core/evaluator_i/objective<0>
                                                       u/campaign/kernel/core/evaluator_i/objective_0
    SLICE_X9Y14.D3       net (fanout=55)       1.531   u/campaign/kernel/core/evaluator_i/objective<0>
    SLICE_X9Y14.D        Tilo                  0.259   u/campaign/kernel/core/evaluator_i/util1<3>
                                                       u/campaign/kernel/core/evaluator_i/obj1<3>1
    SLICE_X6Y12.B3       net (fanout=5)        1.210   u/campaign/kernel/core/evaluator_i/obj1<3>
    SLICE_X6Y12.COUT     Topcyb                0.390   u/campaign/kernel/core/evaluator_i/Mcompar_obj1[31]_obj0[31]_LessThan_11_o_cy<3>
                                                       u/campaign/kernel/core/evaluator_i/Mcompar_obj1[31]_obj0[31]_LessThan_11_o_lutdi1
                                                       u/campaign/kernel/core/evaluator_i/Mcompar_obj1[31]_obj0[31]_LessThan_11_o_cy<3>
    SLICE_X6Y13.CIN      net (fanout=1)        0.003   u/campaign/kernel/core/evaluator_i/Mcompar_obj1[31]_obj0[31]_LessThan_11_o_cy<3>
    SLICE_X6Y13.COUT     Tbyp                  0.093   u/campaign/kernel/core/evaluator_i/Mcompar_obj1[31]_obj0[31]_LessThan_11_o_cy<7>
                                                       u/campaign/kernel/core/evaluator_i/Mcompar_obj1[31]_obj0[31]_LessThan_11_o_cy<7>
    SLICE_X6Y14.CIN      net (fanout=1)        0.003   u/campaign/kernel/core/evaluator_i/Mcompar_obj1[31]_obj0[31]_LessThan_11_o_cy<7>
    SLICE_X6Y14.COUT     Tbyp                  0.093   u/campaign/kernel/core/evaluator_i/Mcompar_obj1[31]_obj0[31]_LessThan_11_o_cy<11>
                                                       u/campaign/kernel/core/evaluator_i/Mcompar_obj1[31]_obj0[31]_LessThan_11_o_cy<11>
    SLICE_X6Y15.CIN      net (fanout=1)        0.003   u/campaign/kernel/core/evaluator_i/Mcompar_obj1[31]_obj0[31]_LessThan_11_o_cy<11>
    SLICE_X6Y15.DMUX     Tcind                 0.305   u/campaign/kernel/core/evaluator_i/util0<4>
                                                       u/campaign/kernel/core/evaluator_i/Mcompar_obj1[31]_obj0[31]_LessThan_11_o_cy<15>
    SLICE_X7Y15.C5       net (fanout=17)       0.882   u/campaign/kernel/core/evaluator_i/Mcompar_obj1[31]_obj0[31]_LessThan_11_o_cy<15>
    SLICE_X7Y15.C        Tilo                  0.259   u/campaign/kernel/core/evaluator_i/util1<7>
                                                       u/campaign/kernel/core/evaluator_i/Mmux_difference_A281
    SLICE_X4Y15.BX       net (fanout=1)        1.446   u/campaign/kernel/core/evaluator_i/Mmux_difference_rs_A<5>
    SLICE_X4Y15.COUT     Tbxcy                 0.197   u/campaign/kernel/core/evaluator_i/difference_reg<7>
                                                       u/campaign/kernel/core/evaluator_i/Mmux_difference_rs_cy<7>
    SLICE_X4Y16.CIN      net (fanout=1)        0.003   u/campaign/kernel/core/evaluator_i/Mmux_difference_rs_cy<7>
    SLICE_X4Y16.AMUX     Tcina                 0.210   u/campaign/kernel/core/evaluator_i/difference_reg<11>
                                                       u/campaign/kernel/core/evaluator_i/Mmux_difference_rs_cy<11>
    SLICE_X6Y18.A2       net (fanout=1)        0.955   u/campaign/kernel/core/evaluator_i/difference<8>
    SLICE_X6Y18.COUT     Topcya                0.474   u/campaign/kernel/core/evaluator_i/divisor<11>
                                                       u/campaign/kernel/core/evaluator_i/difference<8>_rt
                                                       u/campaign/kernel/core/evaluator_i/Madd_n0506_cy<11>
    SLICE_X6Y19.CIN      net (fanout=1)        0.003   u/campaign/kernel/core/evaluator_i/Madd_n0506_cy<11>
    SLICE_X6Y19.COUT     Tbyp                  0.093   u/campaign/kernel/core/evaluator_i/divisor<15>
                                                       u/campaign/kernel/core/evaluator_i/Madd_n0506_cy<15>
    SLICE_X6Y20.CIN      net (fanout=1)        0.003   u/campaign/kernel/core/evaluator_i/Madd_n0506_cy<15>
    SLICE_X6Y20.CLK      Tcinck                0.213   u/campaign/kernel/core/evaluator_i/divisor<17>
                                                       u/campaign/kernel/core/evaluator_i/Madd_n0506_xor<17>
                                                       u/campaign/kernel/core/evaluator_i/divisor_16
    -------------------------------------------------  ---------------------------
    Total                                      9.058ns (3.016ns logic, 6.042ns route)
                                                       (33.3% logic, 66.7% route)

--------------------------------------------------------------------------------
Slack:                  0.886ns (requirement - (data path - clock path skew + uncertainty))
  Source:               u/campaign/kernel/core/evaluator_i/objective_0 (FF)
  Destination:          u/campaign/kernel/core/evaluator_i/divisor_16 (FF)
  Requirement:          10.000ns
  Data Path Delay:      9.056ns (Levels of Logic = 11)
  Clock Path Skew:      -0.023ns (0.330 - 0.353)
  Source Clock:         clk_100mhz_BUFGP rising at 0.000ns
  Destination Clock:    clk_100mhz_BUFGP rising at 10.000ns
  Clock Uncertainty:    0.035ns

  Clock Uncertainty:          0.035ns  ((TSJ^2 + TIJ^2)^1/2 + DJ) / 2 + PE
    Total System Jitter (TSJ):  0.070ns
    Total Input Jitter (TIJ):   0.000ns
    Discrete Jitter (DJ):       0.000ns
    Phase Error (PE):           0.000ns

  Maximum Data Path at Slow Process Corner: u/campaign/kernel/core/evaluator_i/objective_0 to u/campaign/kernel/core/evaluator_i/divisor_16
    Location             Delay type         Delay(ns)  Physical Resource
                                                       Logical Resource(s)
    -------------------------------------------------  -------------------
    SLICE_X5Y19.AQ       Tcko                  0.430   u/campaign/kernel/core/evaluator_i/objective<0>
                                                       u/campaign/kernel/core/evaluator_i/objective_0
    SLICE_X9Y14.D3       net (fanout=55)       1.531   u/campaign/kernel/core/evaluator_i/objective<0>
    SLICE_X9Y14.D        Tilo                  0.259   u/campaign/kernel/core/evaluator_i/util1<3>
                                                       u/campaign/kernel/core/evaluator_i/obj1<3>1
    SLICE_X6Y12.B3       net (fanout=5)        1.210   u/campaign/kernel/core/evaluator_i/obj1<3>
    SLICE_X6Y12.COUT     Topcyb                0.390   u/campaign/kernel/core/evaluator_i/Mcompar_obj1[31]_obj0[31]_LessThan_11_o_cy<3>
                                                       u/campaign/kernel/core/evaluator_i/Mcompar_obj1[31]_obj0[31]_LessThan_11_o_lutdi1
                                                       u/campaign/kernel/core/evaluator_i/Mcompar_obj1[31]_obj0[31]_LessThan_11_o_cy<3>
    SLICE_X6Y13.CIN      net (fanout=1)        0.003   u/campaign/kernel/core/evaluator_i/Mcompar_obj1[31]_obj0[31]_LessThan_11_o_cy<3>
    SLICE_X6Y13.COUT     Tbyp                  0.093   u/campaign/kernel/core/evaluator_i/Mcompar_obj1[31]_obj0[31]_LessThan_11_o_cy<7>
                                                       u/campaign/kernel/core/evaluator_i/Mcompar_obj1[31]_obj0[31]_LessThan_11_o_cy<7>
    SLICE_X6Y14.CIN      net (fanout=1)        0.003   u/campaign/kernel/core/evaluator_i/Mcompar_obj1[31]_obj0[31]_LessThan_11_o_cy<7>
    SLICE_X6Y14.COUT     Tbyp                  0.093   u/campaign/kernel/core/evaluator_i/Mcompar_obj1[31]_obj0[31]_LessThan_11_o_cy<11>
                                                       u/campaign/kernel/core/evaluator_i/Mcompar_obj1[31]_obj0[31]_LessThan_11_o_cy<11>
    SLICE_X6Y15.CIN      net (fanout=1)        0.003   u/campaign/kernel/core/evaluator_i/Mcompar_obj1[31]_obj0[31]_LessThan_11_o_cy<11>
    SLICE_X6Y15.DMUX     Tcind                 0.305   u/campaign/kernel/core/evaluator_i/util0<4>
                                                       u/campaign/kernel/core/evaluator_i/Mcompar_obj1[31]_obj0[31]_LessThan_11_o_cy<15>
    SLICE_X7Y15.C5       net (fanout=17)       0.882   u/campaign/kernel/core/evaluator_i/Mcompar_obj1[31]_obj0[31]_LessThan_11_o_cy<15>
    SLICE_X7Y15.C        Tilo                  0.259   u/campaign/kernel/core/evaluator_i/util1<7>
                                                       u/campaign/kernel/core/evaluator_i/Mmux_difference_A281
    SLICE_X4Y15.BX       net (fanout=1)        1.446   u/campaign/kernel/core/evaluator_i/Mmux_difference_rs_A<5>
    SLICE_X4Y15.COUT     Tbxcy                 0.197   u/campaign/kernel/core/evaluator_i/difference_reg<7>
                                                       u/campaign/kernel/core/evaluator_i/Mmux_difference_rs_cy<7>
    SLICE_X4Y16.CIN      net (fanout=1)        0.003   u/campaign/kernel/core/evaluator_i/Mmux_difference_rs_cy<7>
    SLICE_X4Y16.COUT     Tbyp                  0.091   u/campaign/kernel/core/evaluator_i/difference_reg<11>
                                                       u/campaign/kernel/core/evaluator_i/Mmux_difference_rs_cy<11>
    SLICE_X4Y17.CIN      net (fanout=1)        0.003   u/campaign/kernel/core/evaluator_i/Mmux_difference_rs_cy<11>
    SLICE_X4Y17.AMUX     Tcina                 0.210   u/campaign/kernel/core/evaluator_i/difference_reg<15>
                                                       u/campaign/kernel/core/evaluator_i/Mmux_difference_rs_cy<15>
    SLICE_X6Y19.A2       net (fanout=1)        0.955   u/campaign/kernel/core/evaluator_i/difference<12>
    SLICE_X6Y19.COUT     Topcya                0.474   u/campaign/kernel/core/evaluator_i/divisor<15>
                                                       u/campaign/kernel/core/evaluator_i/difference<12>_rt
                                                       u/campaign/kernel/core/evaluator_i/Madd_n0506_cy<15>
    SLICE_X6Y20.CIN      net (fanout=1)        0.003   u/campaign/kernel/core/evaluator_i/Madd_n0506_cy<15>
    SLICE_X6Y20.CLK      Tcinck                0.213   u/campaign/kernel/core/evaluator_i/divisor<17>
                                                       u/campaign/kernel/core/evaluator_i/Madd_n0506_xor<17>
                                                       u/campaign/kernel/core/evaluator_i/divisor_16
    -------------------------------------------------  ---------------------------
    Total                                      9.056ns (3.014ns logic, 6.042ns route)
                                                       (33.3% logic, 66.7% route)

--------------------------------------------------------------------------------
Slack:                  0.912ns (requirement - (data path - clock path skew + uncertainty))
  Source:               u/campaign/kernel/core/evaluator_i/objective_0 (FF)
  Destination:          u/campaign/kernel/core/evaluator_i/divisor_16 (FF)
  Requirement:          10.000ns
  Data Path Delay:      9.030ns (Levels of Logic = 11)
  Clock Path Skew:      -0.023ns (0.330 - 0.353)
  Source Clock:         clk_100mhz_BUFGP rising at 0.000ns
  Destination Clock:    clk_100mhz_BUFGP rising at 10.000ns
  Clock Uncertainty:    0.035ns

  Clock Uncertainty:          0.035ns  ((TSJ^2 + TIJ^2)^1/2 + DJ) / 2 + PE
    Total System Jitter (TSJ):  0.070ns
    Total Input Jitter (TIJ):   0.000ns
    Discrete Jitter (DJ):       0.000ns
    Phase Error (PE):           0.000ns

  Maximum Data Path at Slow Process Corner: u/campaign/kernel/core/evaluator_i/objective_0 to u/campaign/kernel/core/evaluator_i/divisor_16
    Location             Delay type         Delay(ns)  Physical Resource
                                                       Logical Resource(s)
    -------------------------------------------------  -------------------
    SLICE_X5Y19.AQ       Tcko                  0.430   u/campaign/kernel/core/evaluator_i/objective<0>
                                                       u/campaign/kernel/core/evaluator_i/objective_0
    SLICE_X9Y14.D3       net (fanout=55)       1.531   u/campaign/kernel/core/evaluator_i/objective<0>
    SLICE_X9Y14.D        Tilo                  0.259   u/campaign/kernel/core/evaluator_i/util1<3>
                                                       u/campaign/kernel/core/evaluator_i/obj1<3>1
    SLICE_X6Y12.B3       net (fanout=5)        1.210   u/campaign/kernel/core/evaluator_i/obj1<3>
    SLICE_X6Y12.COUT     Topcyb                0.483   u/campaign/kernel/core/evaluator_i/Mcompar_obj1[31]_obj0[31]_LessThan_11_o_cy<3>
                                                       u/campaign/kernel/core/evaluator_i/Mcompar_obj1[31]_obj0[31]_LessThan_11_o_lut<1>
                                                       u/campaign/kernel/core/evaluator_i/Mcompar_obj1[31]_obj0[31]_LessThan_11_o_cy<3>
    SLICE_X6Y13.CIN      net (fanout=1)        0.003   u/campaign/kernel/core/evaluator_i/Mcompar_obj1[31]_obj0[31]_LessThan_11_o_cy<3>
    SLICE_X6Y13.COUT     Tbyp                  0.093   u/campaign/kernel/core/evaluator_i/Mcompar_obj1[31]_obj0[31]_LessThan_11_o_cy<7>
                                                       u/campaign/kernel/core/evaluator_i/Mcompar_obj1[31]_obj0[31]_LessThan_11_o_cy<7>
    SLICE_X6Y14.CIN      net (fanout=1)        0.003   u/campaign/kernel/core/evaluator_i/Mcompar_obj1[31]_obj0[31]_LessThan_11_o_cy<7>
    SLICE_X6Y14.COUT     Tbyp                  0.093   u/campaign/kernel/core/evaluator_i/Mcompar_obj1[31]_obj0[31]_LessThan_11_o_cy<11>
                                                       u/campaign/kernel/core/evaluator_i/Mcompar_obj1[31]_obj0[31]_LessThan_11_o_cy<11>
    SLICE_X6Y15.CIN      net (fanout=1)        0.003   u/campaign/kernel/core/evaluator_i/Mcompar_obj1[31]_obj0[31]_LessThan_11_o_cy<11>
    SLICE_X6Y15.DMUX     Tcind                 0.305   u/campaign/kernel/core/evaluator_i/util0<4>
                                                       u/campaign/kernel/core/evaluator_i/Mcompar_obj1[31]_obj0[31]_LessThan_11_o_cy<15>
    SLICE_X7Y15.C5       net (fanout=17)       0.882   u/campaign/kernel/core/evaluator_i/Mcompar_obj1[31]_obj0[31]_LessThan_11_o_cy<15>
    SLICE_X7Y15.C        Tilo                  0.259   u/campaign/kernel/core/evaluator_i/util1<7>
                                                       u/campaign/kernel/core/evaluator_i/Mmux_difference_A281
    SLICE_X4Y15.BX       net (fanout=1)        1.446   u/campaign/kernel/core/evaluator_i/Mmux_difference_rs_A<5>
    SLICE_X4Y15.CMUX     Taxc                  0.340   u/campaign/kernel/core/evaluator_i/difference_reg<7>
                                                       u/campaign/kernel/core/evaluator_i/Mmux_difference_rs_cy<7>
    SLICE_X6Y17.C2       net (fanout=1)        0.954   u/campaign/kernel/core/evaluator_i/difference<6>
    SLICE_X6Y17.COUT     Topcyc                0.328   u/campaign/kernel/core/evaluator_i/divisor<7>
                                                       u/campaign/kernel/core/evaluator_i/difference<6>_rt
                                                       u/campaign/kernel/core/evaluator_i/Madd_n0506_cy<7>
    SLICE_X6Y18.CIN      net (fanout=1)        0.003   u/campaign/kernel/core/evaluator_i/Madd_n0506_cy<7>
    SLICE_X6Y18.COUT     Tbyp                  0.093   u/campaign/kernel/core/evaluator_i/divisor<11>
                                                       u/campaign/kernel/core/evaluator_i/Madd_n0506_cy<11>
    SLICE_X6Y19.CIN      net (fanout=1)        0.003   u/campaign/kernel/core/evaluator_i/Madd_n0506_cy<11>
    SLICE_X6Y19.COUT     Tbyp                  0.093   u/campaign/kernel/core/evaluator_i/divisor<15>
                                                       u/campaign/kernel/core/evaluator_i/Madd_n0506_cy<15>
    SLICE_X6Y20.CIN      net (fanout=1)        0.003   u/campaign/kernel/core/evaluator_i/Madd_n0506_cy<15>
    SLICE_X6Y20.CLK      Tcinck                0.213   u/campaign/kernel/core/evaluator_i/divisor<17>
                                                       u/campaign/kernel/core/evaluator_i/Madd_n0506_xor<17>
                                                       u/campaign/kernel/core/evaluator_i/divisor_16
    -------------------------------------------------  ---------------------------
    Total                                      9.030ns (2.989ns logic, 6.041ns route)
                                                       (33.1% logic, 66.9% route)

--------------------------------------------------------------------------------
Slack:                  0.918ns (requirement - (data path - clock path skew + uncertainty))
  Source:               u/campaign/kernel/core/evaluator_i/objective_0 (FF)
  Destination:          u/campaign/kernel/core/evaluator_i/divisor_16 (FF)
  Requirement:          10.000ns
  Data Path Delay:      9.024ns (Levels of Logic = 11)
  Clock Path Skew:      -0.023ns (0.330 - 0.353)
  Source Clock:         clk_100mhz_BUFGP rising at 0.000ns
  Destination Clock:    clk_100mhz_BUFGP rising at 10.000ns
  Clock Uncertainty:    0.035ns

  Clock Uncertainty:          0.035ns  ((TSJ^2 + TIJ^2)^1/2 + DJ) / 2 + PE
    Total System Jitter (TSJ):  0.070ns
    Total Input Jitter (TIJ):   0.000ns
    Discrete Jitter (DJ):       0.000ns
    Phase Error (PE):           0.000ns

  Maximum Data Path at Slow Process Corner: u/campaign/kernel/core/evaluator_i/objective_0 to u/campaign/kernel/core/evaluator_i/divisor_16
    Location             Delay type         Delay(ns)  Physical Resource
                                                       Logical Resource(s)
    -------------------------------------------------  -------------------
    SLICE_X5Y19.AQ       Tcko                  0.430   u/campaign/kernel/core/evaluator_i/objective<0>
                                                       u/campaign/kernel/core/evaluator_i/objective_0
    SLICE_X9Y14.D3       net (fanout=55)       1.531   u/campaign/kernel/core/evaluator_i/objective<0>
    SLICE_X9Y14.D        Tilo                  0.259   u/campaign/kernel/core/evaluator_i/util1<3>
                                                       u/campaign/kernel/core/evaluator_i/obj1<3>1
    SLICE_X6Y12.B3       net (fanout=5)        1.210   u/campaign/kernel/core/evaluator_i/obj1<3>
    SLICE_X6Y12.COUT     Topcyb                0.483   u/campaign/kernel/core/evaluator_i/Mcompar_obj1[31]_obj0[31]_LessThan_11_o_cy<3>
                                                       u/campaign/kernel/core/evaluator_i/Mcompar_obj1[31]_obj0[31]_LessThan_11_o_lut<1>
                                                       u/campaign/kernel/core/evaluator_i/Mcompar_obj1[31]_obj0[31]_LessThan_11_o_cy<3>
    SLICE_X6Y13.CIN      net (fanout=1)        0.003   u/campaign/kernel/core/evaluator_i/Mcompar_obj1[31]_obj0[31]_LessThan_11_o_cy<3>
    SLICE_X6Y13.COUT     Tbyp                  0.093   u/campaign/kernel/core/evaluator_i/Mcompar_obj1[31]_obj0[31]_LessThan_11_o_cy<7>
                                                       u/campaign/kernel/core/evaluator_i/Mcompar_obj1[31]_obj0[31]_LessThan_11_o_cy<7>
    SLICE_X6Y14.CIN      net (fanout=1)        0.003   u/campaign/kernel/core/evaluator_i/Mcompar_obj1[31]_obj0[31]_LessThan_11_o_cy<7>
    SLICE_X6Y14.COUT     Tbyp                  0.093   u/campaign/kernel/core/evaluator_i/Mcompar_obj1[31]_obj0[31]_LessThan_11_o_cy<11>
                                                       u/campaign/kernel/core/evaluator_i/Mcompar_obj1[31]_obj0[31]_LessThan_11_o_cy<11>
    SLICE_X6Y15.CIN      net (fanout=1)        0.003   u/campaign/kernel/core/evaluator_i/Mcompar_obj1[31]_obj0[31]_LessThan_11_o_cy<11>
    SLICE_X6Y15.DMUX     Tcind                 0.305   u/campaign/kernel/core/evaluator_i/util0<4>
                                                       u/campaign/kernel/core/evaluator_i/Mcompar_obj1[31]_obj0[31]_LessThan_11_o_cy<15>
    SLICE_X7Y15.C5       net (fanout=17)       0.882   u/campaign/kernel/core/evaluator_i/Mcompar_obj1[31]_obj0[31]_LessThan_11_o_cy<15>
    SLICE_X7Y15.C        Tilo                  0.259   u/campaign/kernel/core/evaluator_i/util1<7>
                                                       u/campaign/kernel/core/evaluator_i/Mmux_difference_A281
    SLICE_X4Y15.BX       net (fanout=1)        1.446   u/campaign/kernel/core/evaluator_i/Mmux_difference_rs_A<5>
    SLICE_X4Y15.COUT     Tbxcy                 0.197   u/campaign/kernel/core/evaluator_i/difference_reg<7>
                                                       u/campaign/kernel/core/evaluator_i/Mmux_difference_rs_cy<7>
    SLICE_X4Y16.CIN      net (fanout=1)        0.003   u/campaign/kernel/core/evaluator_i/Mmux_difference_rs_cy<7>
    SLICE_X4Y16.BMUX     Tcinb                 0.277   u/campaign/kernel/core/evaluator_i/difference_reg<11>
                                                       u/campaign/kernel/core/evaluator_i/Mmux_difference_rs_cy<11>
    SLICE_X6Y18.B4       net (fanout=1)        0.752   u/campaign/kernel/core/evaluator_i/difference<9>
    SLICE_X6Y18.COUT     Topcyb                0.483   u/campaign/kernel/core/evaluator_i/divisor<11>
                                                       u/campaign/kernel/core/evaluator_i/difference<9>_rt
                                                       u/campaign/kernel/core/evaluator_i/Madd_n0506_cy<11>
    SLICE_X6Y19.CIN      net (fanout=1)        0.003   u/campaign/kernel/core/evaluator_i/Madd_n0506_cy<11>
    SLICE_X6Y19.COUT     Tbyp                  0.093   u/campaign/kernel/core/evaluator_i/divisor<15>
                                                       u/campaign/kernel/core/evaluator_i/Madd_n0506_cy<15>
    SLICE_X6Y20.CIN      net (fanout=1)        0.003   u/campaign/kernel/core/evaluator_i/Madd_n0506_cy<15>
    SLICE_X6Y20.CLK      Tcinck                0.213   u/campaign/kernel/core/evaluator_i/divisor<17>
                                                       u/campaign/kernel/core/evaluator_i/Madd_n0506_xor<17>
                                                       u/campaign/kernel/core/evaluator_i/divisor_16
    -------------------------------------------------  ---------------------------
    Total                                      9.024ns (3.185ns logic, 5.839ns route)
                                                       (35.3% logic, 64.7% route)

--------------------------------------------------------------------------------

Paths for end point u/campaign/kernel/core/evaluator_i/divisor_13 (SLICE_X6Y19.CIN), 22956 paths
--------------------------------------------------------------------------------
Slack:                  0.799ns (requirement - (data path - clock path skew + uncertainty))
  Source:               u/campaign/kernel/core/evaluator_i/objective_0 (FF)
  Destination:          u/campaign/kernel/core/evaluator_i/divisor_13 (FF)
  Requirement:          10.000ns
  Data Path Delay:      9.145ns (Levels of Logic = 10)
  Clock Path Skew:      -0.021ns (0.332 - 0.353)
  Source Clock:         clk_100mhz_BUFGP rising at 0.000ns
  Destination Clock:    clk_100mhz_BUFGP rising at 10.000ns
  Clock Uncertainty:    0.035ns

  Clock Uncertainty:          0.035ns  ((TSJ^2 + TIJ^2)^1/2 + DJ) / 2 + PE
    Total System Jitter (TSJ):  0.070ns
    Total Input Jitter (TIJ):   0.000ns
    Discrete Jitter (DJ):       0.000ns
    Phase Error (PE):           0.000ns

  Maximum Data Path at Slow Process Corner: u/campaign/kernel/core/evaluator_i/objective_0 to u/campaign/kernel/core/evaluator_i/divisor_13
    Location             Delay type         Delay(ns)  Physical Resource
                                                       Logical Resource(s)
    -------------------------------------------------  -------------------
    SLICE_X5Y19.AQ       Tcko                  0.430   u/campaign/kernel/core/evaluator_i/objective<0>
                                                       u/campaign/kernel/core/evaluator_i/objective_0
    SLICE_X9Y14.D3       net (fanout=55)       1.531   u/campaign/kernel/core/evaluator_i/objective<0>
    SLICE_X9Y14.D        Tilo                  0.259   u/campaign/kernel/core/evaluator_i/util1<3>
                                                       u/campaign/kernel/core/evaluator_i/obj1<3>1
    SLICE_X6Y12.B3       net (fanout=5)        1.210   u/campaign/kernel/core/evaluator_i/obj1<3>
    SLICE_X6Y12.COUT     Topcyb                0.483   u/campaign/kernel/core/evaluator_i/Mcompar_obj1[31]_obj0[31]_LessThan_11_o_cy<3>
                                                       u/campaign/kernel/core/evaluator_i/Mcompar_obj1[31]_obj0[31]_LessThan_11_o_lut<1>
                                                       u/campaign/kernel/core/evaluator_i/Mcompar_obj1[31]_obj0[31]_LessThan_11_o_cy<3>
    SLICE_X6Y13.CIN      net (fanout=1)        0.003   u/campaign/kernel/core/evaluator_i/Mcompar_obj1[31]_obj0[31]_LessThan_11_o_cy<3>
    SLICE_X6Y13.COUT     Tbyp                  0.093   u/campaign/kernel/core/evaluator_i/Mcompar_obj1[31]_obj0[31]_LessThan_11_o_cy<7>
                                                       u/campaign/kernel/core/evaluator_i/Mcompar_obj1[31]_obj0[31]_LessThan_11_o_cy<7>
    SLICE_X6Y14.CIN      net (fanout=1)        0.003   u/campaign/kernel/core/evaluator_i/Mcompar_obj1[31]_obj0[31]_LessThan_11_o_cy<7>
    SLICE_X6Y14.COUT     Tbyp                  0.093   u/campaign/kernel/core/evaluator_i/Mcompar_obj1[31]_obj0[31]_LessThan_11_o_cy<11>
                                                       u/campaign/kernel/core/evaluator_i/Mcompar_obj1[31]_obj0[31]_LessThan_11_o_cy<11>
    SLICE_X6Y15.CIN      net (fanout=1)        0.003   u/campaign/kernel/core/evaluator_i/Mcompar_obj1[31]_obj0[31]_LessThan_11_o_cy<11>
    SLICE_X6Y15.DMUX     Tcind                 0.305   u/campaign/kernel/core/evaluator_i/util0<4>
                                                       u/campaign/kernel/core/evaluator_i/Mcompar_obj1[31]_obj0[31]_LessThan_11_o_cy<15>
    SLICE_X7Y15.C5       net (fanout=17)       0.882   u/campaign/kernel/core/evaluator_i/Mcompar_obj1[31]_obj0[31]_LessThan_11_o_cy<15>
    SLICE_X7Y15.C        Tilo                  0.259   u/campaign/kernel/core/evaluator_i/util1<7>
                                                       u/campaign/kernel/core/evaluator_i/Mmux_difference_A281
    SLICE_X4Y15.BX       net (fanout=1)        1.446   u/campaign/kernel/core/evaluator_i/Mmux_difference_rs_A<5>
    SLICE_X4Y15.COUT     Tbxcy                 0.197   u/campaign/kernel/core/evaluator_i/difference_reg<7>
                                                       u/campaign/kernel/core/evaluator_i/Mmux_difference_rs_cy<7>
    SLICE_X4Y16.CIN      net (fanout=1)        0.003   u/campaign/kernel/core/evaluator_i/Mmux_difference_rs_cy<7>
    SLICE_X4Y16.AMUX     Tcina                 0.210   u/campaign/kernel/core/evaluator_i/difference_reg<11>
                                                       u/campaign/kernel/core/evaluator_i/Mmux_difference_rs_cy<11>
    SLICE_X6Y18.A2       net (fanout=1)        0.955   u/campaign/kernel/core/evaluator_i/difference<8>
    SLICE_X6Y18.COUT     Topcya                0.474   u/campaign/kernel/core/evaluator_i/divisor<11>
                                                       u/campaign/kernel/core/evaluator_i/difference<8>_rt
                                                       u/campaign/kernel/core/evaluator_i/Madd_n0506_cy<11>
    SLICE_X6Y19.CIN      net (fanout=1)        0.003   u/campaign/kernel/core/evaluator_i/Madd_n0506_cy<11>
    SLICE_X6Y19.CLK      Tcinck                0.303   u/campaign/kernel/core/evaluator_i/divisor<15>
                                                       u/campaign/kernel/core/evaluator_i/Madd_n0506_cy<15>
                                                       u/campaign/kernel/core/evaluator_i/divisor_13
    -------------------------------------------------  ---------------------------
    Total                                      9.145ns (3.106ns logic, 6.039ns route)
                                                       (34.0% logic, 66.0% route)

--------------------------------------------------------------------------------
Slack:                  0.861ns (requirement - (data path - clock path skew + uncertainty))
  Source:               u/campaign/kernel/core/evaluator_i/objective_1 (FF)
  Destination:          u/campaign/kernel/core/evaluator_i/divisor_13 (FF)
  Requirement:          10.000ns
  Data Path Delay:      9.083ns (Levels of Logic = 10)
  Clock Path Skew:      -0.021ns (0.332 - 0.353)
  Source Clock:         clk_100mhz_BUFGP rising at 0.000ns
  Destination Clock:    clk_100mhz_BUFGP rising at 10.000ns
  Clock Uncertainty:    0.035ns

  Clock Uncertainty:          0.035ns  ((TSJ^2 + TIJ^2)^1/2 + DJ) / 2 + PE
    Total System Jitter (TSJ):  0.070ns
    Total Input Jitter (TIJ):   0.000ns
    Discrete Jitter (DJ):       0.000ns
    Phase Error (PE):           0.000ns

  Maximum Data Path at Slow Process Corner: u/campaign/kernel/core/evaluator_i/objective_1 to u/campaign/kernel/core/evaluator_i/divisor_13
    Location             Delay type         Delay(ns)  Physical Resource
                                                       Logical Resource(s)
    -------------------------------------------------  -------------------
    SLICE_X5Y19.AMUX     Tshcko                0.518   u/campaign/kernel/core/evaluator_i/objective<0>
                                                       u/campaign/kernel/core/evaluator_i/objective_1
    SLICE_X9Y14.D5       net (fanout=59)       1.381   u/campaign/kernel/core/evaluator_i/objective<1>
    SLICE_X9Y14.D        Tilo                  0.259   u/campaign/kernel/core/evaluator_i/util1<3>
                                                       u/campaign/kernel/core/evaluator_i/obj1<3>1
    SLICE_X6Y12.B3       net (fanout=5)        1.210   u/campaign/kernel/core/evaluator_i/obj1<3>
    SLICE_X6Y12.COUT     Topcyb                0.483   u/campaign/kernel/core/evaluator_i/Mcompar_obj1[31]_obj0[31]_LessThan_11_o_cy<3>
                                                       u/campaign/kernel/core/evaluator_i/Mcompar_obj1[31]_obj0[31]_LessThan_11_o_lut<1>
                                                       u/campaign/kernel/core/evaluator_i/Mcompar_obj1[31]_obj0[31]_LessThan_11_o_cy<3>
    SLICE_X6Y13.CIN      net (fanout=1)        0.003   u/campaign/kernel/core/evaluator_i/Mcompar_obj1[31]_obj0[31]_LessThan_11_o_cy<3>
    SLICE_X6Y13.COUT     Tbyp                  0.093   u/campaign/kernel/core/evaluator_i/Mcompar_obj1[31]_obj0[31]_LessThan_11_o_cy<7>
                                                       u/campaign/kernel/core/evaluator_i/Mcompar_obj1[31]_obj0[31]_LessThan_11_o_cy<7>
    SLICE_X6Y14.CIN      net (fanout=1)        0.003   u/campaign/kernel/core/evaluator_i/Mcompar_obj1[31]_obj0[31]_LessThan_11_o_cy<7>
    SLICE_X6Y14.COUT     Tbyp                  0.093   u/campaign/kernel/core/evaluator_i/Mcompar_obj1[31]_obj0[31]_LessThan_11_o_cy<11>
                                                       u/campaign/kernel/core/evaluator_i/Mcompar_obj1[31]_obj0[31]_LessThan_11_o_cy<11>
    SLICE_X6Y15.CIN      net (fanout=1)        0.003   u/campaign/kernel/core/evaluator_i/Mcompar_obj1[31]_obj0[31]_LessThan_11_o_cy<11>
    SLICE_X6Y15.DMUX     Tcind                 0.305   u/campaign/kernel/core/evaluator_i/util0<4>
                                                       u/campaign/kernel/core/evaluator_i/Mcompar_obj1[31]_obj0[31]_LessThan_11_o_cy<15>
    SLICE_X7Y15.C5       net (fanout=17)       0.882   u/campaign/kernel/core/evaluator_i/Mcompar_obj1[31]_obj0[31]_LessThan_11_o_cy<15>
    SLICE_X7Y15.C        Tilo                  0.259   u/campaign/kernel/core/evaluator_i/util1<7>
                                                       u/campaign/kernel/core/evaluator_i/Mmux_difference_A281
    SLICE_X4Y15.BX       net (fanout=1)        1.446   u/campaign/kernel/core/evaluator_i/Mmux_difference_rs_A<5>
    SLICE_X4Y15.COUT     Tbxcy                 0.197   u/campaign/kernel/core/evaluator_i/difference_reg<7>
                                                       u/campaign/kernel/core/evaluator_i/Mmux_difference_rs_cy<7>
    SLICE_X4Y16.CIN      net (fanout=1)        0.003   u/campaign/kernel/core/evaluator_i/Mmux_difference_rs_cy<7>
    SLICE_X4Y16.AMUX     Tcina                 0.210   u/campaign/kernel/core/evaluator_i/difference_reg<11>
                                                       u/campaign/kernel/core/evaluator_i/Mmux_difference_rs_cy<11>
    SLICE_X6Y18.A2       net (fanout=1)        0.955   u/campaign/kernel/core/evaluator_i/difference<8>
    SLICE_X6Y18.COUT     Topcya                0.474   u/campaign/kernel/core/evaluator_i/divisor<11>
                                                       u/campaign/kernel/core/evaluator_i/difference<8>_rt
                                                       u/campaign/kernel/core/evaluator_i/Madd_n0506_cy<11>
    SLICE_X6Y19.CIN      net (fanout=1)        0.003   u/campaign/kernel/core/evaluator_i/Madd_n0506_cy<11>
    SLICE_X6Y19.CLK      Tcinck                0.303   u/campaign/kernel/core/evaluator_i/divisor<15>
                                                       u/campaign/kernel/core/evaluator_i/Madd_n0506_cy<15>
                                                       u/campaign/kernel/core/evaluator_i/divisor_13
    -------------------------------------------------  ---------------------------
    Total                                      9.083ns (3.194ns logic, 5.889ns route)
                                                       (35.2% logic, 64.8% route)

--------------------------------------------------------------------------------
Slack:                  0.867ns (requirement - (data path - clock path skew + uncertainty))
  Source:               u/campaign/kernel/core/evaluator_i/objective_0 (FF)
  Destination:          u/campaign/kernel/core/evaluator_i/divisor_13 (FF)
  Requirement:          10.000ns
  Data Path Delay:      9.077ns (Levels of Logic = 10)
  Clock Path Skew:      -0.021ns (0.332 - 0.353)
  Source Clock:         clk_100mhz_BUFGP rising at 0.000ns
  Destination Clock:    clk_100mhz_BUFGP rising at 10.000ns
  Clock Uncertainty:    0.035ns

  Clock Uncertainty:          0.035ns  ((TSJ^2 + TIJ^2)^1/2 + DJ) / 2 + PE
    Total System Jitter (TSJ):  0.070ns
    Total Input Jitter (TIJ):   0.000ns
    Discrete Jitter (DJ):       0.000ns
    Phase Error (PE):           0.000ns

  Maximum Data Path at Slow Process Corner: u/campaign/kernel/core/evaluator_i/objective_0 to u/campaign/kernel/core/evaluator_i/divisor_13
    Location             Delay type         Delay(ns)  Physical Resource
                                                       Logical Resource(s)
    -------------------------------------------------  -------------------
    SLICE_X5Y19.AQ       Tcko                  0.430   u/campaign/kernel/core/evaluator_i/objective<0>
                                                       u/campaign/kernel/core/evaluator_i/objective_0
    SLICE_X9Y14.D3       net (fanout=55)       1.531   u/campaign/kernel/core/evaluator_i/objective<0>
    SLICE_X9Y14.D        Tilo                  0.259   u/campaign/kernel/core/evaluator_i/util1<3>
                                                       u/campaign/kernel/core/evaluator_i/obj1<3>1
    SLICE_X6Y12.B3       net (fanout=5)        1.210   u/campaign/kernel/core/evaluator_i/obj1<3>
    SLICE_X6Y12.COUT     Topcyb                0.483   u/campaign/kernel/core/evaluator_i/Mcompar_obj1[31]_obj0[31]_LessThan_11_o_cy<3>
                                                       u/campaign/kernel/core/evaluator_i/Mcompar_obj1[31]_obj0[31]_LessThan_11_o_lut<1>
                                                       u/campaign/kernel/core/evaluator_i/Mcompar_obj1[31]_obj0[31]_LessThan_11_o_cy<3>
    SLICE_X6Y13.CIN      net (fanout=1)        0.003   u/campaign/kernel/core/evaluator_i/Mcompar_obj1[31]_obj0[31]_LessThan_11_o_cy<3>
    SLICE_X6Y13.COUT     Tbyp                  0.093   u/campaign/kernel/core/evaluator_i/Mcompar_obj1[31]_obj0[31]_LessThan_11_o_cy<7>
                                                       u/campaign/kernel/core/evaluator_i/Mcompar_obj1[31]_obj0[31]_LessThan_11_o_cy<7>
    SLICE_X6Y14.CIN      net (fanout=1)        0.003   u/campaign/kernel/core/evaluator_i/Mcompar_obj1[31]_obj0[31]_LessThan_11_o_cy<7>
    SLICE_X6Y14.COUT     Tbyp                  0.093   u/campaign/kernel/core/evaluator_i/Mcompar_obj1[31]_obj0[31]_LessThan_11_o_cy<11>
                                                       u/campaign/kernel/core/evaluator_i/Mcompar_obj1[31]_obj0[31]_LessThan_11_o_cy<11>
    SLICE_X6Y15.CIN      net (fanout=1)        0.003   u/campaign/kernel/core/evaluator_i/Mcompar_obj1[31]_obj0[31]_LessThan_11_o_cy<11>
    SLICE_X6Y15.DMUX     Tcind                 0.305   u/campaign/kernel/core/evaluator_i/util0<4>
                                                       u/campaign/kernel/core/evaluator_i/Mcompar_obj1[31]_obj0[31]_LessThan_11_o_cy<15>
    SLICE_X7Y15.C5       net (fanout=17)       0.882   u/campaign/kernel/core/evaluator_i/Mcompar_obj1[31]_obj0[31]_LessThan_11_o_cy<15>
    SLICE_X7Y15.C        Tilo                  0.259   u/campaign/kernel/core/evaluator_i/util1<7>
                                                       u/campaign/kernel/core/evaluator_i/Mmux_difference_A281
    SLICE_X4Y15.BX       net (fanout=1)        1.446   u/campaign/kernel/core/evaluator_i/Mmux_difference_rs_A<5>
    SLICE_X4Y15.COUT     Tbxcy                 0.197   u/campaign/kernel/core/evaluator_i/difference_reg<7>
                                                       u/campaign/kernel/core/evaluator_i/Mmux_difference_rs_cy<7>
    SLICE_X4Y16.CIN      net (fanout=1)        0.003   u/campaign/kernel/core/evaluator_i/Mmux_difference_rs_cy<7>
    SLICE_X4Y16.CMUX     Tcinc                 0.289   u/campaign/kernel/core/evaluator_i/difference_reg<11>
                                                       u/campaign/kernel/core/evaluator_i/Mmux_difference_rs_cy<11>
    SLICE_X6Y18.C2       net (fanout=1)        0.954   u/campaign/kernel/core/evaluator_i/difference<10>
    SLICE_X6Y18.COUT     Topcyc                0.328   u/campaign/kernel/core/evaluator_i/divisor<11>
                                                       u/campaign/kernel/core/evaluator_i/difference<10>_rt
                                                       u/campaign/kernel/core/evaluator_i/Madd_n0506_cy<11>
    SLICE_X6Y19.CIN      net (fanout=1)        0.003   u/campaign/kernel/core/evaluator_i/Madd_n0506_cy<11>
    SLICE_X6Y19.CLK      Tcinck                0.303   u/campaign/kernel/core/evaluator_i/divisor<15>
                                                       u/campaign/kernel/core/evaluator_i/Madd_n0506_cy<15>
                                                       u/campaign/kernel/core/evaluator_i/divisor_13
    -------------------------------------------------  ---------------------------
    Total                                      9.077ns (3.039ns logic, 6.038ns route)
                                                       (33.5% logic, 66.5% route)

--------------------------------------------------------------------------------
Slack:                  0.892ns (requirement - (data path - clock path skew + uncertainty))
  Source:               u/campaign/kernel/core/evaluator_i/objective_0 (FF)
  Destination:          u/campaign/kernel/core/evaluator_i/divisor_13 (FF)
  Requirement:          10.000ns
  Data Path Delay:      9.052ns (Levels of Logic = 10)
  Clock Path Skew:      -0.021ns (0.332 - 0.353)
  Source Clock:         clk_100mhz_BUFGP rising at 0.000ns
  Destination Clock:    clk_100mhz_BUFGP rising at 10.000ns
  Clock Uncertainty:    0.035ns

  Clock Uncertainty:          0.035ns  ((TSJ^2 + TIJ^2)^1/2 + DJ) / 2 + PE
    Total System Jitter (TSJ):  0.070ns
    Total Input Jitter (TIJ):   0.000ns
    Discrete Jitter (DJ):       0.000ns
    Phase Error (PE):           0.000ns

  Maximum Data Path at Slow Process Corner: u/campaign/kernel/core/evaluator_i/objective_0 to u/campaign/kernel/core/evaluator_i/divisor_13
    Location             Delay type         Delay(ns)  Physical Resource
                                                       Logical Resource(s)
    -------------------------------------------------  -------------------
    SLICE_X5Y19.AQ       Tcko                  0.430   u/campaign/kernel/core/evaluator_i/objective<0>
                                                       u/campaign/kernel/core/evaluator_i/objective_0
    SLICE_X9Y14.D3       net (fanout=55)       1.531   u/campaign/kernel/core/evaluator_i/objective<0>
    SLICE_X9Y14.D        Tilo                  0.259   u/campaign/kernel/core/evaluator_i/util1<3>
                                                       u/campaign/kernel/core/evaluator_i/obj1<3>1
    SLICE_X6Y12.B3       net (fanout=5)        1.210   u/campaign/kernel/core/evaluator_i/obj1<3>
    SLICE_X6Y12.COUT     Topcyb                0.390   u/campaign/kernel/core/evaluator_i/Mcompar_obj1[31]_obj0[31]_LessThan_11_o_cy<3>
                                                       u/campaign/kernel/core/evaluator_i/Mcompar_obj1[31]_obj0[31]_LessThan_11_o_lutdi1
                                                       u/campaign/kernel/core/evaluator_i/Mcompar_obj1[31]_obj0[31]_LessThan_11_o_cy<3>
    SLICE_X6Y13.CIN      net (fanout=1)        0.003   u/campaign/kernel/core/evaluator_i/Mcompar_obj1[31]_obj0[31]_LessThan_11_o_cy<3>
    SLICE_X6Y13.COUT     Tbyp                  0.093   u/campaign/kernel/core/evaluator_i/Mcompar_obj1[31]_obj0[31]_LessThan_11_o_cy<7>
                                                       u/campaign/kernel/core/evaluator_i/Mcompar_obj1[31]_obj0[31]_LessThan_11_o_cy<7>
    SLICE_X6Y14.CIN      net (fanout=1)        0.003   u/campaign/kernel/core/evaluator_i/Mcompar_obj1[31]_obj0[31]_LessThan_11_o_cy<7>
    SLICE_X6Y14.COUT     Tbyp                  0.093   u/campaign/kernel/core/evaluator_i/Mcompar_obj1[31]_obj0[31]_LessThan_11_o_cy<11>
                                                       u/campaign/kernel/core/evaluator_i/Mcompar_obj1[31]_obj0[31]_LessThan_11_o_cy<11>
    SLICE_X6Y15.CIN      net (fanout=1)        0.003   u/campaign/kernel/core/evaluator_i/Mcompar_obj1[31]_obj0[31]_LessThan_11_o_cy<11>
    SLICE_X6Y15.DMUX     Tcind                 0.305   u/campaign/kernel/core/evaluator_i/util0<4>
                                                       u/campaign/kernel/core/evaluator_i/Mcompar_obj1[31]_obj0[31]_LessThan_11_o_cy<15>
    SLICE_X7Y15.C5       net (fanout=17)       0.882   u/campaign/kernel/core/evaluator_i/Mcompar_obj1[31]_obj0[31]_LessThan_11_o_cy<15>
    SLICE_X7Y15.C        Tilo                  0.259   u/campaign/kernel/core/evaluator_i/util1<7>
                                                       u/campaign/kernel/core/evaluator_i/Mmux_difference_A281
    SLICE_X4Y15.BX       net (fanout=1)        1.446   u/campaign/kernel/core/evaluator_i/Mmux_difference_rs_A<5>
    SLICE_X4Y15.COUT     Tbxcy                 0.197   u/campaign/kernel/core/evaluator_i/difference_reg<7>
                                                       u/campaign/kernel/core/evaluator_i/Mmux_difference_rs_cy<7>
    SLICE_X4Y16.CIN      net (fanout=1)        0.003   u/campaign/kernel/core/evaluator_i/Mmux_difference_rs_cy<7>
    SLICE_X4Y16.AMUX     Tcina                 0.210   u/campaign/kernel/core/evaluator_i/difference_reg<11>
                                                       u/campaign/kernel/core/evaluator_i/Mmux_difference_rs_cy<11>
    SLICE_X6Y18.A2       net (fanout=1)        0.955   u/campaign/kernel/core/evaluator_i/difference<8>
    SLICE_X6Y18.COUT     Topcya                0.474   u/campaign/kernel/core/evaluator_i/divisor<11>
                                                       u/campaign/kernel/core/evaluator_i/difference<8>_rt
                                                       u/campaign/kernel/core/evaluator_i/Madd_n0506_cy<11>
    SLICE_X6Y19.CIN      net (fanout=1)        0.003   u/campaign/kernel/core/evaluator_i/Madd_n0506_cy<11>
    SLICE_X6Y19.CLK      Tcinck                0.303   u/campaign/kernel/core/evaluator_i/divisor<15>
                                                       u/campaign/kernel/core/evaluator_i/Madd_n0506_cy<15>
                                                       u/campaign/kernel/core/evaluator_i/divisor_13
    -------------------------------------------------  ---------------------------
    Total                                      9.052ns (3.013ns logic, 6.039ns route)
                                                       (33.3% logic, 66.7% route)

--------------------------------------------------------------------------------
Slack:                  0.920ns (requirement - (data path - clock path skew + uncertainty))
  Source:               u/campaign/kernel/core/evaluator_i/objective_0 (FF)
  Destination:          u/campaign/kernel/core/evaluator_i/divisor_13 (FF)
  Requirement:          10.000ns
  Data Path Delay:      9.024ns (Levels of Logic = 10)
  Clock Path Skew:      -0.021ns (0.332 - 0.353)
  Source Clock:         clk_100mhz_BUFGP rising at 0.000ns
  Destination Clock:    clk_100mhz_BUFGP rising at 10.000ns
  Clock Uncertainty:    0.035ns

  Clock Uncertainty:          0.035ns  ((TSJ^2 + TIJ^2)^1/2 + DJ) / 2 + PE
    Total System Jitter (TSJ):  0.070ns
    Total Input Jitter (TIJ):   0.000ns
    Discrete Jitter (DJ):       0.000ns
    Phase Error (PE):           0.000ns

  Maximum Data Path at Slow Process Corner: u/campaign/kernel/core/evaluator_i/objective_0 to u/campaign/kernel/core/evaluator_i/divisor_13
    Location             Delay type         Delay(ns)  Physical Resource
                                                       Logical Resource(s)
    -------------------------------------------------  -------------------
    SLICE_X5Y19.AQ       Tcko                  0.430   u/campaign/kernel/core/evaluator_i/objective<0>
                                                       u/campaign/kernel/core/evaluator_i/objective_0
    SLICE_X9Y14.D3       net (fanout=55)       1.531   u/campaign/kernel/core/evaluator_i/objective<0>
    SLICE_X9Y14.D        Tilo                  0.259   u/campaign/kernel/core/evaluator_i/util1<3>
                                                       u/campaign/kernel/core/evaluator_i/obj1<3>1
    SLICE_X6Y12.B3       net (fanout=5)        1.210   u/campaign/kernel/core/evaluator_i/obj1<3>
    SLICE_X6Y12.COUT     Topcyb                0.483   u/campaign/kernel/core/evaluator_i/Mcompar_obj1[31]_obj0[31]_LessThan_11_o_cy<3>
                                                       u/campaign/kernel/core/evaluator_i/Mcompar_obj1[31]_obj0[31]_LessThan_11_o_lut<1>
                                                       u/campaign/kernel/core/evaluator_i/Mcompar_obj1[31]_obj0[31]_LessThan_11_o_cy<3>
    SLICE_X6Y13.CIN      net (fanout=1)        0.003   u/campaign/kernel/core/evaluator_i/Mcompar_obj1[31]_obj0[31]_LessThan_11_o_cy<3>
    SLICE_X6Y13.COUT     Tbyp                  0.093   u/campaign/kernel/core/evaluator_i/Mcompar_obj1[31]_obj0[31]_LessThan_11_o_cy<7>
                                                       u/campaign/kernel/core/evaluator_i/Mcompar_obj1[31]_obj0[31]_LessThan_11_o_cy<7>
    SLICE_X6Y14.CIN      net (fanout=1)        0.003   u/campaign/kernel/core/evaluator_i/Mcompar_obj1[31]_obj0[31]_LessThan_11_o_cy<7>
    SLICE_X6Y14.COUT     Tbyp                  0.093   u/campaign/kernel/core/evaluator_i/Mcompar_obj1[31]_obj0[31]_LessThan_11_o_cy<11>
                                                       u/campaign/kernel/core/evaluator_i/Mcompar_obj1[31]_obj0[31]_LessThan_11_o_cy<11>
    SLICE_X6Y15.CIN      net (fanout=1)        0.003   u/campaign/kernel/core/evaluator_i/Mcompar_obj1[31]_obj0[31]_LessThan_11_o_cy<11>
    SLICE_X6Y15.DMUX     Tcind                 0.305   u/campaign/kernel/core/evaluator_i/util0<4>
                                                       u/campaign/kernel/core/evaluator_i/Mcompar_obj1[31]_obj0[31]_LessThan_11_o_cy<15>
    SLICE_X7Y15.C5       net (fanout=17)       0.882   u/campaign/kernel/core/evaluator_i/Mcompar_obj1[31]_obj0[31]_LessThan_11_o_cy<15>
    SLICE_X7Y15.C        Tilo                  0.259   u/campaign/kernel/core/evaluator_i/util1<7>
                                                       u/campaign/kernel/core/evaluator_i/Mmux_difference_A281
    SLICE_X4Y15.BX       net (fanout=1)        1.446   u/campaign/kernel/core/evaluator_i/Mmux_difference_rs_A<5>
    SLICE_X4Y15.CMUX     Taxc                  0.340   u/campaign/kernel/core/evaluator_i/difference_reg<7>
                                                       u/campaign/kernel/core/evaluator_i/Mmux_difference_rs_cy<7>
    SLICE_X6Y17.C2       net (fanout=1)        0.954   u/campaign/kernel/core/evaluator_i/difference<6>
    SLICE_X6Y17.COUT     Topcyc                0.328   u/campaign/kernel/core/evaluator_i/divisor<7>
                                                       u/campaign/kernel/core/evaluator_i/difference<6>_rt
                                                       u/campaign/kernel/core/evaluator_i/Madd_n0506_cy<7>
    SLICE_X6Y18.CIN      net (fanout=1)        0.003   u/campaign/kernel/core/evaluator_i/Madd_n0506_cy<7>
    SLICE_X6Y18.COUT     Tbyp                  0.093   u/campaign/kernel/core/evaluator_i/divisor<11>
                                                       u/campaign/kernel/core/evaluator_i/Madd_n0506_cy<11>
    SLICE_X6Y19.CIN      net (fanout=1)        0.003   u/campaign/kernel/core/evaluator_i/Madd_n0506_cy<11>
    SLICE_X6Y19.CLK      Tcinck                0.303   u/campaign/kernel/core/evaluator_i/divisor<15>
                                                       u/campaign/kernel/core/evaluator_i/Madd_n0506_cy<15>
                                                       u/campaign/kernel/core/evaluator_i/divisor_13
    -------------------------------------------------  ---------------------------
    Total                                      9.024ns (2.986ns logic, 6.038ns route)
                                                       (33.1% logic, 66.9% route)

--------------------------------------------------------------------------------
Slack:                  0.926ns (requirement - (data path - clock path skew + uncertainty))
  Source:               u/campaign/kernel/core/evaluator_i/objective_0 (FF)
  Destination:          u/campaign/kernel/core/evaluator_i/divisor_13 (FF)
  Requirement:          10.000ns
  Data Path Delay:      9.018ns (Levels of Logic = 10)
  Clock Path Skew:      -0.021ns (0.332 - 0.353)
  Source Clock:         clk_100mhz_BUFGP rising at 0.000ns
  Destination Clock:    clk_100mhz_BUFGP rising at 10.000ns
  Clock Uncertainty:    0.035ns

  Clock Uncertainty:          0.035ns  ((TSJ^2 + TIJ^2)^1/2 + DJ) / 2 + PE
    Total System Jitter (TSJ):  0.070ns
    Total Input Jitter (TIJ):   0.000ns
    Discrete Jitter (DJ):       0.000ns
    Phase Error (PE):           0.000ns

  Maximum Data Path at Slow Process Corner: u/campaign/kernel/core/evaluator_i/objective_0 to u/campaign/kernel/core/evaluator_i/divisor_13
    Location             Delay type         Delay(ns)  Physical Resource
                                                       Logical Resource(s)
    -------------------------------------------------  -------------------
    SLICE_X5Y19.AQ       Tcko                  0.430   u/campaign/kernel/core/evaluator_i/objective<0>
                                                       u/campaign/kernel/core/evaluator_i/objective_0
    SLICE_X9Y14.D3       net (fanout=55)       1.531   u/campaign/kernel/core/evaluator_i/objective<0>
    SLICE_X9Y14.D        Tilo                  0.259   u/campaign/kernel/core/evaluator_i/util1<3>
                                                       u/campaign/kernel/core/evaluator_i/obj1<3>1
    SLICE_X6Y12.B3       net (fanout=5)        1.210   u/campaign/kernel/core/evaluator_i/obj1<3>
    SLICE_X6Y12.COUT     Topcyb                0.483   u/campaign/kernel/core/evaluator_i/Mcompar_obj1[31]_obj0[31]_LessThan_11_o_cy<3>
                                                       u/campaign/kernel/core/evaluator_i/Mcompar_obj1[31]_obj0[31]_LessThan_11_o_lut<1>
                                                       u/campaign/kernel/core/evaluator_i/Mcompar_obj1[31]_obj0[31]_LessThan_11_o_cy<3>
    SLICE_X6Y13.CIN      net (fanout=1)        0.003   u/campaign/kernel/core/evaluator_i/Mcompar_obj1[31]_obj0[31]_LessThan_11_o_cy<3>
    SLICE_X6Y13.COUT     Tbyp                  0.093   u/campaign/kernel/core/evaluator_i/Mcompar_obj1[31]_obj0[31]_LessThan_11_o_cy<7>
                                                       u/campaign/kernel/core/evaluator_i/Mcompar_obj1[31]_obj0[31]_LessThan_11_o_cy<7>
    SLICE_X6Y14.CIN      net (fanout=1)        0.003   u/campaign/kernel/core/evaluator_i/Mcompar_obj1[31]_obj0[31]_LessThan_11_o_cy<7>
    SLICE_X6Y14.COUT     Tbyp                  0.093   u/campaign/kernel/core/evaluator_i/Mcompar_obj1[31]_obj0[31]_LessThan_11_o_cy<11>
                                                       u/campaign/kernel/core/evaluator_i/Mcompar_obj1[31]_obj0[31]_LessThan_11_o_cy<11>
    SLICE_X6Y15.CIN      net (fanout=1)        0.003   u/campaign/kernel/core/evaluator_i/Mcompar_obj1[31]_obj0[31]_LessThan_11_o_cy<11>
    SLICE_X6Y15.DMUX     Tcind                 0.305   u/campaign/kernel/core/evaluator_i/util0<4>
                                                       u/campaign/kernel/core/evaluator_i/Mcompar_obj1[31]_obj0[31]_LessThan_11_o_cy<15>
    SLICE_X7Y15.C5       net (fanout=17)       0.882   u/campaign/kernel/core/evaluator_i/Mcompar_obj1[31]_obj0[31]_LessThan_11_o_cy<15>
    SLICE_X7Y15.C        Tilo                  0.259   u/campaign/kernel/core/evaluator_i/util1<7>
                                                       u/campaign/kernel/core/evaluator_i/Mmux_difference_A281
    SLICE_X4Y15.BX       net (fanout=1)        1.446   u/campaign/kernel/core/evaluator_i/Mmux_difference_rs_A<5>
    SLICE_X4Y15.COUT     Tbxcy                 0.197   u/campaign/kernel/core/evaluator_i/difference_reg<7>
                                                       u/campaign/kernel/core/evaluator_i/Mmux_difference_rs_cy<7>
    SLICE_X4Y16.CIN      net (fanout=1)        0.003   u/campaign/kernel/core/evaluator_i/Mmux_difference_rs_cy<7>
    SLICE_X4Y16.BMUX     Tcinb                 0.277   u/campaign/kernel/core/evaluator_i/difference_reg<11>
                                                       u/campaign/kernel/core/evaluator_i/Mmux_difference_rs_cy<11>
    SLICE_X6Y18.B4       net (fanout=1)        0.752   u/campaign/kernel/core/evaluator_i/difference<9>
    SLICE_X6Y18.COUT     Topcyb                0.483   u/campaign/kernel/core/evaluator_i/divisor<11>
                                                       u/campaign/kernel/core/evaluator_i/difference<9>_rt
                                                       u/campaign/kernel/core/evaluator_i/Madd_n0506_cy<11>
    SLICE_X6Y19.CIN      net (fanout=1)        0.003   u/campaign/kernel/core/evaluator_i/Madd_n0506_cy<11>
    SLICE_X6Y19.CLK      Tcinck                0.303   u/campaign/kernel/core/evaluator_i/divisor<15>
                                                       u/campaign/kernel/core/evaluator_i/Madd_n0506_cy<15>
                                                       u/campaign/kernel/core/evaluator_i/divisor_13
    -------------------------------------------------  ---------------------------
    Total                                      9.018ns (3.182ns logic, 5.836ns route)
                                                       (35.3% logic, 64.7% route)

--------------------------------------------------------------------------------
Slack:                  0.929ns (requirement - (data path - clock path skew + uncertainty))
  Source:               u/campaign/kernel/core/evaluator_i/objective_1 (FF)
  Destination:          u/campaign/kernel/core/evaluator_i/divisor_13 (FF)
  Requirement:          10.000ns
  Data Path Delay:      9.015ns (Levels of Logic = 10)
  Clock Path Skew:      -0.021ns (0.332 - 0.353)
  Source Clock:         clk_100mhz_BUFGP rising at 0.000ns
  Destination Clock:    clk_100mhz_BUFGP rising at 10.000ns
  Clock Uncertainty:    0.035ns

  Clock Uncertainty:          0.035ns  ((TSJ^2 + TIJ^2)^1/2 + DJ) / 2 + PE
    Total System Jitter (TSJ):  0.070ns
    Total Input Jitter (TIJ):   0.000ns
    Discrete Jitter (DJ):       0.000ns
    Phase Error (PE):           0.000ns

  Maximum Data Path at Slow Process Corner: u/campaign/kernel/core/evaluator_i/objective_1 to u/campaign/kernel/core/evaluator_i/divisor_13
    Location             Delay type         Delay(ns)  Physical Resource
                                                       Logical Resource(s)
    -------------------------------------------------  -------------------
    SLICE_X5Y19.AMUX     Tshcko                0.518   u/campaign/kernel/core/evaluator_i/objective<0>
                                                       u/campaign/kernel/core/evaluator_i/objective_1
    SLICE_X9Y14.D5       net (fanout=59)       1.381   u/campaign/kernel/core/evaluator_i/objective<1>
    SLICE_X9Y14.D        Tilo                  0.259   u/campaign/kernel/core/evaluator_i/util1<3>
                                                       u/campaign/kernel/core/evaluator_i/obj1<3>1
    SLICE_X6Y12.B3       net (fanout=5)        1.210   u/campaign/kernel/core/evaluator_i/obj1<3>
    SLICE_X6Y12.COUT     Topcyb                0.483   u/campaign/kernel/core/evaluator_i/Mcompar_obj1[31]_obj0[31]_LessThan_11_o_cy<3>
                                                       u/campaign/kernel/core/evaluator_i/Mcompar_obj1[31]_obj0[31]_LessThan_11_o_lut<1>
                                                       u/campaign/kernel/core/evaluator_i/Mcompar_obj1[31]_obj0[31]_LessThan_11_o_cy<3>
    SLICE_X6Y13.CIN      net (fanout=1)        0.003   u/campaign/kernel/core/evaluator_i/Mcompar_obj1[31]_obj0[31]_LessThan_11_o_cy<3>
    SLICE_X6Y13.COUT     Tbyp                  0.093   u/campaign/kernel/core/evaluator_i/Mcompar_obj1[31]_obj0[31]_LessThan_11_o_cy<7>
                                                       u/campaign/kernel/core/evaluator_i/Mcompar_obj1[31]_obj0[31]_LessThan_11_o_cy<7>
    SLICE_X6Y14.CIN      net (fanout=1)        0.003   u/campaign/kernel/core/evaluator_i/Mcompar_obj1[31]_obj0[31]_LessThan_11_o_cy<7>
    SLICE_X6Y14.COUT     Tbyp                  0.093   u/campaign/kernel/core/evaluator_i/Mcompar_obj1[31]_obj0[31]_LessThan_11_o_cy<11>
                                                       u/campaign/kernel/core/evaluator_i/Mcompar_obj1[31]_obj0[31]_LessThan_11_o_cy<11>
    SLICE_X6Y15.CIN      net (fanout=1)        0.003   u/campaign/kernel/core/evaluator_i/Mcompar_obj1[31]_obj0[31]_LessThan_11_o_cy<11>
    SLICE_X6Y15.DMUX     Tcind                 0.305   u/campaign/kernel/core/evaluator_i/util0<4>
                                                       u/campaign/kernel/core/evaluator_i/Mcompar_obj1[31]_obj0[31]_LessThan_11_o_cy<15>
    SLICE_X7Y15.C5       net (fanout=17)       0.882   u/campaign/kernel/core/evaluator_i/Mcompar_obj1[31]_obj0[31]_LessThan_11_o_cy<15>
    SLICE_X7Y15.C        Tilo                  0.259   u/campaign/kernel/core/evaluator_i/util1<7>
                                                       u/campaign/kernel/core/evaluator_i/Mmux_difference_A281
    SLICE_X4Y15.BX       net (fanout=1)        1.446   u/campaign/kernel/core/evaluator_i/Mmux_difference_rs_A<5>
    SLICE_X4Y15.COUT     Tbxcy                 0.197   u/campaign/kernel/core/evaluator_i/difference_reg<7>
                                                       u/campaign/kernel/core/evaluator_i/Mmux_difference_rs_cy<7>
    SLICE_X4Y16.CIN      net (fanout=1)        0.003   u/campaign/kernel/core/evaluator_i/Mmux_difference_rs_cy<7>
    SLICE_X4Y16.CMUX     Tcinc                 0.289   u/campaign/kernel/core/evaluator_i/difference_reg<11>
                                                       u/campaign/kernel/core/evaluator_i/Mmux_difference_rs_cy<11>
    SLICE_X6Y18.C2       net (fanout=1)        0.954   u/campaign/kernel/core/evaluator_i/difference<10>
    SLICE_X6Y18.COUT     Topcyc                0.328   u/campaign/kernel/core/evaluator_i/divisor<11>
                                                       u/campaign/kernel/core/evaluator_i/difference<10>_rt
                                                       u/campaign/kernel/core/evaluator_i/Madd_n0506_cy<11>
    SLICE_X6Y19.CIN      net (fanout=1)        0.003   u/campaign/kernel/core/evaluator_i/Madd_n0506_cy<11>
    SLICE_X6Y19.CLK      Tcinck                0.303   u/campaign/kernel/core/evaluator_i/divisor<15>
                                                       u/campaign/kernel/core/evaluator_i/Madd_n0506_cy<15>
                                                       u/campaign/kernel/core/evaluator_i/divisor_13
    -------------------------------------------------  ---------------------------
    Total                                      9.015ns (3.127ns logic, 5.888ns route)
                                                       (34.7% logic, 65.3% route)

--------------------------------------------------------------------------------
Slack:                  0.954ns (requirement - (data path - clock path skew + uncertainty))
  Source:               u/campaign/kernel/core/evaluator_i/objective_1 (FF)
  Destination:          u/campaign/kernel/core/evaluator_i/divisor_13 (FF)
  Requirement:          10.000ns
  Data Path Delay:      8.990ns (Levels of Logic = 10)
  Clock Path Skew:      -0.021ns (0.332 - 0.353)
  Source Clock:         clk_100mhz_BUFGP rising at 0.000ns
  Destination Clock:    clk_100mhz_BUFGP rising at 10.000ns
  Clock Uncertainty:    0.035ns

  Clock Uncertainty:          0.035ns  ((TSJ^2 + TIJ^2)^1/2 + DJ) / 2 + PE
    Total System Jitter (TSJ):  0.070ns
    Total Input Jitter (TIJ):   0.000ns
    Discrete Jitter (DJ):       0.000ns
    Phase Error (PE):           0.000ns

  Maximum Data Path at Slow Process Corner: u/campaign/kernel/core/evaluator_i/objective_1 to u/campaign/kernel/core/evaluator_i/divisor_13
    Location             Delay type         Delay(ns)  Physical Resource
                                                       Logical Resource(s)
    -------------------------------------------------  -------------------
    SLICE_X5Y19.AMUX     Tshcko                0.518   u/campaign/kernel/core/evaluator_i/objective<0>
                                                       u/campaign/kernel/core/evaluator_i/objective_1
    SLICE_X9Y14.D5       net (fanout=59)       1.381   u/campaign/kernel/core/evaluator_i/objective<1>
    SLICE_X9Y14.D        Tilo                  0.259   u/campaign/kernel/core/evaluator_i/util1<3>
                                                       u/campaign/kernel/core/evaluator_i/obj1<3>1
    SLICE_X6Y12.B3       net (fanout=5)        1.210   u/campaign/kernel/core/evaluator_i/obj1<3>
    SLICE_X6Y12.COUT     Topcyb                0.390   u/campaign/kernel/core/evaluator_i/Mcompar_obj1[31]_obj0[31]_LessThan_11_o_cy<3>
                                                       u/campaign/kernel/core/evaluator_i/Mcompar_obj1[31]_obj0[31]_LessThan_11_o_lutdi1
                                                       u/campaign/kernel/core/evaluator_i/Mcompar_obj1[31]_obj0[31]_LessThan_11_o_cy<3>
    SLICE_X6Y13.CIN      net (fanout=1)        0.003   u/campaign/kernel/core/evaluator_i/Mcompar_obj1[31]_obj0[31]_LessThan_11_o_cy<3>
    SLICE_X6Y13.COUT     Tbyp                  0.093   u/campaign/kernel/core/evaluator_i/Mcompar_obj1[31]_obj0[31]_LessThan_11_o_cy<7>
                                                       u/campaign/kernel/core/evaluator_i/Mcompar_obj1[31]_obj0[31]_LessThan_11_o_cy<7>
    SLICE_X6Y14.CIN      net (fanout=1)        0.003   u/campaign/kernel/core/evaluator_i/Mcompar_obj1[31]_obj0[31]_LessThan_11_o_cy<7>
    SLICE_X6Y14.COUT     Tbyp                  0.093   u/campaign/kernel/core/evaluator_i/Mcompar_obj1[31]_obj0[31]_LessThan_11_o_cy<11>
                                                       u/campaign/kernel/core/evaluator_i/Mcompar_obj1[31]_obj0[31]_LessThan_11_o_cy<11>
    SLICE_X6Y15.CIN      net (fanout=1)        0.003   u/campaign/kernel/core/evaluator_i/Mcompar_obj1[31]_obj0[31]_LessThan_11_o_cy<11>
    SLICE_X6Y15.DMUX     Tcind                 0.305   u/campaign/kernel/core/evaluator_i/util0<4>
                                                       u/campaign/kernel/core/evaluator_i/Mcompar_obj1[31]_obj0[31]_LessThan_11_o_cy<15>
    SLICE_X7Y15.C5       net (fanout=17)       0.882   u/campaign/kernel/core/evaluator_i/Mcompar_obj1[31]_obj0[31]_LessThan_11_o_cy<15>
    SLICE_X7Y15.C        Tilo                  0.259   u/campaign/kernel/core/evaluator_i/util1<7>
                                                       u/campaign/kernel/core/evaluator_i/Mmux_difference_A281
    SLICE_X4Y15.BX       net (fanout=1)        1.446   u/campaign/kernel/core/evaluator_i/Mmux_difference_rs_A<5>
    SLICE_X4Y15.COUT     Tbxcy                 0.197   u/campaign/kernel/core/evaluator_i/difference_reg<7>
                                                       u/campaign/kernel/core/evaluator_i/Mmux_difference_rs_cy<7>
    SLICE_X4Y16.CIN      net (fanout=1)        0.003   u/campaign/kernel/core/evaluator_i/Mmux_difference_rs_cy<7>
    SLICE_X4Y16.AMUX     Tcina                 0.210   u/campaign/kernel/core/evaluator_i/difference_reg<11>
                                                       u/campaign/kernel/core/evaluator_i/Mmux_difference_rs_cy<11>
    SLICE_X6Y18.A2       net (fanout=1)        0.955   u/campaign/kernel/core/evaluator_i/difference<8>
    SLICE_X6Y18.COUT     Topcya                0.474   u/campaign/kernel/core/evaluator_i/divisor<11>
                                                       u/campaign/kernel/core/evaluator_i/difference<8>_rt
                                                       u/campaign/kernel/core/evaluator_i/Madd_n0506_cy<11>
    SLICE_X6Y19.CIN      net (fanout=1)        0.003   u/campaign/kernel/core/evaluator_i/Madd_n0506_cy<11>
    SLICE_X6Y19.CLK      Tcinck                0.303   u/campaign/kernel/core/evaluator_i/divisor<15>
                                                       u/campaign/kernel/core/evaluator_i/Madd_n0506_cy<15>
                                                       u/campaign/kernel/core/evaluator_i/divisor_13
    -------------------------------------------------  ---------------------------
    Total                                      8.990ns (3.101ns logic, 5.889ns route)
                                                       (34.5% logic, 65.5% route)

--------------------------------------------------------------------------------
Slack:                  0.960ns (requirement - (data path - clock path skew + uncertainty))
  Source:               u/campaign/kernel/core/evaluator_i/objective_0 (FF)
  Destination:          u/campaign/kernel/core/evaluator_i/divisor_13 (FF)
  Requirement:          10.000ns
  Data Path Delay:      8.984ns (Levels of Logic = 10)
  Clock Path Skew:      -0.021ns (0.332 - 0.353)
  Source Clock:         clk_100mhz_BUFGP rising at 0.000ns
  Destination Clock:    clk_100mhz_BUFGP rising at 10.000ns
  Clock Uncertainty:    0.035ns

  Clock Uncertainty:          0.035ns  ((TSJ^2 + TIJ^2)^1/2 + DJ) / 2 + PE
    Total System Jitter (TSJ):  0.070ns
    Total Input Jitter (TIJ):   0.000ns
    Discrete Jitter (DJ):       0.000ns
    Phase Error (PE):           0.000ns

  Maximum Data Path at Slow Process Corner: u/campaign/kernel/core/evaluator_i/objective_0 to u/campaign/kernel/core/evaluator_i/divisor_13
    Location             Delay type         Delay(ns)  Physical Resource
                                                       Logical Resource(s)
    -------------------------------------------------  -------------------
    SLICE_X5Y19.AQ       Tcko                  0.430   u/campaign/kernel/core/evaluator_i/objective<0>
                                                       u/campaign/kernel/core/evaluator_i/objective_0
    SLICE_X9Y14.D3       net (fanout=55)       1.531   u/campaign/kernel/core/evaluator_i/objective<0>
    SLICE_X9Y14.D        Tilo                  0.259   u/campaign/kernel/core/evaluator_i/util1<3>
                                                       u/campaign/kernel/core/evaluator_i/obj1<3>1
    SLICE_X6Y12.B3       net (fanout=5)        1.210   u/campaign/kernel/core/evaluator_i/obj1<3>
    SLICE_X6Y12.COUT     Topcyb                0.390   u/campaign/kernel/core/evaluator_i/Mcompar_obj1[31]_obj0[31]_LessThan_11_o_cy<3>
                                                       u/campaign/kernel/core/evaluator_i/Mcompar_obj1[31]_obj0[31]_LessThan_11_o_lutdi1
                                                       u/campaign/kernel/core/evaluator_i/Mcompar_obj1[31]_obj0[31]_LessThan_11_o_cy<3>
    SLICE_X6Y13.CIN      net (fanout=1)        0.003   u/campaign/kernel/core/evaluator_i/Mcompar_obj1[31]_obj0[31]_LessThan_11_o_cy<3>
    SLICE_X6Y13.COUT     Tbyp                  0.093   u/campaign/kernel/core/evaluator_i/Mcompar_obj1[31]_obj0[31]_LessThan_11_o_cy<7>
                                                       u/campaign/kernel/core/evaluator_i/Mcompar_obj1[31]_obj0[31]_LessThan_11_o_cy<7>
    SLICE_X6Y14.CIN      net (fanout=1)        0.003   u/campaign/kernel/core/evaluator_i/Mcompar_obj1[31]_obj0[31]_LessThan_11_o_cy<7>
    SLICE_X6Y14.COUT     Tbyp                  0.093   u/campaign/kernel/core/evaluator_i/Mcompar_obj1[31]_obj0[31]_LessThan_11_o_cy<11>
                                                       u/campaign/kernel/core/evaluator_i/Mcompar_obj1[31]_obj0[31]_LessThan_11_o_cy<11>
    SLICE_X6Y15.CIN      net (fanout=1)        0.003   u/campaign/kernel/core/evaluator_i/Mcompar_obj1[31]_obj0[31]_LessThan_11_o_cy<11>
    SLICE_X6Y15.DMUX     Tcind                 0.305   u/campaign/kernel/core/evaluator_i/util0<4>
                                                       u/campaign/kernel/core/evaluator_i/Mcompar_obj1[31]_obj0[31]_LessThan_11_o_cy<15>
    SLICE_X7Y15.C5       net (fanout=17)       0.882   u/campaign/kernel/core/evaluator_i/Mcompar_obj1[31]_obj0[31]_LessThan_11_o_cy<15>
    SLICE_X7Y15.C        Tilo                  0.259   u/campaign/kernel/core/evaluator_i/util1<7>
                                                       u/campaign/kernel/core/evaluator_i/Mmux_difference_A281
    SLICE_X4Y15.BX       net (fanout=1)        1.446   u/campaign/kernel/core/evaluator_i/Mmux_difference_rs_A<5>
    SLICE_X4Y15.COUT     Tbxcy                 0.197   u/campaign/kernel/core/evaluator_i/difference_reg<7>
                                                       u/campaign/kernel/core/evaluator_i/Mmux_difference_rs_cy<7>
    SLICE_X4Y16.CIN      net (fanout=1)        0.003   u/campaign/kernel/core/evaluator_i/Mmux_difference_rs_cy<7>
    SLICE_X4Y16.CMUX     Tcinc                 0.289   u/campaign/kernel/core/evaluator_i/difference_reg<11>
                                                       u/campaign/kernel/core/evaluator_i/Mmux_difference_rs_cy<11>
    SLICE_X6Y18.C2       net (fanout=1)        0.954   u/campaign/kernel/core/evaluator_i/difference<10>
    SLICE_X6Y18.COUT     Topcyc                0.328   u/campaign/kernel/core/evaluator_i/divisor<11>
                                                       u/campaign/kernel/core/evaluator_i/difference<10>_rt
                                                       u/campaign/kernel/core/evaluator_i/Madd_n0506_cy<11>
    SLICE_X6Y19.CIN      net (fanout=1)        0.003   u/campaign/kernel/core/evaluator_i/Madd_n0506_cy<11>
    SLICE_X6Y19.CLK      Tcinck                0.303   u/campaign/kernel/core/evaluator_i/divisor<15>
                                                       u/campaign/kernel/core/evaluator_i/Madd_n0506_cy<15>
                                                       u/campaign/kernel/core/evaluator_i/divisor_13
    -------------------------------------------------  ---------------------------
    Total                                      8.984ns (2.946ns logic, 6.038ns route)
                                                       (32.8% logic, 67.2% route)

--------------------------------------------------------------------------------
Slack:                  0.982ns (requirement - (data path - clock path skew + uncertainty))
  Source:               u/campaign/kernel/core/evaluator_i/objective_1 (FF)
  Destination:          u/campaign/kernel/core/evaluator_i/divisor_13 (FF)
  Requirement:          10.000ns
  Data Path Delay:      8.962ns (Levels of Logic = 10)
  Clock Path Skew:      -0.021ns (0.332 - 0.353)
  Source Clock:         clk_100mhz_BUFGP rising at 0.000ns
  Destination Clock:    clk_100mhz_BUFGP rising at 10.000ns
  Clock Uncertainty:    0.035ns

  Clock Uncertainty:          0.035ns  ((TSJ^2 + TIJ^2)^1/2 + DJ) / 2 + PE
    Total System Jitter (TSJ):  0.070ns
    Total Input Jitter (TIJ):   0.000ns
    Discrete Jitter (DJ):       0.000ns
    Phase Error (PE):           0.000ns

  Maximum Data Path at Slow Process Corner: u/campaign/kernel/core/evaluator_i/objective_1 to u/campaign/kernel/core/evaluator_i/divisor_13
    Location             Delay type         Delay(ns)  Physical Resource
                                                       Logical Resource(s)
    -------------------------------------------------  -------------------
    SLICE_X5Y19.AMUX     Tshcko                0.518   u/campaign/kernel/core/evaluator_i/objective<0>
                                                       u/campaign/kernel/core/evaluator_i/objective_1
    SLICE_X9Y14.D5       net (fanout=59)       1.381   u/campaign/kernel/core/evaluator_i/objective<1>
    SLICE_X9Y14.D        Tilo                  0.259   u/campaign/kernel/core/evaluator_i/util1<3>
                                                       u/campaign/kernel/core/evaluator_i/obj1<3>1
    SLICE_X6Y12.B3       net (fanout=5)        1.210   u/campaign/kernel/core/evaluator_i/obj1<3>
    SLICE_X6Y12.COUT     Topcyb                0.483   u/campaign/kernel/core/evaluator_i/Mcompar_obj1[31]_obj0[31]_LessThan_11_o_cy<3>
                                                       u/campaign/kernel/core/evaluator_i/Mcompar_obj1[31]_obj0[31]_LessThan_11_o_lut<1>
                                                       u/campaign/kernel/core/evaluator_i/Mcompar_obj1[31]_obj0[31]_LessThan_11_o_cy<3>
    SLICE_X6Y13.CIN      net (fanout=1)        0.003   u/campaign/kernel/core/evaluator_i/Mcompar_obj1[31]_obj0[31]_LessThan_11_o_cy<3>
    SLICE_X6Y13.COUT     Tbyp                  0.093   u/campaign/kernel/core/evaluator_i/Mcompar_obj1[31]_obj0[31]_LessThan_11_o_cy<7>
                                                       u/campaign/kernel/core/evaluator_i/Mcompar_obj1[31]_obj0[31]_LessThan_11_o_cy<7>
    SLICE_X6Y14.CIN      net (fanout=1)        0.003   u/campaign/kernel/core/evaluator_i/Mcompar_obj1[31]_obj0[31]_LessThan_11_o_cy<7>
    SLICE_X6Y14.COUT     Tbyp                  0.093   u/campaign/kernel/core/evaluator_i/Mcompar_obj1[31]_obj0[31]_LessThan_11_o_cy<11>
                                                       u/campaign/kernel/core/evaluator_i/Mcompar_obj1[31]_obj0[31]_LessThan_11_o_cy<11>
    SLICE_X6Y15.CIN      net (fanout=1)        0.003   u/campaign/kernel/core/evaluator_i/Mcompar_obj1[31]_obj0[31]_LessThan_11_o_cy<11>
    SLICE_X6Y15.DMUX     Tcind                 0.305   u/campaign/kernel/core/evaluator_i/util0<4>
                                                       u/campaign/kernel/core/evaluator_i/Mcompar_obj1[31]_obj0[31]_LessThan_11_o_cy<15>
    SLICE_X7Y15.C5       net (fanout=17)       0.882   u/campaign/kernel/core/evaluator_i/Mcompar_obj1[31]_obj0[31]_LessThan_11_o_cy<15>
    SLICE_X7Y15.C        Tilo                  0.259   u/campaign/kernel/core/evaluator_i/util1<7>
                                                       u/campaign/kernel/core/evaluator_i/Mmux_difference_A281
    SLICE_X4Y15.BX       net (fanout=1)        1.446   u/campaign/kernel/core/evaluator_i/Mmux_difference_rs_A<5>
    SLICE_X4Y15.CMUX     Taxc                  0.340   u/campaign/kernel/core/evaluator_i/difference_reg<7>
                                                       u/campaign/kernel/core/evaluator_i/Mmux_difference_rs_cy<7>
    SLICE_X6Y17.C2       net (fanout=1)        0.954   u/campaign/kernel/core/evaluator_i/difference<6>
    SLICE_X6Y17.COUT     Topcyc                0.328   u/campaign/kernel/core/evaluator_i/divisor<7>
                                                       u/campaign/kernel/core/evaluator_i/difference<6>_rt
                                                       u/campaign/kernel/core/evaluator_i/Madd_n0506_cy<7>
    SLICE_X6Y18.CIN      net (fanout=1)        0.003   u/campaign/kernel/core/evaluator_i/Madd_n0506_cy<7>
    SLICE_X6Y18.COUT     Tbyp                  0.093   u/campaign/kernel/core/evaluator_i/divisor<11>
                                                       u/campaign/kernel/core/evaluator_i/Madd_n0506_cy<11>
    SLICE_X6Y19.CIN      net (fanout=1)        0.003   u/campaign/kernel/core/evaluator_i/Madd_n0506_cy<11>
    SLICE_X6Y19.CLK      Tcinck                0.303   u/campaign/kernel/core/evaluator_i/divisor<15>
                                                       u/campaign/kernel/core/evaluator_i/Madd_n0506_cy<15>
                                                       u/campaign/kernel/core/evaluator_i/divisor_13
    -------------------------------------------------  ---------------------------
    Total                                      8.962ns (3.074ns logic, 5.888ns route)
                                                       (34.3% logic, 65.7% route)

--------------------------------------------------------------------------------

Paths for end point u/campaign/kernel/core/evaluator_i/selected_score_11 (SLICE_X24Y18.C4), 233958 paths
--------------------------------------------------------------------------------
Slack:                  0.824ns (requirement - (data path - clock path skew + uncertainty))
  Source:               u/campaign/kernel/core/evaluator_i/lam0_0_1 (FF)
  Destination:          u/campaign/kernel/core/evaluator_i/selected_score_11 (FF)
  Requirement:          10.000ns
  Data Path Delay:      9.122ns (Levels of Logic = 8)
  Clock Path Skew:      -0.019ns (0.433 - 0.452)
  Source Clock:         clk_100mhz_BUFGP rising at 0.000ns
  Destination Clock:    clk_100mhz_BUFGP rising at 10.000ns
  Clock Uncertainty:    0.035ns

  Clock Uncertainty:          0.035ns  ((TSJ^2 + TIJ^2)^1/2 + DJ) / 2 + PE
    Total System Jitter (TSJ):  0.070ns
    Total Input Jitter (TIJ):   0.000ns
    Discrete Jitter (DJ):       0.000ns
    Phase Error (PE):           0.000ns

  Maximum Data Path at Slow Process Corner: u/campaign/kernel/core/evaluator_i/lam0_0_1 to u/campaign/kernel/core/evaluator_i/selected_score_11
    Location             Delay type         Delay(ns)  Physical Resource
                                                       Logical Resource(s)
    -------------------------------------------------  -------------------
    SLICE_X25Y11.AQ      Tcko                  0.430   u/campaign/kernel/core/evaluator_i/lam0_0_3
                                                       u/campaign/kernel/core/evaluator_i/lam0_0_1
    SLICE_X26Y14.B4      net (fanout=12)       1.143   u/campaign/kernel/core/evaluator_i/lam0_0_1
    SLICE_X26Y14.CMUX    Topbc                 0.650   u/campaign/kernel/core/evaluator_i/Mmux_p003_rs_cy<11>
                                                       u/campaign/kernel/core/evaluator_i/Mmux_p003_A1711
                                                       u/campaign/kernel/core/evaluator_i/Mmux_p003_rs_cy<11>
    SLICE_X20Y13.B2      net (fanout=3)        1.095   u/campaign/kernel/core/evaluator_i/Mmux_p003_split<10>
    SLICE_X20Y13.COUT    Topcyb                0.448   u/campaign/kernel/core/evaluator_i/Mcompar_p01[17]_p00[17]_LessThan_28_o_cy<7>
                                                       u/campaign/kernel/core/evaluator_i/Mcompar_p01[17]_p00[17]_LessThan_28_o_lut<5>1
                                                       u/campaign/kernel/core/evaluator_i/Mcompar_p01[17]_p00[17]_LessThan_28_o_cy<7>
    SLICE_X20Y14.CIN     net (fanout=1)        0.003   u/campaign/kernel/core/evaluator_i/Mcompar_p01[17]_p00[17]_LessThan_28_o_cy<7>
    SLICE_X20Y14.AMUX    Tcina                 0.240   u/campaign/kernel/core/evaluator_i/score0<0>
                                                       u/campaign/kernel/core/evaluator_i/Mcompar_p01[17]_p00[17]_LessThan_28_o_cy<8>
    SLICE_X27Y16.B3      net (fanout=21)       1.189   u/campaign/kernel/core/evaluator_i/p01[17]_p00[17]_LessThan_28_o
    SLICE_X27Y16.B       Tilo                  0.259   u/campaign/kernel/core/evaluator_i/score0<15>
                                                       u/campaign/kernel/core/evaluator_i/Mmux_score071
    SLICE_X20Y16.D2      net (fanout=2)        1.054   u/campaign/kernel/core/evaluator_i/score0<15>
    SLICE_X20Y16.COUT    Topcyd                0.335   u/campaign/kernel/core/evaluator_i/Mcompar_score0[17]_score1[17]_LessThan_38_o_cy<7>
                                                       u/campaign/kernel/core/evaluator_i/Mcompar_score0[17]_score1[17]_LessThan_38_o_lutdi7
                                                       u/campaign/kernel/core/evaluator_i/Mcompar_score0[17]_score1[17]_LessThan_38_o_cy<7>
    SLICE_X20Y17.CIN     net (fanout=1)        0.003   u/campaign/kernel/core/evaluator_i/Mcompar_score0[17]_score1[17]_LessThan_38_o_cy<7>
    SLICE_X20Y17.AMUX    Tcina                 0.240   u/campaign/kernel/core/evaluator_i/score1<15>
                                                       u/campaign/kernel/core/evaluator_i/Mcompar_score0[17]_score1[17]_LessThan_38_o_cy<8>
    SLICE_X23Y17.A3      net (fanout=1)        0.587   u/campaign/kernel/core/evaluator_i/Mcompar_score0[17]_score1[17]_LessThan_38_o_cy<8>
    SLICE_X23Y17.A       Tilo                  0.259   u/campaign/kernel/core/b4_selected_slot<0>
                                                       u/campaign/kernel/core/evaluator_i/c0_wins
    SLICE_X24Y18.C4      net (fanout=17)       0.838   u/campaign/kernel/core/evaluator_i/c0_wins
    SLICE_X24Y18.CLK     Tas                   0.349   u/campaign/kernel/core/b4_selected_score<12>
                                                       u/campaign/kernel/core/evaluator_i/Mmux_score1[17]_GND_15_o_mux_131_OUT31
                                                       u/campaign/kernel/core/evaluator_i/selected_score_11
    -------------------------------------------------  ---------------------------
    Total                                      9.122ns (3.210ns logic, 5.912ns route)
                                                       (35.2% logic, 64.8% route)

--------------------------------------------------------------------------------
Slack:                  0.849ns (requirement - (data path - clock path skew + uncertainty))
  Source:               u/campaign/kernel/core/evaluator_i/lam0_0_1 (FF)
  Destination:          u/campaign/kernel/core/evaluator_i/selected_score_11 (FF)
  Requirement:          10.000ns
  Data Path Delay:      9.097ns (Levels of Logic = 8)
  Clock Path Skew:      -0.019ns (0.433 - 0.452)
  Source Clock:         clk_100mhz_BUFGP rising at 0.000ns
  Destination Clock:    clk_100mhz_BUFGP rising at 10.000ns
  Clock Uncertainty:    0.035ns

  Clock Uncertainty:          0.035ns  ((TSJ^2 + TIJ^2)^1/2 + DJ) / 2 + PE
    Total System Jitter (TSJ):  0.070ns
    Total Input Jitter (TIJ):   0.000ns
    Discrete Jitter (DJ):       0.000ns
    Phase Error (PE):           0.000ns

  Maximum Data Path at Slow Process Corner: u/campaign/kernel/core/evaluator_i/lam0_0_1 to u/campaign/kernel/core/evaluator_i/selected_score_11
    Location             Delay type         Delay(ns)  Physical Resource
                                                       Logical Resource(s)
    -------------------------------------------------  -------------------
    SLICE_X25Y11.AQ      Tcko                  0.430   u/campaign/kernel/core/evaluator_i/lam0_0_3
                                                       u/campaign/kernel/core/evaluator_i/lam0_0_1
    SLICE_X26Y14.A4      net (fanout=12)       1.143   u/campaign/kernel/core/evaluator_i/lam0_0_1
    SLICE_X26Y14.CMUX    Topac                 0.625   u/campaign/kernel/core/evaluator_i/Mmux_p003_rs_cy<11>
                                                       u/campaign/kernel/core/evaluator_i/Mmux_p003_A161
                                                       u/campaign/kernel/core/evaluator_i/Mmux_p003_rs_cy<11>
    SLICE_X20Y13.B2      net (fanout=3)        1.095   u/campaign/kernel/core/evaluator_i/Mmux_p003_split<10>
    SLICE_X20Y13.COUT    Topcyb                0.448   u/campaign/kernel/core/evaluator_i/Mcompar_p01[17]_p00[17]_LessThan_28_o_cy<7>
                                                       u/campaign/kernel/core/evaluator_i/Mcompar_p01[17]_p00[17]_LessThan_28_o_lut<5>1
                                                       u/campaign/kernel/core/evaluator_i/Mcompar_p01[17]_p00[17]_LessThan_28_o_cy<7>
    SLICE_X20Y14.CIN     net (fanout=1)        0.003   u/campaign/kernel/core/evaluator_i/Mcompar_p01[17]_p00[17]_LessThan_28_o_cy<7>
    SLICE_X20Y14.AMUX    Tcina                 0.240   u/campaign/kernel/core/evaluator_i/score0<0>
                                                       u/campaign/kernel/core/evaluator_i/Mcompar_p01[17]_p00[17]_LessThan_28_o_cy<8>
    SLICE_X27Y16.B3      net (fanout=21)       1.189   u/campaign/kernel/core/evaluator_i/p01[17]_p00[17]_LessThan_28_o
    SLICE_X27Y16.B       Tilo                  0.259   u/campaign/kernel/core/evaluator_i/score0<15>
                                                       u/campaign/kernel/core/evaluator_i/Mmux_score071
    SLICE_X20Y16.D2      net (fanout=2)        1.054   u/campaign/kernel/core/evaluator_i/score0<15>
    SLICE_X20Y16.COUT    Topcyd                0.335   u/campaign/kernel/core/evaluator_i/Mcompar_score0[17]_score1[17]_LessThan_38_o_cy<7>
                                                       u/campaign/kernel/core/evaluator_i/Mcompar_score0[17]_score1[17]_LessThan_38_o_lutdi7
                                                       u/campaign/kernel/core/evaluator_i/Mcompar_score0[17]_score1[17]_LessThan_38_o_cy<7>
    SLICE_X20Y17.CIN     net (fanout=1)        0.003   u/campaign/kernel/core/evaluator_i/Mcompar_score0[17]_score1[17]_LessThan_38_o_cy<7>
    SLICE_X20Y17.AMUX    Tcina                 0.240   u/campaign/kernel/core/evaluator_i/score1<15>
                                                       u/campaign/kernel/core/evaluator_i/Mcompar_score0[17]_score1[17]_LessThan_38_o_cy<8>
    SLICE_X23Y17.A3      net (fanout=1)        0.587   u/campaign/kernel/core/evaluator_i/Mcompar_score0[17]_score1[17]_LessThan_38_o_cy<8>
    SLICE_X23Y17.A       Tilo                  0.259   u/campaign/kernel/core/b4_selected_slot<0>
                                                       u/campaign/kernel/core/evaluator_i/c0_wins
    SLICE_X24Y18.C4      net (fanout=17)       0.838   u/campaign/kernel/core/evaluator_i/c0_wins
    SLICE_X24Y18.CLK     Tas                   0.349   u/campaign/kernel/core/b4_selected_score<12>
                                                       u/campaign/kernel/core/evaluator_i/Mmux_score1[17]_GND_15_o_mux_131_OUT31
                                                       u/campaign/kernel/core/evaluator_i/selected_score_11
    -------------------------------------------------  ---------------------------
    Total                                      9.097ns (3.185ns logic, 5.912ns route)
                                                       (35.0% logic, 65.0% route)

--------------------------------------------------------------------------------
Slack:                  0.861ns (requirement - (data path - clock path skew + uncertainty))
  Source:               u/campaign/kernel/core/evaluator_i/lam0_0_1 (FF)
  Destination:          u/campaign/kernel/core/evaluator_i/selected_score_11 (FF)
  Requirement:          10.000ns
  Data Path Delay:      9.085ns (Levels of Logic = 8)
  Clock Path Skew:      -0.019ns (0.433 - 0.452)
  Source Clock:         clk_100mhz_BUFGP rising at 0.000ns
  Destination Clock:    clk_100mhz_BUFGP rising at 10.000ns
  Clock Uncertainty:    0.035ns

  Clock Uncertainty:          0.035ns  ((TSJ^2 + TIJ^2)^1/2 + DJ) / 2 + PE
    Total System Jitter (TSJ):  0.070ns
    Total Input Jitter (TIJ):   0.000ns
    Discrete Jitter (DJ):       0.000ns
    Phase Error (PE):           0.000ns

  Maximum Data Path at Slow Process Corner: u/campaign/kernel/core/evaluator_i/lam0_0_1 to u/campaign/kernel/core/evaluator_i/selected_score_11
    Location             Delay type         Delay(ns)  Physical Resource
                                                       Logical Resource(s)
    -------------------------------------------------  -------------------
    SLICE_X25Y11.AQ      Tcko                  0.430   u/campaign/kernel/core/evaluator_i/lam0_0_3
                                                       u/campaign/kernel/core/evaluator_i/lam0_0_1
    SLICE_X26Y14.B4      net (fanout=12)       1.143   u/campaign/kernel/core/evaluator_i/lam0_0_1
    SLICE_X26Y14.CMUX    Topbc                 0.650   u/campaign/kernel/core/evaluator_i/Mmux_p003_rs_cy<11>
                                                       u/campaign/kernel/core/evaluator_i/Mmux_p003_A1711
                                                       u/campaign/kernel/core/evaluator_i/Mmux_p003_rs_cy<11>
    SLICE_X20Y13.B2      net (fanout=3)        1.095   u/campaign/kernel/core/evaluator_i/Mmux_p003_split<10>
    SLICE_X20Y13.COUT    Topcyb                0.411   u/campaign/kernel/core/evaluator_i/Mcompar_p01[17]_p00[17]_LessThan_28_o_cy<7>
                                                       u/campaign/kernel/core/evaluator_i/Mcompar_p01[17]_p00[17]_LessThan_28_o_lutdi51
                                                       u/campaign/kernel/core/evaluator_i/Mcompar_p01[17]_p00[17]_LessThan_28_o_cy<7>
    SLICE_X20Y14.CIN     net (fanout=1)        0.003   u/campaign/kernel/core/evaluator_i/Mcompar_p01[17]_p00[17]_LessThan_28_o_cy<7>
    SLICE_X20Y14.AMUX    Tcina                 0.240   u/campaign/kernel/core/evaluator_i/score0<0>
                                                       u/campaign/kernel/core/evaluator_i/Mcompar_p01[17]_p00[17]_LessThan_28_o_cy<8>
    SLICE_X27Y16.B3      net (fanout=21)       1.189   u/campaign/kernel/core/evaluator_i/p01[17]_p00[17]_LessThan_28_o
    SLICE_X27Y16.B       Tilo                  0.259   u/campaign/kernel/core/evaluator_i/score0<15>
                                                       u/campaign/kernel/core/evaluator_i/Mmux_score071
    SLICE_X20Y16.D2      net (fanout=2)        1.054   u/campaign/kernel/core/evaluator_i/score0<15>
    SLICE_X20Y16.COUT    Topcyd                0.335   u/campaign/kernel/core/evaluator_i/Mcompar_score0[17]_score1[17]_LessThan_38_o_cy<7>
                                                       u/campaign/kernel/core/evaluator_i/Mcompar_score0[17]_score1[17]_LessThan_38_o_lutdi7
                                                       u/campaign/kernel/core/evaluator_i/Mcompar_score0[17]_score1[17]_LessThan_38_o_cy<7>
    SLICE_X20Y17.CIN     net (fanout=1)        0.003   u/campaign/kernel/core/evaluator_i/Mcompar_score0[17]_score1[17]_LessThan_38_o_cy<7>
    SLICE_X20Y17.AMUX    Tcina                 0.240   u/campaign/kernel/core/evaluator_i/score1<15>
                                                       u/campaign/kernel/core/evaluator_i/Mcompar_score0[17]_score1[17]_LessThan_38_o_cy<8>
    SLICE_X23Y17.A3      net (fanout=1)        0.587   u/campaign/kernel/core/evaluator_i/Mcompar_score0[17]_score1[17]_LessThan_38_o_cy<8>
    SLICE_X23Y17.A       Tilo                  0.259   u/campaign/kernel/core/b4_selected_slot<0>
                                                       u/campaign/kernel/core/evaluator_i/c0_wins
    SLICE_X24Y18.C4      net (fanout=17)       0.838   u/campaign/kernel/core/evaluator_i/c0_wins
    SLICE_X24Y18.CLK     Tas                   0.349   u/campaign/kernel/core/b4_selected_score<12>
                                                       u/campaign/kernel/core/evaluator_i/Mmux_score1[17]_GND_15_o_mux_131_OUT31
                                                       u/campaign/kernel/core/evaluator_i/selected_score_11
    -------------------------------------------------  ---------------------------
    Total                                      9.085ns (3.173ns logic, 5.912ns route)
                                                       (34.9% logic, 65.1% route)

--------------------------------------------------------------------------------
Slack:                  0.864ns (requirement - (data path - clock path skew + uncertainty))
  Source:               u/campaign/kernel/core/evaluator_i/lam0_0_1 (FF)
  Destination:          u/campaign/kernel/core/evaluator_i/selected_score_11 (FF)
  Requirement:          10.000ns
  Data Path Delay:      9.082ns (Levels of Logic = 8)
  Clock Path Skew:      -0.019ns (0.433 - 0.452)
  Source Clock:         clk_100mhz_BUFGP rising at 0.000ns
  Destination Clock:    clk_100mhz_BUFGP rising at 10.000ns
  Clock Uncertainty:    0.035ns

  Clock Uncertainty:          0.035ns  ((TSJ^2 + TIJ^2)^1/2 + DJ) / 2 + PE
    Total System Jitter (TSJ):  0.070ns
    Total Input Jitter (TIJ):   0.000ns
    Discrete Jitter (DJ):       0.000ns
    Phase Error (PE):           0.000ns

  Maximum Data Path at Slow Process Corner: u/campaign/kernel/core/evaluator_i/lam0_0_1 to u/campaign/kernel/core/evaluator_i/selected_score_11
    Location             Delay type         Delay(ns)  Physical Resource
                                                       Logical Resource(s)
    -------------------------------------------------  -------------------
    SLICE_X25Y11.AQ      Tcko                  0.430   u/campaign/kernel/core/evaluator_i/lam0_0_3
                                                       u/campaign/kernel/core/evaluator_i/lam0_0_1
    SLICE_X26Y14.B4      net (fanout=12)       1.143   u/campaign/kernel/core/evaluator_i/lam0_0_1
    SLICE_X26Y14.CMUX    Topbc                 0.610   u/campaign/kernel/core/evaluator_i/Mmux_p003_rs_cy<11>
                                                       u/campaign/kernel/core/evaluator_i/Mmux_p003_A171
                                                       u/campaign/kernel/core/evaluator_i/Mmux_p003_rs_cy<11>
    SLICE_X20Y13.B2      net (fanout=3)        1.095   u/campaign/kernel/core/evaluator_i/Mmux_p003_split<10>
    SLICE_X20Y13.COUT    Topcyb                0.448   u/campaign/kernel/core/evaluator_i/Mcompar_p01[17]_p00[17]_LessThan_28_o_cy<7>
                                                       u/campaign/kernel/core/evaluator_i/Mcompar_p01[17]_p00[17]_LessThan_28_o_lut<5>1
                                                       u/campaign/kernel/core/evaluator_i/Mcompar_p01[17]_p00[17]_LessThan_28_o_cy<7>
    SLICE_X20Y14.CIN     net (fanout=1)        0.003   u/campaign/kernel/core/evaluator_i/Mcompar_p01[17]_p00[17]_LessThan_28_o_cy<7>
    SLICE_X20Y14.AMUX    Tcina                 0.240   u/campaign/kernel/core/evaluator_i/score0<0>
                                                       u/campaign/kernel/core/evaluator_i/Mcompar_p01[17]_p00[17]_LessThan_28_o_cy<8>
    SLICE_X27Y16.B3      net (fanout=21)       1.189   u/campaign/kernel/core/evaluator_i/p01[17]_p00[17]_LessThan_28_o
    SLICE_X27Y16.B       Tilo                  0.259   u/campaign/kernel/core/evaluator_i/score0<15>
                                                       u/campaign/kernel/core/evaluator_i/Mmux_score071
    SLICE_X20Y16.D2      net (fanout=2)        1.054   u/campaign/kernel/core/evaluator_i/score0<15>
    SLICE_X20Y16.COUT    Topcyd                0.335   u/campaign/kernel/core/evaluator_i/Mcompar_score0[17]_score1[17]_LessThan_38_o_cy<7>
                                                       u/campaign/kernel/core/evaluator_i/Mcompar_score0[17]_score1[17]_LessThan_38_o_lutdi7
                                                       u/campaign/kernel/core/evaluator_i/Mcompar_score0[17]_score1[17]_LessThan_38_o_cy<7>
    SLICE_X20Y17.CIN     net (fanout=1)        0.003   u/campaign/kernel/core/evaluator_i/Mcompar_score0[17]_score1[17]_LessThan_38_o_cy<7>
    SLICE_X20Y17.AMUX    Tcina                 0.240   u/campaign/kernel/core/evaluator_i/score1<15>
                                                       u/campaign/kernel/core/evaluator_i/Mcompar_score0[17]_score1[17]_LessThan_38_o_cy<8>
    SLICE_X23Y17.A3      net (fanout=1)        0.587   u/campaign/kernel/core/evaluator_i/Mcompar_score0[17]_score1[17]_LessThan_38_o_cy<8>
    SLICE_X23Y17.A       Tilo                  0.259   u/campaign/kernel/core/b4_selected_slot<0>
                                                       u/campaign/kernel/core/evaluator_i/c0_wins
    SLICE_X24Y18.C4      net (fanout=17)       0.838   u/campaign/kernel/core/evaluator_i/c0_wins
    SLICE_X24Y18.CLK     Tas                   0.349   u/campaign/kernel/core/b4_selected_score<12>
                                                       u/campaign/kernel/core/evaluator_i/Mmux_score1[17]_GND_15_o_mux_131_OUT31
                                                       u/campaign/kernel/core/evaluator_i/selected_score_11
    -------------------------------------------------  ---------------------------
    Total                                      9.082ns (3.170ns logic, 5.912ns route)
                                                       (34.9% logic, 65.1% route)

--------------------------------------------------------------------------------
Slack:                  0.869ns (requirement - (data path - clock path skew + uncertainty))
  Source:               u/campaign/kernel/core/evaluator_i/lam0_0_1 (FF)
  Destination:          u/campaign/kernel/core/evaluator_i/selected_score_11 (FF)
  Requirement:          10.000ns
  Data Path Delay:      9.077ns (Levels of Logic = 8)
  Clock Path Skew:      -0.019ns (0.433 - 0.452)
  Source Clock:         clk_100mhz_BUFGP rising at 0.000ns
  Destination Clock:    clk_100mhz_BUFGP rising at 10.000ns
  Clock Uncertainty:    0.035ns

  Clock Uncertainty:          0.035ns  ((TSJ^2 + TIJ^2)^1/2 + DJ) / 2 + PE
    Total System Jitter (TSJ):  0.070ns
    Total Input Jitter (TIJ):   0.000ns
    Discrete Jitter (DJ):       0.000ns
    Phase Error (PE):           0.000ns

  Maximum Data Path at Slow Process Corner: u/campaign/kernel/core/evaluator_i/lam0_0_1 to u/campaign/kernel/core/evaluator_i/selected_score_11
    Location             Delay type         Delay(ns)  Physical Resource
                                                       Logical Resource(s)
    -------------------------------------------------  -------------------
    SLICE_X25Y11.AQ      Tcko                  0.430   u/campaign/kernel/core/evaluator_i/lam0_0_3
                                                       u/campaign/kernel/core/evaluator_i/lam0_0_1
    SLICE_X26Y14.B4      net (fanout=12)       1.143   u/campaign/kernel/core/evaluator_i/lam0_0_1
    SLICE_X26Y14.CMUX    Topbc                 0.650   u/campaign/kernel/core/evaluator_i/Mmux_p003_rs_cy<11>
                                                       u/campaign/kernel/core/evaluator_i/Mmux_p003_A1711
                                                       u/campaign/kernel/core/evaluator_i/Mmux_p003_rs_cy<11>
    SLICE_X20Y13.B2      net (fanout=3)        1.095   u/campaign/kernel/core/evaluator_i/Mmux_p003_split<10>
    SLICE_X20Y13.COUT    Topcyb                0.448   u/campaign/kernel/core/evaluator_i/Mcompar_p01[17]_p00[17]_LessThan_28_o_cy<7>
                                                       u/campaign/kernel/core/evaluator_i/Mcompar_p01[17]_p00[17]_LessThan_28_o_lut<5>1
                                                       u/campaign/kernel/core/evaluator_i/Mcompar_p01[17]_p00[17]_LessThan_28_o_cy<7>
    SLICE_X20Y14.CIN     net (fanout=1)        0.003   u/campaign/kernel/core/evaluator_i/Mcompar_p01[17]_p00[17]_LessThan_28_o_cy<7>
    SLICE_X20Y14.AMUX    Tcina                 0.240   u/campaign/kernel/core/evaluator_i/score0<0>
                                                       u/campaign/kernel/core/evaluator_i/Mcompar_p01[17]_p00[17]_LessThan_28_o_cy<8>
    SLICE_X27Y16.B3      net (fanout=21)       1.189   u/campaign/kernel/core/evaluator_i/p01[17]_p00[17]_LessThan_28_o
    SLICE_X27Y16.B       Tilo                  0.259   u/campaign/kernel/core/evaluator_i/score0<15>
                                                       u/campaign/kernel/core/evaluator_i/Mmux_score071
    SLICE_X20Y16.D2      net (fanout=2)        1.054   u/campaign/kernel/core/evaluator_i/score0<15>
    SLICE_X20Y16.COUT    Topcyd                0.290   u/campaign/kernel/core/evaluator_i/Mcompar_score0[17]_score1[17]_LessThan_38_o_cy<7>
                                                       u/campaign/kernel/core/evaluator_i/Mcompar_score0[17]_score1[17]_LessThan_38_o_lut<7>
                                                       u/campaign/kernel/core/evaluator_i/Mcompar_score0[17]_score1[17]_LessThan_38_o_cy<7>
    SLICE_X20Y17.CIN     net (fanout=1)        0.003   u/campaign/kernel/core/evaluator_i/Mcompar_score0[17]_score1[17]_LessThan_38_o_cy<7>
    SLICE_X20Y17.AMUX    Tcina                 0.240   u/campaign/kernel/core/evaluator_i/score1<15>
                                                       u/campaign/kernel/core/evaluator_i/Mcompar_score0[17]_score1[17]_LessThan_38_o_cy<8>
    SLICE_X23Y17.A3      net (fanout=1)        0.587   u/campaign/kernel/core/evaluator_i/Mcompar_score0[17]_score1[17]_LessThan_38_o_cy<8>
    SLICE_X23Y17.A       Tilo                  0.259   u/campaign/kernel/core/b4_selected_slot<0>
                                                       u/campaign/kernel/core/evaluator_i/c0_wins
    SLICE_X24Y18.C4      net (fanout=17)       0.838   u/campaign/kernel/core/evaluator_i/c0_wins
    SLICE_X24Y18.CLK     Tas                   0.349   u/campaign/kernel/core/b4_selected_score<12>
                                                       u/campaign/kernel/core/evaluator_i/Mmux_score1[17]_GND_15_o_mux_131_OUT31
                                                       u/campaign/kernel/core/evaluator_i/selected_score_11
    -------------------------------------------------  ---------------------------
    Total                                      9.077ns (3.165ns logic, 5.912ns route)
                                                       (34.9% logic, 65.1% route)

--------------------------------------------------------------------------------
Slack:                  0.886ns (requirement - (data path - clock path skew + uncertainty))
  Source:               u/campaign/kernel/core/evaluator_i/lam0_0_1 (FF)
  Destination:          u/campaign/kernel/core/evaluator_i/selected_score_11 (FF)
  Requirement:          10.000ns
  Data Path Delay:      9.060ns (Levels of Logic = 8)
  Clock Path Skew:      -0.019ns (0.433 - 0.452)
  Source Clock:         clk_100mhz_BUFGP rising at 0.000ns
  Destination Clock:    clk_100mhz_BUFGP rising at 10.000ns
  Clock Uncertainty:    0.035ns

  Clock Uncertainty:          0.035ns  ((TSJ^2 + TIJ^2)^1/2 + DJ) / 2 + PE
    Total System Jitter (TSJ):  0.070ns
    Total Input Jitter (TIJ):   0.000ns
    Discrete Jitter (DJ):       0.000ns
    Phase Error (PE):           0.000ns

  Maximum Data Path at Slow Process Corner: u/campaign/kernel/core/evaluator_i/lam0_0_1 to u/campaign/kernel/core/evaluator_i/selected_score_11
    Location             Delay type         Delay(ns)  Physical Resource
                                                       Logical Resource(s)
    -------------------------------------------------  -------------------
    SLICE_X25Y11.AQ      Tcko                  0.430   u/campaign/kernel/core/evaluator_i/lam0_0_3
                                                       u/campaign/kernel/core/evaluator_i/lam0_0_1
    SLICE_X26Y14.A4      net (fanout=12)       1.143   u/campaign/kernel/core/evaluator_i/lam0_0_1
    SLICE_X26Y14.CMUX    Topac                 0.625   u/campaign/kernel/core/evaluator_i/Mmux_p003_rs_cy<11>
                                                       u/campaign/kernel/core/evaluator_i/Mmux_p003_A161
                                                       u/campaign/kernel/core/evaluator_i/Mmux_p003_rs_cy<11>
    SLICE_X20Y13.B2      net (fanout=3)        1.095   u/campaign/kernel/core/evaluator_i/Mmux_p003_split<10>
    SLICE_X20Y13.COUT    Topcyb                0.411   u/campaign/kernel/core/evaluator_i/Mcompar_p01[17]_p00[17]_LessThan_28_o_cy<7>
                                                       u/campaign/kernel/core/evaluator_i/Mcompar_p01[17]_p00[17]_LessThan_28_o_lutdi51
                                                       u/campaign/kernel/core/evaluator_i/Mcompar_p01[17]_p00[17]_LessThan_28_o_cy<7>
    SLICE_X20Y14.CIN     net (fanout=1)        0.003   u/campaign/kernel/core/evaluator_i/Mcompar_p01[17]_p00[17]_LessThan_28_o_cy<7>
    SLICE_X20Y14.AMUX    Tcina                 0.240   u/campaign/kernel/core/evaluator_i/score0<0>
                                                       u/campaign/kernel/core/evaluator_i/Mcompar_p01[17]_p00[17]_LessThan_28_o_cy<8>
    SLICE_X27Y16.B3      net (fanout=21)       1.189   u/campaign/kernel/core/evaluator_i/p01[17]_p00[17]_LessThan_28_o
    SLICE_X27Y16.B       Tilo                  0.259   u/campaign/kernel/core/evaluator_i/score0<15>
                                                       u/campaign/kernel/core/evaluator_i/Mmux_score071
    SLICE_X20Y16.D2      net (fanout=2)        1.054   u/campaign/kernel/core/evaluator_i/score0<15>
    SLICE_X20Y16.COUT    Topcyd                0.335   u/campaign/kernel/core/evaluator_i/Mcompar_score0[17]_score1[17]_LessThan_38_o_cy<7>
                                                       u/campaign/kernel/core/evaluator_i/Mcompar_score0[17]_score1[17]_LessThan_38_o_lutdi7
                                                       u/campaign/kernel/core/evaluator_i/Mcompar_score0[17]_score1[17]_LessThan_38_o_cy<7>
    SLICE_X20Y17.CIN     net (fanout=1)        0.003   u/campaign/kernel/core/evaluator_i/Mcompar_score0[17]_score1[17]_LessThan_38_o_cy<7>
    SLICE_X20Y17.AMUX    Tcina                 0.240   u/campaign/kernel/core/evaluator_i/score1<15>
                                                       u/campaign/kernel/core/evaluator_i/Mcompar_score0[17]_score1[17]_LessThan_38_o_cy<8>
    SLICE_X23Y17.A3      net (fanout=1)        0.587   u/campaign/kernel/core/evaluator_i/Mcompar_score0[17]_score1[17]_LessThan_38_o_cy<8>
    SLICE_X23Y17.A       Tilo                  0.259   u/campaign/kernel/core/b4_selected_slot<0>
                                                       u/campaign/kernel/core/evaluator_i/c0_wins
    SLICE_X24Y18.C4      net (fanout=17)       0.838   u/campaign/kernel/core/evaluator_i/c0_wins
    SLICE_X24Y18.CLK     Tas                   0.349   u/campaign/kernel/core/b4_selected_score<12>
                                                       u/campaign/kernel/core/evaluator_i/Mmux_score1[17]_GND_15_o_mux_131_OUT31
                                                       u/campaign/kernel/core/evaluator_i/selected_score_11
    -------------------------------------------------  ---------------------------
    Total                                      9.060ns (3.148ns logic, 5.912ns route)
                                                       (34.7% logic, 65.3% route)

--------------------------------------------------------------------------------
Slack:                  0.894ns (requirement - (data path - clock path skew + uncertainty))
  Source:               u/campaign/kernel/core/evaluator_i/lam0_0_1 (FF)
  Destination:          u/campaign/kernel/core/evaluator_i/selected_score_11 (FF)
  Requirement:          10.000ns
  Data Path Delay:      9.052ns (Levels of Logic = 8)
  Clock Path Skew:      -0.019ns (0.433 - 0.452)
  Source Clock:         clk_100mhz_BUFGP rising at 0.000ns
  Destination Clock:    clk_100mhz_BUFGP rising at 10.000ns
  Clock Uncertainty:    0.035ns

  Clock Uncertainty:          0.035ns  ((TSJ^2 + TIJ^2)^1/2 + DJ) / 2 + PE
    Total System Jitter (TSJ):  0.070ns
    Total Input Jitter (TIJ):   0.000ns
    Discrete Jitter (DJ):       0.000ns
    Phase Error (PE):           0.000ns

  Maximum Data Path at Slow Process Corner: u/campaign/kernel/core/evaluator_i/lam0_0_1 to u/campaign/kernel/core/evaluator_i/selected_score_11
    Location             Delay type         Delay(ns)  Physical Resource
                                                       Logical Resource(s)
    -------------------------------------------------  -------------------
    SLICE_X25Y11.AQ      Tcko                  0.430   u/campaign/kernel/core/evaluator_i/lam0_0_3
                                                       u/campaign/kernel/core/evaluator_i/lam0_0_1
    SLICE_X26Y14.A4      net (fanout=12)       1.143   u/campaign/kernel/core/evaluator_i/lam0_0_1
    SLICE_X26Y14.CMUX    Topac                 0.625   u/campaign/kernel/core/evaluator_i/Mmux_p003_rs_cy<11>
                                                       u/campaign/kernel/core/evaluator_i/Mmux_p003_A161
                                                       u/campaign/kernel/core/evaluator_i/Mmux_p003_rs_cy<11>
    SLICE_X20Y13.B2      net (fanout=3)        1.095   u/campaign/kernel/core/evaluator_i/Mmux_p003_split<10>
    SLICE_X20Y13.COUT    Topcyb                0.448   u/campaign/kernel/core/evaluator_i/Mcompar_p01[17]_p00[17]_LessThan_28_o_cy<7>
                                                       u/campaign/kernel/core/evaluator_i/Mcompar_p01[17]_p00[17]_LessThan_28_o_lut<5>1
                                                       u/campaign/kernel/core/evaluator_i/Mcompar_p01[17]_p00[17]_LessThan_28_o_cy<7>
    SLICE_X20Y14.CIN     net (fanout=1)        0.003   u/campaign/kernel/core/evaluator_i/Mcompar_p01[17]_p00[17]_LessThan_28_o_cy<7>
    SLICE_X20Y14.AMUX    Tcina                 0.240   u/campaign/kernel/core/evaluator_i/score0<0>
                                                       u/campaign/kernel/core/evaluator_i/Mcompar_p01[17]_p00[17]_LessThan_28_o_cy<8>
    SLICE_X27Y16.B3      net (fanout=21)       1.189   u/campaign/kernel/core/evaluator_i/p01[17]_p00[17]_LessThan_28_o
    SLICE_X27Y16.B       Tilo                  0.259   u/campaign/kernel/core/evaluator_i/score0<15>
                                                       u/campaign/kernel/core/evaluator_i/Mmux_score071
    SLICE_X20Y16.D2      net (fanout=2)        1.054   u/campaign/kernel/core/evaluator_i/score0<15>
    SLICE_X20Y16.COUT    Topcyd                0.290   u/campaign/kernel/core/evaluator_i/Mcompar_score0[17]_score1[17]_LessThan_38_o_cy<7>
                                                       u/campaign/kernel/core/evaluator_i/Mcompar_score0[17]_score1[17]_LessThan_38_o_lut<7>
                                                       u/campaign/kernel/core/evaluator_i/Mcompar_score0[17]_score1[17]_LessThan_38_o_cy<7>
    SLICE_X20Y17.CIN     net (fanout=1)        0.003   u/campaign/kernel/core/evaluator_i/Mcompar_score0[17]_score1[17]_LessThan_38_o_cy<7>
    SLICE_X20Y17.AMUX    Tcina                 0.240   u/campaign/kernel/core/evaluator_i/score1<15>
                                                       u/campaign/kernel/core/evaluator_i/Mcompar_score0[17]_score1[17]_LessThan_38_o_cy<8>
    SLICE_X23Y17.A3      net (fanout=1)        0.587   u/campaign/kernel/core/evaluator_i/Mcompar_score0[17]_score1[17]_LessThan_38_o_cy<8>
    SLICE_X23Y17.A       Tilo                  0.259   u/campaign/kernel/core/b4_selected_slot<0>
                                                       u/campaign/kernel/core/evaluator_i/c0_wins
    SLICE_X24Y18.C4      net (fanout=17)       0.838   u/campaign/kernel/core/evaluator_i/c0_wins
    SLICE_X24Y18.CLK     Tas                   0.349   u/campaign/kernel/core/b4_selected_score<12>
                                                       u/campaign/kernel/core/evaluator_i/Mmux_score1[17]_GND_15_o_mux_131_OUT31
                                                       u/campaign/kernel/core/evaluator_i/selected_score_11
    -------------------------------------------------  ---------------------------
    Total                                      9.052ns (3.140ns logic, 5.912ns route)
                                                       (34.7% logic, 65.3% route)

--------------------------------------------------------------------------------
Slack:                  0.901ns (requirement - (data path - clock path skew + uncertainty))
  Source:               u/campaign/kernel/core/evaluator_i/lam0_0_1 (FF)
  Destination:          u/campaign/kernel/core/evaluator_i/selected_score_11 (FF)
  Requirement:          10.000ns
  Data Path Delay:      9.045ns (Levels of Logic = 8)
  Clock Path Skew:      -0.019ns (0.433 - 0.452)
  Source Clock:         clk_100mhz_BUFGP rising at 0.000ns
  Destination Clock:    clk_100mhz_BUFGP rising at 10.000ns
  Clock Uncertainty:    0.035ns

  Clock Uncertainty:          0.035ns  ((TSJ^2 + TIJ^2)^1/2 + DJ) / 2 + PE
    Total System Jitter (TSJ):  0.070ns
    Total Input Jitter (TIJ):   0.000ns
    Discrete Jitter (DJ):       0.000ns
    Phase Error (PE):           0.000ns

  Maximum Data Path at Slow Process Corner: u/campaign/kernel/core/evaluator_i/lam0_0_1 to u/campaign/kernel/core/evaluator_i/selected_score_11
    Location             Delay type         Delay(ns)  Physical Resource
                                                       Logical Resource(s)
    -------------------------------------------------  -------------------
    SLICE_X25Y11.AQ      Tcko                  0.430   u/campaign/kernel/core/evaluator_i/lam0_0_3
                                                       u/campaign/kernel/core/evaluator_i/lam0_0_1
    SLICE_X26Y14.B4      net (fanout=12)       1.143   u/campaign/kernel/core/evaluator_i/lam0_0_1
    SLICE_X26Y14.CMUX    Topbc                 0.610   u/campaign/kernel/core/evaluator_i/Mmux_p003_rs_cy<11>
                                                       u/campaign/kernel/core/evaluator_i/Mmux_p003_A171
                                                       u/campaign/kernel/core/evaluator_i/Mmux_p003_rs_cy<11>
    SLICE_X20Y13.B2      net (fanout=3)        1.095   u/campaign/kernel/core/evaluator_i/Mmux_p003_split<10>
    SLICE_X20Y13.COUT    Topcyb                0.411   u/campaign/kernel/core/evaluator_i/Mcompar_p01[17]_p00[17]_LessThan_28_o_cy<7>
                                                       u/campaign/kernel/core/evaluator_i/Mcompar_p01[17]_p00[17]_LessThan_28_o_lutdi51
                                                       u/campaign/kernel/core/evaluator_i/Mcompar_p01[17]_p00[17]_LessThan_28_o_cy<7>
    SLICE_X20Y14.CIN     net (fanout=1)        0.003   u/campaign/kernel/core/evaluator_i/Mcompar_p01[17]_p00[17]_LessThan_28_o_cy<7>
    SLICE_X20Y14.AMUX    Tcina                 0.240   u/campaign/kernel/core/evaluator_i/score0<0>
                                                       u/campaign/kernel/core/evaluator_i/Mcompar_p01[17]_p00[17]_LessThan_28_o_cy<8>
    SLICE_X27Y16.B3      net (fanout=21)       1.189   u/campaign/kernel/core/evaluator_i/p01[17]_p00[17]_LessThan_28_o
    SLICE_X27Y16.B       Tilo                  0.259   u/campaign/kernel/core/evaluator_i/score0<15>
                                                       u/campaign/kernel/core/evaluator_i/Mmux_score071
    SLICE_X20Y16.D2      net (fanout=2)        1.054   u/campaign/kernel/core/evaluator_i/score0<15>
    SLICE_X20Y16.COUT    Topcyd                0.335   u/campaign/kernel/core/evaluator_i/Mcompar_score0[17]_score1[17]_LessThan_38_o_cy<7>
                                                       u/campaign/kernel/core/evaluator_i/Mcompar_score0[17]_score1[17]_LessThan_38_o_lutdi7
                                                       u/campaign/kernel/core/evaluator_i/Mcompar_score0[17]_score1[17]_LessThan_38_o_cy<7>
    SLICE_X20Y17.CIN     net (fanout=1)        0.003   u/campaign/kernel/core/evaluator_i/Mcompar_score0[17]_score1[17]_LessThan_38_o_cy<7>
    SLICE_X20Y17.AMUX    Tcina                 0.240   u/campaign/kernel/core/evaluator_i/score1<15>
                                                       u/campaign/kernel/core/evaluator_i/Mcompar_score0[17]_score1[17]_LessThan_38_o_cy<8>
    SLICE_X23Y17.A3      net (fanout=1)        0.587   u/campaign/kernel/core/evaluator_i/Mcompar_score0[17]_score1[17]_LessThan_38_o_cy<8>
    SLICE_X23Y17.A       Tilo                  0.259   u/campaign/kernel/core/b4_selected_slot<0>
                                                       u/campaign/kernel/core/evaluator_i/c0_wins
    SLICE_X24Y18.C4      net (fanout=17)       0.838   u/campaign/kernel/core/evaluator_i/c0_wins
    SLICE_X24Y18.CLK     Tas                   0.349   u/campaign/kernel/core/b4_selected_score<12>
                                                       u/campaign/kernel/core/evaluator_i/Mmux_score1[17]_GND_15_o_mux_131_OUT31
                                                       u/campaign/kernel/core/evaluator_i/selected_score_11
    -------------------------------------------------  ---------------------------
    Total                                      9.045ns (3.133ns logic, 5.912ns route)
                                                       (34.6% logic, 65.4% route)

--------------------------------------------------------------------------------
Slack:                  0.906ns (requirement - (data path - clock path skew + uncertainty))
  Source:               u/campaign/kernel/core/evaluator_i/lam0_0_1 (FF)
  Destination:          u/campaign/kernel/core/evaluator_i/selected_score_11 (FF)
  Requirement:          10.000ns
  Data Path Delay:      9.040ns (Levels of Logic = 8)
  Clock Path Skew:      -0.019ns (0.433 - 0.452)
  Source Clock:         clk_100mhz_BUFGP rising at 0.000ns
  Destination Clock:    clk_100mhz_BUFGP rising at 10.000ns
  Clock Uncertainty:    0.035ns

  Clock Uncertainty:          0.035ns  ((TSJ^2 + TIJ^2)^1/2 + DJ) / 2 + PE
    Total System Jitter (TSJ):  0.070ns
    Total Input Jitter (TIJ):   0.000ns
    Discrete Jitter (DJ):       0.000ns
    Phase Error (PE):           0.000ns

  Maximum Data Path at Slow Process Corner: u/campaign/kernel/core/evaluator_i/lam0_0_1 to u/campaign/kernel/core/evaluator_i/selected_score_11
    Location             Delay type         Delay(ns)  Physical Resource
                                                       Logical Resource(s)
    -------------------------------------------------  -------------------
    SLICE_X25Y11.AQ      Tcko                  0.430   u/campaign/kernel/core/evaluator_i/lam0_0_3
                                                       u/campaign/kernel/core/evaluator_i/lam0_0_1
    SLICE_X26Y14.B4      net (fanout=12)       1.143   u/campaign/kernel/core/evaluator_i/lam0_0_1
    SLICE_X26Y14.CMUX    Topbc                 0.650   u/campaign/kernel/core/evaluator_i/Mmux_p003_rs_cy<11>
                                                       u/campaign/kernel/core/evaluator_i/Mmux_p003_A1711
                                                       u/campaign/kernel/core/evaluator_i/Mmux_p003_rs_cy<11>
    SLICE_X20Y13.B2      net (fanout=3)        1.095   u/campaign/kernel/core/evaluator_i/Mmux_p003_split<10>
    SLICE_X20Y13.COUT    Topcyb                0.411   u/campaign/kernel/core/evaluator_i/Mcompar_p01[17]_p00[17]_LessThan_28_o_cy<7>
                                                       u/campaign/kernel/core/evaluator_i/Mcompar_p01[17]_p00[17]_LessThan_28_o_lutdi51
                                                       u/campaign/kernel/core/evaluator_i/Mcompar_p01[17]_p00[17]_LessThan_28_o_cy<7>
    SLICE_X20Y14.CIN     net (fanout=1)        0.003   u/campaign/kernel/core/evaluator_i/Mcompar_p01[17]_p00[17]_LessThan_28_o_cy<7>
    SLICE_X20Y14.AMUX    Tcina                 0.240   u/campaign/kernel/core/evaluator_i/score0<0>
                                                       u/campaign/kernel/core/evaluator_i/Mcompar_p01[17]_p00[17]_LessThan_28_o_cy<8>
    SLICE_X27Y16.B3      net (fanout=21)       1.189   u/campaign/kernel/core/evaluator_i/p01[17]_p00[17]_LessThan_28_o
    SLICE_X27Y16.B       Tilo                  0.259   u/campaign/kernel/core/evaluator_i/score0<15>
                                                       u/campaign/kernel/core/evaluator_i/Mmux_score071
    SLICE_X20Y16.D2      net (fanout=2)        1.054   u/campaign/kernel/core/evaluator_i/score0<15>
    SLICE_X20Y16.COUT    Topcyd                0.290   u/campaign/kernel/core/evaluator_i/Mcompar_score0[17]_score1[17]_LessThan_38_o_cy<7>
                                                       u/campaign/kernel/core/evaluator_i/Mcompar_score0[17]_score1[17]_LessThan_38_o_lut<7>
                                                       u/campaign/kernel/core/evaluator_i/Mcompar_score0[17]_score1[17]_LessThan_38_o_cy<7>
    SLICE_X20Y17.CIN     net (fanout=1)        0.003   u/campaign/kernel/core/evaluator_i/Mcompar_score0[17]_score1[17]_LessThan_38_o_cy<7>
    SLICE_X20Y17.AMUX    Tcina                 0.240   u/campaign/kernel/core/evaluator_i/score1<15>
                                                       u/campaign/kernel/core/evaluator_i/Mcompar_score0[17]_score1[17]_LessThan_38_o_cy<8>
    SLICE_X23Y17.A3      net (fanout=1)        0.587   u/campaign/kernel/core/evaluator_i/Mcompar_score0[17]_score1[17]_LessThan_38_o_cy<8>
    SLICE_X23Y17.A       Tilo                  0.259   u/campaign/kernel/core/b4_selected_slot<0>
                                                       u/campaign/kernel/core/evaluator_i/c0_wins
    SLICE_X24Y18.C4      net (fanout=17)       0.838   u/campaign/kernel/core/evaluator_i/c0_wins
    SLICE_X24Y18.CLK     Tas                   0.349   u/campaign/kernel/core/b4_selected_score<12>
                                                       u/campaign/kernel/core/evaluator_i/Mmux_score1[17]_GND_15_o_mux_131_OUT31
                                                       u/campaign/kernel/core/evaluator_i/selected_score_11
    -------------------------------------------------  ---------------------------
    Total                                      9.040ns (3.128ns logic, 5.912ns route)
                                                       (34.6% logic, 65.4% route)

--------------------------------------------------------------------------------
Slack:                  0.909ns (requirement - (data path - clock path skew + uncertainty))
  Source:               u/campaign/kernel/core/evaluator_i/lam0_0_1 (FF)
  Destination:          u/campaign/kernel/core/evaluator_i/selected_score_11 (FF)
  Requirement:          10.000ns
  Data Path Delay:      9.037ns (Levels of Logic = 8)
  Clock Path Skew:      -0.019ns (0.433 - 0.452)
  Source Clock:         clk_100mhz_BUFGP rising at 0.000ns
  Destination Clock:    clk_100mhz_BUFGP rising at 10.000ns
  Clock Uncertainty:    0.035ns

  Clock Uncertainty:          0.035ns  ((TSJ^2 + TIJ^2)^1/2 + DJ) / 2 + PE
    Total System Jitter (TSJ):  0.070ns
    Total Input Jitter (TIJ):   0.000ns
    Discrete Jitter (DJ):       0.000ns
    Phase Error (PE):           0.000ns

  Maximum Data Path at Slow Process Corner: u/campaign/kernel/core/evaluator_i/lam0_0_1 to u/campaign/kernel/core/evaluator_i/selected_score_11
    Location             Delay type         Delay(ns)  Physical Resource
                                                       Logical Resource(s)
    -------------------------------------------------  -------------------
    SLICE_X25Y11.AQ      Tcko                  0.430   u/campaign/kernel/core/evaluator_i/lam0_0_3
                                                       u/campaign/kernel/core/evaluator_i/lam0_0_1
    SLICE_X26Y14.B4      net (fanout=12)       1.143   u/campaign/kernel/core/evaluator_i/lam0_0_1
    SLICE_X26Y14.CMUX    Topbc                 0.610   u/campaign/kernel/core/evaluator_i/Mmux_p003_rs_cy<11>
                                                       u/campaign/kernel/core/evaluator_i/Mmux_p003_A171
                                                       u/campaign/kernel/core/evaluator_i/Mmux_p003_rs_cy<11>
    SLICE_X20Y13.B2      net (fanout=3)        1.095   u/campaign/kernel/core/evaluator_i/Mmux_p003_split<10>
    SLICE_X20Y13.COUT    Topcyb                0.448   u/campaign/kernel/core/evaluator_i/Mcompar_p01[17]_p00[17]_LessThan_28_o_cy<7>
                                                       u/campaign/kernel/core/evaluator_i/Mcompar_p01[17]_p00[17]_LessThan_28_o_lut<5>1
                                                       u/campaign/kernel/core/evaluator_i/Mcompar_p01[17]_p00[17]_LessThan_28_o_cy<7>
    SLICE_X20Y14.CIN     net (fanout=1)        0.003   u/campaign/kernel/core/evaluator_i/Mcompar_p01[17]_p00[17]_LessThan_28_o_cy<7>
    SLICE_X20Y14.AMUX    Tcina                 0.240   u/campaign/kernel/core/evaluator_i/score0<0>
                                                       u/campaign/kernel/core/evaluator_i/Mcompar_p01[17]_p00[17]_LessThan_28_o_cy<8>
    SLICE_X27Y16.B3      net (fanout=21)       1.189   u/campaign/kernel/core/evaluator_i/p01[17]_p00[17]_LessThan_28_o
    SLICE_X27Y16.B       Tilo                  0.259   u/campaign/kernel/core/evaluator_i/score0<15>
                                                       u/campaign/kernel/core/evaluator_i/Mmux_score071
    SLICE_X20Y16.D2      net (fanout=2)        1.054   u/campaign/kernel/core/evaluator_i/score0<15>
    SLICE_X20Y16.COUT    Topcyd                0.290   u/campaign/kernel/core/evaluator_i/Mcompar_score0[17]_score1[17]_LessThan_38_o_cy<7>
                                                       u/campaign/kernel/core/evaluator_i/Mcompar_score0[17]_score1[17]_LessThan_38_o_lut<7>
                                                       u/campaign/kernel/core/evaluator_i/Mcompar_score0[17]_score1[17]_LessThan_38_o_cy<7>
    SLICE_X20Y17.CIN     net (fanout=1)        0.003   u/campaign/kernel/core/evaluator_i/Mcompar_score0[17]_score1[17]_LessThan_38_o_cy<7>
    SLICE_X20Y17.AMUX    Tcina                 0.240   u/campaign/kernel/core/evaluator_i/score1<15>
                                                       u/campaign/kernel/core/evaluator_i/Mcompar_score0[17]_score1[17]_LessThan_38_o_cy<8>
    SLICE_X23Y17.A3      net (fanout=1)        0.587   u/campaign/kernel/core/evaluator_i/Mcompar_score0[17]_score1[17]_LessThan_38_o_cy<8>
    SLICE_X23Y17.A       Tilo                  0.259   u/campaign/kernel/core/b4_selected_slot<0>
                                                       u/campaign/kernel/core/evaluator_i/c0_wins
    SLICE_X24Y18.C4      net (fanout=17)       0.838   u/campaign/kernel/core/evaluator_i/c0_wins
    SLICE_X24Y18.CLK     Tas                   0.349   u/campaign/kernel/core/b4_selected_score<12>
                                                       u/campaign/kernel/core/evaluator_i/Mmux_score1[17]_GND_15_o_mux_131_OUT31
                                                       u/campaign/kernel/core/evaluator_i/selected_score_11
    -------------------------------------------------  ---------------------------
    Total                                      9.037ns (3.125ns logic, 5.912ns route)
                                                       (34.6% logic, 65.4% route)

--------------------------------------------------------------------------------

Paths for end point u/campaign/kernel/core/evaluator_i/divisor_15 (SLICE_X6Y19.A2), 4162 paths
--------------------------------------------------------------------------------
Slack:                  0.825ns (requirement - (data path - clock path skew + uncertainty))
  Source:               u/campaign/kernel/core/evaluator_i/objective_0 (FF)
  Destination:          u/campaign/kernel/core/evaluator_i/divisor_15 (FF)
  Requirement:          10.000ns
  Data Path Delay:      9.119ns (Levels of Logic = 10)
  Clock Path Skew:      -0.021ns (0.332 - 0.353)
  Source Clock:         clk_100mhz_BUFGP rising at 0.000ns
  Destination Clock:    clk_100mhz_BUFGP rising at 10.000ns
  Clock Uncertainty:    0.035ns

  Clock Uncertainty:          0.035ns  ((TSJ^2 + TIJ^2)^1/2 + DJ) / 2 + PE
    Total System Jitter (TSJ):  0.070ns
    Total Input Jitter (TIJ):   0.000ns
    Discrete Jitter (DJ):       0.000ns
    Phase Error (PE):           0.000ns

  Maximum Data Path at Slow Process Corner: u/campaign/kernel/core/evaluator_i/objective_0 to u/campaign/kernel/core/evaluator_i/divisor_15
    Location             Delay type         Delay(ns)  Physical Resource
                                                       Logical Resource(s)
    -------------------------------------------------  -------------------
    SLICE_X5Y19.AQ       Tcko                  0.430   u/campaign/kernel/core/evaluator_i/objective<0>
                                                       u/campaign/kernel/core/evaluator_i/objective_0
    SLICE_X9Y14.D3       net (fanout=55)       1.531   u/campaign/kernel/core/evaluator_i/objective<0>
    SLICE_X9Y14.D        Tilo                  0.259   u/campaign/kernel/core/evaluator_i/util1<3>
                                                       u/campaign/kernel/core/evaluator_i/obj1<3>1
    SLICE_X6Y12.B3       net (fanout=5)        1.210   u/campaign/kernel/core/evaluator_i/obj1<3>
    SLICE_X6Y12.COUT     Topcyb                0.483   u/campaign/kernel/core/evaluator_i/Mcompar_obj1[31]_obj0[31]_LessThan_11_o_cy<3>
                                                       u/campaign/kernel/core/evaluator_i/Mcompar_obj1[31]_obj0[31]_LessThan_11_o_lut<1>
                                                       u/campaign/kernel/core/evaluator_i/Mcompar_obj1[31]_obj0[31]_LessThan_11_o_cy<3>
    SLICE_X6Y13.CIN      net (fanout=1)        0.003   u/campaign/kernel/core/evaluator_i/Mcompar_obj1[31]_obj0[31]_LessThan_11_o_cy<3>
    SLICE_X6Y13.COUT     Tbyp                  0.093   u/campaign/kernel/core/evaluator_i/Mcompar_obj1[31]_obj0[31]_LessThan_11_o_cy<7>
                                                       u/campaign/kernel/core/evaluator_i/Mcompar_obj1[31]_obj0[31]_LessThan_11_o_cy<7>
    SLICE_X6Y14.CIN      net (fanout=1)        0.003   u/campaign/kernel/core/evaluator_i/Mcompar_obj1[31]_obj0[31]_LessThan_11_o_cy<7>
    SLICE_X6Y14.COUT     Tbyp                  0.093   u/campaign/kernel/core/evaluator_i/Mcompar_obj1[31]_obj0[31]_LessThan_11_o_cy<11>
                                                       u/campaign/kernel/core/evaluator_i/Mcompar_obj1[31]_obj0[31]_LessThan_11_o_cy<11>
    SLICE_X6Y15.CIN      net (fanout=1)        0.003   u/campaign/kernel/core/evaluator_i/Mcompar_obj1[31]_obj0[31]_LessThan_11_o_cy<11>
    SLICE_X6Y15.DMUX     Tcind                 0.305   u/campaign/kernel/core/evaluator_i/util0<4>
                                                       u/campaign/kernel/core/evaluator_i/Mcompar_obj1[31]_obj0[31]_LessThan_11_o_cy<15>
    SLICE_X7Y15.C5       net (fanout=17)       0.882   u/campaign/kernel/core/evaluator_i/Mcompar_obj1[31]_obj0[31]_LessThan_11_o_cy<15>
    SLICE_X7Y15.C        Tilo                  0.259   u/campaign/kernel/core/evaluator_i/util1<7>
                                                       u/campaign/kernel/core/evaluator_i/Mmux_difference_A281
    SLICE_X4Y15.BX       net (fanout=1)        1.446   u/campaign/kernel/core/evaluator_i/Mmux_difference_rs_A<5>
    SLICE_X4Y15.COUT     Tbxcy                 0.197   u/campaign/kernel/core/evaluator_i/difference_reg<7>
                                                       u/campaign/kernel/core/evaluator_i/Mmux_difference_rs_cy<7>
    SLICE_X4Y16.CIN      net (fanout=1)        0.003   u/campaign/kernel/core/evaluator_i/Mmux_difference_rs_cy<7>
    SLICE_X4Y16.COUT     Tbyp                  0.091   u/campaign/kernel/core/evaluator_i/difference_reg<11>
                                                       u/campaign/kernel/core/evaluator_i/Mmux_difference_rs_cy<11>
    SLICE_X4Y17.CIN      net (fanout=1)        0.003   u/campaign/kernel/core/evaluator_i/Mmux_difference_rs_cy<11>
    SLICE_X4Y17.AMUX     Tcina                 0.210   u/campaign/kernel/core/evaluator_i/difference_reg<15>
                                                       u/campaign/kernel/core/evaluator_i/Mmux_difference_rs_cy<15>
    SLICE_X6Y19.A2       net (fanout=1)        0.955   u/campaign/kernel/core/evaluator_i/difference<12>
    SLICE_X6Y19.CLK      Tas                   0.660   u/campaign/kernel/core/evaluator_i/divisor<15>
                                                       u/campaign/kernel/core/evaluator_i/difference<12>_rt
                                                       u/campaign/kernel/core/evaluator_i/Madd_n0506_cy<15>
                                                       u/campaign/kernel/core/evaluator_i/divisor_15
    -------------------------------------------------  ---------------------------
    Total                                      9.119ns (3.080ns logic, 6.039ns route)
                                                       (33.8% logic, 66.2% route)

--------------------------------------------------------------------------------
Slack:                  0.887ns (requirement - (data path - clock path skew + uncertainty))
  Source:               u/campaign/kernel/core/evaluator_i/objective_1 (FF)
  Destination:          u/campaign/kernel/core/evaluator_i/divisor_15 (FF)
  Requirement:          10.000ns
  Data Path Delay:      9.057ns (Levels of Logic = 10)
  Clock Path Skew:      -0.021ns (0.332 - 0.353)
  Source Clock:         clk_100mhz_BUFGP rising at 0.000ns
  Destination Clock:    clk_100mhz_BUFGP rising at 10.000ns
  Clock Uncertainty:    0.035ns

  Clock Uncertainty:          0.035ns  ((TSJ^2 + TIJ^2)^1/2 + DJ) / 2 + PE
    Total System Jitter (TSJ):  0.070ns
    Total Input Jitter (TIJ):   0.000ns
    Discrete Jitter (DJ):       0.000ns
    Phase Error (PE):           0.000ns

  Maximum Data Path at Slow Process Corner: u/campaign/kernel/core/evaluator_i/objective_1 to u/campaign/kernel/core/evaluator_i/divisor_15
    Location             Delay type         Delay(ns)  Physical Resource
                                                       Logical Resource(s)
    -------------------------------------------------  -------------------
    SLICE_X5Y19.AMUX     Tshcko                0.518   u/campaign/kernel/core/evaluator_i/objective<0>
                                                       u/campaign/kernel/core/evaluator_i/objective_1
    SLICE_X9Y14.D5       net (fanout=59)       1.381   u/campaign/kernel/core/evaluator_i/objective<1>
    SLICE_X9Y14.D        Tilo                  0.259   u/campaign/kernel/core/evaluator_i/util1<3>
                                                       u/campaign/kernel/core/evaluator_i/obj1<3>1
    SLICE_X6Y12.B3       net (fanout=5)        1.210   u/campaign/kernel/core/evaluator_i/obj1<3>
    SLICE_X6Y12.COUT     Topcyb                0.483   u/campaign/kernel/core/evaluator_i/Mcompar_obj1[31]_obj0[31]_LessThan_11_o_cy<3>
                                                       u/campaign/kernel/core/evaluator_i/Mcompar_obj1[31]_obj0[31]_LessThan_11_o_lut<1>
                                                       u/campaign/kernel/core/evaluator_i/Mcompar_obj1[31]_obj0[31]_LessThan_11_o_cy<3>
    SLICE_X6Y13.CIN      net (fanout=1)        0.003   u/campaign/kernel/core/evaluator_i/Mcompar_obj1[31]_obj0[31]_LessThan_11_o_cy<3>
    SLICE_X6Y13.COUT     Tbyp                  0.093   u/campaign/kernel/core/evaluator_i/Mcompar_obj1[31]_obj0[31]_LessThan_11_o_cy<7>
                                                       u/campaign/kernel/core/evaluator_i/Mcompar_obj1[31]_obj0[31]_LessThan_11_o_cy<7>
    SLICE_X6Y14.CIN      net (fanout=1)        0.003   u/campaign/kernel/core/evaluator_i/Mcompar_obj1[31]_obj0[31]_LessThan_11_o_cy<7>
    SLICE_X6Y14.COUT     Tbyp                  0.093   u/campaign/kernel/core/evaluator_i/Mcompar_obj1[31]_obj0[31]_LessThan_11_o_cy<11>
                                                       u/campaign/kernel/core/evaluator_i/Mcompar_obj1[31]_obj0[31]_LessThan_11_o_cy<11>
    SLICE_X6Y15.CIN      net (fanout=1)        0.003   u/campaign/kernel/core/evaluator_i/Mcompar_obj1[31]_obj0[31]_LessThan_11_o_cy<11>
    SLICE_X6Y15.DMUX     Tcind                 0.305   u/campaign/kernel/core/evaluator_i/util0<4>
                                                       u/campaign/kernel/core/evaluator_i/Mcompar_obj1[31]_obj0[31]_LessThan_11_o_cy<15>
    SLICE_X7Y15.C5       net (fanout=17)       0.882   u/campaign/kernel/core/evaluator_i/Mcompar_obj1[31]_obj0[31]_LessThan_11_o_cy<15>
    SLICE_X7Y15.C        Tilo                  0.259   u/campaign/kernel/core/evaluator_i/util1<7>
                                                       u/campaign/kernel/core/evaluator_i/Mmux_difference_A281
    SLICE_X4Y15.BX       net (fanout=1)        1.446   u/campaign/kernel/core/evaluator_i/Mmux_difference_rs_A<5>
    SLICE_X4Y15.COUT     Tbxcy                 0.197   u/campaign/kernel/core/evaluator_i/difference_reg<7>
                                                       u/campaign/kernel/core/evaluator_i/Mmux_difference_rs_cy<7>
    SLICE_X4Y16.CIN      net (fanout=1)        0.003   u/campaign/kernel/core/evaluator_i/Mmux_difference_rs_cy<7>
    SLICE_X4Y16.COUT     Tbyp                  0.091   u/campaign/kernel/core/evaluator_i/difference_reg<11>
                                                       u/campaign/kernel/core/evaluator_i/Mmux_difference_rs_cy<11>
    SLICE_X4Y17.CIN      net (fanout=1)        0.003   u/campaign/kernel/core/evaluator_i/Mmux_difference_rs_cy<11>
    SLICE_X4Y17.AMUX     Tcina                 0.210   u/campaign/kernel/core/evaluator_i/difference_reg<15>
                                                       u/campaign/kernel/core/evaluator_i/Mmux_difference_rs_cy<15>
    SLICE_X6Y19.A2       net (fanout=1)        0.955   u/campaign/kernel/core/evaluator_i/difference<12>
    SLICE_X6Y19.CLK      Tas                   0.660   u/campaign/kernel/core/evaluator_i/divisor<15>
                                                       u/campaign/kernel/core/evaluator_i/difference<12>_rt
                                                       u/campaign/kernel/core/evaluator_i/Madd_n0506_cy<15>
                                                       u/campaign/kernel/core/evaluator_i/divisor_15
    -------------------------------------------------  ---------------------------
    Total                                      9.057ns (3.168ns logic, 5.889ns route)
                                                       (35.0% logic, 65.0% route)

--------------------------------------------------------------------------------
Slack:                  0.918ns (requirement - (data path - clock path skew + uncertainty))
  Source:               u/campaign/kernel/core/evaluator_i/objective_0 (FF)
  Destination:          u/campaign/kernel/core/evaluator_i/divisor_15 (FF)
  Requirement:          10.000ns
  Data Path Delay:      9.026ns (Levels of Logic = 10)
  Clock Path Skew:      -0.021ns (0.332 - 0.353)
  Source Clock:         clk_100mhz_BUFGP rising at 0.000ns
  Destination Clock:    clk_100mhz_BUFGP rising at 10.000ns
  Clock Uncertainty:    0.035ns

  Clock Uncertainty:          0.035ns  ((TSJ^2 + TIJ^2)^1/2 + DJ) / 2 + PE
    Total System Jitter (TSJ):  0.070ns
    Total Input Jitter (TIJ):   0.000ns
    Discrete Jitter (DJ):       0.000ns
    Phase Error (PE):           0.000ns

  Maximum Data Path at Slow Process Corner: u/campaign/kernel/core/evaluator_i/objective_0 to u/campaign/kernel/core/evaluator_i/divisor_15
    Location             Delay type         Delay(ns)  Physical Resource
                                                       Logical Resource(s)
    -------------------------------------------------  -------------------
    SLICE_X5Y19.AQ       Tcko                  0.430   u/campaign/kernel/core/evaluator_i/objective<0>
                                                       u/campaign/kernel/core/evaluator_i/objective_0
    SLICE_X9Y14.D3       net (fanout=55)       1.531   u/campaign/kernel/core/evaluator_i/objective<0>
    SLICE_X9Y14.D        Tilo                  0.259   u/campaign/kernel/core/evaluator_i/util1<3>
                                                       u/campaign/kernel/core/evaluator_i/obj1<3>1
    SLICE_X6Y12.B3       net (fanout=5)        1.210   u/campaign/kernel/core/evaluator_i/obj1<3>
    SLICE_X6Y12.COUT     Topcyb                0.390   u/campaign/kernel/core/evaluator_i/Mcompar_obj1[31]_obj0[31]_LessThan_11_o_cy<3>
                                                       u/campaign/kernel/core/evaluator_i/Mcompar_obj1[31]_obj0[31]_LessThan_11_o_lutdi1
                                                       u/campaign/kernel/core/evaluator_i/Mcompar_obj1[31]_obj0[31]_LessThan_11_o_cy<3>
    SLICE_X6Y13.CIN      net (fanout=1)        0.003   u/campaign/kernel/core/evaluator_i/Mcompar_obj1[31]_obj0[31]_LessThan_11_o_cy<3>
    SLICE_X6Y13.COUT     Tbyp                  0.093   u/campaign/kernel/core/evaluator_i/Mcompar_obj1[31]_obj0[31]_LessThan_11_o_cy<7>
                                                       u/campaign/kernel/core/evaluator_i/Mcompar_obj1[31]_obj0[31]_LessThan_11_o_cy<7>
    SLICE_X6Y14.CIN      net (fanout=1)        0.003   u/campaign/kernel/core/evaluator_i/Mcompar_obj1[31]_obj0[31]_LessThan_11_o_cy<7>
    SLICE_X6Y14.COUT     Tbyp                  0.093   u/campaign/kernel/core/evaluator_i/Mcompar_obj1[31]_obj0[31]_LessThan_11_o_cy<11>
                                                       u/campaign/kernel/core/evaluator_i/Mcompar_obj1[31]_obj0[31]_LessThan_11_o_cy<11>
    SLICE_X6Y15.CIN      net (fanout=1)        0.003   u/campaign/kernel/core/evaluator_i/Mcompar_obj1[31]_obj0[31]_LessThan_11_o_cy<11>
    SLICE_X6Y15.DMUX     Tcind                 0.305   u/campaign/kernel/core/evaluator_i/util0<4>
                                                       u/campaign/kernel/core/evaluator_i/Mcompar_obj1[31]_obj0[31]_LessThan_11_o_cy<15>
    SLICE_X7Y15.C5       net (fanout=17)       0.882   u/campaign/kernel/core/evaluator_i/Mcompar_obj1[31]_obj0[31]_LessThan_11_o_cy<15>
    SLICE_X7Y15.C        Tilo                  0.259   u/campaign/kernel/core/evaluator_i/util1<7>
                                                       u/campaign/kernel/core/evaluator_i/Mmux_difference_A281
    SLICE_X4Y15.BX       net (fanout=1)        1.446   u/campaign/kernel/core/evaluator_i/Mmux_difference_rs_A<5>
    SLICE_X4Y15.COUT     Tbxcy                 0.197   u/campaign/kernel/core/evaluator_i/difference_reg<7>
                                                       u/campaign/kernel/core/evaluator_i/Mmux_difference_rs_cy<7>
    SLICE_X4Y16.CIN      net (fanout=1)        0.003   u/campaign/kernel/core/evaluator_i/Mmux_difference_rs_cy<7>
    SLICE_X4Y16.COUT     Tbyp                  0.091   u/campaign/kernel/core/evaluator_i/difference_reg<11>
                                                       u/campaign/kernel/core/evaluator_i/Mmux_difference_rs_cy<11>
    SLICE_X4Y17.CIN      net (fanout=1)        0.003   u/campaign/kernel/core/evaluator_i/Mmux_difference_rs_cy<11>
    SLICE_X4Y17.AMUX     Tcina                 0.210   u/campaign/kernel/core/evaluator_i/difference_reg<15>
                                                       u/campaign/kernel/core/evaluator_i/Mmux_difference_rs_cy<15>
    SLICE_X6Y19.A2       net (fanout=1)        0.955   u/campaign/kernel/core/evaluator_i/difference<12>
    SLICE_X6Y19.CLK      Tas                   0.660   u/campaign/kernel/core/evaluator_i/divisor<15>
                                                       u/campaign/kernel/core/evaluator_i/difference<12>_rt
                                                       u/campaign/kernel/core/evaluator_i/Madd_n0506_cy<15>
                                                       u/campaign/kernel/core/evaluator_i/divisor_15
    -------------------------------------------------  ---------------------------
    Total                                      9.026ns (2.987ns logic, 6.039ns route)
                                                       (33.1% logic, 66.9% route)

--------------------------------------------------------------------------------
Slack:                  0.980ns (requirement - (data path - clock path skew + uncertainty))
  Source:               u/campaign/kernel/core/evaluator_i/objective_1 (FF)
  Destination:          u/campaign/kernel/core/evaluator_i/divisor_15 (FF)
  Requirement:          10.000ns
  Data Path Delay:      8.964ns (Levels of Logic = 10)
  Clock Path Skew:      -0.021ns (0.332 - 0.353)
  Source Clock:         clk_100mhz_BUFGP rising at 0.000ns
  Destination Clock:    clk_100mhz_BUFGP rising at 10.000ns
  Clock Uncertainty:    0.035ns

  Clock Uncertainty:          0.035ns  ((TSJ^2 + TIJ^2)^1/2 + DJ) / 2 + PE
    Total System Jitter (TSJ):  0.070ns
    Total Input Jitter (TIJ):   0.000ns
    Discrete Jitter (DJ):       0.000ns
    Phase Error (PE):           0.000ns

  Maximum Data Path at Slow Process Corner: u/campaign/kernel/core/evaluator_i/objective_1 to u/campaign/kernel/core/evaluator_i/divisor_15
    Location             Delay type         Delay(ns)  Physical Resource
                                                       Logical Resource(s)
    -------------------------------------------------  -------------------
    SLICE_X5Y19.AMUX     Tshcko                0.518   u/campaign/kernel/core/evaluator_i/objective<0>
                                                       u/campaign/kernel/core/evaluator_i/objective_1
    SLICE_X9Y14.D5       net (fanout=59)       1.381   u/campaign/kernel/core/evaluator_i/objective<1>
    SLICE_X9Y14.D        Tilo                  0.259   u/campaign/kernel/core/evaluator_i/util1<3>
                                                       u/campaign/kernel/core/evaluator_i/obj1<3>1
    SLICE_X6Y12.B3       net (fanout=5)        1.210   u/campaign/kernel/core/evaluator_i/obj1<3>
    SLICE_X6Y12.COUT     Topcyb                0.390   u/campaign/kernel/core/evaluator_i/Mcompar_obj1[31]_obj0[31]_LessThan_11_o_cy<3>
                                                       u/campaign/kernel/core/evaluator_i/Mcompar_obj1[31]_obj0[31]_LessThan_11_o_lutdi1
                                                       u/campaign/kernel/core/evaluator_i/Mcompar_obj1[31]_obj0[31]_LessThan_11_o_cy<3>
    SLICE_X6Y13.CIN      net (fanout=1)        0.003   u/campaign/kernel/core/evaluator_i/Mcompar_obj1[31]_obj0[31]_LessThan_11_o_cy<3>
    SLICE_X6Y13.COUT     Tbyp                  0.093   u/campaign/kernel/core/evaluator_i/Mcompar_obj1[31]_obj0[31]_LessThan_11_o_cy<7>
                                                       u/campaign/kernel/core/evaluator_i/Mcompar_obj1[31]_obj0[31]_LessThan_11_o_cy<7>
    SLICE_X6Y14.CIN      net (fanout=1)        0.003   u/campaign/kernel/core/evaluator_i/Mcompar_obj1[31]_obj0[31]_LessThan_11_o_cy<7>
    SLICE_X6Y14.COUT     Tbyp                  0.093   u/campaign/kernel/core/evaluator_i/Mcompar_obj1[31]_obj0[31]_LessThan_11_o_cy<11>
                                                       u/campaign/kernel/core/evaluator_i/Mcompar_obj1[31]_obj0[31]_LessThan_11_o_cy<11>
    SLICE_X6Y15.CIN      net (fanout=1)        0.003   u/campaign/kernel/core/evaluator_i/Mcompar_obj1[31]_obj0[31]_LessThan_11_o_cy<11>
    SLICE_X6Y15.DMUX     Tcind                 0.305   u/campaign/kernel/core/evaluator_i/util0<4>
                                                       u/campaign/kernel/core/evaluator_i/Mcompar_obj1[31]_obj0[31]_LessThan_11_o_cy<15>
    SLICE_X7Y15.C5       net (fanout=17)       0.882   u/campaign/kernel/core/evaluator_i/Mcompar_obj1[31]_obj0[31]_LessThan_11_o_cy<15>
    SLICE_X7Y15.C        Tilo                  0.259   u/campaign/kernel/core/evaluator_i/util1<7>
                                                       u/campaign/kernel/core/evaluator_i/Mmux_difference_A281
    SLICE_X4Y15.BX       net (fanout=1)        1.446   u/campaign/kernel/core/evaluator_i/Mmux_difference_rs_A<5>
    SLICE_X4Y15.COUT     Tbxcy                 0.197   u/campaign/kernel/core/evaluator_i/difference_reg<7>
                                                       u/campaign/kernel/core/evaluator_i/Mmux_difference_rs_cy<7>
    SLICE_X4Y16.CIN      net (fanout=1)        0.003   u/campaign/kernel/core/evaluator_i/Mmux_difference_rs_cy<7>
    SLICE_X4Y16.COUT     Tbyp                  0.091   u/campaign/kernel/core/evaluator_i/difference_reg<11>
                                                       u/campaign/kernel/core/evaluator_i/Mmux_difference_rs_cy<11>
    SLICE_X4Y17.CIN      net (fanout=1)        0.003   u/campaign/kernel/core/evaluator_i/Mmux_difference_rs_cy<11>
    SLICE_X4Y17.AMUX     Tcina                 0.210   u/campaign/kernel/core/evaluator_i/difference_reg<15>
                                                       u/campaign/kernel/core/evaluator_i/Mmux_difference_rs_cy<15>
    SLICE_X6Y19.A2       net (fanout=1)        0.955   u/campaign/kernel/core/evaluator_i/difference<12>
    SLICE_X6Y19.CLK      Tas                   0.660   u/campaign/kernel/core/evaluator_i/divisor<15>
                                                       u/campaign/kernel/core/evaluator_i/difference<12>_rt
                                                       u/campaign/kernel/core/evaluator_i/Madd_n0506_cy<15>
                                                       u/campaign/kernel/core/evaluator_i/divisor_15
    -------------------------------------------------  ---------------------------
    Total                                      8.964ns (3.075ns logic, 5.889ns route)
                                                       (34.3% logic, 65.7% route)

--------------------------------------------------------------------------------
Slack:                  1.094ns (requirement - (data path - clock path skew + uncertainty))
  Source:               u/campaign/kernel/core/evaluator_i/objective_1 (FF)
  Destination:          u/campaign/kernel/core/evaluator_i/divisor_15 (FF)
  Requirement:          10.000ns
  Data Path Delay:      8.850ns (Levels of Logic = 9)
  Clock Path Skew:      -0.021ns (0.332 - 0.353)
  Source Clock:         clk_100mhz_BUFGP rising at 0.000ns
  Destination Clock:    clk_100mhz_BUFGP rising at 10.000ns
  Clock Uncertainty:    0.035ns

  Clock Uncertainty:          0.035ns  ((TSJ^2 + TIJ^2)^1/2 + DJ) / 2 + PE
    Total System Jitter (TSJ):  0.070ns
    Total Input Jitter (TIJ):   0.000ns
    Discrete Jitter (DJ):       0.000ns
    Phase Error (PE):           0.000ns

  Maximum Data Path at Slow Process Corner: u/campaign/kernel/core/evaluator_i/objective_1 to u/campaign/kernel/core/evaluator_i/divisor_15
    Location             Delay type         Delay(ns)  Physical Resource
                                                       Logical Resource(s)
    -------------------------------------------------  -------------------
    SLICE_X5Y19.AMUX     Tshcko                0.518   u/campaign/kernel/core/evaluator_i/objective<0>
                                                       u/campaign/kernel/core/evaluator_i/objective_1
    SLICE_X11Y17.A4      net (fanout=59)       1.191   u/campaign/kernel/core/evaluator_i/objective<1>
    SLICE_X11Y17.A       Tilo                  0.259   u/campaign/kernel/core/evaluator_i/fid0<7>
                                                       u/campaign/kernel/core/evaluator_i/obj0<9>1
    SLICE_X6Y13.A1       net (fanout=4)        1.290   u/campaign/kernel/core/evaluator_i/obj0<9>
    SLICE_X6Y13.COUT     Topcya                0.482   u/campaign/kernel/core/evaluator_i/Mcompar_obj1[31]_obj0[31]_LessThan_11_o_cy<7>
                                                       u/campaign/kernel/core/evaluator_i/Mcompar_obj1[31]_obj0[31]_LessThan_11_o_lutdi4
                                                       u/campaign/kernel/core/evaluator_i/Mcompar_obj1[31]_obj0[31]_LessThan_11_o_cy<7>
    SLICE_X6Y14.CIN      net (fanout=1)        0.003   u/campaign/kernel/core/evaluator_i/Mcompar_obj1[31]_obj0[31]_LessThan_11_o_cy<7>
    SLICE_X6Y14.COUT     Tbyp                  0.093   u/campaign/kernel/core/evaluator_i/Mcompar_obj1[31]_obj0[31]_LessThan_11_o_cy<11>
                                                       u/campaign/kernel/core/evaluator_i/Mcompar_obj1[31]_obj0[31]_LessThan_11_o_cy<11>
    SLICE_X6Y15.CIN      net (fanout=1)        0.003   u/campaign/kernel/core/evaluator_i/Mcompar_obj1[31]_obj0[31]_LessThan_11_o_cy<11>
    SLICE_X6Y15.DMUX     Tcind                 0.305   u/campaign/kernel/core/evaluator_i/util0<4>
                                                       u/campaign/kernel/core/evaluator_i/Mcompar_obj1[31]_obj0[31]_LessThan_11_o_cy<15>
    SLICE_X7Y15.C5       net (fanout=17)       0.882   u/campaign/kernel/core/evaluator_i/Mcompar_obj1[31]_obj0[31]_LessThan_11_o_cy<15>
    SLICE_X7Y15.C        Tilo                  0.259   u/campaign/kernel/core/evaluator_i/util1<7>
                                                       u/campaign/kernel/core/evaluator_i/Mmux_difference_A281
    SLICE_X4Y15.BX       net (fanout=1)        1.446   u/campaign/kernel/core/evaluator_i/Mmux_difference_rs_A<5>
    SLICE_X4Y15.COUT     Tbxcy                 0.197   u/campaign/kernel/core/evaluator_i/difference_reg<7>
                                                       u/campaign/kernel/core/evaluator_i/Mmux_difference_rs_cy<7>
    SLICE_X4Y16.CIN      net (fanout=1)        0.003   u/campaign/kernel/core/evaluator_i/Mmux_difference_rs_cy<7>
    SLICE_X4Y16.COUT     Tbyp                  0.091   u/campaign/kernel/core/evaluator_i/difference_reg<11>
                                                       u/campaign/kernel/core/evaluator_i/Mmux_difference_rs_cy<11>
    SLICE_X4Y17.CIN      net (fanout=1)        0.003   u/campaign/kernel/core/evaluator_i/Mmux_difference_rs_cy<11>
    SLICE_X4Y17.AMUX     Tcina                 0.210   u/campaign/kernel/core/evaluator_i/difference_reg<15>
                                                       u/campaign/kernel/core/evaluator_i/Mmux_difference_rs_cy<15>
    SLICE_X6Y19.A2       net (fanout=1)        0.955   u/campaign/kernel/core/evaluator_i/difference<12>
    SLICE_X6Y19.CLK      Tas                   0.660   u/campaign/kernel/core/evaluator_i/divisor<15>
                                                       u/campaign/kernel/core/evaluator_i/difference<12>_rt
                                                       u/campaign/kernel/core/evaluator_i/Madd_n0506_cy<15>
                                                       u/campaign/kernel/core/evaluator_i/divisor_15
    -------------------------------------------------  ---------------------------
    Total                                      8.850ns (3.074ns logic, 5.776ns route)
                                                       (34.7% logic, 65.3% route)

--------------------------------------------------------------------------------
Slack:                  1.102ns (requirement - (data path - clock path skew + uncertainty))
  Source:               u/campaign/kernel/core/evaluator_i/objective_1 (FF)
  Destination:          u/campaign/kernel/core/evaluator_i/divisor_15 (FF)
  Requirement:          10.000ns
  Data Path Delay:      8.842ns (Levels of Logic = 9)
  Clock Path Skew:      -0.021ns (0.332 - 0.353)
  Source Clock:         clk_100mhz_BUFGP rising at 0.000ns
  Destination Clock:    clk_100mhz_BUFGP rising at 10.000ns
  Clock Uncertainty:    0.035ns

  Clock Uncertainty:          0.035ns  ((TSJ^2 + TIJ^2)^1/2 + DJ) / 2 + PE
    Total System Jitter (TSJ):  0.070ns
    Total Input Jitter (TIJ):   0.000ns
    Discrete Jitter (DJ):       0.000ns
    Phase Error (PE):           0.000ns

  Maximum Data Path at Slow Process Corner: u/campaign/kernel/core/evaluator_i/objective_1 to u/campaign/kernel/core/evaluator_i/divisor_15
    Location             Delay type         Delay(ns)  Physical Resource
                                                       Logical Resource(s)
    -------------------------------------------------  -------------------
    SLICE_X5Y19.AMUX     Tshcko                0.518   u/campaign/kernel/core/evaluator_i/objective<0>
                                                       u/campaign/kernel/core/evaluator_i/objective_1
    SLICE_X11Y17.A4      net (fanout=59)       1.191   u/campaign/kernel/core/evaluator_i/objective<1>
    SLICE_X11Y17.A       Tilo                  0.259   u/campaign/kernel/core/evaluator_i/fid0<7>
                                                       u/campaign/kernel/core/evaluator_i/obj0<9>1
    SLICE_X6Y13.A1       net (fanout=4)        1.290   u/campaign/kernel/core/evaluator_i/obj0<9>
    SLICE_X6Y13.COUT     Topcya                0.474   u/campaign/kernel/core/evaluator_i/Mcompar_obj1[31]_obj0[31]_LessThan_11_o_cy<7>
                                                       u/campaign/kernel/core/evaluator_i/Mcompar_obj1[31]_obj0[31]_LessThan_11_o_lut<4>
                                                       u/campaign/kernel/core/evaluator_i/Mcompar_obj1[31]_obj0[31]_LessThan_11_o_cy<7>
    SLICE_X6Y14.CIN      net (fanout=1)        0.003   u/campaign/kernel/core/evaluator_i/Mcompar_obj1[31]_obj0[31]_LessThan_11_o_cy<7>
    SLICE_X6Y14.COUT     Tbyp                  0.093   u/campaign/kernel/core/evaluator_i/Mcompar_obj1[31]_obj0[31]_LessThan_11_o_cy<11>
                                                       u/campaign/kernel/core/evaluator_i/Mcompar_obj1[31]_obj0[31]_LessThan_11_o_cy<11>
    SLICE_X6Y15.CIN      net (fanout=1)        0.003   u/campaign/kernel/core/evaluator_i/Mcompar_obj1[31]_obj0[31]_LessThan_11_o_cy<11>
    SLICE_X6Y15.DMUX     Tcind                 0.305   u/campaign/kernel/core/evaluator_i/util0<4>
                                                       u/campaign/kernel/core/evaluator_i/Mcompar_obj1[31]_obj0[31]_LessThan_11_o_cy<15>
    SLICE_X7Y15.C5       net (fanout=17)       0.882   u/campaign/kernel/core/evaluator_i/Mcompar_obj1[31]_obj0[31]_LessThan_11_o_cy<15>
    SLICE_X7Y15.C        Tilo                  0.259   u/campaign/kernel/core/evaluator_i/util1<7>
                                                       u/campaign/kernel/core/evaluator_i/Mmux_difference_A281
    SLICE_X4Y15.BX       net (fanout=1)        1.446   u/campaign/kernel/core/evaluator_i/Mmux_difference_rs_A<5>
    SLICE_X4Y15.COUT     Tbxcy                 0.197   u/campaign/kernel/core/evaluator_i/difference_reg<7>
                                                       u/campaign/kernel/core/evaluator_i/Mmux_difference_rs_cy<7>
    SLICE_X4Y16.CIN      net (fanout=1)        0.003   u/campaign/kernel/core/evaluator_i/Mmux_difference_rs_cy<7>
    SLICE_X4Y16.COUT     Tbyp                  0.091   u/campaign/kernel/core/evaluator_i/difference_reg<11>
                                                       u/campaign/kernel/core/evaluator_i/Mmux_difference_rs_cy<11>
    SLICE_X4Y17.CIN      net (fanout=1)        0.003   u/campaign/kernel/core/evaluator_i/Mmux_difference_rs_cy<11>
    SLICE_X4Y17.AMUX     Tcina                 0.210   u/campaign/kernel/core/evaluator_i/difference_reg<15>
                                                       u/campaign/kernel/core/evaluator_i/Mmux_difference_rs_cy<15>
    SLICE_X6Y19.A2       net (fanout=1)        0.955   u/campaign/kernel/core/evaluator_i/difference<12>
    SLICE_X6Y19.CLK      Tas                   0.660   u/campaign/kernel/core/evaluator_i/divisor<15>
                                                       u/campaign/kernel/core/evaluator_i/difference<12>_rt
                                                       u/campaign/kernel/core/evaluator_i/Madd_n0506_cy<15>
                                                       u/campaign/kernel/core/evaluator_i/divisor_15
    -------------------------------------------------  ---------------------------
    Total                                      8.842ns (3.066ns logic, 5.776ns route)
                                                       (34.7% logic, 65.3% route)

--------------------------------------------------------------------------------
Slack:                  1.104ns (requirement - (data path - clock path skew + uncertainty))
  Source:               u/campaign/kernel/core/evaluator_i/objective_1 (FF)
  Destination:          u/campaign/kernel/core/evaluator_i/divisor_15 (FF)
  Requirement:          10.000ns
  Data Path Delay:      8.840ns (Levels of Logic = 9)
  Clock Path Skew:      -0.021ns (0.332 - 0.353)
  Source Clock:         clk_100mhz_BUFGP rising at 0.000ns
  Destination Clock:    clk_100mhz_BUFGP rising at 10.000ns
  Clock Uncertainty:    0.035ns

  Clock Uncertainty:          0.035ns  ((TSJ^2 + TIJ^2)^1/2 + DJ) / 2 + PE
    Total System Jitter (TSJ):  0.070ns
    Total Input Jitter (TIJ):   0.000ns
    Discrete Jitter (DJ):       0.000ns
    Phase Error (PE):           0.000ns

  Maximum Data Path at Slow Process Corner: u/campaign/kernel/core/evaluator_i/objective_1 to u/campaign/kernel/core/evaluator_i/divisor_15
    Location             Delay type         Delay(ns)  Physical Resource
                                                       Logical Resource(s)
    -------------------------------------------------  -------------------
    SLICE_X5Y19.AMUX     Tshcko                0.518   u/campaign/kernel/core/evaluator_i/objective<0>
                                                       u/campaign/kernel/core/evaluator_i/objective_1
    SLICE_X9Y17.B4       net (fanout=59)       1.201   u/campaign/kernel/core/evaluator_i/objective<1>
    SLICE_X9Y17.B        Tilo                  0.259   u/campaign/kernel/core/evaluator_i/obj1<9>
                                                       u/campaign/kernel/core/evaluator_i/obj1<9>1
    SLICE_X6Y13.A2       net (fanout=5)        1.270   u/campaign/kernel/core/evaluator_i/obj1<9>
    SLICE_X6Y13.COUT     Topcya                0.482   u/campaign/kernel/core/evaluator_i/Mcompar_obj1[31]_obj0[31]_LessThan_11_o_cy<7>
                                                       u/campaign/kernel/core/evaluator_i/Mcompar_obj1[31]_obj0[31]_LessThan_11_o_lutdi4
                                                       u/campaign/kernel/core/evaluator_i/Mcompar_obj1[31]_obj0[31]_LessThan_11_o_cy<7>
    SLICE_X6Y14.CIN      net (fanout=1)        0.003   u/campaign/kernel/core/evaluator_i/Mcompar_obj1[31]_obj0[31]_LessThan_11_o_cy<7>
    SLICE_X6Y14.COUT     Tbyp                  0.093   u/campaign/kernel/core/evaluator_i/Mcompar_obj1[31]_obj0[31]_LessThan_11_o_cy<11>
                                                       u/campaign/kernel/core/evaluator_i/Mcompar_obj1[31]_obj0[31]_LessThan_11_o_cy<11>
    SLICE_X6Y15.CIN      net (fanout=1)        0.003   u/campaign/kernel/core/evaluator_i/Mcompar_obj1[31]_obj0[31]_LessThan_11_o_cy<11>
    SLICE_X6Y15.DMUX     Tcind                 0.305   u/campaign/kernel/core/evaluator_i/util0<4>
                                                       u/campaign/kernel/core/evaluator_i/Mcompar_obj1[31]_obj0[31]_LessThan_11_o_cy<15>
    SLICE_X7Y15.C5       net (fanout=17)       0.882   u/campaign/kernel/core/evaluator_i/Mcompar_obj1[31]_obj0[31]_LessThan_11_o_cy<15>
    SLICE_X7Y15.C        Tilo                  0.259   u/campaign/kernel/core/evaluator_i/util1<7>
                                                       u/campaign/kernel/core/evaluator_i/Mmux_difference_A281
    SLICE_X4Y15.BX       net (fanout=1)        1.446   u/campaign/kernel/core/evaluator_i/Mmux_difference_rs_A<5>
    SLICE_X4Y15.COUT     Tbxcy                 0.197   u/campaign/kernel/core/evaluator_i/difference_reg<7>
                                                       u/campaign/kernel/core/evaluator_i/Mmux_difference_rs_cy<7>
    SLICE_X4Y16.CIN      net (fanout=1)        0.003   u/campaign/kernel/core/evaluator_i/Mmux_difference_rs_cy<7>
    SLICE_X4Y16.COUT     Tbyp                  0.091   u/campaign/kernel/core/evaluator_i/difference_reg<11>
                                                       u/campaign/kernel/core/evaluator_i/Mmux_difference_rs_cy<11>
    SLICE_X4Y17.CIN      net (fanout=1)        0.003   u/campaign/kernel/core/evaluator_i/Mmux_difference_rs_cy<11>
    SLICE_X4Y17.AMUX     Tcina                 0.210   u/campaign/kernel/core/evaluator_i/difference_reg<15>
                                                       u/campaign/kernel/core/evaluator_i/Mmux_difference_rs_cy<15>
    SLICE_X6Y19.A2       net (fanout=1)        0.955   u/campaign/kernel/core/evaluator_i/difference<12>
    SLICE_X6Y19.CLK      Tas                   0.660   u/campaign/kernel/core/evaluator_i/divisor<15>
                                                       u/campaign/kernel/core/evaluator_i/difference<12>_rt
                                                       u/campaign/kernel/core/evaluator_i/Madd_n0506_cy<15>
                                                       u/campaign/kernel/core/evaluator_i/divisor_15
    -------------------------------------------------  ---------------------------
    Total                                      8.840ns (3.074ns logic, 5.766ns route)
                                                       (34.8% logic, 65.2% route)

--------------------------------------------------------------------------------
Slack:                  1.112ns (requirement - (data path - clock path skew + uncertainty))
  Source:               u/campaign/kernel/core/evaluator_i/objective_1 (FF)
  Destination:          u/campaign/kernel/core/evaluator_i/divisor_15 (FF)
  Requirement:          10.000ns
  Data Path Delay:      8.832ns (Levels of Logic = 9)
  Clock Path Skew:      -0.021ns (0.332 - 0.353)
  Source Clock:         clk_100mhz_BUFGP rising at 0.000ns
  Destination Clock:    clk_100mhz_BUFGP rising at 10.000ns
  Clock Uncertainty:    0.035ns

  Clock Uncertainty:          0.035ns  ((TSJ^2 + TIJ^2)^1/2 + DJ) / 2 + PE
    Total System Jitter (TSJ):  0.070ns
    Total Input Jitter (TIJ):   0.000ns
    Discrete Jitter (DJ):       0.000ns
    Phase Error (PE):           0.000ns

  Maximum Data Path at Slow Process Corner: u/campaign/kernel/core/evaluator_i/objective_1 to u/campaign/kernel/core/evaluator_i/divisor_15
    Location             Delay type         Delay(ns)  Physical Resource
                                                       Logical Resource(s)
    -------------------------------------------------  -------------------
    SLICE_X5Y19.AMUX     Tshcko                0.518   u/campaign/kernel/core/evaluator_i/objective<0>
                                                       u/campaign/kernel/core/evaluator_i/objective_1
    SLICE_X9Y17.B4       net (fanout=59)       1.201   u/campaign/kernel/core/evaluator_i/objective<1>
    SLICE_X9Y17.B        Tilo                  0.259   u/campaign/kernel/core/evaluator_i/obj1<9>
                                                       u/campaign/kernel/core/evaluator_i/obj1<9>1
    SLICE_X6Y13.A2       net (fanout=5)        1.270   u/campaign/kernel/core/evaluator_i/obj1<9>
    SLICE_X6Y13.COUT     Topcya                0.474   u/campaign/kernel/core/evaluator_i/Mcompar_obj1[31]_obj0[31]_LessThan_11_o_cy<7>
                                                       u/campaign/kernel/core/evaluator_i/Mcompar_obj1[31]_obj0[31]_LessThan_11_o_lut<4>
                                                       u/campaign/kernel/core/evaluator_i/Mcompar_obj1[31]_obj0[31]_LessThan_11_o_cy<7>
    SLICE_X6Y14.CIN      net (fanout=1)        0.003   u/campaign/kernel/core/evaluator_i/Mcompar_obj1[31]_obj0[31]_LessThan_11_o_cy<7>
    SLICE_X6Y14.COUT     Tbyp                  0.093   u/campaign/kernel/core/evaluator_i/Mcompar_obj1[31]_obj0[31]_LessThan_11_o_cy<11>
                                                       u/campaign/kernel/core/evaluator_i/Mcompar_obj1[31]_obj0[31]_LessThan_11_o_cy<11>
    SLICE_X6Y15.CIN      net (fanout=1)        0.003   u/campaign/kernel/core/evaluator_i/Mcompar_obj1[31]_obj0[31]_LessThan_11_o_cy<11>
    SLICE_X6Y15.DMUX     Tcind                 0.305   u/campaign/kernel/core/evaluator_i/util0<4>
                                                       u/campaign/kernel/core/evaluator_i/Mcompar_obj1[31]_obj0[31]_LessThan_11_o_cy<15>
    SLICE_X7Y15.C5       net (fanout=17)       0.882   u/campaign/kernel/core/evaluator_i/Mcompar_obj1[31]_obj0[31]_LessThan_11_o_cy<15>
    SLICE_X7Y15.C        Tilo                  0.259   u/campaign/kernel/core/evaluator_i/util1<7>
                                                       u/campaign/kernel/core/evaluator_i/Mmux_difference_A281
    SLICE_X4Y15.BX       net (fanout=1)        1.446   u/campaign/kernel/core/evaluator_i/Mmux_difference_rs_A<5>
    SLICE_X4Y15.COUT     Tbxcy                 0.197   u/campaign/kernel/core/evaluator_i/difference_reg<7>
                                                       u/campaign/kernel/core/evaluator_i/Mmux_difference_rs_cy<7>
    SLICE_X4Y16.CIN      net (fanout=1)        0.003   u/campaign/kernel/core/evaluator_i/Mmux_difference_rs_cy<7>
    SLICE_X4Y16.COUT     Tbyp                  0.091   u/campaign/kernel/core/evaluator_i/difference_reg<11>
                                                       u/campaign/kernel/core/evaluator_i/Mmux_difference_rs_cy<11>
    SLICE_X4Y17.CIN      net (fanout=1)        0.003   u/campaign/kernel/core/evaluator_i/Mmux_difference_rs_cy<11>
    SLICE_X4Y17.AMUX     Tcina                 0.210   u/campaign/kernel/core/evaluator_i/difference_reg<15>
                                                       u/campaign/kernel/core/evaluator_i/Mmux_difference_rs_cy<15>
    SLICE_X6Y19.A2       net (fanout=1)        0.955   u/campaign/kernel/core/evaluator_i/difference<12>
    SLICE_X6Y19.CLK      Tas                   0.660   u/campaign/kernel/core/evaluator_i/divisor<15>
                                                       u/campaign/kernel/core/evaluator_i/difference<12>_rt
                                                       u/campaign/kernel/core/evaluator_i/Madd_n0506_cy<15>
                                                       u/campaign/kernel/core/evaluator_i/divisor_15
    -------------------------------------------------  ---------------------------
    Total                                      8.832ns (3.066ns logic, 5.766ns route)
                                                       (34.7% logic, 65.3% route)

--------------------------------------------------------------------------------
Slack:                  1.120ns (requirement - (data path - clock path skew + uncertainty))
  Source:               u/campaign/kernel/core/evaluator_i/fid1_6 (FF)
  Destination:          u/campaign/kernel/core/evaluator_i/divisor_15 (FF)
  Requirement:          10.000ns
  Data Path Delay:      8.847ns (Levels of Logic = 10)
  Clock Path Skew:      0.002ns (0.332 - 0.330)
  Source Clock:         clk_100mhz_BUFGP rising at 0.000ns
  Destination Clock:    clk_100mhz_BUFGP rising at 10.000ns
  Clock Uncertainty:    0.035ns

  Clock Uncertainty:          0.035ns  ((TSJ^2 + TIJ^2)^1/2 + DJ) / 2 + PE
    Total System Jitter (TSJ):  0.070ns
    Total Input Jitter (TIJ):   0.000ns
    Discrete Jitter (DJ):       0.000ns
    Phase Error (PE):           0.000ns

  Maximum Data Path at Slow Process Corner: u/campaign/kernel/core/evaluator_i/fid1_6 to u/campaign/kernel/core/evaluator_i/divisor_15
    Location             Delay type         Delay(ns)  Physical Resource
                                                       Logical Resource(s)
    -------------------------------------------------  -------------------
    SLICE_X10Y18.BQ      Tcko                  0.525   u/campaign/kernel/core/evaluator_i/fid1<4>
                                                       u/campaign/kernel/core/evaluator_i/fid1_6
    SLICE_X5Y14.B1       net (fanout=1)        1.508   u/campaign/kernel/core/evaluator_i/fid1<6>
    SLICE_X5Y14.B        Tilo                  0.259   u/campaign/kernel/core/evaluator_i/obj1<6>
                                                       u/campaign/kernel/core/evaluator_i/obj1<6>1
    SLICE_X6Y12.D2       net (fanout=5)        1.006   u/campaign/kernel/core/evaluator_i/obj1<6>
    SLICE_X6Y12.COUT     Topcyd                0.343   u/campaign/kernel/core/evaluator_i/Mcompar_obj1[31]_obj0[31]_LessThan_11_o_cy<3>
                                                       u/campaign/kernel/core/evaluator_i/Mcompar_obj1[31]_obj0[31]_LessThan_11_o_lutdi3
                                                       u/campaign/kernel/core/evaluator_i/Mcompar_obj1[31]_obj0[31]_LessThan_11_o_cy<3>
    SLICE_X6Y13.CIN      net (fanout=1)        0.003   u/campaign/kernel/core/evaluator_i/Mcompar_obj1[31]_obj0[31]_LessThan_11_o_cy<3>
    SLICE_X6Y13.COUT     Tbyp                  0.093   u/campaign/kernel/core/evaluator_i/Mcompar_obj1[31]_obj0[31]_LessThan_11_o_cy<7>
                                                       u/campaign/kernel/core/evaluator_i/Mcompar_obj1[31]_obj0[31]_LessThan_11_o_cy<7>
    SLICE_X6Y14.CIN      net (fanout=1)        0.003   u/campaign/kernel/core/evaluator_i/Mcompar_obj1[31]_obj0[31]_LessThan_11_o_cy<7>
    SLICE_X6Y14.COUT     Tbyp                  0.093   u/campaign/kernel/core/evaluator_i/Mcompar_obj1[31]_obj0[31]_LessThan_11_o_cy<11>
                                                       u/campaign/kernel/core/evaluator_i/Mcompar_obj1[31]_obj0[31]_LessThan_11_o_cy<11>
    SLICE_X6Y15.CIN      net (fanout=1)        0.003   u/campaign/kernel/core/evaluator_i/Mcompar_obj1[31]_obj0[31]_LessThan_11_o_cy<11>
    SLICE_X6Y15.DMUX     Tcind                 0.305   u/campaign/kernel/core/evaluator_i/util0<4>
                                                       u/campaign/kernel/core/evaluator_i/Mcompar_obj1[31]_obj0[31]_LessThan_11_o_cy<15>
    SLICE_X7Y15.C5       net (fanout=17)       0.882   u/campaign/kernel/core/evaluator_i/Mcompar_obj1[31]_obj0[31]_LessThan_11_o_cy<15>
    SLICE_X7Y15.C        Tilo                  0.259   u/campaign/kernel/core/evaluator_i/util1<7>
                                                       u/campaign/kernel/core/evaluator_i/Mmux_difference_A281
    SLICE_X4Y15.BX       net (fanout=1)        1.446   u/campaign/kernel/core/evaluator_i/Mmux_difference_rs_A<5>
    SLICE_X4Y15.COUT     Tbxcy                 0.197   u/campaign/kernel/core/evaluator_i/difference_reg<7>
                                                       u/campaign/kernel/core/evaluator_i/Mmux_difference_rs_cy<7>
    SLICE_X4Y16.CIN      net (fanout=1)        0.003   u/campaign/kernel/core/evaluator_i/Mmux_difference_rs_cy<7>
    SLICE_X4Y16.COUT     Tbyp                  0.091   u/campaign/kernel/core/evaluator_i/difference_reg<11>
                                                       u/campaign/kernel/core/evaluator_i/Mmux_difference_rs_cy<11>
    SLICE_X4Y17.CIN      net (fanout=1)        0.003   u/campaign/kernel/core/evaluator_i/Mmux_difference_rs_cy<11>
    SLICE_X4Y17.AMUX     Tcina                 0.210   u/campaign/kernel/core/evaluator_i/difference_reg<15>
                                                       u/campaign/kernel/core/evaluator_i/Mmux_difference_rs_cy<15>
    SLICE_X6Y19.A2       net (fanout=1)        0.955   u/campaign/kernel/core/evaluator_i/difference<12>
    SLICE_X6Y19.CLK      Tas                   0.660   u/campaign/kernel/core/evaluator_i/divisor<15>
                                                       u/campaign/kernel/core/evaluator_i/difference<12>_rt
                                                       u/campaign/kernel/core/evaluator_i/Madd_n0506_cy<15>
                                                       u/campaign/kernel/core/evaluator_i/divisor_15
    -------------------------------------------------  ---------------------------
    Total                                      8.847ns (3.035ns logic, 5.812ns route)
                                                       (34.3% logic, 65.7% route)

--------------------------------------------------------------------------------
Slack:                  1.143ns (requirement - (data path - clock path skew + uncertainty))
  Source:               u/campaign/kernel/core/evaluator_i/cost0_1 (FF)
  Destination:          u/campaign/kernel/core/evaluator_i/divisor_15 (FF)
  Requirement:          10.000ns
  Data Path Delay:      8.809ns (Levels of Logic = 10)
  Clock Path Skew:      -0.013ns (0.452 - 0.465)
  Source Clock:         clk_100mhz_BUFGP rising at 0.000ns
  Destination Clock:    clk_100mhz_BUFGP rising at 10.000ns
  Clock Uncertainty:    0.035ns

  Clock Uncertainty:          0.035ns  ((TSJ^2 + TIJ^2)^1/2 + DJ) / 2 + PE
    Total System Jitter (TSJ):  0.070ns
    Total Input Jitter (TIJ):   0.000ns
    Discrete Jitter (DJ):       0.000ns
    Phase Error (PE):           0.000ns

  Maximum Data Path at Slow Process Corner: u/campaign/kernel/core/evaluator_i/cost0_1 to u/campaign/kernel/core/evaluator_i/divisor_15
    Location             Delay type         Delay(ns)  Physical Resource
                                                       Logical Resource(s)
    -------------------------------------------------  -------------------
    SLICE_X8Y15.BQ       Tcko                  0.476   u/campaign/kernel/core/evaluator_i/cost0<3>
                                                       u/campaign/kernel/core/evaluator_i/cost0_1
    SLICE_X5Y15.D2       net (fanout=4)        1.283   u/campaign/kernel/core/evaluator_i/cost0<1>
    SLICE_X5Y15.D        Tilo                  0.259   u/campaign/kernel/core/evaluator_i/obj0<1>
                                                       u/campaign/kernel/core/evaluator_i/obj0<1>1
    SLICE_X6Y12.A3       net (fanout=4)        1.103   u/campaign/kernel/core/evaluator_i/obj0<1>
    SLICE_X6Y12.COUT     Topcya                0.482   u/campaign/kernel/core/evaluator_i/Mcompar_obj1[31]_obj0[31]_LessThan_11_o_cy<3>
                                                       u/campaign/kernel/core/evaluator_i/Mcompar_obj1[31]_obj0[31]_LessThan_11_o_lutdi
                                                       u/campaign/kernel/core/evaluator_i/Mcompar_obj1[31]_obj0[31]_LessThan_11_o_cy<3>
    SLICE_X6Y13.CIN      net (fanout=1)        0.003   u/campaign/kernel/core/evaluator_i/Mcompar_obj1[31]_obj0[31]_LessThan_11_o_cy<3>
    SLICE_X6Y13.COUT     Tbyp                  0.093   u/campaign/kernel/core/evaluator_i/Mcompar_obj1[31]_obj0[31]_LessThan_11_o_cy<7>
                                                       u/campaign/kernel/core/evaluator_i/Mcompar_obj1[31]_obj0[31]_LessThan_11_o_cy<7>
    SLICE_X6Y14.CIN      net (fanout=1)        0.003   u/campaign/kernel/core/evaluator_i/Mcompar_obj1[31]_obj0[31]_LessThan_11_o_cy<7>
    SLICE_X6Y14.COUT     Tbyp                  0.093   u/campaign/kernel/core/evaluator_i/Mcompar_obj1[31]_obj0[31]_LessThan_11_o_cy<11>
                                                       u/campaign/kernel/core/evaluator_i/Mcompar_obj1[31]_obj0[31]_LessThan_11_o_cy<11>
    SLICE_X6Y15.CIN      net (fanout=1)        0.003   u/campaign/kernel/core/evaluator_i/Mcompar_obj1[31]_obj0[31]_LessThan_11_o_cy<11>
    SLICE_X6Y15.DMUX     Tcind                 0.305   u/campaign/kernel/core/evaluator_i/util0<4>
                                                       u/campaign/kernel/core/evaluator_i/Mcompar_obj1[31]_obj0[31]_LessThan_11_o_cy<15>
    SLICE_X7Y15.C5       net (fanout=17)       0.882   u/campaign/kernel/core/evaluator_i/Mcompar_obj1[31]_obj0[31]_LessThan_11_o_cy<15>
    SLICE_X7Y15.C        Tilo                  0.259   u/campaign/kernel/core/evaluator_i/util1<7>
                                                       u/campaign/kernel/core/evaluator_i/Mmux_difference_A281
    SLICE_X4Y15.BX       net (fanout=1)        1.446   u/campaign/kernel/core/evaluator_i/Mmux_difference_rs_A<5>
    SLICE_X4Y15.COUT     Tbxcy                 0.197   u/campaign/kernel/core/evaluator_i/difference_reg<7>
                                                       u/campaign/kernel/core/evaluator_i/Mmux_difference_rs_cy<7>
    SLICE_X4Y16.CIN      net (fanout=1)        0.003   u/campaign/kernel/core/evaluator_i/Mmux_difference_rs_cy<7>
    SLICE_X4Y16.COUT     Tbyp                  0.091   u/campaign/kernel/core/evaluator_i/difference_reg<11>
                                                       u/campaign/kernel/core/evaluator_i/Mmux_difference_rs_cy<11>
    SLICE_X4Y17.CIN      net (fanout=1)        0.003   u/campaign/kernel/core/evaluator_i/Mmux_difference_rs_cy<11>
    SLICE_X4Y17.AMUX     Tcina                 0.210   u/campaign/kernel/core/evaluator_i/difference_reg<15>
                                                       u/campaign/kernel/core/evaluator_i/Mmux_difference_rs_cy<15>
    SLICE_X6Y19.A2       net (fanout=1)        0.955   u/campaign/kernel/core/evaluator_i/difference<12>
    SLICE_X6Y19.CLK      Tas                   0.660   u/campaign/kernel/core/evaluator_i/divisor<15>
                                                       u/campaign/kernel/core/evaluator_i/difference<12>_rt
                                                       u/campaign/kernel/core/evaluator_i/Madd_n0506_cy<15>
                                                       u/campaign/kernel/core/evaluator_i/divisor_15
    -------------------------------------------------  ---------------------------
    Total                                      8.809ns (3.125ns logic, 5.684ns route)
                                                       (35.5% logic, 64.5% route)

--------------------------------------------------------------------------------

Paths for end point u/campaign/kernel/core/evaluator_i/divisor_14 (SLICE_X6Y19.CIN), 22956 paths
--------------------------------------------------------------------------------
Slack:                  0.830ns (requirement - (data path - clock path skew + uncertainty))
  Source:               u/campaign/kernel/core/evaluator_i/objective_0 (FF)
  Destination:          u/campaign/kernel/core/evaluator_i/divisor_14 (FF)
  Requirement:          10.000ns
  Data Path Delay:      9.114ns (Levels of Logic = 10)
  Clock Path Skew:      -0.021ns (0.332 - 0.353)
  Source Clock:         clk_100mhz_BUFGP rising at 0.000ns
  Destination Clock:    clk_100mhz_BUFGP rising at 10.000ns
  Clock Uncertainty:    0.035ns

  Clock Uncertainty:          0.035ns  ((TSJ^2 + TIJ^2)^1/2 + DJ) / 2 + PE
    Total System Jitter (TSJ):  0.070ns
    Total Input Jitter (TIJ):   0.000ns
    Discrete Jitter (DJ):       0.000ns
    Phase Error (PE):           0.000ns

  Maximum Data Path at Slow Process Corner: u/campaign/kernel/core/evaluator_i/objective_0 to u/campaign/kernel/core/evaluator_i/divisor_14
    Location             Delay type         Delay(ns)  Physical Resource
                                                       Logical Resource(s)
    -------------------------------------------------  -------------------
    SLICE_X5Y19.AQ       Tcko                  0.430   u/campaign/kernel/core/evaluator_i/objective<0>
                                                       u/campaign/kernel/core/evaluator_i/objective_0
    SLICE_X9Y14.D3       net (fanout=55)       1.531   u/campaign/kernel/core/evaluator_i/objective<0>
    SLICE_X9Y14.D        Tilo                  0.259   u/campaign/kernel/core/evaluator_i/util1<3>
                                                       u/campaign/kernel/core/evaluator_i/obj1<3>1
    SLICE_X6Y12.B3       net (fanout=5)        1.210   u/campaign/kernel/core/evaluator_i/obj1<3>
    SLICE_X6Y12.COUT     Topcyb                0.483   u/campaign/kernel/core/evaluator_i/Mcompar_obj1[31]_obj0[31]_LessThan_11_o_cy<3>
                                                       u/campaign/kernel/core/evaluator_i/Mcompar_obj1[31]_obj0[31]_LessThan_11_o_lut<1>
                                                       u/campaign/kernel/core/evaluator_i/Mcompar_obj1[31]_obj0[31]_LessThan_11_o_cy<3>
    SLICE_X6Y13.CIN      net (fanout=1)        0.003   u/campaign/kernel/core/evaluator_i/Mcompar_obj1[31]_obj0[31]_LessThan_11_o_cy<3>
    SLICE_X6Y13.COUT     Tbyp                  0.093   u/campaign/kernel/core/evaluator_i/Mcompar_obj1[31]_obj0[31]_LessThan_11_o_cy<7>
                                                       u/campaign/kernel/core/evaluator_i/Mcompar_obj1[31]_obj0[31]_LessThan_11_o_cy<7>
    SLICE_X6Y14.CIN      net (fanout=1)        0.003   u/campaign/kernel/core/evaluator_i/Mcompar_obj1[31]_obj0[31]_LessThan_11_o_cy<7>
    SLICE_X6Y14.COUT     Tbyp                  0.093   u/campaign/kernel/core/evaluator_i/Mcompar_obj1[31]_obj0[31]_LessThan_11_o_cy<11>
                                                       u/campaign/kernel/core/evaluator_i/Mcompar_obj1[31]_obj0[31]_LessThan_11_o_cy<11>
    SLICE_X6Y15.CIN      net (fanout=1)        0.003   u/campaign/kernel/core/evaluator_i/Mcompar_obj1[31]_obj0[31]_LessThan_11_o_cy<11>
    SLICE_X6Y15.DMUX     Tcind                 0.305   u/campaign/kernel/core/evaluator_i/util0<4>
                                                       u/campaign/kernel/core/evaluator_i/Mcompar_obj1[31]_obj0[31]_LessThan_11_o_cy<15>
    SLICE_X7Y15.C5       net (fanout=17)       0.882   u/campaign/kernel/core/evaluator_i/Mcompar_obj1[31]_obj0[31]_LessThan_11_o_cy<15>
    SLICE_X7Y15.C        Tilo                  0.259   u/campaign/kernel/core/evaluator_i/util1<7>
                                                       u/campaign/kernel/core/evaluator_i/Mmux_difference_A281
    SLICE_X4Y15.BX       net (fanout=1)        1.446   u/campaign/kernel/core/evaluator_i/Mmux_difference_rs_A<5>
    SLICE_X4Y15.COUT     Tbxcy                 0.197   u/campaign/kernel/core/evaluator_i/difference_reg<7>
                                                       u/campaign/kernel/core/evaluator_i/Mmux_difference_rs_cy<7>
    SLICE_X4Y16.CIN      net (fanout=1)        0.003   u/campaign/kernel/core/evaluator_i/Mmux_difference_rs_cy<7>
    SLICE_X4Y16.AMUX     Tcina                 0.210   u/campaign/kernel/core/evaluator_i/difference_reg<11>
                                                       u/campaign/kernel/core/evaluator_i/Mmux_difference_rs_cy<11>
    SLICE_X6Y18.A2       net (fanout=1)        0.955   u/campaign/kernel/core/evaluator_i/difference<8>
    SLICE_X6Y18.COUT     Topcya                0.474   u/campaign/kernel/core/evaluator_i/divisor<11>
                                                       u/campaign/kernel/core/evaluator_i/difference<8>_rt
                                                       u/campaign/kernel/core/evaluator_i/Madd_n0506_cy<11>
    SLICE_X6Y19.CIN      net (fanout=1)        0.003   u/campaign/kernel/core/evaluator_i/Madd_n0506_cy<11>
    SLICE_X6Y19.CLK      Tcinck                0.272   u/campaign/kernel/core/evaluator_i/divisor<15>
                                                       u/campaign/kernel/core/evaluator_i/Madd_n0506_cy<15>
                                                       u/campaign/kernel/core/evaluator_i/divisor_14
    -------------------------------------------------  ---------------------------
    Total                                      9.114ns (3.075ns logic, 6.039ns route)
                                                       (33.7% logic, 66.3% route)

--------------------------------------------------------------------------------
Slack:                  0.892ns (requirement - (data path - clock path skew + uncertainty))
  Source:               u/campaign/kernel/core/evaluator_i/objective_1 (FF)
  Destination:          u/campaign/kernel/core/evaluator_i/divisor_14 (FF)
  Requirement:          10.000ns
  Data Path Delay:      9.052ns (Levels of Logic = 10)
  Clock Path Skew:      -0.021ns (0.332 - 0.353)
  Source Clock:         clk_100mhz_BUFGP rising at 0.000ns
  Destination Clock:    clk_100mhz_BUFGP rising at 10.000ns
  Clock Uncertainty:    0.035ns

  Clock Uncertainty:          0.035ns  ((TSJ^2 + TIJ^2)^1/2 + DJ) / 2 + PE
    Total System Jitter (TSJ):  0.070ns
    Total Input Jitter (TIJ):   0.000ns
    Discrete Jitter (DJ):       0.000ns
    Phase Error (PE):           0.000ns

  Maximum Data Path at Slow Process Corner: u/campaign/kernel/core/evaluator_i/objective_1 to u/campaign/kernel/core/evaluator_i/divisor_14
    Location             Delay type         Delay(ns)  Physical Resource
                                                       Logical Resource(s)
    -------------------------------------------------  -------------------
    SLICE_X5Y19.AMUX     Tshcko                0.518   u/campaign/kernel/core/evaluator_i/objective<0>
                                                       u/campaign/kernel/core/evaluator_i/objective_1
    SLICE_X9Y14.D5       net (fanout=59)       1.381   u/campaign/kernel/core/evaluator_i/objective<1>
    SLICE_X9Y14.D        Tilo                  0.259   u/campaign/kernel/core/evaluator_i/util1<3>
                                                       u/campaign/kernel/core/evaluator_i/obj1<3>1
    SLICE_X6Y12.B3       net (fanout=5)        1.210   u/campaign/kernel/core/evaluator_i/obj1<3>
    SLICE_X6Y12.COUT     Topcyb                0.483   u/campaign/kernel/core/evaluator_i/Mcompar_obj1[31]_obj0[31]_LessThan_11_o_cy<3>
                                                       u/campaign/kernel/core/evaluator_i/Mcompar_obj1[31]_obj0[31]_LessThan_11_o_lut<1>
                                                       u/campaign/kernel/core/evaluator_i/Mcompar_obj1[31]_obj0[31]_LessThan_11_o_cy<3>
    SLICE_X6Y13.CIN      net (fanout=1)        0.003   u/campaign/kernel/core/evaluator_i/Mcompar_obj1[31]_obj0[31]_LessThan_11_o_cy<3>
    SLICE_X6Y13.COUT     Tbyp                  0.093   u/campaign/kernel/core/evaluator_i/Mcompar_obj1[31]_obj0[31]_LessThan_11_o_cy<7>
                                                       u/campaign/kernel/core/evaluator_i/Mcompar_obj1[31]_obj0[31]_LessThan_11_o_cy<7>
    SLICE_X6Y14.CIN      net (fanout=1)        0.003   u/campaign/kernel/core/evaluator_i/Mcompar_obj1[31]_obj0[31]_LessThan_11_o_cy<7>
    SLICE_X6Y14.COUT     Tbyp                  0.093   u/campaign/kernel/core/evaluator_i/Mcompar_obj1[31]_obj0[31]_LessThan_11_o_cy<11>
                                                       u/campaign/kernel/core/evaluator_i/Mcompar_obj1[31]_obj0[31]_LessThan_11_o_cy<11>
    SLICE_X6Y15.CIN      net (fanout=1)        0.003   u/campaign/kernel/core/evaluator_i/Mcompar_obj1[31]_obj0[31]_LessThan_11_o_cy<11>
    SLICE_X6Y15.DMUX     Tcind                 0.305   u/campaign/kernel/core/evaluator_i/util0<4>
                                                       u/campaign/kernel/core/evaluator_i/Mcompar_obj1[31]_obj0[31]_LessThan_11_o_cy<15>
    SLICE_X7Y15.C5       net (fanout=17)       0.882   u/campaign/kernel/core/evaluator_i/Mcompar_obj1[31]_obj0[31]_LessThan_11_o_cy<15>
    SLICE_X7Y15.C        Tilo                  0.259   u/campaign/kernel/core/evaluator_i/util1<7>
                                                       u/campaign/kernel/core/evaluator_i/Mmux_difference_A281
    SLICE_X4Y15.BX       net (fanout=1)        1.446   u/campaign/kernel/core/evaluator_i/Mmux_difference_rs_A<5>
    SLICE_X4Y15.COUT     Tbxcy                 0.197   u/campaign/kernel/core/evaluator_i/difference_reg<7>
                                                       u/campaign/kernel/core/evaluator_i/Mmux_difference_rs_cy<7>
    SLICE_X4Y16.CIN      net (fanout=1)        0.003   u/campaign/kernel/core/evaluator_i/Mmux_difference_rs_cy<7>
    SLICE_X4Y16.AMUX     Tcina                 0.210   u/campaign/kernel/core/evaluator_i/difference_reg<11>
                                                       u/campaign/kernel/core/evaluator_i/Mmux_difference_rs_cy<11>
    SLICE_X6Y18.A2       net (fanout=1)        0.955   u/campaign/kernel/core/evaluator_i/difference<8>
    SLICE_X6Y18.COUT     Topcya                0.474   u/campaign/kernel/core/evaluator_i/divisor<11>
                                                       u/campaign/kernel/core/evaluator_i/difference<8>_rt
                                                       u/campaign/kernel/core/evaluator_i/Madd_n0506_cy<11>
    SLICE_X6Y19.CIN      net (fanout=1)        0.003   u/campaign/kernel/core/evaluator_i/Madd_n0506_cy<11>
    SLICE_X6Y19.CLK      Tcinck                0.272   u/campaign/kernel/core/evaluator_i/divisor<15>
                                                       u/campaign/kernel/core/evaluator_i/Madd_n0506_cy<15>
                                                       u/campaign/kernel/core/evaluator_i/divisor_14
    -------------------------------------------------  ---------------------------
    Total                                      9.052ns (3.163ns logic, 5.889ns route)
                                                       (34.9% logic, 65.1% route)

--------------------------------------------------------------------------------
Slack:                  0.898ns (requirement - (data path - clock path skew + uncertainty))
  Source:               u/campaign/kernel/core/evaluator_i/objective_0 (FF)
  Destination:          u/campaign/kernel/core/evaluator_i/divisor_14 (FF)
  Requirement:          10.000ns
  Data Path Delay:      9.046ns (Levels of Logic = 10)
  Clock Path Skew:      -0.021ns (0.332 - 0.353)
  Source Clock:         clk_100mhz_BUFGP rising at 0.000ns
  Destination Clock:    clk_100mhz_BUFGP rising at 10.000ns
  Clock Uncertainty:    0.035ns

  Clock Uncertainty:          0.035ns  ((TSJ^2 + TIJ^2)^1/2 + DJ) / 2 + PE
    Total System Jitter (TSJ):  0.070ns
    Total Input Jitter (TIJ):   0.000ns
    Discrete Jitter (DJ):       0.000ns
    Phase Error (PE):           0.000ns

  Maximum Data Path at Slow Process Corner: u/campaign/kernel/core/evaluator_i/objective_0 to u/campaign/kernel/core/evaluator_i/divisor_14
    Location             Delay type         Delay(ns)  Physical Resource
                                                       Logical Resource(s)
    -------------------------------------------------  -------------------
    SLICE_X5Y19.AQ       Tcko                  0.430   u/campaign/kernel/core/evaluator_i/objective<0>
                                                       u/campaign/kernel/core/evaluator_i/objective_0
    SLICE_X9Y14.D3       net (fanout=55)       1.531   u/campaign/kernel/core/evaluator_i/objective<0>
    SLICE_X9Y14.D        Tilo                  0.259   u/campaign/kernel/core/evaluator_i/util1<3>
                                                       u/campaign/kernel/core/evaluator_i/obj1<3>1
    SLICE_X6Y12.B3       net (fanout=5)        1.210   u/campaign/kernel/core/evaluator_i/obj1<3>
    SLICE_X6Y12.COUT     Topcyb                0.483   u/campaign/kernel/core/evaluator_i/Mcompar_obj1[31]_obj0[31]_LessThan_11_o_cy<3>
                                                       u/campaign/kernel/core/evaluator_i/Mcompar_obj1[31]_obj0[31]_LessThan_11_o_lut<1>
                                                       u/campaign/kernel/core/evaluator_i/Mcompar_obj1[31]_obj0[31]_LessThan_11_o_cy<3>
    SLICE_X6Y13.CIN      net (fanout=1)        0.003   u/campaign/kernel/core/evaluator_i/Mcompar_obj1[31]_obj0[31]_LessThan_11_o_cy<3>
    SLICE_X6Y13.COUT     Tbyp                  0.093   u/campaign/kernel/core/evaluator_i/Mcompar_obj1[31]_obj0[31]_LessThan_11_o_cy<7>
                                                       u/campaign/kernel/core/evaluator_i/Mcompar_obj1[31]_obj0[31]_LessThan_11_o_cy<7>
    SLICE_X6Y14.CIN      net (fanout=1)        0.003   u/campaign/kernel/core/evaluator_i/Mcompar_obj1[31]_obj0[31]_LessThan_11_o_cy<7>
    SLICE_X6Y14.COUT     Tbyp                  0.093   u/campaign/kernel/core/evaluator_i/Mcompar_obj1[31]_obj0[31]_LessThan_11_o_cy<11>
                                                       u/campaign/kernel/core/evaluator_i/Mcompar_obj1[31]_obj0[31]_LessThan_11_o_cy<11>
    SLICE_X6Y15.CIN      net (fanout=1)        0.003   u/campaign/kernel/core/evaluator_i/Mcompar_obj1[31]_obj0[31]_LessThan_11_o_cy<11>
    SLICE_X6Y15.DMUX     Tcind                 0.305   u/campaign/kernel/core/evaluator_i/util0<4>
                                                       u/campaign/kernel/core/evaluator_i/Mcompar_obj1[31]_obj0[31]_LessThan_11_o_cy<15>
    SLICE_X7Y15.C5       net (fanout=17)       0.882   u/campaign/kernel/core/evaluator_i/Mcompar_obj1[31]_obj0[31]_LessThan_11_o_cy<15>
    SLICE_X7Y15.C        Tilo                  0.259   u/campaign/kernel/core/evaluator_i/util1<7>
                                                       u/campaign/kernel/core/evaluator_i/Mmux_difference_A281
    SLICE_X4Y15.BX       net (fanout=1)        1.446   u/campaign/kernel/core/evaluator_i/Mmux_difference_rs_A<5>
    SLICE_X4Y15.COUT     Tbxcy                 0.197   u/campaign/kernel/core/evaluator_i/difference_reg<7>
                                                       u/campaign/kernel/core/evaluator_i/Mmux_difference_rs_cy<7>
    SLICE_X4Y16.CIN      net (fanout=1)        0.003   u/campaign/kernel/core/evaluator_i/Mmux_difference_rs_cy<7>
    SLICE_X4Y16.CMUX     Tcinc                 0.289   u/campaign/kernel/core/evaluator_i/difference_reg<11>
                                                       u/campaign/kernel/core/evaluator_i/Mmux_difference_rs_cy<11>
    SLICE_X6Y18.C2       net (fanout=1)        0.954   u/campaign/kernel/core/evaluator_i/difference<10>
    SLICE_X6Y18.COUT     Topcyc                0.328   u/campaign/kernel/core/evaluator_i/divisor<11>
                                                       u/campaign/kernel/core/evaluator_i/difference<10>_rt
                                                       u/campaign/kernel/core/evaluator_i/Madd_n0506_cy<11>
    SLICE_X6Y19.CIN      net (fanout=1)        0.003   u/campaign/kernel/core/evaluator_i/Madd_n0506_cy<11>
    SLICE_X6Y19.CLK      Tcinck                0.272   u/campaign/kernel/core/evaluator_i/divisor<15>
                                                       u/campaign/kernel/core/evaluator_i/Madd_n0506_cy<15>
                                                       u/campaign/kernel/core/evaluator_i/divisor_14
    -------------------------------------------------  ---------------------------
    Total                                      9.046ns (3.008ns logic, 6.038ns route)
                                                       (33.3% logic, 66.7% route)

--------------------------------------------------------------------------------
Slack:                  0.923ns (requirement - (data path - clock path skew + uncertainty))
  Source:               u/campaign/kernel/core/evaluator_i/objective_0 (FF)
  Destination:          u/campaign/kernel/core/evaluator_i/divisor_14 (FF)
  Requirement:          10.000ns
  Data Path Delay:      9.021ns (Levels of Logic = 10)
  Clock Path Skew:      -0.021ns (0.332 - 0.353)
  Source Clock:         clk_100mhz_BUFGP rising at 0.000ns
  Destination Clock:    clk_100mhz_BUFGP rising at 10.000ns
  Clock Uncertainty:    0.035ns

  Clock Uncertainty:          0.035ns  ((TSJ^2 + TIJ^2)^1/2 + DJ) / 2 + PE
    Total System Jitter (TSJ):  0.070ns
    Total Input Jitter (TIJ):   0.000ns
    Discrete Jitter (DJ):       0.000ns
    Phase Error (PE):           0.000ns

  Maximum Data Path at Slow Process Corner: u/campaign/kernel/core/evaluator_i/objective_0 to u/campaign/kernel/core/evaluator_i/divisor_14
    Location             Delay type         Delay(ns)  Physical Resource
                                                       Logical Resource(s)
    -------------------------------------------------  -------------------
    SLICE_X5Y19.AQ       Tcko                  0.430   u/campaign/kernel/core/evaluator_i/objective<0>
                                                       u/campaign/kernel/core/evaluator_i/objective_0
    SLICE_X9Y14.D3       net (fanout=55)       1.531   u/campaign/kernel/core/evaluator_i/objective<0>
    SLICE_X9Y14.D        Tilo                  0.259   u/campaign/kernel/core/evaluator_i/util1<3>
                                                       u/campaign/kernel/core/evaluator_i/obj1<3>1
    SLICE_X6Y12.B3       net (fanout=5)        1.210   u/campaign/kernel/core/evaluator_i/obj1<3>
    SLICE_X6Y12.COUT     Topcyb                0.390   u/campaign/kernel/core/evaluator_i/Mcompar_obj1[31]_obj0[31]_LessThan_11_o_cy<3>
                                                       u/campaign/kernel/core/evaluator_i/Mcompar_obj1[31]_obj0[31]_LessThan_11_o_lutdi1
                                                       u/campaign/kernel/core/evaluator_i/Mcompar_obj1[31]_obj0[31]_LessThan_11_o_cy<3>
    SLICE_X6Y13.CIN      net (fanout=1)        0.003   u/campaign/kernel/core/evaluator_i/Mcompar_obj1[31]_obj0[31]_LessThan_11_o_cy<3>
    SLICE_X6Y13.COUT     Tbyp                  0.093   u/campaign/kernel/core/evaluator_i/Mcompar_obj1[31]_obj0[31]_LessThan_11_o_cy<7>
                                                       u/campaign/kernel/core/evaluator_i/Mcompar_obj1[31]_obj0[31]_LessThan_11_o_cy<7>
    SLICE_X6Y14.CIN      net (fanout=1)        0.003   u/campaign/kernel/core/evaluator_i/Mcompar_obj1[31]_obj0[31]_LessThan_11_o_cy<7>
    SLICE_X6Y14.COUT     Tbyp                  0.093   u/campaign/kernel/core/evaluator_i/Mcompar_obj1[31]_obj0[31]_LessThan_11_o_cy<11>
                                                       u/campaign/kernel/core/evaluator_i/Mcompar_obj1[31]_obj0[31]_LessThan_11_o_cy<11>
    SLICE_X6Y15.CIN      net (fanout=1)        0.003   u/campaign/kernel/core/evaluator_i/Mcompar_obj1[31]_obj0[31]_LessThan_11_o_cy<11>
    SLICE_X6Y15.DMUX     Tcind                 0.305   u/campaign/kernel/core/evaluator_i/util0<4>
                                                       u/campaign/kernel/core/evaluator_i/Mcompar_obj1[31]_obj0[31]_LessThan_11_o_cy<15>
    SLICE_X7Y15.C5       net (fanout=17)       0.882   u/campaign/kernel/core/evaluator_i/Mcompar_obj1[31]_obj0[31]_LessThan_11_o_cy<15>
    SLICE_X7Y15.C        Tilo                  0.259   u/campaign/kernel/core/evaluator_i/util1<7>
                                                       u/campaign/kernel/core/evaluator_i/Mmux_difference_A281
    SLICE_X4Y15.BX       net (fanout=1)        1.446   u/campaign/kernel/core/evaluator_i/Mmux_difference_rs_A<5>
    SLICE_X4Y15.COUT     Tbxcy                 0.197   u/campaign/kernel/core/evaluator_i/difference_reg<7>
                                                       u/campaign/kernel/core/evaluator_i/Mmux_difference_rs_cy<7>
    SLICE_X4Y16.CIN      net (fanout=1)        0.003   u/campaign/kernel/core/evaluator_i/Mmux_difference_rs_cy<7>
    SLICE_X4Y16.AMUX     Tcina                 0.210   u/campaign/kernel/core/evaluator_i/difference_reg<11>
                                                       u/campaign/kernel/core/evaluator_i/Mmux_difference_rs_cy<11>
    SLICE_X6Y18.A2       net (fanout=1)        0.955   u/campaign/kernel/core/evaluator_i/difference<8>
    SLICE_X6Y18.COUT     Topcya                0.474   u/campaign/kernel/core/evaluator_i/divisor<11>
                                                       u/campaign/kernel/core/evaluator_i/difference<8>_rt
                                                       u/campaign/kernel/core/evaluator_i/Madd_n0506_cy<11>
    SLICE_X6Y19.CIN      net (fanout=1)        0.003   u/campaign/kernel/core/evaluator_i/Madd_n0506_cy<11>
    SLICE_X6Y19.CLK      Tcinck                0.272   u/campaign/kernel/core/evaluator_i/divisor<15>
                                                       u/campaign/kernel/core/evaluator_i/Madd_n0506_cy<15>
                                                       u/campaign/kernel/core/evaluator_i/divisor_14
    -------------------------------------------------  ---------------------------
    Total                                      9.021ns (2.982ns logic, 6.039ns route)
                                                       (33.1% logic, 66.9% route)

--------------------------------------------------------------------------------
Slack:                  0.951ns (requirement - (data path - clock path skew + uncertainty))
  Source:               u/campaign/kernel/core/evaluator_i/objective_0 (FF)
  Destination:          u/campaign/kernel/core/evaluator_i/divisor_14 (FF)
  Requirement:          10.000ns
  Data Path Delay:      8.993ns (Levels of Logic = 10)
  Clock Path Skew:      -0.021ns (0.332 - 0.353)
  Source Clock:         clk_100mhz_BUFGP rising at 0.000ns
  Destination Clock:    clk_100mhz_BUFGP rising at 10.000ns
  Clock Uncertainty:    0.035ns

  Clock Uncertainty:          0.035ns  ((TSJ^2 + TIJ^2)^1/2 + DJ) / 2 + PE
    Total System Jitter (TSJ):  0.070ns
    Total Input Jitter (TIJ):   0.000ns
    Discrete Jitter (DJ):       0.000ns
    Phase Error (PE):           0.000ns

  Maximum Data Path at Slow Process Corner: u/campaign/kernel/core/evaluator_i/objective_0 to u/campaign/kernel/core/evaluator_i/divisor_14
    Location             Delay type         Delay(ns)  Physical Resource
                                                       Logical Resource(s)
    -------------------------------------------------  -------------------
    SLICE_X5Y19.AQ       Tcko                  0.430   u/campaign/kernel/core/evaluator_i/objective<0>
                                                       u/campaign/kernel/core/evaluator_i/objective_0
    SLICE_X9Y14.D3       net (fanout=55)       1.531   u/campaign/kernel/core/evaluator_i/objective<0>
    SLICE_X9Y14.D        Tilo                  0.259   u/campaign/kernel/core/evaluator_i/util1<3>
                                                       u/campaign/kernel/core/evaluator_i/obj1<3>1
    SLICE_X6Y12.B3       net (fanout=5)        1.210   u/campaign/kernel/core/evaluator_i/obj1<3>
    SLICE_X6Y12.COUT     Topcyb                0.483   u/campaign/kernel/core/evaluator_i/Mcompar_obj1[31]_obj0[31]_LessThan_11_o_cy<3>
                                                       u/campaign/kernel/core/evaluator_i/Mcompar_obj1[31]_obj0[31]_LessThan_11_o_lut<1>
                                                       u/campaign/kernel/core/evaluator_i/Mcompar_obj1[31]_obj0[31]_LessThan_11_o_cy<3>
    SLICE_X6Y13.CIN      net (fanout=1)        0.003   u/campaign/kernel/core/evaluator_i/Mcompar_obj1[31]_obj0[31]_LessThan_11_o_cy<3>
    SLICE_X6Y13.COUT     Tbyp                  0.093   u/campaign/kernel/core/evaluator_i/Mcompar_obj1[31]_obj0[31]_LessThan_11_o_cy<7>
                                                       u/campaign/kernel/core/evaluator_i/Mcompar_obj1[31]_obj0[31]_LessThan_11_o_cy<7>
    SLICE_X6Y14.CIN      net (fanout=1)        0.003   u/campaign/kernel/core/evaluator_i/Mcompar_obj1[31]_obj0[31]_LessThan_11_o_cy<7>
    SLICE_X6Y14.COUT     Tbyp                  0.093   u/campaign/kernel/core/evaluator_i/Mcompar_obj1[31]_obj0[31]_LessThan_11_o_cy<11>
                                                       u/campaign/kernel/core/evaluator_i/Mcompar_obj1[31]_obj0[31]_LessThan_11_o_cy<11>
    SLICE_X6Y15.CIN      net (fanout=1)        0.003   u/campaign/kernel/core/evaluator_i/Mcompar_obj1[31]_obj0[31]_LessThan_11_o_cy<11>
    SLICE_X6Y15.DMUX     Tcind                 0.305   u/campaign/kernel/core/evaluator_i/util0<4>
                                                       u/campaign/kernel/core/evaluator_i/Mcompar_obj1[31]_obj0[31]_LessThan_11_o_cy<15>
    SLICE_X7Y15.C5       net (fanout=17)       0.882   u/campaign/kernel/core/evaluator_i/Mcompar_obj1[31]_obj0[31]_LessThan_11_o_cy<15>
    SLICE_X7Y15.C        Tilo                  0.259   u/campaign/kernel/core/evaluator_i/util1<7>
                                                       u/campaign/kernel/core/evaluator_i/Mmux_difference_A281
    SLICE_X4Y15.BX       net (fanout=1)        1.446   u/campaign/kernel/core/evaluator_i/Mmux_difference_rs_A<5>
    SLICE_X4Y15.CMUX     Taxc                  0.340   u/campaign/kernel/core/evaluator_i/difference_reg<7>
                                                       u/campaign/kernel/core/evaluator_i/Mmux_difference_rs_cy<7>
    SLICE_X6Y17.C2       net (fanout=1)        0.954   u/campaign/kernel/core/evaluator_i/difference<6>
    SLICE_X6Y17.COUT     Topcyc                0.328   u/campaign/kernel/core/evaluator_i/divisor<7>
                                                       u/campaign/kernel/core/evaluator_i/difference<6>_rt
                                                       u/campaign/kernel/core/evaluator_i/Madd_n0506_cy<7>
    SLICE_X6Y18.CIN      net (fanout=1)        0.003   u/campaign/kernel/core/evaluator_i/Madd_n0506_cy<7>
    SLICE_X6Y18.COUT     Tbyp                  0.093   u/campaign/kernel/core/evaluator_i/divisor<11>
                                                       u/campaign/kernel/core/evaluator_i/Madd_n0506_cy<11>
    SLICE_X6Y19.CIN      net (fanout=1)        0.003   u/campaign/kernel/core/evaluator_i/Madd_n0506_cy<11>
    SLICE_X6Y19.CLK      Tcinck                0.272   u/campaign/kernel/core/evaluator_i/divisor<15>
                                                       u/campaign/kernel/core/evaluator_i/Madd_n0506_cy<15>
                                                       u/campaign/kernel/core/evaluator_i/divisor_14
    -------------------------------------------------  ---------------------------
    Total                                      8.993ns (2.955ns logic, 6.038ns route)
                                                       (32.9% logic, 67.1% route)

--------------------------------------------------------------------------------
Slack:                  0.957ns (requirement - (data path - clock path skew + uncertainty))
  Source:               u/campaign/kernel/core/evaluator_i/objective_0 (FF)
  Destination:          u/campaign/kernel/core/evaluator_i/divisor_14 (FF)
  Requirement:          10.000ns
  Data Path Delay:      8.987ns (Levels of Logic = 10)
  Clock Path Skew:      -0.021ns (0.332 - 0.353)
  Source Clock:         clk_100mhz_BUFGP rising at 0.000ns
  Destination Clock:    clk_100mhz_BUFGP rising at 10.000ns
  Clock Uncertainty:    0.035ns

  Clock Uncertainty:          0.035ns  ((TSJ^2 + TIJ^2)^1/2 + DJ) / 2 + PE
    Total System Jitter (TSJ):  0.070ns
    Total Input Jitter (TIJ):   0.000ns
    Discrete Jitter (DJ):       0.000ns
    Phase Error (PE):           0.000ns

  Maximum Data Path at Slow Process Corner: u/campaign/kernel/core/evaluator_i/objective_0 to u/campaign/kernel/core/evaluator_i/divisor_14
    Location             Delay type         Delay(ns)  Physical Resource
                                                       Logical Resource(s)
    -------------------------------------------------  -------------------
    SLICE_X5Y19.AQ       Tcko                  0.430   u/campaign/kernel/core/evaluator_i/objective<0>
                                                       u/campaign/kernel/core/evaluator_i/objective_0
    SLICE_X9Y14.D3       net (fanout=55)       1.531   u/campaign/kernel/core/evaluator_i/objective<0>
    SLICE_X9Y14.D        Tilo                  0.259   u/campaign/kernel/core/evaluator_i/util1<3>
                                                       u/campaign/kernel/core/evaluator_i/obj1<3>1
    SLICE_X6Y12.B3       net (fanout=5)        1.210   u/campaign/kernel/core/evaluator_i/obj1<3>
    SLICE_X6Y12.COUT     Topcyb                0.483   u/campaign/kernel/core/evaluator_i/Mcompar_obj1[31]_obj0[31]_LessThan_11_o_cy<3>
                                                       u/campaign/kernel/core/evaluator_i/Mcompar_obj1[31]_obj0[31]_LessThan_11_o_lut<1>
                                                       u/campaign/kernel/core/evaluator_i/Mcompar_obj1[31]_obj0[31]_LessThan_11_o_cy<3>
    SLICE_X6Y13.CIN      net (fanout=1)        0.003   u/campaign/kernel/core/evaluator_i/Mcompar_obj1[31]_obj0[31]_LessThan_11_o_cy<3>
    SLICE_X6Y13.COUT     Tbyp                  0.093   u/campaign/kernel/core/evaluator_i/Mcompar_obj1[31]_obj0[31]_LessThan_11_o_cy<7>
                                                       u/campaign/kernel/core/evaluator_i/Mcompar_obj1[31]_obj0[31]_LessThan_11_o_cy<7>
    SLICE_X6Y14.CIN      net (fanout=1)        0.003   u/campaign/kernel/core/evaluator_i/Mcompar_obj1[31]_obj0[31]_LessThan_11_o_cy<7>
    SLICE_X6Y14.COUT     Tbyp                  0.093   u/campaign/kernel/core/evaluator_i/Mcompar_obj1[31]_obj0[31]_LessThan_11_o_cy<11>
                                                       u/campaign/kernel/core/evaluator_i/Mcompar_obj1[31]_obj0[31]_LessThan_11_o_cy<11>
    SLICE_X6Y15.CIN      net (fanout=1)        0.003   u/campaign/kernel/core/evaluator_i/Mcompar_obj1[31]_obj0[31]_LessThan_11_o_cy<11>
    SLICE_X6Y15.DMUX     Tcind                 0.305   u/campaign/kernel/core/evaluator_i/util0<4>
                                                       u/campaign/kernel/core/evaluator_i/Mcompar_obj1[31]_obj0[31]_LessThan_11_o_cy<15>
    SLICE_X7Y15.C5       net (fanout=17)       0.882   u/campaign/kernel/core/evaluator_i/Mcompar_obj1[31]_obj0[31]_LessThan_11_o_cy<15>
    SLICE_X7Y15.C        Tilo                  0.259   u/campaign/kernel/core/evaluator_i/util1<7>
                                                       u/campaign/kernel/core/evaluator_i/Mmux_difference_A281
    SLICE_X4Y15.BX       net (fanout=1)        1.446   u/campaign/kernel/core/evaluator_i/Mmux_difference_rs_A<5>
    SLICE_X4Y15.COUT     Tbxcy                 0.197   u/campaign/kernel/core/evaluator_i/difference_reg<7>
                                                       u/campaign/kernel/core/evaluator_i/Mmux_difference_rs_cy<7>
    SLICE_X4Y16.CIN      net (fanout=1)        0.003   u/campaign/kernel/core/evaluator_i/Mmux_difference_rs_cy<7>
    SLICE_X4Y16.BMUX     Tcinb                 0.277   u/campaign/kernel/core/evaluator_i/difference_reg<11>
                                                       u/campaign/kernel/core/evaluator_i/Mmux_difference_rs_cy<11>
    SLICE_X6Y18.B4       net (fanout=1)        0.752   u/campaign/kernel/core/evaluator_i/difference<9>
    SLICE_X6Y18.COUT     Topcyb                0.483   u/campaign/kernel/core/evaluator_i/divisor<11>
                                                       u/campaign/kernel/core/evaluator_i/difference<9>_rt
                                                       u/campaign/kernel/core/evaluator_i/Madd_n0506_cy<11>
    SLICE_X6Y19.CIN      net (fanout=1)        0.003   u/campaign/kernel/core/evaluator_i/Madd_n0506_cy<11>
    SLICE_X6Y19.CLK      Tcinck                0.272   u/campaign/kernel/core/evaluator_i/divisor<15>
                                                       u/campaign/kernel/core/evaluator_i/Madd_n0506_cy<15>
                                                       u/campaign/kernel/core/evaluator_i/divisor_14
    -------------------------------------------------  ---------------------------
    Total                                      8.987ns (3.151ns logic, 5.836ns route)
                                                       (35.1% logic, 64.9% route)

--------------------------------------------------------------------------------
Slack:                  0.960ns (requirement - (data path - clock path skew + uncertainty))
  Source:               u/campaign/kernel/core/evaluator_i/objective_1 (FF)
  Destination:          u/campaign/kernel/core/evaluator_i/divisor_14 (FF)
  Requirement:          10.000ns
  Data Path Delay:      8.984ns (Levels of Logic = 10)
  Clock Path Skew:      -0.021ns (0.332 - 0.353)
  Source Clock:         clk_100mhz_BUFGP rising at 0.000ns
  Destination Clock:    clk_100mhz_BUFGP rising at 10.000ns
  Clock Uncertainty:    0.035ns

  Clock Uncertainty:          0.035ns  ((TSJ^2 + TIJ^2)^1/2 + DJ) / 2 + PE
    Total System Jitter (TSJ):  0.070ns
    Total Input Jitter (TIJ):   0.000ns
    Discrete Jitter (DJ):       0.000ns
    Phase Error (PE):           0.000ns

  Maximum Data Path at Slow Process Corner: u/campaign/kernel/core/evaluator_i/objective_1 to u/campaign/kernel/core/evaluator_i/divisor_14
    Location             Delay type         Delay(ns)  Physical Resource
                                                       Logical Resource(s)
    -------------------------------------------------  -------------------
    SLICE_X5Y19.AMUX     Tshcko                0.518   u/campaign/kernel/core/evaluator_i/objective<0>
                                                       u/campaign/kernel/core/evaluator_i/objective_1
    SLICE_X9Y14.D5       net (fanout=59)       1.381   u/campaign/kernel/core/evaluator_i/objective<1>
    SLICE_X9Y14.D        Tilo                  0.259   u/campaign/kernel/core/evaluator_i/util1<3>
                                                       u/campaign/kernel/core/evaluator_i/obj1<3>1
    SLICE_X6Y12.B3       net (fanout=5)        1.210   u/campaign/kernel/core/evaluator_i/obj1<3>
    SLICE_X6Y12.COUT     Topcyb                0.483   u/campaign/kernel/core/evaluator_i/Mcompar_obj1[31]_obj0[31]_LessThan_11_o_cy<3>
                                                       u/campaign/kernel/core/evaluator_i/Mcompar_obj1[31]_obj0[31]_LessThan_11_o_lut<1>
                                                       u/campaign/kernel/core/evaluator_i/Mcompar_obj1[31]_obj0[31]_LessThan_11_o_cy<3>
    SLICE_X6Y13.CIN      net (fanout=1)        0.003   u/campaign/kernel/core/evaluator_i/Mcompar_obj1[31]_obj0[31]_LessThan_11_o_cy<3>
    SLICE_X6Y13.COUT     Tbyp                  0.093   u/campaign/kernel/core/evaluator_i/Mcompar_obj1[31]_obj0[31]_LessThan_11_o_cy<7>
                                                       u/campaign/kernel/core/evaluator_i/Mcompar_obj1[31]_obj0[31]_LessThan_11_o_cy<7>
    SLICE_X6Y14.CIN      net (fanout=1)        0.003   u/campaign/kernel/core/evaluator_i/Mcompar_obj1[31]_obj0[31]_LessThan_11_o_cy<7>
    SLICE_X6Y14.COUT     Tbyp                  0.093   u/campaign/kernel/core/evaluator_i/Mcompar_obj1[31]_obj0[31]_LessThan_11_o_cy<11>
                                                       u/campaign/kernel/core/evaluator_i/Mcompar_obj1[31]_obj0[31]_LessThan_11_o_cy<11>
    SLICE_X6Y15.CIN      net (fanout=1)        0.003   u/campaign/kernel/core/evaluator_i/Mcompar_obj1[31]_obj0[31]_LessThan_11_o_cy<11>
    SLICE_X6Y15.DMUX     Tcind                 0.305   u/campaign/kernel/core/evaluator_i/util0<4>
                                                       u/campaign/kernel/core/evaluator_i/Mcompar_obj1[31]_obj0[31]_LessThan_11_o_cy<15>
    SLICE_X7Y15.C5       net (fanout=17)       0.882   u/campaign/kernel/core/evaluator_i/Mcompar_obj1[31]_obj0[31]_LessThan_11_o_cy<15>
    SLICE_X7Y15.C        Tilo                  0.259   u/campaign/kernel/core/evaluator_i/util1<7>
                                                       u/campaign/kernel/core/evaluator_i/Mmux_difference_A281
    SLICE_X4Y15.BX       net (fanout=1)        1.446   u/campaign/kernel/core/evaluator_i/Mmux_difference_rs_A<5>
    SLICE_X4Y15.COUT     Tbxcy                 0.197   u/campaign/kernel/core/evaluator_i/difference_reg<7>
                                                       u/campaign/kernel/core/evaluator_i/Mmux_difference_rs_cy<7>
    SLICE_X4Y16.CIN      net (fanout=1)        0.003   u/campaign/kernel/core/evaluator_i/Mmux_difference_rs_cy<7>
    SLICE_X4Y16.CMUX     Tcinc                 0.289   u/campaign/kernel/core/evaluator_i/difference_reg<11>
                                                       u/campaign/kernel/core/evaluator_i/Mmux_difference_rs_cy<11>
    SLICE_X6Y18.C2       net (fanout=1)        0.954   u/campaign/kernel/core/evaluator_i/difference<10>
    SLICE_X6Y18.COUT     Topcyc                0.328   u/campaign/kernel/core/evaluator_i/divisor<11>
                                                       u/campaign/kernel/core/evaluator_i/difference<10>_rt
                                                       u/campaign/kernel/core/evaluator_i/Madd_n0506_cy<11>
    SLICE_X6Y19.CIN      net (fanout=1)        0.003   u/campaign/kernel/core/evaluator_i/Madd_n0506_cy<11>
    SLICE_X6Y19.CLK      Tcinck                0.272   u/campaign/kernel/core/evaluator_i/divisor<15>
                                                       u/campaign/kernel/core/evaluator_i/Madd_n0506_cy<15>
                                                       u/campaign/kernel/core/evaluator_i/divisor_14
    -------------------------------------------------  ---------------------------
    Total                                      8.984ns (3.096ns logic, 5.888ns route)
                                                       (34.5% logic, 65.5% route)

--------------------------------------------------------------------------------
Slack:                  0.985ns (requirement - (data path - clock path skew + uncertainty))
  Source:               u/campaign/kernel/core/evaluator_i/objective_1 (FF)
  Destination:          u/campaign/kernel/core/evaluator_i/divisor_14 (FF)
  Requirement:          10.000ns
  Data Path Delay:      8.959ns (Levels of Logic = 10)
  Clock Path Skew:      -0.021ns (0.332 - 0.353)
  Source Clock:         clk_100mhz_BUFGP rising at 0.000ns
  Destination Clock:    clk_100mhz_BUFGP rising at 10.000ns
  Clock Uncertainty:    0.035ns

  Clock Uncertainty:          0.035ns  ((TSJ^2 + TIJ^2)^1/2 + DJ) / 2 + PE
    Total System Jitter (TSJ):  0.070ns
    Total Input Jitter (TIJ):   0.000ns
    Discrete Jitter (DJ):       0.000ns
    Phase Error (PE):           0.000ns

  Maximum Data Path at Slow Process Corner: u/campaign/kernel/core/evaluator_i/objective_1 to u/campaign/kernel/core/evaluator_i/divisor_14
    Location             Delay type         Delay(ns)  Physical Resource
                                                       Logical Resource(s)
    -------------------------------------------------  -------------------
    SLICE_X5Y19.AMUX     Tshcko                0.518   u/campaign/kernel/core/evaluator_i/objective<0>
                                                       u/campaign/kernel/core/evaluator_i/objective_1
    SLICE_X9Y14.D5       net (fanout=59)       1.381   u/campaign/kernel/core/evaluator_i/objective<1>
    SLICE_X9Y14.D        Tilo                  0.259   u/campaign/kernel/core/evaluator_i/util1<3>
                                                       u/campaign/kernel/core/evaluator_i/obj1<3>1
    SLICE_X6Y12.B3       net (fanout=5)        1.210   u/campaign/kernel/core/evaluator_i/obj1<3>
    SLICE_X6Y12.COUT     Topcyb                0.390   u/campaign/kernel/core/evaluator_i/Mcompar_obj1[31]_obj0[31]_LessThan_11_o_cy<3>
                                                       u/campaign/kernel/core/evaluator_i/Mcompar_obj1[31]_obj0[31]_LessThan_11_o_lutdi1
                                                       u/campaign/kernel/core/evaluator_i/Mcompar_obj1[31]_obj0[31]_LessThan_11_o_cy<3>
    SLICE_X6Y13.CIN      net (fanout=1)        0.003   u/campaign/kernel/core/evaluator_i/Mcompar_obj1[31]_obj0[31]_LessThan_11_o_cy<3>
    SLICE_X6Y13.COUT     Tbyp                  0.093   u/campaign/kernel/core/evaluator_i/Mcompar_obj1[31]_obj0[31]_LessThan_11_o_cy<7>
                                                       u/campaign/kernel/core/evaluator_i/Mcompar_obj1[31]_obj0[31]_LessThan_11_o_cy<7>
    SLICE_X6Y14.CIN      net (fanout=1)        0.003   u/campaign/kernel/core/evaluator_i/Mcompar_obj1[31]_obj0[31]_LessThan_11_o_cy<7>
    SLICE_X6Y14.COUT     Tbyp                  0.093   u/campaign/kernel/core/evaluator_i/Mcompar_obj1[31]_obj0[31]_LessThan_11_o_cy<11>
                                                       u/campaign/kernel/core/evaluator_i/Mcompar_obj1[31]_obj0[31]_LessThan_11_o_cy<11>
    SLICE_X6Y15.CIN      net (fanout=1)        0.003   u/campaign/kernel/core/evaluator_i/Mcompar_obj1[31]_obj0[31]_LessThan_11_o_cy<11>
    SLICE_X6Y15.DMUX     Tcind                 0.305   u/campaign/kernel/core/evaluator_i/util0<4>
                                                       u/campaign/kernel/core/evaluator_i/Mcompar_obj1[31]_obj0[31]_LessThan_11_o_cy<15>
    SLICE_X7Y15.C5       net (fanout=17)       0.882   u/campaign/kernel/core/evaluator_i/Mcompar_obj1[31]_obj0[31]_LessThan_11_o_cy<15>
    SLICE_X7Y15.C        Tilo                  0.259   u/campaign/kernel/core/evaluator_i/util1<7>
                                                       u/campaign/kernel/core/evaluator_i/Mmux_difference_A281
    SLICE_X4Y15.BX       net (fanout=1)        1.446   u/campaign/kernel/core/evaluator_i/Mmux_difference_rs_A<5>
    SLICE_X4Y15.COUT     Tbxcy                 0.197   u/campaign/kernel/core/evaluator_i/difference_reg<7>
                                                       u/campaign/kernel/core/evaluator_i/Mmux_difference_rs_cy<7>
    SLICE_X4Y16.CIN      net (fanout=1)        0.003   u/campaign/kernel/core/evaluator_i/Mmux_difference_rs_cy<7>
    SLICE_X4Y16.AMUX     Tcina                 0.210   u/campaign/kernel/core/evaluator_i/difference_reg<11>
                                                       u/campaign/kernel/core/evaluator_i/Mmux_difference_rs_cy<11>
    SLICE_X6Y18.A2       net (fanout=1)        0.955   u/campaign/kernel/core/evaluator_i/difference<8>
    SLICE_X6Y18.COUT     Topcya                0.474   u/campaign/kernel/core/evaluator_i/divisor<11>
                                                       u/campaign/kernel/core/evaluator_i/difference<8>_rt
                                                       u/campaign/kernel/core/evaluator_i/Madd_n0506_cy<11>
    SLICE_X6Y19.CIN      net (fanout=1)        0.003   u/campaign/kernel/core/evaluator_i/Madd_n0506_cy<11>
    SLICE_X6Y19.CLK      Tcinck                0.272   u/campaign/kernel/core/evaluator_i/divisor<15>
                                                       u/campaign/kernel/core/evaluator_i/Madd_n0506_cy<15>
                                                       u/campaign/kernel/core/evaluator_i/divisor_14
    -------------------------------------------------  ---------------------------
    Total                                      8.959ns (3.070ns logic, 5.889ns route)
                                                       (34.3% logic, 65.7% route)

--------------------------------------------------------------------------------
Slack:                  0.991ns (requirement - (data path - clock path skew + uncertainty))
  Source:               u/campaign/kernel/core/evaluator_i/objective_0 (FF)
  Destination:          u/campaign/kernel/core/evaluator_i/divisor_14 (FF)
  Requirement:          10.000ns
  Data Path Delay:      8.953ns (Levels of Logic = 10)
  Clock Path Skew:      -0.021ns (0.332 - 0.353)
  Source Clock:         clk_100mhz_BUFGP rising at 0.000ns
  Destination Clock:    clk_100mhz_BUFGP rising at 10.000ns
  Clock Uncertainty:    0.035ns

  Clock Uncertainty:          0.035ns  ((TSJ^2 + TIJ^2)^1/2 + DJ) / 2 + PE
    Total System Jitter (TSJ):  0.070ns
    Total Input Jitter (TIJ):   0.000ns
    Discrete Jitter (DJ):       0.000ns
    Phase Error (PE):           0.000ns

  Maximum Data Path at Slow Process Corner: u/campaign/kernel/core/evaluator_i/objective_0 to u/campaign/kernel/core/evaluator_i/divisor_14
    Location             Delay type         Delay(ns)  Physical Resource
                                                       Logical Resource(s)
    -------------------------------------------------  -------------------
    SLICE_X5Y19.AQ       Tcko                  0.430   u/campaign/kernel/core/evaluator_i/objective<0>
                                                       u/campaign/kernel/core/evaluator_i/objective_0
    SLICE_X9Y14.D3       net (fanout=55)       1.531   u/campaign/kernel/core/evaluator_i/objective<0>
    SLICE_X9Y14.D        Tilo                  0.259   u/campaign/kernel/core/evaluator_i/util1<3>
                                                       u/campaign/kernel/core/evaluator_i/obj1<3>1
    SLICE_X6Y12.B3       net (fanout=5)        1.210   u/campaign/kernel/core/evaluator_i/obj1<3>
    SLICE_X6Y12.COUT     Topcyb                0.390   u/campaign/kernel/core/evaluator_i/Mcompar_obj1[31]_obj0[31]_LessThan_11_o_cy<3>
                                                       u/campaign/kernel/core/evaluator_i/Mcompar_obj1[31]_obj0[31]_LessThan_11_o_lutdi1
                                                       u/campaign/kernel/core/evaluator_i/Mcompar_obj1[31]_obj0[31]_LessThan_11_o_cy<3>
    SLICE_X6Y13.CIN      net (fanout=1)        0.003   u/campaign/kernel/core/evaluator_i/Mcompar_obj1[31]_obj0[31]_LessThan_11_o_cy<3>
    SLICE_X6Y13.COUT     Tbyp                  0.093   u/campaign/kernel/core/evaluator_i/Mcompar_obj1[31]_obj0[31]_LessThan_11_o_cy<7>
                                                       u/campaign/kernel/core/evaluator_i/Mcompar_obj1[31]_obj0[31]_LessThan_11_o_cy<7>
    SLICE_X6Y14.CIN      net (fanout=1)        0.003   u/campaign/kernel/core/evaluator_i/Mcompar_obj1[31]_obj0[31]_LessThan_11_o_cy<7>
    SLICE_X6Y14.COUT     Tbyp                  0.093   u/campaign/kernel/core/evaluator_i/Mcompar_obj1[31]_obj0[31]_LessThan_11_o_cy<11>
                                                       u/campaign/kernel/core/evaluator_i/Mcompar_obj1[31]_obj0[31]_LessThan_11_o_cy<11>
    SLICE_X6Y15.CIN      net (fanout=1)        0.003   u/campaign/kernel/core/evaluator_i/Mcompar_obj1[31]_obj0[31]_LessThan_11_o_cy<11>
    SLICE_X6Y15.DMUX     Tcind                 0.305   u/campaign/kernel/core/evaluator_i/util0<4>
                                                       u/campaign/kernel/core/evaluator_i/Mcompar_obj1[31]_obj0[31]_LessThan_11_o_cy<15>
    SLICE_X7Y15.C5       net (fanout=17)       0.882   u/campaign/kernel/core/evaluator_i/Mcompar_obj1[31]_obj0[31]_LessThan_11_o_cy<15>
    SLICE_X7Y15.C        Tilo                  0.259   u/campaign/kernel/core/evaluator_i/util1<7>
                                                       u/campaign/kernel/core/evaluator_i/Mmux_difference_A281
    SLICE_X4Y15.BX       net (fanout=1)        1.446   u/campaign/kernel/core/evaluator_i/Mmux_difference_rs_A<5>
    SLICE_X4Y15.COUT     Tbxcy                 0.197   u/campaign/kernel/core/evaluator_i/difference_reg<7>
                                                       u/campaign/kernel/core/evaluator_i/Mmux_difference_rs_cy<7>
    SLICE_X4Y16.CIN      net (fanout=1)        0.003   u/campaign/kernel/core/evaluator_i/Mmux_difference_rs_cy<7>
    SLICE_X4Y16.CMUX     Tcinc                 0.289   u/campaign/kernel/core/evaluator_i/difference_reg<11>
                                                       u/campaign/kernel/core/evaluator_i/Mmux_difference_rs_cy<11>
    SLICE_X6Y18.C2       net (fanout=1)        0.954   u/campaign/kernel/core/evaluator_i/difference<10>
    SLICE_X6Y18.COUT     Topcyc                0.328   u/campaign/kernel/core/evaluator_i/divisor<11>
                                                       u/campaign/kernel/core/evaluator_i/difference<10>_rt
                                                       u/campaign/kernel/core/evaluator_i/Madd_n0506_cy<11>
    SLICE_X6Y19.CIN      net (fanout=1)        0.003   u/campaign/kernel/core/evaluator_i/Madd_n0506_cy<11>
    SLICE_X6Y19.CLK      Tcinck                0.272   u/campaign/kernel/core/evaluator_i/divisor<15>
                                                       u/campaign/kernel/core/evaluator_i/Madd_n0506_cy<15>
                                                       u/campaign/kernel/core/evaluator_i/divisor_14
    -------------------------------------------------  ---------------------------
    Total                                      8.953ns (2.915ns logic, 6.038ns route)
                                                       (32.6% logic, 67.4% route)

--------------------------------------------------------------------------------
Slack:                  1.013ns (requirement - (data path - clock path skew + uncertainty))
  Source:               u/campaign/kernel/core/evaluator_i/objective_1 (FF)
  Destination:          u/campaign/kernel/core/evaluator_i/divisor_14 (FF)
  Requirement:          10.000ns
  Data Path Delay:      8.931ns (Levels of Logic = 10)
  Clock Path Skew:      -0.021ns (0.332 - 0.353)
  Source Clock:         clk_100mhz_BUFGP rising at 0.000ns
  Destination Clock:    clk_100mhz_BUFGP rising at 10.000ns
  Clock Uncertainty:    0.035ns

  Clock Uncertainty:          0.035ns  ((TSJ^2 + TIJ^2)^1/2 + DJ) / 2 + PE
    Total System Jitter (TSJ):  0.070ns
    Total Input Jitter (TIJ):   0.000ns
    Discrete Jitter (DJ):       0.000ns
    Phase Error (PE):           0.000ns

  Maximum Data Path at Slow Process Corner: u/campaign/kernel/core/evaluator_i/objective_1 to u/campaign/kernel/core/evaluator_i/divisor_14
    Location             Delay type         Delay(ns)  Physical Resource
                                                       Logical Resource(s)
    -------------------------------------------------  -------------------
    SLICE_X5Y19.AMUX     Tshcko                0.518   u/campaign/kernel/core/evaluator_i/objective<0>
                                                       u/campaign/kernel/core/evaluator_i/objective_1
    SLICE_X9Y14.D5       net (fanout=59)       1.381   u/campaign/kernel/core/evaluator_i/objective<1>
    SLICE_X9Y14.D        Tilo                  0.259   u/campaign/kernel/core/evaluator_i/util1<3>
                                                       u/campaign/kernel/core/evaluator_i/obj1<3>1
    SLICE_X6Y12.B3       net (fanout=5)        1.210   u/campaign/kernel/core/evaluator_i/obj1<3>
    SLICE_X6Y12.COUT     Topcyb                0.483   u/campaign/kernel/core/evaluator_i/Mcompar_obj1[31]_obj0[31]_LessThan_11_o_cy<3>
                                                       u/campaign/kernel/core/evaluator_i/Mcompar_obj1[31]_obj0[31]_LessThan_11_o_lut<1>
                                                       u/campaign/kernel/core/evaluator_i/Mcompar_obj1[31]_obj0[31]_LessThan_11_o_cy<3>
    SLICE_X6Y13.CIN      net (fanout=1)        0.003   u/campaign/kernel/core/evaluator_i/Mcompar_obj1[31]_obj0[31]_LessThan_11_o_cy<3>
    SLICE_X6Y13.COUT     Tbyp                  0.093   u/campaign/kernel/core/evaluator_i/Mcompar_obj1[31]_obj0[31]_LessThan_11_o_cy<7>
                                                       u/campaign/kernel/core/evaluator_i/Mcompar_obj1[31]_obj0[31]_LessThan_11_o_cy<7>
    SLICE_X6Y14.CIN      net (fanout=1)        0.003   u/campaign/kernel/core/evaluator_i/Mcompar_obj1[31]_obj0[31]_LessThan_11_o_cy<7>
    SLICE_X6Y14.COUT     Tbyp                  0.093   u/campaign/kernel/core/evaluator_i/Mcompar_obj1[31]_obj0[31]_LessThan_11_o_cy<11>
                                                       u/campaign/kernel/core/evaluator_i/Mcompar_obj1[31]_obj0[31]_LessThan_11_o_cy<11>
    SLICE_X6Y15.CIN      net (fanout=1)        0.003   u/campaign/kernel/core/evaluator_i/Mcompar_obj1[31]_obj0[31]_LessThan_11_o_cy<11>
    SLICE_X6Y15.DMUX     Tcind                 0.305   u/campaign/kernel/core/evaluator_i/util0<4>
                                                       u/campaign/kernel/core/evaluator_i/Mcompar_obj1[31]_obj0[31]_LessThan_11_o_cy<15>
    SLICE_X7Y15.C5       net (fanout=17)       0.882   u/campaign/kernel/core/evaluator_i/Mcompar_obj1[31]_obj0[31]_LessThan_11_o_cy<15>
    SLICE_X7Y15.C        Tilo                  0.259   u/campaign/kernel/core/evaluator_i/util1<7>
                                                       u/campaign/kernel/core/evaluator_i/Mmux_difference_A281
    SLICE_X4Y15.BX       net (fanout=1)        1.446   u/campaign/kernel/core/evaluator_i/Mmux_difference_rs_A<5>
    SLICE_X4Y15.CMUX     Taxc                  0.340   u/campaign/kernel/core/evaluator_i/difference_reg<7>
                                                       u/campaign/kernel/core/evaluator_i/Mmux_difference_rs_cy<7>
    SLICE_X6Y17.C2       net (fanout=1)        0.954   u/campaign/kernel/core/evaluator_i/difference<6>
    SLICE_X6Y17.COUT     Topcyc                0.328   u/campaign/kernel/core/evaluator_i/divisor<7>
                                                       u/campaign/kernel/core/evaluator_i/difference<6>_rt
                                                       u/campaign/kernel/core/evaluator_i/Madd_n0506_cy<7>
    SLICE_X6Y18.CIN      net (fanout=1)        0.003   u/campaign/kernel/core/evaluator_i/Madd_n0506_cy<7>
    SLICE_X6Y18.COUT     Tbyp                  0.093   u/campaign/kernel/core/evaluator_i/divisor<11>
                                                       u/campaign/kernel/core/evaluator_i/Madd_n0506_cy<11>
    SLICE_X6Y19.CIN      net (fanout=1)        0.003   u/campaign/kernel/core/evaluator_i/Madd_n0506_cy<11>
    SLICE_X6Y19.CLK      Tcinck                0.272   u/campaign/kernel/core/evaluator_i/divisor<15>
                                                       u/campaign/kernel/core/evaluator_i/Madd_n0506_cy<15>
                                                       u/campaign/kernel/core/evaluator_i/divisor_14
    -------------------------------------------------  ---------------------------
    Total                                      8.931ns (3.043ns logic, 5.888ns route)
                                                       (34.1% logic, 65.9% route)

--------------------------------------------------------------------------------

Paths for end point u/campaign/kernel/core/evaluator_i/selected_score_5 (SLICE_X25Y17.A1), 233958 paths
--------------------------------------------------------------------------------
Slack:                  0.836ns (requirement - (data path - clock path skew + uncertainty))
  Source:               u/campaign/kernel/core/evaluator_i/lam0_0_1 (FF)
  Destination:          u/campaign/kernel/core/evaluator_i/selected_score_5 (FF)
  Requirement:          10.000ns
  Data Path Delay:      9.111ns (Levels of Logic = 8)
  Clock Path Skew:      -0.018ns (0.434 - 0.452)
  Source Clock:         clk_100mhz_BUFGP rising at 0.000ns
  Destination Clock:    clk_100mhz_BUFGP rising at 10.000ns
  Clock Uncertainty:    0.035ns

  Clock Uncertainty:          0.035ns  ((TSJ^2 + TIJ^2)^1/2 + DJ) / 2 + PE
    Total System Jitter (TSJ):  0.070ns
    Total Input Jitter (TIJ):   0.000ns
    Discrete Jitter (DJ):       0.000ns
    Phase Error (PE):           0.000ns

  Maximum Data Path at Slow Process Corner: u/campaign/kernel/core/evaluator_i/lam0_0_1 to u/campaign/kernel/core/evaluator_i/selected_score_5
    Location             Delay type         Delay(ns)  Physical Resource
                                                       Logical Resource(s)
    -------------------------------------------------  -------------------
    SLICE_X25Y11.AQ      Tcko                  0.430   u/campaign/kernel/core/evaluator_i/lam0_0_3
                                                       u/campaign/kernel/core/evaluator_i/lam0_0_1
    SLICE_X26Y14.B4      net (fanout=12)       1.143   u/campaign/kernel/core/evaluator_i/lam0_0_1
    SLICE_X26Y14.CMUX    Topbc                 0.650   u/campaign/kernel/core/evaluator_i/Mmux_p003_rs_cy<11>
                                                       u/campaign/kernel/core/evaluator_i/Mmux_p003_A1711
                                                       u/campaign/kernel/core/evaluator_i/Mmux_p003_rs_cy<11>
    SLICE_X20Y13.B2      net (fanout=3)        1.095   u/campaign/kernel/core/evaluator_i/Mmux_p003_split<10>
    SLICE_X20Y13.COUT    Topcyb                0.448   u/campaign/kernel/core/evaluator_i/Mcompar_p01[17]_p00[17]_LessThan_28_o_cy<7>
                                                       u/campaign/kernel/core/evaluator_i/Mcompar_p01[17]_p00[17]_LessThan_28_o_lut<5>1
                                                       u/campaign/kernel/core/evaluator_i/Mcompar_p01[17]_p00[17]_LessThan_28_o_cy<7>
    SLICE_X20Y14.CIN     net (fanout=1)        0.003   u/campaign/kernel/core/evaluator_i/Mcompar_p01[17]_p00[17]_LessThan_28_o_cy<7>
    SLICE_X20Y14.AMUX    Tcina                 0.240   u/campaign/kernel/core/evaluator_i/score0<0>
                                                       u/campaign/kernel/core/evaluator_i/Mcompar_p01[17]_p00[17]_LessThan_28_o_cy<8>
    SLICE_X27Y16.B3      net (fanout=21)       1.189   u/campaign/kernel/core/evaluator_i/p01[17]_p00[17]_LessThan_28_o
    SLICE_X27Y16.B       Tilo                  0.259   u/campaign/kernel/core/evaluator_i/score0<15>
                                                       u/campaign/kernel/core/evaluator_i/Mmux_score071
    SLICE_X20Y16.D2      net (fanout=2)        1.054   u/campaign/kernel/core/evaluator_i/score0<15>
    SLICE_X20Y16.COUT    Topcyd                0.335   u/campaign/kernel/core/evaluator_i/Mcompar_score0[17]_score1[17]_LessThan_38_o_cy<7>
                                                       u/campaign/kernel/core/evaluator_i/Mcompar_score0[17]_score1[17]_LessThan_38_o_lutdi7
                                                       u/campaign/kernel/core/evaluator_i/Mcompar_score0[17]_score1[17]_LessThan_38_o_cy<7>
    SLICE_X20Y17.CIN     net (fanout=1)        0.003   u/campaign/kernel/core/evaluator_i/Mcompar_score0[17]_score1[17]_LessThan_38_o_cy<7>
    SLICE_X20Y17.AMUX    Tcina                 0.240   u/campaign/kernel/core/evaluator_i/score1<15>
                                                       u/campaign/kernel/core/evaluator_i/Mcompar_score0[17]_score1[17]_LessThan_38_o_cy<8>
    SLICE_X23Y17.A3      net (fanout=1)        0.587   u/campaign/kernel/core/evaluator_i/Mcompar_score0[17]_score1[17]_LessThan_38_o_cy<8>
    SLICE_X23Y17.A       Tilo                  0.259   u/campaign/kernel/core/b4_selected_slot<0>
                                                       u/campaign/kernel/core/evaluator_i/c0_wins
    SLICE_X25Y17.A1      net (fanout=17)       0.803   u/campaign/kernel/core/evaluator_i/c0_wins
    SLICE_X25Y17.CLK     Tas                   0.373   u/campaign/kernel/core/b4_selected_score<8>
                                                       u/campaign/kernel/core/evaluator_i/Mmux_score1[17]_GND_15_o_mux_131_OUT141
                                                       u/campaign/kernel/core/evaluator_i/selected_score_5
    -------------------------------------------------  ---------------------------
    Total                                      9.111ns (3.234ns logic, 5.877ns route)
                                                       (35.5% logic, 64.5% route)

--------------------------------------------------------------------------------
Slack:                  0.861ns (requirement - (data path - clock path skew + uncertainty))
  Source:               u/campaign/kernel/core/evaluator_i/lam0_0_1 (FF)
  Destination:          u/campaign/kernel/core/evaluator_i/selected_score_5 (FF)
  Requirement:          10.000ns
  Data Path Delay:      9.086ns (Levels of Logic = 8)
  Clock Path Skew:      -0.018ns (0.434 - 0.452)
  Source Clock:         clk_100mhz_BUFGP rising at 0.000ns
  Destination Clock:    clk_100mhz_BUFGP rising at 10.000ns
  Clock Uncertainty:    0.035ns

  Clock Uncertainty:          0.035ns  ((TSJ^2 + TIJ^2)^1/2 + DJ) / 2 + PE
    Total System Jitter (TSJ):  0.070ns
    Total Input Jitter (TIJ):   0.000ns
    Discrete Jitter (DJ):       0.000ns
    Phase Error (PE):           0.000ns

  Maximum Data Path at Slow Process Corner: u/campaign/kernel/core/evaluator_i/lam0_0_1 to u/campaign/kernel/core/evaluator_i/selected_score_5
    Location             Delay type         Delay(ns)  Physical Resource
                                                       Logical Resource(s)
    -------------------------------------------------  -------------------
    SLICE_X25Y11.AQ      Tcko                  0.430   u/campaign/kernel/core/evaluator_i/lam0_0_3
                                                       u/campaign/kernel/core/evaluator_i/lam0_0_1
    SLICE_X26Y14.A4      net (fanout=12)       1.143   u/campaign/kernel/core/evaluator_i/lam0_0_1
    SLICE_X26Y14.CMUX    Topac                 0.625   u/campaign/kernel/core/evaluator_i/Mmux_p003_rs_cy<11>
                                                       u/campaign/kernel/core/evaluator_i/Mmux_p003_A161
                                                       u/campaign/kernel/core/evaluator_i/Mmux_p003_rs_cy<11>
    SLICE_X20Y13.B2      net (fanout=3)        1.095   u/campaign/kernel/core/evaluator_i/Mmux_p003_split<10>
    SLICE_X20Y13.COUT    Topcyb                0.448   u/campaign/kernel/core/evaluator_i/Mcompar_p01[17]_p00[17]_LessThan_28_o_cy<7>
                                                       u/campaign/kernel/core/evaluator_i/Mcompar_p01[17]_p00[17]_LessThan_28_o_lut<5>1
                                                       u/campaign/kernel/core/evaluator_i/Mcompar_p01[17]_p00[17]_LessThan_28_o_cy<7>
    SLICE_X20Y14.CIN     net (fanout=1)        0.003   u/campaign/kernel/core/evaluator_i/Mcompar_p01[17]_p00[17]_LessThan_28_o_cy<7>
    SLICE_X20Y14.AMUX    Tcina                 0.240   u/campaign/kernel/core/evaluator_i/score0<0>
                                                       u/campaign/kernel/core/evaluator_i/Mcompar_p01[17]_p00[17]_LessThan_28_o_cy<8>
    SLICE_X27Y16.B3      net (fanout=21)       1.189   u/campaign/kernel/core/evaluator_i/p01[17]_p00[17]_LessThan_28_o
    SLICE_X27Y16.B       Tilo                  0.259   u/campaign/kernel/core/evaluator_i/score0<15>
                                                       u/campaign/kernel/core/evaluator_i/Mmux_score071
    SLICE_X20Y16.D2      net (fanout=2)        1.054   u/campaign/kernel/core/evaluator_i/score0<15>
    SLICE_X20Y16.COUT    Topcyd                0.335   u/campaign/kernel/core/evaluator_i/Mcompar_score0[17]_score1[17]_LessThan_38_o_cy<7>
                                                       u/campaign/kernel/core/evaluator_i/Mcompar_score0[17]_score1[17]_LessThan_38_o_lutdi7
                                                       u/campaign/kernel/core/evaluator_i/Mcompar_score0[17]_score1[17]_LessThan_38_o_cy<7>
    SLICE_X20Y17.CIN     net (fanout=1)        0.003   u/campaign/kernel/core/evaluator_i/Mcompar_score0[17]_score1[17]_LessThan_38_o_cy<7>
    SLICE_X20Y17.AMUX    Tcina                 0.240   u/campaign/kernel/core/evaluator_i/score1<15>
                                                       u/campaign/kernel/core/evaluator_i/Mcompar_score0[17]_score1[17]_LessThan_38_o_cy<8>
    SLICE_X23Y17.A3      net (fanout=1)        0.587   u/campaign/kernel/core/evaluator_i/Mcompar_score0[17]_score1[17]_LessThan_38_o_cy<8>
    SLICE_X23Y17.A       Tilo                  0.259   u/campaign/kernel/core/b4_selected_slot<0>
                                                       u/campaign/kernel/core/evaluator_i/c0_wins
    SLICE_X25Y17.A1      net (fanout=17)       0.803   u/campaign/kernel/core/evaluator_i/c0_wins
    SLICE_X25Y17.CLK     Tas                   0.373   u/campaign/kernel/core/b4_selected_score<8>
                                                       u/campaign/kernel/core/evaluator_i/Mmux_score1[17]_GND_15_o_mux_131_OUT141
                                                       u/campaign/kernel/core/evaluator_i/selected_score_5
    -------------------------------------------------  ---------------------------
    Total                                      9.086ns (3.209ns logic, 5.877ns route)
                                                       (35.3% logic, 64.7% route)

--------------------------------------------------------------------------------
Slack:                  0.873ns (requirement - (data path - clock path skew + uncertainty))
  Source:               u/campaign/kernel/core/evaluator_i/lam0_0_1 (FF)
  Destination:          u/campaign/kernel/core/evaluator_i/selected_score_5 (FF)
  Requirement:          10.000ns
  Data Path Delay:      9.074ns (Levels of Logic = 8)
  Clock Path Skew:      -0.018ns (0.434 - 0.452)
  Source Clock:         clk_100mhz_BUFGP rising at 0.000ns
  Destination Clock:    clk_100mhz_BUFGP rising at 10.000ns
  Clock Uncertainty:    0.035ns

  Clock Uncertainty:          0.035ns  ((TSJ^2 + TIJ^2)^1/2 + DJ) / 2 + PE
    Total System Jitter (TSJ):  0.070ns
    Total Input Jitter (TIJ):   0.000ns
    Discrete Jitter (DJ):       0.000ns
    Phase Error (PE):           0.000ns

  Maximum Data Path at Slow Process Corner: u/campaign/kernel/core/evaluator_i/lam0_0_1 to u/campaign/kernel/core/evaluator_i/selected_score_5
    Location             Delay type         Delay(ns)  Physical Resource
                                                       Logical Resource(s)
    -------------------------------------------------  -------------------
    SLICE_X25Y11.AQ      Tcko                  0.430   u/campaign/kernel/core/evaluator_i/lam0_0_3
                                                       u/campaign/kernel/core/evaluator_i/lam0_0_1
    SLICE_X26Y14.B4      net (fanout=12)       1.143   u/campaign/kernel/core/evaluator_i/lam0_0_1
    SLICE_X26Y14.CMUX    Topbc                 0.650   u/campaign/kernel/core/evaluator_i/Mmux_p003_rs_cy<11>
                                                       u/campaign/kernel/core/evaluator_i/Mmux_p003_A1711
                                                       u/campaign/kernel/core/evaluator_i/Mmux_p003_rs_cy<11>
    SLICE_X20Y13.B2      net (fanout=3)        1.095   u/campaign/kernel/core/evaluator_i/Mmux_p003_split<10>
    SLICE_X20Y13.COUT    Topcyb                0.411   u/campaign/kernel/core/evaluator_i/Mcompar_p01[17]_p00[17]_LessThan_28_o_cy<7>
                                                       u/campaign/kernel/core/evaluator_i/Mcompar_p01[17]_p00[17]_LessThan_28_o_lutdi51
                                                       u/campaign/kernel/core/evaluator_i/Mcompar_p01[17]_p00[17]_LessThan_28_o_cy<7>
    SLICE_X20Y14.CIN     net (fanout=1)        0.003   u/campaign/kernel/core/evaluator_i/Mcompar_p01[17]_p00[17]_LessThan_28_o_cy<7>
    SLICE_X20Y14.AMUX    Tcina                 0.240   u/campaign/kernel/core/evaluator_i/score0<0>
                                                       u/campaign/kernel/core/evaluator_i/Mcompar_p01[17]_p00[17]_LessThan_28_o_cy<8>
    SLICE_X27Y16.B3      net (fanout=21)       1.189   u/campaign/kernel/core/evaluator_i/p01[17]_p00[17]_LessThan_28_o
    SLICE_X27Y16.B       Tilo                  0.259   u/campaign/kernel/core/evaluator_i/score0<15>
                                                       u/campaign/kernel/core/evaluator_i/Mmux_score071
    SLICE_X20Y16.D2      net (fanout=2)        1.054   u/campaign/kernel/core/evaluator_i/score0<15>
    SLICE_X20Y16.COUT    Topcyd                0.335   u/campaign/kernel/core/evaluator_i/Mcompar_score0[17]_score1[17]_LessThan_38_o_cy<7>
                                                       u/campaign/kernel/core/evaluator_i/Mcompar_score0[17]_score1[17]_LessThan_38_o_lutdi7
                                                       u/campaign/kernel/core/evaluator_i/Mcompar_score0[17]_score1[17]_LessThan_38_o_cy<7>
    SLICE_X20Y17.CIN     net (fanout=1)        0.003   u/campaign/kernel/core/evaluator_i/Mcompar_score0[17]_score1[17]_LessThan_38_o_cy<7>
    SLICE_X20Y17.AMUX    Tcina                 0.240   u/campaign/kernel/core/evaluator_i/score1<15>
                                                       u/campaign/kernel/core/evaluator_i/Mcompar_score0[17]_score1[17]_LessThan_38_o_cy<8>
    SLICE_X23Y17.A3      net (fanout=1)        0.587   u/campaign/kernel/core/evaluator_i/Mcompar_score0[17]_score1[17]_LessThan_38_o_cy<8>
    SLICE_X23Y17.A       Tilo                  0.259   u/campaign/kernel/core/b4_selected_slot<0>
                                                       u/campaign/kernel/core/evaluator_i/c0_wins
    SLICE_X25Y17.A1      net (fanout=17)       0.803   u/campaign/kernel/core/evaluator_i/c0_wins
    SLICE_X25Y17.CLK     Tas                   0.373   u/campaign/kernel/core/b4_selected_score<8>
                                                       u/campaign/kernel/core/evaluator_i/Mmux_score1[17]_GND_15_o_mux_131_OUT141
                                                       u/campaign/kernel/core/evaluator_i/selected_score_5
    -------------------------------------------------  ---------------------------
    Total                                      9.074ns (3.197ns logic, 5.877ns route)
                                                       (35.2% logic, 64.8% route)

--------------------------------------------------------------------------------
Slack:                  0.876ns (requirement - (data path - clock path skew + uncertainty))
  Source:               u/campaign/kernel/core/evaluator_i/lam0_0_1 (FF)
  Destination:          u/campaign/kernel/core/evaluator_i/selected_score_5 (FF)
  Requirement:          10.000ns
  Data Path Delay:      9.071ns (Levels of Logic = 8)
  Clock Path Skew:      -0.018ns (0.434 - 0.452)
  Source Clock:         clk_100mhz_BUFGP rising at 0.000ns
  Destination Clock:    clk_100mhz_BUFGP rising at 10.000ns
  Clock Uncertainty:    0.035ns

  Clock Uncertainty:          0.035ns  ((TSJ^2 + TIJ^2)^1/2 + DJ) / 2 + PE
    Total System Jitter (TSJ):  0.070ns
    Total Input Jitter (TIJ):   0.000ns
    Discrete Jitter (DJ):       0.000ns
    Phase Error (PE):           0.000ns

  Maximum Data Path at Slow Process Corner: u/campaign/kernel/core/evaluator_i/lam0_0_1 to u/campaign/kernel/core/evaluator_i/selected_score_5
    Location             Delay type         Delay(ns)  Physical Resource
                                                       Logical Resource(s)
    -------------------------------------------------  -------------------
    SLICE_X25Y11.AQ      Tcko                  0.430   u/campaign/kernel/core/evaluator_i/lam0_0_3
                                                       u/campaign/kernel/core/evaluator_i/lam0_0_1
    SLICE_X26Y14.B4      net (fanout=12)       1.143   u/campaign/kernel/core/evaluator_i/lam0_0_1
    SLICE_X26Y14.CMUX    Topbc                 0.610   u/campaign/kernel/core/evaluator_i/Mmux_p003_rs_cy<11>
                                                       u/campaign/kernel/core/evaluator_i/Mmux_p003_A171
                                                       u/campaign/kernel/core/evaluator_i/Mmux_p003_rs_cy<11>
    SLICE_X20Y13.B2      net (fanout=3)        1.095   u/campaign/kernel/core/evaluator_i/Mmux_p003_split<10>
    SLICE_X20Y13.COUT    Topcyb                0.448   u/campaign/kernel/core/evaluator_i/Mcompar_p01[17]_p00[17]_LessThan_28_o_cy<7>
                                                       u/campaign/kernel/core/evaluator_i/Mcompar_p01[17]_p00[17]_LessThan_28_o_lut<5>1
                                                       u/campaign/kernel/core/evaluator_i/Mcompar_p01[17]_p00[17]_LessThan_28_o_cy<7>
    SLICE_X20Y14.CIN     net (fanout=1)        0.003   u/campaign/kernel/core/evaluator_i/Mcompar_p01[17]_p00[17]_LessThan_28_o_cy<7>
    SLICE_X20Y14.AMUX    Tcina                 0.240   u/campaign/kernel/core/evaluator_i/score0<0>
                                                       u/campaign/kernel/core/evaluator_i/Mcompar_p01[17]_p00[17]_LessThan_28_o_cy<8>
    SLICE_X27Y16.B3      net (fanout=21)       1.189   u/campaign/kernel/core/evaluator_i/p01[17]_p00[17]_LessThan_28_o
    SLICE_X27Y16.B       Tilo                  0.259   u/campaign/kernel/core/evaluator_i/score0<15>
                                                       u/campaign/kernel/core/evaluator_i/Mmux_score071
    SLICE_X20Y16.D2      net (fanout=2)        1.054   u/campaign/kernel/core/evaluator_i/score0<15>
    SLICE_X20Y16.COUT    Topcyd                0.335   u/campaign/kernel/core/evaluator_i/Mcompar_score0[17]_score1[17]_LessThan_38_o_cy<7>
                                                       u/campaign/kernel/core/evaluator_i/Mcompar_score0[17]_score1[17]_LessThan_38_o_lutdi7
                                                       u/campaign/kernel/core/evaluator_i/Mcompar_score0[17]_score1[17]_LessThan_38_o_cy<7>
    SLICE_X20Y17.CIN     net (fanout=1)        0.003   u/campaign/kernel/core/evaluator_i/Mcompar_score0[17]_score1[17]_LessThan_38_o_cy<7>
    SLICE_X20Y17.AMUX    Tcina                 0.240   u/campaign/kernel/core/evaluator_i/score1<15>
                                                       u/campaign/kernel/core/evaluator_i/Mcompar_score0[17]_score1[17]_LessThan_38_o_cy<8>
    SLICE_X23Y17.A3      net (fanout=1)        0.587   u/campaign/kernel/core/evaluator_i/Mcompar_score0[17]_score1[17]_LessThan_38_o_cy<8>
    SLICE_X23Y17.A       Tilo                  0.259   u/campaign/kernel/core/b4_selected_slot<0>
                                                       u/campaign/kernel/core/evaluator_i/c0_wins
    SLICE_X25Y17.A1      net (fanout=17)       0.803   u/campaign/kernel/core/evaluator_i/c0_wins
    SLICE_X25Y17.CLK     Tas                   0.373   u/campaign/kernel/core/b4_selected_score<8>
                                                       u/campaign/kernel/core/evaluator_i/Mmux_score1[17]_GND_15_o_mux_131_OUT141
                                                       u/campaign/kernel/core/evaluator_i/selected_score_5
    -------------------------------------------------  ---------------------------
    Total                                      9.071ns (3.194ns logic, 5.877ns route)
                                                       (35.2% logic, 64.8% route)

--------------------------------------------------------------------------------
Slack:                  0.881ns (requirement - (data path - clock path skew + uncertainty))
  Source:               u/campaign/kernel/core/evaluator_i/lam0_0_1 (FF)
  Destination:          u/campaign/kernel/core/evaluator_i/selected_score_5 (FF)
  Requirement:          10.000ns
  Data Path Delay:      9.066ns (Levels of Logic = 8)
  Clock Path Skew:      -0.018ns (0.434 - 0.452)
  Source Clock:         clk_100mhz_BUFGP rising at 0.000ns
  Destination Clock:    clk_100mhz_BUFGP rising at 10.000ns
  Clock Uncertainty:    0.035ns

  Clock Uncertainty:          0.035ns  ((TSJ^2 + TIJ^2)^1/2 + DJ) / 2 + PE
    Total System Jitter (TSJ):  0.070ns
    Total Input Jitter (TIJ):   0.000ns
    Discrete Jitter (DJ):       0.000ns
    Phase Error (PE):           0.000ns

  Maximum Data Path at Slow Process Corner: u/campaign/kernel/core/evaluator_i/lam0_0_1 to u/campaign/kernel/core/evaluator_i/selected_score_5
    Location             Delay type         Delay(ns)  Physical Resource
                                                       Logical Resource(s)
    -------------------------------------------------  -------------------
    SLICE_X25Y11.AQ      Tcko                  0.430   u/campaign/kernel/core/evaluator_i/lam0_0_3
                                                       u/campaign/kernel/core/evaluator_i/lam0_0_1
    SLICE_X26Y14.B4      net (fanout=12)       1.143   u/campaign/kernel/core/evaluator_i/lam0_0_1
    SLICE_X26Y14.CMUX    Topbc                 0.650   u/campaign/kernel/core/evaluator_i/Mmux_p003_rs_cy<11>
                                                       u/campaign/kernel/core/evaluator_i/Mmux_p003_A1711
                                                       u/campaign/kernel/core/evaluator_i/Mmux_p003_rs_cy<11>
    SLICE_X20Y13.B2      net (fanout=3)        1.095   u/campaign/kernel/core/evaluator_i/Mmux_p003_split<10>
    SLICE_X20Y13.COUT    Topcyb                0.448   u/campaign/kernel/core/evaluator_i/Mcompar_p01[17]_p00[17]_LessThan_28_o_cy<7>
                                                       u/campaign/kernel/core/evaluator_i/Mcompar_p01[17]_p00[17]_LessThan_28_o_lut<5>1
                                                       u/campaign/kernel/core/evaluator_i/Mcompar_p01[17]_p00[17]_LessThan_28_o_cy<7>
    SLICE_X20Y14.CIN     net (fanout=1)        0.003   u/campaign/kernel/core/evaluator_i/Mcompar_p01[17]_p00[17]_LessThan_28_o_cy<7>
    SLICE_X20Y14.AMUX    Tcina                 0.240   u/campaign/kernel/core/evaluator_i/score0<0>
                                                       u/campaign/kernel/core/evaluator_i/Mcompar_p01[17]_p00[17]_LessThan_28_o_cy<8>
    SLICE_X27Y16.B3      net (fanout=21)       1.189   u/campaign/kernel/core/evaluator_i/p01[17]_p00[17]_LessThan_28_o
    SLICE_X27Y16.B       Tilo                  0.259   u/campaign/kernel/core/evaluator_i/score0<15>
                                                       u/campaign/kernel/core/evaluator_i/Mmux_score071
    SLICE_X20Y16.D2      net (fanout=2)        1.054   u/campaign/kernel/core/evaluator_i/score0<15>
    SLICE_X20Y16.COUT    Topcyd                0.290   u/campaign/kernel/core/evaluator_i/Mcompar_score0[17]_score1[17]_LessThan_38_o_cy<7>
                                                       u/campaign/kernel/core/evaluator_i/Mcompar_score0[17]_score1[17]_LessThan_38_o_lut<7>
                                                       u/campaign/kernel/core/evaluator_i/Mcompar_score0[17]_score1[17]_LessThan_38_o_cy<7>
    SLICE_X20Y17.CIN     net (fanout=1)        0.003   u/campaign/kernel/core/evaluator_i/Mcompar_score0[17]_score1[17]_LessThan_38_o_cy<7>
    SLICE_X20Y17.AMUX    Tcina                 0.240   u/campaign/kernel/core/evaluator_i/score1<15>
                                                       u/campaign/kernel/core/evaluator_i/Mcompar_score0[17]_score1[17]_LessThan_38_o_cy<8>
    SLICE_X23Y17.A3      net (fanout=1)        0.587   u/campaign/kernel/core/evaluator_i/Mcompar_score0[17]_score1[17]_LessThan_38_o_cy<8>
    SLICE_X23Y17.A       Tilo                  0.259   u/campaign/kernel/core/b4_selected_slot<0>
                                                       u/campaign/kernel/core/evaluator_i/c0_wins
    SLICE_X25Y17.A1      net (fanout=17)       0.803   u/campaign/kernel/core/evaluator_i/c0_wins
    SLICE_X25Y17.CLK     Tas                   0.373   u/campaign/kernel/core/b4_selected_score<8>
                                                       u/campaign/kernel/core/evaluator_i/Mmux_score1[17]_GND_15_o_mux_131_OUT141
                                                       u/campaign/kernel/core/evaluator_i/selected_score_5
    -------------------------------------------------  ---------------------------
    Total                                      9.066ns (3.189ns logic, 5.877ns route)
                                                       (35.2% logic, 64.8% route)

--------------------------------------------------------------------------------
Slack:                  0.898ns (requirement - (data path - clock path skew + uncertainty))
  Source:               u/campaign/kernel/core/evaluator_i/lam0_0_1 (FF)
  Destination:          u/campaign/kernel/core/evaluator_i/selected_score_5 (FF)
  Requirement:          10.000ns
  Data Path Delay:      9.049ns (Levels of Logic = 8)
  Clock Path Skew:      -0.018ns (0.434 - 0.452)
  Source Clock:         clk_100mhz_BUFGP rising at 0.000ns
  Destination Clock:    clk_100mhz_BUFGP rising at 10.000ns
  Clock Uncertainty:    0.035ns

  Clock Uncertainty:          0.035ns  ((TSJ^2 + TIJ^2)^1/2 + DJ) / 2 + PE
    Total System Jitter (TSJ):  0.070ns
    Total Input Jitter (TIJ):   0.000ns
    Discrete Jitter (DJ):       0.000ns
    Phase Error (PE):           0.000ns

  Maximum Data Path at Slow Process Corner: u/campaign/kernel/core/evaluator_i/lam0_0_1 to u/campaign/kernel/core/evaluator_i/selected_score_5
    Location             Delay type         Delay(ns)  Physical Resource
                                                       Logical Resource(s)
    -------------------------------------------------  -------------------
    SLICE_X25Y11.AQ      Tcko                  0.430   u/campaign/kernel/core/evaluator_i/lam0_0_3
                                                       u/campaign/kernel/core/evaluator_i/lam0_0_1
    SLICE_X26Y14.A4      net (fanout=12)       1.143   u/campaign/kernel/core/evaluator_i/lam0_0_1
    SLICE_X26Y14.CMUX    Topac                 0.625   u/campaign/kernel/core/evaluator_i/Mmux_p003_rs_cy<11>
                                                       u/campaign/kernel/core/evaluator_i/Mmux_p003_A161
                                                       u/campaign/kernel/core/evaluator_i/Mmux_p003_rs_cy<11>
    SLICE_X20Y13.B2      net (fanout=3)        1.095   u/campaign/kernel/core/evaluator_i/Mmux_p003_split<10>
    SLICE_X20Y13.COUT    Topcyb                0.411   u/campaign/kernel/core/evaluator_i/Mcompar_p01[17]_p00[17]_LessThan_28_o_cy<7>
                                                       u/campaign/kernel/core/evaluator_i/Mcompar_p01[17]_p00[17]_LessThan_28_o_lutdi51
                                                       u/campaign/kernel/core/evaluator_i/Mcompar_p01[17]_p00[17]_LessThan_28_o_cy<7>
    SLICE_X20Y14.CIN     net (fanout=1)        0.003   u/campaign/kernel/core/evaluator_i/Mcompar_p01[17]_p00[17]_LessThan_28_o_cy<7>
    SLICE_X20Y14.AMUX    Tcina                 0.240   u/campaign/kernel/core/evaluator_i/score0<0>
                                                       u/campaign/kernel/core/evaluator_i/Mcompar_p01[17]_p00[17]_LessThan_28_o_cy<8>
    SLICE_X27Y16.B3      net (fanout=21)       1.189   u/campaign/kernel/core/evaluator_i/p01[17]_p00[17]_LessThan_28_o
    SLICE_X27Y16.B       Tilo                  0.259   u/campaign/kernel/core/evaluator_i/score0<15>
                                                       u/campaign/kernel/core/evaluator_i/Mmux_score071
    SLICE_X20Y16.D2      net (fanout=2)        1.054   u/campaign/kernel/core/evaluator_i/score0<15>
    SLICE_X20Y16.COUT    Topcyd                0.335   u/campaign/kernel/core/evaluator_i/Mcompar_score0[17]_score1[17]_LessThan_38_o_cy<7>
                                                       u/campaign/kernel/core/evaluator_i/Mcompar_score0[17]_score1[17]_LessThan_38_o_lutdi7
                                                       u/campaign/kernel/core/evaluator_i/Mcompar_score0[17]_score1[17]_LessThan_38_o_cy<7>
    SLICE_X20Y17.CIN     net (fanout=1)        0.003   u/campaign/kernel/core/evaluator_i/Mcompar_score0[17]_score1[17]_LessThan_38_o_cy<7>
    SLICE_X20Y17.AMUX    Tcina                 0.240   u/campaign/kernel/core/evaluator_i/score1<15>
                                                       u/campaign/kernel/core/evaluator_i/Mcompar_score0[17]_score1[17]_LessThan_38_o_cy<8>
    SLICE_X23Y17.A3      net (fanout=1)        0.587   u/campaign/kernel/core/evaluator_i/Mcompar_score0[17]_score1[17]_LessThan_38_o_cy<8>
    SLICE_X23Y17.A       Tilo                  0.259   u/campaign/kernel/core/b4_selected_slot<0>
                                                       u/campaign/kernel/core/evaluator_i/c0_wins
    SLICE_X25Y17.A1      net (fanout=17)       0.803   u/campaign/kernel/core/evaluator_i/c0_wins
    SLICE_X25Y17.CLK     Tas                   0.373   u/campaign/kernel/core/b4_selected_score<8>
                                                       u/campaign/kernel/core/evaluator_i/Mmux_score1[17]_GND_15_o_mux_131_OUT141
                                                       u/campaign/kernel/core/evaluator_i/selected_score_5
    -------------------------------------------------  ---------------------------
    Total                                      9.049ns (3.172ns logic, 5.877ns route)
                                                       (35.1% logic, 64.9% route)

--------------------------------------------------------------------------------
Slack:                  0.906ns (requirement - (data path - clock path skew + uncertainty))
  Source:               u/campaign/kernel/core/evaluator_i/lam0_0_1 (FF)
  Destination:          u/campaign/kernel/core/evaluator_i/selected_score_5 (FF)
  Requirement:          10.000ns
  Data Path Delay:      9.041ns (Levels of Logic = 8)
  Clock Path Skew:      -0.018ns (0.434 - 0.452)
  Source Clock:         clk_100mhz_BUFGP rising at 0.000ns
  Destination Clock:    clk_100mhz_BUFGP rising at 10.000ns
  Clock Uncertainty:    0.035ns

  Clock Uncertainty:          0.035ns  ((TSJ^2 + TIJ^2)^1/2 + DJ) / 2 + PE
    Total System Jitter (TSJ):  0.070ns
    Total Input Jitter (TIJ):   0.000ns
    Discrete Jitter (DJ):       0.000ns
    Phase Error (PE):           0.000ns

  Maximum Data Path at Slow Process Corner: u/campaign/kernel/core/evaluator_i/lam0_0_1 to u/campaign/kernel/core/evaluator_i/selected_score_5
    Location             Delay type         Delay(ns)  Physical Resource
                                                       Logical Resource(s)
    -------------------------------------------------  -------------------
    SLICE_X25Y11.AQ      Tcko                  0.430   u/campaign/kernel/core/evaluator_i/lam0_0_3
                                                       u/campaign/kernel/core/evaluator_i/lam0_0_1
    SLICE_X26Y14.A4      net (fanout=12)       1.143   u/campaign/kernel/core/evaluator_i/lam0_0_1
    SLICE_X26Y14.CMUX    Topac                 0.625   u/campaign/kernel/core/evaluator_i/Mmux_p003_rs_cy<11>
                                                       u/campaign/kernel/core/evaluator_i/Mmux_p003_A161
                                                       u/campaign/kernel/core/evaluator_i/Mmux_p003_rs_cy<11>
    SLICE_X20Y13.B2      net (fanout=3)        1.095   u/campaign/kernel/core/evaluator_i/Mmux_p003_split<10>
    SLICE_X20Y13.COUT    Topcyb                0.448   u/campaign/kernel/core/evaluator_i/Mcompar_p01[17]_p00[17]_LessThan_28_o_cy<7>
                                                       u/campaign/kernel/core/evaluator_i/Mcompar_p01[17]_p00[17]_LessThan_28_o_lut<5>1
                                                       u/campaign/kernel/core/evaluator_i/Mcompar_p01[17]_p00[17]_LessThan_28_o_cy<7>
    SLICE_X20Y14.CIN     net (fanout=1)        0.003   u/campaign/kernel/core/evaluator_i/Mcompar_p01[17]_p00[17]_LessThan_28_o_cy<7>
    SLICE_X20Y14.AMUX    Tcina                 0.240   u/campaign/kernel/core/evaluator_i/score0<0>
                                                       u/campaign/kernel/core/evaluator_i/Mcompar_p01[17]_p00[17]_LessThan_28_o_cy<8>
    SLICE_X27Y16.B3      net (fanout=21)       1.189   u/campaign/kernel/core/evaluator_i/p01[17]_p00[17]_LessThan_28_o
    SLICE_X27Y16.B       Tilo                  0.259   u/campaign/kernel/core/evaluator_i/score0<15>
                                                       u/campaign/kernel/core/evaluator_i/Mmux_score071
    SLICE_X20Y16.D2      net (fanout=2)        1.054   u/campaign/kernel/core/evaluator_i/score0<15>
    SLICE_X20Y16.COUT    Topcyd                0.290   u/campaign/kernel/core/evaluator_i/Mcompar_score0[17]_score1[17]_LessThan_38_o_cy<7>
                                                       u/campaign/kernel/core/evaluator_i/Mcompar_score0[17]_score1[17]_LessThan_38_o_lut<7>
                                                       u/campaign/kernel/core/evaluator_i/Mcompar_score0[17]_score1[17]_LessThan_38_o_cy<7>
    SLICE_X20Y17.CIN     net (fanout=1)        0.003   u/campaign/kernel/core/evaluator_i/Mcompar_score0[17]_score1[17]_LessThan_38_o_cy<7>
    SLICE_X20Y17.AMUX    Tcina                 0.240   u/campaign/kernel/core/evaluator_i/score1<15>
                                                       u/campaign/kernel/core/evaluator_i/Mcompar_score0[17]_score1[17]_LessThan_38_o_cy<8>
    SLICE_X23Y17.A3      net (fanout=1)        0.587   u/campaign/kernel/core/evaluator_i/Mcompar_score0[17]_score1[17]_LessThan_38_o_cy<8>
    SLICE_X23Y17.A       Tilo                  0.259   u/campaign/kernel/core/b4_selected_slot<0>
                                                       u/campaign/kernel/core/evaluator_i/c0_wins
    SLICE_X25Y17.A1      net (fanout=17)       0.803   u/campaign/kernel/core/evaluator_i/c0_wins
    SLICE_X25Y17.CLK     Tas                   0.373   u/campaign/kernel/core/b4_selected_score<8>
                                                       u/campaign/kernel/core/evaluator_i/Mmux_score1[17]_GND_15_o_mux_131_OUT141
                                                       u/campaign/kernel/core/evaluator_i/selected_score_5
    -------------------------------------------------  ---------------------------
    Total                                      9.041ns (3.164ns logic, 5.877ns route)
                                                       (35.0% logic, 65.0% route)

--------------------------------------------------------------------------------
Slack:                  0.913ns (requirement - (data path - clock path skew + uncertainty))
  Source:               u/campaign/kernel/core/evaluator_i/lam0_0_1 (FF)
  Destination:          u/campaign/kernel/core/evaluator_i/selected_score_5 (FF)
  Requirement:          10.000ns
  Data Path Delay:      9.034ns (Levels of Logic = 8)
  Clock Path Skew:      -0.018ns (0.434 - 0.452)
  Source Clock:         clk_100mhz_BUFGP rising at 0.000ns
  Destination Clock:    clk_100mhz_BUFGP rising at 10.000ns
  Clock Uncertainty:    0.035ns

  Clock Uncertainty:          0.035ns  ((TSJ^2 + TIJ^2)^1/2 + DJ) / 2 + PE
    Total System Jitter (TSJ):  0.070ns
    Total Input Jitter (TIJ):   0.000ns
    Discrete Jitter (DJ):       0.000ns
    Phase Error (PE):           0.000ns

  Maximum Data Path at Slow Process Corner: u/campaign/kernel/core/evaluator_i/lam0_0_1 to u/campaign/kernel/core/evaluator_i/selected_score_5
    Location             Delay type         Delay(ns)  Physical Resource
                                                       Logical Resource(s)
    -------------------------------------------------  -------------------
    SLICE_X25Y11.AQ      Tcko                  0.430   u/campaign/kernel/core/evaluator_i/lam0_0_3
                                                       u/campaign/kernel/core/evaluator_i/lam0_0_1
    SLICE_X26Y14.B4      net (fanout=12)       1.143   u/campaign/kernel/core/evaluator_i/lam0_0_1
    SLICE_X26Y14.CMUX    Topbc                 0.610   u/campaign/kernel/core/evaluator_i/Mmux_p003_rs_cy<11>
                                                       u/campaign/kernel/core/evaluator_i/Mmux_p003_A171
                                                       u/campaign/kernel/core/evaluator_i/Mmux_p003_rs_cy<11>
    SLICE_X20Y13.B2      net (fanout=3)        1.095   u/campaign/kernel/core/evaluator_i/Mmux_p003_split<10>
    SLICE_X20Y13.COUT    Topcyb                0.411   u/campaign/kernel/core/evaluator_i/Mcompar_p01[17]_p00[17]_LessThan_28_o_cy<7>
                                                       u/campaign/kernel/core/evaluator_i/Mcompar_p01[17]_p00[17]_LessThan_28_o_lutdi51
                                                       u/campaign/kernel/core/evaluator_i/Mcompar_p01[17]_p00[17]_LessThan_28_o_cy<7>
    SLICE_X20Y14.CIN     net (fanout=1)        0.003   u/campaign/kernel/core/evaluator_i/Mcompar_p01[17]_p00[17]_LessThan_28_o_cy<7>
    SLICE_X20Y14.AMUX    Tcina                 0.240   u/campaign/kernel/core/evaluator_i/score0<0>
                                                       u/campaign/kernel/core/evaluator_i/Mcompar_p01[17]_p00[17]_LessThan_28_o_cy<8>
    SLICE_X27Y16.B3      net (fanout=21)       1.189   u/campaign/kernel/core/evaluator_i/p01[17]_p00[17]_LessThan_28_o
    SLICE_X27Y16.B       Tilo                  0.259   u/campaign/kernel/core/evaluator_i/score0<15>
                                                       u/campaign/kernel/core/evaluator_i/Mmux_score071
    SLICE_X20Y16.D2      net (fanout=2)        1.054   u/campaign/kernel/core/evaluator_i/score0<15>
    SLICE_X20Y16.COUT    Topcyd                0.335   u/campaign/kernel/core/evaluator_i/Mcompar_score0[17]_score1[17]_LessThan_38_o_cy<7>
                                                       u/campaign/kernel/core/evaluator_i/Mcompar_score0[17]_score1[17]_LessThan_38_o_lutdi7
                                                       u/campaign/kernel/core/evaluator_i/Mcompar_score0[17]_score1[17]_LessThan_38_o_cy<7>
    SLICE_X20Y17.CIN     net (fanout=1)        0.003   u/campaign/kernel/core/evaluator_i/Mcompar_score0[17]_score1[17]_LessThan_38_o_cy<7>
    SLICE_X20Y17.AMUX    Tcina                 0.240   u/campaign/kernel/core/evaluator_i/score1<15>
                                                       u/campaign/kernel/core/evaluator_i/Mcompar_score0[17]_score1[17]_LessThan_38_o_cy<8>
    SLICE_X23Y17.A3      net (fanout=1)        0.587   u/campaign/kernel/core/evaluator_i/Mcompar_score0[17]_score1[17]_LessThan_38_o_cy<8>
    SLICE_X23Y17.A       Tilo                  0.259   u/campaign/kernel/core/b4_selected_slot<0>
                                                       u/campaign/kernel/core/evaluator_i/c0_wins
    SLICE_X25Y17.A1      net (fanout=17)       0.803   u/campaign/kernel/core/evaluator_i/c0_wins
    SLICE_X25Y17.CLK     Tas                   0.373   u/campaign/kernel/core/b4_selected_score<8>
                                                       u/campaign/kernel/core/evaluator_i/Mmux_score1[17]_GND_15_o_mux_131_OUT141
                                                       u/campaign/kernel/core/evaluator_i/selected_score_5
    -------------------------------------------------  ---------------------------
    Total                                      9.034ns (3.157ns logic, 5.877ns route)
                                                       (34.9% logic, 65.1% route)

--------------------------------------------------------------------------------
Slack:                  0.918ns (requirement - (data path - clock path skew + uncertainty))
  Source:               u/campaign/kernel/core/evaluator_i/lam0_0_1 (FF)
  Destination:          u/campaign/kernel/core/evaluator_i/selected_score_5 (FF)
  Requirement:          10.000ns
  Data Path Delay:      9.029ns (Levels of Logic = 8)
  Clock Path Skew:      -0.018ns (0.434 - 0.452)
  Source Clock:         clk_100mhz_BUFGP rising at 0.000ns
  Destination Clock:    clk_100mhz_BUFGP rising at 10.000ns
  Clock Uncertainty:    0.035ns

  Clock Uncertainty:          0.035ns  ((TSJ^2 + TIJ^2)^1/2 + DJ) / 2 + PE
    Total System Jitter (TSJ):  0.070ns
    Total Input Jitter (TIJ):   0.000ns
    Discrete Jitter (DJ):       0.000ns
    Phase Error (PE):           0.000ns

  Maximum Data Path at Slow Process Corner: u/campaign/kernel/core/evaluator_i/lam0_0_1 to u/campaign/kernel/core/evaluator_i/selected_score_5
    Location             Delay type         Delay(ns)  Physical Resource
                                                       Logical Resource(s)
    -------------------------------------------------  -------------------
    SLICE_X25Y11.AQ      Tcko                  0.430   u/campaign/kernel/core/evaluator_i/lam0_0_3
                                                       u/campaign/kernel/core/evaluator_i/lam0_0_1
    SLICE_X26Y14.B4      net (fanout=12)       1.143   u/campaign/kernel/core/evaluator_i/lam0_0_1
    SLICE_X26Y14.CMUX    Topbc                 0.650   u/campaign/kernel/core/evaluator_i/Mmux_p003_rs_cy<11>
                                                       u/campaign/kernel/core/evaluator_i/Mmux_p003_A1711
                                                       u/campaign/kernel/core/evaluator_i/Mmux_p003_rs_cy<11>
    SLICE_X20Y13.B2      net (fanout=3)        1.095   u/campaign/kernel/core/evaluator_i/Mmux_p003_split<10>
    SLICE_X20Y13.COUT    Topcyb                0.411   u/campaign/kernel/core/evaluator_i/Mcompar_p01[17]_p00[17]_LessThan_28_o_cy<7>
                                                       u/campaign/kernel/core/evaluator_i/Mcompar_p01[17]_p00[17]_LessThan_28_o_lutdi51
                                                       u/campaign/kernel/core/evaluator_i/Mcompar_p01[17]_p00[17]_LessThan_28_o_cy<7>
    SLICE_X20Y14.CIN     net (fanout=1)        0.003   u/campaign/kernel/core/evaluator_i/Mcompar_p01[17]_p00[17]_LessThan_28_o_cy<7>
    SLICE_X20Y14.AMUX    Tcina                 0.240   u/campaign/kernel/core/evaluator_i/score0<0>
                                                       u/campaign/kernel/core/evaluator_i/Mcompar_p01[17]_p00[17]_LessThan_28_o_cy<8>
    SLICE_X27Y16.B3      net (fanout=21)       1.189   u/campaign/kernel/core/evaluator_i/p01[17]_p00[17]_LessThan_28_o
    SLICE_X27Y16.B       Tilo                  0.259   u/campaign/kernel/core/evaluator_i/score0<15>
                                                       u/campaign/kernel/core/evaluator_i/Mmux_score071
    SLICE_X20Y16.D2      net (fanout=2)        1.054   u/campaign/kernel/core/evaluator_i/score0<15>
    SLICE_X20Y16.COUT    Topcyd                0.290   u/campaign/kernel/core/evaluator_i/Mcompar_score0[17]_score1[17]_LessThan_38_o_cy<7>
                                                       u/campaign/kernel/core/evaluator_i/Mcompar_score0[17]_score1[17]_LessThan_38_o_lut<7>
                                                       u/campaign/kernel/core/evaluator_i/Mcompar_score0[17]_score1[17]_LessThan_38_o_cy<7>
    SLICE_X20Y17.CIN     net (fanout=1)        0.003   u/campaign/kernel/core/evaluator_i/Mcompar_score0[17]_score1[17]_LessThan_38_o_cy<7>
    SLICE_X20Y17.AMUX    Tcina                 0.240   u/campaign/kernel/core/evaluator_i/score1<15>
                                                       u/campaign/kernel/core/evaluator_i/Mcompar_score0[17]_score1[17]_LessThan_38_o_cy<8>
    SLICE_X23Y17.A3      net (fanout=1)        0.587   u/campaign/kernel/core/evaluator_i/Mcompar_score0[17]_score1[17]_LessThan_38_o_cy<8>
    SLICE_X23Y17.A       Tilo                  0.259   u/campaign/kernel/core/b4_selected_slot<0>
                                                       u/campaign/kernel/core/evaluator_i/c0_wins
    SLICE_X25Y17.A1      net (fanout=17)       0.803   u/campaign/kernel/core/evaluator_i/c0_wins
    SLICE_X25Y17.CLK     Tas                   0.373   u/campaign/kernel/core/b4_selected_score<8>
                                                       u/campaign/kernel/core/evaluator_i/Mmux_score1[17]_GND_15_o_mux_131_OUT141
                                                       u/campaign/kernel/core/evaluator_i/selected_score_5
    -------------------------------------------------  ---------------------------
    Total                                      9.029ns (3.152ns logic, 5.877ns route)
                                                       (34.9% logic, 65.1% route)

--------------------------------------------------------------------------------
Slack:                  0.921ns (requirement - (data path - clock path skew + uncertainty))
  Source:               u/campaign/kernel/core/evaluator_i/lam0_0_1 (FF)
  Destination:          u/campaign/kernel/core/evaluator_i/selected_score_5 (FF)
  Requirement:          10.000ns
  Data Path Delay:      9.026ns (Levels of Logic = 8)
  Clock Path Skew:      -0.018ns (0.434 - 0.452)
  Source Clock:         clk_100mhz_BUFGP rising at 0.000ns
  Destination Clock:    clk_100mhz_BUFGP rising at 10.000ns
  Clock Uncertainty:    0.035ns

  Clock Uncertainty:          0.035ns  ((TSJ^2 + TIJ^2)^1/2 + DJ) / 2 + PE
    Total System Jitter (TSJ):  0.070ns
    Total Input Jitter (TIJ):   0.000ns
    Discrete Jitter (DJ):       0.000ns
    Phase Error (PE):           0.000ns

  Maximum Data Path at Slow Process Corner: u/campaign/kernel/core/evaluator_i/lam0_0_1 to u/campaign/kernel/core/evaluator_i/selected_score_5
    Location             Delay type         Delay(ns)  Physical Resource
                                                       Logical Resource(s)
    -------------------------------------------------  -------------------
    SLICE_X25Y11.AQ      Tcko                  0.430   u/campaign/kernel/core/evaluator_i/lam0_0_3
                                                       u/campaign/kernel/core/evaluator_i/lam0_0_1
    SLICE_X26Y14.B4      net (fanout=12)       1.143   u/campaign/kernel/core/evaluator_i/lam0_0_1
    SLICE_X26Y14.CMUX    Topbc                 0.610   u/campaign/kernel/core/evaluator_i/Mmux_p003_rs_cy<11>
                                                       u/campaign/kernel/core/evaluator_i/Mmux_p003_A171
                                                       u/campaign/kernel/core/evaluator_i/Mmux_p003_rs_cy<11>
    SLICE_X20Y13.B2      net (fanout=3)        1.095   u/campaign/kernel/core/evaluator_i/Mmux_p003_split<10>
    SLICE_X20Y13.COUT    Topcyb                0.448   u/campaign/kernel/core/evaluator_i/Mcompar_p01[17]_p00[17]_LessThan_28_o_cy<7>
                                                       u/campaign/kernel/core/evaluator_i/Mcompar_p01[17]_p00[17]_LessThan_28_o_lut<5>1
                                                       u/campaign/kernel/core/evaluator_i/Mcompar_p01[17]_p00[17]_LessThan_28_o_cy<7>
    SLICE_X20Y14.CIN     net (fanout=1)        0.003   u/campaign/kernel/core/evaluator_i/Mcompar_p01[17]_p00[17]_LessThan_28_o_cy<7>
    SLICE_X20Y14.AMUX    Tcina                 0.240   u/campaign/kernel/core/evaluator_i/score0<0>
                                                       u/campaign/kernel/core/evaluator_i/Mcompar_p01[17]_p00[17]_LessThan_28_o_cy<8>
    SLICE_X27Y16.B3      net (fanout=21)       1.189   u/campaign/kernel/core/evaluator_i/p01[17]_p00[17]_LessThan_28_o
    SLICE_X27Y16.B       Tilo                  0.259   u/campaign/kernel/core/evaluator_i/score0<15>
                                                       u/campaign/kernel/core/evaluator_i/Mmux_score071
    SLICE_X20Y16.D2      net (fanout=2)        1.054   u/campaign/kernel/core/evaluator_i/score0<15>
    SLICE_X20Y16.COUT    Topcyd                0.290   u/campaign/kernel/core/evaluator_i/Mcompar_score0[17]_score1[17]_LessThan_38_o_cy<7>
                                                       u/campaign/kernel/core/evaluator_i/Mcompar_score0[17]_score1[17]_LessThan_38_o_lut<7>
                                                       u/campaign/kernel/core/evaluator_i/Mcompar_score0[17]_score1[17]_LessThan_38_o_cy<7>
    SLICE_X20Y17.CIN     net (fanout=1)        0.003   u/campaign/kernel/core/evaluator_i/Mcompar_score0[17]_score1[17]_LessThan_38_o_cy<7>
    SLICE_X20Y17.AMUX    Tcina                 0.240   u/campaign/kernel/core/evaluator_i/score1<15>
                                                       u/campaign/kernel/core/evaluator_i/Mcompar_score0[17]_score1[17]_LessThan_38_o_cy<8>
    SLICE_X23Y17.A3      net (fanout=1)        0.587   u/campaign/kernel/core/evaluator_i/Mcompar_score0[17]_score1[17]_LessThan_38_o_cy<8>
    SLICE_X23Y17.A       Tilo                  0.259   u/campaign/kernel/core/b4_selected_slot<0>
                                                       u/campaign/kernel/core/evaluator_i/c0_wins
    SLICE_X25Y17.A1      net (fanout=17)       0.803   u/campaign/kernel/core/evaluator_i/c0_wins
    SLICE_X25Y17.CLK     Tas                   0.373   u/campaign/kernel/core/b4_selected_score<8>
                                                       u/campaign/kernel/core/evaluator_i/Mmux_score1[17]_GND_15_o_mux_131_OUT141
                                                       u/campaign/kernel/core/evaluator_i/selected_score_5
    -------------------------------------------------  ---------------------------
    Total                                      9.026ns (3.149ns logic, 5.877ns route)
                                                       (34.9% logic, 65.1% route)

--------------------------------------------------------------------------------

Paths for end point u/campaign/kernel/core/evaluator_i/divisor_14 (SLICE_X6Y19.A2), 4162 paths
--------------------------------------------------------------------------------
Slack:                  0.859ns (requirement - (data path - clock path skew + uncertainty))
  Source:               u/campaign/kernel/core/evaluator_i/objective_0 (FF)
  Destination:          u/campaign/kernel/core/evaluator_i/divisor_14 (FF)
  Requirement:          10.000ns
  Data Path Delay:      9.085ns (Levels of Logic = 10)
  Clock Path Skew:      -0.021ns (0.332 - 0.353)
  Source Clock:         clk_100mhz_BUFGP rising at 0.000ns
  Destination Clock:    clk_100mhz_BUFGP rising at 10.000ns
  Clock Uncertainty:    0.035ns

  Clock Uncertainty:          0.035ns  ((TSJ^2 + TIJ^2)^1/2 + DJ) / 2 + PE
    Total System Jitter (TSJ):  0.070ns
    Total Input Jitter (TIJ):   0.000ns
    Discrete Jitter (DJ):       0.000ns
    Phase Error (PE):           0.000ns

  Maximum Data Path at Slow Process Corner: u/campaign/kernel/core/evaluator_i/objective_0 to u/campaign/kernel/core/evaluator_i/divisor_14
    Location             Delay type         Delay(ns)  Physical Resource
                                                       Logical Resource(s)
    -------------------------------------------------  -------------------
    SLICE_X5Y19.AQ       Tcko                  0.430   u/campaign/kernel/core/evaluator_i/objective<0>
                                                       u/campaign/kernel/core/evaluator_i/objective_0
    SLICE_X9Y14.D3       net (fanout=55)       1.531   u/campaign/kernel/core/evaluator_i/objective<0>
    SLICE_X9Y14.D        Tilo                  0.259   u/campaign/kernel/core/evaluator_i/util1<3>
                                                       u/campaign/kernel/core/evaluator_i/obj1<3>1
    SLICE_X6Y12.B3       net (fanout=5)        1.210   u/campaign/kernel/core/evaluator_i/obj1<3>
    SLICE_X6Y12.COUT     Topcyb                0.483   u/campaign/kernel/core/evaluator_i/Mcompar_obj1[31]_obj0[31]_LessThan_11_o_cy<3>
                                                       u/campaign/kernel/core/evaluator_i/Mcompar_obj1[31]_obj0[31]_LessThan_11_o_lut<1>
                                                       u/campaign/kernel/core/evaluator_i/Mcompar_obj1[31]_obj0[31]_LessThan_11_o_cy<3>
    SLICE_X6Y13.CIN      net (fanout=1)        0.003   u/campaign/kernel/core/evaluator_i/Mcompar_obj1[31]_obj0[31]_LessThan_11_o_cy<3>
    SLICE_X6Y13.COUT     Tbyp                  0.093   u/campaign/kernel/core/evaluator_i/Mcompar_obj1[31]_obj0[31]_LessThan_11_o_cy<7>
                                                       u/campaign/kernel/core/evaluator_i/Mcompar_obj1[31]_obj0[31]_LessThan_11_o_cy<7>
    SLICE_X6Y14.CIN      net (fanout=1)        0.003   u/campaign/kernel/core/evaluator_i/Mcompar_obj1[31]_obj0[31]_LessThan_11_o_cy<7>
    SLICE_X6Y14.COUT     Tbyp                  0.093   u/campaign/kernel/core/evaluator_i/Mcompar_obj1[31]_obj0[31]_LessThan_11_o_cy<11>
                                                       u/campaign/kernel/core/evaluator_i/Mcompar_obj1[31]_obj0[31]_LessThan_11_o_cy<11>
    SLICE_X6Y15.CIN      net (fanout=1)        0.003   u/campaign/kernel/core/evaluator_i/Mcompar_obj1[31]_obj0[31]_LessThan_11_o_cy<11>
    SLICE_X6Y15.DMUX     Tcind                 0.305   u/campaign/kernel/core/evaluator_i/util0<4>
                                                       u/campaign/kernel/core/evaluator_i/Mcompar_obj1[31]_obj0[31]_LessThan_11_o_cy<15>
    SLICE_X7Y15.C5       net (fanout=17)       0.882   u/campaign/kernel/core/evaluator_i/Mcompar_obj1[31]_obj0[31]_LessThan_11_o_cy<15>
    SLICE_X7Y15.C        Tilo                  0.259   u/campaign/kernel/core/evaluator_i/util1<7>
                                                       u/campaign/kernel/core/evaluator_i/Mmux_difference_A281
    SLICE_X4Y15.BX       net (fanout=1)        1.446   u/campaign/kernel/core/evaluator_i/Mmux_difference_rs_A<5>
    SLICE_X4Y15.COUT     Tbxcy                 0.197   u/campaign/kernel/core/evaluator_i/difference_reg<7>
                                                       u/campaign/kernel/core/evaluator_i/Mmux_difference_rs_cy<7>
    SLICE_X4Y16.CIN      net (fanout=1)        0.003   u/campaign/kernel/core/evaluator_i/Mmux_difference_rs_cy<7>
    SLICE_X4Y16.COUT     Tbyp                  0.091   u/campaign/kernel/core/evaluator_i/difference_reg<11>
                                                       u/campaign/kernel/core/evaluator_i/Mmux_difference_rs_cy<11>
    SLICE_X4Y17.CIN      net (fanout=1)        0.003   u/campaign/kernel/core/evaluator_i/Mmux_difference_rs_cy<11>
    SLICE_X4Y17.AMUX     Tcina                 0.210   u/campaign/kernel/core/evaluator_i/difference_reg<15>
                                                       u/campaign/kernel/core/evaluator_i/Mmux_difference_rs_cy<15>
    SLICE_X6Y19.A2       net (fanout=1)        0.955   u/campaign/kernel/core/evaluator_i/difference<12>
    SLICE_X6Y19.CLK      Tas                   0.626   u/campaign/kernel/core/evaluator_i/divisor<15>
                                                       u/campaign/kernel/core/evaluator_i/difference<12>_rt
                                                       u/campaign/kernel/core/evaluator_i/Madd_n0506_cy<15>
                                                       u/campaign/kernel/core/evaluator_i/divisor_14
    -------------------------------------------------  ---------------------------
    Total                                      9.085ns (3.046ns logic, 6.039ns route)
                                                       (33.5% logic, 66.5% route)

--------------------------------------------------------------------------------
Slack:                  0.921ns (requirement - (data path - clock path skew + uncertainty))
  Source:               u/campaign/kernel/core/evaluator_i/objective_1 (FF)
  Destination:          u/campaign/kernel/core/evaluator_i/divisor_14 (FF)
  Requirement:          10.000ns
  Data Path Delay:      9.023ns (Levels of Logic = 10)
  Clock Path Skew:      -0.021ns (0.332 - 0.353)
  Source Clock:         clk_100mhz_BUFGP rising at 0.000ns
  Destination Clock:    clk_100mhz_BUFGP rising at 10.000ns
  Clock Uncertainty:    0.035ns

  Clock Uncertainty:          0.035ns  ((TSJ^2 + TIJ^2)^1/2 + DJ) / 2 + PE
    Total System Jitter (TSJ):  0.070ns
    Total Input Jitter (TIJ):   0.000ns
    Discrete Jitter (DJ):       0.000ns
    Phase Error (PE):           0.000ns

  Maximum Data Path at Slow Process Corner: u/campaign/kernel/core/evaluator_i/objective_1 to u/campaign/kernel/core/evaluator_i/divisor_14
    Location             Delay type         Delay(ns)  Physical Resource
                                                       Logical Resource(s)
    -------------------------------------------------  -------------------
    SLICE_X5Y19.AMUX     Tshcko                0.518   u/campaign/kernel/core/evaluator_i/objective<0>
                                                       u/campaign/kernel/core/evaluator_i/objective_1
    SLICE_X9Y14.D5       net (fanout=59)       1.381   u/campaign/kernel/core/evaluator_i/objective<1>
    SLICE_X9Y14.D        Tilo                  0.259   u/campaign/kernel/core/evaluator_i/util1<3>
                                                       u/campaign/kernel/core/evaluator_i/obj1<3>1
    SLICE_X6Y12.B3       net (fanout=5)        1.210   u/campaign/kernel/core/evaluator_i/obj1<3>
    SLICE_X6Y12.COUT     Topcyb                0.483   u/campaign/kernel/core/evaluator_i/Mcompar_obj1[31]_obj0[31]_LessThan_11_o_cy<3>
                                                       u/campaign/kernel/core/evaluator_i/Mcompar_obj1[31]_obj0[31]_LessThan_11_o_lut<1>
                                                       u/campaign/kernel/core/evaluator_i/Mcompar_obj1[31]_obj0[31]_LessThan_11_o_cy<3>
    SLICE_X6Y13.CIN      net (fanout=1)        0.003   u/campaign/kernel/core/evaluator_i/Mcompar_obj1[31]_obj0[31]_LessThan_11_o_cy<3>
    SLICE_X6Y13.COUT     Tbyp                  0.093   u/campaign/kernel/core/evaluator_i/Mcompar_obj1[31]_obj0[31]_LessThan_11_o_cy<7>
                                                       u/campaign/kernel/core/evaluator_i/Mcompar_obj1[31]_obj0[31]_LessThan_11_o_cy<7>
    SLICE_X6Y14.CIN      net (fanout=1)        0.003   u/campaign/kernel/core/evaluator_i/Mcompar_obj1[31]_obj0[31]_LessThan_11_o_cy<7>
    SLICE_X6Y14.COUT     Tbyp                  0.093   u/campaign/kernel/core/evaluator_i/Mcompar_obj1[31]_obj0[31]_LessThan_11_o_cy<11>
                                                       u/campaign/kernel/core/evaluator_i/Mcompar_obj1[31]_obj0[31]_LessThan_11_o_cy<11>
    SLICE_X6Y15.CIN      net (fanout=1)        0.003   u/campaign/kernel/core/evaluator_i/Mcompar_obj1[31]_obj0[31]_LessThan_11_o_cy<11>
    SLICE_X6Y15.DMUX     Tcind                 0.305   u/campaign/kernel/core/evaluator_i/util0<4>
                                                       u/campaign/kernel/core/evaluator_i/Mcompar_obj1[31]_obj0[31]_LessThan_11_o_cy<15>
    SLICE_X7Y15.C5       net (fanout=17)       0.882   u/campaign/kernel/core/evaluator_i/Mcompar_obj1[31]_obj0[31]_LessThan_11_o_cy<15>
    SLICE_X7Y15.C        Tilo                  0.259   u/campaign/kernel/core/evaluator_i/util1<7>
                                                       u/campaign/kernel/core/evaluator_i/Mmux_difference_A281
    SLICE_X4Y15.BX       net (fanout=1)        1.446   u/campaign/kernel/core/evaluator_i/Mmux_difference_rs_A<5>
    SLICE_X4Y15.COUT     Tbxcy                 0.197   u/campaign/kernel/core/evaluator_i/difference_reg<7>
                                                       u/campaign/kernel/core/evaluator_i/Mmux_difference_rs_cy<7>
    SLICE_X4Y16.CIN      net (fanout=1)        0.003   u/campaign/kernel/core/evaluator_i/Mmux_difference_rs_cy<7>
    SLICE_X4Y16.COUT     Tbyp                  0.091   u/campaign/kernel/core/evaluator_i/difference_reg<11>
                                                       u/campaign/kernel/core/evaluator_i/Mmux_difference_rs_cy<11>
    SLICE_X4Y17.CIN      net (fanout=1)        0.003   u/campaign/kernel/core/evaluator_i/Mmux_difference_rs_cy<11>
    SLICE_X4Y17.AMUX     Tcina                 0.210   u/campaign/kernel/core/evaluator_i/difference_reg<15>
                                                       u/campaign/kernel/core/evaluator_i/Mmux_difference_rs_cy<15>
    SLICE_X6Y19.A2       net (fanout=1)        0.955   u/campaign/kernel/core/evaluator_i/difference<12>
    SLICE_X6Y19.CLK      Tas                   0.626   u/campaign/kernel/core/evaluator_i/divisor<15>
                                                       u/campaign/kernel/core/evaluator_i/difference<12>_rt
                                                       u/campaign/kernel/core/evaluator_i/Madd_n0506_cy<15>
                                                       u/campaign/kernel/core/evaluator_i/divisor_14
    -------------------------------------------------  ---------------------------
    Total                                      9.023ns (3.134ns logic, 5.889ns route)
                                                       (34.7% logic, 65.3% route)

--------------------------------------------------------------------------------
Slack:                  0.952ns (requirement - (data path - clock path skew + uncertainty))
  Source:               u/campaign/kernel/core/evaluator_i/objective_0 (FF)
  Destination:          u/campaign/kernel/core/evaluator_i/divisor_14 (FF)
  Requirement:          10.000ns
  Data Path Delay:      8.992ns (Levels of Logic = 10)
  Clock Path Skew:      -0.021ns (0.332 - 0.353)
  Source Clock:         clk_100mhz_BUFGP rising at 0.000ns
  Destination Clock:    clk_100mhz_BUFGP rising at 10.000ns
  Clock Uncertainty:    0.035ns

  Clock Uncertainty:          0.035ns  ((TSJ^2 + TIJ^2)^1/2 + DJ) / 2 + PE
    Total System Jitter (TSJ):  0.070ns
    Total Input Jitter (TIJ):   0.000ns
    Discrete Jitter (DJ):       0.000ns
    Phase Error (PE):           0.000ns

  Maximum Data Path at Slow Process Corner: u/campaign/kernel/core/evaluator_i/objective_0 to u/campaign/kernel/core/evaluator_i/divisor_14
    Location             Delay type         Delay(ns)  Physical Resource
                                                       Logical Resource(s)
    -------------------------------------------------  -------------------
    SLICE_X5Y19.AQ       Tcko                  0.430   u/campaign/kernel/core/evaluator_i/objective<0>
                                                       u/campaign/kernel/core/evaluator_i/objective_0
    SLICE_X9Y14.D3       net (fanout=55)       1.531   u/campaign/kernel/core/evaluator_i/objective<0>
    SLICE_X9Y14.D        Tilo                  0.259   u/campaign/kernel/core/evaluator_i/util1<3>
                                                       u/campaign/kernel/core/evaluator_i/obj1<3>1
    SLICE_X6Y12.B3       net (fanout=5)        1.210   u/campaign/kernel/core/evaluator_i/obj1<3>
    SLICE_X6Y12.COUT     Topcyb                0.390   u/campaign/kernel/core/evaluator_i/Mcompar_obj1[31]_obj0[31]_LessThan_11_o_cy<3>
                                                       u/campaign/kernel/core/evaluator_i/Mcompar_obj1[31]_obj0[31]_LessThan_11_o_lutdi1
                                                       u/campaign/kernel/core/evaluator_i/Mcompar_obj1[31]_obj0[31]_LessThan_11_o_cy<3>
    SLICE_X6Y13.CIN      net (fanout=1)        0.003   u/campaign/kernel/core/evaluator_i/Mcompar_obj1[31]_obj0[31]_LessThan_11_o_cy<3>
    SLICE_X6Y13.COUT     Tbyp                  0.093   u/campaign/kernel/core/evaluator_i/Mcompar_obj1[31]_obj0[31]_LessThan_11_o_cy<7>
                                                       u/campaign/kernel/core/evaluator_i/Mcompar_obj1[31]_obj0[31]_LessThan_11_o_cy<7>
    SLICE_X6Y14.CIN      net (fanout=1)        0.003   u/campaign/kernel/core/evaluator_i/Mcompar_obj1[31]_obj0[31]_LessThan_11_o_cy<7>
    SLICE_X6Y14.COUT     Tbyp                  0.093   u/campaign/kernel/core/evaluator_i/Mcompar_obj1[31]_obj0[31]_LessThan_11_o_cy<11>
                                                       u/campaign/kernel/core/evaluator_i/Mcompar_obj1[31]_obj0[31]_LessThan_11_o_cy<11>
    SLICE_X6Y15.CIN      net (fanout=1)        0.003   u/campaign/kernel/core/evaluator_i/Mcompar_obj1[31]_obj0[31]_LessThan_11_o_cy<11>
    SLICE_X6Y15.DMUX     Tcind                 0.305   u/campaign/kernel/core/evaluator_i/util0<4>
                                                       u/campaign/kernel/core/evaluator_i/Mcompar_obj1[31]_obj0[31]_LessThan_11_o_cy<15>
    SLICE_X7Y15.C5       net (fanout=17)       0.882   u/campaign/kernel/core/evaluator_i/Mcompar_obj1[31]_obj0[31]_LessThan_11_o_cy<15>
    SLICE_X7Y15.C        Tilo                  0.259   u/campaign/kernel/core/evaluator_i/util1<7>
                                                       u/campaign/kernel/core/evaluator_i/Mmux_difference_A281
    SLICE_X4Y15.BX       net (fanout=1)        1.446   u/campaign/kernel/core/evaluator_i/Mmux_difference_rs_A<5>
    SLICE_X4Y15.COUT     Tbxcy                 0.197   u/campaign/kernel/core/evaluator_i/difference_reg<7>
                                                       u/campaign/kernel/core/evaluator_i/Mmux_difference_rs_cy<7>
    SLICE_X4Y16.CIN      net (fanout=1)        0.003   u/campaign/kernel/core/evaluator_i/Mmux_difference_rs_cy<7>
    SLICE_X4Y16.COUT     Tbyp                  0.091   u/campaign/kernel/core/evaluator_i/difference_reg<11>
                                                       u/campaign/kernel/core/evaluator_i/Mmux_difference_rs_cy<11>
    SLICE_X4Y17.CIN      net (fanout=1)        0.003   u/campaign/kernel/core/evaluator_i/Mmux_difference_rs_cy<11>
    SLICE_X4Y17.AMUX     Tcina                 0.210   u/campaign/kernel/core/evaluator_i/difference_reg<15>
                                                       u/campaign/kernel/core/evaluator_i/Mmux_difference_rs_cy<15>
    SLICE_X6Y19.A2       net (fanout=1)        0.955   u/campaign/kernel/core/evaluator_i/difference<12>
    SLICE_X6Y19.CLK      Tas                   0.626   u/campaign/kernel/core/evaluator_i/divisor<15>
                                                       u/campaign/kernel/core/evaluator_i/difference<12>_rt
                                                       u/campaign/kernel/core/evaluator_i/Madd_n0506_cy<15>
                                                       u/campaign/kernel/core/evaluator_i/divisor_14
    -------------------------------------------------  ---------------------------
    Total                                      8.992ns (2.953ns logic, 6.039ns route)
                                                       (32.8% logic, 67.2% route)

--------------------------------------------------------------------------------
Slack:                  1.014ns (requirement - (data path - clock path skew + uncertainty))
  Source:               u/campaign/kernel/core/evaluator_i/objective_1 (FF)
  Destination:          u/campaign/kernel/core/evaluator_i/divisor_14 (FF)
  Requirement:          10.000ns
  Data Path Delay:      8.930ns (Levels of Logic = 10)
  Clock Path Skew:      -0.021ns (0.332 - 0.353)
  Source Clock:         clk_100mhz_BUFGP rising at 0.000ns
  Destination Clock:    clk_100mhz_BUFGP rising at 10.000ns
  Clock Uncertainty:    0.035ns

  Clock Uncertainty:          0.035ns  ((TSJ^2 + TIJ^2)^1/2 + DJ) / 2 + PE
    Total System Jitter (TSJ):  0.070ns
    Total Input Jitter (TIJ):   0.000ns
    Discrete Jitter (DJ):       0.000ns
    Phase Error (PE):           0.000ns

  Maximum Data Path at Slow Process Corner: u/campaign/kernel/core/evaluator_i/objective_1 to u/campaign/kernel/core/evaluator_i/divisor_14
    Location             Delay type         Delay(ns)  Physical Resource
                                                       Logical Resource(s)
    -------------------------------------------------  -------------------
    SLICE_X5Y19.AMUX     Tshcko                0.518   u/campaign/kernel/core/evaluator_i/objective<0>
                                                       u/campaign/kernel/core/evaluator_i/objective_1
    SLICE_X9Y14.D5       net (fanout=59)       1.381   u/campaign/kernel/core/evaluator_i/objective<1>
    SLICE_X9Y14.D        Tilo                  0.259   u/campaign/kernel/core/evaluator_i/util1<3>
                                                       u/campaign/kernel/core/evaluator_i/obj1<3>1
    SLICE_X6Y12.B3       net (fanout=5)        1.210   u/campaign/kernel/core/evaluator_i/obj1<3>
    SLICE_X6Y12.COUT     Topcyb                0.390   u/campaign/kernel/core/evaluator_i/Mcompar_obj1[31]_obj0[31]_LessThan_11_o_cy<3>
                                                       u/campaign/kernel/core/evaluator_i/Mcompar_obj1[31]_obj0[31]_LessThan_11_o_lutdi1
                                                       u/campaign/kernel/core/evaluator_i/Mcompar_obj1[31]_obj0[31]_LessThan_11_o_cy<3>
    SLICE_X6Y13.CIN      net (fanout=1)        0.003   u/campaign/kernel/core/evaluator_i/Mcompar_obj1[31]_obj0[31]_LessThan_11_o_cy<3>
    SLICE_X6Y13.COUT     Tbyp                  0.093   u/campaign/kernel/core/evaluator_i/Mcompar_obj1[31]_obj0[31]_LessThan_11_o_cy<7>
                                                       u/campaign/kernel/core/evaluator_i/Mcompar_obj1[31]_obj0[31]_LessThan_11_o_cy<7>
    SLICE_X6Y14.CIN      net (fanout=1)        0.003   u/campaign/kernel/core/evaluator_i/Mcompar_obj1[31]_obj0[31]_LessThan_11_o_cy<7>
    SLICE_X6Y14.COUT     Tbyp                  0.093   u/campaign/kernel/core/evaluator_i/Mcompar_obj1[31]_obj0[31]_LessThan_11_o_cy<11>
                                                       u/campaign/kernel/core/evaluator_i/Mcompar_obj1[31]_obj0[31]_LessThan_11_o_cy<11>
    SLICE_X6Y15.CIN      net (fanout=1)        0.003   u/campaign/kernel/core/evaluator_i/Mcompar_obj1[31]_obj0[31]_LessThan_11_o_cy<11>
    SLICE_X6Y15.DMUX     Tcind                 0.305   u/campaign/kernel/core/evaluator_i/util0<4>
                                                       u/campaign/kernel/core/evaluator_i/Mcompar_obj1[31]_obj0[31]_LessThan_11_o_cy<15>
    SLICE_X7Y15.C5       net (fanout=17)       0.882   u/campaign/kernel/core/evaluator_i/Mcompar_obj1[31]_obj0[31]_LessThan_11_o_cy<15>
    SLICE_X7Y15.C        Tilo                  0.259   u/campaign/kernel/core/evaluator_i/util1<7>
                                                       u/campaign/kernel/core/evaluator_i/Mmux_difference_A281
    SLICE_X4Y15.BX       net (fanout=1)        1.446   u/campaign/kernel/core/evaluator_i/Mmux_difference_rs_A<5>
    SLICE_X4Y15.COUT     Tbxcy                 0.197   u/campaign/kernel/core/evaluator_i/difference_reg<7>
                                                       u/campaign/kernel/core/evaluator_i/Mmux_difference_rs_cy<7>
    SLICE_X4Y16.CIN      net (fanout=1)        0.003   u/campaign/kernel/core/evaluator_i/Mmux_difference_rs_cy<7>
    SLICE_X4Y16.COUT     Tbyp                  0.091   u/campaign/kernel/core/evaluator_i/difference_reg<11>
                                                       u/campaign/kernel/core/evaluator_i/Mmux_difference_rs_cy<11>
    SLICE_X4Y17.CIN      net (fanout=1)        0.003   u/campaign/kernel/core/evaluator_i/Mmux_difference_rs_cy<11>
    SLICE_X4Y17.AMUX     Tcina                 0.210   u/campaign/kernel/core/evaluator_i/difference_reg<15>
                                                       u/campaign/kernel/core/evaluator_i/Mmux_difference_rs_cy<15>
    SLICE_X6Y19.A2       net (fanout=1)        0.955   u/campaign/kernel/core/evaluator_i/difference<12>
    SLICE_X6Y19.CLK      Tas                   0.626   u/campaign/kernel/core/evaluator_i/divisor<15>
                                                       u/campaign/kernel/core/evaluator_i/difference<12>_rt
                                                       u/campaign/kernel/core/evaluator_i/Madd_n0506_cy<15>
                                                       u/campaign/kernel/core/evaluator_i/divisor_14
    -------------------------------------------------  ---------------------------
    Total                                      8.930ns (3.041ns logic, 5.889ns route)
                                                       (34.1% logic, 65.9% route)

--------------------------------------------------------------------------------
Slack:                  1.128ns (requirement - (data path - clock path skew + uncertainty))
  Source:               u/campaign/kernel/core/evaluator_i/objective_1 (FF)
  Destination:          u/campaign/kernel/core/evaluator_i/divisor_14 (FF)
  Requirement:          10.000ns
  Data Path Delay:      8.816ns (Levels of Logic = 9)
  Clock Path Skew:      -0.021ns (0.332 - 0.353)
  Source Clock:         clk_100mhz_BUFGP rising at 0.000ns
  Destination Clock:    clk_100mhz_BUFGP rising at 10.000ns
  Clock Uncertainty:    0.035ns

  Clock Uncertainty:          0.035ns  ((TSJ^2 + TIJ^2)^1/2 + DJ) / 2 + PE
    Total System Jitter (TSJ):  0.070ns
    Total Input Jitter (TIJ):   0.000ns
    Discrete Jitter (DJ):       0.000ns
    Phase Error (PE):           0.000ns

  Maximum Data Path at Slow Process Corner: u/campaign/kernel/core/evaluator_i/objective_1 to u/campaign/kernel/core/evaluator_i/divisor_14
    Location             Delay type         Delay(ns)  Physical Resource
                                                       Logical Resource(s)
    -------------------------------------------------  -------------------
    SLICE_X5Y19.AMUX     Tshcko                0.518   u/campaign/kernel/core/evaluator_i/objective<0>
                                                       u/campaign/kernel/core/evaluator_i/objective_1
    SLICE_X11Y17.A4      net (fanout=59)       1.191   u/campaign/kernel/core/evaluator_i/objective<1>
    SLICE_X11Y17.A       Tilo                  0.259   u/campaign/kernel/core/evaluator_i/fid0<7>
                                                       u/campaign/kernel/core/evaluator_i/obj0<9>1
    SLICE_X6Y13.A1       net (fanout=4)        1.290   u/campaign/kernel/core/evaluator_i/obj0<9>
    SLICE_X6Y13.COUT     Topcya                0.482   u/campaign/kernel/core/evaluator_i/Mcompar_obj1[31]_obj0[31]_LessThan_11_o_cy<7>
                                                       u/campaign/kernel/core/evaluator_i/Mcompar_obj1[31]_obj0[31]_LessThan_11_o_lutdi4
                                                       u/campaign/kernel/core/evaluator_i/Mcompar_obj1[31]_obj0[31]_LessThan_11_o_cy<7>
    SLICE_X6Y14.CIN      net (fanout=1)        0.003   u/campaign/kernel/core/evaluator_i/Mcompar_obj1[31]_obj0[31]_LessThan_11_o_cy<7>
    SLICE_X6Y14.COUT     Tbyp                  0.093   u/campaign/kernel/core/evaluator_i/Mcompar_obj1[31]_obj0[31]_LessThan_11_o_cy<11>
                                                       u/campaign/kernel/core/evaluator_i/Mcompar_obj1[31]_obj0[31]_LessThan_11_o_cy<11>
    SLICE_X6Y15.CIN      net (fanout=1)        0.003   u/campaign/kernel/core/evaluator_i/Mcompar_obj1[31]_obj0[31]_LessThan_11_o_cy<11>
    SLICE_X6Y15.DMUX     Tcind                 0.305   u/campaign/kernel/core/evaluator_i/util0<4>
                                                       u/campaign/kernel/core/evaluator_i/Mcompar_obj1[31]_obj0[31]_LessThan_11_o_cy<15>
    SLICE_X7Y15.C5       net (fanout=17)       0.882   u/campaign/kernel/core/evaluator_i/Mcompar_obj1[31]_obj0[31]_LessThan_11_o_cy<15>
    SLICE_X7Y15.C        Tilo                  0.259   u/campaign/kernel/core/evaluator_i/util1<7>
                                                       u/campaign/kernel/core/evaluator_i/Mmux_difference_A281
    SLICE_X4Y15.BX       net (fanout=1)        1.446   u/campaign/kernel/core/evaluator_i/Mmux_difference_rs_A<5>
    SLICE_X4Y15.COUT     Tbxcy                 0.197   u/campaign/kernel/core/evaluator_i/difference_reg<7>
                                                       u/campaign/kernel/core/evaluator_i/Mmux_difference_rs_cy<7>
    SLICE_X4Y16.CIN      net (fanout=1)        0.003   u/campaign/kernel/core/evaluator_i/Mmux_difference_rs_cy<7>
    SLICE_X4Y16.COUT     Tbyp                  0.091   u/campaign/kernel/core/evaluator_i/difference_reg<11>
                                                       u/campaign/kernel/core/evaluator_i/Mmux_difference_rs_cy<11>
    SLICE_X4Y17.CIN      net (fanout=1)        0.003   u/campaign/kernel/core/evaluator_i/Mmux_difference_rs_cy<11>
    SLICE_X4Y17.AMUX     Tcina                 0.210   u/campaign/kernel/core/evaluator_i/difference_reg<15>
                                                       u/campaign/kernel/core/evaluator_i/Mmux_difference_rs_cy<15>
    SLICE_X6Y19.A2       net (fanout=1)        0.955   u/campaign/kernel/core/evaluator_i/difference<12>
    SLICE_X6Y19.CLK      Tas                   0.626   u/campaign/kernel/core/evaluator_i/divisor<15>
                                                       u/campaign/kernel/core/evaluator_i/difference<12>_rt
                                                       u/campaign/kernel/core/evaluator_i/Madd_n0506_cy<15>
                                                       u/campaign/kernel/core/evaluator_i/divisor_14
    -------------------------------------------------  ---------------------------
    Total                                      8.816ns (3.040ns logic, 5.776ns route)
                                                       (34.5% logic, 65.5% route)

--------------------------------------------------------------------------------
Slack:                  1.136ns (requirement - (data path - clock path skew + uncertainty))
  Source:               u/campaign/kernel/core/evaluator_i/objective_1 (FF)
  Destination:          u/campaign/kernel/core/evaluator_i/divisor_14 (FF)
  Requirement:          10.000ns
  Data Path Delay:      8.808ns (Levels of Logic = 9)
  Clock Path Skew:      -0.021ns (0.332 - 0.353)
  Source Clock:         clk_100mhz_BUFGP rising at 0.000ns
  Destination Clock:    clk_100mhz_BUFGP rising at 10.000ns
  Clock Uncertainty:    0.035ns

  Clock Uncertainty:          0.035ns  ((TSJ^2 + TIJ^2)^1/2 + DJ) / 2 + PE
    Total System Jitter (TSJ):  0.070ns
    Total Input Jitter (TIJ):   0.000ns
    Discrete Jitter (DJ):       0.000ns
    Phase Error (PE):           0.000ns

  Maximum Data Path at Slow Process Corner: u/campaign/kernel/core/evaluator_i/objective_1 to u/campaign/kernel/core/evaluator_i/divisor_14
    Location             Delay type         Delay(ns)  Physical Resource
                                                       Logical Resource(s)
    -------------------------------------------------  -------------------
    SLICE_X5Y19.AMUX     Tshcko                0.518   u/campaign/kernel/core/evaluator_i/objective<0>
                                                       u/campaign/kernel/core/evaluator_i/objective_1
    SLICE_X11Y17.A4      net (fanout=59)       1.191   u/campaign/kernel/core/evaluator_i/objective<1>
    SLICE_X11Y17.A       Tilo                  0.259   u/campaign/kernel/core/evaluator_i/fid0<7>
                                                       u/campaign/kernel/core/evaluator_i/obj0<9>1
    SLICE_X6Y13.A1       net (fanout=4)        1.290   u/campaign/kernel/core/evaluator_i/obj0<9>
    SLICE_X6Y13.COUT     Topcya                0.474   u/campaign/kernel/core/evaluator_i/Mcompar_obj1[31]_obj0[31]_LessThan_11_o_cy<7>
                                                       u/campaign/kernel/core/evaluator_i/Mcompar_obj1[31]_obj0[31]_LessThan_11_o_lut<4>
                                                       u/campaign/kernel/core/evaluator_i/Mcompar_obj1[31]_obj0[31]_LessThan_11_o_cy<7>
    SLICE_X6Y14.CIN      net (fanout=1)        0.003   u/campaign/kernel/core/evaluator_i/Mcompar_obj1[31]_obj0[31]_LessThan_11_o_cy<7>
    SLICE_X6Y14.COUT     Tbyp                  0.093   u/campaign/kernel/core/evaluator_i/Mcompar_obj1[31]_obj0[31]_LessThan_11_o_cy<11>
                                                       u/campaign/kernel/core/evaluator_i/Mcompar_obj1[31]_obj0[31]_LessThan_11_o_cy<11>
    SLICE_X6Y15.CIN      net (fanout=1)        0.003   u/campaign/kernel/core/evaluator_i/Mcompar_obj1[31]_obj0[31]_LessThan_11_o_cy<11>
    SLICE_X6Y15.DMUX     Tcind                 0.305   u/campaign/kernel/core/evaluator_i/util0<4>
                                                       u/campaign/kernel/core/evaluator_i/Mcompar_obj1[31]_obj0[31]_LessThan_11_o_cy<15>
    SLICE_X7Y15.C5       net (fanout=17)       0.882   u/campaign/kernel/core/evaluator_i/Mcompar_obj1[31]_obj0[31]_LessThan_11_o_cy<15>
    SLICE_X7Y15.C        Tilo                  0.259   u/campaign/kernel/core/evaluator_i/util1<7>
                                                       u/campaign/kernel/core/evaluator_i/Mmux_difference_A281
    SLICE_X4Y15.BX       net (fanout=1)        1.446   u/campaign/kernel/core/evaluator_i/Mmux_difference_rs_A<5>
    SLICE_X4Y15.COUT     Tbxcy                 0.197   u/campaign/kernel/core/evaluator_i/difference_reg<7>
                                                       u/campaign/kernel/core/evaluator_i/Mmux_difference_rs_cy<7>
    SLICE_X4Y16.CIN      net (fanout=1)        0.003   u/campaign/kernel/core/evaluator_i/Mmux_difference_rs_cy<7>
    SLICE_X4Y16.COUT     Tbyp                  0.091   u/campaign/kernel/core/evaluator_i/difference_reg<11>
                                                       u/campaign/kernel/core/evaluator_i/Mmux_difference_rs_cy<11>
    SLICE_X4Y17.CIN      net (fanout=1)        0.003   u/campaign/kernel/core/evaluator_i/Mmux_difference_rs_cy<11>
    SLICE_X4Y17.AMUX     Tcina                 0.210   u/campaign/kernel/core/evaluator_i/difference_reg<15>
                                                       u/campaign/kernel/core/evaluator_i/Mmux_difference_rs_cy<15>
    SLICE_X6Y19.A2       net (fanout=1)        0.955   u/campaign/kernel/core/evaluator_i/difference<12>
    SLICE_X6Y19.CLK      Tas                   0.626   u/campaign/kernel/core/evaluator_i/divisor<15>
                                                       u/campaign/kernel/core/evaluator_i/difference<12>_rt
                                                       u/campaign/kernel/core/evaluator_i/Madd_n0506_cy<15>
                                                       u/campaign/kernel/core/evaluator_i/divisor_14
    -------------------------------------------------  ---------------------------
    Total                                      8.808ns (3.032ns logic, 5.776ns route)
                                                       (34.4% logic, 65.6% route)

--------------------------------------------------------------------------------
Slack:                  1.138ns (requirement - (data path - clock path skew + uncertainty))
  Source:               u/campaign/kernel/core/evaluator_i/objective_1 (FF)
  Destination:          u/campaign/kernel/core/evaluator_i/divisor_14 (FF)
  Requirement:          10.000ns
  Data Path Delay:      8.806ns (Levels of Logic = 9)
  Clock Path Skew:      -0.021ns (0.332 - 0.353)
  Source Clock:         clk_100mhz_BUFGP rising at 0.000ns
  Destination Clock:    clk_100mhz_BUFGP rising at 10.000ns
  Clock Uncertainty:    0.035ns

  Clock Uncertainty:          0.035ns  ((TSJ^2 + TIJ^2)^1/2 + DJ) / 2 + PE
    Total System Jitter (TSJ):  0.070ns
    Total Input Jitter (TIJ):   0.000ns
    Discrete Jitter (DJ):       0.000ns
    Phase Error (PE):           0.000ns

  Maximum Data Path at Slow Process Corner: u/campaign/kernel/core/evaluator_i/objective_1 to u/campaign/kernel/core/evaluator_i/divisor_14
    Location             Delay type         Delay(ns)  Physical Resource
                                                       Logical Resource(s)
    -------------------------------------------------  -------------------
    SLICE_X5Y19.AMUX     Tshcko                0.518   u/campaign/kernel/core/evaluator_i/objective<0>
                                                       u/campaign/kernel/core/evaluator_i/objective_1
    SLICE_X9Y17.B4       net (fanout=59)       1.201   u/campaign/kernel/core/evaluator_i/objective<1>
    SLICE_X9Y17.B        Tilo                  0.259   u/campaign/kernel/core/evaluator_i/obj1<9>
                                                       u/campaign/kernel/core/evaluator_i/obj1<9>1
    SLICE_X6Y13.A2       net (fanout=5)        1.270   u/campaign/kernel/core/evaluator_i/obj1<9>
    SLICE_X6Y13.COUT     Topcya                0.482   u/campaign/kernel/core/evaluator_i/Mcompar_obj1[31]_obj0[31]_LessThan_11_o_cy<7>
                                                       u/campaign/kernel/core/evaluator_i/Mcompar_obj1[31]_obj0[31]_LessThan_11_o_lutdi4
                                                       u/campaign/kernel/core/evaluator_i/Mcompar_obj1[31]_obj0[31]_LessThan_11_o_cy<7>
    SLICE_X6Y14.CIN      net (fanout=1)        0.003   u/campaign/kernel/core/evaluator_i/Mcompar_obj1[31]_obj0[31]_LessThan_11_o_cy<7>
    SLICE_X6Y14.COUT     Tbyp                  0.093   u/campaign/kernel/core/evaluator_i/Mcompar_obj1[31]_obj0[31]_LessThan_11_o_cy<11>
                                                       u/campaign/kernel/core/evaluator_i/Mcompar_obj1[31]_obj0[31]_LessThan_11_o_cy<11>
    SLICE_X6Y15.CIN      net (fanout=1)        0.003   u/campaign/kernel/core/evaluator_i/Mcompar_obj1[31]_obj0[31]_LessThan_11_o_cy<11>
    SLICE_X6Y15.DMUX     Tcind                 0.305   u/campaign/kernel/core/evaluator_i/util0<4>
                                                       u/campaign/kernel/core/evaluator_i/Mcompar_obj1[31]_obj0[31]_LessThan_11_o_cy<15>
    SLICE_X7Y15.C5       net (fanout=17)       0.882   u/campaign/kernel/core/evaluator_i/Mcompar_obj1[31]_obj0[31]_LessThan_11_o_cy<15>
    SLICE_X7Y15.C        Tilo                  0.259   u/campaign/kernel/core/evaluator_i/util1<7>
                                                       u/campaign/kernel/core/evaluator_i/Mmux_difference_A281
    SLICE_X4Y15.BX       net (fanout=1)        1.446   u/campaign/kernel/core/evaluator_i/Mmux_difference_rs_A<5>
    SLICE_X4Y15.COUT     Tbxcy                 0.197   u/campaign/kernel/core/evaluator_i/difference_reg<7>
                                                       u/campaign/kernel/core/evaluator_i/Mmux_difference_rs_cy<7>
    SLICE_X4Y16.CIN      net (fanout=1)        0.003   u/campaign/kernel/core/evaluator_i/Mmux_difference_rs_cy<7>
    SLICE_X4Y16.COUT     Tbyp                  0.091   u/campaign/kernel/core/evaluator_i/difference_reg<11>
                                                       u/campaign/kernel/core/evaluator_i/Mmux_difference_rs_cy<11>
    SLICE_X4Y17.CIN      net (fanout=1)        0.003   u/campaign/kernel/core/evaluator_i/Mmux_difference_rs_cy<11>
    SLICE_X4Y17.AMUX     Tcina                 0.210   u/campaign/kernel/core/evaluator_i/difference_reg<15>
                                                       u/campaign/kernel/core/evaluator_i/Mmux_difference_rs_cy<15>
    SLICE_X6Y19.A2       net (fanout=1)        0.955   u/campaign/kernel/core/evaluator_i/difference<12>
    SLICE_X6Y19.CLK      Tas                   0.626   u/campaign/kernel/core/evaluator_i/divisor<15>
                                                       u/campaign/kernel/core/evaluator_i/difference<12>_rt
                                                       u/campaign/kernel/core/evaluator_i/Madd_n0506_cy<15>
                                                       u/campaign/kernel/core/evaluator_i/divisor_14
    -------------------------------------------------  ---------------------------
    Total                                      8.806ns (3.040ns logic, 5.766ns route)
                                                       (34.5% logic, 65.5% route)

--------------------------------------------------------------------------------
Slack:                  1.146ns (requirement - (data path - clock path skew + uncertainty))
  Source:               u/campaign/kernel/core/evaluator_i/objective_1 (FF)
  Destination:          u/campaign/kernel/core/evaluator_i/divisor_14 (FF)
  Requirement:          10.000ns
  Data Path Delay:      8.798ns (Levels of Logic = 9)
  Clock Path Skew:      -0.021ns (0.332 - 0.353)
  Source Clock:         clk_100mhz_BUFGP rising at 0.000ns
  Destination Clock:    clk_100mhz_BUFGP rising at 10.000ns
  Clock Uncertainty:    0.035ns

  Clock Uncertainty:          0.035ns  ((TSJ^2 + TIJ^2)^1/2 + DJ) / 2 + PE
    Total System Jitter (TSJ):  0.070ns
    Total Input Jitter (TIJ):   0.000ns
    Discrete Jitter (DJ):       0.000ns
    Phase Error (PE):           0.000ns

  Maximum Data Path at Slow Process Corner: u/campaign/kernel/core/evaluator_i/objective_1 to u/campaign/kernel/core/evaluator_i/divisor_14
    Location             Delay type         Delay(ns)  Physical Resource
                                                       Logical Resource(s)
    -------------------------------------------------  -------------------
    SLICE_X5Y19.AMUX     Tshcko                0.518   u/campaign/kernel/core/evaluator_i/objective<0>
                                                       u/campaign/kernel/core/evaluator_i/objective_1
    SLICE_X9Y17.B4       net (fanout=59)       1.201   u/campaign/kernel/core/evaluator_i/objective<1>
    SLICE_X9Y17.B        Tilo                  0.259   u/campaign/kernel/core/evaluator_i/obj1<9>
                                                       u/campaign/kernel/core/evaluator_i/obj1<9>1
    SLICE_X6Y13.A2       net (fanout=5)        1.270   u/campaign/kernel/core/evaluator_i/obj1<9>
    SLICE_X6Y13.COUT     Topcya                0.474   u/campaign/kernel/core/evaluator_i/Mcompar_obj1[31]_obj0[31]_LessThan_11_o_cy<7>
                                                       u/campaign/kernel/core/evaluator_i/Mcompar_obj1[31]_obj0[31]_LessThan_11_o_lut<4>
                                                       u/campaign/kernel/core/evaluator_i/Mcompar_obj1[31]_obj0[31]_LessThan_11_o_cy<7>
    SLICE_X6Y14.CIN      net (fanout=1)        0.003   u/campaign/kernel/core/evaluator_i/Mcompar_obj1[31]_obj0[31]_LessThan_11_o_cy<7>
    SLICE_X6Y14.COUT     Tbyp                  0.093   u/campaign/kernel/core/evaluator_i/Mcompar_obj1[31]_obj0[31]_LessThan_11_o_cy<11>
                                                       u/campaign/kernel/core/evaluator_i/Mcompar_obj1[31]_obj0[31]_LessThan_11_o_cy<11>
    SLICE_X6Y15.CIN      net (fanout=1)        0.003   u/campaign/kernel/core/evaluator_i/Mcompar_obj1[31]_obj0[31]_LessThan_11_o_cy<11>
    SLICE_X6Y15.DMUX     Tcind                 0.305   u/campaign/kernel/core/evaluator_i/util0<4>
                                                       u/campaign/kernel/core/evaluator_i/Mcompar_obj1[31]_obj0[31]_LessThan_11_o_cy<15>
    SLICE_X7Y15.C5       net (fanout=17)       0.882   u/campaign/kernel/core/evaluator_i/Mcompar_obj1[31]_obj0[31]_LessThan_11_o_cy<15>
    SLICE_X7Y15.C        Tilo                  0.259   u/campaign/kernel/core/evaluator_i/util1<7>
                                                       u/campaign/kernel/core/evaluator_i/Mmux_difference_A281
    SLICE_X4Y15.BX       net (fanout=1)        1.446   u/campaign/kernel/core/evaluator_i/Mmux_difference_rs_A<5>
    SLICE_X4Y15.COUT     Tbxcy                 0.197   u/campaign/kernel/core/evaluator_i/difference_reg<7>
                                                       u/campaign/kernel/core/evaluator_i/Mmux_difference_rs_cy<7>
    SLICE_X4Y16.CIN      net (fanout=1)        0.003   u/campaign/kernel/core/evaluator_i/Mmux_difference_rs_cy<7>
    SLICE_X4Y16.COUT     Tbyp                  0.091   u/campaign/kernel/core/evaluator_i/difference_reg<11>
                                                       u/campaign/kernel/core/evaluator_i/Mmux_difference_rs_cy<11>
    SLICE_X4Y17.CIN      net (fanout=1)        0.003   u/campaign/kernel/core/evaluator_i/Mmux_difference_rs_cy<11>
    SLICE_X4Y17.AMUX     Tcina                 0.210   u/campaign/kernel/core/evaluator_i/difference_reg<15>
                                                       u/campaign/kernel/core/evaluator_i/Mmux_difference_rs_cy<15>
    SLICE_X6Y19.A2       net (fanout=1)        0.955   u/campaign/kernel/core/evaluator_i/difference<12>
    SLICE_X6Y19.CLK      Tas                   0.626   u/campaign/kernel/core/evaluator_i/divisor<15>
                                                       u/campaign/kernel/core/evaluator_i/difference<12>_rt
                                                       u/campaign/kernel/core/evaluator_i/Madd_n0506_cy<15>
                                                       u/campaign/kernel/core/evaluator_i/divisor_14
    -------------------------------------------------  ---------------------------
    Total                                      8.798ns (3.032ns logic, 5.766ns route)
                                                       (34.5% logic, 65.5% route)

--------------------------------------------------------------------------------
Slack:                  1.154ns (requirement - (data path - clock path skew + uncertainty))
  Source:               u/campaign/kernel/core/evaluator_i/fid1_6 (FF)
  Destination:          u/campaign/kernel/core/evaluator_i/divisor_14 (FF)
  Requirement:          10.000ns
  Data Path Delay:      8.813ns (Levels of Logic = 10)
  Clock Path Skew:      0.002ns (0.332 - 0.330)
  Source Clock:         clk_100mhz_BUFGP rising at 0.000ns
  Destination Clock:    clk_100mhz_BUFGP rising at 10.000ns
  Clock Uncertainty:    0.035ns

  Clock Uncertainty:          0.035ns  ((TSJ^2 + TIJ^2)^1/2 + DJ) / 2 + PE
    Total System Jitter (TSJ):  0.070ns
    Total Input Jitter (TIJ):   0.000ns
    Discrete Jitter (DJ):       0.000ns
    Phase Error (PE):           0.000ns

  Maximum Data Path at Slow Process Corner: u/campaign/kernel/core/evaluator_i/fid1_6 to u/campaign/kernel/core/evaluator_i/divisor_14
    Location             Delay type         Delay(ns)  Physical Resource
                                                       Logical Resource(s)
    -------------------------------------------------  -------------------
    SLICE_X10Y18.BQ      Tcko                  0.525   u/campaign/kernel/core/evaluator_i/fid1<4>
                                                       u/campaign/kernel/core/evaluator_i/fid1_6
    SLICE_X5Y14.B1       net (fanout=1)        1.508   u/campaign/kernel/core/evaluator_i/fid1<6>
    SLICE_X5Y14.B        Tilo                  0.259   u/campaign/kernel/core/evaluator_i/obj1<6>
                                                       u/campaign/kernel/core/evaluator_i/obj1<6>1
    SLICE_X6Y12.D2       net (fanout=5)        1.006   u/campaign/kernel/core/evaluator_i/obj1<6>
    SLICE_X6Y12.COUT     Topcyd                0.343   u/campaign/kernel/core/evaluator_i/Mcompar_obj1[31]_obj0[31]_LessThan_11_o_cy<3>
                                                       u/campaign/kernel/core/evaluator_i/Mcompar_obj1[31]_obj0[31]_LessThan_11_o_lutdi3
                                                       u/campaign/kernel/core/evaluator_i/Mcompar_obj1[31]_obj0[31]_LessThan_11_o_cy<3>
    SLICE_X6Y13.CIN      net (fanout=1)        0.003   u/campaign/kernel/core/evaluator_i/Mcompar_obj1[31]_obj0[31]_LessThan_11_o_cy<3>
    SLICE_X6Y13.COUT     Tbyp                  0.093   u/campaign/kernel/core/evaluator_i/Mcompar_obj1[31]_obj0[31]_LessThan_11_o_cy<7>
                                                       u/campaign/kernel/core/evaluator_i/Mcompar_obj1[31]_obj0[31]_LessThan_11_o_cy<7>
    SLICE_X6Y14.CIN      net (fanout=1)        0.003   u/campaign/kernel/core/evaluator_i/Mcompar_obj1[31]_obj0[31]_LessThan_11_o_cy<7>
    SLICE_X6Y14.COUT     Tbyp                  0.093   u/campaign/kernel/core/evaluator_i/Mcompar_obj1[31]_obj0[31]_LessThan_11_o_cy<11>
                                                       u/campaign/kernel/core/evaluator_i/Mcompar_obj1[31]_obj0[31]_LessThan_11_o_cy<11>
    SLICE_X6Y15.CIN      net (fanout=1)        0.003   u/campaign/kernel/core/evaluator_i/Mcompar_obj1[31]_obj0[31]_LessThan_11_o_cy<11>
    SLICE_X6Y15.DMUX     Tcind                 0.305   u/campaign/kernel/core/evaluator_i/util0<4>
                                                       u/campaign/kernel/core/evaluator_i/Mcompar_obj1[31]_obj0[31]_LessThan_11_o_cy<15>
    SLICE_X7Y15.C5       net (fanout=17)       0.882   u/campaign/kernel/core/evaluator_i/Mcompar_obj1[31]_obj0[31]_LessThan_11_o_cy<15>
    SLICE_X7Y15.C        Tilo                  0.259   u/campaign/kernel/core/evaluator_i/util1<7>
                                                       u/campaign/kernel/core/evaluator_i/Mmux_difference_A281
    SLICE_X4Y15.BX       net (fanout=1)        1.446   u/campaign/kernel/core/evaluator_i/Mmux_difference_rs_A<5>
    SLICE_X4Y15.COUT     Tbxcy                 0.197   u/campaign/kernel/core/evaluator_i/difference_reg<7>
                                                       u/campaign/kernel/core/evaluator_i/Mmux_difference_rs_cy<7>
    SLICE_X4Y16.CIN      net (fanout=1)        0.003   u/campaign/kernel/core/evaluator_i/Mmux_difference_rs_cy<7>
    SLICE_X4Y16.COUT     Tbyp                  0.091   u/campaign/kernel/core/evaluator_i/difference_reg<11>
                                                       u/campaign/kernel/core/evaluator_i/Mmux_difference_rs_cy<11>
    SLICE_X4Y17.CIN      net (fanout=1)        0.003   u/campaign/kernel/core/evaluator_i/Mmux_difference_rs_cy<11>
    SLICE_X4Y17.AMUX     Tcina                 0.210   u/campaign/kernel/core/evaluator_i/difference_reg<15>
                                                       u/campaign/kernel/core/evaluator_i/Mmux_difference_rs_cy<15>
    SLICE_X6Y19.A2       net (fanout=1)        0.955   u/campaign/kernel/core/evaluator_i/difference<12>
    SLICE_X6Y19.CLK      Tas                   0.626   u/campaign/kernel/core/evaluator_i/divisor<15>
                                                       u/campaign/kernel/core/evaluator_i/difference<12>_rt
                                                       u/campaign/kernel/core/evaluator_i/Madd_n0506_cy<15>
                                                       u/campaign/kernel/core/evaluator_i/divisor_14
    -------------------------------------------------  ---------------------------
    Total                                      8.813ns (3.001ns logic, 5.812ns route)
                                                       (34.1% logic, 65.9% route)

--------------------------------------------------------------------------------
Slack:                  1.177ns (requirement - (data path - clock path skew + uncertainty))
  Source:               u/campaign/kernel/core/evaluator_i/cost0_1 (FF)
  Destination:          u/campaign/kernel/core/evaluator_i/divisor_14 (FF)
  Requirement:          10.000ns
  Data Path Delay:      8.775ns (Levels of Logic = 10)
  Clock Path Skew:      -0.013ns (0.452 - 0.465)
  Source Clock:         clk_100mhz_BUFGP rising at 0.000ns
  Destination Clock:    clk_100mhz_BUFGP rising at 10.000ns
  Clock Uncertainty:    0.035ns

  Clock Uncertainty:          0.035ns  ((TSJ^2 + TIJ^2)^1/2 + DJ) / 2 + PE
    Total System Jitter (TSJ):  0.070ns
    Total Input Jitter (TIJ):   0.000ns
    Discrete Jitter (DJ):       0.000ns
    Phase Error (PE):           0.000ns

  Maximum Data Path at Slow Process Corner: u/campaign/kernel/core/evaluator_i/cost0_1 to u/campaign/kernel/core/evaluator_i/divisor_14
    Location             Delay type         Delay(ns)  Physical Resource
                                                       Logical Resource(s)
    -------------------------------------------------  -------------------
    SLICE_X8Y15.BQ       Tcko                  0.476   u/campaign/kernel/core/evaluator_i/cost0<3>
                                                       u/campaign/kernel/core/evaluator_i/cost0_1
    SLICE_X5Y15.D2       net (fanout=4)        1.283   u/campaign/kernel/core/evaluator_i/cost0<1>
    SLICE_X5Y15.D        Tilo                  0.259   u/campaign/kernel/core/evaluator_i/obj0<1>
                                                       u/campaign/kernel/core/evaluator_i/obj0<1>1
    SLICE_X6Y12.A3       net (fanout=4)        1.103   u/campaign/kernel/core/evaluator_i/obj0<1>
    SLICE_X6Y12.COUT     Topcya                0.482   u/campaign/kernel/core/evaluator_i/Mcompar_obj1[31]_obj0[31]_LessThan_11_o_cy<3>
                                                       u/campaign/kernel/core/evaluator_i/Mcompar_obj1[31]_obj0[31]_LessThan_11_o_lutdi
                                                       u/campaign/kernel/core/evaluator_i/Mcompar_obj1[31]_obj0[31]_LessThan_11_o_cy<3>
    SLICE_X6Y13.CIN      net (fanout=1)        0.003   u/campaign/kernel/core/evaluator_i/Mcompar_obj1[31]_obj0[31]_LessThan_11_o_cy<3>
    SLICE_X6Y13.COUT     Tbyp                  0.093   u/campaign/kernel/core/evaluator_i/Mcompar_obj1[31]_obj0[31]_LessThan_11_o_cy<7>
                                                       u/campaign/kernel/core/evaluator_i/Mcompar_obj1[31]_obj0[31]_LessThan_11_o_cy<7>
    SLICE_X6Y14.CIN      net (fanout=1)        0.003   u/campaign/kernel/core/evaluator_i/Mcompar_obj1[31]_obj0[31]_LessThan_11_o_cy<7>
    SLICE_X6Y14.COUT     Tbyp                  0.093   u/campaign/kernel/core/evaluator_i/Mcompar_obj1[31]_obj0[31]_LessThan_11_o_cy<11>
                                                       u/campaign/kernel/core/evaluator_i/Mcompar_obj1[31]_obj0[31]_LessThan_11_o_cy<11>
    SLICE_X6Y15.CIN      net (fanout=1)        0.003   u/campaign/kernel/core/evaluator_i/Mcompar_obj1[31]_obj0[31]_LessThan_11_o_cy<11>
    SLICE_X6Y15.DMUX     Tcind                 0.305   u/campaign/kernel/core/evaluator_i/util0<4>
                                                       u/campaign/kernel/core/evaluator_i/Mcompar_obj1[31]_obj0[31]_LessThan_11_o_cy<15>
    SLICE_X7Y15.C5       net (fanout=17)       0.882   u/campaign/kernel/core/evaluator_i/Mcompar_obj1[31]_obj0[31]_LessThan_11_o_cy<15>
    SLICE_X7Y15.C        Tilo                  0.259   u/campaign/kernel/core/evaluator_i/util1<7>
                                                       u/campaign/kernel/core/evaluator_i/Mmux_difference_A281
    SLICE_X4Y15.BX       net (fanout=1)        1.446   u/campaign/kernel/core/evaluator_i/Mmux_difference_rs_A<5>
    SLICE_X4Y15.COUT     Tbxcy                 0.197   u/campaign/kernel/core/evaluator_i/difference_reg<7>
                                                       u/campaign/kernel/core/evaluator_i/Mmux_difference_rs_cy<7>
    SLICE_X4Y16.CIN      net (fanout=1)        0.003   u/campaign/kernel/core/evaluator_i/Mmux_difference_rs_cy<7>
    SLICE_X4Y16.COUT     Tbyp                  0.091   u/campaign/kernel/core/evaluator_i/difference_reg<11>
                                                       u/campaign/kernel/core/evaluator_i/Mmux_difference_rs_cy<11>
    SLICE_X4Y17.CIN      net (fanout=1)        0.003   u/campaign/kernel/core/evaluator_i/Mmux_difference_rs_cy<11>
    SLICE_X4Y17.AMUX     Tcina                 0.210   u/campaign/kernel/core/evaluator_i/difference_reg<15>
                                                       u/campaign/kernel/core/evaluator_i/Mmux_difference_rs_cy<15>
    SLICE_X6Y19.A2       net (fanout=1)        0.955   u/campaign/kernel/core/evaluator_i/difference<12>
    SLICE_X6Y19.CLK      Tas                   0.626   u/campaign/kernel/core/evaluator_i/divisor<15>
                                                       u/campaign/kernel/core/evaluator_i/difference<12>_rt
                                                       u/campaign/kernel/core/evaluator_i/Madd_n0506_cy<15>
                                                       u/campaign/kernel/core/evaluator_i/divisor_14
    -------------------------------------------------  ---------------------------
    Total                                      8.775ns (3.091ns logic, 5.684ns route)
                                                       (35.2% logic, 64.8% route)

--------------------------------------------------------------------------------

Paths for end point u/campaign/kernel/core/evaluator_i/divisor_17 (SLICE_X6Y20.A2), 5539 paths
--------------------------------------------------------------------------------
Slack:                  0.864ns (requirement - (data path - clock path skew + uncertainty))
  Source:               u/campaign/kernel/core/evaluator_i/objective_0 (FF)
  Destination:          u/campaign/kernel/core/evaluator_i/divisor_17 (FF)
  Requirement:          10.000ns
  Data Path Delay:      9.078ns (Levels of Logic = 11)
  Clock Path Skew:      -0.023ns (0.330 - 0.353)
  Source Clock:         clk_100mhz_BUFGP rising at 0.000ns
  Destination Clock:    clk_100mhz_BUFGP rising at 10.000ns
  Clock Uncertainty:    0.035ns

  Clock Uncertainty:          0.035ns  ((TSJ^2 + TIJ^2)^1/2 + DJ) / 2 + PE
    Total System Jitter (TSJ):  0.070ns
    Total Input Jitter (TIJ):   0.000ns
    Discrete Jitter (DJ):       0.000ns
    Phase Error (PE):           0.000ns

  Maximum Data Path at Slow Process Corner: u/campaign/kernel/core/evaluator_i/objective_0 to u/campaign/kernel/core/evaluator_i/divisor_17
    Location             Delay type         Delay(ns)  Physical Resource
                                                       Logical Resource(s)
    -------------------------------------------------  -------------------
    SLICE_X5Y19.AQ       Tcko                  0.430   u/campaign/kernel/core/evaluator_i/objective<0>
                                                       u/campaign/kernel/core/evaluator_i/objective_0
    SLICE_X9Y14.D3       net (fanout=55)       1.531   u/campaign/kernel/core/evaluator_i/objective<0>
    SLICE_X9Y14.D        Tilo                  0.259   u/campaign/kernel/core/evaluator_i/util1<3>
                                                       u/campaign/kernel/core/evaluator_i/obj1<3>1
    SLICE_X6Y12.B3       net (fanout=5)        1.210   u/campaign/kernel/core/evaluator_i/obj1<3>
    SLICE_X6Y12.COUT     Topcyb                0.483   u/campaign/kernel/core/evaluator_i/Mcompar_obj1[31]_obj0[31]_LessThan_11_o_cy<3>
                                                       u/campaign/kernel/core/evaluator_i/Mcompar_obj1[31]_obj0[31]_LessThan_11_o_lut<1>
                                                       u/campaign/kernel/core/evaluator_i/Mcompar_obj1[31]_obj0[31]_LessThan_11_o_cy<3>
    SLICE_X6Y13.CIN      net (fanout=1)        0.003   u/campaign/kernel/core/evaluator_i/Mcompar_obj1[31]_obj0[31]_LessThan_11_o_cy<3>
    SLICE_X6Y13.COUT     Tbyp                  0.093   u/campaign/kernel/core/evaluator_i/Mcompar_obj1[31]_obj0[31]_LessThan_11_o_cy<7>
                                                       u/campaign/kernel/core/evaluator_i/Mcompar_obj1[31]_obj0[31]_LessThan_11_o_cy<7>
    SLICE_X6Y14.CIN      net (fanout=1)        0.003   u/campaign/kernel/core/evaluator_i/Mcompar_obj1[31]_obj0[31]_LessThan_11_o_cy<7>
    SLICE_X6Y14.COUT     Tbyp                  0.093   u/campaign/kernel/core/evaluator_i/Mcompar_obj1[31]_obj0[31]_LessThan_11_o_cy<11>
                                                       u/campaign/kernel/core/evaluator_i/Mcompar_obj1[31]_obj0[31]_LessThan_11_o_cy<11>
    SLICE_X6Y15.CIN      net (fanout=1)        0.003   u/campaign/kernel/core/evaluator_i/Mcompar_obj1[31]_obj0[31]_LessThan_11_o_cy<11>
    SLICE_X6Y15.DMUX     Tcind                 0.305   u/campaign/kernel/core/evaluator_i/util0<4>
                                                       u/campaign/kernel/core/evaluator_i/Mcompar_obj1[31]_obj0[31]_LessThan_11_o_cy<15>
    SLICE_X7Y15.C5       net (fanout=17)       0.882   u/campaign/kernel/core/evaluator_i/Mcompar_obj1[31]_obj0[31]_LessThan_11_o_cy<15>
    SLICE_X7Y15.C        Tilo                  0.259   u/campaign/kernel/core/evaluator_i/util1<7>
                                                       u/campaign/kernel/core/evaluator_i/Mmux_difference_A281
    SLICE_X4Y15.BX       net (fanout=1)        1.446   u/campaign/kernel/core/evaluator_i/Mmux_difference_rs_A<5>
    SLICE_X4Y15.COUT     Tbxcy                 0.197   u/campaign/kernel/core/evaluator_i/difference_reg<7>
                                                       u/campaign/kernel/core/evaluator_i/Mmux_difference_rs_cy<7>
    SLICE_X4Y16.CIN      net (fanout=1)        0.003   u/campaign/kernel/core/evaluator_i/Mmux_difference_rs_cy<7>
    SLICE_X4Y16.COUT     Tbyp                  0.091   u/campaign/kernel/core/evaluator_i/difference_reg<11>
                                                       u/campaign/kernel/core/evaluator_i/Mmux_difference_rs_cy<11>
    SLICE_X4Y17.CIN      net (fanout=1)        0.003   u/campaign/kernel/core/evaluator_i/Mmux_difference_rs_cy<11>
    SLICE_X4Y17.COUT     Tbyp                  0.091   u/campaign/kernel/core/evaluator_i/difference_reg<15>
                                                       u/campaign/kernel/core/evaluator_i/Mmux_difference_rs_cy<15>
    SLICE_X4Y18.CIN      net (fanout=1)        0.003   u/campaign/kernel/core/evaluator_i/Mmux_difference_rs_cy<15>
    SLICE_X4Y18.AMUX     Tcina                 0.210   u/campaign/kernel/core/evaluator_i/difference_reg<16>
                                                       u/campaign/kernel/core/evaluator_i/Mmux_difference_rs_xor<17>
    SLICE_X6Y20.A2       net (fanout=1)        0.955   u/campaign/kernel/core/evaluator_i/difference<16>
    SLICE_X6Y20.CLK      Tas                   0.525   u/campaign/kernel/core/evaluator_i/divisor<17>
                                                       u/campaign/kernel/core/evaluator_i/difference<16>_rt
                                                       u/campaign/kernel/core/evaluator_i/Madd_n0506_xor<17>
                                                       u/campaign/kernel/core/evaluator_i/divisor_17
    -------------------------------------------------  ---------------------------
    Total                                      9.078ns (3.036ns logic, 6.042ns route)
                                                       (33.4% logic, 66.6% route)

--------------------------------------------------------------------------------
Slack:                  0.926ns (requirement - (data path - clock path skew + uncertainty))
  Source:               u/campaign/kernel/core/evaluator_i/objective_1 (FF)
  Destination:          u/campaign/kernel/core/evaluator_i/divisor_17 (FF)
  Requirement:          10.000ns
  Data Path Delay:      9.016ns (Levels of Logic = 11)
  Clock Path Skew:      -0.023ns (0.330 - 0.353)
  Source Clock:         clk_100mhz_BUFGP rising at 0.000ns
  Destination Clock:    clk_100mhz_BUFGP rising at 10.000ns
  Clock Uncertainty:    0.035ns

  Clock Uncertainty:          0.035ns  ((TSJ^2 + TIJ^2)^1/2 + DJ) / 2 + PE
    Total System Jitter (TSJ):  0.070ns
    Total Input Jitter (TIJ):   0.000ns
    Discrete Jitter (DJ):       0.000ns
    Phase Error (PE):           0.000ns

  Maximum Data Path at Slow Process Corner: u/campaign/kernel/core/evaluator_i/objective_1 to u/campaign/kernel/core/evaluator_i/divisor_17
    Location             Delay type         Delay(ns)  Physical Resource
                                                       Logical Resource(s)
    -------------------------------------------------  -------------------
    SLICE_X5Y19.AMUX     Tshcko                0.518   u/campaign/kernel/core/evaluator_i/objective<0>
                                                       u/campaign/kernel/core/evaluator_i/objective_1
    SLICE_X9Y14.D5       net (fanout=59)       1.381   u/campaign/kernel/core/evaluator_i/objective<1>
    SLICE_X9Y14.D        Tilo                  0.259   u/campaign/kernel/core/evaluator_i/util1<3>
                                                       u/campaign/kernel/core/evaluator_i/obj1<3>1
    SLICE_X6Y12.B3       net (fanout=5)        1.210   u/campaign/kernel/core/evaluator_i/obj1<3>
    SLICE_X6Y12.COUT     Topcyb                0.483   u/campaign/kernel/core/evaluator_i/Mcompar_obj1[31]_obj0[31]_LessThan_11_o_cy<3>
                                                       u/campaign/kernel/core/evaluator_i/Mcompar_obj1[31]_obj0[31]_LessThan_11_o_lut<1>
                                                       u/campaign/kernel/core/evaluator_i/Mcompar_obj1[31]_obj0[31]_LessThan_11_o_cy<3>
    SLICE_X6Y13.CIN      net (fanout=1)        0.003   u/campaign/kernel/core/evaluator_i/Mcompar_obj1[31]_obj0[31]_LessThan_11_o_cy<3>
    SLICE_X6Y13.COUT     Tbyp                  0.093   u/campaign/kernel/core/evaluator_i/Mcompar_obj1[31]_obj0[31]_LessThan_11_o_cy<7>
                                                       u/campaign/kernel/core/evaluator_i/Mcompar_obj1[31]_obj0[31]_LessThan_11_o_cy<7>
    SLICE_X6Y14.CIN      net (fanout=1)        0.003   u/campaign/kernel/core/evaluator_i/Mcompar_obj1[31]_obj0[31]_LessThan_11_o_cy<7>
    SLICE_X6Y14.COUT     Tbyp                  0.093   u/campaign/kernel/core/evaluator_i/Mcompar_obj1[31]_obj0[31]_LessThan_11_o_cy<11>
                                                       u/campaign/kernel/core/evaluator_i/Mcompar_obj1[31]_obj0[31]_LessThan_11_o_cy<11>
    SLICE_X6Y15.CIN      net (fanout=1)        0.003   u/campaign/kernel/core/evaluator_i/Mcompar_obj1[31]_obj0[31]_LessThan_11_o_cy<11>
    SLICE_X6Y15.DMUX     Tcind                 0.305   u/campaign/kernel/core/evaluator_i/util0<4>
                                                       u/campaign/kernel/core/evaluator_i/Mcompar_obj1[31]_obj0[31]_LessThan_11_o_cy<15>
    SLICE_X7Y15.C5       net (fanout=17)       0.882   u/campaign/kernel/core/evaluator_i/Mcompar_obj1[31]_obj0[31]_LessThan_11_o_cy<15>
    SLICE_X7Y15.C        Tilo                  0.259   u/campaign/kernel/core/evaluator_i/util1<7>
                                                       u/campaign/kernel/core/evaluator_i/Mmux_difference_A281
    SLICE_X4Y15.BX       net (fanout=1)        1.446   u/campaign/kernel/core/evaluator_i/Mmux_difference_rs_A<5>
    SLICE_X4Y15.COUT     Tbxcy                 0.197   u/campaign/kernel/core/evaluator_i/difference_reg<7>
                                                       u/campaign/kernel/core/evaluator_i/Mmux_difference_rs_cy<7>
    SLICE_X4Y16.CIN      net (fanout=1)        0.003   u/campaign/kernel/core/evaluator_i/Mmux_difference_rs_cy<7>
    SLICE_X4Y16.COUT     Tbyp                  0.091   u/campaign/kernel/core/evaluator_i/difference_reg<11>
                                                       u/campaign/kernel/core/evaluator_i/Mmux_difference_rs_cy<11>
    SLICE_X4Y17.CIN      net (fanout=1)        0.003   u/campaign/kernel/core/evaluator_i/Mmux_difference_rs_cy<11>
    SLICE_X4Y17.COUT     Tbyp                  0.091   u/campaign/kernel/core/evaluator_i/difference_reg<15>
                                                       u/campaign/kernel/core/evaluator_i/Mmux_difference_rs_cy<15>
    SLICE_X4Y18.CIN      net (fanout=1)        0.003   u/campaign/kernel/core/evaluator_i/Mmux_difference_rs_cy<15>
    SLICE_X4Y18.AMUX     Tcina                 0.210   u/campaign/kernel/core/evaluator_i/difference_reg<16>
                                                       u/campaign/kernel/core/evaluator_i/Mmux_difference_rs_xor<17>
    SLICE_X6Y20.A2       net (fanout=1)        0.955   u/campaign/kernel/core/evaluator_i/difference<16>
    SLICE_X6Y20.CLK      Tas                   0.525   u/campaign/kernel/core/evaluator_i/divisor<17>
                                                       u/campaign/kernel/core/evaluator_i/difference<16>_rt
                                                       u/campaign/kernel/core/evaluator_i/Madd_n0506_xor<17>
                                                       u/campaign/kernel/core/evaluator_i/divisor_17
    -------------------------------------------------  ---------------------------
    Total                                      9.016ns (3.124ns logic, 5.892ns route)
                                                       (34.6% logic, 65.4% route)

--------------------------------------------------------------------------------
Slack:                  0.957ns (requirement - (data path - clock path skew + uncertainty))
  Source:               u/campaign/kernel/core/evaluator_i/objective_0 (FF)
  Destination:          u/campaign/kernel/core/evaluator_i/divisor_17 (FF)
  Requirement:          10.000ns
  Data Path Delay:      8.985ns (Levels of Logic = 11)
  Clock Path Skew:      -0.023ns (0.330 - 0.353)
  Source Clock:         clk_100mhz_BUFGP rising at 0.000ns
  Destination Clock:    clk_100mhz_BUFGP rising at 10.000ns
  Clock Uncertainty:    0.035ns

  Clock Uncertainty:          0.035ns  ((TSJ^2 + TIJ^2)^1/2 + DJ) / 2 + PE
    Total System Jitter (TSJ):  0.070ns
    Total Input Jitter (TIJ):   0.000ns
    Discrete Jitter (DJ):       0.000ns
    Phase Error (PE):           0.000ns

  Maximum Data Path at Slow Process Corner: u/campaign/kernel/core/evaluator_i/objective_0 to u/campaign/kernel/core/evaluator_i/divisor_17
    Location             Delay type         Delay(ns)  Physical Resource
                                                       Logical Resource(s)
    -------------------------------------------------  -------------------
    SLICE_X5Y19.AQ       Tcko                  0.430   u/campaign/kernel/core/evaluator_i/objective<0>
                                                       u/campaign/kernel/core/evaluator_i/objective_0
    SLICE_X9Y14.D3       net (fanout=55)       1.531   u/campaign/kernel/core/evaluator_i/objective<0>
    SLICE_X9Y14.D        Tilo                  0.259   u/campaign/kernel/core/evaluator_i/util1<3>
                                                       u/campaign/kernel/core/evaluator_i/obj1<3>1
    SLICE_X6Y12.B3       net (fanout=5)        1.210   u/campaign/kernel/core/evaluator_i/obj1<3>
    SLICE_X6Y12.COUT     Topcyb                0.390   u/campaign/kernel/core/evaluator_i/Mcompar_obj1[31]_obj0[31]_LessThan_11_o_cy<3>
                                                       u/campaign/kernel/core/evaluator_i/Mcompar_obj1[31]_obj0[31]_LessThan_11_o_lutdi1
                                                       u/campaign/kernel/core/evaluator_i/Mcompar_obj1[31]_obj0[31]_LessThan_11_o_cy<3>
    SLICE_X6Y13.CIN      net (fanout=1)        0.003   u/campaign/kernel/core/evaluator_i/Mcompar_obj1[31]_obj0[31]_LessThan_11_o_cy<3>
    SLICE_X6Y13.COUT     Tbyp                  0.093   u/campaign/kernel/core/evaluator_i/Mcompar_obj1[31]_obj0[31]_LessThan_11_o_cy<7>
                                                       u/campaign/kernel/core/evaluator_i/Mcompar_obj1[31]_obj0[31]_LessThan_11_o_cy<7>
    SLICE_X6Y14.CIN      net (fanout=1)        0.003   u/campaign/kernel/core/evaluator_i/Mcompar_obj1[31]_obj0[31]_LessThan_11_o_cy<7>
    SLICE_X6Y14.COUT     Tbyp                  0.093   u/campaign/kernel/core/evaluator_i/Mcompar_obj1[31]_obj0[31]_LessThan_11_o_cy<11>
                                                       u/campaign/kernel/core/evaluator_i/Mcompar_obj1[31]_obj0[31]_LessThan_11_o_cy<11>
    SLICE_X6Y15.CIN      net (fanout=1)        0.003   u/campaign/kernel/core/evaluator_i/Mcompar_obj1[31]_obj0[31]_LessThan_11_o_cy<11>
    SLICE_X6Y15.DMUX     Tcind                 0.305   u/campaign/kernel/core/evaluator_i/util0<4>
                                                       u/campaign/kernel/core/evaluator_i/Mcompar_obj1[31]_obj0[31]_LessThan_11_o_cy<15>
    SLICE_X7Y15.C5       net (fanout=17)       0.882   u/campaign/kernel/core/evaluator_i/Mcompar_obj1[31]_obj0[31]_LessThan_11_o_cy<15>
    SLICE_X7Y15.C        Tilo                  0.259   u/campaign/kernel/core/evaluator_i/util1<7>
                                                       u/campaign/kernel/core/evaluator_i/Mmux_difference_A281
    SLICE_X4Y15.BX       net (fanout=1)        1.446   u/campaign/kernel/core/evaluator_i/Mmux_difference_rs_A<5>
    SLICE_X4Y15.COUT     Tbxcy                 0.197   u/campaign/kernel/core/evaluator_i/difference_reg<7>
                                                       u/campaign/kernel/core/evaluator_i/Mmux_difference_rs_cy<7>
    SLICE_X4Y16.CIN      net (fanout=1)        0.003   u/campaign/kernel/core/evaluator_i/Mmux_difference_rs_cy<7>
    SLICE_X4Y16.COUT     Tbyp                  0.091   u/campaign/kernel/core/evaluator_i/difference_reg<11>
                                                       u/campaign/kernel/core/evaluator_i/Mmux_difference_rs_cy<11>
    SLICE_X4Y17.CIN      net (fanout=1)        0.003   u/campaign/kernel/core/evaluator_i/Mmux_difference_rs_cy<11>
    SLICE_X4Y17.COUT     Tbyp                  0.091   u/campaign/kernel/core/evaluator_i/difference_reg<15>
                                                       u/campaign/kernel/core/evaluator_i/Mmux_difference_rs_cy<15>
    SLICE_X4Y18.CIN      net (fanout=1)        0.003   u/campaign/kernel/core/evaluator_i/Mmux_difference_rs_cy<15>
    SLICE_X4Y18.AMUX     Tcina                 0.210   u/campaign/kernel/core/evaluator_i/difference_reg<16>
                                                       u/campaign/kernel/core/evaluator_i/Mmux_difference_rs_xor<17>
    SLICE_X6Y20.A2       net (fanout=1)        0.955   u/campaign/kernel/core/evaluator_i/difference<16>
    SLICE_X6Y20.CLK      Tas                   0.525   u/campaign/kernel/core/evaluator_i/divisor<17>
                                                       u/campaign/kernel/core/evaluator_i/difference<16>_rt
                                                       u/campaign/kernel/core/evaluator_i/Madd_n0506_xor<17>
                                                       u/campaign/kernel/core/evaluator_i/divisor_17
    -------------------------------------------------  ---------------------------
    Total                                      8.985ns (2.943ns logic, 6.042ns route)
                                                       (32.8% logic, 67.2% route)

--------------------------------------------------------------------------------
Slack:                  1.019ns (requirement - (data path - clock path skew + uncertainty))
  Source:               u/campaign/kernel/core/evaluator_i/objective_1 (FF)
  Destination:          u/campaign/kernel/core/evaluator_i/divisor_17 (FF)
  Requirement:          10.000ns
  Data Path Delay:      8.923ns (Levels of Logic = 11)
  Clock Path Skew:      -0.023ns (0.330 - 0.353)
  Source Clock:         clk_100mhz_BUFGP rising at 0.000ns
  Destination Clock:    clk_100mhz_BUFGP rising at 10.000ns
  Clock Uncertainty:    0.035ns

  Clock Uncertainty:          0.035ns  ((TSJ^2 + TIJ^2)^1/2 + DJ) / 2 + PE
    Total System Jitter (TSJ):  0.070ns
    Total Input Jitter (TIJ):   0.000ns
    Discrete Jitter (DJ):       0.000ns
    Phase Error (PE):           0.000ns

  Maximum Data Path at Slow Process Corner: u/campaign/kernel/core/evaluator_i/objective_1 to u/campaign/kernel/core/evaluator_i/divisor_17
    Location             Delay type         Delay(ns)  Physical Resource
                                                       Logical Resource(s)
    -------------------------------------------------  -------------------
    SLICE_X5Y19.AMUX     Tshcko                0.518   u/campaign/kernel/core/evaluator_i/objective<0>
                                                       u/campaign/kernel/core/evaluator_i/objective_1
    SLICE_X9Y14.D5       net (fanout=59)       1.381   u/campaign/kernel/core/evaluator_i/objective<1>
    SLICE_X9Y14.D        Tilo                  0.259   u/campaign/kernel/core/evaluator_i/util1<3>
                                                       u/campaign/kernel/core/evaluator_i/obj1<3>1
    SLICE_X6Y12.B3       net (fanout=5)        1.210   u/campaign/kernel/core/evaluator_i/obj1<3>
    SLICE_X6Y12.COUT     Topcyb                0.390   u/campaign/kernel/core/evaluator_i/Mcompar_obj1[31]_obj0[31]_LessThan_11_o_cy<3>
                                                       u/campaign/kernel/core/evaluator_i/Mcompar_obj1[31]_obj0[31]_LessThan_11_o_lutdi1
                                                       u/campaign/kernel/core/evaluator_i/Mcompar_obj1[31]_obj0[31]_LessThan_11_o_cy<3>
    SLICE_X6Y13.CIN      net (fanout=1)        0.003   u/campaign/kernel/core/evaluator_i/Mcompar_obj1[31]_obj0[31]_LessThan_11_o_cy<3>
    SLICE_X6Y13.COUT     Tbyp                  0.093   u/campaign/kernel/core/evaluator_i/Mcompar_obj1[31]_obj0[31]_LessThan_11_o_cy<7>
                                                       u/campaign/kernel/core/evaluator_i/Mcompar_obj1[31]_obj0[31]_LessThan_11_o_cy<7>
    SLICE_X6Y14.CIN      net (fanout=1)        0.003   u/campaign/kernel/core/evaluator_i/Mcompar_obj1[31]_obj0[31]_LessThan_11_o_cy<7>
    SLICE_X6Y14.COUT     Tbyp                  0.093   u/campaign/kernel/core/evaluator_i/Mcompar_obj1[31]_obj0[31]_LessThan_11_o_cy<11>
                                                       u/campaign/kernel/core/evaluator_i/Mcompar_obj1[31]_obj0[31]_LessThan_11_o_cy<11>
    SLICE_X6Y15.CIN      net (fanout=1)        0.003   u/campaign/kernel/core/evaluator_i/Mcompar_obj1[31]_obj0[31]_LessThan_11_o_cy<11>
    SLICE_X6Y15.DMUX     Tcind                 0.305   u/campaign/kernel/core/evaluator_i/util0<4>
                                                       u/campaign/kernel/core/evaluator_i/Mcompar_obj1[31]_obj0[31]_LessThan_11_o_cy<15>
    SLICE_X7Y15.C5       net (fanout=17)       0.882   u/campaign/kernel/core/evaluator_i/Mcompar_obj1[31]_obj0[31]_LessThan_11_o_cy<15>
    SLICE_X7Y15.C        Tilo                  0.259   u/campaign/kernel/core/evaluator_i/util1<7>
                                                       u/campaign/kernel/core/evaluator_i/Mmux_difference_A281
    SLICE_X4Y15.BX       net (fanout=1)        1.446   u/campaign/kernel/core/evaluator_i/Mmux_difference_rs_A<5>
    SLICE_X4Y15.COUT     Tbxcy                 0.197   u/campaign/kernel/core/evaluator_i/difference_reg<7>
                                                       u/campaign/kernel/core/evaluator_i/Mmux_difference_rs_cy<7>
    SLICE_X4Y16.CIN      net (fanout=1)        0.003   u/campaign/kernel/core/evaluator_i/Mmux_difference_rs_cy<7>
    SLICE_X4Y16.COUT     Tbyp                  0.091   u/campaign/kernel/core/evaluator_i/difference_reg<11>
                                                       u/campaign/kernel/core/evaluator_i/Mmux_difference_rs_cy<11>
    SLICE_X4Y17.CIN      net (fanout=1)        0.003   u/campaign/kernel/core/evaluator_i/Mmux_difference_rs_cy<11>
    SLICE_X4Y17.COUT     Tbyp                  0.091   u/campaign/kernel/core/evaluator_i/difference_reg<15>
                                                       u/campaign/kernel/core/evaluator_i/Mmux_difference_rs_cy<15>
    SLICE_X4Y18.CIN      net (fanout=1)        0.003   u/campaign/kernel/core/evaluator_i/Mmux_difference_rs_cy<15>
    SLICE_X4Y18.AMUX     Tcina                 0.210   u/campaign/kernel/core/evaluator_i/difference_reg<16>
                                                       u/campaign/kernel/core/evaluator_i/Mmux_difference_rs_xor<17>
    SLICE_X6Y20.A2       net (fanout=1)        0.955   u/campaign/kernel/core/evaluator_i/difference<16>
    SLICE_X6Y20.CLK      Tas                   0.525   u/campaign/kernel/core/evaluator_i/divisor<17>
                                                       u/campaign/kernel/core/evaluator_i/difference<16>_rt
                                                       u/campaign/kernel/core/evaluator_i/Madd_n0506_xor<17>
                                                       u/campaign/kernel/core/evaluator_i/divisor_17
    -------------------------------------------------  ---------------------------
    Total                                      8.923ns (3.031ns logic, 5.892ns route)
                                                       (34.0% logic, 66.0% route)

--------------------------------------------------------------------------------
Slack:                  1.133ns (requirement - (data path - clock path skew + uncertainty))
  Source:               u/campaign/kernel/core/evaluator_i/objective_1 (FF)
  Destination:          u/campaign/kernel/core/evaluator_i/divisor_17 (FF)
  Requirement:          10.000ns
  Data Path Delay:      8.809ns (Levels of Logic = 10)
  Clock Path Skew:      -0.023ns (0.330 - 0.353)
  Source Clock:         clk_100mhz_BUFGP rising at 0.000ns
  Destination Clock:    clk_100mhz_BUFGP rising at 10.000ns
  Clock Uncertainty:    0.035ns

  Clock Uncertainty:          0.035ns  ((TSJ^2 + TIJ^2)^1/2 + DJ) / 2 + PE
    Total System Jitter (TSJ):  0.070ns
    Total Input Jitter (TIJ):   0.000ns
    Discrete Jitter (DJ):       0.000ns
    Phase Error (PE):           0.000ns

  Maximum Data Path at Slow Process Corner: u/campaign/kernel/core/evaluator_i/objective_1 to u/campaign/kernel/core/evaluator_i/divisor_17
    Location             Delay type         Delay(ns)  Physical Resource
                                                       Logical Resource(s)
    -------------------------------------------------  -------------------
    SLICE_X5Y19.AMUX     Tshcko                0.518   u/campaign/kernel/core/evaluator_i/objective<0>
                                                       u/campaign/kernel/core/evaluator_i/objective_1
    SLICE_X11Y17.A4      net (fanout=59)       1.191   u/campaign/kernel/core/evaluator_i/objective<1>
    SLICE_X11Y17.A       Tilo                  0.259   u/campaign/kernel/core/evaluator_i/fid0<7>
                                                       u/campaign/kernel/core/evaluator_i/obj0<9>1
    SLICE_X6Y13.A1       net (fanout=4)        1.290   u/campaign/kernel/core/evaluator_i/obj0<9>
    SLICE_X6Y13.COUT     Topcya                0.482   u/campaign/kernel/core/evaluator_i/Mcompar_obj1[31]_obj0[31]_LessThan_11_o_cy<7>
                                                       u/campaign/kernel/core/evaluator_i/Mcompar_obj1[31]_obj0[31]_LessThan_11_o_lutdi4
                                                       u/campaign/kernel/core/evaluator_i/Mcompar_obj1[31]_obj0[31]_LessThan_11_o_cy<7>
    SLICE_X6Y14.CIN      net (fanout=1)        0.003   u/campaign/kernel/core/evaluator_i/Mcompar_obj1[31]_obj0[31]_LessThan_11_o_cy<7>
    SLICE_X6Y14.COUT     Tbyp                  0.093   u/campaign/kernel/core/evaluator_i/Mcompar_obj1[31]_obj0[31]_LessThan_11_o_cy<11>
                                                       u/campaign/kernel/core/evaluator_i/Mcompar_obj1[31]_obj0[31]_LessThan_11_o_cy<11>
    SLICE_X6Y15.CIN      net (fanout=1)        0.003   u/campaign/kernel/core/evaluator_i/Mcompar_obj1[31]_obj0[31]_LessThan_11_o_cy<11>
    SLICE_X6Y15.DMUX     Tcind                 0.305   u/campaign/kernel/core/evaluator_i/util0<4>
                                                       u/campaign/kernel/core/evaluator_i/Mcompar_obj1[31]_obj0[31]_LessThan_11_o_cy<15>
    SLICE_X7Y15.C5       net (fanout=17)       0.882   u/campaign/kernel/core/evaluator_i/Mcompar_obj1[31]_obj0[31]_LessThan_11_o_cy<15>
    SLICE_X7Y15.C        Tilo                  0.259   u/campaign/kernel/core/evaluator_i/util1<7>
                                                       u/campaign/kernel/core/evaluator_i/Mmux_difference_A281
    SLICE_X4Y15.BX       net (fanout=1)        1.446   u/campaign/kernel/core/evaluator_i/Mmux_difference_rs_A<5>
    SLICE_X4Y15.COUT     Tbxcy                 0.197   u/campaign/kernel/core/evaluator_i/difference_reg<7>
                                                       u/campaign/kernel/core/evaluator_i/Mmux_difference_rs_cy<7>
    SLICE_X4Y16.CIN      net (fanout=1)        0.003   u/campaign/kernel/core/evaluator_i/Mmux_difference_rs_cy<7>
    SLICE_X4Y16.COUT     Tbyp                  0.091   u/campaign/kernel/core/evaluator_i/difference_reg<11>
                                                       u/campaign/kernel/core/evaluator_i/Mmux_difference_rs_cy<11>
    SLICE_X4Y17.CIN      net (fanout=1)        0.003   u/campaign/kernel/core/evaluator_i/Mmux_difference_rs_cy<11>
    SLICE_X4Y17.COUT     Tbyp                  0.091   u/campaign/kernel/core/evaluator_i/difference_reg<15>
                                                       u/campaign/kernel/core/evaluator_i/Mmux_difference_rs_cy<15>
    SLICE_X4Y18.CIN      net (fanout=1)        0.003   u/campaign/kernel/core/evaluator_i/Mmux_difference_rs_cy<15>
    SLICE_X4Y18.AMUX     Tcina                 0.210   u/campaign/kernel/core/evaluator_i/difference_reg<16>
                                                       u/campaign/kernel/core/evaluator_i/Mmux_difference_rs_xor<17>
    SLICE_X6Y20.A2       net (fanout=1)        0.955   u/campaign/kernel/core/evaluator_i/difference<16>
    SLICE_X6Y20.CLK      Tas                   0.525   u/campaign/kernel/core/evaluator_i/divisor<17>
                                                       u/campaign/kernel/core/evaluator_i/difference<16>_rt
                                                       u/campaign/kernel/core/evaluator_i/Madd_n0506_xor<17>
                                                       u/campaign/kernel/core/evaluator_i/divisor_17
    -------------------------------------------------  ---------------------------
    Total                                      8.809ns (3.030ns logic, 5.779ns route)
                                                       (34.4% logic, 65.6% route)

--------------------------------------------------------------------------------
Slack:                  1.141ns (requirement - (data path - clock path skew + uncertainty))
  Source:               u/campaign/kernel/core/evaluator_i/objective_1 (FF)
  Destination:          u/campaign/kernel/core/evaluator_i/divisor_17 (FF)
  Requirement:          10.000ns
  Data Path Delay:      8.801ns (Levels of Logic = 10)
  Clock Path Skew:      -0.023ns (0.330 - 0.353)
  Source Clock:         clk_100mhz_BUFGP rising at 0.000ns
  Destination Clock:    clk_100mhz_BUFGP rising at 10.000ns
  Clock Uncertainty:    0.035ns

  Clock Uncertainty:          0.035ns  ((TSJ^2 + TIJ^2)^1/2 + DJ) / 2 + PE
    Total System Jitter (TSJ):  0.070ns
    Total Input Jitter (TIJ):   0.000ns
    Discrete Jitter (DJ):       0.000ns
    Phase Error (PE):           0.000ns

  Maximum Data Path at Slow Process Corner: u/campaign/kernel/core/evaluator_i/objective_1 to u/campaign/kernel/core/evaluator_i/divisor_17
    Location             Delay type         Delay(ns)  Physical Resource
                                                       Logical Resource(s)
    -------------------------------------------------  -------------------
    SLICE_X5Y19.AMUX     Tshcko                0.518   u/campaign/kernel/core/evaluator_i/objective<0>
                                                       u/campaign/kernel/core/evaluator_i/objective_1
    SLICE_X11Y17.A4      net (fanout=59)       1.191   u/campaign/kernel/core/evaluator_i/objective<1>
    SLICE_X11Y17.A       Tilo                  0.259   u/campaign/kernel/core/evaluator_i/fid0<7>
                                                       u/campaign/kernel/core/evaluator_i/obj0<9>1
    SLICE_X6Y13.A1       net (fanout=4)        1.290   u/campaign/kernel/core/evaluator_i/obj0<9>
    SLICE_X6Y13.COUT     Topcya                0.474   u/campaign/kernel/core/evaluator_i/Mcompar_obj1[31]_obj0[31]_LessThan_11_o_cy<7>
                                                       u/campaign/kernel/core/evaluator_i/Mcompar_obj1[31]_obj0[31]_LessThan_11_o_lut<4>
                                                       u/campaign/kernel/core/evaluator_i/Mcompar_obj1[31]_obj0[31]_LessThan_11_o_cy<7>
    SLICE_X6Y14.CIN      net (fanout=1)        0.003   u/campaign/kernel/core/evaluator_i/Mcompar_obj1[31]_obj0[31]_LessThan_11_o_cy<7>
    SLICE_X6Y14.COUT     Tbyp                  0.093   u/campaign/kernel/core/evaluator_i/Mcompar_obj1[31]_obj0[31]_LessThan_11_o_cy<11>
                                                       u/campaign/kernel/core/evaluator_i/Mcompar_obj1[31]_obj0[31]_LessThan_11_o_cy<11>
    SLICE_X6Y15.CIN      net (fanout=1)        0.003   u/campaign/kernel/core/evaluator_i/Mcompar_obj1[31]_obj0[31]_LessThan_11_o_cy<11>
    SLICE_X6Y15.DMUX     Tcind                 0.305   u/campaign/kernel/core/evaluator_i/util0<4>
                                                       u/campaign/kernel/core/evaluator_i/Mcompar_obj1[31]_obj0[31]_LessThan_11_o_cy<15>
    SLICE_X7Y15.C5       net (fanout=17)       0.882   u/campaign/kernel/core/evaluator_i/Mcompar_obj1[31]_obj0[31]_LessThan_11_o_cy<15>
    SLICE_X7Y15.C        Tilo                  0.259   u/campaign/kernel/core/evaluator_i/util1<7>
                                                       u/campaign/kernel/core/evaluator_i/Mmux_difference_A281
    SLICE_X4Y15.BX       net (fanout=1)        1.446   u/campaign/kernel/core/evaluator_i/Mmux_difference_rs_A<5>
    SLICE_X4Y15.COUT     Tbxcy                 0.197   u/campaign/kernel/core/evaluator_i/difference_reg<7>
                                                       u/campaign/kernel/core/evaluator_i/Mmux_difference_rs_cy<7>
    SLICE_X4Y16.CIN      net (fanout=1)        0.003   u/campaign/kernel/core/evaluator_i/Mmux_difference_rs_cy<7>
    SLICE_X4Y16.COUT     Tbyp                  0.091   u/campaign/kernel/core/evaluator_i/difference_reg<11>
                                                       u/campaign/kernel/core/evaluator_i/Mmux_difference_rs_cy<11>
    SLICE_X4Y17.CIN      net (fanout=1)        0.003   u/campaign/kernel/core/evaluator_i/Mmux_difference_rs_cy<11>
    SLICE_X4Y17.COUT     Tbyp                  0.091   u/campaign/kernel/core/evaluator_i/difference_reg<15>
                                                       u/campaign/kernel/core/evaluator_i/Mmux_difference_rs_cy<15>
    SLICE_X4Y18.CIN      net (fanout=1)        0.003   u/campaign/kernel/core/evaluator_i/Mmux_difference_rs_cy<15>
    SLICE_X4Y18.AMUX     Tcina                 0.210   u/campaign/kernel/core/evaluator_i/difference_reg<16>
                                                       u/campaign/kernel/core/evaluator_i/Mmux_difference_rs_xor<17>
    SLICE_X6Y20.A2       net (fanout=1)        0.955   u/campaign/kernel/core/evaluator_i/difference<16>
    SLICE_X6Y20.CLK      Tas                   0.525   u/campaign/kernel/core/evaluator_i/divisor<17>
                                                       u/campaign/kernel/core/evaluator_i/difference<16>_rt
                                                       u/campaign/kernel/core/evaluator_i/Madd_n0506_xor<17>
                                                       u/campaign/kernel/core/evaluator_i/divisor_17
    -------------------------------------------------  ---------------------------
    Total                                      8.801ns (3.022ns logic, 5.779ns route)
                                                       (34.3% logic, 65.7% route)

--------------------------------------------------------------------------------
Slack:                  1.143ns (requirement - (data path - clock path skew + uncertainty))
  Source:               u/campaign/kernel/core/evaluator_i/objective_1 (FF)
  Destination:          u/campaign/kernel/core/evaluator_i/divisor_17 (FF)
  Requirement:          10.000ns
  Data Path Delay:      8.799ns (Levels of Logic = 10)
  Clock Path Skew:      -0.023ns (0.330 - 0.353)
  Source Clock:         clk_100mhz_BUFGP rising at 0.000ns
  Destination Clock:    clk_100mhz_BUFGP rising at 10.000ns
  Clock Uncertainty:    0.035ns

  Clock Uncertainty:          0.035ns  ((TSJ^2 + TIJ^2)^1/2 + DJ) / 2 + PE
    Total System Jitter (TSJ):  0.070ns
    Total Input Jitter (TIJ):   0.000ns
    Discrete Jitter (DJ):       0.000ns
    Phase Error (PE):           0.000ns

  Maximum Data Path at Slow Process Corner: u/campaign/kernel/core/evaluator_i/objective_1 to u/campaign/kernel/core/evaluator_i/divisor_17
    Location             Delay type         Delay(ns)  Physical Resource
                                                       Logical Resource(s)
    -------------------------------------------------  -------------------
    SLICE_X5Y19.AMUX     Tshcko                0.518   u/campaign/kernel/core/evaluator_i/objective<0>
                                                       u/campaign/kernel/core/evaluator_i/objective_1
    SLICE_X9Y17.B4       net (fanout=59)       1.201   u/campaign/kernel/core/evaluator_i/objective<1>
    SLICE_X9Y17.B        Tilo                  0.259   u/campaign/kernel/core/evaluator_i/obj1<9>
                                                       u/campaign/kernel/core/evaluator_i/obj1<9>1
    SLICE_X6Y13.A2       net (fanout=5)        1.270   u/campaign/kernel/core/evaluator_i/obj1<9>
    SLICE_X6Y13.COUT     Topcya                0.482   u/campaign/kernel/core/evaluator_i/Mcompar_obj1[31]_obj0[31]_LessThan_11_o_cy<7>
                                                       u/campaign/kernel/core/evaluator_i/Mcompar_obj1[31]_obj0[31]_LessThan_11_o_lutdi4
                                                       u/campaign/kernel/core/evaluator_i/Mcompar_obj1[31]_obj0[31]_LessThan_11_o_cy<7>
    SLICE_X6Y14.CIN      net (fanout=1)        0.003   u/campaign/kernel/core/evaluator_i/Mcompar_obj1[31]_obj0[31]_LessThan_11_o_cy<7>
    SLICE_X6Y14.COUT     Tbyp                  0.093   u/campaign/kernel/core/evaluator_i/Mcompar_obj1[31]_obj0[31]_LessThan_11_o_cy<11>
                                                       u/campaign/kernel/core/evaluator_i/Mcompar_obj1[31]_obj0[31]_LessThan_11_o_cy<11>
    SLICE_X6Y15.CIN      net (fanout=1)        0.003   u/campaign/kernel/core/evaluator_i/Mcompar_obj1[31]_obj0[31]_LessThan_11_o_cy<11>
    SLICE_X6Y15.DMUX     Tcind                 0.305   u/campaign/kernel/core/evaluator_i/util0<4>
                                                       u/campaign/kernel/core/evaluator_i/Mcompar_obj1[31]_obj0[31]_LessThan_11_o_cy<15>
    SLICE_X7Y15.C5       net (fanout=17)       0.882   u/campaign/kernel/core/evaluator_i/Mcompar_obj1[31]_obj0[31]_LessThan_11_o_cy<15>
    SLICE_X7Y15.C        Tilo                  0.259   u/campaign/kernel/core/evaluator_i/util1<7>
                                                       u/campaign/kernel/core/evaluator_i/Mmux_difference_A281
    SLICE_X4Y15.BX       net (fanout=1)        1.446   u/campaign/kernel/core/evaluator_i/Mmux_difference_rs_A<5>
    SLICE_X4Y15.COUT     Tbxcy                 0.197   u/campaign/kernel/core/evaluator_i/difference_reg<7>
                                                       u/campaign/kernel/core/evaluator_i/Mmux_difference_rs_cy<7>
    SLICE_X4Y16.CIN      net (fanout=1)        0.003   u/campaign/kernel/core/evaluator_i/Mmux_difference_rs_cy<7>
    SLICE_X4Y16.COUT     Tbyp                  0.091   u/campaign/kernel/core/evaluator_i/difference_reg<11>
                                                       u/campaign/kernel/core/evaluator_i/Mmux_difference_rs_cy<11>
    SLICE_X4Y17.CIN      net (fanout=1)        0.003   u/campaign/kernel/core/evaluator_i/Mmux_difference_rs_cy<11>
    SLICE_X4Y17.COUT     Tbyp                  0.091   u/campaign/kernel/core/evaluator_i/difference_reg<15>
                                                       u/campaign/kernel/core/evaluator_i/Mmux_difference_rs_cy<15>
    SLICE_X4Y18.CIN      net (fanout=1)        0.003   u/campaign/kernel/core/evaluator_i/Mmux_difference_rs_cy<15>
    SLICE_X4Y18.AMUX     Tcina                 0.210   u/campaign/kernel/core/evaluator_i/difference_reg<16>
                                                       u/campaign/kernel/core/evaluator_i/Mmux_difference_rs_xor<17>
    SLICE_X6Y20.A2       net (fanout=1)        0.955   u/campaign/kernel/core/evaluator_i/difference<16>
    SLICE_X6Y20.CLK      Tas                   0.525   u/campaign/kernel/core/evaluator_i/divisor<17>
                                                       u/campaign/kernel/core/evaluator_i/difference<16>_rt
                                                       u/campaign/kernel/core/evaluator_i/Madd_n0506_xor<17>
                                                       u/campaign/kernel/core/evaluator_i/divisor_17
    -------------------------------------------------  ---------------------------
    Total                                      8.799ns (3.030ns logic, 5.769ns route)
                                                       (34.4% logic, 65.6% route)

--------------------------------------------------------------------------------
Slack:                  1.151ns (requirement - (data path - clock path skew + uncertainty))
  Source:               u/campaign/kernel/core/evaluator_i/objective_1 (FF)
  Destination:          u/campaign/kernel/core/evaluator_i/divisor_17 (FF)
  Requirement:          10.000ns
  Data Path Delay:      8.791ns (Levels of Logic = 10)
  Clock Path Skew:      -0.023ns (0.330 - 0.353)
  Source Clock:         clk_100mhz_BUFGP rising at 0.000ns
  Destination Clock:    clk_100mhz_BUFGP rising at 10.000ns
  Clock Uncertainty:    0.035ns

  Clock Uncertainty:          0.035ns  ((TSJ^2 + TIJ^2)^1/2 + DJ) / 2 + PE
    Total System Jitter (TSJ):  0.070ns
    Total Input Jitter (TIJ):   0.000ns
    Discrete Jitter (DJ):       0.000ns
    Phase Error (PE):           0.000ns

  Maximum Data Path at Slow Process Corner: u/campaign/kernel/core/evaluator_i/objective_1 to u/campaign/kernel/core/evaluator_i/divisor_17
    Location             Delay type         Delay(ns)  Physical Resource
                                                       Logical Resource(s)
    -------------------------------------------------  -------------------
    SLICE_X5Y19.AMUX     Tshcko                0.518   u/campaign/kernel/core/evaluator_i/objective<0>
                                                       u/campaign/kernel/core/evaluator_i/objective_1
    SLICE_X9Y17.B4       net (fanout=59)       1.201   u/campaign/kernel/core/evaluator_i/objective<1>
    SLICE_X9Y17.B        Tilo                  0.259   u/campaign/kernel/core/evaluator_i/obj1<9>
                                                       u/campaign/kernel/core/evaluator_i/obj1<9>1
    SLICE_X6Y13.A2       net (fanout=5)        1.270   u/campaign/kernel/core/evaluator_i/obj1<9>
    SLICE_X6Y13.COUT     Topcya                0.474   u/campaign/kernel/core/evaluator_i/Mcompar_obj1[31]_obj0[31]_LessThan_11_o_cy<7>
                                                       u/campaign/kernel/core/evaluator_i/Mcompar_obj1[31]_obj0[31]_LessThan_11_o_lut<4>
                                                       u/campaign/kernel/core/evaluator_i/Mcompar_obj1[31]_obj0[31]_LessThan_11_o_cy<7>
    SLICE_X6Y14.CIN      net (fanout=1)        0.003   u/campaign/kernel/core/evaluator_i/Mcompar_obj1[31]_obj0[31]_LessThan_11_o_cy<7>
    SLICE_X6Y14.COUT     Tbyp                  0.093   u/campaign/kernel/core/evaluator_i/Mcompar_obj1[31]_obj0[31]_LessThan_11_o_cy<11>
                                                       u/campaign/kernel/core/evaluator_i/Mcompar_obj1[31]_obj0[31]_LessThan_11_o_cy<11>
    SLICE_X6Y15.CIN      net (fanout=1)        0.003   u/campaign/kernel/core/evaluator_i/Mcompar_obj1[31]_obj0[31]_LessThan_11_o_cy<11>
    SLICE_X6Y15.DMUX     Tcind                 0.305   u/campaign/kernel/core/evaluator_i/util0<4>
                                                       u/campaign/kernel/core/evaluator_i/Mcompar_obj1[31]_obj0[31]_LessThan_11_o_cy<15>
    SLICE_X7Y15.C5       net (fanout=17)       0.882   u/campaign/kernel/core/evaluator_i/Mcompar_obj1[31]_obj0[31]_LessThan_11_o_cy<15>
    SLICE_X7Y15.C        Tilo                  0.259   u/campaign/kernel/core/evaluator_i/util1<7>
                                                       u/campaign/kernel/core/evaluator_i/Mmux_difference_A281
    SLICE_X4Y15.BX       net (fanout=1)        1.446   u/campaign/kernel/core/evaluator_i/Mmux_difference_rs_A<5>
    SLICE_X4Y15.COUT     Tbxcy                 0.197   u/campaign/kernel/core/evaluator_i/difference_reg<7>
                                                       u/campaign/kernel/core/evaluator_i/Mmux_difference_rs_cy<7>
    SLICE_X4Y16.CIN      net (fanout=1)        0.003   u/campaign/kernel/core/evaluator_i/Mmux_difference_rs_cy<7>
    SLICE_X4Y16.COUT     Tbyp                  0.091   u/campaign/kernel/core/evaluator_i/difference_reg<11>
                                                       u/campaign/kernel/core/evaluator_i/Mmux_difference_rs_cy<11>
    SLICE_X4Y17.CIN      net (fanout=1)        0.003   u/campaign/kernel/core/evaluator_i/Mmux_difference_rs_cy<11>
    SLICE_X4Y17.COUT     Tbyp                  0.091   u/campaign/kernel/core/evaluator_i/difference_reg<15>
                                                       u/campaign/kernel/core/evaluator_i/Mmux_difference_rs_cy<15>
    SLICE_X4Y18.CIN      net (fanout=1)        0.003   u/campaign/kernel/core/evaluator_i/Mmux_difference_rs_cy<15>
    SLICE_X4Y18.AMUX     Tcina                 0.210   u/campaign/kernel/core/evaluator_i/difference_reg<16>
                                                       u/campaign/kernel/core/evaluator_i/Mmux_difference_rs_xor<17>
    SLICE_X6Y20.A2       net (fanout=1)        0.955   u/campaign/kernel/core/evaluator_i/difference<16>
    SLICE_X6Y20.CLK      Tas                   0.525   u/campaign/kernel/core/evaluator_i/divisor<17>
                                                       u/campaign/kernel/core/evaluator_i/difference<16>_rt
                                                       u/campaign/kernel/core/evaluator_i/Madd_n0506_xor<17>
                                                       u/campaign/kernel/core/evaluator_i/divisor_17
    -------------------------------------------------  ---------------------------
    Total                                      8.791ns (3.022ns logic, 5.769ns route)
                                                       (34.4% logic, 65.6% route)

--------------------------------------------------------------------------------
Slack:                  1.159ns (requirement - (data path - clock path skew + uncertainty))
  Source:               u/campaign/kernel/core/evaluator_i/fid1_6 (FF)
  Destination:          u/campaign/kernel/core/evaluator_i/divisor_17 (FF)
  Requirement:          10.000ns
  Data Path Delay:      8.806ns (Levels of Logic = 11)
  Clock Path Skew:      0.000ns
  Source Clock:         clk_100mhz_BUFGP rising at 0.000ns
  Destination Clock:    clk_100mhz_BUFGP rising at 10.000ns
  Clock Uncertainty:    0.035ns

  Clock Uncertainty:          0.035ns  ((TSJ^2 + TIJ^2)^1/2 + DJ) / 2 + PE
    Total System Jitter (TSJ):  0.070ns
    Total Input Jitter (TIJ):   0.000ns
    Discrete Jitter (DJ):       0.000ns
    Phase Error (PE):           0.000ns

  Maximum Data Path at Slow Process Corner: u/campaign/kernel/core/evaluator_i/fid1_6 to u/campaign/kernel/core/evaluator_i/divisor_17
    Location             Delay type         Delay(ns)  Physical Resource
                                                       Logical Resource(s)
    -------------------------------------------------  -------------------
    SLICE_X10Y18.BQ      Tcko                  0.525   u/campaign/kernel/core/evaluator_i/fid1<4>
                                                       u/campaign/kernel/core/evaluator_i/fid1_6
    SLICE_X5Y14.B1       net (fanout=1)        1.508   u/campaign/kernel/core/evaluator_i/fid1<6>
    SLICE_X5Y14.B        Tilo                  0.259   u/campaign/kernel/core/evaluator_i/obj1<6>
                                                       u/campaign/kernel/core/evaluator_i/obj1<6>1
    SLICE_X6Y12.D2       net (fanout=5)        1.006   u/campaign/kernel/core/evaluator_i/obj1<6>
    SLICE_X6Y12.COUT     Topcyd                0.343   u/campaign/kernel/core/evaluator_i/Mcompar_obj1[31]_obj0[31]_LessThan_11_o_cy<3>
                                                       u/campaign/kernel/core/evaluator_i/Mcompar_obj1[31]_obj0[31]_LessThan_11_o_lutdi3
                                                       u/campaign/kernel/core/evaluator_i/Mcompar_obj1[31]_obj0[31]_LessThan_11_o_cy<3>
    SLICE_X6Y13.CIN      net (fanout=1)        0.003   u/campaign/kernel/core/evaluator_i/Mcompar_obj1[31]_obj0[31]_LessThan_11_o_cy<3>
    SLICE_X6Y13.COUT     Tbyp                  0.093   u/campaign/kernel/core/evaluator_i/Mcompar_obj1[31]_obj0[31]_LessThan_11_o_cy<7>
                                                       u/campaign/kernel/core/evaluator_i/Mcompar_obj1[31]_obj0[31]_LessThan_11_o_cy<7>
    SLICE_X6Y14.CIN      net (fanout=1)        0.003   u/campaign/kernel/core/evaluator_i/Mcompar_obj1[31]_obj0[31]_LessThan_11_o_cy<7>
    SLICE_X6Y14.COUT     Tbyp                  0.093   u/campaign/kernel/core/evaluator_i/Mcompar_obj1[31]_obj0[31]_LessThan_11_o_cy<11>
                                                       u/campaign/kernel/core/evaluator_i/Mcompar_obj1[31]_obj0[31]_LessThan_11_o_cy<11>
    SLICE_X6Y15.CIN      net (fanout=1)        0.003   u/campaign/kernel/core/evaluator_i/Mcompar_obj1[31]_obj0[31]_LessThan_11_o_cy<11>
    SLICE_X6Y15.DMUX     Tcind                 0.305   u/campaign/kernel/core/evaluator_i/util0<4>
                                                       u/campaign/kernel/core/evaluator_i/Mcompar_obj1[31]_obj0[31]_LessThan_11_o_cy<15>
    SLICE_X7Y15.C5       net (fanout=17)       0.882   u/campaign/kernel/core/evaluator_i/Mcompar_obj1[31]_obj0[31]_LessThan_11_o_cy<15>
    SLICE_X7Y15.C        Tilo                  0.259   u/campaign/kernel/core/evaluator_i/util1<7>
                                                       u/campaign/kernel/core/evaluator_i/Mmux_difference_A281
    SLICE_X4Y15.BX       net (fanout=1)        1.446   u/campaign/kernel/core/evaluator_i/Mmux_difference_rs_A<5>
    SLICE_X4Y15.COUT     Tbxcy                 0.197   u/campaign/kernel/core/evaluator_i/difference_reg<7>
                                                       u/campaign/kernel/core/evaluator_i/Mmux_difference_rs_cy<7>
    SLICE_X4Y16.CIN      net (fanout=1)        0.003   u/campaign/kernel/core/evaluator_i/Mmux_difference_rs_cy<7>
    SLICE_X4Y16.COUT     Tbyp                  0.091   u/campaign/kernel/core/evaluator_i/difference_reg<11>
                                                       u/campaign/kernel/core/evaluator_i/Mmux_difference_rs_cy<11>
    SLICE_X4Y17.CIN      net (fanout=1)        0.003   u/campaign/kernel/core/evaluator_i/Mmux_difference_rs_cy<11>
    SLICE_X4Y17.COUT     Tbyp                  0.091   u/campaign/kernel/core/evaluator_i/difference_reg<15>
                                                       u/campaign/kernel/core/evaluator_i/Mmux_difference_rs_cy<15>
    SLICE_X4Y18.CIN      net (fanout=1)        0.003   u/campaign/kernel/core/evaluator_i/Mmux_difference_rs_cy<15>
    SLICE_X4Y18.AMUX     Tcina                 0.210   u/campaign/kernel/core/evaluator_i/difference_reg<16>
                                                       u/campaign/kernel/core/evaluator_i/Mmux_difference_rs_xor<17>
    SLICE_X6Y20.A2       net (fanout=1)        0.955   u/campaign/kernel/core/evaluator_i/difference<16>
    SLICE_X6Y20.CLK      Tas                   0.525   u/campaign/kernel/core/evaluator_i/divisor<17>
                                                       u/campaign/kernel/core/evaluator_i/difference<16>_rt
                                                       u/campaign/kernel/core/evaluator_i/Madd_n0506_xor<17>
                                                       u/campaign/kernel/core/evaluator_i/divisor_17
    -------------------------------------------------  ---------------------------
    Total                                      8.806ns (2.991ns logic, 5.815ns route)
                                                       (34.0% logic, 66.0% route)

--------------------------------------------------------------------------------
Slack:                  1.182ns (requirement - (data path - clock path skew + uncertainty))
  Source:               u/campaign/kernel/core/evaluator_i/cost0_1 (FF)
  Destination:          u/campaign/kernel/core/evaluator_i/divisor_17 (FF)
  Requirement:          10.000ns
  Data Path Delay:      8.768ns (Levels of Logic = 11)
  Clock Path Skew:      -0.015ns (0.450 - 0.465)
  Source Clock:         clk_100mhz_BUFGP rising at 0.000ns
  Destination Clock:    clk_100mhz_BUFGP rising at 10.000ns
  Clock Uncertainty:    0.035ns

  Clock Uncertainty:          0.035ns  ((TSJ^2 + TIJ^2)^1/2 + DJ) / 2 + PE
    Total System Jitter (TSJ):  0.070ns
    Total Input Jitter (TIJ):   0.000ns
    Discrete Jitter (DJ):       0.000ns
    Phase Error (PE):           0.000ns

  Maximum Data Path at Slow Process Corner: u/campaign/kernel/core/evaluator_i/cost0_1 to u/campaign/kernel/core/evaluator_i/divisor_17
    Location             Delay type         Delay(ns)  Physical Resource
                                                       Logical Resource(s)
    -------------------------------------------------  -------------------
    SLICE_X8Y15.BQ       Tcko                  0.476   u/campaign/kernel/core/evaluator_i/cost0<3>
                                                       u/campaign/kernel/core/evaluator_i/cost0_1
    SLICE_X5Y15.D2       net (fanout=4)        1.283   u/campaign/kernel/core/evaluator_i/cost0<1>
    SLICE_X5Y15.D        Tilo                  0.259   u/campaign/kernel/core/evaluator_i/obj0<1>
                                                       u/campaign/kernel/core/evaluator_i/obj0<1>1
    SLICE_X6Y12.A3       net (fanout=4)        1.103   u/campaign/kernel/core/evaluator_i/obj0<1>
    SLICE_X6Y12.COUT     Topcya                0.482   u/campaign/kernel/core/evaluator_i/Mcompar_obj1[31]_obj0[31]_LessThan_11_o_cy<3>
                                                       u/campaign/kernel/core/evaluator_i/Mcompar_obj1[31]_obj0[31]_LessThan_11_o_lutdi
                                                       u/campaign/kernel/core/evaluator_i/Mcompar_obj1[31]_obj0[31]_LessThan_11_o_cy<3>
    SLICE_X6Y13.CIN      net (fanout=1)        0.003   u/campaign/kernel/core/evaluator_i/Mcompar_obj1[31]_obj0[31]_LessThan_11_o_cy<3>
    SLICE_X6Y13.COUT     Tbyp                  0.093   u/campaign/kernel/core/evaluator_i/Mcompar_obj1[31]_obj0[31]_LessThan_11_o_cy<7>
                                                       u/campaign/kernel/core/evaluator_i/Mcompar_obj1[31]_obj0[31]_LessThan_11_o_cy<7>
    SLICE_X6Y14.CIN      net (fanout=1)        0.003   u/campaign/kernel/core/evaluator_i/Mcompar_obj1[31]_obj0[31]_LessThan_11_o_cy<7>
    SLICE_X6Y14.COUT     Tbyp                  0.093   u/campaign/kernel/core/evaluator_i/Mcompar_obj1[31]_obj0[31]_LessThan_11_o_cy<11>
                                                       u/campaign/kernel/core/evaluator_i/Mcompar_obj1[31]_obj0[31]_LessThan_11_o_cy<11>
    SLICE_X6Y15.CIN      net (fanout=1)        0.003   u/campaign/kernel/core/evaluator_i/Mcompar_obj1[31]_obj0[31]_LessThan_11_o_cy<11>
    SLICE_X6Y15.DMUX     Tcind                 0.305   u/campaign/kernel/core/evaluator_i/util0<4>
                                                       u/campaign/kernel/core/evaluator_i/Mcompar_obj1[31]_obj0[31]_LessThan_11_o_cy<15>
    SLICE_X7Y15.C5       net (fanout=17)       0.882   u/campaign/kernel/core/evaluator_i/Mcompar_obj1[31]_obj0[31]_LessThan_11_o_cy<15>
    SLICE_X7Y15.C        Tilo                  0.259   u/campaign/kernel/core/evaluator_i/util1<7>
                                                       u/campaign/kernel/core/evaluator_i/Mmux_difference_A281
    SLICE_X4Y15.BX       net (fanout=1)        1.446   u/campaign/kernel/core/evaluator_i/Mmux_difference_rs_A<5>
    SLICE_X4Y15.COUT     Tbxcy                 0.197   u/campaign/kernel/core/evaluator_i/difference_reg<7>
                                                       u/campaign/kernel/core/evaluator_i/Mmux_difference_rs_cy<7>
    SLICE_X4Y16.CIN      net (fanout=1)        0.003   u/campaign/kernel/core/evaluator_i/Mmux_difference_rs_cy<7>
    SLICE_X4Y16.COUT     Tbyp                  0.091   u/campaign/kernel/core/evaluator_i/difference_reg<11>
                                                       u/campaign/kernel/core/evaluator_i/Mmux_difference_rs_cy<11>
    SLICE_X4Y17.CIN      net (fanout=1)        0.003   u/campaign/kernel/core/evaluator_i/Mmux_difference_rs_cy<11>
    SLICE_X4Y17.COUT     Tbyp                  0.091   u/campaign/kernel/core/evaluator_i/difference_reg<15>
                                                       u/campaign/kernel/core/evaluator_i/Mmux_difference_rs_cy<15>
    SLICE_X4Y18.CIN      net (fanout=1)        0.003   u/campaign/kernel/core/evaluator_i/Mmux_difference_rs_cy<15>
    SLICE_X4Y18.AMUX     Tcina                 0.210   u/campaign/kernel/core/evaluator_i/difference_reg<16>
                                                       u/campaign/kernel/core/evaluator_i/Mmux_difference_rs_xor<17>
    SLICE_X6Y20.A2       net (fanout=1)        0.955   u/campaign/kernel/core/evaluator_i/difference<16>
    SLICE_X6Y20.CLK      Tas                   0.525   u/campaign/kernel/core/evaluator_i/divisor<17>
                                                       u/campaign/kernel/core/evaluator_i/difference<16>_rt
                                                       u/campaign/kernel/core/evaluator_i/Madd_n0506_xor<17>
                                                       u/campaign/kernel/core/evaluator_i/divisor_17
    -------------------------------------------------  ---------------------------
    Total                                      8.768ns (3.081ns logic, 5.687ns route)
                                                       (35.1% logic, 64.9% route)

--------------------------------------------------------------------------------

Component Switching Limit Checks: TS_P6_CLK = PERIOD TIMEGRP "P6_CLK" 10 ns HIGH 50%;
--------------------------------------------------------------------------------
Slack: 7.334ns (period - min period limit)
  Period: 10.000ns
  Min period limit: 2.666ns (375.094MHz) (Tbcper_I)
  Physical resource: clk_100mhz_BUFGP/BUFG/I0
  Logical resource: clk_100mhz_BUFGP/BUFG/I0
  Location pin: BUFGMUX_X3Y13.I0
  Clock network: clk_100mhz_BUFGP/IBUFG
--------------------------------------------------------------------------------
Slack: 9.520ns (period - min period limit)
  Period: 10.000ns
  Min period limit: 0.480ns (2083.333MHz) (Tcp)
  Physical resource: u/campaign/kernel/core/encoder_state_id<5>/CLK
  Logical resource: u/campaign/kernel/core/state_encoder_i/state_id_4/CK
  Location pin: SLICE_X26Y6.CLK
  Clock network: clk_100mhz_BUFGP
--------------------------------------------------------------------------------
Slack: 9.520ns (period - min period limit)
  Period: 10.000ns
  Min period limit: 0.480ns (2083.333MHz) (Tcp)
  Physical resource: u/campaign/kernel/core/encoder_state_id<5>/CLK
  Logical resource: u/campaign/kernel/core/state_encoder_i/state_id_5/CK
  Location pin: SLICE_X26Y6.CLK
  Clock network: clk_100mhz_BUFGP
--------------------------------------------------------------------------------
Slack: 9.520ns (period - min period limit)
  Period: 10.000ns
  Min period limit: 0.480ns (2083.333MHz) (Tcp)
  Physical resource: u/campaign/kernel/core/evaluator_i/divisor<3>/CLK
  Logical resource: u/campaign/kernel/core/evaluator_i/divisor_0/CK
  Location pin: SLICE_X6Y16.CLK
  Clock network: clk_100mhz_BUFGP
--------------------------------------------------------------------------------
Slack: 9.520ns (period - min period limit)
  Period: 10.000ns
  Min period limit: 0.480ns (2083.333MHz) (Tcp)
  Physical resource: u/campaign/kernel/core/evaluator_i/divisor<3>/CLK
  Logical resource: u/campaign/kernel/core/evaluator_i/divisor_1/CK
  Location pin: SLICE_X6Y16.CLK
  Clock network: clk_100mhz_BUFGP
--------------------------------------------------------------------------------
Slack: 9.520ns (period - min period limit)
  Period: 10.000ns
  Min period limit: 0.480ns (2083.333MHz) (Tcp)
  Physical resource: u/campaign/kernel/core/evaluator_i/divisor<3>/CLK
  Logical resource: u/campaign/kernel/core/evaluator_i/divisor_2/CK
  Location pin: SLICE_X6Y16.CLK
  Clock network: clk_100mhz_BUFGP
--------------------------------------------------------------------------------
Slack: 9.520ns (period - min period limit)
  Period: 10.000ns
  Min period limit: 0.480ns (2083.333MHz) (Tcp)
  Physical resource: u/campaign/kernel/core/evaluator_i/divisor<3>/CLK
  Logical resource: u/campaign/kernel/core/evaluator_i/divisor_3/CK
  Location pin: SLICE_X6Y16.CLK
  Clock network: clk_100mhz_BUFGP
--------------------------------------------------------------------------------
Slack: 9.520ns (period - min period limit)
  Period: 10.000ns
  Min period limit: 0.480ns (2083.333MHz) (Tcp)
  Physical resource: u/campaign/kernel/core/evaluator_i/divisor<7>/CLK
  Logical resource: u/campaign/kernel/core/evaluator_i/divisor_4/CK
  Location pin: SLICE_X6Y17.CLK
  Clock network: clk_100mhz_BUFGP
--------------------------------------------------------------------------------
Slack: 9.520ns (period - min period limit)
  Period: 10.000ns
  Min period limit: 0.480ns (2083.333MHz) (Tcp)
  Physical resource: u/campaign/kernel/core/evaluator_i/divisor<7>/CLK
  Logical resource: u/campaign/kernel/core/evaluator_i/divisor_5/CK
  Location pin: SLICE_X6Y17.CLK
  Clock network: clk_100mhz_BUFGP
--------------------------------------------------------------------------------
Slack: 9.520ns (period - min period limit)
  Period: 10.000ns
  Min period limit: 0.480ns (2083.333MHz) (Tcp)
  Physical resource: u/campaign/kernel/core/evaluator_i/divisor<7>/CLK
  Logical resource: u/campaign/kernel/core/evaluator_i/divisor_6/CK
  Location pin: SLICE_X6Y17.CLK
  Clock network: clk_100mhz_BUFGP
--------------------------------------------------------------------------------

================================================================================
Timing constraint: Unconstrained OFFSET IN BEFORE analysis for clock 
"clk_100mhz_BUFGP" 

 395 paths analyzed, 395 endpoints analyzed, 0 failing endpoints
 0 timing errors detected.
 Minimum allowable offset is   9.571ns.
--------------------------------------------------------------------------------

Paths for end point u/campaign/pass_count_5 (SLICE_X36Y21.SR), 1 path
--------------------------------------------------------------------------------
Offset:                 9.571ns (data path - clock path + uncertainty)
  Source:               btn_reset (PAD)
  Destination:          u/campaign/pass_count_5 (FF)
  Destination Clock:    clk_100mhz_BUFGP rising at 0.000ns
  Data Path Delay:      12.834ns (Levels of Logic = 1)
  Clock Path Delay:     3.288ns (Levels of Logic = 2)
  Clock Uncertainty:    0.025ns

  Clock Uncertainty:          0.025ns  ((TSJ^2 + TIJ^2)^1/2 + DJ) / 2 + PE
    Total System Jitter (TSJ):  0.050ns
    Total Input Jitter (TIJ):   0.000ns
    Discrete Jitter (DJ):       0.000ns
    Phase Error (PE):           0.000ns

  Maximum Data Path at Slow Process Corner: btn_reset to u/campaign/pass_count_5
    Location             Delay type         Delay(ns)  Physical Resource
                                                       Logical Resource(s)
    -------------------------------------------------  -------------------
    B8.I                 Tiopi                 1.557   btn_reset
                                                       btn_reset
                                                       btn_reset_IBUF
                                                       ProtoComp132.IMUX.1
    SLICE_X36Y21.SR      net (fanout=109)     10.848   btn_reset_IBUF
    SLICE_X36Y21.CLK     Tsrck                 0.429   u/pass_count<7>
                                                       u/campaign/pass_count_5
    -------------------------------------------------  ---------------------------
    Total                                     12.834ns (1.986ns logic, 10.848ns route)
                                                       (15.5% logic, 84.5% route)

  Minimum Clock Path at Slow Process Corner: clk_100mhz to u/campaign/pass_count_5
    Location             Delay type         Delay(ns)  Physical Resource
                                                       Logical Resource(s)
    -------------------------------------------------  -------------------
    V10.I                Tiopi                 1.344   clk_100mhz
                                                       clk_100mhz
                                                       clk_100mhz_BUFGP/IBUFG
                                                       ProtoComp132.IMUX
    BUFGMUX_X3Y13.I0     net (fanout=1)        0.866   clk_100mhz_BUFGP/IBUFG
    BUFGMUX_X3Y13.O      Tgi0o                 0.197   clk_100mhz_BUFGP/BUFG
                                                       clk_100mhz_BUFGP/BUFG
    SLICE_X36Y21.CLK     net (fanout=263)      0.881   clk_100mhz_BUFGP
    -------------------------------------------------  ---------------------------
    Total                                      3.288ns (1.541ns logic, 1.747ns route)
                                                       (46.9% logic, 53.1% route)

--------------------------------------------------------------------------------

Paths for end point u/campaign/pass_count_4 (SLICE_X36Y21.SR), 1 path
--------------------------------------------------------------------------------
Offset:                 9.560ns (data path - clock path + uncertainty)
  Source:               btn_reset (PAD)
  Destination:          u/campaign/pass_count_4 (FF)
  Destination Clock:    clk_100mhz_BUFGP rising at 0.000ns
  Data Path Delay:      12.823ns (Levels of Logic = 1)
  Clock Path Delay:     3.288ns (Levels of Logic = 2)
  Clock Uncertainty:    0.025ns

  Clock Uncertainty:          0.025ns  ((TSJ^2 + TIJ^2)^1/2 + DJ) / 2 + PE
    Total System Jitter (TSJ):  0.050ns
    Total Input Jitter (TIJ):   0.000ns
    Discrete Jitter (DJ):       0.000ns
    Phase Error (PE):           0.000ns

  Maximum Data Path at Slow Process Corner: btn_reset to u/campaign/pass_count_4
    Location             Delay type         Delay(ns)  Physical Resource
                                                       Logical Resource(s)
    -------------------------------------------------  -------------------
    B8.I                 Tiopi                 1.557   btn_reset
                                                       btn_reset
                                                       btn_reset_IBUF
                                                       ProtoComp132.IMUX.1
    SLICE_X36Y21.SR      net (fanout=109)     10.848   btn_reset_IBUF
    SLICE_X36Y21.CLK     Tsrck                 0.418   u/pass_count<7>
                                                       u/campaign/pass_count_4
    -------------------------------------------------  ---------------------------
    Total                                     12.823ns (1.975ns logic, 10.848ns route)
                                                       (15.4% logic, 84.6% route)

  Minimum Clock Path at Slow Process Corner: clk_100mhz to u/campaign/pass_count_4
    Location             Delay type         Delay(ns)  Physical Resource
                                                       Logical Resource(s)
    -------------------------------------------------  -------------------
    V10.I                Tiopi                 1.344   clk_100mhz
                                                       clk_100mhz
                                                       clk_100mhz_BUFGP/IBUFG
                                                       ProtoComp132.IMUX
    BUFGMUX_X3Y13.I0     net (fanout=1)        0.866   clk_100mhz_BUFGP/IBUFG
    BUFGMUX_X3Y13.O      Tgi0o                 0.197   clk_100mhz_BUFGP/BUFG
                                                       clk_100mhz_BUFGP/BUFG
    SLICE_X36Y21.CLK     net (fanout=263)      0.881   clk_100mhz_BUFGP
    -------------------------------------------------  ---------------------------
    Total                                      3.288ns (1.541ns logic, 1.747ns route)
                                                       (46.9% logic, 53.1% route)

--------------------------------------------------------------------------------

Paths for end point u/campaign/pass_count_1 (SLICE_X36Y20.SR), 1 path
--------------------------------------------------------------------------------
Offset:                 9.539ns (data path - clock path + uncertainty)
  Source:               btn_reset (PAD)
  Destination:          u/campaign/pass_count_1 (FF)
  Destination Clock:    clk_100mhz_BUFGP rising at 0.000ns
  Data Path Delay:      12.805ns (Levels of Logic = 1)
  Clock Path Delay:     3.291ns (Levels of Logic = 2)
  Clock Uncertainty:    0.025ns

  Clock Uncertainty:          0.025ns  ((TSJ^2 + TIJ^2)^1/2 + DJ) / 2 + PE
    Total System Jitter (TSJ):  0.050ns
    Total Input Jitter (TIJ):   0.000ns
    Discrete Jitter (DJ):       0.000ns
    Phase Error (PE):           0.000ns

  Maximum Data Path at Slow Process Corner: btn_reset to u/campaign/pass_count_1
    Location             Delay type         Delay(ns)  Physical Resource
                                                       Logical Resource(s)
    -------------------------------------------------  -------------------
    B8.I                 Tiopi                 1.557   btn_reset
                                                       btn_reset
                                                       btn_reset_IBUF
                                                       ProtoComp132.IMUX.1
    SLICE_X36Y20.SR      net (fanout=109)     10.819   btn_reset_IBUF
    SLICE_X36Y20.CLK     Tsrck                 0.429   u/pass_count<3>
                                                       u/campaign/pass_count_1
    -------------------------------------------------  ---------------------------
    Total                                     12.805ns (1.986ns logic, 10.819ns route)
                                                       (15.5% logic, 84.5% route)

  Minimum Clock Path at Slow Process Corner: clk_100mhz to u/campaign/pass_count_1
    Location             Delay type         Delay(ns)  Physical Resource
                                                       Logical Resource(s)
    -------------------------------------------------  -------------------
    V10.I                Tiopi                 1.344   clk_100mhz
                                                       clk_100mhz
                                                       clk_100mhz_BUFGP/IBUFG
                                                       ProtoComp132.IMUX
    BUFGMUX_X3Y13.I0     net (fanout=1)        0.866   clk_100mhz_BUFGP/IBUFG
    BUFGMUX_X3Y13.O      Tgi0o                 0.197   clk_100mhz_BUFGP/BUFG
                                                       clk_100mhz_BUFGP/BUFG
    SLICE_X36Y20.CLK     net (fanout=263)      0.884   clk_100mhz_BUFGP
    -------------------------------------------------  ---------------------------
    Total                                      3.291ns (1.541ns logic, 1.750ns route)
                                                       (46.8% logic, 53.2% route)

--------------------------------------------------------------------------------

Paths for end point u/campaign/pass_count_6 (SLICE_X36Y21.SR), 1 path
--------------------------------------------------------------------------------
Offset:                 9.537ns (data path - clock path + uncertainty)
  Source:               btn_reset (PAD)
  Destination:          u/campaign/pass_count_6 (FF)
  Destination Clock:    clk_100mhz_BUFGP rising at 0.000ns
  Data Path Delay:      12.800ns (Levels of Logic = 1)
  Clock Path Delay:     3.288ns (Levels of Logic = 2)
  Clock Uncertainty:    0.025ns

  Clock Uncertainty:          0.025ns  ((TSJ^2 + TIJ^2)^1/2 + DJ) / 2 + PE
    Total System Jitter (TSJ):  0.050ns
    Total Input Jitter (TIJ):   0.000ns
    Discrete Jitter (DJ):       0.000ns
    Phase Error (PE):           0.000ns

  Maximum Data Path at Slow Process Corner: btn_reset to u/campaign/pass_count_6
    Location             Delay type         Delay(ns)  Physical Resource
                                                       Logical Resource(s)
    -------------------------------------------------  -------------------
    B8.I                 Tiopi                 1.557   btn_reset
                                                       btn_reset
                                                       btn_reset_IBUF
                                                       ProtoComp132.IMUX.1
    SLICE_X36Y21.SR      net (fanout=109)     10.848   btn_reset_IBUF
    SLICE_X36Y21.CLK     Tsrck                 0.395   u/pass_count<7>
                                                       u/campaign/pass_count_6
    -------------------------------------------------  ---------------------------
    Total                                     12.800ns (1.952ns logic, 10.848ns route)
                                                       (15.2% logic, 84.8% route)

  Minimum Clock Path at Slow Process Corner: clk_100mhz to u/campaign/pass_count_6
    Location             Delay type         Delay(ns)  Physical Resource
                                                       Logical Resource(s)
    -------------------------------------------------  -------------------
    V10.I                Tiopi                 1.344   clk_100mhz
                                                       clk_100mhz
                                                       clk_100mhz_BUFGP/IBUFG
                                                       ProtoComp132.IMUX
    BUFGMUX_X3Y13.I0     net (fanout=1)        0.866   clk_100mhz_BUFGP/IBUFG
    BUFGMUX_X3Y13.O      Tgi0o                 0.197   clk_100mhz_BUFGP/BUFG
                                                       clk_100mhz_BUFGP/BUFG
    SLICE_X36Y21.CLK     net (fanout=263)      0.881   clk_100mhz_BUFGP
    -------------------------------------------------  ---------------------------
    Total                                      3.288ns (1.541ns logic, 1.747ns route)
                                                       (46.9% logic, 53.1% route)

--------------------------------------------------------------------------------

Paths for end point u/campaign/pass_count_0 (SLICE_X36Y20.SR), 1 path
--------------------------------------------------------------------------------
Offset:                 9.528ns (data path - clock path + uncertainty)
  Source:               btn_reset (PAD)
  Destination:          u/campaign/pass_count_0 (FF)
  Destination Clock:    clk_100mhz_BUFGP rising at 0.000ns
  Data Path Delay:      12.794ns (Levels of Logic = 1)
  Clock Path Delay:     3.291ns (Levels of Logic = 2)
  Clock Uncertainty:    0.025ns

  Clock Uncertainty:          0.025ns  ((TSJ^2 + TIJ^2)^1/2 + DJ) / 2 + PE
    Total System Jitter (TSJ):  0.050ns
    Total Input Jitter (TIJ):   0.000ns
    Discrete Jitter (DJ):       0.000ns
    Phase Error (PE):           0.000ns

  Maximum Data Path at Slow Process Corner: btn_reset to u/campaign/pass_count_0
    Location             Delay type         Delay(ns)  Physical Resource
                                                       Logical Resource(s)
    -------------------------------------------------  -------------------
    B8.I                 Tiopi                 1.557   btn_reset
                                                       btn_reset
                                                       btn_reset_IBUF
                                                       ProtoComp132.IMUX.1
    SLICE_X36Y20.SR      net (fanout=109)     10.819   btn_reset_IBUF
    SLICE_X36Y20.CLK     Tsrck                 0.418   u/pass_count<3>
                                                       u/campaign/pass_count_0
    -------------------------------------------------  ---------------------------
    Total                                     12.794ns (1.975ns logic, 10.819ns route)
                                                       (15.4% logic, 84.6% route)

  Minimum Clock Path at Slow Process Corner: clk_100mhz to u/campaign/pass_count_0
    Location             Delay type         Delay(ns)  Physical Resource
                                                       Logical Resource(s)
    -------------------------------------------------  -------------------
    V10.I                Tiopi                 1.344   clk_100mhz
                                                       clk_100mhz
                                                       clk_100mhz_BUFGP/IBUFG
                                                       ProtoComp132.IMUX
    BUFGMUX_X3Y13.I0     net (fanout=1)        0.866   clk_100mhz_BUFGP/IBUFG
    BUFGMUX_X3Y13.O      Tgi0o                 0.197   clk_100mhz_BUFGP/BUFG
                                                       clk_100mhz_BUFGP/BUFG
    SLICE_X36Y20.CLK     net (fanout=263)      0.884   clk_100mhz_BUFGP
    -------------------------------------------------  ---------------------------
    Total                                      3.291ns (1.541ns logic, 1.750ns route)
                                                       (46.8% logic, 53.2% route)

--------------------------------------------------------------------------------

Paths for end point u/campaign/pass_count_7 (SLICE_X36Y21.SR), 1 path
--------------------------------------------------------------------------------
Offset:                 9.523ns (data path - clock path + uncertainty)
  Source:               btn_reset (PAD)
  Destination:          u/campaign/pass_count_7 (FF)
  Destination Clock:    clk_100mhz_BUFGP rising at 0.000ns
  Data Path Delay:      12.786ns (Levels of Logic = 1)
  Clock Path Delay:     3.288ns (Levels of Logic = 2)
  Clock Uncertainty:    0.025ns

  Clock Uncertainty:          0.025ns  ((TSJ^2 + TIJ^2)^1/2 + DJ) / 2 + PE
    Total System Jitter (TSJ):  0.050ns
    Total Input Jitter (TIJ):   0.000ns
    Discrete Jitter (DJ):       0.000ns
    Phase Error (PE):           0.000ns

  Maximum Data Path at Slow Process Corner: btn_reset to u/campaign/pass_count_7
    Location             Delay type         Delay(ns)  Physical Resource
                                                       Logical Resource(s)
    -------------------------------------------------  -------------------
    B8.I                 Tiopi                 1.557   btn_reset
                                                       btn_reset
                                                       btn_reset_IBUF
                                                       ProtoComp132.IMUX.1
    SLICE_X36Y21.SR      net (fanout=109)     10.848   btn_reset_IBUF
    SLICE_X36Y21.CLK     Tsrck                 0.381   u/pass_count<7>
                                                       u/campaign/pass_count_7
    -------------------------------------------------  ---------------------------
    Total                                     12.786ns (1.938ns logic, 10.848ns route)
                                                       (15.2% logic, 84.8% route)

  Minimum Clock Path at Slow Process Corner: clk_100mhz to u/campaign/pass_count_7
    Location             Delay type         Delay(ns)  Physical Resource
                                                       Logical Resource(s)
    -------------------------------------------------  -------------------
    V10.I                Tiopi                 1.344   clk_100mhz
                                                       clk_100mhz
                                                       clk_100mhz_BUFGP/IBUFG
                                                       ProtoComp132.IMUX
    BUFGMUX_X3Y13.I0     net (fanout=1)        0.866   clk_100mhz_BUFGP/IBUFG
    BUFGMUX_X3Y13.O      Tgi0o                 0.197   clk_100mhz_BUFGP/BUFG
                                                       clk_100mhz_BUFGP/BUFG
    SLICE_X36Y21.CLK     net (fanout=263)      0.881   clk_100mhz_BUFGP
    -------------------------------------------------  ---------------------------
    Total                                      3.288ns (1.541ns logic, 1.747ns route)
                                                       (46.9% logic, 53.1% route)

--------------------------------------------------------------------------------

Paths for end point u/campaign/pass_count_2 (SLICE_X36Y20.SR), 1 path
--------------------------------------------------------------------------------
Offset:                 9.505ns (data path - clock path + uncertainty)
  Source:               btn_reset (PAD)
  Destination:          u/campaign/pass_count_2 (FF)
  Destination Clock:    clk_100mhz_BUFGP rising at 0.000ns
  Data Path Delay:      12.771ns (Levels of Logic = 1)
  Clock Path Delay:     3.291ns (Levels of Logic = 2)
  Clock Uncertainty:    0.025ns

  Clock Uncertainty:          0.025ns  ((TSJ^2 + TIJ^2)^1/2 + DJ) / 2 + PE
    Total System Jitter (TSJ):  0.050ns
    Total Input Jitter (TIJ):   0.000ns
    Discrete Jitter (DJ):       0.000ns
    Phase Error (PE):           0.000ns

  Maximum Data Path at Slow Process Corner: btn_reset to u/campaign/pass_count_2
    Location             Delay type         Delay(ns)  Physical Resource
                                                       Logical Resource(s)
    -------------------------------------------------  -------------------
    B8.I                 Tiopi                 1.557   btn_reset
                                                       btn_reset
                                                       btn_reset_IBUF
                                                       ProtoComp132.IMUX.1
    SLICE_X36Y20.SR      net (fanout=109)     10.819   btn_reset_IBUF
    SLICE_X36Y20.CLK     Tsrck                 0.395   u/pass_count<3>
                                                       u/campaign/pass_count_2
    -------------------------------------------------  ---------------------------
    Total                                     12.771ns (1.952ns logic, 10.819ns route)
                                                       (15.3% logic, 84.7% route)

  Minimum Clock Path at Slow Process Corner: clk_100mhz to u/campaign/pass_count_2
    Location             Delay type         Delay(ns)  Physical Resource
                                                       Logical Resource(s)
    -------------------------------------------------  -------------------
    V10.I                Tiopi                 1.344   clk_100mhz
                                                       clk_100mhz
                                                       clk_100mhz_BUFGP/IBUFG
                                                       ProtoComp132.IMUX
    BUFGMUX_X3Y13.I0     net (fanout=1)        0.866   clk_100mhz_BUFGP/IBUFG
    BUFGMUX_X3Y13.O      Tgi0o                 0.197   clk_100mhz_BUFGP/BUFG
                                                       clk_100mhz_BUFGP/BUFG
    SLICE_X36Y20.CLK     net (fanout=263)      0.884   clk_100mhz_BUFGP
    -------------------------------------------------  ---------------------------
    Total                                      3.291ns (1.541ns logic, 1.750ns route)
                                                       (46.8% logic, 53.2% route)

--------------------------------------------------------------------------------

Paths for end point u/campaign/pass_count_3 (SLICE_X36Y20.SR), 1 path
--------------------------------------------------------------------------------
Offset:                 9.491ns (data path - clock path + uncertainty)
  Source:               btn_reset (PAD)
  Destination:          u/campaign/pass_count_3 (FF)
  Destination Clock:    clk_100mhz_BUFGP rising at 0.000ns
  Data Path Delay:      12.757ns (Levels of Logic = 1)
  Clock Path Delay:     3.291ns (Levels of Logic = 2)
  Clock Uncertainty:    0.025ns

  Clock Uncertainty:          0.025ns  ((TSJ^2 + TIJ^2)^1/2 + DJ) / 2 + PE
    Total System Jitter (TSJ):  0.050ns
    Total Input Jitter (TIJ):   0.000ns
    Discrete Jitter (DJ):       0.000ns
    Phase Error (PE):           0.000ns

  Maximum Data Path at Slow Process Corner: btn_reset to u/campaign/pass_count_3
    Location             Delay type         Delay(ns)  Physical Resource
                                                       Logical Resource(s)
    -------------------------------------------------  -------------------
    B8.I                 Tiopi                 1.557   btn_reset
                                                       btn_reset
                                                       btn_reset_IBUF
                                                       ProtoComp132.IMUX.1
    SLICE_X36Y20.SR      net (fanout=109)     10.819   btn_reset_IBUF
    SLICE_X36Y20.CLK     Tsrck                 0.381   u/pass_count<3>
                                                       u/campaign/pass_count_3
    -------------------------------------------------  ---------------------------
    Total                                     12.757ns (1.938ns logic, 10.819ns route)
                                                       (15.2% logic, 84.8% route)

  Minimum Clock Path at Slow Process Corner: clk_100mhz to u/campaign/pass_count_3
    Location             Delay type         Delay(ns)  Physical Resource
                                                       Logical Resource(s)
    -------------------------------------------------  -------------------
    V10.I                Tiopi                 1.344   clk_100mhz
                                                       clk_100mhz
                                                       clk_100mhz_BUFGP/IBUFG
                                                       ProtoComp132.IMUX
    BUFGMUX_X3Y13.I0     net (fanout=1)        0.866   clk_100mhz_BUFGP/IBUFG
    BUFGMUX_X3Y13.O      Tgi0o                 0.197   clk_100mhz_BUFGP/BUFG
                                                       clk_100mhz_BUFGP/BUFG
    SLICE_X36Y20.CLK     net (fanout=263)      0.884   clk_100mhz_BUFGP
    -------------------------------------------------  ---------------------------
    Total                                      3.291ns (1.541ns logic, 1.750ns route)
                                                       (46.8% logic, 53.2% route)

--------------------------------------------------------------------------------

Paths for end point u/campaign/replay_index_5 (SLICE_X37Y23.SR), 1 path
--------------------------------------------------------------------------------
Offset:                 9.417ns (data path - clock path + uncertainty)
  Source:               btn_reset (PAD)
  Destination:          u/campaign/replay_index_5 (FF)
  Destination Clock:    clk_100mhz_BUFGP rising at 0.000ns
  Data Path Delay:      12.675ns (Levels of Logic = 1)
  Clock Path Delay:     3.283ns (Levels of Logic = 2)
  Clock Uncertainty:    0.025ns

  Clock Uncertainty:          0.025ns  ((TSJ^2 + TIJ^2)^1/2 + DJ) / 2 + PE
    Total System Jitter (TSJ):  0.050ns
    Total Input Jitter (TIJ):   0.000ns
    Discrete Jitter (DJ):       0.000ns
    Phase Error (PE):           0.000ns

  Maximum Data Path at Slow Process Corner: btn_reset to u/campaign/replay_index_5
    Location             Delay type         Delay(ns)  Physical Resource
                                                       Logical Resource(s)
    -------------------------------------------------  -------------------
    B8.I                 Tiopi                 1.557   btn_reset
                                                       btn_reset
                                                       btn_reset_IBUF
                                                       ProtoComp132.IMUX.1
    SLICE_X37Y23.SR      net (fanout=109)     10.650   btn_reset_IBUF
    SLICE_X37Y23.CLK     Tsrck                 0.468   u/campaign/replay_index<5>
                                                       u/campaign/replay_index_5
    -------------------------------------------------  ---------------------------
    Total                                     12.675ns (2.025ns logic, 10.650ns route)
                                                       (16.0% logic, 84.0% route)

  Minimum Clock Path at Slow Process Corner: clk_100mhz to u/campaign/replay_index_5
    Location             Delay type         Delay(ns)  Physical Resource
                                                       Logical Resource(s)
    -------------------------------------------------  -------------------
    V10.I                Tiopi                 1.344   clk_100mhz
                                                       clk_100mhz
                                                       clk_100mhz_BUFGP/IBUFG
                                                       ProtoComp132.IMUX
    BUFGMUX_X3Y13.I0     net (fanout=1)        0.866   clk_100mhz_BUFGP/IBUFG
    BUFGMUX_X3Y13.O      Tgi0o                 0.197   clk_100mhz_BUFGP/BUFG
                                                       clk_100mhz_BUFGP/BUFG
    SLICE_X37Y23.CLK     net (fanout=263)      0.876   clk_100mhz_BUFGP
    -------------------------------------------------  ---------------------------
    Total                                      3.283ns (1.541ns logic, 1.742ns route)
                                                       (46.9% logic, 53.1% route)

--------------------------------------------------------------------------------

Paths for end point u/campaign/campaign_done (SLICE_X36Y23.SR), 1 path
--------------------------------------------------------------------------------
Offset:                 9.367ns (data path - clock path + uncertainty)
  Source:               btn_reset (PAD)
  Destination:          u/campaign/campaign_done (FF)
  Destination Clock:    clk_100mhz_BUFGP rising at 0.000ns
  Data Path Delay:      12.625ns (Levels of Logic = 1)
  Clock Path Delay:     3.283ns (Levels of Logic = 2)
  Clock Uncertainty:    0.025ns

  Clock Uncertainty:          0.025ns  ((TSJ^2 + TIJ^2)^1/2 + DJ) / 2 + PE
    Total System Jitter (TSJ):  0.050ns
    Total Input Jitter (TIJ):   0.000ns
    Discrete Jitter (DJ):       0.000ns
    Phase Error (PE):           0.000ns

  Maximum Data Path at Slow Process Corner: btn_reset to u/campaign/campaign_done
    Location             Delay type         Delay(ns)  Physical Resource
                                                       Logical Resource(s)
    -------------------------------------------------  -------------------
    B8.I                 Tiopi                 1.557   btn_reset
                                                       btn_reset
                                                       btn_reset_IBUF
                                                       ProtoComp132.IMUX.1
    SLICE_X36Y23.SR      net (fanout=109)     10.650   btn_reset_IBUF
    SLICE_X36Y23.CLK     Tsrck                 0.418   u/campaign_done
                                                       u/campaign/campaign_done
    -------------------------------------------------  ---------------------------
    Total                                     12.625ns (1.975ns logic, 10.650ns route)
                                                       (15.6% logic, 84.4% route)

  Minimum Clock Path at Slow Process Corner: clk_100mhz to u/campaign/campaign_done
    Location             Delay type         Delay(ns)  Physical Resource
                                                       Logical Resource(s)
    -------------------------------------------------  -------------------
    V10.I                Tiopi                 1.344   clk_100mhz
                                                       clk_100mhz
                                                       clk_100mhz_BUFGP/IBUFG
                                                       ProtoComp132.IMUX
    BUFGMUX_X3Y13.I0     net (fanout=1)        0.866   clk_100mhz_BUFGP/IBUFG
    BUFGMUX_X3Y13.O      Tgi0o                 0.197   clk_100mhz_BUFGP/BUFG
                                                       clk_100mhz_BUFGP/BUFG
    SLICE_X36Y23.CLK     net (fanout=263)      0.876   clk_100mhz_BUFGP
    -------------------------------------------------  ---------------------------
    Total                                      3.283ns (1.541ns logic, 1.742ns route)
                                                       (46.9% logic, 53.1% route)

--------------------------------------------------------------------------------

================================================================================
Timing constraint: Unconstrained OFFSET OUT AFTER analysis for clock 
"clk_100mhz_BUFGP" 

 1247 paths analyzed, 14 endpoints analyzed, 0 failing endpoints
 0 timing errors detected.
 Maximum allowable offset is  15.992ns.
--------------------------------------------------------------------------------

Paths for end point seg_n<2> (U17.PAD), 171 paths
--------------------------------------------------------------------------------
Offset:                 15.992ns (clock path + data path + uncertainty)
  Source:               u/campaign/records_completed_3 (FF)
  Destination:          seg_n<2> (PAD)
  Source Clock:         clk_100mhz_BUFGP rising at 0.000ns
  Data Path Delay:      12.017ns (Levels of Logic = 6)
  Clock Path Delay:     3.950ns (Levels of Logic = 2)
  Clock Uncertainty:    0.025ns

  Clock Uncertainty:          0.025ns  ((TSJ^2 + TIJ^2)^1/2 + DJ) / 2 + PE
    Total System Jitter (TSJ):  0.050ns
    Total Input Jitter (TIJ):   0.000ns
    Discrete Jitter (DJ):       0.000ns
    Phase Error (PE):           0.000ns

  Maximum Clock Path at Slow Process Corner: clk_100mhz to u/campaign/records_completed_3
    Location             Delay type         Delay(ns)  Physical Resource
                                                       Logical Resource(s)
    -------------------------------------------------  -------------------
    V10.I                Tiopi                 1.557   clk_100mhz
                                                       clk_100mhz
                                                       clk_100mhz_BUFGP/IBUFG
                                                       ProtoComp132.IMUX
    BUFGMUX_X3Y13.I0     net (fanout=1)        1.050   clk_100mhz_BUFGP/IBUFG
    BUFGMUX_X3Y13.O      Tgi0o                 0.209   clk_100mhz_BUFGP/BUFG
                                                       clk_100mhz_BUFGP/BUFG
    SLICE_X36Y12.CLK     net (fanout=263)      1.134   clk_100mhz_BUFGP
    -------------------------------------------------  ---------------------------
    Total                                      3.950ns (1.766ns logic, 2.184ns route)
                                                       (44.7% logic, 55.3% route)

  Maximum Data Path at Slow Process Corner: u/campaign/records_completed_3 to seg_n<2>
    Location             Delay type         Delay(ns)  Physical Resource
                                                       Logical Resource(s)
    -------------------------------------------------  -------------------
    SLICE_X36Y12.BMUX    Tshcko                0.535   u/records_completed<5>
                                                       u/campaign/records_completed_3
    SLICE_X35Y11.A1      net (fanout=7)        1.188   u/records_completed<3>
    SLICE_X35Y11.A       Tilo                  0.259   u/records_completed[6]_PWR_2_o_mod_0/a[4]_a[6]_MUX_93_o
                                                       u/records_completed[6]_PWR_2_o_mod_0/Mmux_a[0]_a[6]_MUX_97_o131
    SLICE_X35Y11.B3      net (fanout=2)        0.968   u/records_completed[6]_PWR_2_o_mod_0/a[3]_a[6]_MUX_94_o
    SLICE_X35Y11.BMUX    Tilo                  0.337   u/records_completed[6]_PWR_2_o_mod_0/a[4]_a[6]_MUX_93_o
                                                       u/records_completed[6]_PWR_2_o_mod_0/Mmux_a[0]_a[6]_MUX_104_o121
    SLICE_X35Y10.B1      net (fanout=2)        0.745   u/records_completed[6]_PWR_2_o_mod_0/a[2]_a[6]_MUX_102_o
    SLICE_X35Y10.B       Tilo                  0.259   u/ones<2>
                                                       u/records_completed[6]_PWR_2_o_mod_0/Mmux_o21
    SLICE_X35Y9.B2       net (fanout=1)        0.727   u/ones<1>
    SLICE_X35Y9.B        Tilo                  0.259   u/digit<1>
                                                       u/Mmux_digit<1>11
    SLICE_X37Y9.D1       net (fanout=4)        0.750   u/digit<1>
    SLICE_X37Y9.DMUX     Tilo                  0.337   seg_n_5_OBUF
                                                       u/Mram_seg_n21
    U17.O                net (fanout=1)        2.671   seg_n_2_OBUF
    U17.PAD              Tioop                 2.982   seg_n<2>
                                                       seg_n_2_OBUF
                                                       seg_n<2>
    -------------------------------------------------  ---------------------------
    Total                                     12.017ns (4.968ns logic, 7.049ns route)
                                                       (41.3% logic, 58.7% route)

--------------------------------------------------------------------------------
Offset:                 15.815ns (clock path + data path + uncertainty)
  Source:               u/campaign/records_completed_3 (FF)
  Destination:          seg_n<2> (PAD)
  Source Clock:         clk_100mhz_BUFGP rising at 0.000ns
  Data Path Delay:      11.840ns (Levels of Logic = 6)
  Clock Path Delay:     3.950ns (Levels of Logic = 2)
  Clock Uncertainty:    0.025ns

  Clock Uncertainty:          0.025ns  ((TSJ^2 + TIJ^2)^1/2 + DJ) / 2 + PE
    Total System Jitter (TSJ):  0.050ns
    Total Input Jitter (TIJ):   0.000ns
    Discrete Jitter (DJ):       0.000ns
    Phase Error (PE):           0.000ns

  Maximum Clock Path at Slow Process Corner: clk_100mhz to u/campaign/records_completed_3
    Location             Delay type         Delay(ns)  Physical Resource
                                                       Logical Resource(s)
    -------------------------------------------------  -------------------
    V10.I                Tiopi                 1.557   clk_100mhz
                                                       clk_100mhz
                                                       clk_100mhz_BUFGP/IBUFG
                                                       ProtoComp132.IMUX
    BUFGMUX_X3Y13.I0     net (fanout=1)        1.050   clk_100mhz_BUFGP/IBUFG
    BUFGMUX_X3Y13.O      Tgi0o                 0.209   clk_100mhz_BUFGP/BUFG
                                                       clk_100mhz_BUFGP/BUFG
    SLICE_X36Y12.CLK     net (fanout=263)      1.134   clk_100mhz_BUFGP
    -------------------------------------------------  ---------------------------
    Total                                      3.950ns (1.766ns logic, 2.184ns route)
                                                       (44.7% logic, 55.3% route)

  Maximum Data Path at Slow Process Corner: u/campaign/records_completed_3 to seg_n<2>
    Location             Delay type         Delay(ns)  Physical Resource
                                                       Logical Resource(s)
    -------------------------------------------------  -------------------
    SLICE_X36Y12.BMUX    Tshcko                0.535   u/records_completed<5>
                                                       u/campaign/records_completed_3
    SLICE_X35Y11.A1      net (fanout=7)        1.188   u/records_completed<3>
    SLICE_X35Y11.AMUX    Tilo                  0.337   u/records_completed[6]_PWR_2_o_mod_0/a[4]_a[6]_MUX_93_o
                                                       u/records_completed[6]_PWR_2_o_mod_0/Mmux_a[5]_a[6]_MUX_92_o11
    SLICE_X35Y11.B1      net (fanout=2)        0.713   u/records_completed[6]_PWR_2_o_mod_0/a[5]_a[6]_MUX_92_o
    SLICE_X35Y11.BMUX    Tilo                  0.337   u/records_completed[6]_PWR_2_o_mod_0/a[4]_a[6]_MUX_93_o
                                                       u/records_completed[6]_PWR_2_o_mod_0/Mmux_a[0]_a[6]_MUX_104_o121
    SLICE_X35Y10.B1      net (fanout=2)        0.745   u/records_completed[6]_PWR_2_o_mod_0/a[2]_a[6]_MUX_102_o
    SLICE_X35Y10.B       Tilo                  0.259   u/ones<2>
                                                       u/records_completed[6]_PWR_2_o_mod_0/Mmux_o21
    SLICE_X35Y9.B2       net (fanout=1)        0.727   u/ones<1>
    SLICE_X35Y9.B        Tilo                  0.259   u/digit<1>
                                                       u/Mmux_digit<1>11
    SLICE_X37Y9.D1       net (fanout=4)        0.750   u/digit<1>
    SLICE_X37Y9.DMUX     Tilo                  0.337   seg_n_5_OBUF
                                                       u/Mram_seg_n21
    U17.O                net (fanout=1)        2.671   seg_n_2_OBUF
    U17.PAD              Tioop                 2.982   seg_n<2>
                                                       seg_n_2_OBUF
                                                       seg_n<2>
    -------------------------------------------------  ---------------------------
    Total                                     11.840ns (5.046ns logic, 6.794ns route)
                                                       (42.6% logic, 57.4% route)

--------------------------------------------------------------------------------
Offset:                 15.719ns (clock path + data path + uncertainty)
  Source:               u/campaign/records_completed_6 (FF)
  Destination:          seg_n<2> (PAD)
  Source Clock:         clk_100mhz_BUFGP rising at 0.000ns
  Data Path Delay:      11.744ns (Levels of Logic = 6)
  Clock Path Delay:     3.950ns (Levels of Logic = 2)
  Clock Uncertainty:    0.025ns

  Clock Uncertainty:          0.025ns  ((TSJ^2 + TIJ^2)^1/2 + DJ) / 2 + PE
    Total System Jitter (TSJ):  0.050ns
    Total Input Jitter (TIJ):   0.000ns
    Discrete Jitter (DJ):       0.000ns
    Phase Error (PE):           0.000ns

  Maximum Clock Path at Slow Process Corner: clk_100mhz to u/campaign/records_completed_6
    Location             Delay type         Delay(ns)  Physical Resource
                                                       Logical Resource(s)
    -------------------------------------------------  -------------------
    V10.I                Tiopi                 1.557   clk_100mhz
                                                       clk_100mhz
                                                       clk_100mhz_BUFGP/IBUFG
                                                       ProtoComp132.IMUX
    BUFGMUX_X3Y13.I0     net (fanout=1)        1.050   clk_100mhz_BUFGP/IBUFG
    BUFGMUX_X3Y13.O      Tgi0o                 0.209   clk_100mhz_BUFGP/BUFG
                                                       clk_100mhz_BUFGP/BUFG
    SLICE_X37Y12.CLK     net (fanout=263)      1.134   clk_100mhz_BUFGP
    -------------------------------------------------  ---------------------------
    Total                                      3.950ns (1.766ns logic, 2.184ns route)
                                                       (44.7% logic, 55.3% route)

  Maximum Data Path at Slow Process Corner: u/campaign/records_completed_6 to seg_n<2>
    Location             Delay type         Delay(ns)  Physical Resource
                                                       Logical Resource(s)
    -------------------------------------------------  -------------------
    SLICE_X37Y12.AQ      Tcko                  0.430   u/ones<0>
                                                       u/campaign/records_completed_6
    SLICE_X35Y11.A2      net (fanout=6)        1.020   u/records_completed<6>
    SLICE_X35Y11.A       Tilo                  0.259   u/records_completed[6]_PWR_2_o_mod_0/a[4]_a[6]_MUX_93_o
                                                       u/records_completed[6]_PWR_2_o_mod_0/Mmux_a[0]_a[6]_MUX_97_o131
    SLICE_X35Y11.B3      net (fanout=2)        0.968   u/records_completed[6]_PWR_2_o_mod_0/a[3]_a[6]_MUX_94_o
    SLICE_X35Y11.BMUX    Tilo                  0.337   u/records_completed[6]_PWR_2_o_mod_0/a[4]_a[6]_MUX_93_o
                                                       u/records_completed[6]_PWR_2_o_mod_0/Mmux_a[0]_a[6]_MUX_104_o121
    SLICE_X35Y10.B1      net (fanout=2)        0.745   u/records_completed[6]_PWR_2_o_mod_0/a[2]_a[6]_MUX_102_o
    SLICE_X35Y10.B       Tilo                  0.259   u/ones<2>
                                                       u/records_completed[6]_PWR_2_o_mod_0/Mmux_o21
    SLICE_X35Y9.B2       net (fanout=1)        0.727   u/ones<1>
    SLICE_X35Y9.B        Tilo                  0.259   u/digit<1>
                                                       u/Mmux_digit<1>11
    SLICE_X37Y9.D1       net (fanout=4)        0.750   u/digit<1>
    SLICE_X37Y9.DMUX     Tilo                  0.337   seg_n_5_OBUF
                                                       u/Mram_seg_n21
    U17.O                net (fanout=1)        2.671   seg_n_2_OBUF
    U17.PAD              Tioop                 2.982   seg_n<2>
                                                       seg_n_2_OBUF
                                                       seg_n<2>
    -------------------------------------------------  ---------------------------
    Total                                     11.744ns (4.863ns logic, 6.881ns route)
                                                       (41.4% logic, 58.6% route)

--------------------------------------------------------------------------------
Offset:                 15.594ns (clock path + data path + uncertainty)
  Source:               u/campaign/records_completed_3 (FF)
  Destination:          seg_n<2> (PAD)
  Source Clock:         clk_100mhz_BUFGP rising at 0.000ns
  Data Path Delay:      11.619ns (Levels of Logic = 6)
  Clock Path Delay:     3.950ns (Levels of Logic = 2)
  Clock Uncertainty:    0.025ns

  Clock Uncertainty:          0.025ns  ((TSJ^2 + TIJ^2)^1/2 + DJ) / 2 + PE
    Total System Jitter (TSJ):  0.050ns
    Total Input Jitter (TIJ):   0.000ns
    Discrete Jitter (DJ):       0.000ns
    Phase Error (PE):           0.000ns

  Maximum Clock Path at Slow Process Corner: clk_100mhz to u/campaign/records_completed_3
    Location             Delay type         Delay(ns)  Physical Resource
                                                       Logical Resource(s)
    -------------------------------------------------  -------------------
    V10.I                Tiopi                 1.557   clk_100mhz
                                                       clk_100mhz
                                                       clk_100mhz_BUFGP/IBUFG
                                                       ProtoComp132.IMUX
    BUFGMUX_X3Y13.I0     net (fanout=1)        1.050   clk_100mhz_BUFGP/IBUFG
    BUFGMUX_X3Y13.O      Tgi0o                 0.209   clk_100mhz_BUFGP/BUFG
                                                       clk_100mhz_BUFGP/BUFG
    SLICE_X36Y12.CLK     net (fanout=263)      1.134   clk_100mhz_BUFGP
    -------------------------------------------------  ---------------------------
    Total                                      3.950ns (1.766ns logic, 2.184ns route)
                                                       (44.7% logic, 55.3% route)

  Maximum Data Path at Slow Process Corner: u/campaign/records_completed_3 to seg_n<2>
    Location             Delay type         Delay(ns)  Physical Resource
                                                       Logical Resource(s)
    -------------------------------------------------  -------------------
    SLICE_X36Y12.BMUX    Tshcko                0.535   u/records_completed<5>
                                                       u/campaign/records_completed_3
    SLICE_X35Y11.A1      net (fanout=7)        1.188   u/records_completed<3>
    SLICE_X35Y11.A       Tilo                  0.259   u/records_completed[6]_PWR_2_o_mod_0/a[4]_a[6]_MUX_93_o
                                                       u/records_completed[6]_PWR_2_o_mod_0/Mmux_a[0]_a[6]_MUX_97_o131
    SLICE_X35Y11.B3      net (fanout=2)        0.968   u/records_completed[6]_PWR_2_o_mod_0/a[3]_a[6]_MUX_94_o
    SLICE_X35Y11.B       Tilo                  0.259   u/records_completed[6]_PWR_2_o_mod_0/a[4]_a[6]_MUX_93_o
                                                       u/records_completed[6]_PWR_2_o_mod_0/Mmux_a[0]_a[6]_MUX_104_o131
    SLICE_X35Y10.B5      net (fanout=2)        0.425   u/records_completed[6]_PWR_2_o_mod_0/a[3]_a[6]_MUX_101_o
    SLICE_X35Y10.B       Tilo                  0.259   u/ones<2>
                                                       u/records_completed[6]_PWR_2_o_mod_0/Mmux_o21
    SLICE_X35Y9.B2       net (fanout=1)        0.727   u/ones<1>
    SLICE_X35Y9.B        Tilo                  0.259   u/digit<1>
                                                       u/Mmux_digit<1>11
    SLICE_X37Y9.D1       net (fanout=4)        0.750   u/digit<1>
    SLICE_X37Y9.DMUX     Tilo                  0.337   seg_n_5_OBUF
                                                       u/Mram_seg_n21
    U17.O                net (fanout=1)        2.671   seg_n_2_OBUF
    U17.PAD              Tioop                 2.982   seg_n<2>
                                                       seg_n_2_OBUF
                                                       seg_n<2>
    -------------------------------------------------  ---------------------------
    Total                                     11.619ns (4.890ns logic, 6.729ns route)
                                                       (42.1% logic, 57.9% route)

--------------------------------------------------------------------------------
Offset:                 15.591ns (clock path + data path + uncertainty)
  Source:               u/campaign/records_completed_3 (FF)
  Destination:          seg_n<2> (PAD)
  Source Clock:         clk_100mhz_BUFGP rising at 0.000ns
  Data Path Delay:      11.616ns (Levels of Logic = 6)
  Clock Path Delay:     3.950ns (Levels of Logic = 2)
  Clock Uncertainty:    0.025ns

  Clock Uncertainty:          0.025ns  ((TSJ^2 + TIJ^2)^1/2 + DJ) / 2 + PE
    Total System Jitter (TSJ):  0.050ns
    Total Input Jitter (TIJ):   0.000ns
    Discrete Jitter (DJ):       0.000ns
    Phase Error (PE):           0.000ns

  Maximum Clock Path at Slow Process Corner: clk_100mhz to u/campaign/records_completed_3
    Location             Delay type         Delay(ns)  Physical Resource
                                                       Logical Resource(s)
    -------------------------------------------------  -------------------
    V10.I                Tiopi                 1.557   clk_100mhz
                                                       clk_100mhz
                                                       clk_100mhz_BUFGP/IBUFG
                                                       ProtoComp132.IMUX
    BUFGMUX_X3Y13.I0     net (fanout=1)        1.050   clk_100mhz_BUFGP/IBUFG
    BUFGMUX_X3Y13.O      Tgi0o                 0.209   clk_100mhz_BUFGP/BUFG
                                                       clk_100mhz_BUFGP/BUFG
    SLICE_X36Y12.CLK     net (fanout=263)      1.134   clk_100mhz_BUFGP
    -------------------------------------------------  ---------------------------
    Total                                      3.950ns (1.766ns logic, 2.184ns route)
                                                       (44.7% logic, 55.3% route)

  Maximum Data Path at Slow Process Corner: u/campaign/records_completed_3 to seg_n<2>
    Location             Delay type         Delay(ns)  Physical Resource
                                                       Logical Resource(s)
    -------------------------------------------------  -------------------
    SLICE_X36Y12.BMUX    Tshcko                0.535   u/records_completed<5>
                                                       u/campaign/records_completed_3
    SLICE_X35Y11.A1      net (fanout=7)        1.188   u/records_completed<3>
    SLICE_X35Y11.A       Tilo                  0.259   u/records_completed[6]_PWR_2_o_mod_0/a[4]_a[6]_MUX_93_o
                                                       u/records_completed[6]_PWR_2_o_mod_0/Mmux_a[0]_a[6]_MUX_97_o131
    SLICE_X35Y11.B3      net (fanout=2)        0.968   u/records_completed[6]_PWR_2_o_mod_0/a[3]_a[6]_MUX_94_o
    SLICE_X35Y11.BMUX    Tilo                  0.337   u/records_completed[6]_PWR_2_o_mod_0/a[4]_a[6]_MUX_93_o
                                                       u/records_completed[6]_PWR_2_o_mod_0/Mmux_a[0]_a[6]_MUX_104_o121
    SLICE_X35Y10.B1      net (fanout=2)        0.745   u/records_completed[6]_PWR_2_o_mod_0/a[2]_a[6]_MUX_102_o
    SLICE_X35Y10.BMUX    Tilo                  0.337   u/ones<2>
                                                       u/records_completed[6]_PWR_2_o_mod_0/Mmux_o41
    SLICE_X37Y9.A3       net (fanout=1)        0.594   u/ones<3>
    SLICE_X37Y9.A        Tilo                  0.259   seg_n_5_OBUF
                                                       u/Mmux_digit<3>11
    SLICE_X37Y9.D3       net (fanout=4)        0.404   u/digit<3>
    SLICE_X37Y9.DMUX     Tilo                  0.337   seg_n_5_OBUF
                                                       u/Mram_seg_n21
    U17.O                net (fanout=1)        2.671   seg_n_2_OBUF
    U17.PAD              Tioop                 2.982   seg_n<2>
                                                       seg_n_2_OBUF
                                                       seg_n<2>
    -------------------------------------------------  ---------------------------
    Total                                     11.616ns (5.046ns logic, 6.570ns route)
                                                       (43.4% logic, 56.6% route)

--------------------------------------------------------------------------------
Offset:                 15.579ns (clock path + data path + uncertainty)
  Source:               u/campaign/records_completed_3 (FF)
  Destination:          seg_n<2> (PAD)
  Source Clock:         clk_100mhz_BUFGP rising at 0.000ns
  Data Path Delay:      11.604ns (Levels of Logic = 6)
  Clock Path Delay:     3.950ns (Levels of Logic = 2)
  Clock Uncertainty:    0.025ns

  Clock Uncertainty:          0.025ns  ((TSJ^2 + TIJ^2)^1/2 + DJ) / 2 + PE
    Total System Jitter (TSJ):  0.050ns
    Total Input Jitter (TIJ):   0.000ns
    Discrete Jitter (DJ):       0.000ns
    Phase Error (PE):           0.000ns

  Maximum Clock Path at Slow Process Corner: clk_100mhz to u/campaign/records_completed_3
    Location             Delay type         Delay(ns)  Physical Resource
                                                       Logical Resource(s)
    -------------------------------------------------  -------------------
    V10.I                Tiopi                 1.557   clk_100mhz
                                                       clk_100mhz
                                                       clk_100mhz_BUFGP/IBUFG
                                                       ProtoComp132.IMUX
    BUFGMUX_X3Y13.I0     net (fanout=1)        1.050   clk_100mhz_BUFGP/IBUFG
    BUFGMUX_X3Y13.O      Tgi0o                 0.209   clk_100mhz_BUFGP/BUFG
                                                       clk_100mhz_BUFGP/BUFG
    SLICE_X36Y12.CLK     net (fanout=263)      1.134   clk_100mhz_BUFGP
    -------------------------------------------------  ---------------------------
    Total                                      3.950ns (1.766ns logic, 2.184ns route)
                                                       (44.7% logic, 55.3% route)

  Maximum Data Path at Slow Process Corner: u/campaign/records_completed_3 to seg_n<2>
    Location             Delay type         Delay(ns)  Physical Resource
                                                       Logical Resource(s)
    -------------------------------------------------  -------------------
    SLICE_X36Y12.BMUX    Tshcko                0.535   u/records_completed<5>
                                                       u/campaign/records_completed_3
    SLICE_X35Y11.A1      net (fanout=7)        1.188   u/records_completed<3>
    SLICE_X35Y11.AMUX    Tilo                  0.337   u/records_completed[6]_PWR_2_o_mod_0/a[4]_a[6]_MUX_93_o
                                                       u/records_completed[6]_PWR_2_o_mod_0/Mmux_a[5]_a[6]_MUX_92_o11
    SLICE_X35Y10.A6      net (fanout=2)        0.743   u/records_completed[6]_PWR_2_o_mod_0/a[5]_a[6]_MUX_92_o
    SLICE_X35Y10.A       Tilo                  0.259   u/ones<2>
                                                       u/records_completed[6]_PWR_2_o_mod_0/BUS_0008_INV_67_o1_SW0
    SLICE_X35Y10.B4      net (fanout=2)        0.557   u/records_completed[6]_PWR_2_o_mod_0/N01
    SLICE_X35Y10.B       Tilo                  0.259   u/ones<2>
                                                       u/records_completed[6]_PWR_2_o_mod_0/Mmux_o21
    SLICE_X35Y9.B2       net (fanout=1)        0.727   u/ones<1>
    SLICE_X35Y9.B        Tilo                  0.259   u/digit<1>
                                                       u/Mmux_digit<1>11
    SLICE_X37Y9.D1       net (fanout=4)        0.750   u/digit<1>
    SLICE_X37Y9.DMUX     Tilo                  0.337   seg_n_5_OBUF
                                                       u/Mram_seg_n21
    U17.O                net (fanout=1)        2.671   seg_n_2_OBUF
    U17.PAD              Tioop                 2.982   seg_n<2>
                                                       seg_n_2_OBUF
                                                       seg_n<2>
    -------------------------------------------------  ---------------------------
    Total                                     11.604ns (4.968ns logic, 6.636ns route)
                                                       (42.8% logic, 57.2% route)

--------------------------------------------------------------------------------
Offset:                 15.542ns (clock path + data path + uncertainty)
  Source:               u/campaign/records_completed_6 (FF)
  Destination:          seg_n<2> (PAD)
  Source Clock:         clk_100mhz_BUFGP rising at 0.000ns
  Data Path Delay:      11.567ns (Levels of Logic = 6)
  Clock Path Delay:     3.950ns (Levels of Logic = 2)
  Clock Uncertainty:    0.025ns

  Clock Uncertainty:          0.025ns  ((TSJ^2 + TIJ^2)^1/2 + DJ) / 2 + PE
    Total System Jitter (TSJ):  0.050ns
    Total Input Jitter (TIJ):   0.000ns
    Discrete Jitter (DJ):       0.000ns
    Phase Error (PE):           0.000ns

  Maximum Clock Path at Slow Process Corner: clk_100mhz to u/campaign/records_completed_6
    Location             Delay type         Delay(ns)  Physical Resource
                                                       Logical Resource(s)
    -------------------------------------------------  -------------------
    V10.I                Tiopi                 1.557   clk_100mhz
                                                       clk_100mhz
                                                       clk_100mhz_BUFGP/IBUFG
                                                       ProtoComp132.IMUX
    BUFGMUX_X3Y13.I0     net (fanout=1)        1.050   clk_100mhz_BUFGP/IBUFG
    BUFGMUX_X3Y13.O      Tgi0o                 0.209   clk_100mhz_BUFGP/BUFG
                                                       clk_100mhz_BUFGP/BUFG
    SLICE_X37Y12.CLK     net (fanout=263)      1.134   clk_100mhz_BUFGP
    -------------------------------------------------  ---------------------------
    Total                                      3.950ns (1.766ns logic, 2.184ns route)
                                                       (44.7% logic, 55.3% route)

  Maximum Data Path at Slow Process Corner: u/campaign/records_completed_6 to seg_n<2>
    Location             Delay type         Delay(ns)  Physical Resource
                                                       Logical Resource(s)
    -------------------------------------------------  -------------------
    SLICE_X37Y12.AQ      Tcko                  0.430   u/ones<0>
                                                       u/campaign/records_completed_6
    SLICE_X35Y11.A2      net (fanout=6)        1.020   u/records_completed<6>
    SLICE_X35Y11.AMUX    Tilo                  0.337   u/records_completed[6]_PWR_2_o_mod_0/a[4]_a[6]_MUX_93_o
                                                       u/records_completed[6]_PWR_2_o_mod_0/Mmux_a[5]_a[6]_MUX_92_o11
    SLICE_X35Y11.B1      net (fanout=2)        0.713   u/records_completed[6]_PWR_2_o_mod_0/a[5]_a[6]_MUX_92_o
    SLICE_X35Y11.BMUX    Tilo                  0.337   u/records_completed[6]_PWR_2_o_mod_0/a[4]_a[6]_MUX_93_o
                                                       u/records_completed[6]_PWR_2_o_mod_0/Mmux_a[0]_a[6]_MUX_104_o121
    SLICE_X35Y10.B1      net (fanout=2)        0.745   u/records_completed[6]_PWR_2_o_mod_0/a[2]_a[6]_MUX_102_o
    SLICE_X35Y10.B       Tilo                  0.259   u/ones<2>
                                                       u/records_completed[6]_PWR_2_o_mod_0/Mmux_o21
    SLICE_X35Y9.B2       net (fanout=1)        0.727   u/ones<1>
    SLICE_X35Y9.B        Tilo                  0.259   u/digit<1>
                                                       u/Mmux_digit<1>11
    SLICE_X37Y9.D1       net (fanout=4)        0.750   u/digit<1>
    SLICE_X37Y9.DMUX     Tilo                  0.337   seg_n_5_OBUF
                                                       u/Mram_seg_n21
    U17.O                net (fanout=1)        2.671   seg_n_2_OBUF
    U17.PAD              Tioop                 2.982   seg_n<2>
                                                       seg_n_2_OBUF
                                                       seg_n<2>
    -------------------------------------------------  ---------------------------
    Total                                     11.567ns (4.941ns logic, 6.626ns route)
                                                       (42.7% logic, 57.3% route)

--------------------------------------------------------------------------------
Offset:                 15.487ns (clock path + data path + uncertainty)
  Source:               u/campaign/records_completed_3 (FF)
  Destination:          seg_n<2> (PAD)
  Source Clock:         clk_100mhz_BUFGP rising at 0.000ns
  Data Path Delay:      11.512ns (Levels of Logic = 6)
  Clock Path Delay:     3.950ns (Levels of Logic = 2)
  Clock Uncertainty:    0.025ns

  Clock Uncertainty:          0.025ns  ((TSJ^2 + TIJ^2)^1/2 + DJ) / 2 + PE
    Total System Jitter (TSJ):  0.050ns
    Total Input Jitter (TIJ):   0.000ns
    Discrete Jitter (DJ):       0.000ns
    Phase Error (PE):           0.000ns

  Maximum Clock Path at Slow Process Corner: clk_100mhz to u/campaign/records_completed_3
    Location             Delay type         Delay(ns)  Physical Resource
                                                       Logical Resource(s)
    -------------------------------------------------  -------------------
    V10.I                Tiopi                 1.557   clk_100mhz
                                                       clk_100mhz
                                                       clk_100mhz_BUFGP/IBUFG
                                                       ProtoComp132.IMUX
    BUFGMUX_X3Y13.I0     net (fanout=1)        1.050   clk_100mhz_BUFGP/IBUFG
    BUFGMUX_X3Y13.O      Tgi0o                 0.209   clk_100mhz_BUFGP/BUFG
                                                       clk_100mhz_BUFGP/BUFG
    SLICE_X36Y12.CLK     net (fanout=263)      1.134   clk_100mhz_BUFGP
    -------------------------------------------------  ---------------------------
    Total                                      3.950ns (1.766ns logic, 2.184ns route)
                                                       (44.7% logic, 55.3% route)

  Maximum Data Path at Slow Process Corner: u/campaign/records_completed_3 to seg_n<2>
    Location             Delay type         Delay(ns)  Physical Resource
                                                       Logical Resource(s)
    -------------------------------------------------  -------------------
    SLICE_X36Y12.BMUX    Tshcko                0.535   u/records_completed<5>
                                                       u/campaign/records_completed_3
    SLICE_X35Y11.A1      net (fanout=7)        1.188   u/records_completed<3>
    SLICE_X35Y11.A       Tilo                  0.259   u/records_completed[6]_PWR_2_o_mod_0/a[4]_a[6]_MUX_93_o
                                                       u/records_completed[6]_PWR_2_o_mod_0/Mmux_a[0]_a[6]_MUX_97_o131
    SLICE_X35Y10.A1      net (fanout=2)        0.729   u/records_completed[6]_PWR_2_o_mod_0/a[3]_a[6]_MUX_94_o
    SLICE_X35Y10.A       Tilo                  0.259   u/ones<2>
                                                       u/records_completed[6]_PWR_2_o_mod_0/BUS_0008_INV_67_o1_SW0
    SLICE_X35Y10.B4      net (fanout=2)        0.557   u/records_completed[6]_PWR_2_o_mod_0/N01
    SLICE_X35Y10.B       Tilo                  0.259   u/ones<2>
                                                       u/records_completed[6]_PWR_2_o_mod_0/Mmux_o21
    SLICE_X35Y9.B2       net (fanout=1)        0.727   u/ones<1>
    SLICE_X35Y9.B        Tilo                  0.259   u/digit<1>
                                                       u/Mmux_digit<1>11
    SLICE_X37Y9.D1       net (fanout=4)        0.750   u/digit<1>
    SLICE_X37Y9.DMUX     Tilo                  0.337   seg_n_5_OBUF
                                                       u/Mram_seg_n21
    U17.O                net (fanout=1)        2.671   seg_n_2_OBUF
    U17.PAD              Tioop                 2.982   seg_n<2>
                                                       seg_n_2_OBUF
                                                       seg_n<2>
    -------------------------------------------------  ---------------------------
    Total                                     11.512ns (4.890ns logic, 6.622ns route)
                                                       (42.5% logic, 57.5% route)

--------------------------------------------------------------------------------
Offset:                 15.428ns (clock path + data path + uncertainty)
  Source:               u/campaign/records_completed_4 (FF)
  Destination:          seg_n<2> (PAD)
  Source Clock:         clk_100mhz_BUFGP rising at 0.000ns
  Data Path Delay:      11.453ns (Levels of Logic = 6)
  Clock Path Delay:     3.950ns (Levels of Logic = 2)
  Clock Uncertainty:    0.025ns

  Clock Uncertainty:          0.025ns  ((TSJ^2 + TIJ^2)^1/2 + DJ) / 2 + PE
    Total System Jitter (TSJ):  0.050ns
    Total Input Jitter (TIJ):   0.000ns
    Discrete Jitter (DJ):       0.000ns
    Phase Error (PE):           0.000ns

  Maximum Clock Path at Slow Process Corner: clk_100mhz to u/campaign/records_completed_4
    Location             Delay type         Delay(ns)  Physical Resource
                                                       Logical Resource(s)
    -------------------------------------------------  -------------------
    V10.I                Tiopi                 1.557   clk_100mhz
                                                       clk_100mhz
                                                       clk_100mhz_BUFGP/IBUFG
                                                       ProtoComp132.IMUX
    BUFGMUX_X3Y13.I0     net (fanout=1)        1.050   clk_100mhz_BUFGP/IBUFG
    BUFGMUX_X3Y13.O      Tgi0o                 0.209   clk_100mhz_BUFGP/BUFG
                                                       clk_100mhz_BUFGP/BUFG
    SLICE_X37Y12.CLK     net (fanout=263)      1.134   clk_100mhz_BUFGP
    -------------------------------------------------  ---------------------------
    Total                                      3.950ns (1.766ns logic, 2.184ns route)
                                                       (44.7% logic, 55.3% route)

  Maximum Data Path at Slow Process Corner: u/campaign/records_completed_4 to seg_n<2>
    Location             Delay type         Delay(ns)  Physical Resource
                                                       Logical Resource(s)
    -------------------------------------------------  -------------------
    SLICE_X37Y12.BMUX    Tshcko                0.518   u/ones<0>
                                                       u/campaign/records_completed_4
    SLICE_X35Y11.A3      net (fanout=7)        0.641   u/records_completed<4>
    SLICE_X35Y11.A       Tilo                  0.259   u/records_completed[6]_PWR_2_o_mod_0/a[4]_a[6]_MUX_93_o
                                                       u/records_completed[6]_PWR_2_o_mod_0/Mmux_a[0]_a[6]_MUX_97_o131
    SLICE_X35Y11.B3      net (fanout=2)        0.968   u/records_completed[6]_PWR_2_o_mod_0/a[3]_a[6]_MUX_94_o
    SLICE_X35Y11.BMUX    Tilo                  0.337   u/records_completed[6]_PWR_2_o_mod_0/a[4]_a[6]_MUX_93_o
                                                       u/records_completed[6]_PWR_2_o_mod_0/Mmux_a[0]_a[6]_MUX_104_o121
    SLICE_X35Y10.B1      net (fanout=2)        0.745   u/records_completed[6]_PWR_2_o_mod_0/a[2]_a[6]_MUX_102_o
    SLICE_X35Y10.B       Tilo                  0.259   u/ones<2>
                                                       u/records_completed[6]_PWR_2_o_mod_0/Mmux_o21
    SLICE_X35Y9.B2       net (fanout=1)        0.727   u/ones<1>
    SLICE_X35Y9.B        Tilo                  0.259   u/digit<1>
                                                       u/Mmux_digit<1>11
    SLICE_X37Y9.D1       net (fanout=4)        0.750   u/digit<1>
    SLICE_X37Y9.DMUX     Tilo                  0.337   seg_n_5_OBUF
                                                       u/Mram_seg_n21
    U17.O                net (fanout=1)        2.671   seg_n_2_OBUF
    U17.PAD              Tioop                 2.982   seg_n<2>
                                                       seg_n_2_OBUF
                                                       seg_n<2>
    -------------------------------------------------  ---------------------------
    Total                                     11.453ns (4.951ns logic, 6.502ns route)
                                                       (43.2% logic, 56.8% route)

--------------------------------------------------------------------------------
Offset:                 15.417ns (clock path + data path + uncertainty)
  Source:               u/campaign/records_completed_3 (FF)
  Destination:          seg_n<2> (PAD)
  Source Clock:         clk_100mhz_BUFGP rising at 0.000ns
  Data Path Delay:      11.442ns (Levels of Logic = 6)
  Clock Path Delay:     3.950ns (Levels of Logic = 2)
  Clock Uncertainty:    0.025ns

  Clock Uncertainty:          0.025ns  ((TSJ^2 + TIJ^2)^1/2 + DJ) / 2 + PE
    Total System Jitter (TSJ):  0.050ns
    Total Input Jitter (TIJ):   0.000ns
    Discrete Jitter (DJ):       0.000ns
    Phase Error (PE):           0.000ns

  Maximum Clock Path at Slow Process Corner: clk_100mhz to u/campaign/records_completed_3
    Location             Delay type         Delay(ns)  Physical Resource
                                                       Logical Resource(s)
    -------------------------------------------------  -------------------
    V10.I                Tiopi                 1.557   clk_100mhz
                                                       clk_100mhz
                                                       clk_100mhz_BUFGP/IBUFG
                                                       ProtoComp132.IMUX
    BUFGMUX_X3Y13.I0     net (fanout=1)        1.050   clk_100mhz_BUFGP/IBUFG
    BUFGMUX_X3Y13.O      Tgi0o                 0.209   clk_100mhz_BUFGP/BUFG
                                                       clk_100mhz_BUFGP/BUFG
    SLICE_X36Y12.CLK     net (fanout=263)      1.134   clk_100mhz_BUFGP
    -------------------------------------------------  ---------------------------
    Total                                      3.950ns (1.766ns logic, 2.184ns route)
                                                       (44.7% logic, 55.3% route)

  Maximum Data Path at Slow Process Corner: u/campaign/records_completed_3 to seg_n<2>
    Location             Delay type         Delay(ns)  Physical Resource
                                                       Logical Resource(s)
    -------------------------------------------------  -------------------
    SLICE_X36Y12.BMUX    Tshcko                0.535   u/records_completed<5>
                                                       u/campaign/records_completed_3
    SLICE_X35Y11.A1      net (fanout=7)        1.188   u/records_completed<3>
    SLICE_X35Y11.AMUX    Tilo                  0.337   u/records_completed[6]_PWR_2_o_mod_0/a[4]_a[6]_MUX_93_o
                                                       u/records_completed[6]_PWR_2_o_mod_0/Mmux_a[5]_a[6]_MUX_92_o11
    SLICE_X35Y11.B1      net (fanout=2)        0.713   u/records_completed[6]_PWR_2_o_mod_0/a[5]_a[6]_MUX_92_o
    SLICE_X35Y11.B       Tilo                  0.259   u/records_completed[6]_PWR_2_o_mod_0/a[4]_a[6]_MUX_93_o
                                                       u/records_completed[6]_PWR_2_o_mod_0/Mmux_a[0]_a[6]_MUX_104_o131
    SLICE_X35Y10.B5      net (fanout=2)        0.425   u/records_completed[6]_PWR_2_o_mod_0/a[3]_a[6]_MUX_101_o
    SLICE_X35Y10.B       Tilo                  0.259   u/ones<2>
                                                       u/records_completed[6]_PWR_2_o_mod_0/Mmux_o21
    SLICE_X35Y9.B2       net (fanout=1)        0.727   u/ones<1>
    SLICE_X35Y9.B        Tilo                  0.259   u/digit<1>
                                                       u/Mmux_digit<1>11
    SLICE_X37Y9.D1       net (fanout=4)        0.750   u/digit<1>
    SLICE_X37Y9.DMUX     Tilo                  0.337   seg_n_5_OBUF
                                                       u/Mram_seg_n21
    U17.O                net (fanout=1)        2.671   seg_n_2_OBUF
    U17.PAD              Tioop                 2.982   seg_n<2>
                                                       seg_n_2_OBUF
                                                       seg_n<2>
    -------------------------------------------------  ---------------------------
    Total                                     11.442ns (4.968ns logic, 6.474ns route)
                                                       (43.4% logic, 56.6% route)

--------------------------------------------------------------------------------

Paths for end point seg_n<6> (L14.PAD), 171 paths
--------------------------------------------------------------------------------
Offset:                 15.820ns (clock path + data path + uncertainty)
  Source:               u/campaign/records_completed_3 (FF)
  Destination:          seg_n<6> (PAD)
  Source Clock:         clk_100mhz_BUFGP rising at 0.000ns
  Data Path Delay:      11.845ns (Levels of Logic = 6)
  Clock Path Delay:     3.950ns (Levels of Logic = 2)
  Clock Uncertainty:    0.025ns

  Clock Uncertainty:          0.025ns  ((TSJ^2 + TIJ^2)^1/2 + DJ) / 2 + PE
    Total System Jitter (TSJ):  0.050ns
    Total Input Jitter (TIJ):   0.000ns
    Discrete Jitter (DJ):       0.000ns
    Phase Error (PE):           0.000ns

  Maximum Clock Path at Slow Process Corner: clk_100mhz to u/campaign/records_completed_3
    Location             Delay type         Delay(ns)  Physical Resource
                                                       Logical Resource(s)
    -------------------------------------------------  -------------------
    V10.I                Tiopi                 1.557   clk_100mhz
                                                       clk_100mhz
                                                       clk_100mhz_BUFGP/IBUFG
                                                       ProtoComp132.IMUX
    BUFGMUX_X3Y13.I0     net (fanout=1)        1.050   clk_100mhz_BUFGP/IBUFG
    BUFGMUX_X3Y13.O      Tgi0o                 0.209   clk_100mhz_BUFGP/BUFG
                                                       clk_100mhz_BUFGP/BUFG
    SLICE_X36Y12.CLK     net (fanout=263)      1.134   clk_100mhz_BUFGP
    -------------------------------------------------  ---------------------------
    Total                                      3.950ns (1.766ns logic, 2.184ns route)
                                                       (44.7% logic, 55.3% route)

  Maximum Data Path at Slow Process Corner: u/campaign/records_completed_3 to seg_n<6>
    Location             Delay type         Delay(ns)  Physical Resource
                                                       Logical Resource(s)
    -------------------------------------------------  -------------------
    SLICE_X36Y12.BMUX    Tshcko                0.535   u/records_completed<5>
                                                       u/campaign/records_completed_3
    SLICE_X35Y11.A1      net (fanout=7)        1.188   u/records_completed<3>
    SLICE_X35Y11.A       Tilo                  0.259   u/records_completed[6]_PWR_2_o_mod_0/a[4]_a[6]_MUX_93_o
                                                       u/records_completed[6]_PWR_2_o_mod_0/Mmux_a[0]_a[6]_MUX_97_o131
    SLICE_X35Y11.B3      net (fanout=2)        0.968   u/records_completed[6]_PWR_2_o_mod_0/a[3]_a[6]_MUX_94_o
    SLICE_X35Y11.BMUX    Tilo                  0.337   u/records_completed[6]_PWR_2_o_mod_0/a[4]_a[6]_MUX_93_o
                                                       u/records_completed[6]_PWR_2_o_mod_0/Mmux_a[0]_a[6]_MUX_104_o121
    SLICE_X35Y10.B1      net (fanout=2)        0.745   u/records_completed[6]_PWR_2_o_mod_0/a[2]_a[6]_MUX_102_o
    SLICE_X35Y10.B       Tilo                  0.259   u/ones<2>
                                                       u/records_completed[6]_PWR_2_o_mod_0/Mmux_o21
    SLICE_X35Y9.B2       net (fanout=1)        0.727   u/ones<1>
    SLICE_X35Y9.B        Tilo                  0.259   u/digit<1>
                                                       u/Mmux_digit<1>11
    SLICE_X37Y8.C4       net (fanout=4)        0.569   u/digit<1>
    SLICE_X37Y8.C        Tilo                  0.259   seg_n_6_OBUF
                                                       u/Mram_seg_n61
    L14.O                net (fanout=1)        2.758   seg_n_6_OBUF
    L14.PAD              Tioop                 2.982   seg_n<6>
                                                       seg_n_6_OBUF
                                                       seg_n<6>
    -------------------------------------------------  ---------------------------
    Total                                     11.845ns (4.890ns logic, 6.955ns route)
                                                       (41.3% logic, 58.7% route)

--------------------------------------------------------------------------------
Offset:                 15.643ns (clock path + data path + uncertainty)
  Source:               u/campaign/records_completed_3 (FF)
  Destination:          seg_n<6> (PAD)
  Source Clock:         clk_100mhz_BUFGP rising at 0.000ns
  Data Path Delay:      11.668ns (Levels of Logic = 6)
  Clock Path Delay:     3.950ns (Levels of Logic = 2)
  Clock Uncertainty:    0.025ns

  Clock Uncertainty:          0.025ns  ((TSJ^2 + TIJ^2)^1/2 + DJ) / 2 + PE
    Total System Jitter (TSJ):  0.050ns
    Total Input Jitter (TIJ):   0.000ns
    Discrete Jitter (DJ):       0.000ns
    Phase Error (PE):           0.000ns

  Maximum Clock Path at Slow Process Corner: clk_100mhz to u/campaign/records_completed_3
    Location             Delay type         Delay(ns)  Physical Resource
                                                       Logical Resource(s)
    -------------------------------------------------  -------------------
    V10.I                Tiopi                 1.557   clk_100mhz
                                                       clk_100mhz
                                                       clk_100mhz_BUFGP/IBUFG
                                                       ProtoComp132.IMUX
    BUFGMUX_X3Y13.I0     net (fanout=1)        1.050   clk_100mhz_BUFGP/IBUFG
    BUFGMUX_X3Y13.O      Tgi0o                 0.209   clk_100mhz_BUFGP/BUFG
                                                       clk_100mhz_BUFGP/BUFG
    SLICE_X36Y12.CLK     net (fanout=263)      1.134   clk_100mhz_BUFGP
    -------------------------------------------------  ---------------------------
    Total                                      3.950ns (1.766ns logic, 2.184ns route)
                                                       (44.7% logic, 55.3% route)

  Maximum Data Path at Slow Process Corner: u/campaign/records_completed_3 to seg_n<6>
    Location             Delay type         Delay(ns)  Physical Resource
                                                       Logical Resource(s)
    -------------------------------------------------  -------------------
    SLICE_X36Y12.BMUX    Tshcko                0.535   u/records_completed<5>
                                                       u/campaign/records_completed_3
    SLICE_X35Y11.A1      net (fanout=7)        1.188   u/records_completed<3>
    SLICE_X35Y11.AMUX    Tilo                  0.337   u/records_completed[6]_PWR_2_o_mod_0/a[4]_a[6]_MUX_93_o
                                                       u/records_completed[6]_PWR_2_o_mod_0/Mmux_a[5]_a[6]_MUX_92_o11
    SLICE_X35Y11.B1      net (fanout=2)        0.713   u/records_completed[6]_PWR_2_o_mod_0/a[5]_a[6]_MUX_92_o
    SLICE_X35Y11.BMUX    Tilo                  0.337   u/records_completed[6]_PWR_2_o_mod_0/a[4]_a[6]_MUX_93_o
                                                       u/records_completed[6]_PWR_2_o_mod_0/Mmux_a[0]_a[6]_MUX_104_o121
    SLICE_X35Y10.B1      net (fanout=2)        0.745   u/records_completed[6]_PWR_2_o_mod_0/a[2]_a[6]_MUX_102_o
    SLICE_X35Y10.B       Tilo                  0.259   u/ones<2>
                                                       u/records_completed[6]_PWR_2_o_mod_0/Mmux_o21
    SLICE_X35Y9.B2       net (fanout=1)        0.727   u/ones<1>
    SLICE_X35Y9.B        Tilo                  0.259   u/digit<1>
                                                       u/Mmux_digit<1>11
    SLICE_X37Y8.C4       net (fanout=4)        0.569   u/digit<1>
    SLICE_X37Y8.C        Tilo                  0.259   seg_n_6_OBUF
                                                       u/Mram_seg_n61
    L14.O                net (fanout=1)        2.758   seg_n_6_OBUF
    L14.PAD              Tioop                 2.982   seg_n<6>
                                                       seg_n_6_OBUF
                                                       seg_n<6>
    -------------------------------------------------  ---------------------------
    Total                                     11.668ns (4.968ns logic, 6.700ns route)
                                                       (42.6% logic, 57.4% route)

--------------------------------------------------------------------------------
Offset:                 15.600ns (clock path + data path + uncertainty)
  Source:               u/campaign/records_completed_3 (FF)
  Destination:          seg_n<6> (PAD)
  Source Clock:         clk_100mhz_BUFGP rising at 0.000ns
  Data Path Delay:      11.625ns (Levels of Logic = 6)
  Clock Path Delay:     3.950ns (Levels of Logic = 2)
  Clock Uncertainty:    0.025ns

  Clock Uncertainty:          0.025ns  ((TSJ^2 + TIJ^2)^1/2 + DJ) / 2 + PE
    Total System Jitter (TSJ):  0.050ns
    Total Input Jitter (TIJ):   0.000ns
    Discrete Jitter (DJ):       0.000ns
    Phase Error (PE):           0.000ns

  Maximum Clock Path at Slow Process Corner: clk_100mhz to u/campaign/records_completed_3
    Location             Delay type         Delay(ns)  Physical Resource
                                                       Logical Resource(s)
    -------------------------------------------------  -------------------
    V10.I                Tiopi                 1.557   clk_100mhz
                                                       clk_100mhz
                                                       clk_100mhz_BUFGP/IBUFG
                                                       ProtoComp132.IMUX
    BUFGMUX_X3Y13.I0     net (fanout=1)        1.050   clk_100mhz_BUFGP/IBUFG
    BUFGMUX_X3Y13.O      Tgi0o                 0.209   clk_100mhz_BUFGP/BUFG
                                                       clk_100mhz_BUFGP/BUFG
    SLICE_X36Y12.CLK     net (fanout=263)      1.134   clk_100mhz_BUFGP
    -------------------------------------------------  ---------------------------
    Total                                      3.950ns (1.766ns logic, 2.184ns route)
                                                       (44.7% logic, 55.3% route)

  Maximum Data Path at Slow Process Corner: u/campaign/records_completed_3 to seg_n<6>
    Location             Delay type         Delay(ns)  Physical Resource
                                                       Logical Resource(s)
    -------------------------------------------------  -------------------
    SLICE_X36Y12.BMUX    Tshcko                0.535   u/records_completed<5>
                                                       u/campaign/records_completed_3
    SLICE_X35Y11.A1      net (fanout=7)        1.188   u/records_completed<3>
    SLICE_X35Y11.A       Tilo                  0.259   u/records_completed[6]_PWR_2_o_mod_0/a[4]_a[6]_MUX_93_o
                                                       u/records_completed[6]_PWR_2_o_mod_0/Mmux_a[0]_a[6]_MUX_97_o131
    SLICE_X35Y11.B3      net (fanout=2)        0.968   u/records_completed[6]_PWR_2_o_mod_0/a[3]_a[6]_MUX_94_o
    SLICE_X35Y11.BMUX    Tilo                  0.337   u/records_completed[6]_PWR_2_o_mod_0/a[4]_a[6]_MUX_93_o
                                                       u/records_completed[6]_PWR_2_o_mod_0/Mmux_a[0]_a[6]_MUX_104_o121
    SLICE_X35Y10.B1      net (fanout=2)        0.745   u/records_completed[6]_PWR_2_o_mod_0/a[2]_a[6]_MUX_102_o
    SLICE_X35Y10.BMUX    Tilo                  0.337   u/ones<2>
                                                       u/records_completed[6]_PWR_2_o_mod_0/Mmux_o41
    SLICE_X37Y9.A3       net (fanout=1)        0.594   u/ones<3>
    SLICE_X37Y9.A        Tilo                  0.259   seg_n_5_OBUF
                                                       u/Mmux_digit<3>11
    SLICE_X37Y8.C5       net (fanout=4)        0.404   u/digit<3>
    SLICE_X37Y8.C        Tilo                  0.259   seg_n_6_OBUF
                                                       u/Mram_seg_n61
    L14.O                net (fanout=1)        2.758   seg_n_6_OBUF
    L14.PAD              Tioop                 2.982   seg_n<6>
                                                       seg_n_6_OBUF
                                                       seg_n<6>
    -------------------------------------------------  ---------------------------
    Total                                     11.625ns (4.968ns logic, 6.657ns route)
                                                       (42.7% logic, 57.3% route)

--------------------------------------------------------------------------------
Offset:                 15.547ns (clock path + data path + uncertainty)
  Source:               u/campaign/records_completed_6 (FF)
  Destination:          seg_n<6> (PAD)
  Source Clock:         clk_100mhz_BUFGP rising at 0.000ns
  Data Path Delay:      11.572ns (Levels of Logic = 6)
  Clock Path Delay:     3.950ns (Levels of Logic = 2)
  Clock Uncertainty:    0.025ns

  Clock Uncertainty:          0.025ns  ((TSJ^2 + TIJ^2)^1/2 + DJ) / 2 + PE
    Total System Jitter (TSJ):  0.050ns
    Total Input Jitter (TIJ):   0.000ns
    Discrete Jitter (DJ):       0.000ns
    Phase Error (PE):           0.000ns

  Maximum Clock Path at Slow Process Corner: clk_100mhz to u/campaign/records_completed_6
    Location             Delay type         Delay(ns)  Physical Resource
                                                       Logical Resource(s)
    -------------------------------------------------  -------------------
    V10.I                Tiopi                 1.557   clk_100mhz
                                                       clk_100mhz
                                                       clk_100mhz_BUFGP/IBUFG
                                                       ProtoComp132.IMUX
    BUFGMUX_X3Y13.I0     net (fanout=1)        1.050   clk_100mhz_BUFGP/IBUFG
    BUFGMUX_X3Y13.O      Tgi0o                 0.209   clk_100mhz_BUFGP/BUFG
                                                       clk_100mhz_BUFGP/BUFG
    SLICE_X37Y12.CLK     net (fanout=263)      1.134   clk_100mhz_BUFGP
    -------------------------------------------------  ---------------------------
    Total                                      3.950ns (1.766ns logic, 2.184ns route)
                                                       (44.7% logic, 55.3% route)

  Maximum Data Path at Slow Process Corner: u/campaign/records_completed_6 to seg_n<6>
    Location             Delay type         Delay(ns)  Physical Resource
                                                       Logical Resource(s)
    -------------------------------------------------  -------------------
    SLICE_X37Y12.AQ      Tcko                  0.430   u/ones<0>
                                                       u/campaign/records_completed_6
    SLICE_X35Y11.A2      net (fanout=6)        1.020   u/records_completed<6>
    SLICE_X35Y11.A       Tilo                  0.259   u/records_completed[6]_PWR_2_o_mod_0/a[4]_a[6]_MUX_93_o
                                                       u/records_completed[6]_PWR_2_o_mod_0/Mmux_a[0]_a[6]_MUX_97_o131
    SLICE_X35Y11.B3      net (fanout=2)        0.968   u/records_completed[6]_PWR_2_o_mod_0/a[3]_a[6]_MUX_94_o
    SLICE_X35Y11.BMUX    Tilo                  0.337   u/records_completed[6]_PWR_2_o_mod_0/a[4]_a[6]_MUX_93_o
                                                       u/records_completed[6]_PWR_2_o_mod_0/Mmux_a[0]_a[6]_MUX_104_o121
    SLICE_X35Y10.B1      net (fanout=2)        0.745   u/records_completed[6]_PWR_2_o_mod_0/a[2]_a[6]_MUX_102_o
    SLICE_X35Y10.B       Tilo                  0.259   u/ones<2>
                                                       u/records_completed[6]_PWR_2_o_mod_0/Mmux_o21
    SLICE_X35Y9.B2       net (fanout=1)        0.727   u/ones<1>
    SLICE_X35Y9.B        Tilo                  0.259   u/digit<1>
                                                       u/Mmux_digit<1>11
    SLICE_X37Y8.C4       net (fanout=4)        0.569   u/digit<1>
    SLICE_X37Y8.C        Tilo                  0.259   seg_n_6_OBUF
                                                       u/Mram_seg_n61
    L14.O                net (fanout=1)        2.758   seg_n_6_OBUF
    L14.PAD              Tioop                 2.982   seg_n<6>
                                                       seg_n_6_OBUF
                                                       seg_n<6>
    -------------------------------------------------  ---------------------------
    Total                                     11.572ns (4.785ns logic, 6.787ns route)
                                                       (41.3% logic, 58.7% route)

--------------------------------------------------------------------------------
Offset:                 15.433ns (clock path + data path + uncertainty)
  Source:               u/campaign/records_completed_3 (FF)
  Destination:          seg_n<6> (PAD)
  Source Clock:         clk_100mhz_BUFGP rising at 0.000ns
  Data Path Delay:      11.458ns (Levels of Logic = 6)
  Clock Path Delay:     3.950ns (Levels of Logic = 2)
  Clock Uncertainty:    0.025ns

  Clock Uncertainty:          0.025ns  ((TSJ^2 + TIJ^2)^1/2 + DJ) / 2 + PE
    Total System Jitter (TSJ):  0.050ns
    Total Input Jitter (TIJ):   0.000ns
    Discrete Jitter (DJ):       0.000ns
    Phase Error (PE):           0.000ns

  Maximum Clock Path at Slow Process Corner: clk_100mhz to u/campaign/records_completed_3
    Location             Delay type         Delay(ns)  Physical Resource
                                                       Logical Resource(s)
    -------------------------------------------------  -------------------
    V10.I                Tiopi                 1.557   clk_100mhz
                                                       clk_100mhz
                                                       clk_100mhz_BUFGP/IBUFG
                                                       ProtoComp132.IMUX
    BUFGMUX_X3Y13.I0     net (fanout=1)        1.050   clk_100mhz_BUFGP/IBUFG
    BUFGMUX_X3Y13.O      Tgi0o                 0.209   clk_100mhz_BUFGP/BUFG
                                                       clk_100mhz_BUFGP/BUFG
    SLICE_X36Y12.CLK     net (fanout=263)      1.134   clk_100mhz_BUFGP
    -------------------------------------------------  ---------------------------
    Total                                      3.950ns (1.766ns logic, 2.184ns route)
                                                       (44.7% logic, 55.3% route)

  Maximum Data Path at Slow Process Corner: u/campaign/records_completed_3 to seg_n<6>
    Location             Delay type         Delay(ns)  Physical Resource
                                                       Logical Resource(s)
    -------------------------------------------------  -------------------
    SLICE_X36Y12.BMUX    Tshcko                0.535   u/records_completed<5>
                                                       u/campaign/records_completed_3
    SLICE_X35Y11.A1      net (fanout=7)        1.188   u/records_completed<3>
    SLICE_X35Y11.A       Tilo                  0.259   u/records_completed[6]_PWR_2_o_mod_0/a[4]_a[6]_MUX_93_o
                                                       u/records_completed[6]_PWR_2_o_mod_0/Mmux_a[0]_a[6]_MUX_97_o131
    SLICE_X35Y11.B3      net (fanout=2)        0.968   u/records_completed[6]_PWR_2_o_mod_0/a[3]_a[6]_MUX_94_o
    SLICE_X35Y11.B       Tilo                  0.259   u/records_completed[6]_PWR_2_o_mod_0/a[4]_a[6]_MUX_93_o
                                                       u/records_completed[6]_PWR_2_o_mod_0/Mmux_a[0]_a[6]_MUX_104_o131
    SLICE_X35Y10.D2      net (fanout=2)        0.718   u/records_completed[6]_PWR_2_o_mod_0/a[3]_a[6]_MUX_101_o
    SLICE_X35Y10.D       Tilo                  0.259   u/ones<2>
                                                       u/records_completed[6]_PWR_2_o_mod_0/Mmux_o31
    SLICE_X35Y9.A5       net (fanout=1)        0.414   u/ones<2>
    SLICE_X35Y9.A        Tilo                  0.259   u/digit<1>
                                                       u/Mmux_digit<2>11
    SLICE_X37Y8.C3       net (fanout=4)        0.600   u/digit<2>
    SLICE_X37Y8.C        Tilo                  0.259   seg_n_6_OBUF
                                                       u/Mram_seg_n61
    L14.O                net (fanout=1)        2.758   seg_n_6_OBUF
    L14.PAD              Tioop                 2.982   seg_n<6>
                                                       seg_n_6_OBUF
                                                       seg_n<6>
    -------------------------------------------------  ---------------------------
    Total                                     11.458ns (4.812ns logic, 6.646ns route)
                                                       (42.0% logic, 58.0% route)

--------------------------------------------------------------------------------
Offset:                 15.423ns (clock path + data path + uncertainty)
  Source:               u/campaign/records_completed_3 (FF)
  Destination:          seg_n<6> (PAD)
  Source Clock:         clk_100mhz_BUFGP rising at 0.000ns
  Data Path Delay:      11.448ns (Levels of Logic = 6)
  Clock Path Delay:     3.950ns (Levels of Logic = 2)
  Clock Uncertainty:    0.025ns

  Clock Uncertainty:          0.025ns  ((TSJ^2 + TIJ^2)^1/2 + DJ) / 2 + PE
    Total System Jitter (TSJ):  0.050ns
    Total Input Jitter (TIJ):   0.000ns
    Discrete Jitter (DJ):       0.000ns
    Phase Error (PE):           0.000ns

  Maximum Clock Path at Slow Process Corner: clk_100mhz to u/campaign/records_completed_3
    Location             Delay type         Delay(ns)  Physical Resource
                                                       Logical Resource(s)
    -------------------------------------------------  -------------------
    V10.I                Tiopi                 1.557   clk_100mhz
                                                       clk_100mhz
                                                       clk_100mhz_BUFGP/IBUFG
                                                       ProtoComp132.IMUX
    BUFGMUX_X3Y13.I0     net (fanout=1)        1.050   clk_100mhz_BUFGP/IBUFG
    BUFGMUX_X3Y13.O      Tgi0o                 0.209   clk_100mhz_BUFGP/BUFG
                                                       clk_100mhz_BUFGP/BUFG
    SLICE_X36Y12.CLK     net (fanout=263)      1.134   clk_100mhz_BUFGP
    -------------------------------------------------  ---------------------------
    Total                                      3.950ns (1.766ns logic, 2.184ns route)
                                                       (44.7% logic, 55.3% route)

  Maximum Data Path at Slow Process Corner: u/campaign/records_completed_3 to seg_n<6>
    Location             Delay type         Delay(ns)  Physical Resource
                                                       Logical Resource(s)
    -------------------------------------------------  -------------------
    SLICE_X36Y12.BMUX    Tshcko                0.535   u/records_completed<5>
                                                       u/campaign/records_completed_3
    SLICE_X35Y11.A1      net (fanout=7)        1.188   u/records_completed<3>
    SLICE_X35Y11.AMUX    Tilo                  0.337   u/records_completed[6]_PWR_2_o_mod_0/a[4]_a[6]_MUX_93_o
                                                       u/records_completed[6]_PWR_2_o_mod_0/Mmux_a[5]_a[6]_MUX_92_o11
    SLICE_X35Y11.B1      net (fanout=2)        0.713   u/records_completed[6]_PWR_2_o_mod_0/a[5]_a[6]_MUX_92_o
    SLICE_X35Y11.BMUX    Tilo                  0.337   u/records_completed[6]_PWR_2_o_mod_0/a[4]_a[6]_MUX_93_o
                                                       u/records_completed[6]_PWR_2_o_mod_0/Mmux_a[0]_a[6]_MUX_104_o121
    SLICE_X35Y10.B1      net (fanout=2)        0.745   u/records_completed[6]_PWR_2_o_mod_0/a[2]_a[6]_MUX_102_o
    SLICE_X35Y10.BMUX    Tilo                  0.337   u/ones<2>
                                                       u/records_completed[6]_PWR_2_o_mod_0/Mmux_o41
    SLICE_X37Y9.A3       net (fanout=1)        0.594   u/ones<3>
    SLICE_X37Y9.A        Tilo                  0.259   seg_n_5_OBUF
                                                       u/Mmux_digit<3>11
    SLICE_X37Y8.C5       net (fanout=4)        0.404   u/digit<3>
    SLICE_X37Y8.C        Tilo                  0.259   seg_n_6_OBUF
                                                       u/Mram_seg_n61
    L14.O                net (fanout=1)        2.758   seg_n_6_OBUF
    L14.PAD              Tioop                 2.982   seg_n<6>
                                                       seg_n_6_OBUF
                                                       seg_n<6>
    -------------------------------------------------  ---------------------------
    Total                                     11.448ns (5.046ns logic, 6.402ns route)
                                                       (44.1% logic, 55.9% route)

--------------------------------------------------------------------------------
Offset:                 15.422ns (clock path + data path + uncertainty)
  Source:               u/campaign/records_completed_3 (FF)
  Destination:          seg_n<6> (PAD)
  Source Clock:         clk_100mhz_BUFGP rising at 0.000ns
  Data Path Delay:      11.447ns (Levels of Logic = 6)
  Clock Path Delay:     3.950ns (Levels of Logic = 2)
  Clock Uncertainty:    0.025ns

  Clock Uncertainty:          0.025ns  ((TSJ^2 + TIJ^2)^1/2 + DJ) / 2 + PE
    Total System Jitter (TSJ):  0.050ns
    Total Input Jitter (TIJ):   0.000ns
    Discrete Jitter (DJ):       0.000ns
    Phase Error (PE):           0.000ns

  Maximum Clock Path at Slow Process Corner: clk_100mhz to u/campaign/records_completed_3
    Location             Delay type         Delay(ns)  Physical Resource
                                                       Logical Resource(s)
    -------------------------------------------------  -------------------
    V10.I                Tiopi                 1.557   clk_100mhz
                                                       clk_100mhz
                                                       clk_100mhz_BUFGP/IBUFG
                                                       ProtoComp132.IMUX
    BUFGMUX_X3Y13.I0     net (fanout=1)        1.050   clk_100mhz_BUFGP/IBUFG
    BUFGMUX_X3Y13.O      Tgi0o                 0.209   clk_100mhz_BUFGP/BUFG
                                                       clk_100mhz_BUFGP/BUFG
    SLICE_X36Y12.CLK     net (fanout=263)      1.134   clk_100mhz_BUFGP
    -------------------------------------------------  ---------------------------
    Total                                      3.950ns (1.766ns logic, 2.184ns route)
                                                       (44.7% logic, 55.3% route)

  Maximum Data Path at Slow Process Corner: u/campaign/records_completed_3 to seg_n<6>
    Location             Delay type         Delay(ns)  Physical Resource
                                                       Logical Resource(s)
    -------------------------------------------------  -------------------
    SLICE_X36Y12.BMUX    Tshcko                0.535   u/records_completed<5>
                                                       u/campaign/records_completed_3
    SLICE_X35Y11.A1      net (fanout=7)        1.188   u/records_completed<3>
    SLICE_X35Y11.A       Tilo                  0.259   u/records_completed[6]_PWR_2_o_mod_0/a[4]_a[6]_MUX_93_o
                                                       u/records_completed[6]_PWR_2_o_mod_0/Mmux_a[0]_a[6]_MUX_97_o131
    SLICE_X35Y11.B3      net (fanout=2)        0.968   u/records_completed[6]_PWR_2_o_mod_0/a[3]_a[6]_MUX_94_o
    SLICE_X35Y11.B       Tilo                  0.259   u/records_completed[6]_PWR_2_o_mod_0/a[4]_a[6]_MUX_93_o
                                                       u/records_completed[6]_PWR_2_o_mod_0/Mmux_a[0]_a[6]_MUX_104_o131
    SLICE_X35Y10.B5      net (fanout=2)        0.425   u/records_completed[6]_PWR_2_o_mod_0/a[3]_a[6]_MUX_101_o
    SLICE_X35Y10.B       Tilo                  0.259   u/ones<2>
                                                       u/records_completed[6]_PWR_2_o_mod_0/Mmux_o21
    SLICE_X35Y9.B2       net (fanout=1)        0.727   u/ones<1>
    SLICE_X35Y9.B        Tilo                  0.259   u/digit<1>
                                                       u/Mmux_digit<1>11
    SLICE_X37Y8.C4       net (fanout=4)        0.569   u/digit<1>
    SLICE_X37Y8.C        Tilo                  0.259   seg_n_6_OBUF
                                                       u/Mram_seg_n61
    L14.O                net (fanout=1)        2.758   seg_n_6_OBUF
    L14.PAD              Tioop                 2.982   seg_n<6>
                                                       seg_n_6_OBUF
                                                       seg_n<6>
    -------------------------------------------------  ---------------------------
    Total                                     11.447ns (4.812ns logic, 6.635ns route)
                                                       (42.0% logic, 58.0% route)

--------------------------------------------------------------------------------
Offset:                 15.407ns (clock path + data path + uncertainty)
  Source:               u/campaign/records_completed_3 (FF)
  Destination:          seg_n<6> (PAD)
  Source Clock:         clk_100mhz_BUFGP rising at 0.000ns
  Data Path Delay:      11.432ns (Levels of Logic = 6)
  Clock Path Delay:     3.950ns (Levels of Logic = 2)
  Clock Uncertainty:    0.025ns

  Clock Uncertainty:          0.025ns  ((TSJ^2 + TIJ^2)^1/2 + DJ) / 2 + PE
    Total System Jitter (TSJ):  0.050ns
    Total Input Jitter (TIJ):   0.000ns
    Discrete Jitter (DJ):       0.000ns
    Phase Error (PE):           0.000ns

  Maximum Clock Path at Slow Process Corner: clk_100mhz to u/campaign/records_completed_3
    Location             Delay type         Delay(ns)  Physical Resource
                                                       Logical Resource(s)
    -------------------------------------------------  -------------------
    V10.I                Tiopi                 1.557   clk_100mhz
                                                       clk_100mhz
                                                       clk_100mhz_BUFGP/IBUFG
                                                       ProtoComp132.IMUX
    BUFGMUX_X3Y13.I0     net (fanout=1)        1.050   clk_100mhz_BUFGP/IBUFG
    BUFGMUX_X3Y13.O      Tgi0o                 0.209   clk_100mhz_BUFGP/BUFG
                                                       clk_100mhz_BUFGP/BUFG
    SLICE_X36Y12.CLK     net (fanout=263)      1.134   clk_100mhz_BUFGP
    -------------------------------------------------  ---------------------------
    Total                                      3.950ns (1.766ns logic, 2.184ns route)
                                                       (44.7% logic, 55.3% route)

  Maximum Data Path at Slow Process Corner: u/campaign/records_completed_3 to seg_n<6>
    Location             Delay type         Delay(ns)  Physical Resource
                                                       Logical Resource(s)
    -------------------------------------------------  -------------------
    SLICE_X36Y12.BMUX    Tshcko                0.535   u/records_completed<5>
                                                       u/campaign/records_completed_3
    SLICE_X35Y11.A1      net (fanout=7)        1.188   u/records_completed<3>
    SLICE_X35Y11.AMUX    Tilo                  0.337   u/records_completed[6]_PWR_2_o_mod_0/a[4]_a[6]_MUX_93_o
                                                       u/records_completed[6]_PWR_2_o_mod_0/Mmux_a[5]_a[6]_MUX_92_o11
    SLICE_X35Y10.A6      net (fanout=2)        0.743   u/records_completed[6]_PWR_2_o_mod_0/a[5]_a[6]_MUX_92_o
    SLICE_X35Y10.A       Tilo                  0.259   u/ones<2>
                                                       u/records_completed[6]_PWR_2_o_mod_0/BUS_0008_INV_67_o1_SW0
    SLICE_X35Y10.B4      net (fanout=2)        0.557   u/records_completed[6]_PWR_2_o_mod_0/N01
    SLICE_X35Y10.B       Tilo                  0.259   u/ones<2>
                                                       u/records_completed[6]_PWR_2_o_mod_0/Mmux_o21
    SLICE_X35Y9.B2       net (fanout=1)        0.727   u/ones<1>
    SLICE_X35Y9.B        Tilo                  0.259   u/digit<1>
                                                       u/Mmux_digit<1>11
    SLICE_X37Y8.C4       net (fanout=4)        0.569   u/digit<1>
    SLICE_X37Y8.C        Tilo                  0.259   seg_n_6_OBUF
                                                       u/Mram_seg_n61
    L14.O                net (fanout=1)        2.758   seg_n_6_OBUF
    L14.PAD              Tioop                 2.982   seg_n<6>
                                                       seg_n_6_OBUF
                                                       seg_n<6>
    -------------------------------------------------  ---------------------------
    Total                                     11.432ns (4.890ns logic, 6.542ns route)
                                                       (42.8% logic, 57.2% route)

--------------------------------------------------------------------------------
Offset:                 15.379ns (clock path + data path + uncertainty)
  Source:               u/campaign/records_completed_3 (FF)
  Destination:          seg_n<6> (PAD)
  Source Clock:         clk_100mhz_BUFGP rising at 0.000ns
  Data Path Delay:      11.404ns (Levels of Logic = 6)
  Clock Path Delay:     3.950ns (Levels of Logic = 2)
  Clock Uncertainty:    0.025ns

  Clock Uncertainty:          0.025ns  ((TSJ^2 + TIJ^2)^1/2 + DJ) / 2 + PE
    Total System Jitter (TSJ):  0.050ns
    Total Input Jitter (TIJ):   0.000ns
    Discrete Jitter (DJ):       0.000ns
    Phase Error (PE):           0.000ns

  Maximum Clock Path at Slow Process Corner: clk_100mhz to u/campaign/records_completed_3
    Location             Delay type         Delay(ns)  Physical Resource
                                                       Logical Resource(s)
    -------------------------------------------------  -------------------
    V10.I                Tiopi                 1.557   clk_100mhz
                                                       clk_100mhz
                                                       clk_100mhz_BUFGP/IBUFG
                                                       ProtoComp132.IMUX
    BUFGMUX_X3Y13.I0     net (fanout=1)        1.050   clk_100mhz_BUFGP/IBUFG
    BUFGMUX_X3Y13.O      Tgi0o                 0.209   clk_100mhz_BUFGP/BUFG
                                                       clk_100mhz_BUFGP/BUFG
    SLICE_X36Y12.CLK     net (fanout=263)      1.134   clk_100mhz_BUFGP
    -------------------------------------------------  ---------------------------
    Total                                      3.950ns (1.766ns logic, 2.184ns route)
                                                       (44.7% logic, 55.3% route)

  Maximum Data Path at Slow Process Corner: u/campaign/records_completed_3 to seg_n<6>
    Location             Delay type         Delay(ns)  Physical Resource
                                                       Logical Resource(s)
    -------------------------------------------------  -------------------
    SLICE_X36Y12.BMUX    Tshcko                0.535   u/records_completed<5>
                                                       u/campaign/records_completed_3
    SLICE_X35Y11.A1      net (fanout=7)        1.188   u/records_completed<3>
    SLICE_X35Y11.A       Tilo                  0.259   u/records_completed[6]_PWR_2_o_mod_0/a[4]_a[6]_MUX_93_o
                                                       u/records_completed[6]_PWR_2_o_mod_0/Mmux_a[0]_a[6]_MUX_97_o131
    SLICE_X35Y11.B3      net (fanout=2)        0.968   u/records_completed[6]_PWR_2_o_mod_0/a[3]_a[6]_MUX_94_o
    SLICE_X35Y11.BMUX    Tilo                  0.337   u/records_completed[6]_PWR_2_o_mod_0/a[4]_a[6]_MUX_93_o
                                                       u/records_completed[6]_PWR_2_o_mod_0/Mmux_a[0]_a[6]_MUX_104_o121
    SLICE_X35Y10.D3      net (fanout=2)        0.586   u/records_completed[6]_PWR_2_o_mod_0/a[2]_a[6]_MUX_102_o
    SLICE_X35Y10.D       Tilo                  0.259   u/ones<2>
                                                       u/records_completed[6]_PWR_2_o_mod_0/Mmux_o31
    SLICE_X35Y9.A5       net (fanout=1)        0.414   u/ones<2>
    SLICE_X35Y9.A        Tilo                  0.259   u/digit<1>
                                                       u/Mmux_digit<2>11
    SLICE_X37Y8.C3       net (fanout=4)        0.600   u/digit<2>
    SLICE_X37Y8.C        Tilo                  0.259   seg_n_6_OBUF
                                                       u/Mram_seg_n61
    L14.O                net (fanout=1)        2.758   seg_n_6_OBUF
    L14.PAD              Tioop                 2.982   seg_n<6>
                                                       seg_n_6_OBUF
                                                       seg_n<6>
    -------------------------------------------------  ---------------------------
    Total                                     11.404ns (4.890ns logic, 6.514ns route)
                                                       (42.9% logic, 57.1% route)

--------------------------------------------------------------------------------
Offset:                 15.370ns (clock path + data path + uncertainty)
  Source:               u/campaign/records_completed_6 (FF)
  Destination:          seg_n<6> (PAD)
  Source Clock:         clk_100mhz_BUFGP rising at 0.000ns
  Data Path Delay:      11.395ns (Levels of Logic = 6)
  Clock Path Delay:     3.950ns (Levels of Logic = 2)
  Clock Uncertainty:    0.025ns

  Clock Uncertainty:          0.025ns  ((TSJ^2 + TIJ^2)^1/2 + DJ) / 2 + PE
    Total System Jitter (TSJ):  0.050ns
    Total Input Jitter (TIJ):   0.000ns
    Discrete Jitter (DJ):       0.000ns
    Phase Error (PE):           0.000ns

  Maximum Clock Path at Slow Process Corner: clk_100mhz to u/campaign/records_completed_6
    Location             Delay type         Delay(ns)  Physical Resource
                                                       Logical Resource(s)
    -------------------------------------------------  -------------------
    V10.I                Tiopi                 1.557   clk_100mhz
                                                       clk_100mhz
                                                       clk_100mhz_BUFGP/IBUFG
                                                       ProtoComp132.IMUX
    BUFGMUX_X3Y13.I0     net (fanout=1)        1.050   clk_100mhz_BUFGP/IBUFG
    BUFGMUX_X3Y13.O      Tgi0o                 0.209   clk_100mhz_BUFGP/BUFG
                                                       clk_100mhz_BUFGP/BUFG
    SLICE_X37Y12.CLK     net (fanout=263)      1.134   clk_100mhz_BUFGP
    -------------------------------------------------  ---------------------------
    Total                                      3.950ns (1.766ns logic, 2.184ns route)
                                                       (44.7% logic, 55.3% route)

  Maximum Data Path at Slow Process Corner: u/campaign/records_completed_6 to seg_n<6>
    Location             Delay type         Delay(ns)  Physical Resource
                                                       Logical Resource(s)
    -------------------------------------------------  -------------------
    SLICE_X37Y12.AQ      Tcko                  0.430   u/ones<0>
                                                       u/campaign/records_completed_6
    SLICE_X35Y11.A2      net (fanout=6)        1.020   u/records_completed<6>
    SLICE_X35Y11.AMUX    Tilo                  0.337   u/records_completed[6]_PWR_2_o_mod_0/a[4]_a[6]_MUX_93_o
                                                       u/records_completed[6]_PWR_2_o_mod_0/Mmux_a[5]_a[6]_MUX_92_o11
    SLICE_X35Y11.B1      net (fanout=2)        0.713   u/records_completed[6]_PWR_2_o_mod_0/a[5]_a[6]_MUX_92_o
    SLICE_X35Y11.BMUX    Tilo                  0.337   u/records_completed[6]_PWR_2_o_mod_0/a[4]_a[6]_MUX_93_o
                                                       u/records_completed[6]_PWR_2_o_mod_0/Mmux_a[0]_a[6]_MUX_104_o121
    SLICE_X35Y10.B1      net (fanout=2)        0.745   u/records_completed[6]_PWR_2_o_mod_0/a[2]_a[6]_MUX_102_o
    SLICE_X35Y10.B       Tilo                  0.259   u/ones<2>
                                                       u/records_completed[6]_PWR_2_o_mod_0/Mmux_o21
    SLICE_X35Y9.B2       net (fanout=1)        0.727   u/ones<1>
    SLICE_X35Y9.B        Tilo                  0.259   u/digit<1>
                                                       u/Mmux_digit<1>11
    SLICE_X37Y8.C4       net (fanout=4)        0.569   u/digit<1>
    SLICE_X37Y8.C        Tilo                  0.259   seg_n_6_OBUF
                                                       u/Mram_seg_n61
    L14.O                net (fanout=1)        2.758   seg_n_6_OBUF
    L14.PAD              Tioop                 2.982   seg_n<6>
                                                       seg_n_6_OBUF
                                                       seg_n<6>
    -------------------------------------------------  ---------------------------
    Total                                     11.395ns (4.863ns logic, 6.532ns route)
                                                       (42.7% logic, 57.3% route)

--------------------------------------------------------------------------------

Paths for end point seg_n<4> (M14.PAD), 171 paths
--------------------------------------------------------------------------------
Offset:                 15.759ns (clock path + data path + uncertainty)
  Source:               u/campaign/records_completed_3 (FF)
  Destination:          seg_n<4> (PAD)
  Source Clock:         clk_100mhz_BUFGP rising at 0.000ns
  Data Path Delay:      11.784ns (Levels of Logic = 6)
  Clock Path Delay:     3.950ns (Levels of Logic = 2)
  Clock Uncertainty:    0.025ns

  Clock Uncertainty:          0.025ns  ((TSJ^2 + TIJ^2)^1/2 + DJ) / 2 + PE
    Total System Jitter (TSJ):  0.050ns
    Total Input Jitter (TIJ):   0.000ns
    Discrete Jitter (DJ):       0.000ns
    Phase Error (PE):           0.000ns

  Maximum Clock Path at Slow Process Corner: clk_100mhz to u/campaign/records_completed_3
    Location             Delay type         Delay(ns)  Physical Resource
                                                       Logical Resource(s)
    -------------------------------------------------  -------------------
    V10.I                Tiopi                 1.557   clk_100mhz
                                                       clk_100mhz
                                                       clk_100mhz_BUFGP/IBUFG
                                                       ProtoComp132.IMUX
    BUFGMUX_X3Y13.I0     net (fanout=1)        1.050   clk_100mhz_BUFGP/IBUFG
    BUFGMUX_X3Y13.O      Tgi0o                 0.209   clk_100mhz_BUFGP/BUFG
                                                       clk_100mhz_BUFGP/BUFG
    SLICE_X36Y12.CLK     net (fanout=263)      1.134   clk_100mhz_BUFGP
    -------------------------------------------------  ---------------------------
    Total                                      3.950ns (1.766ns logic, 2.184ns route)
                                                       (44.7% logic, 55.3% route)

  Maximum Data Path at Slow Process Corner: u/campaign/records_completed_3 to seg_n<4>
    Location             Delay type         Delay(ns)  Physical Resource
                                                       Logical Resource(s)
    -------------------------------------------------  -------------------
    SLICE_X36Y12.BMUX    Tshcko                0.535   u/records_completed<5>
                                                       u/campaign/records_completed_3
    SLICE_X35Y11.A1      net (fanout=7)        1.188   u/records_completed<3>
    SLICE_X35Y11.A       Tilo                  0.259   u/records_completed[6]_PWR_2_o_mod_0/a[4]_a[6]_MUX_93_o
                                                       u/records_completed[6]_PWR_2_o_mod_0/Mmux_a[0]_a[6]_MUX_97_o131
    SLICE_X35Y11.B3      net (fanout=2)        0.968   u/records_completed[6]_PWR_2_o_mod_0/a[3]_a[6]_MUX_94_o
    SLICE_X35Y11.BMUX    Tilo                  0.337   u/records_completed[6]_PWR_2_o_mod_0/a[4]_a[6]_MUX_93_o
                                                       u/records_completed[6]_PWR_2_o_mod_0/Mmux_a[0]_a[6]_MUX_104_o121
    SLICE_X35Y10.B1      net (fanout=2)        0.745   u/records_completed[6]_PWR_2_o_mod_0/a[2]_a[6]_MUX_102_o
    SLICE_X35Y10.B       Tilo                  0.259   u/ones<2>
                                                       u/records_completed[6]_PWR_2_o_mod_0/Mmux_o21
    SLICE_X35Y9.B2       net (fanout=1)        0.727   u/ones<1>
    SLICE_X35Y9.B        Tilo                  0.259   u/digit<1>
                                                       u/Mmux_digit<1>11
    SLICE_X37Y9.B2       net (fanout=4)        0.762   u/digit<1>
    SLICE_X37Y9.B        Tilo                  0.259   seg_n_5_OBUF
                                                       u/Mram_seg_n41
    M14.O                net (fanout=1)        2.504   seg_n_4_OBUF
    M14.PAD              Tioop                 2.982   seg_n<4>
                                                       seg_n_4_OBUF
                                                       seg_n<4>
    -------------------------------------------------  ---------------------------
    Total                                     11.784ns (4.890ns logic, 6.894ns route)
                                                       (41.5% logic, 58.5% route)

--------------------------------------------------------------------------------
Offset:                 15.582ns (clock path + data path + uncertainty)
  Source:               u/campaign/records_completed_3 (FF)
  Destination:          seg_n<4> (PAD)
  Source Clock:         clk_100mhz_BUFGP rising at 0.000ns
  Data Path Delay:      11.607ns (Levels of Logic = 6)
  Clock Path Delay:     3.950ns (Levels of Logic = 2)
  Clock Uncertainty:    0.025ns

  Clock Uncertainty:          0.025ns  ((TSJ^2 + TIJ^2)^1/2 + DJ) / 2 + PE
    Total System Jitter (TSJ):  0.050ns
    Total Input Jitter (TIJ):   0.000ns
    Discrete Jitter (DJ):       0.000ns
    Phase Error (PE):           0.000ns

  Maximum Clock Path at Slow Process Corner: clk_100mhz to u/campaign/records_completed_3
    Location             Delay type         Delay(ns)  Physical Resource
                                                       Logical Resource(s)
    -------------------------------------------------  -------------------
    V10.I                Tiopi                 1.557   clk_100mhz
                                                       clk_100mhz
                                                       clk_100mhz_BUFGP/IBUFG
                                                       ProtoComp132.IMUX
    BUFGMUX_X3Y13.I0     net (fanout=1)        1.050   clk_100mhz_BUFGP/IBUFG
    BUFGMUX_X3Y13.O      Tgi0o                 0.209   clk_100mhz_BUFGP/BUFG
                                                       clk_100mhz_BUFGP/BUFG
    SLICE_X36Y12.CLK     net (fanout=263)      1.134   clk_100mhz_BUFGP
    -------------------------------------------------  ---------------------------
    Total                                      3.950ns (1.766ns logic, 2.184ns route)
                                                       (44.7% logic, 55.3% route)

  Maximum Data Path at Slow Process Corner: u/campaign/records_completed_3 to seg_n<4>
    Location             Delay type         Delay(ns)  Physical Resource
                                                       Logical Resource(s)
    -------------------------------------------------  -------------------
    SLICE_X36Y12.BMUX    Tshcko                0.535   u/records_completed<5>
                                                       u/campaign/records_completed_3
    SLICE_X35Y11.A1      net (fanout=7)        1.188   u/records_completed<3>
    SLICE_X35Y11.AMUX    Tilo                  0.337   u/records_completed[6]_PWR_2_o_mod_0/a[4]_a[6]_MUX_93_o
                                                       u/records_completed[6]_PWR_2_o_mod_0/Mmux_a[5]_a[6]_MUX_92_o11
    SLICE_X35Y11.B1      net (fanout=2)        0.713   u/records_completed[6]_PWR_2_o_mod_0/a[5]_a[6]_MUX_92_o
    SLICE_X35Y11.BMUX    Tilo                  0.337   u/records_completed[6]_PWR_2_o_mod_0/a[4]_a[6]_MUX_93_o
                                                       u/records_completed[6]_PWR_2_o_mod_0/Mmux_a[0]_a[6]_MUX_104_o121
    SLICE_X35Y10.B1      net (fanout=2)        0.745   u/records_completed[6]_PWR_2_o_mod_0/a[2]_a[6]_MUX_102_o
    SLICE_X35Y10.B       Tilo                  0.259   u/ones<2>
                                                       u/records_completed[6]_PWR_2_o_mod_0/Mmux_o21
    SLICE_X35Y9.B2       net (fanout=1)        0.727   u/ones<1>
    SLICE_X35Y9.B        Tilo                  0.259   u/digit<1>
                                                       u/Mmux_digit<1>11
    SLICE_X37Y9.B2       net (fanout=4)        0.762   u/digit<1>
    SLICE_X37Y9.B        Tilo                  0.259   seg_n_5_OBUF
                                                       u/Mram_seg_n41
    M14.O                net (fanout=1)        2.504   seg_n_4_OBUF
    M14.PAD              Tioop                 2.982   seg_n<4>
                                                       seg_n_4_OBUF
                                                       seg_n<4>
    -------------------------------------------------  ---------------------------
    Total                                     11.607ns (4.968ns logic, 6.639ns route)
                                                       (42.8% logic, 57.2% route)

--------------------------------------------------------------------------------
Offset:                 15.486ns (clock path + data path + uncertainty)
  Source:               u/campaign/records_completed_6 (FF)
  Destination:          seg_n<4> (PAD)
  Source Clock:         clk_100mhz_BUFGP rising at 0.000ns
  Data Path Delay:      11.511ns (Levels of Logic = 6)
  Clock Path Delay:     3.950ns (Levels of Logic = 2)
  Clock Uncertainty:    0.025ns

  Clock Uncertainty:          0.025ns  ((TSJ^2 + TIJ^2)^1/2 + DJ) / 2 + PE
    Total System Jitter (TSJ):  0.050ns
    Total Input Jitter (TIJ):   0.000ns
    Discrete Jitter (DJ):       0.000ns
    Phase Error (PE):           0.000ns

  Maximum Clock Path at Slow Process Corner: clk_100mhz to u/campaign/records_completed_6
    Location             Delay type         Delay(ns)  Physical Resource
                                                       Logical Resource(s)
    -------------------------------------------------  -------------------
    V10.I                Tiopi                 1.557   clk_100mhz
                                                       clk_100mhz
                                                       clk_100mhz_BUFGP/IBUFG
                                                       ProtoComp132.IMUX
    BUFGMUX_X3Y13.I0     net (fanout=1)        1.050   clk_100mhz_BUFGP/IBUFG
    BUFGMUX_X3Y13.O      Tgi0o                 0.209   clk_100mhz_BUFGP/BUFG
                                                       clk_100mhz_BUFGP/BUFG
    SLICE_X37Y12.CLK     net (fanout=263)      1.134   clk_100mhz_BUFGP
    -------------------------------------------------  ---------------------------
    Total                                      3.950ns (1.766ns logic, 2.184ns route)
                                                       (44.7% logic, 55.3% route)

  Maximum Data Path at Slow Process Corner: u/campaign/records_completed_6 to seg_n<4>
    Location             Delay type         Delay(ns)  Physical Resource
                                                       Logical Resource(s)
    -------------------------------------------------  -------------------
    SLICE_X37Y12.AQ      Tcko                  0.430   u/ones<0>
                                                       u/campaign/records_completed_6
    SLICE_X35Y11.A2      net (fanout=6)        1.020   u/records_completed<6>
    SLICE_X35Y11.A       Tilo                  0.259   u/records_completed[6]_PWR_2_o_mod_0/a[4]_a[6]_MUX_93_o
                                                       u/records_completed[6]_PWR_2_o_mod_0/Mmux_a[0]_a[6]_MUX_97_o131
    SLICE_X35Y11.B3      net (fanout=2)        0.968   u/records_completed[6]_PWR_2_o_mod_0/a[3]_a[6]_MUX_94_o
    SLICE_X35Y11.BMUX    Tilo                  0.337   u/records_completed[6]_PWR_2_o_mod_0/a[4]_a[6]_MUX_93_o
                                                       u/records_completed[6]_PWR_2_o_mod_0/Mmux_a[0]_a[6]_MUX_104_o121
    SLICE_X35Y10.B1      net (fanout=2)        0.745   u/records_completed[6]_PWR_2_o_mod_0/a[2]_a[6]_MUX_102_o
    SLICE_X35Y10.B       Tilo                  0.259   u/ones<2>
                                                       u/records_completed[6]_PWR_2_o_mod_0/Mmux_o21
    SLICE_X35Y9.B2       net (fanout=1)        0.727   u/ones<1>
    SLICE_X35Y9.B        Tilo                  0.259   u/digit<1>
                                                       u/Mmux_digit<1>11
    SLICE_X37Y9.B2       net (fanout=4)        0.762   u/digit<1>
    SLICE_X37Y9.B        Tilo                  0.259   seg_n_5_OBUF
                                                       u/Mram_seg_n41
    M14.O                net (fanout=1)        2.504   seg_n_4_OBUF
    M14.PAD              Tioop                 2.982   seg_n<4>
                                                       seg_n_4_OBUF
                                                       seg_n<4>
    -------------------------------------------------  ---------------------------
    Total                                     11.511ns (4.785ns logic, 6.726ns route)
                                                       (41.6% logic, 58.4% route)

--------------------------------------------------------------------------------
Offset:                 15.361ns (clock path + data path + uncertainty)
  Source:               u/campaign/records_completed_3 (FF)
  Destination:          seg_n<4> (PAD)
  Source Clock:         clk_100mhz_BUFGP rising at 0.000ns
  Data Path Delay:      11.386ns (Levels of Logic = 6)
  Clock Path Delay:     3.950ns (Levels of Logic = 2)
  Clock Uncertainty:    0.025ns

  Clock Uncertainty:          0.025ns  ((TSJ^2 + TIJ^2)^1/2 + DJ) / 2 + PE
    Total System Jitter (TSJ):  0.050ns
    Total Input Jitter (TIJ):   0.000ns
    Discrete Jitter (DJ):       0.000ns
    Phase Error (PE):           0.000ns

  Maximum Clock Path at Slow Process Corner: clk_100mhz to u/campaign/records_completed_3
    Location             Delay type         Delay(ns)  Physical Resource
                                                       Logical Resource(s)
    -------------------------------------------------  -------------------
    V10.I                Tiopi                 1.557   clk_100mhz
                                                       clk_100mhz
                                                       clk_100mhz_BUFGP/IBUFG
                                                       ProtoComp132.IMUX
    BUFGMUX_X3Y13.I0     net (fanout=1)        1.050   clk_100mhz_BUFGP/IBUFG
    BUFGMUX_X3Y13.O      Tgi0o                 0.209   clk_100mhz_BUFGP/BUFG
                                                       clk_100mhz_BUFGP/BUFG
    SLICE_X36Y12.CLK     net (fanout=263)      1.134   clk_100mhz_BUFGP
    -------------------------------------------------  ---------------------------
    Total                                      3.950ns (1.766ns logic, 2.184ns route)
                                                       (44.7% logic, 55.3% route)

  Maximum Data Path at Slow Process Corner: u/campaign/records_completed_3 to seg_n<4>
    Location             Delay type         Delay(ns)  Physical Resource
                                                       Logical Resource(s)
    -------------------------------------------------  -------------------
    SLICE_X36Y12.BMUX    Tshcko                0.535   u/records_completed<5>
                                                       u/campaign/records_completed_3
    SLICE_X35Y11.A1      net (fanout=7)        1.188   u/records_completed<3>
    SLICE_X35Y11.A       Tilo                  0.259   u/records_completed[6]_PWR_2_o_mod_0/a[4]_a[6]_MUX_93_o
                                                       u/records_completed[6]_PWR_2_o_mod_0/Mmux_a[0]_a[6]_MUX_97_o131
    SLICE_X35Y11.B3      net (fanout=2)        0.968   u/records_completed[6]_PWR_2_o_mod_0/a[3]_a[6]_MUX_94_o
    SLICE_X35Y11.B       Tilo                  0.259   u/records_completed[6]_PWR_2_o_mod_0/a[4]_a[6]_MUX_93_o
                                                       u/records_completed[6]_PWR_2_o_mod_0/Mmux_a[0]_a[6]_MUX_104_o131
    SLICE_X35Y10.B5      net (fanout=2)        0.425   u/records_completed[6]_PWR_2_o_mod_0/a[3]_a[6]_MUX_101_o
    SLICE_X35Y10.B       Tilo                  0.259   u/ones<2>
                                                       u/records_completed[6]_PWR_2_o_mod_0/Mmux_o21
    SLICE_X35Y9.B2       net (fanout=1)        0.727   u/ones<1>
    SLICE_X35Y9.B        Tilo                  0.259   u/digit<1>
                                                       u/Mmux_digit<1>11
    SLICE_X37Y9.B2       net (fanout=4)        0.762   u/digit<1>
    SLICE_X37Y9.B        Tilo                  0.259   seg_n_5_OBUF
                                                       u/Mram_seg_n41
    M14.O                net (fanout=1)        2.504   seg_n_4_OBUF
    M14.PAD              Tioop                 2.982   seg_n<4>
                                                       seg_n_4_OBUF
                                                       seg_n<4>
    -------------------------------------------------  ---------------------------
    Total                                     11.386ns (4.812ns logic, 6.574ns route)
                                                       (42.3% logic, 57.7% route)

--------------------------------------------------------------------------------
Offset:                 15.346ns (clock path + data path + uncertainty)
  Source:               u/campaign/records_completed_3 (FF)
  Destination:          seg_n<4> (PAD)
  Source Clock:         clk_100mhz_BUFGP rising at 0.000ns
  Data Path Delay:      11.371ns (Levels of Logic = 6)
  Clock Path Delay:     3.950ns (Levels of Logic = 2)
  Clock Uncertainty:    0.025ns

  Clock Uncertainty:          0.025ns  ((TSJ^2 + TIJ^2)^1/2 + DJ) / 2 + PE
    Total System Jitter (TSJ):  0.050ns
    Total Input Jitter (TIJ):   0.000ns
    Discrete Jitter (DJ):       0.000ns
    Phase Error (PE):           0.000ns

  Maximum Clock Path at Slow Process Corner: clk_100mhz to u/campaign/records_completed_3
    Location             Delay type         Delay(ns)  Physical Resource
                                                       Logical Resource(s)
    -------------------------------------------------  -------------------
    V10.I                Tiopi                 1.557   clk_100mhz
                                                       clk_100mhz
                                                       clk_100mhz_BUFGP/IBUFG
                                                       ProtoComp132.IMUX
    BUFGMUX_X3Y13.I0     net (fanout=1)        1.050   clk_100mhz_BUFGP/IBUFG
    BUFGMUX_X3Y13.O      Tgi0o                 0.209   clk_100mhz_BUFGP/BUFG
                                                       clk_100mhz_BUFGP/BUFG
    SLICE_X36Y12.CLK     net (fanout=263)      1.134   clk_100mhz_BUFGP
    -------------------------------------------------  ---------------------------
    Total                                      3.950ns (1.766ns logic, 2.184ns route)
                                                       (44.7% logic, 55.3% route)

  Maximum Data Path at Slow Process Corner: u/campaign/records_completed_3 to seg_n<4>
    Location             Delay type         Delay(ns)  Physical Resource
                                                       Logical Resource(s)
    -------------------------------------------------  -------------------
    SLICE_X36Y12.BMUX    Tshcko                0.535   u/records_completed<5>
                                                       u/campaign/records_completed_3
    SLICE_X35Y11.A1      net (fanout=7)        1.188   u/records_completed<3>
    SLICE_X35Y11.AMUX    Tilo                  0.337   u/records_completed[6]_PWR_2_o_mod_0/a[4]_a[6]_MUX_93_o
                                                       u/records_completed[6]_PWR_2_o_mod_0/Mmux_a[5]_a[6]_MUX_92_o11
    SLICE_X35Y10.A6      net (fanout=2)        0.743   u/records_completed[6]_PWR_2_o_mod_0/a[5]_a[6]_MUX_92_o
    SLICE_X35Y10.A       Tilo                  0.259   u/ones<2>
                                                       u/records_completed[6]_PWR_2_o_mod_0/BUS_0008_INV_67_o1_SW0
    SLICE_X35Y10.B4      net (fanout=2)        0.557   u/records_completed[6]_PWR_2_o_mod_0/N01
    SLICE_X35Y10.B       Tilo                  0.259   u/ones<2>
                                                       u/records_completed[6]_PWR_2_o_mod_0/Mmux_o21
    SLICE_X35Y9.B2       net (fanout=1)        0.727   u/ones<1>
    SLICE_X35Y9.B        Tilo                  0.259   u/digit<1>
                                                       u/Mmux_digit<1>11
    SLICE_X37Y9.B2       net (fanout=4)        0.762   u/digit<1>
    SLICE_X37Y9.B        Tilo                  0.259   seg_n_5_OBUF
                                                       u/Mram_seg_n41
    M14.O                net (fanout=1)        2.504   seg_n_4_OBUF
    M14.PAD              Tioop                 2.982   seg_n<4>
                                                       seg_n_4_OBUF
                                                       seg_n<4>
    -------------------------------------------------  ---------------------------
    Total                                     11.371ns (4.890ns logic, 6.481ns route)
                                                       (43.0% logic, 57.0% route)

--------------------------------------------------------------------------------
Offset:                 15.309ns (clock path + data path + uncertainty)
  Source:               u/campaign/records_completed_6 (FF)
  Destination:          seg_n<4> (PAD)
  Source Clock:         clk_100mhz_BUFGP rising at 0.000ns
  Data Path Delay:      11.334ns (Levels of Logic = 6)
  Clock Path Delay:     3.950ns (Levels of Logic = 2)
  Clock Uncertainty:    0.025ns

  Clock Uncertainty:          0.025ns  ((TSJ^2 + TIJ^2)^1/2 + DJ) / 2 + PE
    Total System Jitter (TSJ):  0.050ns
    Total Input Jitter (TIJ):   0.000ns
    Discrete Jitter (DJ):       0.000ns
    Phase Error (PE):           0.000ns

  Maximum Clock Path at Slow Process Corner: clk_100mhz to u/campaign/records_completed_6
    Location             Delay type         Delay(ns)  Physical Resource
                                                       Logical Resource(s)
    -------------------------------------------------  -------------------
    V10.I                Tiopi                 1.557   clk_100mhz
                                                       clk_100mhz
                                                       clk_100mhz_BUFGP/IBUFG
                                                       ProtoComp132.IMUX
    BUFGMUX_X3Y13.I0     net (fanout=1)        1.050   clk_100mhz_BUFGP/IBUFG
    BUFGMUX_X3Y13.O      Tgi0o                 0.209   clk_100mhz_BUFGP/BUFG
                                                       clk_100mhz_BUFGP/BUFG
    SLICE_X37Y12.CLK     net (fanout=263)      1.134   clk_100mhz_BUFGP
    -------------------------------------------------  ---------------------------
    Total                                      3.950ns (1.766ns logic, 2.184ns route)
                                                       (44.7% logic, 55.3% route)

  Maximum Data Path at Slow Process Corner: u/campaign/records_completed_6 to seg_n<4>
    Location             Delay type         Delay(ns)  Physical Resource
                                                       Logical Resource(s)
    -------------------------------------------------  -------------------
    SLICE_X37Y12.AQ      Tcko                  0.430   u/ones<0>
                                                       u/campaign/records_completed_6
    SLICE_X35Y11.A2      net (fanout=6)        1.020   u/records_completed<6>
    SLICE_X35Y11.AMUX    Tilo                  0.337   u/records_completed[6]_PWR_2_o_mod_0/a[4]_a[6]_MUX_93_o
                                                       u/records_completed[6]_PWR_2_o_mod_0/Mmux_a[5]_a[6]_MUX_92_o11
    SLICE_X35Y11.B1      net (fanout=2)        0.713   u/records_completed[6]_PWR_2_o_mod_0/a[5]_a[6]_MUX_92_o
    SLICE_X35Y11.BMUX    Tilo                  0.337   u/records_completed[6]_PWR_2_o_mod_0/a[4]_a[6]_MUX_93_o
                                                       u/records_completed[6]_PWR_2_o_mod_0/Mmux_a[0]_a[6]_MUX_104_o121
    SLICE_X35Y10.B1      net (fanout=2)        0.745   u/records_completed[6]_PWR_2_o_mod_0/a[2]_a[6]_MUX_102_o
    SLICE_X35Y10.B       Tilo                  0.259   u/ones<2>
                                                       u/records_completed[6]_PWR_2_o_mod_0/Mmux_o21
    SLICE_X35Y9.B2       net (fanout=1)        0.727   u/ones<1>
    SLICE_X35Y9.B        Tilo                  0.259   u/digit<1>
                                                       u/Mmux_digit<1>11
    SLICE_X37Y9.B2       net (fanout=4)        0.762   u/digit<1>
    SLICE_X37Y9.B        Tilo                  0.259   seg_n_5_OBUF
                                                       u/Mram_seg_n41
    M14.O                net (fanout=1)        2.504   seg_n_4_OBUF
    M14.PAD              Tioop                 2.982   seg_n<4>
                                                       seg_n_4_OBUF
                                                       seg_n<4>
    -------------------------------------------------  ---------------------------
    Total                                     11.334ns (4.863ns logic, 6.471ns route)
                                                       (42.9% logic, 57.1% route)

--------------------------------------------------------------------------------
Offset:                 15.254ns (clock path + data path + uncertainty)
  Source:               u/campaign/records_completed_3 (FF)
  Destination:          seg_n<4> (PAD)
  Source Clock:         clk_100mhz_BUFGP rising at 0.000ns
  Data Path Delay:      11.279ns (Levels of Logic = 6)
  Clock Path Delay:     3.950ns (Levels of Logic = 2)
  Clock Uncertainty:    0.025ns

  Clock Uncertainty:          0.025ns  ((TSJ^2 + TIJ^2)^1/2 + DJ) / 2 + PE
    Total System Jitter (TSJ):  0.050ns
    Total Input Jitter (TIJ):   0.000ns
    Discrete Jitter (DJ):       0.000ns
    Phase Error (PE):           0.000ns

  Maximum Clock Path at Slow Process Corner: clk_100mhz to u/campaign/records_completed_3
    Location             Delay type         Delay(ns)  Physical Resource
                                                       Logical Resource(s)
    -------------------------------------------------  -------------------
    V10.I                Tiopi                 1.557   clk_100mhz
                                                       clk_100mhz
                                                       clk_100mhz_BUFGP/IBUFG
                                                       ProtoComp132.IMUX
    BUFGMUX_X3Y13.I0     net (fanout=1)        1.050   clk_100mhz_BUFGP/IBUFG
    BUFGMUX_X3Y13.O      Tgi0o                 0.209   clk_100mhz_BUFGP/BUFG
                                                       clk_100mhz_BUFGP/BUFG
    SLICE_X36Y12.CLK     net (fanout=263)      1.134   clk_100mhz_BUFGP
    -------------------------------------------------  ---------------------------
    Total                                      3.950ns (1.766ns logic, 2.184ns route)
                                                       (44.7% logic, 55.3% route)

  Maximum Data Path at Slow Process Corner: u/campaign/records_completed_3 to seg_n<4>
    Location             Delay type         Delay(ns)  Physical Resource
                                                       Logical Resource(s)
    -------------------------------------------------  -------------------
    SLICE_X36Y12.BMUX    Tshcko                0.535   u/records_completed<5>
                                                       u/campaign/records_completed_3
    SLICE_X35Y11.A1      net (fanout=7)        1.188   u/records_completed<3>
    SLICE_X35Y11.A       Tilo                  0.259   u/records_completed[6]_PWR_2_o_mod_0/a[4]_a[6]_MUX_93_o
                                                       u/records_completed[6]_PWR_2_o_mod_0/Mmux_a[0]_a[6]_MUX_97_o131
    SLICE_X35Y10.A1      net (fanout=2)        0.729   u/records_completed[6]_PWR_2_o_mod_0/a[3]_a[6]_MUX_94_o
    SLICE_X35Y10.A       Tilo                  0.259   u/ones<2>
                                                       u/records_completed[6]_PWR_2_o_mod_0/BUS_0008_INV_67_o1_SW0
    SLICE_X35Y10.B4      net (fanout=2)        0.557   u/records_completed[6]_PWR_2_o_mod_0/N01
    SLICE_X35Y10.B       Tilo                  0.259   u/ones<2>
                                                       u/records_completed[6]_PWR_2_o_mod_0/Mmux_o21
    SLICE_X35Y9.B2       net (fanout=1)        0.727   u/ones<1>
    SLICE_X35Y9.B        Tilo                  0.259   u/digit<1>
                                                       u/Mmux_digit<1>11
    SLICE_X37Y9.B2       net (fanout=4)        0.762   u/digit<1>
    SLICE_X37Y9.B        Tilo                  0.259   seg_n_5_OBUF
                                                       u/Mram_seg_n41
    M14.O                net (fanout=1)        2.504   seg_n_4_OBUF
    M14.PAD              Tioop                 2.982   seg_n<4>
                                                       seg_n_4_OBUF
                                                       seg_n<4>
    -------------------------------------------------  ---------------------------
    Total                                     11.279ns (4.812ns logic, 6.467ns route)
                                                       (42.7% logic, 57.3% route)

--------------------------------------------------------------------------------
Offset:                 15.195ns (clock path + data path + uncertainty)
  Source:               u/campaign/records_completed_4 (FF)
  Destination:          seg_n<4> (PAD)
  Source Clock:         clk_100mhz_BUFGP rising at 0.000ns
  Data Path Delay:      11.220ns (Levels of Logic = 6)
  Clock Path Delay:     3.950ns (Levels of Logic = 2)
  Clock Uncertainty:    0.025ns

  Clock Uncertainty:          0.025ns  ((TSJ^2 + TIJ^2)^1/2 + DJ) / 2 + PE
    Total System Jitter (TSJ):  0.050ns
    Total Input Jitter (TIJ):   0.000ns
    Discrete Jitter (DJ):       0.000ns
    Phase Error (PE):           0.000ns

  Maximum Clock Path at Slow Process Corner: clk_100mhz to u/campaign/records_completed_4
    Location             Delay type         Delay(ns)  Physical Resource
                                                       Logical Resource(s)
    -------------------------------------------------  -------------------
    V10.I                Tiopi                 1.557   clk_100mhz
                                                       clk_100mhz
                                                       clk_100mhz_BUFGP/IBUFG
                                                       ProtoComp132.IMUX
    BUFGMUX_X3Y13.I0     net (fanout=1)        1.050   clk_100mhz_BUFGP/IBUFG
    BUFGMUX_X3Y13.O      Tgi0o                 0.209   clk_100mhz_BUFGP/BUFG
                                                       clk_100mhz_BUFGP/BUFG
    SLICE_X37Y12.CLK     net (fanout=263)      1.134   clk_100mhz_BUFGP
    -------------------------------------------------  ---------------------------
    Total                                      3.950ns (1.766ns logic, 2.184ns route)
                                                       (44.7% logic, 55.3% route)

  Maximum Data Path at Slow Process Corner: u/campaign/records_completed_4 to seg_n<4>
    Location             Delay type         Delay(ns)  Physical Resource
                                                       Logical Resource(s)
    -------------------------------------------------  -------------------
    SLICE_X37Y12.BMUX    Tshcko                0.518   u/ones<0>
                                                       u/campaign/records_completed_4
    SLICE_X35Y11.A3      net (fanout=7)        0.641   u/records_completed<4>
    SLICE_X35Y11.A       Tilo                  0.259   u/records_completed[6]_PWR_2_o_mod_0/a[4]_a[6]_MUX_93_o
                                                       u/records_completed[6]_PWR_2_o_mod_0/Mmux_a[0]_a[6]_MUX_97_o131
    SLICE_X35Y11.B3      net (fanout=2)        0.968   u/records_completed[6]_PWR_2_o_mod_0/a[3]_a[6]_MUX_94_o
    SLICE_X35Y11.BMUX    Tilo                  0.337   u/records_completed[6]_PWR_2_o_mod_0/a[4]_a[6]_MUX_93_o
                                                       u/records_completed[6]_PWR_2_o_mod_0/Mmux_a[0]_a[6]_MUX_104_o121
    SLICE_X35Y10.B1      net (fanout=2)        0.745   u/records_completed[6]_PWR_2_o_mod_0/a[2]_a[6]_MUX_102_o
    SLICE_X35Y10.B       Tilo                  0.259   u/ones<2>
                                                       u/records_completed[6]_PWR_2_o_mod_0/Mmux_o21
    SLICE_X35Y9.B2       net (fanout=1)        0.727   u/ones<1>
    SLICE_X35Y9.B        Tilo                  0.259   u/digit<1>
                                                       u/Mmux_digit<1>11
    SLICE_X37Y9.B2       net (fanout=4)        0.762   u/digit<1>
    SLICE_X37Y9.B        Tilo                  0.259   seg_n_5_OBUF
                                                       u/Mram_seg_n41
    M14.O                net (fanout=1)        2.504   seg_n_4_OBUF
    M14.PAD              Tioop                 2.982   seg_n<4>
                                                       seg_n_4_OBUF
                                                       seg_n<4>
    -------------------------------------------------  ---------------------------
    Total                                     11.220ns (4.873ns logic, 6.347ns route)
                                                       (43.4% logic, 56.6% route)

--------------------------------------------------------------------------------
Offset:                 15.184ns (clock path + data path + uncertainty)
  Source:               u/campaign/records_completed_3 (FF)
  Destination:          seg_n<4> (PAD)
  Source Clock:         clk_100mhz_BUFGP rising at 0.000ns
  Data Path Delay:      11.209ns (Levels of Logic = 6)
  Clock Path Delay:     3.950ns (Levels of Logic = 2)
  Clock Uncertainty:    0.025ns

  Clock Uncertainty:          0.025ns  ((TSJ^2 + TIJ^2)^1/2 + DJ) / 2 + PE
    Total System Jitter (TSJ):  0.050ns
    Total Input Jitter (TIJ):   0.000ns
    Discrete Jitter (DJ):       0.000ns
    Phase Error (PE):           0.000ns

  Maximum Clock Path at Slow Process Corner: clk_100mhz to u/campaign/records_completed_3
    Location             Delay type         Delay(ns)  Physical Resource
                                                       Logical Resource(s)
    -------------------------------------------------  -------------------
    V10.I                Tiopi                 1.557   clk_100mhz
                                                       clk_100mhz
                                                       clk_100mhz_BUFGP/IBUFG
                                                       ProtoComp132.IMUX
    BUFGMUX_X3Y13.I0     net (fanout=1)        1.050   clk_100mhz_BUFGP/IBUFG
    BUFGMUX_X3Y13.O      Tgi0o                 0.209   clk_100mhz_BUFGP/BUFG
                                                       clk_100mhz_BUFGP/BUFG
    SLICE_X36Y12.CLK     net (fanout=263)      1.134   clk_100mhz_BUFGP
    -------------------------------------------------  ---------------------------
    Total                                      3.950ns (1.766ns logic, 2.184ns route)
                                                       (44.7% logic, 55.3% route)

  Maximum Data Path at Slow Process Corner: u/campaign/records_completed_3 to seg_n<4>
    Location             Delay type         Delay(ns)  Physical Resource
                                                       Logical Resource(s)
    -------------------------------------------------  -------------------
    SLICE_X36Y12.BMUX    Tshcko                0.535   u/records_completed<5>
                                                       u/campaign/records_completed_3
    SLICE_X35Y11.A1      net (fanout=7)        1.188   u/records_completed<3>
    SLICE_X35Y11.AMUX    Tilo                  0.337   u/records_completed[6]_PWR_2_o_mod_0/a[4]_a[6]_MUX_93_o
                                                       u/records_completed[6]_PWR_2_o_mod_0/Mmux_a[5]_a[6]_MUX_92_o11
    SLICE_X35Y11.B1      net (fanout=2)        0.713   u/records_completed[6]_PWR_2_o_mod_0/a[5]_a[6]_MUX_92_o
    SLICE_X35Y11.B       Tilo                  0.259   u/records_completed[6]_PWR_2_o_mod_0/a[4]_a[6]_MUX_93_o
                                                       u/records_completed[6]_PWR_2_o_mod_0/Mmux_a[0]_a[6]_MUX_104_o131
    SLICE_X35Y10.B5      net (fanout=2)        0.425   u/records_completed[6]_PWR_2_o_mod_0/a[3]_a[6]_MUX_101_o
    SLICE_X35Y10.B       Tilo                  0.259   u/ones<2>
                                                       u/records_completed[6]_PWR_2_o_mod_0/Mmux_o21
    SLICE_X35Y9.B2       net (fanout=1)        0.727   u/ones<1>
    SLICE_X35Y9.B        Tilo                  0.259   u/digit<1>
                                                       u/Mmux_digit<1>11
    SLICE_X37Y9.B2       net (fanout=4)        0.762   u/digit<1>
    SLICE_X37Y9.B        Tilo                  0.259   seg_n_5_OBUF
                                                       u/Mram_seg_n41
    M14.O                net (fanout=1)        2.504   seg_n_4_OBUF
    M14.PAD              Tioop                 2.982   seg_n<4>
                                                       seg_n_4_OBUF
                                                       seg_n<4>
    -------------------------------------------------  ---------------------------
    Total                                     11.209ns (4.890ns logic, 6.319ns route)
                                                       (43.6% logic, 56.4% route)

--------------------------------------------------------------------------------
Offset:                 15.098ns (clock path + data path + uncertainty)
  Source:               u/campaign/records_completed_3 (FF)
  Destination:          seg_n<4> (PAD)
  Source Clock:         clk_100mhz_BUFGP rising at 0.000ns
  Data Path Delay:      11.123ns (Levels of Logic = 6)
  Clock Path Delay:     3.950ns (Levels of Logic = 2)
  Clock Uncertainty:    0.025ns

  Clock Uncertainty:          0.025ns  ((TSJ^2 + TIJ^2)^1/2 + DJ) / 2 + PE
    Total System Jitter (TSJ):  0.050ns
    Total Input Jitter (TIJ):   0.000ns
    Discrete Jitter (DJ):       0.000ns
    Phase Error (PE):           0.000ns

  Maximum Clock Path at Slow Process Corner: clk_100mhz to u/campaign/records_completed_3
    Location             Delay type         Delay(ns)  Physical Resource
                                                       Logical Resource(s)
    -------------------------------------------------  -------------------
    V10.I                Tiopi                 1.557   clk_100mhz
                                                       clk_100mhz
                                                       clk_100mhz_BUFGP/IBUFG
                                                       ProtoComp132.IMUX
    BUFGMUX_X3Y13.I0     net (fanout=1)        1.050   clk_100mhz_BUFGP/IBUFG
    BUFGMUX_X3Y13.O      Tgi0o                 0.209   clk_100mhz_BUFGP/BUFG
                                                       clk_100mhz_BUFGP/BUFG
    SLICE_X36Y12.CLK     net (fanout=263)      1.134   clk_100mhz_BUFGP
    -------------------------------------------------  ---------------------------
    Total                                      3.950ns (1.766ns logic, 2.184ns route)
                                                       (44.7% logic, 55.3% route)

  Maximum Data Path at Slow Process Corner: u/campaign/records_completed_3 to seg_n<4>
    Location             Delay type         Delay(ns)  Physical Resource
                                                       Logical Resource(s)
    -------------------------------------------------  -------------------
    SLICE_X36Y12.BMUX    Tshcko                0.535   u/records_completed<5>
                                                       u/campaign/records_completed_3
    SLICE_X35Y11.A1      net (fanout=7)        1.188   u/records_completed<3>
    SLICE_X35Y11.A       Tilo                  0.259   u/records_completed[6]_PWR_2_o_mod_0/a[4]_a[6]_MUX_93_o
                                                       u/records_completed[6]_PWR_2_o_mod_0/Mmux_a[0]_a[6]_MUX_97_o131
    SLICE_X35Y11.B3      net (fanout=2)        0.968   u/records_completed[6]_PWR_2_o_mod_0/a[3]_a[6]_MUX_94_o
    SLICE_X35Y11.BMUX    Tilo                  0.337   u/records_completed[6]_PWR_2_o_mod_0/a[4]_a[6]_MUX_93_o
                                                       u/records_completed[6]_PWR_2_o_mod_0/Mmux_a[0]_a[6]_MUX_104_o121
    SLICE_X35Y10.B1      net (fanout=2)        0.745   u/records_completed[6]_PWR_2_o_mod_0/a[2]_a[6]_MUX_102_o
    SLICE_X35Y10.BMUX    Tilo                  0.337   u/ones<2>
                                                       u/records_completed[6]_PWR_2_o_mod_0/Mmux_o41
    SLICE_X37Y9.A3       net (fanout=1)        0.594   u/ones<3>
    SLICE_X37Y9.A        Tilo                  0.259   seg_n_5_OBUF
                                                       u/Mmux_digit<3>11
    SLICE_X37Y9.B6       net (fanout=4)        0.156   u/digit<3>
    SLICE_X37Y9.B        Tilo                  0.259   seg_n_5_OBUF
                                                       u/Mram_seg_n41
    M14.O                net (fanout=1)        2.504   seg_n_4_OBUF
    M14.PAD              Tioop                 2.982   seg_n<4>
                                                       seg_n_4_OBUF
                                                       seg_n<4>
    -------------------------------------------------  ---------------------------
    Total                                     11.123ns (4.968ns logic, 6.155ns route)
                                                       (44.7% logic, 55.3% route)

--------------------------------------------------------------------------------

Paths for end point seg_n<5> (N14.PAD), 171 paths
--------------------------------------------------------------------------------
Offset:                 15.743ns (clock path + data path + uncertainty)
  Source:               u/campaign/records_completed_3 (FF)
  Destination:          seg_n<5> (PAD)
  Source Clock:         clk_100mhz_BUFGP rising at 0.000ns
  Data Path Delay:      11.768ns (Levels of Logic = 6)
  Clock Path Delay:     3.950ns (Levels of Logic = 2)
  Clock Uncertainty:    0.025ns

  Clock Uncertainty:          0.025ns  ((TSJ^2 + TIJ^2)^1/2 + DJ) / 2 + PE
    Total System Jitter (TSJ):  0.050ns
    Total Input Jitter (TIJ):   0.000ns
    Discrete Jitter (DJ):       0.000ns
    Phase Error (PE):           0.000ns

  Maximum Clock Path at Slow Process Corner: clk_100mhz to u/campaign/records_completed_3
    Location             Delay type         Delay(ns)  Physical Resource
                                                       Logical Resource(s)
    -------------------------------------------------  -------------------
    V10.I                Tiopi                 1.557   clk_100mhz
                                                       clk_100mhz
                                                       clk_100mhz_BUFGP/IBUFG
                                                       ProtoComp132.IMUX
    BUFGMUX_X3Y13.I0     net (fanout=1)        1.050   clk_100mhz_BUFGP/IBUFG
    BUFGMUX_X3Y13.O      Tgi0o                 0.209   clk_100mhz_BUFGP/BUFG
                                                       clk_100mhz_BUFGP/BUFG
    SLICE_X36Y12.CLK     net (fanout=263)      1.134   clk_100mhz_BUFGP
    -------------------------------------------------  ---------------------------
    Total                                      3.950ns (1.766ns logic, 2.184ns route)
                                                       (44.7% logic, 55.3% route)

  Maximum Data Path at Slow Process Corner: u/campaign/records_completed_3 to seg_n<5>
    Location             Delay type         Delay(ns)  Physical Resource
                                                       Logical Resource(s)
    -------------------------------------------------  -------------------
    SLICE_X36Y12.BMUX    Tshcko                0.535   u/records_completed<5>
                                                       u/campaign/records_completed_3
    SLICE_X35Y11.A1      net (fanout=7)        1.188   u/records_completed<3>
    SLICE_X35Y11.A       Tilo                  0.259   u/records_completed[6]_PWR_2_o_mod_0/a[4]_a[6]_MUX_93_o
                                                       u/records_completed[6]_PWR_2_o_mod_0/Mmux_a[0]_a[6]_MUX_97_o131
    SLICE_X35Y11.B3      net (fanout=2)        0.968   u/records_completed[6]_PWR_2_o_mod_0/a[3]_a[6]_MUX_94_o
    SLICE_X35Y11.BMUX    Tilo                  0.337   u/records_completed[6]_PWR_2_o_mod_0/a[4]_a[6]_MUX_93_o
                                                       u/records_completed[6]_PWR_2_o_mod_0/Mmux_a[0]_a[6]_MUX_104_o121
    SLICE_X35Y10.B1      net (fanout=2)        0.745   u/records_completed[6]_PWR_2_o_mod_0/a[2]_a[6]_MUX_102_o
    SLICE_X35Y10.B       Tilo                  0.259   u/ones<2>
                                                       u/records_completed[6]_PWR_2_o_mod_0/Mmux_o21
    SLICE_X35Y9.B2       net (fanout=1)        0.727   u/ones<1>
    SLICE_X35Y9.B        Tilo                  0.259   u/digit<1>
                                                       u/Mmux_digit<1>11
    SLICE_X37Y9.D1       net (fanout=4)        0.750   u/digit<1>
    SLICE_X37Y9.D        Tilo                  0.259   seg_n_5_OBUF
                                                       u/Mram_seg_n51
    N14.O                net (fanout=1)        2.500   seg_n_5_OBUF
    N14.PAD              Tioop                 2.982   seg_n<5>
                                                       seg_n_5_OBUF
                                                       seg_n<5>
    -------------------------------------------------  ---------------------------
    Total                                     11.768ns (4.890ns logic, 6.878ns route)
                                                       (41.6% logic, 58.4% route)

--------------------------------------------------------------------------------
Offset:                 15.566ns (clock path + data path + uncertainty)
  Source:               u/campaign/records_completed_3 (FF)
  Destination:          seg_n<5> (PAD)
  Source Clock:         clk_100mhz_BUFGP rising at 0.000ns
  Data Path Delay:      11.591ns (Levels of Logic = 6)
  Clock Path Delay:     3.950ns (Levels of Logic = 2)
  Clock Uncertainty:    0.025ns

  Clock Uncertainty:          0.025ns  ((TSJ^2 + TIJ^2)^1/2 + DJ) / 2 + PE
    Total System Jitter (TSJ):  0.050ns
    Total Input Jitter (TIJ):   0.000ns
    Discrete Jitter (DJ):       0.000ns
    Phase Error (PE):           0.000ns

  Maximum Clock Path at Slow Process Corner: clk_100mhz to u/campaign/records_completed_3
    Location             Delay type         Delay(ns)  Physical Resource
                                                       Logical Resource(s)
    -------------------------------------------------  -------------------
    V10.I                Tiopi                 1.557   clk_100mhz
                                                       clk_100mhz
                                                       clk_100mhz_BUFGP/IBUFG
                                                       ProtoComp132.IMUX
    BUFGMUX_X3Y13.I0     net (fanout=1)        1.050   clk_100mhz_BUFGP/IBUFG
    BUFGMUX_X3Y13.O      Tgi0o                 0.209   clk_100mhz_BUFGP/BUFG
                                                       clk_100mhz_BUFGP/BUFG
    SLICE_X36Y12.CLK     net (fanout=263)      1.134   clk_100mhz_BUFGP
    -------------------------------------------------  ---------------------------
    Total                                      3.950ns (1.766ns logic, 2.184ns route)
                                                       (44.7% logic, 55.3% route)

  Maximum Data Path at Slow Process Corner: u/campaign/records_completed_3 to seg_n<5>
    Location             Delay type         Delay(ns)  Physical Resource
                                                       Logical Resource(s)
    -------------------------------------------------  -------------------
    SLICE_X36Y12.BMUX    Tshcko                0.535   u/records_completed<5>
                                                       u/campaign/records_completed_3
    SLICE_X35Y11.A1      net (fanout=7)        1.188   u/records_completed<3>
    SLICE_X35Y11.AMUX    Tilo                  0.337   u/records_completed[6]_PWR_2_o_mod_0/a[4]_a[6]_MUX_93_o
                                                       u/records_completed[6]_PWR_2_o_mod_0/Mmux_a[5]_a[6]_MUX_92_o11
    SLICE_X35Y11.B1      net (fanout=2)        0.713   u/records_completed[6]_PWR_2_o_mod_0/a[5]_a[6]_MUX_92_o
    SLICE_X35Y11.BMUX    Tilo                  0.337   u/records_completed[6]_PWR_2_o_mod_0/a[4]_a[6]_MUX_93_o
                                                       u/records_completed[6]_PWR_2_o_mod_0/Mmux_a[0]_a[6]_MUX_104_o121
    SLICE_X35Y10.B1      net (fanout=2)        0.745   u/records_completed[6]_PWR_2_o_mod_0/a[2]_a[6]_MUX_102_o
    SLICE_X35Y10.B       Tilo                  0.259   u/ones<2>
                                                       u/records_completed[6]_PWR_2_o_mod_0/Mmux_o21
    SLICE_X35Y9.B2       net (fanout=1)        0.727   u/ones<1>
    SLICE_X35Y9.B        Tilo                  0.259   u/digit<1>
                                                       u/Mmux_digit<1>11
    SLICE_X37Y9.D1       net (fanout=4)        0.750   u/digit<1>
    SLICE_X37Y9.D        Tilo                  0.259   seg_n_5_OBUF
                                                       u/Mram_seg_n51
    N14.O                net (fanout=1)        2.500   seg_n_5_OBUF
    N14.PAD              Tioop                 2.982   seg_n<5>
                                                       seg_n_5_OBUF
                                                       seg_n<5>
    -------------------------------------------------  ---------------------------
    Total                                     11.591ns (4.968ns logic, 6.623ns route)
                                                       (42.9% logic, 57.1% route)

--------------------------------------------------------------------------------
Offset:                 15.470ns (clock path + data path + uncertainty)
  Source:               u/campaign/records_completed_6 (FF)
  Destination:          seg_n<5> (PAD)
  Source Clock:         clk_100mhz_BUFGP rising at 0.000ns
  Data Path Delay:      11.495ns (Levels of Logic = 6)
  Clock Path Delay:     3.950ns (Levels of Logic = 2)
  Clock Uncertainty:    0.025ns

  Clock Uncertainty:          0.025ns  ((TSJ^2 + TIJ^2)^1/2 + DJ) / 2 + PE
    Total System Jitter (TSJ):  0.050ns
    Total Input Jitter (TIJ):   0.000ns
    Discrete Jitter (DJ):       0.000ns
    Phase Error (PE):           0.000ns

  Maximum Clock Path at Slow Process Corner: clk_100mhz to u/campaign/records_completed_6
    Location             Delay type         Delay(ns)  Physical Resource
                                                       Logical Resource(s)
    -------------------------------------------------  -------------------
    V10.I                Tiopi                 1.557   clk_100mhz
                                                       clk_100mhz
                                                       clk_100mhz_BUFGP/IBUFG
                                                       ProtoComp132.IMUX
    BUFGMUX_X3Y13.I0     net (fanout=1)        1.050   clk_100mhz_BUFGP/IBUFG
    BUFGMUX_X3Y13.O      Tgi0o                 0.209   clk_100mhz_BUFGP/BUFG
                                                       clk_100mhz_BUFGP/BUFG
    SLICE_X37Y12.CLK     net (fanout=263)      1.134   clk_100mhz_BUFGP
    -------------------------------------------------  ---------------------------
    Total                                      3.950ns (1.766ns logic, 2.184ns route)
                                                       (44.7% logic, 55.3% route)

  Maximum Data Path at Slow Process Corner: u/campaign/records_completed_6 to seg_n<5>
    Location             Delay type         Delay(ns)  Physical Resource
                                                       Logical Resource(s)
    -------------------------------------------------  -------------------
    SLICE_X37Y12.AQ      Tcko                  0.430   u/ones<0>
                                                       u/campaign/records_completed_6
    SLICE_X35Y11.A2      net (fanout=6)        1.020   u/records_completed<6>
    SLICE_X35Y11.A       Tilo                  0.259   u/records_completed[6]_PWR_2_o_mod_0/a[4]_a[6]_MUX_93_o
                                                       u/records_completed[6]_PWR_2_o_mod_0/Mmux_a[0]_a[6]_MUX_97_o131
    SLICE_X35Y11.B3      net (fanout=2)        0.968   u/records_completed[6]_PWR_2_o_mod_0/a[3]_a[6]_MUX_94_o
    SLICE_X35Y11.BMUX    Tilo                  0.337   u/records_completed[6]_PWR_2_o_mod_0/a[4]_a[6]_MUX_93_o
                                                       u/records_completed[6]_PWR_2_o_mod_0/Mmux_a[0]_a[6]_MUX_104_o121
    SLICE_X35Y10.B1      net (fanout=2)        0.745   u/records_completed[6]_PWR_2_o_mod_0/a[2]_a[6]_MUX_102_o
    SLICE_X35Y10.B       Tilo                  0.259   u/ones<2>
                                                       u/records_completed[6]_PWR_2_o_mod_0/Mmux_o21
    SLICE_X35Y9.B2       net (fanout=1)        0.727   u/ones<1>
    SLICE_X35Y9.B        Tilo                  0.259   u/digit<1>
                                                       u/Mmux_digit<1>11
    SLICE_X37Y9.D1       net (fanout=4)        0.750   u/digit<1>
    SLICE_X37Y9.D        Tilo                  0.259   seg_n_5_OBUF
                                                       u/Mram_seg_n51
    N14.O                net (fanout=1)        2.500   seg_n_5_OBUF
    N14.PAD              Tioop                 2.982   seg_n<5>
                                                       seg_n_5_OBUF
                                                       seg_n<5>
    -------------------------------------------------  ---------------------------
    Total                                     11.495ns (4.785ns logic, 6.710ns route)
                                                       (41.6% logic, 58.4% route)

--------------------------------------------------------------------------------
Offset:                 15.345ns (clock path + data path + uncertainty)
  Source:               u/campaign/records_completed_3 (FF)
  Destination:          seg_n<5> (PAD)
  Source Clock:         clk_100mhz_BUFGP rising at 0.000ns
  Data Path Delay:      11.370ns (Levels of Logic = 6)
  Clock Path Delay:     3.950ns (Levels of Logic = 2)
  Clock Uncertainty:    0.025ns

  Clock Uncertainty:          0.025ns  ((TSJ^2 + TIJ^2)^1/2 + DJ) / 2 + PE
    Total System Jitter (TSJ):  0.050ns
    Total Input Jitter (TIJ):   0.000ns
    Discrete Jitter (DJ):       0.000ns
    Phase Error (PE):           0.000ns

  Maximum Clock Path at Slow Process Corner: clk_100mhz to u/campaign/records_completed_3
    Location             Delay type         Delay(ns)  Physical Resource
                                                       Logical Resource(s)
    -------------------------------------------------  -------------------
    V10.I                Tiopi                 1.557   clk_100mhz
                                                       clk_100mhz
                                                       clk_100mhz_BUFGP/IBUFG
                                                       ProtoComp132.IMUX
    BUFGMUX_X3Y13.I0     net (fanout=1)        1.050   clk_100mhz_BUFGP/IBUFG
    BUFGMUX_X3Y13.O      Tgi0o                 0.209   clk_100mhz_BUFGP/BUFG
                                                       clk_100mhz_BUFGP/BUFG
    SLICE_X36Y12.CLK     net (fanout=263)      1.134   clk_100mhz_BUFGP
    -------------------------------------------------  ---------------------------
    Total                                      3.950ns (1.766ns logic, 2.184ns route)
                                                       (44.7% logic, 55.3% route)

  Maximum Data Path at Slow Process Corner: u/campaign/records_completed_3 to seg_n<5>
    Location             Delay type         Delay(ns)  Physical Resource
                                                       Logical Resource(s)
    -------------------------------------------------  -------------------
    SLICE_X36Y12.BMUX    Tshcko                0.535   u/records_completed<5>
                                                       u/campaign/records_completed_3
    SLICE_X35Y11.A1      net (fanout=7)        1.188   u/records_completed<3>
    SLICE_X35Y11.A       Tilo                  0.259   u/records_completed[6]_PWR_2_o_mod_0/a[4]_a[6]_MUX_93_o
                                                       u/records_completed[6]_PWR_2_o_mod_0/Mmux_a[0]_a[6]_MUX_97_o131
    SLICE_X35Y11.B3      net (fanout=2)        0.968   u/records_completed[6]_PWR_2_o_mod_0/a[3]_a[6]_MUX_94_o
    SLICE_X35Y11.B       Tilo                  0.259   u/records_completed[6]_PWR_2_o_mod_0/a[4]_a[6]_MUX_93_o
                                                       u/records_completed[6]_PWR_2_o_mod_0/Mmux_a[0]_a[6]_MUX_104_o131
    SLICE_X35Y10.B5      net (fanout=2)        0.425   u/records_completed[6]_PWR_2_o_mod_0/a[3]_a[6]_MUX_101_o
    SLICE_X35Y10.B       Tilo                  0.259   u/ones<2>
                                                       u/records_completed[6]_PWR_2_o_mod_0/Mmux_o21
    SLICE_X35Y9.B2       net (fanout=1)        0.727   u/ones<1>
    SLICE_X35Y9.B        Tilo                  0.259   u/digit<1>
                                                       u/Mmux_digit<1>11
    SLICE_X37Y9.D1       net (fanout=4)        0.750   u/digit<1>
    SLICE_X37Y9.D        Tilo                  0.259   seg_n_5_OBUF
                                                       u/Mram_seg_n51
    N14.O                net (fanout=1)        2.500   seg_n_5_OBUF
    N14.PAD              Tioop                 2.982   seg_n<5>
                                                       seg_n_5_OBUF
                                                       seg_n<5>
    -------------------------------------------------  ---------------------------
    Total                                     11.370ns (4.812ns logic, 6.558ns route)
                                                       (42.3% logic, 57.7% route)

--------------------------------------------------------------------------------
Offset:                 15.342ns (clock path + data path + uncertainty)
  Source:               u/campaign/records_completed_3 (FF)
  Destination:          seg_n<5> (PAD)
  Source Clock:         clk_100mhz_BUFGP rising at 0.000ns
  Data Path Delay:      11.367ns (Levels of Logic = 6)
  Clock Path Delay:     3.950ns (Levels of Logic = 2)
  Clock Uncertainty:    0.025ns

  Clock Uncertainty:          0.025ns  ((TSJ^2 + TIJ^2)^1/2 + DJ) / 2 + PE
    Total System Jitter (TSJ):  0.050ns
    Total Input Jitter (TIJ):   0.000ns
    Discrete Jitter (DJ):       0.000ns
    Phase Error (PE):           0.000ns

  Maximum Clock Path at Slow Process Corner: clk_100mhz to u/campaign/records_completed_3
    Location             Delay type         Delay(ns)  Physical Resource
                                                       Logical Resource(s)
    -------------------------------------------------  -------------------
    V10.I                Tiopi                 1.557   clk_100mhz
                                                       clk_100mhz
                                                       clk_100mhz_BUFGP/IBUFG
                                                       ProtoComp132.IMUX
    BUFGMUX_X3Y13.I0     net (fanout=1)        1.050   clk_100mhz_BUFGP/IBUFG
    BUFGMUX_X3Y13.O      Tgi0o                 0.209   clk_100mhz_BUFGP/BUFG
                                                       clk_100mhz_BUFGP/BUFG
    SLICE_X36Y12.CLK     net (fanout=263)      1.134   clk_100mhz_BUFGP
    -------------------------------------------------  ---------------------------
    Total                                      3.950ns (1.766ns logic, 2.184ns route)
                                                       (44.7% logic, 55.3% route)

  Maximum Data Path at Slow Process Corner: u/campaign/records_completed_3 to seg_n<5>
    Location             Delay type         Delay(ns)  Physical Resource
                                                       Logical Resource(s)
    -------------------------------------------------  -------------------
    SLICE_X36Y12.BMUX    Tshcko                0.535   u/records_completed<5>
                                                       u/campaign/records_completed_3
    SLICE_X35Y11.A1      net (fanout=7)        1.188   u/records_completed<3>
    SLICE_X35Y11.A       Tilo                  0.259   u/records_completed[6]_PWR_2_o_mod_0/a[4]_a[6]_MUX_93_o
                                                       u/records_completed[6]_PWR_2_o_mod_0/Mmux_a[0]_a[6]_MUX_97_o131
    SLICE_X35Y11.B3      net (fanout=2)        0.968   u/records_completed[6]_PWR_2_o_mod_0/a[3]_a[6]_MUX_94_o
    SLICE_X35Y11.BMUX    Tilo                  0.337   u/records_completed[6]_PWR_2_o_mod_0/a[4]_a[6]_MUX_93_o
                                                       u/records_completed[6]_PWR_2_o_mod_0/Mmux_a[0]_a[6]_MUX_104_o121
    SLICE_X35Y10.B1      net (fanout=2)        0.745   u/records_completed[6]_PWR_2_o_mod_0/a[2]_a[6]_MUX_102_o
    SLICE_X35Y10.BMUX    Tilo                  0.337   u/ones<2>
                                                       u/records_completed[6]_PWR_2_o_mod_0/Mmux_o41
    SLICE_X37Y9.A3       net (fanout=1)        0.594   u/ones<3>
    SLICE_X37Y9.A        Tilo                  0.259   seg_n_5_OBUF
                                                       u/Mmux_digit<3>11
    SLICE_X37Y9.D3       net (fanout=4)        0.404   u/digit<3>
    SLICE_X37Y9.D        Tilo                  0.259   seg_n_5_OBUF
                                                       u/Mram_seg_n51
    N14.O                net (fanout=1)        2.500   seg_n_5_OBUF
    N14.PAD              Tioop                 2.982   seg_n<5>
                                                       seg_n_5_OBUF
                                                       seg_n<5>
    -------------------------------------------------  ---------------------------
    Total                                     11.367ns (4.968ns logic, 6.399ns route)
                                                       (43.7% logic, 56.3% route)

--------------------------------------------------------------------------------
Offset:                 15.330ns (clock path + data path + uncertainty)
  Source:               u/campaign/records_completed_3 (FF)
  Destination:          seg_n<5> (PAD)
  Source Clock:         clk_100mhz_BUFGP rising at 0.000ns
  Data Path Delay:      11.355ns (Levels of Logic = 6)
  Clock Path Delay:     3.950ns (Levels of Logic = 2)
  Clock Uncertainty:    0.025ns

  Clock Uncertainty:          0.025ns  ((TSJ^2 + TIJ^2)^1/2 + DJ) / 2 + PE
    Total System Jitter (TSJ):  0.050ns
    Total Input Jitter (TIJ):   0.000ns
    Discrete Jitter (DJ):       0.000ns
    Phase Error (PE):           0.000ns

  Maximum Clock Path at Slow Process Corner: clk_100mhz to u/campaign/records_completed_3
    Location             Delay type         Delay(ns)  Physical Resource
                                                       Logical Resource(s)
    -------------------------------------------------  -------------------
    V10.I                Tiopi                 1.557   clk_100mhz
                                                       clk_100mhz
                                                       clk_100mhz_BUFGP/IBUFG
                                                       ProtoComp132.IMUX
    BUFGMUX_X3Y13.I0     net (fanout=1)        1.050   clk_100mhz_BUFGP/IBUFG
    BUFGMUX_X3Y13.O      Tgi0o                 0.209   clk_100mhz_BUFGP/BUFG
                                                       clk_100mhz_BUFGP/BUFG
    SLICE_X36Y12.CLK     net (fanout=263)      1.134   clk_100mhz_BUFGP
    -------------------------------------------------  ---------------------------
    Total                                      3.950ns (1.766ns logic, 2.184ns route)
                                                       (44.7% logic, 55.3% route)

  Maximum Data Path at Slow Process Corner: u/campaign/records_completed_3 to seg_n<5>
    Location             Delay type         Delay(ns)  Physical Resource
                                                       Logical Resource(s)
    -------------------------------------------------  -------------------
    SLICE_X36Y12.BMUX    Tshcko                0.535   u/records_completed<5>
                                                       u/campaign/records_completed_3
    SLICE_X35Y11.A1      net (fanout=7)        1.188   u/records_completed<3>
    SLICE_X35Y11.AMUX    Tilo                  0.337   u/records_completed[6]_PWR_2_o_mod_0/a[4]_a[6]_MUX_93_o
                                                       u/records_completed[6]_PWR_2_o_mod_0/Mmux_a[5]_a[6]_MUX_92_o11
    SLICE_X35Y10.A6      net (fanout=2)        0.743   u/records_completed[6]_PWR_2_o_mod_0/a[5]_a[6]_MUX_92_o
    SLICE_X35Y10.A       Tilo                  0.259   u/ones<2>
                                                       u/records_completed[6]_PWR_2_o_mod_0/BUS_0008_INV_67_o1_SW0
    SLICE_X35Y10.B4      net (fanout=2)        0.557   u/records_completed[6]_PWR_2_o_mod_0/N01
    SLICE_X35Y10.B       Tilo                  0.259   u/ones<2>
                                                       u/records_completed[6]_PWR_2_o_mod_0/Mmux_o21
    SLICE_X35Y9.B2       net (fanout=1)        0.727   u/ones<1>
    SLICE_X35Y9.B        Tilo                  0.259   u/digit<1>
                                                       u/Mmux_digit<1>11
    SLICE_X37Y9.D1       net (fanout=4)        0.750   u/digit<1>
    SLICE_X37Y9.D        Tilo                  0.259   seg_n_5_OBUF
                                                       u/Mram_seg_n51
    N14.O                net (fanout=1)        2.500   seg_n_5_OBUF
    N14.PAD              Tioop                 2.982   seg_n<5>
                                                       seg_n_5_OBUF
                                                       seg_n<5>
    -------------------------------------------------  ---------------------------
    Total                                     11.355ns (4.890ns logic, 6.465ns route)
                                                       (43.1% logic, 56.9% route)

--------------------------------------------------------------------------------
Offset:                 15.293ns (clock path + data path + uncertainty)
  Source:               u/campaign/records_completed_6 (FF)
  Destination:          seg_n<5> (PAD)
  Source Clock:         clk_100mhz_BUFGP rising at 0.000ns
  Data Path Delay:      11.318ns (Levels of Logic = 6)
  Clock Path Delay:     3.950ns (Levels of Logic = 2)
  Clock Uncertainty:    0.025ns

  Clock Uncertainty:          0.025ns  ((TSJ^2 + TIJ^2)^1/2 + DJ) / 2 + PE
    Total System Jitter (TSJ):  0.050ns
    Total Input Jitter (TIJ):   0.000ns
    Discrete Jitter (DJ):       0.000ns
    Phase Error (PE):           0.000ns

  Maximum Clock Path at Slow Process Corner: clk_100mhz to u/campaign/records_completed_6
    Location             Delay type         Delay(ns)  Physical Resource
                                                       Logical Resource(s)
    -------------------------------------------------  -------------------
    V10.I                Tiopi                 1.557   clk_100mhz
                                                       clk_100mhz
                                                       clk_100mhz_BUFGP/IBUFG
                                                       ProtoComp132.IMUX
    BUFGMUX_X3Y13.I0     net (fanout=1)        1.050   clk_100mhz_BUFGP/IBUFG
    BUFGMUX_X3Y13.O      Tgi0o                 0.209   clk_100mhz_BUFGP/BUFG
                                                       clk_100mhz_BUFGP/BUFG
    SLICE_X37Y12.CLK     net (fanout=263)      1.134   clk_100mhz_BUFGP
    -------------------------------------------------  ---------------------------
    Total                                      3.950ns (1.766ns logic, 2.184ns route)
                                                       (44.7% logic, 55.3% route)

  Maximum Data Path at Slow Process Corner: u/campaign/records_completed_6 to seg_n<5>
    Location             Delay type         Delay(ns)  Physical Resource
                                                       Logical Resource(s)
    -------------------------------------------------  -------------------
    SLICE_X37Y12.AQ      Tcko                  0.430   u/ones<0>
                                                       u/campaign/records_completed_6
    SLICE_X35Y11.A2      net (fanout=6)        1.020   u/records_completed<6>
    SLICE_X35Y11.AMUX    Tilo                  0.337   u/records_completed[6]_PWR_2_o_mod_0/a[4]_a[6]_MUX_93_o
                                                       u/records_completed[6]_PWR_2_o_mod_0/Mmux_a[5]_a[6]_MUX_92_o11
    SLICE_X35Y11.B1      net (fanout=2)        0.713   u/records_completed[6]_PWR_2_o_mod_0/a[5]_a[6]_MUX_92_o
    SLICE_X35Y11.BMUX    Tilo                  0.337   u/records_completed[6]_PWR_2_o_mod_0/a[4]_a[6]_MUX_93_o
                                                       u/records_completed[6]_PWR_2_o_mod_0/Mmux_a[0]_a[6]_MUX_104_o121
    SLICE_X35Y10.B1      net (fanout=2)        0.745   u/records_completed[6]_PWR_2_o_mod_0/a[2]_a[6]_MUX_102_o
    SLICE_X35Y10.B       Tilo                  0.259   u/ones<2>
                                                       u/records_completed[6]_PWR_2_o_mod_0/Mmux_o21
    SLICE_X35Y9.B2       net (fanout=1)        0.727   u/ones<1>
    SLICE_X35Y9.B        Tilo                  0.259   u/digit<1>
                                                       u/Mmux_digit<1>11
    SLICE_X37Y9.D1       net (fanout=4)        0.750   u/digit<1>
    SLICE_X37Y9.D        Tilo                  0.259   seg_n_5_OBUF
                                                       u/Mram_seg_n51
    N14.O                net (fanout=1)        2.500   seg_n_5_OBUF
    N14.PAD              Tioop                 2.982   seg_n<5>
                                                       seg_n_5_OBUF
                                                       seg_n<5>
    -------------------------------------------------  ---------------------------
    Total                                     11.318ns (4.863ns logic, 6.455ns route)
                                                       (43.0% logic, 57.0% route)

--------------------------------------------------------------------------------
Offset:                 15.238ns (clock path + data path + uncertainty)
  Source:               u/campaign/records_completed_3 (FF)
  Destination:          seg_n<5> (PAD)
  Source Clock:         clk_100mhz_BUFGP rising at 0.000ns
  Data Path Delay:      11.263ns (Levels of Logic = 6)
  Clock Path Delay:     3.950ns (Levels of Logic = 2)
  Clock Uncertainty:    0.025ns

  Clock Uncertainty:          0.025ns  ((TSJ^2 + TIJ^2)^1/2 + DJ) / 2 + PE
    Total System Jitter (TSJ):  0.050ns
    Total Input Jitter (TIJ):   0.000ns
    Discrete Jitter (DJ):       0.000ns
    Phase Error (PE):           0.000ns

  Maximum Clock Path at Slow Process Corner: clk_100mhz to u/campaign/records_completed_3
    Location             Delay type         Delay(ns)  Physical Resource
                                                       Logical Resource(s)
    -------------------------------------------------  -------------------
    V10.I                Tiopi                 1.557   clk_100mhz
                                                       clk_100mhz
                                                       clk_100mhz_BUFGP/IBUFG
                                                       ProtoComp132.IMUX
    BUFGMUX_X3Y13.I0     net (fanout=1)        1.050   clk_100mhz_BUFGP/IBUFG
    BUFGMUX_X3Y13.O      Tgi0o                 0.209   clk_100mhz_BUFGP/BUFG
                                                       clk_100mhz_BUFGP/BUFG
    SLICE_X36Y12.CLK     net (fanout=263)      1.134   clk_100mhz_BUFGP
    -------------------------------------------------  ---------------------------
    Total                                      3.950ns (1.766ns logic, 2.184ns route)
                                                       (44.7% logic, 55.3% route)

  Maximum Data Path at Slow Process Corner: u/campaign/records_completed_3 to seg_n<5>
    Location             Delay type         Delay(ns)  Physical Resource
                                                       Logical Resource(s)
    -------------------------------------------------  -------------------
    SLICE_X36Y12.BMUX    Tshcko                0.535   u/records_completed<5>
                                                       u/campaign/records_completed_3
    SLICE_X35Y11.A1      net (fanout=7)        1.188   u/records_completed<3>
    SLICE_X35Y11.A       Tilo                  0.259   u/records_completed[6]_PWR_2_o_mod_0/a[4]_a[6]_MUX_93_o
                                                       u/records_completed[6]_PWR_2_o_mod_0/Mmux_a[0]_a[6]_MUX_97_o131
    SLICE_X35Y10.A1      net (fanout=2)        0.729   u/records_completed[6]_PWR_2_o_mod_0/a[3]_a[6]_MUX_94_o
    SLICE_X35Y10.A       Tilo                  0.259   u/ones<2>
                                                       u/records_completed[6]_PWR_2_o_mod_0/BUS_0008_INV_67_o1_SW0
    SLICE_X35Y10.B4      net (fanout=2)        0.557   u/records_completed[6]_PWR_2_o_mod_0/N01
    SLICE_X35Y10.B       Tilo                  0.259   u/ones<2>
                                                       u/records_completed[6]_PWR_2_o_mod_0/Mmux_o21
    SLICE_X35Y9.B2       net (fanout=1)        0.727   u/ones<1>
    SLICE_X35Y9.B        Tilo                  0.259   u/digit<1>
                                                       u/Mmux_digit<1>11
    SLICE_X37Y9.D1       net (fanout=4)        0.750   u/digit<1>
    SLICE_X37Y9.D        Tilo                  0.259   seg_n_5_OBUF
                                                       u/Mram_seg_n51
    N14.O                net (fanout=1)        2.500   seg_n_5_OBUF
    N14.PAD              Tioop                 2.982   seg_n<5>
                                                       seg_n_5_OBUF
                                                       seg_n<5>
    -------------------------------------------------  ---------------------------
    Total                                     11.263ns (4.812ns logic, 6.451ns route)
                                                       (42.7% logic, 57.3% route)

--------------------------------------------------------------------------------
Offset:                 15.179ns (clock path + data path + uncertainty)
  Source:               u/campaign/records_completed_4 (FF)
  Destination:          seg_n<5> (PAD)
  Source Clock:         clk_100mhz_BUFGP rising at 0.000ns
  Data Path Delay:      11.204ns (Levels of Logic = 6)
  Clock Path Delay:     3.950ns (Levels of Logic = 2)
  Clock Uncertainty:    0.025ns

  Clock Uncertainty:          0.025ns  ((TSJ^2 + TIJ^2)^1/2 + DJ) / 2 + PE
    Total System Jitter (TSJ):  0.050ns
    Total Input Jitter (TIJ):   0.000ns
    Discrete Jitter (DJ):       0.000ns
    Phase Error (PE):           0.000ns

  Maximum Clock Path at Slow Process Corner: clk_100mhz to u/campaign/records_completed_4
    Location             Delay type         Delay(ns)  Physical Resource
                                                       Logical Resource(s)
    -------------------------------------------------  -------------------
    V10.I                Tiopi                 1.557   clk_100mhz
                                                       clk_100mhz
                                                       clk_100mhz_BUFGP/IBUFG
                                                       ProtoComp132.IMUX
    BUFGMUX_X3Y13.I0     net (fanout=1)        1.050   clk_100mhz_BUFGP/IBUFG
    BUFGMUX_X3Y13.O      Tgi0o                 0.209   clk_100mhz_BUFGP/BUFG
                                                       clk_100mhz_BUFGP/BUFG
    SLICE_X37Y12.CLK     net (fanout=263)      1.134   clk_100mhz_BUFGP
    -------------------------------------------------  ---------------------------
    Total                                      3.950ns (1.766ns logic, 2.184ns route)
                                                       (44.7% logic, 55.3% route)

  Maximum Data Path at Slow Process Corner: u/campaign/records_completed_4 to seg_n<5>
    Location             Delay type         Delay(ns)  Physical Resource
                                                       Logical Resource(s)
    -------------------------------------------------  -------------------
    SLICE_X37Y12.BMUX    Tshcko                0.518   u/ones<0>
                                                       u/campaign/records_completed_4
    SLICE_X35Y11.A3      net (fanout=7)        0.641   u/records_completed<4>
    SLICE_X35Y11.A       Tilo                  0.259   u/records_completed[6]_PWR_2_o_mod_0/a[4]_a[6]_MUX_93_o
                                                       u/records_completed[6]_PWR_2_o_mod_0/Mmux_a[0]_a[6]_MUX_97_o131
    SLICE_X35Y11.B3      net (fanout=2)        0.968   u/records_completed[6]_PWR_2_o_mod_0/a[3]_a[6]_MUX_94_o
    SLICE_X35Y11.BMUX    Tilo                  0.337   u/records_completed[6]_PWR_2_o_mod_0/a[4]_a[6]_MUX_93_o
                                                       u/records_completed[6]_PWR_2_o_mod_0/Mmux_a[0]_a[6]_MUX_104_o121
    SLICE_X35Y10.B1      net (fanout=2)        0.745   u/records_completed[6]_PWR_2_o_mod_0/a[2]_a[6]_MUX_102_o
    SLICE_X35Y10.B       Tilo                  0.259   u/ones<2>
                                                       u/records_completed[6]_PWR_2_o_mod_0/Mmux_o21
    SLICE_X35Y9.B2       net (fanout=1)        0.727   u/ones<1>
    SLICE_X35Y9.B        Tilo                  0.259   u/digit<1>
                                                       u/Mmux_digit<1>11
    SLICE_X37Y9.D1       net (fanout=4)        0.750   u/digit<1>
    SLICE_X37Y9.D        Tilo                  0.259   seg_n_5_OBUF
                                                       u/Mram_seg_n51
    N14.O                net (fanout=1)        2.500   seg_n_5_OBUF
    N14.PAD              Tioop                 2.982   seg_n<5>
                                                       seg_n_5_OBUF
                                                       seg_n<5>
    -------------------------------------------------  ---------------------------
    Total                                     11.204ns (4.873ns logic, 6.331ns route)
                                                       (43.5% logic, 56.5% route)

--------------------------------------------------------------------------------
Offset:                 15.168ns (clock path + data path + uncertainty)
  Source:               u/campaign/records_completed_3 (FF)
  Destination:          seg_n<5> (PAD)
  Source Clock:         clk_100mhz_BUFGP rising at 0.000ns
  Data Path Delay:      11.193ns (Levels of Logic = 6)
  Clock Path Delay:     3.950ns (Levels of Logic = 2)
  Clock Uncertainty:    0.025ns

  Clock Uncertainty:          0.025ns  ((TSJ^2 + TIJ^2)^1/2 + DJ) / 2 + PE
    Total System Jitter (TSJ):  0.050ns
    Total Input Jitter (TIJ):   0.000ns
    Discrete Jitter (DJ):       0.000ns
    Phase Error (PE):           0.000ns

  Maximum Clock Path at Slow Process Corner: clk_100mhz to u/campaign/records_completed_3
    Location             Delay type         Delay(ns)  Physical Resource
                                                       Logical Resource(s)
    -------------------------------------------------  -------------------
    V10.I                Tiopi                 1.557   clk_100mhz
                                                       clk_100mhz
                                                       clk_100mhz_BUFGP/IBUFG
                                                       ProtoComp132.IMUX
    BUFGMUX_X3Y13.I0     net (fanout=1)        1.050   clk_100mhz_BUFGP/IBUFG
    BUFGMUX_X3Y13.O      Tgi0o                 0.209   clk_100mhz_BUFGP/BUFG
                                                       clk_100mhz_BUFGP/BUFG
    SLICE_X36Y12.CLK     net (fanout=263)      1.134   clk_100mhz_BUFGP
    -------------------------------------------------  ---------------------------
    Total                                      3.950ns (1.766ns logic, 2.184ns route)
                                                       (44.7% logic, 55.3% route)

  Maximum Data Path at Slow Process Corner: u/campaign/records_completed_3 to seg_n<5>
    Location             Delay type         Delay(ns)  Physical Resource
                                                       Logical Resource(s)
    -------------------------------------------------  -------------------
    SLICE_X36Y12.BMUX    Tshcko                0.535   u/records_completed<5>
                                                       u/campaign/records_completed_3
    SLICE_X35Y11.A1      net (fanout=7)        1.188   u/records_completed<3>
    SLICE_X35Y11.AMUX    Tilo                  0.337   u/records_completed[6]_PWR_2_o_mod_0/a[4]_a[6]_MUX_93_o
                                                       u/records_completed[6]_PWR_2_o_mod_0/Mmux_a[5]_a[6]_MUX_92_o11
    SLICE_X35Y11.B1      net (fanout=2)        0.713   u/records_completed[6]_PWR_2_o_mod_0/a[5]_a[6]_MUX_92_o
    SLICE_X35Y11.B       Tilo                  0.259   u/records_completed[6]_PWR_2_o_mod_0/a[4]_a[6]_MUX_93_o
                                                       u/records_completed[6]_PWR_2_o_mod_0/Mmux_a[0]_a[6]_MUX_104_o131
    SLICE_X35Y10.B5      net (fanout=2)        0.425   u/records_completed[6]_PWR_2_o_mod_0/a[3]_a[6]_MUX_101_o
    SLICE_X35Y10.B       Tilo                  0.259   u/ones<2>
                                                       u/records_completed[6]_PWR_2_o_mod_0/Mmux_o21
    SLICE_X35Y9.B2       net (fanout=1)        0.727   u/ones<1>
    SLICE_X35Y9.B        Tilo                  0.259   u/digit<1>
                                                       u/Mmux_digit<1>11
    SLICE_X37Y9.D1       net (fanout=4)        0.750   u/digit<1>
    SLICE_X37Y9.D        Tilo                  0.259   seg_n_5_OBUF
                                                       u/Mram_seg_n51
    N14.O                net (fanout=1)        2.500   seg_n_5_OBUF
    N14.PAD              Tioop                 2.982   seg_n<5>
                                                       seg_n_5_OBUF
                                                       seg_n<5>
    -------------------------------------------------  ---------------------------
    Total                                     11.193ns (4.890ns logic, 6.303ns route)
                                                       (43.7% logic, 56.3% route)

--------------------------------------------------------------------------------

Paths for end point seg_n<3> (U18.PAD), 171 paths
--------------------------------------------------------------------------------
Offset:                 15.476ns (clock path + data path + uncertainty)
  Source:               u/campaign/records_completed_3 (FF)
  Destination:          seg_n<3> (PAD)
  Source Clock:         clk_100mhz_BUFGP rising at 0.000ns
  Data Path Delay:      11.501ns (Levels of Logic = 6)
  Clock Path Delay:     3.950ns (Levels of Logic = 2)
  Clock Uncertainty:    0.025ns

  Clock Uncertainty:          0.025ns  ((TSJ^2 + TIJ^2)^1/2 + DJ) / 2 + PE
    Total System Jitter (TSJ):  0.050ns
    Total Input Jitter (TIJ):   0.000ns
    Discrete Jitter (DJ):       0.000ns
    Phase Error (PE):           0.000ns

  Maximum Clock Path at Slow Process Corner: clk_100mhz to u/campaign/records_completed_3
    Location             Delay type         Delay(ns)  Physical Resource
                                                       Logical Resource(s)
    -------------------------------------------------  -------------------
    V10.I                Tiopi                 1.557   clk_100mhz
                                                       clk_100mhz
                                                       clk_100mhz_BUFGP/IBUFG
                                                       ProtoComp132.IMUX
    BUFGMUX_X3Y13.I0     net (fanout=1)        1.050   clk_100mhz_BUFGP/IBUFG
    BUFGMUX_X3Y13.O      Tgi0o                 0.209   clk_100mhz_BUFGP/BUFG
                                                       clk_100mhz_BUFGP/BUFG
    SLICE_X36Y12.CLK     net (fanout=263)      1.134   clk_100mhz_BUFGP
    -------------------------------------------------  ---------------------------
    Total                                      3.950ns (1.766ns logic, 2.184ns route)
                                                       (44.7% logic, 55.3% route)

  Maximum Data Path at Slow Process Corner: u/campaign/records_completed_3 to seg_n<3>
    Location             Delay type         Delay(ns)  Physical Resource
                                                       Logical Resource(s)
    -------------------------------------------------  -------------------
    SLICE_X36Y12.BMUX    Tshcko                0.535   u/records_completed<5>
                                                       u/campaign/records_completed_3
    SLICE_X35Y11.A1      net (fanout=7)        1.188   u/records_completed<3>
    SLICE_X35Y11.A       Tilo                  0.259   u/records_completed[6]_PWR_2_o_mod_0/a[4]_a[6]_MUX_93_o
                                                       u/records_completed[6]_PWR_2_o_mod_0/Mmux_a[0]_a[6]_MUX_97_o131
    SLICE_X35Y11.B3      net (fanout=2)        0.968   u/records_completed[6]_PWR_2_o_mod_0/a[3]_a[6]_MUX_94_o
    SLICE_X35Y11.BMUX    Tilo                  0.337   u/records_completed[6]_PWR_2_o_mod_0/a[4]_a[6]_MUX_93_o
                                                       u/records_completed[6]_PWR_2_o_mod_0/Mmux_a[0]_a[6]_MUX_104_o121
    SLICE_X35Y10.B1      net (fanout=2)        0.745   u/records_completed[6]_PWR_2_o_mod_0/a[2]_a[6]_MUX_102_o
    SLICE_X35Y10.B       Tilo                  0.259   u/ones<2>
                                                       u/records_completed[6]_PWR_2_o_mod_0/Mmux_o21
    SLICE_X35Y9.B2       net (fanout=1)        0.727   u/ones<1>
    SLICE_X35Y9.B        Tilo                  0.259   u/digit<1>
                                                       u/Mmux_digit<1>11
    SLICE_X37Y8.C4       net (fanout=4)        0.569   u/digit<1>
    SLICE_X37Y8.CMUX     Tilo                  0.337   seg_n_6_OBUF
                                                       u/Mram_seg_n31
    U18.O                net (fanout=1)        2.336   seg_n_3_OBUF
    U18.PAD              Tioop                 2.982   seg_n<3>
                                                       seg_n_3_OBUF
                                                       seg_n<3>
    -------------------------------------------------  ---------------------------
    Total                                     11.501ns (4.968ns logic, 6.533ns route)
                                                       (43.2% logic, 56.8% route)

--------------------------------------------------------------------------------
Offset:                 15.299ns (clock path + data path + uncertainty)
  Source:               u/campaign/records_completed_3 (FF)
  Destination:          seg_n<3> (PAD)
  Source Clock:         clk_100mhz_BUFGP rising at 0.000ns
  Data Path Delay:      11.324ns (Levels of Logic = 6)
  Clock Path Delay:     3.950ns (Levels of Logic = 2)
  Clock Uncertainty:    0.025ns

  Clock Uncertainty:          0.025ns  ((TSJ^2 + TIJ^2)^1/2 + DJ) / 2 + PE
    Total System Jitter (TSJ):  0.050ns
    Total Input Jitter (TIJ):   0.000ns
    Discrete Jitter (DJ):       0.000ns
    Phase Error (PE):           0.000ns

  Maximum Clock Path at Slow Process Corner: clk_100mhz to u/campaign/records_completed_3
    Location             Delay type         Delay(ns)  Physical Resource
                                                       Logical Resource(s)
    -------------------------------------------------  -------------------
    V10.I                Tiopi                 1.557   clk_100mhz
                                                       clk_100mhz
                                                       clk_100mhz_BUFGP/IBUFG
                                                       ProtoComp132.IMUX
    BUFGMUX_X3Y13.I0     net (fanout=1)        1.050   clk_100mhz_BUFGP/IBUFG
    BUFGMUX_X3Y13.O      Tgi0o                 0.209   clk_100mhz_BUFGP/BUFG
                                                       clk_100mhz_BUFGP/BUFG
    SLICE_X36Y12.CLK     net (fanout=263)      1.134   clk_100mhz_BUFGP
    -------------------------------------------------  ---------------------------
    Total                                      3.950ns (1.766ns logic, 2.184ns route)
                                                       (44.7% logic, 55.3% route)

  Maximum Data Path at Slow Process Corner: u/campaign/records_completed_3 to seg_n<3>
    Location             Delay type         Delay(ns)  Physical Resource
                                                       Logical Resource(s)
    -------------------------------------------------  -------------------
    SLICE_X36Y12.BMUX    Tshcko                0.535   u/records_completed<5>
                                                       u/campaign/records_completed_3
    SLICE_X35Y11.A1      net (fanout=7)        1.188   u/records_completed<3>
    SLICE_X35Y11.AMUX    Tilo                  0.337   u/records_completed[6]_PWR_2_o_mod_0/a[4]_a[6]_MUX_93_o
                                                       u/records_completed[6]_PWR_2_o_mod_0/Mmux_a[5]_a[6]_MUX_92_o11
    SLICE_X35Y11.B1      net (fanout=2)        0.713   u/records_completed[6]_PWR_2_o_mod_0/a[5]_a[6]_MUX_92_o
    SLICE_X35Y11.BMUX    Tilo                  0.337   u/records_completed[6]_PWR_2_o_mod_0/a[4]_a[6]_MUX_93_o
                                                       u/records_completed[6]_PWR_2_o_mod_0/Mmux_a[0]_a[6]_MUX_104_o121
    SLICE_X35Y10.B1      net (fanout=2)        0.745   u/records_completed[6]_PWR_2_o_mod_0/a[2]_a[6]_MUX_102_o
    SLICE_X35Y10.B       Tilo                  0.259   u/ones<2>
                                                       u/records_completed[6]_PWR_2_o_mod_0/Mmux_o21
    SLICE_X35Y9.B2       net (fanout=1)        0.727   u/ones<1>
    SLICE_X35Y9.B        Tilo                  0.259   u/digit<1>
                                                       u/Mmux_digit<1>11
    SLICE_X37Y8.C4       net (fanout=4)        0.569   u/digit<1>
    SLICE_X37Y8.CMUX     Tilo                  0.337   seg_n_6_OBUF
                                                       u/Mram_seg_n31
    U18.O                net (fanout=1)        2.336   seg_n_3_OBUF
    U18.PAD              Tioop                 2.982   seg_n<3>
                                                       seg_n_3_OBUF
                                                       seg_n<3>
    -------------------------------------------------  ---------------------------
    Total                                     11.324ns (5.046ns logic, 6.278ns route)
                                                       (44.6% logic, 55.4% route)

--------------------------------------------------------------------------------
Offset:                 15.256ns (clock path + data path + uncertainty)
  Source:               u/campaign/records_completed_3 (FF)
  Destination:          seg_n<3> (PAD)
  Source Clock:         clk_100mhz_BUFGP rising at 0.000ns
  Data Path Delay:      11.281ns (Levels of Logic = 6)
  Clock Path Delay:     3.950ns (Levels of Logic = 2)
  Clock Uncertainty:    0.025ns

  Clock Uncertainty:          0.025ns  ((TSJ^2 + TIJ^2)^1/2 + DJ) / 2 + PE
    Total System Jitter (TSJ):  0.050ns
    Total Input Jitter (TIJ):   0.000ns
    Discrete Jitter (DJ):       0.000ns
    Phase Error (PE):           0.000ns

  Maximum Clock Path at Slow Process Corner: clk_100mhz to u/campaign/records_completed_3
    Location             Delay type         Delay(ns)  Physical Resource
                                                       Logical Resource(s)
    -------------------------------------------------  -------------------
    V10.I                Tiopi                 1.557   clk_100mhz
                                                       clk_100mhz
                                                       clk_100mhz_BUFGP/IBUFG
                                                       ProtoComp132.IMUX
    BUFGMUX_X3Y13.I0     net (fanout=1)        1.050   clk_100mhz_BUFGP/IBUFG
    BUFGMUX_X3Y13.O      Tgi0o                 0.209   clk_100mhz_BUFGP/BUFG
                                                       clk_100mhz_BUFGP/BUFG
    SLICE_X36Y12.CLK     net (fanout=263)      1.134   clk_100mhz_BUFGP
    -------------------------------------------------  ---------------------------
    Total                                      3.950ns (1.766ns logic, 2.184ns route)
                                                       (44.7% logic, 55.3% route)

  Maximum Data Path at Slow Process Corner: u/campaign/records_completed_3 to seg_n<3>
    Location             Delay type         Delay(ns)  Physical Resource
                                                       Logical Resource(s)
    -------------------------------------------------  -------------------
    SLICE_X36Y12.BMUX    Tshcko                0.535   u/records_completed<5>
                                                       u/campaign/records_completed_3
    SLICE_X35Y11.A1      net (fanout=7)        1.188   u/records_completed<3>
    SLICE_X35Y11.A       Tilo                  0.259   u/records_completed[6]_PWR_2_o_mod_0/a[4]_a[6]_MUX_93_o
                                                       u/records_completed[6]_PWR_2_o_mod_0/Mmux_a[0]_a[6]_MUX_97_o131
    SLICE_X35Y11.B3      net (fanout=2)        0.968   u/records_completed[6]_PWR_2_o_mod_0/a[3]_a[6]_MUX_94_o
    SLICE_X35Y11.BMUX    Tilo                  0.337   u/records_completed[6]_PWR_2_o_mod_0/a[4]_a[6]_MUX_93_o
                                                       u/records_completed[6]_PWR_2_o_mod_0/Mmux_a[0]_a[6]_MUX_104_o121
    SLICE_X35Y10.B1      net (fanout=2)        0.745   u/records_completed[6]_PWR_2_o_mod_0/a[2]_a[6]_MUX_102_o
    SLICE_X35Y10.BMUX    Tilo                  0.337   u/ones<2>
                                                       u/records_completed[6]_PWR_2_o_mod_0/Mmux_o41
    SLICE_X37Y9.A3       net (fanout=1)        0.594   u/ones<3>
    SLICE_X37Y9.A        Tilo                  0.259   seg_n_5_OBUF
                                                       u/Mmux_digit<3>11
    SLICE_X37Y8.C5       net (fanout=4)        0.404   u/digit<3>
    SLICE_X37Y8.CMUX     Tilo                  0.337   seg_n_6_OBUF
                                                       u/Mram_seg_n31
    U18.O                net (fanout=1)        2.336   seg_n_3_OBUF
    U18.PAD              Tioop                 2.982   seg_n<3>
                                                       seg_n_3_OBUF
                                                       seg_n<3>
    -------------------------------------------------  ---------------------------
    Total                                     11.281ns (5.046ns logic, 6.235ns route)
                                                       (44.7% logic, 55.3% route)

--------------------------------------------------------------------------------
Offset:                 15.203ns (clock path + data path + uncertainty)
  Source:               u/campaign/records_completed_6 (FF)
  Destination:          seg_n<3> (PAD)
  Source Clock:         clk_100mhz_BUFGP rising at 0.000ns
  Data Path Delay:      11.228ns (Levels of Logic = 6)
  Clock Path Delay:     3.950ns (Levels of Logic = 2)
  Clock Uncertainty:    0.025ns

  Clock Uncertainty:          0.025ns  ((TSJ^2 + TIJ^2)^1/2 + DJ) / 2 + PE
    Total System Jitter (TSJ):  0.050ns
    Total Input Jitter (TIJ):   0.000ns
    Discrete Jitter (DJ):       0.000ns
    Phase Error (PE):           0.000ns

  Maximum Clock Path at Slow Process Corner: clk_100mhz to u/campaign/records_completed_6
    Location             Delay type         Delay(ns)  Physical Resource
                                                       Logical Resource(s)
    -------------------------------------------------  -------------------
    V10.I                Tiopi                 1.557   clk_100mhz
                                                       clk_100mhz
                                                       clk_100mhz_BUFGP/IBUFG
                                                       ProtoComp132.IMUX
    BUFGMUX_X3Y13.I0     net (fanout=1)        1.050   clk_100mhz_BUFGP/IBUFG
    BUFGMUX_X3Y13.O      Tgi0o                 0.209   clk_100mhz_BUFGP/BUFG
                                                       clk_100mhz_BUFGP/BUFG
    SLICE_X37Y12.CLK     net (fanout=263)      1.134   clk_100mhz_BUFGP
    -------------------------------------------------  ---------------------------
    Total                                      3.950ns (1.766ns logic, 2.184ns route)
                                                       (44.7% logic, 55.3% route)

  Maximum Data Path at Slow Process Corner: u/campaign/records_completed_6 to seg_n<3>
    Location             Delay type         Delay(ns)  Physical Resource
                                                       Logical Resource(s)
    -------------------------------------------------  -------------------
    SLICE_X37Y12.AQ      Tcko                  0.430   u/ones<0>
                                                       u/campaign/records_completed_6
    SLICE_X35Y11.A2      net (fanout=6)        1.020   u/records_completed<6>
    SLICE_X35Y11.A       Tilo                  0.259   u/records_completed[6]_PWR_2_o_mod_0/a[4]_a[6]_MUX_93_o
                                                       u/records_completed[6]_PWR_2_o_mod_0/Mmux_a[0]_a[6]_MUX_97_o131
    SLICE_X35Y11.B3      net (fanout=2)        0.968   u/records_completed[6]_PWR_2_o_mod_0/a[3]_a[6]_MUX_94_o
    SLICE_X35Y11.BMUX    Tilo                  0.337   u/records_completed[6]_PWR_2_o_mod_0/a[4]_a[6]_MUX_93_o
                                                       u/records_completed[6]_PWR_2_o_mod_0/Mmux_a[0]_a[6]_MUX_104_o121
    SLICE_X35Y10.B1      net (fanout=2)        0.745   u/records_completed[6]_PWR_2_o_mod_0/a[2]_a[6]_MUX_102_o
    SLICE_X35Y10.B       Tilo                  0.259   u/ones<2>
                                                       u/records_completed[6]_PWR_2_o_mod_0/Mmux_o21
    SLICE_X35Y9.B2       net (fanout=1)        0.727   u/ones<1>
    SLICE_X35Y9.B        Tilo                  0.259   u/digit<1>
                                                       u/Mmux_digit<1>11
    SLICE_X37Y8.C4       net (fanout=4)        0.569   u/digit<1>
    SLICE_X37Y8.CMUX     Tilo                  0.337   seg_n_6_OBUF
                                                       u/Mram_seg_n31
    U18.O                net (fanout=1)        2.336   seg_n_3_OBUF
    U18.PAD              Tioop                 2.982   seg_n<3>
                                                       seg_n_3_OBUF
                                                       seg_n<3>
    -------------------------------------------------  ---------------------------
    Total                                     11.228ns (4.863ns logic, 6.365ns route)
                                                       (43.3% logic, 56.7% route)

--------------------------------------------------------------------------------
Offset:                 15.089ns (clock path + data path + uncertainty)
  Source:               u/campaign/records_completed_3 (FF)
  Destination:          seg_n<3> (PAD)
  Source Clock:         clk_100mhz_BUFGP rising at 0.000ns
  Data Path Delay:      11.114ns (Levels of Logic = 6)
  Clock Path Delay:     3.950ns (Levels of Logic = 2)
  Clock Uncertainty:    0.025ns

  Clock Uncertainty:          0.025ns  ((TSJ^2 + TIJ^2)^1/2 + DJ) / 2 + PE
    Total System Jitter (TSJ):  0.050ns
    Total Input Jitter (TIJ):   0.000ns
    Discrete Jitter (DJ):       0.000ns
    Phase Error (PE):           0.000ns

  Maximum Clock Path at Slow Process Corner: clk_100mhz to u/campaign/records_completed_3
    Location             Delay type         Delay(ns)  Physical Resource
                                                       Logical Resource(s)
    -------------------------------------------------  -------------------
    V10.I                Tiopi                 1.557   clk_100mhz
                                                       clk_100mhz
                                                       clk_100mhz_BUFGP/IBUFG
                                                       ProtoComp132.IMUX
    BUFGMUX_X3Y13.I0     net (fanout=1)        1.050   clk_100mhz_BUFGP/IBUFG
    BUFGMUX_X3Y13.O      Tgi0o                 0.209   clk_100mhz_BUFGP/BUFG
                                                       clk_100mhz_BUFGP/BUFG
    SLICE_X36Y12.CLK     net (fanout=263)      1.134   clk_100mhz_BUFGP
    -------------------------------------------------  ---------------------------
    Total                                      3.950ns (1.766ns logic, 2.184ns route)
                                                       (44.7% logic, 55.3% route)

  Maximum Data Path at Slow Process Corner: u/campaign/records_completed_3 to seg_n<3>
    Location             Delay type         Delay(ns)  Physical Resource
                                                       Logical Resource(s)
    -------------------------------------------------  -------------------
    SLICE_X36Y12.BMUX    Tshcko                0.535   u/records_completed<5>
                                                       u/campaign/records_completed_3
    SLICE_X35Y11.A1      net (fanout=7)        1.188   u/records_completed<3>
    SLICE_X35Y11.A       Tilo                  0.259   u/records_completed[6]_PWR_2_o_mod_0/a[4]_a[6]_MUX_93_o
                                                       u/records_completed[6]_PWR_2_o_mod_0/Mmux_a[0]_a[6]_MUX_97_o131
    SLICE_X35Y11.B3      net (fanout=2)        0.968   u/records_completed[6]_PWR_2_o_mod_0/a[3]_a[6]_MUX_94_o
    SLICE_X35Y11.B       Tilo                  0.259   u/records_completed[6]_PWR_2_o_mod_0/a[4]_a[6]_MUX_93_o
                                                       u/records_completed[6]_PWR_2_o_mod_0/Mmux_a[0]_a[6]_MUX_104_o131
    SLICE_X35Y10.D2      net (fanout=2)        0.718   u/records_completed[6]_PWR_2_o_mod_0/a[3]_a[6]_MUX_101_o
    SLICE_X35Y10.D       Tilo                  0.259   u/ones<2>
                                                       u/records_completed[6]_PWR_2_o_mod_0/Mmux_o31
    SLICE_X35Y9.A5       net (fanout=1)        0.414   u/ones<2>
    SLICE_X35Y9.A        Tilo                  0.259   u/digit<1>
                                                       u/Mmux_digit<2>11
    SLICE_X37Y8.C3       net (fanout=4)        0.600   u/digit<2>
    SLICE_X37Y8.CMUX     Tilo                  0.337   seg_n_6_OBUF
                                                       u/Mram_seg_n31
    U18.O                net (fanout=1)        2.336   seg_n_3_OBUF
    U18.PAD              Tioop                 2.982   seg_n<3>
                                                       seg_n_3_OBUF
                                                       seg_n<3>
    -------------------------------------------------  ---------------------------
    Total                                     11.114ns (4.890ns logic, 6.224ns route)
                                                       (44.0% logic, 56.0% route)

--------------------------------------------------------------------------------
Offset:                 15.079ns (clock path + data path + uncertainty)
  Source:               u/campaign/records_completed_3 (FF)
  Destination:          seg_n<3> (PAD)
  Source Clock:         clk_100mhz_BUFGP rising at 0.000ns
  Data Path Delay:      11.104ns (Levels of Logic = 6)
  Clock Path Delay:     3.950ns (Levels of Logic = 2)
  Clock Uncertainty:    0.025ns

  Clock Uncertainty:          0.025ns  ((TSJ^2 + TIJ^2)^1/2 + DJ) / 2 + PE
    Total System Jitter (TSJ):  0.050ns
    Total Input Jitter (TIJ):   0.000ns
    Discrete Jitter (DJ):       0.000ns
    Phase Error (PE):           0.000ns

  Maximum Clock Path at Slow Process Corner: clk_100mhz to u/campaign/records_completed_3
    Location             Delay type         Delay(ns)  Physical Resource
                                                       Logical Resource(s)
    -------------------------------------------------  -------------------
    V10.I                Tiopi                 1.557   clk_100mhz
                                                       clk_100mhz
                                                       clk_100mhz_BUFGP/IBUFG
                                                       ProtoComp132.IMUX
    BUFGMUX_X3Y13.I0     net (fanout=1)        1.050   clk_100mhz_BUFGP/IBUFG
    BUFGMUX_X3Y13.O      Tgi0o                 0.209   clk_100mhz_BUFGP/BUFG
                                                       clk_100mhz_BUFGP/BUFG
    SLICE_X36Y12.CLK     net (fanout=263)      1.134   clk_100mhz_BUFGP
    -------------------------------------------------  ---------------------------
    Total                                      3.950ns (1.766ns logic, 2.184ns route)
                                                       (44.7% logic, 55.3% route)

  Maximum Data Path at Slow Process Corner: u/campaign/records_completed_3 to seg_n<3>
    Location             Delay type         Delay(ns)  Physical Resource
                                                       Logical Resource(s)
    -------------------------------------------------  -------------------
    SLICE_X36Y12.BMUX    Tshcko                0.535   u/records_completed<5>
                                                       u/campaign/records_completed_3
    SLICE_X35Y11.A1      net (fanout=7)        1.188   u/records_completed<3>
    SLICE_X35Y11.AMUX    Tilo                  0.337   u/records_completed[6]_PWR_2_o_mod_0/a[4]_a[6]_MUX_93_o
                                                       u/records_completed[6]_PWR_2_o_mod_0/Mmux_a[5]_a[6]_MUX_92_o11
    SLICE_X35Y11.B1      net (fanout=2)        0.713   u/records_completed[6]_PWR_2_o_mod_0/a[5]_a[6]_MUX_92_o
    SLICE_X35Y11.BMUX    Tilo                  0.337   u/records_completed[6]_PWR_2_o_mod_0/a[4]_a[6]_MUX_93_o
                                                       u/records_completed[6]_PWR_2_o_mod_0/Mmux_a[0]_a[6]_MUX_104_o121
    SLICE_X35Y10.B1      net (fanout=2)        0.745   u/records_completed[6]_PWR_2_o_mod_0/a[2]_a[6]_MUX_102_o
    SLICE_X35Y10.BMUX    Tilo                  0.337   u/ones<2>
                                                       u/records_completed[6]_PWR_2_o_mod_0/Mmux_o41
    SLICE_X37Y9.A3       net (fanout=1)        0.594   u/ones<3>
    SLICE_X37Y9.A        Tilo                  0.259   seg_n_5_OBUF
                                                       u/Mmux_digit<3>11
    SLICE_X37Y8.C5       net (fanout=4)        0.404   u/digit<3>
    SLICE_X37Y8.CMUX     Tilo                  0.337   seg_n_6_OBUF
                                                       u/Mram_seg_n31
    U18.O                net (fanout=1)        2.336   seg_n_3_OBUF
    U18.PAD              Tioop                 2.982   seg_n<3>
                                                       seg_n_3_OBUF
                                                       seg_n<3>
    -------------------------------------------------  ---------------------------
    Total                                     11.104ns (5.124ns logic, 5.980ns route)
                                                       (46.1% logic, 53.9% route)

--------------------------------------------------------------------------------
Offset:                 15.078ns (clock path + data path + uncertainty)
  Source:               u/campaign/records_completed_3 (FF)
  Destination:          seg_n<3> (PAD)
  Source Clock:         clk_100mhz_BUFGP rising at 0.000ns
  Data Path Delay:      11.103ns (Levels of Logic = 6)
  Clock Path Delay:     3.950ns (Levels of Logic = 2)
  Clock Uncertainty:    0.025ns

  Clock Uncertainty:          0.025ns  ((TSJ^2 + TIJ^2)^1/2 + DJ) / 2 + PE
    Total System Jitter (TSJ):  0.050ns
    Total Input Jitter (TIJ):   0.000ns
    Discrete Jitter (DJ):       0.000ns
    Phase Error (PE):           0.000ns

  Maximum Clock Path at Slow Process Corner: clk_100mhz to u/campaign/records_completed_3
    Location             Delay type         Delay(ns)  Physical Resource
                                                       Logical Resource(s)
    -------------------------------------------------  -------------------
    V10.I                Tiopi                 1.557   clk_100mhz
                                                       clk_100mhz
                                                       clk_100mhz_BUFGP/IBUFG
                                                       ProtoComp132.IMUX
    BUFGMUX_X3Y13.I0     net (fanout=1)        1.050   clk_100mhz_BUFGP/IBUFG
    BUFGMUX_X3Y13.O      Tgi0o                 0.209   clk_100mhz_BUFGP/BUFG
                                                       clk_100mhz_BUFGP/BUFG
    SLICE_X36Y12.CLK     net (fanout=263)      1.134   clk_100mhz_BUFGP
    -------------------------------------------------  ---------------------------
    Total                                      3.950ns (1.766ns logic, 2.184ns route)
                                                       (44.7% logic, 55.3% route)

  Maximum Data Path at Slow Process Corner: u/campaign/records_completed_3 to seg_n<3>
    Location             Delay type         Delay(ns)  Physical Resource
                                                       Logical Resource(s)
    -------------------------------------------------  -------------------
    SLICE_X36Y12.BMUX    Tshcko                0.535   u/records_completed<5>
                                                       u/campaign/records_completed_3
    SLICE_X35Y11.A1      net (fanout=7)        1.188   u/records_completed<3>
    SLICE_X35Y11.A       Tilo                  0.259   u/records_completed[6]_PWR_2_o_mod_0/a[4]_a[6]_MUX_93_o
                                                       u/records_completed[6]_PWR_2_o_mod_0/Mmux_a[0]_a[6]_MUX_97_o131
    SLICE_X35Y11.B3      net (fanout=2)        0.968   u/records_completed[6]_PWR_2_o_mod_0/a[3]_a[6]_MUX_94_o
    SLICE_X35Y11.B       Tilo                  0.259   u/records_completed[6]_PWR_2_o_mod_0/a[4]_a[6]_MUX_93_o
                                                       u/records_completed[6]_PWR_2_o_mod_0/Mmux_a[0]_a[6]_MUX_104_o131
    SLICE_X35Y10.B5      net (fanout=2)        0.425   u/records_completed[6]_PWR_2_o_mod_0/a[3]_a[6]_MUX_101_o
    SLICE_X35Y10.B       Tilo                  0.259   u/ones<2>
                                                       u/records_completed[6]_PWR_2_o_mod_0/Mmux_o21
    SLICE_X35Y9.B2       net (fanout=1)        0.727   u/ones<1>
    SLICE_X35Y9.B        Tilo                  0.259   u/digit<1>
                                                       u/Mmux_digit<1>11
    SLICE_X37Y8.C4       net (fanout=4)        0.569   u/digit<1>
    SLICE_X37Y8.CMUX     Tilo                  0.337   seg_n_6_OBUF
                                                       u/Mram_seg_n31
    U18.O                net (fanout=1)        2.336   seg_n_3_OBUF
    U18.PAD              Tioop                 2.982   seg_n<3>
                                                       seg_n_3_OBUF
                                                       seg_n<3>
    -------------------------------------------------  ---------------------------
    Total                                     11.103ns (4.890ns logic, 6.213ns route)
                                                       (44.0% logic, 56.0% route)

--------------------------------------------------------------------------------
Offset:                 15.063ns (clock path + data path + uncertainty)
  Source:               u/campaign/records_completed_3 (FF)
  Destination:          seg_n<3> (PAD)
  Source Clock:         clk_100mhz_BUFGP rising at 0.000ns
  Data Path Delay:      11.088ns (Levels of Logic = 6)
  Clock Path Delay:     3.950ns (Levels of Logic = 2)
  Clock Uncertainty:    0.025ns

  Clock Uncertainty:          0.025ns  ((TSJ^2 + TIJ^2)^1/2 + DJ) / 2 + PE
    Total System Jitter (TSJ):  0.050ns
    Total Input Jitter (TIJ):   0.000ns
    Discrete Jitter (DJ):       0.000ns
    Phase Error (PE):           0.000ns

  Maximum Clock Path at Slow Process Corner: clk_100mhz to u/campaign/records_completed_3
    Location             Delay type         Delay(ns)  Physical Resource
                                                       Logical Resource(s)
    -------------------------------------------------  -------------------
    V10.I                Tiopi                 1.557   clk_100mhz
                                                       clk_100mhz
                                                       clk_100mhz_BUFGP/IBUFG
                                                       ProtoComp132.IMUX
    BUFGMUX_X3Y13.I0     net (fanout=1)        1.050   clk_100mhz_BUFGP/IBUFG
    BUFGMUX_X3Y13.O      Tgi0o                 0.209   clk_100mhz_BUFGP/BUFG
                                                       clk_100mhz_BUFGP/BUFG
    SLICE_X36Y12.CLK     net (fanout=263)      1.134   clk_100mhz_BUFGP
    -------------------------------------------------  ---------------------------
    Total                                      3.950ns (1.766ns logic, 2.184ns route)
                                                       (44.7% logic, 55.3% route)

  Maximum Data Path at Slow Process Corner: u/campaign/records_completed_3 to seg_n<3>
    Location             Delay type         Delay(ns)  Physical Resource
                                                       Logical Resource(s)
    -------------------------------------------------  -------------------
    SLICE_X36Y12.BMUX    Tshcko                0.535   u/records_completed<5>
                                                       u/campaign/records_completed_3
    SLICE_X35Y11.A1      net (fanout=7)        1.188   u/records_completed<3>
    SLICE_X35Y11.AMUX    Tilo                  0.337   u/records_completed[6]_PWR_2_o_mod_0/a[4]_a[6]_MUX_93_o
                                                       u/records_completed[6]_PWR_2_o_mod_0/Mmux_a[5]_a[6]_MUX_92_o11
    SLICE_X35Y10.A6      net (fanout=2)        0.743   u/records_completed[6]_PWR_2_o_mod_0/a[5]_a[6]_MUX_92_o
    SLICE_X35Y10.A       Tilo                  0.259   u/ones<2>
                                                       u/records_completed[6]_PWR_2_o_mod_0/BUS_0008_INV_67_o1_SW0
    SLICE_X35Y10.B4      net (fanout=2)        0.557   u/records_completed[6]_PWR_2_o_mod_0/N01
    SLICE_X35Y10.B       Tilo                  0.259   u/ones<2>
                                                       u/records_completed[6]_PWR_2_o_mod_0/Mmux_o21
    SLICE_X35Y9.B2       net (fanout=1)        0.727   u/ones<1>
    SLICE_X35Y9.B        Tilo                  0.259   u/digit<1>
                                                       u/Mmux_digit<1>11
    SLICE_X37Y8.C4       net (fanout=4)        0.569   u/digit<1>
    SLICE_X37Y8.CMUX     Tilo                  0.337   seg_n_6_OBUF
                                                       u/Mram_seg_n31
    U18.O                net (fanout=1)        2.336   seg_n_3_OBUF
    U18.PAD              Tioop                 2.982   seg_n<3>
                                                       seg_n_3_OBUF
                                                       seg_n<3>
    -------------------------------------------------  ---------------------------
    Total                                     11.088ns (4.968ns logic, 6.120ns route)
                                                       (44.8% logic, 55.2% route)

--------------------------------------------------------------------------------
Offset:                 15.035ns (clock path + data path + uncertainty)
  Source:               u/campaign/records_completed_3 (FF)
  Destination:          seg_n<3> (PAD)
  Source Clock:         clk_100mhz_BUFGP rising at 0.000ns
  Data Path Delay:      11.060ns (Levels of Logic = 6)
  Clock Path Delay:     3.950ns (Levels of Logic = 2)
  Clock Uncertainty:    0.025ns

  Clock Uncertainty:          0.025ns  ((TSJ^2 + TIJ^2)^1/2 + DJ) / 2 + PE
    Total System Jitter (TSJ):  0.050ns
    Total Input Jitter (TIJ):   0.000ns
    Discrete Jitter (DJ):       0.000ns
    Phase Error (PE):           0.000ns

  Maximum Clock Path at Slow Process Corner: clk_100mhz to u/campaign/records_completed_3
    Location             Delay type         Delay(ns)  Physical Resource
                                                       Logical Resource(s)
    -------------------------------------------------  -------------------
    V10.I                Tiopi                 1.557   clk_100mhz
                                                       clk_100mhz
                                                       clk_100mhz_BUFGP/IBUFG
                                                       ProtoComp132.IMUX
    BUFGMUX_X3Y13.I0     net (fanout=1)        1.050   clk_100mhz_BUFGP/IBUFG
    BUFGMUX_X3Y13.O      Tgi0o                 0.209   clk_100mhz_BUFGP/BUFG
                                                       clk_100mhz_BUFGP/BUFG
    SLICE_X36Y12.CLK     net (fanout=263)      1.134   clk_100mhz_BUFGP
    -------------------------------------------------  ---------------------------
    Total                                      3.950ns (1.766ns logic, 2.184ns route)
                                                       (44.7% logic, 55.3% route)

  Maximum Data Path at Slow Process Corner: u/campaign/records_completed_3 to seg_n<3>
    Location             Delay type         Delay(ns)  Physical Resource
                                                       Logical Resource(s)
    -------------------------------------------------  -------------------
    SLICE_X36Y12.BMUX    Tshcko                0.535   u/records_completed<5>
                                                       u/campaign/records_completed_3
    SLICE_X35Y11.A1      net (fanout=7)        1.188   u/records_completed<3>
    SLICE_X35Y11.A       Tilo                  0.259   u/records_completed[6]_PWR_2_o_mod_0/a[4]_a[6]_MUX_93_o
                                                       u/records_completed[6]_PWR_2_o_mod_0/Mmux_a[0]_a[6]_MUX_97_o131
    SLICE_X35Y11.B3      net (fanout=2)        0.968   u/records_completed[6]_PWR_2_o_mod_0/a[3]_a[6]_MUX_94_o
    SLICE_X35Y11.BMUX    Tilo                  0.337   u/records_completed[6]_PWR_2_o_mod_0/a[4]_a[6]_MUX_93_o
                                                       u/records_completed[6]_PWR_2_o_mod_0/Mmux_a[0]_a[6]_MUX_104_o121
    SLICE_X35Y10.D3      net (fanout=2)        0.586   u/records_completed[6]_PWR_2_o_mod_0/a[2]_a[6]_MUX_102_o
    SLICE_X35Y10.D       Tilo                  0.259   u/ones<2>
                                                       u/records_completed[6]_PWR_2_o_mod_0/Mmux_o31
    SLICE_X35Y9.A5       net (fanout=1)        0.414   u/ones<2>
    SLICE_X35Y9.A        Tilo                  0.259   u/digit<1>
                                                       u/Mmux_digit<2>11
    SLICE_X37Y8.C3       net (fanout=4)        0.600   u/digit<2>
    SLICE_X37Y8.CMUX     Tilo                  0.337   seg_n_6_OBUF
                                                       u/Mram_seg_n31
    U18.O                net (fanout=1)        2.336   seg_n_3_OBUF
    U18.PAD              Tioop                 2.982   seg_n<3>
                                                       seg_n_3_OBUF
                                                       seg_n<3>
    -------------------------------------------------  ---------------------------
    Total                                     11.060ns (4.968ns logic, 6.092ns route)
                                                       (44.9% logic, 55.1% route)

--------------------------------------------------------------------------------
Offset:                 15.026ns (clock path + data path + uncertainty)
  Source:               u/campaign/records_completed_6 (FF)
  Destination:          seg_n<3> (PAD)
  Source Clock:         clk_100mhz_BUFGP rising at 0.000ns
  Data Path Delay:      11.051ns (Levels of Logic = 6)
  Clock Path Delay:     3.950ns (Levels of Logic = 2)
  Clock Uncertainty:    0.025ns

  Clock Uncertainty:          0.025ns  ((TSJ^2 + TIJ^2)^1/2 + DJ) / 2 + PE
    Total System Jitter (TSJ):  0.050ns
    Total Input Jitter (TIJ):   0.000ns
    Discrete Jitter (DJ):       0.000ns
    Phase Error (PE):           0.000ns

  Maximum Clock Path at Slow Process Corner: clk_100mhz to u/campaign/records_completed_6
    Location             Delay type         Delay(ns)  Physical Resource
                                                       Logical Resource(s)
    -------------------------------------------------  -------------------
    V10.I                Tiopi                 1.557   clk_100mhz
                                                       clk_100mhz
                                                       clk_100mhz_BUFGP/IBUFG
                                                       ProtoComp132.IMUX
    BUFGMUX_X3Y13.I0     net (fanout=1)        1.050   clk_100mhz_BUFGP/IBUFG
    BUFGMUX_X3Y13.O      Tgi0o                 0.209   clk_100mhz_BUFGP/BUFG
                                                       clk_100mhz_BUFGP/BUFG
    SLICE_X37Y12.CLK     net (fanout=263)      1.134   clk_100mhz_BUFGP
    -------------------------------------------------  ---------------------------
    Total                                      3.950ns (1.766ns logic, 2.184ns route)
                                                       (44.7% logic, 55.3% route)

  Maximum Data Path at Slow Process Corner: u/campaign/records_completed_6 to seg_n<3>
    Location             Delay type         Delay(ns)  Physical Resource
                                                       Logical Resource(s)
    -------------------------------------------------  -------------------
    SLICE_X37Y12.AQ      Tcko                  0.430   u/ones<0>
                                                       u/campaign/records_completed_6
    SLICE_X35Y11.A2      net (fanout=6)        1.020   u/records_completed<6>
    SLICE_X35Y11.AMUX    Tilo                  0.337   u/records_completed[6]_PWR_2_o_mod_0/a[4]_a[6]_MUX_93_o
                                                       u/records_completed[6]_PWR_2_o_mod_0/Mmux_a[5]_a[6]_MUX_92_o11
    SLICE_X35Y11.B1      net (fanout=2)        0.713   u/records_completed[6]_PWR_2_o_mod_0/a[5]_a[6]_MUX_92_o
    SLICE_X35Y11.BMUX    Tilo                  0.337   u/records_completed[6]_PWR_2_o_mod_0/a[4]_a[6]_MUX_93_o
                                                       u/records_completed[6]_PWR_2_o_mod_0/Mmux_a[0]_a[6]_MUX_104_o121
    SLICE_X35Y10.B1      net (fanout=2)        0.745   u/records_completed[6]_PWR_2_o_mod_0/a[2]_a[6]_MUX_102_o
    SLICE_X35Y10.B       Tilo                  0.259   u/ones<2>
                                                       u/records_completed[6]_PWR_2_o_mod_0/Mmux_o21
    SLICE_X35Y9.B2       net (fanout=1)        0.727   u/ones<1>
    SLICE_X35Y9.B        Tilo                  0.259   u/digit<1>
                                                       u/Mmux_digit<1>11
    SLICE_X37Y8.C4       net (fanout=4)        0.569   u/digit<1>
    SLICE_X37Y8.CMUX     Tilo                  0.337   seg_n_6_OBUF
                                                       u/Mram_seg_n31
    U18.O                net (fanout=1)        2.336   seg_n_3_OBUF
    U18.PAD              Tioop                 2.982   seg_n<3>
                                                       seg_n_3_OBUF
                                                       seg_n<3>
    -------------------------------------------------  ---------------------------
    Total                                     11.051ns (4.941ns logic, 6.110ns route)
                                                       (44.7% logic, 55.3% route)

--------------------------------------------------------------------------------

Paths for end point seg_n<1> (T18.PAD), 171 paths
--------------------------------------------------------------------------------
Offset:                 15.165ns (clock path + data path + uncertainty)
  Source:               u/campaign/records_completed_3 (FF)
  Destination:          seg_n<1> (PAD)
  Source Clock:         clk_100mhz_BUFGP rising at 0.000ns
  Data Path Delay:      11.190ns (Levels of Logic = 6)
  Clock Path Delay:     3.950ns (Levels of Logic = 2)
  Clock Uncertainty:    0.025ns

  Clock Uncertainty:          0.025ns  ((TSJ^2 + TIJ^2)^1/2 + DJ) / 2 + PE
    Total System Jitter (TSJ):  0.050ns
    Total Input Jitter (TIJ):   0.000ns
    Discrete Jitter (DJ):       0.000ns
    Phase Error (PE):           0.000ns

  Maximum Clock Path at Slow Process Corner: clk_100mhz to u/campaign/records_completed_3
    Location             Delay type         Delay(ns)  Physical Resource
                                                       Logical Resource(s)
    -------------------------------------------------  -------------------
    V10.I                Tiopi                 1.557   clk_100mhz
                                                       clk_100mhz
                                                       clk_100mhz_BUFGP/IBUFG
                                                       ProtoComp132.IMUX
    BUFGMUX_X3Y13.I0     net (fanout=1)        1.050   clk_100mhz_BUFGP/IBUFG
    BUFGMUX_X3Y13.O      Tgi0o                 0.209   clk_100mhz_BUFGP/BUFG
                                                       clk_100mhz_BUFGP/BUFG
    SLICE_X36Y12.CLK     net (fanout=263)      1.134   clk_100mhz_BUFGP
    -------------------------------------------------  ---------------------------
    Total                                      3.950ns (1.766ns logic, 2.184ns route)
                                                       (44.7% logic, 55.3% route)

  Maximum Data Path at Slow Process Corner: u/campaign/records_completed_3 to seg_n<1>
    Location             Delay type         Delay(ns)  Physical Resource
                                                       Logical Resource(s)
    -------------------------------------------------  -------------------
    SLICE_X36Y12.BMUX    Tshcko                0.535   u/records_completed<5>
                                                       u/campaign/records_completed_3
    SLICE_X35Y11.A1      net (fanout=7)        1.188   u/records_completed<3>
    SLICE_X35Y11.A       Tilo                  0.259   u/records_completed[6]_PWR_2_o_mod_0/a[4]_a[6]_MUX_93_o
                                                       u/records_completed[6]_PWR_2_o_mod_0/Mmux_a[0]_a[6]_MUX_97_o131
    SLICE_X35Y11.B3      net (fanout=2)        0.968   u/records_completed[6]_PWR_2_o_mod_0/a[3]_a[6]_MUX_94_o
    SLICE_X35Y11.B       Tilo                  0.259   u/records_completed[6]_PWR_2_o_mod_0/a[4]_a[6]_MUX_93_o
                                                       u/records_completed[6]_PWR_2_o_mod_0/Mmux_a[0]_a[6]_MUX_104_o131
    SLICE_X35Y10.D2      net (fanout=2)        0.718   u/records_completed[6]_PWR_2_o_mod_0/a[3]_a[6]_MUX_101_o
    SLICE_X35Y10.D       Tilo                  0.259   u/ones<2>
                                                       u/records_completed[6]_PWR_2_o_mod_0/Mmux_o31
    SLICE_X35Y9.A5       net (fanout=1)        0.414   u/ones<2>
    SLICE_X35Y9.A        Tilo                  0.259   u/digit<1>
                                                       u/Mmux_digit<2>11
    SLICE_X37Y8.A1       net (fanout=4)        0.948   u/digit<2>
    SLICE_X37Y8.AMUX     Tilo                  0.337   seg_n_6_OBUF
                                                       u/Mram_seg_n111
    T18.O                net (fanout=1)        2.064   seg_n_1_OBUF
    T18.PAD              Tioop                 2.982   seg_n<1>
                                                       seg_n_1_OBUF
                                                       seg_n<1>
    -------------------------------------------------  ---------------------------
    Total                                     11.190ns (4.890ns logic, 6.300ns route)
                                                       (43.7% logic, 56.3% route)

--------------------------------------------------------------------------------
Offset:                 15.114ns (clock path + data path + uncertainty)
  Source:               u/campaign/records_completed_3 (FF)
  Destination:          seg_n<1> (PAD)
  Source Clock:         clk_100mhz_BUFGP rising at 0.000ns
  Data Path Delay:      11.139ns (Levels of Logic = 6)
  Clock Path Delay:     3.950ns (Levels of Logic = 2)
  Clock Uncertainty:    0.025ns

  Clock Uncertainty:          0.025ns  ((TSJ^2 + TIJ^2)^1/2 + DJ) / 2 + PE
    Total System Jitter (TSJ):  0.050ns
    Total Input Jitter (TIJ):   0.000ns
    Discrete Jitter (DJ):       0.000ns
    Phase Error (PE):           0.000ns

  Maximum Clock Path at Slow Process Corner: clk_100mhz to u/campaign/records_completed_3
    Location             Delay type         Delay(ns)  Physical Resource
                                                       Logical Resource(s)
    -------------------------------------------------  -------------------
    V10.I                Tiopi                 1.557   clk_100mhz
                                                       clk_100mhz
                                                       clk_100mhz_BUFGP/IBUFG
                                                       ProtoComp132.IMUX
    BUFGMUX_X3Y13.I0     net (fanout=1)        1.050   clk_100mhz_BUFGP/IBUFG
    BUFGMUX_X3Y13.O      Tgi0o                 0.209   clk_100mhz_BUFGP/BUFG
                                                       clk_100mhz_BUFGP/BUFG
    SLICE_X36Y12.CLK     net (fanout=263)      1.134   clk_100mhz_BUFGP
    -------------------------------------------------  ---------------------------
    Total                                      3.950ns (1.766ns logic, 2.184ns route)
                                                       (44.7% logic, 55.3% route)

  Maximum Data Path at Slow Process Corner: u/campaign/records_completed_3 to seg_n<1>
    Location             Delay type         Delay(ns)  Physical Resource
                                                       Logical Resource(s)
    -------------------------------------------------  -------------------
    SLICE_X36Y12.BMUX    Tshcko                0.535   u/records_completed<5>
                                                       u/campaign/records_completed_3
    SLICE_X35Y11.A1      net (fanout=7)        1.188   u/records_completed<3>
    SLICE_X35Y11.A       Tilo                  0.259   u/records_completed[6]_PWR_2_o_mod_0/a[4]_a[6]_MUX_93_o
                                                       u/records_completed[6]_PWR_2_o_mod_0/Mmux_a[0]_a[6]_MUX_97_o131
    SLICE_X35Y11.B3      net (fanout=2)        0.968   u/records_completed[6]_PWR_2_o_mod_0/a[3]_a[6]_MUX_94_o
    SLICE_X35Y11.BMUX    Tilo                  0.337   u/records_completed[6]_PWR_2_o_mod_0/a[4]_a[6]_MUX_93_o
                                                       u/records_completed[6]_PWR_2_o_mod_0/Mmux_a[0]_a[6]_MUX_104_o121
    SLICE_X35Y10.B1      net (fanout=2)        0.745   u/records_completed[6]_PWR_2_o_mod_0/a[2]_a[6]_MUX_102_o
    SLICE_X35Y10.B       Tilo                  0.259   u/ones<2>
                                                       u/records_completed[6]_PWR_2_o_mod_0/Mmux_o21
    SLICE_X35Y9.B2       net (fanout=1)        0.727   u/ones<1>
    SLICE_X35Y9.B        Tilo                  0.259   u/digit<1>
                                                       u/Mmux_digit<1>11
    SLICE_X37Y8.A5       net (fanout=4)        0.479   u/digit<1>
    SLICE_X37Y8.AMUX     Tilo                  0.337   seg_n_6_OBUF
                                                       u/Mram_seg_n111
    T18.O                net (fanout=1)        2.064   seg_n_1_OBUF
    T18.PAD              Tioop                 2.982   seg_n<1>
                                                       seg_n_1_OBUF
                                                       seg_n<1>
    -------------------------------------------------  ---------------------------
    Total                                     11.139ns (4.968ns logic, 6.171ns route)
                                                       (44.6% logic, 55.4% route)

--------------------------------------------------------------------------------
Offset:                 15.111ns (clock path + data path + uncertainty)
  Source:               u/campaign/records_completed_3 (FF)
  Destination:          seg_n<1> (PAD)
  Source Clock:         clk_100mhz_BUFGP rising at 0.000ns
  Data Path Delay:      11.136ns (Levels of Logic = 6)
  Clock Path Delay:     3.950ns (Levels of Logic = 2)
  Clock Uncertainty:    0.025ns

  Clock Uncertainty:          0.025ns  ((TSJ^2 + TIJ^2)^1/2 + DJ) / 2 + PE
    Total System Jitter (TSJ):  0.050ns
    Total Input Jitter (TIJ):   0.000ns
    Discrete Jitter (DJ):       0.000ns
    Phase Error (PE):           0.000ns

  Maximum Clock Path at Slow Process Corner: clk_100mhz to u/campaign/records_completed_3
    Location             Delay type         Delay(ns)  Physical Resource
                                                       Logical Resource(s)
    -------------------------------------------------  -------------------
    V10.I                Tiopi                 1.557   clk_100mhz
                                                       clk_100mhz
                                                       clk_100mhz_BUFGP/IBUFG
                                                       ProtoComp132.IMUX
    BUFGMUX_X3Y13.I0     net (fanout=1)        1.050   clk_100mhz_BUFGP/IBUFG
    BUFGMUX_X3Y13.O      Tgi0o                 0.209   clk_100mhz_BUFGP/BUFG
                                                       clk_100mhz_BUFGP/BUFG
    SLICE_X36Y12.CLK     net (fanout=263)      1.134   clk_100mhz_BUFGP
    -------------------------------------------------  ---------------------------
    Total                                      3.950ns (1.766ns logic, 2.184ns route)
                                                       (44.7% logic, 55.3% route)

  Maximum Data Path at Slow Process Corner: u/campaign/records_completed_3 to seg_n<1>
    Location             Delay type         Delay(ns)  Physical Resource
                                                       Logical Resource(s)
    -------------------------------------------------  -------------------
    SLICE_X36Y12.BMUX    Tshcko                0.535   u/records_completed<5>
                                                       u/campaign/records_completed_3
    SLICE_X35Y11.A1      net (fanout=7)        1.188   u/records_completed<3>
    SLICE_X35Y11.A       Tilo                  0.259   u/records_completed[6]_PWR_2_o_mod_0/a[4]_a[6]_MUX_93_o
                                                       u/records_completed[6]_PWR_2_o_mod_0/Mmux_a[0]_a[6]_MUX_97_o131
    SLICE_X35Y11.B3      net (fanout=2)        0.968   u/records_completed[6]_PWR_2_o_mod_0/a[3]_a[6]_MUX_94_o
    SLICE_X35Y11.BMUX    Tilo                  0.337   u/records_completed[6]_PWR_2_o_mod_0/a[4]_a[6]_MUX_93_o
                                                       u/records_completed[6]_PWR_2_o_mod_0/Mmux_a[0]_a[6]_MUX_104_o121
    SLICE_X35Y10.D3      net (fanout=2)        0.586   u/records_completed[6]_PWR_2_o_mod_0/a[2]_a[6]_MUX_102_o
    SLICE_X35Y10.D       Tilo                  0.259   u/ones<2>
                                                       u/records_completed[6]_PWR_2_o_mod_0/Mmux_o31
    SLICE_X35Y9.A5       net (fanout=1)        0.414   u/ones<2>
    SLICE_X35Y9.A        Tilo                  0.259   u/digit<1>
                                                       u/Mmux_digit<2>11
    SLICE_X37Y8.A1       net (fanout=4)        0.948   u/digit<2>
    SLICE_X37Y8.AMUX     Tilo                  0.337   seg_n_6_OBUF
                                                       u/Mram_seg_n111
    T18.O                net (fanout=1)        2.064   seg_n_1_OBUF
    T18.PAD              Tioop                 2.982   seg_n<1>
                                                       seg_n_1_OBUF
                                                       seg_n<1>
    -------------------------------------------------  ---------------------------
    Total                                     11.136ns (4.968ns logic, 6.168ns route)
                                                       (44.6% logic, 55.4% route)

--------------------------------------------------------------------------------
Offset:                 15.081ns (clock path + data path + uncertainty)
  Source:               u/campaign/records_completed_3 (FF)
  Destination:          seg_n<1> (PAD)
  Source Clock:         clk_100mhz_BUFGP rising at 0.000ns
  Data Path Delay:      11.106ns (Levels of Logic = 6)
  Clock Path Delay:     3.950ns (Levels of Logic = 2)
  Clock Uncertainty:    0.025ns

  Clock Uncertainty:          0.025ns  ((TSJ^2 + TIJ^2)^1/2 + DJ) / 2 + PE
    Total System Jitter (TSJ):  0.050ns
    Total Input Jitter (TIJ):   0.000ns
    Discrete Jitter (DJ):       0.000ns
    Phase Error (PE):           0.000ns

  Maximum Clock Path at Slow Process Corner: clk_100mhz to u/campaign/records_completed_3
    Location             Delay type         Delay(ns)  Physical Resource
                                                       Logical Resource(s)
    -------------------------------------------------  -------------------
    V10.I                Tiopi                 1.557   clk_100mhz
                                                       clk_100mhz
                                                       clk_100mhz_BUFGP/IBUFG
                                                       ProtoComp132.IMUX
    BUFGMUX_X3Y13.I0     net (fanout=1)        1.050   clk_100mhz_BUFGP/IBUFG
    BUFGMUX_X3Y13.O      Tgi0o                 0.209   clk_100mhz_BUFGP/BUFG
                                                       clk_100mhz_BUFGP/BUFG
    SLICE_X36Y12.CLK     net (fanout=263)      1.134   clk_100mhz_BUFGP
    -------------------------------------------------  ---------------------------
    Total                                      3.950ns (1.766ns logic, 2.184ns route)
                                                       (44.7% logic, 55.3% route)

  Maximum Data Path at Slow Process Corner: u/campaign/records_completed_3 to seg_n<1>
    Location             Delay type         Delay(ns)  Physical Resource
                                                       Logical Resource(s)
    -------------------------------------------------  -------------------
    SLICE_X36Y12.BMUX    Tshcko                0.535   u/records_completed<5>
                                                       u/campaign/records_completed_3
    SLICE_X35Y11.A1      net (fanout=7)        1.188   u/records_completed<3>
    SLICE_X35Y11.A       Tilo                  0.259   u/records_completed[6]_PWR_2_o_mod_0/a[4]_a[6]_MUX_93_o
                                                       u/records_completed[6]_PWR_2_o_mod_0/Mmux_a[0]_a[6]_MUX_97_o131
    SLICE_X35Y11.B3      net (fanout=2)        0.968   u/records_completed[6]_PWR_2_o_mod_0/a[3]_a[6]_MUX_94_o
    SLICE_X35Y11.BMUX    Tilo                  0.337   u/records_completed[6]_PWR_2_o_mod_0/a[4]_a[6]_MUX_93_o
                                                       u/records_completed[6]_PWR_2_o_mod_0/Mmux_a[0]_a[6]_MUX_104_o121
    SLICE_X35Y10.B1      net (fanout=2)        0.745   u/records_completed[6]_PWR_2_o_mod_0/a[2]_a[6]_MUX_102_o
    SLICE_X35Y10.BMUX    Tilo                  0.337   u/ones<2>
                                                       u/records_completed[6]_PWR_2_o_mod_0/Mmux_o41
    SLICE_X37Y9.A3       net (fanout=1)        0.594   u/ones<3>
    SLICE_X37Y9.A        Tilo                  0.259   seg_n_5_OBUF
                                                       u/Mmux_digit<3>11
    SLICE_X37Y8.A4       net (fanout=4)        0.501   u/digit<3>
    SLICE_X37Y8.AMUX     Tilo                  0.337   seg_n_6_OBUF
                                                       u/Mram_seg_n111
    T18.O                net (fanout=1)        2.064   seg_n_1_OBUF
    T18.PAD              Tioop                 2.982   seg_n<1>
                                                       seg_n_1_OBUF
                                                       seg_n<1>
    -------------------------------------------------  ---------------------------
    Total                                     11.106ns (5.046ns logic, 6.060ns route)
                                                       (45.4% logic, 54.6% route)

--------------------------------------------------------------------------------
Offset:                 14.988ns (clock path + data path + uncertainty)
  Source:               u/campaign/records_completed_3 (FF)
  Destination:          seg_n<1> (PAD)
  Source Clock:         clk_100mhz_BUFGP rising at 0.000ns
  Data Path Delay:      11.013ns (Levels of Logic = 6)
  Clock Path Delay:     3.950ns (Levels of Logic = 2)
  Clock Uncertainty:    0.025ns

  Clock Uncertainty:          0.025ns  ((TSJ^2 + TIJ^2)^1/2 + DJ) / 2 + PE
    Total System Jitter (TSJ):  0.050ns
    Total Input Jitter (TIJ):   0.000ns
    Discrete Jitter (DJ):       0.000ns
    Phase Error (PE):           0.000ns

  Maximum Clock Path at Slow Process Corner: clk_100mhz to u/campaign/records_completed_3
    Location             Delay type         Delay(ns)  Physical Resource
                                                       Logical Resource(s)
    -------------------------------------------------  -------------------
    V10.I                Tiopi                 1.557   clk_100mhz
                                                       clk_100mhz
                                                       clk_100mhz_BUFGP/IBUFG
                                                       ProtoComp132.IMUX
    BUFGMUX_X3Y13.I0     net (fanout=1)        1.050   clk_100mhz_BUFGP/IBUFG
    BUFGMUX_X3Y13.O      Tgi0o                 0.209   clk_100mhz_BUFGP/BUFG
                                                       clk_100mhz_BUFGP/BUFG
    SLICE_X36Y12.CLK     net (fanout=263)      1.134   clk_100mhz_BUFGP
    -------------------------------------------------  ---------------------------
    Total                                      3.950ns (1.766ns logic, 2.184ns route)
                                                       (44.7% logic, 55.3% route)

  Maximum Data Path at Slow Process Corner: u/campaign/records_completed_3 to seg_n<1>
    Location             Delay type         Delay(ns)  Physical Resource
                                                       Logical Resource(s)
    -------------------------------------------------  -------------------
    SLICE_X36Y12.BMUX    Tshcko                0.535   u/records_completed<5>
                                                       u/campaign/records_completed_3
    SLICE_X35Y11.A1      net (fanout=7)        1.188   u/records_completed<3>
    SLICE_X35Y11.AMUX    Tilo                  0.337   u/records_completed[6]_PWR_2_o_mod_0/a[4]_a[6]_MUX_93_o
                                                       u/records_completed[6]_PWR_2_o_mod_0/Mmux_a[5]_a[6]_MUX_92_o11
    SLICE_X35Y11.B1      net (fanout=2)        0.713   u/records_completed[6]_PWR_2_o_mod_0/a[5]_a[6]_MUX_92_o
    SLICE_X35Y11.B       Tilo                  0.259   u/records_completed[6]_PWR_2_o_mod_0/a[4]_a[6]_MUX_93_o
                                                       u/records_completed[6]_PWR_2_o_mod_0/Mmux_a[0]_a[6]_MUX_104_o131
    SLICE_X35Y10.D2      net (fanout=2)        0.718   u/records_completed[6]_PWR_2_o_mod_0/a[3]_a[6]_MUX_101_o
    SLICE_X35Y10.D       Tilo                  0.259   u/ones<2>
                                                       u/records_completed[6]_PWR_2_o_mod_0/Mmux_o31
    SLICE_X35Y9.A5       net (fanout=1)        0.414   u/ones<2>
    SLICE_X35Y9.A        Tilo                  0.259   u/digit<1>
                                                       u/Mmux_digit<2>11
    SLICE_X37Y8.A1       net (fanout=4)        0.948   u/digit<2>
    SLICE_X37Y8.AMUX     Tilo                  0.337   seg_n_6_OBUF
                                                       u/Mram_seg_n111
    T18.O                net (fanout=1)        2.064   seg_n_1_OBUF
    T18.PAD              Tioop                 2.982   seg_n<1>
                                                       seg_n_1_OBUF
                                                       seg_n<1>
    -------------------------------------------------  ---------------------------
    Total                                     11.013ns (4.968ns logic, 6.045ns route)
                                                       (45.1% logic, 54.9% route)

--------------------------------------------------------------------------------
Offset:                 14.937ns (clock path + data path + uncertainty)
  Source:               u/campaign/records_completed_3 (FF)
  Destination:          seg_n<1> (PAD)
  Source Clock:         clk_100mhz_BUFGP rising at 0.000ns
  Data Path Delay:      10.962ns (Levels of Logic = 6)
  Clock Path Delay:     3.950ns (Levels of Logic = 2)
  Clock Uncertainty:    0.025ns

  Clock Uncertainty:          0.025ns  ((TSJ^2 + TIJ^2)^1/2 + DJ) / 2 + PE
    Total System Jitter (TSJ):  0.050ns
    Total Input Jitter (TIJ):   0.000ns
    Discrete Jitter (DJ):       0.000ns
    Phase Error (PE):           0.000ns

  Maximum Clock Path at Slow Process Corner: clk_100mhz to u/campaign/records_completed_3
    Location             Delay type         Delay(ns)  Physical Resource
                                                       Logical Resource(s)
    -------------------------------------------------  -------------------
    V10.I                Tiopi                 1.557   clk_100mhz
                                                       clk_100mhz
                                                       clk_100mhz_BUFGP/IBUFG
                                                       ProtoComp132.IMUX
    BUFGMUX_X3Y13.I0     net (fanout=1)        1.050   clk_100mhz_BUFGP/IBUFG
    BUFGMUX_X3Y13.O      Tgi0o                 0.209   clk_100mhz_BUFGP/BUFG
                                                       clk_100mhz_BUFGP/BUFG
    SLICE_X36Y12.CLK     net (fanout=263)      1.134   clk_100mhz_BUFGP
    -------------------------------------------------  ---------------------------
    Total                                      3.950ns (1.766ns logic, 2.184ns route)
                                                       (44.7% logic, 55.3% route)

  Maximum Data Path at Slow Process Corner: u/campaign/records_completed_3 to seg_n<1>
    Location             Delay type         Delay(ns)  Physical Resource
                                                       Logical Resource(s)
    -------------------------------------------------  -------------------
    SLICE_X36Y12.BMUX    Tshcko                0.535   u/records_completed<5>
                                                       u/campaign/records_completed_3
    SLICE_X35Y11.A1      net (fanout=7)        1.188   u/records_completed<3>
    SLICE_X35Y11.AMUX    Tilo                  0.337   u/records_completed[6]_PWR_2_o_mod_0/a[4]_a[6]_MUX_93_o
                                                       u/records_completed[6]_PWR_2_o_mod_0/Mmux_a[5]_a[6]_MUX_92_o11
    SLICE_X35Y11.B1      net (fanout=2)        0.713   u/records_completed[6]_PWR_2_o_mod_0/a[5]_a[6]_MUX_92_o
    SLICE_X35Y11.BMUX    Tilo                  0.337   u/records_completed[6]_PWR_2_o_mod_0/a[4]_a[6]_MUX_93_o
                                                       u/records_completed[6]_PWR_2_o_mod_0/Mmux_a[0]_a[6]_MUX_104_o121
    SLICE_X35Y10.B1      net (fanout=2)        0.745   u/records_completed[6]_PWR_2_o_mod_0/a[2]_a[6]_MUX_102_o
    SLICE_X35Y10.B       Tilo                  0.259   u/ones<2>
                                                       u/records_completed[6]_PWR_2_o_mod_0/Mmux_o21
    SLICE_X35Y9.B2       net (fanout=1)        0.727   u/ones<1>
    SLICE_X35Y9.B        Tilo                  0.259   u/digit<1>
                                                       u/Mmux_digit<1>11
    SLICE_X37Y8.A5       net (fanout=4)        0.479   u/digit<1>
    SLICE_X37Y8.AMUX     Tilo                  0.337   seg_n_6_OBUF
                                                       u/Mram_seg_n111
    T18.O                net (fanout=1)        2.064   seg_n_1_OBUF
    T18.PAD              Tioop                 2.982   seg_n<1>
                                                       seg_n_1_OBUF
                                                       seg_n<1>
    -------------------------------------------------  ---------------------------
    Total                                     10.962ns (5.046ns logic, 5.916ns route)
                                                       (46.0% logic, 54.0% route)

--------------------------------------------------------------------------------
Offset:                 14.934ns (clock path + data path + uncertainty)
  Source:               u/campaign/records_completed_3 (FF)
  Destination:          seg_n<1> (PAD)
  Source Clock:         clk_100mhz_BUFGP rising at 0.000ns
  Data Path Delay:      10.959ns (Levels of Logic = 6)
  Clock Path Delay:     3.950ns (Levels of Logic = 2)
  Clock Uncertainty:    0.025ns

  Clock Uncertainty:          0.025ns  ((TSJ^2 + TIJ^2)^1/2 + DJ) / 2 + PE
    Total System Jitter (TSJ):  0.050ns
    Total Input Jitter (TIJ):   0.000ns
    Discrete Jitter (DJ):       0.000ns
    Phase Error (PE):           0.000ns

  Maximum Clock Path at Slow Process Corner: clk_100mhz to u/campaign/records_completed_3
    Location             Delay type         Delay(ns)  Physical Resource
                                                       Logical Resource(s)
    -------------------------------------------------  -------------------
    V10.I                Tiopi                 1.557   clk_100mhz
                                                       clk_100mhz
                                                       clk_100mhz_BUFGP/IBUFG
                                                       ProtoComp132.IMUX
    BUFGMUX_X3Y13.I0     net (fanout=1)        1.050   clk_100mhz_BUFGP/IBUFG
    BUFGMUX_X3Y13.O      Tgi0o                 0.209   clk_100mhz_BUFGP/BUFG
                                                       clk_100mhz_BUFGP/BUFG
    SLICE_X36Y12.CLK     net (fanout=263)      1.134   clk_100mhz_BUFGP
    -------------------------------------------------  ---------------------------
    Total                                      3.950ns (1.766ns logic, 2.184ns route)
                                                       (44.7% logic, 55.3% route)

  Maximum Data Path at Slow Process Corner: u/campaign/records_completed_3 to seg_n<1>
    Location             Delay type         Delay(ns)  Physical Resource
                                                       Logical Resource(s)
    -------------------------------------------------  -------------------
    SLICE_X36Y12.BMUX    Tshcko                0.535   u/records_completed<5>
                                                       u/campaign/records_completed_3
    SLICE_X35Y11.A1      net (fanout=7)        1.188   u/records_completed<3>
    SLICE_X35Y11.AMUX    Tilo                  0.337   u/records_completed[6]_PWR_2_o_mod_0/a[4]_a[6]_MUX_93_o
                                                       u/records_completed[6]_PWR_2_o_mod_0/Mmux_a[5]_a[6]_MUX_92_o11
    SLICE_X35Y11.B1      net (fanout=2)        0.713   u/records_completed[6]_PWR_2_o_mod_0/a[5]_a[6]_MUX_92_o
    SLICE_X35Y11.BMUX    Tilo                  0.337   u/records_completed[6]_PWR_2_o_mod_0/a[4]_a[6]_MUX_93_o
                                                       u/records_completed[6]_PWR_2_o_mod_0/Mmux_a[0]_a[6]_MUX_104_o121
    SLICE_X35Y10.D3      net (fanout=2)        0.586   u/records_completed[6]_PWR_2_o_mod_0/a[2]_a[6]_MUX_102_o
    SLICE_X35Y10.D       Tilo                  0.259   u/ones<2>
                                                       u/records_completed[6]_PWR_2_o_mod_0/Mmux_o31
    SLICE_X35Y9.A5       net (fanout=1)        0.414   u/ones<2>
    SLICE_X35Y9.A        Tilo                  0.259   u/digit<1>
                                                       u/Mmux_digit<2>11
    SLICE_X37Y8.A1       net (fanout=4)        0.948   u/digit<2>
    SLICE_X37Y8.AMUX     Tilo                  0.337   seg_n_6_OBUF
                                                       u/Mram_seg_n111
    T18.O                net (fanout=1)        2.064   seg_n_1_OBUF
    T18.PAD              Tioop                 2.982   seg_n<1>
                                                       seg_n_1_OBUF
                                                       seg_n<1>
    -------------------------------------------------  ---------------------------
    Total                                     10.959ns (5.046ns logic, 5.913ns route)
                                                       (46.0% logic, 54.0% route)

--------------------------------------------------------------------------------
Offset:                 14.904ns (clock path + data path + uncertainty)
  Source:               u/campaign/records_completed_3 (FF)
  Destination:          seg_n<1> (PAD)
  Source Clock:         clk_100mhz_BUFGP rising at 0.000ns
  Data Path Delay:      10.929ns (Levels of Logic = 6)
  Clock Path Delay:     3.950ns (Levels of Logic = 2)
  Clock Uncertainty:    0.025ns

  Clock Uncertainty:          0.025ns  ((TSJ^2 + TIJ^2)^1/2 + DJ) / 2 + PE
    Total System Jitter (TSJ):  0.050ns
    Total Input Jitter (TIJ):   0.000ns
    Discrete Jitter (DJ):       0.000ns
    Phase Error (PE):           0.000ns

  Maximum Clock Path at Slow Process Corner: clk_100mhz to u/campaign/records_completed_3
    Location             Delay type         Delay(ns)  Physical Resource
                                                       Logical Resource(s)
    -------------------------------------------------  -------------------
    V10.I                Tiopi                 1.557   clk_100mhz
                                                       clk_100mhz
                                                       clk_100mhz_BUFGP/IBUFG
                                                       ProtoComp132.IMUX
    BUFGMUX_X3Y13.I0     net (fanout=1)        1.050   clk_100mhz_BUFGP/IBUFG
    BUFGMUX_X3Y13.O      Tgi0o                 0.209   clk_100mhz_BUFGP/BUFG
                                                       clk_100mhz_BUFGP/BUFG
    SLICE_X36Y12.CLK     net (fanout=263)      1.134   clk_100mhz_BUFGP
    -------------------------------------------------  ---------------------------
    Total                                      3.950ns (1.766ns logic, 2.184ns route)
                                                       (44.7% logic, 55.3% route)

  Maximum Data Path at Slow Process Corner: u/campaign/records_completed_3 to seg_n<1>
    Location             Delay type         Delay(ns)  Physical Resource
                                                       Logical Resource(s)
    -------------------------------------------------  -------------------
    SLICE_X36Y12.BMUX    Tshcko                0.535   u/records_completed<5>
                                                       u/campaign/records_completed_3
    SLICE_X35Y11.A1      net (fanout=7)        1.188   u/records_completed<3>
    SLICE_X35Y11.AMUX    Tilo                  0.337   u/records_completed[6]_PWR_2_o_mod_0/a[4]_a[6]_MUX_93_o
                                                       u/records_completed[6]_PWR_2_o_mod_0/Mmux_a[5]_a[6]_MUX_92_o11
    SLICE_X35Y11.B1      net (fanout=2)        0.713   u/records_completed[6]_PWR_2_o_mod_0/a[5]_a[6]_MUX_92_o
    SLICE_X35Y11.BMUX    Tilo                  0.337   u/records_completed[6]_PWR_2_o_mod_0/a[4]_a[6]_MUX_93_o
                                                       u/records_completed[6]_PWR_2_o_mod_0/Mmux_a[0]_a[6]_MUX_104_o121
    SLICE_X35Y10.B1      net (fanout=2)        0.745   u/records_completed[6]_PWR_2_o_mod_0/a[2]_a[6]_MUX_102_o
    SLICE_X35Y10.BMUX    Tilo                  0.337   u/ones<2>
                                                       u/records_completed[6]_PWR_2_o_mod_0/Mmux_o41
    SLICE_X37Y9.A3       net (fanout=1)        0.594   u/ones<3>
    SLICE_X37Y9.A        Tilo                  0.259   seg_n_5_OBUF
                                                       u/Mmux_digit<3>11
    SLICE_X37Y8.A4       net (fanout=4)        0.501   u/digit<3>
    SLICE_X37Y8.AMUX     Tilo                  0.337   seg_n_6_OBUF
                                                       u/Mram_seg_n111
    T18.O                net (fanout=1)        2.064   seg_n_1_OBUF
    T18.PAD              Tioop                 2.982   seg_n<1>
                                                       seg_n_1_OBUF
                                                       seg_n<1>
    -------------------------------------------------  ---------------------------
    Total                                     10.929ns (5.124ns logic, 5.805ns route)
                                                       (46.9% logic, 53.1% route)

--------------------------------------------------------------------------------
Offset:                 14.892ns (clock path + data path + uncertainty)
  Source:               u/campaign/records_completed_6 (FF)
  Destination:          seg_n<1> (PAD)
  Source Clock:         clk_100mhz_BUFGP rising at 0.000ns
  Data Path Delay:      10.917ns (Levels of Logic = 6)
  Clock Path Delay:     3.950ns (Levels of Logic = 2)
  Clock Uncertainty:    0.025ns

  Clock Uncertainty:          0.025ns  ((TSJ^2 + TIJ^2)^1/2 + DJ) / 2 + PE
    Total System Jitter (TSJ):  0.050ns
    Total Input Jitter (TIJ):   0.000ns
    Discrete Jitter (DJ):       0.000ns
    Phase Error (PE):           0.000ns

  Maximum Clock Path at Slow Process Corner: clk_100mhz to u/campaign/records_completed_6
    Location             Delay type         Delay(ns)  Physical Resource
                                                       Logical Resource(s)
    -------------------------------------------------  -------------------
    V10.I                Tiopi                 1.557   clk_100mhz
                                                       clk_100mhz
                                                       clk_100mhz_BUFGP/IBUFG
                                                       ProtoComp132.IMUX
    BUFGMUX_X3Y13.I0     net (fanout=1)        1.050   clk_100mhz_BUFGP/IBUFG
    BUFGMUX_X3Y13.O      Tgi0o                 0.209   clk_100mhz_BUFGP/BUFG
                                                       clk_100mhz_BUFGP/BUFG
    SLICE_X37Y12.CLK     net (fanout=263)      1.134   clk_100mhz_BUFGP
    -------------------------------------------------  ---------------------------
    Total                                      3.950ns (1.766ns logic, 2.184ns route)
                                                       (44.7% logic, 55.3% route)

  Maximum Data Path at Slow Process Corner: u/campaign/records_completed_6 to seg_n<1>
    Location             Delay type         Delay(ns)  Physical Resource
                                                       Logical Resource(s)
    -------------------------------------------------  -------------------
    SLICE_X37Y12.AQ      Tcko                  0.430   u/ones<0>
                                                       u/campaign/records_completed_6
    SLICE_X35Y11.A2      net (fanout=6)        1.020   u/records_completed<6>
    SLICE_X35Y11.A       Tilo                  0.259   u/records_completed[6]_PWR_2_o_mod_0/a[4]_a[6]_MUX_93_o
                                                       u/records_completed[6]_PWR_2_o_mod_0/Mmux_a[0]_a[6]_MUX_97_o131
    SLICE_X35Y11.B3      net (fanout=2)        0.968   u/records_completed[6]_PWR_2_o_mod_0/a[3]_a[6]_MUX_94_o
    SLICE_X35Y11.B       Tilo                  0.259   u/records_completed[6]_PWR_2_o_mod_0/a[4]_a[6]_MUX_93_o
                                                       u/records_completed[6]_PWR_2_o_mod_0/Mmux_a[0]_a[6]_MUX_104_o131
    SLICE_X35Y10.D2      net (fanout=2)        0.718   u/records_completed[6]_PWR_2_o_mod_0/a[3]_a[6]_MUX_101_o
    SLICE_X35Y10.D       Tilo                  0.259   u/ones<2>
                                                       u/records_completed[6]_PWR_2_o_mod_0/Mmux_o31
    SLICE_X35Y9.A5       net (fanout=1)        0.414   u/ones<2>
    SLICE_X35Y9.A        Tilo                  0.259   u/digit<1>
                                                       u/Mmux_digit<2>11
    SLICE_X37Y8.A1       net (fanout=4)        0.948   u/digit<2>
    SLICE_X37Y8.AMUX     Tilo                  0.337   seg_n_6_OBUF
                                                       u/Mram_seg_n111
    T18.O                net (fanout=1)        2.064   seg_n_1_OBUF
    T18.PAD              Tioop                 2.982   seg_n<1>
                                                       seg_n_1_OBUF
                                                       seg_n<1>
    -------------------------------------------------  ---------------------------
    Total                                     10.917ns (4.785ns logic, 6.132ns route)
                                                       (43.8% logic, 56.2% route)

--------------------------------------------------------------------------------
Offset:                 14.841ns (clock path + data path + uncertainty)
  Source:               u/campaign/records_completed_6 (FF)
  Destination:          seg_n<1> (PAD)
  Source Clock:         clk_100mhz_BUFGP rising at 0.000ns
  Data Path Delay:      10.866ns (Levels of Logic = 6)
  Clock Path Delay:     3.950ns (Levels of Logic = 2)
  Clock Uncertainty:    0.025ns

  Clock Uncertainty:          0.025ns  ((TSJ^2 + TIJ^2)^1/2 + DJ) / 2 + PE
    Total System Jitter (TSJ):  0.050ns
    Total Input Jitter (TIJ):   0.000ns
    Discrete Jitter (DJ):       0.000ns
    Phase Error (PE):           0.000ns

  Maximum Clock Path at Slow Process Corner: clk_100mhz to u/campaign/records_completed_6
    Location             Delay type         Delay(ns)  Physical Resource
                                                       Logical Resource(s)
    -------------------------------------------------  -------------------
    V10.I                Tiopi                 1.557   clk_100mhz
                                                       clk_100mhz
                                                       clk_100mhz_BUFGP/IBUFG
                                                       ProtoComp132.IMUX
    BUFGMUX_X3Y13.I0     net (fanout=1)        1.050   clk_100mhz_BUFGP/IBUFG
    BUFGMUX_X3Y13.O      Tgi0o                 0.209   clk_100mhz_BUFGP/BUFG
                                                       clk_100mhz_BUFGP/BUFG
    SLICE_X37Y12.CLK     net (fanout=263)      1.134   clk_100mhz_BUFGP
    -------------------------------------------------  ---------------------------
    Total                                      3.950ns (1.766ns logic, 2.184ns route)
                                                       (44.7% logic, 55.3% route)

  Maximum Data Path at Slow Process Corner: u/campaign/records_completed_6 to seg_n<1>
    Location             Delay type         Delay(ns)  Physical Resource
                                                       Logical Resource(s)
    -------------------------------------------------  -------------------
    SLICE_X37Y12.AQ      Tcko                  0.430   u/ones<0>
                                                       u/campaign/records_completed_6
    SLICE_X35Y11.A2      net (fanout=6)        1.020   u/records_completed<6>
    SLICE_X35Y11.A       Tilo                  0.259   u/records_completed[6]_PWR_2_o_mod_0/a[4]_a[6]_MUX_93_o
                                                       u/records_completed[6]_PWR_2_o_mod_0/Mmux_a[0]_a[6]_MUX_97_o131
    SLICE_X35Y11.B3      net (fanout=2)        0.968   u/records_completed[6]_PWR_2_o_mod_0/a[3]_a[6]_MUX_94_o
    SLICE_X35Y11.BMUX    Tilo                  0.337   u/records_completed[6]_PWR_2_o_mod_0/a[4]_a[6]_MUX_93_o
                                                       u/records_completed[6]_PWR_2_o_mod_0/Mmux_a[0]_a[6]_MUX_104_o121
    SLICE_X35Y10.B1      net (fanout=2)        0.745   u/records_completed[6]_PWR_2_o_mod_0/a[2]_a[6]_MUX_102_o
    SLICE_X35Y10.B       Tilo                  0.259   u/ones<2>
                                                       u/records_completed[6]_PWR_2_o_mod_0/Mmux_o21
    SLICE_X35Y9.B2       net (fanout=1)        0.727   u/ones<1>
    SLICE_X35Y9.B        Tilo                  0.259   u/digit<1>
                                                       u/Mmux_digit<1>11
    SLICE_X37Y8.A5       net (fanout=4)        0.479   u/digit<1>
    SLICE_X37Y8.AMUX     Tilo                  0.337   seg_n_6_OBUF
                                                       u/Mram_seg_n111
    T18.O                net (fanout=1)        2.064   seg_n_1_OBUF
    T18.PAD              Tioop                 2.982   seg_n<1>
                                                       seg_n_1_OBUF
                                                       seg_n<1>
    -------------------------------------------------  ---------------------------
    Total                                     10.866ns (4.863ns logic, 6.003ns route)
                                                       (44.8% logic, 55.2% route)

--------------------------------------------------------------------------------

Paths for end point seg_n<0> (T17.PAD), 171 paths
--------------------------------------------------------------------------------
Offset:                 15.120ns (clock path + data path + uncertainty)
  Source:               u/campaign/records_completed_3 (FF)
  Destination:          seg_n<0> (PAD)
  Source Clock:         clk_100mhz_BUFGP rising at 0.000ns
  Data Path Delay:      11.145ns (Levels of Logic = 6)
  Clock Path Delay:     3.950ns (Levels of Logic = 2)
  Clock Uncertainty:    0.025ns

  Clock Uncertainty:          0.025ns  ((TSJ^2 + TIJ^2)^1/2 + DJ) / 2 + PE
    Total System Jitter (TSJ):  0.050ns
    Total Input Jitter (TIJ):   0.000ns
    Discrete Jitter (DJ):       0.000ns
    Phase Error (PE):           0.000ns

  Maximum Clock Path at Slow Process Corner: clk_100mhz to u/campaign/records_completed_3
    Location             Delay type         Delay(ns)  Physical Resource
                                                       Logical Resource(s)
    -------------------------------------------------  -------------------
    V10.I                Tiopi                 1.557   clk_100mhz
                                                       clk_100mhz
                                                       clk_100mhz_BUFGP/IBUFG
                                                       ProtoComp132.IMUX
    BUFGMUX_X3Y13.I0     net (fanout=1)        1.050   clk_100mhz_BUFGP/IBUFG
    BUFGMUX_X3Y13.O      Tgi0o                 0.209   clk_100mhz_BUFGP/BUFG
                                                       clk_100mhz_BUFGP/BUFG
    SLICE_X36Y12.CLK     net (fanout=263)      1.134   clk_100mhz_BUFGP
    -------------------------------------------------  ---------------------------
    Total                                      3.950ns (1.766ns logic, 2.184ns route)
                                                       (44.7% logic, 55.3% route)

  Maximum Data Path at Slow Process Corner: u/campaign/records_completed_3 to seg_n<0>
    Location             Delay type         Delay(ns)  Physical Resource
                                                       Logical Resource(s)
    -------------------------------------------------  -------------------
    SLICE_X36Y12.BMUX    Tshcko                0.535   u/records_completed<5>
                                                       u/campaign/records_completed_3
    SLICE_X35Y11.A1      net (fanout=7)        1.188   u/records_completed<3>
    SLICE_X35Y11.A       Tilo                  0.259   u/records_completed[6]_PWR_2_o_mod_0/a[4]_a[6]_MUX_93_o
                                                       u/records_completed[6]_PWR_2_o_mod_0/Mmux_a[0]_a[6]_MUX_97_o131
    SLICE_X35Y11.B3      net (fanout=2)        0.968   u/records_completed[6]_PWR_2_o_mod_0/a[3]_a[6]_MUX_94_o
    SLICE_X35Y11.B       Tilo                  0.259   u/records_completed[6]_PWR_2_o_mod_0/a[4]_a[6]_MUX_93_o
                                                       u/records_completed[6]_PWR_2_o_mod_0/Mmux_a[0]_a[6]_MUX_104_o131
    SLICE_X35Y10.D2      net (fanout=2)        0.718   u/records_completed[6]_PWR_2_o_mod_0/a[3]_a[6]_MUX_101_o
    SLICE_X35Y10.D       Tilo                  0.259   u/ones<2>
                                                       u/records_completed[6]_PWR_2_o_mod_0/Mmux_o31
    SLICE_X35Y9.A5       net (fanout=1)        0.414   u/ones<2>
    SLICE_X35Y9.A        Tilo                  0.259   u/digit<1>
                                                       u/Mmux_digit<2>11
    SLICE_X37Y8.A1       net (fanout=4)        0.948   u/digit<2>
    SLICE_X37Y8.A        Tilo                  0.259   seg_n_6_OBUF
                                                       u/Mram_seg_n12
    T17.O                net (fanout=1)        2.097   seg_n_0_OBUF
    T17.PAD              Tioop                 2.982   seg_n<0>
                                                       seg_n_0_OBUF
                                                       seg_n<0>
    -------------------------------------------------  ---------------------------
    Total                                     11.145ns (4.812ns logic, 6.333ns route)
                                                       (43.2% logic, 56.8% route)

--------------------------------------------------------------------------------
Offset:                 15.069ns (clock path + data path + uncertainty)
  Source:               u/campaign/records_completed_3 (FF)
  Destination:          seg_n<0> (PAD)
  Source Clock:         clk_100mhz_BUFGP rising at 0.000ns
  Data Path Delay:      11.094ns (Levels of Logic = 6)
  Clock Path Delay:     3.950ns (Levels of Logic = 2)
  Clock Uncertainty:    0.025ns

  Clock Uncertainty:          0.025ns  ((TSJ^2 + TIJ^2)^1/2 + DJ) / 2 + PE
    Total System Jitter (TSJ):  0.050ns
    Total Input Jitter (TIJ):   0.000ns
    Discrete Jitter (DJ):       0.000ns
    Phase Error (PE):           0.000ns

  Maximum Clock Path at Slow Process Corner: clk_100mhz to u/campaign/records_completed_3
    Location             Delay type         Delay(ns)  Physical Resource
                                                       Logical Resource(s)
    -------------------------------------------------  -------------------
    V10.I                Tiopi                 1.557   clk_100mhz
                                                       clk_100mhz
                                                       clk_100mhz_BUFGP/IBUFG
                                                       ProtoComp132.IMUX
    BUFGMUX_X3Y13.I0     net (fanout=1)        1.050   clk_100mhz_BUFGP/IBUFG
    BUFGMUX_X3Y13.O      Tgi0o                 0.209   clk_100mhz_BUFGP/BUFG
                                                       clk_100mhz_BUFGP/BUFG
    SLICE_X36Y12.CLK     net (fanout=263)      1.134   clk_100mhz_BUFGP
    -------------------------------------------------  ---------------------------
    Total                                      3.950ns (1.766ns logic, 2.184ns route)
                                                       (44.7% logic, 55.3% route)

  Maximum Data Path at Slow Process Corner: u/campaign/records_completed_3 to seg_n<0>
    Location             Delay type         Delay(ns)  Physical Resource
                                                       Logical Resource(s)
    -------------------------------------------------  -------------------
    SLICE_X36Y12.BMUX    Tshcko                0.535   u/records_completed<5>
                                                       u/campaign/records_completed_3
    SLICE_X35Y11.A1      net (fanout=7)        1.188   u/records_completed<3>
    SLICE_X35Y11.A       Tilo                  0.259   u/records_completed[6]_PWR_2_o_mod_0/a[4]_a[6]_MUX_93_o
                                                       u/records_completed[6]_PWR_2_o_mod_0/Mmux_a[0]_a[6]_MUX_97_o131
    SLICE_X35Y11.B3      net (fanout=2)        0.968   u/records_completed[6]_PWR_2_o_mod_0/a[3]_a[6]_MUX_94_o
    SLICE_X35Y11.BMUX    Tilo                  0.337   u/records_completed[6]_PWR_2_o_mod_0/a[4]_a[6]_MUX_93_o
                                                       u/records_completed[6]_PWR_2_o_mod_0/Mmux_a[0]_a[6]_MUX_104_o121
    SLICE_X35Y10.B1      net (fanout=2)        0.745   u/records_completed[6]_PWR_2_o_mod_0/a[2]_a[6]_MUX_102_o
    SLICE_X35Y10.B       Tilo                  0.259   u/ones<2>
                                                       u/records_completed[6]_PWR_2_o_mod_0/Mmux_o21
    SLICE_X35Y9.B2       net (fanout=1)        0.727   u/ones<1>
    SLICE_X35Y9.B        Tilo                  0.259   u/digit<1>
                                                       u/Mmux_digit<1>11
    SLICE_X37Y8.A5       net (fanout=4)        0.479   u/digit<1>
    SLICE_X37Y8.A        Tilo                  0.259   seg_n_6_OBUF
                                                       u/Mram_seg_n12
    T17.O                net (fanout=1)        2.097   seg_n_0_OBUF
    T17.PAD              Tioop                 2.982   seg_n<0>
                                                       seg_n_0_OBUF
                                                       seg_n<0>
    -------------------------------------------------  ---------------------------
    Total                                     11.094ns (4.890ns logic, 6.204ns route)
                                                       (44.1% logic, 55.9% route)

--------------------------------------------------------------------------------
Offset:                 15.066ns (clock path + data path + uncertainty)
  Source:               u/campaign/records_completed_3 (FF)
  Destination:          seg_n<0> (PAD)
  Source Clock:         clk_100mhz_BUFGP rising at 0.000ns
  Data Path Delay:      11.091ns (Levels of Logic = 6)
  Clock Path Delay:     3.950ns (Levels of Logic = 2)
  Clock Uncertainty:    0.025ns

  Clock Uncertainty:          0.025ns  ((TSJ^2 + TIJ^2)^1/2 + DJ) / 2 + PE
    Total System Jitter (TSJ):  0.050ns
    Total Input Jitter (TIJ):   0.000ns
    Discrete Jitter (DJ):       0.000ns
    Phase Error (PE):           0.000ns

  Maximum Clock Path at Slow Process Corner: clk_100mhz to u/campaign/records_completed_3
    Location             Delay type         Delay(ns)  Physical Resource
                                                       Logical Resource(s)
    -------------------------------------------------  -------------------
    V10.I                Tiopi                 1.557   clk_100mhz
                                                       clk_100mhz
                                                       clk_100mhz_BUFGP/IBUFG
                                                       ProtoComp132.IMUX
    BUFGMUX_X3Y13.I0     net (fanout=1)        1.050   clk_100mhz_BUFGP/IBUFG
    BUFGMUX_X3Y13.O      Tgi0o                 0.209   clk_100mhz_BUFGP/BUFG
                                                       clk_100mhz_BUFGP/BUFG
    SLICE_X36Y12.CLK     net (fanout=263)      1.134   clk_100mhz_BUFGP
    -------------------------------------------------  ---------------------------
    Total                                      3.950ns (1.766ns logic, 2.184ns route)
                                                       (44.7% logic, 55.3% route)

  Maximum Data Path at Slow Process Corner: u/campaign/records_completed_3 to seg_n<0>
    Location             Delay type         Delay(ns)  Physical Resource
                                                       Logical Resource(s)
    -------------------------------------------------  -------------------
    SLICE_X36Y12.BMUX    Tshcko                0.535   u/records_completed<5>
                                                       u/campaign/records_completed_3
    SLICE_X35Y11.A1      net (fanout=7)        1.188   u/records_completed<3>
    SLICE_X35Y11.A       Tilo                  0.259   u/records_completed[6]_PWR_2_o_mod_0/a[4]_a[6]_MUX_93_o
                                                       u/records_completed[6]_PWR_2_o_mod_0/Mmux_a[0]_a[6]_MUX_97_o131
    SLICE_X35Y11.B3      net (fanout=2)        0.968   u/records_completed[6]_PWR_2_o_mod_0/a[3]_a[6]_MUX_94_o
    SLICE_X35Y11.BMUX    Tilo                  0.337   u/records_completed[6]_PWR_2_o_mod_0/a[4]_a[6]_MUX_93_o
                                                       u/records_completed[6]_PWR_2_o_mod_0/Mmux_a[0]_a[6]_MUX_104_o121
    SLICE_X35Y10.D3      net (fanout=2)        0.586   u/records_completed[6]_PWR_2_o_mod_0/a[2]_a[6]_MUX_102_o
    SLICE_X35Y10.D       Tilo                  0.259   u/ones<2>
                                                       u/records_completed[6]_PWR_2_o_mod_0/Mmux_o31
    SLICE_X35Y9.A5       net (fanout=1)        0.414   u/ones<2>
    SLICE_X35Y9.A        Tilo                  0.259   u/digit<1>
                                                       u/Mmux_digit<2>11
    SLICE_X37Y8.A1       net (fanout=4)        0.948   u/digit<2>
    SLICE_X37Y8.A        Tilo                  0.259   seg_n_6_OBUF
                                                       u/Mram_seg_n12
    T17.O                net (fanout=1)        2.097   seg_n_0_OBUF
    T17.PAD              Tioop                 2.982   seg_n<0>
                                                       seg_n_0_OBUF
                                                       seg_n<0>
    -------------------------------------------------  ---------------------------
    Total                                     11.091ns (4.890ns logic, 6.201ns route)
                                                       (44.1% logic, 55.9% route)

--------------------------------------------------------------------------------
Offset:                 15.036ns (clock path + data path + uncertainty)
  Source:               u/campaign/records_completed_3 (FF)
  Destination:          seg_n<0> (PAD)
  Source Clock:         clk_100mhz_BUFGP rising at 0.000ns
  Data Path Delay:      11.061ns (Levels of Logic = 6)
  Clock Path Delay:     3.950ns (Levels of Logic = 2)
  Clock Uncertainty:    0.025ns

  Clock Uncertainty:          0.025ns  ((TSJ^2 + TIJ^2)^1/2 + DJ) / 2 + PE
    Total System Jitter (TSJ):  0.050ns
    Total Input Jitter (TIJ):   0.000ns
    Discrete Jitter (DJ):       0.000ns
    Phase Error (PE):           0.000ns

  Maximum Clock Path at Slow Process Corner: clk_100mhz to u/campaign/records_completed_3
    Location             Delay type         Delay(ns)  Physical Resource
                                                       Logical Resource(s)
    -------------------------------------------------  -------------------
    V10.I                Tiopi                 1.557   clk_100mhz
                                                       clk_100mhz
                                                       clk_100mhz_BUFGP/IBUFG
                                                       ProtoComp132.IMUX
    BUFGMUX_X3Y13.I0     net (fanout=1)        1.050   clk_100mhz_BUFGP/IBUFG
    BUFGMUX_X3Y13.O      Tgi0o                 0.209   clk_100mhz_BUFGP/BUFG
                                                       clk_100mhz_BUFGP/BUFG
    SLICE_X36Y12.CLK     net (fanout=263)      1.134   clk_100mhz_BUFGP
    -------------------------------------------------  ---------------------------
    Total                                      3.950ns (1.766ns logic, 2.184ns route)
                                                       (44.7% logic, 55.3% route)

  Maximum Data Path at Slow Process Corner: u/campaign/records_completed_3 to seg_n<0>
    Location             Delay type         Delay(ns)  Physical Resource
                                                       Logical Resource(s)
    -------------------------------------------------  -------------------
    SLICE_X36Y12.BMUX    Tshcko                0.535   u/records_completed<5>
                                                       u/campaign/records_completed_3
    SLICE_X35Y11.A1      net (fanout=7)        1.188   u/records_completed<3>
    SLICE_X35Y11.A       Tilo                  0.259   u/records_completed[6]_PWR_2_o_mod_0/a[4]_a[6]_MUX_93_o
                                                       u/records_completed[6]_PWR_2_o_mod_0/Mmux_a[0]_a[6]_MUX_97_o131
    SLICE_X35Y11.B3      net (fanout=2)        0.968   u/records_completed[6]_PWR_2_o_mod_0/a[3]_a[6]_MUX_94_o
    SLICE_X35Y11.BMUX    Tilo                  0.337   u/records_completed[6]_PWR_2_o_mod_0/a[4]_a[6]_MUX_93_o
                                                       u/records_completed[6]_PWR_2_o_mod_0/Mmux_a[0]_a[6]_MUX_104_o121
    SLICE_X35Y10.B1      net (fanout=2)        0.745   u/records_completed[6]_PWR_2_o_mod_0/a[2]_a[6]_MUX_102_o
    SLICE_X35Y10.BMUX    Tilo                  0.337   u/ones<2>
                                                       u/records_completed[6]_PWR_2_o_mod_0/Mmux_o41
    SLICE_X37Y9.A3       net (fanout=1)        0.594   u/ones<3>
    SLICE_X37Y9.A        Tilo                  0.259   seg_n_5_OBUF
                                                       u/Mmux_digit<3>11
    SLICE_X37Y8.A4       net (fanout=4)        0.501   u/digit<3>
    SLICE_X37Y8.A        Tilo                  0.259   seg_n_6_OBUF
                                                       u/Mram_seg_n12
    T17.O                net (fanout=1)        2.097   seg_n_0_OBUF
    T17.PAD              Tioop                 2.982   seg_n<0>
                                                       seg_n_0_OBUF
                                                       seg_n<0>
    -------------------------------------------------  ---------------------------
    Total                                     11.061ns (4.968ns logic, 6.093ns route)
                                                       (44.9% logic, 55.1% route)

--------------------------------------------------------------------------------
Offset:                 14.943ns (clock path + data path + uncertainty)
  Source:               u/campaign/records_completed_3 (FF)
  Destination:          seg_n<0> (PAD)
  Source Clock:         clk_100mhz_BUFGP rising at 0.000ns
  Data Path Delay:      10.968ns (Levels of Logic = 6)
  Clock Path Delay:     3.950ns (Levels of Logic = 2)
  Clock Uncertainty:    0.025ns

  Clock Uncertainty:          0.025ns  ((TSJ^2 + TIJ^2)^1/2 + DJ) / 2 + PE
    Total System Jitter (TSJ):  0.050ns
    Total Input Jitter (TIJ):   0.000ns
    Discrete Jitter (DJ):       0.000ns
    Phase Error (PE):           0.000ns

  Maximum Clock Path at Slow Process Corner: clk_100mhz to u/campaign/records_completed_3
    Location             Delay type         Delay(ns)  Physical Resource
                                                       Logical Resource(s)
    -------------------------------------------------  -------------------
    V10.I                Tiopi                 1.557   clk_100mhz
                                                       clk_100mhz
                                                       clk_100mhz_BUFGP/IBUFG
                                                       ProtoComp132.IMUX
    BUFGMUX_X3Y13.I0     net (fanout=1)        1.050   clk_100mhz_BUFGP/IBUFG
    BUFGMUX_X3Y13.O      Tgi0o                 0.209   clk_100mhz_BUFGP/BUFG
                                                       clk_100mhz_BUFGP/BUFG
    SLICE_X36Y12.CLK     net (fanout=263)      1.134   clk_100mhz_BUFGP
    -------------------------------------------------  ---------------------------
    Total                                      3.950ns (1.766ns logic, 2.184ns route)
                                                       (44.7% logic, 55.3% route)

  Maximum Data Path at Slow Process Corner: u/campaign/records_completed_3 to seg_n<0>
    Location             Delay type         Delay(ns)  Physical Resource
                                                       Logical Resource(s)
    -------------------------------------------------  -------------------
    SLICE_X36Y12.BMUX    Tshcko                0.535   u/records_completed<5>
                                                       u/campaign/records_completed_3
    SLICE_X35Y11.A1      net (fanout=7)        1.188   u/records_completed<3>
    SLICE_X35Y11.AMUX    Tilo                  0.337   u/records_completed[6]_PWR_2_o_mod_0/a[4]_a[6]_MUX_93_o
                                                       u/records_completed[6]_PWR_2_o_mod_0/Mmux_a[5]_a[6]_MUX_92_o11
    SLICE_X35Y11.B1      net (fanout=2)        0.713   u/records_completed[6]_PWR_2_o_mod_0/a[5]_a[6]_MUX_92_o
    SLICE_X35Y11.B       Tilo                  0.259   u/records_completed[6]_PWR_2_o_mod_0/a[4]_a[6]_MUX_93_o
                                                       u/records_completed[6]_PWR_2_o_mod_0/Mmux_a[0]_a[6]_MUX_104_o131
    SLICE_X35Y10.D2      net (fanout=2)        0.718   u/records_completed[6]_PWR_2_o_mod_0/a[3]_a[6]_MUX_101_o
    SLICE_X35Y10.D       Tilo                  0.259   u/ones<2>
                                                       u/records_completed[6]_PWR_2_o_mod_0/Mmux_o31
    SLICE_X35Y9.A5       net (fanout=1)        0.414   u/ones<2>
    SLICE_X35Y9.A        Tilo                  0.259   u/digit<1>
                                                       u/Mmux_digit<2>11
    SLICE_X37Y8.A1       net (fanout=4)        0.948   u/digit<2>
    SLICE_X37Y8.A        Tilo                  0.259   seg_n_6_OBUF
                                                       u/Mram_seg_n12
    T17.O                net (fanout=1)        2.097   seg_n_0_OBUF
    T17.PAD              Tioop                 2.982   seg_n<0>
                                                       seg_n_0_OBUF
                                                       seg_n<0>
    -------------------------------------------------  ---------------------------
    Total                                     10.968ns (4.890ns logic, 6.078ns route)
                                                       (44.6% logic, 55.4% route)

--------------------------------------------------------------------------------
Offset:                 14.892ns (clock path + data path + uncertainty)
  Source:               u/campaign/records_completed_3 (FF)
  Destination:          seg_n<0> (PAD)
  Source Clock:         clk_100mhz_BUFGP rising at 0.000ns
  Data Path Delay:      10.917ns (Levels of Logic = 6)
  Clock Path Delay:     3.950ns (Levels of Logic = 2)
  Clock Uncertainty:    0.025ns

  Clock Uncertainty:          0.025ns  ((TSJ^2 + TIJ^2)^1/2 + DJ) / 2 + PE
    Total System Jitter (TSJ):  0.050ns
    Total Input Jitter (TIJ):   0.000ns
    Discrete Jitter (DJ):       0.000ns
    Phase Error (PE):           0.000ns

  Maximum Clock Path at Slow Process Corner: clk_100mhz to u/campaign/records_completed_3
    Location             Delay type         Delay(ns)  Physical Resource
                                                       Logical Resource(s)
    -------------------------------------------------  -------------------
    V10.I                Tiopi                 1.557   clk_100mhz
                                                       clk_100mhz
                                                       clk_100mhz_BUFGP/IBUFG
                                                       ProtoComp132.IMUX
    BUFGMUX_X3Y13.I0     net (fanout=1)        1.050   clk_100mhz_BUFGP/IBUFG
    BUFGMUX_X3Y13.O      Tgi0o                 0.209   clk_100mhz_BUFGP/BUFG
                                                       clk_100mhz_BUFGP/BUFG
    SLICE_X36Y12.CLK     net (fanout=263)      1.134   clk_100mhz_BUFGP
    -------------------------------------------------  ---------------------------
    Total                                      3.950ns (1.766ns logic, 2.184ns route)
                                                       (44.7% logic, 55.3% route)

  Maximum Data Path at Slow Process Corner: u/campaign/records_completed_3 to seg_n<0>
    Location             Delay type         Delay(ns)  Physical Resource
                                                       Logical Resource(s)
    -------------------------------------------------  -------------------
    SLICE_X36Y12.BMUX    Tshcko                0.535   u/records_completed<5>
                                                       u/campaign/records_completed_3
    SLICE_X35Y11.A1      net (fanout=7)        1.188   u/records_completed<3>
    SLICE_X35Y11.AMUX    Tilo                  0.337   u/records_completed[6]_PWR_2_o_mod_0/a[4]_a[6]_MUX_93_o
                                                       u/records_completed[6]_PWR_2_o_mod_0/Mmux_a[5]_a[6]_MUX_92_o11
    SLICE_X35Y11.B1      net (fanout=2)        0.713   u/records_completed[6]_PWR_2_o_mod_0/a[5]_a[6]_MUX_92_o
    SLICE_X35Y11.BMUX    Tilo                  0.337   u/records_completed[6]_PWR_2_o_mod_0/a[4]_a[6]_MUX_93_o
                                                       u/records_completed[6]_PWR_2_o_mod_0/Mmux_a[0]_a[6]_MUX_104_o121
    SLICE_X35Y10.B1      net (fanout=2)        0.745   u/records_completed[6]_PWR_2_o_mod_0/a[2]_a[6]_MUX_102_o
    SLICE_X35Y10.B       Tilo                  0.259   u/ones<2>
                                                       u/records_completed[6]_PWR_2_o_mod_0/Mmux_o21
    SLICE_X35Y9.B2       net (fanout=1)        0.727   u/ones<1>
    SLICE_X35Y9.B        Tilo                  0.259   u/digit<1>
                                                       u/Mmux_digit<1>11
    SLICE_X37Y8.A5       net (fanout=4)        0.479   u/digit<1>
    SLICE_X37Y8.A        Tilo                  0.259   seg_n_6_OBUF
                                                       u/Mram_seg_n12
    T17.O                net (fanout=1)        2.097   seg_n_0_OBUF
    T17.PAD              Tioop                 2.982   seg_n<0>
                                                       seg_n_0_OBUF
                                                       seg_n<0>
    -------------------------------------------------  ---------------------------
    Total                                     10.917ns (4.968ns logic, 5.949ns route)
                                                       (45.5% logic, 54.5% route)

--------------------------------------------------------------------------------
Offset:                 14.889ns (clock path + data path + uncertainty)
  Source:               u/campaign/records_completed_3 (FF)
  Destination:          seg_n<0> (PAD)
  Source Clock:         clk_100mhz_BUFGP rising at 0.000ns
  Data Path Delay:      10.914ns (Levels of Logic = 6)
  Clock Path Delay:     3.950ns (Levels of Logic = 2)
  Clock Uncertainty:    0.025ns

  Clock Uncertainty:          0.025ns  ((TSJ^2 + TIJ^2)^1/2 + DJ) / 2 + PE
    Total System Jitter (TSJ):  0.050ns
    Total Input Jitter (TIJ):   0.000ns
    Discrete Jitter (DJ):       0.000ns
    Phase Error (PE):           0.000ns

  Maximum Clock Path at Slow Process Corner: clk_100mhz to u/campaign/records_completed_3
    Location             Delay type         Delay(ns)  Physical Resource
                                                       Logical Resource(s)
    -------------------------------------------------  -------------------
    V10.I                Tiopi                 1.557   clk_100mhz
                                                       clk_100mhz
                                                       clk_100mhz_BUFGP/IBUFG
                                                       ProtoComp132.IMUX
    BUFGMUX_X3Y13.I0     net (fanout=1)        1.050   clk_100mhz_BUFGP/IBUFG
    BUFGMUX_X3Y13.O      Tgi0o                 0.209   clk_100mhz_BUFGP/BUFG
                                                       clk_100mhz_BUFGP/BUFG
    SLICE_X36Y12.CLK     net (fanout=263)      1.134   clk_100mhz_BUFGP
    -------------------------------------------------  ---------------------------
    Total                                      3.950ns (1.766ns logic, 2.184ns route)
                                                       (44.7% logic, 55.3% route)

  Maximum Data Path at Slow Process Corner: u/campaign/records_completed_3 to seg_n<0>
    Location             Delay type         Delay(ns)  Physical Resource
                                                       Logical Resource(s)
    -------------------------------------------------  -------------------
    SLICE_X36Y12.BMUX    Tshcko                0.535   u/records_completed<5>
                                                       u/campaign/records_completed_3
    SLICE_X35Y11.A1      net (fanout=7)        1.188   u/records_completed<3>
    SLICE_X35Y11.AMUX    Tilo                  0.337   u/records_completed[6]_PWR_2_o_mod_0/a[4]_a[6]_MUX_93_o
                                                       u/records_completed[6]_PWR_2_o_mod_0/Mmux_a[5]_a[6]_MUX_92_o11
    SLICE_X35Y11.B1      net (fanout=2)        0.713   u/records_completed[6]_PWR_2_o_mod_0/a[5]_a[6]_MUX_92_o
    SLICE_X35Y11.BMUX    Tilo                  0.337   u/records_completed[6]_PWR_2_o_mod_0/a[4]_a[6]_MUX_93_o
                                                       u/records_completed[6]_PWR_2_o_mod_0/Mmux_a[0]_a[6]_MUX_104_o121
    SLICE_X35Y10.D3      net (fanout=2)        0.586   u/records_completed[6]_PWR_2_o_mod_0/a[2]_a[6]_MUX_102_o
    SLICE_X35Y10.D       Tilo                  0.259   u/ones<2>
                                                       u/records_completed[6]_PWR_2_o_mod_0/Mmux_o31
    SLICE_X35Y9.A5       net (fanout=1)        0.414   u/ones<2>
    SLICE_X35Y9.A        Tilo                  0.259   u/digit<1>
                                                       u/Mmux_digit<2>11
    SLICE_X37Y8.A1       net (fanout=4)        0.948   u/digit<2>
    SLICE_X37Y8.A        Tilo                  0.259   seg_n_6_OBUF
                                                       u/Mram_seg_n12
    T17.O                net (fanout=1)        2.097   seg_n_0_OBUF
    T17.PAD              Tioop                 2.982   seg_n<0>
                                                       seg_n_0_OBUF
                                                       seg_n<0>
    -------------------------------------------------  ---------------------------
    Total                                     10.914ns (4.968ns logic, 5.946ns route)
                                                       (45.5% logic, 54.5% route)

--------------------------------------------------------------------------------
Offset:                 14.859ns (clock path + data path + uncertainty)
  Source:               u/campaign/records_completed_3 (FF)
  Destination:          seg_n<0> (PAD)
  Source Clock:         clk_100mhz_BUFGP rising at 0.000ns
  Data Path Delay:      10.884ns (Levels of Logic = 6)
  Clock Path Delay:     3.950ns (Levels of Logic = 2)
  Clock Uncertainty:    0.025ns

  Clock Uncertainty:          0.025ns  ((TSJ^2 + TIJ^2)^1/2 + DJ) / 2 + PE
    Total System Jitter (TSJ):  0.050ns
    Total Input Jitter (TIJ):   0.000ns
    Discrete Jitter (DJ):       0.000ns
    Phase Error (PE):           0.000ns

  Maximum Clock Path at Slow Process Corner: clk_100mhz to u/campaign/records_completed_3
    Location             Delay type         Delay(ns)  Physical Resource
                                                       Logical Resource(s)
    -------------------------------------------------  -------------------
    V10.I                Tiopi                 1.557   clk_100mhz
                                                       clk_100mhz
                                                       clk_100mhz_BUFGP/IBUFG
                                                       ProtoComp132.IMUX
    BUFGMUX_X3Y13.I0     net (fanout=1)        1.050   clk_100mhz_BUFGP/IBUFG
    BUFGMUX_X3Y13.O      Tgi0o                 0.209   clk_100mhz_BUFGP/BUFG
                                                       clk_100mhz_BUFGP/BUFG
    SLICE_X36Y12.CLK     net (fanout=263)      1.134   clk_100mhz_BUFGP
    -------------------------------------------------  ---------------------------
    Total                                      3.950ns (1.766ns logic, 2.184ns route)
                                                       (44.7% logic, 55.3% route)

  Maximum Data Path at Slow Process Corner: u/campaign/records_completed_3 to seg_n<0>
    Location             Delay type         Delay(ns)  Physical Resource
                                                       Logical Resource(s)
    -------------------------------------------------  -------------------
    SLICE_X36Y12.BMUX    Tshcko                0.535   u/records_completed<5>
                                                       u/campaign/records_completed_3
    SLICE_X35Y11.A1      net (fanout=7)        1.188   u/records_completed<3>
    SLICE_X35Y11.AMUX    Tilo                  0.337   u/records_completed[6]_PWR_2_o_mod_0/a[4]_a[6]_MUX_93_o
                                                       u/records_completed[6]_PWR_2_o_mod_0/Mmux_a[5]_a[6]_MUX_92_o11
    SLICE_X35Y11.B1      net (fanout=2)        0.713   u/records_completed[6]_PWR_2_o_mod_0/a[5]_a[6]_MUX_92_o
    SLICE_X35Y11.BMUX    Tilo                  0.337   u/records_completed[6]_PWR_2_o_mod_0/a[4]_a[6]_MUX_93_o
                                                       u/records_completed[6]_PWR_2_o_mod_0/Mmux_a[0]_a[6]_MUX_104_o121
    SLICE_X35Y10.B1      net (fanout=2)        0.745   u/records_completed[6]_PWR_2_o_mod_0/a[2]_a[6]_MUX_102_o
    SLICE_X35Y10.BMUX    Tilo                  0.337   u/ones<2>
                                                       u/records_completed[6]_PWR_2_o_mod_0/Mmux_o41
    SLICE_X37Y9.A3       net (fanout=1)        0.594   u/ones<3>
    SLICE_X37Y9.A        Tilo                  0.259   seg_n_5_OBUF
                                                       u/Mmux_digit<3>11
    SLICE_X37Y8.A4       net (fanout=4)        0.501   u/digit<3>
    SLICE_X37Y8.A        Tilo                  0.259   seg_n_6_OBUF
                                                       u/Mram_seg_n12
    T17.O                net (fanout=1)        2.097   seg_n_0_OBUF
    T17.PAD              Tioop                 2.982   seg_n<0>
                                                       seg_n_0_OBUF
                                                       seg_n<0>
    -------------------------------------------------  ---------------------------
    Total                                     10.884ns (5.046ns logic, 5.838ns route)
                                                       (46.4% logic, 53.6% route)

--------------------------------------------------------------------------------
Offset:                 14.847ns (clock path + data path + uncertainty)
  Source:               u/campaign/records_completed_6 (FF)
  Destination:          seg_n<0> (PAD)
  Source Clock:         clk_100mhz_BUFGP rising at 0.000ns
  Data Path Delay:      10.872ns (Levels of Logic = 6)
  Clock Path Delay:     3.950ns (Levels of Logic = 2)
  Clock Uncertainty:    0.025ns

  Clock Uncertainty:          0.025ns  ((TSJ^2 + TIJ^2)^1/2 + DJ) / 2 + PE
    Total System Jitter (TSJ):  0.050ns
    Total Input Jitter (TIJ):   0.000ns
    Discrete Jitter (DJ):       0.000ns
    Phase Error (PE):           0.000ns

  Maximum Clock Path at Slow Process Corner: clk_100mhz to u/campaign/records_completed_6
    Location             Delay type         Delay(ns)  Physical Resource
                                                       Logical Resource(s)
    -------------------------------------------------  -------------------
    V10.I                Tiopi                 1.557   clk_100mhz
                                                       clk_100mhz
                                                       clk_100mhz_BUFGP/IBUFG
                                                       ProtoComp132.IMUX
    BUFGMUX_X3Y13.I0     net (fanout=1)        1.050   clk_100mhz_BUFGP/IBUFG
    BUFGMUX_X3Y13.O      Tgi0o                 0.209   clk_100mhz_BUFGP/BUFG
                                                       clk_100mhz_BUFGP/BUFG
    SLICE_X37Y12.CLK     net (fanout=263)      1.134   clk_100mhz_BUFGP
    -------------------------------------------------  ---------------------------
    Total                                      3.950ns (1.766ns logic, 2.184ns route)
                                                       (44.7% logic, 55.3% route)

  Maximum Data Path at Slow Process Corner: u/campaign/records_completed_6 to seg_n<0>
    Location             Delay type         Delay(ns)  Physical Resource
                                                       Logical Resource(s)
    -------------------------------------------------  -------------------
    SLICE_X37Y12.AQ      Tcko                  0.430   u/ones<0>
                                                       u/campaign/records_completed_6
    SLICE_X35Y11.A2      net (fanout=6)        1.020   u/records_completed<6>
    SLICE_X35Y11.A       Tilo                  0.259   u/records_completed[6]_PWR_2_o_mod_0/a[4]_a[6]_MUX_93_o
                                                       u/records_completed[6]_PWR_2_o_mod_0/Mmux_a[0]_a[6]_MUX_97_o131
    SLICE_X35Y11.B3      net (fanout=2)        0.968   u/records_completed[6]_PWR_2_o_mod_0/a[3]_a[6]_MUX_94_o
    SLICE_X35Y11.B       Tilo                  0.259   u/records_completed[6]_PWR_2_o_mod_0/a[4]_a[6]_MUX_93_o
                                                       u/records_completed[6]_PWR_2_o_mod_0/Mmux_a[0]_a[6]_MUX_104_o131
    SLICE_X35Y10.D2      net (fanout=2)        0.718   u/records_completed[6]_PWR_2_o_mod_0/a[3]_a[6]_MUX_101_o
    SLICE_X35Y10.D       Tilo                  0.259   u/ones<2>
                                                       u/records_completed[6]_PWR_2_o_mod_0/Mmux_o31
    SLICE_X35Y9.A5       net (fanout=1)        0.414   u/ones<2>
    SLICE_X35Y9.A        Tilo                  0.259   u/digit<1>
                                                       u/Mmux_digit<2>11
    SLICE_X37Y8.A1       net (fanout=4)        0.948   u/digit<2>
    SLICE_X37Y8.A        Tilo                  0.259   seg_n_6_OBUF
                                                       u/Mram_seg_n12
    T17.O                net (fanout=1)        2.097   seg_n_0_OBUF
    T17.PAD              Tioop                 2.982   seg_n<0>
                                                       seg_n_0_OBUF
                                                       seg_n<0>
    -------------------------------------------------  ---------------------------
    Total                                     10.872ns (4.707ns logic, 6.165ns route)
                                                       (43.3% logic, 56.7% route)

--------------------------------------------------------------------------------
Offset:                 14.796ns (clock path + data path + uncertainty)
  Source:               u/campaign/records_completed_6 (FF)
  Destination:          seg_n<0> (PAD)
  Source Clock:         clk_100mhz_BUFGP rising at 0.000ns
  Data Path Delay:      10.821ns (Levels of Logic = 6)
  Clock Path Delay:     3.950ns (Levels of Logic = 2)
  Clock Uncertainty:    0.025ns

  Clock Uncertainty:          0.025ns  ((TSJ^2 + TIJ^2)^1/2 + DJ) / 2 + PE
    Total System Jitter (TSJ):  0.050ns
    Total Input Jitter (TIJ):   0.000ns
    Discrete Jitter (DJ):       0.000ns
    Phase Error (PE):           0.000ns

  Maximum Clock Path at Slow Process Corner: clk_100mhz to u/campaign/records_completed_6
    Location             Delay type         Delay(ns)  Physical Resource
                                                       Logical Resource(s)
    -------------------------------------------------  -------------------
    V10.I                Tiopi                 1.557   clk_100mhz
                                                       clk_100mhz
                                                       clk_100mhz_BUFGP/IBUFG
                                                       ProtoComp132.IMUX
    BUFGMUX_X3Y13.I0     net (fanout=1)        1.050   clk_100mhz_BUFGP/IBUFG
    BUFGMUX_X3Y13.O      Tgi0o                 0.209   clk_100mhz_BUFGP/BUFG
                                                       clk_100mhz_BUFGP/BUFG
    SLICE_X37Y12.CLK     net (fanout=263)      1.134   clk_100mhz_BUFGP
    -------------------------------------------------  ---------------------------
    Total                                      3.950ns (1.766ns logic, 2.184ns route)
                                                       (44.7% logic, 55.3% route)

  Maximum Data Path at Slow Process Corner: u/campaign/records_completed_6 to seg_n<0>
    Location             Delay type         Delay(ns)  Physical Resource
                                                       Logical Resource(s)
    -------------------------------------------------  -------------------
    SLICE_X37Y12.AQ      Tcko                  0.430   u/ones<0>
                                                       u/campaign/records_completed_6
    SLICE_X35Y11.A2      net (fanout=6)        1.020   u/records_completed<6>
    SLICE_X35Y11.A       Tilo                  0.259   u/records_completed[6]_PWR_2_o_mod_0/a[4]_a[6]_MUX_93_o
                                                       u/records_completed[6]_PWR_2_o_mod_0/Mmux_a[0]_a[6]_MUX_97_o131
    SLICE_X35Y11.B3      net (fanout=2)        0.968   u/records_completed[6]_PWR_2_o_mod_0/a[3]_a[6]_MUX_94_o
    SLICE_X35Y11.BMUX    Tilo                  0.337   u/records_completed[6]_PWR_2_o_mod_0/a[4]_a[6]_MUX_93_o
                                                       u/records_completed[6]_PWR_2_o_mod_0/Mmux_a[0]_a[6]_MUX_104_o121
    SLICE_X35Y10.B1      net (fanout=2)        0.745   u/records_completed[6]_PWR_2_o_mod_0/a[2]_a[6]_MUX_102_o
    SLICE_X35Y10.B       Tilo                  0.259   u/ones<2>
                                                       u/records_completed[6]_PWR_2_o_mod_0/Mmux_o21
    SLICE_X35Y9.B2       net (fanout=1)        0.727   u/ones<1>
    SLICE_X35Y9.B        Tilo                  0.259   u/digit<1>
                                                       u/Mmux_digit<1>11
    SLICE_X37Y8.A5       net (fanout=4)        0.479   u/digit<1>
    SLICE_X37Y8.A        Tilo                  0.259   seg_n_6_OBUF
                                                       u/Mram_seg_n12
    T17.O                net (fanout=1)        2.097   seg_n_0_OBUF
    T17.PAD              Tioop                 2.982   seg_n<0>
                                                       seg_n_0_OBUF
                                                       seg_n<0>
    -------------------------------------------------  ---------------------------
    Total                                     10.821ns (4.785ns logic, 6.036ns route)
                                                       (44.2% logic, 55.8% route)

--------------------------------------------------------------------------------

Paths for end point led_heartbeat (U16.PAD), 25 paths
--------------------------------------------------------------------------------
Offset:                 14.248ns (clock path + data path + uncertainty)
  Source:               u/campaign/error_count_1 (FF)
  Destination:          led_heartbeat (PAD)
  Source Clock:         clk_100mhz_BUFGP rising at 0.000ns
  Data Path Delay:      10.277ns (Levels of Logic = 4)
  Clock Path Delay:     3.946ns (Levels of Logic = 2)
  Clock Uncertainty:    0.025ns

  Clock Uncertainty:          0.025ns  ((TSJ^2 + TIJ^2)^1/2 + DJ) / 2 + PE
    Total System Jitter (TSJ):  0.050ns
    Total Input Jitter (TIJ):   0.000ns
    Discrete Jitter (DJ):       0.000ns
    Phase Error (PE):           0.000ns

  Maximum Clock Path at Slow Process Corner: clk_100mhz to u/campaign/error_count_1
    Location             Delay type         Delay(ns)  Physical Resource
                                                       Logical Resource(s)
    -------------------------------------------------  -------------------
    V10.I                Tiopi                 1.557   clk_100mhz
                                                       clk_100mhz
                                                       clk_100mhz_BUFGP/IBUFG
                                                       ProtoComp132.IMUX
    BUFGMUX_X3Y13.I0     net (fanout=1)        1.050   clk_100mhz_BUFGP/IBUFG
    BUFGMUX_X3Y13.O      Tgi0o                 0.209   clk_100mhz_BUFGP/BUFG
                                                       clk_100mhz_BUFGP/BUFG
    SLICE_X37Y21.CLK     net (fanout=263)      1.130   clk_100mhz_BUFGP
    -------------------------------------------------  ---------------------------
    Total                                      3.946ns (1.766ns logic, 2.180ns route)
                                                       (44.8% logic, 55.2% route)

  Maximum Data Path at Slow Process Corner: u/campaign/error_count_1 to led_heartbeat
    Location             Delay type         Delay(ns)  Physical Resource
                                                       Logical Resource(s)
    -------------------------------------------------  -------------------
    SLICE_X37Y21.CQ      Tcko                  0.430   u/error_count<2>
                                                       u/campaign/error_count_1
    SLICE_X37Y16.B3      net (fanout=3)        0.826   u/error_count<1>
    SLICE_X37Y16.B       Tilo                  0.259   u/GND_2_o_GND_2_o_equal_4_o<15>
                                                       u/GND_2_o_GND_2_o_equal_4_o<15>1
    SLICE_X37Y19.A2      net (fanout=2)        1.202   u/GND_2_o_GND_2_o_equal_4_o<15>
    SLICE_X37Y19.A       Tilo                  0.259   led_heartbeat_OBUF
                                                       u/GND_2_o_GND_2_o_equal_4_o<15>3
    SLICE_X37Y19.B5      net (fanout=1)        0.440   u/GND_2_o_GND_2_o_equal_4_o
    SLICE_X37Y19.B       Tilo                  0.259   led_heartbeat_OBUF
                                                       u/led_heartbeat
    U16.O                net (fanout=1)        3.620   led_heartbeat_OBUF
    U16.PAD              Tioop                 2.982   led_heartbeat
                                                       led_heartbeat_OBUF
                                                       led_heartbeat
    -------------------------------------------------  ---------------------------
    Total                                     10.277ns (4.189ns logic, 6.088ns route)
                                                       (40.8% logic, 59.2% route)

--------------------------------------------------------------------------------
Offset:                 14.173ns (clock path + data path + uncertainty)
  Source:               u/campaign/error_count_4 (FF)
  Destination:          led_heartbeat (PAD)
  Source Clock:         clk_100mhz_BUFGP rising at 0.000ns
  Data Path Delay:      10.195ns (Levels of Logic = 4)
  Clock Path Delay:     3.953ns (Levels of Logic = 2)
  Clock Uncertainty:    0.025ns

  Clock Uncertainty:          0.025ns  ((TSJ^2 + TIJ^2)^1/2 + DJ) / 2 + PE
    Total System Jitter (TSJ):  0.050ns
    Total Input Jitter (TIJ):   0.000ns
    Discrete Jitter (DJ):       0.000ns
    Phase Error (PE):           0.000ns

  Maximum Clock Path at Slow Process Corner: clk_100mhz to u/campaign/error_count_4
    Location             Delay type         Delay(ns)  Physical Resource
                                                       Logical Resource(s)
    -------------------------------------------------  -------------------
    V10.I                Tiopi                 1.557   clk_100mhz
                                                       clk_100mhz
                                                       clk_100mhz_BUFGP/IBUFG
                                                       ProtoComp132.IMUX
    BUFGMUX_X3Y13.I0     net (fanout=1)        1.050   clk_100mhz_BUFGP/IBUFG
    BUFGMUX_X3Y13.O      Tgi0o                 0.209   clk_100mhz_BUFGP/BUFG
                                                       clk_100mhz_BUFGP/BUFG
    SLICE_X37Y17.CLK     net (fanout=263)      1.137   clk_100mhz_BUFGP
    -------------------------------------------------  ---------------------------
    Total                                      3.953ns (1.766ns logic, 2.187ns route)
                                                       (44.7% logic, 55.3% route)

  Maximum Data Path at Slow Process Corner: u/campaign/error_count_4 to led_heartbeat
    Location             Delay type         Delay(ns)  Physical Resource
                                                       Logical Resource(s)
    -------------------------------------------------  -------------------
    SLICE_X37Y17.BQ      Tcko                  0.430   u/error_count<6>
                                                       u/campaign/error_count_4
    SLICE_X37Y16.B2      net (fanout=3)        0.744   u/error_count<4>
    SLICE_X37Y16.B       Tilo                  0.259   u/GND_2_o_GND_2_o_equal_4_o<15>
                                                       u/GND_2_o_GND_2_o_equal_4_o<15>1
    SLICE_X37Y19.A2      net (fanout=2)        1.202   u/GND_2_o_GND_2_o_equal_4_o<15>
    SLICE_X37Y19.A       Tilo                  0.259   led_heartbeat_OBUF
                                                       u/GND_2_o_GND_2_o_equal_4_o<15>3
    SLICE_X37Y19.B5      net (fanout=1)        0.440   u/GND_2_o_GND_2_o_equal_4_o
    SLICE_X37Y19.B       Tilo                  0.259   led_heartbeat_OBUF
                                                       u/led_heartbeat
    U16.O                net (fanout=1)        3.620   led_heartbeat_OBUF
    U16.PAD              Tioop                 2.982   led_heartbeat
                                                       led_heartbeat_OBUF
                                                       led_heartbeat
    -------------------------------------------------  ---------------------------
    Total                                     10.195ns (4.189ns logic, 6.006ns route)
                                                       (41.1% logic, 58.9% route)

--------------------------------------------------------------------------------
Offset:                 14.151ns (clock path + data path + uncertainty)
  Source:               u/campaign/error_count_3 (FF)
  Destination:          led_heartbeat (PAD)
  Source Clock:         clk_100mhz_BUFGP rising at 0.000ns
  Data Path Delay:      10.173ns (Levels of Logic = 4)
  Clock Path Delay:     3.953ns (Levels of Logic = 2)
  Clock Uncertainty:    0.025ns

  Clock Uncertainty:          0.025ns  ((TSJ^2 + TIJ^2)^1/2 + DJ) / 2 + PE
    Total System Jitter (TSJ):  0.050ns
    Total Input Jitter (TIJ):   0.000ns
    Discrete Jitter (DJ):       0.000ns
    Phase Error (PE):           0.000ns

  Maximum Clock Path at Slow Process Corner: clk_100mhz to u/campaign/error_count_3
    Location             Delay type         Delay(ns)  Physical Resource
                                                       Logical Resource(s)
    -------------------------------------------------  -------------------
    V10.I                Tiopi                 1.557   clk_100mhz
                                                       clk_100mhz
                                                       clk_100mhz_BUFGP/IBUFG
                                                       ProtoComp132.IMUX
    BUFGMUX_X3Y13.I0     net (fanout=1)        1.050   clk_100mhz_BUFGP/IBUFG
    BUFGMUX_X3Y13.O      Tgi0o                 0.209   clk_100mhz_BUFGP/BUFG
                                                       clk_100mhz_BUFGP/BUFG
    SLICE_X37Y17.CLK     net (fanout=263)      1.137   clk_100mhz_BUFGP
    -------------------------------------------------  ---------------------------
    Total                                      3.953ns (1.766ns logic, 2.187ns route)
                                                       (44.7% logic, 55.3% route)

  Maximum Data Path at Slow Process Corner: u/campaign/error_count_3 to led_heartbeat
    Location             Delay type         Delay(ns)  Physical Resource
                                                       Logical Resource(s)
    -------------------------------------------------  -------------------
    SLICE_X37Y17.AQ      Tcko                  0.430   u/error_count<6>
                                                       u/campaign/error_count_3
    SLICE_X37Y16.B1      net (fanout=3)        0.722   u/error_count<3>
    SLICE_X37Y16.B       Tilo                  0.259   u/GND_2_o_GND_2_o_equal_4_o<15>
                                                       u/GND_2_o_GND_2_o_equal_4_o<15>1
    SLICE_X37Y19.A2      net (fanout=2)        1.202   u/GND_2_o_GND_2_o_equal_4_o<15>
    SLICE_X37Y19.A       Tilo                  0.259   led_heartbeat_OBUF
                                                       u/GND_2_o_GND_2_o_equal_4_o<15>3
    SLICE_X37Y19.B5      net (fanout=1)        0.440   u/GND_2_o_GND_2_o_equal_4_o
    SLICE_X37Y19.B       Tilo                  0.259   led_heartbeat_OBUF
                                                       u/led_heartbeat
    U16.O                net (fanout=1)        3.620   led_heartbeat_OBUF
    U16.PAD              Tioop                 2.982   led_heartbeat
                                                       led_heartbeat_OBUF
                                                       led_heartbeat
    -------------------------------------------------  ---------------------------
    Total                                     10.173ns (4.189ns logic, 5.984ns route)
                                                       (41.2% logic, 58.8% route)

--------------------------------------------------------------------------------
Offset:                 14.113ns (clock path + data path + uncertainty)
  Source:               u/campaign/error_count_0 (FF)
  Destination:          led_heartbeat (PAD)
  Source Clock:         clk_100mhz_BUFGP rising at 0.000ns
  Data Path Delay:      10.142ns (Levels of Logic = 4)
  Clock Path Delay:     3.946ns (Levels of Logic = 2)
  Clock Uncertainty:    0.025ns

  Clock Uncertainty:          0.025ns  ((TSJ^2 + TIJ^2)^1/2 + DJ) / 2 + PE
    Total System Jitter (TSJ):  0.050ns
    Total Input Jitter (TIJ):   0.000ns
    Discrete Jitter (DJ):       0.000ns
    Phase Error (PE):           0.000ns

  Maximum Clock Path at Slow Process Corner: clk_100mhz to u/campaign/error_count_0
    Location             Delay type         Delay(ns)  Physical Resource
                                                       Logical Resource(s)
    -------------------------------------------------  -------------------
    V10.I                Tiopi                 1.557   clk_100mhz
                                                       clk_100mhz
                                                       clk_100mhz_BUFGP/IBUFG
                                                       ProtoComp132.IMUX
    BUFGMUX_X3Y13.I0     net (fanout=1)        1.050   clk_100mhz_BUFGP/IBUFG
    BUFGMUX_X3Y13.O      Tgi0o                 0.209   clk_100mhz_BUFGP/BUFG
                                                       clk_100mhz_BUFGP/BUFG
    SLICE_X37Y21.CLK     net (fanout=263)      1.130   clk_100mhz_BUFGP
    -------------------------------------------------  ---------------------------
    Total                                      3.946ns (1.766ns logic, 2.180ns route)
                                                       (44.8% logic, 55.2% route)

  Maximum Data Path at Slow Process Corner: u/campaign/error_count_0 to led_heartbeat
    Location             Delay type         Delay(ns)  Physical Resource
                                                       Logical Resource(s)
    -------------------------------------------------  -------------------
    SLICE_X37Y21.AQ      Tcko                  0.430   u/error_count<2>
                                                       u/campaign/error_count_0
    SLICE_X37Y16.B5      net (fanout=3)        0.691   u/error_count<0>
    SLICE_X37Y16.B       Tilo                  0.259   u/GND_2_o_GND_2_o_equal_4_o<15>
                                                       u/GND_2_o_GND_2_o_equal_4_o<15>1
    SLICE_X37Y19.A2      net (fanout=2)        1.202   u/GND_2_o_GND_2_o_equal_4_o<15>
    SLICE_X37Y19.A       Tilo                  0.259   led_heartbeat_OBUF
                                                       u/GND_2_o_GND_2_o_equal_4_o<15>3
    SLICE_X37Y19.B5      net (fanout=1)        0.440   u/GND_2_o_GND_2_o_equal_4_o
    SLICE_X37Y19.B       Tilo                  0.259   led_heartbeat_OBUF
                                                       u/led_heartbeat
    U16.O                net (fanout=1)        3.620   led_heartbeat_OBUF
    U16.PAD              Tioop                 2.982   led_heartbeat
                                                       led_heartbeat_OBUF
                                                       led_heartbeat
    -------------------------------------------------  ---------------------------
    Total                                     10.142ns (4.189ns logic, 5.953ns route)
                                                       (41.3% logic, 58.7% route)

--------------------------------------------------------------------------------
Offset:                 14.021ns (clock path + data path + uncertainty)
  Source:               u/campaign/error_count_2 (FF)
  Destination:          led_heartbeat (PAD)
  Source Clock:         clk_100mhz_BUFGP rising at 0.000ns
  Data Path Delay:      10.050ns (Levels of Logic = 4)
  Clock Path Delay:     3.946ns (Levels of Logic = 2)
  Clock Uncertainty:    0.025ns

  Clock Uncertainty:          0.025ns  ((TSJ^2 + TIJ^2)^1/2 + DJ) / 2 + PE
    Total System Jitter (TSJ):  0.050ns
    Total Input Jitter (TIJ):   0.000ns
    Discrete Jitter (DJ):       0.000ns
    Phase Error (PE):           0.000ns

  Maximum Clock Path at Slow Process Corner: clk_100mhz to u/campaign/error_count_2
    Location             Delay type         Delay(ns)  Physical Resource
                                                       Logical Resource(s)
    -------------------------------------------------  -------------------
    V10.I                Tiopi                 1.557   clk_100mhz
                                                       clk_100mhz
                                                       clk_100mhz_BUFGP/IBUFG
                                                       ProtoComp132.IMUX
    BUFGMUX_X3Y13.I0     net (fanout=1)        1.050   clk_100mhz_BUFGP/IBUFG
    BUFGMUX_X3Y13.O      Tgi0o                 0.209   clk_100mhz_BUFGP/BUFG
                                                       clk_100mhz_BUFGP/BUFG
    SLICE_X37Y21.CLK     net (fanout=263)      1.130   clk_100mhz_BUFGP
    -------------------------------------------------  ---------------------------
    Total                                      3.946ns (1.766ns logic, 2.180ns route)
                                                       (44.8% logic, 55.2% route)

  Maximum Data Path at Slow Process Corner: u/campaign/error_count_2 to led_heartbeat
    Location             Delay type         Delay(ns)  Physical Resource
                                                       Logical Resource(s)
    -------------------------------------------------  -------------------
    SLICE_X37Y21.DQ      Tcko                  0.430   u/error_count<2>
                                                       u/campaign/error_count_2
    SLICE_X37Y16.B6      net (fanout=3)        0.599   u/error_count<2>
    SLICE_X37Y16.B       Tilo                  0.259   u/GND_2_o_GND_2_o_equal_4_o<15>
                                                       u/GND_2_o_GND_2_o_equal_4_o<15>1
    SLICE_X37Y19.A2      net (fanout=2)        1.202   u/GND_2_o_GND_2_o_equal_4_o<15>
    SLICE_X37Y19.A       Tilo                  0.259   led_heartbeat_OBUF
                                                       u/GND_2_o_GND_2_o_equal_4_o<15>3
    SLICE_X37Y19.B5      net (fanout=1)        0.440   u/GND_2_o_GND_2_o_equal_4_o
    SLICE_X37Y19.B       Tilo                  0.259   led_heartbeat_OBUF
                                                       u/led_heartbeat
    U16.O                net (fanout=1)        3.620   led_heartbeat_OBUF
    U16.PAD              Tioop                 2.982   led_heartbeat
                                                       led_heartbeat_OBUF
                                                       led_heartbeat
    -------------------------------------------------  ---------------------------
    Total                                     10.050ns (4.189ns logic, 5.861ns route)
                                                       (41.7% logic, 58.3% route)

--------------------------------------------------------------------------------
Offset:                 13.982ns (clock path + data path + uncertainty)
  Source:               u/campaign/error_count_5 (FF)
  Destination:          led_heartbeat (PAD)
  Source Clock:         clk_100mhz_BUFGP rising at 0.000ns
  Data Path Delay:      10.004ns (Levels of Logic = 4)
  Clock Path Delay:     3.953ns (Levels of Logic = 2)
  Clock Uncertainty:    0.025ns

  Clock Uncertainty:          0.025ns  ((TSJ^2 + TIJ^2)^1/2 + DJ) / 2 + PE
    Total System Jitter (TSJ):  0.050ns
    Total Input Jitter (TIJ):   0.000ns
    Discrete Jitter (DJ):       0.000ns
    Phase Error (PE):           0.000ns

  Maximum Clock Path at Slow Process Corner: clk_100mhz to u/campaign/error_count_5
    Location             Delay type         Delay(ns)  Physical Resource
                                                       Logical Resource(s)
    -------------------------------------------------  -------------------
    V10.I                Tiopi                 1.557   clk_100mhz
                                                       clk_100mhz
                                                       clk_100mhz_BUFGP/IBUFG
                                                       ProtoComp132.IMUX
    BUFGMUX_X3Y13.I0     net (fanout=1)        1.050   clk_100mhz_BUFGP/IBUFG
    BUFGMUX_X3Y13.O      Tgi0o                 0.209   clk_100mhz_BUFGP/BUFG
                                                       clk_100mhz_BUFGP/BUFG
    SLICE_X37Y17.CLK     net (fanout=263)      1.137   clk_100mhz_BUFGP
    -------------------------------------------------  ---------------------------
    Total                                      3.953ns (1.766ns logic, 2.187ns route)
                                                       (44.7% logic, 55.3% route)

  Maximum Data Path at Slow Process Corner: u/campaign/error_count_5 to led_heartbeat
    Location             Delay type         Delay(ns)  Physical Resource
                                                       Logical Resource(s)
    -------------------------------------------------  -------------------
    SLICE_X37Y17.CQ      Tcko                  0.430   u/error_count<6>
                                                       u/campaign/error_count_5
    SLICE_X37Y16.B4      net (fanout=3)        0.553   u/error_count<5>
    SLICE_X37Y16.B       Tilo                  0.259   u/GND_2_o_GND_2_o_equal_4_o<15>
                                                       u/GND_2_o_GND_2_o_equal_4_o<15>1
    SLICE_X37Y19.A2      net (fanout=2)        1.202   u/GND_2_o_GND_2_o_equal_4_o<15>
    SLICE_X37Y19.A       Tilo                  0.259   led_heartbeat_OBUF
                                                       u/GND_2_o_GND_2_o_equal_4_o<15>3
    SLICE_X37Y19.B5      net (fanout=1)        0.440   u/GND_2_o_GND_2_o_equal_4_o
    SLICE_X37Y19.B       Tilo                  0.259   led_heartbeat_OBUF
                                                       u/led_heartbeat
    U16.O                net (fanout=1)        3.620   led_heartbeat_OBUF
    U16.PAD              Tioop                 2.982   led_heartbeat
                                                       led_heartbeat_OBUF
                                                       led_heartbeat
    -------------------------------------------------  ---------------------------
    Total                                     10.004ns (4.189ns logic, 5.815ns route)
                                                       (41.9% logic, 58.1% route)

--------------------------------------------------------------------------------
Offset:                 13.821ns (clock path + data path + uncertainty)
  Source:               u/campaign/error_count_11 (FF)
  Destination:          led_heartbeat (PAD)
  Source Clock:         clk_100mhz_BUFGP rising at 0.000ns
  Data Path Delay:      9.847ns (Levels of Logic = 4)
  Clock Path Delay:     3.949ns (Levels of Logic = 2)
  Clock Uncertainty:    0.025ns

  Clock Uncertainty:          0.025ns  ((TSJ^2 + TIJ^2)^1/2 + DJ) / 2 + PE
    Total System Jitter (TSJ):  0.050ns
    Total Input Jitter (TIJ):   0.000ns
    Discrete Jitter (DJ):       0.000ns
    Phase Error (PE):           0.000ns

  Maximum Clock Path at Slow Process Corner: clk_100mhz to u/campaign/error_count_11
    Location             Delay type         Delay(ns)  Physical Resource
                                                       Logical Resource(s)
    -------------------------------------------------  -------------------
    V10.I                Tiopi                 1.557   clk_100mhz
                                                       clk_100mhz
                                                       clk_100mhz_BUFGP/IBUFG
                                                       ProtoComp132.IMUX
    BUFGMUX_X3Y13.I0     net (fanout=1)        1.050   clk_100mhz_BUFGP/IBUFG
    BUFGMUX_X3Y13.O      Tgi0o                 0.209   clk_100mhz_BUFGP/BUFG
                                                       clk_100mhz_BUFGP/BUFG
    SLICE_X34Y19.CLK     net (fanout=263)      1.133   clk_100mhz_BUFGP
    -------------------------------------------------  ---------------------------
    Total                                      3.949ns (1.766ns logic, 2.183ns route)
                                                       (44.7% logic, 55.3% route)

  Maximum Data Path at Slow Process Corner: u/campaign/error_count_11 to led_heartbeat
    Location             Delay type         Delay(ns)  Physical Resource
                                                       Logical Resource(s)
    -------------------------------------------------  -------------------
    SLICE_X34Y19.AQ      Tcko                  0.525   u/error_count<14>
                                                       u/campaign/error_count_11
    SLICE_X37Y18.B1      net (fanout=3)        0.774   u/error_count<11>
    SLICE_X37Y18.B       Tilo                  0.259   u/GND_2_o_GND_2_o_equal_4_o<15>1
                                                       u/GND_2_o_GND_2_o_equal_4_o<15>2
    SLICE_X37Y19.A1      net (fanout=2)        0.729   u/GND_2_o_GND_2_o_equal_4_o<15>1
    SLICE_X37Y19.A       Tilo                  0.259   led_heartbeat_OBUF
                                                       u/GND_2_o_GND_2_o_equal_4_o<15>3
    SLICE_X37Y19.B5      net (fanout=1)        0.440   u/GND_2_o_GND_2_o_equal_4_o
    SLICE_X37Y19.B       Tilo                  0.259   led_heartbeat_OBUF
                                                       u/led_heartbeat
    U16.O                net (fanout=1)        3.620   led_heartbeat_OBUF
    U16.PAD              Tioop                 2.982   led_heartbeat
                                                       led_heartbeat_OBUF
                                                       led_heartbeat
    -------------------------------------------------  ---------------------------
    Total                                      9.847ns (4.284ns logic, 5.563ns route)
                                                       (43.5% logic, 56.5% route)

--------------------------------------------------------------------------------
Offset:                 13.700ns (clock path + data path + uncertainty)
  Source:               u/campaign/error_count_6 (FF)
  Destination:          led_heartbeat (PAD)
  Source Clock:         clk_100mhz_BUFGP rising at 0.000ns
  Data Path Delay:      9.722ns (Levels of Logic = 4)
  Clock Path Delay:     3.953ns (Levels of Logic = 2)
  Clock Uncertainty:    0.025ns

  Clock Uncertainty:          0.025ns  ((TSJ^2 + TIJ^2)^1/2 + DJ) / 2 + PE
    Total System Jitter (TSJ):  0.050ns
    Total Input Jitter (TIJ):   0.000ns
    Discrete Jitter (DJ):       0.000ns
    Phase Error (PE):           0.000ns

  Maximum Clock Path at Slow Process Corner: clk_100mhz to u/campaign/error_count_6
    Location             Delay type         Delay(ns)  Physical Resource
                                                       Logical Resource(s)
    -------------------------------------------------  -------------------
    V10.I                Tiopi                 1.557   clk_100mhz
                                                       clk_100mhz
                                                       clk_100mhz_BUFGP/IBUFG
                                                       ProtoComp132.IMUX
    BUFGMUX_X3Y13.I0     net (fanout=1)        1.050   clk_100mhz_BUFGP/IBUFG
    BUFGMUX_X3Y13.O      Tgi0o                 0.209   clk_100mhz_BUFGP/BUFG
                                                       clk_100mhz_BUFGP/BUFG
    SLICE_X37Y17.CLK     net (fanout=263)      1.137   clk_100mhz_BUFGP
    -------------------------------------------------  ---------------------------
    Total                                      3.953ns (1.766ns logic, 2.187ns route)
                                                       (44.7% logic, 55.3% route)

  Maximum Data Path at Slow Process Corner: u/campaign/error_count_6 to led_heartbeat
    Location             Delay type         Delay(ns)  Physical Resource
                                                       Logical Resource(s)
    -------------------------------------------------  -------------------
    SLICE_X37Y17.DQ      Tcko                  0.430   u/error_count<6>
                                                       u/campaign/error_count_6
    SLICE_X37Y18.B2      net (fanout=3)        0.744   u/error_count<6>
    SLICE_X37Y18.B       Tilo                  0.259   u/GND_2_o_GND_2_o_equal_4_o<15>1
                                                       u/GND_2_o_GND_2_o_equal_4_o<15>2
    SLICE_X37Y19.A1      net (fanout=2)        0.729   u/GND_2_o_GND_2_o_equal_4_o<15>1
    SLICE_X37Y19.A       Tilo                  0.259   led_heartbeat_OBUF
                                                       u/GND_2_o_GND_2_o_equal_4_o<15>3
    SLICE_X37Y19.B5      net (fanout=1)        0.440   u/GND_2_o_GND_2_o_equal_4_o
    SLICE_X37Y19.B       Tilo                  0.259   led_heartbeat_OBUF
                                                       u/led_heartbeat
    U16.O                net (fanout=1)        3.620   led_heartbeat_OBUF
    U16.PAD              Tioop                 2.982   led_heartbeat
                                                       led_heartbeat_OBUF
                                                       led_heartbeat
    -------------------------------------------------  ---------------------------
    Total                                      9.722ns (4.189ns logic, 5.533ns route)
                                                       (43.1% logic, 56.9% route)

--------------------------------------------------------------------------------
Offset:                 13.641ns (clock path + data path + uncertainty)
  Source:               u/campaign/error_count_9 (FF)
  Destination:          led_heartbeat (PAD)
  Source Clock:         clk_100mhz_BUFGP rising at 0.000ns
  Data Path Delay:      9.665ns (Levels of Logic = 4)
  Clock Path Delay:     3.951ns (Levels of Logic = 2)
  Clock Uncertainty:    0.025ns

  Clock Uncertainty:          0.025ns  ((TSJ^2 + TIJ^2)^1/2 + DJ) / 2 + PE
    Total System Jitter (TSJ):  0.050ns
    Total Input Jitter (TIJ):   0.000ns
    Discrete Jitter (DJ):       0.000ns
    Phase Error (PE):           0.000ns

  Maximum Clock Path at Slow Process Corner: clk_100mhz to u/campaign/error_count_9
    Location             Delay type         Delay(ns)  Physical Resource
                                                       Logical Resource(s)
    -------------------------------------------------  -------------------
    V10.I                Tiopi                 1.557   clk_100mhz
                                                       clk_100mhz
                                                       clk_100mhz_BUFGP/IBUFG
                                                       ProtoComp132.IMUX
    BUFGMUX_X3Y13.I0     net (fanout=1)        1.050   clk_100mhz_BUFGP/IBUFG
    BUFGMUX_X3Y13.O      Tgi0o                 0.209   clk_100mhz_BUFGP/BUFG
                                                       clk_100mhz_BUFGP/BUFG
    SLICE_X34Y18.CLK     net (fanout=263)      1.135   clk_100mhz_BUFGP
    -------------------------------------------------  ---------------------------
    Total                                      3.951ns (1.766ns logic, 2.185ns route)
                                                       (44.7% logic, 55.3% route)

  Maximum Data Path at Slow Process Corner: u/campaign/error_count_9 to led_heartbeat
    Location             Delay type         Delay(ns)  Physical Resource
                                                       Logical Resource(s)
    -------------------------------------------------  -------------------
    SLICE_X34Y18.CQ      Tcko                  0.525   u/error_count<10>
                                                       u/campaign/error_count_9
    SLICE_X37Y18.B3      net (fanout=3)        0.592   u/error_count<9>
    SLICE_X37Y18.B       Tilo                  0.259   u/GND_2_o_GND_2_o_equal_4_o<15>1
                                                       u/GND_2_o_GND_2_o_equal_4_o<15>2
    SLICE_X37Y19.A1      net (fanout=2)        0.729   u/GND_2_o_GND_2_o_equal_4_o<15>1
    SLICE_X37Y19.A       Tilo                  0.259   led_heartbeat_OBUF
                                                       u/GND_2_o_GND_2_o_equal_4_o<15>3
    SLICE_X37Y19.B5      net (fanout=1)        0.440   u/GND_2_o_GND_2_o_equal_4_o
    SLICE_X37Y19.B       Tilo                  0.259   led_heartbeat_OBUF
                                                       u/led_heartbeat
    U16.O                net (fanout=1)        3.620   led_heartbeat_OBUF
    U16.PAD              Tioop                 2.982   led_heartbeat
                                                       led_heartbeat_OBUF
                                                       led_heartbeat
    -------------------------------------------------  ---------------------------
    Total                                      9.665ns (4.284ns logic, 5.381ns route)
                                                       (44.3% logic, 55.7% route)

--------------------------------------------------------------------------------
Offset:                 13.622ns (clock path + data path + uncertainty)
  Source:               u/campaign/error_count_8 (FF)
  Destination:          led_heartbeat (PAD)
  Source Clock:         clk_100mhz_BUFGP rising at 0.000ns
  Data Path Delay:      9.646ns (Levels of Logic = 4)
  Clock Path Delay:     3.951ns (Levels of Logic = 2)
  Clock Uncertainty:    0.025ns

  Clock Uncertainty:          0.025ns  ((TSJ^2 + TIJ^2)^1/2 + DJ) / 2 + PE
    Total System Jitter (TSJ):  0.050ns
    Total Input Jitter (TIJ):   0.000ns
    Discrete Jitter (DJ):       0.000ns
    Phase Error (PE):           0.000ns

  Maximum Clock Path at Slow Process Corner: clk_100mhz to u/campaign/error_count_8
    Location             Delay type         Delay(ns)  Physical Resource
                                                       Logical Resource(s)
    -------------------------------------------------  -------------------
    V10.I                Tiopi                 1.557   clk_100mhz
                                                       clk_100mhz
                                                       clk_100mhz_BUFGP/IBUFG
                                                       ProtoComp132.IMUX
    BUFGMUX_X3Y13.I0     net (fanout=1)        1.050   clk_100mhz_BUFGP/IBUFG
    BUFGMUX_X3Y13.O      Tgi0o                 0.209   clk_100mhz_BUFGP/BUFG
                                                       clk_100mhz_BUFGP/BUFG
    SLICE_X34Y18.CLK     net (fanout=263)      1.135   clk_100mhz_BUFGP
    -------------------------------------------------  ---------------------------
    Total                                      3.951ns (1.766ns logic, 2.185ns route)
                                                       (44.7% logic, 55.3% route)

  Maximum Data Path at Slow Process Corner: u/campaign/error_count_8 to led_heartbeat
    Location             Delay type         Delay(ns)  Physical Resource
                                                       Logical Resource(s)
    -------------------------------------------------  -------------------
    SLICE_X34Y18.BQ      Tcko                  0.525   u/error_count<10>
                                                       u/campaign/error_count_8
    SLICE_X37Y18.B4      net (fanout=3)        0.573   u/error_count<8>
    SLICE_X37Y18.B       Tilo                  0.259   u/GND_2_o_GND_2_o_equal_4_o<15>1
                                                       u/GND_2_o_GND_2_o_equal_4_o<15>2
    SLICE_X37Y19.A1      net (fanout=2)        0.729   u/GND_2_o_GND_2_o_equal_4_o<15>1
    SLICE_X37Y19.A       Tilo                  0.259   led_heartbeat_OBUF
                                                       u/GND_2_o_GND_2_o_equal_4_o<15>3
    SLICE_X37Y19.B5      net (fanout=1)        0.440   u/GND_2_o_GND_2_o_equal_4_o
    SLICE_X37Y19.B       Tilo                  0.259   led_heartbeat_OBUF
                                                       u/led_heartbeat
    U16.O                net (fanout=1)        3.620   led_heartbeat_OBUF
    U16.PAD              Tioop                 2.982   led_heartbeat
                                                       led_heartbeat_OBUF
                                                       led_heartbeat
    -------------------------------------------------  ---------------------------
    Total                                      9.646ns (4.284ns logic, 5.362ns route)
                                                       (44.4% logic, 55.6% route)

--------------------------------------------------------------------------------

Paths for end point led_reset (V16.PAD), 16 paths
--------------------------------------------------------------------------------
Offset:                 12.638ns (clock path + data path + uncertainty)
  Source:               u/campaign/error_count_1 (FF)
  Destination:          led_reset (PAD)
  Source Clock:         clk_100mhz_BUFGP rising at 0.000ns
  Data Path Delay:      8.667ns (Levels of Logic = 3)
  Clock Path Delay:     3.946ns (Levels of Logic = 2)
  Clock Uncertainty:    0.025ns

  Clock Uncertainty:          0.025ns  ((TSJ^2 + TIJ^2)^1/2 + DJ) / 2 + PE
    Total System Jitter (TSJ):  0.050ns
    Total Input Jitter (TIJ):   0.000ns
    Discrete Jitter (DJ):       0.000ns
    Phase Error (PE):           0.000ns

  Maximum Clock Path at Slow Process Corner: clk_100mhz to u/campaign/error_count_1
    Location             Delay type         Delay(ns)  Physical Resource
                                                       Logical Resource(s)
    -------------------------------------------------  -------------------
    V10.I                Tiopi                 1.557   clk_100mhz
                                                       clk_100mhz
                                                       clk_100mhz_BUFGP/IBUFG
                                                       ProtoComp132.IMUX
    BUFGMUX_X3Y13.I0     net (fanout=1)        1.050   clk_100mhz_BUFGP/IBUFG
    BUFGMUX_X3Y13.O      Tgi0o                 0.209   clk_100mhz_BUFGP/BUFG
                                                       clk_100mhz_BUFGP/BUFG
    SLICE_X37Y21.CLK     net (fanout=263)      1.130   clk_100mhz_BUFGP
    -------------------------------------------------  ---------------------------
    Total                                      3.946ns (1.766ns logic, 2.180ns route)
                                                       (44.8% logic, 55.2% route)

  Maximum Data Path at Slow Process Corner: u/campaign/error_count_1 to led_reset
    Location             Delay type         Delay(ns)  Physical Resource
                                                       Logical Resource(s)
    -------------------------------------------------  -------------------
    SLICE_X37Y21.CQ      Tcko                  0.430   u/error_count<2>
                                                       u/campaign/error_count_1
    SLICE_X37Y16.B3      net (fanout=3)        0.826   u/error_count<1>
    SLICE_X37Y16.B       Tilo                  0.259   u/GND_2_o_GND_2_o_equal_4_o<15>
                                                       u/GND_2_o_GND_2_o_equal_4_o<15>1
    SLICE_X37Y18.A1      net (fanout=2)        0.762   u/GND_2_o_GND_2_o_equal_4_o<15>
    SLICE_X37Y18.A       Tilo                  0.259   u/GND_2_o_GND_2_o_equal_4_o<15>1
                                                       u/led_reset1
    V16.O                net (fanout=1)        3.149   led_reset_OBUF
    V16.PAD              Tioop                 2.982   led_reset
                                                       led_reset_OBUF
                                                       led_reset
    -------------------------------------------------  ---------------------------
    Total                                      8.667ns (3.930ns logic, 4.737ns route)
                                                       (45.3% logic, 54.7% route)

--------------------------------------------------------------------------------
Offset:                 12.563ns (clock path + data path + uncertainty)
  Source:               u/campaign/error_count_4 (FF)
  Destination:          led_reset (PAD)
  Source Clock:         clk_100mhz_BUFGP rising at 0.000ns
  Data Path Delay:      8.585ns (Levels of Logic = 3)
  Clock Path Delay:     3.953ns (Levels of Logic = 2)
  Clock Uncertainty:    0.025ns

  Clock Uncertainty:          0.025ns  ((TSJ^2 + TIJ^2)^1/2 + DJ) / 2 + PE
    Total System Jitter (TSJ):  0.050ns
    Total Input Jitter (TIJ):   0.000ns
    Discrete Jitter (DJ):       0.000ns
    Phase Error (PE):           0.000ns

  Maximum Clock Path at Slow Process Corner: clk_100mhz to u/campaign/error_count_4
    Location             Delay type         Delay(ns)  Physical Resource
                                                       Logical Resource(s)
    -------------------------------------------------  -------------------
    V10.I                Tiopi                 1.557   clk_100mhz
                                                       clk_100mhz
                                                       clk_100mhz_BUFGP/IBUFG
                                                       ProtoComp132.IMUX
    BUFGMUX_X3Y13.I0     net (fanout=1)        1.050   clk_100mhz_BUFGP/IBUFG
    BUFGMUX_X3Y13.O      Tgi0o                 0.209   clk_100mhz_BUFGP/BUFG
                                                       clk_100mhz_BUFGP/BUFG
    SLICE_X37Y17.CLK     net (fanout=263)      1.137   clk_100mhz_BUFGP
    -------------------------------------------------  ---------------------------
    Total                                      3.953ns (1.766ns logic, 2.187ns route)
                                                       (44.7% logic, 55.3% route)

  Maximum Data Path at Slow Process Corner: u/campaign/error_count_4 to led_reset
    Location             Delay type         Delay(ns)  Physical Resource
                                                       Logical Resource(s)
    -------------------------------------------------  -------------------
    SLICE_X37Y17.BQ      Tcko                  0.430   u/error_count<6>
                                                       u/campaign/error_count_4
    SLICE_X37Y16.B2      net (fanout=3)        0.744   u/error_count<4>
    SLICE_X37Y16.B       Tilo                  0.259   u/GND_2_o_GND_2_o_equal_4_o<15>
                                                       u/GND_2_o_GND_2_o_equal_4_o<15>1
    SLICE_X37Y18.A1      net (fanout=2)        0.762   u/GND_2_o_GND_2_o_equal_4_o<15>
    SLICE_X37Y18.A       Tilo                  0.259   u/GND_2_o_GND_2_o_equal_4_o<15>1
                                                       u/led_reset1
    V16.O                net (fanout=1)        3.149   led_reset_OBUF
    V16.PAD              Tioop                 2.982   led_reset
                                                       led_reset_OBUF
                                                       led_reset
    -------------------------------------------------  ---------------------------
    Total                                      8.585ns (3.930ns logic, 4.655ns route)
                                                       (45.8% logic, 54.2% route)

--------------------------------------------------------------------------------
Offset:                 12.541ns (clock path + data path + uncertainty)
  Source:               u/campaign/error_count_3 (FF)
  Destination:          led_reset (PAD)
  Source Clock:         clk_100mhz_BUFGP rising at 0.000ns
  Data Path Delay:      8.563ns (Levels of Logic = 3)
  Clock Path Delay:     3.953ns (Levels of Logic = 2)
  Clock Uncertainty:    0.025ns

  Clock Uncertainty:          0.025ns  ((TSJ^2 + TIJ^2)^1/2 + DJ) / 2 + PE
    Total System Jitter (TSJ):  0.050ns
    Total Input Jitter (TIJ):   0.000ns
    Discrete Jitter (DJ):       0.000ns
    Phase Error (PE):           0.000ns

  Maximum Clock Path at Slow Process Corner: clk_100mhz to u/campaign/error_count_3
    Location             Delay type         Delay(ns)  Physical Resource
                                                       Logical Resource(s)
    -------------------------------------------------  -------------------
    V10.I                Tiopi                 1.557   clk_100mhz
                                                       clk_100mhz
                                                       clk_100mhz_BUFGP/IBUFG
                                                       ProtoComp132.IMUX
    BUFGMUX_X3Y13.I0     net (fanout=1)        1.050   clk_100mhz_BUFGP/IBUFG
    BUFGMUX_X3Y13.O      Tgi0o                 0.209   clk_100mhz_BUFGP/BUFG
                                                       clk_100mhz_BUFGP/BUFG
    SLICE_X37Y17.CLK     net (fanout=263)      1.137   clk_100mhz_BUFGP
    -------------------------------------------------  ---------------------------
    Total                                      3.953ns (1.766ns logic, 2.187ns route)
                                                       (44.7% logic, 55.3% route)

  Maximum Data Path at Slow Process Corner: u/campaign/error_count_3 to led_reset
    Location             Delay type         Delay(ns)  Physical Resource
                                                       Logical Resource(s)
    -------------------------------------------------  -------------------
    SLICE_X37Y17.AQ      Tcko                  0.430   u/error_count<6>
                                                       u/campaign/error_count_3
    SLICE_X37Y16.B1      net (fanout=3)        0.722   u/error_count<3>
    SLICE_X37Y16.B       Tilo                  0.259   u/GND_2_o_GND_2_o_equal_4_o<15>
                                                       u/GND_2_o_GND_2_o_equal_4_o<15>1
    SLICE_X37Y18.A1      net (fanout=2)        0.762   u/GND_2_o_GND_2_o_equal_4_o<15>
    SLICE_X37Y18.A       Tilo                  0.259   u/GND_2_o_GND_2_o_equal_4_o<15>1
                                                       u/led_reset1
    V16.O                net (fanout=1)        3.149   led_reset_OBUF
    V16.PAD              Tioop                 2.982   led_reset
                                                       led_reset_OBUF
                                                       led_reset
    -------------------------------------------------  ---------------------------
    Total                                      8.563ns (3.930ns logic, 4.633ns route)
                                                       (45.9% logic, 54.1% route)

--------------------------------------------------------------------------------
Offset:                 12.503ns (clock path + data path + uncertainty)
  Source:               u/campaign/error_count_0 (FF)
  Destination:          led_reset (PAD)
  Source Clock:         clk_100mhz_BUFGP rising at 0.000ns
  Data Path Delay:      8.532ns (Levels of Logic = 3)
  Clock Path Delay:     3.946ns (Levels of Logic = 2)
  Clock Uncertainty:    0.025ns

  Clock Uncertainty:          0.025ns  ((TSJ^2 + TIJ^2)^1/2 + DJ) / 2 + PE
    Total System Jitter (TSJ):  0.050ns
    Total Input Jitter (TIJ):   0.000ns
    Discrete Jitter (DJ):       0.000ns
    Phase Error (PE):           0.000ns

  Maximum Clock Path at Slow Process Corner: clk_100mhz to u/campaign/error_count_0
    Location             Delay type         Delay(ns)  Physical Resource
                                                       Logical Resource(s)
    -------------------------------------------------  -------------------
    V10.I                Tiopi                 1.557   clk_100mhz
                                                       clk_100mhz
                                                       clk_100mhz_BUFGP/IBUFG
                                                       ProtoComp132.IMUX
    BUFGMUX_X3Y13.I0     net (fanout=1)        1.050   clk_100mhz_BUFGP/IBUFG
    BUFGMUX_X3Y13.O      Tgi0o                 0.209   clk_100mhz_BUFGP/BUFG
                                                       clk_100mhz_BUFGP/BUFG
    SLICE_X37Y21.CLK     net (fanout=263)      1.130   clk_100mhz_BUFGP
    -------------------------------------------------  ---------------------------
    Total                                      3.946ns (1.766ns logic, 2.180ns route)
                                                       (44.8% logic, 55.2% route)

  Maximum Data Path at Slow Process Corner: u/campaign/error_count_0 to led_reset
    Location             Delay type         Delay(ns)  Physical Resource
                                                       Logical Resource(s)
    -------------------------------------------------  -------------------
    SLICE_X37Y21.AQ      Tcko                  0.430   u/error_count<2>
                                                       u/campaign/error_count_0
    SLICE_X37Y16.B5      net (fanout=3)        0.691   u/error_count<0>
    SLICE_X37Y16.B       Tilo                  0.259   u/GND_2_o_GND_2_o_equal_4_o<15>
                                                       u/GND_2_o_GND_2_o_equal_4_o<15>1
    SLICE_X37Y18.A1      net (fanout=2)        0.762   u/GND_2_o_GND_2_o_equal_4_o<15>
    SLICE_X37Y18.A       Tilo                  0.259   u/GND_2_o_GND_2_o_equal_4_o<15>1
                                                       u/led_reset1
    V16.O                net (fanout=1)        3.149   led_reset_OBUF
    V16.PAD              Tioop                 2.982   led_reset
                                                       led_reset_OBUF
                                                       led_reset
    -------------------------------------------------  ---------------------------
    Total                                      8.532ns (3.930ns logic, 4.602ns route)
                                                       (46.1% logic, 53.9% route)

--------------------------------------------------------------------------------
Offset:                 12.411ns (clock path + data path + uncertainty)
  Source:               u/campaign/error_count_2 (FF)
  Destination:          led_reset (PAD)
  Source Clock:         clk_100mhz_BUFGP rising at 0.000ns
  Data Path Delay:      8.440ns (Levels of Logic = 3)
  Clock Path Delay:     3.946ns (Levels of Logic = 2)
  Clock Uncertainty:    0.025ns

  Clock Uncertainty:          0.025ns  ((TSJ^2 + TIJ^2)^1/2 + DJ) / 2 + PE
    Total System Jitter (TSJ):  0.050ns
    Total Input Jitter (TIJ):   0.000ns
    Discrete Jitter (DJ):       0.000ns
    Phase Error (PE):           0.000ns

  Maximum Clock Path at Slow Process Corner: clk_100mhz to u/campaign/error_count_2
    Location             Delay type         Delay(ns)  Physical Resource
                                                       Logical Resource(s)
    -------------------------------------------------  -------------------
    V10.I                Tiopi                 1.557   clk_100mhz
                                                       clk_100mhz
                                                       clk_100mhz_BUFGP/IBUFG
                                                       ProtoComp132.IMUX
    BUFGMUX_X3Y13.I0     net (fanout=1)        1.050   clk_100mhz_BUFGP/IBUFG
    BUFGMUX_X3Y13.O      Tgi0o                 0.209   clk_100mhz_BUFGP/BUFG
                                                       clk_100mhz_BUFGP/BUFG
    SLICE_X37Y21.CLK     net (fanout=263)      1.130   clk_100mhz_BUFGP
    -------------------------------------------------  ---------------------------
    Total                                      3.946ns (1.766ns logic, 2.180ns route)
                                                       (44.8% logic, 55.2% route)

  Maximum Data Path at Slow Process Corner: u/campaign/error_count_2 to led_reset
    Location             Delay type         Delay(ns)  Physical Resource
                                                       Logical Resource(s)
    -------------------------------------------------  -------------------
    SLICE_X37Y21.DQ      Tcko                  0.430   u/error_count<2>
                                                       u/campaign/error_count_2
    SLICE_X37Y16.B6      net (fanout=3)        0.599   u/error_count<2>
    SLICE_X37Y16.B       Tilo                  0.259   u/GND_2_o_GND_2_o_equal_4_o<15>
                                                       u/GND_2_o_GND_2_o_equal_4_o<15>1
    SLICE_X37Y18.A1      net (fanout=2)        0.762   u/GND_2_o_GND_2_o_equal_4_o<15>
    SLICE_X37Y18.A       Tilo                  0.259   u/GND_2_o_GND_2_o_equal_4_o<15>1
                                                       u/led_reset1
    V16.O                net (fanout=1)        3.149   led_reset_OBUF
    V16.PAD              Tioop                 2.982   led_reset
                                                       led_reset_OBUF
                                                       led_reset
    -------------------------------------------------  ---------------------------
    Total                                      8.440ns (3.930ns logic, 4.510ns route)
                                                       (46.6% logic, 53.4% route)

--------------------------------------------------------------------------------
Offset:                 12.372ns (clock path + data path + uncertainty)
  Source:               u/campaign/error_count_5 (FF)
  Destination:          led_reset (PAD)
  Source Clock:         clk_100mhz_BUFGP rising at 0.000ns
  Data Path Delay:      8.394ns (Levels of Logic = 3)
  Clock Path Delay:     3.953ns (Levels of Logic = 2)
  Clock Uncertainty:    0.025ns

  Clock Uncertainty:          0.025ns  ((TSJ^2 + TIJ^2)^1/2 + DJ) / 2 + PE
    Total System Jitter (TSJ):  0.050ns
    Total Input Jitter (TIJ):   0.000ns
    Discrete Jitter (DJ):       0.000ns
    Phase Error (PE):           0.000ns

  Maximum Clock Path at Slow Process Corner: clk_100mhz to u/campaign/error_count_5
    Location             Delay type         Delay(ns)  Physical Resource
                                                       Logical Resource(s)
    -------------------------------------------------  -------------------
    V10.I                Tiopi                 1.557   clk_100mhz
                                                       clk_100mhz
                                                       clk_100mhz_BUFGP/IBUFG
                                                       ProtoComp132.IMUX
    BUFGMUX_X3Y13.I0     net (fanout=1)        1.050   clk_100mhz_BUFGP/IBUFG
    BUFGMUX_X3Y13.O      Tgi0o                 0.209   clk_100mhz_BUFGP/BUFG
                                                       clk_100mhz_BUFGP/BUFG
    SLICE_X37Y17.CLK     net (fanout=263)      1.137   clk_100mhz_BUFGP
    -------------------------------------------------  ---------------------------
    Total                                      3.953ns (1.766ns logic, 2.187ns route)
                                                       (44.7% logic, 55.3% route)

  Maximum Data Path at Slow Process Corner: u/campaign/error_count_5 to led_reset
    Location             Delay type         Delay(ns)  Physical Resource
                                                       Logical Resource(s)
    -------------------------------------------------  -------------------
    SLICE_X37Y17.CQ      Tcko                  0.430   u/error_count<6>
                                                       u/campaign/error_count_5
    SLICE_X37Y16.B4      net (fanout=3)        0.553   u/error_count<5>
    SLICE_X37Y16.B       Tilo                  0.259   u/GND_2_o_GND_2_o_equal_4_o<15>
                                                       u/GND_2_o_GND_2_o_equal_4_o<15>1
    SLICE_X37Y18.A1      net (fanout=2)        0.762   u/GND_2_o_GND_2_o_equal_4_o<15>
    SLICE_X37Y18.A       Tilo                  0.259   u/GND_2_o_GND_2_o_equal_4_o<15>1
                                                       u/led_reset1
    V16.O                net (fanout=1)        3.149   led_reset_OBUF
    V16.PAD              Tioop                 2.982   led_reset
                                                       led_reset_OBUF
                                                       led_reset
    -------------------------------------------------  ---------------------------
    Total                                      8.394ns (3.930ns logic, 4.464ns route)
                                                       (46.8% logic, 53.2% route)

--------------------------------------------------------------------------------
Offset:                 12.158ns (clock path + data path + uncertainty)
  Source:               u/campaign/error_count_11 (FF)
  Destination:          led_reset (PAD)
  Source Clock:         clk_100mhz_BUFGP rising at 0.000ns
  Data Path Delay:      8.184ns (Levels of Logic = 3)
  Clock Path Delay:     3.949ns (Levels of Logic = 2)
  Clock Uncertainty:    0.025ns

  Clock Uncertainty:          0.025ns  ((TSJ^2 + TIJ^2)^1/2 + DJ) / 2 + PE
    Total System Jitter (TSJ):  0.050ns
    Total Input Jitter (TIJ):   0.000ns
    Discrete Jitter (DJ):       0.000ns
    Phase Error (PE):           0.000ns

  Maximum Clock Path at Slow Process Corner: clk_100mhz to u/campaign/error_count_11
    Location             Delay type         Delay(ns)  Physical Resource
                                                       Logical Resource(s)
    -------------------------------------------------  -------------------
    V10.I                Tiopi                 1.557   clk_100mhz
                                                       clk_100mhz
                                                       clk_100mhz_BUFGP/IBUFG
                                                       ProtoComp132.IMUX
    BUFGMUX_X3Y13.I0     net (fanout=1)        1.050   clk_100mhz_BUFGP/IBUFG
    BUFGMUX_X3Y13.O      Tgi0o                 0.209   clk_100mhz_BUFGP/BUFG
                                                       clk_100mhz_BUFGP/BUFG
    SLICE_X34Y19.CLK     net (fanout=263)      1.133   clk_100mhz_BUFGP
    -------------------------------------------------  ---------------------------
    Total                                      3.949ns (1.766ns logic, 2.183ns route)
                                                       (44.7% logic, 55.3% route)

  Maximum Data Path at Slow Process Corner: u/campaign/error_count_11 to led_reset
    Location             Delay type         Delay(ns)  Physical Resource
                                                       Logical Resource(s)
    -------------------------------------------------  -------------------
    SLICE_X34Y19.AQ      Tcko                  0.525   u/error_count<14>
                                                       u/campaign/error_count_11
    SLICE_X37Y18.B1      net (fanout=3)        0.774   u/error_count<11>
    SLICE_X37Y18.B       Tilo                  0.259   u/GND_2_o_GND_2_o_equal_4_o<15>1
                                                       u/GND_2_o_GND_2_o_equal_4_o<15>2
    SLICE_X37Y18.A5      net (fanout=2)        0.236   u/GND_2_o_GND_2_o_equal_4_o<15>1
    SLICE_X37Y18.A       Tilo                  0.259   u/GND_2_o_GND_2_o_equal_4_o<15>1
                                                       u/led_reset1
    V16.O                net (fanout=1)        3.149   led_reset_OBUF
    V16.PAD              Tioop                 2.982   led_reset
                                                       led_reset_OBUF
                                                       led_reset
    -------------------------------------------------  ---------------------------
    Total                                      8.184ns (4.025ns logic, 4.159ns route)
                                                       (49.2% logic, 50.8% route)

--------------------------------------------------------------------------------
Offset:                 12.037ns (clock path + data path + uncertainty)
  Source:               u/campaign/error_count_6 (FF)
  Destination:          led_reset (PAD)
  Source Clock:         clk_100mhz_BUFGP rising at 0.000ns
  Data Path Delay:      8.059ns (Levels of Logic = 3)
  Clock Path Delay:     3.953ns (Levels of Logic = 2)
  Clock Uncertainty:    0.025ns

  Clock Uncertainty:          0.025ns  ((TSJ^2 + TIJ^2)^1/2 + DJ) / 2 + PE
    Total System Jitter (TSJ):  0.050ns
    Total Input Jitter (TIJ):   0.000ns
    Discrete Jitter (DJ):       0.000ns
    Phase Error (PE):           0.000ns

  Maximum Clock Path at Slow Process Corner: clk_100mhz to u/campaign/error_count_6
    Location             Delay type         Delay(ns)  Physical Resource
                                                       Logical Resource(s)
    -------------------------------------------------  -------------------
    V10.I                Tiopi                 1.557   clk_100mhz
                                                       clk_100mhz
                                                       clk_100mhz_BUFGP/IBUFG
                                                       ProtoComp132.IMUX
    BUFGMUX_X3Y13.I0     net (fanout=1)        1.050   clk_100mhz_BUFGP/IBUFG
    BUFGMUX_X3Y13.O      Tgi0o                 0.209   clk_100mhz_BUFGP/BUFG
                                                       clk_100mhz_BUFGP/BUFG
    SLICE_X37Y17.CLK     net (fanout=263)      1.137   clk_100mhz_BUFGP
    -------------------------------------------------  ---------------------------
    Total                                      3.953ns (1.766ns logic, 2.187ns route)
                                                       (44.7% logic, 55.3% route)

  Maximum Data Path at Slow Process Corner: u/campaign/error_count_6 to led_reset
    Location             Delay type         Delay(ns)  Physical Resource
                                                       Logical Resource(s)
    -------------------------------------------------  -------------------
    SLICE_X37Y17.DQ      Tcko                  0.430   u/error_count<6>
                                                       u/campaign/error_count_6
    SLICE_X37Y18.B2      net (fanout=3)        0.744   u/error_count<6>
    SLICE_X37Y18.B       Tilo                  0.259   u/GND_2_o_GND_2_o_equal_4_o<15>1
                                                       u/GND_2_o_GND_2_o_equal_4_o<15>2
    SLICE_X37Y18.A5      net (fanout=2)        0.236   u/GND_2_o_GND_2_o_equal_4_o<15>1
    SLICE_X37Y18.A       Tilo                  0.259   u/GND_2_o_GND_2_o_equal_4_o<15>1
                                                       u/led_reset1
    V16.O                net (fanout=1)        3.149   led_reset_OBUF
    V16.PAD              Tioop                 2.982   led_reset
                                                       led_reset_OBUF
                                                       led_reset
    -------------------------------------------------  ---------------------------
    Total                                      8.059ns (3.930ns logic, 4.129ns route)
                                                       (48.8% logic, 51.2% route)

--------------------------------------------------------------------------------
Offset:                 11.978ns (clock path + data path + uncertainty)
  Source:               u/campaign/error_count_9 (FF)
  Destination:          led_reset (PAD)
  Source Clock:         clk_100mhz_BUFGP rising at 0.000ns
  Data Path Delay:      8.002ns (Levels of Logic = 3)
  Clock Path Delay:     3.951ns (Levels of Logic = 2)
  Clock Uncertainty:    0.025ns

  Clock Uncertainty:          0.025ns  ((TSJ^2 + TIJ^2)^1/2 + DJ) / 2 + PE
    Total System Jitter (TSJ):  0.050ns
    Total Input Jitter (TIJ):   0.000ns
    Discrete Jitter (DJ):       0.000ns
    Phase Error (PE):           0.000ns

  Maximum Clock Path at Slow Process Corner: clk_100mhz to u/campaign/error_count_9
    Location             Delay type         Delay(ns)  Physical Resource
                                                       Logical Resource(s)
    -------------------------------------------------  -------------------
    V10.I                Tiopi                 1.557   clk_100mhz
                                                       clk_100mhz
                                                       clk_100mhz_BUFGP/IBUFG
                                                       ProtoComp132.IMUX
    BUFGMUX_X3Y13.I0     net (fanout=1)        1.050   clk_100mhz_BUFGP/IBUFG
    BUFGMUX_X3Y13.O      Tgi0o                 0.209   clk_100mhz_BUFGP/BUFG
                                                       clk_100mhz_BUFGP/BUFG
    SLICE_X34Y18.CLK     net (fanout=263)      1.135   clk_100mhz_BUFGP
    -------------------------------------------------  ---------------------------
    Total                                      3.951ns (1.766ns logic, 2.185ns route)
                                                       (44.7% logic, 55.3% route)

  Maximum Data Path at Slow Process Corner: u/campaign/error_count_9 to led_reset
    Location             Delay type         Delay(ns)  Physical Resource
                                                       Logical Resource(s)
    -------------------------------------------------  -------------------
    SLICE_X34Y18.CQ      Tcko                  0.525   u/error_count<10>
                                                       u/campaign/error_count_9
    SLICE_X37Y18.B3      net (fanout=3)        0.592   u/error_count<9>
    SLICE_X37Y18.B       Tilo                  0.259   u/GND_2_o_GND_2_o_equal_4_o<15>1
                                                       u/GND_2_o_GND_2_o_equal_4_o<15>2
    SLICE_X37Y18.A5      net (fanout=2)        0.236   u/GND_2_o_GND_2_o_equal_4_o<15>1
    SLICE_X37Y18.A       Tilo                  0.259   u/GND_2_o_GND_2_o_equal_4_o<15>1
                                                       u/led_reset1
    V16.O                net (fanout=1)        3.149   led_reset_OBUF
    V16.PAD              Tioop                 2.982   led_reset
                                                       led_reset_OBUF
                                                       led_reset
    -------------------------------------------------  ---------------------------
    Total                                      8.002ns (4.025ns logic, 3.977ns route)
                                                       (50.3% logic, 49.7% route)

--------------------------------------------------------------------------------
Offset:                 11.959ns (clock path + data path + uncertainty)
  Source:               u/campaign/error_count_8 (FF)
  Destination:          led_reset (PAD)
  Source Clock:         clk_100mhz_BUFGP rising at 0.000ns
  Data Path Delay:      7.983ns (Levels of Logic = 3)
  Clock Path Delay:     3.951ns (Levels of Logic = 2)
  Clock Uncertainty:    0.025ns

  Clock Uncertainty:          0.025ns  ((TSJ^2 + TIJ^2)^1/2 + DJ) / 2 + PE
    Total System Jitter (TSJ):  0.050ns
    Total Input Jitter (TIJ):   0.000ns
    Discrete Jitter (DJ):       0.000ns
    Phase Error (PE):           0.000ns

  Maximum Clock Path at Slow Process Corner: clk_100mhz to u/campaign/error_count_8
    Location             Delay type         Delay(ns)  Physical Resource
                                                       Logical Resource(s)
    -------------------------------------------------  -------------------
    V10.I                Tiopi                 1.557   clk_100mhz
                                                       clk_100mhz
                                                       clk_100mhz_BUFGP/IBUFG
                                                       ProtoComp132.IMUX
    BUFGMUX_X3Y13.I0     net (fanout=1)        1.050   clk_100mhz_BUFGP/IBUFG
    BUFGMUX_X3Y13.O      Tgi0o                 0.209   clk_100mhz_BUFGP/BUFG
                                                       clk_100mhz_BUFGP/BUFG
    SLICE_X34Y18.CLK     net (fanout=263)      1.135   clk_100mhz_BUFGP
    -------------------------------------------------  ---------------------------
    Total                                      3.951ns (1.766ns logic, 2.185ns route)
                                                       (44.7% logic, 55.3% route)

  Maximum Data Path at Slow Process Corner: u/campaign/error_count_8 to led_reset
    Location             Delay type         Delay(ns)  Physical Resource
                                                       Logical Resource(s)
    -------------------------------------------------  -------------------
    SLICE_X34Y18.BQ      Tcko                  0.525   u/error_count<10>
                                                       u/campaign/error_count_8
    SLICE_X37Y18.B4      net (fanout=3)        0.573   u/error_count<8>
    SLICE_X37Y18.B       Tilo                  0.259   u/GND_2_o_GND_2_o_equal_4_o<15>1
                                                       u/GND_2_o_GND_2_o_equal_4_o<15>2
    SLICE_X37Y18.A5      net (fanout=2)        0.236   u/GND_2_o_GND_2_o_equal_4_o<15>1
    SLICE_X37Y18.A       Tilo                  0.259   u/GND_2_o_GND_2_o_equal_4_o<15>1
                                                       u/led_reset1
    V16.O                net (fanout=1)        3.149   led_reset_OBUF
    V16.PAD              Tioop                 2.982   led_reset
                                                       led_reset_OBUF
                                                       led_reset
    -------------------------------------------------  ---------------------------
    Total                                      7.983ns (4.025ns logic, 3.958ns route)
                                                       (50.4% logic, 49.6% route)

--------------------------------------------------------------------------------

Paths for end point uart_tx (N18.PAD), 1 path
--------------------------------------------------------------------------------
Offset:                 11.278ns (clock path + data path + uncertainty)
  Source:               u/campaign/uart/tx (FF)
  Destination:          uart_tx (PAD)
  Source Clock:         clk_100mhz_BUFGP rising at 0.000ns
  Data Path Delay:      7.304ns (Levels of Logic = 1)
  Clock Path Delay:     3.949ns (Levels of Logic = 2)
  Clock Uncertainty:    0.025ns

  Clock Uncertainty:          0.025ns  ((TSJ^2 + TIJ^2)^1/2 + DJ) / 2 + PE
    Total System Jitter (TSJ):  0.050ns
    Total Input Jitter (TIJ):   0.000ns
    Discrete Jitter (DJ):       0.000ns
    Phase Error (PE):           0.000ns

  Maximum Clock Path at Slow Process Corner: clk_100mhz to u/campaign/uart/tx
    Location             Delay type         Delay(ns)  Physical Resource
                                                       Logical Resource(s)
    -------------------------------------------------  -------------------
    V10.I                Tiopi                 1.557   clk_100mhz
                                                       clk_100mhz
                                                       clk_100mhz_BUFGP/IBUFG
                                                       ProtoComp132.IMUX
    BUFGMUX_X3Y13.I0     net (fanout=1)        1.050   clk_100mhz_BUFGP/IBUFG
    BUFGMUX_X3Y13.O      Tgi0o                 0.209   clk_100mhz_BUFGP/BUFG
                                                       clk_100mhz_BUFGP/BUFG
    SLICE_X34Y44.CLK     net (fanout=263)      1.133   clk_100mhz_BUFGP
    -------------------------------------------------  ---------------------------
    Total                                      3.949ns (1.766ns logic, 2.183ns route)
                                                       (44.7% logic, 55.3% route)

  Maximum Data Path at Slow Process Corner: u/campaign/uart/tx to uart_tx
    Location             Delay type         Delay(ns)  Physical Resource
                                                       Logical Resource(s)
    -------------------------------------------------  -------------------
    SLICE_X34Y44.AQ      Tcko                  0.525   uart_tx_OBUF
                                                       u/campaign/uart/tx
    N18.O                net (fanout=1)        3.797   uart_tx_OBUF
    N18.PAD              Tioop                 2.982   uart_tx
                                                       uart_tx_OBUF
                                                       uart_tx
    -------------------------------------------------  ---------------------------
    Total                                      7.304ns (3.507ns logic, 3.797ns route)
                                                       (48.0% logic, 52.0% route)

--------------------------------------------------------------------------------

================================================================================
Timing constraint: Unconstrained path analysis 

 1000 paths analyzed, 1000 endpoints analyzed, 0 failing endpoints
 0 timing errors detected. (0 setup errors, 0 hold errors)
 Maximum delay is   3.953ns.
--------------------------------------------------------------------------------

Paths for end point u/campaign/kernel/kernel_cycle_counter_8 (SLICE_X34Y31.CLK), 1 path
--------------------------------------------------------------------------------
Delay:                  3.953ns (data path)
  Source:               clk_100mhz (PAD)
  Destination:          u/campaign/kernel/kernel_cycle_counter_8 (FF)
  Data Path Delay:      3.953ns (Levels of Logic = 2)

  Maximum Data Path at Slow Process Corner: clk_100mhz to u/campaign/kernel/kernel_cycle_counter_8
    Location             Delay type         Delay(ns)  Physical Resource
                                                       Logical Resource(s)
    -------------------------------------------------  -------------------
    V10.I                Tiopi                 1.557   clk_100mhz
                                                       clk_100mhz
                                                       clk_100mhz_BUFGP/IBUFG
                                                       ProtoComp132.IMUX
    BUFGMUX_X3Y13.I0     net (fanout=1)        1.050   clk_100mhz_BUFGP/IBUFG
    BUFGMUX_X3Y13.O      Tgi0o                 0.209   clk_100mhz_BUFGP/BUFG
                                                       clk_100mhz_BUFGP/BUFG
    SLICE_X34Y31.CLK     net (fanout=263)      1.137   clk_100mhz_BUFGP
    -------------------------------------------------  ---------------------------
    Total                                      3.953ns (1.766ns logic, 2.187ns route)
                                                       (44.7% logic, 55.3% route)

--------------------------------------------------------------------------------

Paths for end point u/campaign/kernel/kernel_cycle_counter_9 (SLICE_X34Y31.CLK), 1 path
--------------------------------------------------------------------------------
Delay:                  3.953ns (data path)
  Source:               clk_100mhz (PAD)
  Destination:          u/campaign/kernel/kernel_cycle_counter_9 (FF)
  Data Path Delay:      3.953ns (Levels of Logic = 2)

  Maximum Data Path at Slow Process Corner: clk_100mhz to u/campaign/kernel/kernel_cycle_counter_9
    Location             Delay type         Delay(ns)  Physical Resource
                                                       Logical Resource(s)
    -------------------------------------------------  -------------------
    V10.I                Tiopi                 1.557   clk_100mhz
                                                       clk_100mhz
                                                       clk_100mhz_BUFGP/IBUFG
                                                       ProtoComp132.IMUX
    BUFGMUX_X3Y13.I0     net (fanout=1)        1.050   clk_100mhz_BUFGP/IBUFG
    BUFGMUX_X3Y13.O      Tgi0o                 0.209   clk_100mhz_BUFGP/BUFG
                                                       clk_100mhz_BUFGP/BUFG
    SLICE_X34Y31.CLK     net (fanout=263)      1.137   clk_100mhz_BUFGP
    -------------------------------------------------  ---------------------------
    Total                                      3.953ns (1.766ns logic, 2.187ns route)
                                                       (44.7% logic, 55.3% route)

--------------------------------------------------------------------------------

Paths for end point u/campaign/kernel/kernel_cycle_counter_10 (SLICE_X34Y31.CLK), 1 path
--------------------------------------------------------------------------------
Delay:                  3.953ns (data path)
  Source:               clk_100mhz (PAD)
  Destination:          u/campaign/kernel/kernel_cycle_counter_10 (FF)
  Data Path Delay:      3.953ns (Levels of Logic = 2)

  Maximum Data Path at Slow Process Corner: clk_100mhz to u/campaign/kernel/kernel_cycle_counter_10
    Location             Delay type         Delay(ns)  Physical Resource
                                                       Logical Resource(s)
    -------------------------------------------------  -------------------
    V10.I                Tiopi                 1.557   clk_100mhz
                                                       clk_100mhz
                                                       clk_100mhz_BUFGP/IBUFG
                                                       ProtoComp132.IMUX
    BUFGMUX_X3Y13.I0     net (fanout=1)        1.050   clk_100mhz_BUFGP/IBUFG
    BUFGMUX_X3Y13.O      Tgi0o                 0.209   clk_100mhz_BUFGP/BUFG
                                                       clk_100mhz_BUFGP/BUFG
    SLICE_X34Y31.CLK     net (fanout=263)      1.137   clk_100mhz_BUFGP
    -------------------------------------------------  ---------------------------
    Total                                      3.953ns (1.766ns logic, 2.187ns route)
                                                       (44.7% logic, 55.3% route)

--------------------------------------------------------------------------------

Paths for end point u/campaign/kernel/kernel_cycle_counter_11 (SLICE_X34Y31.CLK), 1 path
--------------------------------------------------------------------------------
Delay:                  3.953ns (data path)
  Source:               clk_100mhz (PAD)
  Destination:          u/campaign/kernel/kernel_cycle_counter_11 (FF)
  Data Path Delay:      3.953ns (Levels of Logic = 2)

  Maximum Data Path at Slow Process Corner: clk_100mhz to u/campaign/kernel/kernel_cycle_counter_11
    Location             Delay type         Delay(ns)  Physical Resource
                                                       Logical Resource(s)
    -------------------------------------------------  -------------------
    V10.I                Tiopi                 1.557   clk_100mhz
                                                       clk_100mhz
                                                       clk_100mhz_BUFGP/IBUFG
                                                       ProtoComp132.IMUX
    BUFGMUX_X3Y13.I0     net (fanout=1)        1.050   clk_100mhz_BUFGP/IBUFG
    BUFGMUX_X3Y13.O      Tgi0o                 0.209   clk_100mhz_BUFGP/BUFG
                                                       clk_100mhz_BUFGP/BUFG
    SLICE_X34Y31.CLK     net (fanout=263)      1.137   clk_100mhz_BUFGP
    -------------------------------------------------  ---------------------------
    Total                                      3.953ns (1.766ns logic, 2.187ns route)
                                                       (44.7% logic, 55.3% route)

--------------------------------------------------------------------------------

Paths for end point u/campaign/error_count_3 (SLICE_X37Y17.CLK), 1 path
--------------------------------------------------------------------------------
Delay:                  3.953ns (data path)
  Source:               clk_100mhz (PAD)
  Destination:          u/campaign/error_count_3 (FF)
  Data Path Delay:      3.953ns (Levels of Logic = 2)

  Maximum Data Path at Slow Process Corner: clk_100mhz to u/campaign/error_count_3
    Location             Delay type         Delay(ns)  Physical Resource
                                                       Logical Resource(s)
    -------------------------------------------------  -------------------
    V10.I                Tiopi                 1.557   clk_100mhz
                                                       clk_100mhz
                                                       clk_100mhz_BUFGP/IBUFG
                                                       ProtoComp132.IMUX
    BUFGMUX_X3Y13.I0     net (fanout=1)        1.050   clk_100mhz_BUFGP/IBUFG
    BUFGMUX_X3Y13.O      Tgi0o                 0.209   clk_100mhz_BUFGP/BUFG
                                                       clk_100mhz_BUFGP/BUFG
    SLICE_X37Y17.CLK     net (fanout=263)      1.137   clk_100mhz_BUFGP
    -------------------------------------------------  ---------------------------
    Total                                      3.953ns (1.766ns logic, 2.187ns route)
                                                       (44.7% logic, 55.3% route)

--------------------------------------------------------------------------------

Paths for end point u/campaign/error_count_4 (SLICE_X37Y17.CLK), 1 path
--------------------------------------------------------------------------------
Delay:                  3.953ns (data path)
  Source:               clk_100mhz (PAD)
  Destination:          u/campaign/error_count_4 (FF)
  Data Path Delay:      3.953ns (Levels of Logic = 2)

  Maximum Data Path at Slow Process Corner: clk_100mhz to u/campaign/error_count_4
    Location             Delay type         Delay(ns)  Physical Resource
                                                       Logical Resource(s)
    -------------------------------------------------  -------------------
    V10.I                Tiopi                 1.557   clk_100mhz
                                                       clk_100mhz
                                                       clk_100mhz_BUFGP/IBUFG
                                                       ProtoComp132.IMUX
    BUFGMUX_X3Y13.I0     net (fanout=1)        1.050   clk_100mhz_BUFGP/IBUFG
    BUFGMUX_X3Y13.O      Tgi0o                 0.209   clk_100mhz_BUFGP/BUFG
                                                       clk_100mhz_BUFGP/BUFG
    SLICE_X37Y17.CLK     net (fanout=263)      1.137   clk_100mhz_BUFGP
    -------------------------------------------------  ---------------------------
    Total                                      3.953ns (1.766ns logic, 2.187ns route)
                                                       (44.7% logic, 55.3% route)

--------------------------------------------------------------------------------

Paths for end point u/campaign/error_count_5 (SLICE_X37Y17.CLK), 1 path
--------------------------------------------------------------------------------
Delay:                  3.953ns (data path)
  Source:               clk_100mhz (PAD)
  Destination:          u/campaign/error_count_5 (FF)
  Data Path Delay:      3.953ns (Levels of Logic = 2)

  Maximum Data Path at Slow Process Corner: clk_100mhz to u/campaign/error_count_5
    Location             Delay type         Delay(ns)  Physical Resource
                                                       Logical Resource(s)
    -------------------------------------------------  -------------------
    V10.I                Tiopi                 1.557   clk_100mhz
                                                       clk_100mhz
                                                       clk_100mhz_BUFGP/IBUFG
                                                       ProtoComp132.IMUX
    BUFGMUX_X3Y13.I0     net (fanout=1)        1.050   clk_100mhz_BUFGP/IBUFG
    BUFGMUX_X3Y13.O      Tgi0o                 0.209   clk_100mhz_BUFGP/BUFG
                                                       clk_100mhz_BUFGP/BUFG
    SLICE_X37Y17.CLK     net (fanout=263)      1.137   clk_100mhz_BUFGP
    -------------------------------------------------  ---------------------------
    Total                                      3.953ns (1.766ns logic, 2.187ns route)
                                                       (44.7% logic, 55.3% route)

--------------------------------------------------------------------------------

Paths for end point u/campaign/error_count_6 (SLICE_X37Y17.CLK), 1 path
--------------------------------------------------------------------------------
Delay:                  3.953ns (data path)
  Source:               clk_100mhz (PAD)
  Destination:          u/campaign/error_count_6 (FF)
  Data Path Delay:      3.953ns (Levels of Logic = 2)

  Maximum Data Path at Slow Process Corner: clk_100mhz to u/campaign/error_count_6
    Location             Delay type         Delay(ns)  Physical Resource
                                                       Logical Resource(s)
    -------------------------------------------------  -------------------
    V10.I                Tiopi                 1.557   clk_100mhz
                                                       clk_100mhz
                                                       clk_100mhz_BUFGP/IBUFG
                                                       ProtoComp132.IMUX
    BUFGMUX_X3Y13.I0     net (fanout=1)        1.050   clk_100mhz_BUFGP/IBUFG
    BUFGMUX_X3Y13.O      Tgi0o                 0.209   clk_100mhz_BUFGP/BUFG
                                                       clk_100mhz_BUFGP/BUFG
    SLICE_X37Y17.CLK     net (fanout=263)      1.137   clk_100mhz_BUFGP
    -------------------------------------------------  ---------------------------
    Total                                      3.953ns (1.766ns logic, 2.187ns route)
                                                       (44.7% logic, 55.3% route)

--------------------------------------------------------------------------------

Paths for end point u/campaign/kernel/core/evaluator_i/scaled_difference_reg_0 (SLICE_X0Y16.CLK), 1 path
--------------------------------------------------------------------------------
Delay:                  3.952ns (data path)
  Source:               clk_100mhz (PAD)
  Destination:          u/campaign/kernel/core/evaluator_i/scaled_difference_reg_0 (FF)
  Data Path Delay:      3.952ns (Levels of Logic = 2)

  Maximum Data Path at Slow Process Corner: clk_100mhz to u/campaign/kernel/core/evaluator_i/scaled_difference_reg_0
    Location             Delay type         Delay(ns)  Physical Resource
                                                       Logical Resource(s)
    -------------------------------------------------  -------------------
    V10.I                Tiopi                 1.557   clk_100mhz
                                                       clk_100mhz
                                                       clk_100mhz_BUFGP/IBUFG
                                                       ProtoComp132.IMUX
    BUFGMUX_X3Y13.I0     net (fanout=1)        1.050   clk_100mhz_BUFGP/IBUFG
    BUFGMUX_X3Y13.O      Tgi0o                 0.209   clk_100mhz_BUFGP/BUFG
                                                       clk_100mhz_BUFGP/BUFG
    SLICE_X0Y16.CLK      net (fanout=263)      1.136   clk_100mhz_BUFGP
    -------------------------------------------------  ---------------------------
    Total                                      3.952ns (1.766ns logic, 2.186ns route)
                                                       (44.7% logic, 55.3% route)

--------------------------------------------------------------------------------

Paths for end point u/campaign/kernel/core/evaluator_i/scaled_difference_reg_1 (SLICE_X0Y16.CLK), 1 path
--------------------------------------------------------------------------------
Delay:                  3.952ns (data path)
  Source:               clk_100mhz (PAD)
  Destination:          u/campaign/kernel/core/evaluator_i/scaled_difference_reg_1 (FF)
  Data Path Delay:      3.952ns (Levels of Logic = 2)

  Maximum Data Path at Slow Process Corner: clk_100mhz to u/campaign/kernel/core/evaluator_i/scaled_difference_reg_1
    Location             Delay type         Delay(ns)  Physical Resource
                                                       Logical Resource(s)
    -------------------------------------------------  -------------------
    V10.I                Tiopi                 1.557   clk_100mhz
                                                       clk_100mhz
                                                       clk_100mhz_BUFGP/IBUFG
                                                       ProtoComp132.IMUX
    BUFGMUX_X3Y13.I0     net (fanout=1)        1.050   clk_100mhz_BUFGP/IBUFG
    BUFGMUX_X3Y13.O      Tgi0o                 0.209   clk_100mhz_BUFGP/BUFG
                                                       clk_100mhz_BUFGP/BUFG
    SLICE_X0Y16.CLK      net (fanout=263)      1.136   clk_100mhz_BUFGP
    -------------------------------------------------  ---------------------------
    Total                                      3.952ns (1.766ns logic, 2.186ns route)
                                                       (44.7% logic, 55.3% route)

--------------------------------------------------------------------------------


All constraints were met.


Data Sheet report:
-----------------
All values displayed in nanoseconds (ns)

Setup/Hold to clock clk_100mhz
------------+------------+------------+------------+------------+------------------+--------+
            |Max Setup to|  Process   |Max Hold to |  Process   |                  | Clock  |
Source      | clk (edge) |   Corner   | clk (edge) |   Corner   |Internal Clock(s) | Phase  |
------------+------------+------------+------------+------------+------------------+--------+
btn_reset   |    9.571(R)|      SLOW  |   -0.433(R)|      FAST  |clk_100mhz_BUFGP  |   0.000|
------------+------------+------------+------------+------------+------------------+--------+

Clock clk_100mhz to Pad
-------------+-----------------+------------+-----------------+------------+------------------+--------+
             |Max (slowest) clk|  Process   |Min (fastest) clk|  Process   |                  | Clock  |
Destination  |  (edge) to PAD  |   Corner   |  (edge) to PAD  |   Corner   |Internal Clock(s) | Phase  |
-------------+-----------------+------------+-----------------+------------+------------------+--------+
an_n<0>      |        10.579(R)|      SLOW  |         4.830(R)|      FAST  |clk_100mhz_BUFGP  |   0.000|
an_n<1>      |        10.593(R)|      SLOW  |         4.846(R)|      FAST  |clk_100mhz_BUFGP  |   0.000|
an_n<2>      |        10.561(R)|      SLOW  |         4.802(R)|      FAST  |clk_100mhz_BUFGP  |   0.000|
an_n<3>      |        10.821(R)|      SLOW  |         4.949(R)|      FAST  |clk_100mhz_BUFGP  |   0.000|
led_heartbeat|        14.248(R)|      SLOW  |         5.549(R)|      FAST  |clk_100mhz_BUFGP  |   0.000|
led_reset    |        12.638(R)|      SLOW  |         5.397(R)|      FAST  |clk_100mhz_BUFGP  |   0.000|
seg_n<0>     |        15.120(R)|      SLOW  |         5.211(R)|      FAST  |clk_100mhz_BUFGP  |   0.000|
seg_n<1>     |        15.165(R)|      SLOW  |         5.234(R)|      FAST  |clk_100mhz_BUFGP  |   0.000|
seg_n<2>     |        15.992(R)|      SLOW  |         5.329(R)|      FAST  |clk_100mhz_BUFGP  |   0.000|
seg_n<3>     |        15.476(R)|      SLOW  |         5.345(R)|      FAST  |clk_100mhz_BUFGP  |   0.000|
seg_n<4>     |        15.759(R)|      SLOW  |         5.221(R)|      FAST  |clk_100mhz_BUFGP  |   0.000|
seg_n<5>     |        15.743(R)|      SLOW  |         5.182(R)|      FAST  |clk_100mhz_BUFGP  |   0.000|
seg_n<6>     |        15.820(R)|      SLOW  |         5.537(R)|      FAST  |clk_100mhz_BUFGP  |   0.000|
uart_tx      |        11.278(R)|      SLOW  |         5.325(R)|      FAST  |clk_100mhz_BUFGP  |   0.000|
-------------+-----------------+------------+-----------------+------------+------------------+--------+

Clock to Setup on destination clock clk_100mhz
---------------+---------+---------+---------+---------+
               | Src:Rise| Src:Fall| Src:Rise| Src:Fall|
Source Clock   |Dest:Rise|Dest:Rise|Dest:Fall|Dest:Fall|
---------------+---------+---------+---------+---------+
clk_100mhz     |    9.299|         |         |         |
---------------+---------+---------+---------+---------+


Timing summary:
---------------

Timing errors: 0  Score: 0  (Setup/Max: 0, Hold: 0)

Constraints cover 4481155 paths, 0 nets, and 7623 connections

Design statistics:
   Minimum period:   9.299ns{1}   (Maximum frequency: 107.538MHz)
   Maximum combinational path delay:   3.953ns
   Minimum input required time before clock:   9.571ns
   Maximum output delay after clock:  15.992ns


------------------------------------Footnotes-----------------------------------
1)  The minimum period statistic assumes all single cycle delays.

Analysis completed Wed Jul 22 03:07:27 2026 
--------------------------------------------------------------------------------

Trace Settings:
-------------------------
Trace Settings 

Peak Memory Usage: 411 MB



