--------------------------------------------------------------------------------
Release 14.7 Trace  (lin64)
Copyright (c) 1995-2013 Xilinx, Inc.  All rights reserved.

/mnt/xilinx-ise14.7/Xilinx/14.7/ISE_DS/ISE/bin/lin64/unwrapped/trce -v 10 -n 10
-u 10 p6_h2_routed.ncd p6_h2.pcf -o p6_h2.twr

Design file:              p6_h2_routed.ncd
Physical constraint file: p6_h2.pcf
Device,package,speed:     xc6slx16,csg324,C,-2 (PRODUCTION 1.23 2013-10-13)
Report level:             verbose report, limited to 10 items per endpoint, 10 endpoints per constraint
                          unconstrained path report, limited to 10 items per endpoint, 10 endpoints per path report

Environment Variable      Effect 
--------------------      ------ 
NONE                      No environment variables were set
--------------------------------------------------------------------------------

INFO:Timing:3386 - Intersecting Constraints found and resolved.  For more 
   information, see the TSI report.  Please consult the Xilinx Command Line 
   Tools User Guide for information on generating a TSI report.
INFO:Timing:3412 - To improve timing, see the Timing Closure User Guide (UG612).
INFO:Timing:3339 - The clock-to-out numbers in this timing report are based on 
   a 50 Ohm transmission line loading model.  For the details of this model, 
   and for more information on accounting for different loading conditions, 
   please see the device datasheet.

================================================================================
Timing constraint: TS_P6_CLK = PERIOD TIMEGRP "P6_CLK" 10 ns HIGH 50%;
For more information, see Period Analysis in the Timing Closure User Guide (UG612).

 14258734 paths analyzed, 4171 endpoints analyzed, 0 failing endpoints
 0 timing errors detected. (0 setup errors, 0 hold errors, 0 component switching limit errors)
 Minimum period is   9.724ns.
--------------------------------------------------------------------------------

Paths for end point u/campaign/kernel/core/evaluator_i/selected_score_4 (SLICE_X23Y15.B6), 754782 paths
--------------------------------------------------------------------------------
Slack:                  0.276ns (requirement - (data path - clock path skew + uncertainty))
  Source:               u/campaign/kernel/core/evaluator_i/n02_4 (FF)
  Destination:          u/campaign/kernel/core/evaluator_i/selected_score_4 (FF)
  Requirement:          10.000ns
  Data Path Delay:      9.686ns (Levels of Logic = 8)
  Clock Path Skew:      -0.003ns (0.196 - 0.199)
  Source Clock:         clk_100mhz_BUFGP rising at 0.000ns
  Destination Clock:    clk_100mhz_BUFGP rising at 10.000ns
  Clock Uncertainty:    0.035ns

  Clock Uncertainty:          0.035ns  ((TSJ^2 + TIJ^2)^1/2 + DJ) / 2 + PE
    Total System Jitter (TSJ):  0.070ns
    Total Input Jitter (TIJ):   0.000ns
    Discrete Jitter (DJ):       0.000ns
    Phase Error (PE):           0.000ns

  Maximum Data Path at Slow Process Corner: u/campaign/kernel/core/evaluator_i/n02_4 to u/campaign/kernel/core/evaluator_i/selected_score_4
    Location             Delay type         Delay(ns)  Physical Resource
                                                       Logical Resource(s)
    -------------------------------------------------  -------------------
    SLICE_X23Y10.AQ      Tcko                  0.430   u/campaign/kernel/core/evaluator_i/n02<7>
                                                       u/campaign/kernel/core/evaluator_i/n02_4
    SLICE_X22Y10.A2      net (fanout=1)        1.171   u/campaign/kernel/core/evaluator_i/n02<4>
    SLICE_X22Y10.COUT    Topcya                0.482   u/campaign/kernel/core/evaluator_i/Mmux_p023_rs_cy<7>
                                                       u/campaign/kernel/core/evaluator_i/Mmux_p023_A121
                                                       u/campaign/kernel/core/evaluator_i/Mmux_p023_rs_cy<7>
    SLICE_X22Y11.CIN     net (fanout=1)        0.003   u/campaign/kernel/core/evaluator_i/Mmux_p023_rs_cy<7>
    SLICE_X22Y11.BMUX    Tcinb                 0.310   u/campaign/kernel/core/evaluator_i/Mmux_p023_rs_cy<11>
                                                       u/campaign/kernel/core/evaluator_i/Mmux_p023_rs_cy<11>
    SLICE_X24Y6.A3       net (fanout=3)        1.524   u/campaign/kernel/core/evaluator_i/Mmux_p023_split<9>
    SLICE_X24Y6.COUT     Topcya                0.495   u/campaign/kernel/core/evaluator_i/Mcompar_p02[17]_p01[17]_LessThan_30_o_cy<7>
                                                       u/campaign/kernel/core/evaluator_i/Mcompar_p02[17]_p01[17]_LessThan_30_o_lutdi4
                                                       u/campaign/kernel/core/evaluator_i/Mcompar_p02[17]_p01[17]_LessThan_30_o_cy<7>
    SLICE_X24Y7.CIN      net (fanout=1)        0.003   u/campaign/kernel/core/evaluator_i/Mcompar_p02[17]_p01[17]_LessThan_30_o_cy<7>
    SLICE_X24Y7.AMUX     Tcina                 0.240   u/campaign/kernel/core/evaluator_i/n12<4>
                                                       u/campaign/kernel/core/evaluator_i/Mcompar_p02[17]_p01[17]_LessThan_30_o_cy<8>
    SLICE_X23Y12.A2      net (fanout=19)       1.308   u/campaign/kernel/core/evaluator_i/p02[17]_p01[17]_LessThan_30_o
    SLICE_X23Y12.A       Tilo                  0.259   u/campaign/kernel/core/evaluator_i/quotient<11>
                                                       u/campaign/kernel/core/evaluator_i/Mmux_score091
    SLICE_X20Y15.A2      net (fanout=2)        1.310   u/campaign/kernel/core/evaluator_i/score0<17>
    SLICE_X20Y15.AMUX    Topaa                 0.456   u/campaign/kernel/core/evaluator_i/Mcompar_score0[17]_score1[17]_LessThan_38_o_cy<8>
                                                       u/campaign/kernel/core/evaluator_i/Mcompar_score0[17]_score1[17]_LessThan_38_o_lut<8>
                                                       u/campaign/kernel/core/evaluator_i/Mcompar_score0[17]_score1[17]_LessThan_38_o_cy<8>
    SLICE_X23Y16.C5      net (fanout=1)        0.461   u/campaign/kernel/core/evaluator_i/Mcompar_score0[17]_score1[17]_LessThan_38_o_cy<8>
    SLICE_X23Y16.C       Tilo                  0.259   u/campaign/kernel/core/b4_selected_slot<0>
                                                       u/campaign/kernel/core/evaluator_i/c0_wins
    SLICE_X23Y15.B6      net (fanout=18)       0.602   u/campaign/kernel/core/evaluator_i/c0_wins
    SLICE_X23Y15.CLK     Tas                   0.373   u/campaign/kernel/core/b4_selected_score<6>
                                                       u/campaign/kernel/core/evaluator_i/Mmux_score1[17]_GND_15_o_mux_131_OUT131
                                                       u/campaign/kernel/core/evaluator_i/selected_score_4
    -------------------------------------------------  ---------------------------
    Total                                      9.686ns (3.304ns logic, 6.382ns route)
                                                       (34.1% logic, 65.9% route)

--------------------------------------------------------------------------------
Slack:                  0.284ns (requirement - (data path - clock path skew + uncertainty))
  Source:               u/campaign/kernel/core/evaluator_i/n02_4 (FF)
  Destination:          u/campaign/kernel/core/evaluator_i/selected_score_4 (FF)
  Requirement:          10.000ns
  Data Path Delay:      9.678ns (Levels of Logic = 8)
  Clock Path Skew:      -0.003ns (0.196 - 0.199)
  Source Clock:         clk_100mhz_BUFGP rising at 0.000ns
  Destination Clock:    clk_100mhz_BUFGP rising at 10.000ns
  Clock Uncertainty:    0.035ns

  Clock Uncertainty:          0.035ns  ((TSJ^2 + TIJ^2)^1/2 + DJ) / 2 + PE
    Total System Jitter (TSJ):  0.070ns
    Total Input Jitter (TIJ):   0.000ns
    Discrete Jitter (DJ):       0.000ns
    Phase Error (PE):           0.000ns

  Maximum Data Path at Slow Process Corner: u/campaign/kernel/core/evaluator_i/n02_4 to u/campaign/kernel/core/evaluator_i/selected_score_4
    Location             Delay type         Delay(ns)  Physical Resource
                                                       Logical Resource(s)
    -------------------------------------------------  -------------------
    SLICE_X23Y10.AQ      Tcko                  0.430   u/campaign/kernel/core/evaluator_i/n02<7>
                                                       u/campaign/kernel/core/evaluator_i/n02_4
    SLICE_X22Y10.A2      net (fanout=1)        1.171   u/campaign/kernel/core/evaluator_i/n02<4>
    SLICE_X22Y10.COUT    Topcya                0.474   u/campaign/kernel/core/evaluator_i/Mmux_p023_rs_cy<7>
                                                       u/campaign/kernel/core/evaluator_i/Mmux_p023_A1211
                                                       u/campaign/kernel/core/evaluator_i/Mmux_p023_rs_cy<7>
    SLICE_X22Y11.CIN     net (fanout=1)        0.003   u/campaign/kernel/core/evaluator_i/Mmux_p023_rs_cy<7>
    SLICE_X22Y11.BMUX    Tcinb                 0.310   u/campaign/kernel/core/evaluator_i/Mmux_p023_rs_cy<11>
                                                       u/campaign/kernel/core/evaluator_i/Mmux_p023_rs_cy<11>
    SLICE_X24Y6.A3       net (fanout=3)        1.524   u/campaign/kernel/core/evaluator_i/Mmux_p023_split<9>
    SLICE_X24Y6.COUT     Topcya                0.495   u/campaign/kernel/core/evaluator_i/Mcompar_p02[17]_p01[17]_LessThan_30_o_cy<7>
                                                       u/campaign/kernel/core/evaluator_i/Mcompar_p02[17]_p01[17]_LessThan_30_o_lutdi4
                                                       u/campaign/kernel/core/evaluator_i/Mcompar_p02[17]_p01[17]_LessThan_30_o_cy<7>
    SLICE_X24Y7.CIN      net (fanout=1)        0.003   u/campaign/kernel/core/evaluator_i/Mcompar_p02[17]_p01[17]_LessThan_30_o_cy<7>
    SLICE_X24Y7.AMUX     Tcina                 0.240   u/campaign/kernel/core/evaluator_i/n12<4>
                                                       u/campaign/kernel/core/evaluator_i/Mcompar_p02[17]_p01[17]_LessThan_30_o_cy<8>
    SLICE_X23Y12.A2      net (fanout=19)       1.308   u/campaign/kernel/core/evaluator_i/p02[17]_p01[17]_LessThan_30_o
    SLICE_X23Y12.A       Tilo                  0.259   u/campaign/kernel/core/evaluator_i/quotient<11>
                                                       u/campaign/kernel/core/evaluator_i/Mmux_score091
    SLICE_X20Y15.A2      net (fanout=2)        1.310   u/campaign/kernel/core/evaluator_i/score0<17>
    SLICE_X20Y15.AMUX    Topaa                 0.456   u/campaign/kernel/core/evaluator_i/Mcompar_score0[17]_score1[17]_LessThan_38_o_cy<8>
                                                       u/campaign/kernel/core/evaluator_i/Mcompar_score0[17]_score1[17]_LessThan_38_o_lut<8>
                                                       u/campaign/kernel/core/evaluator_i/Mcompar_score0[17]_score1[17]_LessThan_38_o_cy<8>
    SLICE_X23Y16.C5      net (fanout=1)        0.461   u/campaign/kernel/core/evaluator_i/Mcompar_score0[17]_score1[17]_LessThan_38_o_cy<8>
    SLICE_X23Y16.C       Tilo                  0.259   u/campaign/kernel/core/b4_selected_slot<0>
                                                       u/campaign/kernel/core/evaluator_i/c0_wins
    SLICE_X23Y15.B6      net (fanout=18)       0.602   u/campaign/kernel/core/evaluator_i/c0_wins
    SLICE_X23Y15.CLK     Tas                   0.373   u/campaign/kernel/core/b4_selected_score<6>
                                                       u/campaign/kernel/core/evaluator_i/Mmux_score1[17]_GND_15_o_mux_131_OUT131
                                                       u/campaign/kernel/core/evaluator_i/selected_score_4
    -------------------------------------------------  ---------------------------
    Total                                      9.678ns (3.296ns logic, 6.382ns route)
                                                       (34.1% logic, 65.9% route)

--------------------------------------------------------------------------------
Slack:                  0.287ns (requirement - (data path - clock path skew + uncertainty))
  Source:               u/campaign/kernel/core/evaluator_i/n02_4 (FF)
  Destination:          u/campaign/kernel/core/evaluator_i/selected_score_4 (FF)
  Requirement:          10.000ns
  Data Path Delay:      9.675ns (Levels of Logic = 8)
  Clock Path Skew:      -0.003ns (0.196 - 0.199)
  Source Clock:         clk_100mhz_BUFGP rising at 0.000ns
  Destination Clock:    clk_100mhz_BUFGP rising at 10.000ns
  Clock Uncertainty:    0.035ns

  Clock Uncertainty:          0.035ns  ((TSJ^2 + TIJ^2)^1/2 + DJ) / 2 + PE
    Total System Jitter (TSJ):  0.070ns
    Total Input Jitter (TIJ):   0.000ns
    Discrete Jitter (DJ):       0.000ns
    Phase Error (PE):           0.000ns

  Maximum Data Path at Slow Process Corner: u/campaign/kernel/core/evaluator_i/n02_4 to u/campaign/kernel/core/evaluator_i/selected_score_4
    Location             Delay type         Delay(ns)  Physical Resource
                                                       Logical Resource(s)
    -------------------------------------------------  -------------------
    SLICE_X23Y10.AQ      Tcko                  0.430   u/campaign/kernel/core/evaluator_i/n02<7>
                                                       u/campaign/kernel/core/evaluator_i/n02_4
    SLICE_X22Y10.A2      net (fanout=1)        1.171   u/campaign/kernel/core/evaluator_i/n02<4>
    SLICE_X22Y10.COUT    Topcya                0.482   u/campaign/kernel/core/evaluator_i/Mmux_p023_rs_cy<7>
                                                       u/campaign/kernel/core/evaluator_i/Mmux_p023_A121
                                                       u/campaign/kernel/core/evaluator_i/Mmux_p023_rs_cy<7>
    SLICE_X22Y11.CIN     net (fanout=1)        0.003   u/campaign/kernel/core/evaluator_i/Mmux_p023_rs_cy<7>
    SLICE_X22Y11.BMUX    Tcinb                 0.310   u/campaign/kernel/core/evaluator_i/Mmux_p023_rs_cy<11>
                                                       u/campaign/kernel/core/evaluator_i/Mmux_p023_rs_cy<11>
    SLICE_X24Y6.A3       net (fanout=3)        1.524   u/campaign/kernel/core/evaluator_i/Mmux_p023_split<9>
    SLICE_X24Y6.COUT     Topcya                0.495   u/campaign/kernel/core/evaluator_i/Mcompar_p02[17]_p01[17]_LessThan_30_o_cy<7>
                                                       u/campaign/kernel/core/evaluator_i/Mcompar_p02[17]_p01[17]_LessThan_30_o_lutdi4
                                                       u/campaign/kernel/core/evaluator_i/Mcompar_p02[17]_p01[17]_LessThan_30_o_cy<7>
    SLICE_X24Y7.CIN      net (fanout=1)        0.003   u/campaign/kernel/core/evaluator_i/Mcompar_p02[17]_p01[17]_LessThan_30_o_cy<7>
    SLICE_X24Y7.AMUX     Tcina                 0.240   u/campaign/kernel/core/evaluator_i/n12<4>
                                                       u/campaign/kernel/core/evaluator_i/Mcompar_p02[17]_p01[17]_LessThan_30_o_cy<8>
    SLICE_X23Y12.A2      net (fanout=19)       1.308   u/campaign/kernel/core/evaluator_i/p02[17]_p01[17]_LessThan_30_o
    SLICE_X23Y12.A       Tilo                  0.259   u/campaign/kernel/core/evaluator_i/quotient<11>
                                                       u/campaign/kernel/core/evaluator_i/Mmux_score091
    SLICE_X20Y15.A2      net (fanout=2)        1.310   u/campaign/kernel/core/evaluator_i/score0<17>
    SLICE_X20Y15.AMUX    Topaa                 0.445   u/campaign/kernel/core/evaluator_i/Mcompar_score0[17]_score1[17]_LessThan_38_o_cy<8>
                                                       u/campaign/kernel/core/evaluator_i/Mcompar_score0[17]_score1[17]_LessThan_38_o_lutdi8
                                                       u/campaign/kernel/core/evaluator_i/Mcompar_score0[17]_score1[17]_LessThan_38_o_cy<8>
    SLICE_X23Y16.C5      net (fanout=1)        0.461   u/campaign/kernel/core/evaluator_i/Mcompar_score0[17]_score1[17]_LessThan_38_o_cy<8>
    SLICE_X23Y16.C       Tilo                  0.259   u/campaign/kernel/core/b4_selected_slot<0>
                                                       u/campaign/kernel/core/evaluator_i/c0_wins
    SLICE_X23Y15.B6      net (fanout=18)       0.602   u/campaign/kernel/core/evaluator_i/c0_wins
    SLICE_X23Y15.CLK     Tas                   0.373   u/campaign/kernel/core/b4_selected_score<6>
                                                       u/campaign/kernel/core/evaluator_i/Mmux_score1[17]_GND_15_o_mux_131_OUT131
                                                       u/campaign/kernel/core/evaluator_i/selected_score_4
    -------------------------------------------------  ---------------------------
    Total                                      9.675ns (3.293ns logic, 6.382ns route)
                                                       (34.0% logic, 66.0% route)

--------------------------------------------------------------------------------
Slack:                  0.295ns (requirement - (data path - clock path skew + uncertainty))
  Source:               u/campaign/kernel/core/evaluator_i/n02_4 (FF)
  Destination:          u/campaign/kernel/core/evaluator_i/selected_score_4 (FF)
  Requirement:          10.000ns
  Data Path Delay:      9.667ns (Levels of Logic = 8)
  Clock Path Skew:      -0.003ns (0.196 - 0.199)
  Source Clock:         clk_100mhz_BUFGP rising at 0.000ns
  Destination Clock:    clk_100mhz_BUFGP rising at 10.000ns
  Clock Uncertainty:    0.035ns

  Clock Uncertainty:          0.035ns  ((TSJ^2 + TIJ^2)^1/2 + DJ) / 2 + PE
    Total System Jitter (TSJ):  0.070ns
    Total Input Jitter (TIJ):   0.000ns
    Discrete Jitter (DJ):       0.000ns
    Phase Error (PE):           0.000ns

  Maximum Data Path at Slow Process Corner: u/campaign/kernel/core/evaluator_i/n02_4 to u/campaign/kernel/core/evaluator_i/selected_score_4
    Location             Delay type         Delay(ns)  Physical Resource
                                                       Logical Resource(s)
    -------------------------------------------------  -------------------
    SLICE_X23Y10.AQ      Tcko                  0.430   u/campaign/kernel/core/evaluator_i/n02<7>
                                                       u/campaign/kernel/core/evaluator_i/n02_4
    SLICE_X22Y10.A2      net (fanout=1)        1.171   u/campaign/kernel/core/evaluator_i/n02<4>
    SLICE_X22Y10.COUT    Topcya                0.474   u/campaign/kernel/core/evaluator_i/Mmux_p023_rs_cy<7>
                                                       u/campaign/kernel/core/evaluator_i/Mmux_p023_A1211
                                                       u/campaign/kernel/core/evaluator_i/Mmux_p023_rs_cy<7>
    SLICE_X22Y11.CIN     net (fanout=1)        0.003   u/campaign/kernel/core/evaluator_i/Mmux_p023_rs_cy<7>
    SLICE_X22Y11.BMUX    Tcinb                 0.310   u/campaign/kernel/core/evaluator_i/Mmux_p023_rs_cy<11>
                                                       u/campaign/kernel/core/evaluator_i/Mmux_p023_rs_cy<11>
    SLICE_X24Y6.A3       net (fanout=3)        1.524   u/campaign/kernel/core/evaluator_i/Mmux_p023_split<9>
    SLICE_X24Y6.COUT     Topcya                0.495   u/campaign/kernel/core/evaluator_i/Mcompar_p02[17]_p01[17]_LessThan_30_o_cy<7>
                                                       u/campaign/kernel/core/evaluator_i/Mcompar_p02[17]_p01[17]_LessThan_30_o_lutdi4
                                                       u/campaign/kernel/core/evaluator_i/Mcompar_p02[17]_p01[17]_LessThan_30_o_cy<7>
    SLICE_X24Y7.CIN      net (fanout=1)        0.003   u/campaign/kernel/core/evaluator_i/Mcompar_p02[17]_p01[17]_LessThan_30_o_cy<7>
    SLICE_X24Y7.AMUX     Tcina                 0.240   u/campaign/kernel/core/evaluator_i/n12<4>
                                                       u/campaign/kernel/core/evaluator_i/Mcompar_p02[17]_p01[17]_LessThan_30_o_cy<8>
    SLICE_X23Y12.A2      net (fanout=19)       1.308   u/campaign/kernel/core/evaluator_i/p02[17]_p01[17]_LessThan_30_o
    SLICE_X23Y12.A       Tilo                  0.259   u/campaign/kernel/core/evaluator_i/quotient<11>
                                                       u/campaign/kernel/core/evaluator_i/Mmux_score091
    SLICE_X20Y15.A2      net (fanout=2)        1.310   u/campaign/kernel/core/evaluator_i/score0<17>
    SLICE_X20Y15.AMUX    Topaa                 0.445   u/campaign/kernel/core/evaluator_i/Mcompar_score0[17]_score1[17]_LessThan_38_o_cy<8>
                                                       u/campaign/kernel/core/evaluator_i/Mcompar_score0[17]_score1[17]_LessThan_38_o_lutdi8
                                                       u/campaign/kernel/core/evaluator_i/Mcompar_score0[17]_score1[17]_LessThan_38_o_cy<8>
    SLICE_X23Y16.C5      net (fanout=1)        0.461   u/campaign/kernel/core/evaluator_i/Mcompar_score0[17]_score1[17]_LessThan_38_o_cy<8>
    SLICE_X23Y16.C       Tilo                  0.259   u/campaign/kernel/core/b4_selected_slot<0>
                                                       u/campaign/kernel/core/evaluator_i/c0_wins
    SLICE_X23Y15.B6      net (fanout=18)       0.602   u/campaign/kernel/core/evaluator_i/c0_wins
    SLICE_X23Y15.CLK     Tas                   0.373   u/campaign/kernel/core/b4_selected_score<6>
                                                       u/campaign/kernel/core/evaluator_i/Mmux_score1[17]_GND_15_o_mux_131_OUT131
                                                       u/campaign/kernel/core/evaluator_i/selected_score_4
    -------------------------------------------------  ---------------------------
    Total                                      9.667ns (3.285ns logic, 6.382ns route)
                                                       (34.0% logic, 66.0% route)

--------------------------------------------------------------------------------
Slack:                  0.299ns (requirement - (data path - clock path skew + uncertainty))
  Source:               u/campaign/kernel/core/evaluator_i/n02_4 (FF)
  Destination:          u/campaign/kernel/core/evaluator_i/selected_score_4 (FF)
  Requirement:          10.000ns
  Data Path Delay:      9.663ns (Levels of Logic = 8)
  Clock Path Skew:      -0.003ns (0.196 - 0.199)
  Source Clock:         clk_100mhz_BUFGP rising at 0.000ns
  Destination Clock:    clk_100mhz_BUFGP rising at 10.000ns
  Clock Uncertainty:    0.035ns

  Clock Uncertainty:          0.035ns  ((TSJ^2 + TIJ^2)^1/2 + DJ) / 2 + PE
    Total System Jitter (TSJ):  0.070ns
    Total Input Jitter (TIJ):   0.000ns
    Discrete Jitter (DJ):       0.000ns
    Phase Error (PE):           0.000ns

  Maximum Data Path at Slow Process Corner: u/campaign/kernel/core/evaluator_i/n02_4 to u/campaign/kernel/core/evaluator_i/selected_score_4
    Location             Delay type         Delay(ns)  Physical Resource
                                                       Logical Resource(s)
    -------------------------------------------------  -------------------
    SLICE_X23Y10.AQ      Tcko                  0.430   u/campaign/kernel/core/evaluator_i/n02<7>
                                                       u/campaign/kernel/core/evaluator_i/n02_4
    SLICE_X22Y10.A2      net (fanout=1)        1.171   u/campaign/kernel/core/evaluator_i/n02<4>
    SLICE_X22Y10.COUT    Topcya                0.482   u/campaign/kernel/core/evaluator_i/Mmux_p023_rs_cy<7>
                                                       u/campaign/kernel/core/evaluator_i/Mmux_p023_A121
                                                       u/campaign/kernel/core/evaluator_i/Mmux_p023_rs_cy<7>
    SLICE_X22Y11.CIN     net (fanout=1)        0.003   u/campaign/kernel/core/evaluator_i/Mmux_p023_rs_cy<7>
    SLICE_X22Y11.BMUX    Tcinb                 0.310   u/campaign/kernel/core/evaluator_i/Mmux_p023_rs_cy<11>
                                                       u/campaign/kernel/core/evaluator_i/Mmux_p023_rs_cy<11>
    SLICE_X24Y6.A3       net (fanout=3)        1.524   u/campaign/kernel/core/evaluator_i/Mmux_p023_split<9>
    SLICE_X24Y6.COUT     Topcya                0.472   u/campaign/kernel/core/evaluator_i/Mcompar_p02[17]_p01[17]_LessThan_30_o_cy<7>
                                                       u/campaign/kernel/core/evaluator_i/Mcompar_p02[17]_p01[17]_LessThan_30_o_lut<4>
                                                       u/campaign/kernel/core/evaluator_i/Mcompar_p02[17]_p01[17]_LessThan_30_o_cy<7>
    SLICE_X24Y7.CIN      net (fanout=1)        0.003   u/campaign/kernel/core/evaluator_i/Mcompar_p02[17]_p01[17]_LessThan_30_o_cy<7>
    SLICE_X24Y7.AMUX     Tcina                 0.240   u/campaign/kernel/core/evaluator_i/n12<4>
                                                       u/campaign/kernel/core/evaluator_i/Mcompar_p02[17]_p01[17]_LessThan_30_o_cy<8>
    SLICE_X23Y12.A2      net (fanout=19)       1.308   u/campaign/kernel/core/evaluator_i/p02[17]_p01[17]_LessThan_30_o
    SLICE_X23Y12.A       Tilo                  0.259   u/campaign/kernel/core/evaluator_i/quotient<11>
                                                       u/campaign/kernel/core/evaluator_i/Mmux_score091
    SLICE_X20Y15.A2      net (fanout=2)        1.310   u/campaign/kernel/core/evaluator_i/score0<17>
    SLICE_X20Y15.AMUX    Topaa                 0.456   u/campaign/kernel/core/evaluator_i/Mcompar_score0[17]_score1[17]_LessThan_38_o_cy<8>
                                                       u/campaign/kernel/core/evaluator_i/Mcompar_score0[17]_score1[17]_LessThan_38_o_lut<8>
                                                       u/campaign/kernel/core/evaluator_i/Mcompar_score0[17]_score1[17]_LessThan_38_o_cy<8>
    SLICE_X23Y16.C5      net (fanout=1)        0.461   u/campaign/kernel/core/evaluator_i/Mcompar_score0[17]_score1[17]_LessThan_38_o_cy<8>
    SLICE_X23Y16.C       Tilo                  0.259   u/campaign/kernel/core/b4_selected_slot<0>
                                                       u/campaign/kernel/core/evaluator_i/c0_wins
    SLICE_X23Y15.B6      net (fanout=18)       0.602   u/campaign/kernel/core/evaluator_i/c0_wins
    SLICE_X23Y15.CLK     Tas                   0.373   u/campaign/kernel/core/b4_selected_score<6>
                                                       u/campaign/kernel/core/evaluator_i/Mmux_score1[17]_GND_15_o_mux_131_OUT131
                                                       u/campaign/kernel/core/evaluator_i/selected_score_4
    -------------------------------------------------  ---------------------------
    Total                                      9.663ns (3.281ns logic, 6.382ns route)
                                                       (34.0% logic, 66.0% route)

--------------------------------------------------------------------------------
Slack:                  0.307ns (requirement - (data path - clock path skew + uncertainty))
  Source:               u/campaign/kernel/core/evaluator_i/n02_4 (FF)
  Destination:          u/campaign/kernel/core/evaluator_i/selected_score_4 (FF)
  Requirement:          10.000ns
  Data Path Delay:      9.655ns (Levels of Logic = 8)
  Clock Path Skew:      -0.003ns (0.196 - 0.199)
  Source Clock:         clk_100mhz_BUFGP rising at 0.000ns
  Destination Clock:    clk_100mhz_BUFGP rising at 10.000ns
  Clock Uncertainty:    0.035ns

  Clock Uncertainty:          0.035ns  ((TSJ^2 + TIJ^2)^1/2 + DJ) / 2 + PE
    Total System Jitter (TSJ):  0.070ns
    Total Input Jitter (TIJ):   0.000ns
    Discrete Jitter (DJ):       0.000ns
    Phase Error (PE):           0.000ns

  Maximum Data Path at Slow Process Corner: u/campaign/kernel/core/evaluator_i/n02_4 to u/campaign/kernel/core/evaluator_i/selected_score_4
    Location             Delay type         Delay(ns)  Physical Resource
                                                       Logical Resource(s)
    -------------------------------------------------  -------------------
    SLICE_X23Y10.AQ      Tcko                  0.430   u/campaign/kernel/core/evaluator_i/n02<7>
                                                       u/campaign/kernel/core/evaluator_i/n02_4
    SLICE_X22Y10.A2      net (fanout=1)        1.171   u/campaign/kernel/core/evaluator_i/n02<4>
    SLICE_X22Y10.COUT    Topcya                0.474   u/campaign/kernel/core/evaluator_i/Mmux_p023_rs_cy<7>
                                                       u/campaign/kernel/core/evaluator_i/Mmux_p023_A1211
                                                       u/campaign/kernel/core/evaluator_i/Mmux_p023_rs_cy<7>
    SLICE_X22Y11.CIN     net (fanout=1)        0.003   u/campaign/kernel/core/evaluator_i/Mmux_p023_rs_cy<7>
    SLICE_X22Y11.BMUX    Tcinb                 0.310   u/campaign/kernel/core/evaluator_i/Mmux_p023_rs_cy<11>
                                                       u/campaign/kernel/core/evaluator_i/Mmux_p023_rs_cy<11>
    SLICE_X24Y6.A3       net (fanout=3)        1.524   u/campaign/kernel/core/evaluator_i/Mmux_p023_split<9>
    SLICE_X24Y6.COUT     Topcya                0.472   u/campaign/kernel/core/evaluator_i/Mcompar_p02[17]_p01[17]_LessThan_30_o_cy<7>
                                                       u/campaign/kernel/core/evaluator_i/Mcompar_p02[17]_p01[17]_LessThan_30_o_lut<4>
                                                       u/campaign/kernel/core/evaluator_i/Mcompar_p02[17]_p01[17]_LessThan_30_o_cy<7>
    SLICE_X24Y7.CIN      net (fanout=1)        0.003   u/campaign/kernel/core/evaluator_i/Mcompar_p02[17]_p01[17]_LessThan_30_o_cy<7>
    SLICE_X24Y7.AMUX     Tcina                 0.240   u/campaign/kernel/core/evaluator_i/n12<4>
                                                       u/campaign/kernel/core/evaluator_i/Mcompar_p02[17]_p01[17]_LessThan_30_o_cy<8>
    SLICE_X23Y12.A2      net (fanout=19)       1.308   u/campaign/kernel/core/evaluator_i/p02[17]_p01[17]_LessThan_30_o
    SLICE_X23Y12.A       Tilo                  0.259   u/campaign/kernel/core/evaluator_i/quotient<11>
                                                       u/campaign/kernel/core/evaluator_i/Mmux_score091
    SLICE_X20Y15.A2      net (fanout=2)        1.310   u/campaign/kernel/core/evaluator_i/score0<17>
    SLICE_X20Y15.AMUX    Topaa                 0.456   u/campaign/kernel/core/evaluator_i/Mcompar_score0[17]_score1[17]_LessThan_38_o_cy<8>
                                                       u/campaign/kernel/core/evaluator_i/Mcompar_score0[17]_score1[17]_LessThan_38_o_lut<8>
                                                       u/campaign/kernel/core/evaluator_i/Mcompar_score0[17]_score1[17]_LessThan_38_o_cy<8>
    SLICE_X23Y16.C5      net (fanout=1)        0.461   u/campaign/kernel/core/evaluator_i/Mcompar_score0[17]_score1[17]_LessThan_38_o_cy<8>
    SLICE_X23Y16.C       Tilo                  0.259   u/campaign/kernel/core/b4_selected_slot<0>
                                                       u/campaign/kernel/core/evaluator_i/c0_wins
    SLICE_X23Y15.B6      net (fanout=18)       0.602   u/campaign/kernel/core/evaluator_i/c0_wins
    SLICE_X23Y15.CLK     Tas                   0.373   u/campaign/kernel/core/b4_selected_score<6>
                                                       u/campaign/kernel/core/evaluator_i/Mmux_score1[17]_GND_15_o_mux_131_OUT131
                                                       u/campaign/kernel/core/evaluator_i/selected_score_4
    -------------------------------------------------  ---------------------------
    Total                                      9.655ns (3.273ns logic, 6.382ns route)
                                                       (33.9% logic, 66.1% route)

--------------------------------------------------------------------------------
Slack:                  0.310ns (requirement - (data path - clock path skew + uncertainty))
  Source:               u/campaign/kernel/core/evaluator_i/n02_4 (FF)
  Destination:          u/campaign/kernel/core/evaluator_i/selected_score_4 (FF)
  Requirement:          10.000ns
  Data Path Delay:      9.652ns (Levels of Logic = 8)
  Clock Path Skew:      -0.003ns (0.196 - 0.199)
  Source Clock:         clk_100mhz_BUFGP rising at 0.000ns
  Destination Clock:    clk_100mhz_BUFGP rising at 10.000ns
  Clock Uncertainty:    0.035ns

  Clock Uncertainty:          0.035ns  ((TSJ^2 + TIJ^2)^1/2 + DJ) / 2 + PE
    Total System Jitter (TSJ):  0.070ns
    Total Input Jitter (TIJ):   0.000ns
    Discrete Jitter (DJ):       0.000ns
    Phase Error (PE):           0.000ns

  Maximum Data Path at Slow Process Corner: u/campaign/kernel/core/evaluator_i/n02_4 to u/campaign/kernel/core/evaluator_i/selected_score_4
    Location             Delay type         Delay(ns)  Physical Resource
                                                       Logical Resource(s)
    -------------------------------------------------  -------------------
    SLICE_X23Y10.AQ      Tcko                  0.430   u/campaign/kernel/core/evaluator_i/n02<7>
                                                       u/campaign/kernel/core/evaluator_i/n02_4
    SLICE_X22Y10.A2      net (fanout=1)        1.171   u/campaign/kernel/core/evaluator_i/n02<4>
    SLICE_X22Y10.COUT    Topcya                0.482   u/campaign/kernel/core/evaluator_i/Mmux_p023_rs_cy<7>
                                                       u/campaign/kernel/core/evaluator_i/Mmux_p023_A121
                                                       u/campaign/kernel/core/evaluator_i/Mmux_p023_rs_cy<7>
    SLICE_X22Y11.CIN     net (fanout=1)        0.003   u/campaign/kernel/core/evaluator_i/Mmux_p023_rs_cy<7>
    SLICE_X22Y11.BMUX    Tcinb                 0.310   u/campaign/kernel/core/evaluator_i/Mmux_p023_rs_cy<11>
                                                       u/campaign/kernel/core/evaluator_i/Mmux_p023_rs_cy<11>
    SLICE_X24Y6.A3       net (fanout=3)        1.524   u/campaign/kernel/core/evaluator_i/Mmux_p023_split<9>
    SLICE_X24Y6.COUT     Topcya                0.472   u/campaign/kernel/core/evaluator_i/Mcompar_p02[17]_p01[17]_LessThan_30_o_cy<7>
                                                       u/campaign/kernel/core/evaluator_i/Mcompar_p02[17]_p01[17]_LessThan_30_o_lut<4>
                                                       u/campaign/kernel/core/evaluator_i/Mcompar_p02[17]_p01[17]_LessThan_30_o_cy<7>
    SLICE_X24Y7.CIN      net (fanout=1)        0.003   u/campaign/kernel/core/evaluator_i/Mcompar_p02[17]_p01[17]_LessThan_30_o_cy<7>
    SLICE_X24Y7.AMUX     Tcina                 0.240   u/campaign/kernel/core/evaluator_i/n12<4>
                                                       u/campaign/kernel/core/evaluator_i/Mcompar_p02[17]_p01[17]_LessThan_30_o_cy<8>
    SLICE_X23Y12.A2      net (fanout=19)       1.308   u/campaign/kernel/core/evaluator_i/p02[17]_p01[17]_LessThan_30_o
    SLICE_X23Y12.A       Tilo                  0.259   u/campaign/kernel/core/evaluator_i/quotient<11>
                                                       u/campaign/kernel/core/evaluator_i/Mmux_score091
    SLICE_X20Y15.A2      net (fanout=2)        1.310   u/campaign/kernel/core/evaluator_i/score0<17>
    SLICE_X20Y15.AMUX    Topaa                 0.445   u/campaign/kernel/core/evaluator_i/Mcompar_score0[17]_score1[17]_LessThan_38_o_cy<8>
                                                       u/campaign/kernel/core/evaluator_i/Mcompar_score0[17]_score1[17]_LessThan_38_o_lutdi8
                                                       u/campaign/kernel/core/evaluator_i/Mcompar_score0[17]_score1[17]_LessThan_38_o_cy<8>
    SLICE_X23Y16.C5      net (fanout=1)        0.461   u/campaign/kernel/core/evaluator_i/Mcompar_score0[17]_score1[17]_LessThan_38_o_cy<8>
    SLICE_X23Y16.C       Tilo                  0.259   u/campaign/kernel/core/b4_selected_slot<0>
                                                       u/campaign/kernel/core/evaluator_i/c0_wins
    SLICE_X23Y15.B6      net (fanout=18)       0.602   u/campaign/kernel/core/evaluator_i/c0_wins
    SLICE_X23Y15.CLK     Tas                   0.373   u/campaign/kernel/core/b4_selected_score<6>
                                                       u/campaign/kernel/core/evaluator_i/Mmux_score1[17]_GND_15_o_mux_131_OUT131
                                                       u/campaign/kernel/core/evaluator_i/selected_score_4
    -------------------------------------------------  ---------------------------
    Total                                      9.652ns (3.270ns logic, 6.382ns route)
                                                       (33.9% logic, 66.1% route)

--------------------------------------------------------------------------------
Slack:                  0.318ns (requirement - (data path - clock path skew + uncertainty))
  Source:               u/campaign/kernel/core/evaluator_i/n02_4 (FF)
  Destination:          u/campaign/kernel/core/evaluator_i/selected_score_4 (FF)
  Requirement:          10.000ns
  Data Path Delay:      9.644ns (Levels of Logic = 8)
  Clock Path Skew:      -0.003ns (0.196 - 0.199)
  Source Clock:         clk_100mhz_BUFGP rising at 0.000ns
  Destination Clock:    clk_100mhz_BUFGP rising at 10.000ns
  Clock Uncertainty:    0.035ns

  Clock Uncertainty:          0.035ns  ((TSJ^2 + TIJ^2)^1/2 + DJ) / 2 + PE
    Total System Jitter (TSJ):  0.070ns
    Total Input Jitter (TIJ):   0.000ns
    Discrete Jitter (DJ):       0.000ns
    Phase Error (PE):           0.000ns

  Maximum Data Path at Slow Process Corner: u/campaign/kernel/core/evaluator_i/n02_4 to u/campaign/kernel/core/evaluator_i/selected_score_4
    Location             Delay type         Delay(ns)  Physical Resource
                                                       Logical Resource(s)
    -------------------------------------------------  -------------------
    SLICE_X23Y10.AQ      Tcko                  0.430   u/campaign/kernel/core/evaluator_i/n02<7>
                                                       u/campaign/kernel/core/evaluator_i/n02_4
    SLICE_X22Y10.A2      net (fanout=1)        1.171   u/campaign/kernel/core/evaluator_i/n02<4>
    SLICE_X22Y10.COUT    Topcya                0.474   u/campaign/kernel/core/evaluator_i/Mmux_p023_rs_cy<7>
                                                       u/campaign/kernel/core/evaluator_i/Mmux_p023_A1211
                                                       u/campaign/kernel/core/evaluator_i/Mmux_p023_rs_cy<7>
    SLICE_X22Y11.CIN     net (fanout=1)        0.003   u/campaign/kernel/core/evaluator_i/Mmux_p023_rs_cy<7>
    SLICE_X22Y11.BMUX    Tcinb                 0.310   u/campaign/kernel/core/evaluator_i/Mmux_p023_rs_cy<11>
                                                       u/campaign/kernel/core/evaluator_i/Mmux_p023_rs_cy<11>
    SLICE_X24Y6.A3       net (fanout=3)        1.524   u/campaign/kernel/core/evaluator_i/Mmux_p023_split<9>
    SLICE_X24Y6.COUT     Topcya                0.472   u/campaign/kernel/core/evaluator_i/Mcompar_p02[17]_p01[17]_LessThan_30_o_cy<7>
                                                       u/campaign/kernel/core/evaluator_i/Mcompar_p02[17]_p01[17]_LessThan_30_o_lut<4>
                                                       u/campaign/kernel/core/evaluator_i/Mcompar_p02[17]_p01[17]_LessThan_30_o_cy<7>
    SLICE_X24Y7.CIN      net (fanout=1)        0.003   u/campaign/kernel/core/evaluator_i/Mcompar_p02[17]_p01[17]_LessThan_30_o_cy<7>
    SLICE_X24Y7.AMUX     Tcina                 0.240   u/campaign/kernel/core/evaluator_i/n12<4>
                                                       u/campaign/kernel/core/evaluator_i/Mcompar_p02[17]_p01[17]_LessThan_30_o_cy<8>
    SLICE_X23Y12.A2      net (fanout=19)       1.308   u/campaign/kernel/core/evaluator_i/p02[17]_p01[17]_LessThan_30_o
    SLICE_X23Y12.A       Tilo                  0.259   u/campaign/kernel/core/evaluator_i/quotient<11>
                                                       u/campaign/kernel/core/evaluator_i/Mmux_score091
    SLICE_X20Y15.A2      net (fanout=2)        1.310   u/campaign/kernel/core/evaluator_i/score0<17>
    SLICE_X20Y15.AMUX    Topaa                 0.445   u/campaign/kernel/core/evaluator_i/Mcompar_score0[17]_score1[17]_LessThan_38_o_cy<8>
                                                       u/campaign/kernel/core/evaluator_i/Mcompar_score0[17]_score1[17]_LessThan_38_o_lutdi8
                                                       u/campaign/kernel/core/evaluator_i/Mcompar_score0[17]_score1[17]_LessThan_38_o_cy<8>
    SLICE_X23Y16.C5      net (fanout=1)        0.461   u/campaign/kernel/core/evaluator_i/Mcompar_score0[17]_score1[17]_LessThan_38_o_cy<8>
    SLICE_X23Y16.C       Tilo                  0.259   u/campaign/kernel/core/b4_selected_slot<0>
                                                       u/campaign/kernel/core/evaluator_i/c0_wins
    SLICE_X23Y15.B6      net (fanout=18)       0.602   u/campaign/kernel/core/evaluator_i/c0_wins
    SLICE_X23Y15.CLK     Tas                   0.373   u/campaign/kernel/core/b4_selected_score<6>
                                                       u/campaign/kernel/core/evaluator_i/Mmux_score1[17]_GND_15_o_mux_131_OUT131
                                                       u/campaign/kernel/core/evaluator_i/selected_score_4
    -------------------------------------------------  ---------------------------
    Total                                      9.644ns (3.262ns logic, 6.382ns route)
                                                       (33.8% logic, 66.2% route)

--------------------------------------------------------------------------------
Slack:                  0.335ns (requirement - (data path - clock path skew + uncertainty))
  Source:               u/campaign/kernel/core/evaluator_i/lam1_1_2 (FF)
  Destination:          u/campaign/kernel/core/evaluator_i/selected_score_4 (FF)
  Requirement:          10.000ns
  Data Path Delay:      9.613ns (Levels of Logic = 9)
  Clock Path Skew:      -0.017ns (0.309 - 0.326)
  Source Clock:         clk_100mhz_BUFGP rising at 0.000ns
  Destination Clock:    clk_100mhz_BUFGP rising at 10.000ns
  Clock Uncertainty:    0.035ns

  Clock Uncertainty:          0.035ns  ((TSJ^2 + TIJ^2)^1/2 + DJ) / 2 + PE
    Total System Jitter (TSJ):  0.070ns
    Total Input Jitter (TIJ):   0.000ns
    Discrete Jitter (DJ):       0.000ns
    Phase Error (PE):           0.000ns

  Maximum Data Path at Slow Process Corner: u/campaign/kernel/core/evaluator_i/lam1_1_2 to u/campaign/kernel/core/evaluator_i/selected_score_4
    Location             Delay type         Delay(ns)  Physical Resource
                                                       Logical Resource(s)
    -------------------------------------------------  -------------------
    SLICE_X27Y9.BQ       Tcko                  0.430   u/campaign/kernel/core/evaluator_i/lam1_1_3
                                                       u/campaign/kernel/core/evaluator_i/lam1_1_2
    SLICE_X26Y9.B5       net (fanout=12)       1.110   u/campaign/kernel/core/evaluator_i/lam1_1_2
    SLICE_X26Y9.COUT     Topcyb                0.483   u/campaign/kernel/core/evaluator_i/Mmux_p013_rs_cy<8>
                                                       u/campaign/kernel/core/evaluator_i/Mmux_p013_A1411
                                                       u/campaign/kernel/core/evaluator_i/Mmux_p013_rs_cy<8>
    SLICE_X26Y10.CIN     net (fanout=1)        0.003   u/campaign/kernel/core/evaluator_i/Mmux_p013_rs_cy<8>
    SLICE_X26Y10.CMUX    Tcinc                 0.279   u/campaign/kernel/core/evaluator_i/Mmux_p013_rs_cy<12>
                                                       u/campaign/kernel/core/evaluator_i/Mmux_p013_rs_cy<12>
    SLICE_X22Y7.B2       net (fanout=3)        1.409   u/campaign/kernel/core/evaluator_i/Mmux_p013_split<11>
    SLICE_X22Y7.COUT     Topcyb                0.483   u/campaign/kernel/core/evaluator_i/Mcompar_p01[17]_p00[17]_LessThan_28_o_cy<7>
                                                       u/campaign/kernel/core/evaluator_i/Mcompar_p01[17]_p00[17]_LessThan_28_o_lut<5>
                                                       u/campaign/kernel/core/evaluator_i/Mcompar_p01[17]_p00[17]_LessThan_28_o_cy<7>
    SLICE_X22Y8.CIN      net (fanout=1)        0.082   u/campaign/kernel/core/evaluator_i/Mcompar_p01[17]_p00[17]_LessThan_28_o_cy<7>
    SLICE_X22Y8.AMUX     Tcina                 0.230   u/campaign/kernel/core/evaluator_i/p01[17]_p00[17]_LessThan_28_o
                                                       u/campaign/kernel/core/evaluator_i/Mcompar_p01[17]_p00[17]_LessThan_28_o_cy<8>
    SLICE_X23Y14.B2      net (fanout=19)       1.806   u/campaign/kernel/core/evaluator_i/p01[17]_p00[17]_LessThan_28_o
    SLICE_X23Y14.B       Tilo                  0.259   u/campaign/kernel/core/evaluator_i/score1<14>
                                                       u/campaign/kernel/core/evaluator_i/Mmux_score051
    SLICE_X20Y14.C1      net (fanout=3)        0.753   u/campaign/kernel/core/evaluator_i/score0<13>
    SLICE_X20Y14.COUT    Topcyc                0.348   u/campaign/kernel/core/evaluator_i/Mcompar_score0[17]_score1[17]_LessThan_38_o_cy<7>
                                                       u/campaign/kernel/core/evaluator_i/Mcompar_score0[17]_score1[17]_LessThan_38_o_lutdi6
                                                       u/campaign/kernel/core/evaluator_i/Mcompar_score0[17]_score1[17]_LessThan_38_o_cy<7>
    SLICE_X20Y15.CIN     net (fanout=1)        0.003   u/campaign/kernel/core/evaluator_i/Mcompar_score0[17]_score1[17]_LessThan_38_o_cy<7>
    SLICE_X20Y15.AMUX    Tcina                 0.240   u/campaign/kernel/core/evaluator_i/Mcompar_score0[17]_score1[17]_LessThan_38_o_cy<8>
                                                       u/campaign/kernel/core/evaluator_i/Mcompar_score0[17]_score1[17]_LessThan_38_o_cy<8>
    SLICE_X23Y16.C5      net (fanout=1)        0.461   u/campaign/kernel/core/evaluator_i/Mcompar_score0[17]_score1[17]_LessThan_38_o_cy<8>
    SLICE_X23Y16.C       Tilo                  0.259   u/campaign/kernel/core/b4_selected_slot<0>
                                                       u/campaign/kernel/core/evaluator_i/c0_wins
    SLICE_X23Y15.B6      net (fanout=18)       0.602   u/campaign/kernel/core/evaluator_i/c0_wins
    SLICE_X23Y15.CLK     Tas                   0.373   u/campaign/kernel/core/b4_selected_score<6>
                                                       u/campaign/kernel/core/evaluator_i/Mmux_score1[17]_GND_15_o_mux_131_OUT131
                                                       u/campaign/kernel/core/evaluator_i/selected_score_4
    -------------------------------------------------  ---------------------------
    Total                                      9.613ns (3.384ns logic, 6.229ns route)
                                                       (35.2% logic, 64.8% route)

--------------------------------------------------------------------------------
Slack:                  0.355ns (requirement - (data path - clock path skew + uncertainty))
  Source:               u/campaign/kernel/core/evaluator_i/lam1_1_2 (FF)
  Destination:          u/campaign/kernel/core/evaluator_i/selected_score_4 (FF)
  Requirement:          10.000ns
  Data Path Delay:      9.593ns (Levels of Logic = 9)
  Clock Path Skew:      -0.017ns (0.309 - 0.326)
  Source Clock:         clk_100mhz_BUFGP rising at 0.000ns
  Destination Clock:    clk_100mhz_BUFGP rising at 10.000ns
  Clock Uncertainty:    0.035ns

  Clock Uncertainty:          0.035ns  ((TSJ^2 + TIJ^2)^1/2 + DJ) / 2 + PE
    Total System Jitter (TSJ):  0.070ns
    Total Input Jitter (TIJ):   0.000ns
    Discrete Jitter (DJ):       0.000ns
    Phase Error (PE):           0.000ns

  Maximum Data Path at Slow Process Corner: u/campaign/kernel/core/evaluator_i/lam1_1_2 to u/campaign/kernel/core/evaluator_i/selected_score_4
    Location             Delay type         Delay(ns)  Physical Resource
                                                       Logical Resource(s)
    -------------------------------------------------  -------------------
    SLICE_X27Y9.BQ       Tcko                  0.430   u/campaign/kernel/core/evaluator_i/lam1_1_3
                                                       u/campaign/kernel/core/evaluator_i/lam1_1_2
    SLICE_X26Y9.B5       net (fanout=12)       1.110   u/campaign/kernel/core/evaluator_i/lam1_1_2
    SLICE_X26Y9.COUT     Topcyb                0.483   u/campaign/kernel/core/evaluator_i/Mmux_p013_rs_cy<8>
                                                       u/campaign/kernel/core/evaluator_i/Mmux_p013_A1411
                                                       u/campaign/kernel/core/evaluator_i/Mmux_p013_rs_cy<8>
    SLICE_X26Y10.CIN     net (fanout=1)        0.003   u/campaign/kernel/core/evaluator_i/Mmux_p013_rs_cy<8>
    SLICE_X26Y10.COUT    Tbyp                  0.093   u/campaign/kernel/core/evaluator_i/Mmux_p013_rs_cy<12>
                                                       u/campaign/kernel/core/evaluator_i/Mmux_p013_rs_cy<12>
    SLICE_X26Y11.CIN     net (fanout=1)        0.003   u/campaign/kernel/core/evaluator_i/Mmux_p013_rs_cy<12>
    SLICE_X26Y11.BMUX    Tcinb                 0.310   u/campaign/kernel/core/evaluator_i/Mmux_p013_split<16>
                                                       u/campaign/kernel/core/evaluator_i/Mmux_p013_rs_cy<16>
    SLICE_X24Y6.D3       net (fanout=3)        1.555   u/campaign/kernel/core/evaluator_i/Mmux_p013_split<14>
    SLICE_X24Y6.COUT     Topcyd                0.335   u/campaign/kernel/core/evaluator_i/Mcompar_p02[17]_p01[17]_LessThan_30_o_cy<7>
                                                       u/campaign/kernel/core/evaluator_i/Mcompar_p02[17]_p01[17]_LessThan_30_o_lutdi7
                                                       u/campaign/kernel/core/evaluator_i/Mcompar_p02[17]_p01[17]_LessThan_30_o_cy<7>
    SLICE_X24Y7.CIN      net (fanout=1)        0.003   u/campaign/kernel/core/evaluator_i/Mcompar_p02[17]_p01[17]_LessThan_30_o_cy<7>
    SLICE_X24Y7.AMUX     Tcina                 0.240   u/campaign/kernel/core/evaluator_i/n12<4>
                                                       u/campaign/kernel/core/evaluator_i/Mcompar_p02[17]_p01[17]_LessThan_30_o_cy<8>
    SLICE_X23Y12.A2      net (fanout=19)       1.308   u/campaign/kernel/core/evaluator_i/p02[17]_p01[17]_LessThan_30_o
    SLICE_X23Y12.A       Tilo                  0.259   u/campaign/kernel/core/evaluator_i/quotient<11>
                                                       u/campaign/kernel/core/evaluator_i/Mmux_score091
    SLICE_X20Y15.A2      net (fanout=2)        1.310   u/campaign/kernel/core/evaluator_i/score0<17>
    SLICE_X20Y15.AMUX    Topaa                 0.456   u/campaign/kernel/core/evaluator_i/Mcompar_score0[17]_score1[17]_LessThan_38_o_cy<8>
                                                       u/campaign/kernel/core/evaluator_i/Mcompar_score0[17]_score1[17]_LessThan_38_o_lut<8>
                                                       u/campaign/kernel/core/evaluator_i/Mcompar_score0[17]_score1[17]_LessThan_38_o_cy<8>
    SLICE_X23Y16.C5      net (fanout=1)        0.461   u/campaign/kernel/core/evaluator_i/Mcompar_score0[17]_score1[17]_LessThan_38_o_cy<8>
    SLICE_X23Y16.C       Tilo                  0.259   u/campaign/kernel/core/b4_selected_slot<0>
                                                       u/campaign/kernel/core/evaluator_i/c0_wins
    SLICE_X23Y15.B6      net (fanout=18)       0.602   u/campaign/kernel/core/evaluator_i/c0_wins
    SLICE_X23Y15.CLK     Tas                   0.373   u/campaign/kernel/core/b4_selected_score<6>
                                                       u/campaign/kernel/core/evaluator_i/Mmux_score1[17]_GND_15_o_mux_131_OUT131
                                                       u/campaign/kernel/core/evaluator_i/selected_score_4
    -------------------------------------------------  ---------------------------
    Total                                      9.593ns (3.238ns logic, 6.355ns route)
                                                       (33.8% logic, 66.2% route)

--------------------------------------------------------------------------------

Paths for end point u/campaign/kernel/core/evaluator_i/selected_score_10 (SLICE_X22Y16.D3), 754782 paths
--------------------------------------------------------------------------------
Slack:                  0.277ns (requirement - (data path - clock path skew + uncertainty))
  Source:               u/campaign/kernel/core/evaluator_i/n02_4 (FF)
  Destination:          u/campaign/kernel/core/evaluator_i/selected_score_10 (FF)
  Requirement:          10.000ns
  Data Path Delay:      9.672ns (Levels of Logic = 8)
  Clock Path Skew:      -0.016ns (0.429 - 0.445)
  Source Clock:         clk_100mhz_BUFGP rising at 0.000ns
  Destination Clock:    clk_100mhz_BUFGP rising at 10.000ns
  Clock Uncertainty:    0.035ns

  Clock Uncertainty:          0.035ns  ((TSJ^2 + TIJ^2)^1/2 + DJ) / 2 + PE
    Total System Jitter (TSJ):  0.070ns
    Total Input Jitter (TIJ):   0.000ns
    Discrete Jitter (DJ):       0.000ns
    Phase Error (PE):           0.000ns

  Maximum Data Path at Slow Process Corner: u/campaign/kernel/core/evaluator_i/n02_4 to u/campaign/kernel/core/evaluator_i/selected_score_10
    Location             Delay type         Delay(ns)  Physical Resource
                                                       Logical Resource(s)
    -------------------------------------------------  -------------------
    SLICE_X23Y10.AQ      Tcko                  0.430   u/campaign/kernel/core/evaluator_i/n02<7>
                                                       u/campaign/kernel/core/evaluator_i/n02_4
    SLICE_X22Y10.A2      net (fanout=1)        1.171   u/campaign/kernel/core/evaluator_i/n02<4>
    SLICE_X22Y10.COUT    Topcya                0.482   u/campaign/kernel/core/evaluator_i/Mmux_p023_rs_cy<7>
                                                       u/campaign/kernel/core/evaluator_i/Mmux_p023_A121
                                                       u/campaign/kernel/core/evaluator_i/Mmux_p023_rs_cy<7>
    SLICE_X22Y11.CIN     net (fanout=1)        0.003   u/campaign/kernel/core/evaluator_i/Mmux_p023_rs_cy<7>
    SLICE_X22Y11.BMUX    Tcinb                 0.310   u/campaign/kernel/core/evaluator_i/Mmux_p023_rs_cy<11>
                                                       u/campaign/kernel/core/evaluator_i/Mmux_p023_rs_cy<11>
    SLICE_X24Y6.A3       net (fanout=3)        1.524   u/campaign/kernel/core/evaluator_i/Mmux_p023_split<9>
    SLICE_X24Y6.COUT     Topcya                0.495   u/campaign/kernel/core/evaluator_i/Mcompar_p02[17]_p01[17]_LessThan_30_o_cy<7>
                                                       u/campaign/kernel/core/evaluator_i/Mcompar_p02[17]_p01[17]_LessThan_30_o_lutdi4
                                                       u/campaign/kernel/core/evaluator_i/Mcompar_p02[17]_p01[17]_LessThan_30_o_cy<7>
    SLICE_X24Y7.CIN      net (fanout=1)        0.003   u/campaign/kernel/core/evaluator_i/Mcompar_p02[17]_p01[17]_LessThan_30_o_cy<7>
    SLICE_X24Y7.AMUX     Tcina                 0.240   u/campaign/kernel/core/evaluator_i/n12<4>
                                                       u/campaign/kernel/core/evaluator_i/Mcompar_p02[17]_p01[17]_LessThan_30_o_cy<8>
    SLICE_X23Y12.A2      net (fanout=19)       1.308   u/campaign/kernel/core/evaluator_i/p02[17]_p01[17]_LessThan_30_o
    SLICE_X23Y12.A       Tilo                  0.259   u/campaign/kernel/core/evaluator_i/quotient<11>
                                                       u/campaign/kernel/core/evaluator_i/Mmux_score091
    SLICE_X20Y15.A2      net (fanout=2)        1.310   u/campaign/kernel/core/evaluator_i/score0<17>
    SLICE_X20Y15.AMUX    Topaa                 0.456   u/campaign/kernel/core/evaluator_i/Mcompar_score0[17]_score1[17]_LessThan_38_o_cy<8>
                                                       u/campaign/kernel/core/evaluator_i/Mcompar_score0[17]_score1[17]_LessThan_38_o_lut<8>
                                                       u/campaign/kernel/core/evaluator_i/Mcompar_score0[17]_score1[17]_LessThan_38_o_cy<8>
    SLICE_X23Y16.C5      net (fanout=1)        0.461   u/campaign/kernel/core/evaluator_i/Mcompar_score0[17]_score1[17]_LessThan_38_o_cy<8>
    SLICE_X23Y16.C       Tilo                  0.259   u/campaign/kernel/core/b4_selected_slot<0>
                                                       u/campaign/kernel/core/evaluator_i/c0_wins
    SLICE_X22Y16.D3      net (fanout=18)       0.622   u/campaign/kernel/core/evaluator_i/c0_wins
    SLICE_X22Y16.CLK     Tas                   0.339   u/campaign/kernel/core/b4_selected_score<10>
                                                       u/campaign/kernel/core/evaluator_i/Mmux_score1[17]_GND_15_o_mux_131_OUT21
                                                       u/campaign/kernel/core/evaluator_i/selected_score_10
    -------------------------------------------------  ---------------------------
    Total                                      9.672ns (3.270ns logic, 6.402ns route)
                                                       (33.8% logic, 66.2% route)

--------------------------------------------------------------------------------
Slack:                  0.285ns (requirement - (data path - clock path skew + uncertainty))
  Source:               u/campaign/kernel/core/evaluator_i/n02_4 (FF)
  Destination:          u/campaign/kernel/core/evaluator_i/selected_score_10 (FF)
  Requirement:          10.000ns
  Data Path Delay:      9.664ns (Levels of Logic = 8)
  Clock Path Skew:      -0.016ns (0.429 - 0.445)
  Source Clock:         clk_100mhz_BUFGP rising at 0.000ns
  Destination Clock:    clk_100mhz_BUFGP rising at 10.000ns
  Clock Uncertainty:    0.035ns

  Clock Uncertainty:          0.035ns  ((TSJ^2 + TIJ^2)^1/2 + DJ) / 2 + PE
    Total System Jitter (TSJ):  0.070ns
    Total Input Jitter (TIJ):   0.000ns
    Discrete Jitter (DJ):       0.000ns
    Phase Error (PE):           0.000ns

  Maximum Data Path at Slow Process Corner: u/campaign/kernel/core/evaluator_i/n02_4 to u/campaign/kernel/core/evaluator_i/selected_score_10
    Location             Delay type         Delay(ns)  Physical Resource
                                                       Logical Resource(s)
    -------------------------------------------------  -------------------
    SLICE_X23Y10.AQ      Tcko                  0.430   u/campaign/kernel/core/evaluator_i/n02<7>
                                                       u/campaign/kernel/core/evaluator_i/n02_4
    SLICE_X22Y10.A2      net (fanout=1)        1.171   u/campaign/kernel/core/evaluator_i/n02<4>
    SLICE_X22Y10.COUT    Topcya                0.474   u/campaign/kernel/core/evaluator_i/Mmux_p023_rs_cy<7>
                                                       u/campaign/kernel/core/evaluator_i/Mmux_p023_A1211
                                                       u/campaign/kernel/core/evaluator_i/Mmux_p023_rs_cy<7>
    SLICE_X22Y11.CIN     net (fanout=1)        0.003   u/campaign/kernel/core/evaluator_i/Mmux_p023_rs_cy<7>
    SLICE_X22Y11.BMUX    Tcinb                 0.310   u/campaign/kernel/core/evaluator_i/Mmux_p023_rs_cy<11>
                                                       u/campaign/kernel/core/evaluator_i/Mmux_p023_rs_cy<11>
    SLICE_X24Y6.A3       net (fanout=3)        1.524   u/campaign/kernel/core/evaluator_i/Mmux_p023_split<9>
    SLICE_X24Y6.COUT     Topcya                0.495   u/campaign/kernel/core/evaluator_i/Mcompar_p02[17]_p01[17]_LessThan_30_o_cy<7>
                                                       u/campaign/kernel/core/evaluator_i/Mcompar_p02[17]_p01[17]_LessThan_30_o_lutdi4
                                                       u/campaign/kernel/core/evaluator_i/Mcompar_p02[17]_p01[17]_LessThan_30_o_cy<7>
    SLICE_X24Y7.CIN      net (fanout=1)        0.003   u/campaign/kernel/core/evaluator_i/Mcompar_p02[17]_p01[17]_LessThan_30_o_cy<7>
    SLICE_X24Y7.AMUX     Tcina                 0.240   u/campaign/kernel/core/evaluator_i/n12<4>
                                                       u/campaign/kernel/core/evaluator_i/Mcompar_p02[17]_p01[17]_LessThan_30_o_cy<8>
    SLICE_X23Y12.A2      net (fanout=19)       1.308   u/campaign/kernel/core/evaluator_i/p02[17]_p01[17]_LessThan_30_o
    SLICE_X23Y12.A       Tilo                  0.259   u/campaign/kernel/core/evaluator_i/quotient<11>
                                                       u/campaign/kernel/core/evaluator_i/Mmux_score091
    SLICE_X20Y15.A2      net (fanout=2)        1.310   u/campaign/kernel/core/evaluator_i/score0<17>
    SLICE_X20Y15.AMUX    Topaa                 0.456   u/campaign/kernel/core/evaluator_i/Mcompar_score0[17]_score1[17]_LessThan_38_o_cy<8>
                                                       u/campaign/kernel/core/evaluator_i/Mcompar_score0[17]_score1[17]_LessThan_38_o_lut<8>
                                                       u/campaign/kernel/core/evaluator_i/Mcompar_score0[17]_score1[17]_LessThan_38_o_cy<8>
    SLICE_X23Y16.C5      net (fanout=1)        0.461   u/campaign/kernel/core/evaluator_i/Mcompar_score0[17]_score1[17]_LessThan_38_o_cy<8>
    SLICE_X23Y16.C       Tilo                  0.259   u/campaign/kernel/core/b4_selected_slot<0>
                                                       u/campaign/kernel/core/evaluator_i/c0_wins
    SLICE_X22Y16.D3      net (fanout=18)       0.622   u/campaign/kernel/core/evaluator_i/c0_wins
    SLICE_X22Y16.CLK     Tas                   0.339   u/campaign/kernel/core/b4_selected_score<10>
                                                       u/campaign/kernel/core/evaluator_i/Mmux_score1[17]_GND_15_o_mux_131_OUT21
                                                       u/campaign/kernel/core/evaluator_i/selected_score_10
    -------------------------------------------------  ---------------------------
    Total                                      9.664ns (3.262ns logic, 6.402ns route)
                                                       (33.8% logic, 66.2% route)

--------------------------------------------------------------------------------
Slack:                  0.288ns (requirement - (data path - clock path skew + uncertainty))
  Source:               u/campaign/kernel/core/evaluator_i/n02_4 (FF)
  Destination:          u/campaign/kernel/core/evaluator_i/selected_score_10 (FF)
  Requirement:          10.000ns
  Data Path Delay:      9.661ns (Levels of Logic = 8)
  Clock Path Skew:      -0.016ns (0.429 - 0.445)
  Source Clock:         clk_100mhz_BUFGP rising at 0.000ns
  Destination Clock:    clk_100mhz_BUFGP rising at 10.000ns
  Clock Uncertainty:    0.035ns

  Clock Uncertainty:          0.035ns  ((TSJ^2 + TIJ^2)^1/2 + DJ) / 2 + PE
    Total System Jitter (TSJ):  0.070ns
    Total Input Jitter (TIJ):   0.000ns
    Discrete Jitter (DJ):       0.000ns
    Phase Error (PE):           0.000ns

  Maximum Data Path at Slow Process Corner: u/campaign/kernel/core/evaluator_i/n02_4 to u/campaign/kernel/core/evaluator_i/selected_score_10
    Location             Delay type         Delay(ns)  Physical Resource
                                                       Logical Resource(s)
    -------------------------------------------------  -------------------
    SLICE_X23Y10.AQ      Tcko                  0.430   u/campaign/kernel/core/evaluator_i/n02<7>
                                                       u/campaign/kernel/core/evaluator_i/n02_4
    SLICE_X22Y10.A2      net (fanout=1)        1.171   u/campaign/kernel/core/evaluator_i/n02<4>
    SLICE_X22Y10.COUT    Topcya                0.482   u/campaign/kernel/core/evaluator_i/Mmux_p023_rs_cy<7>
                                                       u/campaign/kernel/core/evaluator_i/Mmux_p023_A121
                                                       u/campaign/kernel/core/evaluator_i/Mmux_p023_rs_cy<7>
    SLICE_X22Y11.CIN     net (fanout=1)        0.003   u/campaign/kernel/core/evaluator_i/Mmux_p023_rs_cy<7>
    SLICE_X22Y11.BMUX    Tcinb                 0.310   u/campaign/kernel/core/evaluator_i/Mmux_p023_rs_cy<11>
                                                       u/campaign/kernel/core/evaluator_i/Mmux_p023_rs_cy<11>
    SLICE_X24Y6.A3       net (fanout=3)        1.524   u/campaign/kernel/core/evaluator_i/Mmux_p023_split<9>
    SLICE_X24Y6.COUT     Topcya                0.495   u/campaign/kernel/core/evaluator_i/Mcompar_p02[17]_p01[17]_LessThan_30_o_cy<7>
                                                       u/campaign/kernel/core/evaluator_i/Mcompar_p02[17]_p01[17]_LessThan_30_o_lutdi4
                                                       u/campaign/kernel/core/evaluator_i/Mcompar_p02[17]_p01[17]_LessThan_30_o_cy<7>
    SLICE_X24Y7.CIN      net (fanout=1)        0.003   u/campaign/kernel/core/evaluator_i/Mcompar_p02[17]_p01[17]_LessThan_30_o_cy<7>
    SLICE_X24Y7.AMUX     Tcina                 0.240   u/campaign/kernel/core/evaluator_i/n12<4>
                                                       u/campaign/kernel/core/evaluator_i/Mcompar_p02[17]_p01[17]_LessThan_30_o_cy<8>
    SLICE_X23Y12.A2      net (fanout=19)       1.308   u/campaign/kernel/core/evaluator_i/p02[17]_p01[17]_LessThan_30_o
    SLICE_X23Y12.A       Tilo                  0.259   u/campaign/kernel/core/evaluator_i/quotient<11>
                                                       u/campaign/kernel/core/evaluator_i/Mmux_score091
    SLICE_X20Y15.A2      net (fanout=2)        1.310   u/campaign/kernel/core/evaluator_i/score0<17>
    SLICE_X20Y15.AMUX    Topaa                 0.445   u/campaign/kernel/core/evaluator_i/Mcompar_score0[17]_score1[17]_LessThan_38_o_cy<8>
                                                       u/campaign/kernel/core/evaluator_i/Mcompar_score0[17]_score1[17]_LessThan_38_o_lutdi8
                                                       u/campaign/kernel/core/evaluator_i/Mcompar_score0[17]_score1[17]_LessThan_38_o_cy<8>
    SLICE_X23Y16.C5      net (fanout=1)        0.461   u/campaign/kernel/core/evaluator_i/Mcompar_score0[17]_score1[17]_LessThan_38_o_cy<8>
    SLICE_X23Y16.C       Tilo                  0.259   u/campaign/kernel/core/b4_selected_slot<0>
                                                       u/campaign/kernel/core/evaluator_i/c0_wins
    SLICE_X22Y16.D3      net (fanout=18)       0.622   u/campaign/kernel/core/evaluator_i/c0_wins
    SLICE_X22Y16.CLK     Tas                   0.339   u/campaign/kernel/core/b4_selected_score<10>
                                                       u/campaign/kernel/core/evaluator_i/Mmux_score1[17]_GND_15_o_mux_131_OUT21
                                                       u/campaign/kernel/core/evaluator_i/selected_score_10
    -------------------------------------------------  ---------------------------
    Total                                      9.661ns (3.259ns logic, 6.402ns route)
                                                       (33.7% logic, 66.3% route)

--------------------------------------------------------------------------------
Slack:                  0.296ns (requirement - (data path - clock path skew + uncertainty))
  Source:               u/campaign/kernel/core/evaluator_i/n02_4 (FF)
  Destination:          u/campaign/kernel/core/evaluator_i/selected_score_10 (FF)
  Requirement:          10.000ns
  Data Path Delay:      9.653ns (Levels of Logic = 8)
  Clock Path Skew:      -0.016ns (0.429 - 0.445)
  Source Clock:         clk_100mhz_BUFGP rising at 0.000ns
  Destination Clock:    clk_100mhz_BUFGP rising at 10.000ns
  Clock Uncertainty:    0.035ns

  Clock Uncertainty:          0.035ns  ((TSJ^2 + TIJ^2)^1/2 + DJ) / 2 + PE
    Total System Jitter (TSJ):  0.070ns
    Total Input Jitter (TIJ):   0.000ns
    Discrete Jitter (DJ):       0.000ns
    Phase Error (PE):           0.000ns

  Maximum Data Path at Slow Process Corner: u/campaign/kernel/core/evaluator_i/n02_4 to u/campaign/kernel/core/evaluator_i/selected_score_10
    Location             Delay type         Delay(ns)  Physical Resource
                                                       Logical Resource(s)
    -------------------------------------------------  -------------------
    SLICE_X23Y10.AQ      Tcko                  0.430   u/campaign/kernel/core/evaluator_i/n02<7>
                                                       u/campaign/kernel/core/evaluator_i/n02_4
    SLICE_X22Y10.A2      net (fanout=1)        1.171   u/campaign/kernel/core/evaluator_i/n02<4>
    SLICE_X22Y10.COUT    Topcya                0.474   u/campaign/kernel/core/evaluator_i/Mmux_p023_rs_cy<7>
                                                       u/campaign/kernel/core/evaluator_i/Mmux_p023_A1211
                                                       u/campaign/kernel/core/evaluator_i/Mmux_p023_rs_cy<7>
    SLICE_X22Y11.CIN     net (fanout=1)        0.003   u/campaign/kernel/core/evaluator_i/Mmux_p023_rs_cy<7>
    SLICE_X22Y11.BMUX    Tcinb                 0.310   u/campaign/kernel/core/evaluator_i/Mmux_p023_rs_cy<11>
                                                       u/campaign/kernel/core/evaluator_i/Mmux_p023_rs_cy<11>
    SLICE_X24Y6.A3       net (fanout=3)        1.524   u/campaign/kernel/core/evaluator_i/Mmux_p023_split<9>
    SLICE_X24Y6.COUT     Topcya                0.495   u/campaign/kernel/core/evaluator_i/Mcompar_p02[17]_p01[17]_LessThan_30_o_cy<7>
                                                       u/campaign/kernel/core/evaluator_i/Mcompar_p02[17]_p01[17]_LessThan_30_o_lutdi4
                                                       u/campaign/kernel/core/evaluator_i/Mcompar_p02[17]_p01[17]_LessThan_30_o_cy<7>
    SLICE_X24Y7.CIN      net (fanout=1)        0.003   u/campaign/kernel/core/evaluator_i/Mcompar_p02[17]_p01[17]_LessThan_30_o_cy<7>
    SLICE_X24Y7.AMUX     Tcina                 0.240   u/campaign/kernel/core/evaluator_i/n12<4>
                                                       u/campaign/kernel/core/evaluator_i/Mcompar_p02[17]_p01[17]_LessThan_30_o_cy<8>
    SLICE_X23Y12.A2      net (fanout=19)       1.308   u/campaign/kernel/core/evaluator_i/p02[17]_p01[17]_LessThan_30_o
    SLICE_X23Y12.A       Tilo                  0.259   u/campaign/kernel/core/evaluator_i/quotient<11>
                                                       u/campaign/kernel/core/evaluator_i/Mmux_score091
    SLICE_X20Y15.A2      net (fanout=2)        1.310   u/campaign/kernel/core/evaluator_i/score0<17>
    SLICE_X20Y15.AMUX    Topaa                 0.445   u/campaign/kernel/core/evaluator_i/Mcompar_score0[17]_score1[17]_LessThan_38_o_cy<8>
                                                       u/campaign/kernel/core/evaluator_i/Mcompar_score0[17]_score1[17]_LessThan_38_o_lutdi8
                                                       u/campaign/kernel/core/evaluator_i/Mcompar_score0[17]_score1[17]_LessThan_38_o_cy<8>
    SLICE_X23Y16.C5      net (fanout=1)        0.461   u/campaign/kernel/core/evaluator_i/Mcompar_score0[17]_score1[17]_LessThan_38_o_cy<8>
    SLICE_X23Y16.C       Tilo                  0.259   u/campaign/kernel/core/b4_selected_slot<0>
                                                       u/campaign/kernel/core/evaluator_i/c0_wins
    SLICE_X22Y16.D3      net (fanout=18)       0.622   u/campaign/kernel/core/evaluator_i/c0_wins
    SLICE_X22Y16.CLK     Tas                   0.339   u/campaign/kernel/core/b4_selected_score<10>
                                                       u/campaign/kernel/core/evaluator_i/Mmux_score1[17]_GND_15_o_mux_131_OUT21
                                                       u/campaign/kernel/core/evaluator_i/selected_score_10
    -------------------------------------------------  ---------------------------
    Total                                      9.653ns (3.251ns logic, 6.402ns route)
                                                       (33.7% logic, 66.3% route)

--------------------------------------------------------------------------------
Slack:                  0.300ns (requirement - (data path - clock path skew + uncertainty))
  Source:               u/campaign/kernel/core/evaluator_i/n02_4 (FF)
  Destination:          u/campaign/kernel/core/evaluator_i/selected_score_10 (FF)
  Requirement:          10.000ns
  Data Path Delay:      9.649ns (Levels of Logic = 8)
  Clock Path Skew:      -0.016ns (0.429 - 0.445)
  Source Clock:         clk_100mhz_BUFGP rising at 0.000ns
  Destination Clock:    clk_100mhz_BUFGP rising at 10.000ns
  Clock Uncertainty:    0.035ns

  Clock Uncertainty:          0.035ns  ((TSJ^2 + TIJ^2)^1/2 + DJ) / 2 + PE
    Total System Jitter (TSJ):  0.070ns
    Total Input Jitter (TIJ):   0.000ns
    Discrete Jitter (DJ):       0.000ns
    Phase Error (PE):           0.000ns

  Maximum Data Path at Slow Process Corner: u/campaign/kernel/core/evaluator_i/n02_4 to u/campaign/kernel/core/evaluator_i/selected_score_10
    Location             Delay type         Delay(ns)  Physical Resource
                                                       Logical Resource(s)
    -------------------------------------------------  -------------------
    SLICE_X23Y10.AQ      Tcko                  0.430   u/campaign/kernel/core/evaluator_i/n02<7>
                                                       u/campaign/kernel/core/evaluator_i/n02_4
    SLICE_X22Y10.A2      net (fanout=1)        1.171   u/campaign/kernel/core/evaluator_i/n02<4>
    SLICE_X22Y10.COUT    Topcya                0.482   u/campaign/kernel/core/evaluator_i/Mmux_p023_rs_cy<7>
                                                       u/campaign/kernel/core/evaluator_i/Mmux_p023_A121
                                                       u/campaign/kernel/core/evaluator_i/Mmux_p023_rs_cy<7>
    SLICE_X22Y11.CIN     net (fanout=1)        0.003   u/campaign/kernel/core/evaluator_i/Mmux_p023_rs_cy<7>
    SLICE_X22Y11.BMUX    Tcinb                 0.310   u/campaign/kernel/core/evaluator_i/Mmux_p023_rs_cy<11>
                                                       u/campaign/kernel/core/evaluator_i/Mmux_p023_rs_cy<11>
    SLICE_X24Y6.A3       net (fanout=3)        1.524   u/campaign/kernel/core/evaluator_i/Mmux_p023_split<9>
    SLICE_X24Y6.COUT     Topcya                0.472   u/campaign/kernel/core/evaluator_i/Mcompar_p02[17]_p01[17]_LessThan_30_o_cy<7>
                                                       u/campaign/kernel/core/evaluator_i/Mcompar_p02[17]_p01[17]_LessThan_30_o_lut<4>
                                                       u/campaign/kernel/core/evaluator_i/Mcompar_p02[17]_p01[17]_LessThan_30_o_cy<7>
    SLICE_X24Y7.CIN      net (fanout=1)        0.003   u/campaign/kernel/core/evaluator_i/Mcompar_p02[17]_p01[17]_LessThan_30_o_cy<7>
    SLICE_X24Y7.AMUX     Tcina                 0.240   u/campaign/kernel/core/evaluator_i/n12<4>
                                                       u/campaign/kernel/core/evaluator_i/Mcompar_p02[17]_p01[17]_LessThan_30_o_cy<8>
    SLICE_X23Y12.A2      net (fanout=19)       1.308   u/campaign/kernel/core/evaluator_i/p02[17]_p01[17]_LessThan_30_o
    SLICE_X23Y12.A       Tilo                  0.259   u/campaign/kernel/core/evaluator_i/quotient<11>
                                                       u/campaign/kernel/core/evaluator_i/Mmux_score091
    SLICE_X20Y15.A2      net (fanout=2)        1.310   u/campaign/kernel/core/evaluator_i/score0<17>
    SLICE_X20Y15.AMUX    Topaa                 0.456   u/campaign/kernel/core/evaluator_i/Mcompar_score0[17]_score1[17]_LessThan_38_o_cy<8>
                                                       u/campaign/kernel/core/evaluator_i/Mcompar_score0[17]_score1[17]_LessThan_38_o_lut<8>
                                                       u/campaign/kernel/core/evaluator_i/Mcompar_score0[17]_score1[17]_LessThan_38_o_cy<8>
    SLICE_X23Y16.C5      net (fanout=1)        0.461   u/campaign/kernel/core/evaluator_i/Mcompar_score0[17]_score1[17]_LessThan_38_o_cy<8>
    SLICE_X23Y16.C       Tilo                  0.259   u/campaign/kernel/core/b4_selected_slot<0>
                                                       u/campaign/kernel/core/evaluator_i/c0_wins
    SLICE_X22Y16.D3      net (fanout=18)       0.622   u/campaign/kernel/core/evaluator_i/c0_wins
    SLICE_X22Y16.CLK     Tas                   0.339   u/campaign/kernel/core/b4_selected_score<10>
                                                       u/campaign/kernel/core/evaluator_i/Mmux_score1[17]_GND_15_o_mux_131_OUT21
                                                       u/campaign/kernel/core/evaluator_i/selected_score_10
    -------------------------------------------------  ---------------------------
    Total                                      9.649ns (3.247ns logic, 6.402ns route)
                                                       (33.7% logic, 66.3% route)

--------------------------------------------------------------------------------
Slack:                  0.308ns (requirement - (data path - clock path skew + uncertainty))
  Source:               u/campaign/kernel/core/evaluator_i/n02_4 (FF)
  Destination:          u/campaign/kernel/core/evaluator_i/selected_score_10 (FF)
  Requirement:          10.000ns
  Data Path Delay:      9.641ns (Levels of Logic = 8)
  Clock Path Skew:      -0.016ns (0.429 - 0.445)
  Source Clock:         clk_100mhz_BUFGP rising at 0.000ns
  Destination Clock:    clk_100mhz_BUFGP rising at 10.000ns
  Clock Uncertainty:    0.035ns

  Clock Uncertainty:          0.035ns  ((TSJ^2 + TIJ^2)^1/2 + DJ) / 2 + PE
    Total System Jitter (TSJ):  0.070ns
    Total Input Jitter (TIJ):   0.000ns
    Discrete Jitter (DJ):       0.000ns
    Phase Error (PE):           0.000ns

  Maximum Data Path at Slow Process Corner: u/campaign/kernel/core/evaluator_i/n02_4 to u/campaign/kernel/core/evaluator_i/selected_score_10
    Location             Delay type         Delay(ns)  Physical Resource
                                                       Logical Resource(s)
    -------------------------------------------------  -------------------
    SLICE_X23Y10.AQ      Tcko                  0.430   u/campaign/kernel/core/evaluator_i/n02<7>
                                                       u/campaign/kernel/core/evaluator_i/n02_4
    SLICE_X22Y10.A2      net (fanout=1)        1.171   u/campaign/kernel/core/evaluator_i/n02<4>
    SLICE_X22Y10.COUT    Topcya                0.474   u/campaign/kernel/core/evaluator_i/Mmux_p023_rs_cy<7>
                                                       u/campaign/kernel/core/evaluator_i/Mmux_p023_A1211
                                                       u/campaign/kernel/core/evaluator_i/Mmux_p023_rs_cy<7>
    SLICE_X22Y11.CIN     net (fanout=1)        0.003   u/campaign/kernel/core/evaluator_i/Mmux_p023_rs_cy<7>
    SLICE_X22Y11.BMUX    Tcinb                 0.310   u/campaign/kernel/core/evaluator_i/Mmux_p023_rs_cy<11>
                                                       u/campaign/kernel/core/evaluator_i/Mmux_p023_rs_cy<11>
    SLICE_X24Y6.A3       net (fanout=3)        1.524   u/campaign/kernel/core/evaluator_i/Mmux_p023_split<9>
    SLICE_X24Y6.COUT     Topcya                0.472   u/campaign/kernel/core/evaluator_i/Mcompar_p02[17]_p01[17]_LessThan_30_o_cy<7>
                                                       u/campaign/kernel/core/evaluator_i/Mcompar_p02[17]_p01[17]_LessThan_30_o_lut<4>
                                                       u/campaign/kernel/core/evaluator_i/Mcompar_p02[17]_p01[17]_LessThan_30_o_cy<7>
    SLICE_X24Y7.CIN      net (fanout=1)        0.003   u/campaign/kernel/core/evaluator_i/Mcompar_p02[17]_p01[17]_LessThan_30_o_cy<7>
    SLICE_X24Y7.AMUX     Tcina                 0.240   u/campaign/kernel/core/evaluator_i/n12<4>
                                                       u/campaign/kernel/core/evaluator_i/Mcompar_p02[17]_p01[17]_LessThan_30_o_cy<8>
    SLICE_X23Y12.A2      net (fanout=19)       1.308   u/campaign/kernel/core/evaluator_i/p02[17]_p01[17]_LessThan_30_o
    SLICE_X23Y12.A       Tilo                  0.259   u/campaign/kernel/core/evaluator_i/quotient<11>
                                                       u/campaign/kernel/core/evaluator_i/Mmux_score091
    SLICE_X20Y15.A2      net (fanout=2)        1.310   u/campaign/kernel/core/evaluator_i/score0<17>
    SLICE_X20Y15.AMUX    Topaa                 0.456   u/campaign/kernel/core/evaluator_i/Mcompar_score0[17]_score1[17]_LessThan_38_o_cy<8>
                                                       u/campaign/kernel/core/evaluator_i/Mcompar_score0[17]_score1[17]_LessThan_38_o_lut<8>
                                                       u/campaign/kernel/core/evaluator_i/Mcompar_score0[17]_score1[17]_LessThan_38_o_cy<8>
    SLICE_X23Y16.C5      net (fanout=1)        0.461   u/campaign/kernel/core/evaluator_i/Mcompar_score0[17]_score1[17]_LessThan_38_o_cy<8>
    SLICE_X23Y16.C       Tilo                  0.259   u/campaign/kernel/core/b4_selected_slot<0>
                                                       u/campaign/kernel/core/evaluator_i/c0_wins
    SLICE_X22Y16.D3      net (fanout=18)       0.622   u/campaign/kernel/core/evaluator_i/c0_wins
    SLICE_X22Y16.CLK     Tas                   0.339   u/campaign/kernel/core/b4_selected_score<10>
                                                       u/campaign/kernel/core/evaluator_i/Mmux_score1[17]_GND_15_o_mux_131_OUT21
                                                       u/campaign/kernel/core/evaluator_i/selected_score_10
    -------------------------------------------------  ---------------------------
    Total                                      9.641ns (3.239ns logic, 6.402ns route)
                                                       (33.6% logic, 66.4% route)

--------------------------------------------------------------------------------
Slack:                  0.311ns (requirement - (data path - clock path skew + uncertainty))
  Source:               u/campaign/kernel/core/evaluator_i/n02_4 (FF)
  Destination:          u/campaign/kernel/core/evaluator_i/selected_score_10 (FF)
  Requirement:          10.000ns
  Data Path Delay:      9.638ns (Levels of Logic = 8)
  Clock Path Skew:      -0.016ns (0.429 - 0.445)
  Source Clock:         clk_100mhz_BUFGP rising at 0.000ns
  Destination Clock:    clk_100mhz_BUFGP rising at 10.000ns
  Clock Uncertainty:    0.035ns

  Clock Uncertainty:          0.035ns  ((TSJ^2 + TIJ^2)^1/2 + DJ) / 2 + PE
    Total System Jitter (TSJ):  0.070ns
    Total Input Jitter (TIJ):   0.000ns
    Discrete Jitter (DJ):       0.000ns
    Phase Error (PE):           0.000ns

  Maximum Data Path at Slow Process Corner: u/campaign/kernel/core/evaluator_i/n02_4 to u/campaign/kernel/core/evaluator_i/selected_score_10
    Location             Delay type         Delay(ns)  Physical Resource
                                                       Logical Resource(s)
    -------------------------------------------------  -------------------
    SLICE_X23Y10.AQ      Tcko                  0.430   u/campaign/kernel/core/evaluator_i/n02<7>
                                                       u/campaign/kernel/core/evaluator_i/n02_4
    SLICE_X22Y10.A2      net (fanout=1)        1.171   u/campaign/kernel/core/evaluator_i/n02<4>
    SLICE_X22Y10.COUT    Topcya                0.482   u/campaign/kernel/core/evaluator_i/Mmux_p023_rs_cy<7>
                                                       u/campaign/kernel/core/evaluator_i/Mmux_p023_A121
                                                       u/campaign/kernel/core/evaluator_i/Mmux_p023_rs_cy<7>
    SLICE_X22Y11.CIN     net (fanout=1)        0.003   u/campaign/kernel/core/evaluator_i/Mmux_p023_rs_cy<7>
    SLICE_X22Y11.BMUX    Tcinb                 0.310   u/campaign/kernel/core/evaluator_i/Mmux_p023_rs_cy<11>
                                                       u/campaign/kernel/core/evaluator_i/Mmux_p023_rs_cy<11>
    SLICE_X24Y6.A3       net (fanout=3)        1.524   u/campaign/kernel/core/evaluator_i/Mmux_p023_split<9>
    SLICE_X24Y6.COUT     Topcya                0.472   u/campaign/kernel/core/evaluator_i/Mcompar_p02[17]_p01[17]_LessThan_30_o_cy<7>
                                                       u/campaign/kernel/core/evaluator_i/Mcompar_p02[17]_p01[17]_LessThan_30_o_lut<4>
                                                       u/campaign/kernel/core/evaluator_i/Mcompar_p02[17]_p01[17]_LessThan_30_o_cy<7>
    SLICE_X24Y7.CIN      net (fanout=1)        0.003   u/campaign/kernel/core/evaluator_i/Mcompar_p02[17]_p01[17]_LessThan_30_o_cy<7>
    SLICE_X24Y7.AMUX     Tcina                 0.240   u/campaign/kernel/core/evaluator_i/n12<4>
                                                       u/campaign/kernel/core/evaluator_i/Mcompar_p02[17]_p01[17]_LessThan_30_o_cy<8>
    SLICE_X23Y12.A2      net (fanout=19)       1.308   u/campaign/kernel/core/evaluator_i/p02[17]_p01[17]_LessThan_30_o
    SLICE_X23Y12.A       Tilo                  0.259   u/campaign/kernel/core/evaluator_i/quotient<11>
                                                       u/campaign/kernel/core/evaluator_i/Mmux_score091
    SLICE_X20Y15.A2      net (fanout=2)        1.310   u/campaign/kernel/core/evaluator_i/score0<17>
    SLICE_X20Y15.AMUX    Topaa                 0.445   u/campaign/kernel/core/evaluator_i/Mcompar_score0[17]_score1[17]_LessThan_38_o_cy<8>
                                                       u/campaign/kernel/core/evaluator_i/Mcompar_score0[17]_score1[17]_LessThan_38_o_lutdi8
                                                       u/campaign/kernel/core/evaluator_i/Mcompar_score0[17]_score1[17]_LessThan_38_o_cy<8>
    SLICE_X23Y16.C5      net (fanout=1)        0.461   u/campaign/kernel/core/evaluator_i/Mcompar_score0[17]_score1[17]_LessThan_38_o_cy<8>
    SLICE_X23Y16.C       Tilo                  0.259   u/campaign/kernel/core/b4_selected_slot<0>
                                                       u/campaign/kernel/core/evaluator_i/c0_wins
    SLICE_X22Y16.D3      net (fanout=18)       0.622   u/campaign/kernel/core/evaluator_i/c0_wins
    SLICE_X22Y16.CLK     Tas                   0.339   u/campaign/kernel/core/b4_selected_score<10>
                                                       u/campaign/kernel/core/evaluator_i/Mmux_score1[17]_GND_15_o_mux_131_OUT21
                                                       u/campaign/kernel/core/evaluator_i/selected_score_10
    -------------------------------------------------  ---------------------------
    Total                                      9.638ns (3.236ns logic, 6.402ns route)
                                                       (33.6% logic, 66.4% route)

--------------------------------------------------------------------------------
Slack:                  0.319ns (requirement - (data path - clock path skew + uncertainty))
  Source:               u/campaign/kernel/core/evaluator_i/n02_4 (FF)
  Destination:          u/campaign/kernel/core/evaluator_i/selected_score_10 (FF)
  Requirement:          10.000ns
  Data Path Delay:      9.630ns (Levels of Logic = 8)
  Clock Path Skew:      -0.016ns (0.429 - 0.445)
  Source Clock:         clk_100mhz_BUFGP rising at 0.000ns
  Destination Clock:    clk_100mhz_BUFGP rising at 10.000ns
  Clock Uncertainty:    0.035ns

  Clock Uncertainty:          0.035ns  ((TSJ^2 + TIJ^2)^1/2 + DJ) / 2 + PE
    Total System Jitter (TSJ):  0.070ns
    Total Input Jitter (TIJ):   0.000ns
    Discrete Jitter (DJ):       0.000ns
    Phase Error (PE):           0.000ns

  Maximum Data Path at Slow Process Corner: u/campaign/kernel/core/evaluator_i/n02_4 to u/campaign/kernel/core/evaluator_i/selected_score_10
    Location             Delay type         Delay(ns)  Physical Resource
                                                       Logical Resource(s)
    -------------------------------------------------  -------------------
    SLICE_X23Y10.AQ      Tcko                  0.430   u/campaign/kernel/core/evaluator_i/n02<7>
                                                       u/campaign/kernel/core/evaluator_i/n02_4
    SLICE_X22Y10.A2      net (fanout=1)        1.171   u/campaign/kernel/core/evaluator_i/n02<4>
    SLICE_X22Y10.COUT    Topcya                0.474   u/campaign/kernel/core/evaluator_i/Mmux_p023_rs_cy<7>
                                                       u/campaign/kernel/core/evaluator_i/Mmux_p023_A1211
                                                       u/campaign/kernel/core/evaluator_i/Mmux_p023_rs_cy<7>
    SLICE_X22Y11.CIN     net (fanout=1)        0.003   u/campaign/kernel/core/evaluator_i/Mmux_p023_rs_cy<7>
    SLICE_X22Y11.BMUX    Tcinb                 0.310   u/campaign/kernel/core/evaluator_i/Mmux_p023_rs_cy<11>
                                                       u/campaign/kernel/core/evaluator_i/Mmux_p023_rs_cy<11>
    SLICE_X24Y6.A3       net (fanout=3)        1.524   u/campaign/kernel/core/evaluator_i/Mmux_p023_split<9>
    SLICE_X24Y6.COUT     Topcya                0.472   u/campaign/kernel/core/evaluator_i/Mcompar_p02[17]_p01[17]_LessThan_30_o_cy<7>
                                                       u/campaign/kernel/core/evaluator_i/Mcompar_p02[17]_p01[17]_LessThan_30_o_lut<4>
                                                       u/campaign/kernel/core/evaluator_i/Mcompar_p02[17]_p01[17]_LessThan_30_o_cy<7>
    SLICE_X24Y7.CIN      net (fanout=1)        0.003   u/campaign/kernel/core/evaluator_i/Mcompar_p02[17]_p01[17]_LessThan_30_o_cy<7>
    SLICE_X24Y7.AMUX     Tcina                 0.240   u/campaign/kernel/core/evaluator_i/n12<4>
                                                       u/campaign/kernel/core/evaluator_i/Mcompar_p02[17]_p01[17]_LessThan_30_o_cy<8>
    SLICE_X23Y12.A2      net (fanout=19)       1.308   u/campaign/kernel/core/evaluator_i/p02[17]_p01[17]_LessThan_30_o
    SLICE_X23Y12.A       Tilo                  0.259   u/campaign/kernel/core/evaluator_i/quotient<11>
                                                       u/campaign/kernel/core/evaluator_i/Mmux_score091
    SLICE_X20Y15.A2      net (fanout=2)        1.310   u/campaign/kernel/core/evaluator_i/score0<17>
    SLICE_X20Y15.AMUX    Topaa                 0.445   u/campaign/kernel/core/evaluator_i/Mcompar_score0[17]_score1[17]_LessThan_38_o_cy<8>
                                                       u/campaign/kernel/core/evaluator_i/Mcompar_score0[17]_score1[17]_LessThan_38_o_lutdi8
                                                       u/campaign/kernel/core/evaluator_i/Mcompar_score0[17]_score1[17]_LessThan_38_o_cy<8>
    SLICE_X23Y16.C5      net (fanout=1)        0.461   u/campaign/kernel/core/evaluator_i/Mcompar_score0[17]_score1[17]_LessThan_38_o_cy<8>
    SLICE_X23Y16.C       Tilo                  0.259   u/campaign/kernel/core/b4_selected_slot<0>
                                                       u/campaign/kernel/core/evaluator_i/c0_wins
    SLICE_X22Y16.D3      net (fanout=18)       0.622   u/campaign/kernel/core/evaluator_i/c0_wins
    SLICE_X22Y16.CLK     Tas                   0.339   u/campaign/kernel/core/b4_selected_score<10>
                                                       u/campaign/kernel/core/evaluator_i/Mmux_score1[17]_GND_15_o_mux_131_OUT21
                                                       u/campaign/kernel/core/evaluator_i/selected_score_10
    -------------------------------------------------  ---------------------------
    Total                                      9.630ns (3.228ns logic, 6.402ns route)
                                                       (33.5% logic, 66.5% route)

--------------------------------------------------------------------------------
Slack:                  0.342ns (requirement - (data path - clock path skew + uncertainty))
  Source:               u/campaign/kernel/core/evaluator_i/lam1_1_2 (FF)
  Destination:          u/campaign/kernel/core/evaluator_i/selected_score_10 (FF)
  Requirement:          10.000ns
  Data Path Delay:      9.599ns (Levels of Logic = 9)
  Clock Path Skew:      -0.024ns (0.429 - 0.453)
  Source Clock:         clk_100mhz_BUFGP rising at 0.000ns
  Destination Clock:    clk_100mhz_BUFGP rising at 10.000ns
  Clock Uncertainty:    0.035ns

  Clock Uncertainty:          0.035ns  ((TSJ^2 + TIJ^2)^1/2 + DJ) / 2 + PE
    Total System Jitter (TSJ):  0.070ns
    Total Input Jitter (TIJ):   0.000ns
    Discrete Jitter (DJ):       0.000ns
    Phase Error (PE):           0.000ns

  Maximum Data Path at Slow Process Corner: u/campaign/kernel/core/evaluator_i/lam1_1_2 to u/campaign/kernel/core/evaluator_i/selected_score_10
    Location             Delay type         Delay(ns)  Physical Resource
                                                       Logical Resource(s)
    -------------------------------------------------  -------------------
    SLICE_X27Y9.BQ       Tcko                  0.430   u/campaign/kernel/core/evaluator_i/lam1_1_3
                                                       u/campaign/kernel/core/evaluator_i/lam1_1_2
    SLICE_X26Y9.B5       net (fanout=12)       1.110   u/campaign/kernel/core/evaluator_i/lam1_1_2
    SLICE_X26Y9.COUT     Topcyb                0.483   u/campaign/kernel/core/evaluator_i/Mmux_p013_rs_cy<8>
                                                       u/campaign/kernel/core/evaluator_i/Mmux_p013_A1411
                                                       u/campaign/kernel/core/evaluator_i/Mmux_p013_rs_cy<8>
    SLICE_X26Y10.CIN     net (fanout=1)        0.003   u/campaign/kernel/core/evaluator_i/Mmux_p013_rs_cy<8>
    SLICE_X26Y10.CMUX    Tcinc                 0.279   u/campaign/kernel/core/evaluator_i/Mmux_p013_rs_cy<12>
                                                       u/campaign/kernel/core/evaluator_i/Mmux_p013_rs_cy<12>
    SLICE_X22Y7.B2       net (fanout=3)        1.409   u/campaign/kernel/core/evaluator_i/Mmux_p013_split<11>
    SLICE_X22Y7.COUT     Topcyb                0.483   u/campaign/kernel/core/evaluator_i/Mcompar_p01[17]_p00[17]_LessThan_28_o_cy<7>
                                                       u/campaign/kernel/core/evaluator_i/Mcompar_p01[17]_p00[17]_LessThan_28_o_lut<5>
                                                       u/campaign/kernel/core/evaluator_i/Mcompar_p01[17]_p00[17]_LessThan_28_o_cy<7>
    SLICE_X22Y8.CIN      net (fanout=1)        0.082   u/campaign/kernel/core/evaluator_i/Mcompar_p01[17]_p00[17]_LessThan_28_o_cy<7>
    SLICE_X22Y8.AMUX     Tcina                 0.230   u/campaign/kernel/core/evaluator_i/p01[17]_p00[17]_LessThan_28_o
                                                       u/campaign/kernel/core/evaluator_i/Mcompar_p01[17]_p00[17]_LessThan_28_o_cy<8>
    SLICE_X23Y14.B2      net (fanout=19)       1.806   u/campaign/kernel/core/evaluator_i/p01[17]_p00[17]_LessThan_28_o
    SLICE_X23Y14.B       Tilo                  0.259   u/campaign/kernel/core/evaluator_i/score1<14>
                                                       u/campaign/kernel/core/evaluator_i/Mmux_score051
    SLICE_X20Y14.C1      net (fanout=3)        0.753   u/campaign/kernel/core/evaluator_i/score0<13>
    SLICE_X20Y14.COUT    Topcyc                0.348   u/campaign/kernel/core/evaluator_i/Mcompar_score0[17]_score1[17]_LessThan_38_o_cy<7>
                                                       u/campaign/kernel/core/evaluator_i/Mcompar_score0[17]_score1[17]_LessThan_38_o_lutdi6
                                                       u/campaign/kernel/core/evaluator_i/Mcompar_score0[17]_score1[17]_LessThan_38_o_cy<7>
    SLICE_X20Y15.CIN     net (fanout=1)        0.003   u/campaign/kernel/core/evaluator_i/Mcompar_score0[17]_score1[17]_LessThan_38_o_cy<7>
    SLICE_X20Y15.AMUX    Tcina                 0.240   u/campaign/kernel/core/evaluator_i/Mcompar_score0[17]_score1[17]_LessThan_38_o_cy<8>
                                                       u/campaign/kernel/core/evaluator_i/Mcompar_score0[17]_score1[17]_LessThan_38_o_cy<8>
    SLICE_X23Y16.C5      net (fanout=1)        0.461   u/campaign/kernel/core/evaluator_i/Mcompar_score0[17]_score1[17]_LessThan_38_o_cy<8>
    SLICE_X23Y16.C       Tilo                  0.259   u/campaign/kernel/core/b4_selected_slot<0>
                                                       u/campaign/kernel/core/evaluator_i/c0_wins
    SLICE_X22Y16.D3      net (fanout=18)       0.622   u/campaign/kernel/core/evaluator_i/c0_wins
    SLICE_X22Y16.CLK     Tas                   0.339   u/campaign/kernel/core/b4_selected_score<10>
                                                       u/campaign/kernel/core/evaluator_i/Mmux_score1[17]_GND_15_o_mux_131_OUT21
                                                       u/campaign/kernel/core/evaluator_i/selected_score_10
    -------------------------------------------------  ---------------------------
    Total                                      9.599ns (3.350ns logic, 6.249ns route)
                                                       (34.9% logic, 65.1% route)

--------------------------------------------------------------------------------
Slack:                  0.362ns (requirement - (data path - clock path skew + uncertainty))
  Source:               u/campaign/kernel/core/evaluator_i/lam1_1_2 (FF)
  Destination:          u/campaign/kernel/core/evaluator_i/selected_score_10 (FF)
  Requirement:          10.000ns
  Data Path Delay:      9.579ns (Levels of Logic = 9)
  Clock Path Skew:      -0.024ns (0.429 - 0.453)
  Source Clock:         clk_100mhz_BUFGP rising at 0.000ns
  Destination Clock:    clk_100mhz_BUFGP rising at 10.000ns
  Clock Uncertainty:    0.035ns

  Clock Uncertainty:          0.035ns  ((TSJ^2 + TIJ^2)^1/2 + DJ) / 2 + PE
    Total System Jitter (TSJ):  0.070ns
    Total Input Jitter (TIJ):   0.000ns
    Discrete Jitter (DJ):       0.000ns
    Phase Error (PE):           0.000ns

  Maximum Data Path at Slow Process Corner: u/campaign/kernel/core/evaluator_i/lam1_1_2 to u/campaign/kernel/core/evaluator_i/selected_score_10
    Location             Delay type         Delay(ns)  Physical Resource
                                                       Logical Resource(s)
    -------------------------------------------------  -------------------
    SLICE_X27Y9.BQ       Tcko                  0.430   u/campaign/kernel/core/evaluator_i/lam1_1_3
                                                       u/campaign/kernel/core/evaluator_i/lam1_1_2
    SLICE_X26Y9.B5       net (fanout=12)       1.110   u/campaign/kernel/core/evaluator_i/lam1_1_2
    SLICE_X26Y9.COUT     Topcyb                0.483   u/campaign/kernel/core/evaluator_i/Mmux_p013_rs_cy<8>
                                                       u/campaign/kernel/core/evaluator_i/Mmux_p013_A1411
                                                       u/campaign/kernel/core/evaluator_i/Mmux_p013_rs_cy<8>
    SLICE_X26Y10.CIN     net (fanout=1)        0.003   u/campaign/kernel/core/evaluator_i/Mmux_p013_rs_cy<8>
    SLICE_X26Y10.COUT    Tbyp                  0.093   u/campaign/kernel/core/evaluator_i/Mmux_p013_rs_cy<12>
                                                       u/campaign/kernel/core/evaluator_i/Mmux_p013_rs_cy<12>
    SLICE_X26Y11.CIN     net (fanout=1)        0.003   u/campaign/kernel/core/evaluator_i/Mmux_p013_rs_cy<12>
    SLICE_X26Y11.BMUX    Tcinb                 0.310   u/campaign/kernel/core/evaluator_i/Mmux_p013_split<16>
                                                       u/campaign/kernel/core/evaluator_i/Mmux_p013_rs_cy<16>
    SLICE_X24Y6.D3       net (fanout=3)        1.555   u/campaign/kernel/core/evaluator_i/Mmux_p013_split<14>
    SLICE_X24Y6.COUT     Topcyd                0.335   u/campaign/kernel/core/evaluator_i/Mcompar_p02[17]_p01[17]_LessThan_30_o_cy<7>
                                                       u/campaign/kernel/core/evaluator_i/Mcompar_p02[17]_p01[17]_LessThan_30_o_lutdi7
                                                       u/campaign/kernel/core/evaluator_i/Mcompar_p02[17]_p01[17]_LessThan_30_o_cy<7>
    SLICE_X24Y7.CIN      net (fanout=1)        0.003   u/campaign/kernel/core/evaluator_i/Mcompar_p02[17]_p01[17]_LessThan_30_o_cy<7>
    SLICE_X24Y7.AMUX     Tcina                 0.240   u/campaign/kernel/core/evaluator_i/n12<4>
                                                       u/campaign/kernel/core/evaluator_i/Mcompar_p02[17]_p01[17]_LessThan_30_o_cy<8>
    SLICE_X23Y12.A2      net (fanout=19)       1.308   u/campaign/kernel/core/evaluator_i/p02[17]_p01[17]_LessThan_30_o
    SLICE_X23Y12.A       Tilo                  0.259   u/campaign/kernel/core/evaluator_i/quotient<11>
                                                       u/campaign/kernel/core/evaluator_i/Mmux_score091
    SLICE_X20Y15.A2      net (fanout=2)        1.310   u/campaign/kernel/core/evaluator_i/score0<17>
    SLICE_X20Y15.AMUX    Topaa                 0.456   u/campaign/kernel/core/evaluator_i/Mcompar_score0[17]_score1[17]_LessThan_38_o_cy<8>
                                                       u/campaign/kernel/core/evaluator_i/Mcompar_score0[17]_score1[17]_LessThan_38_o_lut<8>
                                                       u/campaign/kernel/core/evaluator_i/Mcompar_score0[17]_score1[17]_LessThan_38_o_cy<8>
    SLICE_X23Y16.C5      net (fanout=1)        0.461   u/campaign/kernel/core/evaluator_i/Mcompar_score0[17]_score1[17]_LessThan_38_o_cy<8>
    SLICE_X23Y16.C       Tilo                  0.259   u/campaign/kernel/core/b4_selected_slot<0>
                                                       u/campaign/kernel/core/evaluator_i/c0_wins
    SLICE_X22Y16.D3      net (fanout=18)       0.622   u/campaign/kernel/core/evaluator_i/c0_wins
    SLICE_X22Y16.CLK     Tas                   0.339   u/campaign/kernel/core/b4_selected_score<10>
                                                       u/campaign/kernel/core/evaluator_i/Mmux_score1[17]_GND_15_o_mux_131_OUT21
                                                       u/campaign/kernel/core/evaluator_i/selected_score_10
    -------------------------------------------------  ---------------------------
    Total                                      9.579ns (3.204ns logic, 6.375ns route)
                                                       (33.4% logic, 66.6% route)

--------------------------------------------------------------------------------

Paths for end point u/campaign/kernel/core/evaluator_i/selected_score_1 (SLICE_X26Y16.A6), 754782 paths
--------------------------------------------------------------------------------
Slack:                  0.294ns (requirement - (data path - clock path skew + uncertainty))
  Source:               u/campaign/kernel/core/evaluator_i/n02_4 (FF)
  Destination:          u/campaign/kernel/core/evaluator_i/selected_score_1 (FF)
  Requirement:          10.000ns
  Data Path Delay:      9.665ns (Levels of Logic = 8)
  Clock Path Skew:      -0.006ns (0.439 - 0.445)
  Source Clock:         clk_100mhz_BUFGP rising at 0.000ns
  Destination Clock:    clk_100mhz_BUFGP rising at 10.000ns
  Clock Uncertainty:    0.035ns

  Clock Uncertainty:          0.035ns  ((TSJ^2 + TIJ^2)^1/2 + DJ) / 2 + PE
    Total System Jitter (TSJ):  0.070ns
    Total Input Jitter (TIJ):   0.000ns
    Discrete Jitter (DJ):       0.000ns
    Phase Error (PE):           0.000ns

  Maximum Data Path at Slow Process Corner: u/campaign/kernel/core/evaluator_i/n02_4 to u/campaign/kernel/core/evaluator_i/selected_score_1
    Location             Delay type         Delay(ns)  Physical Resource
                                                       Logical Resource(s)
    -------------------------------------------------  -------------------
    SLICE_X23Y10.AQ      Tcko                  0.430   u/campaign/kernel/core/evaluator_i/n02<7>
                                                       u/campaign/kernel/core/evaluator_i/n02_4
    SLICE_X22Y10.A2      net (fanout=1)        1.171   u/campaign/kernel/core/evaluator_i/n02<4>
    SLICE_X22Y10.COUT    Topcya                0.482   u/campaign/kernel/core/evaluator_i/Mmux_p023_rs_cy<7>
                                                       u/campaign/kernel/core/evaluator_i/Mmux_p023_A121
                                                       u/campaign/kernel/core/evaluator_i/Mmux_p023_rs_cy<7>
    SLICE_X22Y11.CIN     net (fanout=1)        0.003   u/campaign/kernel/core/evaluator_i/Mmux_p023_rs_cy<7>
    SLICE_X22Y11.BMUX    Tcinb                 0.310   u/campaign/kernel/core/evaluator_i/Mmux_p023_rs_cy<11>
                                                       u/campaign/kernel/core/evaluator_i/Mmux_p023_rs_cy<11>
    SLICE_X24Y6.A3       net (fanout=3)        1.524   u/campaign/kernel/core/evaluator_i/Mmux_p023_split<9>
    SLICE_X24Y6.COUT     Topcya                0.495   u/campaign/kernel/core/evaluator_i/Mcompar_p02[17]_p01[17]_LessThan_30_o_cy<7>
                                                       u/campaign/kernel/core/evaluator_i/Mcompar_p02[17]_p01[17]_LessThan_30_o_lutdi4
                                                       u/campaign/kernel/core/evaluator_i/Mcompar_p02[17]_p01[17]_LessThan_30_o_cy<7>
    SLICE_X24Y7.CIN      net (fanout=1)        0.003   u/campaign/kernel/core/evaluator_i/Mcompar_p02[17]_p01[17]_LessThan_30_o_cy<7>
    SLICE_X24Y7.AMUX     Tcina                 0.240   u/campaign/kernel/core/evaluator_i/n12<4>
                                                       u/campaign/kernel/core/evaluator_i/Mcompar_p02[17]_p01[17]_LessThan_30_o_cy<8>
    SLICE_X23Y12.A2      net (fanout=19)       1.308   u/campaign/kernel/core/evaluator_i/p02[17]_p01[17]_LessThan_30_o
    SLICE_X23Y12.A       Tilo                  0.259   u/campaign/kernel/core/evaluator_i/quotient<11>
                                                       u/campaign/kernel/core/evaluator_i/Mmux_score091
    SLICE_X20Y15.A2      net (fanout=2)        1.310   u/campaign/kernel/core/evaluator_i/score0<17>
    SLICE_X20Y15.AMUX    Topaa                 0.456   u/campaign/kernel/core/evaluator_i/Mcompar_score0[17]_score1[17]_LessThan_38_o_cy<8>
                                                       u/campaign/kernel/core/evaluator_i/Mcompar_score0[17]_score1[17]_LessThan_38_o_lut<8>
                                                       u/campaign/kernel/core/evaluator_i/Mcompar_score0[17]_score1[17]_LessThan_38_o_cy<8>
    SLICE_X23Y16.C5      net (fanout=1)        0.461   u/campaign/kernel/core/evaluator_i/Mcompar_score0[17]_score1[17]_LessThan_38_o_cy<8>
    SLICE_X23Y16.C       Tilo                  0.259   u/campaign/kernel/core/b4_selected_slot<0>
                                                       u/campaign/kernel/core/evaluator_i/c0_wins
    SLICE_X26Y16.A6      net (fanout=18)       0.615   u/campaign/kernel/core/evaluator_i/c0_wins
    SLICE_X26Y16.CLK     Tas                   0.339   u/campaign/kernel/core/b4_selected_score<0>
                                                       u/campaign/kernel/core/evaluator_i/Mmux_score1[17]_GND_15_o_mux_131_OUT101
                                                       u/campaign/kernel/core/evaluator_i/selected_score_1
    -------------------------------------------------  ---------------------------
    Total                                      9.665ns (3.270ns logic, 6.395ns route)
                                                       (33.8% logic, 66.2% route)

--------------------------------------------------------------------------------
Slack:                  0.302ns (requirement - (data path - clock path skew + uncertainty))
  Source:               u/campaign/kernel/core/evaluator_i/n02_4 (FF)
  Destination:          u/campaign/kernel/core/evaluator_i/selected_score_1 (FF)
  Requirement:          10.000ns
  Data Path Delay:      9.657ns (Levels of Logic = 8)
  Clock Path Skew:      -0.006ns (0.439 - 0.445)
  Source Clock:         clk_100mhz_BUFGP rising at 0.000ns
  Destination Clock:    clk_100mhz_BUFGP rising at 10.000ns
  Clock Uncertainty:    0.035ns

  Clock Uncertainty:          0.035ns  ((TSJ^2 + TIJ^2)^1/2 + DJ) / 2 + PE
    Total System Jitter (TSJ):  0.070ns
    Total Input Jitter (TIJ):   0.000ns
    Discrete Jitter (DJ):       0.000ns
    Phase Error (PE):           0.000ns

  Maximum Data Path at Slow Process Corner: u/campaign/kernel/core/evaluator_i/n02_4 to u/campaign/kernel/core/evaluator_i/selected_score_1
    Location             Delay type         Delay(ns)  Physical Resource
                                                       Logical Resource(s)
    -------------------------------------------------  -------------------
    SLICE_X23Y10.AQ      Tcko                  0.430   u/campaign/kernel/core/evaluator_i/n02<7>
                                                       u/campaign/kernel/core/evaluator_i/n02_4
    SLICE_X22Y10.A2      net (fanout=1)        1.171   u/campaign/kernel/core/evaluator_i/n02<4>
    SLICE_X22Y10.COUT    Topcya                0.474   u/campaign/kernel/core/evaluator_i/Mmux_p023_rs_cy<7>
                                                       u/campaign/kernel/core/evaluator_i/Mmux_p023_A1211
                                                       u/campaign/kernel/core/evaluator_i/Mmux_p023_rs_cy<7>
    SLICE_X22Y11.CIN     net (fanout=1)        0.003   u/campaign/kernel/core/evaluator_i/Mmux_p023_rs_cy<7>
    SLICE_X22Y11.BMUX    Tcinb                 0.310   u/campaign/kernel/core/evaluator_i/Mmux_p023_rs_cy<11>
                                                       u/campaign/kernel/core/evaluator_i/Mmux_p023_rs_cy<11>
    SLICE_X24Y6.A3       net (fanout=3)        1.524   u/campaign/kernel/core/evaluator_i/Mmux_p023_split<9>
    SLICE_X24Y6.COUT     Topcya                0.495   u/campaign/kernel/core/evaluator_i/Mcompar_p02[17]_p01[17]_LessThan_30_o_cy<7>
                                                       u/campaign/kernel/core/evaluator_i/Mcompar_p02[17]_p01[17]_LessThan_30_o_lutdi4
                                                       u/campaign/kernel/core/evaluator_i/Mcompar_p02[17]_p01[17]_LessThan_30_o_cy<7>
    SLICE_X24Y7.CIN      net (fanout=1)        0.003   u/campaign/kernel/core/evaluator_i/Mcompar_p02[17]_p01[17]_LessThan_30_o_cy<7>
    SLICE_X24Y7.AMUX     Tcina                 0.240   u/campaign/kernel/core/evaluator_i/n12<4>
                                                       u/campaign/kernel/core/evaluator_i/Mcompar_p02[17]_p01[17]_LessThan_30_o_cy<8>
    SLICE_X23Y12.A2      net (fanout=19)       1.308   u/campaign/kernel/core/evaluator_i/p02[17]_p01[17]_LessThan_30_o
    SLICE_X23Y12.A       Tilo                  0.259   u/campaign/kernel/core/evaluator_i/quotient<11>
                                                       u/campaign/kernel/core/evaluator_i/Mmux_score091
    SLICE_X20Y15.A2      net (fanout=2)        1.310   u/campaign/kernel/core/evaluator_i/score0<17>
    SLICE_X20Y15.AMUX    Topaa                 0.456   u/campaign/kernel/core/evaluator_i/Mcompar_score0[17]_score1[17]_LessThan_38_o_cy<8>
                                                       u/campaign/kernel/core/evaluator_i/Mcompar_score0[17]_score1[17]_LessThan_38_o_lut<8>
                                                       u/campaign/kernel/core/evaluator_i/Mcompar_score0[17]_score1[17]_LessThan_38_o_cy<8>
    SLICE_X23Y16.C5      net (fanout=1)        0.461   u/campaign/kernel/core/evaluator_i/Mcompar_score0[17]_score1[17]_LessThan_38_o_cy<8>
    SLICE_X23Y16.C       Tilo                  0.259   u/campaign/kernel/core/b4_selected_slot<0>
                                                       u/campaign/kernel/core/evaluator_i/c0_wins
    SLICE_X26Y16.A6      net (fanout=18)       0.615   u/campaign/kernel/core/evaluator_i/c0_wins
    SLICE_X26Y16.CLK     Tas                   0.339   u/campaign/kernel/core/b4_selected_score<0>
                                                       u/campaign/kernel/core/evaluator_i/Mmux_score1[17]_GND_15_o_mux_131_OUT101
                                                       u/campaign/kernel/core/evaluator_i/selected_score_1
    -------------------------------------------------  ---------------------------
    Total                                      9.657ns (3.262ns logic, 6.395ns route)
                                                       (33.8% logic, 66.2% route)

--------------------------------------------------------------------------------
Slack:                  0.305ns (requirement - (data path - clock path skew + uncertainty))
  Source:               u/campaign/kernel/core/evaluator_i/n02_4 (FF)
  Destination:          u/campaign/kernel/core/evaluator_i/selected_score_1 (FF)
  Requirement:          10.000ns
  Data Path Delay:      9.654ns (Levels of Logic = 8)
  Clock Path Skew:      -0.006ns (0.439 - 0.445)
  Source Clock:         clk_100mhz_BUFGP rising at 0.000ns
  Destination Clock:    clk_100mhz_BUFGP rising at 10.000ns
  Clock Uncertainty:    0.035ns

  Clock Uncertainty:          0.035ns  ((TSJ^2 + TIJ^2)^1/2 + DJ) / 2 + PE
    Total System Jitter (TSJ):  0.070ns
    Total Input Jitter (TIJ):   0.000ns
    Discrete Jitter (DJ):       0.000ns
    Phase Error (PE):           0.000ns

  Maximum Data Path at Slow Process Corner: u/campaign/kernel/core/evaluator_i/n02_4 to u/campaign/kernel/core/evaluator_i/selected_score_1
    Location             Delay type         Delay(ns)  Physical Resource
                                                       Logical Resource(s)
    -------------------------------------------------  -------------------
    SLICE_X23Y10.AQ      Tcko                  0.430   u/campaign/kernel/core/evaluator_i/n02<7>
                                                       u/campaign/kernel/core/evaluator_i/n02_4
    SLICE_X22Y10.A2      net (fanout=1)        1.171   u/campaign/kernel/core/evaluator_i/n02<4>
    SLICE_X22Y10.COUT    Topcya                0.482   u/campaign/kernel/core/evaluator_i/Mmux_p023_rs_cy<7>
                                                       u/campaign/kernel/core/evaluator_i/Mmux_p023_A121
                                                       u/campaign/kernel/core/evaluator_i/Mmux_p023_rs_cy<7>
    SLICE_X22Y11.CIN     net (fanout=1)        0.003   u/campaign/kernel/core/evaluator_i/Mmux_p023_rs_cy<7>
    SLICE_X22Y11.BMUX    Tcinb                 0.310   u/campaign/kernel/core/evaluator_i/Mmux_p023_rs_cy<11>
                                                       u/campaign/kernel/core/evaluator_i/Mmux_p023_rs_cy<11>
    SLICE_X24Y6.A3       net (fanout=3)        1.524   u/campaign/kernel/core/evaluator_i/Mmux_p023_split<9>
    SLICE_X24Y6.COUT     Topcya                0.495   u/campaign/kernel/core/evaluator_i/Mcompar_p02[17]_p01[17]_LessThan_30_o_cy<7>
                                                       u/campaign/kernel/core/evaluator_i/Mcompar_p02[17]_p01[17]_LessThan_30_o_lutdi4
                                                       u/campaign/kernel/core/evaluator_i/Mcompar_p02[17]_p01[17]_LessThan_30_o_cy<7>
    SLICE_X24Y7.CIN      net (fanout=1)        0.003   u/campaign/kernel/core/evaluator_i/Mcompar_p02[17]_p01[17]_LessThan_30_o_cy<7>
    SLICE_X24Y7.AMUX     Tcina                 0.240   u/campaign/kernel/core/evaluator_i/n12<4>
                                                       u/campaign/kernel/core/evaluator_i/Mcompar_p02[17]_p01[17]_LessThan_30_o_cy<8>
    SLICE_X23Y12.A2      net (fanout=19)       1.308   u/campaign/kernel/core/evaluator_i/p02[17]_p01[17]_LessThan_30_o
    SLICE_X23Y12.A       Tilo                  0.259   u/campaign/kernel/core/evaluator_i/quotient<11>
                                                       u/campaign/kernel/core/evaluator_i/Mmux_score091
    SLICE_X20Y15.A2      net (fanout=2)        1.310   u/campaign/kernel/core/evaluator_i/score0<17>
    SLICE_X20Y15.AMUX    Topaa                 0.445   u/campaign/kernel/core/evaluator_i/Mcompar_score0[17]_score1[17]_LessThan_38_o_cy<8>
                                                       u/campaign/kernel/core/evaluator_i/Mcompar_score0[17]_score1[17]_LessThan_38_o_lutdi8
                                                       u/campaign/kernel/core/evaluator_i/Mcompar_score0[17]_score1[17]_LessThan_38_o_cy<8>
    SLICE_X23Y16.C5      net (fanout=1)        0.461   u/campaign/kernel/core/evaluator_i/Mcompar_score0[17]_score1[17]_LessThan_38_o_cy<8>
    SLICE_X23Y16.C       Tilo                  0.259   u/campaign/kernel/core/b4_selected_slot<0>
                                                       u/campaign/kernel/core/evaluator_i/c0_wins
    SLICE_X26Y16.A6      net (fanout=18)       0.615   u/campaign/kernel/core/evaluator_i/c0_wins
    SLICE_X26Y16.CLK     Tas                   0.339   u/campaign/kernel/core/b4_selected_score<0>
                                                       u/campaign/kernel/core/evaluator_i/Mmux_score1[17]_GND_15_o_mux_131_OUT101
                                                       u/campaign/kernel/core/evaluator_i/selected_score_1
    -------------------------------------------------  ---------------------------
    Total                                      9.654ns (3.259ns logic, 6.395ns route)
                                                       (33.8% logic, 66.2% route)

--------------------------------------------------------------------------------
Slack:                  0.313ns (requirement - (data path - clock path skew + uncertainty))
  Source:               u/campaign/kernel/core/evaluator_i/n02_4 (FF)
  Destination:          u/campaign/kernel/core/evaluator_i/selected_score_1 (FF)
  Requirement:          10.000ns
  Data Path Delay:      9.646ns (Levels of Logic = 8)
  Clock Path Skew:      -0.006ns (0.439 - 0.445)
  Source Clock:         clk_100mhz_BUFGP rising at 0.000ns
  Destination Clock:    clk_100mhz_BUFGP rising at 10.000ns
  Clock Uncertainty:    0.035ns

  Clock Uncertainty:          0.035ns  ((TSJ^2 + TIJ^2)^1/2 + DJ) / 2 + PE
    Total System Jitter (TSJ):  0.070ns
    Total Input Jitter (TIJ):   0.000ns
    Discrete Jitter (DJ):       0.000ns
    Phase Error (PE):           0.000ns

  Maximum Data Path at Slow Process Corner: u/campaign/kernel/core/evaluator_i/n02_4 to u/campaign/kernel/core/evaluator_i/selected_score_1
    Location             Delay type         Delay(ns)  Physical Resource
                                                       Logical Resource(s)
    -------------------------------------------------  -------------------
    SLICE_X23Y10.AQ      Tcko                  0.430   u/campaign/kernel/core/evaluator_i/n02<7>
                                                       u/campaign/kernel/core/evaluator_i/n02_4
    SLICE_X22Y10.A2      net (fanout=1)        1.171   u/campaign/kernel/core/evaluator_i/n02<4>
    SLICE_X22Y10.COUT    Topcya                0.474   u/campaign/kernel/core/evaluator_i/Mmux_p023_rs_cy<7>
                                                       u/campaign/kernel/core/evaluator_i/Mmux_p023_A1211
                                                       u/campaign/kernel/core/evaluator_i/Mmux_p023_rs_cy<7>
    SLICE_X22Y11.CIN     net (fanout=1)        0.003   u/campaign/kernel/core/evaluator_i/Mmux_p023_rs_cy<7>
    SLICE_X22Y11.BMUX    Tcinb                 0.310   u/campaign/kernel/core/evaluator_i/Mmux_p023_rs_cy<11>
                                                       u/campaign/kernel/core/evaluator_i/Mmux_p023_rs_cy<11>
    SLICE_X24Y6.A3       net (fanout=3)        1.524   u/campaign/kernel/core/evaluator_i/Mmux_p023_split<9>
    SLICE_X24Y6.COUT     Topcya                0.495   u/campaign/kernel/core/evaluator_i/Mcompar_p02[17]_p01[17]_LessThan_30_o_cy<7>
                                                       u/campaign/kernel/core/evaluator_i/Mcompar_p02[17]_p01[17]_LessThan_30_o_lutdi4
                                                       u/campaign/kernel/core/evaluator_i/Mcompar_p02[17]_p01[17]_LessThan_30_o_cy<7>
    SLICE_X24Y7.CIN      net (fanout=1)        0.003   u/campaign/kernel/core/evaluator_i/Mcompar_p02[17]_p01[17]_LessThan_30_o_cy<7>
    SLICE_X24Y7.AMUX     Tcina                 0.240   u/campaign/kernel/core/evaluator_i/n12<4>
                                                       u/campaign/kernel/core/evaluator_i/Mcompar_p02[17]_p01[17]_LessThan_30_o_cy<8>
    SLICE_X23Y12.A2      net (fanout=19)       1.308   u/campaign/kernel/core/evaluator_i/p02[17]_p01[17]_LessThan_30_o
    SLICE_X23Y12.A       Tilo                  0.259   u/campaign/kernel/core/evaluator_i/quotient<11>
                                                       u/campaign/kernel/core/evaluator_i/Mmux_score091
    SLICE_X20Y15.A2      net (fanout=2)        1.310   u/campaign/kernel/core/evaluator_i/score0<17>
    SLICE_X20Y15.AMUX    Topaa                 0.445   u/campaign/kernel/core/evaluator_i/Mcompar_score0[17]_score1[17]_LessThan_38_o_cy<8>
                                                       u/campaign/kernel/core/evaluator_i/Mcompar_score0[17]_score1[17]_LessThan_38_o_lutdi8
                                                       u/campaign/kernel/core/evaluator_i/Mcompar_score0[17]_score1[17]_LessThan_38_o_cy<8>
    SLICE_X23Y16.C5      net (fanout=1)        0.461   u/campaign/kernel/core/evaluator_i/Mcompar_score0[17]_score1[17]_LessThan_38_o_cy<8>
    SLICE_X23Y16.C       Tilo                  0.259   u/campaign/kernel/core/b4_selected_slot<0>
                                                       u/campaign/kernel/core/evaluator_i/c0_wins
    SLICE_X26Y16.A6      net (fanout=18)       0.615   u/campaign/kernel/core/evaluator_i/c0_wins
    SLICE_X26Y16.CLK     Tas                   0.339   u/campaign/kernel/core/b4_selected_score<0>
                                                       u/campaign/kernel/core/evaluator_i/Mmux_score1[17]_GND_15_o_mux_131_OUT101
                                                       u/campaign/kernel/core/evaluator_i/selected_score_1
    -------------------------------------------------  ---------------------------
    Total                                      9.646ns (3.251ns logic, 6.395ns route)
                                                       (33.7% logic, 66.3% route)

--------------------------------------------------------------------------------
Slack:                  0.317ns (requirement - (data path - clock path skew + uncertainty))
  Source:               u/campaign/kernel/core/evaluator_i/n02_4 (FF)
  Destination:          u/campaign/kernel/core/evaluator_i/selected_score_1 (FF)
  Requirement:          10.000ns
  Data Path Delay:      9.642ns (Levels of Logic = 8)
  Clock Path Skew:      -0.006ns (0.439 - 0.445)
  Source Clock:         clk_100mhz_BUFGP rising at 0.000ns
  Destination Clock:    clk_100mhz_BUFGP rising at 10.000ns
  Clock Uncertainty:    0.035ns

  Clock Uncertainty:          0.035ns  ((TSJ^2 + TIJ^2)^1/2 + DJ) / 2 + PE
    Total System Jitter (TSJ):  0.070ns
    Total Input Jitter (TIJ):   0.000ns
    Discrete Jitter (DJ):       0.000ns
    Phase Error (PE):           0.000ns

  Maximum Data Path at Slow Process Corner: u/campaign/kernel/core/evaluator_i/n02_4 to u/campaign/kernel/core/evaluator_i/selected_score_1
    Location             Delay type         Delay(ns)  Physical Resource
                                                       Logical Resource(s)
    -------------------------------------------------  -------------------
    SLICE_X23Y10.AQ      Tcko                  0.430   u/campaign/kernel/core/evaluator_i/n02<7>
                                                       u/campaign/kernel/core/evaluator_i/n02_4
    SLICE_X22Y10.A2      net (fanout=1)        1.171   u/campaign/kernel/core/evaluator_i/n02<4>
    SLICE_X22Y10.COUT    Topcya                0.482   u/campaign/kernel/core/evaluator_i/Mmux_p023_rs_cy<7>
                                                       u/campaign/kernel/core/evaluator_i/Mmux_p023_A121
                                                       u/campaign/kernel/core/evaluator_i/Mmux_p023_rs_cy<7>
    SLICE_X22Y11.CIN     net (fanout=1)        0.003   u/campaign/kernel/core/evaluator_i/Mmux_p023_rs_cy<7>
    SLICE_X22Y11.BMUX    Tcinb                 0.310   u/campaign/kernel/core/evaluator_i/Mmux_p023_rs_cy<11>
                                                       u/campaign/kernel/core/evaluator_i/Mmux_p023_rs_cy<11>
    SLICE_X24Y6.A3       net (fanout=3)        1.524   u/campaign/kernel/core/evaluator_i/Mmux_p023_split<9>
    SLICE_X24Y6.COUT     Topcya                0.472   u/campaign/kernel/core/evaluator_i/Mcompar_p02[17]_p01[17]_LessThan_30_o_cy<7>
                                                       u/campaign/kernel/core/evaluator_i/Mcompar_p02[17]_p01[17]_LessThan_30_o_lut<4>
                                                       u/campaign/kernel/core/evaluator_i/Mcompar_p02[17]_p01[17]_LessThan_30_o_cy<7>
    SLICE_X24Y7.CIN      net (fanout=1)        0.003   u/campaign/kernel/core/evaluator_i/Mcompar_p02[17]_p01[17]_LessThan_30_o_cy<7>
    SLICE_X24Y7.AMUX     Tcina                 0.240   u/campaign/kernel/core/evaluator_i/n12<4>
                                                       u/campaign/kernel/core/evaluator_i/Mcompar_p02[17]_p01[17]_LessThan_30_o_cy<8>
    SLICE_X23Y12.A2      net (fanout=19)       1.308   u/campaign/kernel/core/evaluator_i/p02[17]_p01[17]_LessThan_30_o
    SLICE_X23Y12.A       Tilo                  0.259   u/campaign/kernel/core/evaluator_i/quotient<11>
                                                       u/campaign/kernel/core/evaluator_i/Mmux_score091
    SLICE_X20Y15.A2      net (fanout=2)        1.310   u/campaign/kernel/core/evaluator_i/score0<17>
    SLICE_X20Y15.AMUX    Topaa                 0.456   u/campaign/kernel/core/evaluator_i/Mcompar_score0[17]_score1[17]_LessThan_38_o_cy<8>
                                                       u/campaign/kernel/core/evaluator_i/Mcompar_score0[17]_score1[17]_LessThan_38_o_lut<8>
                                                       u/campaign/kernel/core/evaluator_i/Mcompar_score0[17]_score1[17]_LessThan_38_o_cy<8>
    SLICE_X23Y16.C5      net (fanout=1)        0.461   u/campaign/kernel/core/evaluator_i/Mcompar_score0[17]_score1[17]_LessThan_38_o_cy<8>
    SLICE_X23Y16.C       Tilo                  0.259   u/campaign/kernel/core/b4_selected_slot<0>
                                                       u/campaign/kernel/core/evaluator_i/c0_wins
    SLICE_X26Y16.A6      net (fanout=18)       0.615   u/campaign/kernel/core/evaluator_i/c0_wins
    SLICE_X26Y16.CLK     Tas                   0.339   u/campaign/kernel/core/b4_selected_score<0>
                                                       u/campaign/kernel/core/evaluator_i/Mmux_score1[17]_GND_15_o_mux_131_OUT101
                                                       u/campaign/kernel/core/evaluator_i/selected_score_1
    -------------------------------------------------  ---------------------------
    Total                                      9.642ns (3.247ns logic, 6.395ns route)
                                                       (33.7% logic, 66.3% route)

--------------------------------------------------------------------------------
Slack:                  0.325ns (requirement - (data path - clock path skew + uncertainty))
  Source:               u/campaign/kernel/core/evaluator_i/n02_4 (FF)
  Destination:          u/campaign/kernel/core/evaluator_i/selected_score_1 (FF)
  Requirement:          10.000ns
  Data Path Delay:      9.634ns (Levels of Logic = 8)
  Clock Path Skew:      -0.006ns (0.439 - 0.445)
  Source Clock:         clk_100mhz_BUFGP rising at 0.000ns
  Destination Clock:    clk_100mhz_BUFGP rising at 10.000ns
  Clock Uncertainty:    0.035ns

  Clock Uncertainty:          0.035ns  ((TSJ^2 + TIJ^2)^1/2 + DJ) / 2 + PE
    Total System Jitter (TSJ):  0.070ns
    Total Input Jitter (TIJ):   0.000ns
    Discrete Jitter (DJ):       0.000ns
    Phase Error (PE):           0.000ns

  Maximum Data Path at Slow Process Corner: u/campaign/kernel/core/evaluator_i/n02_4 to u/campaign/kernel/core/evaluator_i/selected_score_1
    Location             Delay type         Delay(ns)  Physical Resource
                                                       Logical Resource(s)
    -------------------------------------------------  -------------------
    SLICE_X23Y10.AQ      Tcko                  0.430   u/campaign/kernel/core/evaluator_i/n02<7>
                                                       u/campaign/kernel/core/evaluator_i/n02_4
    SLICE_X22Y10.A2      net (fanout=1)        1.171   u/campaign/kernel/core/evaluator_i/n02<4>
    SLICE_X22Y10.COUT    Topcya                0.474   u/campaign/kernel/core/evaluator_i/Mmux_p023_rs_cy<7>
                                                       u/campaign/kernel/core/evaluator_i/Mmux_p023_A1211
                                                       u/campaign/kernel/core/evaluator_i/Mmux_p023_rs_cy<7>
    SLICE_X22Y11.CIN     net (fanout=1)        0.003   u/campaign/kernel/core/evaluator_i/Mmux_p023_rs_cy<7>
    SLICE_X22Y11.BMUX    Tcinb                 0.310   u/campaign/kernel/core/evaluator_i/Mmux_p023_rs_cy<11>
                                                       u/campaign/kernel/core/evaluator_i/Mmux_p023_rs_cy<11>
    SLICE_X24Y6.A3       net (fanout=3)        1.524   u/campaign/kernel/core/evaluator_i/Mmux_p023_split<9>
    SLICE_X24Y6.COUT     Topcya                0.472   u/campaign/kernel/core/evaluator_i/Mcompar_p02[17]_p01[17]_LessThan_30_o_cy<7>
                                                       u/campaign/kernel/core/evaluator_i/Mcompar_p02[17]_p01[17]_LessThan_30_o_lut<4>
                                                       u/campaign/kernel/core/evaluator_i/Mcompar_p02[17]_p01[17]_LessThan_30_o_cy<7>
    SLICE_X24Y7.CIN      net (fanout=1)        0.003   u/campaign/kernel/core/evaluator_i/Mcompar_p02[17]_p01[17]_LessThan_30_o_cy<7>
    SLICE_X24Y7.AMUX     Tcina                 0.240   u/campaign/kernel/core/evaluator_i/n12<4>
                                                       u/campaign/kernel/core/evaluator_i/Mcompar_p02[17]_p01[17]_LessThan_30_o_cy<8>
    SLICE_X23Y12.A2      net (fanout=19)       1.308   u/campaign/kernel/core/evaluator_i/p02[17]_p01[17]_LessThan_30_o
    SLICE_X23Y12.A       Tilo                  0.259   u/campaign/kernel/core/evaluator_i/quotient<11>
                                                       u/campaign/kernel/core/evaluator_i/Mmux_score091
    SLICE_X20Y15.A2      net (fanout=2)        1.310   u/campaign/kernel/core/evaluator_i/score0<17>
    SLICE_X20Y15.AMUX    Topaa                 0.456   u/campaign/kernel/core/evaluator_i/Mcompar_score0[17]_score1[17]_LessThan_38_o_cy<8>
                                                       u/campaign/kernel/core/evaluator_i/Mcompar_score0[17]_score1[17]_LessThan_38_o_lut<8>
                                                       u/campaign/kernel/core/evaluator_i/Mcompar_score0[17]_score1[17]_LessThan_38_o_cy<8>
    SLICE_X23Y16.C5      net (fanout=1)        0.461   u/campaign/kernel/core/evaluator_i/Mcompar_score0[17]_score1[17]_LessThan_38_o_cy<8>
    SLICE_X23Y16.C       Tilo                  0.259   u/campaign/kernel/core/b4_selected_slot<0>
                                                       u/campaign/kernel/core/evaluator_i/c0_wins
    SLICE_X26Y16.A6      net (fanout=18)       0.615   u/campaign/kernel/core/evaluator_i/c0_wins
    SLICE_X26Y16.CLK     Tas                   0.339   u/campaign/kernel/core/b4_selected_score<0>
                                                       u/campaign/kernel/core/evaluator_i/Mmux_score1[17]_GND_15_o_mux_131_OUT101
                                                       u/campaign/kernel/core/evaluator_i/selected_score_1
    -------------------------------------------------  ---------------------------
    Total                                      9.634ns (3.239ns logic, 6.395ns route)
                                                       (33.6% logic, 66.4% route)

--------------------------------------------------------------------------------
Slack:                  0.328ns (requirement - (data path - clock path skew + uncertainty))
  Source:               u/campaign/kernel/core/evaluator_i/n02_4 (FF)
  Destination:          u/campaign/kernel/core/evaluator_i/selected_score_1 (FF)
  Requirement:          10.000ns
  Data Path Delay:      9.631ns (Levels of Logic = 8)
  Clock Path Skew:      -0.006ns (0.439 - 0.445)
  Source Clock:         clk_100mhz_BUFGP rising at 0.000ns
  Destination Clock:    clk_100mhz_BUFGP rising at 10.000ns
  Clock Uncertainty:    0.035ns

  Clock Uncertainty:          0.035ns  ((TSJ^2 + TIJ^2)^1/2 + DJ) / 2 + PE
    Total System Jitter (TSJ):  0.070ns
    Total Input Jitter (TIJ):   0.000ns
    Discrete Jitter (DJ):       0.000ns
    Phase Error (PE):           0.000ns

  Maximum Data Path at Slow Process Corner: u/campaign/kernel/core/evaluator_i/n02_4 to u/campaign/kernel/core/evaluator_i/selected_score_1
    Location             Delay type         Delay(ns)  Physical Resource
                                                       Logical Resource(s)
    -------------------------------------------------  -------------------
    SLICE_X23Y10.AQ      Tcko                  0.430   u/campaign/kernel/core/evaluator_i/n02<7>
                                                       u/campaign/kernel/core/evaluator_i/n02_4
    SLICE_X22Y10.A2      net (fanout=1)        1.171   u/campaign/kernel/core/evaluator_i/n02<4>
    SLICE_X22Y10.COUT    Topcya                0.482   u/campaign/kernel/core/evaluator_i/Mmux_p023_rs_cy<7>
                                                       u/campaign/kernel/core/evaluator_i/Mmux_p023_A121
                                                       u/campaign/kernel/core/evaluator_i/Mmux_p023_rs_cy<7>
    SLICE_X22Y11.CIN     net (fanout=1)        0.003   u/campaign/kernel/core/evaluator_i/Mmux_p023_rs_cy<7>
    SLICE_X22Y11.BMUX    Tcinb                 0.310   u/campaign/kernel/core/evaluator_i/Mmux_p023_rs_cy<11>
                                                       u/campaign/kernel/core/evaluator_i/Mmux_p023_rs_cy<11>
    SLICE_X24Y6.A3       net (fanout=3)        1.524   u/campaign/kernel/core/evaluator_i/Mmux_p023_split<9>
    SLICE_X24Y6.COUT     Topcya                0.472   u/campaign/kernel/core/evaluator_i/Mcompar_p02[17]_p01[17]_LessThan_30_o_cy<7>
                                                       u/campaign/kernel/core/evaluator_i/Mcompar_p02[17]_p01[17]_LessThan_30_o_lut<4>
                                                       u/campaign/kernel/core/evaluator_i/Mcompar_p02[17]_p01[17]_LessThan_30_o_cy<7>
    SLICE_X24Y7.CIN      net (fanout=1)        0.003   u/campaign/kernel/core/evaluator_i/Mcompar_p02[17]_p01[17]_LessThan_30_o_cy<7>
    SLICE_X24Y7.AMUX     Tcina                 0.240   u/campaign/kernel/core/evaluator_i/n12<4>
                                                       u/campaign/kernel/core/evaluator_i/Mcompar_p02[17]_p01[17]_LessThan_30_o_cy<8>
    SLICE_X23Y12.A2      net (fanout=19)       1.308   u/campaign/kernel/core/evaluator_i/p02[17]_p01[17]_LessThan_30_o
    SLICE_X23Y12.A       Tilo                  0.259   u/campaign/kernel/core/evaluator_i/quotient<11>
                                                       u/campaign/kernel/core/evaluator_i/Mmux_score091
    SLICE_X20Y15.A2      net (fanout=2)        1.310   u/campaign/kernel/core/evaluator_i/score0<17>
    SLICE_X20Y15.AMUX    Topaa                 0.445   u/campaign/kernel/core/evaluator_i/Mcompar_score0[17]_score1[17]_LessThan_38_o_cy<8>
                                                       u/campaign/kernel/core/evaluator_i/Mcompar_score0[17]_score1[17]_LessThan_38_o_lutdi8
                                                       u/campaign/kernel/core/evaluator_i/Mcompar_score0[17]_score1[17]_LessThan_38_o_cy<8>
    SLICE_X23Y16.C5      net (fanout=1)        0.461   u/campaign/kernel/core/evaluator_i/Mcompar_score0[17]_score1[17]_LessThan_38_o_cy<8>
    SLICE_X23Y16.C       Tilo                  0.259   u/campaign/kernel/core/b4_selected_slot<0>
                                                       u/campaign/kernel/core/evaluator_i/c0_wins
    SLICE_X26Y16.A6      net (fanout=18)       0.615   u/campaign/kernel/core/evaluator_i/c0_wins
    SLICE_X26Y16.CLK     Tas                   0.339   u/campaign/kernel/core/b4_selected_score<0>
                                                       u/campaign/kernel/core/evaluator_i/Mmux_score1[17]_GND_15_o_mux_131_OUT101
                                                       u/campaign/kernel/core/evaluator_i/selected_score_1
    -------------------------------------------------  ---------------------------
    Total                                      9.631ns (3.236ns logic, 6.395ns route)
                                                       (33.6% logic, 66.4% route)

--------------------------------------------------------------------------------
Slack:                  0.336ns (requirement - (data path - clock path skew + uncertainty))
  Source:               u/campaign/kernel/core/evaluator_i/n02_4 (FF)
  Destination:          u/campaign/kernel/core/evaluator_i/selected_score_1 (FF)
  Requirement:          10.000ns
  Data Path Delay:      9.623ns (Levels of Logic = 8)
  Clock Path Skew:      -0.006ns (0.439 - 0.445)
  Source Clock:         clk_100mhz_BUFGP rising at 0.000ns
  Destination Clock:    clk_100mhz_BUFGP rising at 10.000ns
  Clock Uncertainty:    0.035ns

  Clock Uncertainty:          0.035ns  ((TSJ^2 + TIJ^2)^1/2 + DJ) / 2 + PE
    Total System Jitter (TSJ):  0.070ns
    Total Input Jitter (TIJ):   0.000ns
    Discrete Jitter (DJ):       0.000ns
    Phase Error (PE):           0.000ns

  Maximum Data Path at Slow Process Corner: u/campaign/kernel/core/evaluator_i/n02_4 to u/campaign/kernel/core/evaluator_i/selected_score_1
    Location             Delay type         Delay(ns)  Physical Resource
                                                       Logical Resource(s)
    -------------------------------------------------  -------------------
    SLICE_X23Y10.AQ      Tcko                  0.430   u/campaign/kernel/core/evaluator_i/n02<7>
                                                       u/campaign/kernel/core/evaluator_i/n02_4
    SLICE_X22Y10.A2      net (fanout=1)        1.171   u/campaign/kernel/core/evaluator_i/n02<4>
    SLICE_X22Y10.COUT    Topcya                0.474   u/campaign/kernel/core/evaluator_i/Mmux_p023_rs_cy<7>
                                                       u/campaign/kernel/core/evaluator_i/Mmux_p023_A1211
                                                       u/campaign/kernel/core/evaluator_i/Mmux_p023_rs_cy<7>
    SLICE_X22Y11.CIN     net (fanout=1)        0.003   u/campaign/kernel/core/evaluator_i/Mmux_p023_rs_cy<7>
    SLICE_X22Y11.BMUX    Tcinb                 0.310   u/campaign/kernel/core/evaluator_i/Mmux_p023_rs_cy<11>
                                                       u/campaign/kernel/core/evaluator_i/Mmux_p023_rs_cy<11>
    SLICE_X24Y6.A3       net (fanout=3)        1.524   u/campaign/kernel/core/evaluator_i/Mmux_p023_split<9>
    SLICE_X24Y6.COUT     Topcya                0.472   u/campaign/kernel/core/evaluator_i/Mcompar_p02[17]_p01[17]_LessThan_30_o_cy<7>
                                                       u/campaign/kernel/core/evaluator_i/Mcompar_p02[17]_p01[17]_LessThan_30_o_lut<4>
                                                       u/campaign/kernel/core/evaluator_i/Mcompar_p02[17]_p01[17]_LessThan_30_o_cy<7>
    SLICE_X24Y7.CIN      net (fanout=1)        0.003   u/campaign/kernel/core/evaluator_i/Mcompar_p02[17]_p01[17]_LessThan_30_o_cy<7>
    SLICE_X24Y7.AMUX     Tcina                 0.240   u/campaign/kernel/core/evaluator_i/n12<4>
                                                       u/campaign/kernel/core/evaluator_i/Mcompar_p02[17]_p01[17]_LessThan_30_o_cy<8>
    SLICE_X23Y12.A2      net (fanout=19)       1.308   u/campaign/kernel/core/evaluator_i/p02[17]_p01[17]_LessThan_30_o
    SLICE_X23Y12.A       Tilo                  0.259   u/campaign/kernel/core/evaluator_i/quotient<11>
                                                       u/campaign/kernel/core/evaluator_i/Mmux_score091
    SLICE_X20Y15.A2      net (fanout=2)        1.310   u/campaign/kernel/core/evaluator_i/score0<17>
    SLICE_X20Y15.AMUX    Topaa                 0.445   u/campaign/kernel/core/evaluator_i/Mcompar_score0[17]_score1[17]_LessThan_38_o_cy<8>
                                                       u/campaign/kernel/core/evaluator_i/Mcompar_score0[17]_score1[17]_LessThan_38_o_lutdi8
                                                       u/campaign/kernel/core/evaluator_i/Mcompar_score0[17]_score1[17]_LessThan_38_o_cy<8>
    SLICE_X23Y16.C5      net (fanout=1)        0.461   u/campaign/kernel/core/evaluator_i/Mcompar_score0[17]_score1[17]_LessThan_38_o_cy<8>
    SLICE_X23Y16.C       Tilo                  0.259   u/campaign/kernel/core/b4_selected_slot<0>
                                                       u/campaign/kernel/core/evaluator_i/c0_wins
    SLICE_X26Y16.A6      net (fanout=18)       0.615   u/campaign/kernel/core/evaluator_i/c0_wins
    SLICE_X26Y16.CLK     Tas                   0.339   u/campaign/kernel/core/b4_selected_score<0>
                                                       u/campaign/kernel/core/evaluator_i/Mmux_score1[17]_GND_15_o_mux_131_OUT101
                                                       u/campaign/kernel/core/evaluator_i/selected_score_1
    -------------------------------------------------  ---------------------------
    Total                                      9.623ns (3.228ns logic, 6.395ns route)
                                                       (33.5% logic, 66.5% route)

--------------------------------------------------------------------------------
Slack:                  0.359ns (requirement - (data path - clock path skew + uncertainty))
  Source:               u/campaign/kernel/core/evaluator_i/lam1_1_2 (FF)
  Destination:          u/campaign/kernel/core/evaluator_i/selected_score_1 (FF)
  Requirement:          10.000ns
  Data Path Delay:      9.592ns (Levels of Logic = 9)
  Clock Path Skew:      -0.014ns (0.439 - 0.453)
  Source Clock:         clk_100mhz_BUFGP rising at 0.000ns
  Destination Clock:    clk_100mhz_BUFGP rising at 10.000ns
  Clock Uncertainty:    0.035ns

  Clock Uncertainty:          0.035ns  ((TSJ^2 + TIJ^2)^1/2 + DJ) / 2 + PE
    Total System Jitter (TSJ):  0.070ns
    Total Input Jitter (TIJ):   0.000ns
    Discrete Jitter (DJ):       0.000ns
    Phase Error (PE):           0.000ns

  Maximum Data Path at Slow Process Corner: u/campaign/kernel/core/evaluator_i/lam1_1_2 to u/campaign/kernel/core/evaluator_i/selected_score_1
    Location             Delay type         Delay(ns)  Physical Resource
                                                       Logical Resource(s)
    -------------------------------------------------  -------------------
    SLICE_X27Y9.BQ       Tcko                  0.430   u/campaign/kernel/core/evaluator_i/lam1_1_3
                                                       u/campaign/kernel/core/evaluator_i/lam1_1_2
    SLICE_X26Y9.B5       net (fanout=12)       1.110   u/campaign/kernel/core/evaluator_i/lam1_1_2
    SLICE_X26Y9.COUT     Topcyb                0.483   u/campaign/kernel/core/evaluator_i/Mmux_p013_rs_cy<8>
                                                       u/campaign/kernel/core/evaluator_i/Mmux_p013_A1411
                                                       u/campaign/kernel/core/evaluator_i/Mmux_p013_rs_cy<8>
    SLICE_X26Y10.CIN     net (fanout=1)        0.003   u/campaign/kernel/core/evaluator_i/Mmux_p013_rs_cy<8>
    SLICE_X26Y10.CMUX    Tcinc                 0.279   u/campaign/kernel/core/evaluator_i/Mmux_p013_rs_cy<12>
                                                       u/campaign/kernel/core/evaluator_i/Mmux_p013_rs_cy<12>
    SLICE_X22Y7.B2       net (fanout=3)        1.409   u/campaign/kernel/core/evaluator_i/Mmux_p013_split<11>
    SLICE_X22Y7.COUT     Topcyb                0.483   u/campaign/kernel/core/evaluator_i/Mcompar_p01[17]_p00[17]_LessThan_28_o_cy<7>
                                                       u/campaign/kernel/core/evaluator_i/Mcompar_p01[17]_p00[17]_LessThan_28_o_lut<5>
                                                       u/campaign/kernel/core/evaluator_i/Mcompar_p01[17]_p00[17]_LessThan_28_o_cy<7>
    SLICE_X22Y8.CIN      net (fanout=1)        0.082   u/campaign/kernel/core/evaluator_i/Mcompar_p01[17]_p00[17]_LessThan_28_o_cy<7>
    SLICE_X22Y8.AMUX     Tcina                 0.230   u/campaign/kernel/core/evaluator_i/p01[17]_p00[17]_LessThan_28_o
                                                       u/campaign/kernel/core/evaluator_i/Mcompar_p01[17]_p00[17]_LessThan_28_o_cy<8>
    SLICE_X23Y14.B2      net (fanout=19)       1.806   u/campaign/kernel/core/evaluator_i/p01[17]_p00[17]_LessThan_28_o
    SLICE_X23Y14.B       Tilo                  0.259   u/campaign/kernel/core/evaluator_i/score1<14>
                                                       u/campaign/kernel/core/evaluator_i/Mmux_score051
    SLICE_X20Y14.C1      net (fanout=3)        0.753   u/campaign/kernel/core/evaluator_i/score0<13>
    SLICE_X20Y14.COUT    Topcyc                0.348   u/campaign/kernel/core/evaluator_i/Mcompar_score0[17]_score1[17]_LessThan_38_o_cy<7>
                                                       u/campaign/kernel/core/evaluator_i/Mcompar_score0[17]_score1[17]_LessThan_38_o_lutdi6
                                                       u/campaign/kernel/core/evaluator_i/Mcompar_score0[17]_score1[17]_LessThan_38_o_cy<7>
    SLICE_X20Y15.CIN     net (fanout=1)        0.003   u/campaign/kernel/core/evaluator_i/Mcompar_score0[17]_score1[17]_LessThan_38_o_cy<7>
    SLICE_X20Y15.AMUX    Tcina                 0.240   u/campaign/kernel/core/evaluator_i/Mcompar_score0[17]_score1[17]_LessThan_38_o_cy<8>
                                                       u/campaign/kernel/core/evaluator_i/Mcompar_score0[17]_score1[17]_LessThan_38_o_cy<8>
    SLICE_X23Y16.C5      net (fanout=1)        0.461   u/campaign/kernel/core/evaluator_i/Mcompar_score0[17]_score1[17]_LessThan_38_o_cy<8>
    SLICE_X23Y16.C       Tilo                  0.259   u/campaign/kernel/core/b4_selected_slot<0>
                                                       u/campaign/kernel/core/evaluator_i/c0_wins
    SLICE_X26Y16.A6      net (fanout=18)       0.615   u/campaign/kernel/core/evaluator_i/c0_wins
    SLICE_X26Y16.CLK     Tas                   0.339   u/campaign/kernel/core/b4_selected_score<0>
                                                       u/campaign/kernel/core/evaluator_i/Mmux_score1[17]_GND_15_o_mux_131_OUT101
                                                       u/campaign/kernel/core/evaluator_i/selected_score_1
    -------------------------------------------------  ---------------------------
    Total                                      9.592ns (3.350ns logic, 6.242ns route)
                                                       (34.9% logic, 65.1% route)

--------------------------------------------------------------------------------
Slack:                  0.379ns (requirement - (data path - clock path skew + uncertainty))
  Source:               u/campaign/kernel/core/evaluator_i/lam1_1_2 (FF)
  Destination:          u/campaign/kernel/core/evaluator_i/selected_score_1 (FF)
  Requirement:          10.000ns
  Data Path Delay:      9.572ns (Levels of Logic = 9)
  Clock Path Skew:      -0.014ns (0.439 - 0.453)
  Source Clock:         clk_100mhz_BUFGP rising at 0.000ns
  Destination Clock:    clk_100mhz_BUFGP rising at 10.000ns
  Clock Uncertainty:    0.035ns

  Clock Uncertainty:          0.035ns  ((TSJ^2 + TIJ^2)^1/2 + DJ) / 2 + PE
    Total System Jitter (TSJ):  0.070ns
    Total Input Jitter (TIJ):   0.000ns
    Discrete Jitter (DJ):       0.000ns
    Phase Error (PE):           0.000ns

  Maximum Data Path at Slow Process Corner: u/campaign/kernel/core/evaluator_i/lam1_1_2 to u/campaign/kernel/core/evaluator_i/selected_score_1
    Location             Delay type         Delay(ns)  Physical Resource
                                                       Logical Resource(s)
    -------------------------------------------------  -------------------
    SLICE_X27Y9.BQ       Tcko                  0.430   u/campaign/kernel/core/evaluator_i/lam1_1_3
                                                       u/campaign/kernel/core/evaluator_i/lam1_1_2
    SLICE_X26Y9.B5       net (fanout=12)       1.110   u/campaign/kernel/core/evaluator_i/lam1_1_2
    SLICE_X26Y9.COUT     Topcyb                0.483   u/campaign/kernel/core/evaluator_i/Mmux_p013_rs_cy<8>
                                                       u/campaign/kernel/core/evaluator_i/Mmux_p013_A1411
                                                       u/campaign/kernel/core/evaluator_i/Mmux_p013_rs_cy<8>
    SLICE_X26Y10.CIN     net (fanout=1)        0.003   u/campaign/kernel/core/evaluator_i/Mmux_p013_rs_cy<8>
    SLICE_X26Y10.COUT    Tbyp                  0.093   u/campaign/kernel/core/evaluator_i/Mmux_p013_rs_cy<12>
                                                       u/campaign/kernel/core/evaluator_i/Mmux_p013_rs_cy<12>
    SLICE_X26Y11.CIN     net (fanout=1)        0.003   u/campaign/kernel/core/evaluator_i/Mmux_p013_rs_cy<12>
    SLICE_X26Y11.BMUX    Tcinb                 0.310   u/campaign/kernel/core/evaluator_i/Mmux_p013_split<16>
                                                       u/campaign/kernel/core/evaluator_i/Mmux_p013_rs_cy<16>
    SLICE_X24Y6.D3       net (fanout=3)        1.555   u/campaign/kernel/core/evaluator_i/Mmux_p013_split<14>
    SLICE_X24Y6.COUT     Topcyd                0.335   u/campaign/kernel/core/evaluator_i/Mcompar_p02[17]_p01[17]_LessThan_30_o_cy<7>
                                                       u/campaign/kernel/core/evaluator_i/Mcompar_p02[17]_p01[17]_LessThan_30_o_lutdi7
                                                       u/campaign/kernel/core/evaluator_i/Mcompar_p02[17]_p01[17]_LessThan_30_o_cy<7>
    SLICE_X24Y7.CIN      net (fanout=1)        0.003   u/campaign/kernel/core/evaluator_i/Mcompar_p02[17]_p01[17]_LessThan_30_o_cy<7>
    SLICE_X24Y7.AMUX     Tcina                 0.240   u/campaign/kernel/core/evaluator_i/n12<4>
                                                       u/campaign/kernel/core/evaluator_i/Mcompar_p02[17]_p01[17]_LessThan_30_o_cy<8>
    SLICE_X23Y12.A2      net (fanout=19)       1.308   u/campaign/kernel/core/evaluator_i/p02[17]_p01[17]_LessThan_30_o
    SLICE_X23Y12.A       Tilo                  0.259   u/campaign/kernel/core/evaluator_i/quotient<11>
                                                       u/campaign/kernel/core/evaluator_i/Mmux_score091
    SLICE_X20Y15.A2      net (fanout=2)        1.310   u/campaign/kernel/core/evaluator_i/score0<17>
    SLICE_X20Y15.AMUX    Topaa                 0.456   u/campaign/kernel/core/evaluator_i/Mcompar_score0[17]_score1[17]_LessThan_38_o_cy<8>
                                                       u/campaign/kernel/core/evaluator_i/Mcompar_score0[17]_score1[17]_LessThan_38_o_lut<8>
                                                       u/campaign/kernel/core/evaluator_i/Mcompar_score0[17]_score1[17]_LessThan_38_o_cy<8>
    SLICE_X23Y16.C5      net (fanout=1)        0.461   u/campaign/kernel/core/evaluator_i/Mcompar_score0[17]_score1[17]_LessThan_38_o_cy<8>
    SLICE_X23Y16.C       Tilo                  0.259   u/campaign/kernel/core/b4_selected_slot<0>
                                                       u/campaign/kernel/core/evaluator_i/c0_wins
    SLICE_X26Y16.A6      net (fanout=18)       0.615   u/campaign/kernel/core/evaluator_i/c0_wins
    SLICE_X26Y16.CLK     Tas                   0.339   u/campaign/kernel/core/b4_selected_score<0>
                                                       u/campaign/kernel/core/evaluator_i/Mmux_score1[17]_GND_15_o_mux_131_OUT101
                                                       u/campaign/kernel/core/evaluator_i/selected_score_1
    -------------------------------------------------  ---------------------------
    Total                                      9.572ns (3.204ns logic, 6.368ns route)
                                                       (33.5% logic, 66.5% route)

--------------------------------------------------------------------------------

Paths for end point u/campaign/kernel/core/evaluator_i/selected_score_3 (SLICE_X23Y15.A4), 754782 paths
--------------------------------------------------------------------------------
Slack:                  0.326ns (requirement - (data path - clock path skew + uncertainty))
  Source:               u/campaign/kernel/core/evaluator_i/n02_4 (FF)
  Destination:          u/campaign/kernel/core/evaluator_i/selected_score_3 (FF)
  Requirement:          10.000ns
  Data Path Delay:      9.636ns (Levels of Logic = 8)
  Clock Path Skew:      -0.003ns (0.196 - 0.199)
  Source Clock:         clk_100mhz_BUFGP rising at 0.000ns
  Destination Clock:    clk_100mhz_BUFGP rising at 10.000ns
  Clock Uncertainty:    0.035ns

  Clock Uncertainty:          0.035ns  ((TSJ^2 + TIJ^2)^1/2 + DJ) / 2 + PE
    Total System Jitter (TSJ):  0.070ns
    Total Input Jitter (TIJ):   0.000ns
    Discrete Jitter (DJ):       0.000ns
    Phase Error (PE):           0.000ns

  Maximum Data Path at Slow Process Corner: u/campaign/kernel/core/evaluator_i/n02_4 to u/campaign/kernel/core/evaluator_i/selected_score_3
    Location             Delay type         Delay(ns)  Physical Resource
                                                       Logical Resource(s)
    -------------------------------------------------  -------------------
    SLICE_X23Y10.AQ      Tcko                  0.430   u/campaign/kernel/core/evaluator_i/n02<7>
                                                       u/campaign/kernel/core/evaluator_i/n02_4
    SLICE_X22Y10.A2      net (fanout=1)        1.171   u/campaign/kernel/core/evaluator_i/n02<4>
    SLICE_X22Y10.COUT    Topcya                0.482   u/campaign/kernel/core/evaluator_i/Mmux_p023_rs_cy<7>
                                                       u/campaign/kernel/core/evaluator_i/Mmux_p023_A121
                                                       u/campaign/kernel/core/evaluator_i/Mmux_p023_rs_cy<7>
    SLICE_X22Y11.CIN     net (fanout=1)        0.003   u/campaign/kernel/core/evaluator_i/Mmux_p023_rs_cy<7>
    SLICE_X22Y11.BMUX    Tcinb                 0.310   u/campaign/kernel/core/evaluator_i/Mmux_p023_rs_cy<11>
                                                       u/campaign/kernel/core/evaluator_i/Mmux_p023_rs_cy<11>
    SLICE_X24Y6.A3       net (fanout=3)        1.524   u/campaign/kernel/core/evaluator_i/Mmux_p023_split<9>
    SLICE_X24Y6.COUT     Topcya                0.495   u/campaign/kernel/core/evaluator_i/Mcompar_p02[17]_p01[17]_LessThan_30_o_cy<7>
                                                       u/campaign/kernel/core/evaluator_i/Mcompar_p02[17]_p01[17]_LessThan_30_o_lutdi4
                                                       u/campaign/kernel/core/evaluator_i/Mcompar_p02[17]_p01[17]_LessThan_30_o_cy<7>
    SLICE_X24Y7.CIN      net (fanout=1)        0.003   u/campaign/kernel/core/evaluator_i/Mcompar_p02[17]_p01[17]_LessThan_30_o_cy<7>
    SLICE_X24Y7.AMUX     Tcina                 0.240   u/campaign/kernel/core/evaluator_i/n12<4>
                                                       u/campaign/kernel/core/evaluator_i/Mcompar_p02[17]_p01[17]_LessThan_30_o_cy<8>
    SLICE_X23Y12.A2      net (fanout=19)       1.308   u/campaign/kernel/core/evaluator_i/p02[17]_p01[17]_LessThan_30_o
    SLICE_X23Y12.A       Tilo                  0.259   u/campaign/kernel/core/evaluator_i/quotient<11>
                                                       u/campaign/kernel/core/evaluator_i/Mmux_score091
    SLICE_X20Y15.A2      net (fanout=2)        1.310   u/campaign/kernel/core/evaluator_i/score0<17>
    SLICE_X20Y15.AMUX    Topaa                 0.456   u/campaign/kernel/core/evaluator_i/Mcompar_score0[17]_score1[17]_LessThan_38_o_cy<8>
                                                       u/campaign/kernel/core/evaluator_i/Mcompar_score0[17]_score1[17]_LessThan_38_o_lut<8>
                                                       u/campaign/kernel/core/evaluator_i/Mcompar_score0[17]_score1[17]_LessThan_38_o_cy<8>
    SLICE_X23Y16.C5      net (fanout=1)        0.461   u/campaign/kernel/core/evaluator_i/Mcompar_score0[17]_score1[17]_LessThan_38_o_cy<8>
    SLICE_X23Y16.C       Tilo                  0.259   u/campaign/kernel/core/b4_selected_slot<0>
                                                       u/campaign/kernel/core/evaluator_i/c0_wins
    SLICE_X23Y15.A4      net (fanout=18)       0.552   u/campaign/kernel/core/evaluator_i/c0_wins
    SLICE_X23Y15.CLK     Tas                   0.373   u/campaign/kernel/core/b4_selected_score<6>
                                                       u/campaign/kernel/core/evaluator_i/Mmux_score1[17]_GND_15_o_mux_131_OUT121
                                                       u/campaign/kernel/core/evaluator_i/selected_score_3
    -------------------------------------------------  ---------------------------
    Total                                      9.636ns (3.304ns logic, 6.332ns route)
                                                       (34.3% logic, 65.7% route)

--------------------------------------------------------------------------------
Slack:                  0.334ns (requirement - (data path - clock path skew + uncertainty))
  Source:               u/campaign/kernel/core/evaluator_i/n02_4 (FF)
  Destination:          u/campaign/kernel/core/evaluator_i/selected_score_3 (FF)
  Requirement:          10.000ns
  Data Path Delay:      9.628ns (Levels of Logic = 8)
  Clock Path Skew:      -0.003ns (0.196 - 0.199)
  Source Clock:         clk_100mhz_BUFGP rising at 0.000ns
  Destination Clock:    clk_100mhz_BUFGP rising at 10.000ns
  Clock Uncertainty:    0.035ns

  Clock Uncertainty:          0.035ns  ((TSJ^2 + TIJ^2)^1/2 + DJ) / 2 + PE
    Total System Jitter (TSJ):  0.070ns
    Total Input Jitter (TIJ):   0.000ns
    Discrete Jitter (DJ):       0.000ns
    Phase Error (PE):           0.000ns

  Maximum Data Path at Slow Process Corner: u/campaign/kernel/core/evaluator_i/n02_4 to u/campaign/kernel/core/evaluator_i/selected_score_3
    Location             Delay type         Delay(ns)  Physical Resource
                                                       Logical Resource(s)
    -------------------------------------------------  -------------------
    SLICE_X23Y10.AQ      Tcko                  0.430   u/campaign/kernel/core/evaluator_i/n02<7>
                                                       u/campaign/kernel/core/evaluator_i/n02_4
    SLICE_X22Y10.A2      net (fanout=1)        1.171   u/campaign/kernel/core/evaluator_i/n02<4>
    SLICE_X22Y10.COUT    Topcya                0.474   u/campaign/kernel/core/evaluator_i/Mmux_p023_rs_cy<7>
                                                       u/campaign/kernel/core/evaluator_i/Mmux_p023_A1211
                                                       u/campaign/kernel/core/evaluator_i/Mmux_p023_rs_cy<7>
    SLICE_X22Y11.CIN     net (fanout=1)        0.003   u/campaign/kernel/core/evaluator_i/Mmux_p023_rs_cy<7>
    SLICE_X22Y11.BMUX    Tcinb                 0.310   u/campaign/kernel/core/evaluator_i/Mmux_p023_rs_cy<11>
                                                       u/campaign/kernel/core/evaluator_i/Mmux_p023_rs_cy<11>
    SLICE_X24Y6.A3       net (fanout=3)        1.524   u/campaign/kernel/core/evaluator_i/Mmux_p023_split<9>
    SLICE_X24Y6.COUT     Topcya                0.495   u/campaign/kernel/core/evaluator_i/Mcompar_p02[17]_p01[17]_LessThan_30_o_cy<7>
                                                       u/campaign/kernel/core/evaluator_i/Mcompar_p02[17]_p01[17]_LessThan_30_o_lutdi4
                                                       u/campaign/kernel/core/evaluator_i/Mcompar_p02[17]_p01[17]_LessThan_30_o_cy<7>
    SLICE_X24Y7.CIN      net (fanout=1)        0.003   u/campaign/kernel/core/evaluator_i/Mcompar_p02[17]_p01[17]_LessThan_30_o_cy<7>
    SLICE_X24Y7.AMUX     Tcina                 0.240   u/campaign/kernel/core/evaluator_i/n12<4>
                                                       u/campaign/kernel/core/evaluator_i/Mcompar_p02[17]_p01[17]_LessThan_30_o_cy<8>
    SLICE_X23Y12.A2      net (fanout=19)       1.308   u/campaign/kernel/core/evaluator_i/p02[17]_p01[17]_LessThan_30_o
    SLICE_X23Y12.A       Tilo                  0.259   u/campaign/kernel/core/evaluator_i/quotient<11>
                                                       u/campaign/kernel/core/evaluator_i/Mmux_score091
    SLICE_X20Y15.A2      net (fanout=2)        1.310   u/campaign/kernel/core/evaluator_i/score0<17>
    SLICE_X20Y15.AMUX    Topaa                 0.456   u/campaign/kernel/core/evaluator_i/Mcompar_score0[17]_score1[17]_LessThan_38_o_cy<8>
                                                       u/campaign/kernel/core/evaluator_i/Mcompar_score0[17]_score1[17]_LessThan_38_o_lut<8>
                                                       u/campaign/kernel/core/evaluator_i/Mcompar_score0[17]_score1[17]_LessThan_38_o_cy<8>
    SLICE_X23Y16.C5      net (fanout=1)        0.461   u/campaign/kernel/core/evaluator_i/Mcompar_score0[17]_score1[17]_LessThan_38_o_cy<8>
    SLICE_X23Y16.C       Tilo                  0.259   u/campaign/kernel/core/b4_selected_slot<0>
                                                       u/campaign/kernel/core/evaluator_i/c0_wins
    SLICE_X23Y15.A4      net (fanout=18)       0.552   u/campaign/kernel/core/evaluator_i/c0_wins
    SLICE_X23Y15.CLK     Tas                   0.373   u/campaign/kernel/core/b4_selected_score<6>
                                                       u/campaign/kernel/core/evaluator_i/Mmux_score1[17]_GND_15_o_mux_131_OUT121
                                                       u/campaign/kernel/core/evaluator_i/selected_score_3
    -------------------------------------------------  ---------------------------
    Total                                      9.628ns (3.296ns logic, 6.332ns route)
                                                       (34.2% logic, 65.8% route)

--------------------------------------------------------------------------------
Slack:                  0.337ns (requirement - (data path - clock path skew + uncertainty))
  Source:               u/campaign/kernel/core/evaluator_i/n02_4 (FF)
  Destination:          u/campaign/kernel/core/evaluator_i/selected_score_3 (FF)
  Requirement:          10.000ns
  Data Path Delay:      9.625ns (Levels of Logic = 8)
  Clock Path Skew:      -0.003ns (0.196 - 0.199)
  Source Clock:         clk_100mhz_BUFGP rising at 0.000ns
  Destination Clock:    clk_100mhz_BUFGP rising at 10.000ns
  Clock Uncertainty:    0.035ns

  Clock Uncertainty:          0.035ns  ((TSJ^2 + TIJ^2)^1/2 + DJ) / 2 + PE
    Total System Jitter (TSJ):  0.070ns
    Total Input Jitter (TIJ):   0.000ns
    Discrete Jitter (DJ):       0.000ns
    Phase Error (PE):           0.000ns

  Maximum Data Path at Slow Process Corner: u/campaign/kernel/core/evaluator_i/n02_4 to u/campaign/kernel/core/evaluator_i/selected_score_3
    Location             Delay type         Delay(ns)  Physical Resource
                                                       Logical Resource(s)
    -------------------------------------------------  -------------------
    SLICE_X23Y10.AQ      Tcko                  0.430   u/campaign/kernel/core/evaluator_i/n02<7>
                                                       u/campaign/kernel/core/evaluator_i/n02_4
    SLICE_X22Y10.A2      net (fanout=1)        1.171   u/campaign/kernel/core/evaluator_i/n02<4>
    SLICE_X22Y10.COUT    Topcya                0.482   u/campaign/kernel/core/evaluator_i/Mmux_p023_rs_cy<7>
                                                       u/campaign/kernel/core/evaluator_i/Mmux_p023_A121
                                                       u/campaign/kernel/core/evaluator_i/Mmux_p023_rs_cy<7>
    SLICE_X22Y11.CIN     net (fanout=1)        0.003   u/campaign/kernel/core/evaluator_i/Mmux_p023_rs_cy<7>
    SLICE_X22Y11.BMUX    Tcinb                 0.310   u/campaign/kernel/core/evaluator_i/Mmux_p023_rs_cy<11>
                                                       u/campaign/kernel/core/evaluator_i/Mmux_p023_rs_cy<11>
    SLICE_X24Y6.A3       net (fanout=3)        1.524   u/campaign/kernel/core/evaluator_i/Mmux_p023_split<9>
    SLICE_X24Y6.COUT     Topcya                0.495   u/campaign/kernel/core/evaluator_i/Mcompar_p02[17]_p01[17]_LessThan_30_o_cy<7>
                                                       u/campaign/kernel/core/evaluator_i/Mcompar_p02[17]_p01[17]_LessThan_30_o_lutdi4
                                                       u/campaign/kernel/core/evaluator_i/Mcompar_p02[17]_p01[17]_LessThan_30_o_cy<7>
    SLICE_X24Y7.CIN      net (fanout=1)        0.003   u/campaign/kernel/core/evaluator_i/Mcompar_p02[17]_p01[17]_LessThan_30_o_cy<7>
    SLICE_X24Y7.AMUX     Tcina                 0.240   u/campaign/kernel/core/evaluator_i/n12<4>
                                                       u/campaign/kernel/core/evaluator_i/Mcompar_p02[17]_p01[17]_LessThan_30_o_cy<8>
    SLICE_X23Y12.A2      net (fanout=19)       1.308   u/campaign/kernel/core/evaluator_i/p02[17]_p01[17]_LessThan_30_o
    SLICE_X23Y12.A       Tilo                  0.259   u/campaign/kernel/core/evaluator_i/quotient<11>
                                                       u/campaign/kernel/core/evaluator_i/Mmux_score091
    SLICE_X20Y15.A2      net (fanout=2)        1.310   u/campaign/kernel/core/evaluator_i/score0<17>
    SLICE_X20Y15.AMUX    Topaa                 0.445   u/campaign/kernel/core/evaluator_i/Mcompar_score0[17]_score1[17]_LessThan_38_o_cy<8>
                                                       u/campaign/kernel/core/evaluator_i/Mcompar_score0[17]_score1[17]_LessThan_38_o_lutdi8
                                                       u/campaign/kernel/core/evaluator_i/Mcompar_score0[17]_score1[17]_LessThan_38_o_cy<8>
    SLICE_X23Y16.C5      net (fanout=1)        0.461   u/campaign/kernel/core/evaluator_i/Mcompar_score0[17]_score1[17]_LessThan_38_o_cy<8>
    SLICE_X23Y16.C       Tilo                  0.259   u/campaign/kernel/core/b4_selected_slot<0>
                                                       u/campaign/kernel/core/evaluator_i/c0_wins
    SLICE_X23Y15.A4      net (fanout=18)       0.552   u/campaign/kernel/core/evaluator_i/c0_wins
    SLICE_X23Y15.CLK     Tas                   0.373   u/campaign/kernel/core/b4_selected_score<6>
                                                       u/campaign/kernel/core/evaluator_i/Mmux_score1[17]_GND_15_o_mux_131_OUT121
                                                       u/campaign/kernel/core/evaluator_i/selected_score_3
    -------------------------------------------------  ---------------------------
    Total                                      9.625ns (3.293ns logic, 6.332ns route)
                                                       (34.2% logic, 65.8% route)

--------------------------------------------------------------------------------
Slack:                  0.345ns (requirement - (data path - clock path skew + uncertainty))
  Source:               u/campaign/kernel/core/evaluator_i/n02_4 (FF)
  Destination:          u/campaign/kernel/core/evaluator_i/selected_score_3 (FF)
  Requirement:          10.000ns
  Data Path Delay:      9.617ns (Levels of Logic = 8)
  Clock Path Skew:      -0.003ns (0.196 - 0.199)
  Source Clock:         clk_100mhz_BUFGP rising at 0.000ns
  Destination Clock:    clk_100mhz_BUFGP rising at 10.000ns
  Clock Uncertainty:    0.035ns

  Clock Uncertainty:          0.035ns  ((TSJ^2 + TIJ^2)^1/2 + DJ) / 2 + PE
    Total System Jitter (TSJ):  0.070ns
    Total Input Jitter (TIJ):   0.000ns
    Discrete Jitter (DJ):       0.000ns
    Phase Error (PE):           0.000ns

  Maximum Data Path at Slow Process Corner: u/campaign/kernel/core/evaluator_i/n02_4 to u/campaign/kernel/core/evaluator_i/selected_score_3
    Location             Delay type         Delay(ns)  Physical Resource
                                                       Logical Resource(s)
    -------------------------------------------------  -------------------
    SLICE_X23Y10.AQ      Tcko                  0.430   u/campaign/kernel/core/evaluator_i/n02<7>
                                                       u/campaign/kernel/core/evaluator_i/n02_4
    SLICE_X22Y10.A2      net (fanout=1)        1.171   u/campaign/kernel/core/evaluator_i/n02<4>
    SLICE_X22Y10.COUT    Topcya                0.474   u/campaign/kernel/core/evaluator_i/Mmux_p023_rs_cy<7>
                                                       u/campaign/kernel/core/evaluator_i/Mmux_p023_A1211
                                                       u/campaign/kernel/core/evaluator_i/Mmux_p023_rs_cy<7>
    SLICE_X22Y11.CIN     net (fanout=1)        0.003   u/campaign/kernel/core/evaluator_i/Mmux_p023_rs_cy<7>
    SLICE_X22Y11.BMUX    Tcinb                 0.310   u/campaign/kernel/core/evaluator_i/Mmux_p023_rs_cy<11>
                                                       u/campaign/kernel/core/evaluator_i/Mmux_p023_rs_cy<11>
    SLICE_X24Y6.A3       net (fanout=3)        1.524   u/campaign/kernel/core/evaluator_i/Mmux_p023_split<9>
    SLICE_X24Y6.COUT     Topcya                0.495   u/campaign/kernel/core/evaluator_i/Mcompar_p02[17]_p01[17]_LessThan_30_o_cy<7>
                                                       u/campaign/kernel/core/evaluator_i/Mcompar_p02[17]_p01[17]_LessThan_30_o_lutdi4
                                                       u/campaign/kernel/core/evaluator_i/Mcompar_p02[17]_p01[17]_LessThan_30_o_cy<7>
    SLICE_X24Y7.CIN      net (fanout=1)        0.003   u/campaign/kernel/core/evaluator_i/Mcompar_p02[17]_p01[17]_LessThan_30_o_cy<7>
    SLICE_X24Y7.AMUX     Tcina                 0.240   u/campaign/kernel/core/evaluator_i/n12<4>
                                                       u/campaign/kernel/core/evaluator_i/Mcompar_p02[17]_p01[17]_LessThan_30_o_cy<8>
    SLICE_X23Y12.A2      net (fanout=19)       1.308   u/campaign/kernel/core/evaluator_i/p02[17]_p01[17]_LessThan_30_o
    SLICE_X23Y12.A       Tilo                  0.259   u/campaign/kernel/core/evaluator_i/quotient<11>
                                                       u/campaign/kernel/core/evaluator_i/Mmux_score091
    SLICE_X20Y15.A2      net (fanout=2)        1.310   u/campaign/kernel/core/evaluator_i/score0<17>
    SLICE_X20Y15.AMUX    Topaa                 0.445   u/campaign/kernel/core/evaluator_i/Mcompar_score0[17]_score1[17]_LessThan_38_o_cy<8>
                                                       u/campaign/kernel/core/evaluator_i/Mcompar_score0[17]_score1[17]_LessThan_38_o_lutdi8
                                                       u/campaign/kernel/core/evaluator_i/Mcompar_score0[17]_score1[17]_LessThan_38_o_cy<8>
    SLICE_X23Y16.C5      net (fanout=1)        0.461   u/campaign/kernel/core/evaluator_i/Mcompar_score0[17]_score1[17]_LessThan_38_o_cy<8>
    SLICE_X23Y16.C       Tilo                  0.259   u/campaign/kernel/core/b4_selected_slot<0>
                                                       u/campaign/kernel/core/evaluator_i/c0_wins
    SLICE_X23Y15.A4      net (fanout=18)       0.552   u/campaign/kernel/core/evaluator_i/c0_wins
    SLICE_X23Y15.CLK     Tas                   0.373   u/campaign/kernel/core/b4_selected_score<6>
                                                       u/campaign/kernel/core/evaluator_i/Mmux_score1[17]_GND_15_o_mux_131_OUT121
                                                       u/campaign/kernel/core/evaluator_i/selected_score_3
    -------------------------------------------------  ---------------------------
    Total                                      9.617ns (3.285ns logic, 6.332ns route)
                                                       (34.2% logic, 65.8% route)

--------------------------------------------------------------------------------
Slack:                  0.349ns (requirement - (data path - clock path skew + uncertainty))
  Source:               u/campaign/kernel/core/evaluator_i/n02_4 (FF)
  Destination:          u/campaign/kernel/core/evaluator_i/selected_score_3 (FF)
  Requirement:          10.000ns
  Data Path Delay:      9.613ns (Levels of Logic = 8)
  Clock Path Skew:      -0.003ns (0.196 - 0.199)
  Source Clock:         clk_100mhz_BUFGP rising at 0.000ns
  Destination Clock:    clk_100mhz_BUFGP rising at 10.000ns
  Clock Uncertainty:    0.035ns

  Clock Uncertainty:          0.035ns  ((TSJ^2 + TIJ^2)^1/2 + DJ) / 2 + PE
    Total System Jitter (TSJ):  0.070ns
    Total Input Jitter (TIJ):   0.000ns
    Discrete Jitter (DJ):       0.000ns
    Phase Error (PE):           0.000ns

  Maximum Data Path at Slow Process Corner: u/campaign/kernel/core/evaluator_i/n02_4 to u/campaign/kernel/core/evaluator_i/selected_score_3
    Location             Delay type         Delay(ns)  Physical Resource
                                                       Logical Resource(s)
    -------------------------------------------------  -------------------
    SLICE_X23Y10.AQ      Tcko                  0.430   u/campaign/kernel/core/evaluator_i/n02<7>
                                                       u/campaign/kernel/core/evaluator_i/n02_4
    SLICE_X22Y10.A2      net (fanout=1)        1.171   u/campaign/kernel/core/evaluator_i/n02<4>
    SLICE_X22Y10.COUT    Topcya                0.482   u/campaign/kernel/core/evaluator_i/Mmux_p023_rs_cy<7>
                                                       u/campaign/kernel/core/evaluator_i/Mmux_p023_A121
                                                       u/campaign/kernel/core/evaluator_i/Mmux_p023_rs_cy<7>
    SLICE_X22Y11.CIN     net (fanout=1)        0.003   u/campaign/kernel/core/evaluator_i/Mmux_p023_rs_cy<7>
    SLICE_X22Y11.BMUX    Tcinb                 0.310   u/campaign/kernel/core/evaluator_i/Mmux_p023_rs_cy<11>
                                                       u/campaign/kernel/core/evaluator_i/Mmux_p023_rs_cy<11>
    SLICE_X24Y6.A3       net (fanout=3)        1.524   u/campaign/kernel/core/evaluator_i/Mmux_p023_split<9>
    SLICE_X24Y6.COUT     Topcya                0.472   u/campaign/kernel/core/evaluator_i/Mcompar_p02[17]_p01[17]_LessThan_30_o_cy<7>
                                                       u/campaign/kernel/core/evaluator_i/Mcompar_p02[17]_p01[17]_LessThan_30_o_lut<4>
                                                       u/campaign/kernel/core/evaluator_i/Mcompar_p02[17]_p01[17]_LessThan_30_o_cy<7>
    SLICE_X24Y7.CIN      net (fanout=1)        0.003   u/campaign/kernel/core/evaluator_i/Mcompar_p02[17]_p01[17]_LessThan_30_o_cy<7>
    SLICE_X24Y7.AMUX     Tcina                 0.240   u/campaign/kernel/core/evaluator_i/n12<4>
                                                       u/campaign/kernel/core/evaluator_i/Mcompar_p02[17]_p01[17]_LessThan_30_o_cy<8>
    SLICE_X23Y12.A2      net (fanout=19)       1.308   u/campaign/kernel/core/evaluator_i/p02[17]_p01[17]_LessThan_30_o
    SLICE_X23Y12.A       Tilo                  0.259   u/campaign/kernel/core/evaluator_i/quotient<11>
                                                       u/campaign/kernel/core/evaluator_i/Mmux_score091
    SLICE_X20Y15.A2      net (fanout=2)        1.310   u/campaign/kernel/core/evaluator_i/score0<17>
    SLICE_X20Y15.AMUX    Topaa                 0.456   u/campaign/kernel/core/evaluator_i/Mcompar_score0[17]_score1[17]_LessThan_38_o_cy<8>
                                                       u/campaign/kernel/core/evaluator_i/Mcompar_score0[17]_score1[17]_LessThan_38_o_lut<8>
                                                       u/campaign/kernel/core/evaluator_i/Mcompar_score0[17]_score1[17]_LessThan_38_o_cy<8>
    SLICE_X23Y16.C5      net (fanout=1)        0.461   u/campaign/kernel/core/evaluator_i/Mcompar_score0[17]_score1[17]_LessThan_38_o_cy<8>
    SLICE_X23Y16.C       Tilo                  0.259   u/campaign/kernel/core/b4_selected_slot<0>
                                                       u/campaign/kernel/core/evaluator_i/c0_wins
    SLICE_X23Y15.A4      net (fanout=18)       0.552   u/campaign/kernel/core/evaluator_i/c0_wins
    SLICE_X23Y15.CLK     Tas                   0.373   u/campaign/kernel/core/b4_selected_score<6>
                                                       u/campaign/kernel/core/evaluator_i/Mmux_score1[17]_GND_15_o_mux_131_OUT121
                                                       u/campaign/kernel/core/evaluator_i/selected_score_3
    -------------------------------------------------  ---------------------------
    Total                                      9.613ns (3.281ns logic, 6.332ns route)
                                                       (34.1% logic, 65.9% route)

--------------------------------------------------------------------------------
Slack:                  0.357ns (requirement - (data path - clock path skew + uncertainty))
  Source:               u/campaign/kernel/core/evaluator_i/n02_4 (FF)
  Destination:          u/campaign/kernel/core/evaluator_i/selected_score_3 (FF)
  Requirement:          10.000ns
  Data Path Delay:      9.605ns (Levels of Logic = 8)
  Clock Path Skew:      -0.003ns (0.196 - 0.199)
  Source Clock:         clk_100mhz_BUFGP rising at 0.000ns
  Destination Clock:    clk_100mhz_BUFGP rising at 10.000ns
  Clock Uncertainty:    0.035ns

  Clock Uncertainty:          0.035ns  ((TSJ^2 + TIJ^2)^1/2 + DJ) / 2 + PE
    Total System Jitter (TSJ):  0.070ns
    Total Input Jitter (TIJ):   0.000ns
    Discrete Jitter (DJ):       0.000ns
    Phase Error (PE):           0.000ns

  Maximum Data Path at Slow Process Corner: u/campaign/kernel/core/evaluator_i/n02_4 to u/campaign/kernel/core/evaluator_i/selected_score_3
    Location             Delay type         Delay(ns)  Physical Resource
                                                       Logical Resource(s)
    -------------------------------------------------  -------------------
    SLICE_X23Y10.AQ      Tcko                  0.430   u/campaign/kernel/core/evaluator_i/n02<7>
                                                       u/campaign/kernel/core/evaluator_i/n02_4
    SLICE_X22Y10.A2      net (fanout=1)        1.171   u/campaign/kernel/core/evaluator_i/n02<4>
    SLICE_X22Y10.COUT    Topcya                0.474   u/campaign/kernel/core/evaluator_i/Mmux_p023_rs_cy<7>
                                                       u/campaign/kernel/core/evaluator_i/Mmux_p023_A1211
                                                       u/campaign/kernel/core/evaluator_i/Mmux_p023_rs_cy<7>
    SLICE_X22Y11.CIN     net (fanout=1)        0.003   u/campaign/kernel/core/evaluator_i/Mmux_p023_rs_cy<7>
    SLICE_X22Y11.BMUX    Tcinb                 0.310   u/campaign/kernel/core/evaluator_i/Mmux_p023_rs_cy<11>
                                                       u/campaign/kernel/core/evaluator_i/Mmux_p023_rs_cy<11>
    SLICE_X24Y6.A3       net (fanout=3)        1.524   u/campaign/kernel/core/evaluator_i/Mmux_p023_split<9>
    SLICE_X24Y6.COUT     Topcya                0.472   u/campaign/kernel/core/evaluator_i/Mcompar_p02[17]_p01[17]_LessThan_30_o_cy<7>
                                                       u/campaign/kernel/core/evaluator_i/Mcompar_p02[17]_p01[17]_LessThan_30_o_lut<4>
                                                       u/campaign/kernel/core/evaluator_i/Mcompar_p02[17]_p01[17]_LessThan_30_o_cy<7>
    SLICE_X24Y7.CIN      net (fanout=1)        0.003   u/campaign/kernel/core/evaluator_i/Mcompar_p02[17]_p01[17]_LessThan_30_o_cy<7>
    SLICE_X24Y7.AMUX     Tcina                 0.240   u/campaign/kernel/core/evaluator_i/n12<4>
                                                       u/campaign/kernel/core/evaluator_i/Mcompar_p02[17]_p01[17]_LessThan_30_o_cy<8>
    SLICE_X23Y12.A2      net (fanout=19)       1.308   u/campaign/kernel/core/evaluator_i/p02[17]_p01[17]_LessThan_30_o
    SLICE_X23Y12.A       Tilo                  0.259   u/campaign/kernel/core/evaluator_i/quotient<11>
                                                       u/campaign/kernel/core/evaluator_i/Mmux_score091
    SLICE_X20Y15.A2      net (fanout=2)        1.310   u/campaign/kernel/core/evaluator_i/score0<17>
    SLICE_X20Y15.AMUX    Topaa                 0.456   u/campaign/kernel/core/evaluator_i/Mcompar_score0[17]_score1[17]_LessThan_38_o_cy<8>
                                                       u/campaign/kernel/core/evaluator_i/Mcompar_score0[17]_score1[17]_LessThan_38_o_lut<8>
                                                       u/campaign/kernel/core/evaluator_i/Mcompar_score0[17]_score1[17]_LessThan_38_o_cy<8>
    SLICE_X23Y16.C5      net (fanout=1)        0.461   u/campaign/kernel/core/evaluator_i/Mcompar_score0[17]_score1[17]_LessThan_38_o_cy<8>
    SLICE_X23Y16.C       Tilo                  0.259   u/campaign/kernel/core/b4_selected_slot<0>
                                                       u/campaign/kernel/core/evaluator_i/c0_wins
    SLICE_X23Y15.A4      net (fanout=18)       0.552   u/campaign/kernel/core/evaluator_i/c0_wins
    SLICE_X23Y15.CLK     Tas                   0.373   u/campaign/kernel/core/b4_selected_score<6>
                                                       u/campaign/kernel/core/evaluator_i/Mmux_score1[17]_GND_15_o_mux_131_OUT121
                                                       u/campaign/kernel/core/evaluator_i/selected_score_3
    -------------------------------------------------  ---------------------------
    Total                                      9.605ns (3.273ns logic, 6.332ns route)
                                                       (34.1% logic, 65.9% route)

--------------------------------------------------------------------------------
Slack:                  0.360ns (requirement - (data path - clock path skew + uncertainty))
  Source:               u/campaign/kernel/core/evaluator_i/n02_4 (FF)
  Destination:          u/campaign/kernel/core/evaluator_i/selected_score_3 (FF)
  Requirement:          10.000ns
  Data Path Delay:      9.602ns (Levels of Logic = 8)
  Clock Path Skew:      -0.003ns (0.196 - 0.199)
  Source Clock:         clk_100mhz_BUFGP rising at 0.000ns
  Destination Clock:    clk_100mhz_BUFGP rising at 10.000ns
  Clock Uncertainty:    0.035ns

  Clock Uncertainty:          0.035ns  ((TSJ^2 + TIJ^2)^1/2 + DJ) / 2 + PE
    Total System Jitter (TSJ):  0.070ns
    Total Input Jitter (TIJ):   0.000ns
    Discrete Jitter (DJ):       0.000ns
    Phase Error (PE):           0.000ns

  Maximum Data Path at Slow Process Corner: u/campaign/kernel/core/evaluator_i/n02_4 to u/campaign/kernel/core/evaluator_i/selected_score_3
    Location             Delay type         Delay(ns)  Physical Resource
                                                       Logical Resource(s)
    -------------------------------------------------  -------------------
    SLICE_X23Y10.AQ      Tcko                  0.430   u/campaign/kernel/core/evaluator_i/n02<7>
                                                       u/campaign/kernel/core/evaluator_i/n02_4
    SLICE_X22Y10.A2      net (fanout=1)        1.171   u/campaign/kernel/core/evaluator_i/n02<4>
    SLICE_X22Y10.COUT    Topcya                0.482   u/campaign/kernel/core/evaluator_i/Mmux_p023_rs_cy<7>
                                                       u/campaign/kernel/core/evaluator_i/Mmux_p023_A121
                                                       u/campaign/kernel/core/evaluator_i/Mmux_p023_rs_cy<7>
    SLICE_X22Y11.CIN     net (fanout=1)        0.003   u/campaign/kernel/core/evaluator_i/Mmux_p023_rs_cy<7>
    SLICE_X22Y11.BMUX    Tcinb                 0.310   u/campaign/kernel/core/evaluator_i/Mmux_p023_rs_cy<11>
                                                       u/campaign/kernel/core/evaluator_i/Mmux_p023_rs_cy<11>
    SLICE_X24Y6.A3       net (fanout=3)        1.524   u/campaign/kernel/core/evaluator_i/Mmux_p023_split<9>
    SLICE_X24Y6.COUT     Topcya                0.472   u/campaign/kernel/core/evaluator_i/Mcompar_p02[17]_p01[17]_LessThan_30_o_cy<7>
                                                       u/campaign/kernel/core/evaluator_i/Mcompar_p02[17]_p01[17]_LessThan_30_o_lut<4>
                                                       u/campaign/kernel/core/evaluator_i/Mcompar_p02[17]_p01[17]_LessThan_30_o_cy<7>
    SLICE_X24Y7.CIN      net (fanout=1)        0.003   u/campaign/kernel/core/evaluator_i/Mcompar_p02[17]_p01[17]_LessThan_30_o_cy<7>
    SLICE_X24Y7.AMUX     Tcina                 0.240   u/campaign/kernel/core/evaluator_i/n12<4>
                                                       u/campaign/kernel/core/evaluator_i/Mcompar_p02[17]_p01[17]_LessThan_30_o_cy<8>
    SLICE_X23Y12.A2      net (fanout=19)       1.308   u/campaign/kernel/core/evaluator_i/p02[17]_p01[17]_LessThan_30_o
    SLICE_X23Y12.A       Tilo                  0.259   u/campaign/kernel/core/evaluator_i/quotient<11>
                                                       u/campaign/kernel/core/evaluator_i/Mmux_score091
    SLICE_X20Y15.A2      net (fanout=2)        1.310   u/campaign/kernel/core/evaluator_i/score0<17>
    SLICE_X20Y15.AMUX    Topaa                 0.445   u/campaign/kernel/core/evaluator_i/Mcompar_score0[17]_score1[17]_LessThan_38_o_cy<8>
                                                       u/campaign/kernel/core/evaluator_i/Mcompar_score0[17]_score1[17]_LessThan_38_o_lutdi8
                                                       u/campaign/kernel/core/evaluator_i/Mcompar_score0[17]_score1[17]_LessThan_38_o_cy<8>
    SLICE_X23Y16.C5      net (fanout=1)        0.461   u/campaign/kernel/core/evaluator_i/Mcompar_score0[17]_score1[17]_LessThan_38_o_cy<8>
    SLICE_X23Y16.C       Tilo                  0.259   u/campaign/kernel/core/b4_selected_slot<0>
                                                       u/campaign/kernel/core/evaluator_i/c0_wins
    SLICE_X23Y15.A4      net (fanout=18)       0.552   u/campaign/kernel/core/evaluator_i/c0_wins
    SLICE_X23Y15.CLK     Tas                   0.373   u/campaign/kernel/core/b4_selected_score<6>
                                                       u/campaign/kernel/core/evaluator_i/Mmux_score1[17]_GND_15_o_mux_131_OUT121
                                                       u/campaign/kernel/core/evaluator_i/selected_score_3
    -------------------------------------------------  ---------------------------
    Total                                      9.602ns (3.270ns logic, 6.332ns route)
                                                       (34.1% logic, 65.9% route)

--------------------------------------------------------------------------------
Slack:                  0.368ns (requirement - (data path - clock path skew + uncertainty))
  Source:               u/campaign/kernel/core/evaluator_i/n02_4 (FF)
  Destination:          u/campaign/kernel/core/evaluator_i/selected_score_3 (FF)
  Requirement:          10.000ns
  Data Path Delay:      9.594ns (Levels of Logic = 8)
  Clock Path Skew:      -0.003ns (0.196 - 0.199)
  Source Clock:         clk_100mhz_BUFGP rising at 0.000ns
  Destination Clock:    clk_100mhz_BUFGP rising at 10.000ns
  Clock Uncertainty:    0.035ns

  Clock Uncertainty:          0.035ns  ((TSJ^2 + TIJ^2)^1/2 + DJ) / 2 + PE
    Total System Jitter (TSJ):  0.070ns
    Total Input Jitter (TIJ):   0.000ns
    Discrete Jitter (DJ):       0.000ns
    Phase Error (PE):           0.000ns

  Maximum Data Path at Slow Process Corner: u/campaign/kernel/core/evaluator_i/n02_4 to u/campaign/kernel/core/evaluator_i/selected_score_3
    Location             Delay type         Delay(ns)  Physical Resource
                                                       Logical Resource(s)
    -------------------------------------------------  -------------------
    SLICE_X23Y10.AQ      Tcko                  0.430   u/campaign/kernel/core/evaluator_i/n02<7>
                                                       u/campaign/kernel/core/evaluator_i/n02_4
    SLICE_X22Y10.A2      net (fanout=1)        1.171   u/campaign/kernel/core/evaluator_i/n02<4>
    SLICE_X22Y10.COUT    Topcya                0.474   u/campaign/kernel/core/evaluator_i/Mmux_p023_rs_cy<7>
                                                       u/campaign/kernel/core/evaluator_i/Mmux_p023_A1211
                                                       u/campaign/kernel/core/evaluator_i/Mmux_p023_rs_cy<7>
    SLICE_X22Y11.CIN     net (fanout=1)        0.003   u/campaign/kernel/core/evaluator_i/Mmux_p023_rs_cy<7>
    SLICE_X22Y11.BMUX    Tcinb                 0.310   u/campaign/kernel/core/evaluator_i/Mmux_p023_rs_cy<11>
                                                       u/campaign/kernel/core/evaluator_i/Mmux_p023_rs_cy<11>
    SLICE_X24Y6.A3       net (fanout=3)        1.524   u/campaign/kernel/core/evaluator_i/Mmux_p023_split<9>
    SLICE_X24Y6.COUT     Topcya                0.472   u/campaign/kernel/core/evaluator_i/Mcompar_p02[17]_p01[17]_LessThan_30_o_cy<7>
                                                       u/campaign/kernel/core/evaluator_i/Mcompar_p02[17]_p01[17]_LessThan_30_o_lut<4>
                                                       u/campaign/kernel/core/evaluator_i/Mcompar_p02[17]_p01[17]_LessThan_30_o_cy<7>
    SLICE_X24Y7.CIN      net (fanout=1)        0.003   u/campaign/kernel/core/evaluator_i/Mcompar_p02[17]_p01[17]_LessThan_30_o_cy<7>
    SLICE_X24Y7.AMUX     Tcina                 0.240   u/campaign/kernel/core/evaluator_i/n12<4>
                                                       u/campaign/kernel/core/evaluator_i/Mcompar_p02[17]_p01[17]_LessThan_30_o_cy<8>
    SLICE_X23Y12.A2      net (fanout=19)       1.308   u/campaign/kernel/core/evaluator_i/p02[17]_p01[17]_LessThan_30_o
    SLICE_X23Y12.A       Tilo                  0.259   u/campaign/kernel/core/evaluator_i/quotient<11>
                                                       u/campaign/kernel/core/evaluator_i/Mmux_score091
    SLICE_X20Y15.A2      net (fanout=2)        1.310   u/campaign/kernel/core/evaluator_i/score0<17>
    SLICE_X20Y15.AMUX    Topaa                 0.445   u/campaign/kernel/core/evaluator_i/Mcompar_score0[17]_score1[17]_LessThan_38_o_cy<8>
                                                       u/campaign/kernel/core/evaluator_i/Mcompar_score0[17]_score1[17]_LessThan_38_o_lutdi8
                                                       u/campaign/kernel/core/evaluator_i/Mcompar_score0[17]_score1[17]_LessThan_38_o_cy<8>
    SLICE_X23Y16.C5      net (fanout=1)        0.461   u/campaign/kernel/core/evaluator_i/Mcompar_score0[17]_score1[17]_LessThan_38_o_cy<8>
    SLICE_X23Y16.C       Tilo                  0.259   u/campaign/kernel/core/b4_selected_slot<0>
                                                       u/campaign/kernel/core/evaluator_i/c0_wins
    SLICE_X23Y15.A4      net (fanout=18)       0.552   u/campaign/kernel/core/evaluator_i/c0_wins
    SLICE_X23Y15.CLK     Tas                   0.373   u/campaign/kernel/core/b4_selected_score<6>
                                                       u/campaign/kernel/core/evaluator_i/Mmux_score1[17]_GND_15_o_mux_131_OUT121
                                                       u/campaign/kernel/core/evaluator_i/selected_score_3
    -------------------------------------------------  ---------------------------
    Total                                      9.594ns (3.262ns logic, 6.332ns route)
                                                       (34.0% logic, 66.0% route)

--------------------------------------------------------------------------------
Slack:                  0.385ns (requirement - (data path - clock path skew + uncertainty))
  Source:               u/campaign/kernel/core/evaluator_i/lam1_1_2 (FF)
  Destination:          u/campaign/kernel/core/evaluator_i/selected_score_3 (FF)
  Requirement:          10.000ns
  Data Path Delay:      9.563ns (Levels of Logic = 9)
  Clock Path Skew:      -0.017ns (0.309 - 0.326)
  Source Clock:         clk_100mhz_BUFGP rising at 0.000ns
  Destination Clock:    clk_100mhz_BUFGP rising at 10.000ns
  Clock Uncertainty:    0.035ns

  Clock Uncertainty:          0.035ns  ((TSJ^2 + TIJ^2)^1/2 + DJ) / 2 + PE
    Total System Jitter (TSJ):  0.070ns
    Total Input Jitter (TIJ):   0.000ns
    Discrete Jitter (DJ):       0.000ns
    Phase Error (PE):           0.000ns

  Maximum Data Path at Slow Process Corner: u/campaign/kernel/core/evaluator_i/lam1_1_2 to u/campaign/kernel/core/evaluator_i/selected_score_3
    Location             Delay type         Delay(ns)  Physical Resource
                                                       Logical Resource(s)
    -------------------------------------------------  -------------------
    SLICE_X27Y9.BQ       Tcko                  0.430   u/campaign/kernel/core/evaluator_i/lam1_1_3
                                                       u/campaign/kernel/core/evaluator_i/lam1_1_2
    SLICE_X26Y9.B5       net (fanout=12)       1.110   u/campaign/kernel/core/evaluator_i/lam1_1_2
    SLICE_X26Y9.COUT     Topcyb                0.483   u/campaign/kernel/core/evaluator_i/Mmux_p013_rs_cy<8>
                                                       u/campaign/kernel/core/evaluator_i/Mmux_p013_A1411
                                                       u/campaign/kernel/core/evaluator_i/Mmux_p013_rs_cy<8>
    SLICE_X26Y10.CIN     net (fanout=1)        0.003   u/campaign/kernel/core/evaluator_i/Mmux_p013_rs_cy<8>
    SLICE_X26Y10.CMUX    Tcinc                 0.279   u/campaign/kernel/core/evaluator_i/Mmux_p013_rs_cy<12>
                                                       u/campaign/kernel/core/evaluator_i/Mmux_p013_rs_cy<12>
    SLICE_X22Y7.B2       net (fanout=3)        1.409   u/campaign/kernel/core/evaluator_i/Mmux_p013_split<11>
    SLICE_X22Y7.COUT     Topcyb                0.483   u/campaign/kernel/core/evaluator_i/Mcompar_p01[17]_p00[17]_LessThan_28_o_cy<7>
                                                       u/campaign/kernel/core/evaluator_i/Mcompar_p01[17]_p00[17]_LessThan_28_o_lut<5>
                                                       u/campaign/kernel/core/evaluator_i/Mcompar_p01[17]_p00[17]_LessThan_28_o_cy<7>
    SLICE_X22Y8.CIN      net (fanout=1)        0.082   u/campaign/kernel/core/evaluator_i/Mcompar_p01[17]_p00[17]_LessThan_28_o_cy<7>
    SLICE_X22Y8.AMUX     Tcina                 0.230   u/campaign/kernel/core/evaluator_i/p01[17]_p00[17]_LessThan_28_o
                                                       u/campaign/kernel/core/evaluator_i/Mcompar_p01[17]_p00[17]_LessThan_28_o_cy<8>
    SLICE_X23Y14.B2      net (fanout=19)       1.806   u/campaign/kernel/core/evaluator_i/p01[17]_p00[17]_LessThan_28_o
    SLICE_X23Y14.B       Tilo                  0.259   u/campaign/kernel/core/evaluator_i/score1<14>
                                                       u/campaign/kernel/core/evaluator_i/Mmux_score051
    SLICE_X20Y14.C1      net (fanout=3)        0.753   u/campaign/kernel/core/evaluator_i/score0<13>
    SLICE_X20Y14.COUT    Topcyc                0.348   u/campaign/kernel/core/evaluator_i/Mcompar_score0[17]_score1[17]_LessThan_38_o_cy<7>
                                                       u/campaign/kernel/core/evaluator_i/Mcompar_score0[17]_score1[17]_LessThan_38_o_lutdi6
                                                       u/campaign/kernel/core/evaluator_i/Mcompar_score0[17]_score1[17]_LessThan_38_o_cy<7>
    SLICE_X20Y15.CIN     net (fanout=1)        0.003   u/campaign/kernel/core/evaluator_i/Mcompar_score0[17]_score1[17]_LessThan_38_o_cy<7>
    SLICE_X20Y15.AMUX    Tcina                 0.240   u/campaign/kernel/core/evaluator_i/Mcompar_score0[17]_score1[17]_LessThan_38_o_cy<8>
                                                       u/campaign/kernel/core/evaluator_i/Mcompar_score0[17]_score1[17]_LessThan_38_o_cy<8>
    SLICE_X23Y16.C5      net (fanout=1)        0.461   u/campaign/kernel/core/evaluator_i/Mcompar_score0[17]_score1[17]_LessThan_38_o_cy<8>
    SLICE_X23Y16.C       Tilo                  0.259   u/campaign/kernel/core/b4_selected_slot<0>
                                                       u/campaign/kernel/core/evaluator_i/c0_wins
    SLICE_X23Y15.A4      net (fanout=18)       0.552   u/campaign/kernel/core/evaluator_i/c0_wins
    SLICE_X23Y15.CLK     Tas                   0.373   u/campaign/kernel/core/b4_selected_score<6>
                                                       u/campaign/kernel/core/evaluator_i/Mmux_score1[17]_GND_15_o_mux_131_OUT121
                                                       u/campaign/kernel/core/evaluator_i/selected_score_3
    -------------------------------------------------  ---------------------------
    Total                                      9.563ns (3.384ns logic, 6.179ns route)
                                                       (35.4% logic, 64.6% route)

--------------------------------------------------------------------------------
Slack:                  0.405ns (requirement - (data path - clock path skew + uncertainty))
  Source:               u/campaign/kernel/core/evaluator_i/lam1_1_2 (FF)
  Destination:          u/campaign/kernel/core/evaluator_i/selected_score_3 (FF)
  Requirement:          10.000ns
  Data Path Delay:      9.543ns (Levels of Logic = 9)
  Clock Path Skew:      -0.017ns (0.309 - 0.326)
  Source Clock:         clk_100mhz_BUFGP rising at 0.000ns
  Destination Clock:    clk_100mhz_BUFGP rising at 10.000ns
  Clock Uncertainty:    0.035ns

  Clock Uncertainty:          0.035ns  ((TSJ^2 + TIJ^2)^1/2 + DJ) / 2 + PE
    Total System Jitter (TSJ):  0.070ns
    Total Input Jitter (TIJ):   0.000ns
    Discrete Jitter (DJ):       0.000ns
    Phase Error (PE):           0.000ns

  Maximum Data Path at Slow Process Corner: u/campaign/kernel/core/evaluator_i/lam1_1_2 to u/campaign/kernel/core/evaluator_i/selected_score_3
    Location             Delay type         Delay(ns)  Physical Resource
                                                       Logical Resource(s)
    -------------------------------------------------  -------------------
    SLICE_X27Y9.BQ       Tcko                  0.430   u/campaign/kernel/core/evaluator_i/lam1_1_3
                                                       u/campaign/kernel/core/evaluator_i/lam1_1_2
    SLICE_X26Y9.B5       net (fanout=12)       1.110   u/campaign/kernel/core/evaluator_i/lam1_1_2
    SLICE_X26Y9.COUT     Topcyb                0.483   u/campaign/kernel/core/evaluator_i/Mmux_p013_rs_cy<8>
                                                       u/campaign/kernel/core/evaluator_i/Mmux_p013_A1411
                                                       u/campaign/kernel/core/evaluator_i/Mmux_p013_rs_cy<8>
    SLICE_X26Y10.CIN     net (fanout=1)        0.003   u/campaign/kernel/core/evaluator_i/Mmux_p013_rs_cy<8>
    SLICE_X26Y10.COUT    Tbyp                  0.093   u/campaign/kernel/core/evaluator_i/Mmux_p013_rs_cy<12>
                                                       u/campaign/kernel/core/evaluator_i/Mmux_p013_rs_cy<12>
    SLICE_X26Y11.CIN     net (fanout=1)        0.003   u/campaign/kernel/core/evaluator_i/Mmux_p013_rs_cy<12>
    SLICE_X26Y11.BMUX    Tcinb                 0.310   u/campaign/kernel/core/evaluator_i/Mmux_p013_split<16>
                                                       u/campaign/kernel/core/evaluator_i/Mmux_p013_rs_cy<16>
    SLICE_X24Y6.D3       net (fanout=3)        1.555   u/campaign/kernel/core/evaluator_i/Mmux_p013_split<14>
    SLICE_X24Y6.COUT     Topcyd                0.335   u/campaign/kernel/core/evaluator_i/Mcompar_p02[17]_p01[17]_LessThan_30_o_cy<7>
                                                       u/campaign/kernel/core/evaluator_i/Mcompar_p02[17]_p01[17]_LessThan_30_o_lutdi7
                                                       u/campaign/kernel/core/evaluator_i/Mcompar_p02[17]_p01[17]_LessThan_30_o_cy<7>
    SLICE_X24Y7.CIN      net (fanout=1)        0.003   u/campaign/kernel/core/evaluator_i/Mcompar_p02[17]_p01[17]_LessThan_30_o_cy<7>
    SLICE_X24Y7.AMUX     Tcina                 0.240   u/campaign/kernel/core/evaluator_i/n12<4>
                                                       u/campaign/kernel/core/evaluator_i/Mcompar_p02[17]_p01[17]_LessThan_30_o_cy<8>
    SLICE_X23Y12.A2      net (fanout=19)       1.308   u/campaign/kernel/core/evaluator_i/p02[17]_p01[17]_LessThan_30_o
    SLICE_X23Y12.A       Tilo                  0.259   u/campaign/kernel/core/evaluator_i/quotient<11>
                                                       u/campaign/kernel/core/evaluator_i/Mmux_score091
    SLICE_X20Y15.A2      net (fanout=2)        1.310   u/campaign/kernel/core/evaluator_i/score0<17>
    SLICE_X20Y15.AMUX    Topaa                 0.456   u/campaign/kernel/core/evaluator_i/Mcompar_score0[17]_score1[17]_LessThan_38_o_cy<8>
                                                       u/campaign/kernel/core/evaluator_i/Mcompar_score0[17]_score1[17]_LessThan_38_o_lut<8>
                                                       u/campaign/kernel/core/evaluator_i/Mcompar_score0[17]_score1[17]_LessThan_38_o_cy<8>
    SLICE_X23Y16.C5      net (fanout=1)        0.461   u/campaign/kernel/core/evaluator_i/Mcompar_score0[17]_score1[17]_LessThan_38_o_cy<8>
    SLICE_X23Y16.C       Tilo                  0.259   u/campaign/kernel/core/b4_selected_slot<0>
                                                       u/campaign/kernel/core/evaluator_i/c0_wins
    SLICE_X23Y15.A4      net (fanout=18)       0.552   u/campaign/kernel/core/evaluator_i/c0_wins
    SLICE_X23Y15.CLK     Tas                   0.373   u/campaign/kernel/core/b4_selected_score<6>
                                                       u/campaign/kernel/core/evaluator_i/Mmux_score1[17]_GND_15_o_mux_131_OUT121
                                                       u/campaign/kernel/core/evaluator_i/selected_score_3
    -------------------------------------------------  ---------------------------
    Total                                      9.543ns (3.238ns logic, 6.305ns route)
                                                       (33.9% logic, 66.1% route)

--------------------------------------------------------------------------------

Paths for end point u/campaign/kernel/core/evaluator_i/selected_score_12 (SLICE_X24Y15.D5), 754782 paths
--------------------------------------------------------------------------------
Slack:                  0.353ns (requirement - (data path - clock path skew + uncertainty))
  Source:               u/campaign/kernel/core/evaluator_i/n02_4 (FF)
  Destination:          u/campaign/kernel/core/evaluator_i/selected_score_12 (FF)
  Requirement:          10.000ns
  Data Path Delay:      9.609ns (Levels of Logic = 8)
  Clock Path Skew:      -0.003ns (0.315 - 0.318)
  Source Clock:         clk_100mhz_BUFGP rising at 0.000ns
  Destination Clock:    clk_100mhz_BUFGP rising at 10.000ns
  Clock Uncertainty:    0.035ns

  Clock Uncertainty:          0.035ns  ((TSJ^2 + TIJ^2)^1/2 + DJ) / 2 + PE
    Total System Jitter (TSJ):  0.070ns
    Total Input Jitter (TIJ):   0.000ns
    Discrete Jitter (DJ):       0.000ns
    Phase Error (PE):           0.000ns

  Maximum Data Path at Slow Process Corner: u/campaign/kernel/core/evaluator_i/n02_4 to u/campaign/kernel/core/evaluator_i/selected_score_12
    Location             Delay type         Delay(ns)  Physical Resource
                                                       Logical Resource(s)
    -------------------------------------------------  -------------------
    SLICE_X23Y10.AQ      Tcko                  0.430   u/campaign/kernel/core/evaluator_i/n02<7>
                                                       u/campaign/kernel/core/evaluator_i/n02_4
    SLICE_X22Y10.A2      net (fanout=1)        1.171   u/campaign/kernel/core/evaluator_i/n02<4>
    SLICE_X22Y10.COUT    Topcya                0.482   u/campaign/kernel/core/evaluator_i/Mmux_p023_rs_cy<7>
                                                       u/campaign/kernel/core/evaluator_i/Mmux_p023_A121
                                                       u/campaign/kernel/core/evaluator_i/Mmux_p023_rs_cy<7>
    SLICE_X22Y11.CIN     net (fanout=1)        0.003   u/campaign/kernel/core/evaluator_i/Mmux_p023_rs_cy<7>
    SLICE_X22Y11.BMUX    Tcinb                 0.310   u/campaign/kernel/core/evaluator_i/Mmux_p023_rs_cy<11>
                                                       u/campaign/kernel/core/evaluator_i/Mmux_p023_rs_cy<11>
    SLICE_X24Y6.A3       net (fanout=3)        1.524   u/campaign/kernel/core/evaluator_i/Mmux_p023_split<9>
    SLICE_X24Y6.COUT     Topcya                0.495   u/campaign/kernel/core/evaluator_i/Mcompar_p02[17]_p01[17]_LessThan_30_o_cy<7>
                                                       u/campaign/kernel/core/evaluator_i/Mcompar_p02[17]_p01[17]_LessThan_30_o_lutdi4
                                                       u/campaign/kernel/core/evaluator_i/Mcompar_p02[17]_p01[17]_LessThan_30_o_cy<7>
    SLICE_X24Y7.CIN      net (fanout=1)        0.003   u/campaign/kernel/core/evaluator_i/Mcompar_p02[17]_p01[17]_LessThan_30_o_cy<7>
    SLICE_X24Y7.AMUX     Tcina                 0.240   u/campaign/kernel/core/evaluator_i/n12<4>
                                                       u/campaign/kernel/core/evaluator_i/Mcompar_p02[17]_p01[17]_LessThan_30_o_cy<8>
    SLICE_X23Y12.A2      net (fanout=19)       1.308   u/campaign/kernel/core/evaluator_i/p02[17]_p01[17]_LessThan_30_o
    SLICE_X23Y12.A       Tilo                  0.259   u/campaign/kernel/core/evaluator_i/quotient<11>
                                                       u/campaign/kernel/core/evaluator_i/Mmux_score091
    SLICE_X20Y15.A2      net (fanout=2)        1.310   u/campaign/kernel/core/evaluator_i/score0<17>
    SLICE_X20Y15.AMUX    Topaa                 0.456   u/campaign/kernel/core/evaluator_i/Mcompar_score0[17]_score1[17]_LessThan_38_o_cy<8>
                                                       u/campaign/kernel/core/evaluator_i/Mcompar_score0[17]_score1[17]_LessThan_38_o_lut<8>
                                                       u/campaign/kernel/core/evaluator_i/Mcompar_score0[17]_score1[17]_LessThan_38_o_cy<8>
    SLICE_X23Y16.C5      net (fanout=1)        0.461   u/campaign/kernel/core/evaluator_i/Mcompar_score0[17]_score1[17]_LessThan_38_o_cy<8>
    SLICE_X23Y16.C       Tilo                  0.259   u/campaign/kernel/core/b4_selected_slot<0>
                                                       u/campaign/kernel/core/evaluator_i/c0_wins
    SLICE_X24Y15.D5      net (fanout=18)       0.549   u/campaign/kernel/core/evaluator_i/c0_wins
    SLICE_X24Y15.CLK     Tas                   0.349   u/campaign/kernel/core/b4_selected_score<12>
                                                       u/campaign/kernel/core/evaluator_i/Mmux_score1[17]_GND_15_o_mux_131_OUT41
                                                       u/campaign/kernel/core/evaluator_i/selected_score_12
    -------------------------------------------------  ---------------------------
    Total                                      9.609ns (3.280ns logic, 6.329ns route)
                                                       (34.1% logic, 65.9% route)

--------------------------------------------------------------------------------
Slack:                  0.361ns (requirement - (data path - clock path skew + uncertainty))
  Source:               u/campaign/kernel/core/evaluator_i/n02_4 (FF)
  Destination:          u/campaign/kernel/core/evaluator_i/selected_score_12 (FF)
  Requirement:          10.000ns
  Data Path Delay:      9.601ns (Levels of Logic = 8)
  Clock Path Skew:      -0.003ns (0.315 - 0.318)
  Source Clock:         clk_100mhz_BUFGP rising at 0.000ns
  Destination Clock:    clk_100mhz_BUFGP rising at 10.000ns
  Clock Uncertainty:    0.035ns

  Clock Uncertainty:          0.035ns  ((TSJ^2 + TIJ^2)^1/2 + DJ) / 2 + PE
    Total System Jitter (TSJ):  0.070ns
    Total Input Jitter (TIJ):   0.000ns
    Discrete Jitter (DJ):       0.000ns
    Phase Error (PE):           0.000ns

  Maximum Data Path at Slow Process Corner: u/campaign/kernel/core/evaluator_i/n02_4 to u/campaign/kernel/core/evaluator_i/selected_score_12
    Location             Delay type         Delay(ns)  Physical Resource
                                                       Logical Resource(s)
    -------------------------------------------------  -------------------
    SLICE_X23Y10.AQ      Tcko                  0.430   u/campaign/kernel/core/evaluator_i/n02<7>
                                                       u/campaign/kernel/core/evaluator_i/n02_4
    SLICE_X22Y10.A2      net (fanout=1)        1.171   u/campaign/kernel/core/evaluator_i/n02<4>
    SLICE_X22Y10.COUT    Topcya                0.474   u/campaign/kernel/core/evaluator_i/Mmux_p023_rs_cy<7>
                                                       u/campaign/kernel/core/evaluator_i/Mmux_p023_A1211
                                                       u/campaign/kernel/core/evaluator_i/Mmux_p023_rs_cy<7>
    SLICE_X22Y11.CIN     net (fanout=1)        0.003   u/campaign/kernel/core/evaluator_i/Mmux_p023_rs_cy<7>
    SLICE_X22Y11.BMUX    Tcinb                 0.310   u/campaign/kernel/core/evaluator_i/Mmux_p023_rs_cy<11>
                                                       u/campaign/kernel/core/evaluator_i/Mmux_p023_rs_cy<11>
    SLICE_X24Y6.A3       net (fanout=3)        1.524   u/campaign/kernel/core/evaluator_i/Mmux_p023_split<9>
    SLICE_X24Y6.COUT     Topcya                0.495   u/campaign/kernel/core/evaluator_i/Mcompar_p02[17]_p01[17]_LessThan_30_o_cy<7>
                                                       u/campaign/kernel/core/evaluator_i/Mcompar_p02[17]_p01[17]_LessThan_30_o_lutdi4
                                                       u/campaign/kernel/core/evaluator_i/Mcompar_p02[17]_p01[17]_LessThan_30_o_cy<7>
    SLICE_X24Y7.CIN      net (fanout=1)        0.003   u/campaign/kernel/core/evaluator_i/Mcompar_p02[17]_p01[17]_LessThan_30_o_cy<7>
    SLICE_X24Y7.AMUX     Tcina                 0.240   u/campaign/kernel/core/evaluator_i/n12<4>
                                                       u/campaign/kernel/core/evaluator_i/Mcompar_p02[17]_p01[17]_LessThan_30_o_cy<8>
    SLICE_X23Y12.A2      net (fanout=19)       1.308   u/campaign/kernel/core/evaluator_i/p02[17]_p01[17]_LessThan_30_o
    SLICE_X23Y12.A       Tilo                  0.259   u/campaign/kernel/core/evaluator_i/quotient<11>
                                                       u/campaign/kernel/core/evaluator_i/Mmux_score091
    SLICE_X20Y15.A2      net (fanout=2)        1.310   u/campaign/kernel/core/evaluator_i/score0<17>
    SLICE_X20Y15.AMUX    Topaa                 0.456   u/campaign/kernel/core/evaluator_i/Mcompar_score0[17]_score1[17]_LessThan_38_o_cy<8>
                                                       u/campaign/kernel/core/evaluator_i/Mcompar_score0[17]_score1[17]_LessThan_38_o_lut<8>
                                                       u/campaign/kernel/core/evaluator_i/Mcompar_score0[17]_score1[17]_LessThan_38_o_cy<8>
    SLICE_X23Y16.C5      net (fanout=1)        0.461   u/campaign/kernel/core/evaluator_i/Mcompar_score0[17]_score1[17]_LessThan_38_o_cy<8>
    SLICE_X23Y16.C       Tilo                  0.259   u/campaign/kernel/core/b4_selected_slot<0>
                                                       u/campaign/kernel/core/evaluator_i/c0_wins
    SLICE_X24Y15.D5      net (fanout=18)       0.549   u/campaign/kernel/core/evaluator_i/c0_wins
    SLICE_X24Y15.CLK     Tas                   0.349   u/campaign/kernel/core/b4_selected_score<12>
                                                       u/campaign/kernel/core/evaluator_i/Mmux_score1[17]_GND_15_o_mux_131_OUT41
                                                       u/campaign/kernel/core/evaluator_i/selected_score_12
    -------------------------------------------------  ---------------------------
    Total                                      9.601ns (3.272ns logic, 6.329ns route)
                                                       (34.1% logic, 65.9% route)

--------------------------------------------------------------------------------
Slack:                  0.364ns (requirement - (data path - clock path skew + uncertainty))
  Source:               u/campaign/kernel/core/evaluator_i/n02_4 (FF)
  Destination:          u/campaign/kernel/core/evaluator_i/selected_score_12 (FF)
  Requirement:          10.000ns
  Data Path Delay:      9.598ns (Levels of Logic = 8)
  Clock Path Skew:      -0.003ns (0.315 - 0.318)
  Source Clock:         clk_100mhz_BUFGP rising at 0.000ns
  Destination Clock:    clk_100mhz_BUFGP rising at 10.000ns
  Clock Uncertainty:    0.035ns

  Clock Uncertainty:          0.035ns  ((TSJ^2 + TIJ^2)^1/2 + DJ) / 2 + PE
    Total System Jitter (TSJ):  0.070ns
    Total Input Jitter (TIJ):   0.000ns
    Discrete Jitter (DJ):       0.000ns
    Phase Error (PE):           0.000ns

  Maximum Data Path at Slow Process Corner: u/campaign/kernel/core/evaluator_i/n02_4 to u/campaign/kernel/core/evaluator_i/selected_score_12
    Location             Delay type         Delay(ns)  Physical Resource
                                                       Logical Resource(s)
    -------------------------------------------------  -------------------
    SLICE_X23Y10.AQ      Tcko                  0.430   u/campaign/kernel/core/evaluator_i/n02<7>
                                                       u/campaign/kernel/core/evaluator_i/n02_4
    SLICE_X22Y10.A2      net (fanout=1)        1.171   u/campaign/kernel/core/evaluator_i/n02<4>
    SLICE_X22Y10.COUT    Topcya                0.482   u/campaign/kernel/core/evaluator_i/Mmux_p023_rs_cy<7>
                                                       u/campaign/kernel/core/evaluator_i/Mmux_p023_A121
                                                       u/campaign/kernel/core/evaluator_i/Mmux_p023_rs_cy<7>
    SLICE_X22Y11.CIN     net (fanout=1)        0.003   u/campaign/kernel/core/evaluator_i/Mmux_p023_rs_cy<7>
    SLICE_X22Y11.BMUX    Tcinb                 0.310   u/campaign/kernel/core/evaluator_i/Mmux_p023_rs_cy<11>
                                                       u/campaign/kernel/core/evaluator_i/Mmux_p023_rs_cy<11>
    SLICE_X24Y6.A3       net (fanout=3)        1.524   u/campaign/kernel/core/evaluator_i/Mmux_p023_split<9>
    SLICE_X24Y6.COUT     Topcya                0.495   u/campaign/kernel/core/evaluator_i/Mcompar_p02[17]_p01[17]_LessThan_30_o_cy<7>
                                                       u/campaign/kernel/core/evaluator_i/Mcompar_p02[17]_p01[17]_LessThan_30_o_lutdi4
                                                       u/campaign/kernel/core/evaluator_i/Mcompar_p02[17]_p01[17]_LessThan_30_o_cy<7>
    SLICE_X24Y7.CIN      net (fanout=1)        0.003   u/campaign/kernel/core/evaluator_i/Mcompar_p02[17]_p01[17]_LessThan_30_o_cy<7>
    SLICE_X24Y7.AMUX     Tcina                 0.240   u/campaign/kernel/core/evaluator_i/n12<4>
                                                       u/campaign/kernel/core/evaluator_i/Mcompar_p02[17]_p01[17]_LessThan_30_o_cy<8>
    SLICE_X23Y12.A2      net (fanout=19)       1.308   u/campaign/kernel/core/evaluator_i/p02[17]_p01[17]_LessThan_30_o
    SLICE_X23Y12.A       Tilo                  0.259   u/campaign/kernel/core/evaluator_i/quotient<11>
                                                       u/campaign/kernel/core/evaluator_i/Mmux_score091
    SLICE_X20Y15.A2      net (fanout=2)        1.310   u/campaign/kernel/core/evaluator_i/score0<17>
    SLICE_X20Y15.AMUX    Topaa                 0.445   u/campaign/kernel/core/evaluator_i/Mcompar_score0[17]_score1[17]_LessThan_38_o_cy<8>
                                                       u/campaign/kernel/core/evaluator_i/Mcompar_score0[17]_score1[17]_LessThan_38_o_lutdi8
                                                       u/campaign/kernel/core/evaluator_i/Mcompar_score0[17]_score1[17]_LessThan_38_o_cy<8>
    SLICE_X23Y16.C5      net (fanout=1)        0.461   u/campaign/kernel/core/evaluator_i/Mcompar_score0[17]_score1[17]_LessThan_38_o_cy<8>
    SLICE_X23Y16.C       Tilo                  0.259   u/campaign/kernel/core/b4_selected_slot<0>
                                                       u/campaign/kernel/core/evaluator_i/c0_wins
    SLICE_X24Y15.D5      net (fanout=18)       0.549   u/campaign/kernel/core/evaluator_i/c0_wins
    SLICE_X24Y15.CLK     Tas                   0.349   u/campaign/kernel/core/b4_selected_score<12>
                                                       u/campaign/kernel/core/evaluator_i/Mmux_score1[17]_GND_15_o_mux_131_OUT41
                                                       u/campaign/kernel/core/evaluator_i/selected_score_12
    -------------------------------------------------  ---------------------------
    Total                                      9.598ns (3.269ns logic, 6.329ns route)
                                                       (34.1% logic, 65.9% route)

--------------------------------------------------------------------------------
Slack:                  0.372ns (requirement - (data path - clock path skew + uncertainty))
  Source:               u/campaign/kernel/core/evaluator_i/n02_4 (FF)
  Destination:          u/campaign/kernel/core/evaluator_i/selected_score_12 (FF)
  Requirement:          10.000ns
  Data Path Delay:      9.590ns (Levels of Logic = 8)
  Clock Path Skew:      -0.003ns (0.315 - 0.318)
  Source Clock:         clk_100mhz_BUFGP rising at 0.000ns
  Destination Clock:    clk_100mhz_BUFGP rising at 10.000ns
  Clock Uncertainty:    0.035ns

  Clock Uncertainty:          0.035ns  ((TSJ^2 + TIJ^2)^1/2 + DJ) / 2 + PE
    Total System Jitter (TSJ):  0.070ns
    Total Input Jitter (TIJ):   0.000ns
    Discrete Jitter (DJ):       0.000ns
    Phase Error (PE):           0.000ns

  Maximum Data Path at Slow Process Corner: u/campaign/kernel/core/evaluator_i/n02_4 to u/campaign/kernel/core/evaluator_i/selected_score_12
    Location             Delay type         Delay(ns)  Physical Resource
                                                       Logical Resource(s)
    -------------------------------------------------  -------------------
    SLICE_X23Y10.AQ      Tcko                  0.430   u/campaign/kernel/core/evaluator_i/n02<7>
                                                       u/campaign/kernel/core/evaluator_i/n02_4
    SLICE_X22Y10.A2      net (fanout=1)        1.171   u/campaign/kernel/core/evaluator_i/n02<4>
    SLICE_X22Y10.COUT    Topcya                0.474   u/campaign/kernel/core/evaluator_i/Mmux_p023_rs_cy<7>
                                                       u/campaign/kernel/core/evaluator_i/Mmux_p023_A1211
                                                       u/campaign/kernel/core/evaluator_i/Mmux_p023_rs_cy<7>
    SLICE_X22Y11.CIN     net (fanout=1)        0.003   u/campaign/kernel/core/evaluator_i/Mmux_p023_rs_cy<7>
    SLICE_X22Y11.BMUX    Tcinb                 0.310   u/campaign/kernel/core/evaluator_i/Mmux_p023_rs_cy<11>
                                                       u/campaign/kernel/core/evaluator_i/Mmux_p023_rs_cy<11>
    SLICE_X24Y6.A3       net (fanout=3)        1.524   u/campaign/kernel/core/evaluator_i/Mmux_p023_split<9>
    SLICE_X24Y6.COUT     Topcya                0.495   u/campaign/kernel/core/evaluator_i/Mcompar_p02[17]_p01[17]_LessThan_30_o_cy<7>
                                                       u/campaign/kernel/core/evaluator_i/Mcompar_p02[17]_p01[17]_LessThan_30_o_lutdi4
                                                       u/campaign/kernel/core/evaluator_i/Mcompar_p02[17]_p01[17]_LessThan_30_o_cy<7>
    SLICE_X24Y7.CIN      net (fanout=1)        0.003   u/campaign/kernel/core/evaluator_i/Mcompar_p02[17]_p01[17]_LessThan_30_o_cy<7>
    SLICE_X24Y7.AMUX     Tcina                 0.240   u/campaign/kernel/core/evaluator_i/n12<4>
                                                       u/campaign/kernel/core/evaluator_i/Mcompar_p02[17]_p01[17]_LessThan_30_o_cy<8>
    SLICE_X23Y12.A2      net (fanout=19)       1.308   u/campaign/kernel/core/evaluator_i/p02[17]_p01[17]_LessThan_30_o
    SLICE_X23Y12.A       Tilo                  0.259   u/campaign/kernel/core/evaluator_i/quotient<11>
                                                       u/campaign/kernel/core/evaluator_i/Mmux_score091
    SLICE_X20Y15.A2      net (fanout=2)        1.310   u/campaign/kernel/core/evaluator_i/score0<17>
    SLICE_X20Y15.AMUX    Topaa                 0.445   u/campaign/kernel/core/evaluator_i/Mcompar_score0[17]_score1[17]_LessThan_38_o_cy<8>
                                                       u/campaign/kernel/core/evaluator_i/Mcompar_score0[17]_score1[17]_LessThan_38_o_lutdi8
                                                       u/campaign/kernel/core/evaluator_i/Mcompar_score0[17]_score1[17]_LessThan_38_o_cy<8>
    SLICE_X23Y16.C5      net (fanout=1)        0.461   u/campaign/kernel/core/evaluator_i/Mcompar_score0[17]_score1[17]_LessThan_38_o_cy<8>
    SLICE_X23Y16.C       Tilo                  0.259   u/campaign/kernel/core/b4_selected_slot<0>
                                                       u/campaign/kernel/core/evaluator_i/c0_wins
    SLICE_X24Y15.D5      net (fanout=18)       0.549   u/campaign/kernel/core/evaluator_i/c0_wins
    SLICE_X24Y15.CLK     Tas                   0.349   u/campaign/kernel/core/b4_selected_score<12>
                                                       u/campaign/kernel/core/evaluator_i/Mmux_score1[17]_GND_15_o_mux_131_OUT41
                                                       u/campaign/kernel/core/evaluator_i/selected_score_12
    -------------------------------------------------  ---------------------------
    Total                                      9.590ns (3.261ns logic, 6.329ns route)
                                                       (34.0% logic, 66.0% route)

--------------------------------------------------------------------------------
Slack:                  0.376ns (requirement - (data path - clock path skew + uncertainty))
  Source:               u/campaign/kernel/core/evaluator_i/n02_4 (FF)
  Destination:          u/campaign/kernel/core/evaluator_i/selected_score_12 (FF)
  Requirement:          10.000ns
  Data Path Delay:      9.586ns (Levels of Logic = 8)
  Clock Path Skew:      -0.003ns (0.315 - 0.318)
  Source Clock:         clk_100mhz_BUFGP rising at 0.000ns
  Destination Clock:    clk_100mhz_BUFGP rising at 10.000ns
  Clock Uncertainty:    0.035ns

  Clock Uncertainty:          0.035ns  ((TSJ^2 + TIJ^2)^1/2 + DJ) / 2 + PE
    Total System Jitter (TSJ):  0.070ns
    Total Input Jitter (TIJ):   0.000ns
    Discrete Jitter (DJ):       0.000ns
    Phase Error (PE):           0.000ns

  Maximum Data Path at Slow Process Corner: u/campaign/kernel/core/evaluator_i/n02_4 to u/campaign/kernel/core/evaluator_i/selected_score_12
    Location             Delay type         Delay(ns)  Physical Resource
                                                       Logical Resource(s)
    -------------------------------------------------  -------------------
    SLICE_X23Y10.AQ      Tcko                  0.430   u/campaign/kernel/core/evaluator_i/n02<7>
                                                       u/campaign/kernel/core/evaluator_i/n02_4
    SLICE_X22Y10.A2      net (fanout=1)        1.171   u/campaign/kernel/core/evaluator_i/n02<4>
    SLICE_X22Y10.COUT    Topcya                0.482   u/campaign/kernel/core/evaluator_i/Mmux_p023_rs_cy<7>
                                                       u/campaign/kernel/core/evaluator_i/Mmux_p023_A121
                                                       u/campaign/kernel/core/evaluator_i/Mmux_p023_rs_cy<7>
    SLICE_X22Y11.CIN     net (fanout=1)        0.003   u/campaign/kernel/core/evaluator_i/Mmux_p023_rs_cy<7>
    SLICE_X22Y11.BMUX    Tcinb                 0.310   u/campaign/kernel/core/evaluator_i/Mmux_p023_rs_cy<11>
                                                       u/campaign/kernel/core/evaluator_i/Mmux_p023_rs_cy<11>
    SLICE_X24Y6.A3       net (fanout=3)        1.524   u/campaign/kernel/core/evaluator_i/Mmux_p023_split<9>
    SLICE_X24Y6.COUT     Topcya                0.472   u/campaign/kernel/core/evaluator_i/Mcompar_p02[17]_p01[17]_LessThan_30_o_cy<7>
                                                       u/campaign/kernel/core/evaluator_i/Mcompar_p02[17]_p01[17]_LessThan_30_o_lut<4>
                                                       u/campaign/kernel/core/evaluator_i/Mcompar_p02[17]_p01[17]_LessThan_30_o_cy<7>
    SLICE_X24Y7.CIN      net (fanout=1)        0.003   u/campaign/kernel/core/evaluator_i/Mcompar_p02[17]_p01[17]_LessThan_30_o_cy<7>
    SLICE_X24Y7.AMUX     Tcina                 0.240   u/campaign/kernel/core/evaluator_i/n12<4>
                                                       u/campaign/kernel/core/evaluator_i/Mcompar_p02[17]_p01[17]_LessThan_30_o_cy<8>
    SLICE_X23Y12.A2      net (fanout=19)       1.308   u/campaign/kernel/core/evaluator_i/p02[17]_p01[17]_LessThan_30_o
    SLICE_X23Y12.A       Tilo                  0.259   u/campaign/kernel/core/evaluator_i/quotient<11>
                                                       u/campaign/kernel/core/evaluator_i/Mmux_score091
    SLICE_X20Y15.A2      net (fanout=2)        1.310   u/campaign/kernel/core/evaluator_i/score0<17>
    SLICE_X20Y15.AMUX    Topaa                 0.456   u/campaign/kernel/core/evaluator_i/Mcompar_score0[17]_score1[17]_LessThan_38_o_cy<8>
                                                       u/campaign/kernel/core/evaluator_i/Mcompar_score0[17]_score1[17]_LessThan_38_o_lut<8>
                                                       u/campaign/kernel/core/evaluator_i/Mcompar_score0[17]_score1[17]_LessThan_38_o_cy<8>
    SLICE_X23Y16.C5      net (fanout=1)        0.461   u/campaign/kernel/core/evaluator_i/Mcompar_score0[17]_score1[17]_LessThan_38_o_cy<8>
    SLICE_X23Y16.C       Tilo                  0.259   u/campaign/kernel/core/b4_selected_slot<0>
                                                       u/campaign/kernel/core/evaluator_i/c0_wins
    SLICE_X24Y15.D5      net (fanout=18)       0.549   u/campaign/kernel/core/evaluator_i/c0_wins
    SLICE_X24Y15.CLK     Tas                   0.349   u/campaign/kernel/core/b4_selected_score<12>
                                                       u/campaign/kernel/core/evaluator_i/Mmux_score1[17]_GND_15_o_mux_131_OUT41
                                                       u/campaign/kernel/core/evaluator_i/selected_score_12
    -------------------------------------------------  ---------------------------
    Total                                      9.586ns (3.257ns logic, 6.329ns route)
                                                       (34.0% logic, 66.0% route)

--------------------------------------------------------------------------------
Slack:                  0.384ns (requirement - (data path - clock path skew + uncertainty))
  Source:               u/campaign/kernel/core/evaluator_i/n02_4 (FF)
  Destination:          u/campaign/kernel/core/evaluator_i/selected_score_12 (FF)
  Requirement:          10.000ns
  Data Path Delay:      9.578ns (Levels of Logic = 8)
  Clock Path Skew:      -0.003ns (0.315 - 0.318)
  Source Clock:         clk_100mhz_BUFGP rising at 0.000ns
  Destination Clock:    clk_100mhz_BUFGP rising at 10.000ns
  Clock Uncertainty:    0.035ns

  Clock Uncertainty:          0.035ns  ((TSJ^2 + TIJ^2)^1/2 + DJ) / 2 + PE
    Total System Jitter (TSJ):  0.070ns
    Total Input Jitter (TIJ):   0.000ns
    Discrete Jitter (DJ):       0.000ns
    Phase Error (PE):           0.000ns

  Maximum Data Path at Slow Process Corner: u/campaign/kernel/core/evaluator_i/n02_4 to u/campaign/kernel/core/evaluator_i/selected_score_12
    Location             Delay type         Delay(ns)  Physical Resource
                                                       Logical Resource(s)
    -------------------------------------------------  -------------------
    SLICE_X23Y10.AQ      Tcko                  0.430   u/campaign/kernel/core/evaluator_i/n02<7>
                                                       u/campaign/kernel/core/evaluator_i/n02_4
    SLICE_X22Y10.A2      net (fanout=1)        1.171   u/campaign/kernel/core/evaluator_i/n02<4>
    SLICE_X22Y10.COUT    Topcya                0.474   u/campaign/kernel/core/evaluator_i/Mmux_p023_rs_cy<7>
                                                       u/campaign/kernel/core/evaluator_i/Mmux_p023_A1211
                                                       u/campaign/kernel/core/evaluator_i/Mmux_p023_rs_cy<7>
    SLICE_X22Y11.CIN     net (fanout=1)        0.003   u/campaign/kernel/core/evaluator_i/Mmux_p023_rs_cy<7>
    SLICE_X22Y11.BMUX    Tcinb                 0.310   u/campaign/kernel/core/evaluator_i/Mmux_p023_rs_cy<11>
                                                       u/campaign/kernel/core/evaluator_i/Mmux_p023_rs_cy<11>
    SLICE_X24Y6.A3       net (fanout=3)        1.524   u/campaign/kernel/core/evaluator_i/Mmux_p023_split<9>
    SLICE_X24Y6.COUT     Topcya                0.472   u/campaign/kernel/core/evaluator_i/Mcompar_p02[17]_p01[17]_LessThan_30_o_cy<7>
                                                       u/campaign/kernel/core/evaluator_i/Mcompar_p02[17]_p01[17]_LessThan_30_o_lut<4>
                                                       u/campaign/kernel/core/evaluator_i/Mcompar_p02[17]_p01[17]_LessThan_30_o_cy<7>
    SLICE_X24Y7.CIN      net (fanout=1)        0.003   u/campaign/kernel/core/evaluator_i/Mcompar_p02[17]_p01[17]_LessThan_30_o_cy<7>
    SLICE_X24Y7.AMUX     Tcina                 0.240   u/campaign/kernel/core/evaluator_i/n12<4>
                                                       u/campaign/kernel/core/evaluator_i/Mcompar_p02[17]_p01[17]_LessThan_30_o_cy<8>
    SLICE_X23Y12.A2      net (fanout=19)       1.308   u/campaign/kernel/core/evaluator_i/p02[17]_p01[17]_LessThan_30_o
    SLICE_X23Y12.A       Tilo                  0.259   u/campaign/kernel/core/evaluator_i/quotient<11>
                                                       u/campaign/kernel/core/evaluator_i/Mmux_score091
    SLICE_X20Y15.A2      net (fanout=2)        1.310   u/campaign/kernel/core/evaluator_i/score0<17>
    SLICE_X20Y15.AMUX    Topaa                 0.456   u/campaign/kernel/core/evaluator_i/Mcompar_score0[17]_score1[17]_LessThan_38_o_cy<8>
                                                       u/campaign/kernel/core/evaluator_i/Mcompar_score0[17]_score1[17]_LessThan_38_o_lut<8>
                                                       u/campaign/kernel/core/evaluator_i/Mcompar_score0[17]_score1[17]_LessThan_38_o_cy<8>
    SLICE_X23Y16.C5      net (fanout=1)        0.461   u/campaign/kernel/core/evaluator_i/Mcompar_score0[17]_score1[17]_LessThan_38_o_cy<8>
    SLICE_X23Y16.C       Tilo                  0.259   u/campaign/kernel/core/b4_selected_slot<0>
                                                       u/campaign/kernel/core/evaluator_i/c0_wins
    SLICE_X24Y15.D5      net (fanout=18)       0.549   u/campaign/kernel/core/evaluator_i/c0_wins
    SLICE_X24Y15.CLK     Tas                   0.349   u/campaign/kernel/core/b4_selected_score<12>
                                                       u/campaign/kernel/core/evaluator_i/Mmux_score1[17]_GND_15_o_mux_131_OUT41
                                                       u/campaign/kernel/core/evaluator_i/selected_score_12
    -------------------------------------------------  ---------------------------
    Total                                      9.578ns (3.249ns logic, 6.329ns route)
                                                       (33.9% logic, 66.1% route)

--------------------------------------------------------------------------------
Slack:                  0.387ns (requirement - (data path - clock path skew + uncertainty))
  Source:               u/campaign/kernel/core/evaluator_i/n02_4 (FF)
  Destination:          u/campaign/kernel/core/evaluator_i/selected_score_12 (FF)
  Requirement:          10.000ns
  Data Path Delay:      9.575ns (Levels of Logic = 8)
  Clock Path Skew:      -0.003ns (0.315 - 0.318)
  Source Clock:         clk_100mhz_BUFGP rising at 0.000ns
  Destination Clock:    clk_100mhz_BUFGP rising at 10.000ns
  Clock Uncertainty:    0.035ns

  Clock Uncertainty:          0.035ns  ((TSJ^2 + TIJ^2)^1/2 + DJ) / 2 + PE
    Total System Jitter (TSJ):  0.070ns
    Total Input Jitter (TIJ):   0.000ns
    Discrete Jitter (DJ):       0.000ns
    Phase Error (PE):           0.000ns

  Maximum Data Path at Slow Process Corner: u/campaign/kernel/core/evaluator_i/n02_4 to u/campaign/kernel/core/evaluator_i/selected_score_12
    Location             Delay type         Delay(ns)  Physical Resource
                                                       Logical Resource(s)
    -------------------------------------------------  -------------------
    SLICE_X23Y10.AQ      Tcko                  0.430   u/campaign/kernel/core/evaluator_i/n02<7>
                                                       u/campaign/kernel/core/evaluator_i/n02_4
    SLICE_X22Y10.A2      net (fanout=1)        1.171   u/campaign/kernel/core/evaluator_i/n02<4>
    SLICE_X22Y10.COUT    Topcya                0.482   u/campaign/kernel/core/evaluator_i/Mmux_p023_rs_cy<7>
                                                       u/campaign/kernel/core/evaluator_i/Mmux_p023_A121
                                                       u/campaign/kernel/core/evaluator_i/Mmux_p023_rs_cy<7>
    SLICE_X22Y11.CIN     net (fanout=1)        0.003   u/campaign/kernel/core/evaluator_i/Mmux_p023_rs_cy<7>
    SLICE_X22Y11.BMUX    Tcinb                 0.310   u/campaign/kernel/core/evaluator_i/Mmux_p023_rs_cy<11>
                                                       u/campaign/kernel/core/evaluator_i/Mmux_p023_rs_cy<11>
    SLICE_X24Y6.A3       net (fanout=3)        1.524   u/campaign/kernel/core/evaluator_i/Mmux_p023_split<9>
    SLICE_X24Y6.COUT     Topcya                0.472   u/campaign/kernel/core/evaluator_i/Mcompar_p02[17]_p01[17]_LessThan_30_o_cy<7>
                                                       u/campaign/kernel/core/evaluator_i/Mcompar_p02[17]_p01[17]_LessThan_30_o_lut<4>
                                                       u/campaign/kernel/core/evaluator_i/Mcompar_p02[17]_p01[17]_LessThan_30_o_cy<7>
    SLICE_X24Y7.CIN      net (fanout=1)        0.003   u/campaign/kernel/core/evaluator_i/Mcompar_p02[17]_p01[17]_LessThan_30_o_cy<7>
    SLICE_X24Y7.AMUX     Tcina                 0.240   u/campaign/kernel/core/evaluator_i/n12<4>
                                                       u/campaign/kernel/core/evaluator_i/Mcompar_p02[17]_p01[17]_LessThan_30_o_cy<8>
    SLICE_X23Y12.A2      net (fanout=19)       1.308   u/campaign/kernel/core/evaluator_i/p02[17]_p01[17]_LessThan_30_o
    SLICE_X23Y12.A       Tilo                  0.259   u/campaign/kernel/core/evaluator_i/quotient<11>
                                                       u/campaign/kernel/core/evaluator_i/Mmux_score091
    SLICE_X20Y15.A2      net (fanout=2)        1.310   u/campaign/kernel/core/evaluator_i/score0<17>
    SLICE_X20Y15.AMUX    Topaa                 0.445   u/campaign/kernel/core/evaluator_i/Mcompar_score0[17]_score1[17]_LessThan_38_o_cy<8>
                                                       u/campaign/kernel/core/evaluator_i/Mcompar_score0[17]_score1[17]_LessThan_38_o_lutdi8
                                                       u/campaign/kernel/core/evaluator_i/Mcompar_score0[17]_score1[17]_LessThan_38_o_cy<8>
    SLICE_X23Y16.C5      net (fanout=1)        0.461   u/campaign/kernel/core/evaluator_i/Mcompar_score0[17]_score1[17]_LessThan_38_o_cy<8>
    SLICE_X23Y16.C       Tilo                  0.259   u/campaign/kernel/core/b4_selected_slot<0>
                                                       u/campaign/kernel/core/evaluator_i/c0_wins
    SLICE_X24Y15.D5      net (fanout=18)       0.549   u/campaign/kernel/core/evaluator_i/c0_wins
    SLICE_X24Y15.CLK     Tas                   0.349   u/campaign/kernel/core/b4_selected_score<12>
                                                       u/campaign/kernel/core/evaluator_i/Mmux_score1[17]_GND_15_o_mux_131_OUT41
                                                       u/campaign/kernel/core/evaluator_i/selected_score_12
    -------------------------------------------------  ---------------------------
    Total                                      9.575ns (3.246ns logic, 6.329ns route)
                                                       (33.9% logic, 66.1% route)

--------------------------------------------------------------------------------
Slack:                  0.395ns (requirement - (data path - clock path skew + uncertainty))
  Source:               u/campaign/kernel/core/evaluator_i/n02_4 (FF)
  Destination:          u/campaign/kernel/core/evaluator_i/selected_score_12 (FF)
  Requirement:          10.000ns
  Data Path Delay:      9.567ns (Levels of Logic = 8)
  Clock Path Skew:      -0.003ns (0.315 - 0.318)
  Source Clock:         clk_100mhz_BUFGP rising at 0.000ns
  Destination Clock:    clk_100mhz_BUFGP rising at 10.000ns
  Clock Uncertainty:    0.035ns

  Clock Uncertainty:          0.035ns  ((TSJ^2 + TIJ^2)^1/2 + DJ) / 2 + PE
    Total System Jitter (TSJ):  0.070ns
    Total Input Jitter (TIJ):   0.000ns
    Discrete Jitter (DJ):       0.000ns
    Phase Error (PE):           0.000ns

  Maximum Data Path at Slow Process Corner: u/campaign/kernel/core/evaluator_i/n02_4 to u/campaign/kernel/core/evaluator_i/selected_score_12
    Location             Delay type         Delay(ns)  Physical Resource
                                                       Logical Resource(s)
    -------------------------------------------------  -------------------
    SLICE_X23Y10.AQ      Tcko                  0.430   u/campaign/kernel/core/evaluator_i/n02<7>
                                                       u/campaign/kernel/core/evaluator_i/n02_4
    SLICE_X22Y10.A2      net (fanout=1)        1.171   u/campaign/kernel/core/evaluator_i/n02<4>
    SLICE_X22Y10.COUT    Topcya                0.474   u/campaign/kernel/core/evaluator_i/Mmux_p023_rs_cy<7>
                                                       u/campaign/kernel/core/evaluator_i/Mmux_p023_A1211
                                                       u/campaign/kernel/core/evaluator_i/Mmux_p023_rs_cy<7>
    SLICE_X22Y11.CIN     net (fanout=1)        0.003   u/campaign/kernel/core/evaluator_i/Mmux_p023_rs_cy<7>
    SLICE_X22Y11.BMUX    Tcinb                 0.310   u/campaign/kernel/core/evaluator_i/Mmux_p023_rs_cy<11>
                                                       u/campaign/kernel/core/evaluator_i/Mmux_p023_rs_cy<11>
    SLICE_X24Y6.A3       net (fanout=3)        1.524   u/campaign/kernel/core/evaluator_i/Mmux_p023_split<9>
    SLICE_X24Y6.COUT     Topcya                0.472   u/campaign/kernel/core/evaluator_i/Mcompar_p02[17]_p01[17]_LessThan_30_o_cy<7>
                                                       u/campaign/kernel/core/evaluator_i/Mcompar_p02[17]_p01[17]_LessThan_30_o_lut<4>
                                                       u/campaign/kernel/core/evaluator_i/Mcompar_p02[17]_p01[17]_LessThan_30_o_cy<7>
    SLICE_X24Y7.CIN      net (fanout=1)        0.003   u/campaign/kernel/core/evaluator_i/Mcompar_p02[17]_p01[17]_LessThan_30_o_cy<7>
    SLICE_X24Y7.AMUX     Tcina                 0.240   u/campaign/kernel/core/evaluator_i/n12<4>
                                                       u/campaign/kernel/core/evaluator_i/Mcompar_p02[17]_p01[17]_LessThan_30_o_cy<8>
    SLICE_X23Y12.A2      net (fanout=19)       1.308   u/campaign/kernel/core/evaluator_i/p02[17]_p01[17]_LessThan_30_o
    SLICE_X23Y12.A       Tilo                  0.259   u/campaign/kernel/core/evaluator_i/quotient<11>
                                                       u/campaign/kernel/core/evaluator_i/Mmux_score091
    SLICE_X20Y15.A2      net (fanout=2)        1.310   u/campaign/kernel/core/evaluator_i/score0<17>
    SLICE_X20Y15.AMUX    Topaa                 0.445   u/campaign/kernel/core/evaluator_i/Mcompar_score0[17]_score1[17]_LessThan_38_o_cy<8>
                                                       u/campaign/kernel/core/evaluator_i/Mcompar_score0[17]_score1[17]_LessThan_38_o_lutdi8
                                                       u/campaign/kernel/core/evaluator_i/Mcompar_score0[17]_score1[17]_LessThan_38_o_cy<8>
    SLICE_X23Y16.C5      net (fanout=1)        0.461   u/campaign/kernel/core/evaluator_i/Mcompar_score0[17]_score1[17]_LessThan_38_o_cy<8>
    SLICE_X23Y16.C       Tilo                  0.259   u/campaign/kernel/core/b4_selected_slot<0>
                                                       u/campaign/kernel/core/evaluator_i/c0_wins
    SLICE_X24Y15.D5      net (fanout=18)       0.549   u/campaign/kernel/core/evaluator_i/c0_wins
    SLICE_X24Y15.CLK     Tas                   0.349   u/campaign/kernel/core/b4_selected_score<12>
                                                       u/campaign/kernel/core/evaluator_i/Mmux_score1[17]_GND_15_o_mux_131_OUT41
                                                       u/campaign/kernel/core/evaluator_i/selected_score_12
    -------------------------------------------------  ---------------------------
    Total                                      9.567ns (3.238ns logic, 6.329ns route)
                                                       (33.8% logic, 66.2% route)

--------------------------------------------------------------------------------
Slack:                  0.418ns (requirement - (data path - clock path skew + uncertainty))
  Source:               u/campaign/kernel/core/evaluator_i/lam1_1_2 (FF)
  Destination:          u/campaign/kernel/core/evaluator_i/selected_score_12 (FF)
  Requirement:          10.000ns
  Data Path Delay:      9.536ns (Levels of Logic = 9)
  Clock Path Skew:      -0.011ns (0.315 - 0.326)
  Source Clock:         clk_100mhz_BUFGP rising at 0.000ns
  Destination Clock:    clk_100mhz_BUFGP rising at 10.000ns
  Clock Uncertainty:    0.035ns

  Clock Uncertainty:          0.035ns  ((TSJ^2 + TIJ^2)^1/2 + DJ) / 2 + PE
    Total System Jitter (TSJ):  0.070ns
    Total Input Jitter (TIJ):   0.000ns
    Discrete Jitter (DJ):       0.000ns
    Phase Error (PE):           0.000ns

  Maximum Data Path at Slow Process Corner: u/campaign/kernel/core/evaluator_i/lam1_1_2 to u/campaign/kernel/core/evaluator_i/selected_score_12
    Location             Delay type         Delay(ns)  Physical Resource
                                                       Logical Resource(s)
    -------------------------------------------------  -------------------
    SLICE_X27Y9.BQ       Tcko                  0.430   u/campaign/kernel/core/evaluator_i/lam1_1_3
                                                       u/campaign/kernel/core/evaluator_i/lam1_1_2
    SLICE_X26Y9.B5       net (fanout=12)       1.110   u/campaign/kernel/core/evaluator_i/lam1_1_2
    SLICE_X26Y9.COUT     Topcyb                0.483   u/campaign/kernel/core/evaluator_i/Mmux_p013_rs_cy<8>
                                                       u/campaign/kernel/core/evaluator_i/Mmux_p013_A1411
                                                       u/campaign/kernel/core/evaluator_i/Mmux_p013_rs_cy<8>
    SLICE_X26Y10.CIN     net (fanout=1)        0.003   u/campaign/kernel/core/evaluator_i/Mmux_p013_rs_cy<8>
    SLICE_X26Y10.CMUX    Tcinc                 0.279   u/campaign/kernel/core/evaluator_i/Mmux_p013_rs_cy<12>
                                                       u/campaign/kernel/core/evaluator_i/Mmux_p013_rs_cy<12>
    SLICE_X22Y7.B2       net (fanout=3)        1.409   u/campaign/kernel/core/evaluator_i/Mmux_p013_split<11>
    SLICE_X22Y7.COUT     Topcyb                0.483   u/campaign/kernel/core/evaluator_i/Mcompar_p01[17]_p00[17]_LessThan_28_o_cy<7>
                                                       u/campaign/kernel/core/evaluator_i/Mcompar_p01[17]_p00[17]_LessThan_28_o_lut<5>
                                                       u/campaign/kernel/core/evaluator_i/Mcompar_p01[17]_p00[17]_LessThan_28_o_cy<7>
    SLICE_X22Y8.CIN      net (fanout=1)        0.082   u/campaign/kernel/core/evaluator_i/Mcompar_p01[17]_p00[17]_LessThan_28_o_cy<7>
    SLICE_X22Y8.AMUX     Tcina                 0.230   u/campaign/kernel/core/evaluator_i/p01[17]_p00[17]_LessThan_28_o
                                                       u/campaign/kernel/core/evaluator_i/Mcompar_p01[17]_p00[17]_LessThan_28_o_cy<8>
    SLICE_X23Y14.B2      net (fanout=19)       1.806   u/campaign/kernel/core/evaluator_i/p01[17]_p00[17]_LessThan_28_o
    SLICE_X23Y14.B       Tilo                  0.259   u/campaign/kernel/core/evaluator_i/score1<14>
                                                       u/campaign/kernel/core/evaluator_i/Mmux_score051
    SLICE_X20Y14.C1      net (fanout=3)        0.753   u/campaign/kernel/core/evaluator_i/score0<13>
    SLICE_X20Y14.COUT    Topcyc                0.348   u/campaign/kernel/core/evaluator_i/Mcompar_score0[17]_score1[17]_LessThan_38_o_cy<7>
                                                       u/campaign/kernel/core/evaluator_i/Mcompar_score0[17]_score1[17]_LessThan_38_o_lutdi6
                                                       u/campaign/kernel/core/evaluator_i/Mcompar_score0[17]_score1[17]_LessThan_38_o_cy<7>
    SLICE_X20Y15.CIN     net (fanout=1)        0.003   u/campaign/kernel/core/evaluator_i/Mcompar_score0[17]_score1[17]_LessThan_38_o_cy<7>
    SLICE_X20Y15.AMUX    Tcina                 0.240   u/campaign/kernel/core/evaluator_i/Mcompar_score0[17]_score1[17]_LessThan_38_o_cy<8>
                                                       u/campaign/kernel/core/evaluator_i/Mcompar_score0[17]_score1[17]_LessThan_38_o_cy<8>
    SLICE_X23Y16.C5      net (fanout=1)        0.461   u/campaign/kernel/core/evaluator_i/Mcompar_score0[17]_score1[17]_LessThan_38_o_cy<8>
    SLICE_X23Y16.C       Tilo                  0.259   u/campaign/kernel/core/b4_selected_slot<0>
                                                       u/campaign/kernel/core/evaluator_i/c0_wins
    SLICE_X24Y15.D5      net (fanout=18)       0.549   u/campaign/kernel/core/evaluator_i/c0_wins
    SLICE_X24Y15.CLK     Tas                   0.349   u/campaign/kernel/core/b4_selected_score<12>
                                                       u/campaign/kernel/core/evaluator_i/Mmux_score1[17]_GND_15_o_mux_131_OUT41
                                                       u/campaign/kernel/core/evaluator_i/selected_score_12
    -------------------------------------------------  ---------------------------
    Total                                      9.536ns (3.360ns logic, 6.176ns route)
                                                       (35.2% logic, 64.8% route)

--------------------------------------------------------------------------------
Slack:                  0.438ns (requirement - (data path - clock path skew + uncertainty))
  Source:               u/campaign/kernel/core/evaluator_i/lam1_1_2 (FF)
  Destination:          u/campaign/kernel/core/evaluator_i/selected_score_12 (FF)
  Requirement:          10.000ns
  Data Path Delay:      9.516ns (Levels of Logic = 9)
  Clock Path Skew:      -0.011ns (0.315 - 0.326)
  Source Clock:         clk_100mhz_BUFGP rising at 0.000ns
  Destination Clock:    clk_100mhz_BUFGP rising at 10.000ns
  Clock Uncertainty:    0.035ns

  Clock Uncertainty:          0.035ns  ((TSJ^2 + TIJ^2)^1/2 + DJ) / 2 + PE
    Total System Jitter (TSJ):  0.070ns
    Total Input Jitter (TIJ):   0.000ns
    Discrete Jitter (DJ):       0.000ns
    Phase Error (PE):           0.000ns

  Maximum Data Path at Slow Process Corner: u/campaign/kernel/core/evaluator_i/lam1_1_2 to u/campaign/kernel/core/evaluator_i/selected_score_12
    Location             Delay type         Delay(ns)  Physical Resource
                                                       Logical Resource(s)
    -------------------------------------------------  -------------------
    SLICE_X27Y9.BQ       Tcko                  0.430   u/campaign/kernel/core/evaluator_i/lam1_1_3
                                                       u/campaign/kernel/core/evaluator_i/lam1_1_2
    SLICE_X26Y9.B5       net (fanout=12)       1.110   u/campaign/kernel/core/evaluator_i/lam1_1_2
    SLICE_X26Y9.COUT     Topcyb                0.483   u/campaign/kernel/core/evaluator_i/Mmux_p013_rs_cy<8>
                                                       u/campaign/kernel/core/evaluator_i/Mmux_p013_A1411
                                                       u/campaign/kernel/core/evaluator_i/Mmux_p013_rs_cy<8>
    SLICE_X26Y10.CIN     net (fanout=1)        0.003   u/campaign/kernel/core/evaluator_i/Mmux_p013_rs_cy<8>
    SLICE_X26Y10.COUT    Tbyp                  0.093   u/campaign/kernel/core/evaluator_i/Mmux_p013_rs_cy<12>
                                                       u/campaign/kernel/core/evaluator_i/Mmux_p013_rs_cy<12>
    SLICE_X26Y11.CIN     net (fanout=1)        0.003   u/campaign/kernel/core/evaluator_i/Mmux_p013_rs_cy<12>
    SLICE_X26Y11.BMUX    Tcinb                 0.310   u/campaign/kernel/core/evaluator_i/Mmux_p013_split<16>
                                                       u/campaign/kernel/core/evaluator_i/Mmux_p013_rs_cy<16>
    SLICE_X24Y6.D3       net (fanout=3)        1.555   u/campaign/kernel/core/evaluator_i/Mmux_p013_split<14>
    SLICE_X24Y6.COUT     Topcyd                0.335   u/campaign/kernel/core/evaluator_i/Mcompar_p02[17]_p01[17]_LessThan_30_o_cy<7>
                                                       u/campaign/kernel/core/evaluator_i/Mcompar_p02[17]_p01[17]_LessThan_30_o_lutdi7
                                                       u/campaign/kernel/core/evaluator_i/Mcompar_p02[17]_p01[17]_LessThan_30_o_cy<7>
    SLICE_X24Y7.CIN      net (fanout=1)        0.003   u/campaign/kernel/core/evaluator_i/Mcompar_p02[17]_p01[17]_LessThan_30_o_cy<7>
    SLICE_X24Y7.AMUX     Tcina                 0.240   u/campaign/kernel/core/evaluator_i/n12<4>
                                                       u/campaign/kernel/core/evaluator_i/Mcompar_p02[17]_p01[17]_LessThan_30_o_cy<8>
    SLICE_X23Y12.A2      net (fanout=19)       1.308   u/campaign/kernel/core/evaluator_i/p02[17]_p01[17]_LessThan_30_o
    SLICE_X23Y12.A       Tilo                  0.259   u/campaign/kernel/core/evaluator_i/quotient<11>
                                                       u/campaign/kernel/core/evaluator_i/Mmux_score091
    SLICE_X20Y15.A2      net (fanout=2)        1.310   u/campaign/kernel/core/evaluator_i/score0<17>
    SLICE_X20Y15.AMUX    Topaa                 0.456   u/campaign/kernel/core/evaluator_i/Mcompar_score0[17]_score1[17]_LessThan_38_o_cy<8>
                                                       u/campaign/kernel/core/evaluator_i/Mcompar_score0[17]_score1[17]_LessThan_38_o_lut<8>
                                                       u/campaign/kernel/core/evaluator_i/Mcompar_score0[17]_score1[17]_LessThan_38_o_cy<8>
    SLICE_X23Y16.C5      net (fanout=1)        0.461   u/campaign/kernel/core/evaluator_i/Mcompar_score0[17]_score1[17]_LessThan_38_o_cy<8>
    SLICE_X23Y16.C       Tilo                  0.259   u/campaign/kernel/core/b4_selected_slot<0>
                                                       u/campaign/kernel/core/evaluator_i/c0_wins
    SLICE_X24Y15.D5      net (fanout=18)       0.549   u/campaign/kernel/core/evaluator_i/c0_wins
    SLICE_X24Y15.CLK     Tas                   0.349   u/campaign/kernel/core/b4_selected_score<12>
                                                       u/campaign/kernel/core/evaluator_i/Mmux_score1[17]_GND_15_o_mux_131_OUT41
                                                       u/campaign/kernel/core/evaluator_i/selected_score_12
    -------------------------------------------------  ---------------------------
    Total                                      9.516ns (3.214ns logic, 6.302ns route)
                                                       (33.8% logic, 66.2% route)

--------------------------------------------------------------------------------

Paths for end point u/campaign/kernel/core/evaluator_i/selected_score_14 (SLICE_X24Y15.C5), 754782 paths
--------------------------------------------------------------------------------
Slack:                  0.378ns (requirement - (data path - clock path skew + uncertainty))
  Source:               u/campaign/kernel/core/evaluator_i/n02_4 (FF)
  Destination:          u/campaign/kernel/core/evaluator_i/selected_score_14 (FF)
  Requirement:          10.000ns
  Data Path Delay:      9.584ns (Levels of Logic = 8)
  Clock Path Skew:      -0.003ns (0.315 - 0.318)
  Source Clock:         clk_100mhz_BUFGP rising at 0.000ns
  Destination Clock:    clk_100mhz_BUFGP rising at 10.000ns
  Clock Uncertainty:    0.035ns

  Clock Uncertainty:          0.035ns  ((TSJ^2 + TIJ^2)^1/2 + DJ) / 2 + PE
    Total System Jitter (TSJ):  0.070ns
    Total Input Jitter (TIJ):   0.000ns
    Discrete Jitter (DJ):       0.000ns
    Phase Error (PE):           0.000ns

  Maximum Data Path at Slow Process Corner: u/campaign/kernel/core/evaluator_i/n02_4 to u/campaign/kernel/core/evaluator_i/selected_score_14
    Location             Delay type         Delay(ns)  Physical Resource
                                                       Logical Resource(s)
    -------------------------------------------------  -------------------
    SLICE_X23Y10.AQ      Tcko                  0.430   u/campaign/kernel/core/evaluator_i/n02<7>
                                                       u/campaign/kernel/core/evaluator_i/n02_4
    SLICE_X22Y10.A2      net (fanout=1)        1.171   u/campaign/kernel/core/evaluator_i/n02<4>
    SLICE_X22Y10.COUT    Topcya                0.482   u/campaign/kernel/core/evaluator_i/Mmux_p023_rs_cy<7>
                                                       u/campaign/kernel/core/evaluator_i/Mmux_p023_A121
                                                       u/campaign/kernel/core/evaluator_i/Mmux_p023_rs_cy<7>
    SLICE_X22Y11.CIN     net (fanout=1)        0.003   u/campaign/kernel/core/evaluator_i/Mmux_p023_rs_cy<7>
    SLICE_X22Y11.BMUX    Tcinb                 0.310   u/campaign/kernel/core/evaluator_i/Mmux_p023_rs_cy<11>
                                                       u/campaign/kernel/core/evaluator_i/Mmux_p023_rs_cy<11>
    SLICE_X24Y6.A3       net (fanout=3)        1.524   u/campaign/kernel/core/evaluator_i/Mmux_p023_split<9>
    SLICE_X24Y6.COUT     Topcya                0.495   u/campaign/kernel/core/evaluator_i/Mcompar_p02[17]_p01[17]_LessThan_30_o_cy<7>
                                                       u/campaign/kernel/core/evaluator_i/Mcompar_p02[17]_p01[17]_LessThan_30_o_lutdi4
                                                       u/campaign/kernel/core/evaluator_i/Mcompar_p02[17]_p01[17]_LessThan_30_o_cy<7>
    SLICE_X24Y7.CIN      net (fanout=1)        0.003   u/campaign/kernel/core/evaluator_i/Mcompar_p02[17]_p01[17]_LessThan_30_o_cy<7>
    SLICE_X24Y7.AMUX     Tcina                 0.240   u/campaign/kernel/core/evaluator_i/n12<4>
                                                       u/campaign/kernel/core/evaluator_i/Mcompar_p02[17]_p01[17]_LessThan_30_o_cy<8>
    SLICE_X23Y12.A2      net (fanout=19)       1.308   u/campaign/kernel/core/evaluator_i/p02[17]_p01[17]_LessThan_30_o
    SLICE_X23Y12.A       Tilo                  0.259   u/campaign/kernel/core/evaluator_i/quotient<11>
                                                       u/campaign/kernel/core/evaluator_i/Mmux_score091
    SLICE_X20Y15.A2      net (fanout=2)        1.310   u/campaign/kernel/core/evaluator_i/score0<17>
    SLICE_X20Y15.AMUX    Topaa                 0.456   u/campaign/kernel/core/evaluator_i/Mcompar_score0[17]_score1[17]_LessThan_38_o_cy<8>
                                                       u/campaign/kernel/core/evaluator_i/Mcompar_score0[17]_score1[17]_LessThan_38_o_lut<8>
                                                       u/campaign/kernel/core/evaluator_i/Mcompar_score0[17]_score1[17]_LessThan_38_o_cy<8>
    SLICE_X23Y16.C5      net (fanout=1)        0.461   u/campaign/kernel/core/evaluator_i/Mcompar_score0[17]_score1[17]_LessThan_38_o_cy<8>
    SLICE_X23Y16.C       Tilo                  0.259   u/campaign/kernel/core/b4_selected_slot<0>
                                                       u/campaign/kernel/core/evaluator_i/c0_wins
    SLICE_X24Y15.C5      net (fanout=18)       0.524   u/campaign/kernel/core/evaluator_i/c0_wins
    SLICE_X24Y15.CLK     Tas                   0.349   u/campaign/kernel/core/b4_selected_score<12>
                                                       u/campaign/kernel/core/evaluator_i/Mmux_score1[17]_GND_15_o_mux_131_OUT61
                                                       u/campaign/kernel/core/evaluator_i/selected_score_14
    -------------------------------------------------  ---------------------------
    Total                                      9.584ns (3.280ns logic, 6.304ns route)
                                                       (34.2% logic, 65.8% route)

--------------------------------------------------------------------------------
Slack:                  0.386ns (requirement - (data path - clock path skew + uncertainty))
  Source:               u/campaign/kernel/core/evaluator_i/n02_4 (FF)
  Destination:          u/campaign/kernel/core/evaluator_i/selected_score_14 (FF)
  Requirement:          10.000ns
  Data Path Delay:      9.576ns (Levels of Logic = 8)
  Clock Path Skew:      -0.003ns (0.315 - 0.318)
  Source Clock:         clk_100mhz_BUFGP rising at 0.000ns
  Destination Clock:    clk_100mhz_BUFGP rising at 10.000ns
  Clock Uncertainty:    0.035ns

  Clock Uncertainty:          0.035ns  ((TSJ^2 + TIJ^2)^1/2 + DJ) / 2 + PE
    Total System Jitter (TSJ):  0.070ns
    Total Input Jitter (TIJ):   0.000ns
    Discrete Jitter (DJ):       0.000ns
    Phase Error (PE):           0.000ns

  Maximum Data Path at Slow Process Corner: u/campaign/kernel/core/evaluator_i/n02_4 to u/campaign/kernel/core/evaluator_i/selected_score_14
    Location             Delay type         Delay(ns)  Physical Resource
                                                       Logical Resource(s)
    -------------------------------------------------  -------------------
    SLICE_X23Y10.AQ      Tcko                  0.430   u/campaign/kernel/core/evaluator_i/n02<7>
                                                       u/campaign/kernel/core/evaluator_i/n02_4
    SLICE_X22Y10.A2      net (fanout=1)        1.171   u/campaign/kernel/core/evaluator_i/n02<4>
    SLICE_X22Y10.COUT    Topcya                0.474   u/campaign/kernel/core/evaluator_i/Mmux_p023_rs_cy<7>
                                                       u/campaign/kernel/core/evaluator_i/Mmux_p023_A1211
                                                       u/campaign/kernel/core/evaluator_i/Mmux_p023_rs_cy<7>
    SLICE_X22Y11.CIN     net (fanout=1)        0.003   u/campaign/kernel/core/evaluator_i/Mmux_p023_rs_cy<7>
    SLICE_X22Y11.BMUX    Tcinb                 0.310   u/campaign/kernel/core/evaluator_i/Mmux_p023_rs_cy<11>
                                                       u/campaign/kernel/core/evaluator_i/Mmux_p023_rs_cy<11>
    SLICE_X24Y6.A3       net (fanout=3)        1.524   u/campaign/kernel/core/evaluator_i/Mmux_p023_split<9>
    SLICE_X24Y6.COUT     Topcya                0.495   u/campaign/kernel/core/evaluator_i/Mcompar_p02[17]_p01[17]_LessThan_30_o_cy<7>
                                                       u/campaign/kernel/core/evaluator_i/Mcompar_p02[17]_p01[17]_LessThan_30_o_lutdi4
                                                       u/campaign/kernel/core/evaluator_i/Mcompar_p02[17]_p01[17]_LessThan_30_o_cy<7>
    SLICE_X24Y7.CIN      net (fanout=1)        0.003   u/campaign/kernel/core/evaluator_i/Mcompar_p02[17]_p01[17]_LessThan_30_o_cy<7>
    SLICE_X24Y7.AMUX     Tcina                 0.240   u/campaign/kernel/core/evaluator_i/n12<4>
                                                       u/campaign/kernel/core/evaluator_i/Mcompar_p02[17]_p01[17]_LessThan_30_o_cy<8>
    SLICE_X23Y12.A2      net (fanout=19)       1.308   u/campaign/kernel/core/evaluator_i/p02[17]_p01[17]_LessThan_30_o
    SLICE_X23Y12.A       Tilo                  0.259   u/campaign/kernel/core/evaluator_i/quotient<11>
                                                       u/campaign/kernel/core/evaluator_i/Mmux_score091
    SLICE_X20Y15.A2      net (fanout=2)        1.310   u/campaign/kernel/core/evaluator_i/score0<17>
    SLICE_X20Y15.AMUX    Topaa                 0.456   u/campaign/kernel/core/evaluator_i/Mcompar_score0[17]_score1[17]_LessThan_38_o_cy<8>
                                                       u/campaign/kernel/core/evaluator_i/Mcompar_score0[17]_score1[17]_LessThan_38_o_lut<8>
                                                       u/campaign/kernel/core/evaluator_i/Mcompar_score0[17]_score1[17]_LessThan_38_o_cy<8>
    SLICE_X23Y16.C5      net (fanout=1)        0.461   u/campaign/kernel/core/evaluator_i/Mcompar_score0[17]_score1[17]_LessThan_38_o_cy<8>
    SLICE_X23Y16.C       Tilo                  0.259   u/campaign/kernel/core/b4_selected_slot<0>
                                                       u/campaign/kernel/core/evaluator_i/c0_wins
    SLICE_X24Y15.C5      net (fanout=18)       0.524   u/campaign/kernel/core/evaluator_i/c0_wins
    SLICE_X24Y15.CLK     Tas                   0.349   u/campaign/kernel/core/b4_selected_score<12>
                                                       u/campaign/kernel/core/evaluator_i/Mmux_score1[17]_GND_15_o_mux_131_OUT61
                                                       u/campaign/kernel/core/evaluator_i/selected_score_14
    -------------------------------------------------  ---------------------------
    Total                                      9.576ns (3.272ns logic, 6.304ns route)
                                                       (34.2% logic, 65.8% route)

--------------------------------------------------------------------------------
Slack:                  0.389ns (requirement - (data path - clock path skew + uncertainty))
  Source:               u/campaign/kernel/core/evaluator_i/n02_4 (FF)
  Destination:          u/campaign/kernel/core/evaluator_i/selected_score_14 (FF)
  Requirement:          10.000ns
  Data Path Delay:      9.573ns (Levels of Logic = 8)
  Clock Path Skew:      -0.003ns (0.315 - 0.318)
  Source Clock:         clk_100mhz_BUFGP rising at 0.000ns
  Destination Clock:    clk_100mhz_BUFGP rising at 10.000ns
  Clock Uncertainty:    0.035ns

  Clock Uncertainty:          0.035ns  ((TSJ^2 + TIJ^2)^1/2 + DJ) / 2 + PE
    Total System Jitter (TSJ):  0.070ns
    Total Input Jitter (TIJ):   0.000ns
    Discrete Jitter (DJ):       0.000ns
    Phase Error (PE):           0.000ns

  Maximum Data Path at Slow Process Corner: u/campaign/kernel/core/evaluator_i/n02_4 to u/campaign/kernel/core/evaluator_i/selected_score_14
    Location             Delay type         Delay(ns)  Physical Resource
                                                       Logical Resource(s)
    -------------------------------------------------  -------------------
    SLICE_X23Y10.AQ      Tcko                  0.430   u/campaign/kernel/core/evaluator_i/n02<7>
                                                       u/campaign/kernel/core/evaluator_i/n02_4
    SLICE_X22Y10.A2      net (fanout=1)        1.171   u/campaign/kernel/core/evaluator_i/n02<4>
    SLICE_X22Y10.COUT    Topcya                0.482   u/campaign/kernel/core/evaluator_i/Mmux_p023_rs_cy<7>
                                                       u/campaign/kernel/core/evaluator_i/Mmux_p023_A121
                                                       u/campaign/kernel/core/evaluator_i/Mmux_p023_rs_cy<7>
    SLICE_X22Y11.CIN     net (fanout=1)        0.003   u/campaign/kernel/core/evaluator_i/Mmux_p023_rs_cy<7>
    SLICE_X22Y11.BMUX    Tcinb                 0.310   u/campaign/kernel/core/evaluator_i/Mmux_p023_rs_cy<11>
                                                       u/campaign/kernel/core/evaluator_i/Mmux_p023_rs_cy<11>
    SLICE_X24Y6.A3       net (fanout=3)        1.524   u/campaign/kernel/core/evaluator_i/Mmux_p023_split<9>
    SLICE_X24Y6.COUT     Topcya                0.495   u/campaign/kernel/core/evaluator_i/Mcompar_p02[17]_p01[17]_LessThan_30_o_cy<7>
                                                       u/campaign/kernel/core/evaluator_i/Mcompar_p02[17]_p01[17]_LessThan_30_o_lutdi4
                                                       u/campaign/kernel/core/evaluator_i/Mcompar_p02[17]_p01[17]_LessThan_30_o_cy<7>
    SLICE_X24Y7.CIN      net (fanout=1)        0.003   u/campaign/kernel/core/evaluator_i/Mcompar_p02[17]_p01[17]_LessThan_30_o_cy<7>
    SLICE_X24Y7.AMUX     Tcina                 0.240   u/campaign/kernel/core/evaluator_i/n12<4>
                                                       u/campaign/kernel/core/evaluator_i/Mcompar_p02[17]_p01[17]_LessThan_30_o_cy<8>
    SLICE_X23Y12.A2      net (fanout=19)       1.308   u/campaign/kernel/core/evaluator_i/p02[17]_p01[17]_LessThan_30_o
    SLICE_X23Y12.A       Tilo                  0.259   u/campaign/kernel/core/evaluator_i/quotient<11>
                                                       u/campaign/kernel/core/evaluator_i/Mmux_score091
    SLICE_X20Y15.A2      net (fanout=2)        1.310   u/campaign/kernel/core/evaluator_i/score0<17>
    SLICE_X20Y15.AMUX    Topaa                 0.445   u/campaign/kernel/core/evaluator_i/Mcompar_score0[17]_score1[17]_LessThan_38_o_cy<8>
                                                       u/campaign/kernel/core/evaluator_i/Mcompar_score0[17]_score1[17]_LessThan_38_o_lutdi8
                                                       u/campaign/kernel/core/evaluator_i/Mcompar_score0[17]_score1[17]_LessThan_38_o_cy<8>
    SLICE_X23Y16.C5      net (fanout=1)        0.461   u/campaign/kernel/core/evaluator_i/Mcompar_score0[17]_score1[17]_LessThan_38_o_cy<8>
    SLICE_X23Y16.C       Tilo                  0.259   u/campaign/kernel/core/b4_selected_slot<0>
                                                       u/campaign/kernel/core/evaluator_i/c0_wins
    SLICE_X24Y15.C5      net (fanout=18)       0.524   u/campaign/kernel/core/evaluator_i/c0_wins
    SLICE_X24Y15.CLK     Tas                   0.349   u/campaign/kernel/core/b4_selected_score<12>
                                                       u/campaign/kernel/core/evaluator_i/Mmux_score1[17]_GND_15_o_mux_131_OUT61
                                                       u/campaign/kernel/core/evaluator_i/selected_score_14
    -------------------------------------------------  ---------------------------
    Total                                      9.573ns (3.269ns logic, 6.304ns route)
                                                       (34.1% logic, 65.9% route)

--------------------------------------------------------------------------------
Slack:                  0.397ns (requirement - (data path - clock path skew + uncertainty))
  Source:               u/campaign/kernel/core/evaluator_i/n02_4 (FF)
  Destination:          u/campaign/kernel/core/evaluator_i/selected_score_14 (FF)
  Requirement:          10.000ns
  Data Path Delay:      9.565ns (Levels of Logic = 8)
  Clock Path Skew:      -0.003ns (0.315 - 0.318)
  Source Clock:         clk_100mhz_BUFGP rising at 0.000ns
  Destination Clock:    clk_100mhz_BUFGP rising at 10.000ns
  Clock Uncertainty:    0.035ns

  Clock Uncertainty:          0.035ns  ((TSJ^2 + TIJ^2)^1/2 + DJ) / 2 + PE
    Total System Jitter (TSJ):  0.070ns
    Total Input Jitter (TIJ):   0.000ns
    Discrete Jitter (DJ):       0.000ns
    Phase Error (PE):           0.000ns

  Maximum Data Path at Slow Process Corner: u/campaign/kernel/core/evaluator_i/n02_4 to u/campaign/kernel/core/evaluator_i/selected_score_14
    Location             Delay type         Delay(ns)  Physical Resource
                                                       Logical Resource(s)
    -------------------------------------------------  -------------------
    SLICE_X23Y10.AQ      Tcko                  0.430   u/campaign/kernel/core/evaluator_i/n02<7>
                                                       u/campaign/kernel/core/evaluator_i/n02_4
    SLICE_X22Y10.A2      net (fanout=1)        1.171   u/campaign/kernel/core/evaluator_i/n02<4>
    SLICE_X22Y10.COUT    Topcya                0.474   u/campaign/kernel/core/evaluator_i/Mmux_p023_rs_cy<7>
                                                       u/campaign/kernel/core/evaluator_i/Mmux_p023_A1211
                                                       u/campaign/kernel/core/evaluator_i/Mmux_p023_rs_cy<7>
    SLICE_X22Y11.CIN     net (fanout=1)        0.003   u/campaign/kernel/core/evaluator_i/Mmux_p023_rs_cy<7>
    SLICE_X22Y11.BMUX    Tcinb                 0.310   u/campaign/kernel/core/evaluator_i/Mmux_p023_rs_cy<11>
                                                       u/campaign/kernel/core/evaluator_i/Mmux_p023_rs_cy<11>
    SLICE_X24Y6.A3       net (fanout=3)        1.524   u/campaign/kernel/core/evaluator_i/Mmux_p023_split<9>
    SLICE_X24Y6.COUT     Topcya                0.495   u/campaign/kernel/core/evaluator_i/Mcompar_p02[17]_p01[17]_LessThan_30_o_cy<7>
                                                       u/campaign/kernel/core/evaluator_i/Mcompar_p02[17]_p01[17]_LessThan_30_o_lutdi4
                                                       u/campaign/kernel/core/evaluator_i/Mcompar_p02[17]_p01[17]_LessThan_30_o_cy<7>
    SLICE_X24Y7.CIN      net (fanout=1)        0.003   u/campaign/kernel/core/evaluator_i/Mcompar_p02[17]_p01[17]_LessThan_30_o_cy<7>
    SLICE_X24Y7.AMUX     Tcina                 0.240   u/campaign/kernel/core/evaluator_i/n12<4>
                                                       u/campaign/kernel/core/evaluator_i/Mcompar_p02[17]_p01[17]_LessThan_30_o_cy<8>
    SLICE_X23Y12.A2      net (fanout=19)       1.308   u/campaign/kernel/core/evaluator_i/p02[17]_p01[17]_LessThan_30_o
    SLICE_X23Y12.A       Tilo                  0.259   u/campaign/kernel/core/evaluator_i/quotient<11>
                                                       u/campaign/kernel/core/evaluator_i/Mmux_score091
    SLICE_X20Y15.A2      net (fanout=2)        1.310   u/campaign/kernel/core/evaluator_i/score0<17>
    SLICE_X20Y15.AMUX    Topaa                 0.445   u/campaign/kernel/core/evaluator_i/Mcompar_score0[17]_score1[17]_LessThan_38_o_cy<8>
                                                       u/campaign/kernel/core/evaluator_i/Mcompar_score0[17]_score1[17]_LessThan_38_o_lutdi8
                                                       u/campaign/kernel/core/evaluator_i/Mcompar_score0[17]_score1[17]_LessThan_38_o_cy<8>
    SLICE_X23Y16.C5      net (fanout=1)        0.461   u/campaign/kernel/core/evaluator_i/Mcompar_score0[17]_score1[17]_LessThan_38_o_cy<8>
    SLICE_X23Y16.C       Tilo                  0.259   u/campaign/kernel/core/b4_selected_slot<0>
                                                       u/campaign/kernel/core/evaluator_i/c0_wins
    SLICE_X24Y15.C5      net (fanout=18)       0.524   u/campaign/kernel/core/evaluator_i/c0_wins
    SLICE_X24Y15.CLK     Tas                   0.349   u/campaign/kernel/core/b4_selected_score<12>
                                                       u/campaign/kernel/core/evaluator_i/Mmux_score1[17]_GND_15_o_mux_131_OUT61
                                                       u/campaign/kernel/core/evaluator_i/selected_score_14
    -------------------------------------------------  ---------------------------
    Total                                      9.565ns (3.261ns logic, 6.304ns route)
                                                       (34.1% logic, 65.9% route)

--------------------------------------------------------------------------------
Slack:                  0.401ns (requirement - (data path - clock path skew + uncertainty))
  Source:               u/campaign/kernel/core/evaluator_i/n02_4 (FF)
  Destination:          u/campaign/kernel/core/evaluator_i/selected_score_14 (FF)
  Requirement:          10.000ns
  Data Path Delay:      9.561ns (Levels of Logic = 8)
  Clock Path Skew:      -0.003ns (0.315 - 0.318)
  Source Clock:         clk_100mhz_BUFGP rising at 0.000ns
  Destination Clock:    clk_100mhz_BUFGP rising at 10.000ns
  Clock Uncertainty:    0.035ns

  Clock Uncertainty:          0.035ns  ((TSJ^2 + TIJ^2)^1/2 + DJ) / 2 + PE
    Total System Jitter (TSJ):  0.070ns
    Total Input Jitter (TIJ):   0.000ns
    Discrete Jitter (DJ):       0.000ns
    Phase Error (PE):           0.000ns

  Maximum Data Path at Slow Process Corner: u/campaign/kernel/core/evaluator_i/n02_4 to u/campaign/kernel/core/evaluator_i/selected_score_14
    Location             Delay type         Delay(ns)  Physical Resource
                                                       Logical Resource(s)
    -------------------------------------------------  -------------------
    SLICE_X23Y10.AQ      Tcko                  0.430   u/campaign/kernel/core/evaluator_i/n02<7>
                                                       u/campaign/kernel/core/evaluator_i/n02_4
    SLICE_X22Y10.A2      net (fanout=1)        1.171   u/campaign/kernel/core/evaluator_i/n02<4>
    SLICE_X22Y10.COUT    Topcya                0.482   u/campaign/kernel/core/evaluator_i/Mmux_p023_rs_cy<7>
                                                       u/campaign/kernel/core/evaluator_i/Mmux_p023_A121
                                                       u/campaign/kernel/core/evaluator_i/Mmux_p023_rs_cy<7>
    SLICE_X22Y11.CIN     net (fanout=1)        0.003   u/campaign/kernel/core/evaluator_i/Mmux_p023_rs_cy<7>
    SLICE_X22Y11.BMUX    Tcinb                 0.310   u/campaign/kernel/core/evaluator_i/Mmux_p023_rs_cy<11>
                                                       u/campaign/kernel/core/evaluator_i/Mmux_p023_rs_cy<11>
    SLICE_X24Y6.A3       net (fanout=3)        1.524   u/campaign/kernel/core/evaluator_i/Mmux_p023_split<9>
    SLICE_X24Y6.COUT     Topcya                0.472   u/campaign/kernel/core/evaluator_i/Mcompar_p02[17]_p01[17]_LessThan_30_o_cy<7>
                                                       u/campaign/kernel/core/evaluator_i/Mcompar_p02[17]_p01[17]_LessThan_30_o_lut<4>
                                                       u/campaign/kernel/core/evaluator_i/Mcompar_p02[17]_p01[17]_LessThan_30_o_cy<7>
    SLICE_X24Y7.CIN      net (fanout=1)        0.003   u/campaign/kernel/core/evaluator_i/Mcompar_p02[17]_p01[17]_LessThan_30_o_cy<7>
    SLICE_X24Y7.AMUX     Tcina                 0.240   u/campaign/kernel/core/evaluator_i/n12<4>
                                                       u/campaign/kernel/core/evaluator_i/Mcompar_p02[17]_p01[17]_LessThan_30_o_cy<8>
    SLICE_X23Y12.A2      net (fanout=19)       1.308   u/campaign/kernel/core/evaluator_i/p02[17]_p01[17]_LessThan_30_o
    SLICE_X23Y12.A       Tilo                  0.259   u/campaign/kernel/core/evaluator_i/quotient<11>
                                                       u/campaign/kernel/core/evaluator_i/Mmux_score091
    SLICE_X20Y15.A2      net (fanout=2)        1.310   u/campaign/kernel/core/evaluator_i/score0<17>
    SLICE_X20Y15.AMUX    Topaa                 0.456   u/campaign/kernel/core/evaluator_i/Mcompar_score0[17]_score1[17]_LessThan_38_o_cy<8>
                                                       u/campaign/kernel/core/evaluator_i/Mcompar_score0[17]_score1[17]_LessThan_38_o_lut<8>
                                                       u/campaign/kernel/core/evaluator_i/Mcompar_score0[17]_score1[17]_LessThan_38_o_cy<8>
    SLICE_X23Y16.C5      net (fanout=1)        0.461   u/campaign/kernel/core/evaluator_i/Mcompar_score0[17]_score1[17]_LessThan_38_o_cy<8>
    SLICE_X23Y16.C       Tilo                  0.259   u/campaign/kernel/core/b4_selected_slot<0>
                                                       u/campaign/kernel/core/evaluator_i/c0_wins
    SLICE_X24Y15.C5      net (fanout=18)       0.524   u/campaign/kernel/core/evaluator_i/c0_wins
    SLICE_X24Y15.CLK     Tas                   0.349   u/campaign/kernel/core/b4_selected_score<12>
                                                       u/campaign/kernel/core/evaluator_i/Mmux_score1[17]_GND_15_o_mux_131_OUT61
                                                       u/campaign/kernel/core/evaluator_i/selected_score_14
    -------------------------------------------------  ---------------------------
    Total                                      9.561ns (3.257ns logic, 6.304ns route)
                                                       (34.1% logic, 65.9% route)

--------------------------------------------------------------------------------
Slack:                  0.409ns (requirement - (data path - clock path skew + uncertainty))
  Source:               u/campaign/kernel/core/evaluator_i/n02_4 (FF)
  Destination:          u/campaign/kernel/core/evaluator_i/selected_score_14 (FF)
  Requirement:          10.000ns
  Data Path Delay:      9.553ns (Levels of Logic = 8)
  Clock Path Skew:      -0.003ns (0.315 - 0.318)
  Source Clock:         clk_100mhz_BUFGP rising at 0.000ns
  Destination Clock:    clk_100mhz_BUFGP rising at 10.000ns
  Clock Uncertainty:    0.035ns

  Clock Uncertainty:          0.035ns  ((TSJ^2 + TIJ^2)^1/2 + DJ) / 2 + PE
    Total System Jitter (TSJ):  0.070ns
    Total Input Jitter (TIJ):   0.000ns
    Discrete Jitter (DJ):       0.000ns
    Phase Error (PE):           0.000ns

  Maximum Data Path at Slow Process Corner: u/campaign/kernel/core/evaluator_i/n02_4 to u/campaign/kernel/core/evaluator_i/selected_score_14
    Location             Delay type         Delay(ns)  Physical Resource
                                                       Logical Resource(s)
    -------------------------------------------------  -------------------
    SLICE_X23Y10.AQ      Tcko                  0.430   u/campaign/kernel/core/evaluator_i/n02<7>
                                                       u/campaign/kernel/core/evaluator_i/n02_4
    SLICE_X22Y10.A2      net (fanout=1)        1.171   u/campaign/kernel/core/evaluator_i/n02<4>
    SLICE_X22Y10.COUT    Topcya                0.474   u/campaign/kernel/core/evaluator_i/Mmux_p023_rs_cy<7>
                                                       u/campaign/kernel/core/evaluator_i/Mmux_p023_A1211
                                                       u/campaign/kernel/core/evaluator_i/Mmux_p023_rs_cy<7>
    SLICE_X22Y11.CIN     net (fanout=1)        0.003   u/campaign/kernel/core/evaluator_i/Mmux_p023_rs_cy<7>
    SLICE_X22Y11.BMUX    Tcinb                 0.310   u/campaign/kernel/core/evaluator_i/Mmux_p023_rs_cy<11>
                                                       u/campaign/kernel/core/evaluator_i/Mmux_p023_rs_cy<11>
    SLICE_X24Y6.A3       net (fanout=3)        1.524   u/campaign/kernel/core/evaluator_i/Mmux_p023_split<9>
    SLICE_X24Y6.COUT     Topcya                0.472   u/campaign/kernel/core/evaluator_i/Mcompar_p02[17]_p01[17]_LessThan_30_o_cy<7>
                                                       u/campaign/kernel/core/evaluator_i/Mcompar_p02[17]_p01[17]_LessThan_30_o_lut<4>
                                                       u/campaign/kernel/core/evaluator_i/Mcompar_p02[17]_p01[17]_LessThan_30_o_cy<7>
    SLICE_X24Y7.CIN      net (fanout=1)        0.003   u/campaign/kernel/core/evaluator_i/Mcompar_p02[17]_p01[17]_LessThan_30_o_cy<7>
    SLICE_X24Y7.AMUX     Tcina                 0.240   u/campaign/kernel/core/evaluator_i/n12<4>
                                                       u/campaign/kernel/core/evaluator_i/Mcompar_p02[17]_p01[17]_LessThan_30_o_cy<8>
    SLICE_X23Y12.A2      net (fanout=19)       1.308   u/campaign/kernel/core/evaluator_i/p02[17]_p01[17]_LessThan_30_o
    SLICE_X23Y12.A       Tilo                  0.259   u/campaign/kernel/core/evaluator_i/quotient<11>
                                                       u/campaign/kernel/core/evaluator_i/Mmux_score091
    SLICE_X20Y15.A2      net (fanout=2)        1.310   u/campaign/kernel/core/evaluator_i/score0<17>
    SLICE_X20Y15.AMUX    Topaa                 0.456   u/campaign/kernel/core/evaluator_i/Mcompar_score0[17]_score1[17]_LessThan_38_o_cy<8>
                                                       u/campaign/kernel/core/evaluator_i/Mcompar_score0[17]_score1[17]_LessThan_38_o_lut<8>
                                                       u/campaign/kernel/core/evaluator_i/Mcompar_score0[17]_score1[17]_LessThan_38_o_cy<8>
    SLICE_X23Y16.C5      net (fanout=1)        0.461   u/campaign/kernel/core/evaluator_i/Mcompar_score0[17]_score1[17]_LessThan_38_o_cy<8>
    SLICE_X23Y16.C       Tilo                  0.259   u/campaign/kernel/core/b4_selected_slot<0>
                                                       u/campaign/kernel/core/evaluator_i/c0_wins
    SLICE_X24Y15.C5      net (fanout=18)       0.524   u/campaign/kernel/core/evaluator_i/c0_wins
    SLICE_X24Y15.CLK     Tas                   0.349   u/campaign/kernel/core/b4_selected_score<12>
                                                       u/campaign/kernel/core/evaluator_i/Mmux_score1[17]_GND_15_o_mux_131_OUT61
                                                       u/campaign/kernel/core/evaluator_i/selected_score_14
    -------------------------------------------------  ---------------------------
    Total                                      9.553ns (3.249ns logic, 6.304ns route)
                                                       (34.0% logic, 66.0% route)

--------------------------------------------------------------------------------
Slack:                  0.412ns (requirement - (data path - clock path skew + uncertainty))
  Source:               u/campaign/kernel/core/evaluator_i/n02_4 (FF)
  Destination:          u/campaign/kernel/core/evaluator_i/selected_score_14 (FF)
  Requirement:          10.000ns
  Data Path Delay:      9.550ns (Levels of Logic = 8)
  Clock Path Skew:      -0.003ns (0.315 - 0.318)
  Source Clock:         clk_100mhz_BUFGP rising at 0.000ns
  Destination Clock:    clk_100mhz_BUFGP rising at 10.000ns
  Clock Uncertainty:    0.035ns

  Clock Uncertainty:          0.035ns  ((TSJ^2 + TIJ^2)^1/2 + DJ) / 2 + PE
    Total System Jitter (TSJ):  0.070ns
    Total Input Jitter (TIJ):   0.000ns
    Discrete Jitter (DJ):       0.000ns
    Phase Error (PE):           0.000ns

  Maximum Data Path at Slow Process Corner: u/campaign/kernel/core/evaluator_i/n02_4 to u/campaign/kernel/core/evaluator_i/selected_score_14
    Location             Delay type         Delay(ns)  Physical Resource
                                                       Logical Resource(s)
    -------------------------------------------------  -------------------
    SLICE_X23Y10.AQ      Tcko                  0.430   u/campaign/kernel/core/evaluator_i/n02<7>
                                                       u/campaign/kernel/core/evaluator_i/n02_4
    SLICE_X22Y10.A2      net (fanout=1)        1.171   u/campaign/kernel/core/evaluator_i/n02<4>
    SLICE_X22Y10.COUT    Topcya                0.482   u/campaign/kernel/core/evaluator_i/Mmux_p023_rs_cy<7>
                                                       u/campaign/kernel/core/evaluator_i/Mmux_p023_A121
                                                       u/campaign/kernel/core/evaluator_i/Mmux_p023_rs_cy<7>
    SLICE_X22Y11.CIN     net (fanout=1)        0.003   u/campaign/kernel/core/evaluator_i/Mmux_p023_rs_cy<7>
    SLICE_X22Y11.BMUX    Tcinb                 0.310   u/campaign/kernel/core/evaluator_i/Mmux_p023_rs_cy<11>
                                                       u/campaign/kernel/core/evaluator_i/Mmux_p023_rs_cy<11>
    SLICE_X24Y6.A3       net (fanout=3)        1.524   u/campaign/kernel/core/evaluator_i/Mmux_p023_split<9>
    SLICE_X24Y6.COUT     Topcya                0.472   u/campaign/kernel/core/evaluator_i/Mcompar_p02[17]_p01[17]_LessThan_30_o_cy<7>
                                                       u/campaign/kernel/core/evaluator_i/Mcompar_p02[17]_p01[17]_LessThan_30_o_lut<4>
                                                       u/campaign/kernel/core/evaluator_i/Mcompar_p02[17]_p01[17]_LessThan_30_o_cy<7>
    SLICE_X24Y7.CIN      net (fanout=1)        0.003   u/campaign/kernel/core/evaluator_i/Mcompar_p02[17]_p01[17]_LessThan_30_o_cy<7>
    SLICE_X24Y7.AMUX     Tcina                 0.240   u/campaign/kernel/core/evaluator_i/n12<4>
                                                       u/campaign/kernel/core/evaluator_i/Mcompar_p02[17]_p01[17]_LessThan_30_o_cy<8>
    SLICE_X23Y12.A2      net (fanout=19)       1.308   u/campaign/kernel/core/evaluator_i/p02[17]_p01[17]_LessThan_30_o
    SLICE_X23Y12.A       Tilo                  0.259   u/campaign/kernel/core/evaluator_i/quotient<11>
                                                       u/campaign/kernel/core/evaluator_i/Mmux_score091
    SLICE_X20Y15.A2      net (fanout=2)        1.310   u/campaign/kernel/core/evaluator_i/score0<17>
    SLICE_X20Y15.AMUX    Topaa                 0.445   u/campaign/kernel/core/evaluator_i/Mcompar_score0[17]_score1[17]_LessThan_38_o_cy<8>
                                                       u/campaign/kernel/core/evaluator_i/Mcompar_score0[17]_score1[17]_LessThan_38_o_lutdi8
                                                       u/campaign/kernel/core/evaluator_i/Mcompar_score0[17]_score1[17]_LessThan_38_o_cy<8>
    SLICE_X23Y16.C5      net (fanout=1)        0.461   u/campaign/kernel/core/evaluator_i/Mcompar_score0[17]_score1[17]_LessThan_38_o_cy<8>
    SLICE_X23Y16.C       Tilo                  0.259   u/campaign/kernel/core/b4_selected_slot<0>
                                                       u/campaign/kernel/core/evaluator_i/c0_wins
    SLICE_X24Y15.C5      net (fanout=18)       0.524   u/campaign/kernel/core/evaluator_i/c0_wins
    SLICE_X24Y15.CLK     Tas                   0.349   u/campaign/kernel/core/b4_selected_score<12>
                                                       u/campaign/kernel/core/evaluator_i/Mmux_score1[17]_GND_15_o_mux_131_OUT61
                                                       u/campaign/kernel/core/evaluator_i/selected_score_14
    -------------------------------------------------  ---------------------------
    Total                                      9.550ns (3.246ns logic, 6.304ns route)
                                                       (34.0% logic, 66.0% route)

--------------------------------------------------------------------------------
Slack:                  0.420ns (requirement - (data path - clock path skew + uncertainty))
  Source:               u/campaign/kernel/core/evaluator_i/n02_4 (FF)
  Destination:          u/campaign/kernel/core/evaluator_i/selected_score_14 (FF)
  Requirement:          10.000ns
  Data Path Delay:      9.542ns (Levels of Logic = 8)
  Clock Path Skew:      -0.003ns (0.315 - 0.318)
  Source Clock:         clk_100mhz_BUFGP rising at 0.000ns
  Destination Clock:    clk_100mhz_BUFGP rising at 10.000ns
  Clock Uncertainty:    0.035ns

  Clock Uncertainty:          0.035ns  ((TSJ^2 + TIJ^2)^1/2 + DJ) / 2 + PE
    Total System Jitter (TSJ):  0.070ns
    Total Input Jitter (TIJ):   0.000ns
    Discrete Jitter (DJ):       0.000ns
    Phase Error (PE):           0.000ns

  Maximum Data Path at Slow Process Corner: u/campaign/kernel/core/evaluator_i/n02_4 to u/campaign/kernel/core/evaluator_i/selected_score_14
    Location             Delay type         Delay(ns)  Physical Resource
                                                       Logical Resource(s)
    -------------------------------------------------  -------------------
    SLICE_X23Y10.AQ      Tcko                  0.430   u/campaign/kernel/core/evaluator_i/n02<7>
                                                       u/campaign/kernel/core/evaluator_i/n02_4
    SLICE_X22Y10.A2      net (fanout=1)        1.171   u/campaign/kernel/core/evaluator_i/n02<4>
    SLICE_X22Y10.COUT    Topcya                0.474   u/campaign/kernel/core/evaluator_i/Mmux_p023_rs_cy<7>
                                                       u/campaign/kernel/core/evaluator_i/Mmux_p023_A1211
                                                       u/campaign/kernel/core/evaluator_i/Mmux_p023_rs_cy<7>
    SLICE_X22Y11.CIN     net (fanout=1)        0.003   u/campaign/kernel/core/evaluator_i/Mmux_p023_rs_cy<7>
    SLICE_X22Y11.BMUX    Tcinb                 0.310   u/campaign/kernel/core/evaluator_i/Mmux_p023_rs_cy<11>
                                                       u/campaign/kernel/core/evaluator_i/Mmux_p023_rs_cy<11>
    SLICE_X24Y6.A3       net (fanout=3)        1.524   u/campaign/kernel/core/evaluator_i/Mmux_p023_split<9>
    SLICE_X24Y6.COUT     Topcya                0.472   u/campaign/kernel/core/evaluator_i/Mcompar_p02[17]_p01[17]_LessThan_30_o_cy<7>
                                                       u/campaign/kernel/core/evaluator_i/Mcompar_p02[17]_p01[17]_LessThan_30_o_lut<4>
                                                       u/campaign/kernel/core/evaluator_i/Mcompar_p02[17]_p01[17]_LessThan_30_o_cy<7>
    SLICE_X24Y7.CIN      net (fanout=1)        0.003   u/campaign/kernel/core/evaluator_i/Mcompar_p02[17]_p01[17]_LessThan_30_o_cy<7>
    SLICE_X24Y7.AMUX     Tcina                 0.240   u/campaign/kernel/core/evaluator_i/n12<4>
                                                       u/campaign/kernel/core/evaluator_i/Mcompar_p02[17]_p01[17]_LessThan_30_o_cy<8>
    SLICE_X23Y12.A2      net (fanout=19)       1.308   u/campaign/kernel/core/evaluator_i/p02[17]_p01[17]_LessThan_30_o
    SLICE_X23Y12.A       Tilo                  0.259   u/campaign/kernel/core/evaluator_i/quotient<11>
                                                       u/campaign/kernel/core/evaluator_i/Mmux_score091
    SLICE_X20Y15.A2      net (fanout=2)        1.310   u/campaign/kernel/core/evaluator_i/score0<17>
    SLICE_X20Y15.AMUX    Topaa                 0.445   u/campaign/kernel/core/evaluator_i/Mcompar_score0[17]_score1[17]_LessThan_38_o_cy<8>
                                                       u/campaign/kernel/core/evaluator_i/Mcompar_score0[17]_score1[17]_LessThan_38_o_lutdi8
                                                       u/campaign/kernel/core/evaluator_i/Mcompar_score0[17]_score1[17]_LessThan_38_o_cy<8>
    SLICE_X23Y16.C5      net (fanout=1)        0.461   u/campaign/kernel/core/evaluator_i/Mcompar_score0[17]_score1[17]_LessThan_38_o_cy<8>
    SLICE_X23Y16.C       Tilo                  0.259   u/campaign/kernel/core/b4_selected_slot<0>
                                                       u/campaign/kernel/core/evaluator_i/c0_wins
    SLICE_X24Y15.C5      net (fanout=18)       0.524   u/campaign/kernel/core/evaluator_i/c0_wins
    SLICE_X24Y15.CLK     Tas                   0.349   u/campaign/kernel/core/b4_selected_score<12>
                                                       u/campaign/kernel/core/evaluator_i/Mmux_score1[17]_GND_15_o_mux_131_OUT61
                                                       u/campaign/kernel/core/evaluator_i/selected_score_14
    -------------------------------------------------  ---------------------------
    Total                                      9.542ns (3.238ns logic, 6.304ns route)
                                                       (33.9% logic, 66.1% route)

--------------------------------------------------------------------------------
Slack:                  0.443ns (requirement - (data path - clock path skew + uncertainty))
  Source:               u/campaign/kernel/core/evaluator_i/lam1_1_2 (FF)
  Destination:          u/campaign/kernel/core/evaluator_i/selected_score_14 (FF)
  Requirement:          10.000ns
  Data Path Delay:      9.511ns (Levels of Logic = 9)
  Clock Path Skew:      -0.011ns (0.315 - 0.326)
  Source Clock:         clk_100mhz_BUFGP rising at 0.000ns
  Destination Clock:    clk_100mhz_BUFGP rising at 10.000ns
  Clock Uncertainty:    0.035ns

  Clock Uncertainty:          0.035ns  ((TSJ^2 + TIJ^2)^1/2 + DJ) / 2 + PE
    Total System Jitter (TSJ):  0.070ns
    Total Input Jitter (TIJ):   0.000ns
    Discrete Jitter (DJ):       0.000ns
    Phase Error (PE):           0.000ns

  Maximum Data Path at Slow Process Corner: u/campaign/kernel/core/evaluator_i/lam1_1_2 to u/campaign/kernel/core/evaluator_i/selected_score_14
    Location             Delay type         Delay(ns)  Physical Resource
                                                       Logical Resource(s)
    -------------------------------------------------  -------------------
    SLICE_X27Y9.BQ       Tcko                  0.430   u/campaign/kernel/core/evaluator_i/lam1_1_3
                                                       u/campaign/kernel/core/evaluator_i/lam1_1_2
    SLICE_X26Y9.B5       net (fanout=12)       1.110   u/campaign/kernel/core/evaluator_i/lam1_1_2
    SLICE_X26Y9.COUT     Topcyb                0.483   u/campaign/kernel/core/evaluator_i/Mmux_p013_rs_cy<8>
                                                       u/campaign/kernel/core/evaluator_i/Mmux_p013_A1411
                                                       u/campaign/kernel/core/evaluator_i/Mmux_p013_rs_cy<8>
    SLICE_X26Y10.CIN     net (fanout=1)        0.003   u/campaign/kernel/core/evaluator_i/Mmux_p013_rs_cy<8>
    SLICE_X26Y10.CMUX    Tcinc                 0.279   u/campaign/kernel/core/evaluator_i/Mmux_p013_rs_cy<12>
                                                       u/campaign/kernel/core/evaluator_i/Mmux_p013_rs_cy<12>
    SLICE_X22Y7.B2       net (fanout=3)        1.409   u/campaign/kernel/core/evaluator_i/Mmux_p013_split<11>
    SLICE_X22Y7.COUT     Topcyb                0.483   u/campaign/kernel/core/evaluator_i/Mcompar_p01[17]_p00[17]_LessThan_28_o_cy<7>
                                                       u/campaign/kernel/core/evaluator_i/Mcompar_p01[17]_p00[17]_LessThan_28_o_lut<5>
                                                       u/campaign/kernel/core/evaluator_i/Mcompar_p01[17]_p00[17]_LessThan_28_o_cy<7>
    SLICE_X22Y8.CIN      net (fanout=1)        0.082   u/campaign/kernel/core/evaluator_i/Mcompar_p01[17]_p00[17]_LessThan_28_o_cy<7>
    SLICE_X22Y8.AMUX     Tcina                 0.230   u/campaign/kernel/core/evaluator_i/p01[17]_p00[17]_LessThan_28_o
                                                       u/campaign/kernel/core/evaluator_i/Mcompar_p01[17]_p00[17]_LessThan_28_o_cy<8>
    SLICE_X23Y14.B2      net (fanout=19)       1.806   u/campaign/kernel/core/evaluator_i/p01[17]_p00[17]_LessThan_28_o
    SLICE_X23Y14.B       Tilo                  0.259   u/campaign/kernel/core/evaluator_i/score1<14>
                                                       u/campaign/kernel/core/evaluator_i/Mmux_score051
    SLICE_X20Y14.C1      net (fanout=3)        0.753   u/campaign/kernel/core/evaluator_i/score0<13>
    SLICE_X20Y14.COUT    Topcyc                0.348   u/campaign/kernel/core/evaluator_i/Mcompar_score0[17]_score1[17]_LessThan_38_o_cy<7>
                                                       u/campaign/kernel/core/evaluator_i/Mcompar_score0[17]_score1[17]_LessThan_38_o_lutdi6
                                                       u/campaign/kernel/core/evaluator_i/Mcompar_score0[17]_score1[17]_LessThan_38_o_cy<7>
    SLICE_X20Y15.CIN     net (fanout=1)        0.003   u/campaign/kernel/core/evaluator_i/Mcompar_score0[17]_score1[17]_LessThan_38_o_cy<7>
    SLICE_X20Y15.AMUX    Tcina                 0.240   u/campaign/kernel/core/evaluator_i/Mcompar_score0[17]_score1[17]_LessThan_38_o_cy<8>
                                                       u/campaign/kernel/core/evaluator_i/Mcompar_score0[17]_score1[17]_LessThan_38_o_cy<8>
    SLICE_X23Y16.C5      net (fanout=1)        0.461   u/campaign/kernel/core/evaluator_i/Mcompar_score0[17]_score1[17]_LessThan_38_o_cy<8>
    SLICE_X23Y16.C       Tilo                  0.259   u/campaign/kernel/core/b4_selected_slot<0>
                                                       u/campaign/kernel/core/evaluator_i/c0_wins
    SLICE_X24Y15.C5      net (fanout=18)       0.524   u/campaign/kernel/core/evaluator_i/c0_wins
    SLICE_X24Y15.CLK     Tas                   0.349   u/campaign/kernel/core/b4_selected_score<12>
                                                       u/campaign/kernel/core/evaluator_i/Mmux_score1[17]_GND_15_o_mux_131_OUT61
                                                       u/campaign/kernel/core/evaluator_i/selected_score_14
    -------------------------------------------------  ---------------------------
    Total                                      9.511ns (3.360ns logic, 6.151ns route)
                                                       (35.3% logic, 64.7% route)

--------------------------------------------------------------------------------
Slack:                  0.463ns (requirement - (data path - clock path skew + uncertainty))
  Source:               u/campaign/kernel/core/evaluator_i/lam1_1_2 (FF)
  Destination:          u/campaign/kernel/core/evaluator_i/selected_score_14 (FF)
  Requirement:          10.000ns
  Data Path Delay:      9.491ns (Levels of Logic = 9)
  Clock Path Skew:      -0.011ns (0.315 - 0.326)
  Source Clock:         clk_100mhz_BUFGP rising at 0.000ns
  Destination Clock:    clk_100mhz_BUFGP rising at 10.000ns
  Clock Uncertainty:    0.035ns

  Clock Uncertainty:          0.035ns  ((TSJ^2 + TIJ^2)^1/2 + DJ) / 2 + PE
    Total System Jitter (TSJ):  0.070ns
    Total Input Jitter (TIJ):   0.000ns
    Discrete Jitter (DJ):       0.000ns
    Phase Error (PE):           0.000ns

  Maximum Data Path at Slow Process Corner: u/campaign/kernel/core/evaluator_i/lam1_1_2 to u/campaign/kernel/core/evaluator_i/selected_score_14
    Location             Delay type         Delay(ns)  Physical Resource
                                                       Logical Resource(s)
    -------------------------------------------------  -------------------
    SLICE_X27Y9.BQ       Tcko                  0.430   u/campaign/kernel/core/evaluator_i/lam1_1_3
                                                       u/campaign/kernel/core/evaluator_i/lam1_1_2
    SLICE_X26Y9.B5       net (fanout=12)       1.110   u/campaign/kernel/core/evaluator_i/lam1_1_2
    SLICE_X26Y9.COUT     Topcyb                0.483   u/campaign/kernel/core/evaluator_i/Mmux_p013_rs_cy<8>
                                                       u/campaign/kernel/core/evaluator_i/Mmux_p013_A1411
                                                       u/campaign/kernel/core/evaluator_i/Mmux_p013_rs_cy<8>
    SLICE_X26Y10.CIN     net (fanout=1)        0.003   u/campaign/kernel/core/evaluator_i/Mmux_p013_rs_cy<8>
    SLICE_X26Y10.COUT    Tbyp                  0.093   u/campaign/kernel/core/evaluator_i/Mmux_p013_rs_cy<12>
                                                       u/campaign/kernel/core/evaluator_i/Mmux_p013_rs_cy<12>
    SLICE_X26Y11.CIN     net (fanout=1)        0.003   u/campaign/kernel/core/evaluator_i/Mmux_p013_rs_cy<12>
    SLICE_X26Y11.BMUX    Tcinb                 0.310   u/campaign/kernel/core/evaluator_i/Mmux_p013_split<16>
                                                       u/campaign/kernel/core/evaluator_i/Mmux_p013_rs_cy<16>
    SLICE_X24Y6.D3       net (fanout=3)        1.555   u/campaign/kernel/core/evaluator_i/Mmux_p013_split<14>
    SLICE_X24Y6.COUT     Topcyd                0.335   u/campaign/kernel/core/evaluator_i/Mcompar_p02[17]_p01[17]_LessThan_30_o_cy<7>
                                                       u/campaign/kernel/core/evaluator_i/Mcompar_p02[17]_p01[17]_LessThan_30_o_lutdi7
                                                       u/campaign/kernel/core/evaluator_i/Mcompar_p02[17]_p01[17]_LessThan_30_o_cy<7>
    SLICE_X24Y7.CIN      net (fanout=1)        0.003   u/campaign/kernel/core/evaluator_i/Mcompar_p02[17]_p01[17]_LessThan_30_o_cy<7>
    SLICE_X24Y7.AMUX     Tcina                 0.240   u/campaign/kernel/core/evaluator_i/n12<4>
                                                       u/campaign/kernel/core/evaluator_i/Mcompar_p02[17]_p01[17]_LessThan_30_o_cy<8>
    SLICE_X23Y12.A2      net (fanout=19)       1.308   u/campaign/kernel/core/evaluator_i/p02[17]_p01[17]_LessThan_30_o
    SLICE_X23Y12.A       Tilo                  0.259   u/campaign/kernel/core/evaluator_i/quotient<11>
                                                       u/campaign/kernel/core/evaluator_i/Mmux_score091
    SLICE_X20Y15.A2      net (fanout=2)        1.310   u/campaign/kernel/core/evaluator_i/score0<17>
    SLICE_X20Y15.AMUX    Topaa                 0.456   u/campaign/kernel/core/evaluator_i/Mcompar_score0[17]_score1[17]_LessThan_38_o_cy<8>
                                                       u/campaign/kernel/core/evaluator_i/Mcompar_score0[17]_score1[17]_LessThan_38_o_lut<8>
                                                       u/campaign/kernel/core/evaluator_i/Mcompar_score0[17]_score1[17]_LessThan_38_o_cy<8>
    SLICE_X23Y16.C5      net (fanout=1)        0.461   u/campaign/kernel/core/evaluator_i/Mcompar_score0[17]_score1[17]_LessThan_38_o_cy<8>
    SLICE_X23Y16.C       Tilo                  0.259   u/campaign/kernel/core/b4_selected_slot<0>
                                                       u/campaign/kernel/core/evaluator_i/c0_wins
    SLICE_X24Y15.C5      net (fanout=18)       0.524   u/campaign/kernel/core/evaluator_i/c0_wins
    SLICE_X24Y15.CLK     Tas                   0.349   u/campaign/kernel/core/b4_selected_score<12>
                                                       u/campaign/kernel/core/evaluator_i/Mmux_score1[17]_GND_15_o_mux_131_OUT61
                                                       u/campaign/kernel/core/evaluator_i/selected_score_14
    -------------------------------------------------  ---------------------------
    Total                                      9.491ns (3.214ns logic, 6.277ns route)
                                                       (33.9% logic, 66.1% route)

--------------------------------------------------------------------------------

Paths for end point u/campaign/kernel/core/evaluator_i/selected_score_5 (SLICE_X23Y15.C5), 754782 paths
--------------------------------------------------------------------------------
Slack:                  0.423ns (requirement - (data path - clock path skew + uncertainty))
  Source:               u/campaign/kernel/core/evaluator_i/n02_4 (FF)
  Destination:          u/campaign/kernel/core/evaluator_i/selected_score_5 (FF)
  Requirement:          10.000ns
  Data Path Delay:      9.539ns (Levels of Logic = 8)
  Clock Path Skew:      -0.003ns (0.196 - 0.199)
  Source Clock:         clk_100mhz_BUFGP rising at 0.000ns
  Destination Clock:    clk_100mhz_BUFGP rising at 10.000ns
  Clock Uncertainty:    0.035ns

  Clock Uncertainty:          0.035ns  ((TSJ^2 + TIJ^2)^1/2 + DJ) / 2 + PE
    Total System Jitter (TSJ):  0.070ns
    Total Input Jitter (TIJ):   0.000ns
    Discrete Jitter (DJ):       0.000ns
    Phase Error (PE):           0.000ns

  Maximum Data Path at Slow Process Corner: u/campaign/kernel/core/evaluator_i/n02_4 to u/campaign/kernel/core/evaluator_i/selected_score_5
    Location             Delay type         Delay(ns)  Physical Resource
                                                       Logical Resource(s)
    -------------------------------------------------  -------------------
    SLICE_X23Y10.AQ      Tcko                  0.430   u/campaign/kernel/core/evaluator_i/n02<7>
                                                       u/campaign/kernel/core/evaluator_i/n02_4
    SLICE_X22Y10.A2      net (fanout=1)        1.171   u/campaign/kernel/core/evaluator_i/n02<4>
    SLICE_X22Y10.COUT    Topcya                0.482   u/campaign/kernel/core/evaluator_i/Mmux_p023_rs_cy<7>
                                                       u/campaign/kernel/core/evaluator_i/Mmux_p023_A121
                                                       u/campaign/kernel/core/evaluator_i/Mmux_p023_rs_cy<7>
    SLICE_X22Y11.CIN     net (fanout=1)        0.003   u/campaign/kernel/core/evaluator_i/Mmux_p023_rs_cy<7>
    SLICE_X22Y11.BMUX    Tcinb                 0.310   u/campaign/kernel/core/evaluator_i/Mmux_p023_rs_cy<11>
                                                       u/campaign/kernel/core/evaluator_i/Mmux_p023_rs_cy<11>
    SLICE_X24Y6.A3       net (fanout=3)        1.524   u/campaign/kernel/core/evaluator_i/Mmux_p023_split<9>
    SLICE_X24Y6.COUT     Topcya                0.495   u/campaign/kernel/core/evaluator_i/Mcompar_p02[17]_p01[17]_LessThan_30_o_cy<7>
                                                       u/campaign/kernel/core/evaluator_i/Mcompar_p02[17]_p01[17]_LessThan_30_o_lutdi4
                                                       u/campaign/kernel/core/evaluator_i/Mcompar_p02[17]_p01[17]_LessThan_30_o_cy<7>
    SLICE_X24Y7.CIN      net (fanout=1)        0.003   u/campaign/kernel/core/evaluator_i/Mcompar_p02[17]_p01[17]_LessThan_30_o_cy<7>
    SLICE_X24Y7.AMUX     Tcina                 0.240   u/campaign/kernel/core/evaluator_i/n12<4>
                                                       u/campaign/kernel/core/evaluator_i/Mcompar_p02[17]_p01[17]_LessThan_30_o_cy<8>
    SLICE_X23Y12.A2      net (fanout=19)       1.308   u/campaign/kernel/core/evaluator_i/p02[17]_p01[17]_LessThan_30_o
    SLICE_X23Y12.A       Tilo                  0.259   u/campaign/kernel/core/evaluator_i/quotient<11>
                                                       u/campaign/kernel/core/evaluator_i/Mmux_score091
    SLICE_X20Y15.A2      net (fanout=2)        1.310   u/campaign/kernel/core/evaluator_i/score0<17>
    SLICE_X20Y15.AMUX    Topaa                 0.456   u/campaign/kernel/core/evaluator_i/Mcompar_score0[17]_score1[17]_LessThan_38_o_cy<8>
                                                       u/campaign/kernel/core/evaluator_i/Mcompar_score0[17]_score1[17]_LessThan_38_o_lut<8>
                                                       u/campaign/kernel/core/evaluator_i/Mcompar_score0[17]_score1[17]_LessThan_38_o_cy<8>
    SLICE_X23Y16.C5      net (fanout=1)        0.461   u/campaign/kernel/core/evaluator_i/Mcompar_score0[17]_score1[17]_LessThan_38_o_cy<8>
    SLICE_X23Y16.C       Tilo                  0.259   u/campaign/kernel/core/b4_selected_slot<0>
                                                       u/campaign/kernel/core/evaluator_i/c0_wins
    SLICE_X23Y15.C5      net (fanout=18)       0.455   u/campaign/kernel/core/evaluator_i/c0_wins
    SLICE_X23Y15.CLK     Tas                   0.373   u/campaign/kernel/core/b4_selected_score<6>
                                                       u/campaign/kernel/core/evaluator_i/Mmux_score1[17]_GND_15_o_mux_131_OUT141
                                                       u/campaign/kernel/core/evaluator_i/selected_score_5
    -------------------------------------------------  ---------------------------
    Total                                      9.539ns (3.304ns logic, 6.235ns route)
                                                       (34.6% logic, 65.4% route)

--------------------------------------------------------------------------------
Slack:                  0.431ns (requirement - (data path - clock path skew + uncertainty))
  Source:               u/campaign/kernel/core/evaluator_i/n02_4 (FF)
  Destination:          u/campaign/kernel/core/evaluator_i/selected_score_5 (FF)
  Requirement:          10.000ns
  Data Path Delay:      9.531ns (Levels of Logic = 8)
  Clock Path Skew:      -0.003ns (0.196 - 0.199)
  Source Clock:         clk_100mhz_BUFGP rising at 0.000ns
  Destination Clock:    clk_100mhz_BUFGP rising at 10.000ns
  Clock Uncertainty:    0.035ns

  Clock Uncertainty:          0.035ns  ((TSJ^2 + TIJ^2)^1/2 + DJ) / 2 + PE
    Total System Jitter (TSJ):  0.070ns
    Total Input Jitter (TIJ):   0.000ns
    Discrete Jitter (DJ):       0.000ns
    Phase Error (PE):           0.000ns

  Maximum Data Path at Slow Process Corner: u/campaign/kernel/core/evaluator_i/n02_4 to u/campaign/kernel/core/evaluator_i/selected_score_5
    Location             Delay type         Delay(ns)  Physical Resource
                                                       Logical Resource(s)
    -------------------------------------------------  -------------------
    SLICE_X23Y10.AQ      Tcko                  0.430   u/campaign/kernel/core/evaluator_i/n02<7>
                                                       u/campaign/kernel/core/evaluator_i/n02_4
    SLICE_X22Y10.A2      net (fanout=1)        1.171   u/campaign/kernel/core/evaluator_i/n02<4>
    SLICE_X22Y10.COUT    Topcya                0.474   u/campaign/kernel/core/evaluator_i/Mmux_p023_rs_cy<7>
                                                       u/campaign/kernel/core/evaluator_i/Mmux_p023_A1211
                                                       u/campaign/kernel/core/evaluator_i/Mmux_p023_rs_cy<7>
    SLICE_X22Y11.CIN     net (fanout=1)        0.003   u/campaign/kernel/core/evaluator_i/Mmux_p023_rs_cy<7>
    SLICE_X22Y11.BMUX    Tcinb                 0.310   u/campaign/kernel/core/evaluator_i/Mmux_p023_rs_cy<11>
                                                       u/campaign/kernel/core/evaluator_i/Mmux_p023_rs_cy<11>
    SLICE_X24Y6.A3       net (fanout=3)        1.524   u/campaign/kernel/core/evaluator_i/Mmux_p023_split<9>
    SLICE_X24Y6.COUT     Topcya                0.495   u/campaign/kernel/core/evaluator_i/Mcompar_p02[17]_p01[17]_LessThan_30_o_cy<7>
                                                       u/campaign/kernel/core/evaluator_i/Mcompar_p02[17]_p01[17]_LessThan_30_o_lutdi4
                                                       u/campaign/kernel/core/evaluator_i/Mcompar_p02[17]_p01[17]_LessThan_30_o_cy<7>
    SLICE_X24Y7.CIN      net (fanout=1)        0.003   u/campaign/kernel/core/evaluator_i/Mcompar_p02[17]_p01[17]_LessThan_30_o_cy<7>
    SLICE_X24Y7.AMUX     Tcina                 0.240   u/campaign/kernel/core/evaluator_i/n12<4>
                                                       u/campaign/kernel/core/evaluator_i/Mcompar_p02[17]_p01[17]_LessThan_30_o_cy<8>
    SLICE_X23Y12.A2      net (fanout=19)       1.308   u/campaign/kernel/core/evaluator_i/p02[17]_p01[17]_LessThan_30_o
    SLICE_X23Y12.A       Tilo                  0.259   u/campaign/kernel/core/evaluator_i/quotient<11>
                                                       u/campaign/kernel/core/evaluator_i/Mmux_score091
    SLICE_X20Y15.A2      net (fanout=2)        1.310   u/campaign/kernel/core/evaluator_i/score0<17>
    SLICE_X20Y15.AMUX    Topaa                 0.456   u/campaign/kernel/core/evaluator_i/Mcompar_score0[17]_score1[17]_LessThan_38_o_cy<8>
                                                       u/campaign/kernel/core/evaluator_i/Mcompar_score0[17]_score1[17]_LessThan_38_o_lut<8>
                                                       u/campaign/kernel/core/evaluator_i/Mcompar_score0[17]_score1[17]_LessThan_38_o_cy<8>
    SLICE_X23Y16.C5      net (fanout=1)        0.461   u/campaign/kernel/core/evaluator_i/Mcompar_score0[17]_score1[17]_LessThan_38_o_cy<8>
    SLICE_X23Y16.C       Tilo                  0.259   u/campaign/kernel/core/b4_selected_slot<0>
                                                       u/campaign/kernel/core/evaluator_i/c0_wins
    SLICE_X23Y15.C5      net (fanout=18)       0.455   u/campaign/kernel/core/evaluator_i/c0_wins
    SLICE_X23Y15.CLK     Tas                   0.373   u/campaign/kernel/core/b4_selected_score<6>
                                                       u/campaign/kernel/core/evaluator_i/Mmux_score1[17]_GND_15_o_mux_131_OUT141
                                                       u/campaign/kernel/core/evaluator_i/selected_score_5
    -------------------------------------------------  ---------------------------
    Total                                      9.531ns (3.296ns logic, 6.235ns route)
                                                       (34.6% logic, 65.4% route)

--------------------------------------------------------------------------------
Slack:                  0.434ns (requirement - (data path - clock path skew + uncertainty))
  Source:               u/campaign/kernel/core/evaluator_i/n02_4 (FF)
  Destination:          u/campaign/kernel/core/evaluator_i/selected_score_5 (FF)
  Requirement:          10.000ns
  Data Path Delay:      9.528ns (Levels of Logic = 8)
  Clock Path Skew:      -0.003ns (0.196 - 0.199)
  Source Clock:         clk_100mhz_BUFGP rising at 0.000ns
  Destination Clock:    clk_100mhz_BUFGP rising at 10.000ns
  Clock Uncertainty:    0.035ns

  Clock Uncertainty:          0.035ns  ((TSJ^2 + TIJ^2)^1/2 + DJ) / 2 + PE
    Total System Jitter (TSJ):  0.070ns
    Total Input Jitter (TIJ):   0.000ns
    Discrete Jitter (DJ):       0.000ns
    Phase Error (PE):           0.000ns

  Maximum Data Path at Slow Process Corner: u/campaign/kernel/core/evaluator_i/n02_4 to u/campaign/kernel/core/evaluator_i/selected_score_5
    Location             Delay type         Delay(ns)  Physical Resource
                                                       Logical Resource(s)
    -------------------------------------------------  -------------------
    SLICE_X23Y10.AQ      Tcko                  0.430   u/campaign/kernel/core/evaluator_i/n02<7>
                                                       u/campaign/kernel/core/evaluator_i/n02_4
    SLICE_X22Y10.A2      net (fanout=1)        1.171   u/campaign/kernel/core/evaluator_i/n02<4>
    SLICE_X22Y10.COUT    Topcya                0.482   u/campaign/kernel/core/evaluator_i/Mmux_p023_rs_cy<7>
                                                       u/campaign/kernel/core/evaluator_i/Mmux_p023_A121
                                                       u/campaign/kernel/core/evaluator_i/Mmux_p023_rs_cy<7>
    SLICE_X22Y11.CIN     net (fanout=1)        0.003   u/campaign/kernel/core/evaluator_i/Mmux_p023_rs_cy<7>
    SLICE_X22Y11.BMUX    Tcinb                 0.310   u/campaign/kernel/core/evaluator_i/Mmux_p023_rs_cy<11>
                                                       u/campaign/kernel/core/evaluator_i/Mmux_p023_rs_cy<11>
    SLICE_X24Y6.A3       net (fanout=3)        1.524   u/campaign/kernel/core/evaluator_i/Mmux_p023_split<9>
    SLICE_X24Y6.COUT     Topcya                0.495   u/campaign/kernel/core/evaluator_i/Mcompar_p02[17]_p01[17]_LessThan_30_o_cy<7>
                                                       u/campaign/kernel/core/evaluator_i/Mcompar_p02[17]_p01[17]_LessThan_30_o_lutdi4
                                                       u/campaign/kernel/core/evaluator_i/Mcompar_p02[17]_p01[17]_LessThan_30_o_cy<7>
    SLICE_X24Y7.CIN      net (fanout=1)        0.003   u/campaign/kernel/core/evaluator_i/Mcompar_p02[17]_p01[17]_LessThan_30_o_cy<7>
    SLICE_X24Y7.AMUX     Tcina                 0.240   u/campaign/kernel/core/evaluator_i/n12<4>
                                                       u/campaign/kernel/core/evaluator_i/Mcompar_p02[17]_p01[17]_LessThan_30_o_cy<8>
    SLICE_X23Y12.A2      net (fanout=19)       1.308   u/campaign/kernel/core/evaluator_i/p02[17]_p01[17]_LessThan_30_o
    SLICE_X23Y12.A       Tilo                  0.259   u/campaign/kernel/core/evaluator_i/quotient<11>
                                                       u/campaign/kernel/core/evaluator_i/Mmux_score091
    SLICE_X20Y15.A2      net (fanout=2)        1.310   u/campaign/kernel/core/evaluator_i/score0<17>
    SLICE_X20Y15.AMUX    Topaa                 0.445   u/campaign/kernel/core/evaluator_i/Mcompar_score0[17]_score1[17]_LessThan_38_o_cy<8>
                                                       u/campaign/kernel/core/evaluator_i/Mcompar_score0[17]_score1[17]_LessThan_38_o_lutdi8
                                                       u/campaign/kernel/core/evaluator_i/Mcompar_score0[17]_score1[17]_LessThan_38_o_cy<8>
    SLICE_X23Y16.C5      net (fanout=1)        0.461   u/campaign/kernel/core/evaluator_i/Mcompar_score0[17]_score1[17]_LessThan_38_o_cy<8>
    SLICE_X23Y16.C       Tilo                  0.259   u/campaign/kernel/core/b4_selected_slot<0>
                                                       u/campaign/kernel/core/evaluator_i/c0_wins
    SLICE_X23Y15.C5      net (fanout=18)       0.455   u/campaign/kernel/core/evaluator_i/c0_wins
    SLICE_X23Y15.CLK     Tas                   0.373   u/campaign/kernel/core/b4_selected_score<6>
                                                       u/campaign/kernel/core/evaluator_i/Mmux_score1[17]_GND_15_o_mux_131_OUT141
                                                       u/campaign/kernel/core/evaluator_i/selected_score_5
    -------------------------------------------------  ---------------------------
    Total                                      9.528ns (3.293ns logic, 6.235ns route)
                                                       (34.6% logic, 65.4% route)

--------------------------------------------------------------------------------
Slack:                  0.442ns (requirement - (data path - clock path skew + uncertainty))
  Source:               u/campaign/kernel/core/evaluator_i/n02_4 (FF)
  Destination:          u/campaign/kernel/core/evaluator_i/selected_score_5 (FF)
  Requirement:          10.000ns
  Data Path Delay:      9.520ns (Levels of Logic = 8)
  Clock Path Skew:      -0.003ns (0.196 - 0.199)
  Source Clock:         clk_100mhz_BUFGP rising at 0.000ns
  Destination Clock:    clk_100mhz_BUFGP rising at 10.000ns
  Clock Uncertainty:    0.035ns

  Clock Uncertainty:          0.035ns  ((TSJ^2 + TIJ^2)^1/2 + DJ) / 2 + PE
    Total System Jitter (TSJ):  0.070ns
    Total Input Jitter (TIJ):   0.000ns
    Discrete Jitter (DJ):       0.000ns
    Phase Error (PE):           0.000ns

  Maximum Data Path at Slow Process Corner: u/campaign/kernel/core/evaluator_i/n02_4 to u/campaign/kernel/core/evaluator_i/selected_score_5
    Location             Delay type         Delay(ns)  Physical Resource
                                                       Logical Resource(s)
    -------------------------------------------------  -------------------
    SLICE_X23Y10.AQ      Tcko                  0.430   u/campaign/kernel/core/evaluator_i/n02<7>
                                                       u/campaign/kernel/core/evaluator_i/n02_4
    SLICE_X22Y10.A2      net (fanout=1)        1.171   u/campaign/kernel/core/evaluator_i/n02<4>
    SLICE_X22Y10.COUT    Topcya                0.474   u/campaign/kernel/core/evaluator_i/Mmux_p023_rs_cy<7>
                                                       u/campaign/kernel/core/evaluator_i/Mmux_p023_A1211
                                                       u/campaign/kernel/core/evaluator_i/Mmux_p023_rs_cy<7>
    SLICE_X22Y11.CIN     net (fanout=1)        0.003   u/campaign/kernel/core/evaluator_i/Mmux_p023_rs_cy<7>
    SLICE_X22Y11.BMUX    Tcinb                 0.310   u/campaign/kernel/core/evaluator_i/Mmux_p023_rs_cy<11>
                                                       u/campaign/kernel/core/evaluator_i/Mmux_p023_rs_cy<11>
    SLICE_X24Y6.A3       net (fanout=3)        1.524   u/campaign/kernel/core/evaluator_i/Mmux_p023_split<9>
    SLICE_X24Y6.COUT     Topcya                0.495   u/campaign/kernel/core/evaluator_i/Mcompar_p02[17]_p01[17]_LessThan_30_o_cy<7>
                                                       u/campaign/kernel/core/evaluator_i/Mcompar_p02[17]_p01[17]_LessThan_30_o_lutdi4
                                                       u/campaign/kernel/core/evaluator_i/Mcompar_p02[17]_p01[17]_LessThan_30_o_cy<7>
    SLICE_X24Y7.CIN      net (fanout=1)        0.003   u/campaign/kernel/core/evaluator_i/Mcompar_p02[17]_p01[17]_LessThan_30_o_cy<7>
    SLICE_X24Y7.AMUX     Tcina                 0.240   u/campaign/kernel/core/evaluator_i/n12<4>
                                                       u/campaign/kernel/core/evaluator_i/Mcompar_p02[17]_p01[17]_LessThan_30_o_cy<8>
    SLICE_X23Y12.A2      net (fanout=19)       1.308   u/campaign/kernel/core/evaluator_i/p02[17]_p01[17]_LessThan_30_o
    SLICE_X23Y12.A       Tilo                  0.259   u/campaign/kernel/core/evaluator_i/quotient<11>
                                                       u/campaign/kernel/core/evaluator_i/Mmux_score091
    SLICE_X20Y15.A2      net (fanout=2)        1.310   u/campaign/kernel/core/evaluator_i/score0<17>
    SLICE_X20Y15.AMUX    Topaa                 0.445   u/campaign/kernel/core/evaluator_i/Mcompar_score0[17]_score1[17]_LessThan_38_o_cy<8>
                                                       u/campaign/kernel/core/evaluator_i/Mcompar_score0[17]_score1[17]_LessThan_38_o_lutdi8
                                                       u/campaign/kernel/core/evaluator_i/Mcompar_score0[17]_score1[17]_LessThan_38_o_cy<8>
    SLICE_X23Y16.C5      net (fanout=1)        0.461   u/campaign/kernel/core/evaluator_i/Mcompar_score0[17]_score1[17]_LessThan_38_o_cy<8>
    SLICE_X23Y16.C       Tilo                  0.259   u/campaign/kernel/core/b4_selected_slot<0>
                                                       u/campaign/kernel/core/evaluator_i/c0_wins
    SLICE_X23Y15.C5      net (fanout=18)       0.455   u/campaign/kernel/core/evaluator_i/c0_wins
    SLICE_X23Y15.CLK     Tas                   0.373   u/campaign/kernel/core/b4_selected_score<6>
                                                       u/campaign/kernel/core/evaluator_i/Mmux_score1[17]_GND_15_o_mux_131_OUT141
                                                       u/campaign/kernel/core/evaluator_i/selected_score_5
    -------------------------------------------------  ---------------------------
    Total                                      9.520ns (3.285ns logic, 6.235ns route)
                                                       (34.5% logic, 65.5% route)

--------------------------------------------------------------------------------
Slack:                  0.446ns (requirement - (data path - clock path skew + uncertainty))
  Source:               u/campaign/kernel/core/evaluator_i/n02_4 (FF)
  Destination:          u/campaign/kernel/core/evaluator_i/selected_score_5 (FF)
  Requirement:          10.000ns
  Data Path Delay:      9.516ns (Levels of Logic = 8)
  Clock Path Skew:      -0.003ns (0.196 - 0.199)
  Source Clock:         clk_100mhz_BUFGP rising at 0.000ns
  Destination Clock:    clk_100mhz_BUFGP rising at 10.000ns
  Clock Uncertainty:    0.035ns

  Clock Uncertainty:          0.035ns  ((TSJ^2 + TIJ^2)^1/2 + DJ) / 2 + PE
    Total System Jitter (TSJ):  0.070ns
    Total Input Jitter (TIJ):   0.000ns
    Discrete Jitter (DJ):       0.000ns
    Phase Error (PE):           0.000ns

  Maximum Data Path at Slow Process Corner: u/campaign/kernel/core/evaluator_i/n02_4 to u/campaign/kernel/core/evaluator_i/selected_score_5
    Location             Delay type         Delay(ns)  Physical Resource
                                                       Logical Resource(s)
    -------------------------------------------------  -------------------
    SLICE_X23Y10.AQ      Tcko                  0.430   u/campaign/kernel/core/evaluator_i/n02<7>
                                                       u/campaign/kernel/core/evaluator_i/n02_4
    SLICE_X22Y10.A2      net (fanout=1)        1.171   u/campaign/kernel/core/evaluator_i/n02<4>
    SLICE_X22Y10.COUT    Topcya                0.482   u/campaign/kernel/core/evaluator_i/Mmux_p023_rs_cy<7>
                                                       u/campaign/kernel/core/evaluator_i/Mmux_p023_A121
                                                       u/campaign/kernel/core/evaluator_i/Mmux_p023_rs_cy<7>
    SLICE_X22Y11.CIN     net (fanout=1)        0.003   u/campaign/kernel/core/evaluator_i/Mmux_p023_rs_cy<7>
    SLICE_X22Y11.BMUX    Tcinb                 0.310   u/campaign/kernel/core/evaluator_i/Mmux_p023_rs_cy<11>
                                                       u/campaign/kernel/core/evaluator_i/Mmux_p023_rs_cy<11>
    SLICE_X24Y6.A3       net (fanout=3)        1.524   u/campaign/kernel/core/evaluator_i/Mmux_p023_split<9>
    SLICE_X24Y6.COUT     Topcya                0.472   u/campaign/kernel/core/evaluator_i/Mcompar_p02[17]_p01[17]_LessThan_30_o_cy<7>
                                                       u/campaign/kernel/core/evaluator_i/Mcompar_p02[17]_p01[17]_LessThan_30_o_lut<4>
                                                       u/campaign/kernel/core/evaluator_i/Mcompar_p02[17]_p01[17]_LessThan_30_o_cy<7>
    SLICE_X24Y7.CIN      net (fanout=1)        0.003   u/campaign/kernel/core/evaluator_i/Mcompar_p02[17]_p01[17]_LessThan_30_o_cy<7>
    SLICE_X24Y7.AMUX     Tcina                 0.240   u/campaign/kernel/core/evaluator_i/n12<4>
                                                       u/campaign/kernel/core/evaluator_i/Mcompar_p02[17]_p01[17]_LessThan_30_o_cy<8>
    SLICE_X23Y12.A2      net (fanout=19)       1.308   u/campaign/kernel/core/evaluator_i/p02[17]_p01[17]_LessThan_30_o
    SLICE_X23Y12.A       Tilo                  0.259   u/campaign/kernel/core/evaluator_i/quotient<11>
                                                       u/campaign/kernel/core/evaluator_i/Mmux_score091
    SLICE_X20Y15.A2      net (fanout=2)        1.310   u/campaign/kernel/core/evaluator_i/score0<17>
    SLICE_X20Y15.AMUX    Topaa                 0.456   u/campaign/kernel/core/evaluator_i/Mcompar_score0[17]_score1[17]_LessThan_38_o_cy<8>
                                                       u/campaign/kernel/core/evaluator_i/Mcompar_score0[17]_score1[17]_LessThan_38_o_lut<8>
                                                       u/campaign/kernel/core/evaluator_i/Mcompar_score0[17]_score1[17]_LessThan_38_o_cy<8>
    SLICE_X23Y16.C5      net (fanout=1)        0.461   u/campaign/kernel/core/evaluator_i/Mcompar_score0[17]_score1[17]_LessThan_38_o_cy<8>
    SLICE_X23Y16.C       Tilo                  0.259   u/campaign/kernel/core/b4_selected_slot<0>
                                                       u/campaign/kernel/core/evaluator_i/c0_wins
    SLICE_X23Y15.C5      net (fanout=18)       0.455   u/campaign/kernel/core/evaluator_i/c0_wins
    SLICE_X23Y15.CLK     Tas                   0.373   u/campaign/kernel/core/b4_selected_score<6>
                                                       u/campaign/kernel/core/evaluator_i/Mmux_score1[17]_GND_15_o_mux_131_OUT141
                                                       u/campaign/kernel/core/evaluator_i/selected_score_5
    -------------------------------------------------  ---------------------------
    Total                                      9.516ns (3.281ns logic, 6.235ns route)
                                                       (34.5% logic, 65.5% route)

--------------------------------------------------------------------------------
Slack:                  0.454ns (requirement - (data path - clock path skew + uncertainty))
  Source:               u/campaign/kernel/core/evaluator_i/n02_4 (FF)
  Destination:          u/campaign/kernel/core/evaluator_i/selected_score_5 (FF)
  Requirement:          10.000ns
  Data Path Delay:      9.508ns (Levels of Logic = 8)
  Clock Path Skew:      -0.003ns (0.196 - 0.199)
  Source Clock:         clk_100mhz_BUFGP rising at 0.000ns
  Destination Clock:    clk_100mhz_BUFGP rising at 10.000ns
  Clock Uncertainty:    0.035ns

  Clock Uncertainty:          0.035ns  ((TSJ^2 + TIJ^2)^1/2 + DJ) / 2 + PE
    Total System Jitter (TSJ):  0.070ns
    Total Input Jitter (TIJ):   0.000ns
    Discrete Jitter (DJ):       0.000ns
    Phase Error (PE):           0.000ns

  Maximum Data Path at Slow Process Corner: u/campaign/kernel/core/evaluator_i/n02_4 to u/campaign/kernel/core/evaluator_i/selected_score_5
    Location             Delay type         Delay(ns)  Physical Resource
                                                       Logical Resource(s)
    -------------------------------------------------  -------------------
    SLICE_X23Y10.AQ      Tcko                  0.430   u/campaign/kernel/core/evaluator_i/n02<7>
                                                       u/campaign/kernel/core/evaluator_i/n02_4
    SLICE_X22Y10.A2      net (fanout=1)        1.171   u/campaign/kernel/core/evaluator_i/n02<4>
    SLICE_X22Y10.COUT    Topcya                0.474   u/campaign/kernel/core/evaluator_i/Mmux_p023_rs_cy<7>
                                                       u/campaign/kernel/core/evaluator_i/Mmux_p023_A1211
                                                       u/campaign/kernel/core/evaluator_i/Mmux_p023_rs_cy<7>
    SLICE_X22Y11.CIN     net (fanout=1)        0.003   u/campaign/kernel/core/evaluator_i/Mmux_p023_rs_cy<7>
    SLICE_X22Y11.BMUX    Tcinb                 0.310   u/campaign/kernel/core/evaluator_i/Mmux_p023_rs_cy<11>
                                                       u/campaign/kernel/core/evaluator_i/Mmux_p023_rs_cy<11>
    SLICE_X24Y6.A3       net (fanout=3)        1.524   u/campaign/kernel/core/evaluator_i/Mmux_p023_split<9>
    SLICE_X24Y6.COUT     Topcya                0.472   u/campaign/kernel/core/evaluator_i/Mcompar_p02[17]_p01[17]_LessThan_30_o_cy<7>
                                                       u/campaign/kernel/core/evaluator_i/Mcompar_p02[17]_p01[17]_LessThan_30_o_lut<4>
                                                       u/campaign/kernel/core/evaluator_i/Mcompar_p02[17]_p01[17]_LessThan_30_o_cy<7>
    SLICE_X24Y7.CIN      net (fanout=1)        0.003   u/campaign/kernel/core/evaluator_i/Mcompar_p02[17]_p01[17]_LessThan_30_o_cy<7>
    SLICE_X24Y7.AMUX     Tcina                 0.240   u/campaign/kernel/core/evaluator_i/n12<4>
                                                       u/campaign/kernel/core/evaluator_i/Mcompar_p02[17]_p01[17]_LessThan_30_o_cy<8>
    SLICE_X23Y12.A2      net (fanout=19)       1.308   u/campaign/kernel/core/evaluator_i/p02[17]_p01[17]_LessThan_30_o
    SLICE_X23Y12.A       Tilo                  0.259   u/campaign/kernel/core/evaluator_i/quotient<11>
                                                       u/campaign/kernel/core/evaluator_i/Mmux_score091
    SLICE_X20Y15.A2      net (fanout=2)        1.310   u/campaign/kernel/core/evaluator_i/score0<17>
    SLICE_X20Y15.AMUX    Topaa                 0.456   u/campaign/kernel/core/evaluator_i/Mcompar_score0[17]_score1[17]_LessThan_38_o_cy<8>
                                                       u/campaign/kernel/core/evaluator_i/Mcompar_score0[17]_score1[17]_LessThan_38_o_lut<8>
                                                       u/campaign/kernel/core/evaluator_i/Mcompar_score0[17]_score1[17]_LessThan_38_o_cy<8>
    SLICE_X23Y16.C5      net (fanout=1)        0.461   u/campaign/kernel/core/evaluator_i/Mcompar_score0[17]_score1[17]_LessThan_38_o_cy<8>
    SLICE_X23Y16.C       Tilo                  0.259   u/campaign/kernel/core/b4_selected_slot<0>
                                                       u/campaign/kernel/core/evaluator_i/c0_wins
    SLICE_X23Y15.C5      net (fanout=18)       0.455   u/campaign/kernel/core/evaluator_i/c0_wins
    SLICE_X23Y15.CLK     Tas                   0.373   u/campaign/kernel/core/b4_selected_score<6>
                                                       u/campaign/kernel/core/evaluator_i/Mmux_score1[17]_GND_15_o_mux_131_OUT141
                                                       u/campaign/kernel/core/evaluator_i/selected_score_5
    -------------------------------------------------  ---------------------------
    Total                                      9.508ns (3.273ns logic, 6.235ns route)
                                                       (34.4% logic, 65.6% route)

--------------------------------------------------------------------------------
Slack:                  0.457ns (requirement - (data path - clock path skew + uncertainty))
  Source:               u/campaign/kernel/core/evaluator_i/n02_4 (FF)
  Destination:          u/campaign/kernel/core/evaluator_i/selected_score_5 (FF)
  Requirement:          10.000ns
  Data Path Delay:      9.505ns (Levels of Logic = 8)
  Clock Path Skew:      -0.003ns (0.196 - 0.199)
  Source Clock:         clk_100mhz_BUFGP rising at 0.000ns
  Destination Clock:    clk_100mhz_BUFGP rising at 10.000ns
  Clock Uncertainty:    0.035ns

  Clock Uncertainty:          0.035ns  ((TSJ^2 + TIJ^2)^1/2 + DJ) / 2 + PE
    Total System Jitter (TSJ):  0.070ns
    Total Input Jitter (TIJ):   0.000ns
    Discrete Jitter (DJ):       0.000ns
    Phase Error (PE):           0.000ns

  Maximum Data Path at Slow Process Corner: u/campaign/kernel/core/evaluator_i/n02_4 to u/campaign/kernel/core/evaluator_i/selected_score_5
    Location             Delay type         Delay(ns)  Physical Resource
                                                       Logical Resource(s)
    -------------------------------------------------  -------------------
    SLICE_X23Y10.AQ      Tcko                  0.430   u/campaign/kernel/core/evaluator_i/n02<7>
                                                       u/campaign/kernel/core/evaluator_i/n02_4
    SLICE_X22Y10.A2      net (fanout=1)        1.171   u/campaign/kernel/core/evaluator_i/n02<4>
    SLICE_X22Y10.COUT    Topcya                0.482   u/campaign/kernel/core/evaluator_i/Mmux_p023_rs_cy<7>
                                                       u/campaign/kernel/core/evaluator_i/Mmux_p023_A121
                                                       u/campaign/kernel/core/evaluator_i/Mmux_p023_rs_cy<7>
    SLICE_X22Y11.CIN     net (fanout=1)        0.003   u/campaign/kernel/core/evaluator_i/Mmux_p023_rs_cy<7>
    SLICE_X22Y11.BMUX    Tcinb                 0.310   u/campaign/kernel/core/evaluator_i/Mmux_p023_rs_cy<11>
                                                       u/campaign/kernel/core/evaluator_i/Mmux_p023_rs_cy<11>
    SLICE_X24Y6.A3       net (fanout=3)        1.524   u/campaign/kernel/core/evaluator_i/Mmux_p023_split<9>
    SLICE_X24Y6.COUT     Topcya                0.472   u/campaign/kernel/core/evaluator_i/Mcompar_p02[17]_p01[17]_LessThan_30_o_cy<7>
                                                       u/campaign/kernel/core/evaluator_i/Mcompar_p02[17]_p01[17]_LessThan_30_o_lut<4>
                                                       u/campaign/kernel/core/evaluator_i/Mcompar_p02[17]_p01[17]_LessThan_30_o_cy<7>
    SLICE_X24Y7.CIN      net (fanout=1)        0.003   u/campaign/kernel/core/evaluator_i/Mcompar_p02[17]_p01[17]_LessThan_30_o_cy<7>
    SLICE_X24Y7.AMUX     Tcina                 0.240   u/campaign/kernel/core/evaluator_i/n12<4>
                                                       u/campaign/kernel/core/evaluator_i/Mcompar_p02[17]_p01[17]_LessThan_30_o_cy<8>
    SLICE_X23Y12.A2      net (fanout=19)       1.308   u/campaign/kernel/core/evaluator_i/p02[17]_p01[17]_LessThan_30_o
    SLICE_X23Y12.A       Tilo                  0.259   u/campaign/kernel/core/evaluator_i/quotient<11>
                                                       u/campaign/kernel/core/evaluator_i/Mmux_score091
    SLICE_X20Y15.A2      net (fanout=2)        1.310   u/campaign/kernel/core/evaluator_i/score0<17>
    SLICE_X20Y15.AMUX    Topaa                 0.445   u/campaign/kernel/core/evaluator_i/Mcompar_score0[17]_score1[17]_LessThan_38_o_cy<8>
                                                       u/campaign/kernel/core/evaluator_i/Mcompar_score0[17]_score1[17]_LessThan_38_o_lutdi8
                                                       u/campaign/kernel/core/evaluator_i/Mcompar_score0[17]_score1[17]_LessThan_38_o_cy<8>
    SLICE_X23Y16.C5      net (fanout=1)        0.461   u/campaign/kernel/core/evaluator_i/Mcompar_score0[17]_score1[17]_LessThan_38_o_cy<8>
    SLICE_X23Y16.C       Tilo                  0.259   u/campaign/kernel/core/b4_selected_slot<0>
                                                       u/campaign/kernel/core/evaluator_i/c0_wins
    SLICE_X23Y15.C5      net (fanout=18)       0.455   u/campaign/kernel/core/evaluator_i/c0_wins
    SLICE_X23Y15.CLK     Tas                   0.373   u/campaign/kernel/core/b4_selected_score<6>
                                                       u/campaign/kernel/core/evaluator_i/Mmux_score1[17]_GND_15_o_mux_131_OUT141
                                                       u/campaign/kernel/core/evaluator_i/selected_score_5
    -------------------------------------------------  ---------------------------
    Total                                      9.505ns (3.270ns logic, 6.235ns route)
                                                       (34.4% logic, 65.6% route)

--------------------------------------------------------------------------------
Slack:                  0.465ns (requirement - (data path - clock path skew + uncertainty))
  Source:               u/campaign/kernel/core/evaluator_i/n02_4 (FF)
  Destination:          u/campaign/kernel/core/evaluator_i/selected_score_5 (FF)
  Requirement:          10.000ns
  Data Path Delay:      9.497ns (Levels of Logic = 8)
  Clock Path Skew:      -0.003ns (0.196 - 0.199)
  Source Clock:         clk_100mhz_BUFGP rising at 0.000ns
  Destination Clock:    clk_100mhz_BUFGP rising at 10.000ns
  Clock Uncertainty:    0.035ns

  Clock Uncertainty:          0.035ns  ((TSJ^2 + TIJ^2)^1/2 + DJ) / 2 + PE
    Total System Jitter (TSJ):  0.070ns
    Total Input Jitter (TIJ):   0.000ns
    Discrete Jitter (DJ):       0.000ns
    Phase Error (PE):           0.000ns

  Maximum Data Path at Slow Process Corner: u/campaign/kernel/core/evaluator_i/n02_4 to u/campaign/kernel/core/evaluator_i/selected_score_5
    Location             Delay type         Delay(ns)  Physical Resource
                                                       Logical Resource(s)
    -------------------------------------------------  -------------------
    SLICE_X23Y10.AQ      Tcko                  0.430   u/campaign/kernel/core/evaluator_i/n02<7>
                                                       u/campaign/kernel/core/evaluator_i/n02_4
    SLICE_X22Y10.A2      net (fanout=1)        1.171   u/campaign/kernel/core/evaluator_i/n02<4>
    SLICE_X22Y10.COUT    Topcya                0.474   u/campaign/kernel/core/evaluator_i/Mmux_p023_rs_cy<7>
                                                       u/campaign/kernel/core/evaluator_i/Mmux_p023_A1211
                                                       u/campaign/kernel/core/evaluator_i/Mmux_p023_rs_cy<7>
    SLICE_X22Y11.CIN     net (fanout=1)        0.003   u/campaign/kernel/core/evaluator_i/Mmux_p023_rs_cy<7>
    SLICE_X22Y11.BMUX    Tcinb                 0.310   u/campaign/kernel/core/evaluator_i/Mmux_p023_rs_cy<11>
                                                       u/campaign/kernel/core/evaluator_i/Mmux_p023_rs_cy<11>
    SLICE_X24Y6.A3       net (fanout=3)        1.524   u/campaign/kernel/core/evaluator_i/Mmux_p023_split<9>
    SLICE_X24Y6.COUT     Topcya                0.472   u/campaign/kernel/core/evaluator_i/Mcompar_p02[17]_p01[17]_LessThan_30_o_cy<7>
                                                       u/campaign/kernel/core/evaluator_i/Mcompar_p02[17]_p01[17]_LessThan_30_o_lut<4>
                                                       u/campaign/kernel/core/evaluator_i/Mcompar_p02[17]_p01[17]_LessThan_30_o_cy<7>
    SLICE_X24Y7.CIN      net (fanout=1)        0.003   u/campaign/kernel/core/evaluator_i/Mcompar_p02[17]_p01[17]_LessThan_30_o_cy<7>
    SLICE_X24Y7.AMUX     Tcina                 0.240   u/campaign/kernel/core/evaluator_i/n12<4>
                                                       u/campaign/kernel/core/evaluator_i/Mcompar_p02[17]_p01[17]_LessThan_30_o_cy<8>
    SLICE_X23Y12.A2      net (fanout=19)       1.308   u/campaign/kernel/core/evaluator_i/p02[17]_p01[17]_LessThan_30_o
    SLICE_X23Y12.A       Tilo                  0.259   u/campaign/kernel/core/evaluator_i/quotient<11>
                                                       u/campaign/kernel/core/evaluator_i/Mmux_score091
    SLICE_X20Y15.A2      net (fanout=2)        1.310   u/campaign/kernel/core/evaluator_i/score0<17>
    SLICE_X20Y15.AMUX    Topaa                 0.445   u/campaign/kernel/core/evaluator_i/Mcompar_score0[17]_score1[17]_LessThan_38_o_cy<8>
                                                       u/campaign/kernel/core/evaluator_i/Mcompar_score0[17]_score1[17]_LessThan_38_o_lutdi8
                                                       u/campaign/kernel/core/evaluator_i/Mcompar_score0[17]_score1[17]_LessThan_38_o_cy<8>
    SLICE_X23Y16.C5      net (fanout=1)        0.461   u/campaign/kernel/core/evaluator_i/Mcompar_score0[17]_score1[17]_LessThan_38_o_cy<8>
    SLICE_X23Y16.C       Tilo                  0.259   u/campaign/kernel/core/b4_selected_slot<0>
                                                       u/campaign/kernel/core/evaluator_i/c0_wins
    SLICE_X23Y15.C5      net (fanout=18)       0.455   u/campaign/kernel/core/evaluator_i/c0_wins
    SLICE_X23Y15.CLK     Tas                   0.373   u/campaign/kernel/core/b4_selected_score<6>
                                                       u/campaign/kernel/core/evaluator_i/Mmux_score1[17]_GND_15_o_mux_131_OUT141
                                                       u/campaign/kernel/core/evaluator_i/selected_score_5
    -------------------------------------------------  ---------------------------
    Total                                      9.497ns (3.262ns logic, 6.235ns route)
                                                       (34.3% logic, 65.7% route)

--------------------------------------------------------------------------------
Slack:                  0.482ns (requirement - (data path - clock path skew + uncertainty))
  Source:               u/campaign/kernel/core/evaluator_i/lam1_1_2 (FF)
  Destination:          u/campaign/kernel/core/evaluator_i/selected_score_5 (FF)
  Requirement:          10.000ns
  Data Path Delay:      9.466ns (Levels of Logic = 9)
  Clock Path Skew:      -0.017ns (0.309 - 0.326)
  Source Clock:         clk_100mhz_BUFGP rising at 0.000ns
  Destination Clock:    clk_100mhz_BUFGP rising at 10.000ns
  Clock Uncertainty:    0.035ns

  Clock Uncertainty:          0.035ns  ((TSJ^2 + TIJ^2)^1/2 + DJ) / 2 + PE
    Total System Jitter (TSJ):  0.070ns
    Total Input Jitter (TIJ):   0.000ns
    Discrete Jitter (DJ):       0.000ns
    Phase Error (PE):           0.000ns

  Maximum Data Path at Slow Process Corner: u/campaign/kernel/core/evaluator_i/lam1_1_2 to u/campaign/kernel/core/evaluator_i/selected_score_5
    Location             Delay type         Delay(ns)  Physical Resource
                                                       Logical Resource(s)
    -------------------------------------------------  -------------------
    SLICE_X27Y9.BQ       Tcko                  0.430   u/campaign/kernel/core/evaluator_i/lam1_1_3
                                                       u/campaign/kernel/core/evaluator_i/lam1_1_2
    SLICE_X26Y9.B5       net (fanout=12)       1.110   u/campaign/kernel/core/evaluator_i/lam1_1_2
    SLICE_X26Y9.COUT     Topcyb                0.483   u/campaign/kernel/core/evaluator_i/Mmux_p013_rs_cy<8>
                                                       u/campaign/kernel/core/evaluator_i/Mmux_p013_A1411
                                                       u/campaign/kernel/core/evaluator_i/Mmux_p013_rs_cy<8>
    SLICE_X26Y10.CIN     net (fanout=1)        0.003   u/campaign/kernel/core/evaluator_i/Mmux_p013_rs_cy<8>
    SLICE_X26Y10.CMUX    Tcinc                 0.279   u/campaign/kernel/core/evaluator_i/Mmux_p013_rs_cy<12>
                                                       u/campaign/kernel/core/evaluator_i/Mmux_p013_rs_cy<12>
    SLICE_X22Y7.B2       net (fanout=3)        1.409   u/campaign/kernel/core/evaluator_i/Mmux_p013_split<11>
    SLICE_X22Y7.COUT     Topcyb                0.483   u/campaign/kernel/core/evaluator_i/Mcompar_p01[17]_p00[17]_LessThan_28_o_cy<7>
                                                       u/campaign/kernel/core/evaluator_i/Mcompar_p01[17]_p00[17]_LessThan_28_o_lut<5>
                                                       u/campaign/kernel/core/evaluator_i/Mcompar_p01[17]_p00[17]_LessThan_28_o_cy<7>
    SLICE_X22Y8.CIN      net (fanout=1)        0.082   u/campaign/kernel/core/evaluator_i/Mcompar_p01[17]_p00[17]_LessThan_28_o_cy<7>
    SLICE_X22Y8.AMUX     Tcina                 0.230   u/campaign/kernel/core/evaluator_i/p01[17]_p00[17]_LessThan_28_o
                                                       u/campaign/kernel/core/evaluator_i/Mcompar_p01[17]_p00[17]_LessThan_28_o_cy<8>
    SLICE_X23Y14.B2      net (fanout=19)       1.806   u/campaign/kernel/core/evaluator_i/p01[17]_p00[17]_LessThan_28_o
    SLICE_X23Y14.B       Tilo                  0.259   u/campaign/kernel/core/evaluator_i/score1<14>
                                                       u/campaign/kernel/core/evaluator_i/Mmux_score051
    SLICE_X20Y14.C1      net (fanout=3)        0.753   u/campaign/kernel/core/evaluator_i/score0<13>
    SLICE_X20Y14.COUT    Topcyc                0.348   u/campaign/kernel/core/evaluator_i/Mcompar_score0[17]_score1[17]_LessThan_38_o_cy<7>
                                                       u/campaign/kernel/core/evaluator_i/Mcompar_score0[17]_score1[17]_LessThan_38_o_lutdi6
                                                       u/campaign/kernel/core/evaluator_i/Mcompar_score0[17]_score1[17]_LessThan_38_o_cy<7>
    SLICE_X20Y15.CIN     net (fanout=1)        0.003   u/campaign/kernel/core/evaluator_i/Mcompar_score0[17]_score1[17]_LessThan_38_o_cy<7>
    SLICE_X20Y15.AMUX    Tcina                 0.240   u/campaign/kernel/core/evaluator_i/Mcompar_score0[17]_score1[17]_LessThan_38_o_cy<8>
                                                       u/campaign/kernel/core/evaluator_i/Mcompar_score0[17]_score1[17]_LessThan_38_o_cy<8>
    SLICE_X23Y16.C5      net (fanout=1)        0.461   u/campaign/kernel/core/evaluator_i/Mcompar_score0[17]_score1[17]_LessThan_38_o_cy<8>
    SLICE_X23Y16.C       Tilo                  0.259   u/campaign/kernel/core/b4_selected_slot<0>
                                                       u/campaign/kernel/core/evaluator_i/c0_wins
    SLICE_X23Y15.C5      net (fanout=18)       0.455   u/campaign/kernel/core/evaluator_i/c0_wins
    SLICE_X23Y15.CLK     Tas                   0.373   u/campaign/kernel/core/b4_selected_score<6>
                                                       u/campaign/kernel/core/evaluator_i/Mmux_score1[17]_GND_15_o_mux_131_OUT141
                                                       u/campaign/kernel/core/evaluator_i/selected_score_5
    -------------------------------------------------  ---------------------------
    Total                                      9.466ns (3.384ns logic, 6.082ns route)
                                                       (35.7% logic, 64.3% route)

--------------------------------------------------------------------------------
Slack:                  0.502ns (requirement - (data path - clock path skew + uncertainty))
  Source:               u/campaign/kernel/core/evaluator_i/lam1_1_2 (FF)
  Destination:          u/campaign/kernel/core/evaluator_i/selected_score_5 (FF)
  Requirement:          10.000ns
  Data Path Delay:      9.446ns (Levels of Logic = 9)
  Clock Path Skew:      -0.017ns (0.309 - 0.326)
  Source Clock:         clk_100mhz_BUFGP rising at 0.000ns
  Destination Clock:    clk_100mhz_BUFGP rising at 10.000ns
  Clock Uncertainty:    0.035ns

  Clock Uncertainty:          0.035ns  ((TSJ^2 + TIJ^2)^1/2 + DJ) / 2 + PE
    Total System Jitter (TSJ):  0.070ns
    Total Input Jitter (TIJ):   0.000ns
    Discrete Jitter (DJ):       0.000ns
    Phase Error (PE):           0.000ns

  Maximum Data Path at Slow Process Corner: u/campaign/kernel/core/evaluator_i/lam1_1_2 to u/campaign/kernel/core/evaluator_i/selected_score_5
    Location             Delay type         Delay(ns)  Physical Resource
                                                       Logical Resource(s)
    -------------------------------------------------  -------------------
    SLICE_X27Y9.BQ       Tcko                  0.430   u/campaign/kernel/core/evaluator_i/lam1_1_3
                                                       u/campaign/kernel/core/evaluator_i/lam1_1_2
    SLICE_X26Y9.B5       net (fanout=12)       1.110   u/campaign/kernel/core/evaluator_i/lam1_1_2
    SLICE_X26Y9.COUT     Topcyb                0.483   u/campaign/kernel/core/evaluator_i/Mmux_p013_rs_cy<8>
                                                       u/campaign/kernel/core/evaluator_i/Mmux_p013_A1411
                                                       u/campaign/kernel/core/evaluator_i/Mmux_p013_rs_cy<8>
    SLICE_X26Y10.CIN     net (fanout=1)        0.003   u/campaign/kernel/core/evaluator_i/Mmux_p013_rs_cy<8>
    SLICE_X26Y10.COUT    Tbyp                  0.093   u/campaign/kernel/core/evaluator_i/Mmux_p013_rs_cy<12>
                                                       u/campaign/kernel/core/evaluator_i/Mmux_p013_rs_cy<12>
    SLICE_X26Y11.CIN     net (fanout=1)        0.003   u/campaign/kernel/core/evaluator_i/Mmux_p013_rs_cy<12>
    SLICE_X26Y11.BMUX    Tcinb                 0.310   u/campaign/kernel/core/evaluator_i/Mmux_p013_split<16>
                                                       u/campaign/kernel/core/evaluator_i/Mmux_p013_rs_cy<16>
    SLICE_X24Y6.D3       net (fanout=3)        1.555   u/campaign/kernel/core/evaluator_i/Mmux_p013_split<14>
    SLICE_X24Y6.COUT     Topcyd                0.335   u/campaign/kernel/core/evaluator_i/Mcompar_p02[17]_p01[17]_LessThan_30_o_cy<7>
                                                       u/campaign/kernel/core/evaluator_i/Mcompar_p02[17]_p01[17]_LessThan_30_o_lutdi7
                                                       u/campaign/kernel/core/evaluator_i/Mcompar_p02[17]_p01[17]_LessThan_30_o_cy<7>
    SLICE_X24Y7.CIN      net (fanout=1)        0.003   u/campaign/kernel/core/evaluator_i/Mcompar_p02[17]_p01[17]_LessThan_30_o_cy<7>
    SLICE_X24Y7.AMUX     Tcina                 0.240   u/campaign/kernel/core/evaluator_i/n12<4>
                                                       u/campaign/kernel/core/evaluator_i/Mcompar_p02[17]_p01[17]_LessThan_30_o_cy<8>
    SLICE_X23Y12.A2      net (fanout=19)       1.308   u/campaign/kernel/core/evaluator_i/p02[17]_p01[17]_LessThan_30_o
    SLICE_X23Y12.A       Tilo                  0.259   u/campaign/kernel/core/evaluator_i/quotient<11>
                                                       u/campaign/kernel/core/evaluator_i/Mmux_score091
    SLICE_X20Y15.A2      net (fanout=2)        1.310   u/campaign/kernel/core/evaluator_i/score0<17>
    SLICE_X20Y15.AMUX    Topaa                 0.456   u/campaign/kernel/core/evaluator_i/Mcompar_score0[17]_score1[17]_LessThan_38_o_cy<8>
                                                       u/campaign/kernel/core/evaluator_i/Mcompar_score0[17]_score1[17]_LessThan_38_o_lut<8>
                                                       u/campaign/kernel/core/evaluator_i/Mcompar_score0[17]_score1[17]_LessThan_38_o_cy<8>
    SLICE_X23Y16.C5      net (fanout=1)        0.461   u/campaign/kernel/core/evaluator_i/Mcompar_score0[17]_score1[17]_LessThan_38_o_cy<8>
    SLICE_X23Y16.C       Tilo                  0.259   u/campaign/kernel/core/b4_selected_slot<0>
                                                       u/campaign/kernel/core/evaluator_i/c0_wins
    SLICE_X23Y15.C5      net (fanout=18)       0.455   u/campaign/kernel/core/evaluator_i/c0_wins
    SLICE_X23Y15.CLK     Tas                   0.373   u/campaign/kernel/core/b4_selected_score<6>
                                                       u/campaign/kernel/core/evaluator_i/Mmux_score1[17]_GND_15_o_mux_131_OUT141
                                                       u/campaign/kernel/core/evaluator_i/selected_score_5
    -------------------------------------------------  ---------------------------
    Total                                      9.446ns (3.238ns logic, 6.208ns route)
                                                       (34.3% logic, 65.7% route)

--------------------------------------------------------------------------------

Paths for end point u/campaign/kernel/core/evaluator_i/selected_score_0 (SLICE_X26Y16.CX), 754782 paths
--------------------------------------------------------------------------------
Slack:                  0.447ns (requirement - (data path - clock path skew + uncertainty))
  Source:               u/campaign/kernel/core/evaluator_i/n02_4 (FF)
  Destination:          u/campaign/kernel/core/evaluator_i/selected_score_0 (FF)
  Requirement:          10.000ns
  Data Path Delay:      9.512ns (Levels of Logic = 8)
  Clock Path Skew:      -0.006ns (0.439 - 0.445)
  Source Clock:         clk_100mhz_BUFGP rising at 0.000ns
  Destination Clock:    clk_100mhz_BUFGP rising at 10.000ns
  Clock Uncertainty:    0.035ns

  Clock Uncertainty:          0.035ns  ((TSJ^2 + TIJ^2)^1/2 + DJ) / 2 + PE
    Total System Jitter (TSJ):  0.070ns
    Total Input Jitter (TIJ):   0.000ns
    Discrete Jitter (DJ):       0.000ns
    Phase Error (PE):           0.000ns

  Maximum Data Path at Slow Process Corner: u/campaign/kernel/core/evaluator_i/n02_4 to u/campaign/kernel/core/evaluator_i/selected_score_0
    Location             Delay type         Delay(ns)  Physical Resource
                                                       Logical Resource(s)
    -------------------------------------------------  -------------------
    SLICE_X23Y10.AQ      Tcko                  0.430   u/campaign/kernel/core/evaluator_i/n02<7>
                                                       u/campaign/kernel/core/evaluator_i/n02_4
    SLICE_X22Y10.A2      net (fanout=1)        1.171   u/campaign/kernel/core/evaluator_i/n02<4>
    SLICE_X22Y10.COUT    Topcya                0.482   u/campaign/kernel/core/evaluator_i/Mmux_p023_rs_cy<7>
                                                       u/campaign/kernel/core/evaluator_i/Mmux_p023_A121
                                                       u/campaign/kernel/core/evaluator_i/Mmux_p023_rs_cy<7>
    SLICE_X22Y11.CIN     net (fanout=1)        0.003   u/campaign/kernel/core/evaluator_i/Mmux_p023_rs_cy<7>
    SLICE_X22Y11.BMUX    Tcinb                 0.310   u/campaign/kernel/core/evaluator_i/Mmux_p023_rs_cy<11>
                                                       u/campaign/kernel/core/evaluator_i/Mmux_p023_rs_cy<11>
    SLICE_X24Y6.A3       net (fanout=3)        1.524   u/campaign/kernel/core/evaluator_i/Mmux_p023_split<9>
    SLICE_X24Y6.COUT     Topcya                0.495   u/campaign/kernel/core/evaluator_i/Mcompar_p02[17]_p01[17]_LessThan_30_o_cy<7>
                                                       u/campaign/kernel/core/evaluator_i/Mcompar_p02[17]_p01[17]_LessThan_30_o_lutdi4
                                                       u/campaign/kernel/core/evaluator_i/Mcompar_p02[17]_p01[17]_LessThan_30_o_cy<7>
    SLICE_X24Y7.CIN      net (fanout=1)        0.003   u/campaign/kernel/core/evaluator_i/Mcompar_p02[17]_p01[17]_LessThan_30_o_cy<7>
    SLICE_X24Y7.AMUX     Tcina                 0.240   u/campaign/kernel/core/evaluator_i/n12<4>
                                                       u/campaign/kernel/core/evaluator_i/Mcompar_p02[17]_p01[17]_LessThan_30_o_cy<8>
    SLICE_X23Y12.A2      net (fanout=19)       1.308   u/campaign/kernel/core/evaluator_i/p02[17]_p01[17]_LessThan_30_o
    SLICE_X23Y12.A       Tilo                  0.259   u/campaign/kernel/core/evaluator_i/quotient<11>
                                                       u/campaign/kernel/core/evaluator_i/Mmux_score091
    SLICE_X20Y15.A2      net (fanout=2)        1.310   u/campaign/kernel/core/evaluator_i/score0<17>
    SLICE_X20Y15.AMUX    Topaa                 0.456   u/campaign/kernel/core/evaluator_i/Mcompar_score0[17]_score1[17]_LessThan_38_o_cy<8>
                                                       u/campaign/kernel/core/evaluator_i/Mcompar_score0[17]_score1[17]_LessThan_38_o_lut<8>
                                                       u/campaign/kernel/core/evaluator_i/Mcompar_score0[17]_score1[17]_LessThan_38_o_cy<8>
    SLICE_X23Y16.C5      net (fanout=1)        0.461   u/campaign/kernel/core/evaluator_i/Mcompar_score0[17]_score1[17]_LessThan_38_o_cy<8>
    SLICE_X23Y16.C       Tilo                  0.259   u/campaign/kernel/core/b4_selected_slot<0>
                                                       u/campaign/kernel/core/evaluator_i/c0_wins
    SLICE_X26Y16.CX      net (fanout=18)       0.626   u/campaign/kernel/core/evaluator_i/c0_wins
    SLICE_X26Y16.CLK     Tdick                 0.175   u/campaign/kernel/core/b4_selected_score<0>
                                                       u/campaign/kernel/core/evaluator_i/Mmux_score1[17]_GND_15_o_mux_131_OUT11
                                                       u/campaign/kernel/core/evaluator_i/selected_score_0
    -------------------------------------------------  ---------------------------
    Total                                      9.512ns (3.106ns logic, 6.406ns route)
                                                       (32.7% logic, 67.3% route)

--------------------------------------------------------------------------------
Slack:                  0.455ns (requirement - (data path - clock path skew + uncertainty))
  Source:               u/campaign/kernel/core/evaluator_i/n02_4 (FF)
  Destination:          u/campaign/kernel/core/evaluator_i/selected_score_0 (FF)
  Requirement:          10.000ns
  Data Path Delay:      9.504ns (Levels of Logic = 8)
  Clock Path Skew:      -0.006ns (0.439 - 0.445)
  Source Clock:         clk_100mhz_BUFGP rising at 0.000ns
  Destination Clock:    clk_100mhz_BUFGP rising at 10.000ns
  Clock Uncertainty:    0.035ns

  Clock Uncertainty:          0.035ns  ((TSJ^2 + TIJ^2)^1/2 + DJ) / 2 + PE
    Total System Jitter (TSJ):  0.070ns
    Total Input Jitter (TIJ):   0.000ns
    Discrete Jitter (DJ):       0.000ns
    Phase Error (PE):           0.000ns

  Maximum Data Path at Slow Process Corner: u/campaign/kernel/core/evaluator_i/n02_4 to u/campaign/kernel/core/evaluator_i/selected_score_0
    Location             Delay type         Delay(ns)  Physical Resource
                                                       Logical Resource(s)
    -------------------------------------------------  -------------------
    SLICE_X23Y10.AQ      Tcko                  0.430   u/campaign/kernel/core/evaluator_i/n02<7>
                                                       u/campaign/kernel/core/evaluator_i/n02_4
    SLICE_X22Y10.A2      net (fanout=1)        1.171   u/campaign/kernel/core/evaluator_i/n02<4>
    SLICE_X22Y10.COUT    Topcya                0.474   u/campaign/kernel/core/evaluator_i/Mmux_p023_rs_cy<7>
                                                       u/campaign/kernel/core/evaluator_i/Mmux_p023_A1211
                                                       u/campaign/kernel/core/evaluator_i/Mmux_p023_rs_cy<7>
    SLICE_X22Y11.CIN     net (fanout=1)        0.003   u/campaign/kernel/core/evaluator_i/Mmux_p023_rs_cy<7>
    SLICE_X22Y11.BMUX    Tcinb                 0.310   u/campaign/kernel/core/evaluator_i/Mmux_p023_rs_cy<11>
                                                       u/campaign/kernel/core/evaluator_i/Mmux_p023_rs_cy<11>
    SLICE_X24Y6.A3       net (fanout=3)        1.524   u/campaign/kernel/core/evaluator_i/Mmux_p023_split<9>
    SLICE_X24Y6.COUT     Topcya                0.495   u/campaign/kernel/core/evaluator_i/Mcompar_p02[17]_p01[17]_LessThan_30_o_cy<7>
                                                       u/campaign/kernel/core/evaluator_i/Mcompar_p02[17]_p01[17]_LessThan_30_o_lutdi4
                                                       u/campaign/kernel/core/evaluator_i/Mcompar_p02[17]_p01[17]_LessThan_30_o_cy<7>
    SLICE_X24Y7.CIN      net (fanout=1)        0.003   u/campaign/kernel/core/evaluator_i/Mcompar_p02[17]_p01[17]_LessThan_30_o_cy<7>
    SLICE_X24Y7.AMUX     Tcina                 0.240   u/campaign/kernel/core/evaluator_i/n12<4>
                                                       u/campaign/kernel/core/evaluator_i/Mcompar_p02[17]_p01[17]_LessThan_30_o_cy<8>
    SLICE_X23Y12.A2      net (fanout=19)       1.308   u/campaign/kernel/core/evaluator_i/p02[17]_p01[17]_LessThan_30_o
    SLICE_X23Y12.A       Tilo                  0.259   u/campaign/kernel/core/evaluator_i/quotient<11>
                                                       u/campaign/kernel/core/evaluator_i/Mmux_score091
    SLICE_X20Y15.A2      net (fanout=2)        1.310   u/campaign/kernel/core/evaluator_i/score0<17>
    SLICE_X20Y15.AMUX    Topaa                 0.456   u/campaign/kernel/core/evaluator_i/Mcompar_score0[17]_score1[17]_LessThan_38_o_cy<8>
                                                       u/campaign/kernel/core/evaluator_i/Mcompar_score0[17]_score1[17]_LessThan_38_o_lut<8>
                                                       u/campaign/kernel/core/evaluator_i/Mcompar_score0[17]_score1[17]_LessThan_38_o_cy<8>
    SLICE_X23Y16.C5      net (fanout=1)        0.461   u/campaign/kernel/core/evaluator_i/Mcompar_score0[17]_score1[17]_LessThan_38_o_cy<8>
    SLICE_X23Y16.C       Tilo                  0.259   u/campaign/kernel/core/b4_selected_slot<0>
                                                       u/campaign/kernel/core/evaluator_i/c0_wins
    SLICE_X26Y16.CX      net (fanout=18)       0.626   u/campaign/kernel/core/evaluator_i/c0_wins
    SLICE_X26Y16.CLK     Tdick                 0.175   u/campaign/kernel/core/b4_selected_score<0>
                                                       u/campaign/kernel/core/evaluator_i/Mmux_score1[17]_GND_15_o_mux_131_OUT11
                                                       u/campaign/kernel/core/evaluator_i/selected_score_0
    -------------------------------------------------  ---------------------------
    Total                                      9.504ns (3.098ns logic, 6.406ns route)
                                                       (32.6% logic, 67.4% route)

--------------------------------------------------------------------------------
Slack:                  0.458ns (requirement - (data path - clock path skew + uncertainty))
  Source:               u/campaign/kernel/core/evaluator_i/n02_4 (FF)
  Destination:          u/campaign/kernel/core/evaluator_i/selected_score_0 (FF)
  Requirement:          10.000ns
  Data Path Delay:      9.501ns (Levels of Logic = 8)
  Clock Path Skew:      -0.006ns (0.439 - 0.445)
  Source Clock:         clk_100mhz_BUFGP rising at 0.000ns
  Destination Clock:    clk_100mhz_BUFGP rising at 10.000ns
  Clock Uncertainty:    0.035ns

  Clock Uncertainty:          0.035ns  ((TSJ^2 + TIJ^2)^1/2 + DJ) / 2 + PE
    Total System Jitter (TSJ):  0.070ns
    Total Input Jitter (TIJ):   0.000ns
    Discrete Jitter (DJ):       0.000ns
    Phase Error (PE):           0.000ns

  Maximum Data Path at Slow Process Corner: u/campaign/kernel/core/evaluator_i/n02_4 to u/campaign/kernel/core/evaluator_i/selected_score_0
    Location             Delay type         Delay(ns)  Physical Resource
                                                       Logical Resource(s)
    -------------------------------------------------  -------------------
    SLICE_X23Y10.AQ      Tcko                  0.430   u/campaign/kernel/core/evaluator_i/n02<7>
                                                       u/campaign/kernel/core/evaluator_i/n02_4
    SLICE_X22Y10.A2      net (fanout=1)        1.171   u/campaign/kernel/core/evaluator_i/n02<4>
    SLICE_X22Y10.COUT    Topcya                0.482   u/campaign/kernel/core/evaluator_i/Mmux_p023_rs_cy<7>
                                                       u/campaign/kernel/core/evaluator_i/Mmux_p023_A121
                                                       u/campaign/kernel/core/evaluator_i/Mmux_p023_rs_cy<7>
    SLICE_X22Y11.CIN     net (fanout=1)        0.003   u/campaign/kernel/core/evaluator_i/Mmux_p023_rs_cy<7>
    SLICE_X22Y11.BMUX    Tcinb                 0.310   u/campaign/kernel/core/evaluator_i/Mmux_p023_rs_cy<11>
                                                       u/campaign/kernel/core/evaluator_i/Mmux_p023_rs_cy<11>
    SLICE_X24Y6.A3       net (fanout=3)        1.524   u/campaign/kernel/core/evaluator_i/Mmux_p023_split<9>
    SLICE_X24Y6.COUT     Topcya                0.495   u/campaign/kernel/core/evaluator_i/Mcompar_p02[17]_p01[17]_LessThan_30_o_cy<7>
                                                       u/campaign/kernel/core/evaluator_i/Mcompar_p02[17]_p01[17]_LessThan_30_o_lutdi4
                                                       u/campaign/kernel/core/evaluator_i/Mcompar_p02[17]_p01[17]_LessThan_30_o_cy<7>
    SLICE_X24Y7.CIN      net (fanout=1)        0.003   u/campaign/kernel/core/evaluator_i/Mcompar_p02[17]_p01[17]_LessThan_30_o_cy<7>
    SLICE_X24Y7.AMUX     Tcina                 0.240   u/campaign/kernel/core/evaluator_i/n12<4>
                                                       u/campaign/kernel/core/evaluator_i/Mcompar_p02[17]_p01[17]_LessThan_30_o_cy<8>
    SLICE_X23Y12.A2      net (fanout=19)       1.308   u/campaign/kernel/core/evaluator_i/p02[17]_p01[17]_LessThan_30_o
    SLICE_X23Y12.A       Tilo                  0.259   u/campaign/kernel/core/evaluator_i/quotient<11>
                                                       u/campaign/kernel/core/evaluator_i/Mmux_score091
    SLICE_X20Y15.A2      net (fanout=2)        1.310   u/campaign/kernel/core/evaluator_i/score0<17>
    SLICE_X20Y15.AMUX    Topaa                 0.445   u/campaign/kernel/core/evaluator_i/Mcompar_score0[17]_score1[17]_LessThan_38_o_cy<8>
                                                       u/campaign/kernel/core/evaluator_i/Mcompar_score0[17]_score1[17]_LessThan_38_o_lutdi8
                                                       u/campaign/kernel/core/evaluator_i/Mcompar_score0[17]_score1[17]_LessThan_38_o_cy<8>
    SLICE_X23Y16.C5      net (fanout=1)        0.461   u/campaign/kernel/core/evaluator_i/Mcompar_score0[17]_score1[17]_LessThan_38_o_cy<8>
    SLICE_X23Y16.C       Tilo                  0.259   u/campaign/kernel/core/b4_selected_slot<0>
                                                       u/campaign/kernel/core/evaluator_i/c0_wins
    SLICE_X26Y16.CX      net (fanout=18)       0.626   u/campaign/kernel/core/evaluator_i/c0_wins
    SLICE_X26Y16.CLK     Tdick                 0.175   u/campaign/kernel/core/b4_selected_score<0>
                                                       u/campaign/kernel/core/evaluator_i/Mmux_score1[17]_GND_15_o_mux_131_OUT11
                                                       u/campaign/kernel/core/evaluator_i/selected_score_0
    -------------------------------------------------  ---------------------------
    Total                                      9.501ns (3.095ns logic, 6.406ns route)
                                                       (32.6% logic, 67.4% route)

--------------------------------------------------------------------------------
Slack:                  0.466ns (requirement - (data path - clock path skew + uncertainty))
  Source:               u/campaign/kernel/core/evaluator_i/n02_4 (FF)
  Destination:          u/campaign/kernel/core/evaluator_i/selected_score_0 (FF)
  Requirement:          10.000ns
  Data Path Delay:      9.493ns (Levels of Logic = 8)
  Clock Path Skew:      -0.006ns (0.439 - 0.445)
  Source Clock:         clk_100mhz_BUFGP rising at 0.000ns
  Destination Clock:    clk_100mhz_BUFGP rising at 10.000ns
  Clock Uncertainty:    0.035ns

  Clock Uncertainty:          0.035ns  ((TSJ^2 + TIJ^2)^1/2 + DJ) / 2 + PE
    Total System Jitter (TSJ):  0.070ns
    Total Input Jitter (TIJ):   0.000ns
    Discrete Jitter (DJ):       0.000ns
    Phase Error (PE):           0.000ns

  Maximum Data Path at Slow Process Corner: u/campaign/kernel/core/evaluator_i/n02_4 to u/campaign/kernel/core/evaluator_i/selected_score_0
    Location             Delay type         Delay(ns)  Physical Resource
                                                       Logical Resource(s)
    -------------------------------------------------  -------------------
    SLICE_X23Y10.AQ      Tcko                  0.430   u/campaign/kernel/core/evaluator_i/n02<7>
                                                       u/campaign/kernel/core/evaluator_i/n02_4
    SLICE_X22Y10.A2      net (fanout=1)        1.171   u/campaign/kernel/core/evaluator_i/n02<4>
    SLICE_X22Y10.COUT    Topcya                0.474   u/campaign/kernel/core/evaluator_i/Mmux_p023_rs_cy<7>
                                                       u/campaign/kernel/core/evaluator_i/Mmux_p023_A1211
                                                       u/campaign/kernel/core/evaluator_i/Mmux_p023_rs_cy<7>
    SLICE_X22Y11.CIN     net (fanout=1)        0.003   u/campaign/kernel/core/evaluator_i/Mmux_p023_rs_cy<7>
    SLICE_X22Y11.BMUX    Tcinb                 0.310   u/campaign/kernel/core/evaluator_i/Mmux_p023_rs_cy<11>
                                                       u/campaign/kernel/core/evaluator_i/Mmux_p023_rs_cy<11>
    SLICE_X24Y6.A3       net (fanout=3)        1.524   u/campaign/kernel/core/evaluator_i/Mmux_p023_split<9>
    SLICE_X24Y6.COUT     Topcya                0.495   u/campaign/kernel/core/evaluator_i/Mcompar_p02[17]_p01[17]_LessThan_30_o_cy<7>
                                                       u/campaign/kernel/core/evaluator_i/Mcompar_p02[17]_p01[17]_LessThan_30_o_lutdi4
                                                       u/campaign/kernel/core/evaluator_i/Mcompar_p02[17]_p01[17]_LessThan_30_o_cy<7>
    SLICE_X24Y7.CIN      net (fanout=1)        0.003   u/campaign/kernel/core/evaluator_i/Mcompar_p02[17]_p01[17]_LessThan_30_o_cy<7>
    SLICE_X24Y7.AMUX     Tcina                 0.240   u/campaign/kernel/core/evaluator_i/n12<4>
                                                       u/campaign/kernel/core/evaluator_i/Mcompar_p02[17]_p01[17]_LessThan_30_o_cy<8>
    SLICE_X23Y12.A2      net (fanout=19)       1.308   u/campaign/kernel/core/evaluator_i/p02[17]_p01[17]_LessThan_30_o
    SLICE_X23Y12.A       Tilo                  0.259   u/campaign/kernel/core/evaluator_i/quotient<11>
                                                       u/campaign/kernel/core/evaluator_i/Mmux_score091
    SLICE_X20Y15.A2      net (fanout=2)        1.310   u/campaign/kernel/core/evaluator_i/score0<17>
    SLICE_X20Y15.AMUX    Topaa                 0.445   u/campaign/kernel/core/evaluator_i/Mcompar_score0[17]_score1[17]_LessThan_38_o_cy<8>
                                                       u/campaign/kernel/core/evaluator_i/Mcompar_score0[17]_score1[17]_LessThan_38_o_lutdi8
                                                       u/campaign/kernel/core/evaluator_i/Mcompar_score0[17]_score1[17]_LessThan_38_o_cy<8>
    SLICE_X23Y16.C5      net (fanout=1)        0.461   u/campaign/kernel/core/evaluator_i/Mcompar_score0[17]_score1[17]_LessThan_38_o_cy<8>
    SLICE_X23Y16.C       Tilo                  0.259   u/campaign/kernel/core/b4_selected_slot<0>
                                                       u/campaign/kernel/core/evaluator_i/c0_wins
    SLICE_X26Y16.CX      net (fanout=18)       0.626   u/campaign/kernel/core/evaluator_i/c0_wins
    SLICE_X26Y16.CLK     Tdick                 0.175   u/campaign/kernel/core/b4_selected_score<0>
                                                       u/campaign/kernel/core/evaluator_i/Mmux_score1[17]_GND_15_o_mux_131_OUT11
                                                       u/campaign/kernel/core/evaluator_i/selected_score_0
    -------------------------------------------------  ---------------------------
    Total                                      9.493ns (3.087ns logic, 6.406ns route)
                                                       (32.5% logic, 67.5% route)

--------------------------------------------------------------------------------
Slack:                  0.470ns (requirement - (data path - clock path skew + uncertainty))
  Source:               u/campaign/kernel/core/evaluator_i/n02_4 (FF)
  Destination:          u/campaign/kernel/core/evaluator_i/selected_score_0 (FF)
  Requirement:          10.000ns
  Data Path Delay:      9.489ns (Levels of Logic = 8)
  Clock Path Skew:      -0.006ns (0.439 - 0.445)
  Source Clock:         clk_100mhz_BUFGP rising at 0.000ns
  Destination Clock:    clk_100mhz_BUFGP rising at 10.000ns
  Clock Uncertainty:    0.035ns

  Clock Uncertainty:          0.035ns  ((TSJ^2 + TIJ^2)^1/2 + DJ) / 2 + PE
    Total System Jitter (TSJ):  0.070ns
    Total Input Jitter (TIJ):   0.000ns
    Discrete Jitter (DJ):       0.000ns
    Phase Error (PE):           0.000ns

  Maximum Data Path at Slow Process Corner: u/campaign/kernel/core/evaluator_i/n02_4 to u/campaign/kernel/core/evaluator_i/selected_score_0
    Location             Delay type         Delay(ns)  Physical Resource
                                                       Logical Resource(s)
    -------------------------------------------------  -------------------
    SLICE_X23Y10.AQ      Tcko                  0.430   u/campaign/kernel/core/evaluator_i/n02<7>
                                                       u/campaign/kernel/core/evaluator_i/n02_4
    SLICE_X22Y10.A2      net (fanout=1)        1.171   u/campaign/kernel/core/evaluator_i/n02<4>
    SLICE_X22Y10.COUT    Topcya                0.482   u/campaign/kernel/core/evaluator_i/Mmux_p023_rs_cy<7>
                                                       u/campaign/kernel/core/evaluator_i/Mmux_p023_A121
                                                       u/campaign/kernel/core/evaluator_i/Mmux_p023_rs_cy<7>
    SLICE_X22Y11.CIN     net (fanout=1)        0.003   u/campaign/kernel/core/evaluator_i/Mmux_p023_rs_cy<7>
    SLICE_X22Y11.BMUX    Tcinb                 0.310   u/campaign/kernel/core/evaluator_i/Mmux_p023_rs_cy<11>
                                                       u/campaign/kernel/core/evaluator_i/Mmux_p023_rs_cy<11>
    SLICE_X24Y6.A3       net (fanout=3)        1.524   u/campaign/kernel/core/evaluator_i/Mmux_p023_split<9>
    SLICE_X24Y6.COUT     Topcya                0.472   u/campaign/kernel/core/evaluator_i/Mcompar_p02[17]_p01[17]_LessThan_30_o_cy<7>
                                                       u/campaign/kernel/core/evaluator_i/Mcompar_p02[17]_p01[17]_LessThan_30_o_lut<4>
                                                       u/campaign/kernel/core/evaluator_i/Mcompar_p02[17]_p01[17]_LessThan_30_o_cy<7>
    SLICE_X24Y7.CIN      net (fanout=1)        0.003   u/campaign/kernel/core/evaluator_i/Mcompar_p02[17]_p01[17]_LessThan_30_o_cy<7>
    SLICE_X24Y7.AMUX     Tcina                 0.240   u/campaign/kernel/core/evaluator_i/n12<4>
                                                       u/campaign/kernel/core/evaluator_i/Mcompar_p02[17]_p01[17]_LessThan_30_o_cy<8>
    SLICE_X23Y12.A2      net (fanout=19)       1.308   u/campaign/kernel/core/evaluator_i/p02[17]_p01[17]_LessThan_30_o
    SLICE_X23Y12.A       Tilo                  0.259   u/campaign/kernel/core/evaluator_i/quotient<11>
                                                       u/campaign/kernel/core/evaluator_i/Mmux_score091
    SLICE_X20Y15.A2      net (fanout=2)        1.310   u/campaign/kernel/core/evaluator_i/score0<17>
    SLICE_X20Y15.AMUX    Topaa                 0.456   u/campaign/kernel/core/evaluator_i/Mcompar_score0[17]_score1[17]_LessThan_38_o_cy<8>
                                                       u/campaign/kernel/core/evaluator_i/Mcompar_score0[17]_score1[17]_LessThan_38_o_lut<8>
                                                       u/campaign/kernel/core/evaluator_i/Mcompar_score0[17]_score1[17]_LessThan_38_o_cy<8>
    SLICE_X23Y16.C5      net (fanout=1)        0.461   u/campaign/kernel/core/evaluator_i/Mcompar_score0[17]_score1[17]_LessThan_38_o_cy<8>
    SLICE_X23Y16.C       Tilo                  0.259   u/campaign/kernel/core/b4_selected_slot<0>
                                                       u/campaign/kernel/core/evaluator_i/c0_wins
    SLICE_X26Y16.CX      net (fanout=18)       0.626   u/campaign/kernel/core/evaluator_i/c0_wins
    SLICE_X26Y16.CLK     Tdick                 0.175   u/campaign/kernel/core/b4_selected_score<0>
                                                       u/campaign/kernel/core/evaluator_i/Mmux_score1[17]_GND_15_o_mux_131_OUT11
                                                       u/campaign/kernel/core/evaluator_i/selected_score_0
    -------------------------------------------------  ---------------------------
    Total                                      9.489ns (3.083ns logic, 6.406ns route)
                                                       (32.5% logic, 67.5% route)

--------------------------------------------------------------------------------
Slack:                  0.478ns (requirement - (data path - clock path skew + uncertainty))
  Source:               u/campaign/kernel/core/evaluator_i/n02_4 (FF)
  Destination:          u/campaign/kernel/core/evaluator_i/selected_score_0 (FF)
  Requirement:          10.000ns
  Data Path Delay:      9.481ns (Levels of Logic = 8)
  Clock Path Skew:      -0.006ns (0.439 - 0.445)
  Source Clock:         clk_100mhz_BUFGP rising at 0.000ns
  Destination Clock:    clk_100mhz_BUFGP rising at 10.000ns
  Clock Uncertainty:    0.035ns

  Clock Uncertainty:          0.035ns  ((TSJ^2 + TIJ^2)^1/2 + DJ) / 2 + PE
    Total System Jitter (TSJ):  0.070ns
    Total Input Jitter (TIJ):   0.000ns
    Discrete Jitter (DJ):       0.000ns
    Phase Error (PE):           0.000ns

  Maximum Data Path at Slow Process Corner: u/campaign/kernel/core/evaluator_i/n02_4 to u/campaign/kernel/core/evaluator_i/selected_score_0
    Location             Delay type         Delay(ns)  Physical Resource
                                                       Logical Resource(s)
    -------------------------------------------------  -------------------
    SLICE_X23Y10.AQ      Tcko                  0.430   u/campaign/kernel/core/evaluator_i/n02<7>
                                                       u/campaign/kernel/core/evaluator_i/n02_4
    SLICE_X22Y10.A2      net (fanout=1)        1.171   u/campaign/kernel/core/evaluator_i/n02<4>
    SLICE_X22Y10.COUT    Topcya                0.474   u/campaign/kernel/core/evaluator_i/Mmux_p023_rs_cy<7>
                                                       u/campaign/kernel/core/evaluator_i/Mmux_p023_A1211
                                                       u/campaign/kernel/core/evaluator_i/Mmux_p023_rs_cy<7>
    SLICE_X22Y11.CIN     net (fanout=1)        0.003   u/campaign/kernel/core/evaluator_i/Mmux_p023_rs_cy<7>
    SLICE_X22Y11.BMUX    Tcinb                 0.310   u/campaign/kernel/core/evaluator_i/Mmux_p023_rs_cy<11>
                                                       u/campaign/kernel/core/evaluator_i/Mmux_p023_rs_cy<11>
    SLICE_X24Y6.A3       net (fanout=3)        1.524   u/campaign/kernel/core/evaluator_i/Mmux_p023_split<9>
    SLICE_X24Y6.COUT     Topcya                0.472   u/campaign/kernel/core/evaluator_i/Mcompar_p02[17]_p01[17]_LessThan_30_o_cy<7>
                                                       u/campaign/kernel/core/evaluator_i/Mcompar_p02[17]_p01[17]_LessThan_30_o_lut<4>
                                                       u/campaign/kernel/core/evaluator_i/Mcompar_p02[17]_p01[17]_LessThan_30_o_cy<7>
    SLICE_X24Y7.CIN      net (fanout=1)        0.003   u/campaign/kernel/core/evaluator_i/Mcompar_p02[17]_p01[17]_LessThan_30_o_cy<7>
    SLICE_X24Y7.AMUX     Tcina                 0.240   u/campaign/kernel/core/evaluator_i/n12<4>
                                                       u/campaign/kernel/core/evaluator_i/Mcompar_p02[17]_p01[17]_LessThan_30_o_cy<8>
    SLICE_X23Y12.A2      net (fanout=19)       1.308   u/campaign/kernel/core/evaluator_i/p02[17]_p01[17]_LessThan_30_o
    SLICE_X23Y12.A       Tilo                  0.259   u/campaign/kernel/core/evaluator_i/quotient<11>
                                                       u/campaign/kernel/core/evaluator_i/Mmux_score091
    SLICE_X20Y15.A2      net (fanout=2)        1.310   u/campaign/kernel/core/evaluator_i/score0<17>
    SLICE_X20Y15.AMUX    Topaa                 0.456   u/campaign/kernel/core/evaluator_i/Mcompar_score0[17]_score1[17]_LessThan_38_o_cy<8>
                                                       u/campaign/kernel/core/evaluator_i/Mcompar_score0[17]_score1[17]_LessThan_38_o_lut<8>
                                                       u/campaign/kernel/core/evaluator_i/Mcompar_score0[17]_score1[17]_LessThan_38_o_cy<8>
    SLICE_X23Y16.C5      net (fanout=1)        0.461   u/campaign/kernel/core/evaluator_i/Mcompar_score0[17]_score1[17]_LessThan_38_o_cy<8>
    SLICE_X23Y16.C       Tilo                  0.259   u/campaign/kernel/core/b4_selected_slot<0>
                                                       u/campaign/kernel/core/evaluator_i/c0_wins
    SLICE_X26Y16.CX      net (fanout=18)       0.626   u/campaign/kernel/core/evaluator_i/c0_wins
    SLICE_X26Y16.CLK     Tdick                 0.175   u/campaign/kernel/core/b4_selected_score<0>
                                                       u/campaign/kernel/core/evaluator_i/Mmux_score1[17]_GND_15_o_mux_131_OUT11
                                                       u/campaign/kernel/core/evaluator_i/selected_score_0
    -------------------------------------------------  ---------------------------
    Total                                      9.481ns (3.075ns logic, 6.406ns route)
                                                       (32.4% logic, 67.6% route)

--------------------------------------------------------------------------------
Slack:                  0.481ns (requirement - (data path - clock path skew + uncertainty))
  Source:               u/campaign/kernel/core/evaluator_i/n02_4 (FF)
  Destination:          u/campaign/kernel/core/evaluator_i/selected_score_0 (FF)
  Requirement:          10.000ns
  Data Path Delay:      9.478ns (Levels of Logic = 8)
  Clock Path Skew:      -0.006ns (0.439 - 0.445)
  Source Clock:         clk_100mhz_BUFGP rising at 0.000ns
  Destination Clock:    clk_100mhz_BUFGP rising at 10.000ns
  Clock Uncertainty:    0.035ns

  Clock Uncertainty:          0.035ns  ((TSJ^2 + TIJ^2)^1/2 + DJ) / 2 + PE
    Total System Jitter (TSJ):  0.070ns
    Total Input Jitter (TIJ):   0.000ns
    Discrete Jitter (DJ):       0.000ns
    Phase Error (PE):           0.000ns

  Maximum Data Path at Slow Process Corner: u/campaign/kernel/core/evaluator_i/n02_4 to u/campaign/kernel/core/evaluator_i/selected_score_0
    Location             Delay type         Delay(ns)  Physical Resource
                                                       Logical Resource(s)
    -------------------------------------------------  -------------------
    SLICE_X23Y10.AQ      Tcko                  0.430   u/campaign/kernel/core/evaluator_i/n02<7>
                                                       u/campaign/kernel/core/evaluator_i/n02_4
    SLICE_X22Y10.A2      net (fanout=1)        1.171   u/campaign/kernel/core/evaluator_i/n02<4>
    SLICE_X22Y10.COUT    Topcya                0.482   u/campaign/kernel/core/evaluator_i/Mmux_p023_rs_cy<7>
                                                       u/campaign/kernel/core/evaluator_i/Mmux_p023_A121
                                                       u/campaign/kernel/core/evaluator_i/Mmux_p023_rs_cy<7>
    SLICE_X22Y11.CIN     net (fanout=1)        0.003   u/campaign/kernel/core/evaluator_i/Mmux_p023_rs_cy<7>
    SLICE_X22Y11.BMUX    Tcinb                 0.310   u/campaign/kernel/core/evaluator_i/Mmux_p023_rs_cy<11>
                                                       u/campaign/kernel/core/evaluator_i/Mmux_p023_rs_cy<11>
    SLICE_X24Y6.A3       net (fanout=3)        1.524   u/campaign/kernel/core/evaluator_i/Mmux_p023_split<9>
    SLICE_X24Y6.COUT     Topcya                0.472   u/campaign/kernel/core/evaluator_i/Mcompar_p02[17]_p01[17]_LessThan_30_o_cy<7>
                                                       u/campaign/kernel/core/evaluator_i/Mcompar_p02[17]_p01[17]_LessThan_30_o_lut<4>
                                                       u/campaign/kernel/core/evaluator_i/Mcompar_p02[17]_p01[17]_LessThan_30_o_cy<7>
    SLICE_X24Y7.CIN      net (fanout=1)        0.003   u/campaign/kernel/core/evaluator_i/Mcompar_p02[17]_p01[17]_LessThan_30_o_cy<7>
    SLICE_X24Y7.AMUX     Tcina                 0.240   u/campaign/kernel/core/evaluator_i/n12<4>
                                                       u/campaign/kernel/core/evaluator_i/Mcompar_p02[17]_p01[17]_LessThan_30_o_cy<8>
    SLICE_X23Y12.A2      net (fanout=19)       1.308   u/campaign/kernel/core/evaluator_i/p02[17]_p01[17]_LessThan_30_o
    SLICE_X23Y12.A       Tilo                  0.259   u/campaign/kernel/core/evaluator_i/quotient<11>
                                                       u/campaign/kernel/core/evaluator_i/Mmux_score091
    SLICE_X20Y15.A2      net (fanout=2)        1.310   u/campaign/kernel/core/evaluator_i/score0<17>
    SLICE_X20Y15.AMUX    Topaa                 0.445   u/campaign/kernel/core/evaluator_i/Mcompar_score0[17]_score1[17]_LessThan_38_o_cy<8>
                                                       u/campaign/kernel/core/evaluator_i/Mcompar_score0[17]_score1[17]_LessThan_38_o_lutdi8
                                                       u/campaign/kernel/core/evaluator_i/Mcompar_score0[17]_score1[17]_LessThan_38_o_cy<8>
    SLICE_X23Y16.C5      net (fanout=1)        0.461   u/campaign/kernel/core/evaluator_i/Mcompar_score0[17]_score1[17]_LessThan_38_o_cy<8>
    SLICE_X23Y16.C       Tilo                  0.259   u/campaign/kernel/core/b4_selected_slot<0>
                                                       u/campaign/kernel/core/evaluator_i/c0_wins
    SLICE_X26Y16.CX      net (fanout=18)       0.626   u/campaign/kernel/core/evaluator_i/c0_wins
    SLICE_X26Y16.CLK     Tdick                 0.175   u/campaign/kernel/core/b4_selected_score<0>
                                                       u/campaign/kernel/core/evaluator_i/Mmux_score1[17]_GND_15_o_mux_131_OUT11
                                                       u/campaign/kernel/core/evaluator_i/selected_score_0
    -------------------------------------------------  ---------------------------
    Total                                      9.478ns (3.072ns logic, 6.406ns route)
                                                       (32.4% logic, 67.6% route)

--------------------------------------------------------------------------------
Slack:                  0.489ns (requirement - (data path - clock path skew + uncertainty))
  Source:               u/campaign/kernel/core/evaluator_i/n02_4 (FF)
  Destination:          u/campaign/kernel/core/evaluator_i/selected_score_0 (FF)
  Requirement:          10.000ns
  Data Path Delay:      9.470ns (Levels of Logic = 8)
  Clock Path Skew:      -0.006ns (0.439 - 0.445)
  Source Clock:         clk_100mhz_BUFGP rising at 0.000ns
  Destination Clock:    clk_100mhz_BUFGP rising at 10.000ns
  Clock Uncertainty:    0.035ns

  Clock Uncertainty:          0.035ns  ((TSJ^2 + TIJ^2)^1/2 + DJ) / 2 + PE
    Total System Jitter (TSJ):  0.070ns
    Total Input Jitter (TIJ):   0.000ns
    Discrete Jitter (DJ):       0.000ns
    Phase Error (PE):           0.000ns

  Maximum Data Path at Slow Process Corner: u/campaign/kernel/core/evaluator_i/n02_4 to u/campaign/kernel/core/evaluator_i/selected_score_0
    Location             Delay type         Delay(ns)  Physical Resource
                                                       Logical Resource(s)
    -------------------------------------------------  -------------------
    SLICE_X23Y10.AQ      Tcko                  0.430   u/campaign/kernel/core/evaluator_i/n02<7>
                                                       u/campaign/kernel/core/evaluator_i/n02_4
    SLICE_X22Y10.A2      net (fanout=1)        1.171   u/campaign/kernel/core/evaluator_i/n02<4>
    SLICE_X22Y10.COUT    Topcya                0.474   u/campaign/kernel/core/evaluator_i/Mmux_p023_rs_cy<7>
                                                       u/campaign/kernel/core/evaluator_i/Mmux_p023_A1211
                                                       u/campaign/kernel/core/evaluator_i/Mmux_p023_rs_cy<7>
    SLICE_X22Y11.CIN     net (fanout=1)        0.003   u/campaign/kernel/core/evaluator_i/Mmux_p023_rs_cy<7>
    SLICE_X22Y11.BMUX    Tcinb                 0.310   u/campaign/kernel/core/evaluator_i/Mmux_p023_rs_cy<11>
                                                       u/campaign/kernel/core/evaluator_i/Mmux_p023_rs_cy<11>
    SLICE_X24Y6.A3       net (fanout=3)        1.524   u/campaign/kernel/core/evaluator_i/Mmux_p023_split<9>
    SLICE_X24Y6.COUT     Topcya                0.472   u/campaign/kernel/core/evaluator_i/Mcompar_p02[17]_p01[17]_LessThan_30_o_cy<7>
                                                       u/campaign/kernel/core/evaluator_i/Mcompar_p02[17]_p01[17]_LessThan_30_o_lut<4>
                                                       u/campaign/kernel/core/evaluator_i/Mcompar_p02[17]_p01[17]_LessThan_30_o_cy<7>
    SLICE_X24Y7.CIN      net (fanout=1)        0.003   u/campaign/kernel/core/evaluator_i/Mcompar_p02[17]_p01[17]_LessThan_30_o_cy<7>
    SLICE_X24Y7.AMUX     Tcina                 0.240   u/campaign/kernel/core/evaluator_i/n12<4>
                                                       u/campaign/kernel/core/evaluator_i/Mcompar_p02[17]_p01[17]_LessThan_30_o_cy<8>
    SLICE_X23Y12.A2      net (fanout=19)       1.308   u/campaign/kernel/core/evaluator_i/p02[17]_p01[17]_LessThan_30_o
    SLICE_X23Y12.A       Tilo                  0.259   u/campaign/kernel/core/evaluator_i/quotient<11>
                                                       u/campaign/kernel/core/evaluator_i/Mmux_score091
    SLICE_X20Y15.A2      net (fanout=2)        1.310   u/campaign/kernel/core/evaluator_i/score0<17>
    SLICE_X20Y15.AMUX    Topaa                 0.445   u/campaign/kernel/core/evaluator_i/Mcompar_score0[17]_score1[17]_LessThan_38_o_cy<8>
                                                       u/campaign/kernel/core/evaluator_i/Mcompar_score0[17]_score1[17]_LessThan_38_o_lutdi8
                                                       u/campaign/kernel/core/evaluator_i/Mcompar_score0[17]_score1[17]_LessThan_38_o_cy<8>
    SLICE_X23Y16.C5      net (fanout=1)        0.461   u/campaign/kernel/core/evaluator_i/Mcompar_score0[17]_score1[17]_LessThan_38_o_cy<8>
    SLICE_X23Y16.C       Tilo                  0.259   u/campaign/kernel/core/b4_selected_slot<0>
                                                       u/campaign/kernel/core/evaluator_i/c0_wins
    SLICE_X26Y16.CX      net (fanout=18)       0.626   u/campaign/kernel/core/evaluator_i/c0_wins
    SLICE_X26Y16.CLK     Tdick                 0.175   u/campaign/kernel/core/b4_selected_score<0>
                                                       u/campaign/kernel/core/evaluator_i/Mmux_score1[17]_GND_15_o_mux_131_OUT11
                                                       u/campaign/kernel/core/evaluator_i/selected_score_0
    -------------------------------------------------  ---------------------------
    Total                                      9.470ns (3.064ns logic, 6.406ns route)
                                                       (32.4% logic, 67.6% route)

--------------------------------------------------------------------------------
Slack:                  0.512ns (requirement - (data path - clock path skew + uncertainty))
  Source:               u/campaign/kernel/core/evaluator_i/lam1_1_2 (FF)
  Destination:          u/campaign/kernel/core/evaluator_i/selected_score_0 (FF)
  Requirement:          10.000ns
  Data Path Delay:      9.439ns (Levels of Logic = 9)
  Clock Path Skew:      -0.014ns (0.439 - 0.453)
  Source Clock:         clk_100mhz_BUFGP rising at 0.000ns
  Destination Clock:    clk_100mhz_BUFGP rising at 10.000ns
  Clock Uncertainty:    0.035ns

  Clock Uncertainty:          0.035ns  ((TSJ^2 + TIJ^2)^1/2 + DJ) / 2 + PE
    Total System Jitter (TSJ):  0.070ns
    Total Input Jitter (TIJ):   0.000ns
    Discrete Jitter (DJ):       0.000ns
    Phase Error (PE):           0.000ns

  Maximum Data Path at Slow Process Corner: u/campaign/kernel/core/evaluator_i/lam1_1_2 to u/campaign/kernel/core/evaluator_i/selected_score_0
    Location             Delay type         Delay(ns)  Physical Resource
                                                       Logical Resource(s)
    -------------------------------------------------  -------------------
    SLICE_X27Y9.BQ       Tcko                  0.430   u/campaign/kernel/core/evaluator_i/lam1_1_3
                                                       u/campaign/kernel/core/evaluator_i/lam1_1_2
    SLICE_X26Y9.B5       net (fanout=12)       1.110   u/campaign/kernel/core/evaluator_i/lam1_1_2
    SLICE_X26Y9.COUT     Topcyb                0.483   u/campaign/kernel/core/evaluator_i/Mmux_p013_rs_cy<8>
                                                       u/campaign/kernel/core/evaluator_i/Mmux_p013_A1411
                                                       u/campaign/kernel/core/evaluator_i/Mmux_p013_rs_cy<8>
    SLICE_X26Y10.CIN     net (fanout=1)        0.003   u/campaign/kernel/core/evaluator_i/Mmux_p013_rs_cy<8>
    SLICE_X26Y10.CMUX    Tcinc                 0.279   u/campaign/kernel/core/evaluator_i/Mmux_p013_rs_cy<12>
                                                       u/campaign/kernel/core/evaluator_i/Mmux_p013_rs_cy<12>
    SLICE_X22Y7.B2       net (fanout=3)        1.409   u/campaign/kernel/core/evaluator_i/Mmux_p013_split<11>
    SLICE_X22Y7.COUT     Topcyb                0.483   u/campaign/kernel/core/evaluator_i/Mcompar_p01[17]_p00[17]_LessThan_28_o_cy<7>
                                                       u/campaign/kernel/core/evaluator_i/Mcompar_p01[17]_p00[17]_LessThan_28_o_lut<5>
                                                       u/campaign/kernel/core/evaluator_i/Mcompar_p01[17]_p00[17]_LessThan_28_o_cy<7>
    SLICE_X22Y8.CIN      net (fanout=1)        0.082   u/campaign/kernel/core/evaluator_i/Mcompar_p01[17]_p00[17]_LessThan_28_o_cy<7>
    SLICE_X22Y8.AMUX     Tcina                 0.230   u/campaign/kernel/core/evaluator_i/p01[17]_p00[17]_LessThan_28_o
                                                       u/campaign/kernel/core/evaluator_i/Mcompar_p01[17]_p00[17]_LessThan_28_o_cy<8>
    SLICE_X23Y14.B2      net (fanout=19)       1.806   u/campaign/kernel/core/evaluator_i/p01[17]_p00[17]_LessThan_28_o
    SLICE_X23Y14.B       Tilo                  0.259   u/campaign/kernel/core/evaluator_i/score1<14>
                                                       u/campaign/kernel/core/evaluator_i/Mmux_score051
    SLICE_X20Y14.C1      net (fanout=3)        0.753   u/campaign/kernel/core/evaluator_i/score0<13>
    SLICE_X20Y14.COUT    Topcyc                0.348   u/campaign/kernel/core/evaluator_i/Mcompar_score0[17]_score1[17]_LessThan_38_o_cy<7>
                                                       u/campaign/kernel/core/evaluator_i/Mcompar_score0[17]_score1[17]_LessThan_38_o_lutdi6
                                                       u/campaign/kernel/core/evaluator_i/Mcompar_score0[17]_score1[17]_LessThan_38_o_cy<7>
    SLICE_X20Y15.CIN     net (fanout=1)        0.003   u/campaign/kernel/core/evaluator_i/Mcompar_score0[17]_score1[17]_LessThan_38_o_cy<7>
    SLICE_X20Y15.AMUX    Tcina                 0.240   u/campaign/kernel/core/evaluator_i/Mcompar_score0[17]_score1[17]_LessThan_38_o_cy<8>
                                                       u/campaign/kernel/core/evaluator_i/Mcompar_score0[17]_score1[17]_LessThan_38_o_cy<8>
    SLICE_X23Y16.C5      net (fanout=1)        0.461   u/campaign/kernel/core/evaluator_i/Mcompar_score0[17]_score1[17]_LessThan_38_o_cy<8>
    SLICE_X23Y16.C       Tilo                  0.259   u/campaign/kernel/core/b4_selected_slot<0>
                                                       u/campaign/kernel/core/evaluator_i/c0_wins
    SLICE_X26Y16.CX      net (fanout=18)       0.626   u/campaign/kernel/core/evaluator_i/c0_wins
    SLICE_X26Y16.CLK     Tdick                 0.175   u/campaign/kernel/core/b4_selected_score<0>
                                                       u/campaign/kernel/core/evaluator_i/Mmux_score1[17]_GND_15_o_mux_131_OUT11
                                                       u/campaign/kernel/core/evaluator_i/selected_score_0
    -------------------------------------------------  ---------------------------
    Total                                      9.439ns (3.186ns logic, 6.253ns route)
                                                       (33.8% logic, 66.2% route)

--------------------------------------------------------------------------------
Slack:                  0.532ns (requirement - (data path - clock path skew + uncertainty))
  Source:               u/campaign/kernel/core/evaluator_i/lam1_1_2 (FF)
  Destination:          u/campaign/kernel/core/evaluator_i/selected_score_0 (FF)
  Requirement:          10.000ns
  Data Path Delay:      9.419ns (Levels of Logic = 9)
  Clock Path Skew:      -0.014ns (0.439 - 0.453)
  Source Clock:         clk_100mhz_BUFGP rising at 0.000ns
  Destination Clock:    clk_100mhz_BUFGP rising at 10.000ns
  Clock Uncertainty:    0.035ns

  Clock Uncertainty:          0.035ns  ((TSJ^2 + TIJ^2)^1/2 + DJ) / 2 + PE
    Total System Jitter (TSJ):  0.070ns
    Total Input Jitter (TIJ):   0.000ns
    Discrete Jitter (DJ):       0.000ns
    Phase Error (PE):           0.000ns

  Maximum Data Path at Slow Process Corner: u/campaign/kernel/core/evaluator_i/lam1_1_2 to u/campaign/kernel/core/evaluator_i/selected_score_0
    Location             Delay type         Delay(ns)  Physical Resource
                                                       Logical Resource(s)
    -------------------------------------------------  -------------------
    SLICE_X27Y9.BQ       Tcko                  0.430   u/campaign/kernel/core/evaluator_i/lam1_1_3
                                                       u/campaign/kernel/core/evaluator_i/lam1_1_2
    SLICE_X26Y9.B5       net (fanout=12)       1.110   u/campaign/kernel/core/evaluator_i/lam1_1_2
    SLICE_X26Y9.COUT     Topcyb                0.483   u/campaign/kernel/core/evaluator_i/Mmux_p013_rs_cy<8>
                                                       u/campaign/kernel/core/evaluator_i/Mmux_p013_A1411
                                                       u/campaign/kernel/core/evaluator_i/Mmux_p013_rs_cy<8>
    SLICE_X26Y10.CIN     net (fanout=1)        0.003   u/campaign/kernel/core/evaluator_i/Mmux_p013_rs_cy<8>
    SLICE_X26Y10.COUT    Tbyp                  0.093   u/campaign/kernel/core/evaluator_i/Mmux_p013_rs_cy<12>
                                                       u/campaign/kernel/core/evaluator_i/Mmux_p013_rs_cy<12>
    SLICE_X26Y11.CIN     net (fanout=1)        0.003   u/campaign/kernel/core/evaluator_i/Mmux_p013_rs_cy<12>
    SLICE_X26Y11.BMUX    Tcinb                 0.310   u/campaign/kernel/core/evaluator_i/Mmux_p013_split<16>
                                                       u/campaign/kernel/core/evaluator_i/Mmux_p013_rs_cy<16>
    SLICE_X24Y6.D3       net (fanout=3)        1.555   u/campaign/kernel/core/evaluator_i/Mmux_p013_split<14>
    SLICE_X24Y6.COUT     Topcyd                0.335   u/campaign/kernel/core/evaluator_i/Mcompar_p02[17]_p01[17]_LessThan_30_o_cy<7>
                                                       u/campaign/kernel/core/evaluator_i/Mcompar_p02[17]_p01[17]_LessThan_30_o_lutdi7
                                                       u/campaign/kernel/core/evaluator_i/Mcompar_p02[17]_p01[17]_LessThan_30_o_cy<7>
    SLICE_X24Y7.CIN      net (fanout=1)        0.003   u/campaign/kernel/core/evaluator_i/Mcompar_p02[17]_p01[17]_LessThan_30_o_cy<7>
    SLICE_X24Y7.AMUX     Tcina                 0.240   u/campaign/kernel/core/evaluator_i/n12<4>
                                                       u/campaign/kernel/core/evaluator_i/Mcompar_p02[17]_p01[17]_LessThan_30_o_cy<8>
    SLICE_X23Y12.A2      net (fanout=19)       1.308   u/campaign/kernel/core/evaluator_i/p02[17]_p01[17]_LessThan_30_o
    SLICE_X23Y12.A       Tilo                  0.259   u/campaign/kernel/core/evaluator_i/quotient<11>
                                                       u/campaign/kernel/core/evaluator_i/Mmux_score091
    SLICE_X20Y15.A2      net (fanout=2)        1.310   u/campaign/kernel/core/evaluator_i/score0<17>
    SLICE_X20Y15.AMUX    Topaa                 0.456   u/campaign/kernel/core/evaluator_i/Mcompar_score0[17]_score1[17]_LessThan_38_o_cy<8>
                                                       u/campaign/kernel/core/evaluator_i/Mcompar_score0[17]_score1[17]_LessThan_38_o_lut<8>
                                                       u/campaign/kernel/core/evaluator_i/Mcompar_score0[17]_score1[17]_LessThan_38_o_cy<8>
    SLICE_X23Y16.C5      net (fanout=1)        0.461   u/campaign/kernel/core/evaluator_i/Mcompar_score0[17]_score1[17]_LessThan_38_o_cy<8>
    SLICE_X23Y16.C       Tilo                  0.259   u/campaign/kernel/core/b4_selected_slot<0>
                                                       u/campaign/kernel/core/evaluator_i/c0_wins
    SLICE_X26Y16.CX      net (fanout=18)       0.626   u/campaign/kernel/core/evaluator_i/c0_wins
    SLICE_X26Y16.CLK     Tdick                 0.175   u/campaign/kernel/core/b4_selected_score<0>
                                                       u/campaign/kernel/core/evaluator_i/Mmux_score1[17]_GND_15_o_mux_131_OUT11
                                                       u/campaign/kernel/core/evaluator_i/selected_score_0
    -------------------------------------------------  ---------------------------
    Total                                      9.419ns (3.040ns logic, 6.379ns route)
                                                       (32.3% logic, 67.7% route)

--------------------------------------------------------------------------------

Paths for end point u/campaign/kernel/core/evaluator_i/selected_score_16 (SLICE_X23Y16.B6), 754782 paths
--------------------------------------------------------------------------------
Slack:                  0.460ns (requirement - (data path - clock path skew + uncertainty))
  Source:               u/campaign/kernel/core/evaluator_i/n02_4 (FF)
  Destination:          u/campaign/kernel/core/evaluator_i/selected_score_16 (FF)
  Requirement:          10.000ns
  Data Path Delay:      9.489ns (Levels of Logic = 8)
  Clock Path Skew:      -0.016ns (0.429 - 0.445)
  Source Clock:         clk_100mhz_BUFGP rising at 0.000ns
  Destination Clock:    clk_100mhz_BUFGP rising at 10.000ns
  Clock Uncertainty:    0.035ns

  Clock Uncertainty:          0.035ns  ((TSJ^2 + TIJ^2)^1/2 + DJ) / 2 + PE
    Total System Jitter (TSJ):  0.070ns
    Total Input Jitter (TIJ):   0.000ns
    Discrete Jitter (DJ):       0.000ns
    Phase Error (PE):           0.000ns

  Maximum Data Path at Slow Process Corner: u/campaign/kernel/core/evaluator_i/n02_4 to u/campaign/kernel/core/evaluator_i/selected_score_16
    Location             Delay type         Delay(ns)  Physical Resource
                                                       Logical Resource(s)
    -------------------------------------------------  -------------------
    SLICE_X23Y10.AQ      Tcko                  0.430   u/campaign/kernel/core/evaluator_i/n02<7>
                                                       u/campaign/kernel/core/evaluator_i/n02_4
    SLICE_X22Y10.A2      net (fanout=1)        1.171   u/campaign/kernel/core/evaluator_i/n02<4>
    SLICE_X22Y10.COUT    Topcya                0.482   u/campaign/kernel/core/evaluator_i/Mmux_p023_rs_cy<7>
                                                       u/campaign/kernel/core/evaluator_i/Mmux_p023_A121
                                                       u/campaign/kernel/core/evaluator_i/Mmux_p023_rs_cy<7>
    SLICE_X22Y11.CIN     net (fanout=1)        0.003   u/campaign/kernel/core/evaluator_i/Mmux_p023_rs_cy<7>
    SLICE_X22Y11.BMUX    Tcinb                 0.310   u/campaign/kernel/core/evaluator_i/Mmux_p023_rs_cy<11>
                                                       u/campaign/kernel/core/evaluator_i/Mmux_p023_rs_cy<11>
    SLICE_X24Y6.A3       net (fanout=3)        1.524   u/campaign/kernel/core/evaluator_i/Mmux_p023_split<9>
    SLICE_X24Y6.COUT     Topcya                0.495   u/campaign/kernel/core/evaluator_i/Mcompar_p02[17]_p01[17]_LessThan_30_o_cy<7>
                                                       u/campaign/kernel/core/evaluator_i/Mcompar_p02[17]_p01[17]_LessThan_30_o_lutdi4
                                                       u/campaign/kernel/core/evaluator_i/Mcompar_p02[17]_p01[17]_LessThan_30_o_cy<7>
    SLICE_X24Y7.CIN      net (fanout=1)        0.003   u/campaign/kernel/core/evaluator_i/Mcompar_p02[17]_p01[17]_LessThan_30_o_cy<7>
    SLICE_X24Y7.AMUX     Tcina                 0.240   u/campaign/kernel/core/evaluator_i/n12<4>
                                                       u/campaign/kernel/core/evaluator_i/Mcompar_p02[17]_p01[17]_LessThan_30_o_cy<8>
    SLICE_X23Y12.A2      net (fanout=19)       1.308   u/campaign/kernel/core/evaluator_i/p02[17]_p01[17]_LessThan_30_o
    SLICE_X23Y12.A       Tilo                  0.259   u/campaign/kernel/core/evaluator_i/quotient<11>
                                                       u/campaign/kernel/core/evaluator_i/Mmux_score091
    SLICE_X20Y15.A2      net (fanout=2)        1.310   u/campaign/kernel/core/evaluator_i/score0<17>
    SLICE_X20Y15.AMUX    Topaa                 0.456   u/campaign/kernel/core/evaluator_i/Mcompar_score0[17]_score1[17]_LessThan_38_o_cy<8>
                                                       u/campaign/kernel/core/evaluator_i/Mcompar_score0[17]_score1[17]_LessThan_38_o_lut<8>
                                                       u/campaign/kernel/core/evaluator_i/Mcompar_score0[17]_score1[17]_LessThan_38_o_cy<8>
    SLICE_X23Y16.C5      net (fanout=1)        0.461   u/campaign/kernel/core/evaluator_i/Mcompar_score0[17]_score1[17]_LessThan_38_o_cy<8>
    SLICE_X23Y16.C       Tilo                  0.259   u/campaign/kernel/core/b4_selected_slot<0>
                                                       u/campaign/kernel/core/evaluator_i/c0_wins
    SLICE_X23Y16.B6      net (fanout=18)       0.405   u/campaign/kernel/core/evaluator_i/c0_wins
    SLICE_X23Y16.CLK     Tas                   0.373   u/campaign/kernel/core/b4_selected_slot<0>
                                                       u/campaign/kernel/core/evaluator_i/Mmux_score1[17]_GND_15_o_mux_131_OUT81
                                                       u/campaign/kernel/core/evaluator_i/selected_score_16
    -------------------------------------------------  ---------------------------
    Total                                      9.489ns (3.304ns logic, 6.185ns route)
                                                       (34.8% logic, 65.2% route)

--------------------------------------------------------------------------------
Slack:                  0.468ns (requirement - (data path - clock path skew + uncertainty))
  Source:               u/campaign/kernel/core/evaluator_i/n02_4 (FF)
  Destination:          u/campaign/kernel/core/evaluator_i/selected_score_16 (FF)
  Requirement:          10.000ns
  Data Path Delay:      9.481ns (Levels of Logic = 8)
  Clock Path Skew:      -0.016ns (0.429 - 0.445)
  Source Clock:         clk_100mhz_BUFGP rising at 0.000ns
  Destination Clock:    clk_100mhz_BUFGP rising at 10.000ns
  Clock Uncertainty:    0.035ns

  Clock Uncertainty:          0.035ns  ((TSJ^2 + TIJ^2)^1/2 + DJ) / 2 + PE
    Total System Jitter (TSJ):  0.070ns
    Total Input Jitter (TIJ):   0.000ns
    Discrete Jitter (DJ):       0.000ns
    Phase Error (PE):           0.000ns

  Maximum Data Path at Slow Process Corner: u/campaign/kernel/core/evaluator_i/n02_4 to u/campaign/kernel/core/evaluator_i/selected_score_16
    Location             Delay type         Delay(ns)  Physical Resource
                                                       Logical Resource(s)
    -------------------------------------------------  -------------------
    SLICE_X23Y10.AQ      Tcko                  0.430   u/campaign/kernel/core/evaluator_i/n02<7>
                                                       u/campaign/kernel/core/evaluator_i/n02_4
    SLICE_X22Y10.A2      net (fanout=1)        1.171   u/campaign/kernel/core/evaluator_i/n02<4>
    SLICE_X22Y10.COUT    Topcya                0.474   u/campaign/kernel/core/evaluator_i/Mmux_p023_rs_cy<7>
                                                       u/campaign/kernel/core/evaluator_i/Mmux_p023_A1211
                                                       u/campaign/kernel/core/evaluator_i/Mmux_p023_rs_cy<7>
    SLICE_X22Y11.CIN     net (fanout=1)        0.003   u/campaign/kernel/core/evaluator_i/Mmux_p023_rs_cy<7>
    SLICE_X22Y11.BMUX    Tcinb                 0.310   u/campaign/kernel/core/evaluator_i/Mmux_p023_rs_cy<11>
                                                       u/campaign/kernel/core/evaluator_i/Mmux_p023_rs_cy<11>
    SLICE_X24Y6.A3       net (fanout=3)        1.524   u/campaign/kernel/core/evaluator_i/Mmux_p023_split<9>
    SLICE_X24Y6.COUT     Topcya                0.495   u/campaign/kernel/core/evaluator_i/Mcompar_p02[17]_p01[17]_LessThan_30_o_cy<7>
                                                       u/campaign/kernel/core/evaluator_i/Mcompar_p02[17]_p01[17]_LessThan_30_o_lutdi4
                                                       u/campaign/kernel/core/evaluator_i/Mcompar_p02[17]_p01[17]_LessThan_30_o_cy<7>
    SLICE_X24Y7.CIN      net (fanout=1)        0.003   u/campaign/kernel/core/evaluator_i/Mcompar_p02[17]_p01[17]_LessThan_30_o_cy<7>
    SLICE_X24Y7.AMUX     Tcina                 0.240   u/campaign/kernel/core/evaluator_i/n12<4>
                                                       u/campaign/kernel/core/evaluator_i/Mcompar_p02[17]_p01[17]_LessThan_30_o_cy<8>
    SLICE_X23Y12.A2      net (fanout=19)       1.308   u/campaign/kernel/core/evaluator_i/p02[17]_p01[17]_LessThan_30_o
    SLICE_X23Y12.A       Tilo                  0.259   u/campaign/kernel/core/evaluator_i/quotient<11>
                                                       u/campaign/kernel/core/evaluator_i/Mmux_score091
    SLICE_X20Y15.A2      net (fanout=2)        1.310   u/campaign/kernel/core/evaluator_i/score0<17>
    SLICE_X20Y15.AMUX    Topaa                 0.456   u/campaign/kernel/core/evaluator_i/Mcompar_score0[17]_score1[17]_LessThan_38_o_cy<8>
                                                       u/campaign/kernel/core/evaluator_i/Mcompar_score0[17]_score1[17]_LessThan_38_o_lut<8>
                                                       u/campaign/kernel/core/evaluator_i/Mcompar_score0[17]_score1[17]_LessThan_38_o_cy<8>
    SLICE_X23Y16.C5      net (fanout=1)        0.461   u/campaign/kernel/core/evaluator_i/Mcompar_score0[17]_score1[17]_LessThan_38_o_cy<8>
    SLICE_X23Y16.C       Tilo                  0.259   u/campaign/kernel/core/b4_selected_slot<0>
                                                       u/campaign/kernel/core/evaluator_i/c0_wins
    SLICE_X23Y16.B6      net (fanout=18)       0.405   u/campaign/kernel/core/evaluator_i/c0_wins
    SLICE_X23Y16.CLK     Tas                   0.373   u/campaign/kernel/core/b4_selected_slot<0>
                                                       u/campaign/kernel/core/evaluator_i/Mmux_score1[17]_GND_15_o_mux_131_OUT81
                                                       u/campaign/kernel/core/evaluator_i/selected_score_16
    -------------------------------------------------  ---------------------------
    Total                                      9.481ns (3.296ns logic, 6.185ns route)
                                                       (34.8% logic, 65.2% route)

--------------------------------------------------------------------------------
Slack:                  0.471ns (requirement - (data path - clock path skew + uncertainty))
  Source:               u/campaign/kernel/core/evaluator_i/n02_4 (FF)
  Destination:          u/campaign/kernel/core/evaluator_i/selected_score_16 (FF)
  Requirement:          10.000ns
  Data Path Delay:      9.478ns (Levels of Logic = 8)
  Clock Path Skew:      -0.016ns (0.429 - 0.445)
  Source Clock:         clk_100mhz_BUFGP rising at 0.000ns
  Destination Clock:    clk_100mhz_BUFGP rising at 10.000ns
  Clock Uncertainty:    0.035ns

  Clock Uncertainty:          0.035ns  ((TSJ^2 + TIJ^2)^1/2 + DJ) / 2 + PE
    Total System Jitter (TSJ):  0.070ns
    Total Input Jitter (TIJ):   0.000ns
    Discrete Jitter (DJ):       0.000ns
    Phase Error (PE):           0.000ns

  Maximum Data Path at Slow Process Corner: u/campaign/kernel/core/evaluator_i/n02_4 to u/campaign/kernel/core/evaluator_i/selected_score_16
    Location             Delay type         Delay(ns)  Physical Resource
                                                       Logical Resource(s)
    -------------------------------------------------  -------------------
    SLICE_X23Y10.AQ      Tcko                  0.430   u/campaign/kernel/core/evaluator_i/n02<7>
                                                       u/campaign/kernel/core/evaluator_i/n02_4
    SLICE_X22Y10.A2      net (fanout=1)        1.171   u/campaign/kernel/core/evaluator_i/n02<4>
    SLICE_X22Y10.COUT    Topcya                0.482   u/campaign/kernel/core/evaluator_i/Mmux_p023_rs_cy<7>
                                                       u/campaign/kernel/core/evaluator_i/Mmux_p023_A121
                                                       u/campaign/kernel/core/evaluator_i/Mmux_p023_rs_cy<7>
    SLICE_X22Y11.CIN     net (fanout=1)        0.003   u/campaign/kernel/core/evaluator_i/Mmux_p023_rs_cy<7>
    SLICE_X22Y11.BMUX    Tcinb                 0.310   u/campaign/kernel/core/evaluator_i/Mmux_p023_rs_cy<11>
                                                       u/campaign/kernel/core/evaluator_i/Mmux_p023_rs_cy<11>
    SLICE_X24Y6.A3       net (fanout=3)        1.524   u/campaign/kernel/core/evaluator_i/Mmux_p023_split<9>
    SLICE_X24Y6.COUT     Topcya                0.495   u/campaign/kernel/core/evaluator_i/Mcompar_p02[17]_p01[17]_LessThan_30_o_cy<7>
                                                       u/campaign/kernel/core/evaluator_i/Mcompar_p02[17]_p01[17]_LessThan_30_o_lutdi4
                                                       u/campaign/kernel/core/evaluator_i/Mcompar_p02[17]_p01[17]_LessThan_30_o_cy<7>
    SLICE_X24Y7.CIN      net (fanout=1)        0.003   u/campaign/kernel/core/evaluator_i/Mcompar_p02[17]_p01[17]_LessThan_30_o_cy<7>
    SLICE_X24Y7.AMUX     Tcina                 0.240   u/campaign/kernel/core/evaluator_i/n12<4>
                                                       u/campaign/kernel/core/evaluator_i/Mcompar_p02[17]_p01[17]_LessThan_30_o_cy<8>
    SLICE_X23Y12.A2      net (fanout=19)       1.308   u/campaign/kernel/core/evaluator_i/p02[17]_p01[17]_LessThan_30_o
    SLICE_X23Y12.A       Tilo                  0.259   u/campaign/kernel/core/evaluator_i/quotient<11>
                                                       u/campaign/kernel/core/evaluator_i/Mmux_score091
    SLICE_X20Y15.A2      net (fanout=2)        1.310   u/campaign/kernel/core/evaluator_i/score0<17>
    SLICE_X20Y15.AMUX    Topaa                 0.445   u/campaign/kernel/core/evaluator_i/Mcompar_score0[17]_score1[17]_LessThan_38_o_cy<8>
                                                       u/campaign/kernel/core/evaluator_i/Mcompar_score0[17]_score1[17]_LessThan_38_o_lutdi8
                                                       u/campaign/kernel/core/evaluator_i/Mcompar_score0[17]_score1[17]_LessThan_38_o_cy<8>
    SLICE_X23Y16.C5      net (fanout=1)        0.461   u/campaign/kernel/core/evaluator_i/Mcompar_score0[17]_score1[17]_LessThan_38_o_cy<8>
    SLICE_X23Y16.C       Tilo                  0.259   u/campaign/kernel/core/b4_selected_slot<0>
                                                       u/campaign/kernel/core/evaluator_i/c0_wins
    SLICE_X23Y16.B6      net (fanout=18)       0.405   u/campaign/kernel/core/evaluator_i/c0_wins
    SLICE_X23Y16.CLK     Tas                   0.373   u/campaign/kernel/core/b4_selected_slot<0>
                                                       u/campaign/kernel/core/evaluator_i/Mmux_score1[17]_GND_15_o_mux_131_OUT81
                                                       u/campaign/kernel/core/evaluator_i/selected_score_16
    -------------------------------------------------  ---------------------------
    Total                                      9.478ns (3.293ns logic, 6.185ns route)
                                                       (34.7% logic, 65.3% route)

--------------------------------------------------------------------------------
Slack:                  0.479ns (requirement - (data path - clock path skew + uncertainty))
  Source:               u/campaign/kernel/core/evaluator_i/n02_4 (FF)
  Destination:          u/campaign/kernel/core/evaluator_i/selected_score_16 (FF)
  Requirement:          10.000ns
  Data Path Delay:      9.470ns (Levels of Logic = 8)
  Clock Path Skew:      -0.016ns (0.429 - 0.445)
  Source Clock:         clk_100mhz_BUFGP rising at 0.000ns
  Destination Clock:    clk_100mhz_BUFGP rising at 10.000ns
  Clock Uncertainty:    0.035ns

  Clock Uncertainty:          0.035ns  ((TSJ^2 + TIJ^2)^1/2 + DJ) / 2 + PE
    Total System Jitter (TSJ):  0.070ns
    Total Input Jitter (TIJ):   0.000ns
    Discrete Jitter (DJ):       0.000ns
    Phase Error (PE):           0.000ns

  Maximum Data Path at Slow Process Corner: u/campaign/kernel/core/evaluator_i/n02_4 to u/campaign/kernel/core/evaluator_i/selected_score_16
    Location             Delay type         Delay(ns)  Physical Resource
                                                       Logical Resource(s)
    -------------------------------------------------  -------------------
    SLICE_X23Y10.AQ      Tcko                  0.430   u/campaign/kernel/core/evaluator_i/n02<7>
                                                       u/campaign/kernel/core/evaluator_i/n02_4
    SLICE_X22Y10.A2      net (fanout=1)        1.171   u/campaign/kernel/core/evaluator_i/n02<4>
    SLICE_X22Y10.COUT    Topcya                0.474   u/campaign/kernel/core/evaluator_i/Mmux_p023_rs_cy<7>
                                                       u/campaign/kernel/core/evaluator_i/Mmux_p023_A1211
                                                       u/campaign/kernel/core/evaluator_i/Mmux_p023_rs_cy<7>
    SLICE_X22Y11.CIN     net (fanout=1)        0.003   u/campaign/kernel/core/evaluator_i/Mmux_p023_rs_cy<7>
    SLICE_X22Y11.BMUX    Tcinb                 0.310   u/campaign/kernel/core/evaluator_i/Mmux_p023_rs_cy<11>
                                                       u/campaign/kernel/core/evaluator_i/Mmux_p023_rs_cy<11>
    SLICE_X24Y6.A3       net (fanout=3)        1.524   u/campaign/kernel/core/evaluator_i/Mmux_p023_split<9>
    SLICE_X24Y6.COUT     Topcya                0.495   u/campaign/kernel/core/evaluator_i/Mcompar_p02[17]_p01[17]_LessThan_30_o_cy<7>
                                                       u/campaign/kernel/core/evaluator_i/Mcompar_p02[17]_p01[17]_LessThan_30_o_lutdi4
                                                       u/campaign/kernel/core/evaluator_i/Mcompar_p02[17]_p01[17]_LessThan_30_o_cy<7>
    SLICE_X24Y7.CIN      net (fanout=1)        0.003   u/campaign/kernel/core/evaluator_i/Mcompar_p02[17]_p01[17]_LessThan_30_o_cy<7>
    SLICE_X24Y7.AMUX     Tcina                 0.240   u/campaign/kernel/core/evaluator_i/n12<4>
                                                       u/campaign/kernel/core/evaluator_i/Mcompar_p02[17]_p01[17]_LessThan_30_o_cy<8>
    SLICE_X23Y12.A2      net (fanout=19)       1.308   u/campaign/kernel/core/evaluator_i/p02[17]_p01[17]_LessThan_30_o
    SLICE_X23Y12.A       Tilo                  0.259   u/campaign/kernel/core/evaluator_i/quotient<11>
                                                       u/campaign/kernel/core/evaluator_i/Mmux_score091
    SLICE_X20Y15.A2      net (fanout=2)        1.310   u/campaign/kernel/core/evaluator_i/score0<17>
    SLICE_X20Y15.AMUX    Topaa                 0.445   u/campaign/kernel/core/evaluator_i/Mcompar_score0[17]_score1[17]_LessThan_38_o_cy<8>
                                                       u/campaign/kernel/core/evaluator_i/Mcompar_score0[17]_score1[17]_LessThan_38_o_lutdi8
                                                       u/campaign/kernel/core/evaluator_i/Mcompar_score0[17]_score1[17]_LessThan_38_o_cy<8>
    SLICE_X23Y16.C5      net (fanout=1)        0.461   u/campaign/kernel/core/evaluator_i/Mcompar_score0[17]_score1[17]_LessThan_38_o_cy<8>
    SLICE_X23Y16.C       Tilo                  0.259   u/campaign/kernel/core/b4_selected_slot<0>
                                                       u/campaign/kernel/core/evaluator_i/c0_wins
    SLICE_X23Y16.B6      net (fanout=18)       0.405   u/campaign/kernel/core/evaluator_i/c0_wins
    SLICE_X23Y16.CLK     Tas                   0.373   u/campaign/kernel/core/b4_selected_slot<0>
                                                       u/campaign/kernel/core/evaluator_i/Mmux_score1[17]_GND_15_o_mux_131_OUT81
                                                       u/campaign/kernel/core/evaluator_i/selected_score_16
    -------------------------------------------------  ---------------------------
    Total                                      9.470ns (3.285ns logic, 6.185ns route)
                                                       (34.7% logic, 65.3% route)

--------------------------------------------------------------------------------
Slack:                  0.483ns (requirement - (data path - clock path skew + uncertainty))
  Source:               u/campaign/kernel/core/evaluator_i/n02_4 (FF)
  Destination:          u/campaign/kernel/core/evaluator_i/selected_score_16 (FF)
  Requirement:          10.000ns
  Data Path Delay:      9.466ns (Levels of Logic = 8)
  Clock Path Skew:      -0.016ns (0.429 - 0.445)
  Source Clock:         clk_100mhz_BUFGP rising at 0.000ns
  Destination Clock:    clk_100mhz_BUFGP rising at 10.000ns
  Clock Uncertainty:    0.035ns

  Clock Uncertainty:          0.035ns  ((TSJ^2 + TIJ^2)^1/2 + DJ) / 2 + PE
    Total System Jitter (TSJ):  0.070ns
    Total Input Jitter (TIJ):   0.000ns
    Discrete Jitter (DJ):       0.000ns
    Phase Error (PE):           0.000ns

  Maximum Data Path at Slow Process Corner: u/campaign/kernel/core/evaluator_i/n02_4 to u/campaign/kernel/core/evaluator_i/selected_score_16
    Location             Delay type         Delay(ns)  Physical Resource
                                                       Logical Resource(s)
    -------------------------------------------------  -------------------
    SLICE_X23Y10.AQ      Tcko                  0.430   u/campaign/kernel/core/evaluator_i/n02<7>
                                                       u/campaign/kernel/core/evaluator_i/n02_4
    SLICE_X22Y10.A2      net (fanout=1)        1.171   u/campaign/kernel/core/evaluator_i/n02<4>
    SLICE_X22Y10.COUT    Topcya                0.482   u/campaign/kernel/core/evaluator_i/Mmux_p023_rs_cy<7>
                                                       u/campaign/kernel/core/evaluator_i/Mmux_p023_A121
                                                       u/campaign/kernel/core/evaluator_i/Mmux_p023_rs_cy<7>
    SLICE_X22Y11.CIN     net (fanout=1)        0.003   u/campaign/kernel/core/evaluator_i/Mmux_p023_rs_cy<7>
    SLICE_X22Y11.BMUX    Tcinb                 0.310   u/campaign/kernel/core/evaluator_i/Mmux_p023_rs_cy<11>
                                                       u/campaign/kernel/core/evaluator_i/Mmux_p023_rs_cy<11>
    SLICE_X24Y6.A3       net (fanout=3)        1.524   u/campaign/kernel/core/evaluator_i/Mmux_p023_split<9>
    SLICE_X24Y6.COUT     Topcya                0.472   u/campaign/kernel/core/evaluator_i/Mcompar_p02[17]_p01[17]_LessThan_30_o_cy<7>
                                                       u/campaign/kernel/core/evaluator_i/Mcompar_p02[17]_p01[17]_LessThan_30_o_lut<4>
                                                       u/campaign/kernel/core/evaluator_i/Mcompar_p02[17]_p01[17]_LessThan_30_o_cy<7>
    SLICE_X24Y7.CIN      net (fanout=1)        0.003   u/campaign/kernel/core/evaluator_i/Mcompar_p02[17]_p01[17]_LessThan_30_o_cy<7>
    SLICE_X24Y7.AMUX     Tcina                 0.240   u/campaign/kernel/core/evaluator_i/n12<4>
                                                       u/campaign/kernel/core/evaluator_i/Mcompar_p02[17]_p01[17]_LessThan_30_o_cy<8>
    SLICE_X23Y12.A2      net (fanout=19)       1.308   u/campaign/kernel/core/evaluator_i/p02[17]_p01[17]_LessThan_30_o
    SLICE_X23Y12.A       Tilo                  0.259   u/campaign/kernel/core/evaluator_i/quotient<11>
                                                       u/campaign/kernel/core/evaluator_i/Mmux_score091
    SLICE_X20Y15.A2      net (fanout=2)        1.310   u/campaign/kernel/core/evaluator_i/score0<17>
    SLICE_X20Y15.AMUX    Topaa                 0.456   u/campaign/kernel/core/evaluator_i/Mcompar_score0[17]_score1[17]_LessThan_38_o_cy<8>
                                                       u/campaign/kernel/core/evaluator_i/Mcompar_score0[17]_score1[17]_LessThan_38_o_lut<8>
                                                       u/campaign/kernel/core/evaluator_i/Mcompar_score0[17]_score1[17]_LessThan_38_o_cy<8>
    SLICE_X23Y16.C5      net (fanout=1)        0.461   u/campaign/kernel/core/evaluator_i/Mcompar_score0[17]_score1[17]_LessThan_38_o_cy<8>
    SLICE_X23Y16.C       Tilo                  0.259   u/campaign/kernel/core/b4_selected_slot<0>
                                                       u/campaign/kernel/core/evaluator_i/c0_wins
    SLICE_X23Y16.B6      net (fanout=18)       0.405   u/campaign/kernel/core/evaluator_i/c0_wins
    SLICE_X23Y16.CLK     Tas                   0.373   u/campaign/kernel/core/b4_selected_slot<0>
                                                       u/campaign/kernel/core/evaluator_i/Mmux_score1[17]_GND_15_o_mux_131_OUT81
                                                       u/campaign/kernel/core/evaluator_i/selected_score_16
    -------------------------------------------------  ---------------------------
    Total                                      9.466ns (3.281ns logic, 6.185ns route)
                                                       (34.7% logic, 65.3% route)

--------------------------------------------------------------------------------
Slack:                  0.491ns (requirement - (data path - clock path skew + uncertainty))
  Source:               u/campaign/kernel/core/evaluator_i/n02_4 (FF)
  Destination:          u/campaign/kernel/core/evaluator_i/selected_score_16 (FF)
  Requirement:          10.000ns
  Data Path Delay:      9.458ns (Levels of Logic = 8)
  Clock Path Skew:      -0.016ns (0.429 - 0.445)
  Source Clock:         clk_100mhz_BUFGP rising at 0.000ns
  Destination Clock:    clk_100mhz_BUFGP rising at 10.000ns
  Clock Uncertainty:    0.035ns

  Clock Uncertainty:          0.035ns  ((TSJ^2 + TIJ^2)^1/2 + DJ) / 2 + PE
    Total System Jitter (TSJ):  0.070ns
    Total Input Jitter (TIJ):   0.000ns
    Discrete Jitter (DJ):       0.000ns
    Phase Error (PE):           0.000ns

  Maximum Data Path at Slow Process Corner: u/campaign/kernel/core/evaluator_i/n02_4 to u/campaign/kernel/core/evaluator_i/selected_score_16
    Location             Delay type         Delay(ns)  Physical Resource
                                                       Logical Resource(s)
    -------------------------------------------------  -------------------
    SLICE_X23Y10.AQ      Tcko                  0.430   u/campaign/kernel/core/evaluator_i/n02<7>
                                                       u/campaign/kernel/core/evaluator_i/n02_4
    SLICE_X22Y10.A2      net (fanout=1)        1.171   u/campaign/kernel/core/evaluator_i/n02<4>
    SLICE_X22Y10.COUT    Topcya                0.474   u/campaign/kernel/core/evaluator_i/Mmux_p023_rs_cy<7>
                                                       u/campaign/kernel/core/evaluator_i/Mmux_p023_A1211
                                                       u/campaign/kernel/core/evaluator_i/Mmux_p023_rs_cy<7>
    SLICE_X22Y11.CIN     net (fanout=1)        0.003   u/campaign/kernel/core/evaluator_i/Mmux_p023_rs_cy<7>
    SLICE_X22Y11.BMUX    Tcinb                 0.310   u/campaign/kernel/core/evaluator_i/Mmux_p023_rs_cy<11>
                                                       u/campaign/kernel/core/evaluator_i/Mmux_p023_rs_cy<11>
    SLICE_X24Y6.A3       net (fanout=3)        1.524   u/campaign/kernel/core/evaluator_i/Mmux_p023_split<9>
    SLICE_X24Y6.COUT     Topcya                0.472   u/campaign/kernel/core/evaluator_i/Mcompar_p02[17]_p01[17]_LessThan_30_o_cy<7>
                                                       u/campaign/kernel/core/evaluator_i/Mcompar_p02[17]_p01[17]_LessThan_30_o_lut<4>
                                                       u/campaign/kernel/core/evaluator_i/Mcompar_p02[17]_p01[17]_LessThan_30_o_cy<7>
    SLICE_X24Y7.CIN      net (fanout=1)        0.003   u/campaign/kernel/core/evaluator_i/Mcompar_p02[17]_p01[17]_LessThan_30_o_cy<7>
    SLICE_X24Y7.AMUX     Tcina                 0.240   u/campaign/kernel/core/evaluator_i/n12<4>
                                                       u/campaign/kernel/core/evaluator_i/Mcompar_p02[17]_p01[17]_LessThan_30_o_cy<8>
    SLICE_X23Y12.A2      net (fanout=19)       1.308   u/campaign/kernel/core/evaluator_i/p02[17]_p01[17]_LessThan_30_o
    SLICE_X23Y12.A       Tilo                  0.259   u/campaign/kernel/core/evaluator_i/quotient<11>
                                                       u/campaign/kernel/core/evaluator_i/Mmux_score091
    SLICE_X20Y15.A2      net (fanout=2)        1.310   u/campaign/kernel/core/evaluator_i/score0<17>
    SLICE_X20Y15.AMUX    Topaa                 0.456   u/campaign/kernel/core/evaluator_i/Mcompar_score0[17]_score1[17]_LessThan_38_o_cy<8>
                                                       u/campaign/kernel/core/evaluator_i/Mcompar_score0[17]_score1[17]_LessThan_38_o_lut<8>
                                                       u/campaign/kernel/core/evaluator_i/Mcompar_score0[17]_score1[17]_LessThan_38_o_cy<8>
    SLICE_X23Y16.C5      net (fanout=1)        0.461   u/campaign/kernel/core/evaluator_i/Mcompar_score0[17]_score1[17]_LessThan_38_o_cy<8>
    SLICE_X23Y16.C       Tilo                  0.259   u/campaign/kernel/core/b4_selected_slot<0>
                                                       u/campaign/kernel/core/evaluator_i/c0_wins
    SLICE_X23Y16.B6      net (fanout=18)       0.405   u/campaign/kernel/core/evaluator_i/c0_wins
    SLICE_X23Y16.CLK     Tas                   0.373   u/campaign/kernel/core/b4_selected_slot<0>
                                                       u/campaign/kernel/core/evaluator_i/Mmux_score1[17]_GND_15_o_mux_131_OUT81
                                                       u/campaign/kernel/core/evaluator_i/selected_score_16
    -------------------------------------------------  ---------------------------
    Total                                      9.458ns (3.273ns logic, 6.185ns route)
                                                       (34.6% logic, 65.4% route)

--------------------------------------------------------------------------------
Slack:                  0.494ns (requirement - (data path - clock path skew + uncertainty))
  Source:               u/campaign/kernel/core/evaluator_i/n02_4 (FF)
  Destination:          u/campaign/kernel/core/evaluator_i/selected_score_16 (FF)
  Requirement:          10.000ns
  Data Path Delay:      9.455ns (Levels of Logic = 8)
  Clock Path Skew:      -0.016ns (0.429 - 0.445)
  Source Clock:         clk_100mhz_BUFGP rising at 0.000ns
  Destination Clock:    clk_100mhz_BUFGP rising at 10.000ns
  Clock Uncertainty:    0.035ns

  Clock Uncertainty:          0.035ns  ((TSJ^2 + TIJ^2)^1/2 + DJ) / 2 + PE
    Total System Jitter (TSJ):  0.070ns
    Total Input Jitter (TIJ):   0.000ns
    Discrete Jitter (DJ):       0.000ns
    Phase Error (PE):           0.000ns

  Maximum Data Path at Slow Process Corner: u/campaign/kernel/core/evaluator_i/n02_4 to u/campaign/kernel/core/evaluator_i/selected_score_16
    Location             Delay type         Delay(ns)  Physical Resource
                                                       Logical Resource(s)
    -------------------------------------------------  -------------------
    SLICE_X23Y10.AQ      Tcko                  0.430   u/campaign/kernel/core/evaluator_i/n02<7>
                                                       u/campaign/kernel/core/evaluator_i/n02_4
    SLICE_X22Y10.A2      net (fanout=1)        1.171   u/campaign/kernel/core/evaluator_i/n02<4>
    SLICE_X22Y10.COUT    Topcya                0.482   u/campaign/kernel/core/evaluator_i/Mmux_p023_rs_cy<7>
                                                       u/campaign/kernel/core/evaluator_i/Mmux_p023_A121
                                                       u/campaign/kernel/core/evaluator_i/Mmux_p023_rs_cy<7>
    SLICE_X22Y11.CIN     net (fanout=1)        0.003   u/campaign/kernel/core/evaluator_i/Mmux_p023_rs_cy<7>
    SLICE_X22Y11.BMUX    Tcinb                 0.310   u/campaign/kernel/core/evaluator_i/Mmux_p023_rs_cy<11>
                                                       u/campaign/kernel/core/evaluator_i/Mmux_p023_rs_cy<11>
    SLICE_X24Y6.A3       net (fanout=3)        1.524   u/campaign/kernel/core/evaluator_i/Mmux_p023_split<9>
    SLICE_X24Y6.COUT     Topcya                0.472   u/campaign/kernel/core/evaluator_i/Mcompar_p02[17]_p01[17]_LessThan_30_o_cy<7>
                                                       u/campaign/kernel/core/evaluator_i/Mcompar_p02[17]_p01[17]_LessThan_30_o_lut<4>
                                                       u/campaign/kernel/core/evaluator_i/Mcompar_p02[17]_p01[17]_LessThan_30_o_cy<7>
    SLICE_X24Y7.CIN      net (fanout=1)        0.003   u/campaign/kernel/core/evaluator_i/Mcompar_p02[17]_p01[17]_LessThan_30_o_cy<7>
    SLICE_X24Y7.AMUX     Tcina                 0.240   u/campaign/kernel/core/evaluator_i/n12<4>
                                                       u/campaign/kernel/core/evaluator_i/Mcompar_p02[17]_p01[17]_LessThan_30_o_cy<8>
    SLICE_X23Y12.A2      net (fanout=19)       1.308   u/campaign/kernel/core/evaluator_i/p02[17]_p01[17]_LessThan_30_o
    SLICE_X23Y12.A       Tilo                  0.259   u/campaign/kernel/core/evaluator_i/quotient<11>
                                                       u/campaign/kernel/core/evaluator_i/Mmux_score091
    SLICE_X20Y15.A2      net (fanout=2)        1.310   u/campaign/kernel/core/evaluator_i/score0<17>
    SLICE_X20Y15.AMUX    Topaa                 0.445   u/campaign/kernel/core/evaluator_i/Mcompar_score0[17]_score1[17]_LessThan_38_o_cy<8>
                                                       u/campaign/kernel/core/evaluator_i/Mcompar_score0[17]_score1[17]_LessThan_38_o_lutdi8
                                                       u/campaign/kernel/core/evaluator_i/Mcompar_score0[17]_score1[17]_LessThan_38_o_cy<8>
    SLICE_X23Y16.C5      net (fanout=1)        0.461   u/campaign/kernel/core/evaluator_i/Mcompar_score0[17]_score1[17]_LessThan_38_o_cy<8>
    SLICE_X23Y16.C       Tilo                  0.259   u/campaign/kernel/core/b4_selected_slot<0>
                                                       u/campaign/kernel/core/evaluator_i/c0_wins
    SLICE_X23Y16.B6      net (fanout=18)       0.405   u/campaign/kernel/core/evaluator_i/c0_wins
    SLICE_X23Y16.CLK     Tas                   0.373   u/campaign/kernel/core/b4_selected_slot<0>
                                                       u/campaign/kernel/core/evaluator_i/Mmux_score1[17]_GND_15_o_mux_131_OUT81
                                                       u/campaign/kernel/core/evaluator_i/selected_score_16
    -------------------------------------------------  ---------------------------
    Total                                      9.455ns (3.270ns logic, 6.185ns route)
                                                       (34.6% logic, 65.4% route)

--------------------------------------------------------------------------------
Slack:                  0.502ns (requirement - (data path - clock path skew + uncertainty))
  Source:               u/campaign/kernel/core/evaluator_i/n02_4 (FF)
  Destination:          u/campaign/kernel/core/evaluator_i/selected_score_16 (FF)
  Requirement:          10.000ns
  Data Path Delay:      9.447ns (Levels of Logic = 8)
  Clock Path Skew:      -0.016ns (0.429 - 0.445)
  Source Clock:         clk_100mhz_BUFGP rising at 0.000ns
  Destination Clock:    clk_100mhz_BUFGP rising at 10.000ns
  Clock Uncertainty:    0.035ns

  Clock Uncertainty:          0.035ns  ((TSJ^2 + TIJ^2)^1/2 + DJ) / 2 + PE
    Total System Jitter (TSJ):  0.070ns
    Total Input Jitter (TIJ):   0.000ns
    Discrete Jitter (DJ):       0.000ns
    Phase Error (PE):           0.000ns

  Maximum Data Path at Slow Process Corner: u/campaign/kernel/core/evaluator_i/n02_4 to u/campaign/kernel/core/evaluator_i/selected_score_16
    Location             Delay type         Delay(ns)  Physical Resource
                                                       Logical Resource(s)
    -------------------------------------------------  -------------------
    SLICE_X23Y10.AQ      Tcko                  0.430   u/campaign/kernel/core/evaluator_i/n02<7>
                                                       u/campaign/kernel/core/evaluator_i/n02_4
    SLICE_X22Y10.A2      net (fanout=1)        1.171   u/campaign/kernel/core/evaluator_i/n02<4>
    SLICE_X22Y10.COUT    Topcya                0.474   u/campaign/kernel/core/evaluator_i/Mmux_p023_rs_cy<7>
                                                       u/campaign/kernel/core/evaluator_i/Mmux_p023_A1211
                                                       u/campaign/kernel/core/evaluator_i/Mmux_p023_rs_cy<7>
    SLICE_X22Y11.CIN     net (fanout=1)        0.003   u/campaign/kernel/core/evaluator_i/Mmux_p023_rs_cy<7>
    SLICE_X22Y11.BMUX    Tcinb                 0.310   u/campaign/kernel/core/evaluator_i/Mmux_p023_rs_cy<11>
                                                       u/campaign/kernel/core/evaluator_i/Mmux_p023_rs_cy<11>
    SLICE_X24Y6.A3       net (fanout=3)        1.524   u/campaign/kernel/core/evaluator_i/Mmux_p023_split<9>
    SLICE_X24Y6.COUT     Topcya                0.472   u/campaign/kernel/core/evaluator_i/Mcompar_p02[17]_p01[17]_LessThan_30_o_cy<7>
                                                       u/campaign/kernel/core/evaluator_i/Mcompar_p02[17]_p01[17]_LessThan_30_o_lut<4>
                                                       u/campaign/kernel/core/evaluator_i/Mcompar_p02[17]_p01[17]_LessThan_30_o_cy<7>
    SLICE_X24Y7.CIN      net (fanout=1)        0.003   u/campaign/kernel/core/evaluator_i/Mcompar_p02[17]_p01[17]_LessThan_30_o_cy<7>
    SLICE_X24Y7.AMUX     Tcina                 0.240   u/campaign/kernel/core/evaluator_i/n12<4>
                                                       u/campaign/kernel/core/evaluator_i/Mcompar_p02[17]_p01[17]_LessThan_30_o_cy<8>
    SLICE_X23Y12.A2      net (fanout=19)       1.308   u/campaign/kernel/core/evaluator_i/p02[17]_p01[17]_LessThan_30_o
    SLICE_X23Y12.A       Tilo                  0.259   u/campaign/kernel/core/evaluator_i/quotient<11>
                                                       u/campaign/kernel/core/evaluator_i/Mmux_score091
    SLICE_X20Y15.A2      net (fanout=2)        1.310   u/campaign/kernel/core/evaluator_i/score0<17>
    SLICE_X20Y15.AMUX    Topaa                 0.445   u/campaign/kernel/core/evaluator_i/Mcompar_score0[17]_score1[17]_LessThan_38_o_cy<8>
                                                       u/campaign/kernel/core/evaluator_i/Mcompar_score0[17]_score1[17]_LessThan_38_o_lutdi8
                                                       u/campaign/kernel/core/evaluator_i/Mcompar_score0[17]_score1[17]_LessThan_38_o_cy<8>
    SLICE_X23Y16.C5      net (fanout=1)        0.461   u/campaign/kernel/core/evaluator_i/Mcompar_score0[17]_score1[17]_LessThan_38_o_cy<8>
    SLICE_X23Y16.C       Tilo                  0.259   u/campaign/kernel/core/b4_selected_slot<0>
                                                       u/campaign/kernel/core/evaluator_i/c0_wins
    SLICE_X23Y16.B6      net (fanout=18)       0.405   u/campaign/kernel/core/evaluator_i/c0_wins
    SLICE_X23Y16.CLK     Tas                   0.373   u/campaign/kernel/core/b4_selected_slot<0>
                                                       u/campaign/kernel/core/evaluator_i/Mmux_score1[17]_GND_15_o_mux_131_OUT81
                                                       u/campaign/kernel/core/evaluator_i/selected_score_16
    -------------------------------------------------  ---------------------------
    Total                                      9.447ns (3.262ns logic, 6.185ns route)
                                                       (34.5% logic, 65.5% route)

--------------------------------------------------------------------------------
Slack:                  0.525ns (requirement - (data path - clock path skew + uncertainty))
  Source:               u/campaign/kernel/core/evaluator_i/lam1_1_2 (FF)
  Destination:          u/campaign/kernel/core/evaluator_i/selected_score_16 (FF)
  Requirement:          10.000ns
  Data Path Delay:      9.416ns (Levels of Logic = 9)
  Clock Path Skew:      -0.024ns (0.429 - 0.453)
  Source Clock:         clk_100mhz_BUFGP rising at 0.000ns
  Destination Clock:    clk_100mhz_BUFGP rising at 10.000ns
  Clock Uncertainty:    0.035ns

  Clock Uncertainty:          0.035ns  ((TSJ^2 + TIJ^2)^1/2 + DJ) / 2 + PE
    Total System Jitter (TSJ):  0.070ns
    Total Input Jitter (TIJ):   0.000ns
    Discrete Jitter (DJ):       0.000ns
    Phase Error (PE):           0.000ns

  Maximum Data Path at Slow Process Corner: u/campaign/kernel/core/evaluator_i/lam1_1_2 to u/campaign/kernel/core/evaluator_i/selected_score_16
    Location             Delay type         Delay(ns)  Physical Resource
                                                       Logical Resource(s)
    -------------------------------------------------  -------------------
    SLICE_X27Y9.BQ       Tcko                  0.430   u/campaign/kernel/core/evaluator_i/lam1_1_3
                                                       u/campaign/kernel/core/evaluator_i/lam1_1_2
    SLICE_X26Y9.B5       net (fanout=12)       1.110   u/campaign/kernel/core/evaluator_i/lam1_1_2
    SLICE_X26Y9.COUT     Topcyb                0.483   u/campaign/kernel/core/evaluator_i/Mmux_p013_rs_cy<8>
                                                       u/campaign/kernel/core/evaluator_i/Mmux_p013_A1411
                                                       u/campaign/kernel/core/evaluator_i/Mmux_p013_rs_cy<8>
    SLICE_X26Y10.CIN     net (fanout=1)        0.003   u/campaign/kernel/core/evaluator_i/Mmux_p013_rs_cy<8>
    SLICE_X26Y10.CMUX    Tcinc                 0.279   u/campaign/kernel/core/evaluator_i/Mmux_p013_rs_cy<12>
                                                       u/campaign/kernel/core/evaluator_i/Mmux_p013_rs_cy<12>
    SLICE_X22Y7.B2       net (fanout=3)        1.409   u/campaign/kernel/core/evaluator_i/Mmux_p013_split<11>
    SLICE_X22Y7.COUT     Topcyb                0.483   u/campaign/kernel/core/evaluator_i/Mcompar_p01[17]_p00[17]_LessThan_28_o_cy<7>
                                                       u/campaign/kernel/core/evaluator_i/Mcompar_p01[17]_p00[17]_LessThan_28_o_lut<5>
                                                       u/campaign/kernel/core/evaluator_i/Mcompar_p01[17]_p00[17]_LessThan_28_o_cy<7>
    SLICE_X22Y8.CIN      net (fanout=1)        0.082   u/campaign/kernel/core/evaluator_i/Mcompar_p01[17]_p00[17]_LessThan_28_o_cy<7>
    SLICE_X22Y8.AMUX     Tcina                 0.230   u/campaign/kernel/core/evaluator_i/p01[17]_p00[17]_LessThan_28_o
                                                       u/campaign/kernel/core/evaluator_i/Mcompar_p01[17]_p00[17]_LessThan_28_o_cy<8>
    SLICE_X23Y14.B2      net (fanout=19)       1.806   u/campaign/kernel/core/evaluator_i/p01[17]_p00[17]_LessThan_28_o
    SLICE_X23Y14.B       Tilo                  0.259   u/campaign/kernel/core/evaluator_i/score1<14>
                                                       u/campaign/kernel/core/evaluator_i/Mmux_score051
    SLICE_X20Y14.C1      net (fanout=3)        0.753   u/campaign/kernel/core/evaluator_i/score0<13>
    SLICE_X20Y14.COUT    Topcyc                0.348   u/campaign/kernel/core/evaluator_i/Mcompar_score0[17]_score1[17]_LessThan_38_o_cy<7>
                                                       u/campaign/kernel/core/evaluator_i/Mcompar_score0[17]_score1[17]_LessThan_38_o_lutdi6
                                                       u/campaign/kernel/core/evaluator_i/Mcompar_score0[17]_score1[17]_LessThan_38_o_cy<7>
    SLICE_X20Y15.CIN     net (fanout=1)        0.003   u/campaign/kernel/core/evaluator_i/Mcompar_score0[17]_score1[17]_LessThan_38_o_cy<7>
    SLICE_X20Y15.AMUX    Tcina                 0.240   u/campaign/kernel/core/evaluator_i/Mcompar_score0[17]_score1[17]_LessThan_38_o_cy<8>
                                                       u/campaign/kernel/core/evaluator_i/Mcompar_score0[17]_score1[17]_LessThan_38_o_cy<8>
    SLICE_X23Y16.C5      net (fanout=1)        0.461   u/campaign/kernel/core/evaluator_i/Mcompar_score0[17]_score1[17]_LessThan_38_o_cy<8>
    SLICE_X23Y16.C       Tilo                  0.259   u/campaign/kernel/core/b4_selected_slot<0>
                                                       u/campaign/kernel/core/evaluator_i/c0_wins
    SLICE_X23Y16.B6      net (fanout=18)       0.405   u/campaign/kernel/core/evaluator_i/c0_wins
    SLICE_X23Y16.CLK     Tas                   0.373   u/campaign/kernel/core/b4_selected_slot<0>
                                                       u/campaign/kernel/core/evaluator_i/Mmux_score1[17]_GND_15_o_mux_131_OUT81
                                                       u/campaign/kernel/core/evaluator_i/selected_score_16
    -------------------------------------------------  ---------------------------
    Total                                      9.416ns (3.384ns logic, 6.032ns route)
                                                       (35.9% logic, 64.1% route)

--------------------------------------------------------------------------------
Slack:                  0.545ns (requirement - (data path - clock path skew + uncertainty))
  Source:               u/campaign/kernel/core/evaluator_i/lam1_1_2 (FF)
  Destination:          u/campaign/kernel/core/evaluator_i/selected_score_16 (FF)
  Requirement:          10.000ns
  Data Path Delay:      9.396ns (Levels of Logic = 9)
  Clock Path Skew:      -0.024ns (0.429 - 0.453)
  Source Clock:         clk_100mhz_BUFGP rising at 0.000ns
  Destination Clock:    clk_100mhz_BUFGP rising at 10.000ns
  Clock Uncertainty:    0.035ns

  Clock Uncertainty:          0.035ns  ((TSJ^2 + TIJ^2)^1/2 + DJ) / 2 + PE
    Total System Jitter (TSJ):  0.070ns
    Total Input Jitter (TIJ):   0.000ns
    Discrete Jitter (DJ):       0.000ns
    Phase Error (PE):           0.000ns

  Maximum Data Path at Slow Process Corner: u/campaign/kernel/core/evaluator_i/lam1_1_2 to u/campaign/kernel/core/evaluator_i/selected_score_16
    Location             Delay type         Delay(ns)  Physical Resource
                                                       Logical Resource(s)
    -------------------------------------------------  -------------------
    SLICE_X27Y9.BQ       Tcko                  0.430   u/campaign/kernel/core/evaluator_i/lam1_1_3
                                                       u/campaign/kernel/core/evaluator_i/lam1_1_2
    SLICE_X26Y9.B5       net (fanout=12)       1.110   u/campaign/kernel/core/evaluator_i/lam1_1_2
    SLICE_X26Y9.COUT     Topcyb                0.483   u/campaign/kernel/core/evaluator_i/Mmux_p013_rs_cy<8>
                                                       u/campaign/kernel/core/evaluator_i/Mmux_p013_A1411
                                                       u/campaign/kernel/core/evaluator_i/Mmux_p013_rs_cy<8>
    SLICE_X26Y10.CIN     net (fanout=1)        0.003   u/campaign/kernel/core/evaluator_i/Mmux_p013_rs_cy<8>
    SLICE_X26Y10.COUT    Tbyp                  0.093   u/campaign/kernel/core/evaluator_i/Mmux_p013_rs_cy<12>
                                                       u/campaign/kernel/core/evaluator_i/Mmux_p013_rs_cy<12>
    SLICE_X26Y11.CIN     net (fanout=1)        0.003   u/campaign/kernel/core/evaluator_i/Mmux_p013_rs_cy<12>
    SLICE_X26Y11.BMUX    Tcinb                 0.310   u/campaign/kernel/core/evaluator_i/Mmux_p013_split<16>
                                                       u/campaign/kernel/core/evaluator_i/Mmux_p013_rs_cy<16>
    SLICE_X24Y6.D3       net (fanout=3)        1.555   u/campaign/kernel/core/evaluator_i/Mmux_p013_split<14>
    SLICE_X24Y6.COUT     Topcyd                0.335   u/campaign/kernel/core/evaluator_i/Mcompar_p02[17]_p01[17]_LessThan_30_o_cy<7>
                                                       u/campaign/kernel/core/evaluator_i/Mcompar_p02[17]_p01[17]_LessThan_30_o_lutdi7
                                                       u/campaign/kernel/core/evaluator_i/Mcompar_p02[17]_p01[17]_LessThan_30_o_cy<7>
    SLICE_X24Y7.CIN      net (fanout=1)        0.003   u/campaign/kernel/core/evaluator_i/Mcompar_p02[17]_p01[17]_LessThan_30_o_cy<7>
    SLICE_X24Y7.AMUX     Tcina                 0.240   u/campaign/kernel/core/evaluator_i/n12<4>
                                                       u/campaign/kernel/core/evaluator_i/Mcompar_p02[17]_p01[17]_LessThan_30_o_cy<8>
    SLICE_X23Y12.A2      net (fanout=19)       1.308   u/campaign/kernel/core/evaluator_i/p02[17]_p01[17]_LessThan_30_o
    SLICE_X23Y12.A       Tilo                  0.259   u/campaign/kernel/core/evaluator_i/quotient<11>
                                                       u/campaign/kernel/core/evaluator_i/Mmux_score091
    SLICE_X20Y15.A2      net (fanout=2)        1.310   u/campaign/kernel/core/evaluator_i/score0<17>
    SLICE_X20Y15.AMUX    Topaa                 0.456   u/campaign/kernel/core/evaluator_i/Mcompar_score0[17]_score1[17]_LessThan_38_o_cy<8>
                                                       u/campaign/kernel/core/evaluator_i/Mcompar_score0[17]_score1[17]_LessThan_38_o_lut<8>
                                                       u/campaign/kernel/core/evaluator_i/Mcompar_score0[17]_score1[17]_LessThan_38_o_cy<8>
    SLICE_X23Y16.C5      net (fanout=1)        0.461   u/campaign/kernel/core/evaluator_i/Mcompar_score0[17]_score1[17]_LessThan_38_o_cy<8>
    SLICE_X23Y16.C       Tilo                  0.259   u/campaign/kernel/core/b4_selected_slot<0>
                                                       u/campaign/kernel/core/evaluator_i/c0_wins
    SLICE_X23Y16.B6      net (fanout=18)       0.405   u/campaign/kernel/core/evaluator_i/c0_wins
    SLICE_X23Y16.CLK     Tas                   0.373   u/campaign/kernel/core/b4_selected_slot<0>
                                                       u/campaign/kernel/core/evaluator_i/Mmux_score1[17]_GND_15_o_mux_131_OUT81
                                                       u/campaign/kernel/core/evaluator_i/selected_score_16
    -------------------------------------------------  ---------------------------
    Total                                      9.396ns (3.238ns logic, 6.158ns route)
                                                       (34.5% logic, 65.5% route)

--------------------------------------------------------------------------------

Paths for end point u/campaign/kernel/core/evaluator_i/selected_score_2 (SLICE_X25Y16.B6), 754782 paths
--------------------------------------------------------------------------------
Slack:                  0.460ns (requirement - (data path - clock path skew + uncertainty))
  Source:               u/campaign/kernel/core/evaluator_i/n02_4 (FF)
  Destination:          u/campaign/kernel/core/evaluator_i/selected_score_2 (FF)
  Requirement:          10.000ns
  Data Path Delay:      9.495ns (Levels of Logic = 8)
  Clock Path Skew:      -0.010ns (0.435 - 0.445)
  Source Clock:         clk_100mhz_BUFGP rising at 0.000ns
  Destination Clock:    clk_100mhz_BUFGP rising at 10.000ns
  Clock Uncertainty:    0.035ns

  Clock Uncertainty:          0.035ns  ((TSJ^2 + TIJ^2)^1/2 + DJ) / 2 + PE
    Total System Jitter (TSJ):  0.070ns
    Total Input Jitter (TIJ):   0.000ns
    Discrete Jitter (DJ):       0.000ns
    Phase Error (PE):           0.000ns

  Maximum Data Path at Slow Process Corner: u/campaign/kernel/core/evaluator_i/n02_4 to u/campaign/kernel/core/evaluator_i/selected_score_2
    Location             Delay type         Delay(ns)  Physical Resource
                                                       Logical Resource(s)
    -------------------------------------------------  -------------------
    SLICE_X23Y10.AQ      Tcko                  0.430   u/campaign/kernel/core/evaluator_i/n02<7>
                                                       u/campaign/kernel/core/evaluator_i/n02_4
    SLICE_X22Y10.A2      net (fanout=1)        1.171   u/campaign/kernel/core/evaluator_i/n02<4>
    SLICE_X22Y10.COUT    Topcya                0.482   u/campaign/kernel/core/evaluator_i/Mmux_p023_rs_cy<7>
                                                       u/campaign/kernel/core/evaluator_i/Mmux_p023_A121
                                                       u/campaign/kernel/core/evaluator_i/Mmux_p023_rs_cy<7>
    SLICE_X22Y11.CIN     net (fanout=1)        0.003   u/campaign/kernel/core/evaluator_i/Mmux_p023_rs_cy<7>
    SLICE_X22Y11.BMUX    Tcinb                 0.310   u/campaign/kernel/core/evaluator_i/Mmux_p023_rs_cy<11>
                                                       u/campaign/kernel/core/evaluator_i/Mmux_p023_rs_cy<11>
    SLICE_X24Y6.A3       net (fanout=3)        1.524   u/campaign/kernel/core/evaluator_i/Mmux_p023_split<9>
    SLICE_X24Y6.COUT     Topcya                0.495   u/campaign/kernel/core/evaluator_i/Mcompar_p02[17]_p01[17]_LessThan_30_o_cy<7>
                                                       u/campaign/kernel/core/evaluator_i/Mcompar_p02[17]_p01[17]_LessThan_30_o_lutdi4
                                                       u/campaign/kernel/core/evaluator_i/Mcompar_p02[17]_p01[17]_LessThan_30_o_cy<7>
    SLICE_X24Y7.CIN      net (fanout=1)        0.003   u/campaign/kernel/core/evaluator_i/Mcompar_p02[17]_p01[17]_LessThan_30_o_cy<7>
    SLICE_X24Y7.AMUX     Tcina                 0.240   u/campaign/kernel/core/evaluator_i/n12<4>
                                                       u/campaign/kernel/core/evaluator_i/Mcompar_p02[17]_p01[17]_LessThan_30_o_cy<8>
    SLICE_X23Y12.A2      net (fanout=19)       1.308   u/campaign/kernel/core/evaluator_i/p02[17]_p01[17]_LessThan_30_o
    SLICE_X23Y12.A       Tilo                  0.259   u/campaign/kernel/core/evaluator_i/quotient<11>
                                                       u/campaign/kernel/core/evaluator_i/Mmux_score091
    SLICE_X20Y15.A2      net (fanout=2)        1.310   u/campaign/kernel/core/evaluator_i/score0<17>
    SLICE_X20Y15.AMUX    Topaa                 0.456   u/campaign/kernel/core/evaluator_i/Mcompar_score0[17]_score1[17]_LessThan_38_o_cy<8>
                                                       u/campaign/kernel/core/evaluator_i/Mcompar_score0[17]_score1[17]_LessThan_38_o_lut<8>
                                                       u/campaign/kernel/core/evaluator_i/Mcompar_score0[17]_score1[17]_LessThan_38_o_cy<8>
    SLICE_X23Y16.C5      net (fanout=1)        0.461   u/campaign/kernel/core/evaluator_i/Mcompar_score0[17]_score1[17]_LessThan_38_o_cy<8>
    SLICE_X23Y16.C       Tilo                  0.259   u/campaign/kernel/core/b4_selected_slot<0>
                                                       u/campaign/kernel/core/evaluator_i/c0_wins
    SLICE_X25Y16.B6      net (fanout=18)       0.411   u/campaign/kernel/core/evaluator_i/c0_wins
    SLICE_X25Y16.CLK     Tas                   0.373   u/campaign/kernel/core/b4_selected_score<2>
                                                       u/campaign/kernel/core/evaluator_i/Mmux_score1[17]_GND_15_o_mux_131_OUT111
                                                       u/campaign/kernel/core/evaluator_i/selected_score_2
    -------------------------------------------------  ---------------------------
    Total                                      9.495ns (3.304ns logic, 6.191ns route)
                                                       (34.8% logic, 65.2% route)

--------------------------------------------------------------------------------
Slack:                  0.468ns (requirement - (data path - clock path skew + uncertainty))
  Source:               u/campaign/kernel/core/evaluator_i/n02_4 (FF)
  Destination:          u/campaign/kernel/core/evaluator_i/selected_score_2 (FF)
  Requirement:          10.000ns
  Data Path Delay:      9.487ns (Levels of Logic = 8)
  Clock Path Skew:      -0.010ns (0.435 - 0.445)
  Source Clock:         clk_100mhz_BUFGP rising at 0.000ns
  Destination Clock:    clk_100mhz_BUFGP rising at 10.000ns
  Clock Uncertainty:    0.035ns

  Clock Uncertainty:          0.035ns  ((TSJ^2 + TIJ^2)^1/2 + DJ) / 2 + PE
    Total System Jitter (TSJ):  0.070ns
    Total Input Jitter (TIJ):   0.000ns
    Discrete Jitter (DJ):       0.000ns
    Phase Error (PE):           0.000ns

  Maximum Data Path at Slow Process Corner: u/campaign/kernel/core/evaluator_i/n02_4 to u/campaign/kernel/core/evaluator_i/selected_score_2
    Location             Delay type         Delay(ns)  Physical Resource
                                                       Logical Resource(s)
    -------------------------------------------------  -------------------
    SLICE_X23Y10.AQ      Tcko                  0.430   u/campaign/kernel/core/evaluator_i/n02<7>
                                                       u/campaign/kernel/core/evaluator_i/n02_4
    SLICE_X22Y10.A2      net (fanout=1)        1.171   u/campaign/kernel/core/evaluator_i/n02<4>
    SLICE_X22Y10.COUT    Topcya                0.474   u/campaign/kernel/core/evaluator_i/Mmux_p023_rs_cy<7>
                                                       u/campaign/kernel/core/evaluator_i/Mmux_p023_A1211
                                                       u/campaign/kernel/core/evaluator_i/Mmux_p023_rs_cy<7>
    SLICE_X22Y11.CIN     net (fanout=1)        0.003   u/campaign/kernel/core/evaluator_i/Mmux_p023_rs_cy<7>
    SLICE_X22Y11.BMUX    Tcinb                 0.310   u/campaign/kernel/core/evaluator_i/Mmux_p023_rs_cy<11>
                                                       u/campaign/kernel/core/evaluator_i/Mmux_p023_rs_cy<11>
    SLICE_X24Y6.A3       net (fanout=3)        1.524   u/campaign/kernel/core/evaluator_i/Mmux_p023_split<9>
    SLICE_X24Y6.COUT     Topcya                0.495   u/campaign/kernel/core/evaluator_i/Mcompar_p02[17]_p01[17]_LessThan_30_o_cy<7>
                                                       u/campaign/kernel/core/evaluator_i/Mcompar_p02[17]_p01[17]_LessThan_30_o_lutdi4
                                                       u/campaign/kernel/core/evaluator_i/Mcompar_p02[17]_p01[17]_LessThan_30_o_cy<7>
    SLICE_X24Y7.CIN      net (fanout=1)        0.003   u/campaign/kernel/core/evaluator_i/Mcompar_p02[17]_p01[17]_LessThan_30_o_cy<7>
    SLICE_X24Y7.AMUX     Tcina                 0.240   u/campaign/kernel/core/evaluator_i/n12<4>
                                                       u/campaign/kernel/core/evaluator_i/Mcompar_p02[17]_p01[17]_LessThan_30_o_cy<8>
    SLICE_X23Y12.A2      net (fanout=19)       1.308   u/campaign/kernel/core/evaluator_i/p02[17]_p01[17]_LessThan_30_o
    SLICE_X23Y12.A       Tilo                  0.259   u/campaign/kernel/core/evaluator_i/quotient<11>
                                                       u/campaign/kernel/core/evaluator_i/Mmux_score091
    SLICE_X20Y15.A2      net (fanout=2)        1.310   u/campaign/kernel/core/evaluator_i/score0<17>
    SLICE_X20Y15.AMUX    Topaa                 0.456   u/campaign/kernel/core/evaluator_i/Mcompar_score0[17]_score1[17]_LessThan_38_o_cy<8>
                                                       u/campaign/kernel/core/evaluator_i/Mcompar_score0[17]_score1[17]_LessThan_38_o_lut<8>
                                                       u/campaign/kernel/core/evaluator_i/Mcompar_score0[17]_score1[17]_LessThan_38_o_cy<8>
    SLICE_X23Y16.C5      net (fanout=1)        0.461   u/campaign/kernel/core/evaluator_i/Mcompar_score0[17]_score1[17]_LessThan_38_o_cy<8>
    SLICE_X23Y16.C       Tilo                  0.259   u/campaign/kernel/core/b4_selected_slot<0>
                                                       u/campaign/kernel/core/evaluator_i/c0_wins
    SLICE_X25Y16.B6      net (fanout=18)       0.411   u/campaign/kernel/core/evaluator_i/c0_wins
    SLICE_X25Y16.CLK     Tas                   0.373   u/campaign/kernel/core/b4_selected_score<2>
                                                       u/campaign/kernel/core/evaluator_i/Mmux_score1[17]_GND_15_o_mux_131_OUT111
                                                       u/campaign/kernel/core/evaluator_i/selected_score_2
    -------------------------------------------------  ---------------------------
    Total                                      9.487ns (3.296ns logic, 6.191ns route)
                                                       (34.7% logic, 65.3% route)

--------------------------------------------------------------------------------
Slack:                  0.471ns (requirement - (data path - clock path skew + uncertainty))
  Source:               u/campaign/kernel/core/evaluator_i/n02_4 (FF)
  Destination:          u/campaign/kernel/core/evaluator_i/selected_score_2 (FF)
  Requirement:          10.000ns
  Data Path Delay:      9.484ns (Levels of Logic = 8)
  Clock Path Skew:      -0.010ns (0.435 - 0.445)
  Source Clock:         clk_100mhz_BUFGP rising at 0.000ns
  Destination Clock:    clk_100mhz_BUFGP rising at 10.000ns
  Clock Uncertainty:    0.035ns

  Clock Uncertainty:          0.035ns  ((TSJ^2 + TIJ^2)^1/2 + DJ) / 2 + PE
    Total System Jitter (TSJ):  0.070ns
    Total Input Jitter (TIJ):   0.000ns
    Discrete Jitter (DJ):       0.000ns
    Phase Error (PE):           0.000ns

  Maximum Data Path at Slow Process Corner: u/campaign/kernel/core/evaluator_i/n02_4 to u/campaign/kernel/core/evaluator_i/selected_score_2
    Location             Delay type         Delay(ns)  Physical Resource
                                                       Logical Resource(s)
    -------------------------------------------------  -------------------
    SLICE_X23Y10.AQ      Tcko                  0.430   u/campaign/kernel/core/evaluator_i/n02<7>
                                                       u/campaign/kernel/core/evaluator_i/n02_4
    SLICE_X22Y10.A2      net (fanout=1)        1.171   u/campaign/kernel/core/evaluator_i/n02<4>
    SLICE_X22Y10.COUT    Topcya                0.482   u/campaign/kernel/core/evaluator_i/Mmux_p023_rs_cy<7>
                                                       u/campaign/kernel/core/evaluator_i/Mmux_p023_A121
                                                       u/campaign/kernel/core/evaluator_i/Mmux_p023_rs_cy<7>
    SLICE_X22Y11.CIN     net (fanout=1)        0.003   u/campaign/kernel/core/evaluator_i/Mmux_p023_rs_cy<7>
    SLICE_X22Y11.BMUX    Tcinb                 0.310   u/campaign/kernel/core/evaluator_i/Mmux_p023_rs_cy<11>
                                                       u/campaign/kernel/core/evaluator_i/Mmux_p023_rs_cy<11>
    SLICE_X24Y6.A3       net (fanout=3)        1.524   u/campaign/kernel/core/evaluator_i/Mmux_p023_split<9>
    SLICE_X24Y6.COUT     Topcya                0.495   u/campaign/kernel/core/evaluator_i/Mcompar_p02[17]_p01[17]_LessThan_30_o_cy<7>
                                                       u/campaign/kernel/core/evaluator_i/Mcompar_p02[17]_p01[17]_LessThan_30_o_lutdi4
                                                       u/campaign/kernel/core/evaluator_i/Mcompar_p02[17]_p01[17]_LessThan_30_o_cy<7>
    SLICE_X24Y7.CIN      net (fanout=1)        0.003   u/campaign/kernel/core/evaluator_i/Mcompar_p02[17]_p01[17]_LessThan_30_o_cy<7>
    SLICE_X24Y7.AMUX     Tcina                 0.240   u/campaign/kernel/core/evaluator_i/n12<4>
                                                       u/campaign/kernel/core/evaluator_i/Mcompar_p02[17]_p01[17]_LessThan_30_o_cy<8>
    SLICE_X23Y12.A2      net (fanout=19)       1.308   u/campaign/kernel/core/evaluator_i/p02[17]_p01[17]_LessThan_30_o
    SLICE_X23Y12.A       Tilo                  0.259   u/campaign/kernel/core/evaluator_i/quotient<11>
                                                       u/campaign/kernel/core/evaluator_i/Mmux_score091
    SLICE_X20Y15.A2      net (fanout=2)        1.310   u/campaign/kernel/core/evaluator_i/score0<17>
    SLICE_X20Y15.AMUX    Topaa                 0.445   u/campaign/kernel/core/evaluator_i/Mcompar_score0[17]_score1[17]_LessThan_38_o_cy<8>
                                                       u/campaign/kernel/core/evaluator_i/Mcompar_score0[17]_score1[17]_LessThan_38_o_lutdi8
                                                       u/campaign/kernel/core/evaluator_i/Mcompar_score0[17]_score1[17]_LessThan_38_o_cy<8>
    SLICE_X23Y16.C5      net (fanout=1)        0.461   u/campaign/kernel/core/evaluator_i/Mcompar_score0[17]_score1[17]_LessThan_38_o_cy<8>
    SLICE_X23Y16.C       Tilo                  0.259   u/campaign/kernel/core/b4_selected_slot<0>
                                                       u/campaign/kernel/core/evaluator_i/c0_wins
    SLICE_X25Y16.B6      net (fanout=18)       0.411   u/campaign/kernel/core/evaluator_i/c0_wins
    SLICE_X25Y16.CLK     Tas                   0.373   u/campaign/kernel/core/b4_selected_score<2>
                                                       u/campaign/kernel/core/evaluator_i/Mmux_score1[17]_GND_15_o_mux_131_OUT111
                                                       u/campaign/kernel/core/evaluator_i/selected_score_2
    -------------------------------------------------  ---------------------------
    Total                                      9.484ns (3.293ns logic, 6.191ns route)
                                                       (34.7% logic, 65.3% route)

--------------------------------------------------------------------------------
Slack:                  0.479ns (requirement - (data path - clock path skew + uncertainty))
  Source:               u/campaign/kernel/core/evaluator_i/n02_4 (FF)
  Destination:          u/campaign/kernel/core/evaluator_i/selected_score_2 (FF)
  Requirement:          10.000ns
  Data Path Delay:      9.476ns (Levels of Logic = 8)
  Clock Path Skew:      -0.010ns (0.435 - 0.445)
  Source Clock:         clk_100mhz_BUFGP rising at 0.000ns
  Destination Clock:    clk_100mhz_BUFGP rising at 10.000ns
  Clock Uncertainty:    0.035ns

  Clock Uncertainty:          0.035ns  ((TSJ^2 + TIJ^2)^1/2 + DJ) / 2 + PE
    Total System Jitter (TSJ):  0.070ns
    Total Input Jitter (TIJ):   0.000ns
    Discrete Jitter (DJ):       0.000ns
    Phase Error (PE):           0.000ns

  Maximum Data Path at Slow Process Corner: u/campaign/kernel/core/evaluator_i/n02_4 to u/campaign/kernel/core/evaluator_i/selected_score_2
    Location             Delay type         Delay(ns)  Physical Resource
                                                       Logical Resource(s)
    -------------------------------------------------  -------------------
    SLICE_X23Y10.AQ      Tcko                  0.430   u/campaign/kernel/core/evaluator_i/n02<7>
                                                       u/campaign/kernel/core/evaluator_i/n02_4
    SLICE_X22Y10.A2      net (fanout=1)        1.171   u/campaign/kernel/core/evaluator_i/n02<4>
    SLICE_X22Y10.COUT    Topcya                0.474   u/campaign/kernel/core/evaluator_i/Mmux_p023_rs_cy<7>
                                                       u/campaign/kernel/core/evaluator_i/Mmux_p023_A1211
                                                       u/campaign/kernel/core/evaluator_i/Mmux_p023_rs_cy<7>
    SLICE_X22Y11.CIN     net (fanout=1)        0.003   u/campaign/kernel/core/evaluator_i/Mmux_p023_rs_cy<7>
    SLICE_X22Y11.BMUX    Tcinb                 0.310   u/campaign/kernel/core/evaluator_i/Mmux_p023_rs_cy<11>
                                                       u/campaign/kernel/core/evaluator_i/Mmux_p023_rs_cy<11>
    SLICE_X24Y6.A3       net (fanout=3)        1.524   u/campaign/kernel/core/evaluator_i/Mmux_p023_split<9>
    SLICE_X24Y6.COUT     Topcya                0.495   u/campaign/kernel/core/evaluator_i/Mcompar_p02[17]_p01[17]_LessThan_30_o_cy<7>
                                                       u/campaign/kernel/core/evaluator_i/Mcompar_p02[17]_p01[17]_LessThan_30_o_lutdi4
                                                       u/campaign/kernel/core/evaluator_i/Mcompar_p02[17]_p01[17]_LessThan_30_o_cy<7>
    SLICE_X24Y7.CIN      net (fanout=1)        0.003   u/campaign/kernel/core/evaluator_i/Mcompar_p02[17]_p01[17]_LessThan_30_o_cy<7>
    SLICE_X24Y7.AMUX     Tcina                 0.240   u/campaign/kernel/core/evaluator_i/n12<4>
                                                       u/campaign/kernel/core/evaluator_i/Mcompar_p02[17]_p01[17]_LessThan_30_o_cy<8>
    SLICE_X23Y12.A2      net (fanout=19)       1.308   u/campaign/kernel/core/evaluator_i/p02[17]_p01[17]_LessThan_30_o
    SLICE_X23Y12.A       Tilo                  0.259   u/campaign/kernel/core/evaluator_i/quotient<11>
                                                       u/campaign/kernel/core/evaluator_i/Mmux_score091
    SLICE_X20Y15.A2      net (fanout=2)        1.310   u/campaign/kernel/core/evaluator_i/score0<17>
    SLICE_X20Y15.AMUX    Topaa                 0.445   u/campaign/kernel/core/evaluator_i/Mcompar_score0[17]_score1[17]_LessThan_38_o_cy<8>
                                                       u/campaign/kernel/core/evaluator_i/Mcompar_score0[17]_score1[17]_LessThan_38_o_lutdi8
                                                       u/campaign/kernel/core/evaluator_i/Mcompar_score0[17]_score1[17]_LessThan_38_o_cy<8>
    SLICE_X23Y16.C5      net (fanout=1)        0.461   u/campaign/kernel/core/evaluator_i/Mcompar_score0[17]_score1[17]_LessThan_38_o_cy<8>
    SLICE_X23Y16.C       Tilo                  0.259   u/campaign/kernel/core/b4_selected_slot<0>
                                                       u/campaign/kernel/core/evaluator_i/c0_wins
    SLICE_X25Y16.B6      net (fanout=18)       0.411   u/campaign/kernel/core/evaluator_i/c0_wins
    SLICE_X25Y16.CLK     Tas                   0.373   u/campaign/kernel/core/b4_selected_score<2>
                                                       u/campaign/kernel/core/evaluator_i/Mmux_score1[17]_GND_15_o_mux_131_OUT111
                                                       u/campaign/kernel/core/evaluator_i/selected_score_2
    -------------------------------------------------  ---------------------------
    Total                                      9.476ns (3.285ns logic, 6.191ns route)
                                                       (34.7% logic, 65.3% route)

--------------------------------------------------------------------------------
Slack:                  0.483ns (requirement - (data path - clock path skew + uncertainty))
  Source:               u/campaign/kernel/core/evaluator_i/n02_4 (FF)
  Destination:          u/campaign/kernel/core/evaluator_i/selected_score_2 (FF)
  Requirement:          10.000ns
  Data Path Delay:      9.472ns (Levels of Logic = 8)
  Clock Path Skew:      -0.010ns (0.435 - 0.445)
  Source Clock:         clk_100mhz_BUFGP rising at 0.000ns
  Destination Clock:    clk_100mhz_BUFGP rising at 10.000ns
  Clock Uncertainty:    0.035ns

  Clock Uncertainty:          0.035ns  ((TSJ^2 + TIJ^2)^1/2 + DJ) / 2 + PE
    Total System Jitter (TSJ):  0.070ns
    Total Input Jitter (TIJ):   0.000ns
    Discrete Jitter (DJ):       0.000ns
    Phase Error (PE):           0.000ns

  Maximum Data Path at Slow Process Corner: u/campaign/kernel/core/evaluator_i/n02_4 to u/campaign/kernel/core/evaluator_i/selected_score_2
    Location             Delay type         Delay(ns)  Physical Resource
                                                       Logical Resource(s)
    -------------------------------------------------  -------------------
    SLICE_X23Y10.AQ      Tcko                  0.430   u/campaign/kernel/core/evaluator_i/n02<7>
                                                       u/campaign/kernel/core/evaluator_i/n02_4
    SLICE_X22Y10.A2      net (fanout=1)        1.171   u/campaign/kernel/core/evaluator_i/n02<4>
    SLICE_X22Y10.COUT    Topcya                0.482   u/campaign/kernel/core/evaluator_i/Mmux_p023_rs_cy<7>
                                                       u/campaign/kernel/core/evaluator_i/Mmux_p023_A121
                                                       u/campaign/kernel/core/evaluator_i/Mmux_p023_rs_cy<7>
    SLICE_X22Y11.CIN     net (fanout=1)        0.003   u/campaign/kernel/core/evaluator_i/Mmux_p023_rs_cy<7>
    SLICE_X22Y11.BMUX    Tcinb                 0.310   u/campaign/kernel/core/evaluator_i/Mmux_p023_rs_cy<11>
                                                       u/campaign/kernel/core/evaluator_i/Mmux_p023_rs_cy<11>
    SLICE_X24Y6.A3       net (fanout=3)        1.524   u/campaign/kernel/core/evaluator_i/Mmux_p023_split<9>
    SLICE_X24Y6.COUT     Topcya                0.472   u/campaign/kernel/core/evaluator_i/Mcompar_p02[17]_p01[17]_LessThan_30_o_cy<7>
                                                       u/campaign/kernel/core/evaluator_i/Mcompar_p02[17]_p01[17]_LessThan_30_o_lut<4>
                                                       u/campaign/kernel/core/evaluator_i/Mcompar_p02[17]_p01[17]_LessThan_30_o_cy<7>
    SLICE_X24Y7.CIN      net (fanout=1)        0.003   u/campaign/kernel/core/evaluator_i/Mcompar_p02[17]_p01[17]_LessThan_30_o_cy<7>
    SLICE_X24Y7.AMUX     Tcina                 0.240   u/campaign/kernel/core/evaluator_i/n12<4>
                                                       u/campaign/kernel/core/evaluator_i/Mcompar_p02[17]_p01[17]_LessThan_30_o_cy<8>
    SLICE_X23Y12.A2      net (fanout=19)       1.308   u/campaign/kernel/core/evaluator_i/p02[17]_p01[17]_LessThan_30_o
    SLICE_X23Y12.A       Tilo                  0.259   u/campaign/kernel/core/evaluator_i/quotient<11>
                                                       u/campaign/kernel/core/evaluator_i/Mmux_score091
    SLICE_X20Y15.A2      net (fanout=2)        1.310   u/campaign/kernel/core/evaluator_i/score0<17>
    SLICE_X20Y15.AMUX    Topaa                 0.456   u/campaign/kernel/core/evaluator_i/Mcompar_score0[17]_score1[17]_LessThan_38_o_cy<8>
                                                       u/campaign/kernel/core/evaluator_i/Mcompar_score0[17]_score1[17]_LessThan_38_o_lut<8>
                                                       u/campaign/kernel/core/evaluator_i/Mcompar_score0[17]_score1[17]_LessThan_38_o_cy<8>
    SLICE_X23Y16.C5      net (fanout=1)        0.461   u/campaign/kernel/core/evaluator_i/Mcompar_score0[17]_score1[17]_LessThan_38_o_cy<8>
    SLICE_X23Y16.C       Tilo                  0.259   u/campaign/kernel/core/b4_selected_slot<0>
                                                       u/campaign/kernel/core/evaluator_i/c0_wins
    SLICE_X25Y16.B6      net (fanout=18)       0.411   u/campaign/kernel/core/evaluator_i/c0_wins
    SLICE_X25Y16.CLK     Tas                   0.373   u/campaign/kernel/core/b4_selected_score<2>
                                                       u/campaign/kernel/core/evaluator_i/Mmux_score1[17]_GND_15_o_mux_131_OUT111
                                                       u/campaign/kernel/core/evaluator_i/selected_score_2
    -------------------------------------------------  ---------------------------
    Total                                      9.472ns (3.281ns logic, 6.191ns route)
                                                       (34.6% logic, 65.4% route)

--------------------------------------------------------------------------------
Slack:                  0.491ns (requirement - (data path - clock path skew + uncertainty))
  Source:               u/campaign/kernel/core/evaluator_i/n02_4 (FF)
  Destination:          u/campaign/kernel/core/evaluator_i/selected_score_2 (FF)
  Requirement:          10.000ns
  Data Path Delay:      9.464ns (Levels of Logic = 8)
  Clock Path Skew:      -0.010ns (0.435 - 0.445)
  Source Clock:         clk_100mhz_BUFGP rising at 0.000ns
  Destination Clock:    clk_100mhz_BUFGP rising at 10.000ns
  Clock Uncertainty:    0.035ns

  Clock Uncertainty:          0.035ns  ((TSJ^2 + TIJ^2)^1/2 + DJ) / 2 + PE
    Total System Jitter (TSJ):  0.070ns
    Total Input Jitter (TIJ):   0.000ns
    Discrete Jitter (DJ):       0.000ns
    Phase Error (PE):           0.000ns

  Maximum Data Path at Slow Process Corner: u/campaign/kernel/core/evaluator_i/n02_4 to u/campaign/kernel/core/evaluator_i/selected_score_2
    Location             Delay type         Delay(ns)  Physical Resource
                                                       Logical Resource(s)
    -------------------------------------------------  -------------------
    SLICE_X23Y10.AQ      Tcko                  0.430   u/campaign/kernel/core/evaluator_i/n02<7>
                                                       u/campaign/kernel/core/evaluator_i/n02_4
    SLICE_X22Y10.A2      net (fanout=1)        1.171   u/campaign/kernel/core/evaluator_i/n02<4>
    SLICE_X22Y10.COUT    Topcya                0.474   u/campaign/kernel/core/evaluator_i/Mmux_p023_rs_cy<7>
                                                       u/campaign/kernel/core/evaluator_i/Mmux_p023_A1211
                                                       u/campaign/kernel/core/evaluator_i/Mmux_p023_rs_cy<7>
    SLICE_X22Y11.CIN     net (fanout=1)        0.003   u/campaign/kernel/core/evaluator_i/Mmux_p023_rs_cy<7>
    SLICE_X22Y11.BMUX    Tcinb                 0.310   u/campaign/kernel/core/evaluator_i/Mmux_p023_rs_cy<11>
                                                       u/campaign/kernel/core/evaluator_i/Mmux_p023_rs_cy<11>
    SLICE_X24Y6.A3       net (fanout=3)        1.524   u/campaign/kernel/core/evaluator_i/Mmux_p023_split<9>
    SLICE_X24Y6.COUT     Topcya                0.472   u/campaign/kernel/core/evaluator_i/Mcompar_p02[17]_p01[17]_LessThan_30_o_cy<7>
                                                       u/campaign/kernel/core/evaluator_i/Mcompar_p02[17]_p01[17]_LessThan_30_o_lut<4>
                                                       u/campaign/kernel/core/evaluator_i/Mcompar_p02[17]_p01[17]_LessThan_30_o_cy<7>
    SLICE_X24Y7.CIN      net (fanout=1)        0.003   u/campaign/kernel/core/evaluator_i/Mcompar_p02[17]_p01[17]_LessThan_30_o_cy<7>
    SLICE_X24Y7.AMUX     Tcina                 0.240   u/campaign/kernel/core/evaluator_i/n12<4>
                                                       u/campaign/kernel/core/evaluator_i/Mcompar_p02[17]_p01[17]_LessThan_30_o_cy<8>
    SLICE_X23Y12.A2      net (fanout=19)       1.308   u/campaign/kernel/core/evaluator_i/p02[17]_p01[17]_LessThan_30_o
    SLICE_X23Y12.A       Tilo                  0.259   u/campaign/kernel/core/evaluator_i/quotient<11>
                                                       u/campaign/kernel/core/evaluator_i/Mmux_score091
    SLICE_X20Y15.A2      net (fanout=2)        1.310   u/campaign/kernel/core/evaluator_i/score0<17>
    SLICE_X20Y15.AMUX    Topaa                 0.456   u/campaign/kernel/core/evaluator_i/Mcompar_score0[17]_score1[17]_LessThan_38_o_cy<8>
                                                       u/campaign/kernel/core/evaluator_i/Mcompar_score0[17]_score1[17]_LessThan_38_o_lut<8>
                                                       u/campaign/kernel/core/evaluator_i/Mcompar_score0[17]_score1[17]_LessThan_38_o_cy<8>
    SLICE_X23Y16.C5      net (fanout=1)        0.461   u/campaign/kernel/core/evaluator_i/Mcompar_score0[17]_score1[17]_LessThan_38_o_cy<8>
    SLICE_X23Y16.C       Tilo                  0.259   u/campaign/kernel/core/b4_selected_slot<0>
                                                       u/campaign/kernel/core/evaluator_i/c0_wins
    SLICE_X25Y16.B6      net (fanout=18)       0.411   u/campaign/kernel/core/evaluator_i/c0_wins
    SLICE_X25Y16.CLK     Tas                   0.373   u/campaign/kernel/core/b4_selected_score<2>
                                                       u/campaign/kernel/core/evaluator_i/Mmux_score1[17]_GND_15_o_mux_131_OUT111
                                                       u/campaign/kernel/core/evaluator_i/selected_score_2
    -------------------------------------------------  ---------------------------
    Total                                      9.464ns (3.273ns logic, 6.191ns route)
                                                       (34.6% logic, 65.4% route)

--------------------------------------------------------------------------------
Slack:                  0.494ns (requirement - (data path - clock path skew + uncertainty))
  Source:               u/campaign/kernel/core/evaluator_i/n02_4 (FF)
  Destination:          u/campaign/kernel/core/evaluator_i/selected_score_2 (FF)
  Requirement:          10.000ns
  Data Path Delay:      9.461ns (Levels of Logic = 8)
  Clock Path Skew:      -0.010ns (0.435 - 0.445)
  Source Clock:         clk_100mhz_BUFGP rising at 0.000ns
  Destination Clock:    clk_100mhz_BUFGP rising at 10.000ns
  Clock Uncertainty:    0.035ns

  Clock Uncertainty:          0.035ns  ((TSJ^2 + TIJ^2)^1/2 + DJ) / 2 + PE
    Total System Jitter (TSJ):  0.070ns
    Total Input Jitter (TIJ):   0.000ns
    Discrete Jitter (DJ):       0.000ns
    Phase Error (PE):           0.000ns

  Maximum Data Path at Slow Process Corner: u/campaign/kernel/core/evaluator_i/n02_4 to u/campaign/kernel/core/evaluator_i/selected_score_2
    Location             Delay type         Delay(ns)  Physical Resource
                                                       Logical Resource(s)
    -------------------------------------------------  -------------------
    SLICE_X23Y10.AQ      Tcko                  0.430   u/campaign/kernel/core/evaluator_i/n02<7>
                                                       u/campaign/kernel/core/evaluator_i/n02_4
    SLICE_X22Y10.A2      net (fanout=1)        1.171   u/campaign/kernel/core/evaluator_i/n02<4>
    SLICE_X22Y10.COUT    Topcya                0.482   u/campaign/kernel/core/evaluator_i/Mmux_p023_rs_cy<7>
                                                       u/campaign/kernel/core/evaluator_i/Mmux_p023_A121
                                                       u/campaign/kernel/core/evaluator_i/Mmux_p023_rs_cy<7>
    SLICE_X22Y11.CIN     net (fanout=1)        0.003   u/campaign/kernel/core/evaluator_i/Mmux_p023_rs_cy<7>
    SLICE_X22Y11.BMUX    Tcinb                 0.310   u/campaign/kernel/core/evaluator_i/Mmux_p023_rs_cy<11>
                                                       u/campaign/kernel/core/evaluator_i/Mmux_p023_rs_cy<11>
    SLICE_X24Y6.A3       net (fanout=3)        1.524   u/campaign/kernel/core/evaluator_i/Mmux_p023_split<9>
    SLICE_X24Y6.COUT     Topcya                0.472   u/campaign/kernel/core/evaluator_i/Mcompar_p02[17]_p01[17]_LessThan_30_o_cy<7>
                                                       u/campaign/kernel/core/evaluator_i/Mcompar_p02[17]_p01[17]_LessThan_30_o_lut<4>
                                                       u/campaign/kernel/core/evaluator_i/Mcompar_p02[17]_p01[17]_LessThan_30_o_cy<7>
    SLICE_X24Y7.CIN      net (fanout=1)        0.003   u/campaign/kernel/core/evaluator_i/Mcompar_p02[17]_p01[17]_LessThan_30_o_cy<7>
    SLICE_X24Y7.AMUX     Tcina                 0.240   u/campaign/kernel/core/evaluator_i/n12<4>
                                                       u/campaign/kernel/core/evaluator_i/Mcompar_p02[17]_p01[17]_LessThan_30_o_cy<8>
    SLICE_X23Y12.A2      net (fanout=19)       1.308   u/campaign/kernel/core/evaluator_i/p02[17]_p01[17]_LessThan_30_o
    SLICE_X23Y12.A       Tilo                  0.259   u/campaign/kernel/core/evaluator_i/quotient<11>
                                                       u/campaign/kernel/core/evaluator_i/Mmux_score091
    SLICE_X20Y15.A2      net (fanout=2)        1.310   u/campaign/kernel/core/evaluator_i/score0<17>
    SLICE_X20Y15.AMUX    Topaa                 0.445   u/campaign/kernel/core/evaluator_i/Mcompar_score0[17]_score1[17]_LessThan_38_o_cy<8>
                                                       u/campaign/kernel/core/evaluator_i/Mcompar_score0[17]_score1[17]_LessThan_38_o_lutdi8
                                                       u/campaign/kernel/core/evaluator_i/Mcompar_score0[17]_score1[17]_LessThan_38_o_cy<8>
    SLICE_X23Y16.C5      net (fanout=1)        0.461   u/campaign/kernel/core/evaluator_i/Mcompar_score0[17]_score1[17]_LessThan_38_o_cy<8>
    SLICE_X23Y16.C       Tilo                  0.259   u/campaign/kernel/core/b4_selected_slot<0>
                                                       u/campaign/kernel/core/evaluator_i/c0_wins
    SLICE_X25Y16.B6      net (fanout=18)       0.411   u/campaign/kernel/core/evaluator_i/c0_wins
    SLICE_X25Y16.CLK     Tas                   0.373   u/campaign/kernel/core/b4_selected_score<2>
                                                       u/campaign/kernel/core/evaluator_i/Mmux_score1[17]_GND_15_o_mux_131_OUT111
                                                       u/campaign/kernel/core/evaluator_i/selected_score_2
    -------------------------------------------------  ---------------------------
    Total                                      9.461ns (3.270ns logic, 6.191ns route)
                                                       (34.6% logic, 65.4% route)

--------------------------------------------------------------------------------
Slack:                  0.502ns (requirement - (data path - clock path skew + uncertainty))
  Source:               u/campaign/kernel/core/evaluator_i/n02_4 (FF)
  Destination:          u/campaign/kernel/core/evaluator_i/selected_score_2 (FF)
  Requirement:          10.000ns
  Data Path Delay:      9.453ns (Levels of Logic = 8)
  Clock Path Skew:      -0.010ns (0.435 - 0.445)
  Source Clock:         clk_100mhz_BUFGP rising at 0.000ns
  Destination Clock:    clk_100mhz_BUFGP rising at 10.000ns
  Clock Uncertainty:    0.035ns

  Clock Uncertainty:          0.035ns  ((TSJ^2 + TIJ^2)^1/2 + DJ) / 2 + PE
    Total System Jitter (TSJ):  0.070ns
    Total Input Jitter (TIJ):   0.000ns
    Discrete Jitter (DJ):       0.000ns
    Phase Error (PE):           0.000ns

  Maximum Data Path at Slow Process Corner: u/campaign/kernel/core/evaluator_i/n02_4 to u/campaign/kernel/core/evaluator_i/selected_score_2
    Location             Delay type         Delay(ns)  Physical Resource
                                                       Logical Resource(s)
    -------------------------------------------------  -------------------
    SLICE_X23Y10.AQ      Tcko                  0.430   u/campaign/kernel/core/evaluator_i/n02<7>
                                                       u/campaign/kernel/core/evaluator_i/n02_4
    SLICE_X22Y10.A2      net (fanout=1)        1.171   u/campaign/kernel/core/evaluator_i/n02<4>
    SLICE_X22Y10.COUT    Topcya                0.474   u/campaign/kernel/core/evaluator_i/Mmux_p023_rs_cy<7>
                                                       u/campaign/kernel/core/evaluator_i/Mmux_p023_A1211
                                                       u/campaign/kernel/core/evaluator_i/Mmux_p023_rs_cy<7>
    SLICE_X22Y11.CIN     net (fanout=1)        0.003   u/campaign/kernel/core/evaluator_i/Mmux_p023_rs_cy<7>
    SLICE_X22Y11.BMUX    Tcinb                 0.310   u/campaign/kernel/core/evaluator_i/Mmux_p023_rs_cy<11>
                                                       u/campaign/kernel/core/evaluator_i/Mmux_p023_rs_cy<11>
    SLICE_X24Y6.A3       net (fanout=3)        1.524   u/campaign/kernel/core/evaluator_i/Mmux_p023_split<9>
    SLICE_X24Y6.COUT     Topcya                0.472   u/campaign/kernel/core/evaluator_i/Mcompar_p02[17]_p01[17]_LessThan_30_o_cy<7>
                                                       u/campaign/kernel/core/evaluator_i/Mcompar_p02[17]_p01[17]_LessThan_30_o_lut<4>
                                                       u/campaign/kernel/core/evaluator_i/Mcompar_p02[17]_p01[17]_LessThan_30_o_cy<7>
    SLICE_X24Y7.CIN      net (fanout=1)        0.003   u/campaign/kernel/core/evaluator_i/Mcompar_p02[17]_p01[17]_LessThan_30_o_cy<7>
    SLICE_X24Y7.AMUX     Tcina                 0.240   u/campaign/kernel/core/evaluator_i/n12<4>
                                                       u/campaign/kernel/core/evaluator_i/Mcompar_p02[17]_p01[17]_LessThan_30_o_cy<8>
    SLICE_X23Y12.A2      net (fanout=19)       1.308   u/campaign/kernel/core/evaluator_i/p02[17]_p01[17]_LessThan_30_o
    SLICE_X23Y12.A       Tilo                  0.259   u/campaign/kernel/core/evaluator_i/quotient<11>
                                                       u/campaign/kernel/core/evaluator_i/Mmux_score091
    SLICE_X20Y15.A2      net (fanout=2)        1.310   u/campaign/kernel/core/evaluator_i/score0<17>
    SLICE_X20Y15.AMUX    Topaa                 0.445   u/campaign/kernel/core/evaluator_i/Mcompar_score0[17]_score1[17]_LessThan_38_o_cy<8>
                                                       u/campaign/kernel/core/evaluator_i/Mcompar_score0[17]_score1[17]_LessThan_38_o_lutdi8
                                                       u/campaign/kernel/core/evaluator_i/Mcompar_score0[17]_score1[17]_LessThan_38_o_cy<8>
    SLICE_X23Y16.C5      net (fanout=1)        0.461   u/campaign/kernel/core/evaluator_i/Mcompar_score0[17]_score1[17]_LessThan_38_o_cy<8>
    SLICE_X23Y16.C       Tilo                  0.259   u/campaign/kernel/core/b4_selected_slot<0>
                                                       u/campaign/kernel/core/evaluator_i/c0_wins
    SLICE_X25Y16.B6      net (fanout=18)       0.411   u/campaign/kernel/core/evaluator_i/c0_wins
    SLICE_X25Y16.CLK     Tas                   0.373   u/campaign/kernel/core/b4_selected_score<2>
                                                       u/campaign/kernel/core/evaluator_i/Mmux_score1[17]_GND_15_o_mux_131_OUT111
                                                       u/campaign/kernel/core/evaluator_i/selected_score_2
    -------------------------------------------------  ---------------------------
    Total                                      9.453ns (3.262ns logic, 6.191ns route)
                                                       (34.5% logic, 65.5% route)

--------------------------------------------------------------------------------
Slack:                  0.525ns (requirement - (data path - clock path skew + uncertainty))
  Source:               u/campaign/kernel/core/evaluator_i/lam1_1_2 (FF)
  Destination:          u/campaign/kernel/core/evaluator_i/selected_score_2 (FF)
  Requirement:          10.000ns
  Data Path Delay:      9.422ns (Levels of Logic = 9)
  Clock Path Skew:      -0.018ns (0.435 - 0.453)
  Source Clock:         clk_100mhz_BUFGP rising at 0.000ns
  Destination Clock:    clk_100mhz_BUFGP rising at 10.000ns
  Clock Uncertainty:    0.035ns

  Clock Uncertainty:          0.035ns  ((TSJ^2 + TIJ^2)^1/2 + DJ) / 2 + PE
    Total System Jitter (TSJ):  0.070ns
    Total Input Jitter (TIJ):   0.000ns
    Discrete Jitter (DJ):       0.000ns
    Phase Error (PE):           0.000ns

  Maximum Data Path at Slow Process Corner: u/campaign/kernel/core/evaluator_i/lam1_1_2 to u/campaign/kernel/core/evaluator_i/selected_score_2
    Location             Delay type         Delay(ns)  Physical Resource
                                                       Logical Resource(s)
    -------------------------------------------------  -------------------
    SLICE_X27Y9.BQ       Tcko                  0.430   u/campaign/kernel/core/evaluator_i/lam1_1_3
                                                       u/campaign/kernel/core/evaluator_i/lam1_1_2
    SLICE_X26Y9.B5       net (fanout=12)       1.110   u/campaign/kernel/core/evaluator_i/lam1_1_2
    SLICE_X26Y9.COUT     Topcyb                0.483   u/campaign/kernel/core/evaluator_i/Mmux_p013_rs_cy<8>
                                                       u/campaign/kernel/core/evaluator_i/Mmux_p013_A1411
                                                       u/campaign/kernel/core/evaluator_i/Mmux_p013_rs_cy<8>
    SLICE_X26Y10.CIN     net (fanout=1)        0.003   u/campaign/kernel/core/evaluator_i/Mmux_p013_rs_cy<8>
    SLICE_X26Y10.CMUX    Tcinc                 0.279   u/campaign/kernel/core/evaluator_i/Mmux_p013_rs_cy<12>
                                                       u/campaign/kernel/core/evaluator_i/Mmux_p013_rs_cy<12>
    SLICE_X22Y7.B2       net (fanout=3)        1.409   u/campaign/kernel/core/evaluator_i/Mmux_p013_split<11>
    SLICE_X22Y7.COUT     Topcyb                0.483   u/campaign/kernel/core/evaluator_i/Mcompar_p01[17]_p00[17]_LessThan_28_o_cy<7>
                                                       u/campaign/kernel/core/evaluator_i/Mcompar_p01[17]_p00[17]_LessThan_28_o_lut<5>
                                                       u/campaign/kernel/core/evaluator_i/Mcompar_p01[17]_p00[17]_LessThan_28_o_cy<7>
    SLICE_X22Y8.CIN      net (fanout=1)        0.082   u/campaign/kernel/core/evaluator_i/Mcompar_p01[17]_p00[17]_LessThan_28_o_cy<7>
    SLICE_X22Y8.AMUX     Tcina                 0.230   u/campaign/kernel/core/evaluator_i/p01[17]_p00[17]_LessThan_28_o
                                                       u/campaign/kernel/core/evaluator_i/Mcompar_p01[17]_p00[17]_LessThan_28_o_cy<8>
    SLICE_X23Y14.B2      net (fanout=19)       1.806   u/campaign/kernel/core/evaluator_i/p01[17]_p00[17]_LessThan_28_o
    SLICE_X23Y14.B       Tilo                  0.259   u/campaign/kernel/core/evaluator_i/score1<14>
                                                       u/campaign/kernel/core/evaluator_i/Mmux_score051
    SLICE_X20Y14.C1      net (fanout=3)        0.753   u/campaign/kernel/core/evaluator_i/score0<13>
    SLICE_X20Y14.COUT    Topcyc                0.348   u/campaign/kernel/core/evaluator_i/Mcompar_score0[17]_score1[17]_LessThan_38_o_cy<7>
                                                       u/campaign/kernel/core/evaluator_i/Mcompar_score0[17]_score1[17]_LessThan_38_o_lutdi6
                                                       u/campaign/kernel/core/evaluator_i/Mcompar_score0[17]_score1[17]_LessThan_38_o_cy<7>
    SLICE_X20Y15.CIN     net (fanout=1)        0.003   u/campaign/kernel/core/evaluator_i/Mcompar_score0[17]_score1[17]_LessThan_38_o_cy<7>
    SLICE_X20Y15.AMUX    Tcina                 0.240   u/campaign/kernel/core/evaluator_i/Mcompar_score0[17]_score1[17]_LessThan_38_o_cy<8>
                                                       u/campaign/kernel/core/evaluator_i/Mcompar_score0[17]_score1[17]_LessThan_38_o_cy<8>
    SLICE_X23Y16.C5      net (fanout=1)        0.461   u/campaign/kernel/core/evaluator_i/Mcompar_score0[17]_score1[17]_LessThan_38_o_cy<8>
    SLICE_X23Y16.C       Tilo                  0.259   u/campaign/kernel/core/b4_selected_slot<0>
                                                       u/campaign/kernel/core/evaluator_i/c0_wins
    SLICE_X25Y16.B6      net (fanout=18)       0.411   u/campaign/kernel/core/evaluator_i/c0_wins
    SLICE_X25Y16.CLK     Tas                   0.373   u/campaign/kernel/core/b4_selected_score<2>
                                                       u/campaign/kernel/core/evaluator_i/Mmux_score1[17]_GND_15_o_mux_131_OUT111
                                                       u/campaign/kernel/core/evaluator_i/selected_score_2
    -------------------------------------------------  ---------------------------
    Total                                      9.422ns (3.384ns logic, 6.038ns route)
                                                       (35.9% logic, 64.1% route)

--------------------------------------------------------------------------------
Slack:                  0.545ns (requirement - (data path - clock path skew + uncertainty))
  Source:               u/campaign/kernel/core/evaluator_i/lam1_1_2 (FF)
  Destination:          u/campaign/kernel/core/evaluator_i/selected_score_2 (FF)
  Requirement:          10.000ns
  Data Path Delay:      9.402ns (Levels of Logic = 9)
  Clock Path Skew:      -0.018ns (0.435 - 0.453)
  Source Clock:         clk_100mhz_BUFGP rising at 0.000ns
  Destination Clock:    clk_100mhz_BUFGP rising at 10.000ns
  Clock Uncertainty:    0.035ns

  Clock Uncertainty:          0.035ns  ((TSJ^2 + TIJ^2)^1/2 + DJ) / 2 + PE
    Total System Jitter (TSJ):  0.070ns
    Total Input Jitter (TIJ):   0.000ns
    Discrete Jitter (DJ):       0.000ns
    Phase Error (PE):           0.000ns

  Maximum Data Path at Slow Process Corner: u/campaign/kernel/core/evaluator_i/lam1_1_2 to u/campaign/kernel/core/evaluator_i/selected_score_2
    Location             Delay type         Delay(ns)  Physical Resource
                                                       Logical Resource(s)
    -------------------------------------------------  -------------------
    SLICE_X27Y9.BQ       Tcko                  0.430   u/campaign/kernel/core/evaluator_i/lam1_1_3
                                                       u/campaign/kernel/core/evaluator_i/lam1_1_2
    SLICE_X26Y9.B5       net (fanout=12)       1.110   u/campaign/kernel/core/evaluator_i/lam1_1_2
    SLICE_X26Y9.COUT     Topcyb                0.483   u/campaign/kernel/core/evaluator_i/Mmux_p013_rs_cy<8>
                                                       u/campaign/kernel/core/evaluator_i/Mmux_p013_A1411
                                                       u/campaign/kernel/core/evaluator_i/Mmux_p013_rs_cy<8>
    SLICE_X26Y10.CIN     net (fanout=1)        0.003   u/campaign/kernel/core/evaluator_i/Mmux_p013_rs_cy<8>
    SLICE_X26Y10.COUT    Tbyp                  0.093   u/campaign/kernel/core/evaluator_i/Mmux_p013_rs_cy<12>
                                                       u/campaign/kernel/core/evaluator_i/Mmux_p013_rs_cy<12>
    SLICE_X26Y11.CIN     net (fanout=1)        0.003   u/campaign/kernel/core/evaluator_i/Mmux_p013_rs_cy<12>
    SLICE_X26Y11.BMUX    Tcinb                 0.310   u/campaign/kernel/core/evaluator_i/Mmux_p013_split<16>
                                                       u/campaign/kernel/core/evaluator_i/Mmux_p013_rs_cy<16>
    SLICE_X24Y6.D3       net (fanout=3)        1.555   u/campaign/kernel/core/evaluator_i/Mmux_p013_split<14>
    SLICE_X24Y6.COUT     Topcyd                0.335   u/campaign/kernel/core/evaluator_i/Mcompar_p02[17]_p01[17]_LessThan_30_o_cy<7>
                                                       u/campaign/kernel/core/evaluator_i/Mcompar_p02[17]_p01[17]_LessThan_30_o_lutdi7
                                                       u/campaign/kernel/core/evaluator_i/Mcompar_p02[17]_p01[17]_LessThan_30_o_cy<7>
    SLICE_X24Y7.CIN      net (fanout=1)        0.003   u/campaign/kernel/core/evaluator_i/Mcompar_p02[17]_p01[17]_LessThan_30_o_cy<7>
    SLICE_X24Y7.AMUX     Tcina                 0.240   u/campaign/kernel/core/evaluator_i/n12<4>
                                                       u/campaign/kernel/core/evaluator_i/Mcompar_p02[17]_p01[17]_LessThan_30_o_cy<8>
    SLICE_X23Y12.A2      net (fanout=19)       1.308   u/campaign/kernel/core/evaluator_i/p02[17]_p01[17]_LessThan_30_o
    SLICE_X23Y12.A       Tilo                  0.259   u/campaign/kernel/core/evaluator_i/quotient<11>
                                                       u/campaign/kernel/core/evaluator_i/Mmux_score091
    SLICE_X20Y15.A2      net (fanout=2)        1.310   u/campaign/kernel/core/evaluator_i/score0<17>
    SLICE_X20Y15.AMUX    Topaa                 0.456   u/campaign/kernel/core/evaluator_i/Mcompar_score0[17]_score1[17]_LessThan_38_o_cy<8>
                                                       u/campaign/kernel/core/evaluator_i/Mcompar_score0[17]_score1[17]_LessThan_38_o_lut<8>
                                                       u/campaign/kernel/core/evaluator_i/Mcompar_score0[17]_score1[17]_LessThan_38_o_cy<8>
    SLICE_X23Y16.C5      net (fanout=1)        0.461   u/campaign/kernel/core/evaluator_i/Mcompar_score0[17]_score1[17]_LessThan_38_o_cy<8>
    SLICE_X23Y16.C       Tilo                  0.259   u/campaign/kernel/core/b4_selected_slot<0>
                                                       u/campaign/kernel/core/evaluator_i/c0_wins
    SLICE_X25Y16.B6      net (fanout=18)       0.411   u/campaign/kernel/core/evaluator_i/c0_wins
    SLICE_X25Y16.CLK     Tas                   0.373   u/campaign/kernel/core/b4_selected_score<2>
                                                       u/campaign/kernel/core/evaluator_i/Mmux_score1[17]_GND_15_o_mux_131_OUT111
                                                       u/campaign/kernel/core/evaluator_i/selected_score_2
    -------------------------------------------------  ---------------------------
    Total                                      9.402ns (3.238ns logic, 6.164ns route)
                                                       (34.4% logic, 65.6% route)

--------------------------------------------------------------------------------

Component Switching Limit Checks: TS_P6_CLK = PERIOD TIMEGRP "P6_CLK" 10 ns HIGH 50%;
--------------------------------------------------------------------------------
Slack: 7.334ns (period - min period limit)
  Period: 10.000ns
  Min period limit: 2.666ns (375.094MHz) (Tbcper_I)
  Physical resource: clk_100mhz_BUFGP/BUFG/I0
  Logical resource: clk_100mhz_BUFGP/BUFG/I0
  Location pin: BUFGMUX_X3Y13.I0
  Clock network: clk_100mhz_BUFGP/IBUFG
--------------------------------------------------------------------------------
Slack: 9.520ns (period - min period limit)
  Period: 10.000ns
  Min period limit: 0.480ns (2083.333MHz) (Tcp)
  Physical resource: u/campaign/kernel/core/evaluator_i/difference_reg<3>/CLK
  Logical resource: u/campaign/kernel/core/evaluator_i/difference_reg_0/CK
  Location pin: SLICE_X10Y22.CLK
  Clock network: clk_100mhz_BUFGP
--------------------------------------------------------------------------------
Slack: 9.520ns (period - min period limit)
  Period: 10.000ns
  Min period limit: 0.480ns (2083.333MHz) (Tcp)
  Physical resource: u/campaign/kernel/core/evaluator_i/difference_reg<3>/CLK
  Logical resource: u/campaign/kernel/core/evaluator_i/difference_reg_1/CK
  Location pin: SLICE_X10Y22.CLK
  Clock network: clk_100mhz_BUFGP
--------------------------------------------------------------------------------
Slack: 9.520ns (period - min period limit)
  Period: 10.000ns
  Min period limit: 0.480ns (2083.333MHz) (Tcp)
  Physical resource: u/campaign/kernel/core/evaluator_i/difference_reg<3>/CLK
  Logical resource: u/campaign/kernel/core/evaluator_i/difference_reg_2/CK
  Location pin: SLICE_X10Y22.CLK
  Clock network: clk_100mhz_BUFGP
--------------------------------------------------------------------------------
Slack: 9.520ns (period - min period limit)
  Period: 10.000ns
  Min period limit: 0.480ns (2083.333MHz) (Tcp)
  Physical resource: u/campaign/kernel/core/evaluator_i/difference_reg<3>/CLK
  Logical resource: u/campaign/kernel/core/evaluator_i/difference_reg_3/CK
  Location pin: SLICE_X10Y22.CLK
  Clock network: clk_100mhz_BUFGP
--------------------------------------------------------------------------------
Slack: 9.520ns (period - min period limit)
  Period: 10.000ns
  Min period limit: 0.480ns (2083.333MHz) (Tcp)
  Physical resource: u/campaign/kernel/core/evaluator_i/difference_reg<7>/CLK
  Logical resource: u/campaign/kernel/core/evaluator_i/difference_reg_4/CK
  Location pin: SLICE_X10Y23.CLK
  Clock network: clk_100mhz_BUFGP
--------------------------------------------------------------------------------
Slack: 9.520ns (period - min period limit)
  Period: 10.000ns
  Min period limit: 0.480ns (2083.333MHz) (Tcp)
  Physical resource: u/campaign/kernel/core/evaluator_i/difference_reg<7>/CLK
  Logical resource: u/campaign/kernel/core/evaluator_i/difference_reg_5/CK
  Location pin: SLICE_X10Y23.CLK
  Clock network: clk_100mhz_BUFGP
--------------------------------------------------------------------------------
Slack: 9.520ns (period - min period limit)
  Period: 10.000ns
  Min period limit: 0.480ns (2083.333MHz) (Tcp)
  Physical resource: u/campaign/kernel/core/evaluator_i/difference_reg<7>/CLK
  Logical resource: u/campaign/kernel/core/evaluator_i/difference_reg_6/CK
  Location pin: SLICE_X10Y23.CLK
  Clock network: clk_100mhz_BUFGP
--------------------------------------------------------------------------------
Slack: 9.520ns (period - min period limit)
  Period: 10.000ns
  Min period limit: 0.480ns (2083.333MHz) (Tcp)
  Physical resource: u/campaign/kernel/core/evaluator_i/difference_reg<7>/CLK
  Logical resource: u/campaign/kernel/core/evaluator_i/difference_reg_7/CK
  Location pin: SLICE_X10Y23.CLK
  Clock network: clk_100mhz_BUFGP
--------------------------------------------------------------------------------
Slack: 9.520ns (period - min period limit)
  Period: 10.000ns
  Min period limit: 0.480ns (2083.333MHz) (Tcp)
  Physical resource: u/campaign/kernel/core/evaluator_i/difference_reg<11>/CLK
  Logical resource: u/campaign/kernel/core/evaluator_i/difference_reg_8/CK
  Location pin: SLICE_X10Y24.CLK
  Clock network: clk_100mhz_BUFGP
--------------------------------------------------------------------------------

================================================================================
Timing constraint: Unconstrained OFFSET IN BEFORE analysis for clock 
"clk_100mhz_BUFGP" 

 397 paths analyzed, 397 endpoints analyzed, 0 failing endpoints
 0 timing errors detected.
 Minimum allowable offset is   9.676ns.
--------------------------------------------------------------------------------

Paths for end point u/campaign/reset_count_1 (SLICE_X35Y21.SR), 1 path
--------------------------------------------------------------------------------
Offset:                 9.676ns (data path - clock path + uncertainty)
  Source:               btn_reset (PAD)
  Destination:          u/campaign/reset_count_1 (FF)
  Destination Clock:    clk_100mhz_BUFGP rising at 0.000ns
  Data Path Delay:      12.937ns (Levels of Logic = 2)
  Clock Path Delay:     3.286ns (Levels of Logic = 2)
  Clock Uncertainty:    0.025ns

  Clock Uncertainty:          0.025ns  ((TSJ^2 + TIJ^2)^1/2 + DJ) / 2 + PE
    Total System Jitter (TSJ):  0.050ns
    Total Input Jitter (TIJ):   0.000ns
    Discrete Jitter (DJ):       0.000ns
    Phase Error (PE):           0.000ns

  Maximum Data Path at Slow Process Corner: btn_reset to u/campaign/reset_count_1
    Location             Delay type         Delay(ns)  Physical Resource
                                                       Logical Resource(s)
    -------------------------------------------------  -------------------
    B8.I                 Tiopi                 1.557   btn_reset
                                                       btn_reset
                                                       btn_reset_IBUF
                                                       ProtoComp138.IMUX.1
    SLICE_X35Y21.C4      net (fanout=111)     10.029   btn_reset_IBUF
    SLICE_X35Y21.CMUX    Tilo                  0.337   u/campaign/reset_count<1>
                                                       u/campaign/Mcount_reset_count_val1
    SLICE_X35Y21.SR      net (fanout=1)        0.576   u/campaign/Mcount_reset_count_val
    SLICE_X35Y21.CLK     Tsrck                 0.438   u/campaign/reset_count<1>
                                                       u/campaign/reset_count_1
    -------------------------------------------------  ---------------------------
    Total                                     12.937ns (2.332ns logic, 10.605ns route)
                                                       (18.0% logic, 82.0% route)

  Minimum Clock Path at Slow Process Corner: clk_100mhz to u/campaign/reset_count_1
    Location             Delay type         Delay(ns)  Physical Resource
                                                       Logical Resource(s)
    -------------------------------------------------  -------------------
    V10.I                Tiopi                 1.344   clk_100mhz
                                                       clk_100mhz
                                                       clk_100mhz_BUFGP/IBUFG
                                                       ProtoComp138.IMUX
    BUFGMUX_X3Y13.I0     net (fanout=1)        0.866   clk_100mhz_BUFGP/IBUFG
    BUFGMUX_X3Y13.O      Tgi0o                 0.197   clk_100mhz_BUFGP/BUFG
                                                       clk_100mhz_BUFGP/BUFG
    SLICE_X35Y21.CLK     net (fanout=284)      0.879   clk_100mhz_BUFGP
    -------------------------------------------------  ---------------------------
    Total                                      3.286ns (1.541ns logic, 1.745ns route)
                                                       (46.9% logic, 53.1% route)

--------------------------------------------------------------------------------

Paths for end point u/campaign/reset_count_0 (SLICE_X35Y21.SR), 1 path
--------------------------------------------------------------------------------
Offset:                 9.651ns (data path - clock path + uncertainty)
  Source:               btn_reset (PAD)
  Destination:          u/campaign/reset_count_0 (FF)
  Destination Clock:    clk_100mhz_BUFGP rising at 0.000ns
  Data Path Delay:      12.912ns (Levels of Logic = 2)
  Clock Path Delay:     3.286ns (Levels of Logic = 2)
  Clock Uncertainty:    0.025ns

  Clock Uncertainty:          0.025ns  ((TSJ^2 + TIJ^2)^1/2 + DJ) / 2 + PE
    Total System Jitter (TSJ):  0.050ns
    Total Input Jitter (TIJ):   0.000ns
    Discrete Jitter (DJ):       0.000ns
    Phase Error (PE):           0.000ns

  Maximum Data Path at Slow Process Corner: btn_reset to u/campaign/reset_count_0
    Location             Delay type         Delay(ns)  Physical Resource
                                                       Logical Resource(s)
    -------------------------------------------------  -------------------
    B8.I                 Tiopi                 1.557   btn_reset
                                                       btn_reset
                                                       btn_reset_IBUF
                                                       ProtoComp138.IMUX.1
    SLICE_X35Y21.C4      net (fanout=111)     10.029   btn_reset_IBUF
    SLICE_X35Y21.CMUX    Tilo                  0.337   u/campaign/reset_count<1>
                                                       u/campaign/Mcount_reset_count_val1
    SLICE_X35Y21.SR      net (fanout=1)        0.576   u/campaign/Mcount_reset_count_val
    SLICE_X35Y21.CLK     Tsrck                 0.413   u/campaign/reset_count<1>
                                                       u/campaign/reset_count_0
    -------------------------------------------------  ---------------------------
    Total                                     12.912ns (2.307ns logic, 10.605ns route)
                                                       (17.9% logic, 82.1% route)

  Minimum Clock Path at Slow Process Corner: clk_100mhz to u/campaign/reset_count_0
    Location             Delay type         Delay(ns)  Physical Resource
                                                       Logical Resource(s)
    -------------------------------------------------  -------------------
    V10.I                Tiopi                 1.344   clk_100mhz
                                                       clk_100mhz
                                                       clk_100mhz_BUFGP/IBUFG
                                                       ProtoComp138.IMUX
    BUFGMUX_X3Y13.I0     net (fanout=1)        0.866   clk_100mhz_BUFGP/IBUFG
    BUFGMUX_X3Y13.O      Tgi0o                 0.197   clk_100mhz_BUFGP/BUFG
                                                       clk_100mhz_BUFGP/BUFG
    SLICE_X35Y21.CLK     net (fanout=284)      0.879   clk_100mhz_BUFGP
    -------------------------------------------------  ---------------------------
    Total                                      3.286ns (1.541ns logic, 1.745ns route)
                                                       (46.9% logic, 53.1% route)

--------------------------------------------------------------------------------

Paths for end point u/campaign/records_completed_4 (SLICE_X34Y11.SR), 1 path
--------------------------------------------------------------------------------
Offset:                 9.529ns (data path - clock path + uncertainty)
  Source:               btn_reset (PAD)
  Destination:          u/campaign/records_completed_4 (FF)
  Destination Clock:    clk_100mhz_BUFGP rising at 0.000ns
  Data Path Delay:      12.792ns (Levels of Logic = 1)
  Clock Path Delay:     3.288ns (Levels of Logic = 2)
  Clock Uncertainty:    0.025ns

  Clock Uncertainty:          0.025ns  ((TSJ^2 + TIJ^2)^1/2 + DJ) / 2 + PE
    Total System Jitter (TSJ):  0.050ns
    Total Input Jitter (TIJ):   0.000ns
    Discrete Jitter (DJ):       0.000ns
    Phase Error (PE):           0.000ns

  Maximum Data Path at Slow Process Corner: btn_reset to u/campaign/records_completed_4
    Location             Delay type         Delay(ns)  Physical Resource
                                                       Logical Resource(s)
    -------------------------------------------------  -------------------
    B8.I                 Tiopi                 1.557   btn_reset
                                                       btn_reset
                                                       btn_reset_IBUF
                                                       ProtoComp138.IMUX.1
    SLICE_X34Y11.SR      net (fanout=111)     10.731   btn_reset_IBUF
    SLICE_X34Y11.CLK     Tsrck                 0.504   u/records_completed<6>
                                                       u/campaign/records_completed_4
    -------------------------------------------------  ---------------------------
    Total                                     12.792ns (2.061ns logic, 10.731ns route)
                                                       (16.1% logic, 83.9% route)

  Minimum Clock Path at Slow Process Corner: clk_100mhz to u/campaign/records_completed_4
    Location             Delay type         Delay(ns)  Physical Resource
                                                       Logical Resource(s)
    -------------------------------------------------  -------------------
    V10.I                Tiopi                 1.344   clk_100mhz
                                                       clk_100mhz
                                                       clk_100mhz_BUFGP/IBUFG
                                                       ProtoComp138.IMUX
    BUFGMUX_X3Y13.I0     net (fanout=1)        0.866   clk_100mhz_BUFGP/IBUFG
    BUFGMUX_X3Y13.O      Tgi0o                 0.197   clk_100mhz_BUFGP/BUFG
                                                       clk_100mhz_BUFGP/BUFG
    SLICE_X34Y11.CLK     net (fanout=284)      0.881   clk_100mhz_BUFGP
    -------------------------------------------------  ---------------------------
    Total                                      3.288ns (1.541ns logic, 1.747ns route)
                                                       (46.9% logic, 53.1% route)

--------------------------------------------------------------------------------

Paths for end point u/campaign/records_completed_5 (SLICE_X35Y11.SR), 1 path
--------------------------------------------------------------------------------
Offset:                 9.463ns (data path - clock path + uncertainty)
  Source:               btn_reset (PAD)
  Destination:          u/campaign/records_completed_5 (FF)
  Destination Clock:    clk_100mhz_BUFGP rising at 0.000ns
  Data Path Delay:      12.726ns (Levels of Logic = 1)
  Clock Path Delay:     3.288ns (Levels of Logic = 2)
  Clock Uncertainty:    0.025ns

  Clock Uncertainty:          0.025ns  ((TSJ^2 + TIJ^2)^1/2 + DJ) / 2 + PE
    Total System Jitter (TSJ):  0.050ns
    Total Input Jitter (TIJ):   0.000ns
    Discrete Jitter (DJ):       0.000ns
    Phase Error (PE):           0.000ns

  Maximum Data Path at Slow Process Corner: btn_reset to u/campaign/records_completed_5
    Location             Delay type         Delay(ns)  Physical Resource
                                                       Logical Resource(s)
    -------------------------------------------------  -------------------
    B8.I                 Tiopi                 1.557   btn_reset
                                                       btn_reset
                                                       btn_reset_IBUF
                                                       ProtoComp138.IMUX.1
    SLICE_X35Y11.SR      net (fanout=111)     10.731   btn_reset_IBUF
    SLICE_X35Y11.CLK     Tsrck                 0.438   u/records_completed<5>
                                                       u/campaign/records_completed_5
    -------------------------------------------------  ---------------------------
    Total                                     12.726ns (1.995ns logic, 10.731ns route)
                                                       (15.7% logic, 84.3% route)

  Minimum Clock Path at Slow Process Corner: clk_100mhz to u/campaign/records_completed_5
    Location             Delay type         Delay(ns)  Physical Resource
                                                       Logical Resource(s)
    -------------------------------------------------  -------------------
    V10.I                Tiopi                 1.344   clk_100mhz
                                                       clk_100mhz
                                                       clk_100mhz_BUFGP/IBUFG
                                                       ProtoComp138.IMUX
    BUFGMUX_X3Y13.I0     net (fanout=1)        0.866   clk_100mhz_BUFGP/IBUFG
    BUFGMUX_X3Y13.O      Tgi0o                 0.197   clk_100mhz_BUFGP/BUFG
                                                       clk_100mhz_BUFGP/BUFG
    SLICE_X35Y11.CLK     net (fanout=284)      0.881   clk_100mhz_BUFGP
    -------------------------------------------------  ---------------------------
    Total                                      3.288ns (1.541ns logic, 1.747ns route)
                                                       (46.9% logic, 53.1% route)

--------------------------------------------------------------------------------

Paths for end point u/campaign/records_completed_6 (SLICE_X34Y11.SR), 1 path
--------------------------------------------------------------------------------
Offset:                 9.453ns (data path - clock path + uncertainty)
  Source:               btn_reset (PAD)
  Destination:          u/campaign/records_completed_6 (FF)
  Destination Clock:    clk_100mhz_BUFGP rising at 0.000ns
  Data Path Delay:      12.716ns (Levels of Logic = 1)
  Clock Path Delay:     3.288ns (Levels of Logic = 2)
  Clock Uncertainty:    0.025ns

  Clock Uncertainty:          0.025ns  ((TSJ^2 + TIJ^2)^1/2 + DJ) / 2 + PE
    Total System Jitter (TSJ):  0.050ns
    Total Input Jitter (TIJ):   0.000ns
    Discrete Jitter (DJ):       0.000ns
    Phase Error (PE):           0.000ns

  Maximum Data Path at Slow Process Corner: btn_reset to u/campaign/records_completed_6
    Location             Delay type         Delay(ns)  Physical Resource
                                                       Logical Resource(s)
    -------------------------------------------------  -------------------
    B8.I                 Tiopi                 1.557   btn_reset
                                                       btn_reset
                                                       btn_reset_IBUF
                                                       ProtoComp138.IMUX.1
    SLICE_X34Y11.SR      net (fanout=111)     10.731   btn_reset_IBUF
    SLICE_X34Y11.CLK     Tsrck                 0.428   u/records_completed<6>
                                                       u/campaign/records_completed_6
    -------------------------------------------------  ---------------------------
    Total                                     12.716ns (1.985ns logic, 10.731ns route)
                                                       (15.6% logic, 84.4% route)

  Minimum Clock Path at Slow Process Corner: clk_100mhz to u/campaign/records_completed_6
    Location             Delay type         Delay(ns)  Physical Resource
                                                       Logical Resource(s)
    -------------------------------------------------  -------------------
    V10.I                Tiopi                 1.344   clk_100mhz
                                                       clk_100mhz
                                                       clk_100mhz_BUFGP/IBUFG
                                                       ProtoComp138.IMUX
    BUFGMUX_X3Y13.I0     net (fanout=1)        0.866   clk_100mhz_BUFGP/IBUFG
    BUFGMUX_X3Y13.O      Tgi0o                 0.197   clk_100mhz_BUFGP/BUFG
                                                       clk_100mhz_BUFGP/BUFG
    SLICE_X34Y11.CLK     net (fanout=284)      0.881   clk_100mhz_BUFGP
    -------------------------------------------------  ---------------------------
    Total                                      3.288ns (1.541ns logic, 1.747ns route)
                                                       (46.9% logic, 53.1% route)

--------------------------------------------------------------------------------

Paths for end point u/campaign/records_completed_3 (SLICE_X35Y11.SR), 1 path
--------------------------------------------------------------------------------
Offset:                 9.448ns (data path - clock path + uncertainty)
  Source:               btn_reset (PAD)
  Destination:          u/campaign/records_completed_3 (FF)
  Destination Clock:    clk_100mhz_BUFGP rising at 0.000ns
  Data Path Delay:      12.711ns (Levels of Logic = 1)
  Clock Path Delay:     3.288ns (Levels of Logic = 2)
  Clock Uncertainty:    0.025ns

  Clock Uncertainty:          0.025ns  ((TSJ^2 + TIJ^2)^1/2 + DJ) / 2 + PE
    Total System Jitter (TSJ):  0.050ns
    Total Input Jitter (TIJ):   0.000ns
    Discrete Jitter (DJ):       0.000ns
    Phase Error (PE):           0.000ns

  Maximum Data Path at Slow Process Corner: btn_reset to u/campaign/records_completed_3
    Location             Delay type         Delay(ns)  Physical Resource
                                                       Logical Resource(s)
    -------------------------------------------------  -------------------
    B8.I                 Tiopi                 1.557   btn_reset
                                                       btn_reset
                                                       btn_reset_IBUF
                                                       ProtoComp138.IMUX.1
    SLICE_X35Y11.SR      net (fanout=111)     10.731   btn_reset_IBUF
    SLICE_X35Y11.CLK     Tsrck                 0.423   u/records_completed<5>
                                                       u/campaign/records_completed_3
    -------------------------------------------------  ---------------------------
    Total                                     12.711ns (1.980ns logic, 10.731ns route)
                                                       (15.6% logic, 84.4% route)

  Minimum Clock Path at Slow Process Corner: clk_100mhz to u/campaign/records_completed_3
    Location             Delay type         Delay(ns)  Physical Resource
                                                       Logical Resource(s)
    -------------------------------------------------  -------------------
    V10.I                Tiopi                 1.344   clk_100mhz
                                                       clk_100mhz
                                                       clk_100mhz_BUFGP/IBUFG
                                                       ProtoComp138.IMUX
    BUFGMUX_X3Y13.I0     net (fanout=1)        0.866   clk_100mhz_BUFGP/IBUFG
    BUFGMUX_X3Y13.O      Tgi0o                 0.197   clk_100mhz_BUFGP/BUFG
                                                       clk_100mhz_BUFGP/BUFG
    SLICE_X35Y11.CLK     net (fanout=284)      0.881   clk_100mhz_BUFGP
    -------------------------------------------------  ---------------------------
    Total                                      3.288ns (1.541ns logic, 1.747ns route)
                                                       (46.9% logic, 53.1% route)

--------------------------------------------------------------------------------

Paths for end point u/campaign/records_completed_2 (SLICE_X35Y11.SR), 1 path
--------------------------------------------------------------------------------
Offset:                 9.438ns (data path - clock path + uncertainty)
  Source:               btn_reset (PAD)
  Destination:          u/campaign/records_completed_2 (FF)
  Destination Clock:    clk_100mhz_BUFGP rising at 0.000ns
  Data Path Delay:      12.701ns (Levels of Logic = 1)
  Clock Path Delay:     3.288ns (Levels of Logic = 2)
  Clock Uncertainty:    0.025ns

  Clock Uncertainty:          0.025ns  ((TSJ^2 + TIJ^2)^1/2 + DJ) / 2 + PE
    Total System Jitter (TSJ):  0.050ns
    Total Input Jitter (TIJ):   0.000ns
    Discrete Jitter (DJ):       0.000ns
    Phase Error (PE):           0.000ns

  Maximum Data Path at Slow Process Corner: btn_reset to u/campaign/records_completed_2
    Location             Delay type         Delay(ns)  Physical Resource
                                                       Logical Resource(s)
    -------------------------------------------------  -------------------
    B8.I                 Tiopi                 1.557   btn_reset
                                                       btn_reset
                                                       btn_reset_IBUF
                                                       ProtoComp138.IMUX.1
    SLICE_X35Y11.SR      net (fanout=111)     10.731   btn_reset_IBUF
    SLICE_X35Y11.CLK     Tsrck                 0.413   u/records_completed<5>
                                                       u/campaign/records_completed_2
    -------------------------------------------------  ---------------------------
    Total                                     12.701ns (1.970ns logic, 10.731ns route)
                                                       (15.5% logic, 84.5% route)

  Minimum Clock Path at Slow Process Corner: clk_100mhz to u/campaign/records_completed_2
    Location             Delay type         Delay(ns)  Physical Resource
                                                       Logical Resource(s)
    -------------------------------------------------  -------------------
    V10.I                Tiopi                 1.344   clk_100mhz
                                                       clk_100mhz
                                                       clk_100mhz_BUFGP/IBUFG
                                                       ProtoComp138.IMUX
    BUFGMUX_X3Y13.I0     net (fanout=1)        0.866   clk_100mhz_BUFGP/IBUFG
    BUFGMUX_X3Y13.O      Tgi0o                 0.197   clk_100mhz_BUFGP/BUFG
                                                       clk_100mhz_BUFGP/BUFG
    SLICE_X35Y11.CLK     net (fanout=284)      0.881   clk_100mhz_BUFGP
    -------------------------------------------------  ---------------------------
    Total                                      3.288ns (1.541ns logic, 1.747ns route)
                                                       (46.9% logic, 53.1% route)

--------------------------------------------------------------------------------

Paths for end point u/campaign/records_completed_1 (SLICE_X35Y11.SR), 1 path
--------------------------------------------------------------------------------
Offset:                 9.435ns (data path - clock path + uncertainty)
  Source:               btn_reset (PAD)
  Destination:          u/campaign/records_completed_1 (FF)
  Destination Clock:    clk_100mhz_BUFGP rising at 0.000ns
  Data Path Delay:      12.698ns (Levels of Logic = 1)
  Clock Path Delay:     3.288ns (Levels of Logic = 2)
  Clock Uncertainty:    0.025ns

  Clock Uncertainty:          0.025ns  ((TSJ^2 + TIJ^2)^1/2 + DJ) / 2 + PE
    Total System Jitter (TSJ):  0.050ns
    Total Input Jitter (TIJ):   0.000ns
    Discrete Jitter (DJ):       0.000ns
    Phase Error (PE):           0.000ns

  Maximum Data Path at Slow Process Corner: btn_reset to u/campaign/records_completed_1
    Location             Delay type         Delay(ns)  Physical Resource
                                                       Logical Resource(s)
    -------------------------------------------------  -------------------
    B8.I                 Tiopi                 1.557   btn_reset
                                                       btn_reset
                                                       btn_reset_IBUF
                                                       ProtoComp138.IMUX.1
    SLICE_X35Y11.SR      net (fanout=111)     10.731   btn_reset_IBUF
    SLICE_X35Y11.CLK     Tsrck                 0.410   u/records_completed<5>
                                                       u/campaign/records_completed_1
    -------------------------------------------------  ---------------------------
    Total                                     12.698ns (1.967ns logic, 10.731ns route)
                                                       (15.5% logic, 84.5% route)

  Minimum Clock Path at Slow Process Corner: clk_100mhz to u/campaign/records_completed_1
    Location             Delay type         Delay(ns)  Physical Resource
                                                       Logical Resource(s)
    -------------------------------------------------  -------------------
    V10.I                Tiopi                 1.344   clk_100mhz
                                                       clk_100mhz
                                                       clk_100mhz_BUFGP/IBUFG
                                                       ProtoComp138.IMUX
    BUFGMUX_X3Y13.I0     net (fanout=1)        0.866   clk_100mhz_BUFGP/IBUFG
    BUFGMUX_X3Y13.O      Tgi0o                 0.197   clk_100mhz_BUFGP/BUFG
                                                       clk_100mhz_BUFGP/BUFG
    SLICE_X35Y11.CLK     net (fanout=284)      0.881   clk_100mhz_BUFGP
    -------------------------------------------------  ---------------------------
    Total                                      3.288ns (1.541ns logic, 1.747ns route)
                                                       (46.9% logic, 53.1% route)

--------------------------------------------------------------------------------

Paths for end point u/campaign/records_completed_0 (SLICE_X35Y12.SR), 1 path
--------------------------------------------------------------------------------
Offset:                 9.240ns (data path - clock path + uncertainty)
  Source:               btn_reset (PAD)
  Destination:          u/campaign/records_completed_0 (FF)
  Destination Clock:    clk_100mhz_BUFGP rising at 0.000ns
  Data Path Delay:      12.505ns (Levels of Logic = 1)
  Clock Path Delay:     3.290ns (Levels of Logic = 2)
  Clock Uncertainty:    0.025ns

  Clock Uncertainty:          0.025ns  ((TSJ^2 + TIJ^2)^1/2 + DJ) / 2 + PE
    Total System Jitter (TSJ):  0.050ns
    Total Input Jitter (TIJ):   0.000ns
    Discrete Jitter (DJ):       0.000ns
    Phase Error (PE):           0.000ns

  Maximum Data Path at Slow Process Corner: btn_reset to u/campaign/records_completed_0
    Location             Delay type         Delay(ns)  Physical Resource
                                                       Logical Resource(s)
    -------------------------------------------------  -------------------
    B8.I                 Tiopi                 1.557   btn_reset
                                                       btn_reset
                                                       btn_reset_IBUF
                                                       ProtoComp138.IMUX.1
    SLICE_X35Y12.SR      net (fanout=111)     10.538   btn_reset_IBUF
    SLICE_X35Y12.CLK     Tsrck                 0.410   u/ones<0>
                                                       u/campaign/records_completed_0
    -------------------------------------------------  ---------------------------
    Total                                     12.505ns (1.967ns logic, 10.538ns route)
                                                       (15.7% logic, 84.3% route)

  Minimum Clock Path at Slow Process Corner: clk_100mhz to u/campaign/records_completed_0
    Location             Delay type         Delay(ns)  Physical Resource
                                                       Logical Resource(s)
    -------------------------------------------------  -------------------
    V10.I                Tiopi                 1.344   clk_100mhz
                                                       clk_100mhz
                                                       clk_100mhz_BUFGP/IBUFG
                                                       ProtoComp138.IMUX
    BUFGMUX_X3Y13.I0     net (fanout=1)        0.866   clk_100mhz_BUFGP/IBUFG
    BUFGMUX_X3Y13.O      Tgi0o                 0.197   clk_100mhz_BUFGP/BUFG
                                                       clk_100mhz_BUFGP/BUFG
    SLICE_X35Y12.CLK     net (fanout=284)      0.883   clk_100mhz_BUFGP
    -------------------------------------------------  ---------------------------
    Total                                      3.290ns (1.541ns logic, 1.749ns route)
                                                       (46.8% logic, 53.2% route)

--------------------------------------------------------------------------------

Paths for end point u/campaign/replay_index_4 (SLICE_X37Y24.SR), 1 path
--------------------------------------------------------------------------------
Offset:                 9.095ns (data path - clock path + uncertainty)
  Source:               btn_reset (PAD)
  Destination:          u/campaign/replay_index_4 (FF)
  Destination Clock:    clk_100mhz_BUFGP rising at 0.000ns
  Data Path Delay:      12.353ns (Levels of Logic = 1)
  Clock Path Delay:     3.283ns (Levels of Logic = 2)
  Clock Uncertainty:    0.025ns

  Clock Uncertainty:          0.025ns  ((TSJ^2 + TIJ^2)^1/2 + DJ) / 2 + PE
    Total System Jitter (TSJ):  0.050ns
    Total Input Jitter (TIJ):   0.000ns
    Discrete Jitter (DJ):       0.000ns
    Phase Error (PE):           0.000ns

  Maximum Data Path at Slow Process Corner: btn_reset to u/campaign/replay_index_4
    Location             Delay type         Delay(ns)  Physical Resource
                                                       Logical Resource(s)
    -------------------------------------------------  -------------------
    B8.I                 Tiopi                 1.557   btn_reset
                                                       btn_reset
                                                       btn_reset_IBUF
                                                       ProtoComp138.IMUX.1
    SLICE_X37Y24.SR      net (fanout=111)     10.379   btn_reset_IBUF
    SLICE_X37Y24.CLK     Tsrck                 0.417   u/campaign/Mcount_replay_index_cy<4>
                                                       u/campaign/replay_index_4
    -------------------------------------------------  ---------------------------
    Total                                     12.353ns (1.974ns logic, 10.379ns route)
                                                       (16.0% logic, 84.0% route)

  Minimum Clock Path at Slow Process Corner: clk_100mhz to u/campaign/replay_index_4
    Location             Delay type         Delay(ns)  Physical Resource
                                                       Logical Resource(s)
    -------------------------------------------------  -------------------
    V10.I                Tiopi                 1.344   clk_100mhz
                                                       clk_100mhz
                                                       clk_100mhz_BUFGP/IBUFG
                                                       ProtoComp138.IMUX
    BUFGMUX_X3Y13.I0     net (fanout=1)        0.866   clk_100mhz_BUFGP/IBUFG
    BUFGMUX_X3Y13.O      Tgi0o                 0.197   clk_100mhz_BUFGP/BUFG
                                                       clk_100mhz_BUFGP/BUFG
    SLICE_X37Y24.CLK     net (fanout=284)      0.876   clk_100mhz_BUFGP
    -------------------------------------------------  ---------------------------
    Total                                      3.283ns (1.541ns logic, 1.742ns route)
                                                       (46.9% logic, 53.1% route)

--------------------------------------------------------------------------------

================================================================================
Timing constraint: Unconstrained OFFSET OUT AFTER analysis for clock 
"clk_100mhz_BUFGP" 

 1247 paths analyzed, 14 endpoints analyzed, 0 failing endpoints
 0 timing errors detected.
 Maximum allowable offset is  14.897ns.
--------------------------------------------------------------------------------

Paths for end point seg_n<4> (M14.PAD), 171 paths
--------------------------------------------------------------------------------
Offset:                 14.897ns (clock path + data path + uncertainty)
  Source:               u/campaign/records_completed_6 (FF)
  Destination:          seg_n<4> (PAD)
  Source Clock:         clk_100mhz_BUFGP rising at 0.000ns
  Data Path Delay:      10.926ns (Levels of Logic = 6)
  Clock Path Delay:     3.946ns (Levels of Logic = 2)
  Clock Uncertainty:    0.025ns

  Clock Uncertainty:          0.025ns  ((TSJ^2 + TIJ^2)^1/2 + DJ) / 2 + PE
    Total System Jitter (TSJ):  0.050ns
    Total Input Jitter (TIJ):   0.000ns
    Discrete Jitter (DJ):       0.000ns
    Phase Error (PE):           0.000ns

  Maximum Clock Path at Slow Process Corner: clk_100mhz to u/campaign/records_completed_6
    Location             Delay type         Delay(ns)  Physical Resource
                                                       Logical Resource(s)
    -------------------------------------------------  -------------------
    V10.I                Tiopi                 1.557   clk_100mhz
                                                       clk_100mhz
                                                       clk_100mhz_BUFGP/IBUFG
                                                       ProtoComp138.IMUX
    BUFGMUX_X3Y13.I0     net (fanout=1)        1.050   clk_100mhz_BUFGP/IBUFG
    BUFGMUX_X3Y13.O      Tgi0o                 0.209   clk_100mhz_BUFGP/BUFG
                                                       clk_100mhz_BUFGP/BUFG
    SLICE_X34Y11.CLK     net (fanout=284)      1.130   clk_100mhz_BUFGP
    -------------------------------------------------  ---------------------------
    Total                                      3.946ns (1.766ns logic, 2.180ns route)
                                                       (44.8% logic, 55.2% route)

  Maximum Data Path at Slow Process Corner: u/campaign/records_completed_6 to seg_n<4>
    Location             Delay type         Delay(ns)  Physical Resource
                                                       Logical Resource(s)
    -------------------------------------------------  -------------------
    SLICE_X34Y11.AQ      Tcko                  0.525   u/records_completed<6>
                                                       u/campaign/records_completed_6
    SLICE_X34Y10.C1      net (fanout=6)        0.749   u/records_completed<6>
    SLICE_X34Y10.C       Tilo                  0.255   u/records_completed[6]_PWR_2_o_mod_0/a[4]_a[6]_MUX_93_o
                                                       u/records_completed[6]_PWR_2_o_mod_0/Mmux_a[4]_a[6]_MUX_93_o11
    SLICE_X35Y10.B1      net (fanout=2)        0.654   u/records_completed[6]_PWR_2_o_mod_0/a[4]_a[6]_MUX_93_o
    SLICE_X35Y10.BMUX    Tilo                  0.337   u/ones<2>
                                                       u/records_completed[6]_PWR_2_o_mod_0/Mmux_a[0]_a[6]_MUX_104_o121
    SLICE_X34Y10.B3      net (fanout=2)        0.428   u/records_completed[6]_PWR_2_o_mod_0/a[2]_a[6]_MUX_102_o
    SLICE_X34Y10.B       Tilo                  0.254   u/records_completed[6]_PWR_2_o_mod_0/a[4]_a[6]_MUX_93_o
                                                       u/records_completed[6]_PWR_2_o_mod_0/Mmux_o21
    SLICE_X34Y8.A1       net (fanout=1)        0.781   u/ones<1>
    SLICE_X34Y8.A        Tilo                  0.254   seg_n_0_OBUF
                                                       u/Mmux_digit<1>11
    SLICE_X34Y7.B1       net (fanout=4)        0.933   u/digit<1>
    SLICE_X34Y7.B        Tilo                  0.254   seg_n_4_OBUF
                                                       u/Mram_seg_n41
    M14.O                net (fanout=1)        2.520   seg_n_4_OBUF
    M14.PAD              Tioop                 2.982   seg_n<4>
                                                       seg_n_4_OBUF
                                                       seg_n<4>
    -------------------------------------------------  ---------------------------
    Total                                     10.926ns (4.861ns logic, 6.065ns route)
                                                       (44.5% logic, 55.5% route)

--------------------------------------------------------------------------------
Offset:                 14.833ns (clock path + data path + uncertainty)
  Source:               u/campaign/records_completed_5 (FF)
  Destination:          seg_n<4> (PAD)
  Source Clock:         clk_100mhz_BUFGP rising at 0.000ns
  Data Path Delay:      10.862ns (Levels of Logic = 6)
  Clock Path Delay:     3.946ns (Levels of Logic = 2)
  Clock Uncertainty:    0.025ns

  Clock Uncertainty:          0.025ns  ((TSJ^2 + TIJ^2)^1/2 + DJ) / 2 + PE
    Total System Jitter (TSJ):  0.050ns
    Total Input Jitter (TIJ):   0.000ns
    Discrete Jitter (DJ):       0.000ns
    Phase Error (PE):           0.000ns

  Maximum Clock Path at Slow Process Corner: clk_100mhz to u/campaign/records_completed_5
    Location             Delay type         Delay(ns)  Physical Resource
                                                       Logical Resource(s)
    -------------------------------------------------  -------------------
    V10.I                Tiopi                 1.557   clk_100mhz
                                                       clk_100mhz
                                                       clk_100mhz_BUFGP/IBUFG
                                                       ProtoComp138.IMUX
    BUFGMUX_X3Y13.I0     net (fanout=1)        1.050   clk_100mhz_BUFGP/IBUFG
    BUFGMUX_X3Y13.O      Tgi0o                 0.209   clk_100mhz_BUFGP/BUFG
                                                       clk_100mhz_BUFGP/BUFG
    SLICE_X35Y11.CLK     net (fanout=284)      1.130   clk_100mhz_BUFGP
    -------------------------------------------------  ---------------------------
    Total                                      3.946ns (1.766ns logic, 2.180ns route)
                                                       (44.8% logic, 55.2% route)

  Maximum Data Path at Slow Process Corner: u/campaign/records_completed_5 to seg_n<4>
    Location             Delay type         Delay(ns)  Physical Resource
                                                       Logical Resource(s)
    -------------------------------------------------  -------------------
    SLICE_X35Y11.CQ      Tcko                  0.430   u/records_completed<5>
                                                       u/campaign/records_completed_5
    SLICE_X35Y10.A1      net (fanout=7)        0.960   u/records_completed<5>
    SLICE_X35Y10.AMUX    Tilo                  0.337   u/ones<2>
                                                       u/records_completed[6]_PWR_2_o_mod_0/Mmux_a[5]_a[6]_MUX_92_o11
    SLICE_X34Y10.A5      net (fanout=2)        0.461   u/records_completed[6]_PWR_2_o_mod_0/a[5]_a[6]_MUX_92_o
    SLICE_X34Y10.A       Tilo                  0.254   u/records_completed[6]_PWR_2_o_mod_0/a[4]_a[6]_MUX_93_o
                                                       u/records_completed[6]_PWR_2_o_mod_0/BUS_0008_INV_67_o1_SW0
    SLICE_X34Y10.B4      net (fanout=2)        0.442   u/records_completed[6]_PWR_2_o_mod_0/N01
    SLICE_X34Y10.B       Tilo                  0.254   u/records_completed[6]_PWR_2_o_mod_0/a[4]_a[6]_MUX_93_o
                                                       u/records_completed[6]_PWR_2_o_mod_0/Mmux_o21
    SLICE_X34Y8.A1       net (fanout=1)        0.781   u/ones<1>
    SLICE_X34Y8.A        Tilo                  0.254   seg_n_0_OBUF
                                                       u/Mmux_digit<1>11
    SLICE_X34Y7.B1       net (fanout=4)        0.933   u/digit<1>
    SLICE_X34Y7.B        Tilo                  0.254   seg_n_4_OBUF
                                                       u/Mram_seg_n41
    M14.O                net (fanout=1)        2.520   seg_n_4_OBUF
    M14.PAD              Tioop                 2.982   seg_n<4>
                                                       seg_n_4_OBUF
                                                       seg_n<4>
    -------------------------------------------------  ---------------------------
    Total                                     10.862ns (4.765ns logic, 6.097ns route)
                                                       (43.9% logic, 56.1% route)

--------------------------------------------------------------------------------
Offset:                 14.810ns (clock path + data path + uncertainty)
  Source:               u/campaign/records_completed_5 (FF)
  Destination:          seg_n<4> (PAD)
  Source Clock:         clk_100mhz_BUFGP rising at 0.000ns
  Data Path Delay:      10.839ns (Levels of Logic = 6)
  Clock Path Delay:     3.946ns (Levels of Logic = 2)
  Clock Uncertainty:    0.025ns

  Clock Uncertainty:          0.025ns  ((TSJ^2 + TIJ^2)^1/2 + DJ) / 2 + PE
    Total System Jitter (TSJ):  0.050ns
    Total Input Jitter (TIJ):   0.000ns
    Discrete Jitter (DJ):       0.000ns
    Phase Error (PE):           0.000ns

  Maximum Clock Path at Slow Process Corner: clk_100mhz to u/campaign/records_completed_5
    Location             Delay type         Delay(ns)  Physical Resource
                                                       Logical Resource(s)
    -------------------------------------------------  -------------------
    V10.I                Tiopi                 1.557   clk_100mhz
                                                       clk_100mhz
                                                       clk_100mhz_BUFGP/IBUFG
                                                       ProtoComp138.IMUX
    BUFGMUX_X3Y13.I0     net (fanout=1)        1.050   clk_100mhz_BUFGP/IBUFG
    BUFGMUX_X3Y13.O      Tgi0o                 0.209   clk_100mhz_BUFGP/BUFG
                                                       clk_100mhz_BUFGP/BUFG
    SLICE_X35Y11.CLK     net (fanout=284)      1.130   clk_100mhz_BUFGP
    -------------------------------------------------  ---------------------------
    Total                                      3.946ns (1.766ns logic, 2.180ns route)
                                                       (44.8% logic, 55.2% route)

  Maximum Data Path at Slow Process Corner: u/campaign/records_completed_5 to seg_n<4>
    Location             Delay type         Delay(ns)  Physical Resource
                                                       Logical Resource(s)
    -------------------------------------------------  -------------------
    SLICE_X35Y11.CQ      Tcko                  0.430   u/records_completed<5>
                                                       u/campaign/records_completed_5
    SLICE_X35Y10.A1      net (fanout=7)        0.960   u/records_completed<5>
    SLICE_X35Y10.A       Tilo                  0.259   u/ones<2>
                                                       u/records_completed[6]_PWR_2_o_mod_0/Mmux_a[0]_a[6]_MUX_97_o131
    SLICE_X35Y10.B5      net (fanout=2)        0.447   u/records_completed[6]_PWR_2_o_mod_0/a[3]_a[6]_MUX_94_o
    SLICE_X35Y10.BMUX    Tilo                  0.337   u/ones<2>
                                                       u/records_completed[6]_PWR_2_o_mod_0/Mmux_a[0]_a[6]_MUX_104_o121
    SLICE_X34Y10.B3      net (fanout=2)        0.428   u/records_completed[6]_PWR_2_o_mod_0/a[2]_a[6]_MUX_102_o
    SLICE_X34Y10.B       Tilo                  0.254   u/records_completed[6]_PWR_2_o_mod_0/a[4]_a[6]_MUX_93_o
                                                       u/records_completed[6]_PWR_2_o_mod_0/Mmux_o21
    SLICE_X34Y8.A1       net (fanout=1)        0.781   u/ones<1>
    SLICE_X34Y8.A        Tilo                  0.254   seg_n_0_OBUF
                                                       u/Mmux_digit<1>11
    SLICE_X34Y7.B1       net (fanout=4)        0.933   u/digit<1>
    SLICE_X34Y7.B        Tilo                  0.254   seg_n_4_OBUF
                                                       u/Mram_seg_n41
    M14.O                net (fanout=1)        2.520   seg_n_4_OBUF
    M14.PAD              Tioop                 2.982   seg_n<4>
                                                       seg_n_4_OBUF
                                                       seg_n<4>
    -------------------------------------------------  ---------------------------
    Total                                     10.839ns (4.770ns logic, 6.069ns route)
                                                       (44.0% logic, 56.0% route)

--------------------------------------------------------------------------------
Offset:                 14.802ns (clock path + data path + uncertainty)
  Source:               u/campaign/records_completed_5 (FF)
  Destination:          seg_n<4> (PAD)
  Source Clock:         clk_100mhz_BUFGP rising at 0.000ns
  Data Path Delay:      10.831ns (Levels of Logic = 6)
  Clock Path Delay:     3.946ns (Levels of Logic = 2)
  Clock Uncertainty:    0.025ns

  Clock Uncertainty:          0.025ns  ((TSJ^2 + TIJ^2)^1/2 + DJ) / 2 + PE
    Total System Jitter (TSJ):  0.050ns
    Total Input Jitter (TIJ):   0.000ns
    Discrete Jitter (DJ):       0.000ns
    Phase Error (PE):           0.000ns

  Maximum Clock Path at Slow Process Corner: clk_100mhz to u/campaign/records_completed_5
    Location             Delay type         Delay(ns)  Physical Resource
                                                       Logical Resource(s)
    -------------------------------------------------  -------------------
    V10.I                Tiopi                 1.557   clk_100mhz
                                                       clk_100mhz
                                                       clk_100mhz_BUFGP/IBUFG
                                                       ProtoComp138.IMUX
    BUFGMUX_X3Y13.I0     net (fanout=1)        1.050   clk_100mhz_BUFGP/IBUFG
    BUFGMUX_X3Y13.O      Tgi0o                 0.209   clk_100mhz_BUFGP/BUFG
                                                       clk_100mhz_BUFGP/BUFG
    SLICE_X35Y11.CLK     net (fanout=284)      1.130   clk_100mhz_BUFGP
    -------------------------------------------------  ---------------------------
    Total                                      3.946ns (1.766ns logic, 2.180ns route)
                                                       (44.8% logic, 55.2% route)

  Maximum Data Path at Slow Process Corner: u/campaign/records_completed_5 to seg_n<4>
    Location             Delay type         Delay(ns)  Physical Resource
                                                       Logical Resource(s)
    -------------------------------------------------  -------------------
    SLICE_X35Y11.CQ      Tcko                  0.430   u/records_completed<5>
                                                       u/campaign/records_completed_5
    SLICE_X35Y10.A1      net (fanout=7)        0.960   u/records_completed<5>
    SLICE_X35Y10.AMUX    Tilo                  0.337   u/ones<2>
                                                       u/records_completed[6]_PWR_2_o_mod_0/Mmux_a[5]_a[6]_MUX_92_o11
    SLICE_X35Y10.B4      net (fanout=2)        0.361   u/records_completed[6]_PWR_2_o_mod_0/a[5]_a[6]_MUX_92_o
    SLICE_X35Y10.BMUX    Tilo                  0.337   u/ones<2>
                                                       u/records_completed[6]_PWR_2_o_mod_0/Mmux_a[0]_a[6]_MUX_104_o121
    SLICE_X34Y10.B3      net (fanout=2)        0.428   u/records_completed[6]_PWR_2_o_mod_0/a[2]_a[6]_MUX_102_o
    SLICE_X34Y10.B       Tilo                  0.254   u/records_completed[6]_PWR_2_o_mod_0/a[4]_a[6]_MUX_93_o
                                                       u/records_completed[6]_PWR_2_o_mod_0/Mmux_o21
    SLICE_X34Y8.A1       net (fanout=1)        0.781   u/ones<1>
    SLICE_X34Y8.A        Tilo                  0.254   seg_n_0_OBUF
                                                       u/Mmux_digit<1>11
    SLICE_X34Y7.B1       net (fanout=4)        0.933   u/digit<1>
    SLICE_X34Y7.B        Tilo                  0.254   seg_n_4_OBUF
                                                       u/Mram_seg_n41
    M14.O                net (fanout=1)        2.520   seg_n_4_OBUF
    M14.PAD              Tioop                 2.982   seg_n<4>
                                                       seg_n_4_OBUF
                                                       seg_n<4>
    -------------------------------------------------  ---------------------------
    Total                                     10.831ns (4.848ns logic, 5.983ns route)
                                                       (44.8% logic, 55.2% route)

--------------------------------------------------------------------------------
Offset:                 14.744ns (clock path + data path + uncertainty)
  Source:               u/campaign/records_completed_3 (FF)
  Destination:          seg_n<4> (PAD)
  Source Clock:         clk_100mhz_BUFGP rising at 0.000ns
  Data Path Delay:      10.773ns (Levels of Logic = 6)
  Clock Path Delay:     3.946ns (Levels of Logic = 2)
  Clock Uncertainty:    0.025ns

  Clock Uncertainty:          0.025ns  ((TSJ^2 + TIJ^2)^1/2 + DJ) / 2 + PE
    Total System Jitter (TSJ):  0.050ns
    Total Input Jitter (TIJ):   0.000ns
    Discrete Jitter (DJ):       0.000ns
    Phase Error (PE):           0.000ns

  Maximum Clock Path at Slow Process Corner: clk_100mhz to u/campaign/records_completed_3
    Location             Delay type         Delay(ns)  Physical Resource
                                                       Logical Resource(s)
    -------------------------------------------------  -------------------
    V10.I                Tiopi                 1.557   clk_100mhz
                                                       clk_100mhz
                                                       clk_100mhz_BUFGP/IBUFG
                                                       ProtoComp138.IMUX
    BUFGMUX_X3Y13.I0     net (fanout=1)        1.050   clk_100mhz_BUFGP/IBUFG
    BUFGMUX_X3Y13.O      Tgi0o                 0.209   clk_100mhz_BUFGP/BUFG
                                                       clk_100mhz_BUFGP/BUFG
    SLICE_X35Y11.CLK     net (fanout=284)      1.130   clk_100mhz_BUFGP
    -------------------------------------------------  ---------------------------
    Total                                      3.946ns (1.766ns logic, 2.180ns route)
                                                       (44.8% logic, 55.2% route)

  Maximum Data Path at Slow Process Corner: u/campaign/records_completed_3 to seg_n<4>
    Location             Delay type         Delay(ns)  Physical Resource
                                                       Logical Resource(s)
    -------------------------------------------------  -------------------
    SLICE_X35Y11.BMUX    Tshcko                0.518   u/records_completed<5>
                                                       u/campaign/records_completed_3
    SLICE_X34Y10.C3      net (fanout=7)        0.603   u/records_completed<3>
    SLICE_X34Y10.C       Tilo                  0.255   u/records_completed[6]_PWR_2_o_mod_0/a[4]_a[6]_MUX_93_o
                                                       u/records_completed[6]_PWR_2_o_mod_0/Mmux_a[4]_a[6]_MUX_93_o11
    SLICE_X35Y10.B1      net (fanout=2)        0.654   u/records_completed[6]_PWR_2_o_mod_0/a[4]_a[6]_MUX_93_o
    SLICE_X35Y10.BMUX    Tilo                  0.337   u/ones<2>
                                                       u/records_completed[6]_PWR_2_o_mod_0/Mmux_a[0]_a[6]_MUX_104_o121
    SLICE_X34Y10.B3      net (fanout=2)        0.428   u/records_completed[6]_PWR_2_o_mod_0/a[2]_a[6]_MUX_102_o
    SLICE_X34Y10.B       Tilo                  0.254   u/records_completed[6]_PWR_2_o_mod_0/a[4]_a[6]_MUX_93_o
                                                       u/records_completed[6]_PWR_2_o_mod_0/Mmux_o21
    SLICE_X34Y8.A1       net (fanout=1)        0.781   u/ones<1>
    SLICE_X34Y8.A        Tilo                  0.254   seg_n_0_OBUF
                                                       u/Mmux_digit<1>11
    SLICE_X34Y7.B1       net (fanout=4)        0.933   u/digit<1>
    SLICE_X34Y7.B        Tilo                  0.254   seg_n_4_OBUF
                                                       u/Mram_seg_n41
    M14.O                net (fanout=1)        2.520   seg_n_4_OBUF
    M14.PAD              Tioop                 2.982   seg_n<4>
                                                       seg_n_4_OBUF
                                                       seg_n<4>
    -------------------------------------------------  ---------------------------
    Total                                     10.773ns (4.854ns logic, 5.919ns route)
                                                       (45.1% logic, 54.9% route)

--------------------------------------------------------------------------------
Offset:                 14.740ns (clock path + data path + uncertainty)
  Source:               u/campaign/records_completed_6 (FF)
  Destination:          seg_n<4> (PAD)
  Source Clock:         clk_100mhz_BUFGP rising at 0.000ns
  Data Path Delay:      10.769ns (Levels of Logic = 6)
  Clock Path Delay:     3.946ns (Levels of Logic = 2)
  Clock Uncertainty:    0.025ns

  Clock Uncertainty:          0.025ns  ((TSJ^2 + TIJ^2)^1/2 + DJ) / 2 + PE
    Total System Jitter (TSJ):  0.050ns
    Total Input Jitter (TIJ):   0.000ns
    Discrete Jitter (DJ):       0.000ns
    Phase Error (PE):           0.000ns

  Maximum Clock Path at Slow Process Corner: clk_100mhz to u/campaign/records_completed_6
    Location             Delay type         Delay(ns)  Physical Resource
                                                       Logical Resource(s)
    -------------------------------------------------  -------------------
    V10.I                Tiopi                 1.557   clk_100mhz
                                                       clk_100mhz
                                                       clk_100mhz_BUFGP/IBUFG
                                                       ProtoComp138.IMUX
    BUFGMUX_X3Y13.I0     net (fanout=1)        1.050   clk_100mhz_BUFGP/IBUFG
    BUFGMUX_X3Y13.O      Tgi0o                 0.209   clk_100mhz_BUFGP/BUFG
                                                       clk_100mhz_BUFGP/BUFG
    SLICE_X34Y11.CLK     net (fanout=284)      1.130   clk_100mhz_BUFGP
    -------------------------------------------------  ---------------------------
    Total                                      3.946ns (1.766ns logic, 2.180ns route)
                                                       (44.8% logic, 55.2% route)

  Maximum Data Path at Slow Process Corner: u/campaign/records_completed_6 to seg_n<4>
    Location             Delay type         Delay(ns)  Physical Resource
                                                       Logical Resource(s)
    -------------------------------------------------  -------------------
    SLICE_X34Y11.AQ      Tcko                  0.525   u/records_completed<6>
                                                       u/campaign/records_completed_6
    SLICE_X34Y10.C1      net (fanout=6)        0.749   u/records_completed<6>
    SLICE_X34Y10.C       Tilo                  0.255   u/records_completed[6]_PWR_2_o_mod_0/a[4]_a[6]_MUX_93_o
                                                       u/records_completed[6]_PWR_2_o_mod_0/Mmux_a[4]_a[6]_MUX_93_o11
    SLICE_X34Y10.A1      net (fanout=2)        0.566   u/records_completed[6]_PWR_2_o_mod_0/a[4]_a[6]_MUX_93_o
    SLICE_X34Y10.A       Tilo                  0.254   u/records_completed[6]_PWR_2_o_mod_0/a[4]_a[6]_MUX_93_o
                                                       u/records_completed[6]_PWR_2_o_mod_0/BUS_0008_INV_67_o1_SW0
    SLICE_X34Y10.B4      net (fanout=2)        0.442   u/records_completed[6]_PWR_2_o_mod_0/N01
    SLICE_X34Y10.B       Tilo                  0.254   u/records_completed[6]_PWR_2_o_mod_0/a[4]_a[6]_MUX_93_o
                                                       u/records_completed[6]_PWR_2_o_mod_0/Mmux_o21
    SLICE_X34Y8.A1       net (fanout=1)        0.781   u/ones<1>
    SLICE_X34Y8.A        Tilo                  0.254   seg_n_0_OBUF
                                                       u/Mmux_digit<1>11
    SLICE_X34Y7.B1       net (fanout=4)        0.933   u/digit<1>
    SLICE_X34Y7.B        Tilo                  0.254   seg_n_4_OBUF
                                                       u/Mram_seg_n41
    M14.O                net (fanout=1)        2.520   seg_n_4_OBUF
    M14.PAD              Tioop                 2.982   seg_n<4>
                                                       seg_n_4_OBUF
                                                       seg_n<4>
    -------------------------------------------------  ---------------------------
    Total                                     10.769ns (4.778ns logic, 5.991ns route)
                                                       (44.4% logic, 55.6% route)

--------------------------------------------------------------------------------
Offset:                 14.687ns (clock path + data path + uncertainty)
  Source:               u/campaign/records_completed_5 (FF)
  Destination:          seg_n<4> (PAD)
  Source Clock:         clk_100mhz_BUFGP rising at 0.000ns
  Data Path Delay:      10.716ns (Levels of Logic = 6)
  Clock Path Delay:     3.946ns (Levels of Logic = 2)
  Clock Uncertainty:    0.025ns

  Clock Uncertainty:          0.025ns  ((TSJ^2 + TIJ^2)^1/2 + DJ) / 2 + PE
    Total System Jitter (TSJ):  0.050ns
    Total Input Jitter (TIJ):   0.000ns
    Discrete Jitter (DJ):       0.000ns
    Phase Error (PE):           0.000ns

  Maximum Clock Path at Slow Process Corner: clk_100mhz to u/campaign/records_completed_5
    Location             Delay type         Delay(ns)  Physical Resource
                                                       Logical Resource(s)
    -------------------------------------------------  -------------------
    V10.I                Tiopi                 1.557   clk_100mhz
                                                       clk_100mhz
                                                       clk_100mhz_BUFGP/IBUFG
                                                       ProtoComp138.IMUX
    BUFGMUX_X3Y13.I0     net (fanout=1)        1.050   clk_100mhz_BUFGP/IBUFG
    BUFGMUX_X3Y13.O      Tgi0o                 0.209   clk_100mhz_BUFGP/BUFG
                                                       clk_100mhz_BUFGP/BUFG
    SLICE_X35Y11.CLK     net (fanout=284)      1.130   clk_100mhz_BUFGP
    -------------------------------------------------  ---------------------------
    Total                                      3.946ns (1.766ns logic, 2.180ns route)
                                                       (44.8% logic, 55.2% route)

  Maximum Data Path at Slow Process Corner: u/campaign/records_completed_5 to seg_n<4>
    Location             Delay type         Delay(ns)  Physical Resource
                                                       Logical Resource(s)
    -------------------------------------------------  -------------------
    SLICE_X35Y11.CQ      Tcko                  0.430   u/records_completed<5>
                                                       u/campaign/records_completed_5
    SLICE_X34Y10.C5      net (fanout=7)        0.634   u/records_completed<5>
    SLICE_X34Y10.C       Tilo                  0.255   u/records_completed[6]_PWR_2_o_mod_0/a[4]_a[6]_MUX_93_o
                                                       u/records_completed[6]_PWR_2_o_mod_0/Mmux_a[4]_a[6]_MUX_93_o11
    SLICE_X35Y10.B1      net (fanout=2)        0.654   u/records_completed[6]_PWR_2_o_mod_0/a[4]_a[6]_MUX_93_o
    SLICE_X35Y10.BMUX    Tilo                  0.337   u/ones<2>
                                                       u/records_completed[6]_PWR_2_o_mod_0/Mmux_a[0]_a[6]_MUX_104_o121
    SLICE_X34Y10.B3      net (fanout=2)        0.428   u/records_completed[6]_PWR_2_o_mod_0/a[2]_a[6]_MUX_102_o
    SLICE_X34Y10.B       Tilo                  0.254   u/records_completed[6]_PWR_2_o_mod_0/a[4]_a[6]_MUX_93_o
                                                       u/records_completed[6]_PWR_2_o_mod_0/Mmux_o21
    SLICE_X34Y8.A1       net (fanout=1)        0.781   u/ones<1>
    SLICE_X34Y8.A        Tilo                  0.254   seg_n_0_OBUF
                                                       u/Mmux_digit<1>11
    SLICE_X34Y7.B1       net (fanout=4)        0.933   u/digit<1>
    SLICE_X34Y7.B        Tilo                  0.254   seg_n_4_OBUF
                                                       u/Mram_seg_n41
    M14.O                net (fanout=1)        2.520   seg_n_4_OBUF
    M14.PAD              Tioop                 2.982   seg_n<4>
                                                       seg_n_4_OBUF
                                                       seg_n<4>
    -------------------------------------------------  ---------------------------
    Total                                     10.716ns (4.766ns logic, 5.950ns route)
                                                       (44.5% logic, 55.5% route)

--------------------------------------------------------------------------------
Offset:                 14.680ns (clock path + data path + uncertainty)
  Source:               u/campaign/records_completed_6 (FF)
  Destination:          seg_n<4> (PAD)
  Source Clock:         clk_100mhz_BUFGP rising at 0.000ns
  Data Path Delay:      10.709ns (Levels of Logic = 6)
  Clock Path Delay:     3.946ns (Levels of Logic = 2)
  Clock Uncertainty:    0.025ns

  Clock Uncertainty:          0.025ns  ((TSJ^2 + TIJ^2)^1/2 + DJ) / 2 + PE
    Total System Jitter (TSJ):  0.050ns
    Total Input Jitter (TIJ):   0.000ns
    Discrete Jitter (DJ):       0.000ns
    Phase Error (PE):           0.000ns

  Maximum Clock Path at Slow Process Corner: clk_100mhz to u/campaign/records_completed_6
    Location             Delay type         Delay(ns)  Physical Resource
                                                       Logical Resource(s)
    -------------------------------------------------  -------------------
    V10.I                Tiopi                 1.557   clk_100mhz
                                                       clk_100mhz
                                                       clk_100mhz_BUFGP/IBUFG
                                                       ProtoComp138.IMUX
    BUFGMUX_X3Y13.I0     net (fanout=1)        1.050   clk_100mhz_BUFGP/IBUFG
    BUFGMUX_X3Y13.O      Tgi0o                 0.209   clk_100mhz_BUFGP/BUFG
                                                       clk_100mhz_BUFGP/BUFG
    SLICE_X34Y11.CLK     net (fanout=284)      1.130   clk_100mhz_BUFGP
    -------------------------------------------------  ---------------------------
    Total                                      3.946ns (1.766ns logic, 2.180ns route)
                                                       (44.8% logic, 55.2% route)

  Maximum Data Path at Slow Process Corner: u/campaign/records_completed_6 to seg_n<4>
    Location             Delay type         Delay(ns)  Physical Resource
                                                       Logical Resource(s)
    -------------------------------------------------  -------------------
    SLICE_X34Y11.AQ      Tcko                  0.525   u/records_completed<6>
                                                       u/campaign/records_completed_6
    SLICE_X35Y10.A4      net (fanout=6)        0.712   u/records_completed<6>
    SLICE_X35Y10.AMUX    Tilo                  0.337   u/ones<2>
                                                       u/records_completed[6]_PWR_2_o_mod_0/Mmux_a[5]_a[6]_MUX_92_o11
    SLICE_X34Y10.A5      net (fanout=2)        0.461   u/records_completed[6]_PWR_2_o_mod_0/a[5]_a[6]_MUX_92_o
    SLICE_X34Y10.A       Tilo                  0.254   u/records_completed[6]_PWR_2_o_mod_0/a[4]_a[6]_MUX_93_o
                                                       u/records_completed[6]_PWR_2_o_mod_0/BUS_0008_INV_67_o1_SW0
    SLICE_X34Y10.B4      net (fanout=2)        0.442   u/records_completed[6]_PWR_2_o_mod_0/N01
    SLICE_X34Y10.B       Tilo                  0.254   u/records_completed[6]_PWR_2_o_mod_0/a[4]_a[6]_MUX_93_o
                                                       u/records_completed[6]_PWR_2_o_mod_0/Mmux_o21
    SLICE_X34Y8.A1       net (fanout=1)        0.781   u/ones<1>
    SLICE_X34Y8.A        Tilo                  0.254   seg_n_0_OBUF
                                                       u/Mmux_digit<1>11
    SLICE_X34Y7.B1       net (fanout=4)        0.933   u/digit<1>
    SLICE_X34Y7.B        Tilo                  0.254   seg_n_4_OBUF
                                                       u/Mram_seg_n41
    M14.O                net (fanout=1)        2.520   seg_n_4_OBUF
    M14.PAD              Tioop                 2.982   seg_n<4>
                                                       seg_n_4_OBUF
                                                       seg_n<4>
    -------------------------------------------------  ---------------------------
    Total                                     10.709ns (4.860ns logic, 5.849ns route)
                                                       (45.4% logic, 54.6% route)

--------------------------------------------------------------------------------
Offset:                 14.657ns (clock path + data path + uncertainty)
  Source:               u/campaign/records_completed_6 (FF)
  Destination:          seg_n<4> (PAD)
  Source Clock:         clk_100mhz_BUFGP rising at 0.000ns
  Data Path Delay:      10.686ns (Levels of Logic = 6)
  Clock Path Delay:     3.946ns (Levels of Logic = 2)
  Clock Uncertainty:    0.025ns

  Clock Uncertainty:          0.025ns  ((TSJ^2 + TIJ^2)^1/2 + DJ) / 2 + PE
    Total System Jitter (TSJ):  0.050ns
    Total Input Jitter (TIJ):   0.000ns
    Discrete Jitter (DJ):       0.000ns
    Phase Error (PE):           0.000ns

  Maximum Clock Path at Slow Process Corner: clk_100mhz to u/campaign/records_completed_6
    Location             Delay type         Delay(ns)  Physical Resource
                                                       Logical Resource(s)
    -------------------------------------------------  -------------------
    V10.I                Tiopi                 1.557   clk_100mhz
                                                       clk_100mhz
                                                       clk_100mhz_BUFGP/IBUFG
                                                       ProtoComp138.IMUX
    BUFGMUX_X3Y13.I0     net (fanout=1)        1.050   clk_100mhz_BUFGP/IBUFG
    BUFGMUX_X3Y13.O      Tgi0o                 0.209   clk_100mhz_BUFGP/BUFG
                                                       clk_100mhz_BUFGP/BUFG
    SLICE_X34Y11.CLK     net (fanout=284)      1.130   clk_100mhz_BUFGP
    -------------------------------------------------  ---------------------------
    Total                                      3.946ns (1.766ns logic, 2.180ns route)
                                                       (44.8% logic, 55.2% route)

  Maximum Data Path at Slow Process Corner: u/campaign/records_completed_6 to seg_n<4>
    Location             Delay type         Delay(ns)  Physical Resource
                                                       Logical Resource(s)
    -------------------------------------------------  -------------------
    SLICE_X34Y11.AQ      Tcko                  0.525   u/records_completed<6>
                                                       u/campaign/records_completed_6
    SLICE_X35Y10.A4      net (fanout=6)        0.712   u/records_completed<6>
    SLICE_X35Y10.A       Tilo                  0.259   u/ones<2>
                                                       u/records_completed[6]_PWR_2_o_mod_0/Mmux_a[0]_a[6]_MUX_97_o131
    SLICE_X35Y10.B5      net (fanout=2)        0.447   u/records_completed[6]_PWR_2_o_mod_0/a[3]_a[6]_MUX_94_o
    SLICE_X35Y10.BMUX    Tilo                  0.337   u/ones<2>
                                                       u/records_completed[6]_PWR_2_o_mod_0/Mmux_a[0]_a[6]_MUX_104_o121
    SLICE_X34Y10.B3      net (fanout=2)        0.428   u/records_completed[6]_PWR_2_o_mod_0/a[2]_a[6]_MUX_102_o
    SLICE_X34Y10.B       Tilo                  0.254   u/records_completed[6]_PWR_2_o_mod_0/a[4]_a[6]_MUX_93_o
                                                       u/records_completed[6]_PWR_2_o_mod_0/Mmux_o21
    SLICE_X34Y8.A1       net (fanout=1)        0.781   u/ones<1>
    SLICE_X34Y8.A        Tilo                  0.254   seg_n_0_OBUF
                                                       u/Mmux_digit<1>11
    SLICE_X34Y7.B1       net (fanout=4)        0.933   u/digit<1>
    SLICE_X34Y7.B        Tilo                  0.254   seg_n_4_OBUF
                                                       u/Mram_seg_n41
    M14.O                net (fanout=1)        2.520   seg_n_4_OBUF
    M14.PAD              Tioop                 2.982   seg_n<4>
                                                       seg_n_4_OBUF
                                                       seg_n<4>
    -------------------------------------------------  ---------------------------
    Total                                     10.686ns (4.865ns logic, 5.821ns route)
                                                       (45.5% logic, 54.5% route)

--------------------------------------------------------------------------------
Offset:                 14.649ns (clock path + data path + uncertainty)
  Source:               u/campaign/records_completed_6 (FF)
  Destination:          seg_n<4> (PAD)
  Source Clock:         clk_100mhz_BUFGP rising at 0.000ns
  Data Path Delay:      10.678ns (Levels of Logic = 6)
  Clock Path Delay:     3.946ns (Levels of Logic = 2)
  Clock Uncertainty:    0.025ns

  Clock Uncertainty:          0.025ns  ((TSJ^2 + TIJ^2)^1/2 + DJ) / 2 + PE
    Total System Jitter (TSJ):  0.050ns
    Total Input Jitter (TIJ):   0.000ns
    Discrete Jitter (DJ):       0.000ns
    Phase Error (PE):           0.000ns

  Maximum Clock Path at Slow Process Corner: clk_100mhz to u/campaign/records_completed_6
    Location             Delay type         Delay(ns)  Physical Resource
                                                       Logical Resource(s)
    -------------------------------------------------  -------------------
    V10.I                Tiopi                 1.557   clk_100mhz
                                                       clk_100mhz
                                                       clk_100mhz_BUFGP/IBUFG
                                                       ProtoComp138.IMUX
    BUFGMUX_X3Y13.I0     net (fanout=1)        1.050   clk_100mhz_BUFGP/IBUFG
    BUFGMUX_X3Y13.O      Tgi0o                 0.209   clk_100mhz_BUFGP/BUFG
                                                       clk_100mhz_BUFGP/BUFG
    SLICE_X34Y11.CLK     net (fanout=284)      1.130   clk_100mhz_BUFGP
    -------------------------------------------------  ---------------------------
    Total                                      3.946ns (1.766ns logic, 2.180ns route)
                                                       (44.8% logic, 55.2% route)

  Maximum Data Path at Slow Process Corner: u/campaign/records_completed_6 to seg_n<4>
    Location             Delay type         Delay(ns)  Physical Resource
                                                       Logical Resource(s)
    -------------------------------------------------  -------------------
    SLICE_X34Y11.AQ      Tcko                  0.525   u/records_completed<6>
                                                       u/campaign/records_completed_6
    SLICE_X35Y10.A4      net (fanout=6)        0.712   u/records_completed<6>
    SLICE_X35Y10.AMUX    Tilo                  0.337   u/ones<2>
                                                       u/records_completed[6]_PWR_2_o_mod_0/Mmux_a[5]_a[6]_MUX_92_o11
    SLICE_X35Y10.B4      net (fanout=2)        0.361   u/records_completed[6]_PWR_2_o_mod_0/a[5]_a[6]_MUX_92_o
    SLICE_X35Y10.BMUX    Tilo                  0.337   u/ones<2>
                                                       u/records_completed[6]_PWR_2_o_mod_0/Mmux_a[0]_a[6]_MUX_104_o121
    SLICE_X34Y10.B3      net (fanout=2)        0.428   u/records_completed[6]_PWR_2_o_mod_0/a[2]_a[6]_MUX_102_o
    SLICE_X34Y10.B       Tilo                  0.254   u/records_completed[6]_PWR_2_o_mod_0/a[4]_a[6]_MUX_93_o
                                                       u/records_completed[6]_PWR_2_o_mod_0/Mmux_o21
    SLICE_X34Y8.A1       net (fanout=1)        0.781   u/ones<1>
    SLICE_X34Y8.A        Tilo                  0.254   seg_n_0_OBUF
                                                       u/Mmux_digit<1>11
    SLICE_X34Y7.B1       net (fanout=4)        0.933   u/digit<1>
    SLICE_X34Y7.B        Tilo                  0.254   seg_n_4_OBUF
                                                       u/Mram_seg_n41
    M14.O                net (fanout=1)        2.520   seg_n_4_OBUF
    M14.PAD              Tioop                 2.982   seg_n<4>
                                                       seg_n_4_OBUF
                                                       seg_n<4>
    -------------------------------------------------  ---------------------------
    Total                                     10.678ns (4.943ns logic, 5.735ns route)
                                                       (46.3% logic, 53.7% route)

--------------------------------------------------------------------------------

Paths for end point seg_n<5> (N14.PAD), 171 paths
--------------------------------------------------------------------------------
Offset:                 14.733ns (clock path + data path + uncertainty)
  Source:               u/campaign/records_completed_6 (FF)
  Destination:          seg_n<5> (PAD)
  Source Clock:         clk_100mhz_BUFGP rising at 0.000ns
  Data Path Delay:      10.762ns (Levels of Logic = 6)
  Clock Path Delay:     3.946ns (Levels of Logic = 2)
  Clock Uncertainty:    0.025ns

  Clock Uncertainty:          0.025ns  ((TSJ^2 + TIJ^2)^1/2 + DJ) / 2 + PE
    Total System Jitter (TSJ):  0.050ns
    Total Input Jitter (TIJ):   0.000ns
    Discrete Jitter (DJ):       0.000ns
    Phase Error (PE):           0.000ns

  Maximum Clock Path at Slow Process Corner: clk_100mhz to u/campaign/records_completed_6
    Location             Delay type         Delay(ns)  Physical Resource
                                                       Logical Resource(s)
    -------------------------------------------------  -------------------
    V10.I                Tiopi                 1.557   clk_100mhz
                                                       clk_100mhz
                                                       clk_100mhz_BUFGP/IBUFG
                                                       ProtoComp138.IMUX
    BUFGMUX_X3Y13.I0     net (fanout=1)        1.050   clk_100mhz_BUFGP/IBUFG
    BUFGMUX_X3Y13.O      Tgi0o                 0.209   clk_100mhz_BUFGP/BUFG
                                                       clk_100mhz_BUFGP/BUFG
    SLICE_X34Y11.CLK     net (fanout=284)      1.130   clk_100mhz_BUFGP
    -------------------------------------------------  ---------------------------
    Total                                      3.946ns (1.766ns logic, 2.180ns route)
                                                       (44.8% logic, 55.2% route)

  Maximum Data Path at Slow Process Corner: u/campaign/records_completed_6 to seg_n<5>
    Location             Delay type         Delay(ns)  Physical Resource
                                                       Logical Resource(s)
    -------------------------------------------------  -------------------
    SLICE_X34Y11.AQ      Tcko                  0.525   u/records_completed<6>
                                                       u/campaign/records_completed_6
    SLICE_X34Y10.C1      net (fanout=6)        0.749   u/records_completed<6>
    SLICE_X34Y10.C       Tilo                  0.255   u/records_completed[6]_PWR_2_o_mod_0/a[4]_a[6]_MUX_93_o
                                                       u/records_completed[6]_PWR_2_o_mod_0/Mmux_a[4]_a[6]_MUX_93_o11
    SLICE_X35Y10.B1      net (fanout=2)        0.654   u/records_completed[6]_PWR_2_o_mod_0/a[4]_a[6]_MUX_93_o
    SLICE_X35Y10.BMUX    Tilo                  0.337   u/ones<2>
                                                       u/records_completed[6]_PWR_2_o_mod_0/Mmux_a[0]_a[6]_MUX_104_o121
    SLICE_X34Y10.B3      net (fanout=2)        0.428   u/records_completed[6]_PWR_2_o_mod_0/a[2]_a[6]_MUX_102_o
    SLICE_X34Y10.B       Tilo                  0.254   u/records_completed[6]_PWR_2_o_mod_0/a[4]_a[6]_MUX_93_o
                                                       u/records_completed[6]_PWR_2_o_mod_0/Mmux_o21
    SLICE_X34Y8.A1       net (fanout=1)        0.781   u/ones<1>
    SLICE_X34Y8.A        Tilo                  0.254   seg_n_0_OBUF
                                                       u/Mmux_digit<1>11
    SLICE_X35Y7.B3       net (fanout=4)        0.769   u/digit<1>
    SLICE_X35Y7.B        Tilo                  0.259   seg_n_5_OBUF
                                                       u/Mram_seg_n51
    N14.O                net (fanout=1)        2.515   seg_n_5_OBUF
    N14.PAD              Tioop                 2.982   seg_n<5>
                                                       seg_n_5_OBUF
                                                       seg_n<5>
    -------------------------------------------------  ---------------------------
    Total                                     10.762ns (4.866ns logic, 5.896ns route)
                                                       (45.2% logic, 54.8% route)

--------------------------------------------------------------------------------
Offset:                 14.717ns (clock path + data path + uncertainty)
  Source:               u/campaign/records_completed_5 (FF)
  Destination:          seg_n<5> (PAD)
  Source Clock:         clk_100mhz_BUFGP rising at 0.000ns
  Data Path Delay:      10.746ns (Levels of Logic = 6)
  Clock Path Delay:     3.946ns (Levels of Logic = 2)
  Clock Uncertainty:    0.025ns

  Clock Uncertainty:          0.025ns  ((TSJ^2 + TIJ^2)^1/2 + DJ) / 2 + PE
    Total System Jitter (TSJ):  0.050ns
    Total Input Jitter (TIJ):   0.000ns
    Discrete Jitter (DJ):       0.000ns
    Phase Error (PE):           0.000ns

  Maximum Clock Path at Slow Process Corner: clk_100mhz to u/campaign/records_completed_5
    Location             Delay type         Delay(ns)  Physical Resource
                                                       Logical Resource(s)
    -------------------------------------------------  -------------------
    V10.I                Tiopi                 1.557   clk_100mhz
                                                       clk_100mhz
                                                       clk_100mhz_BUFGP/IBUFG
                                                       ProtoComp138.IMUX
    BUFGMUX_X3Y13.I0     net (fanout=1)        1.050   clk_100mhz_BUFGP/IBUFG
    BUFGMUX_X3Y13.O      Tgi0o                 0.209   clk_100mhz_BUFGP/BUFG
                                                       clk_100mhz_BUFGP/BUFG
    SLICE_X35Y11.CLK     net (fanout=284)      1.130   clk_100mhz_BUFGP
    -------------------------------------------------  ---------------------------
    Total                                      3.946ns (1.766ns logic, 2.180ns route)
                                                       (44.8% logic, 55.2% route)

  Maximum Data Path at Slow Process Corner: u/campaign/records_completed_5 to seg_n<5>
    Location             Delay type         Delay(ns)  Physical Resource
                                                       Logical Resource(s)
    -------------------------------------------------  -------------------
    SLICE_X35Y11.CQ      Tcko                  0.430   u/records_completed<5>
                                                       u/campaign/records_completed_5
    SLICE_X35Y10.A1      net (fanout=7)        0.960   u/records_completed<5>
    SLICE_X35Y10.AMUX    Tilo                  0.337   u/ones<2>
                                                       u/records_completed[6]_PWR_2_o_mod_0/Mmux_a[5]_a[6]_MUX_92_o11
    SLICE_X34Y10.A5      net (fanout=2)        0.461   u/records_completed[6]_PWR_2_o_mod_0/a[5]_a[6]_MUX_92_o
    SLICE_X34Y10.A       Tilo                  0.254   u/records_completed[6]_PWR_2_o_mod_0/a[4]_a[6]_MUX_93_o
                                                       u/records_completed[6]_PWR_2_o_mod_0/BUS_0008_INV_67_o1_SW0
    SLICE_X35Y10.C3      net (fanout=2)        0.358   u/records_completed[6]_PWR_2_o_mod_0/N01
    SLICE_X35Y10.C       Tilo                  0.259   u/ones<2>
                                                       u/records_completed[6]_PWR_2_o_mod_0/Mmux_o31
    SLICE_X35Y8.A4       net (fanout=1)        0.513   u/ones<2>
    SLICE_X35Y8.A        Tilo                  0.259   u/digit<2>
                                                       u/Mmux_digit<2>11
    SLICE_X35Y7.B2       net (fanout=4)        1.159   u/digit<2>
    SLICE_X35Y7.B        Tilo                  0.259   seg_n_5_OBUF
                                                       u/Mram_seg_n51
    N14.O                net (fanout=1)        2.515   seg_n_5_OBUF
    N14.PAD              Tioop                 2.982   seg_n<5>
                                                       seg_n_5_OBUF
                                                       seg_n<5>
    -------------------------------------------------  ---------------------------
    Total                                     10.746ns (4.780ns logic, 5.966ns route)
                                                       (44.5% logic, 55.5% route)

--------------------------------------------------------------------------------
Offset:                 14.686ns (clock path + data path + uncertainty)
  Source:               u/campaign/records_completed_6 (FF)
  Destination:          seg_n<5> (PAD)
  Source Clock:         clk_100mhz_BUFGP rising at 0.000ns
  Data Path Delay:      10.715ns (Levels of Logic = 6)
  Clock Path Delay:     3.946ns (Levels of Logic = 2)
  Clock Uncertainty:    0.025ns

  Clock Uncertainty:          0.025ns  ((TSJ^2 + TIJ^2)^1/2 + DJ) / 2 + PE
    Total System Jitter (TSJ):  0.050ns
    Total Input Jitter (TIJ):   0.000ns
    Discrete Jitter (DJ):       0.000ns
    Phase Error (PE):           0.000ns

  Maximum Clock Path at Slow Process Corner: clk_100mhz to u/campaign/records_completed_6
    Location             Delay type         Delay(ns)  Physical Resource
                                                       Logical Resource(s)
    -------------------------------------------------  -------------------
    V10.I                Tiopi                 1.557   clk_100mhz
                                                       clk_100mhz
                                                       clk_100mhz_BUFGP/IBUFG
                                                       ProtoComp138.IMUX
    BUFGMUX_X3Y13.I0     net (fanout=1)        1.050   clk_100mhz_BUFGP/IBUFG
    BUFGMUX_X3Y13.O      Tgi0o                 0.209   clk_100mhz_BUFGP/BUFG
                                                       clk_100mhz_BUFGP/BUFG
    SLICE_X34Y11.CLK     net (fanout=284)      1.130   clk_100mhz_BUFGP
    -------------------------------------------------  ---------------------------
    Total                                      3.946ns (1.766ns logic, 2.180ns route)
                                                       (44.8% logic, 55.2% route)

  Maximum Data Path at Slow Process Corner: u/campaign/records_completed_6 to seg_n<5>
    Location             Delay type         Delay(ns)  Physical Resource
                                                       Logical Resource(s)
    -------------------------------------------------  -------------------
    SLICE_X34Y11.AQ      Tcko                  0.525   u/records_completed<6>
                                                       u/campaign/records_completed_6
    SLICE_X34Y10.C1      net (fanout=6)        0.749   u/records_completed<6>
    SLICE_X34Y10.C       Tilo                  0.255   u/records_completed[6]_PWR_2_o_mod_0/a[4]_a[6]_MUX_93_o
                                                       u/records_completed[6]_PWR_2_o_mod_0/Mmux_a[4]_a[6]_MUX_93_o11
    SLICE_X35Y10.B1      net (fanout=2)        0.654   u/records_completed[6]_PWR_2_o_mod_0/a[4]_a[6]_MUX_93_o
    SLICE_X35Y10.B       Tilo                  0.259   u/ones<2>
                                                       u/records_completed[6]_PWR_2_o_mod_0/Mmux_a[0]_a[6]_MUX_104_o131
    SLICE_X35Y10.C4      net (fanout=2)        0.327   u/records_completed[6]_PWR_2_o_mod_0/a[3]_a[6]_MUX_101_o
    SLICE_X35Y10.C       Tilo                  0.259   u/ones<2>
                                                       u/records_completed[6]_PWR_2_o_mod_0/Mmux_o31
    SLICE_X35Y8.A4       net (fanout=1)        0.513   u/ones<2>
    SLICE_X35Y8.A        Tilo                  0.259   u/digit<2>
                                                       u/Mmux_digit<2>11
    SLICE_X35Y7.B2       net (fanout=4)        1.159   u/digit<2>
    SLICE_X35Y7.B        Tilo                  0.259   seg_n_5_OBUF
                                                       u/Mram_seg_n51
    N14.O                net (fanout=1)        2.515   seg_n_5_OBUF
    N14.PAD              Tioop                 2.982   seg_n<5>
                                                       seg_n_5_OBUF
                                                       seg_n<5>
    -------------------------------------------------  ---------------------------
    Total                                     10.715ns (4.798ns logic, 5.917ns route)
                                                       (44.8% logic, 55.2% route)

--------------------------------------------------------------------------------
Offset:                 14.669ns (clock path + data path + uncertainty)
  Source:               u/campaign/records_completed_5 (FF)
  Destination:          seg_n<5> (PAD)
  Source Clock:         clk_100mhz_BUFGP rising at 0.000ns
  Data Path Delay:      10.698ns (Levels of Logic = 6)
  Clock Path Delay:     3.946ns (Levels of Logic = 2)
  Clock Uncertainty:    0.025ns

  Clock Uncertainty:          0.025ns  ((TSJ^2 + TIJ^2)^1/2 + DJ) / 2 + PE
    Total System Jitter (TSJ):  0.050ns
    Total Input Jitter (TIJ):   0.000ns
    Discrete Jitter (DJ):       0.000ns
    Phase Error (PE):           0.000ns

  Maximum Clock Path at Slow Process Corner: clk_100mhz to u/campaign/records_completed_5
    Location             Delay type         Delay(ns)  Physical Resource
                                                       Logical Resource(s)
    -------------------------------------------------  -------------------
    V10.I                Tiopi                 1.557   clk_100mhz
                                                       clk_100mhz
                                                       clk_100mhz_BUFGP/IBUFG
                                                       ProtoComp138.IMUX
    BUFGMUX_X3Y13.I0     net (fanout=1)        1.050   clk_100mhz_BUFGP/IBUFG
    BUFGMUX_X3Y13.O      Tgi0o                 0.209   clk_100mhz_BUFGP/BUFG
                                                       clk_100mhz_BUFGP/BUFG
    SLICE_X35Y11.CLK     net (fanout=284)      1.130   clk_100mhz_BUFGP
    -------------------------------------------------  ---------------------------
    Total                                      3.946ns (1.766ns logic, 2.180ns route)
                                                       (44.8% logic, 55.2% route)

  Maximum Data Path at Slow Process Corner: u/campaign/records_completed_5 to seg_n<5>
    Location             Delay type         Delay(ns)  Physical Resource
                                                       Logical Resource(s)
    -------------------------------------------------  -------------------
    SLICE_X35Y11.CQ      Tcko                  0.430   u/records_completed<5>
                                                       u/campaign/records_completed_5
    SLICE_X35Y10.A1      net (fanout=7)        0.960   u/records_completed<5>
    SLICE_X35Y10.AMUX    Tilo                  0.337   u/ones<2>
                                                       u/records_completed[6]_PWR_2_o_mod_0/Mmux_a[5]_a[6]_MUX_92_o11
    SLICE_X34Y10.A5      net (fanout=2)        0.461   u/records_completed[6]_PWR_2_o_mod_0/a[5]_a[6]_MUX_92_o
    SLICE_X34Y10.A       Tilo                  0.254   u/records_completed[6]_PWR_2_o_mod_0/a[4]_a[6]_MUX_93_o
                                                       u/records_completed[6]_PWR_2_o_mod_0/BUS_0008_INV_67_o1_SW0
    SLICE_X34Y10.B4      net (fanout=2)        0.442   u/records_completed[6]_PWR_2_o_mod_0/N01
    SLICE_X34Y10.B       Tilo                  0.254   u/records_completed[6]_PWR_2_o_mod_0/a[4]_a[6]_MUX_93_o
                                                       u/records_completed[6]_PWR_2_o_mod_0/Mmux_o21
    SLICE_X34Y8.A1       net (fanout=1)        0.781   u/ones<1>
    SLICE_X34Y8.A        Tilo                  0.254   seg_n_0_OBUF
                                                       u/Mmux_digit<1>11
    SLICE_X35Y7.B3       net (fanout=4)        0.769   u/digit<1>
    SLICE_X35Y7.B        Tilo                  0.259   seg_n_5_OBUF
                                                       u/Mram_seg_n51
    N14.O                net (fanout=1)        2.515   seg_n_5_OBUF
    N14.PAD              Tioop                 2.982   seg_n<5>
                                                       seg_n_5_OBUF
                                                       seg_n<5>
    -------------------------------------------------  ---------------------------
    Total                                     10.698ns (4.770ns logic, 5.928ns route)
                                                       (44.6% logic, 55.4% route)

--------------------------------------------------------------------------------
Offset:                 14.646ns (clock path + data path + uncertainty)
  Source:               u/campaign/records_completed_5 (FF)
  Destination:          seg_n<5> (PAD)
  Source Clock:         clk_100mhz_BUFGP rising at 0.000ns
  Data Path Delay:      10.675ns (Levels of Logic = 6)
  Clock Path Delay:     3.946ns (Levels of Logic = 2)
  Clock Uncertainty:    0.025ns

  Clock Uncertainty:          0.025ns  ((TSJ^2 + TIJ^2)^1/2 + DJ) / 2 + PE
    Total System Jitter (TSJ):  0.050ns
    Total Input Jitter (TIJ):   0.000ns
    Discrete Jitter (DJ):       0.000ns
    Phase Error (PE):           0.000ns

  Maximum Clock Path at Slow Process Corner: clk_100mhz to u/campaign/records_completed_5
    Location             Delay type         Delay(ns)  Physical Resource
                                                       Logical Resource(s)
    -------------------------------------------------  -------------------
    V10.I                Tiopi                 1.557   clk_100mhz
                                                       clk_100mhz
                                                       clk_100mhz_BUFGP/IBUFG
                                                       ProtoComp138.IMUX
    BUFGMUX_X3Y13.I0     net (fanout=1)        1.050   clk_100mhz_BUFGP/IBUFG
    BUFGMUX_X3Y13.O      Tgi0o                 0.209   clk_100mhz_BUFGP/BUFG
                                                       clk_100mhz_BUFGP/BUFG
    SLICE_X35Y11.CLK     net (fanout=284)      1.130   clk_100mhz_BUFGP
    -------------------------------------------------  ---------------------------
    Total                                      3.946ns (1.766ns logic, 2.180ns route)
                                                       (44.8% logic, 55.2% route)

  Maximum Data Path at Slow Process Corner: u/campaign/records_completed_5 to seg_n<5>
    Location             Delay type         Delay(ns)  Physical Resource
                                                       Logical Resource(s)
    -------------------------------------------------  -------------------
    SLICE_X35Y11.CQ      Tcko                  0.430   u/records_completed<5>
                                                       u/campaign/records_completed_5
    SLICE_X35Y10.A1      net (fanout=7)        0.960   u/records_completed<5>
    SLICE_X35Y10.A       Tilo                  0.259   u/ones<2>
                                                       u/records_completed[6]_PWR_2_o_mod_0/Mmux_a[0]_a[6]_MUX_97_o131
    SLICE_X35Y10.B5      net (fanout=2)        0.447   u/records_completed[6]_PWR_2_o_mod_0/a[3]_a[6]_MUX_94_o
    SLICE_X35Y10.BMUX    Tilo                  0.337   u/ones<2>
                                                       u/records_completed[6]_PWR_2_o_mod_0/Mmux_a[0]_a[6]_MUX_104_o121
    SLICE_X34Y10.B3      net (fanout=2)        0.428   u/records_completed[6]_PWR_2_o_mod_0/a[2]_a[6]_MUX_102_o
    SLICE_X34Y10.B       Tilo                  0.254   u/records_completed[6]_PWR_2_o_mod_0/a[4]_a[6]_MUX_93_o
                                                       u/records_completed[6]_PWR_2_o_mod_0/Mmux_o21
    SLICE_X34Y8.A1       net (fanout=1)        0.781   u/ones<1>
    SLICE_X34Y8.A        Tilo                  0.254   seg_n_0_OBUF
                                                       u/Mmux_digit<1>11
    SLICE_X35Y7.B3       net (fanout=4)        0.769   u/digit<1>
    SLICE_X35Y7.B        Tilo                  0.259   seg_n_5_OBUF
                                                       u/Mram_seg_n51
    N14.O                net (fanout=1)        2.515   seg_n_5_OBUF
    N14.PAD              Tioop                 2.982   seg_n<5>
                                                       seg_n_5_OBUF
                                                       seg_n<5>
    -------------------------------------------------  ---------------------------
    Total                                     10.675ns (4.775ns logic, 5.900ns route)
                                                       (44.7% logic, 55.3% route)

--------------------------------------------------------------------------------
Offset:                 14.638ns (clock path + data path + uncertainty)
  Source:               u/campaign/records_completed_5 (FF)
  Destination:          seg_n<5> (PAD)
  Source Clock:         clk_100mhz_BUFGP rising at 0.000ns
  Data Path Delay:      10.667ns (Levels of Logic = 6)
  Clock Path Delay:     3.946ns (Levels of Logic = 2)
  Clock Uncertainty:    0.025ns

  Clock Uncertainty:          0.025ns  ((TSJ^2 + TIJ^2)^1/2 + DJ) / 2 + PE
    Total System Jitter (TSJ):  0.050ns
    Total Input Jitter (TIJ):   0.000ns
    Discrete Jitter (DJ):       0.000ns
    Phase Error (PE):           0.000ns

  Maximum Clock Path at Slow Process Corner: clk_100mhz to u/campaign/records_completed_5
    Location             Delay type         Delay(ns)  Physical Resource
                                                       Logical Resource(s)
    -------------------------------------------------  -------------------
    V10.I                Tiopi                 1.557   clk_100mhz
                                                       clk_100mhz
                                                       clk_100mhz_BUFGP/IBUFG
                                                       ProtoComp138.IMUX
    BUFGMUX_X3Y13.I0     net (fanout=1)        1.050   clk_100mhz_BUFGP/IBUFG
    BUFGMUX_X3Y13.O      Tgi0o                 0.209   clk_100mhz_BUFGP/BUFG
                                                       clk_100mhz_BUFGP/BUFG
    SLICE_X35Y11.CLK     net (fanout=284)      1.130   clk_100mhz_BUFGP
    -------------------------------------------------  ---------------------------
    Total                                      3.946ns (1.766ns logic, 2.180ns route)
                                                       (44.8% logic, 55.2% route)

  Maximum Data Path at Slow Process Corner: u/campaign/records_completed_5 to seg_n<5>
    Location             Delay type         Delay(ns)  Physical Resource
                                                       Logical Resource(s)
    -------------------------------------------------  -------------------
    SLICE_X35Y11.CQ      Tcko                  0.430   u/records_completed<5>
                                                       u/campaign/records_completed_5
    SLICE_X35Y10.A1      net (fanout=7)        0.960   u/records_completed<5>
    SLICE_X35Y10.AMUX    Tilo                  0.337   u/ones<2>
                                                       u/records_completed[6]_PWR_2_o_mod_0/Mmux_a[5]_a[6]_MUX_92_o11
    SLICE_X35Y10.B4      net (fanout=2)        0.361   u/records_completed[6]_PWR_2_o_mod_0/a[5]_a[6]_MUX_92_o
    SLICE_X35Y10.BMUX    Tilo                  0.337   u/ones<2>
                                                       u/records_completed[6]_PWR_2_o_mod_0/Mmux_a[0]_a[6]_MUX_104_o121
    SLICE_X34Y10.B3      net (fanout=2)        0.428   u/records_completed[6]_PWR_2_o_mod_0/a[2]_a[6]_MUX_102_o
    SLICE_X34Y10.B       Tilo                  0.254   u/records_completed[6]_PWR_2_o_mod_0/a[4]_a[6]_MUX_93_o
                                                       u/records_completed[6]_PWR_2_o_mod_0/Mmux_o21
    SLICE_X34Y8.A1       net (fanout=1)        0.781   u/ones<1>
    SLICE_X34Y8.A        Tilo                  0.254   seg_n_0_OBUF
                                                       u/Mmux_digit<1>11
    SLICE_X35Y7.B3       net (fanout=4)        0.769   u/digit<1>
    SLICE_X35Y7.B        Tilo                  0.259   seg_n_5_OBUF
                                                       u/Mram_seg_n51
    N14.O                net (fanout=1)        2.515   seg_n_5_OBUF
    N14.PAD              Tioop                 2.982   seg_n<5>
                                                       seg_n_5_OBUF
                                                       seg_n<5>
    -------------------------------------------------  ---------------------------
    Total                                     10.667ns (4.853ns logic, 5.814ns route)
                                                       (45.5% logic, 54.5% route)

--------------------------------------------------------------------------------
Offset:                 14.624ns (clock path + data path + uncertainty)
  Source:               u/campaign/records_completed_6 (FF)
  Destination:          seg_n<5> (PAD)
  Source Clock:         clk_100mhz_BUFGP rising at 0.000ns
  Data Path Delay:      10.653ns (Levels of Logic = 6)
  Clock Path Delay:     3.946ns (Levels of Logic = 2)
  Clock Uncertainty:    0.025ns

  Clock Uncertainty:          0.025ns  ((TSJ^2 + TIJ^2)^1/2 + DJ) / 2 + PE
    Total System Jitter (TSJ):  0.050ns
    Total Input Jitter (TIJ):   0.000ns
    Discrete Jitter (DJ):       0.000ns
    Phase Error (PE):           0.000ns

  Maximum Clock Path at Slow Process Corner: clk_100mhz to u/campaign/records_completed_6
    Location             Delay type         Delay(ns)  Physical Resource
                                                       Logical Resource(s)
    -------------------------------------------------  -------------------
    V10.I                Tiopi                 1.557   clk_100mhz
                                                       clk_100mhz
                                                       clk_100mhz_BUFGP/IBUFG
                                                       ProtoComp138.IMUX
    BUFGMUX_X3Y13.I0     net (fanout=1)        1.050   clk_100mhz_BUFGP/IBUFG
    BUFGMUX_X3Y13.O      Tgi0o                 0.209   clk_100mhz_BUFGP/BUFG
                                                       clk_100mhz_BUFGP/BUFG
    SLICE_X34Y11.CLK     net (fanout=284)      1.130   clk_100mhz_BUFGP
    -------------------------------------------------  ---------------------------
    Total                                      3.946ns (1.766ns logic, 2.180ns route)
                                                       (44.8% logic, 55.2% route)

  Maximum Data Path at Slow Process Corner: u/campaign/records_completed_6 to seg_n<5>
    Location             Delay type         Delay(ns)  Physical Resource
                                                       Logical Resource(s)
    -------------------------------------------------  -------------------
    SLICE_X34Y11.AQ      Tcko                  0.525   u/records_completed<6>
                                                       u/campaign/records_completed_6
    SLICE_X34Y10.C1      net (fanout=6)        0.749   u/records_completed<6>
    SLICE_X34Y10.C       Tilo                  0.255   u/records_completed[6]_PWR_2_o_mod_0/a[4]_a[6]_MUX_93_o
                                                       u/records_completed[6]_PWR_2_o_mod_0/Mmux_a[4]_a[6]_MUX_93_o11
    SLICE_X34Y10.A1      net (fanout=2)        0.566   u/records_completed[6]_PWR_2_o_mod_0/a[4]_a[6]_MUX_93_o
    SLICE_X34Y10.A       Tilo                  0.254   u/records_completed[6]_PWR_2_o_mod_0/a[4]_a[6]_MUX_93_o
                                                       u/records_completed[6]_PWR_2_o_mod_0/BUS_0008_INV_67_o1_SW0
    SLICE_X35Y10.C3      net (fanout=2)        0.358   u/records_completed[6]_PWR_2_o_mod_0/N01
    SLICE_X35Y10.C       Tilo                  0.259   u/ones<2>
                                                       u/records_completed[6]_PWR_2_o_mod_0/Mmux_o31
    SLICE_X35Y8.A4       net (fanout=1)        0.513   u/ones<2>
    SLICE_X35Y8.A        Tilo                  0.259   u/digit<2>
                                                       u/Mmux_digit<2>11
    SLICE_X35Y7.B2       net (fanout=4)        1.159   u/digit<2>
    SLICE_X35Y7.B        Tilo                  0.259   seg_n_5_OBUF
                                                       u/Mram_seg_n51
    N14.O                net (fanout=1)        2.515   seg_n_5_OBUF
    N14.PAD              Tioop                 2.982   seg_n<5>
                                                       seg_n_5_OBUF
                                                       seg_n<5>
    -------------------------------------------------  ---------------------------
    Total                                     10.653ns (4.793ns logic, 5.860ns route)
                                                       (45.0% logic, 55.0% route)

--------------------------------------------------------------------------------
Offset:                 14.599ns (clock path + data path + uncertainty)
  Source:               u/campaign/records_completed_5 (FF)
  Destination:          seg_n<5> (PAD)
  Source Clock:         clk_100mhz_BUFGP rising at 0.000ns
  Data Path Delay:      10.628ns (Levels of Logic = 6)
  Clock Path Delay:     3.946ns (Levels of Logic = 2)
  Clock Uncertainty:    0.025ns

  Clock Uncertainty:          0.025ns  ((TSJ^2 + TIJ^2)^1/2 + DJ) / 2 + PE
    Total System Jitter (TSJ):  0.050ns
    Total Input Jitter (TIJ):   0.000ns
    Discrete Jitter (DJ):       0.000ns
    Phase Error (PE):           0.000ns

  Maximum Clock Path at Slow Process Corner: clk_100mhz to u/campaign/records_completed_5
    Location             Delay type         Delay(ns)  Physical Resource
                                                       Logical Resource(s)
    -------------------------------------------------  -------------------
    V10.I                Tiopi                 1.557   clk_100mhz
                                                       clk_100mhz
                                                       clk_100mhz_BUFGP/IBUFG
                                                       ProtoComp138.IMUX
    BUFGMUX_X3Y13.I0     net (fanout=1)        1.050   clk_100mhz_BUFGP/IBUFG
    BUFGMUX_X3Y13.O      Tgi0o                 0.209   clk_100mhz_BUFGP/BUFG
                                                       clk_100mhz_BUFGP/BUFG
    SLICE_X35Y11.CLK     net (fanout=284)      1.130   clk_100mhz_BUFGP
    -------------------------------------------------  ---------------------------
    Total                                      3.946ns (1.766ns logic, 2.180ns route)
                                                       (44.8% logic, 55.2% route)

  Maximum Data Path at Slow Process Corner: u/campaign/records_completed_5 to seg_n<5>
    Location             Delay type         Delay(ns)  Physical Resource
                                                       Logical Resource(s)
    -------------------------------------------------  -------------------
    SLICE_X35Y11.CQ      Tcko                  0.430   u/records_completed<5>
                                                       u/campaign/records_completed_5
    SLICE_X35Y10.A1      net (fanout=7)        0.960   u/records_completed<5>
    SLICE_X35Y10.A       Tilo                  0.259   u/ones<2>
                                                       u/records_completed[6]_PWR_2_o_mod_0/Mmux_a[0]_a[6]_MUX_97_o131
    SLICE_X35Y10.B5      net (fanout=2)        0.447   u/records_completed[6]_PWR_2_o_mod_0/a[3]_a[6]_MUX_94_o
    SLICE_X35Y10.B       Tilo                  0.259   u/ones<2>
                                                       u/records_completed[6]_PWR_2_o_mod_0/Mmux_a[0]_a[6]_MUX_104_o131
    SLICE_X35Y10.C4      net (fanout=2)        0.327   u/records_completed[6]_PWR_2_o_mod_0/a[3]_a[6]_MUX_101_o
    SLICE_X35Y10.C       Tilo                  0.259   u/ones<2>
                                                       u/records_completed[6]_PWR_2_o_mod_0/Mmux_o31
    SLICE_X35Y8.A4       net (fanout=1)        0.513   u/ones<2>
    SLICE_X35Y8.A        Tilo                  0.259   u/digit<2>
                                                       u/Mmux_digit<2>11
    SLICE_X35Y7.B2       net (fanout=4)        1.159   u/digit<2>
    SLICE_X35Y7.B        Tilo                  0.259   seg_n_5_OBUF
                                                       u/Mram_seg_n51
    N14.O                net (fanout=1)        2.515   seg_n_5_OBUF
    N14.PAD              Tioop                 2.982   seg_n<5>
                                                       seg_n_5_OBUF
                                                       seg_n<5>
    -------------------------------------------------  ---------------------------
    Total                                     10.628ns (4.707ns logic, 5.921ns route)
                                                       (44.3% logic, 55.7% route)

--------------------------------------------------------------------------------
Offset:                 14.597ns (clock path + data path + uncertainty)
  Source:               u/campaign/records_completed_6 (FF)
  Destination:          seg_n<5> (PAD)
  Source Clock:         clk_100mhz_BUFGP rising at 0.000ns
  Data Path Delay:      10.626ns (Levels of Logic = 6)
  Clock Path Delay:     3.946ns (Levels of Logic = 2)
  Clock Uncertainty:    0.025ns

  Clock Uncertainty:          0.025ns  ((TSJ^2 + TIJ^2)^1/2 + DJ) / 2 + PE
    Total System Jitter (TSJ):  0.050ns
    Total Input Jitter (TIJ):   0.000ns
    Discrete Jitter (DJ):       0.000ns
    Phase Error (PE):           0.000ns

  Maximum Clock Path at Slow Process Corner: clk_100mhz to u/campaign/records_completed_6
    Location             Delay type         Delay(ns)  Physical Resource
                                                       Logical Resource(s)
    -------------------------------------------------  -------------------
    V10.I                Tiopi                 1.557   clk_100mhz
                                                       clk_100mhz
                                                       clk_100mhz_BUFGP/IBUFG
                                                       ProtoComp138.IMUX
    BUFGMUX_X3Y13.I0     net (fanout=1)        1.050   clk_100mhz_BUFGP/IBUFG
    BUFGMUX_X3Y13.O      Tgi0o                 0.209   clk_100mhz_BUFGP/BUFG
                                                       clk_100mhz_BUFGP/BUFG
    SLICE_X34Y11.CLK     net (fanout=284)      1.130   clk_100mhz_BUFGP
    -------------------------------------------------  ---------------------------
    Total                                      3.946ns (1.766ns logic, 2.180ns route)
                                                       (44.8% logic, 55.2% route)

  Maximum Data Path at Slow Process Corner: u/campaign/records_completed_6 to seg_n<5>
    Location             Delay type         Delay(ns)  Physical Resource
                                                       Logical Resource(s)
    -------------------------------------------------  -------------------
    SLICE_X34Y11.AQ      Tcko                  0.525   u/records_completed<6>
                                                       u/campaign/records_completed_6
    SLICE_X34Y10.C1      net (fanout=6)        0.749   u/records_completed<6>
    SLICE_X34Y10.C       Tilo                  0.255   u/records_completed[6]_PWR_2_o_mod_0/a[4]_a[6]_MUX_93_o
                                                       u/records_completed[6]_PWR_2_o_mod_0/Mmux_a[4]_a[6]_MUX_93_o11
    SLICE_X35Y10.B1      net (fanout=2)        0.654   u/records_completed[6]_PWR_2_o_mod_0/a[4]_a[6]_MUX_93_o
    SLICE_X35Y10.BMUX    Tilo                  0.337   u/ones<2>
                                                       u/records_completed[6]_PWR_2_o_mod_0/Mmux_a[0]_a[6]_MUX_104_o121
    SLICE_X34Y10.B3      net (fanout=2)        0.428   u/records_completed[6]_PWR_2_o_mod_0/a[2]_a[6]_MUX_102_o
    SLICE_X34Y10.BMUX    Tilo                  0.326   u/records_completed[6]_PWR_2_o_mod_0/a[4]_a[6]_MUX_93_o
                                                       u/records_completed[6]_PWR_2_o_mod_0/Mmux_o41
    SLICE_X34Y7.A3       net (fanout=1)        0.814   u/ones<3>
    SLICE_X34Y7.A        Tilo                  0.254   seg_n_4_OBUF
                                                       u/Mmux_digit<3>11
    SLICE_X35Y7.B1       net (fanout=4)        0.528   u/digit<3>
    SLICE_X35Y7.B        Tilo                  0.259   seg_n_5_OBUF
                                                       u/Mram_seg_n51
    N14.O                net (fanout=1)        2.515   seg_n_5_OBUF
    N14.PAD              Tioop                 2.982   seg_n<5>
                                                       seg_n_5_OBUF
                                                       seg_n<5>
    -------------------------------------------------  ---------------------------
    Total                                     10.626ns (4.938ns logic, 5.688ns route)
                                                       (46.5% logic, 53.5% route)

--------------------------------------------------------------------------------
Offset:                 14.591ns (clock path + data path + uncertainty)
  Source:               u/campaign/records_completed_5 (FF)
  Destination:          seg_n<5> (PAD)
  Source Clock:         clk_100mhz_BUFGP rising at 0.000ns
  Data Path Delay:      10.620ns (Levels of Logic = 6)
  Clock Path Delay:     3.946ns (Levels of Logic = 2)
  Clock Uncertainty:    0.025ns

  Clock Uncertainty:          0.025ns  ((TSJ^2 + TIJ^2)^1/2 + DJ) / 2 + PE
    Total System Jitter (TSJ):  0.050ns
    Total Input Jitter (TIJ):   0.000ns
    Discrete Jitter (DJ):       0.000ns
    Phase Error (PE):           0.000ns

  Maximum Clock Path at Slow Process Corner: clk_100mhz to u/campaign/records_completed_5
    Location             Delay type         Delay(ns)  Physical Resource
                                                       Logical Resource(s)
    -------------------------------------------------  -------------------
    V10.I                Tiopi                 1.557   clk_100mhz
                                                       clk_100mhz
                                                       clk_100mhz_BUFGP/IBUFG
                                                       ProtoComp138.IMUX
    BUFGMUX_X3Y13.I0     net (fanout=1)        1.050   clk_100mhz_BUFGP/IBUFG
    BUFGMUX_X3Y13.O      Tgi0o                 0.209   clk_100mhz_BUFGP/BUFG
                                                       clk_100mhz_BUFGP/BUFG
    SLICE_X35Y11.CLK     net (fanout=284)      1.130   clk_100mhz_BUFGP
    -------------------------------------------------  ---------------------------
    Total                                      3.946ns (1.766ns logic, 2.180ns route)
                                                       (44.8% logic, 55.2% route)

  Maximum Data Path at Slow Process Corner: u/campaign/records_completed_5 to seg_n<5>
    Location             Delay type         Delay(ns)  Physical Resource
                                                       Logical Resource(s)
    -------------------------------------------------  -------------------
    SLICE_X35Y11.CQ      Tcko                  0.430   u/records_completed<5>
                                                       u/campaign/records_completed_5
    SLICE_X35Y10.A1      net (fanout=7)        0.960   u/records_completed<5>
    SLICE_X35Y10.AMUX    Tilo                  0.337   u/ones<2>
                                                       u/records_completed[6]_PWR_2_o_mod_0/Mmux_a[5]_a[6]_MUX_92_o11
    SLICE_X35Y10.B4      net (fanout=2)        0.361   u/records_completed[6]_PWR_2_o_mod_0/a[5]_a[6]_MUX_92_o
    SLICE_X35Y10.B       Tilo                  0.259   u/ones<2>
                                                       u/records_completed[6]_PWR_2_o_mod_0/Mmux_a[0]_a[6]_MUX_104_o131
    SLICE_X35Y10.C4      net (fanout=2)        0.327   u/records_completed[6]_PWR_2_o_mod_0/a[3]_a[6]_MUX_101_o
    SLICE_X35Y10.C       Tilo                  0.259   u/ones<2>
                                                       u/records_completed[6]_PWR_2_o_mod_0/Mmux_o31
    SLICE_X35Y8.A4       net (fanout=1)        0.513   u/ones<2>
    SLICE_X35Y8.A        Tilo                  0.259   u/digit<2>
                                                       u/Mmux_digit<2>11
    SLICE_X35Y7.B2       net (fanout=4)        1.159   u/digit<2>
    SLICE_X35Y7.B        Tilo                  0.259   seg_n_5_OBUF
                                                       u/Mram_seg_n51
    N14.O                net (fanout=1)        2.515   seg_n_5_OBUF
    N14.PAD              Tioop                 2.982   seg_n<5>
                                                       seg_n_5_OBUF
                                                       seg_n<5>
    -------------------------------------------------  ---------------------------
    Total                                     10.620ns (4.785ns logic, 5.835ns route)
                                                       (45.1% logic, 54.9% route)

--------------------------------------------------------------------------------

Paths for end point seg_n<6> (L14.PAD), 171 paths
--------------------------------------------------------------------------------
Offset:                 14.668ns (clock path + data path + uncertainty)
  Source:               u/campaign/records_completed_6 (FF)
  Destination:          seg_n<6> (PAD)
  Source Clock:         clk_100mhz_BUFGP rising at 0.000ns
  Data Path Delay:      10.697ns (Levels of Logic = 6)
  Clock Path Delay:     3.946ns (Levels of Logic = 2)
  Clock Uncertainty:    0.025ns

  Clock Uncertainty:          0.025ns  ((TSJ^2 + TIJ^2)^1/2 + DJ) / 2 + PE
    Total System Jitter (TSJ):  0.050ns
    Total Input Jitter (TIJ):   0.000ns
    Discrete Jitter (DJ):       0.000ns
    Phase Error (PE):           0.000ns

  Maximum Clock Path at Slow Process Corner: clk_100mhz to u/campaign/records_completed_6
    Location             Delay type         Delay(ns)  Physical Resource
                                                       Logical Resource(s)
    -------------------------------------------------  -------------------
    V10.I                Tiopi                 1.557   clk_100mhz
                                                       clk_100mhz
                                                       clk_100mhz_BUFGP/IBUFG
                                                       ProtoComp138.IMUX
    BUFGMUX_X3Y13.I0     net (fanout=1)        1.050   clk_100mhz_BUFGP/IBUFG
    BUFGMUX_X3Y13.O      Tgi0o                 0.209   clk_100mhz_BUFGP/BUFG
                                                       clk_100mhz_BUFGP/BUFG
    SLICE_X34Y11.CLK     net (fanout=284)      1.130   clk_100mhz_BUFGP
    -------------------------------------------------  ---------------------------
    Total                                      3.946ns (1.766ns logic, 2.180ns route)
                                                       (44.8% logic, 55.2% route)

  Maximum Data Path at Slow Process Corner: u/campaign/records_completed_6 to seg_n<6>
    Location             Delay type         Delay(ns)  Physical Resource
                                                       Logical Resource(s)
    -------------------------------------------------  -------------------
    SLICE_X34Y11.AQ      Tcko                  0.525   u/records_completed<6>
                                                       u/campaign/records_completed_6
    SLICE_X34Y10.C1      net (fanout=6)        0.749   u/records_completed<6>
    SLICE_X34Y10.C       Tilo                  0.255   u/records_completed[6]_PWR_2_o_mod_0/a[4]_a[6]_MUX_93_o
                                                       u/records_completed[6]_PWR_2_o_mod_0/Mmux_a[4]_a[6]_MUX_93_o11
    SLICE_X35Y10.B1      net (fanout=2)        0.654   u/records_completed[6]_PWR_2_o_mod_0/a[4]_a[6]_MUX_93_o
    SLICE_X35Y10.BMUX    Tilo                  0.337   u/ones<2>
                                                       u/records_completed[6]_PWR_2_o_mod_0/Mmux_a[0]_a[6]_MUX_104_o121
    SLICE_X34Y10.B3      net (fanout=2)        0.428   u/records_completed[6]_PWR_2_o_mod_0/a[2]_a[6]_MUX_102_o
    SLICE_X34Y10.B       Tilo                  0.254   u/records_completed[6]_PWR_2_o_mod_0/a[4]_a[6]_MUX_93_o
                                                       u/records_completed[6]_PWR_2_o_mod_0/Mmux_o21
    SLICE_X34Y8.A1       net (fanout=1)        0.781   u/ones<1>
    SLICE_X34Y8.A        Tilo                  0.254   seg_n_0_OBUF
                                                       u/Mmux_digit<1>11
    SLICE_X37Y7.A4       net (fanout=4)        0.698   u/digit<1>
    SLICE_X37Y7.A        Tilo                  0.259   seg_n_6_OBUF
                                                       u/Mram_seg_n61
    L14.O                net (fanout=1)        2.521   seg_n_6_OBUF
    L14.PAD              Tioop                 2.982   seg_n<6>
                                                       seg_n_6_OBUF
                                                       seg_n<6>
    -------------------------------------------------  ---------------------------
    Total                                     10.697ns (4.866ns logic, 5.831ns route)
                                                       (45.5% logic, 54.5% route)

--------------------------------------------------------------------------------
Offset:                 14.604ns (clock path + data path + uncertainty)
  Source:               u/campaign/records_completed_5 (FF)
  Destination:          seg_n<6> (PAD)
  Source Clock:         clk_100mhz_BUFGP rising at 0.000ns
  Data Path Delay:      10.633ns (Levels of Logic = 6)
  Clock Path Delay:     3.946ns (Levels of Logic = 2)
  Clock Uncertainty:    0.025ns

  Clock Uncertainty:          0.025ns  ((TSJ^2 + TIJ^2)^1/2 + DJ) / 2 + PE
    Total System Jitter (TSJ):  0.050ns
    Total Input Jitter (TIJ):   0.000ns
    Discrete Jitter (DJ):       0.000ns
    Phase Error (PE):           0.000ns

  Maximum Clock Path at Slow Process Corner: clk_100mhz to u/campaign/records_completed_5
    Location             Delay type         Delay(ns)  Physical Resource
                                                       Logical Resource(s)
    -------------------------------------------------  -------------------
    V10.I                Tiopi                 1.557   clk_100mhz
                                                       clk_100mhz
                                                       clk_100mhz_BUFGP/IBUFG
                                                       ProtoComp138.IMUX
    BUFGMUX_X3Y13.I0     net (fanout=1)        1.050   clk_100mhz_BUFGP/IBUFG
    BUFGMUX_X3Y13.O      Tgi0o                 0.209   clk_100mhz_BUFGP/BUFG
                                                       clk_100mhz_BUFGP/BUFG
    SLICE_X35Y11.CLK     net (fanout=284)      1.130   clk_100mhz_BUFGP
    -------------------------------------------------  ---------------------------
    Total                                      3.946ns (1.766ns logic, 2.180ns route)
                                                       (44.8% logic, 55.2% route)

  Maximum Data Path at Slow Process Corner: u/campaign/records_completed_5 to seg_n<6>
    Location             Delay type         Delay(ns)  Physical Resource
                                                       Logical Resource(s)
    -------------------------------------------------  -------------------
    SLICE_X35Y11.CQ      Tcko                  0.430   u/records_completed<5>
                                                       u/campaign/records_completed_5
    SLICE_X35Y10.A1      net (fanout=7)        0.960   u/records_completed<5>
    SLICE_X35Y10.AMUX    Tilo                  0.337   u/ones<2>
                                                       u/records_completed[6]_PWR_2_o_mod_0/Mmux_a[5]_a[6]_MUX_92_o11
    SLICE_X34Y10.A5      net (fanout=2)        0.461   u/records_completed[6]_PWR_2_o_mod_0/a[5]_a[6]_MUX_92_o
    SLICE_X34Y10.A       Tilo                  0.254   u/records_completed[6]_PWR_2_o_mod_0/a[4]_a[6]_MUX_93_o
                                                       u/records_completed[6]_PWR_2_o_mod_0/BUS_0008_INV_67_o1_SW0
    SLICE_X34Y10.B4      net (fanout=2)        0.442   u/records_completed[6]_PWR_2_o_mod_0/N01
    SLICE_X34Y10.B       Tilo                  0.254   u/records_completed[6]_PWR_2_o_mod_0/a[4]_a[6]_MUX_93_o
                                                       u/records_completed[6]_PWR_2_o_mod_0/Mmux_o21
    SLICE_X34Y8.A1       net (fanout=1)        0.781   u/ones<1>
    SLICE_X34Y8.A        Tilo                  0.254   seg_n_0_OBUF
                                                       u/Mmux_digit<1>11
    SLICE_X37Y7.A4       net (fanout=4)        0.698   u/digit<1>
    SLICE_X37Y7.A        Tilo                  0.259   seg_n_6_OBUF
                                                       u/Mram_seg_n61
    L14.O                net (fanout=1)        2.521   seg_n_6_OBUF
    L14.PAD              Tioop                 2.982   seg_n<6>
                                                       seg_n_6_OBUF
                                                       seg_n<6>
    -------------------------------------------------  ---------------------------
    Total                                     10.633ns (4.770ns logic, 5.863ns route)
                                                       (44.9% logic, 55.1% route)

--------------------------------------------------------------------------------
Offset:                 14.581ns (clock path + data path + uncertainty)
  Source:               u/campaign/records_completed_5 (FF)
  Destination:          seg_n<6> (PAD)
  Source Clock:         clk_100mhz_BUFGP rising at 0.000ns
  Data Path Delay:      10.610ns (Levels of Logic = 6)
  Clock Path Delay:     3.946ns (Levels of Logic = 2)
  Clock Uncertainty:    0.025ns

  Clock Uncertainty:          0.025ns  ((TSJ^2 + TIJ^2)^1/2 + DJ) / 2 + PE
    Total System Jitter (TSJ):  0.050ns
    Total Input Jitter (TIJ):   0.000ns
    Discrete Jitter (DJ):       0.000ns
    Phase Error (PE):           0.000ns

  Maximum Clock Path at Slow Process Corner: clk_100mhz to u/campaign/records_completed_5
    Location             Delay type         Delay(ns)  Physical Resource
                                                       Logical Resource(s)
    -------------------------------------------------  -------------------
    V10.I                Tiopi                 1.557   clk_100mhz
                                                       clk_100mhz
                                                       clk_100mhz_BUFGP/IBUFG
                                                       ProtoComp138.IMUX
    BUFGMUX_X3Y13.I0     net (fanout=1)        1.050   clk_100mhz_BUFGP/IBUFG
    BUFGMUX_X3Y13.O      Tgi0o                 0.209   clk_100mhz_BUFGP/BUFG
                                                       clk_100mhz_BUFGP/BUFG
    SLICE_X35Y11.CLK     net (fanout=284)      1.130   clk_100mhz_BUFGP
    -------------------------------------------------  ---------------------------
    Total                                      3.946ns (1.766ns logic, 2.180ns route)
                                                       (44.8% logic, 55.2% route)

  Maximum Data Path at Slow Process Corner: u/campaign/records_completed_5 to seg_n<6>
    Location             Delay type         Delay(ns)  Physical Resource
                                                       Logical Resource(s)
    -------------------------------------------------  -------------------
    SLICE_X35Y11.CQ      Tcko                  0.430   u/records_completed<5>
                                                       u/campaign/records_completed_5
    SLICE_X35Y10.A1      net (fanout=7)        0.960   u/records_completed<5>
    SLICE_X35Y10.A       Tilo                  0.259   u/ones<2>
                                                       u/records_completed[6]_PWR_2_o_mod_0/Mmux_a[0]_a[6]_MUX_97_o131
    SLICE_X35Y10.B5      net (fanout=2)        0.447   u/records_completed[6]_PWR_2_o_mod_0/a[3]_a[6]_MUX_94_o
    SLICE_X35Y10.BMUX    Tilo                  0.337   u/ones<2>
                                                       u/records_completed[6]_PWR_2_o_mod_0/Mmux_a[0]_a[6]_MUX_104_o121
    SLICE_X34Y10.B3      net (fanout=2)        0.428   u/records_completed[6]_PWR_2_o_mod_0/a[2]_a[6]_MUX_102_o
    SLICE_X34Y10.B       Tilo                  0.254   u/records_completed[6]_PWR_2_o_mod_0/a[4]_a[6]_MUX_93_o
                                                       u/records_completed[6]_PWR_2_o_mod_0/Mmux_o21
    SLICE_X34Y8.A1       net (fanout=1)        0.781   u/ones<1>
    SLICE_X34Y8.A        Tilo                  0.254   seg_n_0_OBUF
                                                       u/Mmux_digit<1>11
    SLICE_X37Y7.A4       net (fanout=4)        0.698   u/digit<1>
    SLICE_X37Y7.A        Tilo                  0.259   seg_n_6_OBUF
                                                       u/Mram_seg_n61
    L14.O                net (fanout=1)        2.521   seg_n_6_OBUF
    L14.PAD              Tioop                 2.982   seg_n<6>
                                                       seg_n_6_OBUF
                                                       seg_n<6>
    -------------------------------------------------  ---------------------------
    Total                                     10.610ns (4.775ns logic, 5.835ns route)
                                                       (45.0% logic, 55.0% route)

--------------------------------------------------------------------------------
Offset:                 14.573ns (clock path + data path + uncertainty)
  Source:               u/campaign/records_completed_5 (FF)
  Destination:          seg_n<6> (PAD)
  Source Clock:         clk_100mhz_BUFGP rising at 0.000ns
  Data Path Delay:      10.602ns (Levels of Logic = 6)
  Clock Path Delay:     3.946ns (Levels of Logic = 2)
  Clock Uncertainty:    0.025ns

  Clock Uncertainty:          0.025ns  ((TSJ^2 + TIJ^2)^1/2 + DJ) / 2 + PE
    Total System Jitter (TSJ):  0.050ns
    Total Input Jitter (TIJ):   0.000ns
    Discrete Jitter (DJ):       0.000ns
    Phase Error (PE):           0.000ns

  Maximum Clock Path at Slow Process Corner: clk_100mhz to u/campaign/records_completed_5
    Location             Delay type         Delay(ns)  Physical Resource
                                                       Logical Resource(s)
    -------------------------------------------------  -------------------
    V10.I                Tiopi                 1.557   clk_100mhz
                                                       clk_100mhz
                                                       clk_100mhz_BUFGP/IBUFG
                                                       ProtoComp138.IMUX
    BUFGMUX_X3Y13.I0     net (fanout=1)        1.050   clk_100mhz_BUFGP/IBUFG
    BUFGMUX_X3Y13.O      Tgi0o                 0.209   clk_100mhz_BUFGP/BUFG
                                                       clk_100mhz_BUFGP/BUFG
    SLICE_X35Y11.CLK     net (fanout=284)      1.130   clk_100mhz_BUFGP
    -------------------------------------------------  ---------------------------
    Total                                      3.946ns (1.766ns logic, 2.180ns route)
                                                       (44.8% logic, 55.2% route)

  Maximum Data Path at Slow Process Corner: u/campaign/records_completed_5 to seg_n<6>
    Location             Delay type         Delay(ns)  Physical Resource
                                                       Logical Resource(s)
    -------------------------------------------------  -------------------
    SLICE_X35Y11.CQ      Tcko                  0.430   u/records_completed<5>
                                                       u/campaign/records_completed_5
    SLICE_X35Y10.A1      net (fanout=7)        0.960   u/records_completed<5>
    SLICE_X35Y10.AMUX    Tilo                  0.337   u/ones<2>
                                                       u/records_completed[6]_PWR_2_o_mod_0/Mmux_a[5]_a[6]_MUX_92_o11
    SLICE_X35Y10.B4      net (fanout=2)        0.361   u/records_completed[6]_PWR_2_o_mod_0/a[5]_a[6]_MUX_92_o
    SLICE_X35Y10.BMUX    Tilo                  0.337   u/ones<2>
                                                       u/records_completed[6]_PWR_2_o_mod_0/Mmux_a[0]_a[6]_MUX_104_o121
    SLICE_X34Y10.B3      net (fanout=2)        0.428   u/records_completed[6]_PWR_2_o_mod_0/a[2]_a[6]_MUX_102_o
    SLICE_X34Y10.B       Tilo                  0.254   u/records_completed[6]_PWR_2_o_mod_0/a[4]_a[6]_MUX_93_o
                                                       u/records_completed[6]_PWR_2_o_mod_0/Mmux_o21
    SLICE_X34Y8.A1       net (fanout=1)        0.781   u/ones<1>
    SLICE_X34Y8.A        Tilo                  0.254   seg_n_0_OBUF
                                                       u/Mmux_digit<1>11
    SLICE_X37Y7.A4       net (fanout=4)        0.698   u/digit<1>
    SLICE_X37Y7.A        Tilo                  0.259   seg_n_6_OBUF
                                                       u/Mram_seg_n61
    L14.O                net (fanout=1)        2.521   seg_n_6_OBUF
    L14.PAD              Tioop                 2.982   seg_n<6>
                                                       seg_n_6_OBUF
                                                       seg_n<6>
    -------------------------------------------------  ---------------------------
    Total                                     10.602ns (4.853ns logic, 5.749ns route)
                                                       (45.8% logic, 54.2% route)

--------------------------------------------------------------------------------
Offset:                 14.537ns (clock path + data path + uncertainty)
  Source:               u/campaign/records_completed_5 (FF)
  Destination:          seg_n<6> (PAD)
  Source Clock:         clk_100mhz_BUFGP rising at 0.000ns
  Data Path Delay:      10.566ns (Levels of Logic = 6)
  Clock Path Delay:     3.946ns (Levels of Logic = 2)
  Clock Uncertainty:    0.025ns

  Clock Uncertainty:          0.025ns  ((TSJ^2 + TIJ^2)^1/2 + DJ) / 2 + PE
    Total System Jitter (TSJ):  0.050ns
    Total Input Jitter (TIJ):   0.000ns
    Discrete Jitter (DJ):       0.000ns
    Phase Error (PE):           0.000ns

  Maximum Clock Path at Slow Process Corner: clk_100mhz to u/campaign/records_completed_5
    Location             Delay type         Delay(ns)  Physical Resource
                                                       Logical Resource(s)
    -------------------------------------------------  -------------------
    V10.I                Tiopi                 1.557   clk_100mhz
                                                       clk_100mhz
                                                       clk_100mhz_BUFGP/IBUFG
                                                       ProtoComp138.IMUX
    BUFGMUX_X3Y13.I0     net (fanout=1)        1.050   clk_100mhz_BUFGP/IBUFG
    BUFGMUX_X3Y13.O      Tgi0o                 0.209   clk_100mhz_BUFGP/BUFG
                                                       clk_100mhz_BUFGP/BUFG
    SLICE_X35Y11.CLK     net (fanout=284)      1.130   clk_100mhz_BUFGP
    -------------------------------------------------  ---------------------------
    Total                                      3.946ns (1.766ns logic, 2.180ns route)
                                                       (44.8% logic, 55.2% route)

  Maximum Data Path at Slow Process Corner: u/campaign/records_completed_5 to seg_n<6>
    Location             Delay type         Delay(ns)  Physical Resource
                                                       Logical Resource(s)
    -------------------------------------------------  -------------------
    SLICE_X35Y11.CQ      Tcko                  0.430   u/records_completed<5>
                                                       u/campaign/records_completed_5
    SLICE_X35Y10.A1      net (fanout=7)        0.960   u/records_completed<5>
    SLICE_X35Y10.AMUX    Tilo                  0.337   u/ones<2>
                                                       u/records_completed[6]_PWR_2_o_mod_0/Mmux_a[5]_a[6]_MUX_92_o11
    SLICE_X34Y10.A5      net (fanout=2)        0.461   u/records_completed[6]_PWR_2_o_mod_0/a[5]_a[6]_MUX_92_o
    SLICE_X34Y10.A       Tilo                  0.254   u/records_completed[6]_PWR_2_o_mod_0/a[4]_a[6]_MUX_93_o
                                                       u/records_completed[6]_PWR_2_o_mod_0/BUS_0008_INV_67_o1_SW0
    SLICE_X35Y10.C3      net (fanout=2)        0.358   u/records_completed[6]_PWR_2_o_mod_0/N01
    SLICE_X35Y10.C       Tilo                  0.259   u/ones<2>
                                                       u/records_completed[6]_PWR_2_o_mod_0/Mmux_o31
    SLICE_X35Y8.A4       net (fanout=1)        0.513   u/ones<2>
    SLICE_X35Y8.A        Tilo                  0.259   u/digit<2>
                                                       u/Mmux_digit<2>11
    SLICE_X37Y7.A1       net (fanout=4)        0.973   u/digit<2>
    SLICE_X37Y7.A        Tilo                  0.259   seg_n_6_OBUF
                                                       u/Mram_seg_n61
    L14.O                net (fanout=1)        2.521   seg_n_6_OBUF
    L14.PAD              Tioop                 2.982   seg_n<6>
                                                       seg_n_6_OBUF
                                                       seg_n<6>
    -------------------------------------------------  ---------------------------
    Total                                     10.566ns (4.780ns logic, 5.786ns route)
                                                       (45.2% logic, 54.8% route)

--------------------------------------------------------------------------------
Offset:                 14.515ns (clock path + data path + uncertainty)
  Source:               u/campaign/records_completed_6 (FF)
  Destination:          seg_n<6> (PAD)
  Source Clock:         clk_100mhz_BUFGP rising at 0.000ns
  Data Path Delay:      10.544ns (Levels of Logic = 6)
  Clock Path Delay:     3.946ns (Levels of Logic = 2)
  Clock Uncertainty:    0.025ns

  Clock Uncertainty:          0.025ns  ((TSJ^2 + TIJ^2)^1/2 + DJ) / 2 + PE
    Total System Jitter (TSJ):  0.050ns
    Total Input Jitter (TIJ):   0.000ns
    Discrete Jitter (DJ):       0.000ns
    Phase Error (PE):           0.000ns

  Maximum Clock Path at Slow Process Corner: clk_100mhz to u/campaign/records_completed_6
    Location             Delay type         Delay(ns)  Physical Resource
                                                       Logical Resource(s)
    -------------------------------------------------  -------------------
    V10.I                Tiopi                 1.557   clk_100mhz
                                                       clk_100mhz
                                                       clk_100mhz_BUFGP/IBUFG
                                                       ProtoComp138.IMUX
    BUFGMUX_X3Y13.I0     net (fanout=1)        1.050   clk_100mhz_BUFGP/IBUFG
    BUFGMUX_X3Y13.O      Tgi0o                 0.209   clk_100mhz_BUFGP/BUFG
                                                       clk_100mhz_BUFGP/BUFG
    SLICE_X34Y11.CLK     net (fanout=284)      1.130   clk_100mhz_BUFGP
    -------------------------------------------------  ---------------------------
    Total                                      3.946ns (1.766ns logic, 2.180ns route)
                                                       (44.8% logic, 55.2% route)

  Maximum Data Path at Slow Process Corner: u/campaign/records_completed_6 to seg_n<6>
    Location             Delay type         Delay(ns)  Physical Resource
                                                       Logical Resource(s)
    -------------------------------------------------  -------------------
    SLICE_X34Y11.AQ      Tcko                  0.525   u/records_completed<6>
                                                       u/campaign/records_completed_6
    SLICE_X34Y10.C1      net (fanout=6)        0.749   u/records_completed<6>
    SLICE_X34Y10.C       Tilo                  0.255   u/records_completed[6]_PWR_2_o_mod_0/a[4]_a[6]_MUX_93_o
                                                       u/records_completed[6]_PWR_2_o_mod_0/Mmux_a[4]_a[6]_MUX_93_o11
    SLICE_X35Y10.B1      net (fanout=2)        0.654   u/records_completed[6]_PWR_2_o_mod_0/a[4]_a[6]_MUX_93_o
    SLICE_X35Y10.BMUX    Tilo                  0.337   u/ones<2>
                                                       u/records_completed[6]_PWR_2_o_mod_0/Mmux_a[0]_a[6]_MUX_104_o121
    SLICE_X34Y10.B3      net (fanout=2)        0.428   u/records_completed[6]_PWR_2_o_mod_0/a[2]_a[6]_MUX_102_o
    SLICE_X34Y10.BMUX    Tilo                  0.326   u/records_completed[6]_PWR_2_o_mod_0/a[4]_a[6]_MUX_93_o
                                                       u/records_completed[6]_PWR_2_o_mod_0/Mmux_o41
    SLICE_X34Y7.A3       net (fanout=1)        0.814   u/ones<3>
    SLICE_X34Y7.A        Tilo                  0.254   seg_n_4_OBUF
                                                       u/Mmux_digit<3>11
    SLICE_X37Y7.A5       net (fanout=4)        0.440   u/digit<3>
    SLICE_X37Y7.A        Tilo                  0.259   seg_n_6_OBUF
                                                       u/Mram_seg_n61
    L14.O                net (fanout=1)        2.521   seg_n_6_OBUF
    L14.PAD              Tioop                 2.982   seg_n<6>
                                                       seg_n_6_OBUF
                                                       seg_n<6>
    -------------------------------------------------  ---------------------------
    Total                                     10.544ns (4.938ns logic, 5.606ns route)
                                                       (46.8% logic, 53.2% route)

--------------------------------------------------------------------------------
Offset:                 14.515ns (clock path + data path + uncertainty)
  Source:               u/campaign/records_completed_3 (FF)
  Destination:          seg_n<6> (PAD)
  Source Clock:         clk_100mhz_BUFGP rising at 0.000ns
  Data Path Delay:      10.544ns (Levels of Logic = 6)
  Clock Path Delay:     3.946ns (Levels of Logic = 2)
  Clock Uncertainty:    0.025ns

  Clock Uncertainty:          0.025ns  ((TSJ^2 + TIJ^2)^1/2 + DJ) / 2 + PE
    Total System Jitter (TSJ):  0.050ns
    Total Input Jitter (TIJ):   0.000ns
    Discrete Jitter (DJ):       0.000ns
    Phase Error (PE):           0.000ns

  Maximum Clock Path at Slow Process Corner: clk_100mhz to u/campaign/records_completed_3
    Location             Delay type         Delay(ns)  Physical Resource
                                                       Logical Resource(s)
    -------------------------------------------------  -------------------
    V10.I                Tiopi                 1.557   clk_100mhz
                                                       clk_100mhz
                                                       clk_100mhz_BUFGP/IBUFG
                                                       ProtoComp138.IMUX
    BUFGMUX_X3Y13.I0     net (fanout=1)        1.050   clk_100mhz_BUFGP/IBUFG
    BUFGMUX_X3Y13.O      Tgi0o                 0.209   clk_100mhz_BUFGP/BUFG
                                                       clk_100mhz_BUFGP/BUFG
    SLICE_X35Y11.CLK     net (fanout=284)      1.130   clk_100mhz_BUFGP
    -------------------------------------------------  ---------------------------
    Total                                      3.946ns (1.766ns logic, 2.180ns route)
                                                       (44.8% logic, 55.2% route)

  Maximum Data Path at Slow Process Corner: u/campaign/records_completed_3 to seg_n<6>
    Location             Delay type         Delay(ns)  Physical Resource
                                                       Logical Resource(s)
    -------------------------------------------------  -------------------
    SLICE_X35Y11.BMUX    Tshcko                0.518   u/records_completed<5>
                                                       u/campaign/records_completed_3
    SLICE_X34Y10.C3      net (fanout=7)        0.603   u/records_completed<3>
    SLICE_X34Y10.C       Tilo                  0.255   u/records_completed[6]_PWR_2_o_mod_0/a[4]_a[6]_MUX_93_o
                                                       u/records_completed[6]_PWR_2_o_mod_0/Mmux_a[4]_a[6]_MUX_93_o11
    SLICE_X35Y10.B1      net (fanout=2)        0.654   u/records_completed[6]_PWR_2_o_mod_0/a[4]_a[6]_MUX_93_o
    SLICE_X35Y10.BMUX    Tilo                  0.337   u/ones<2>
                                                       u/records_completed[6]_PWR_2_o_mod_0/Mmux_a[0]_a[6]_MUX_104_o121
    SLICE_X34Y10.B3      net (fanout=2)        0.428   u/records_completed[6]_PWR_2_o_mod_0/a[2]_a[6]_MUX_102_o
    SLICE_X34Y10.B       Tilo                  0.254   u/records_completed[6]_PWR_2_o_mod_0/a[4]_a[6]_MUX_93_o
                                                       u/records_completed[6]_PWR_2_o_mod_0/Mmux_o21
    SLICE_X34Y8.A1       net (fanout=1)        0.781   u/ones<1>
    SLICE_X34Y8.A        Tilo                  0.254   seg_n_0_OBUF
                                                       u/Mmux_digit<1>11
    SLICE_X37Y7.A4       net (fanout=4)        0.698   u/digit<1>
    SLICE_X37Y7.A        Tilo                  0.259   seg_n_6_OBUF
                                                       u/Mram_seg_n61
    L14.O                net (fanout=1)        2.521   seg_n_6_OBUF
    L14.PAD              Tioop                 2.982   seg_n<6>
                                                       seg_n_6_OBUF
                                                       seg_n<6>
    -------------------------------------------------  ---------------------------
    Total                                     10.544ns (4.859ns logic, 5.685ns route)
                                                       (46.1% logic, 53.9% route)

--------------------------------------------------------------------------------
Offset:                 14.511ns (clock path + data path + uncertainty)
  Source:               u/campaign/records_completed_6 (FF)
  Destination:          seg_n<6> (PAD)
  Source Clock:         clk_100mhz_BUFGP rising at 0.000ns
  Data Path Delay:      10.540ns (Levels of Logic = 6)
  Clock Path Delay:     3.946ns (Levels of Logic = 2)
  Clock Uncertainty:    0.025ns

  Clock Uncertainty:          0.025ns  ((TSJ^2 + TIJ^2)^1/2 + DJ) / 2 + PE
    Total System Jitter (TSJ):  0.050ns
    Total Input Jitter (TIJ):   0.000ns
    Discrete Jitter (DJ):       0.000ns
    Phase Error (PE):           0.000ns

  Maximum Clock Path at Slow Process Corner: clk_100mhz to u/campaign/records_completed_6
    Location             Delay type         Delay(ns)  Physical Resource
                                                       Logical Resource(s)
    -------------------------------------------------  -------------------
    V10.I                Tiopi                 1.557   clk_100mhz
                                                       clk_100mhz
                                                       clk_100mhz_BUFGP/IBUFG
                                                       ProtoComp138.IMUX
    BUFGMUX_X3Y13.I0     net (fanout=1)        1.050   clk_100mhz_BUFGP/IBUFG
    BUFGMUX_X3Y13.O      Tgi0o                 0.209   clk_100mhz_BUFGP/BUFG
                                                       clk_100mhz_BUFGP/BUFG
    SLICE_X34Y11.CLK     net (fanout=284)      1.130   clk_100mhz_BUFGP
    -------------------------------------------------  ---------------------------
    Total                                      3.946ns (1.766ns logic, 2.180ns route)
                                                       (44.8% logic, 55.2% route)

  Maximum Data Path at Slow Process Corner: u/campaign/records_completed_6 to seg_n<6>
    Location             Delay type         Delay(ns)  Physical Resource
                                                       Logical Resource(s)
    -------------------------------------------------  -------------------
    SLICE_X34Y11.AQ      Tcko                  0.525   u/records_completed<6>
                                                       u/campaign/records_completed_6
    SLICE_X34Y10.C1      net (fanout=6)        0.749   u/records_completed<6>
    SLICE_X34Y10.C       Tilo                  0.255   u/records_completed[6]_PWR_2_o_mod_0/a[4]_a[6]_MUX_93_o
                                                       u/records_completed[6]_PWR_2_o_mod_0/Mmux_a[4]_a[6]_MUX_93_o11
    SLICE_X34Y10.A1      net (fanout=2)        0.566   u/records_completed[6]_PWR_2_o_mod_0/a[4]_a[6]_MUX_93_o
    SLICE_X34Y10.A       Tilo                  0.254   u/records_completed[6]_PWR_2_o_mod_0/a[4]_a[6]_MUX_93_o
                                                       u/records_completed[6]_PWR_2_o_mod_0/BUS_0008_INV_67_o1_SW0
    SLICE_X34Y10.B4      net (fanout=2)        0.442   u/records_completed[6]_PWR_2_o_mod_0/N01
    SLICE_X34Y10.B       Tilo                  0.254   u/records_completed[6]_PWR_2_o_mod_0/a[4]_a[6]_MUX_93_o
                                                       u/records_completed[6]_PWR_2_o_mod_0/Mmux_o21
    SLICE_X34Y8.A1       net (fanout=1)        0.781   u/ones<1>
    SLICE_X34Y8.A        Tilo                  0.254   seg_n_0_OBUF
                                                       u/Mmux_digit<1>11
    SLICE_X37Y7.A4       net (fanout=4)        0.698   u/digit<1>
    SLICE_X37Y7.A        Tilo                  0.259   seg_n_6_OBUF
                                                       u/Mram_seg_n61
    L14.O                net (fanout=1)        2.521   seg_n_6_OBUF
    L14.PAD              Tioop                 2.982   seg_n<6>
                                                       seg_n_6_OBUF
                                                       seg_n<6>
    -------------------------------------------------  ---------------------------
    Total                                     10.540ns (4.783ns logic, 5.757ns route)
                                                       (45.4% logic, 54.6% route)

--------------------------------------------------------------------------------
Offset:                 14.506ns (clock path + data path + uncertainty)
  Source:               u/campaign/records_completed_6 (FF)
  Destination:          seg_n<6> (PAD)
  Source Clock:         clk_100mhz_BUFGP rising at 0.000ns
  Data Path Delay:      10.535ns (Levels of Logic = 6)
  Clock Path Delay:     3.946ns (Levels of Logic = 2)
  Clock Uncertainty:    0.025ns

  Clock Uncertainty:          0.025ns  ((TSJ^2 + TIJ^2)^1/2 + DJ) / 2 + PE
    Total System Jitter (TSJ):  0.050ns
    Total Input Jitter (TIJ):   0.000ns
    Discrete Jitter (DJ):       0.000ns
    Phase Error (PE):           0.000ns

  Maximum Clock Path at Slow Process Corner: clk_100mhz to u/campaign/records_completed_6
    Location             Delay type         Delay(ns)  Physical Resource
                                                       Logical Resource(s)
    -------------------------------------------------  -------------------
    V10.I                Tiopi                 1.557   clk_100mhz
                                                       clk_100mhz
                                                       clk_100mhz_BUFGP/IBUFG
                                                       ProtoComp138.IMUX
    BUFGMUX_X3Y13.I0     net (fanout=1)        1.050   clk_100mhz_BUFGP/IBUFG
    BUFGMUX_X3Y13.O      Tgi0o                 0.209   clk_100mhz_BUFGP/BUFG
                                                       clk_100mhz_BUFGP/BUFG
    SLICE_X34Y11.CLK     net (fanout=284)      1.130   clk_100mhz_BUFGP
    -------------------------------------------------  ---------------------------
    Total                                      3.946ns (1.766ns logic, 2.180ns route)
                                                       (44.8% logic, 55.2% route)

  Maximum Data Path at Slow Process Corner: u/campaign/records_completed_6 to seg_n<6>
    Location             Delay type         Delay(ns)  Physical Resource
                                                       Logical Resource(s)
    -------------------------------------------------  -------------------
    SLICE_X34Y11.AQ      Tcko                  0.525   u/records_completed<6>
                                                       u/campaign/records_completed_6
    SLICE_X34Y10.C1      net (fanout=6)        0.749   u/records_completed<6>
    SLICE_X34Y10.C       Tilo                  0.255   u/records_completed[6]_PWR_2_o_mod_0/a[4]_a[6]_MUX_93_o
                                                       u/records_completed[6]_PWR_2_o_mod_0/Mmux_a[4]_a[6]_MUX_93_o11
    SLICE_X35Y10.B1      net (fanout=2)        0.654   u/records_completed[6]_PWR_2_o_mod_0/a[4]_a[6]_MUX_93_o
    SLICE_X35Y10.B       Tilo                  0.259   u/ones<2>
                                                       u/records_completed[6]_PWR_2_o_mod_0/Mmux_a[0]_a[6]_MUX_104_o131
    SLICE_X35Y10.C4      net (fanout=2)        0.327   u/records_completed[6]_PWR_2_o_mod_0/a[3]_a[6]_MUX_101_o
    SLICE_X35Y10.C       Tilo                  0.259   u/ones<2>
                                                       u/records_completed[6]_PWR_2_o_mod_0/Mmux_o31
    SLICE_X35Y8.A4       net (fanout=1)        0.513   u/ones<2>
    SLICE_X35Y8.A        Tilo                  0.259   u/digit<2>
                                                       u/Mmux_digit<2>11
    SLICE_X37Y7.A1       net (fanout=4)        0.973   u/digit<2>
    SLICE_X37Y7.A        Tilo                  0.259   seg_n_6_OBUF
                                                       u/Mram_seg_n61
    L14.O                net (fanout=1)        2.521   seg_n_6_OBUF
    L14.PAD              Tioop                 2.982   seg_n<6>
                                                       seg_n_6_OBUF
                                                       seg_n<6>
    -------------------------------------------------  ---------------------------
    Total                                     10.535ns (4.798ns logic, 5.737ns route)
                                                       (45.5% logic, 54.5% route)

--------------------------------------------------------------------------------
Offset:                 14.458ns (clock path + data path + uncertainty)
  Source:               u/campaign/records_completed_5 (FF)
  Destination:          seg_n<6> (PAD)
  Source Clock:         clk_100mhz_BUFGP rising at 0.000ns
  Data Path Delay:      10.487ns (Levels of Logic = 6)
  Clock Path Delay:     3.946ns (Levels of Logic = 2)
  Clock Uncertainty:    0.025ns

  Clock Uncertainty:          0.025ns  ((TSJ^2 + TIJ^2)^1/2 + DJ) / 2 + PE
    Total System Jitter (TSJ):  0.050ns
    Total Input Jitter (TIJ):   0.000ns
    Discrete Jitter (DJ):       0.000ns
    Phase Error (PE):           0.000ns

  Maximum Clock Path at Slow Process Corner: clk_100mhz to u/campaign/records_completed_5
    Location             Delay type         Delay(ns)  Physical Resource
                                                       Logical Resource(s)
    -------------------------------------------------  -------------------
    V10.I                Tiopi                 1.557   clk_100mhz
                                                       clk_100mhz
                                                       clk_100mhz_BUFGP/IBUFG
                                                       ProtoComp138.IMUX
    BUFGMUX_X3Y13.I0     net (fanout=1)        1.050   clk_100mhz_BUFGP/IBUFG
    BUFGMUX_X3Y13.O      Tgi0o                 0.209   clk_100mhz_BUFGP/BUFG
                                                       clk_100mhz_BUFGP/BUFG
    SLICE_X35Y11.CLK     net (fanout=284)      1.130   clk_100mhz_BUFGP
    -------------------------------------------------  ---------------------------
    Total                                      3.946ns (1.766ns logic, 2.180ns route)
                                                       (44.8% logic, 55.2% route)

  Maximum Data Path at Slow Process Corner: u/campaign/records_completed_5 to seg_n<6>
    Location             Delay type         Delay(ns)  Physical Resource
                                                       Logical Resource(s)
    -------------------------------------------------  -------------------
    SLICE_X35Y11.CQ      Tcko                  0.430   u/records_completed<5>
                                                       u/campaign/records_completed_5
    SLICE_X34Y10.C5      net (fanout=7)        0.634   u/records_completed<5>
    SLICE_X34Y10.C       Tilo                  0.255   u/records_completed[6]_PWR_2_o_mod_0/a[4]_a[6]_MUX_93_o
                                                       u/records_completed[6]_PWR_2_o_mod_0/Mmux_a[4]_a[6]_MUX_93_o11
    SLICE_X35Y10.B1      net (fanout=2)        0.654   u/records_completed[6]_PWR_2_o_mod_0/a[4]_a[6]_MUX_93_o
    SLICE_X35Y10.BMUX    Tilo                  0.337   u/ones<2>
                                                       u/records_completed[6]_PWR_2_o_mod_0/Mmux_a[0]_a[6]_MUX_104_o121
    SLICE_X34Y10.B3      net (fanout=2)        0.428   u/records_completed[6]_PWR_2_o_mod_0/a[2]_a[6]_MUX_102_o
    SLICE_X34Y10.B       Tilo                  0.254   u/records_completed[6]_PWR_2_o_mod_0/a[4]_a[6]_MUX_93_o
                                                       u/records_completed[6]_PWR_2_o_mod_0/Mmux_o21
    SLICE_X34Y8.A1       net (fanout=1)        0.781   u/ones<1>
    SLICE_X34Y8.A        Tilo                  0.254   seg_n_0_OBUF
                                                       u/Mmux_digit<1>11
    SLICE_X37Y7.A4       net (fanout=4)        0.698   u/digit<1>
    SLICE_X37Y7.A        Tilo                  0.259   seg_n_6_OBUF
                                                       u/Mram_seg_n61
    L14.O                net (fanout=1)        2.521   seg_n_6_OBUF
    L14.PAD              Tioop                 2.982   seg_n<6>
                                                       seg_n_6_OBUF
                                                       seg_n<6>
    -------------------------------------------------  ---------------------------
    Total                                     10.487ns (4.771ns logic, 5.716ns route)
                                                       (45.5% logic, 54.5% route)

--------------------------------------------------------------------------------

Paths for end point seg_n<3> (U18.PAD), 171 paths
--------------------------------------------------------------------------------
Offset:                 14.656ns (clock path + data path + uncertainty)
  Source:               u/campaign/records_completed_6 (FF)
  Destination:          seg_n<3> (PAD)
  Source Clock:         clk_100mhz_BUFGP rising at 0.000ns
  Data Path Delay:      10.685ns (Levels of Logic = 6)
  Clock Path Delay:     3.946ns (Levels of Logic = 2)
  Clock Uncertainty:    0.025ns

  Clock Uncertainty:          0.025ns  ((TSJ^2 + TIJ^2)^1/2 + DJ) / 2 + PE
    Total System Jitter (TSJ):  0.050ns
    Total Input Jitter (TIJ):   0.000ns
    Discrete Jitter (DJ):       0.000ns
    Phase Error (PE):           0.000ns

  Maximum Clock Path at Slow Process Corner: clk_100mhz to u/campaign/records_completed_6
    Location             Delay type         Delay(ns)  Physical Resource
                                                       Logical Resource(s)
    -------------------------------------------------  -------------------
    V10.I                Tiopi                 1.557   clk_100mhz
                                                       clk_100mhz
                                                       clk_100mhz_BUFGP/IBUFG
                                                       ProtoComp138.IMUX
    BUFGMUX_X3Y13.I0     net (fanout=1)        1.050   clk_100mhz_BUFGP/IBUFG
    BUFGMUX_X3Y13.O      Tgi0o                 0.209   clk_100mhz_BUFGP/BUFG
                                                       clk_100mhz_BUFGP/BUFG
    SLICE_X34Y11.CLK     net (fanout=284)      1.130   clk_100mhz_BUFGP
    -------------------------------------------------  ---------------------------
    Total                                      3.946ns (1.766ns logic, 2.180ns route)
                                                       (44.8% logic, 55.2% route)

  Maximum Data Path at Slow Process Corner: u/campaign/records_completed_6 to seg_n<3>
    Location             Delay type         Delay(ns)  Physical Resource
                                                       Logical Resource(s)
    -------------------------------------------------  -------------------
    SLICE_X34Y11.AQ      Tcko                  0.525   u/records_completed<6>
                                                       u/campaign/records_completed_6
    SLICE_X34Y10.C1      net (fanout=6)        0.749   u/records_completed<6>
    SLICE_X34Y10.C       Tilo                  0.255   u/records_completed[6]_PWR_2_o_mod_0/a[4]_a[6]_MUX_93_o
                                                       u/records_completed[6]_PWR_2_o_mod_0/Mmux_a[4]_a[6]_MUX_93_o11
    SLICE_X35Y10.B1      net (fanout=2)        0.654   u/records_completed[6]_PWR_2_o_mod_0/a[4]_a[6]_MUX_93_o
    SLICE_X35Y10.BMUX    Tilo                  0.337   u/ones<2>
                                                       u/records_completed[6]_PWR_2_o_mod_0/Mmux_a[0]_a[6]_MUX_104_o121
    SLICE_X34Y10.B3      net (fanout=2)        0.428   u/records_completed[6]_PWR_2_o_mod_0/a[2]_a[6]_MUX_102_o
    SLICE_X34Y10.B       Tilo                  0.254   u/records_completed[6]_PWR_2_o_mod_0/a[4]_a[6]_MUX_93_o
                                                       u/records_completed[6]_PWR_2_o_mod_0/Mmux_o21
    SLICE_X34Y8.A1       net (fanout=1)        0.781   u/ones<1>
    SLICE_X34Y8.A        Tilo                  0.254   seg_n_0_OBUF
                                                       u/Mmux_digit<1>11
    SLICE_X37Y7.A4       net (fanout=4)        0.698   u/digit<1>
    SLICE_X37Y7.AMUX     Tilo                  0.337   seg_n_6_OBUF
                                                       u/Mram_seg_n31
    U18.O                net (fanout=1)        2.431   seg_n_3_OBUF
    U18.PAD              Tioop                 2.982   seg_n<3>
                                                       seg_n_3_OBUF
                                                       seg_n<3>
    -------------------------------------------------  ---------------------------
    Total                                     10.685ns (4.944ns logic, 5.741ns route)
                                                       (46.3% logic, 53.7% route)

--------------------------------------------------------------------------------
Offset:                 14.592ns (clock path + data path + uncertainty)
  Source:               u/campaign/records_completed_5 (FF)
  Destination:          seg_n<3> (PAD)
  Source Clock:         clk_100mhz_BUFGP rising at 0.000ns
  Data Path Delay:      10.621ns (Levels of Logic = 6)
  Clock Path Delay:     3.946ns (Levels of Logic = 2)
  Clock Uncertainty:    0.025ns

  Clock Uncertainty:          0.025ns  ((TSJ^2 + TIJ^2)^1/2 + DJ) / 2 + PE
    Total System Jitter (TSJ):  0.050ns
    Total Input Jitter (TIJ):   0.000ns
    Discrete Jitter (DJ):       0.000ns
    Phase Error (PE):           0.000ns

  Maximum Clock Path at Slow Process Corner: clk_100mhz to u/campaign/records_completed_5
    Location             Delay type         Delay(ns)  Physical Resource
                                                       Logical Resource(s)
    -------------------------------------------------  -------------------
    V10.I                Tiopi                 1.557   clk_100mhz
                                                       clk_100mhz
                                                       clk_100mhz_BUFGP/IBUFG
                                                       ProtoComp138.IMUX
    BUFGMUX_X3Y13.I0     net (fanout=1)        1.050   clk_100mhz_BUFGP/IBUFG
    BUFGMUX_X3Y13.O      Tgi0o                 0.209   clk_100mhz_BUFGP/BUFG
                                                       clk_100mhz_BUFGP/BUFG
    SLICE_X35Y11.CLK     net (fanout=284)      1.130   clk_100mhz_BUFGP
    -------------------------------------------------  ---------------------------
    Total                                      3.946ns (1.766ns logic, 2.180ns route)
                                                       (44.8% logic, 55.2% route)

  Maximum Data Path at Slow Process Corner: u/campaign/records_completed_5 to seg_n<3>
    Location             Delay type         Delay(ns)  Physical Resource
                                                       Logical Resource(s)
    -------------------------------------------------  -------------------
    SLICE_X35Y11.CQ      Tcko                  0.430   u/records_completed<5>
                                                       u/campaign/records_completed_5
    SLICE_X35Y10.A1      net (fanout=7)        0.960   u/records_completed<5>
    SLICE_X35Y10.AMUX    Tilo                  0.337   u/ones<2>
                                                       u/records_completed[6]_PWR_2_o_mod_0/Mmux_a[5]_a[6]_MUX_92_o11
    SLICE_X34Y10.A5      net (fanout=2)        0.461   u/records_completed[6]_PWR_2_o_mod_0/a[5]_a[6]_MUX_92_o
    SLICE_X34Y10.A       Tilo                  0.254   u/records_completed[6]_PWR_2_o_mod_0/a[4]_a[6]_MUX_93_o
                                                       u/records_completed[6]_PWR_2_o_mod_0/BUS_0008_INV_67_o1_SW0
    SLICE_X34Y10.B4      net (fanout=2)        0.442   u/records_completed[6]_PWR_2_o_mod_0/N01
    SLICE_X34Y10.B       Tilo                  0.254   u/records_completed[6]_PWR_2_o_mod_0/a[4]_a[6]_MUX_93_o
                                                       u/records_completed[6]_PWR_2_o_mod_0/Mmux_o21
    SLICE_X34Y8.A1       net (fanout=1)        0.781   u/ones<1>
    SLICE_X34Y8.A        Tilo                  0.254   seg_n_0_OBUF
                                                       u/Mmux_digit<1>11
    SLICE_X37Y7.A4       net (fanout=4)        0.698   u/digit<1>
    SLICE_X37Y7.AMUX     Tilo                  0.337   seg_n_6_OBUF
                                                       u/Mram_seg_n31
    U18.O                net (fanout=1)        2.431   seg_n_3_OBUF
    U18.PAD              Tioop                 2.982   seg_n<3>
                                                       seg_n_3_OBUF
                                                       seg_n<3>
    -------------------------------------------------  ---------------------------
    Total                                     10.621ns (4.848ns logic, 5.773ns route)
                                                       (45.6% logic, 54.4% route)

--------------------------------------------------------------------------------
Offset:                 14.569ns (clock path + data path + uncertainty)
  Source:               u/campaign/records_completed_5 (FF)
  Destination:          seg_n<3> (PAD)
  Source Clock:         clk_100mhz_BUFGP rising at 0.000ns
  Data Path Delay:      10.598ns (Levels of Logic = 6)
  Clock Path Delay:     3.946ns (Levels of Logic = 2)
  Clock Uncertainty:    0.025ns

  Clock Uncertainty:          0.025ns  ((TSJ^2 + TIJ^2)^1/2 + DJ) / 2 + PE
    Total System Jitter (TSJ):  0.050ns
    Total Input Jitter (TIJ):   0.000ns
    Discrete Jitter (DJ):       0.000ns
    Phase Error (PE):           0.000ns

  Maximum Clock Path at Slow Process Corner: clk_100mhz to u/campaign/records_completed_5
    Location             Delay type         Delay(ns)  Physical Resource
                                                       Logical Resource(s)
    -------------------------------------------------  -------------------
    V10.I                Tiopi                 1.557   clk_100mhz
                                                       clk_100mhz
                                                       clk_100mhz_BUFGP/IBUFG
                                                       ProtoComp138.IMUX
    BUFGMUX_X3Y13.I0     net (fanout=1)        1.050   clk_100mhz_BUFGP/IBUFG
    BUFGMUX_X3Y13.O      Tgi0o                 0.209   clk_100mhz_BUFGP/BUFG
                                                       clk_100mhz_BUFGP/BUFG
    SLICE_X35Y11.CLK     net (fanout=284)      1.130   clk_100mhz_BUFGP
    -------------------------------------------------  ---------------------------
    Total                                      3.946ns (1.766ns logic, 2.180ns route)
                                                       (44.8% logic, 55.2% route)

  Maximum Data Path at Slow Process Corner: u/campaign/records_completed_5 to seg_n<3>
    Location             Delay type         Delay(ns)  Physical Resource
                                                       Logical Resource(s)
    -------------------------------------------------  -------------------
    SLICE_X35Y11.CQ      Tcko                  0.430   u/records_completed<5>
                                                       u/campaign/records_completed_5
    SLICE_X35Y10.A1      net (fanout=7)        0.960   u/records_completed<5>
    SLICE_X35Y10.A       Tilo                  0.259   u/ones<2>
                                                       u/records_completed[6]_PWR_2_o_mod_0/Mmux_a[0]_a[6]_MUX_97_o131
    SLICE_X35Y10.B5      net (fanout=2)        0.447   u/records_completed[6]_PWR_2_o_mod_0/a[3]_a[6]_MUX_94_o
    SLICE_X35Y10.BMUX    Tilo                  0.337   u/ones<2>
                                                       u/records_completed[6]_PWR_2_o_mod_0/Mmux_a[0]_a[6]_MUX_104_o121
    SLICE_X34Y10.B3      net (fanout=2)        0.428   u/records_completed[6]_PWR_2_o_mod_0/a[2]_a[6]_MUX_102_o
    SLICE_X34Y10.B       Tilo                  0.254   u/records_completed[6]_PWR_2_o_mod_0/a[4]_a[6]_MUX_93_o
                                                       u/records_completed[6]_PWR_2_o_mod_0/Mmux_o21
    SLICE_X34Y8.A1       net (fanout=1)        0.781   u/ones<1>
    SLICE_X34Y8.A        Tilo                  0.254   seg_n_0_OBUF
                                                       u/Mmux_digit<1>11
    SLICE_X37Y7.A4       net (fanout=4)        0.698   u/digit<1>
    SLICE_X37Y7.AMUX     Tilo                  0.337   seg_n_6_OBUF
                                                       u/Mram_seg_n31
    U18.O                net (fanout=1)        2.431   seg_n_3_OBUF
    U18.PAD              Tioop                 2.982   seg_n<3>
                                                       seg_n_3_OBUF
                                                       seg_n<3>
    -------------------------------------------------  ---------------------------
    Total                                     10.598ns (4.853ns logic, 5.745ns route)
                                                       (45.8% logic, 54.2% route)

--------------------------------------------------------------------------------
Offset:                 14.561ns (clock path + data path + uncertainty)
  Source:               u/campaign/records_completed_5 (FF)
  Destination:          seg_n<3> (PAD)
  Source Clock:         clk_100mhz_BUFGP rising at 0.000ns
  Data Path Delay:      10.590ns (Levels of Logic = 6)
  Clock Path Delay:     3.946ns (Levels of Logic = 2)
  Clock Uncertainty:    0.025ns

  Clock Uncertainty:          0.025ns  ((TSJ^2 + TIJ^2)^1/2 + DJ) / 2 + PE
    Total System Jitter (TSJ):  0.050ns
    Total Input Jitter (TIJ):   0.000ns
    Discrete Jitter (DJ):       0.000ns
    Phase Error (PE):           0.000ns

  Maximum Clock Path at Slow Process Corner: clk_100mhz to u/campaign/records_completed_5
    Location             Delay type         Delay(ns)  Physical Resource
                                                       Logical Resource(s)
    -------------------------------------------------  -------------------
    V10.I                Tiopi                 1.557   clk_100mhz
                                                       clk_100mhz
                                                       clk_100mhz_BUFGP/IBUFG
                                                       ProtoComp138.IMUX
    BUFGMUX_X3Y13.I0     net (fanout=1)        1.050   clk_100mhz_BUFGP/IBUFG
    BUFGMUX_X3Y13.O      Tgi0o                 0.209   clk_100mhz_BUFGP/BUFG
                                                       clk_100mhz_BUFGP/BUFG
    SLICE_X35Y11.CLK     net (fanout=284)      1.130   clk_100mhz_BUFGP
    -------------------------------------------------  ---------------------------
    Total                                      3.946ns (1.766ns logic, 2.180ns route)
                                                       (44.8% logic, 55.2% route)

  Maximum Data Path at Slow Process Corner: u/campaign/records_completed_5 to seg_n<3>
    Location             Delay type         Delay(ns)  Physical Resource
                                                       Logical Resource(s)
    -------------------------------------------------  -------------------
    SLICE_X35Y11.CQ      Tcko                  0.430   u/records_completed<5>
                                                       u/campaign/records_completed_5
    SLICE_X35Y10.A1      net (fanout=7)        0.960   u/records_completed<5>
    SLICE_X35Y10.AMUX    Tilo                  0.337   u/ones<2>
                                                       u/records_completed[6]_PWR_2_o_mod_0/Mmux_a[5]_a[6]_MUX_92_o11
    SLICE_X35Y10.B4      net (fanout=2)        0.361   u/records_completed[6]_PWR_2_o_mod_0/a[5]_a[6]_MUX_92_o
    SLICE_X35Y10.BMUX    Tilo                  0.337   u/ones<2>
                                                       u/records_completed[6]_PWR_2_o_mod_0/Mmux_a[0]_a[6]_MUX_104_o121
    SLICE_X34Y10.B3      net (fanout=2)        0.428   u/records_completed[6]_PWR_2_o_mod_0/a[2]_a[6]_MUX_102_o
    SLICE_X34Y10.B       Tilo                  0.254   u/records_completed[6]_PWR_2_o_mod_0/a[4]_a[6]_MUX_93_o
                                                       u/records_completed[6]_PWR_2_o_mod_0/Mmux_o21
    SLICE_X34Y8.A1       net (fanout=1)        0.781   u/ones<1>
    SLICE_X34Y8.A        Tilo                  0.254   seg_n_0_OBUF
                                                       u/Mmux_digit<1>11
    SLICE_X37Y7.A4       net (fanout=4)        0.698   u/digit<1>
    SLICE_X37Y7.AMUX     Tilo                  0.337   seg_n_6_OBUF
                                                       u/Mram_seg_n31
    U18.O                net (fanout=1)        2.431   seg_n_3_OBUF
    U18.PAD              Tioop                 2.982   seg_n<3>
                                                       seg_n_3_OBUF
                                                       seg_n<3>
    -------------------------------------------------  ---------------------------
    Total                                     10.590ns (4.931ns logic, 5.659ns route)
                                                       (46.6% logic, 53.4% route)

--------------------------------------------------------------------------------
Offset:                 14.525ns (clock path + data path + uncertainty)
  Source:               u/campaign/records_completed_5 (FF)
  Destination:          seg_n<3> (PAD)
  Source Clock:         clk_100mhz_BUFGP rising at 0.000ns
  Data Path Delay:      10.554ns (Levels of Logic = 6)
  Clock Path Delay:     3.946ns (Levels of Logic = 2)
  Clock Uncertainty:    0.025ns

  Clock Uncertainty:          0.025ns  ((TSJ^2 + TIJ^2)^1/2 + DJ) / 2 + PE
    Total System Jitter (TSJ):  0.050ns
    Total Input Jitter (TIJ):   0.000ns
    Discrete Jitter (DJ):       0.000ns
    Phase Error (PE):           0.000ns

  Maximum Clock Path at Slow Process Corner: clk_100mhz to u/campaign/records_completed_5
    Location             Delay type         Delay(ns)  Physical Resource
                                                       Logical Resource(s)
    -------------------------------------------------  -------------------
    V10.I                Tiopi                 1.557   clk_100mhz
                                                       clk_100mhz
                                                       clk_100mhz_BUFGP/IBUFG
                                                       ProtoComp138.IMUX
    BUFGMUX_X3Y13.I0     net (fanout=1)        1.050   clk_100mhz_BUFGP/IBUFG
    BUFGMUX_X3Y13.O      Tgi0o                 0.209   clk_100mhz_BUFGP/BUFG
                                                       clk_100mhz_BUFGP/BUFG
    SLICE_X35Y11.CLK     net (fanout=284)      1.130   clk_100mhz_BUFGP
    -------------------------------------------------  ---------------------------
    Total                                      3.946ns (1.766ns logic, 2.180ns route)
                                                       (44.8% logic, 55.2% route)

  Maximum Data Path at Slow Process Corner: u/campaign/records_completed_5 to seg_n<3>
    Location             Delay type         Delay(ns)  Physical Resource
                                                       Logical Resource(s)
    -------------------------------------------------  -------------------
    SLICE_X35Y11.CQ      Tcko                  0.430   u/records_completed<5>
                                                       u/campaign/records_completed_5
    SLICE_X35Y10.A1      net (fanout=7)        0.960   u/records_completed<5>
    SLICE_X35Y10.AMUX    Tilo                  0.337   u/ones<2>
                                                       u/records_completed[6]_PWR_2_o_mod_0/Mmux_a[5]_a[6]_MUX_92_o11
    SLICE_X34Y10.A5      net (fanout=2)        0.461   u/records_completed[6]_PWR_2_o_mod_0/a[5]_a[6]_MUX_92_o
    SLICE_X34Y10.A       Tilo                  0.254   u/records_completed[6]_PWR_2_o_mod_0/a[4]_a[6]_MUX_93_o
                                                       u/records_completed[6]_PWR_2_o_mod_0/BUS_0008_INV_67_o1_SW0
    SLICE_X35Y10.C3      net (fanout=2)        0.358   u/records_completed[6]_PWR_2_o_mod_0/N01
    SLICE_X35Y10.C       Tilo                  0.259   u/ones<2>
                                                       u/records_completed[6]_PWR_2_o_mod_0/Mmux_o31
    SLICE_X35Y8.A4       net (fanout=1)        0.513   u/ones<2>
    SLICE_X35Y8.A        Tilo                  0.259   u/digit<2>
                                                       u/Mmux_digit<2>11
    SLICE_X37Y7.A1       net (fanout=4)        0.973   u/digit<2>
    SLICE_X37Y7.AMUX     Tilo                  0.337   seg_n_6_OBUF
                                                       u/Mram_seg_n31
    U18.O                net (fanout=1)        2.431   seg_n_3_OBUF
    U18.PAD              Tioop                 2.982   seg_n<3>
                                                       seg_n_3_OBUF
                                                       seg_n<3>
    -------------------------------------------------  ---------------------------
    Total                                     10.554ns (4.858ns logic, 5.696ns route)
                                                       (46.0% logic, 54.0% route)

--------------------------------------------------------------------------------
Offset:                 14.503ns (clock path + data path + uncertainty)
  Source:               u/campaign/records_completed_6 (FF)
  Destination:          seg_n<3> (PAD)
  Source Clock:         clk_100mhz_BUFGP rising at 0.000ns
  Data Path Delay:      10.532ns (Levels of Logic = 6)
  Clock Path Delay:     3.946ns (Levels of Logic = 2)
  Clock Uncertainty:    0.025ns

  Clock Uncertainty:          0.025ns  ((TSJ^2 + TIJ^2)^1/2 + DJ) / 2 + PE
    Total System Jitter (TSJ):  0.050ns
    Total Input Jitter (TIJ):   0.000ns
    Discrete Jitter (DJ):       0.000ns
    Phase Error (PE):           0.000ns

  Maximum Clock Path at Slow Process Corner: clk_100mhz to u/campaign/records_completed_6
    Location             Delay type         Delay(ns)  Physical Resource
                                                       Logical Resource(s)
    -------------------------------------------------  -------------------
    V10.I                Tiopi                 1.557   clk_100mhz
                                                       clk_100mhz
                                                       clk_100mhz_BUFGP/IBUFG
                                                       ProtoComp138.IMUX
    BUFGMUX_X3Y13.I0     net (fanout=1)        1.050   clk_100mhz_BUFGP/IBUFG
    BUFGMUX_X3Y13.O      Tgi0o                 0.209   clk_100mhz_BUFGP/BUFG
                                                       clk_100mhz_BUFGP/BUFG
    SLICE_X34Y11.CLK     net (fanout=284)      1.130   clk_100mhz_BUFGP
    -------------------------------------------------  ---------------------------
    Total                                      3.946ns (1.766ns logic, 2.180ns route)
                                                       (44.8% logic, 55.2% route)

  Maximum Data Path at Slow Process Corner: u/campaign/records_completed_6 to seg_n<3>
    Location             Delay type         Delay(ns)  Physical Resource
                                                       Logical Resource(s)
    -------------------------------------------------  -------------------
    SLICE_X34Y11.AQ      Tcko                  0.525   u/records_completed<6>
                                                       u/campaign/records_completed_6
    SLICE_X34Y10.C1      net (fanout=6)        0.749   u/records_completed<6>
    SLICE_X34Y10.C       Tilo                  0.255   u/records_completed[6]_PWR_2_o_mod_0/a[4]_a[6]_MUX_93_o
                                                       u/records_completed[6]_PWR_2_o_mod_0/Mmux_a[4]_a[6]_MUX_93_o11
    SLICE_X35Y10.B1      net (fanout=2)        0.654   u/records_completed[6]_PWR_2_o_mod_0/a[4]_a[6]_MUX_93_o
    SLICE_X35Y10.BMUX    Tilo                  0.337   u/ones<2>
                                                       u/records_completed[6]_PWR_2_o_mod_0/Mmux_a[0]_a[6]_MUX_104_o121
    SLICE_X34Y10.B3      net (fanout=2)        0.428   u/records_completed[6]_PWR_2_o_mod_0/a[2]_a[6]_MUX_102_o
    SLICE_X34Y10.BMUX    Tilo                  0.326   u/records_completed[6]_PWR_2_o_mod_0/a[4]_a[6]_MUX_93_o
                                                       u/records_completed[6]_PWR_2_o_mod_0/Mmux_o41
    SLICE_X34Y7.A3       net (fanout=1)        0.814   u/ones<3>
    SLICE_X34Y7.A        Tilo                  0.254   seg_n_4_OBUF
                                                       u/Mmux_digit<3>11
    SLICE_X37Y7.A5       net (fanout=4)        0.440   u/digit<3>
    SLICE_X37Y7.AMUX     Tilo                  0.337   seg_n_6_OBUF
                                                       u/Mram_seg_n31
    U18.O                net (fanout=1)        2.431   seg_n_3_OBUF
    U18.PAD              Tioop                 2.982   seg_n<3>
                                                       seg_n_3_OBUF
                                                       seg_n<3>
    -------------------------------------------------  ---------------------------
    Total                                     10.532ns (5.016ns logic, 5.516ns route)
                                                       (47.6% logic, 52.4% route)

--------------------------------------------------------------------------------
Offset:                 14.503ns (clock path + data path + uncertainty)
  Source:               u/campaign/records_completed_3 (FF)
  Destination:          seg_n<3> (PAD)
  Source Clock:         clk_100mhz_BUFGP rising at 0.000ns
  Data Path Delay:      10.532ns (Levels of Logic = 6)
  Clock Path Delay:     3.946ns (Levels of Logic = 2)
  Clock Uncertainty:    0.025ns

  Clock Uncertainty:          0.025ns  ((TSJ^2 + TIJ^2)^1/2 + DJ) / 2 + PE
    Total System Jitter (TSJ):  0.050ns
    Total Input Jitter (TIJ):   0.000ns
    Discrete Jitter (DJ):       0.000ns
    Phase Error (PE):           0.000ns

  Maximum Clock Path at Slow Process Corner: clk_100mhz to u/campaign/records_completed_3
    Location             Delay type         Delay(ns)  Physical Resource
                                                       Logical Resource(s)
    -------------------------------------------------  -------------------
    V10.I                Tiopi                 1.557   clk_100mhz
                                                       clk_100mhz
                                                       clk_100mhz_BUFGP/IBUFG
                                                       ProtoComp138.IMUX
    BUFGMUX_X3Y13.I0     net (fanout=1)        1.050   clk_100mhz_BUFGP/IBUFG
    BUFGMUX_X3Y13.O      Tgi0o                 0.209   clk_100mhz_BUFGP/BUFG
                                                       clk_100mhz_BUFGP/BUFG
    SLICE_X35Y11.CLK     net (fanout=284)      1.130   clk_100mhz_BUFGP
    -------------------------------------------------  ---------------------------
    Total                                      3.946ns (1.766ns logic, 2.180ns route)
                                                       (44.8% logic, 55.2% route)

  Maximum Data Path at Slow Process Corner: u/campaign/records_completed_3 to seg_n<3>
    Location             Delay type         Delay(ns)  Physical Resource
                                                       Logical Resource(s)
    -------------------------------------------------  -------------------
    SLICE_X35Y11.BMUX    Tshcko                0.518   u/records_completed<5>
                                                       u/campaign/records_completed_3
    SLICE_X34Y10.C3      net (fanout=7)        0.603   u/records_completed<3>
    SLICE_X34Y10.C       Tilo                  0.255   u/records_completed[6]_PWR_2_o_mod_0/a[4]_a[6]_MUX_93_o
                                                       u/records_completed[6]_PWR_2_o_mod_0/Mmux_a[4]_a[6]_MUX_93_o11
    SLICE_X35Y10.B1      net (fanout=2)        0.654   u/records_completed[6]_PWR_2_o_mod_0/a[4]_a[6]_MUX_93_o
    SLICE_X35Y10.BMUX    Tilo                  0.337   u/ones<2>
                                                       u/records_completed[6]_PWR_2_o_mod_0/Mmux_a[0]_a[6]_MUX_104_o121
    SLICE_X34Y10.B3      net (fanout=2)        0.428   u/records_completed[6]_PWR_2_o_mod_0/a[2]_a[6]_MUX_102_o
    SLICE_X34Y10.B       Tilo                  0.254   u/records_completed[6]_PWR_2_o_mod_0/a[4]_a[6]_MUX_93_o
                                                       u/records_completed[6]_PWR_2_o_mod_0/Mmux_o21
    SLICE_X34Y8.A1       net (fanout=1)        0.781   u/ones<1>
    SLICE_X34Y8.A        Tilo                  0.254   seg_n_0_OBUF
                                                       u/Mmux_digit<1>11
    SLICE_X37Y7.A4       net (fanout=4)        0.698   u/digit<1>
    SLICE_X37Y7.AMUX     Tilo                  0.337   seg_n_6_OBUF
                                                       u/Mram_seg_n31
    U18.O                net (fanout=1)        2.431   seg_n_3_OBUF
    U18.PAD              Tioop                 2.982   seg_n<3>
                                                       seg_n_3_OBUF
                                                       seg_n<3>
    -------------------------------------------------  ---------------------------
    Total                                     10.532ns (4.937ns logic, 5.595ns route)
                                                       (46.9% logic, 53.1% route)

--------------------------------------------------------------------------------
Offset:                 14.499ns (clock path + data path + uncertainty)
  Source:               u/campaign/records_completed_6 (FF)
  Destination:          seg_n<3> (PAD)
  Source Clock:         clk_100mhz_BUFGP rising at 0.000ns
  Data Path Delay:      10.528ns (Levels of Logic = 6)
  Clock Path Delay:     3.946ns (Levels of Logic = 2)
  Clock Uncertainty:    0.025ns

  Clock Uncertainty:          0.025ns  ((TSJ^2 + TIJ^2)^1/2 + DJ) / 2 + PE
    Total System Jitter (TSJ):  0.050ns
    Total Input Jitter (TIJ):   0.000ns
    Discrete Jitter (DJ):       0.000ns
    Phase Error (PE):           0.000ns

  Maximum Clock Path at Slow Process Corner: clk_100mhz to u/campaign/records_completed_6
    Location             Delay type         Delay(ns)  Physical Resource
                                                       Logical Resource(s)
    -------------------------------------------------  -------------------
    V10.I                Tiopi                 1.557   clk_100mhz
                                                       clk_100mhz
                                                       clk_100mhz_BUFGP/IBUFG
                                                       ProtoComp138.IMUX
    BUFGMUX_X3Y13.I0     net (fanout=1)        1.050   clk_100mhz_BUFGP/IBUFG
    BUFGMUX_X3Y13.O      Tgi0o                 0.209   clk_100mhz_BUFGP/BUFG
                                                       clk_100mhz_BUFGP/BUFG
    SLICE_X34Y11.CLK     net (fanout=284)      1.130   clk_100mhz_BUFGP
    -------------------------------------------------  ---------------------------
    Total                                      3.946ns (1.766ns logic, 2.180ns route)
                                                       (44.8% logic, 55.2% route)

  Maximum Data Path at Slow Process Corner: u/campaign/records_completed_6 to seg_n<3>
    Location             Delay type         Delay(ns)  Physical Resource
                                                       Logical Resource(s)
    -------------------------------------------------  -------------------
    SLICE_X34Y11.AQ      Tcko                  0.525   u/records_completed<6>
                                                       u/campaign/records_completed_6
    SLICE_X34Y10.C1      net (fanout=6)        0.749   u/records_completed<6>
    SLICE_X34Y10.C       Tilo                  0.255   u/records_completed[6]_PWR_2_o_mod_0/a[4]_a[6]_MUX_93_o
                                                       u/records_completed[6]_PWR_2_o_mod_0/Mmux_a[4]_a[6]_MUX_93_o11
    SLICE_X34Y10.A1      net (fanout=2)        0.566   u/records_completed[6]_PWR_2_o_mod_0/a[4]_a[6]_MUX_93_o
    SLICE_X34Y10.A       Tilo                  0.254   u/records_completed[6]_PWR_2_o_mod_0/a[4]_a[6]_MUX_93_o
                                                       u/records_completed[6]_PWR_2_o_mod_0/BUS_0008_INV_67_o1_SW0
    SLICE_X34Y10.B4      net (fanout=2)        0.442   u/records_completed[6]_PWR_2_o_mod_0/N01
    SLICE_X34Y10.B       Tilo                  0.254   u/records_completed[6]_PWR_2_o_mod_0/a[4]_a[6]_MUX_93_o
                                                       u/records_completed[6]_PWR_2_o_mod_0/Mmux_o21
    SLICE_X34Y8.A1       net (fanout=1)        0.781   u/ones<1>
    SLICE_X34Y8.A        Tilo                  0.254   seg_n_0_OBUF
                                                       u/Mmux_digit<1>11
    SLICE_X37Y7.A4       net (fanout=4)        0.698   u/digit<1>
    SLICE_X37Y7.AMUX     Tilo                  0.337   seg_n_6_OBUF
                                                       u/Mram_seg_n31
    U18.O                net (fanout=1)        2.431   seg_n_3_OBUF
    U18.PAD              Tioop                 2.982   seg_n<3>
                                                       seg_n_3_OBUF
                                                       seg_n<3>
    -------------------------------------------------  ---------------------------
    Total                                     10.528ns (4.861ns logic, 5.667ns route)
                                                       (46.2% logic, 53.8% route)

--------------------------------------------------------------------------------
Offset:                 14.494ns (clock path + data path + uncertainty)
  Source:               u/campaign/records_completed_6 (FF)
  Destination:          seg_n<3> (PAD)
  Source Clock:         clk_100mhz_BUFGP rising at 0.000ns
  Data Path Delay:      10.523ns (Levels of Logic = 6)
  Clock Path Delay:     3.946ns (Levels of Logic = 2)
  Clock Uncertainty:    0.025ns

  Clock Uncertainty:          0.025ns  ((TSJ^2 + TIJ^2)^1/2 + DJ) / 2 + PE
    Total System Jitter (TSJ):  0.050ns
    Total Input Jitter (TIJ):   0.000ns
    Discrete Jitter (DJ):       0.000ns
    Phase Error (PE):           0.000ns

  Maximum Clock Path at Slow Process Corner: clk_100mhz to u/campaign/records_completed_6
    Location             Delay type         Delay(ns)  Physical Resource
                                                       Logical Resource(s)
    -------------------------------------------------  -------------------
    V10.I                Tiopi                 1.557   clk_100mhz
                                                       clk_100mhz
                                                       clk_100mhz_BUFGP/IBUFG
                                                       ProtoComp138.IMUX
    BUFGMUX_X3Y13.I0     net (fanout=1)        1.050   clk_100mhz_BUFGP/IBUFG
    BUFGMUX_X3Y13.O      Tgi0o                 0.209   clk_100mhz_BUFGP/BUFG
                                                       clk_100mhz_BUFGP/BUFG
    SLICE_X34Y11.CLK     net (fanout=284)      1.130   clk_100mhz_BUFGP
    -------------------------------------------------  ---------------------------
    Total                                      3.946ns (1.766ns logic, 2.180ns route)
                                                       (44.8% logic, 55.2% route)

  Maximum Data Path at Slow Process Corner: u/campaign/records_completed_6 to seg_n<3>
    Location             Delay type         Delay(ns)  Physical Resource
                                                       Logical Resource(s)
    -------------------------------------------------  -------------------
    SLICE_X34Y11.AQ      Tcko                  0.525   u/records_completed<6>
                                                       u/campaign/records_completed_6
    SLICE_X34Y10.C1      net (fanout=6)        0.749   u/records_completed<6>
    SLICE_X34Y10.C       Tilo                  0.255   u/records_completed[6]_PWR_2_o_mod_0/a[4]_a[6]_MUX_93_o
                                                       u/records_completed[6]_PWR_2_o_mod_0/Mmux_a[4]_a[6]_MUX_93_o11
    SLICE_X35Y10.B1      net (fanout=2)        0.654   u/records_completed[6]_PWR_2_o_mod_0/a[4]_a[6]_MUX_93_o
    SLICE_X35Y10.B       Tilo                  0.259   u/ones<2>
                                                       u/records_completed[6]_PWR_2_o_mod_0/Mmux_a[0]_a[6]_MUX_104_o131
    SLICE_X35Y10.C4      net (fanout=2)        0.327   u/records_completed[6]_PWR_2_o_mod_0/a[3]_a[6]_MUX_101_o
    SLICE_X35Y10.C       Tilo                  0.259   u/ones<2>
                                                       u/records_completed[6]_PWR_2_o_mod_0/Mmux_o31
    SLICE_X35Y8.A4       net (fanout=1)        0.513   u/ones<2>
    SLICE_X35Y8.A        Tilo                  0.259   u/digit<2>
                                                       u/Mmux_digit<2>11
    SLICE_X37Y7.A1       net (fanout=4)        0.973   u/digit<2>
    SLICE_X37Y7.AMUX     Tilo                  0.337   seg_n_6_OBUF
                                                       u/Mram_seg_n31
    U18.O                net (fanout=1)        2.431   seg_n_3_OBUF
    U18.PAD              Tioop                 2.982   seg_n<3>
                                                       seg_n_3_OBUF
                                                       seg_n<3>
    -------------------------------------------------  ---------------------------
    Total                                     10.523ns (4.876ns logic, 5.647ns route)
                                                       (46.3% logic, 53.7% route)

--------------------------------------------------------------------------------
Offset:                 14.446ns (clock path + data path + uncertainty)
  Source:               u/campaign/records_completed_5 (FF)
  Destination:          seg_n<3> (PAD)
  Source Clock:         clk_100mhz_BUFGP rising at 0.000ns
  Data Path Delay:      10.475ns (Levels of Logic = 6)
  Clock Path Delay:     3.946ns (Levels of Logic = 2)
  Clock Uncertainty:    0.025ns

  Clock Uncertainty:          0.025ns  ((TSJ^2 + TIJ^2)^1/2 + DJ) / 2 + PE
    Total System Jitter (TSJ):  0.050ns
    Total Input Jitter (TIJ):   0.000ns
    Discrete Jitter (DJ):       0.000ns
    Phase Error (PE):           0.000ns

  Maximum Clock Path at Slow Process Corner: clk_100mhz to u/campaign/records_completed_5
    Location             Delay type         Delay(ns)  Physical Resource
                                                       Logical Resource(s)
    -------------------------------------------------  -------------------
    V10.I                Tiopi                 1.557   clk_100mhz
                                                       clk_100mhz
                                                       clk_100mhz_BUFGP/IBUFG
                                                       ProtoComp138.IMUX
    BUFGMUX_X3Y13.I0     net (fanout=1)        1.050   clk_100mhz_BUFGP/IBUFG
    BUFGMUX_X3Y13.O      Tgi0o                 0.209   clk_100mhz_BUFGP/BUFG
                                                       clk_100mhz_BUFGP/BUFG
    SLICE_X35Y11.CLK     net (fanout=284)      1.130   clk_100mhz_BUFGP
    -------------------------------------------------  ---------------------------
    Total                                      3.946ns (1.766ns logic, 2.180ns route)
                                                       (44.8% logic, 55.2% route)

  Maximum Data Path at Slow Process Corner: u/campaign/records_completed_5 to seg_n<3>
    Location             Delay type         Delay(ns)  Physical Resource
                                                       Logical Resource(s)
    -------------------------------------------------  -------------------
    SLICE_X35Y11.CQ      Tcko                  0.430   u/records_completed<5>
                                                       u/campaign/records_completed_5
    SLICE_X34Y10.C5      net (fanout=7)        0.634   u/records_completed<5>
    SLICE_X34Y10.C       Tilo                  0.255   u/records_completed[6]_PWR_2_o_mod_0/a[4]_a[6]_MUX_93_o
                                                       u/records_completed[6]_PWR_2_o_mod_0/Mmux_a[4]_a[6]_MUX_93_o11
    SLICE_X35Y10.B1      net (fanout=2)        0.654   u/records_completed[6]_PWR_2_o_mod_0/a[4]_a[6]_MUX_93_o
    SLICE_X35Y10.BMUX    Tilo                  0.337   u/ones<2>
                                                       u/records_completed[6]_PWR_2_o_mod_0/Mmux_a[0]_a[6]_MUX_104_o121
    SLICE_X34Y10.B3      net (fanout=2)        0.428   u/records_completed[6]_PWR_2_o_mod_0/a[2]_a[6]_MUX_102_o
    SLICE_X34Y10.B       Tilo                  0.254   u/records_completed[6]_PWR_2_o_mod_0/a[4]_a[6]_MUX_93_o
                                                       u/records_completed[6]_PWR_2_o_mod_0/Mmux_o21
    SLICE_X34Y8.A1       net (fanout=1)        0.781   u/ones<1>
    SLICE_X34Y8.A        Tilo                  0.254   seg_n_0_OBUF
                                                       u/Mmux_digit<1>11
    SLICE_X37Y7.A4       net (fanout=4)        0.698   u/digit<1>
    SLICE_X37Y7.AMUX     Tilo                  0.337   seg_n_6_OBUF
                                                       u/Mram_seg_n31
    U18.O                net (fanout=1)        2.431   seg_n_3_OBUF
    U18.PAD              Tioop                 2.982   seg_n<3>
                                                       seg_n_3_OBUF
                                                       seg_n<3>
    -------------------------------------------------  ---------------------------
    Total                                     10.475ns (4.849ns logic, 5.626ns route)
                                                       (46.3% logic, 53.7% route)

--------------------------------------------------------------------------------

Paths for end point seg_n<2> (U17.PAD), 171 paths
--------------------------------------------------------------------------------
Offset:                 14.640ns (clock path + data path + uncertainty)
  Source:               u/campaign/records_completed_6 (FF)
  Destination:          seg_n<2> (PAD)
  Source Clock:         clk_100mhz_BUFGP rising at 0.000ns
  Data Path Delay:      10.669ns (Levels of Logic = 6)
  Clock Path Delay:     3.946ns (Levels of Logic = 2)
  Clock Uncertainty:    0.025ns

  Clock Uncertainty:          0.025ns  ((TSJ^2 + TIJ^2)^1/2 + DJ) / 2 + PE
    Total System Jitter (TSJ):  0.050ns
    Total Input Jitter (TIJ):   0.000ns
    Discrete Jitter (DJ):       0.000ns
    Phase Error (PE):           0.000ns

  Maximum Clock Path at Slow Process Corner: clk_100mhz to u/campaign/records_completed_6
    Location             Delay type         Delay(ns)  Physical Resource
                                                       Logical Resource(s)
    -------------------------------------------------  -------------------
    V10.I                Tiopi                 1.557   clk_100mhz
                                                       clk_100mhz
                                                       clk_100mhz_BUFGP/IBUFG
                                                       ProtoComp138.IMUX
    BUFGMUX_X3Y13.I0     net (fanout=1)        1.050   clk_100mhz_BUFGP/IBUFG
    BUFGMUX_X3Y13.O      Tgi0o                 0.209   clk_100mhz_BUFGP/BUFG
                                                       clk_100mhz_BUFGP/BUFG
    SLICE_X34Y11.CLK     net (fanout=284)      1.130   clk_100mhz_BUFGP
    -------------------------------------------------  ---------------------------
    Total                                      3.946ns (1.766ns logic, 2.180ns route)
                                                       (44.8% logic, 55.2% route)

  Maximum Data Path at Slow Process Corner: u/campaign/records_completed_6 to seg_n<2>
    Location             Delay type         Delay(ns)  Physical Resource
                                                       Logical Resource(s)
    -------------------------------------------------  -------------------
    SLICE_X34Y11.AQ      Tcko                  0.525   u/records_completed<6>
                                                       u/campaign/records_completed_6
    SLICE_X34Y10.C1      net (fanout=6)        0.749   u/records_completed<6>
    SLICE_X34Y10.C       Tilo                  0.255   u/records_completed[6]_PWR_2_o_mod_0/a[4]_a[6]_MUX_93_o
                                                       u/records_completed[6]_PWR_2_o_mod_0/Mmux_a[4]_a[6]_MUX_93_o11
    SLICE_X35Y10.B1      net (fanout=2)        0.654   u/records_completed[6]_PWR_2_o_mod_0/a[4]_a[6]_MUX_93_o
    SLICE_X35Y10.BMUX    Tilo                  0.337   u/ones<2>
                                                       u/records_completed[6]_PWR_2_o_mod_0/Mmux_a[0]_a[6]_MUX_104_o121
    SLICE_X34Y10.B3      net (fanout=2)        0.428   u/records_completed[6]_PWR_2_o_mod_0/a[2]_a[6]_MUX_102_o
    SLICE_X34Y10.B       Tilo                  0.254   u/records_completed[6]_PWR_2_o_mod_0/a[4]_a[6]_MUX_93_o
                                                       u/records_completed[6]_PWR_2_o_mod_0/Mmux_o21
    SLICE_X34Y8.A1       net (fanout=1)        0.781   u/ones<1>
    SLICE_X34Y8.A        Tilo                  0.254   seg_n_0_OBUF
                                                       u/Mmux_digit<1>11
    SLICE_X35Y7.B3       net (fanout=4)        0.769   u/digit<1>
    SLICE_X35Y7.BMUX     Tilo                  0.337   seg_n_5_OBUF
                                                       u/Mram_seg_n21
    U17.O                net (fanout=1)        2.344   seg_n_2_OBUF
    U17.PAD              Tioop                 2.982   seg_n<2>
                                                       seg_n_2_OBUF
                                                       seg_n<2>
    -------------------------------------------------  ---------------------------
    Total                                     10.669ns (4.944ns logic, 5.725ns route)
                                                       (46.3% logic, 53.7% route)

--------------------------------------------------------------------------------
Offset:                 14.624ns (clock path + data path + uncertainty)
  Source:               u/campaign/records_completed_5 (FF)
  Destination:          seg_n<2> (PAD)
  Source Clock:         clk_100mhz_BUFGP rising at 0.000ns
  Data Path Delay:      10.653ns (Levels of Logic = 6)
  Clock Path Delay:     3.946ns (Levels of Logic = 2)
  Clock Uncertainty:    0.025ns

  Clock Uncertainty:          0.025ns  ((TSJ^2 + TIJ^2)^1/2 + DJ) / 2 + PE
    Total System Jitter (TSJ):  0.050ns
    Total Input Jitter (TIJ):   0.000ns
    Discrete Jitter (DJ):       0.000ns
    Phase Error (PE):           0.000ns

  Maximum Clock Path at Slow Process Corner: clk_100mhz to u/campaign/records_completed_5
    Location             Delay type         Delay(ns)  Physical Resource
                                                       Logical Resource(s)
    -------------------------------------------------  -------------------
    V10.I                Tiopi                 1.557   clk_100mhz
                                                       clk_100mhz
                                                       clk_100mhz_BUFGP/IBUFG
                                                       ProtoComp138.IMUX
    BUFGMUX_X3Y13.I0     net (fanout=1)        1.050   clk_100mhz_BUFGP/IBUFG
    BUFGMUX_X3Y13.O      Tgi0o                 0.209   clk_100mhz_BUFGP/BUFG
                                                       clk_100mhz_BUFGP/BUFG
    SLICE_X35Y11.CLK     net (fanout=284)      1.130   clk_100mhz_BUFGP
    -------------------------------------------------  ---------------------------
    Total                                      3.946ns (1.766ns logic, 2.180ns route)
                                                       (44.8% logic, 55.2% route)

  Maximum Data Path at Slow Process Corner: u/campaign/records_completed_5 to seg_n<2>
    Location             Delay type         Delay(ns)  Physical Resource
                                                       Logical Resource(s)
    -------------------------------------------------  -------------------
    SLICE_X35Y11.CQ      Tcko                  0.430   u/records_completed<5>
                                                       u/campaign/records_completed_5
    SLICE_X35Y10.A1      net (fanout=7)        0.960   u/records_completed<5>
    SLICE_X35Y10.AMUX    Tilo                  0.337   u/ones<2>
                                                       u/records_completed[6]_PWR_2_o_mod_0/Mmux_a[5]_a[6]_MUX_92_o11
    SLICE_X34Y10.A5      net (fanout=2)        0.461   u/records_completed[6]_PWR_2_o_mod_0/a[5]_a[6]_MUX_92_o
    SLICE_X34Y10.A       Tilo                  0.254   u/records_completed[6]_PWR_2_o_mod_0/a[4]_a[6]_MUX_93_o
                                                       u/records_completed[6]_PWR_2_o_mod_0/BUS_0008_INV_67_o1_SW0
    SLICE_X35Y10.C3      net (fanout=2)        0.358   u/records_completed[6]_PWR_2_o_mod_0/N01
    SLICE_X35Y10.C       Tilo                  0.259   u/ones<2>
                                                       u/records_completed[6]_PWR_2_o_mod_0/Mmux_o31
    SLICE_X35Y8.A4       net (fanout=1)        0.513   u/ones<2>
    SLICE_X35Y8.A        Tilo                  0.259   u/digit<2>
                                                       u/Mmux_digit<2>11
    SLICE_X35Y7.B2       net (fanout=4)        1.159   u/digit<2>
    SLICE_X35Y7.BMUX     Tilo                  0.337   seg_n_5_OBUF
                                                       u/Mram_seg_n21
    U17.O                net (fanout=1)        2.344   seg_n_2_OBUF
    U17.PAD              Tioop                 2.982   seg_n<2>
                                                       seg_n_2_OBUF
                                                       seg_n<2>
    -------------------------------------------------  ---------------------------
    Total                                     10.653ns (4.858ns logic, 5.795ns route)
                                                       (45.6% logic, 54.4% route)

--------------------------------------------------------------------------------
Offset:                 14.593ns (clock path + data path + uncertainty)
  Source:               u/campaign/records_completed_6 (FF)
  Destination:          seg_n<2> (PAD)
  Source Clock:         clk_100mhz_BUFGP rising at 0.000ns
  Data Path Delay:      10.622ns (Levels of Logic = 6)
  Clock Path Delay:     3.946ns (Levels of Logic = 2)
  Clock Uncertainty:    0.025ns

  Clock Uncertainty:          0.025ns  ((TSJ^2 + TIJ^2)^1/2 + DJ) / 2 + PE
    Total System Jitter (TSJ):  0.050ns
    Total Input Jitter (TIJ):   0.000ns
    Discrete Jitter (DJ):       0.000ns
    Phase Error (PE):           0.000ns

  Maximum Clock Path at Slow Process Corner: clk_100mhz to u/campaign/records_completed_6
    Location             Delay type         Delay(ns)  Physical Resource
                                                       Logical Resource(s)
    -------------------------------------------------  -------------------
    V10.I                Tiopi                 1.557   clk_100mhz
                                                       clk_100mhz
                                                       clk_100mhz_BUFGP/IBUFG
                                                       ProtoComp138.IMUX
    BUFGMUX_X3Y13.I0     net (fanout=1)        1.050   clk_100mhz_BUFGP/IBUFG
    BUFGMUX_X3Y13.O      Tgi0o                 0.209   clk_100mhz_BUFGP/BUFG
                                                       clk_100mhz_BUFGP/BUFG
    SLICE_X34Y11.CLK     net (fanout=284)      1.130   clk_100mhz_BUFGP
    -------------------------------------------------  ---------------------------
    Total                                      3.946ns (1.766ns logic, 2.180ns route)
                                                       (44.8% logic, 55.2% route)

  Maximum Data Path at Slow Process Corner: u/campaign/records_completed_6 to seg_n<2>
    Location             Delay type         Delay(ns)  Physical Resource
                                                       Logical Resource(s)
    -------------------------------------------------  -------------------
    SLICE_X34Y11.AQ      Tcko                  0.525   u/records_completed<6>
                                                       u/campaign/records_completed_6
    SLICE_X34Y10.C1      net (fanout=6)        0.749   u/records_completed<6>
    SLICE_X34Y10.C       Tilo                  0.255   u/records_completed[6]_PWR_2_o_mod_0/a[4]_a[6]_MUX_93_o
                                                       u/records_completed[6]_PWR_2_o_mod_0/Mmux_a[4]_a[6]_MUX_93_o11
    SLICE_X35Y10.B1      net (fanout=2)        0.654   u/records_completed[6]_PWR_2_o_mod_0/a[4]_a[6]_MUX_93_o
    SLICE_X35Y10.B       Tilo                  0.259   u/ones<2>
                                                       u/records_completed[6]_PWR_2_o_mod_0/Mmux_a[0]_a[6]_MUX_104_o131
    SLICE_X35Y10.C4      net (fanout=2)        0.327   u/records_completed[6]_PWR_2_o_mod_0/a[3]_a[6]_MUX_101_o
    SLICE_X35Y10.C       Tilo                  0.259   u/ones<2>
                                                       u/records_completed[6]_PWR_2_o_mod_0/Mmux_o31
    SLICE_X35Y8.A4       net (fanout=1)        0.513   u/ones<2>
    SLICE_X35Y8.A        Tilo                  0.259   u/digit<2>
                                                       u/Mmux_digit<2>11
    SLICE_X35Y7.B2       net (fanout=4)        1.159   u/digit<2>
    SLICE_X35Y7.BMUX     Tilo                  0.337   seg_n_5_OBUF
                                                       u/Mram_seg_n21
    U17.O                net (fanout=1)        2.344   seg_n_2_OBUF
    U17.PAD              Tioop                 2.982   seg_n<2>
                                                       seg_n_2_OBUF
                                                       seg_n<2>
    -------------------------------------------------  ---------------------------
    Total                                     10.622ns (4.876ns logic, 5.746ns route)
                                                       (45.9% logic, 54.1% route)

--------------------------------------------------------------------------------
Offset:                 14.576ns (clock path + data path + uncertainty)
  Source:               u/campaign/records_completed_5 (FF)
  Destination:          seg_n<2> (PAD)
  Source Clock:         clk_100mhz_BUFGP rising at 0.000ns
  Data Path Delay:      10.605ns (Levels of Logic = 6)
  Clock Path Delay:     3.946ns (Levels of Logic = 2)
  Clock Uncertainty:    0.025ns

  Clock Uncertainty:          0.025ns  ((TSJ^2 + TIJ^2)^1/2 + DJ) / 2 + PE
    Total System Jitter (TSJ):  0.050ns
    Total Input Jitter (TIJ):   0.000ns
    Discrete Jitter (DJ):       0.000ns
    Phase Error (PE):           0.000ns

  Maximum Clock Path at Slow Process Corner: clk_100mhz to u/campaign/records_completed_5
    Location             Delay type         Delay(ns)  Physical Resource
                                                       Logical Resource(s)
    -------------------------------------------------  -------------------
    V10.I                Tiopi                 1.557   clk_100mhz
                                                       clk_100mhz
                                                       clk_100mhz_BUFGP/IBUFG
                                                       ProtoComp138.IMUX
    BUFGMUX_X3Y13.I0     net (fanout=1)        1.050   clk_100mhz_BUFGP/IBUFG
    BUFGMUX_X3Y13.O      Tgi0o                 0.209   clk_100mhz_BUFGP/BUFG
                                                       clk_100mhz_BUFGP/BUFG
    SLICE_X35Y11.CLK     net (fanout=284)      1.130   clk_100mhz_BUFGP
    -------------------------------------------------  ---------------------------
    Total                                      3.946ns (1.766ns logic, 2.180ns route)
                                                       (44.8% logic, 55.2% route)

  Maximum Data Path at Slow Process Corner: u/campaign/records_completed_5 to seg_n<2>
    Location             Delay type         Delay(ns)  Physical Resource
                                                       Logical Resource(s)
    -------------------------------------------------  -------------------
    SLICE_X35Y11.CQ      Tcko                  0.430   u/records_completed<5>
                                                       u/campaign/records_completed_5
    SLICE_X35Y10.A1      net (fanout=7)        0.960   u/records_completed<5>
    SLICE_X35Y10.AMUX    Tilo                  0.337   u/ones<2>
                                                       u/records_completed[6]_PWR_2_o_mod_0/Mmux_a[5]_a[6]_MUX_92_o11
    SLICE_X34Y10.A5      net (fanout=2)        0.461   u/records_completed[6]_PWR_2_o_mod_0/a[5]_a[6]_MUX_92_o
    SLICE_X34Y10.A       Tilo                  0.254   u/records_completed[6]_PWR_2_o_mod_0/a[4]_a[6]_MUX_93_o
                                                       u/records_completed[6]_PWR_2_o_mod_0/BUS_0008_INV_67_o1_SW0
    SLICE_X34Y10.B4      net (fanout=2)        0.442   u/records_completed[6]_PWR_2_o_mod_0/N01
    SLICE_X34Y10.B       Tilo                  0.254   u/records_completed[6]_PWR_2_o_mod_0/a[4]_a[6]_MUX_93_o
                                                       u/records_completed[6]_PWR_2_o_mod_0/Mmux_o21
    SLICE_X34Y8.A1       net (fanout=1)        0.781   u/ones<1>
    SLICE_X34Y8.A        Tilo                  0.254   seg_n_0_OBUF
                                                       u/Mmux_digit<1>11
    SLICE_X35Y7.B3       net (fanout=4)        0.769   u/digit<1>
    SLICE_X35Y7.BMUX     Tilo                  0.337   seg_n_5_OBUF
                                                       u/Mram_seg_n21
    U17.O                net (fanout=1)        2.344   seg_n_2_OBUF
    U17.PAD              Tioop                 2.982   seg_n<2>
                                                       seg_n_2_OBUF
                                                       seg_n<2>
    -------------------------------------------------  ---------------------------
    Total                                     10.605ns (4.848ns logic, 5.757ns route)
                                                       (45.7% logic, 54.3% route)

--------------------------------------------------------------------------------
Offset:                 14.553ns (clock path + data path + uncertainty)
  Source:               u/campaign/records_completed_5 (FF)
  Destination:          seg_n<2> (PAD)
  Source Clock:         clk_100mhz_BUFGP rising at 0.000ns
  Data Path Delay:      10.582ns (Levels of Logic = 6)
  Clock Path Delay:     3.946ns (Levels of Logic = 2)
  Clock Uncertainty:    0.025ns

  Clock Uncertainty:          0.025ns  ((TSJ^2 + TIJ^2)^1/2 + DJ) / 2 + PE
    Total System Jitter (TSJ):  0.050ns
    Total Input Jitter (TIJ):   0.000ns
    Discrete Jitter (DJ):       0.000ns
    Phase Error (PE):           0.000ns

  Maximum Clock Path at Slow Process Corner: clk_100mhz to u/campaign/records_completed_5
    Location             Delay type         Delay(ns)  Physical Resource
                                                       Logical Resource(s)
    -------------------------------------------------  -------------------
    V10.I                Tiopi                 1.557   clk_100mhz
                                                       clk_100mhz
                                                       clk_100mhz_BUFGP/IBUFG
                                                       ProtoComp138.IMUX
    BUFGMUX_X3Y13.I0     net (fanout=1)        1.050   clk_100mhz_BUFGP/IBUFG
    BUFGMUX_X3Y13.O      Tgi0o                 0.209   clk_100mhz_BUFGP/BUFG
                                                       clk_100mhz_BUFGP/BUFG
    SLICE_X35Y11.CLK     net (fanout=284)      1.130   clk_100mhz_BUFGP
    -------------------------------------------------  ---------------------------
    Total                                      3.946ns (1.766ns logic, 2.180ns route)
                                                       (44.8% logic, 55.2% route)

  Maximum Data Path at Slow Process Corner: u/campaign/records_completed_5 to seg_n<2>
    Location             Delay type         Delay(ns)  Physical Resource
                                                       Logical Resource(s)
    -------------------------------------------------  -------------------
    SLICE_X35Y11.CQ      Tcko                  0.430   u/records_completed<5>
                                                       u/campaign/records_completed_5
    SLICE_X35Y10.A1      net (fanout=7)        0.960   u/records_completed<5>
    SLICE_X35Y10.A       Tilo                  0.259   u/ones<2>
                                                       u/records_completed[6]_PWR_2_o_mod_0/Mmux_a[0]_a[6]_MUX_97_o131
    SLICE_X35Y10.B5      net (fanout=2)        0.447   u/records_completed[6]_PWR_2_o_mod_0/a[3]_a[6]_MUX_94_o
    SLICE_X35Y10.BMUX    Tilo                  0.337   u/ones<2>
                                                       u/records_completed[6]_PWR_2_o_mod_0/Mmux_a[0]_a[6]_MUX_104_o121
    SLICE_X34Y10.B3      net (fanout=2)        0.428   u/records_completed[6]_PWR_2_o_mod_0/a[2]_a[6]_MUX_102_o
    SLICE_X34Y10.B       Tilo                  0.254   u/records_completed[6]_PWR_2_o_mod_0/a[4]_a[6]_MUX_93_o
                                                       u/records_completed[6]_PWR_2_o_mod_0/Mmux_o21
    SLICE_X34Y8.A1       net (fanout=1)        0.781   u/ones<1>
    SLICE_X34Y8.A        Tilo                  0.254   seg_n_0_OBUF
                                                       u/Mmux_digit<1>11
    SLICE_X35Y7.B3       net (fanout=4)        0.769   u/digit<1>
    SLICE_X35Y7.BMUX     Tilo                  0.337   seg_n_5_OBUF
                                                       u/Mram_seg_n21
    U17.O                net (fanout=1)        2.344   seg_n_2_OBUF
    U17.PAD              Tioop                 2.982   seg_n<2>
                                                       seg_n_2_OBUF
                                                       seg_n<2>
    -------------------------------------------------  ---------------------------
    Total                                     10.582ns (4.853ns logic, 5.729ns route)
                                                       (45.9% logic, 54.1% route)

--------------------------------------------------------------------------------
Offset:                 14.545ns (clock path + data path + uncertainty)
  Source:               u/campaign/records_completed_5 (FF)
  Destination:          seg_n<2> (PAD)
  Source Clock:         clk_100mhz_BUFGP rising at 0.000ns
  Data Path Delay:      10.574ns (Levels of Logic = 6)
  Clock Path Delay:     3.946ns (Levels of Logic = 2)
  Clock Uncertainty:    0.025ns

  Clock Uncertainty:          0.025ns  ((TSJ^2 + TIJ^2)^1/2 + DJ) / 2 + PE
    Total System Jitter (TSJ):  0.050ns
    Total Input Jitter (TIJ):   0.000ns
    Discrete Jitter (DJ):       0.000ns
    Phase Error (PE):           0.000ns

  Maximum Clock Path at Slow Process Corner: clk_100mhz to u/campaign/records_completed_5
    Location             Delay type         Delay(ns)  Physical Resource
                                                       Logical Resource(s)
    -------------------------------------------------  -------------------
    V10.I                Tiopi                 1.557   clk_100mhz
                                                       clk_100mhz
                                                       clk_100mhz_BUFGP/IBUFG
                                                       ProtoComp138.IMUX
    BUFGMUX_X3Y13.I0     net (fanout=1)        1.050   clk_100mhz_BUFGP/IBUFG
    BUFGMUX_X3Y13.O      Tgi0o                 0.209   clk_100mhz_BUFGP/BUFG
                                                       clk_100mhz_BUFGP/BUFG
    SLICE_X35Y11.CLK     net (fanout=284)      1.130   clk_100mhz_BUFGP
    -------------------------------------------------  ---------------------------
    Total                                      3.946ns (1.766ns logic, 2.180ns route)
                                                       (44.8% logic, 55.2% route)

  Maximum Data Path at Slow Process Corner: u/campaign/records_completed_5 to seg_n<2>
    Location             Delay type         Delay(ns)  Physical Resource
                                                       Logical Resource(s)
    -------------------------------------------------  -------------------
    SLICE_X35Y11.CQ      Tcko                  0.430   u/records_completed<5>
                                                       u/campaign/records_completed_5
    SLICE_X35Y10.A1      net (fanout=7)        0.960   u/records_completed<5>
    SLICE_X35Y10.AMUX    Tilo                  0.337   u/ones<2>
                                                       u/records_completed[6]_PWR_2_o_mod_0/Mmux_a[5]_a[6]_MUX_92_o11
    SLICE_X35Y10.B4      net (fanout=2)        0.361   u/records_completed[6]_PWR_2_o_mod_0/a[5]_a[6]_MUX_92_o
    SLICE_X35Y10.BMUX    Tilo                  0.337   u/ones<2>
                                                       u/records_completed[6]_PWR_2_o_mod_0/Mmux_a[0]_a[6]_MUX_104_o121
    SLICE_X34Y10.B3      net (fanout=2)        0.428   u/records_completed[6]_PWR_2_o_mod_0/a[2]_a[6]_MUX_102_o
    SLICE_X34Y10.B       Tilo                  0.254   u/records_completed[6]_PWR_2_o_mod_0/a[4]_a[6]_MUX_93_o
                                                       u/records_completed[6]_PWR_2_o_mod_0/Mmux_o21
    SLICE_X34Y8.A1       net (fanout=1)        0.781   u/ones<1>
    SLICE_X34Y8.A        Tilo                  0.254   seg_n_0_OBUF
                                                       u/Mmux_digit<1>11
    SLICE_X35Y7.B3       net (fanout=4)        0.769   u/digit<1>
    SLICE_X35Y7.BMUX     Tilo                  0.337   seg_n_5_OBUF
                                                       u/Mram_seg_n21
    U17.O                net (fanout=1)        2.344   seg_n_2_OBUF
    U17.PAD              Tioop                 2.982   seg_n<2>
                                                       seg_n_2_OBUF
                                                       seg_n<2>
    -------------------------------------------------  ---------------------------
    Total                                     10.574ns (4.931ns logic, 5.643ns route)
                                                       (46.6% logic, 53.4% route)

--------------------------------------------------------------------------------
Offset:                 14.531ns (clock path + data path + uncertainty)
  Source:               u/campaign/records_completed_6 (FF)
  Destination:          seg_n<2> (PAD)
  Source Clock:         clk_100mhz_BUFGP rising at 0.000ns
  Data Path Delay:      10.560ns (Levels of Logic = 6)
  Clock Path Delay:     3.946ns (Levels of Logic = 2)
  Clock Uncertainty:    0.025ns

  Clock Uncertainty:          0.025ns  ((TSJ^2 + TIJ^2)^1/2 + DJ) / 2 + PE
    Total System Jitter (TSJ):  0.050ns
    Total Input Jitter (TIJ):   0.000ns
    Discrete Jitter (DJ):       0.000ns
    Phase Error (PE):           0.000ns

  Maximum Clock Path at Slow Process Corner: clk_100mhz to u/campaign/records_completed_6
    Location             Delay type         Delay(ns)  Physical Resource
                                                       Logical Resource(s)
    -------------------------------------------------  -------------------
    V10.I                Tiopi                 1.557   clk_100mhz
                                                       clk_100mhz
                                                       clk_100mhz_BUFGP/IBUFG
                                                       ProtoComp138.IMUX
    BUFGMUX_X3Y13.I0     net (fanout=1)        1.050   clk_100mhz_BUFGP/IBUFG
    BUFGMUX_X3Y13.O      Tgi0o                 0.209   clk_100mhz_BUFGP/BUFG
                                                       clk_100mhz_BUFGP/BUFG
    SLICE_X34Y11.CLK     net (fanout=284)      1.130   clk_100mhz_BUFGP
    -------------------------------------------------  ---------------------------
    Total                                      3.946ns (1.766ns logic, 2.180ns route)
                                                       (44.8% logic, 55.2% route)

  Maximum Data Path at Slow Process Corner: u/campaign/records_completed_6 to seg_n<2>
    Location             Delay type         Delay(ns)  Physical Resource
                                                       Logical Resource(s)
    -------------------------------------------------  -------------------
    SLICE_X34Y11.AQ      Tcko                  0.525   u/records_completed<6>
                                                       u/campaign/records_completed_6
    SLICE_X34Y10.C1      net (fanout=6)        0.749   u/records_completed<6>
    SLICE_X34Y10.C       Tilo                  0.255   u/records_completed[6]_PWR_2_o_mod_0/a[4]_a[6]_MUX_93_o
                                                       u/records_completed[6]_PWR_2_o_mod_0/Mmux_a[4]_a[6]_MUX_93_o11
    SLICE_X34Y10.A1      net (fanout=2)        0.566   u/records_completed[6]_PWR_2_o_mod_0/a[4]_a[6]_MUX_93_o
    SLICE_X34Y10.A       Tilo                  0.254   u/records_completed[6]_PWR_2_o_mod_0/a[4]_a[6]_MUX_93_o
                                                       u/records_completed[6]_PWR_2_o_mod_0/BUS_0008_INV_67_o1_SW0
    SLICE_X35Y10.C3      net (fanout=2)        0.358   u/records_completed[6]_PWR_2_o_mod_0/N01
    SLICE_X35Y10.C       Tilo                  0.259   u/ones<2>
                                                       u/records_completed[6]_PWR_2_o_mod_0/Mmux_o31
    SLICE_X35Y8.A4       net (fanout=1)        0.513   u/ones<2>
    SLICE_X35Y8.A        Tilo                  0.259   u/digit<2>
                                                       u/Mmux_digit<2>11
    SLICE_X35Y7.B2       net (fanout=4)        1.159   u/digit<2>
    SLICE_X35Y7.BMUX     Tilo                  0.337   seg_n_5_OBUF
                                                       u/Mram_seg_n21
    U17.O                net (fanout=1)        2.344   seg_n_2_OBUF
    U17.PAD              Tioop                 2.982   seg_n<2>
                                                       seg_n_2_OBUF
                                                       seg_n<2>
    -------------------------------------------------  ---------------------------
    Total                                     10.560ns (4.871ns logic, 5.689ns route)
                                                       (46.1% logic, 53.9% route)

--------------------------------------------------------------------------------
Offset:                 14.506ns (clock path + data path + uncertainty)
  Source:               u/campaign/records_completed_5 (FF)
  Destination:          seg_n<2> (PAD)
  Source Clock:         clk_100mhz_BUFGP rising at 0.000ns
  Data Path Delay:      10.535ns (Levels of Logic = 6)
  Clock Path Delay:     3.946ns (Levels of Logic = 2)
  Clock Uncertainty:    0.025ns

  Clock Uncertainty:          0.025ns  ((TSJ^2 + TIJ^2)^1/2 + DJ) / 2 + PE
    Total System Jitter (TSJ):  0.050ns
    Total Input Jitter (TIJ):   0.000ns
    Discrete Jitter (DJ):       0.000ns
    Phase Error (PE):           0.000ns

  Maximum Clock Path at Slow Process Corner: clk_100mhz to u/campaign/records_completed_5
    Location             Delay type         Delay(ns)  Physical Resource
                                                       Logical Resource(s)
    -------------------------------------------------  -------------------
    V10.I                Tiopi                 1.557   clk_100mhz
                                                       clk_100mhz
                                                       clk_100mhz_BUFGP/IBUFG
                                                       ProtoComp138.IMUX
    BUFGMUX_X3Y13.I0     net (fanout=1)        1.050   clk_100mhz_BUFGP/IBUFG
    BUFGMUX_X3Y13.O      Tgi0o                 0.209   clk_100mhz_BUFGP/BUFG
                                                       clk_100mhz_BUFGP/BUFG
    SLICE_X35Y11.CLK     net (fanout=284)      1.130   clk_100mhz_BUFGP
    -------------------------------------------------  ---------------------------
    Total                                      3.946ns (1.766ns logic, 2.180ns route)
                                                       (44.8% logic, 55.2% route)

  Maximum Data Path at Slow Process Corner: u/campaign/records_completed_5 to seg_n<2>
    Location             Delay type         Delay(ns)  Physical Resource
                                                       Logical Resource(s)
    -------------------------------------------------  -------------------
    SLICE_X35Y11.CQ      Tcko                  0.430   u/records_completed<5>
                                                       u/campaign/records_completed_5
    SLICE_X35Y10.A1      net (fanout=7)        0.960   u/records_completed<5>
    SLICE_X35Y10.A       Tilo                  0.259   u/ones<2>
                                                       u/records_completed[6]_PWR_2_o_mod_0/Mmux_a[0]_a[6]_MUX_97_o131
    SLICE_X35Y10.B5      net (fanout=2)        0.447   u/records_completed[6]_PWR_2_o_mod_0/a[3]_a[6]_MUX_94_o
    SLICE_X35Y10.B       Tilo                  0.259   u/ones<2>
                                                       u/records_completed[6]_PWR_2_o_mod_0/Mmux_a[0]_a[6]_MUX_104_o131
    SLICE_X35Y10.C4      net (fanout=2)        0.327   u/records_completed[6]_PWR_2_o_mod_0/a[3]_a[6]_MUX_101_o
    SLICE_X35Y10.C       Tilo                  0.259   u/ones<2>
                                                       u/records_completed[6]_PWR_2_o_mod_0/Mmux_o31
    SLICE_X35Y8.A4       net (fanout=1)        0.513   u/ones<2>
    SLICE_X35Y8.A        Tilo                  0.259   u/digit<2>
                                                       u/Mmux_digit<2>11
    SLICE_X35Y7.B2       net (fanout=4)        1.159   u/digit<2>
    SLICE_X35Y7.BMUX     Tilo                  0.337   seg_n_5_OBUF
                                                       u/Mram_seg_n21
    U17.O                net (fanout=1)        2.344   seg_n_2_OBUF
    U17.PAD              Tioop                 2.982   seg_n<2>
                                                       seg_n_2_OBUF
                                                       seg_n<2>
    -------------------------------------------------  ---------------------------
    Total                                     10.535ns (4.785ns logic, 5.750ns route)
                                                       (45.4% logic, 54.6% route)

--------------------------------------------------------------------------------
Offset:                 14.504ns (clock path + data path + uncertainty)
  Source:               u/campaign/records_completed_6 (FF)
  Destination:          seg_n<2> (PAD)
  Source Clock:         clk_100mhz_BUFGP rising at 0.000ns
  Data Path Delay:      10.533ns (Levels of Logic = 6)
  Clock Path Delay:     3.946ns (Levels of Logic = 2)
  Clock Uncertainty:    0.025ns

  Clock Uncertainty:          0.025ns  ((TSJ^2 + TIJ^2)^1/2 + DJ) / 2 + PE
    Total System Jitter (TSJ):  0.050ns
    Total Input Jitter (TIJ):   0.000ns
    Discrete Jitter (DJ):       0.000ns
    Phase Error (PE):           0.000ns

  Maximum Clock Path at Slow Process Corner: clk_100mhz to u/campaign/records_completed_6
    Location             Delay type         Delay(ns)  Physical Resource
                                                       Logical Resource(s)
    -------------------------------------------------  -------------------
    V10.I                Tiopi                 1.557   clk_100mhz
                                                       clk_100mhz
                                                       clk_100mhz_BUFGP/IBUFG
                                                       ProtoComp138.IMUX
    BUFGMUX_X3Y13.I0     net (fanout=1)        1.050   clk_100mhz_BUFGP/IBUFG
    BUFGMUX_X3Y13.O      Tgi0o                 0.209   clk_100mhz_BUFGP/BUFG
                                                       clk_100mhz_BUFGP/BUFG
    SLICE_X34Y11.CLK     net (fanout=284)      1.130   clk_100mhz_BUFGP
    -------------------------------------------------  ---------------------------
    Total                                      3.946ns (1.766ns logic, 2.180ns route)
                                                       (44.8% logic, 55.2% route)

  Maximum Data Path at Slow Process Corner: u/campaign/records_completed_6 to seg_n<2>
    Location             Delay type         Delay(ns)  Physical Resource
                                                       Logical Resource(s)
    -------------------------------------------------  -------------------
    SLICE_X34Y11.AQ      Tcko                  0.525   u/records_completed<6>
                                                       u/campaign/records_completed_6
    SLICE_X34Y10.C1      net (fanout=6)        0.749   u/records_completed<6>
    SLICE_X34Y10.C       Tilo                  0.255   u/records_completed[6]_PWR_2_o_mod_0/a[4]_a[6]_MUX_93_o
                                                       u/records_completed[6]_PWR_2_o_mod_0/Mmux_a[4]_a[6]_MUX_93_o11
    SLICE_X35Y10.B1      net (fanout=2)        0.654   u/records_completed[6]_PWR_2_o_mod_0/a[4]_a[6]_MUX_93_o
    SLICE_X35Y10.BMUX    Tilo                  0.337   u/ones<2>
                                                       u/records_completed[6]_PWR_2_o_mod_0/Mmux_a[0]_a[6]_MUX_104_o121
    SLICE_X34Y10.B3      net (fanout=2)        0.428   u/records_completed[6]_PWR_2_o_mod_0/a[2]_a[6]_MUX_102_o
    SLICE_X34Y10.BMUX    Tilo                  0.326   u/records_completed[6]_PWR_2_o_mod_0/a[4]_a[6]_MUX_93_o
                                                       u/records_completed[6]_PWR_2_o_mod_0/Mmux_o41
    SLICE_X34Y7.A3       net (fanout=1)        0.814   u/ones<3>
    SLICE_X34Y7.A        Tilo                  0.254   seg_n_4_OBUF
                                                       u/Mmux_digit<3>11
    SLICE_X35Y7.B1       net (fanout=4)        0.528   u/digit<3>
    SLICE_X35Y7.BMUX     Tilo                  0.337   seg_n_5_OBUF
                                                       u/Mram_seg_n21
    U17.O                net (fanout=1)        2.344   seg_n_2_OBUF
    U17.PAD              Tioop                 2.982   seg_n<2>
                                                       seg_n_2_OBUF
                                                       seg_n<2>
    -------------------------------------------------  ---------------------------
    Total                                     10.533ns (5.016ns logic, 5.517ns route)
                                                       (47.6% logic, 52.4% route)

--------------------------------------------------------------------------------
Offset:                 14.498ns (clock path + data path + uncertainty)
  Source:               u/campaign/records_completed_5 (FF)
  Destination:          seg_n<2> (PAD)
  Source Clock:         clk_100mhz_BUFGP rising at 0.000ns
  Data Path Delay:      10.527ns (Levels of Logic = 6)
  Clock Path Delay:     3.946ns (Levels of Logic = 2)
  Clock Uncertainty:    0.025ns

  Clock Uncertainty:          0.025ns  ((TSJ^2 + TIJ^2)^1/2 + DJ) / 2 + PE
    Total System Jitter (TSJ):  0.050ns
    Total Input Jitter (TIJ):   0.000ns
    Discrete Jitter (DJ):       0.000ns
    Phase Error (PE):           0.000ns

  Maximum Clock Path at Slow Process Corner: clk_100mhz to u/campaign/records_completed_5
    Location             Delay type         Delay(ns)  Physical Resource
                                                       Logical Resource(s)
    -------------------------------------------------  -------------------
    V10.I                Tiopi                 1.557   clk_100mhz
                                                       clk_100mhz
                                                       clk_100mhz_BUFGP/IBUFG
                                                       ProtoComp138.IMUX
    BUFGMUX_X3Y13.I0     net (fanout=1)        1.050   clk_100mhz_BUFGP/IBUFG
    BUFGMUX_X3Y13.O      Tgi0o                 0.209   clk_100mhz_BUFGP/BUFG
                                                       clk_100mhz_BUFGP/BUFG
    SLICE_X35Y11.CLK     net (fanout=284)      1.130   clk_100mhz_BUFGP
    -------------------------------------------------  ---------------------------
    Total                                      3.946ns (1.766ns logic, 2.180ns route)
                                                       (44.8% logic, 55.2% route)

  Maximum Data Path at Slow Process Corner: u/campaign/records_completed_5 to seg_n<2>
    Location             Delay type         Delay(ns)  Physical Resource
                                                       Logical Resource(s)
    -------------------------------------------------  -------------------
    SLICE_X35Y11.CQ      Tcko                  0.430   u/records_completed<5>
                                                       u/campaign/records_completed_5
    SLICE_X35Y10.A1      net (fanout=7)        0.960   u/records_completed<5>
    SLICE_X35Y10.AMUX    Tilo                  0.337   u/ones<2>
                                                       u/records_completed[6]_PWR_2_o_mod_0/Mmux_a[5]_a[6]_MUX_92_o11
    SLICE_X35Y10.B4      net (fanout=2)        0.361   u/records_completed[6]_PWR_2_o_mod_0/a[5]_a[6]_MUX_92_o
    SLICE_X35Y10.B       Tilo                  0.259   u/ones<2>
                                                       u/records_completed[6]_PWR_2_o_mod_0/Mmux_a[0]_a[6]_MUX_104_o131
    SLICE_X35Y10.C4      net (fanout=2)        0.327   u/records_completed[6]_PWR_2_o_mod_0/a[3]_a[6]_MUX_101_o
    SLICE_X35Y10.C       Tilo                  0.259   u/ones<2>
                                                       u/records_completed[6]_PWR_2_o_mod_0/Mmux_o31
    SLICE_X35Y8.A4       net (fanout=1)        0.513   u/ones<2>
    SLICE_X35Y8.A        Tilo                  0.259   u/digit<2>
                                                       u/Mmux_digit<2>11
    SLICE_X35Y7.B2       net (fanout=4)        1.159   u/digit<2>
    SLICE_X35Y7.BMUX     Tilo                  0.337   seg_n_5_OBUF
                                                       u/Mram_seg_n21
    U17.O                net (fanout=1)        2.344   seg_n_2_OBUF
    U17.PAD              Tioop                 2.982   seg_n<2>
                                                       seg_n_2_OBUF
                                                       seg_n<2>
    -------------------------------------------------  ---------------------------
    Total                                     10.527ns (4.863ns logic, 5.664ns route)
                                                       (46.2% logic, 53.8% route)

--------------------------------------------------------------------------------

Paths for end point seg_n<1> (T18.PAD), 171 paths
--------------------------------------------------------------------------------
Offset:                 14.488ns (clock path + data path + uncertainty)
  Source:               u/campaign/records_completed_6 (FF)
  Destination:          seg_n<1> (PAD)
  Source Clock:         clk_100mhz_BUFGP rising at 0.000ns
  Data Path Delay:      10.517ns (Levels of Logic = 6)
  Clock Path Delay:     3.946ns (Levels of Logic = 2)
  Clock Uncertainty:    0.025ns

  Clock Uncertainty:          0.025ns  ((TSJ^2 + TIJ^2)^1/2 + DJ) / 2 + PE
    Total System Jitter (TSJ):  0.050ns
    Total Input Jitter (TIJ):   0.000ns
    Discrete Jitter (DJ):       0.000ns
    Phase Error (PE):           0.000ns

  Maximum Clock Path at Slow Process Corner: clk_100mhz to u/campaign/records_completed_6
    Location             Delay type         Delay(ns)  Physical Resource
                                                       Logical Resource(s)
    -------------------------------------------------  -------------------
    V10.I                Tiopi                 1.557   clk_100mhz
                                                       clk_100mhz
                                                       clk_100mhz_BUFGP/IBUFG
                                                       ProtoComp138.IMUX
    BUFGMUX_X3Y13.I0     net (fanout=1)        1.050   clk_100mhz_BUFGP/IBUFG
    BUFGMUX_X3Y13.O      Tgi0o                 0.209   clk_100mhz_BUFGP/BUFG
                                                       clk_100mhz_BUFGP/BUFG
    SLICE_X34Y11.CLK     net (fanout=284)      1.130   clk_100mhz_BUFGP
    -------------------------------------------------  ---------------------------
    Total                                      3.946ns (1.766ns logic, 2.180ns route)
                                                       (44.8% logic, 55.2% route)

  Maximum Data Path at Slow Process Corner: u/campaign/records_completed_6 to seg_n<1>
    Location             Delay type         Delay(ns)  Physical Resource
                                                       Logical Resource(s)
    -------------------------------------------------  -------------------
    SLICE_X34Y11.AQ      Tcko                  0.525   u/records_completed<6>
                                                       u/campaign/records_completed_6
    SLICE_X34Y10.C1      net (fanout=6)        0.749   u/records_completed<6>
    SLICE_X34Y10.C       Tilo                  0.255   u/records_completed[6]_PWR_2_o_mod_0/a[4]_a[6]_MUX_93_o
                                                       u/records_completed[6]_PWR_2_o_mod_0/Mmux_a[4]_a[6]_MUX_93_o11
    SLICE_X35Y10.B1      net (fanout=2)        0.654   u/records_completed[6]_PWR_2_o_mod_0/a[4]_a[6]_MUX_93_o
    SLICE_X35Y10.BMUX    Tilo                  0.337   u/ones<2>
                                                       u/records_completed[6]_PWR_2_o_mod_0/Mmux_a[0]_a[6]_MUX_104_o121
    SLICE_X34Y10.B3      net (fanout=2)        0.428   u/records_completed[6]_PWR_2_o_mod_0/a[2]_a[6]_MUX_102_o
    SLICE_X34Y10.BMUX    Tilo                  0.326   u/records_completed[6]_PWR_2_o_mod_0/a[4]_a[6]_MUX_93_o
                                                       u/records_completed[6]_PWR_2_o_mod_0/Mmux_o41
    SLICE_X34Y7.A3       net (fanout=1)        0.814   u/ones<3>
    SLICE_X34Y7.A        Tilo                  0.254   seg_n_4_OBUF
                                                       u/Mmux_digit<3>11
    SLICE_X34Y8.B5       net (fanout=4)        0.574   u/digit<3>
    SLICE_X34Y8.BMUX     Tilo                  0.326   seg_n_0_OBUF
                                                       u/Mram_seg_n111
    T18.O                net (fanout=1)        2.293   seg_n_1_OBUF
    T18.PAD              Tioop                 2.982   seg_n<1>
                                                       seg_n_1_OBUF
                                                       seg_n<1>
    -------------------------------------------------  ---------------------------
    Total                                     10.517ns (5.005ns logic, 5.512ns route)
                                                       (47.6% logic, 52.4% route)

--------------------------------------------------------------------------------
Offset:                 14.424ns (clock path + data path + uncertainty)
  Source:               u/campaign/records_completed_5 (FF)
  Destination:          seg_n<1> (PAD)
  Source Clock:         clk_100mhz_BUFGP rising at 0.000ns
  Data Path Delay:      10.453ns (Levels of Logic = 6)
  Clock Path Delay:     3.946ns (Levels of Logic = 2)
  Clock Uncertainty:    0.025ns

  Clock Uncertainty:          0.025ns  ((TSJ^2 + TIJ^2)^1/2 + DJ) / 2 + PE
    Total System Jitter (TSJ):  0.050ns
    Total Input Jitter (TIJ):   0.000ns
    Discrete Jitter (DJ):       0.000ns
    Phase Error (PE):           0.000ns

  Maximum Clock Path at Slow Process Corner: clk_100mhz to u/campaign/records_completed_5
    Location             Delay type         Delay(ns)  Physical Resource
                                                       Logical Resource(s)
    -------------------------------------------------  -------------------
    V10.I                Tiopi                 1.557   clk_100mhz
                                                       clk_100mhz
                                                       clk_100mhz_BUFGP/IBUFG
                                                       ProtoComp138.IMUX
    BUFGMUX_X3Y13.I0     net (fanout=1)        1.050   clk_100mhz_BUFGP/IBUFG
    BUFGMUX_X3Y13.O      Tgi0o                 0.209   clk_100mhz_BUFGP/BUFG
                                                       clk_100mhz_BUFGP/BUFG
    SLICE_X35Y11.CLK     net (fanout=284)      1.130   clk_100mhz_BUFGP
    -------------------------------------------------  ---------------------------
    Total                                      3.946ns (1.766ns logic, 2.180ns route)
                                                       (44.8% logic, 55.2% route)

  Maximum Data Path at Slow Process Corner: u/campaign/records_completed_5 to seg_n<1>
    Location             Delay type         Delay(ns)  Physical Resource
                                                       Logical Resource(s)
    -------------------------------------------------  -------------------
    SLICE_X35Y11.CQ      Tcko                  0.430   u/records_completed<5>
                                                       u/campaign/records_completed_5
    SLICE_X35Y10.A1      net (fanout=7)        0.960   u/records_completed<5>
    SLICE_X35Y10.AMUX    Tilo                  0.337   u/ones<2>
                                                       u/records_completed[6]_PWR_2_o_mod_0/Mmux_a[5]_a[6]_MUX_92_o11
    SLICE_X34Y10.A5      net (fanout=2)        0.461   u/records_completed[6]_PWR_2_o_mod_0/a[5]_a[6]_MUX_92_o
    SLICE_X34Y10.A       Tilo                  0.254   u/records_completed[6]_PWR_2_o_mod_0/a[4]_a[6]_MUX_93_o
                                                       u/records_completed[6]_PWR_2_o_mod_0/BUS_0008_INV_67_o1_SW0
    SLICE_X34Y10.B4      net (fanout=2)        0.442   u/records_completed[6]_PWR_2_o_mod_0/N01
    SLICE_X34Y10.BMUX    Tilo                  0.326   u/records_completed[6]_PWR_2_o_mod_0/a[4]_a[6]_MUX_93_o
                                                       u/records_completed[6]_PWR_2_o_mod_0/Mmux_o41
    SLICE_X34Y7.A3       net (fanout=1)        0.814   u/ones<3>
    SLICE_X34Y7.A        Tilo                  0.254   seg_n_4_OBUF
                                                       u/Mmux_digit<3>11
    SLICE_X34Y8.B5       net (fanout=4)        0.574   u/digit<3>
    SLICE_X34Y8.BMUX     Tilo                  0.326   seg_n_0_OBUF
                                                       u/Mram_seg_n111
    T18.O                net (fanout=1)        2.293   seg_n_1_OBUF
    T18.PAD              Tioop                 2.982   seg_n<1>
                                                       seg_n_1_OBUF
                                                       seg_n<1>
    -------------------------------------------------  ---------------------------
    Total                                     10.453ns (4.909ns logic, 5.544ns route)
                                                       (47.0% logic, 53.0% route)

--------------------------------------------------------------------------------
Offset:                 14.401ns (clock path + data path + uncertainty)
  Source:               u/campaign/records_completed_5 (FF)
  Destination:          seg_n<1> (PAD)
  Source Clock:         clk_100mhz_BUFGP rising at 0.000ns
  Data Path Delay:      10.430ns (Levels of Logic = 6)
  Clock Path Delay:     3.946ns (Levels of Logic = 2)
  Clock Uncertainty:    0.025ns

  Clock Uncertainty:          0.025ns  ((TSJ^2 + TIJ^2)^1/2 + DJ) / 2 + PE
    Total System Jitter (TSJ):  0.050ns
    Total Input Jitter (TIJ):   0.000ns
    Discrete Jitter (DJ):       0.000ns
    Phase Error (PE):           0.000ns

  Maximum Clock Path at Slow Process Corner: clk_100mhz to u/campaign/records_completed_5
    Location             Delay type         Delay(ns)  Physical Resource
                                                       Logical Resource(s)
    -------------------------------------------------  -------------------
    V10.I                Tiopi                 1.557   clk_100mhz
                                                       clk_100mhz
                                                       clk_100mhz_BUFGP/IBUFG
                                                       ProtoComp138.IMUX
    BUFGMUX_X3Y13.I0     net (fanout=1)        1.050   clk_100mhz_BUFGP/IBUFG
    BUFGMUX_X3Y13.O      Tgi0o                 0.209   clk_100mhz_BUFGP/BUFG
                                                       clk_100mhz_BUFGP/BUFG
    SLICE_X35Y11.CLK     net (fanout=284)      1.130   clk_100mhz_BUFGP
    -------------------------------------------------  ---------------------------
    Total                                      3.946ns (1.766ns logic, 2.180ns route)
                                                       (44.8% logic, 55.2% route)

  Maximum Data Path at Slow Process Corner: u/campaign/records_completed_5 to seg_n<1>
    Location             Delay type         Delay(ns)  Physical Resource
                                                       Logical Resource(s)
    -------------------------------------------------  -------------------
    SLICE_X35Y11.CQ      Tcko                  0.430   u/records_completed<5>
                                                       u/campaign/records_completed_5
    SLICE_X35Y10.A1      net (fanout=7)        0.960   u/records_completed<5>
    SLICE_X35Y10.A       Tilo                  0.259   u/ones<2>
                                                       u/records_completed[6]_PWR_2_o_mod_0/Mmux_a[0]_a[6]_MUX_97_o131
    SLICE_X35Y10.B5      net (fanout=2)        0.447   u/records_completed[6]_PWR_2_o_mod_0/a[3]_a[6]_MUX_94_o
    SLICE_X35Y10.BMUX    Tilo                  0.337   u/ones<2>
                                                       u/records_completed[6]_PWR_2_o_mod_0/Mmux_a[0]_a[6]_MUX_104_o121
    SLICE_X34Y10.B3      net (fanout=2)        0.428   u/records_completed[6]_PWR_2_o_mod_0/a[2]_a[6]_MUX_102_o
    SLICE_X34Y10.BMUX    Tilo                  0.326   u/records_completed[6]_PWR_2_o_mod_0/a[4]_a[6]_MUX_93_o
                                                       u/records_completed[6]_PWR_2_o_mod_0/Mmux_o41
    SLICE_X34Y7.A3       net (fanout=1)        0.814   u/ones<3>
    SLICE_X34Y7.A        Tilo                  0.254   seg_n_4_OBUF
                                                       u/Mmux_digit<3>11
    SLICE_X34Y8.B5       net (fanout=4)        0.574   u/digit<3>
    SLICE_X34Y8.BMUX     Tilo                  0.326   seg_n_0_OBUF
                                                       u/Mram_seg_n111
    T18.O                net (fanout=1)        2.293   seg_n_1_OBUF
    T18.PAD              Tioop                 2.982   seg_n<1>
                                                       seg_n_1_OBUF
                                                       seg_n<1>
    -------------------------------------------------  ---------------------------
    Total                                     10.430ns (4.914ns logic, 5.516ns route)
                                                       (47.1% logic, 52.9% route)

--------------------------------------------------------------------------------
Offset:                 14.393ns (clock path + data path + uncertainty)
  Source:               u/campaign/records_completed_5 (FF)
  Destination:          seg_n<1> (PAD)
  Source Clock:         clk_100mhz_BUFGP rising at 0.000ns
  Data Path Delay:      10.422ns (Levels of Logic = 6)
  Clock Path Delay:     3.946ns (Levels of Logic = 2)
  Clock Uncertainty:    0.025ns

  Clock Uncertainty:          0.025ns  ((TSJ^2 + TIJ^2)^1/2 + DJ) / 2 + PE
    Total System Jitter (TSJ):  0.050ns
    Total Input Jitter (TIJ):   0.000ns
    Discrete Jitter (DJ):       0.000ns
    Phase Error (PE):           0.000ns

  Maximum Clock Path at Slow Process Corner: clk_100mhz to u/campaign/records_completed_5
    Location             Delay type         Delay(ns)  Physical Resource
                                                       Logical Resource(s)
    -------------------------------------------------  -------------------
    V10.I                Tiopi                 1.557   clk_100mhz
                                                       clk_100mhz
                                                       clk_100mhz_BUFGP/IBUFG
                                                       ProtoComp138.IMUX
    BUFGMUX_X3Y13.I0     net (fanout=1)        1.050   clk_100mhz_BUFGP/IBUFG
    BUFGMUX_X3Y13.O      Tgi0o                 0.209   clk_100mhz_BUFGP/BUFG
                                                       clk_100mhz_BUFGP/BUFG
    SLICE_X35Y11.CLK     net (fanout=284)      1.130   clk_100mhz_BUFGP
    -------------------------------------------------  ---------------------------
    Total                                      3.946ns (1.766ns logic, 2.180ns route)
                                                       (44.8% logic, 55.2% route)

  Maximum Data Path at Slow Process Corner: u/campaign/records_completed_5 to seg_n<1>
    Location             Delay type         Delay(ns)  Physical Resource
                                                       Logical Resource(s)
    -------------------------------------------------  -------------------
    SLICE_X35Y11.CQ      Tcko                  0.430   u/records_completed<5>
                                                       u/campaign/records_completed_5
    SLICE_X35Y10.A1      net (fanout=7)        0.960   u/records_completed<5>
    SLICE_X35Y10.AMUX    Tilo                  0.337   u/ones<2>
                                                       u/records_completed[6]_PWR_2_o_mod_0/Mmux_a[5]_a[6]_MUX_92_o11
    SLICE_X35Y10.B4      net (fanout=2)        0.361   u/records_completed[6]_PWR_2_o_mod_0/a[5]_a[6]_MUX_92_o
    SLICE_X35Y10.BMUX    Tilo                  0.337   u/ones<2>
                                                       u/records_completed[6]_PWR_2_o_mod_0/Mmux_a[0]_a[6]_MUX_104_o121
    SLICE_X34Y10.B3      net (fanout=2)        0.428   u/records_completed[6]_PWR_2_o_mod_0/a[2]_a[6]_MUX_102_o
    SLICE_X34Y10.BMUX    Tilo                  0.326   u/records_completed[6]_PWR_2_o_mod_0/a[4]_a[6]_MUX_93_o
                                                       u/records_completed[6]_PWR_2_o_mod_0/Mmux_o41
    SLICE_X34Y7.A3       net (fanout=1)        0.814   u/ones<3>
    SLICE_X34Y7.A        Tilo                  0.254   seg_n_4_OBUF
                                                       u/Mmux_digit<3>11
    SLICE_X34Y8.B5       net (fanout=4)        0.574   u/digit<3>
    SLICE_X34Y8.BMUX     Tilo                  0.326   seg_n_0_OBUF
                                                       u/Mram_seg_n111
    T18.O                net (fanout=1)        2.293   seg_n_1_OBUF
    T18.PAD              Tioop                 2.982   seg_n<1>
                                                       seg_n_1_OBUF
                                                       seg_n<1>
    -------------------------------------------------  ---------------------------
    Total                                     10.422ns (4.992ns logic, 5.430ns route)
                                                       (47.9% logic, 52.1% route)

--------------------------------------------------------------------------------
Offset:                 14.335ns (clock path + data path + uncertainty)
  Source:               u/campaign/records_completed_3 (FF)
  Destination:          seg_n<1> (PAD)
  Source Clock:         clk_100mhz_BUFGP rising at 0.000ns
  Data Path Delay:      10.364ns (Levels of Logic = 6)
  Clock Path Delay:     3.946ns (Levels of Logic = 2)
  Clock Uncertainty:    0.025ns

  Clock Uncertainty:          0.025ns  ((TSJ^2 + TIJ^2)^1/2 + DJ) / 2 + PE
    Total System Jitter (TSJ):  0.050ns
    Total Input Jitter (TIJ):   0.000ns
    Discrete Jitter (DJ):       0.000ns
    Phase Error (PE):           0.000ns

  Maximum Clock Path at Slow Process Corner: clk_100mhz to u/campaign/records_completed_3
    Location             Delay type         Delay(ns)  Physical Resource
                                                       Logical Resource(s)
    -------------------------------------------------  -------------------
    V10.I                Tiopi                 1.557   clk_100mhz
                                                       clk_100mhz
                                                       clk_100mhz_BUFGP/IBUFG
                                                       ProtoComp138.IMUX
    BUFGMUX_X3Y13.I0     net (fanout=1)        1.050   clk_100mhz_BUFGP/IBUFG
    BUFGMUX_X3Y13.O      Tgi0o                 0.209   clk_100mhz_BUFGP/BUFG
                                                       clk_100mhz_BUFGP/BUFG
    SLICE_X35Y11.CLK     net (fanout=284)      1.130   clk_100mhz_BUFGP
    -------------------------------------------------  ---------------------------
    Total                                      3.946ns (1.766ns logic, 2.180ns route)
                                                       (44.8% logic, 55.2% route)

  Maximum Data Path at Slow Process Corner: u/campaign/records_completed_3 to seg_n<1>
    Location             Delay type         Delay(ns)  Physical Resource
                                                       Logical Resource(s)
    -------------------------------------------------  -------------------
    SLICE_X35Y11.BMUX    Tshcko                0.518   u/records_completed<5>
                                                       u/campaign/records_completed_3
    SLICE_X34Y10.C3      net (fanout=7)        0.603   u/records_completed<3>
    SLICE_X34Y10.C       Tilo                  0.255   u/records_completed[6]_PWR_2_o_mod_0/a[4]_a[6]_MUX_93_o
                                                       u/records_completed[6]_PWR_2_o_mod_0/Mmux_a[4]_a[6]_MUX_93_o11
    SLICE_X35Y10.B1      net (fanout=2)        0.654   u/records_completed[6]_PWR_2_o_mod_0/a[4]_a[6]_MUX_93_o
    SLICE_X35Y10.BMUX    Tilo                  0.337   u/ones<2>
                                                       u/records_completed[6]_PWR_2_o_mod_0/Mmux_a[0]_a[6]_MUX_104_o121
    SLICE_X34Y10.B3      net (fanout=2)        0.428   u/records_completed[6]_PWR_2_o_mod_0/a[2]_a[6]_MUX_102_o
    SLICE_X34Y10.BMUX    Tilo                  0.326   u/records_completed[6]_PWR_2_o_mod_0/a[4]_a[6]_MUX_93_o
                                                       u/records_completed[6]_PWR_2_o_mod_0/Mmux_o41
    SLICE_X34Y7.A3       net (fanout=1)        0.814   u/ones<3>
    SLICE_X34Y7.A        Tilo                  0.254   seg_n_4_OBUF
                                                       u/Mmux_digit<3>11
    SLICE_X34Y8.B5       net (fanout=4)        0.574   u/digit<3>
    SLICE_X34Y8.BMUX     Tilo                  0.326   seg_n_0_OBUF
                                                       u/Mram_seg_n111
    T18.O                net (fanout=1)        2.293   seg_n_1_OBUF
    T18.PAD              Tioop                 2.982   seg_n<1>
                                                       seg_n_1_OBUF
                                                       seg_n<1>
    -------------------------------------------------  ---------------------------
    Total                                     10.364ns (4.998ns logic, 5.366ns route)
                                                       (48.2% logic, 51.8% route)

--------------------------------------------------------------------------------
Offset:                 14.331ns (clock path + data path + uncertainty)
  Source:               u/campaign/records_completed_6 (FF)
  Destination:          seg_n<1> (PAD)
  Source Clock:         clk_100mhz_BUFGP rising at 0.000ns
  Data Path Delay:      10.360ns (Levels of Logic = 6)
  Clock Path Delay:     3.946ns (Levels of Logic = 2)
  Clock Uncertainty:    0.025ns

  Clock Uncertainty:          0.025ns  ((TSJ^2 + TIJ^2)^1/2 + DJ) / 2 + PE
    Total System Jitter (TSJ):  0.050ns
    Total Input Jitter (TIJ):   0.000ns
    Discrete Jitter (DJ):       0.000ns
    Phase Error (PE):           0.000ns

  Maximum Clock Path at Slow Process Corner: clk_100mhz to u/campaign/records_completed_6
    Location             Delay type         Delay(ns)  Physical Resource
                                                       Logical Resource(s)
    -------------------------------------------------  -------------------
    V10.I                Tiopi                 1.557   clk_100mhz
                                                       clk_100mhz
                                                       clk_100mhz_BUFGP/IBUFG
                                                       ProtoComp138.IMUX
    BUFGMUX_X3Y13.I0     net (fanout=1)        1.050   clk_100mhz_BUFGP/IBUFG
    BUFGMUX_X3Y13.O      Tgi0o                 0.209   clk_100mhz_BUFGP/BUFG
                                                       clk_100mhz_BUFGP/BUFG
    SLICE_X34Y11.CLK     net (fanout=284)      1.130   clk_100mhz_BUFGP
    -------------------------------------------------  ---------------------------
    Total                                      3.946ns (1.766ns logic, 2.180ns route)
                                                       (44.8% logic, 55.2% route)

  Maximum Data Path at Slow Process Corner: u/campaign/records_completed_6 to seg_n<1>
    Location             Delay type         Delay(ns)  Physical Resource
                                                       Logical Resource(s)
    -------------------------------------------------  -------------------
    SLICE_X34Y11.AQ      Tcko                  0.525   u/records_completed<6>
                                                       u/campaign/records_completed_6
    SLICE_X34Y10.C1      net (fanout=6)        0.749   u/records_completed<6>
    SLICE_X34Y10.C       Tilo                  0.255   u/records_completed[6]_PWR_2_o_mod_0/a[4]_a[6]_MUX_93_o
                                                       u/records_completed[6]_PWR_2_o_mod_0/Mmux_a[4]_a[6]_MUX_93_o11
    SLICE_X34Y10.A1      net (fanout=2)        0.566   u/records_completed[6]_PWR_2_o_mod_0/a[4]_a[6]_MUX_93_o
    SLICE_X34Y10.A       Tilo                  0.254   u/records_completed[6]_PWR_2_o_mod_0/a[4]_a[6]_MUX_93_o
                                                       u/records_completed[6]_PWR_2_o_mod_0/BUS_0008_INV_67_o1_SW0
    SLICE_X34Y10.B4      net (fanout=2)        0.442   u/records_completed[6]_PWR_2_o_mod_0/N01
    SLICE_X34Y10.BMUX    Tilo                  0.326   u/records_completed[6]_PWR_2_o_mod_0/a[4]_a[6]_MUX_93_o
                                                       u/records_completed[6]_PWR_2_o_mod_0/Mmux_o41
    SLICE_X34Y7.A3       net (fanout=1)        0.814   u/ones<3>
    SLICE_X34Y7.A        Tilo                  0.254   seg_n_4_OBUF
                                                       u/Mmux_digit<3>11
    SLICE_X34Y8.B5       net (fanout=4)        0.574   u/digit<3>
    SLICE_X34Y8.BMUX     Tilo                  0.326   seg_n_0_OBUF
                                                       u/Mram_seg_n111
    T18.O                net (fanout=1)        2.293   seg_n_1_OBUF
    T18.PAD              Tioop                 2.982   seg_n<1>
                                                       seg_n_1_OBUF
                                                       seg_n<1>
    -------------------------------------------------  ---------------------------
    Total                                     10.360ns (4.922ns logic, 5.438ns route)
                                                       (47.5% logic, 52.5% route)

--------------------------------------------------------------------------------
Offset:                 14.278ns (clock path + data path + uncertainty)
  Source:               u/campaign/records_completed_5 (FF)
  Destination:          seg_n<1> (PAD)
  Source Clock:         clk_100mhz_BUFGP rising at 0.000ns
  Data Path Delay:      10.307ns (Levels of Logic = 6)
  Clock Path Delay:     3.946ns (Levels of Logic = 2)
  Clock Uncertainty:    0.025ns

  Clock Uncertainty:          0.025ns  ((TSJ^2 + TIJ^2)^1/2 + DJ) / 2 + PE
    Total System Jitter (TSJ):  0.050ns
    Total Input Jitter (TIJ):   0.000ns
    Discrete Jitter (DJ):       0.000ns
    Phase Error (PE):           0.000ns

  Maximum Clock Path at Slow Process Corner: clk_100mhz to u/campaign/records_completed_5
    Location             Delay type         Delay(ns)  Physical Resource
                                                       Logical Resource(s)
    -------------------------------------------------  -------------------
    V10.I                Tiopi                 1.557   clk_100mhz
                                                       clk_100mhz
                                                       clk_100mhz_BUFGP/IBUFG
                                                       ProtoComp138.IMUX
    BUFGMUX_X3Y13.I0     net (fanout=1)        1.050   clk_100mhz_BUFGP/IBUFG
    BUFGMUX_X3Y13.O      Tgi0o                 0.209   clk_100mhz_BUFGP/BUFG
                                                       clk_100mhz_BUFGP/BUFG
    SLICE_X35Y11.CLK     net (fanout=284)      1.130   clk_100mhz_BUFGP
    -------------------------------------------------  ---------------------------
    Total                                      3.946ns (1.766ns logic, 2.180ns route)
                                                       (44.8% logic, 55.2% route)

  Maximum Data Path at Slow Process Corner: u/campaign/records_completed_5 to seg_n<1>
    Location             Delay type         Delay(ns)  Physical Resource
                                                       Logical Resource(s)
    -------------------------------------------------  -------------------
    SLICE_X35Y11.CQ      Tcko                  0.430   u/records_completed<5>
                                                       u/campaign/records_completed_5
    SLICE_X34Y10.C5      net (fanout=7)        0.634   u/records_completed<5>
    SLICE_X34Y10.C       Tilo                  0.255   u/records_completed[6]_PWR_2_o_mod_0/a[4]_a[6]_MUX_93_o
                                                       u/records_completed[6]_PWR_2_o_mod_0/Mmux_a[4]_a[6]_MUX_93_o11
    SLICE_X35Y10.B1      net (fanout=2)        0.654   u/records_completed[6]_PWR_2_o_mod_0/a[4]_a[6]_MUX_93_o
    SLICE_X35Y10.BMUX    Tilo                  0.337   u/ones<2>
                                                       u/records_completed[6]_PWR_2_o_mod_0/Mmux_a[0]_a[6]_MUX_104_o121
    SLICE_X34Y10.B3      net (fanout=2)        0.428   u/records_completed[6]_PWR_2_o_mod_0/a[2]_a[6]_MUX_102_o
    SLICE_X34Y10.BMUX    Tilo                  0.326   u/records_completed[6]_PWR_2_o_mod_0/a[4]_a[6]_MUX_93_o
                                                       u/records_completed[6]_PWR_2_o_mod_0/Mmux_o41
    SLICE_X34Y7.A3       net (fanout=1)        0.814   u/ones<3>
    SLICE_X34Y7.A        Tilo                  0.254   seg_n_4_OBUF
                                                       u/Mmux_digit<3>11
    SLICE_X34Y8.B5       net (fanout=4)        0.574   u/digit<3>
    SLICE_X34Y8.BMUX     Tilo                  0.326   seg_n_0_OBUF
                                                       u/Mram_seg_n111
    T18.O                net (fanout=1)        2.293   seg_n_1_OBUF
    T18.PAD              Tioop                 2.982   seg_n<1>
                                                       seg_n_1_OBUF
                                                       seg_n<1>
    -------------------------------------------------  ---------------------------
    Total                                     10.307ns (4.910ns logic, 5.397ns route)
                                                       (47.6% logic, 52.4% route)

--------------------------------------------------------------------------------
Offset:                 14.271ns (clock path + data path + uncertainty)
  Source:               u/campaign/records_completed_6 (FF)
  Destination:          seg_n<1> (PAD)
  Source Clock:         clk_100mhz_BUFGP rising at 0.000ns
  Data Path Delay:      10.300ns (Levels of Logic = 6)
  Clock Path Delay:     3.946ns (Levels of Logic = 2)
  Clock Uncertainty:    0.025ns

  Clock Uncertainty:          0.025ns  ((TSJ^2 + TIJ^2)^1/2 + DJ) / 2 + PE
    Total System Jitter (TSJ):  0.050ns
    Total Input Jitter (TIJ):   0.000ns
    Discrete Jitter (DJ):       0.000ns
    Phase Error (PE):           0.000ns

  Maximum Clock Path at Slow Process Corner: clk_100mhz to u/campaign/records_completed_6
    Location             Delay type         Delay(ns)  Physical Resource
                                                       Logical Resource(s)
    -------------------------------------------------  -------------------
    V10.I                Tiopi                 1.557   clk_100mhz
                                                       clk_100mhz
                                                       clk_100mhz_BUFGP/IBUFG
                                                       ProtoComp138.IMUX
    BUFGMUX_X3Y13.I0     net (fanout=1)        1.050   clk_100mhz_BUFGP/IBUFG
    BUFGMUX_X3Y13.O      Tgi0o                 0.209   clk_100mhz_BUFGP/BUFG
                                                       clk_100mhz_BUFGP/BUFG
    SLICE_X34Y11.CLK     net (fanout=284)      1.130   clk_100mhz_BUFGP
    -------------------------------------------------  ---------------------------
    Total                                      3.946ns (1.766ns logic, 2.180ns route)
                                                       (44.8% logic, 55.2% route)

  Maximum Data Path at Slow Process Corner: u/campaign/records_completed_6 to seg_n<1>
    Location             Delay type         Delay(ns)  Physical Resource
                                                       Logical Resource(s)
    -------------------------------------------------  -------------------
    SLICE_X34Y11.AQ      Tcko                  0.525   u/records_completed<6>
                                                       u/campaign/records_completed_6
    SLICE_X35Y10.A4      net (fanout=6)        0.712   u/records_completed<6>
    SLICE_X35Y10.AMUX    Tilo                  0.337   u/ones<2>
                                                       u/records_completed[6]_PWR_2_o_mod_0/Mmux_a[5]_a[6]_MUX_92_o11
    SLICE_X34Y10.A5      net (fanout=2)        0.461   u/records_completed[6]_PWR_2_o_mod_0/a[5]_a[6]_MUX_92_o
    SLICE_X34Y10.A       Tilo                  0.254   u/records_completed[6]_PWR_2_o_mod_0/a[4]_a[6]_MUX_93_o
                                                       u/records_completed[6]_PWR_2_o_mod_0/BUS_0008_INV_67_o1_SW0
    SLICE_X34Y10.B4      net (fanout=2)        0.442   u/records_completed[6]_PWR_2_o_mod_0/N01
    SLICE_X34Y10.BMUX    Tilo                  0.326   u/records_completed[6]_PWR_2_o_mod_0/a[4]_a[6]_MUX_93_o
                                                       u/records_completed[6]_PWR_2_o_mod_0/Mmux_o41
    SLICE_X34Y7.A3       net (fanout=1)        0.814   u/ones<3>
    SLICE_X34Y7.A        Tilo                  0.254   seg_n_4_OBUF
                                                       u/Mmux_digit<3>11
    SLICE_X34Y8.B5       net (fanout=4)        0.574   u/digit<3>
    SLICE_X34Y8.BMUX     Tilo                  0.326   seg_n_0_OBUF
                                                       u/Mram_seg_n111
    T18.O                net (fanout=1)        2.293   seg_n_1_OBUF
    T18.PAD              Tioop                 2.982   seg_n<1>
                                                       seg_n_1_OBUF
                                                       seg_n<1>
    -------------------------------------------------  ---------------------------
    Total                                     10.300ns (5.004ns logic, 5.296ns route)
                                                       (48.6% logic, 51.4% route)

--------------------------------------------------------------------------------
Offset:                 14.259ns (clock path + data path + uncertainty)
  Source:               u/campaign/records_completed_6 (FF)
  Destination:          seg_n<1> (PAD)
  Source Clock:         clk_100mhz_BUFGP rising at 0.000ns
  Data Path Delay:      10.288ns (Levels of Logic = 6)
  Clock Path Delay:     3.946ns (Levels of Logic = 2)
  Clock Uncertainty:    0.025ns

  Clock Uncertainty:          0.025ns  ((TSJ^2 + TIJ^2)^1/2 + DJ) / 2 + PE
    Total System Jitter (TSJ):  0.050ns
    Total Input Jitter (TIJ):   0.000ns
    Discrete Jitter (DJ):       0.000ns
    Phase Error (PE):           0.000ns

  Maximum Clock Path at Slow Process Corner: clk_100mhz to u/campaign/records_completed_6
    Location             Delay type         Delay(ns)  Physical Resource
                                                       Logical Resource(s)
    -------------------------------------------------  -------------------
    V10.I                Tiopi                 1.557   clk_100mhz
                                                       clk_100mhz
                                                       clk_100mhz_BUFGP/IBUFG
                                                       ProtoComp138.IMUX
    BUFGMUX_X3Y13.I0     net (fanout=1)        1.050   clk_100mhz_BUFGP/IBUFG
    BUFGMUX_X3Y13.O      Tgi0o                 0.209   clk_100mhz_BUFGP/BUFG
                                                       clk_100mhz_BUFGP/BUFG
    SLICE_X34Y11.CLK     net (fanout=284)      1.130   clk_100mhz_BUFGP
    -------------------------------------------------  ---------------------------
    Total                                      3.946ns (1.766ns logic, 2.180ns route)
                                                       (44.8% logic, 55.2% route)

  Maximum Data Path at Slow Process Corner: u/campaign/records_completed_6 to seg_n<1>
    Location             Delay type         Delay(ns)  Physical Resource
                                                       Logical Resource(s)
    -------------------------------------------------  -------------------
    SLICE_X34Y11.AQ      Tcko                  0.525   u/records_completed<6>
                                                       u/campaign/records_completed_6
    SLICE_X34Y10.C1      net (fanout=6)        0.749   u/records_completed<6>
    SLICE_X34Y10.C       Tilo                  0.255   u/records_completed[6]_PWR_2_o_mod_0/a[4]_a[6]_MUX_93_o
                                                       u/records_completed[6]_PWR_2_o_mod_0/Mmux_a[4]_a[6]_MUX_93_o11
    SLICE_X35Y10.B1      net (fanout=2)        0.654   u/records_completed[6]_PWR_2_o_mod_0/a[4]_a[6]_MUX_93_o
    SLICE_X35Y10.BMUX    Tilo                  0.337   u/ones<2>
                                                       u/records_completed[6]_PWR_2_o_mod_0/Mmux_a[0]_a[6]_MUX_104_o121
    SLICE_X34Y10.B3      net (fanout=2)        0.428   u/records_completed[6]_PWR_2_o_mod_0/a[2]_a[6]_MUX_102_o
    SLICE_X34Y10.B       Tilo                  0.254   u/records_completed[6]_PWR_2_o_mod_0/a[4]_a[6]_MUX_93_o
                                                       u/records_completed[6]_PWR_2_o_mod_0/Mmux_o21
    SLICE_X34Y8.A1       net (fanout=1)        0.781   u/ones<1>
    SLICE_X34Y8.A        Tilo                  0.254   seg_n_0_OBUF
                                                       u/Mmux_digit<1>11
    SLICE_X34Y8.B4       net (fanout=4)        0.450   u/digit<1>
    SLICE_X34Y8.BMUX     Tilo                  0.326   seg_n_0_OBUF
                                                       u/Mram_seg_n111
    T18.O                net (fanout=1)        2.293   seg_n_1_OBUF
    T18.PAD              Tioop                 2.982   seg_n<1>
                                                       seg_n_1_OBUF
                                                       seg_n<1>
    -------------------------------------------------  ---------------------------
    Total                                     10.288ns (4.933ns logic, 5.355ns route)
                                                       (47.9% logic, 52.1% route)

--------------------------------------------------------------------------------
Offset:                 14.248ns (clock path + data path + uncertainty)
  Source:               u/campaign/records_completed_6 (FF)
  Destination:          seg_n<1> (PAD)
  Source Clock:         clk_100mhz_BUFGP rising at 0.000ns
  Data Path Delay:      10.277ns (Levels of Logic = 6)
  Clock Path Delay:     3.946ns (Levels of Logic = 2)
  Clock Uncertainty:    0.025ns

  Clock Uncertainty:          0.025ns  ((TSJ^2 + TIJ^2)^1/2 + DJ) / 2 + PE
    Total System Jitter (TSJ):  0.050ns
    Total Input Jitter (TIJ):   0.000ns
    Discrete Jitter (DJ):       0.000ns
    Phase Error (PE):           0.000ns

  Maximum Clock Path at Slow Process Corner: clk_100mhz to u/campaign/records_completed_6
    Location             Delay type         Delay(ns)  Physical Resource
                                                       Logical Resource(s)
    -------------------------------------------------  -------------------
    V10.I                Tiopi                 1.557   clk_100mhz
                                                       clk_100mhz
                                                       clk_100mhz_BUFGP/IBUFG
                                                       ProtoComp138.IMUX
    BUFGMUX_X3Y13.I0     net (fanout=1)        1.050   clk_100mhz_BUFGP/IBUFG
    BUFGMUX_X3Y13.O      Tgi0o                 0.209   clk_100mhz_BUFGP/BUFG
                                                       clk_100mhz_BUFGP/BUFG
    SLICE_X34Y11.CLK     net (fanout=284)      1.130   clk_100mhz_BUFGP
    -------------------------------------------------  ---------------------------
    Total                                      3.946ns (1.766ns logic, 2.180ns route)
                                                       (44.8% logic, 55.2% route)

  Maximum Data Path at Slow Process Corner: u/campaign/records_completed_6 to seg_n<1>
    Location             Delay type         Delay(ns)  Physical Resource
                                                       Logical Resource(s)
    -------------------------------------------------  -------------------
    SLICE_X34Y11.AQ      Tcko                  0.525   u/records_completed<6>
                                                       u/campaign/records_completed_6
    SLICE_X35Y10.A4      net (fanout=6)        0.712   u/records_completed<6>
    SLICE_X35Y10.A       Tilo                  0.259   u/ones<2>
                                                       u/records_completed[6]_PWR_2_o_mod_0/Mmux_a[0]_a[6]_MUX_97_o131
    SLICE_X35Y10.B5      net (fanout=2)        0.447   u/records_completed[6]_PWR_2_o_mod_0/a[3]_a[6]_MUX_94_o
    SLICE_X35Y10.BMUX    Tilo                  0.337   u/ones<2>
                                                       u/records_completed[6]_PWR_2_o_mod_0/Mmux_a[0]_a[6]_MUX_104_o121
    SLICE_X34Y10.B3      net (fanout=2)        0.428   u/records_completed[6]_PWR_2_o_mod_0/a[2]_a[6]_MUX_102_o
    SLICE_X34Y10.BMUX    Tilo                  0.326   u/records_completed[6]_PWR_2_o_mod_0/a[4]_a[6]_MUX_93_o
                                                       u/records_completed[6]_PWR_2_o_mod_0/Mmux_o41
    SLICE_X34Y7.A3       net (fanout=1)        0.814   u/ones<3>
    SLICE_X34Y7.A        Tilo                  0.254   seg_n_4_OBUF
                                                       u/Mmux_digit<3>11
    SLICE_X34Y8.B5       net (fanout=4)        0.574   u/digit<3>
    SLICE_X34Y8.BMUX     Tilo                  0.326   seg_n_0_OBUF
                                                       u/Mram_seg_n111
    T18.O                net (fanout=1)        2.293   seg_n_1_OBUF
    T18.PAD              Tioop                 2.982   seg_n<1>
                                                       seg_n_1_OBUF
                                                       seg_n<1>
    -------------------------------------------------  ---------------------------
    Total                                     10.277ns (5.009ns logic, 5.268ns route)
                                                       (48.7% logic, 51.3% route)

--------------------------------------------------------------------------------

Paths for end point seg_n<0> (T17.PAD), 171 paths
--------------------------------------------------------------------------------
Offset:                 14.392ns (clock path + data path + uncertainty)
  Source:               u/campaign/records_completed_6 (FF)
  Destination:          seg_n<0> (PAD)
  Source Clock:         clk_100mhz_BUFGP rising at 0.000ns
  Data Path Delay:      10.421ns (Levels of Logic = 6)
  Clock Path Delay:     3.946ns (Levels of Logic = 2)
  Clock Uncertainty:    0.025ns

  Clock Uncertainty:          0.025ns  ((TSJ^2 + TIJ^2)^1/2 + DJ) / 2 + PE
    Total System Jitter (TSJ):  0.050ns
    Total Input Jitter (TIJ):   0.000ns
    Discrete Jitter (DJ):       0.000ns
    Phase Error (PE):           0.000ns

  Maximum Clock Path at Slow Process Corner: clk_100mhz to u/campaign/records_completed_6
    Location             Delay type         Delay(ns)  Physical Resource
                                                       Logical Resource(s)
    -------------------------------------------------  -------------------
    V10.I                Tiopi                 1.557   clk_100mhz
                                                       clk_100mhz
                                                       clk_100mhz_BUFGP/IBUFG
                                                       ProtoComp138.IMUX
    BUFGMUX_X3Y13.I0     net (fanout=1)        1.050   clk_100mhz_BUFGP/IBUFG
    BUFGMUX_X3Y13.O      Tgi0o                 0.209   clk_100mhz_BUFGP/BUFG
                                                       clk_100mhz_BUFGP/BUFG
    SLICE_X34Y11.CLK     net (fanout=284)      1.130   clk_100mhz_BUFGP
    -------------------------------------------------  ---------------------------
    Total                                      3.946ns (1.766ns logic, 2.180ns route)
                                                       (44.8% logic, 55.2% route)

  Maximum Data Path at Slow Process Corner: u/campaign/records_completed_6 to seg_n<0>
    Location             Delay type         Delay(ns)  Physical Resource
                                                       Logical Resource(s)
    -------------------------------------------------  -------------------
    SLICE_X34Y11.AQ      Tcko                  0.525   u/records_completed<6>
                                                       u/campaign/records_completed_6
    SLICE_X34Y10.C1      net (fanout=6)        0.749   u/records_completed<6>
    SLICE_X34Y10.C       Tilo                  0.255   u/records_completed[6]_PWR_2_o_mod_0/a[4]_a[6]_MUX_93_o
                                                       u/records_completed[6]_PWR_2_o_mod_0/Mmux_a[4]_a[6]_MUX_93_o11
    SLICE_X35Y10.B1      net (fanout=2)        0.654   u/records_completed[6]_PWR_2_o_mod_0/a[4]_a[6]_MUX_93_o
    SLICE_X35Y10.BMUX    Tilo                  0.337   u/ones<2>
                                                       u/records_completed[6]_PWR_2_o_mod_0/Mmux_a[0]_a[6]_MUX_104_o121
    SLICE_X34Y10.B3      net (fanout=2)        0.428   u/records_completed[6]_PWR_2_o_mod_0/a[2]_a[6]_MUX_102_o
    SLICE_X34Y10.BMUX    Tilo                  0.326   u/records_completed[6]_PWR_2_o_mod_0/a[4]_a[6]_MUX_93_o
                                                       u/records_completed[6]_PWR_2_o_mod_0/Mmux_o41
    SLICE_X34Y7.A3       net (fanout=1)        0.814   u/ones<3>
    SLICE_X34Y7.A        Tilo                  0.254   seg_n_4_OBUF
                                                       u/Mmux_digit<3>11
    SLICE_X34Y8.B5       net (fanout=4)        0.574   u/digit<3>
    SLICE_X34Y8.B        Tilo                  0.254   seg_n_0_OBUF
                                                       u/Mram_seg_n12
    T17.O                net (fanout=1)        2.269   seg_n_0_OBUF
    T17.PAD              Tioop                 2.982   seg_n<0>
                                                       seg_n_0_OBUF
                                                       seg_n<0>
    -------------------------------------------------  ---------------------------
    Total                                     10.421ns (4.933ns logic, 5.488ns route)
                                                       (47.3% logic, 52.7% route)

--------------------------------------------------------------------------------
Offset:                 14.328ns (clock path + data path + uncertainty)
  Source:               u/campaign/records_completed_5 (FF)
  Destination:          seg_n<0> (PAD)
  Source Clock:         clk_100mhz_BUFGP rising at 0.000ns
  Data Path Delay:      10.357ns (Levels of Logic = 6)
  Clock Path Delay:     3.946ns (Levels of Logic = 2)
  Clock Uncertainty:    0.025ns

  Clock Uncertainty:          0.025ns  ((TSJ^2 + TIJ^2)^1/2 + DJ) / 2 + PE
    Total System Jitter (TSJ):  0.050ns
    Total Input Jitter (TIJ):   0.000ns
    Discrete Jitter (DJ):       0.000ns
    Phase Error (PE):           0.000ns

  Maximum Clock Path at Slow Process Corner: clk_100mhz to u/campaign/records_completed_5
    Location             Delay type         Delay(ns)  Physical Resource
                                                       Logical Resource(s)
    -------------------------------------------------  -------------------
    V10.I                Tiopi                 1.557   clk_100mhz
                                                       clk_100mhz
                                                       clk_100mhz_BUFGP/IBUFG
                                                       ProtoComp138.IMUX
    BUFGMUX_X3Y13.I0     net (fanout=1)        1.050   clk_100mhz_BUFGP/IBUFG
    BUFGMUX_X3Y13.O      Tgi0o                 0.209   clk_100mhz_BUFGP/BUFG
                                                       clk_100mhz_BUFGP/BUFG
    SLICE_X35Y11.CLK     net (fanout=284)      1.130   clk_100mhz_BUFGP
    -------------------------------------------------  ---------------------------
    Total                                      3.946ns (1.766ns logic, 2.180ns route)
                                                       (44.8% logic, 55.2% route)

  Maximum Data Path at Slow Process Corner: u/campaign/records_completed_5 to seg_n<0>
    Location             Delay type         Delay(ns)  Physical Resource
                                                       Logical Resource(s)
    -------------------------------------------------  -------------------
    SLICE_X35Y11.CQ      Tcko                  0.430   u/records_completed<5>
                                                       u/campaign/records_completed_5
    SLICE_X35Y10.A1      net (fanout=7)        0.960   u/records_completed<5>
    SLICE_X35Y10.AMUX    Tilo                  0.337   u/ones<2>
                                                       u/records_completed[6]_PWR_2_o_mod_0/Mmux_a[5]_a[6]_MUX_92_o11
    SLICE_X34Y10.A5      net (fanout=2)        0.461   u/records_completed[6]_PWR_2_o_mod_0/a[5]_a[6]_MUX_92_o
    SLICE_X34Y10.A       Tilo                  0.254   u/records_completed[6]_PWR_2_o_mod_0/a[4]_a[6]_MUX_93_o
                                                       u/records_completed[6]_PWR_2_o_mod_0/BUS_0008_INV_67_o1_SW0
    SLICE_X34Y10.B4      net (fanout=2)        0.442   u/records_completed[6]_PWR_2_o_mod_0/N01
    SLICE_X34Y10.BMUX    Tilo                  0.326   u/records_completed[6]_PWR_2_o_mod_0/a[4]_a[6]_MUX_93_o
                                                       u/records_completed[6]_PWR_2_o_mod_0/Mmux_o41
    SLICE_X34Y7.A3       net (fanout=1)        0.814   u/ones<3>
    SLICE_X34Y7.A        Tilo                  0.254   seg_n_4_OBUF
                                                       u/Mmux_digit<3>11
    SLICE_X34Y8.B5       net (fanout=4)        0.574   u/digit<3>
    SLICE_X34Y8.B        Tilo                  0.254   seg_n_0_OBUF
                                                       u/Mram_seg_n12
    T17.O                net (fanout=1)        2.269   seg_n_0_OBUF
    T17.PAD              Tioop                 2.982   seg_n<0>
                                                       seg_n_0_OBUF
                                                       seg_n<0>
    -------------------------------------------------  ---------------------------
    Total                                     10.357ns (4.837ns logic, 5.520ns route)
                                                       (46.7% logic, 53.3% route)

--------------------------------------------------------------------------------
Offset:                 14.305ns (clock path + data path + uncertainty)
  Source:               u/campaign/records_completed_5 (FF)
  Destination:          seg_n<0> (PAD)
  Source Clock:         clk_100mhz_BUFGP rising at 0.000ns
  Data Path Delay:      10.334ns (Levels of Logic = 6)
  Clock Path Delay:     3.946ns (Levels of Logic = 2)
  Clock Uncertainty:    0.025ns

  Clock Uncertainty:          0.025ns  ((TSJ^2 + TIJ^2)^1/2 + DJ) / 2 + PE
    Total System Jitter (TSJ):  0.050ns
    Total Input Jitter (TIJ):   0.000ns
    Discrete Jitter (DJ):       0.000ns
    Phase Error (PE):           0.000ns

  Maximum Clock Path at Slow Process Corner: clk_100mhz to u/campaign/records_completed_5
    Location             Delay type         Delay(ns)  Physical Resource
                                                       Logical Resource(s)
    -------------------------------------------------  -------------------
    V10.I                Tiopi                 1.557   clk_100mhz
                                                       clk_100mhz
                                                       clk_100mhz_BUFGP/IBUFG
                                                       ProtoComp138.IMUX
    BUFGMUX_X3Y13.I0     net (fanout=1)        1.050   clk_100mhz_BUFGP/IBUFG
    BUFGMUX_X3Y13.O      Tgi0o                 0.209   clk_100mhz_BUFGP/BUFG
                                                       clk_100mhz_BUFGP/BUFG
    SLICE_X35Y11.CLK     net (fanout=284)      1.130   clk_100mhz_BUFGP
    -------------------------------------------------  ---------------------------
    Total                                      3.946ns (1.766ns logic, 2.180ns route)
                                                       (44.8% logic, 55.2% route)

  Maximum Data Path at Slow Process Corner: u/campaign/records_completed_5 to seg_n<0>
    Location             Delay type         Delay(ns)  Physical Resource
                                                       Logical Resource(s)
    -------------------------------------------------  -------------------
    SLICE_X35Y11.CQ      Tcko                  0.430   u/records_completed<5>
                                                       u/campaign/records_completed_5
    SLICE_X35Y10.A1      net (fanout=7)        0.960   u/records_completed<5>
    SLICE_X35Y10.A       Tilo                  0.259   u/ones<2>
                                                       u/records_completed[6]_PWR_2_o_mod_0/Mmux_a[0]_a[6]_MUX_97_o131
    SLICE_X35Y10.B5      net (fanout=2)        0.447   u/records_completed[6]_PWR_2_o_mod_0/a[3]_a[6]_MUX_94_o
    SLICE_X35Y10.BMUX    Tilo                  0.337   u/ones<2>
                                                       u/records_completed[6]_PWR_2_o_mod_0/Mmux_a[0]_a[6]_MUX_104_o121
    SLICE_X34Y10.B3      net (fanout=2)        0.428   u/records_completed[6]_PWR_2_o_mod_0/a[2]_a[6]_MUX_102_o
    SLICE_X34Y10.BMUX    Tilo                  0.326   u/records_completed[6]_PWR_2_o_mod_0/a[4]_a[6]_MUX_93_o
                                                       u/records_completed[6]_PWR_2_o_mod_0/Mmux_o41
    SLICE_X34Y7.A3       net (fanout=1)        0.814   u/ones<3>
    SLICE_X34Y7.A        Tilo                  0.254   seg_n_4_OBUF
                                                       u/Mmux_digit<3>11
    SLICE_X34Y8.B5       net (fanout=4)        0.574   u/digit<3>
    SLICE_X34Y8.B        Tilo                  0.254   seg_n_0_OBUF
                                                       u/Mram_seg_n12
    T17.O                net (fanout=1)        2.269   seg_n_0_OBUF
    T17.PAD              Tioop                 2.982   seg_n<0>
                                                       seg_n_0_OBUF
                                                       seg_n<0>
    -------------------------------------------------  ---------------------------
    Total                                     10.334ns (4.842ns logic, 5.492ns route)
                                                       (46.9% logic, 53.1% route)

--------------------------------------------------------------------------------
Offset:                 14.297ns (clock path + data path + uncertainty)
  Source:               u/campaign/records_completed_5 (FF)
  Destination:          seg_n<0> (PAD)
  Source Clock:         clk_100mhz_BUFGP rising at 0.000ns
  Data Path Delay:      10.326ns (Levels of Logic = 6)
  Clock Path Delay:     3.946ns (Levels of Logic = 2)
  Clock Uncertainty:    0.025ns

  Clock Uncertainty:          0.025ns  ((TSJ^2 + TIJ^2)^1/2 + DJ) / 2 + PE
    Total System Jitter (TSJ):  0.050ns
    Total Input Jitter (TIJ):   0.000ns
    Discrete Jitter (DJ):       0.000ns
    Phase Error (PE):           0.000ns

  Maximum Clock Path at Slow Process Corner: clk_100mhz to u/campaign/records_completed_5
    Location             Delay type         Delay(ns)  Physical Resource
                                                       Logical Resource(s)
    -------------------------------------------------  -------------------
    V10.I                Tiopi                 1.557   clk_100mhz
                                                       clk_100mhz
                                                       clk_100mhz_BUFGP/IBUFG
                                                       ProtoComp138.IMUX
    BUFGMUX_X3Y13.I0     net (fanout=1)        1.050   clk_100mhz_BUFGP/IBUFG
    BUFGMUX_X3Y13.O      Tgi0o                 0.209   clk_100mhz_BUFGP/BUFG
                                                       clk_100mhz_BUFGP/BUFG
    SLICE_X35Y11.CLK     net (fanout=284)      1.130   clk_100mhz_BUFGP
    -------------------------------------------------  ---------------------------
    Total                                      3.946ns (1.766ns logic, 2.180ns route)
                                                       (44.8% logic, 55.2% route)

  Maximum Data Path at Slow Process Corner: u/campaign/records_completed_5 to seg_n<0>
    Location             Delay type         Delay(ns)  Physical Resource
                                                       Logical Resource(s)
    -------------------------------------------------  -------------------
    SLICE_X35Y11.CQ      Tcko                  0.430   u/records_completed<5>
                                                       u/campaign/records_completed_5
    SLICE_X35Y10.A1      net (fanout=7)        0.960   u/records_completed<5>
    SLICE_X35Y10.AMUX    Tilo                  0.337   u/ones<2>
                                                       u/records_completed[6]_PWR_2_o_mod_0/Mmux_a[5]_a[6]_MUX_92_o11
    SLICE_X35Y10.B4      net (fanout=2)        0.361   u/records_completed[6]_PWR_2_o_mod_0/a[5]_a[6]_MUX_92_o
    SLICE_X35Y10.BMUX    Tilo                  0.337   u/ones<2>
                                                       u/records_completed[6]_PWR_2_o_mod_0/Mmux_a[0]_a[6]_MUX_104_o121
    SLICE_X34Y10.B3      net (fanout=2)        0.428   u/records_completed[6]_PWR_2_o_mod_0/a[2]_a[6]_MUX_102_o
    SLICE_X34Y10.BMUX    Tilo                  0.326   u/records_completed[6]_PWR_2_o_mod_0/a[4]_a[6]_MUX_93_o
                                                       u/records_completed[6]_PWR_2_o_mod_0/Mmux_o41
    SLICE_X34Y7.A3       net (fanout=1)        0.814   u/ones<3>
    SLICE_X34Y7.A        Tilo                  0.254   seg_n_4_OBUF
                                                       u/Mmux_digit<3>11
    SLICE_X34Y8.B5       net (fanout=4)        0.574   u/digit<3>
    SLICE_X34Y8.B        Tilo                  0.254   seg_n_0_OBUF
                                                       u/Mram_seg_n12
    T17.O                net (fanout=1)        2.269   seg_n_0_OBUF
    T17.PAD              Tioop                 2.982   seg_n<0>
                                                       seg_n_0_OBUF
                                                       seg_n<0>
    -------------------------------------------------  ---------------------------
    Total                                     10.326ns (4.920ns logic, 5.406ns route)
                                                       (47.6% logic, 52.4% route)

--------------------------------------------------------------------------------
Offset:                 14.239ns (clock path + data path + uncertainty)
  Source:               u/campaign/records_completed_3 (FF)
  Destination:          seg_n<0> (PAD)
  Source Clock:         clk_100mhz_BUFGP rising at 0.000ns
  Data Path Delay:      10.268ns (Levels of Logic = 6)
  Clock Path Delay:     3.946ns (Levels of Logic = 2)
  Clock Uncertainty:    0.025ns

  Clock Uncertainty:          0.025ns  ((TSJ^2 + TIJ^2)^1/2 + DJ) / 2 + PE
    Total System Jitter (TSJ):  0.050ns
    Total Input Jitter (TIJ):   0.000ns
    Discrete Jitter (DJ):       0.000ns
    Phase Error (PE):           0.000ns

  Maximum Clock Path at Slow Process Corner: clk_100mhz to u/campaign/records_completed_3
    Location             Delay type         Delay(ns)  Physical Resource
                                                       Logical Resource(s)
    -------------------------------------------------  -------------------
    V10.I                Tiopi                 1.557   clk_100mhz
                                                       clk_100mhz
                                                       clk_100mhz_BUFGP/IBUFG
                                                       ProtoComp138.IMUX
    BUFGMUX_X3Y13.I0     net (fanout=1)        1.050   clk_100mhz_BUFGP/IBUFG
    BUFGMUX_X3Y13.O      Tgi0o                 0.209   clk_100mhz_BUFGP/BUFG
                                                       clk_100mhz_BUFGP/BUFG
    SLICE_X35Y11.CLK     net (fanout=284)      1.130   clk_100mhz_BUFGP
    -------------------------------------------------  ---------------------------
    Total                                      3.946ns (1.766ns logic, 2.180ns route)
                                                       (44.8% logic, 55.2% route)

  Maximum Data Path at Slow Process Corner: u/campaign/records_completed_3 to seg_n<0>
    Location             Delay type         Delay(ns)  Physical Resource
                                                       Logical Resource(s)
    -------------------------------------------------  -------------------
    SLICE_X35Y11.BMUX    Tshcko                0.518   u/records_completed<5>
                                                       u/campaign/records_completed_3
    SLICE_X34Y10.C3      net (fanout=7)        0.603   u/records_completed<3>
    SLICE_X34Y10.C       Tilo                  0.255   u/records_completed[6]_PWR_2_o_mod_0/a[4]_a[6]_MUX_93_o
                                                       u/records_completed[6]_PWR_2_o_mod_0/Mmux_a[4]_a[6]_MUX_93_o11
    SLICE_X35Y10.B1      net (fanout=2)        0.654   u/records_completed[6]_PWR_2_o_mod_0/a[4]_a[6]_MUX_93_o
    SLICE_X35Y10.BMUX    Tilo                  0.337   u/ones<2>
                                                       u/records_completed[6]_PWR_2_o_mod_0/Mmux_a[0]_a[6]_MUX_104_o121
    SLICE_X34Y10.B3      net (fanout=2)        0.428   u/records_completed[6]_PWR_2_o_mod_0/a[2]_a[6]_MUX_102_o
    SLICE_X34Y10.BMUX    Tilo                  0.326   u/records_completed[6]_PWR_2_o_mod_0/a[4]_a[6]_MUX_93_o
                                                       u/records_completed[6]_PWR_2_o_mod_0/Mmux_o41
    SLICE_X34Y7.A3       net (fanout=1)        0.814   u/ones<3>
    SLICE_X34Y7.A        Tilo                  0.254   seg_n_4_OBUF
                                                       u/Mmux_digit<3>11
    SLICE_X34Y8.B5       net (fanout=4)        0.574   u/digit<3>
    SLICE_X34Y8.B        Tilo                  0.254   seg_n_0_OBUF
                                                       u/Mram_seg_n12
    T17.O                net (fanout=1)        2.269   seg_n_0_OBUF
    T17.PAD              Tioop                 2.982   seg_n<0>
                                                       seg_n_0_OBUF
                                                       seg_n<0>
    -------------------------------------------------  ---------------------------
    Total                                     10.268ns (4.926ns logic, 5.342ns route)
                                                       (48.0% logic, 52.0% route)

--------------------------------------------------------------------------------
Offset:                 14.235ns (clock path + data path + uncertainty)
  Source:               u/campaign/records_completed_6 (FF)
  Destination:          seg_n<0> (PAD)
  Source Clock:         clk_100mhz_BUFGP rising at 0.000ns
  Data Path Delay:      10.264ns (Levels of Logic = 6)
  Clock Path Delay:     3.946ns (Levels of Logic = 2)
  Clock Uncertainty:    0.025ns

  Clock Uncertainty:          0.025ns  ((TSJ^2 + TIJ^2)^1/2 + DJ) / 2 + PE
    Total System Jitter (TSJ):  0.050ns
    Total Input Jitter (TIJ):   0.000ns
    Discrete Jitter (DJ):       0.000ns
    Phase Error (PE):           0.000ns

  Maximum Clock Path at Slow Process Corner: clk_100mhz to u/campaign/records_completed_6
    Location             Delay type         Delay(ns)  Physical Resource
                                                       Logical Resource(s)
    -------------------------------------------------  -------------------
    V10.I                Tiopi                 1.557   clk_100mhz
                                                       clk_100mhz
                                                       clk_100mhz_BUFGP/IBUFG
                                                       ProtoComp138.IMUX
    BUFGMUX_X3Y13.I0     net (fanout=1)        1.050   clk_100mhz_BUFGP/IBUFG
    BUFGMUX_X3Y13.O      Tgi0o                 0.209   clk_100mhz_BUFGP/BUFG
                                                       clk_100mhz_BUFGP/BUFG
    SLICE_X34Y11.CLK     net (fanout=284)      1.130   clk_100mhz_BUFGP
    -------------------------------------------------  ---------------------------
    Total                                      3.946ns (1.766ns logic, 2.180ns route)
                                                       (44.8% logic, 55.2% route)

  Maximum Data Path at Slow Process Corner: u/campaign/records_completed_6 to seg_n<0>
    Location             Delay type         Delay(ns)  Physical Resource
                                                       Logical Resource(s)
    -------------------------------------------------  -------------------
    SLICE_X34Y11.AQ      Tcko                  0.525   u/records_completed<6>
                                                       u/campaign/records_completed_6
    SLICE_X34Y10.C1      net (fanout=6)        0.749   u/records_completed<6>
    SLICE_X34Y10.C       Tilo                  0.255   u/records_completed[6]_PWR_2_o_mod_0/a[4]_a[6]_MUX_93_o
                                                       u/records_completed[6]_PWR_2_o_mod_0/Mmux_a[4]_a[6]_MUX_93_o11
    SLICE_X34Y10.A1      net (fanout=2)        0.566   u/records_completed[6]_PWR_2_o_mod_0/a[4]_a[6]_MUX_93_o
    SLICE_X34Y10.A       Tilo                  0.254   u/records_completed[6]_PWR_2_o_mod_0/a[4]_a[6]_MUX_93_o
                                                       u/records_completed[6]_PWR_2_o_mod_0/BUS_0008_INV_67_o1_SW0
    SLICE_X34Y10.B4      net (fanout=2)        0.442   u/records_completed[6]_PWR_2_o_mod_0/N01
    SLICE_X34Y10.BMUX    Tilo                  0.326   u/records_completed[6]_PWR_2_o_mod_0/a[4]_a[6]_MUX_93_o
                                                       u/records_completed[6]_PWR_2_o_mod_0/Mmux_o41
    SLICE_X34Y7.A3       net (fanout=1)        0.814   u/ones<3>
    SLICE_X34Y7.A        Tilo                  0.254   seg_n_4_OBUF
                                                       u/Mmux_digit<3>11
    SLICE_X34Y8.B5       net (fanout=4)        0.574   u/digit<3>
    SLICE_X34Y8.B        Tilo                  0.254   seg_n_0_OBUF
                                                       u/Mram_seg_n12
    T17.O                net (fanout=1)        2.269   seg_n_0_OBUF
    T17.PAD              Tioop                 2.982   seg_n<0>
                                                       seg_n_0_OBUF
                                                       seg_n<0>
    -------------------------------------------------  ---------------------------
    Total                                     10.264ns (4.850ns logic, 5.414ns route)
                                                       (47.3% logic, 52.7% route)

--------------------------------------------------------------------------------
Offset:                 14.182ns (clock path + data path + uncertainty)
  Source:               u/campaign/records_completed_5 (FF)
  Destination:          seg_n<0> (PAD)
  Source Clock:         clk_100mhz_BUFGP rising at 0.000ns
  Data Path Delay:      10.211ns (Levels of Logic = 6)
  Clock Path Delay:     3.946ns (Levels of Logic = 2)
  Clock Uncertainty:    0.025ns

  Clock Uncertainty:          0.025ns  ((TSJ^2 + TIJ^2)^1/2 + DJ) / 2 + PE
    Total System Jitter (TSJ):  0.050ns
    Total Input Jitter (TIJ):   0.000ns
    Discrete Jitter (DJ):       0.000ns
    Phase Error (PE):           0.000ns

  Maximum Clock Path at Slow Process Corner: clk_100mhz to u/campaign/records_completed_5
    Location             Delay type         Delay(ns)  Physical Resource
                                                       Logical Resource(s)
    -------------------------------------------------  -------------------
    V10.I                Tiopi                 1.557   clk_100mhz
                                                       clk_100mhz
                                                       clk_100mhz_BUFGP/IBUFG
                                                       ProtoComp138.IMUX
    BUFGMUX_X3Y13.I0     net (fanout=1)        1.050   clk_100mhz_BUFGP/IBUFG
    BUFGMUX_X3Y13.O      Tgi0o                 0.209   clk_100mhz_BUFGP/BUFG
                                                       clk_100mhz_BUFGP/BUFG
    SLICE_X35Y11.CLK     net (fanout=284)      1.130   clk_100mhz_BUFGP
    -------------------------------------------------  ---------------------------
    Total                                      3.946ns (1.766ns logic, 2.180ns route)
                                                       (44.8% logic, 55.2% route)

  Maximum Data Path at Slow Process Corner: u/campaign/records_completed_5 to seg_n<0>
    Location             Delay type         Delay(ns)  Physical Resource
                                                       Logical Resource(s)
    -------------------------------------------------  -------------------
    SLICE_X35Y11.CQ      Tcko                  0.430   u/records_completed<5>
                                                       u/campaign/records_completed_5
    SLICE_X34Y10.C5      net (fanout=7)        0.634   u/records_completed<5>
    SLICE_X34Y10.C       Tilo                  0.255   u/records_completed[6]_PWR_2_o_mod_0/a[4]_a[6]_MUX_93_o
                                                       u/records_completed[6]_PWR_2_o_mod_0/Mmux_a[4]_a[6]_MUX_93_o11
    SLICE_X35Y10.B1      net (fanout=2)        0.654   u/records_completed[6]_PWR_2_o_mod_0/a[4]_a[6]_MUX_93_o
    SLICE_X35Y10.BMUX    Tilo                  0.337   u/ones<2>
                                                       u/records_completed[6]_PWR_2_o_mod_0/Mmux_a[0]_a[6]_MUX_104_o121
    SLICE_X34Y10.B3      net (fanout=2)        0.428   u/records_completed[6]_PWR_2_o_mod_0/a[2]_a[6]_MUX_102_o
    SLICE_X34Y10.BMUX    Tilo                  0.326   u/records_completed[6]_PWR_2_o_mod_0/a[4]_a[6]_MUX_93_o
                                                       u/records_completed[6]_PWR_2_o_mod_0/Mmux_o41
    SLICE_X34Y7.A3       net (fanout=1)        0.814   u/ones<3>
    SLICE_X34Y7.A        Tilo                  0.254   seg_n_4_OBUF
                                                       u/Mmux_digit<3>11
    SLICE_X34Y8.B5       net (fanout=4)        0.574   u/digit<3>
    SLICE_X34Y8.B        Tilo                  0.254   seg_n_0_OBUF
                                                       u/Mram_seg_n12
    T17.O                net (fanout=1)        2.269   seg_n_0_OBUF
    T17.PAD              Tioop                 2.982   seg_n<0>
                                                       seg_n_0_OBUF
                                                       seg_n<0>
    -------------------------------------------------  ---------------------------
    Total                                     10.211ns (4.838ns logic, 5.373ns route)
                                                       (47.4% logic, 52.6% route)

--------------------------------------------------------------------------------
Offset:                 14.175ns (clock path + data path + uncertainty)
  Source:               u/campaign/records_completed_6 (FF)
  Destination:          seg_n<0> (PAD)
  Source Clock:         clk_100mhz_BUFGP rising at 0.000ns
  Data Path Delay:      10.204ns (Levels of Logic = 6)
  Clock Path Delay:     3.946ns (Levels of Logic = 2)
  Clock Uncertainty:    0.025ns

  Clock Uncertainty:          0.025ns  ((TSJ^2 + TIJ^2)^1/2 + DJ) / 2 + PE
    Total System Jitter (TSJ):  0.050ns
    Total Input Jitter (TIJ):   0.000ns
    Discrete Jitter (DJ):       0.000ns
    Phase Error (PE):           0.000ns

  Maximum Clock Path at Slow Process Corner: clk_100mhz to u/campaign/records_completed_6
    Location             Delay type         Delay(ns)  Physical Resource
                                                       Logical Resource(s)
    -------------------------------------------------  -------------------
    V10.I                Tiopi                 1.557   clk_100mhz
                                                       clk_100mhz
                                                       clk_100mhz_BUFGP/IBUFG
                                                       ProtoComp138.IMUX
    BUFGMUX_X3Y13.I0     net (fanout=1)        1.050   clk_100mhz_BUFGP/IBUFG
    BUFGMUX_X3Y13.O      Tgi0o                 0.209   clk_100mhz_BUFGP/BUFG
                                                       clk_100mhz_BUFGP/BUFG
    SLICE_X34Y11.CLK     net (fanout=284)      1.130   clk_100mhz_BUFGP
    -------------------------------------------------  ---------------------------
    Total                                      3.946ns (1.766ns logic, 2.180ns route)
                                                       (44.8% logic, 55.2% route)

  Maximum Data Path at Slow Process Corner: u/campaign/records_completed_6 to seg_n<0>
    Location             Delay type         Delay(ns)  Physical Resource
                                                       Logical Resource(s)
    -------------------------------------------------  -------------------
    SLICE_X34Y11.AQ      Tcko                  0.525   u/records_completed<6>
                                                       u/campaign/records_completed_6
    SLICE_X35Y10.A4      net (fanout=6)        0.712   u/records_completed<6>
    SLICE_X35Y10.AMUX    Tilo                  0.337   u/ones<2>
                                                       u/records_completed[6]_PWR_2_o_mod_0/Mmux_a[5]_a[6]_MUX_92_o11
    SLICE_X34Y10.A5      net (fanout=2)        0.461   u/records_completed[6]_PWR_2_o_mod_0/a[5]_a[6]_MUX_92_o
    SLICE_X34Y10.A       Tilo                  0.254   u/records_completed[6]_PWR_2_o_mod_0/a[4]_a[6]_MUX_93_o
                                                       u/records_completed[6]_PWR_2_o_mod_0/BUS_0008_INV_67_o1_SW0
    SLICE_X34Y10.B4      net (fanout=2)        0.442   u/records_completed[6]_PWR_2_o_mod_0/N01
    SLICE_X34Y10.BMUX    Tilo                  0.326   u/records_completed[6]_PWR_2_o_mod_0/a[4]_a[6]_MUX_93_o
                                                       u/records_completed[6]_PWR_2_o_mod_0/Mmux_o41
    SLICE_X34Y7.A3       net (fanout=1)        0.814   u/ones<3>
    SLICE_X34Y7.A        Tilo                  0.254   seg_n_4_OBUF
                                                       u/Mmux_digit<3>11
    SLICE_X34Y8.B5       net (fanout=4)        0.574   u/digit<3>
    SLICE_X34Y8.B        Tilo                  0.254   seg_n_0_OBUF
                                                       u/Mram_seg_n12
    T17.O                net (fanout=1)        2.269   seg_n_0_OBUF
    T17.PAD              Tioop                 2.982   seg_n<0>
                                                       seg_n_0_OBUF
                                                       seg_n<0>
    -------------------------------------------------  ---------------------------
    Total                                     10.204ns (4.932ns logic, 5.272ns route)
                                                       (48.3% logic, 51.7% route)

--------------------------------------------------------------------------------
Offset:                 14.163ns (clock path + data path + uncertainty)
  Source:               u/campaign/records_completed_6 (FF)
  Destination:          seg_n<0> (PAD)
  Source Clock:         clk_100mhz_BUFGP rising at 0.000ns
  Data Path Delay:      10.192ns (Levels of Logic = 6)
  Clock Path Delay:     3.946ns (Levels of Logic = 2)
  Clock Uncertainty:    0.025ns

  Clock Uncertainty:          0.025ns  ((TSJ^2 + TIJ^2)^1/2 + DJ) / 2 + PE
    Total System Jitter (TSJ):  0.050ns
    Total Input Jitter (TIJ):   0.000ns
    Discrete Jitter (DJ):       0.000ns
    Phase Error (PE):           0.000ns

  Maximum Clock Path at Slow Process Corner: clk_100mhz to u/campaign/records_completed_6
    Location             Delay type         Delay(ns)  Physical Resource
                                                       Logical Resource(s)
    -------------------------------------------------  -------------------
    V10.I                Tiopi                 1.557   clk_100mhz
                                                       clk_100mhz
                                                       clk_100mhz_BUFGP/IBUFG
                                                       ProtoComp138.IMUX
    BUFGMUX_X3Y13.I0     net (fanout=1)        1.050   clk_100mhz_BUFGP/IBUFG
    BUFGMUX_X3Y13.O      Tgi0o                 0.209   clk_100mhz_BUFGP/BUFG
                                                       clk_100mhz_BUFGP/BUFG
    SLICE_X34Y11.CLK     net (fanout=284)      1.130   clk_100mhz_BUFGP
    -------------------------------------------------  ---------------------------
    Total                                      3.946ns (1.766ns logic, 2.180ns route)
                                                       (44.8% logic, 55.2% route)

  Maximum Data Path at Slow Process Corner: u/campaign/records_completed_6 to seg_n<0>
    Location             Delay type         Delay(ns)  Physical Resource
                                                       Logical Resource(s)
    -------------------------------------------------  -------------------
    SLICE_X34Y11.AQ      Tcko                  0.525   u/records_completed<6>
                                                       u/campaign/records_completed_6
    SLICE_X34Y10.C1      net (fanout=6)        0.749   u/records_completed<6>
    SLICE_X34Y10.C       Tilo                  0.255   u/records_completed[6]_PWR_2_o_mod_0/a[4]_a[6]_MUX_93_o
                                                       u/records_completed[6]_PWR_2_o_mod_0/Mmux_a[4]_a[6]_MUX_93_o11
    SLICE_X35Y10.B1      net (fanout=2)        0.654   u/records_completed[6]_PWR_2_o_mod_0/a[4]_a[6]_MUX_93_o
    SLICE_X35Y10.BMUX    Tilo                  0.337   u/ones<2>
                                                       u/records_completed[6]_PWR_2_o_mod_0/Mmux_a[0]_a[6]_MUX_104_o121
    SLICE_X34Y10.B3      net (fanout=2)        0.428   u/records_completed[6]_PWR_2_o_mod_0/a[2]_a[6]_MUX_102_o
    SLICE_X34Y10.B       Tilo                  0.254   u/records_completed[6]_PWR_2_o_mod_0/a[4]_a[6]_MUX_93_o
                                                       u/records_completed[6]_PWR_2_o_mod_0/Mmux_o21
    SLICE_X34Y8.A1       net (fanout=1)        0.781   u/ones<1>
    SLICE_X34Y8.A        Tilo                  0.254   seg_n_0_OBUF
                                                       u/Mmux_digit<1>11
    SLICE_X34Y8.B4       net (fanout=4)        0.450   u/digit<1>
    SLICE_X34Y8.B        Tilo                  0.254   seg_n_0_OBUF
                                                       u/Mram_seg_n12
    T17.O                net (fanout=1)        2.269   seg_n_0_OBUF
    T17.PAD              Tioop                 2.982   seg_n<0>
                                                       seg_n_0_OBUF
                                                       seg_n<0>
    -------------------------------------------------  ---------------------------
    Total                                     10.192ns (4.861ns logic, 5.331ns route)
                                                       (47.7% logic, 52.3% route)

--------------------------------------------------------------------------------
Offset:                 14.152ns (clock path + data path + uncertainty)
  Source:               u/campaign/records_completed_6 (FF)
  Destination:          seg_n<0> (PAD)
  Source Clock:         clk_100mhz_BUFGP rising at 0.000ns
  Data Path Delay:      10.181ns (Levels of Logic = 6)
  Clock Path Delay:     3.946ns (Levels of Logic = 2)
  Clock Uncertainty:    0.025ns

  Clock Uncertainty:          0.025ns  ((TSJ^2 + TIJ^2)^1/2 + DJ) / 2 + PE
    Total System Jitter (TSJ):  0.050ns
    Total Input Jitter (TIJ):   0.000ns
    Discrete Jitter (DJ):       0.000ns
    Phase Error (PE):           0.000ns

  Maximum Clock Path at Slow Process Corner: clk_100mhz to u/campaign/records_completed_6
    Location             Delay type         Delay(ns)  Physical Resource
                                                       Logical Resource(s)
    -------------------------------------------------  -------------------
    V10.I                Tiopi                 1.557   clk_100mhz
                                                       clk_100mhz
                                                       clk_100mhz_BUFGP/IBUFG
                                                       ProtoComp138.IMUX
    BUFGMUX_X3Y13.I0     net (fanout=1)        1.050   clk_100mhz_BUFGP/IBUFG
    BUFGMUX_X3Y13.O      Tgi0o                 0.209   clk_100mhz_BUFGP/BUFG
                                                       clk_100mhz_BUFGP/BUFG
    SLICE_X34Y11.CLK     net (fanout=284)      1.130   clk_100mhz_BUFGP
    -------------------------------------------------  ---------------------------
    Total                                      3.946ns (1.766ns logic, 2.180ns route)
                                                       (44.8% logic, 55.2% route)

  Maximum Data Path at Slow Process Corner: u/campaign/records_completed_6 to seg_n<0>
    Location             Delay type         Delay(ns)  Physical Resource
                                                       Logical Resource(s)
    -------------------------------------------------  -------------------
    SLICE_X34Y11.AQ      Tcko                  0.525   u/records_completed<6>
                                                       u/campaign/records_completed_6
    SLICE_X35Y10.A4      net (fanout=6)        0.712   u/records_completed<6>
    SLICE_X35Y10.A       Tilo                  0.259   u/ones<2>
                                                       u/records_completed[6]_PWR_2_o_mod_0/Mmux_a[0]_a[6]_MUX_97_o131
    SLICE_X35Y10.B5      net (fanout=2)        0.447   u/records_completed[6]_PWR_2_o_mod_0/a[3]_a[6]_MUX_94_o
    SLICE_X35Y10.BMUX    Tilo                  0.337   u/ones<2>
                                                       u/records_completed[6]_PWR_2_o_mod_0/Mmux_a[0]_a[6]_MUX_104_o121
    SLICE_X34Y10.B3      net (fanout=2)        0.428   u/records_completed[6]_PWR_2_o_mod_0/a[2]_a[6]_MUX_102_o
    SLICE_X34Y10.BMUX    Tilo                  0.326   u/records_completed[6]_PWR_2_o_mod_0/a[4]_a[6]_MUX_93_o
                                                       u/records_completed[6]_PWR_2_o_mod_0/Mmux_o41
    SLICE_X34Y7.A3       net (fanout=1)        0.814   u/ones<3>
    SLICE_X34Y7.A        Tilo                  0.254   seg_n_4_OBUF
                                                       u/Mmux_digit<3>11
    SLICE_X34Y8.B5       net (fanout=4)        0.574   u/digit<3>
    SLICE_X34Y8.B        Tilo                  0.254   seg_n_0_OBUF
                                                       u/Mram_seg_n12
    T17.O                net (fanout=1)        2.269   seg_n_0_OBUF
    T17.PAD              Tioop                 2.982   seg_n<0>
                                                       seg_n_0_OBUF
                                                       seg_n<0>
    -------------------------------------------------  ---------------------------
    Total                                     10.181ns (4.937ns logic, 5.244ns route)
                                                       (48.5% logic, 51.5% route)

--------------------------------------------------------------------------------

Paths for end point led_heartbeat (U16.PAD), 25 paths
--------------------------------------------------------------------------------
Offset:                 14.016ns (clock path + data path + uncertainty)
  Source:               u/campaign/error_count_3 (FF)
  Destination:          led_heartbeat (PAD)
  Source Clock:         clk_100mhz_BUFGP rising at 0.000ns
  Data Path Delay:      10.053ns (Levels of Logic = 4)
  Clock Path Delay:     3.938ns (Levels of Logic = 2)
  Clock Uncertainty:    0.025ns

  Clock Uncertainty:          0.025ns  ((TSJ^2 + TIJ^2)^1/2 + DJ) / 2 + PE
    Total System Jitter (TSJ):  0.050ns
    Total Input Jitter (TIJ):   0.000ns
    Discrete Jitter (DJ):       0.000ns
    Phase Error (PE):           0.000ns

  Maximum Clock Path at Slow Process Corner: clk_100mhz to u/campaign/error_count_3
    Location             Delay type         Delay(ns)  Physical Resource
                                                       Logical Resource(s)
    -------------------------------------------------  -------------------
    V10.I                Tiopi                 1.557   clk_100mhz
                                                       clk_100mhz
                                                       clk_100mhz_BUFGP/IBUFG
                                                       ProtoComp138.IMUX
    BUFGMUX_X3Y13.I0     net (fanout=1)        1.050   clk_100mhz_BUFGP/IBUFG
    BUFGMUX_X3Y13.O      Tgi0o                 0.209   clk_100mhz_BUFGP/BUFG
                                                       clk_100mhz_BUFGP/BUFG
    SLICE_X30Y19.CLK     net (fanout=284)      1.122   clk_100mhz_BUFGP
    -------------------------------------------------  ---------------------------
    Total                                      3.938ns (1.766ns logic, 2.172ns route)
                                                       (44.8% logic, 55.2% route)

  Maximum Data Path at Slow Process Corner: u/campaign/error_count_3 to led_heartbeat
    Location             Delay type         Delay(ns)  Physical Resource
                                                       Logical Resource(s)
    -------------------------------------------------  -------------------
    SLICE_X30Y19.AQ      Tcko                  0.525   u/error_count<6>
                                                       u/campaign/error_count_3
    SLICE_X31Y19.A1      net (fanout=3)        0.761   u/error_count<3>
    SLICE_X31Y19.A       Tilo                  0.259   u/GND_2_o_GND_2_o_equal_4_o<15>
                                                       u/GND_2_o_GND_2_o_equal_4_o<15>1
    SLICE_X32Y17.C2      net (fanout=2)        1.074   u/GND_2_o_GND_2_o_equal_4_o<15>
    SLICE_X32Y17.C       Tilo                  0.235   led_heartbeat_OBUF
                                                       u/GND_2_o_GND_2_o_equal_4_o<15>3
    SLICE_X32Y17.D5      net (fanout=1)        0.251   u/GND_2_o_GND_2_o_equal_4_o
    SLICE_X32Y17.D       Tilo                  0.235   led_heartbeat_OBUF
                                                       u/led_heartbeat
    U16.O                net (fanout=1)        3.731   led_heartbeat_OBUF
    U16.PAD              Tioop                 2.982   led_heartbeat
                                                       led_heartbeat_OBUF
                                                       led_heartbeat
    -------------------------------------------------  ---------------------------
    Total                                     10.053ns (4.236ns logic, 5.817ns route)
                                                       (42.1% logic, 57.9% route)

--------------------------------------------------------------------------------
Offset:                 13.997ns (clock path + data path + uncertainty)
  Source:               u/campaign/error_count_1 (FF)
  Destination:          led_heartbeat (PAD)
  Source Clock:         clk_100mhz_BUFGP rising at 0.000ns
  Data Path Delay:      10.036ns (Levels of Logic = 4)
  Clock Path Delay:     3.936ns (Levels of Logic = 2)
  Clock Uncertainty:    0.025ns

  Clock Uncertainty:          0.025ns  ((TSJ^2 + TIJ^2)^1/2 + DJ) / 2 + PE
    Total System Jitter (TSJ):  0.050ns
    Total Input Jitter (TIJ):   0.000ns
    Discrete Jitter (DJ):       0.000ns
    Phase Error (PE):           0.000ns

  Maximum Clock Path at Slow Process Corner: clk_100mhz to u/campaign/error_count_1
    Location             Delay type         Delay(ns)  Physical Resource
                                                       Logical Resource(s)
    -------------------------------------------------  -------------------
    V10.I                Tiopi                 1.557   clk_100mhz
                                                       clk_100mhz
                                                       clk_100mhz_BUFGP/IBUFG
                                                       ProtoComp138.IMUX
    BUFGMUX_X3Y13.I0     net (fanout=1)        1.050   clk_100mhz_BUFGP/IBUFG
    BUFGMUX_X3Y13.O      Tgi0o                 0.209   clk_100mhz_BUFGP/BUFG
                                                       clk_100mhz_BUFGP/BUFG
    SLICE_X30Y20.CLK     net (fanout=284)      1.120   clk_100mhz_BUFGP
    -------------------------------------------------  ---------------------------
    Total                                      3.936ns (1.766ns logic, 2.170ns route)
                                                       (44.9% logic, 55.1% route)

  Maximum Data Path at Slow Process Corner: u/campaign/error_count_1 to led_heartbeat
    Location             Delay type         Delay(ns)  Physical Resource
                                                       Logical Resource(s)
    -------------------------------------------------  -------------------
    SLICE_X30Y20.CQ      Tcko                  0.525   u/error_count<2>
                                                       u/campaign/error_count_1
    SLICE_X31Y19.A2      net (fanout=3)        0.744   u/error_count<1>
    SLICE_X31Y19.A       Tilo                  0.259   u/GND_2_o_GND_2_o_equal_4_o<15>
                                                       u/GND_2_o_GND_2_o_equal_4_o<15>1
    SLICE_X32Y17.C2      net (fanout=2)        1.074   u/GND_2_o_GND_2_o_equal_4_o<15>
    SLICE_X32Y17.C       Tilo                  0.235   led_heartbeat_OBUF
                                                       u/GND_2_o_GND_2_o_equal_4_o<15>3
    SLICE_X32Y17.D5      net (fanout=1)        0.251   u/GND_2_o_GND_2_o_equal_4_o
    SLICE_X32Y17.D       Tilo                  0.235   led_heartbeat_OBUF
                                                       u/led_heartbeat
    U16.O                net (fanout=1)        3.731   led_heartbeat_OBUF
    U16.PAD              Tioop                 2.982   led_heartbeat
                                                       led_heartbeat_OBUF
                                                       led_heartbeat
    -------------------------------------------------  ---------------------------
    Total                                     10.036ns (4.236ns logic, 5.800ns route)
                                                       (42.2% logic, 57.8% route)

--------------------------------------------------------------------------------
Offset:                 13.837ns (clock path + data path + uncertainty)
  Source:               u/campaign/error_count_4 (FF)
  Destination:          led_heartbeat (PAD)
  Source Clock:         clk_100mhz_BUFGP rising at 0.000ns
  Data Path Delay:      9.874ns (Levels of Logic = 4)
  Clock Path Delay:     3.938ns (Levels of Logic = 2)
  Clock Uncertainty:    0.025ns

  Clock Uncertainty:          0.025ns  ((TSJ^2 + TIJ^2)^1/2 + DJ) / 2 + PE
    Total System Jitter (TSJ):  0.050ns
    Total Input Jitter (TIJ):   0.000ns
    Discrete Jitter (DJ):       0.000ns
    Phase Error (PE):           0.000ns

  Maximum Clock Path at Slow Process Corner: clk_100mhz to u/campaign/error_count_4
    Location             Delay type         Delay(ns)  Physical Resource
                                                       Logical Resource(s)
    -------------------------------------------------  -------------------
    V10.I                Tiopi                 1.557   clk_100mhz
                                                       clk_100mhz
                                                       clk_100mhz_BUFGP/IBUFG
                                                       ProtoComp138.IMUX
    BUFGMUX_X3Y13.I0     net (fanout=1)        1.050   clk_100mhz_BUFGP/IBUFG
    BUFGMUX_X3Y13.O      Tgi0o                 0.209   clk_100mhz_BUFGP/BUFG
                                                       clk_100mhz_BUFGP/BUFG
    SLICE_X30Y19.CLK     net (fanout=284)      1.122   clk_100mhz_BUFGP
    -------------------------------------------------  ---------------------------
    Total                                      3.938ns (1.766ns logic, 2.172ns route)
                                                       (44.8% logic, 55.2% route)

  Maximum Data Path at Slow Process Corner: u/campaign/error_count_4 to led_heartbeat
    Location             Delay type         Delay(ns)  Physical Resource
                                                       Logical Resource(s)
    -------------------------------------------------  -------------------
    SLICE_X30Y19.BQ      Tcko                  0.525   u/error_count<6>
                                                       u/campaign/error_count_4
    SLICE_X31Y19.A3      net (fanout=3)        0.582   u/error_count<4>
    SLICE_X31Y19.A       Tilo                  0.259   u/GND_2_o_GND_2_o_equal_4_o<15>
                                                       u/GND_2_o_GND_2_o_equal_4_o<15>1
    SLICE_X32Y17.C2      net (fanout=2)        1.074   u/GND_2_o_GND_2_o_equal_4_o<15>
    SLICE_X32Y17.C       Tilo                  0.235   led_heartbeat_OBUF
                                                       u/GND_2_o_GND_2_o_equal_4_o<15>3
    SLICE_X32Y17.D5      net (fanout=1)        0.251   u/GND_2_o_GND_2_o_equal_4_o
    SLICE_X32Y17.D       Tilo                  0.235   led_heartbeat_OBUF
                                                       u/led_heartbeat
    U16.O                net (fanout=1)        3.731   led_heartbeat_OBUF
    U16.PAD              Tioop                 2.982   led_heartbeat
                                                       led_heartbeat_OBUF
                                                       led_heartbeat
    -------------------------------------------------  ---------------------------
    Total                                      9.874ns (4.236ns logic, 5.638ns route)
                                                       (42.9% logic, 57.1% route)

--------------------------------------------------------------------------------
Offset:                 13.753ns (clock path + data path + uncertainty)
  Source:               u/campaign/error_count_0 (FF)
  Destination:          led_heartbeat (PAD)
  Source Clock:         clk_100mhz_BUFGP rising at 0.000ns
  Data Path Delay:      9.792ns (Levels of Logic = 4)
  Clock Path Delay:     3.936ns (Levels of Logic = 2)
  Clock Uncertainty:    0.025ns

  Clock Uncertainty:          0.025ns  ((TSJ^2 + TIJ^2)^1/2 + DJ) / 2 + PE
    Total System Jitter (TSJ):  0.050ns
    Total Input Jitter (TIJ):   0.000ns
    Discrete Jitter (DJ):       0.000ns
    Phase Error (PE):           0.000ns

  Maximum Clock Path at Slow Process Corner: clk_100mhz to u/campaign/error_count_0
    Location             Delay type         Delay(ns)  Physical Resource
                                                       Logical Resource(s)
    -------------------------------------------------  -------------------
    V10.I                Tiopi                 1.557   clk_100mhz
                                                       clk_100mhz
                                                       clk_100mhz_BUFGP/IBUFG
                                                       ProtoComp138.IMUX
    BUFGMUX_X3Y13.I0     net (fanout=1)        1.050   clk_100mhz_BUFGP/IBUFG
    BUFGMUX_X3Y13.O      Tgi0o                 0.209   clk_100mhz_BUFGP/BUFG
                                                       clk_100mhz_BUFGP/BUFG
    SLICE_X30Y20.CLK     net (fanout=284)      1.120   clk_100mhz_BUFGP
    -------------------------------------------------  ---------------------------
    Total                                      3.936ns (1.766ns logic, 2.170ns route)
                                                       (44.9% logic, 55.1% route)

  Maximum Data Path at Slow Process Corner: u/campaign/error_count_0 to led_heartbeat
    Location             Delay type         Delay(ns)  Physical Resource
                                                       Logical Resource(s)
    -------------------------------------------------  -------------------
    SLICE_X30Y20.AQ      Tcko                  0.525   u/error_count<2>
                                                       u/campaign/error_count_0
    SLICE_X31Y19.A4      net (fanout=3)        0.500   u/error_count<0>
    SLICE_X31Y19.A       Tilo                  0.259   u/GND_2_o_GND_2_o_equal_4_o<15>
                                                       u/GND_2_o_GND_2_o_equal_4_o<15>1
    SLICE_X32Y17.C2      net (fanout=2)        1.074   u/GND_2_o_GND_2_o_equal_4_o<15>
    SLICE_X32Y17.C       Tilo                  0.235   led_heartbeat_OBUF
                                                       u/GND_2_o_GND_2_o_equal_4_o<15>3
    SLICE_X32Y17.D5      net (fanout=1)        0.251   u/GND_2_o_GND_2_o_equal_4_o
    SLICE_X32Y17.D       Tilo                  0.235   led_heartbeat_OBUF
                                                       u/led_heartbeat
    U16.O                net (fanout=1)        3.731   led_heartbeat_OBUF
    U16.PAD              Tioop                 2.982   led_heartbeat
                                                       led_heartbeat_OBUF
                                                       led_heartbeat
    -------------------------------------------------  ---------------------------
    Total                                      9.792ns (4.236ns logic, 5.556ns route)
                                                       (43.3% logic, 56.7% route)

--------------------------------------------------------------------------------
Offset:                 13.748ns (clock path + data path + uncertainty)
  Source:               u/campaign/error_count_6 (FF)
  Destination:          led_heartbeat (PAD)
  Source Clock:         clk_100mhz_BUFGP rising at 0.000ns
  Data Path Delay:      9.785ns (Levels of Logic = 4)
  Clock Path Delay:     3.938ns (Levels of Logic = 2)
  Clock Uncertainty:    0.025ns

  Clock Uncertainty:          0.025ns  ((TSJ^2 + TIJ^2)^1/2 + DJ) / 2 + PE
    Total System Jitter (TSJ):  0.050ns
    Total Input Jitter (TIJ):   0.000ns
    Discrete Jitter (DJ):       0.000ns
    Phase Error (PE):           0.000ns

  Maximum Clock Path at Slow Process Corner: clk_100mhz to u/campaign/error_count_6
    Location             Delay type         Delay(ns)  Physical Resource
                                                       Logical Resource(s)
    -------------------------------------------------  -------------------
    V10.I                Tiopi                 1.557   clk_100mhz
                                                       clk_100mhz
                                                       clk_100mhz_BUFGP/IBUFG
                                                       ProtoComp138.IMUX
    BUFGMUX_X3Y13.I0     net (fanout=1)        1.050   clk_100mhz_BUFGP/IBUFG
    BUFGMUX_X3Y13.O      Tgi0o                 0.209   clk_100mhz_BUFGP/BUFG
                                                       clk_100mhz_BUFGP/BUFG
    SLICE_X30Y19.CLK     net (fanout=284)      1.122   clk_100mhz_BUFGP
    -------------------------------------------------  ---------------------------
    Total                                      3.938ns (1.766ns logic, 2.172ns route)
                                                       (44.8% logic, 55.2% route)

  Maximum Data Path at Slow Process Corner: u/campaign/error_count_6 to led_heartbeat
    Location             Delay type         Delay(ns)  Physical Resource
                                                       Logical Resource(s)
    -------------------------------------------------  -------------------
    SLICE_X30Y19.DQ      Tcko                  0.525   u/error_count<6>
                                                       u/campaign/error_count_6
    SLICE_X33Y18.D1      net (fanout=3)        0.989   u/error_count<6>
    SLICE_X33Y18.D       Tilo                  0.259   u/GND_2_o_GND_2_o_equal_4_o<15>1
                                                       u/GND_2_o_GND_2_o_equal_4_o<15>2
    SLICE_X32Y17.C3      net (fanout=2)        0.578   u/GND_2_o_GND_2_o_equal_4_o<15>1
    SLICE_X32Y17.C       Tilo                  0.235   led_heartbeat_OBUF
                                                       u/GND_2_o_GND_2_o_equal_4_o<15>3
    SLICE_X32Y17.D5      net (fanout=1)        0.251   u/GND_2_o_GND_2_o_equal_4_o
    SLICE_X32Y17.D       Tilo                  0.235   led_heartbeat_OBUF
                                                       u/led_heartbeat
    U16.O                net (fanout=1)        3.731   led_heartbeat_OBUF
    U16.PAD              Tioop                 2.982   led_heartbeat
                                                       led_heartbeat_OBUF
                                                       led_heartbeat
    -------------------------------------------------  ---------------------------
    Total                                      9.785ns (4.236ns logic, 5.549ns route)
                                                       (43.3% logic, 56.7% route)

--------------------------------------------------------------------------------
Offset:                 13.685ns (clock path + data path + uncertainty)
  Source:               u/campaign/error_count_2 (FF)
  Destination:          led_heartbeat (PAD)
  Source Clock:         clk_100mhz_BUFGP rising at 0.000ns
  Data Path Delay:      9.724ns (Levels of Logic = 4)
  Clock Path Delay:     3.936ns (Levels of Logic = 2)
  Clock Uncertainty:    0.025ns

  Clock Uncertainty:          0.025ns  ((TSJ^2 + TIJ^2)^1/2 + DJ) / 2 + PE
    Total System Jitter (TSJ):  0.050ns
    Total Input Jitter (TIJ):   0.000ns
    Discrete Jitter (DJ):       0.000ns
    Phase Error (PE):           0.000ns

  Maximum Clock Path at Slow Process Corner: clk_100mhz to u/campaign/error_count_2
    Location             Delay type         Delay(ns)  Physical Resource
                                                       Logical Resource(s)
    -------------------------------------------------  -------------------
    V10.I                Tiopi                 1.557   clk_100mhz
                                                       clk_100mhz
                                                       clk_100mhz_BUFGP/IBUFG
                                                       ProtoComp138.IMUX
    BUFGMUX_X3Y13.I0     net (fanout=1)        1.050   clk_100mhz_BUFGP/IBUFG
    BUFGMUX_X3Y13.O      Tgi0o                 0.209   clk_100mhz_BUFGP/BUFG
                                                       clk_100mhz_BUFGP/BUFG
    SLICE_X30Y20.CLK     net (fanout=284)      1.120   clk_100mhz_BUFGP
    -------------------------------------------------  ---------------------------
    Total                                      3.936ns (1.766ns logic, 2.170ns route)
                                                       (44.9% logic, 55.1% route)

  Maximum Data Path at Slow Process Corner: u/campaign/error_count_2 to led_heartbeat
    Location             Delay type         Delay(ns)  Physical Resource
                                                       Logical Resource(s)
    -------------------------------------------------  -------------------
    SLICE_X30Y20.DQ      Tcko                  0.525   u/error_count<2>
                                                       u/campaign/error_count_2
    SLICE_X31Y19.A5      net (fanout=3)        0.432   u/error_count<2>
    SLICE_X31Y19.A       Tilo                  0.259   u/GND_2_o_GND_2_o_equal_4_o<15>
                                                       u/GND_2_o_GND_2_o_equal_4_o<15>1
    SLICE_X32Y17.C2      net (fanout=2)        1.074   u/GND_2_o_GND_2_o_equal_4_o<15>
    SLICE_X32Y17.C       Tilo                  0.235   led_heartbeat_OBUF
                                                       u/GND_2_o_GND_2_o_equal_4_o<15>3
    SLICE_X32Y17.D5      net (fanout=1)        0.251   u/GND_2_o_GND_2_o_equal_4_o
    SLICE_X32Y17.D       Tilo                  0.235   led_heartbeat_OBUF
                                                       u/led_heartbeat
    U16.O                net (fanout=1)        3.731   led_heartbeat_OBUF
    U16.PAD              Tioop                 2.982   led_heartbeat
                                                       led_heartbeat_OBUF
                                                       led_heartbeat
    -------------------------------------------------  ---------------------------
    Total                                      9.724ns (4.236ns logic, 5.488ns route)
                                                       (43.6% logic, 56.4% route)

--------------------------------------------------------------------------------
Offset:                 13.607ns (clock path + data path + uncertainty)
  Source:               u/campaign/error_count_11 (FF)
  Destination:          led_heartbeat (PAD)
  Source Clock:         clk_100mhz_BUFGP rising at 0.000ns
  Data Path Delay:      9.644ns (Levels of Logic = 4)
  Clock Path Delay:     3.938ns (Levels of Logic = 2)
  Clock Uncertainty:    0.025ns

  Clock Uncertainty:          0.025ns  ((TSJ^2 + TIJ^2)^1/2 + DJ) / 2 + PE
    Total System Jitter (TSJ):  0.050ns
    Total Input Jitter (TIJ):   0.000ns
    Discrete Jitter (DJ):       0.000ns
    Phase Error (PE):           0.000ns

  Maximum Clock Path at Slow Process Corner: clk_100mhz to u/campaign/error_count_11
    Location             Delay type         Delay(ns)  Physical Resource
                                                       Logical Resource(s)
    -------------------------------------------------  -------------------
    V10.I                Tiopi                 1.557   clk_100mhz
                                                       clk_100mhz
                                                       clk_100mhz_BUFGP/IBUFG
                                                       ProtoComp138.IMUX
    BUFGMUX_X3Y13.I0     net (fanout=1)        1.050   clk_100mhz_BUFGP/IBUFG
    BUFGMUX_X3Y13.O      Tgi0o                 0.209   clk_100mhz_BUFGP/BUFG
                                                       clk_100mhz_BUFGP/BUFG
    SLICE_X33Y21.CLK     net (fanout=284)      1.122   clk_100mhz_BUFGP
    -------------------------------------------------  ---------------------------
    Total                                      3.938ns (1.766ns logic, 2.172ns route)
                                                       (44.8% logic, 55.2% route)

  Maximum Data Path at Slow Process Corner: u/campaign/error_count_11 to led_heartbeat
    Location             Delay type         Delay(ns)  Physical Resource
                                                       Logical Resource(s)
    -------------------------------------------------  -------------------
    SLICE_X33Y21.AQ      Tcko                  0.430   u/error_count<14>
                                                       u/campaign/error_count_11
    SLICE_X33Y18.D2      net (fanout=3)        0.943   u/error_count<11>
    SLICE_X33Y18.D       Tilo                  0.259   u/GND_2_o_GND_2_o_equal_4_o<15>1
                                                       u/GND_2_o_GND_2_o_equal_4_o<15>2
    SLICE_X32Y17.C3      net (fanout=2)        0.578   u/GND_2_o_GND_2_o_equal_4_o<15>1
    SLICE_X32Y17.C       Tilo                  0.235   led_heartbeat_OBUF
                                                       u/GND_2_o_GND_2_o_equal_4_o<15>3
    SLICE_X32Y17.D5      net (fanout=1)        0.251   u/GND_2_o_GND_2_o_equal_4_o
    SLICE_X32Y17.D       Tilo                  0.235   led_heartbeat_OBUF
                                                       u/led_heartbeat
    U16.O                net (fanout=1)        3.731   led_heartbeat_OBUF
    U16.PAD              Tioop                 2.982   led_heartbeat
                                                       led_heartbeat_OBUF
                                                       led_heartbeat
    -------------------------------------------------  ---------------------------
    Total                                      9.644ns (4.141ns logic, 5.503ns route)
                                                       (42.9% logic, 57.1% route)

--------------------------------------------------------------------------------
Offset:                 13.604ns (clock path + data path + uncertainty)
  Source:               u/campaign/campaign_done (FF)
  Destination:          led_heartbeat (PAD)
  Source Clock:         clk_100mhz_BUFGP rising at 0.000ns
  Data Path Delay:      9.638ns (Levels of Logic = 3)
  Clock Path Delay:     3.941ns (Levels of Logic = 2)
  Clock Uncertainty:    0.025ns

  Clock Uncertainty:          0.025ns  ((TSJ^2 + TIJ^2)^1/2 + DJ) / 2 + PE
    Total System Jitter (TSJ):  0.050ns
    Total Input Jitter (TIJ):   0.000ns
    Discrete Jitter (DJ):       0.000ns
    Phase Error (PE):           0.000ns

  Maximum Clock Path at Slow Process Corner: clk_100mhz to u/campaign/campaign_done
    Location             Delay type         Delay(ns)  Physical Resource
                                                       Logical Resource(s)
    -------------------------------------------------  -------------------
    V10.I                Tiopi                 1.557   clk_100mhz
                                                       clk_100mhz
                                                       clk_100mhz_BUFGP/IBUFG
                                                       ProtoComp138.IMUX
    BUFGMUX_X3Y13.I0     net (fanout=1)        1.050   clk_100mhz_BUFGP/IBUFG
    BUFGMUX_X3Y13.O      Tgi0o                 0.209   clk_100mhz_BUFGP/BUFG
                                                       clk_100mhz_BUFGP/BUFG
    SLICE_X37Y23.CLK     net (fanout=284)      1.125   clk_100mhz_BUFGP
    -------------------------------------------------  ---------------------------
    Total                                      3.941ns (1.766ns logic, 2.175ns route)
                                                       (44.8% logic, 55.2% route)

  Maximum Data Path at Slow Process Corner: u/campaign/campaign_done to led_heartbeat
    Location             Delay type         Delay(ns)  Physical Resource
                                                       Logical Resource(s)
    -------------------------------------------------  -------------------
    SLICE_X37Y23.AQ      Tcko                  0.430   u/campaign_done
                                                       u/campaign/campaign_done
    SLICE_X31Y21.A5      net (fanout=2)        0.812   u/campaign_done
    SLICE_X31Y21.A       Tilo                  0.259   u/N0
                                                       u/led_heartbeat_SW0
    SLICE_X32Y17.D2      net (fanout=1)        1.189   u/N0
    SLICE_X32Y17.D       Tilo                  0.235   led_heartbeat_OBUF
                                                       u/led_heartbeat
    U16.O                net (fanout=1)        3.731   led_heartbeat_OBUF
    U16.PAD              Tioop                 2.982   led_heartbeat
                                                       led_heartbeat_OBUF
                                                       led_heartbeat
    -------------------------------------------------  ---------------------------
    Total                                      9.638ns (3.906ns logic, 5.732ns route)
                                                       (40.5% logic, 59.5% route)

--------------------------------------------------------------------------------
Offset:                 13.599ns (clock path + data path + uncertainty)
  Source:               u/campaign/error_count_5 (FF)
  Destination:          led_heartbeat (PAD)
  Source Clock:         clk_100mhz_BUFGP rising at 0.000ns
  Data Path Delay:      9.636ns (Levels of Logic = 4)
  Clock Path Delay:     3.938ns (Levels of Logic = 2)
  Clock Uncertainty:    0.025ns

  Clock Uncertainty:          0.025ns  ((TSJ^2 + TIJ^2)^1/2 + DJ) / 2 + PE
    Total System Jitter (TSJ):  0.050ns
    Total Input Jitter (TIJ):   0.000ns
    Discrete Jitter (DJ):       0.000ns
    Phase Error (PE):           0.000ns

  Maximum Clock Path at Slow Process Corner: clk_100mhz to u/campaign/error_count_5
    Location             Delay type         Delay(ns)  Physical Resource
                                                       Logical Resource(s)
    -------------------------------------------------  -------------------
    V10.I                Tiopi                 1.557   clk_100mhz
                                                       clk_100mhz
                                                       clk_100mhz_BUFGP/IBUFG
                                                       ProtoComp138.IMUX
    BUFGMUX_X3Y13.I0     net (fanout=1)        1.050   clk_100mhz_BUFGP/IBUFG
    BUFGMUX_X3Y13.O      Tgi0o                 0.209   clk_100mhz_BUFGP/BUFG
                                                       clk_100mhz_BUFGP/BUFG
    SLICE_X30Y19.CLK     net (fanout=284)      1.122   clk_100mhz_BUFGP
    -------------------------------------------------  ---------------------------
    Total                                      3.938ns (1.766ns logic, 2.172ns route)
                                                       (44.8% logic, 55.2% route)

  Maximum Data Path at Slow Process Corner: u/campaign/error_count_5 to led_heartbeat
    Location             Delay type         Delay(ns)  Physical Resource
                                                       Logical Resource(s)
    -------------------------------------------------  -------------------
    SLICE_X30Y19.CQ      Tcko                  0.525   u/error_count<6>
                                                       u/campaign/error_count_5
    SLICE_X31Y19.A6      net (fanout=3)        0.344   u/error_count<5>
    SLICE_X31Y19.A       Tilo                  0.259   u/GND_2_o_GND_2_o_equal_4_o<15>
                                                       u/GND_2_o_GND_2_o_equal_4_o<15>1
    SLICE_X32Y17.C2      net (fanout=2)        1.074   u/GND_2_o_GND_2_o_equal_4_o<15>
    SLICE_X32Y17.C       Tilo                  0.235   led_heartbeat_OBUF
                                                       u/GND_2_o_GND_2_o_equal_4_o<15>3
    SLICE_X32Y17.D5      net (fanout=1)        0.251   u/GND_2_o_GND_2_o_equal_4_o
    SLICE_X32Y17.D       Tilo                  0.235   led_heartbeat_OBUF
                                                       u/led_heartbeat
    U16.O                net (fanout=1)        3.731   led_heartbeat_OBUF
    U16.PAD              Tioop                 2.982   led_heartbeat
                                                       led_heartbeat_OBUF
                                                       led_heartbeat
    -------------------------------------------------  ---------------------------
    Total                                      9.636ns (4.236ns logic, 5.400ns route)
                                                       (44.0% logic, 56.0% route)

--------------------------------------------------------------------------------
Offset:                 13.578ns (clock path + data path + uncertainty)
  Source:               u/campaign/pass_count_0 (FF)
  Destination:          led_heartbeat (PAD)
  Source Clock:         clk_100mhz_BUFGP rising at 0.000ns
  Data Path Delay:      9.618ns (Levels of Logic = 3)
  Clock Path Delay:     3.935ns (Levels of Logic = 2)
  Clock Uncertainty:    0.025ns

  Clock Uncertainty:          0.025ns  ((TSJ^2 + TIJ^2)^1/2 + DJ) / 2 + PE
    Total System Jitter (TSJ):  0.050ns
    Total Input Jitter (TIJ):   0.000ns
    Discrete Jitter (DJ):       0.000ns
    Phase Error (PE):           0.000ns

  Maximum Clock Path at Slow Process Corner: clk_100mhz to u/campaign/pass_count_0
    Location             Delay type         Delay(ns)  Physical Resource
                                                       Logical Resource(s)
    -------------------------------------------------  -------------------
    V10.I                Tiopi                 1.557   clk_100mhz
                                                       clk_100mhz
                                                       clk_100mhz_BUFGP/IBUFG
                                                       ProtoComp138.IMUX
    BUFGMUX_X3Y13.I0     net (fanout=1)        1.050   clk_100mhz_BUFGP/IBUFG
    BUFGMUX_X3Y13.O      Tgi0o                 0.209   clk_100mhz_BUFGP/BUFG
                                                       clk_100mhz_BUFGP/BUFG
    SLICE_X33Y22.CLK     net (fanout=284)      1.119   clk_100mhz_BUFGP
    -------------------------------------------------  ---------------------------
    Total                                      3.935ns (1.766ns logic, 2.169ns route)
                                                       (44.9% logic, 55.1% route)

  Maximum Data Path at Slow Process Corner: u/campaign/pass_count_0 to led_heartbeat
    Location             Delay type         Delay(ns)  Physical Resource
                                                       Logical Resource(s)
    -------------------------------------------------  -------------------
    SLICE_X33Y22.BQ      Tcko                  0.430   u/pass_count<4>
                                                       u/campaign/pass_count_0
    SLICE_X31Y21.A1      net (fanout=3)        0.792   u/pass_count<0>
    SLICE_X31Y21.A       Tilo                  0.259   u/N0
                                                       u/led_heartbeat_SW0
    SLICE_X32Y17.D2      net (fanout=1)        1.189   u/N0
    SLICE_X32Y17.D       Tilo                  0.235   led_heartbeat_OBUF
                                                       u/led_heartbeat
    U16.O                net (fanout=1)        3.731   led_heartbeat_OBUF
    U16.PAD              Tioop                 2.982   led_heartbeat
                                                       led_heartbeat_OBUF
                                                       led_heartbeat
    -------------------------------------------------  ---------------------------
    Total                                      9.618ns (3.906ns logic, 5.712ns route)
                                                       (40.6% logic, 59.4% route)

--------------------------------------------------------------------------------

Paths for end point led_reset (V16.PAD), 16 paths
--------------------------------------------------------------------------------
Offset:                 13.420ns (clock path + data path + uncertainty)
  Source:               u/campaign/error_count_3 (FF)
  Destination:          led_reset (PAD)
  Source Clock:         clk_100mhz_BUFGP rising at 0.000ns
  Data Path Delay:      9.457ns (Levels of Logic = 3)
  Clock Path Delay:     3.938ns (Levels of Logic = 2)
  Clock Uncertainty:    0.025ns

  Clock Uncertainty:          0.025ns  ((TSJ^2 + TIJ^2)^1/2 + DJ) / 2 + PE
    Total System Jitter (TSJ):  0.050ns
    Total Input Jitter (TIJ):   0.000ns
    Discrete Jitter (DJ):       0.000ns
    Phase Error (PE):           0.000ns

  Maximum Clock Path at Slow Process Corner: clk_100mhz to u/campaign/error_count_3
    Location             Delay type         Delay(ns)  Physical Resource
                                                       Logical Resource(s)
    -------------------------------------------------  -------------------
    V10.I                Tiopi                 1.557   clk_100mhz
                                                       clk_100mhz
                                                       clk_100mhz_BUFGP/IBUFG
                                                       ProtoComp138.IMUX
    BUFGMUX_X3Y13.I0     net (fanout=1)        1.050   clk_100mhz_BUFGP/IBUFG
    BUFGMUX_X3Y13.O      Tgi0o                 0.209   clk_100mhz_BUFGP/BUFG
                                                       clk_100mhz_BUFGP/BUFG
    SLICE_X30Y19.CLK     net (fanout=284)      1.122   clk_100mhz_BUFGP
    -------------------------------------------------  ---------------------------
    Total                                      3.938ns (1.766ns logic, 2.172ns route)
                                                       (44.8% logic, 55.2% route)

  Maximum Data Path at Slow Process Corner: u/campaign/error_count_3 to led_reset
    Location             Delay type         Delay(ns)  Physical Resource
                                                       Logical Resource(s)
    -------------------------------------------------  -------------------
    SLICE_X30Y19.AQ      Tcko                  0.525   u/error_count<6>
                                                       u/campaign/error_count_3
    SLICE_X31Y19.A1      net (fanout=3)        0.761   u/error_count<3>
    SLICE_X31Y19.A       Tilo                  0.259   u/GND_2_o_GND_2_o_equal_4_o<15>
                                                       u/GND_2_o_GND_2_o_equal_4_o<15>1
    SLICE_X33Y18.C1      net (fanout=2)        0.914   u/GND_2_o_GND_2_o_equal_4_o<15>
    SLICE_X33Y18.C       Tilo                  0.259   u/GND_2_o_GND_2_o_equal_4_o<15>1
                                                       u/led_reset1
    V16.O                net (fanout=1)        3.757   led_reset_OBUF
    V16.PAD              Tioop                 2.982   led_reset
                                                       led_reset_OBUF
                                                       led_reset
    -------------------------------------------------  ---------------------------
    Total                                      9.457ns (4.025ns logic, 5.432ns route)
                                                       (42.6% logic, 57.4% route)

--------------------------------------------------------------------------------
Offset:                 13.401ns (clock path + data path + uncertainty)
  Source:               u/campaign/error_count_1 (FF)
  Destination:          led_reset (PAD)
  Source Clock:         clk_100mhz_BUFGP rising at 0.000ns
  Data Path Delay:      9.440ns (Levels of Logic = 3)
  Clock Path Delay:     3.936ns (Levels of Logic = 2)
  Clock Uncertainty:    0.025ns

  Clock Uncertainty:          0.025ns  ((TSJ^2 + TIJ^2)^1/2 + DJ) / 2 + PE
    Total System Jitter (TSJ):  0.050ns
    Total Input Jitter (TIJ):   0.000ns
    Discrete Jitter (DJ):       0.000ns
    Phase Error (PE):           0.000ns

  Maximum Clock Path at Slow Process Corner: clk_100mhz to u/campaign/error_count_1
    Location             Delay type         Delay(ns)  Physical Resource
                                                       Logical Resource(s)
    -------------------------------------------------  -------------------
    V10.I                Tiopi                 1.557   clk_100mhz
                                                       clk_100mhz
                                                       clk_100mhz_BUFGP/IBUFG
                                                       ProtoComp138.IMUX
    BUFGMUX_X3Y13.I0     net (fanout=1)        1.050   clk_100mhz_BUFGP/IBUFG
    BUFGMUX_X3Y13.O      Tgi0o                 0.209   clk_100mhz_BUFGP/BUFG
                                                       clk_100mhz_BUFGP/BUFG
    SLICE_X30Y20.CLK     net (fanout=284)      1.120   clk_100mhz_BUFGP
    -------------------------------------------------  ---------------------------
    Total                                      3.936ns (1.766ns logic, 2.170ns route)
                                                       (44.9% logic, 55.1% route)

  Maximum Data Path at Slow Process Corner: u/campaign/error_count_1 to led_reset
    Location             Delay type         Delay(ns)  Physical Resource
                                                       Logical Resource(s)
    -------------------------------------------------  -------------------
    SLICE_X30Y20.CQ      Tcko                  0.525   u/error_count<2>
                                                       u/campaign/error_count_1
    SLICE_X31Y19.A2      net (fanout=3)        0.744   u/error_count<1>
    SLICE_X31Y19.A       Tilo                  0.259   u/GND_2_o_GND_2_o_equal_4_o<15>
                                                       u/GND_2_o_GND_2_o_equal_4_o<15>1
    SLICE_X33Y18.C1      net (fanout=2)        0.914   u/GND_2_o_GND_2_o_equal_4_o<15>
    SLICE_X33Y18.C       Tilo                  0.259   u/GND_2_o_GND_2_o_equal_4_o<15>1
                                                       u/led_reset1
    V16.O                net (fanout=1)        3.757   led_reset_OBUF
    V16.PAD              Tioop                 2.982   led_reset
                                                       led_reset_OBUF
                                                       led_reset
    -------------------------------------------------  ---------------------------
    Total                                      9.440ns (4.025ns logic, 5.415ns route)
                                                       (42.6% logic, 57.4% route)

--------------------------------------------------------------------------------
Offset:                 13.241ns (clock path + data path + uncertainty)
  Source:               u/campaign/error_count_4 (FF)
  Destination:          led_reset (PAD)
  Source Clock:         clk_100mhz_BUFGP rising at 0.000ns
  Data Path Delay:      9.278ns (Levels of Logic = 3)
  Clock Path Delay:     3.938ns (Levels of Logic = 2)
  Clock Uncertainty:    0.025ns

  Clock Uncertainty:          0.025ns  ((TSJ^2 + TIJ^2)^1/2 + DJ) / 2 + PE
    Total System Jitter (TSJ):  0.050ns
    Total Input Jitter (TIJ):   0.000ns
    Discrete Jitter (DJ):       0.000ns
    Phase Error (PE):           0.000ns

  Maximum Clock Path at Slow Process Corner: clk_100mhz to u/campaign/error_count_4
    Location             Delay type         Delay(ns)  Physical Resource
                                                       Logical Resource(s)
    -------------------------------------------------  -------------------
    V10.I                Tiopi                 1.557   clk_100mhz
                                                       clk_100mhz
                                                       clk_100mhz_BUFGP/IBUFG
                                                       ProtoComp138.IMUX
    BUFGMUX_X3Y13.I0     net (fanout=1)        1.050   clk_100mhz_BUFGP/IBUFG
    BUFGMUX_X3Y13.O      Tgi0o                 0.209   clk_100mhz_BUFGP/BUFG
                                                       clk_100mhz_BUFGP/BUFG
    SLICE_X30Y19.CLK     net (fanout=284)      1.122   clk_100mhz_BUFGP
    -------------------------------------------------  ---------------------------
    Total                                      3.938ns (1.766ns logic, 2.172ns route)
                                                       (44.8% logic, 55.2% route)

  Maximum Data Path at Slow Process Corner: u/campaign/error_count_4 to led_reset
    Location             Delay type         Delay(ns)  Physical Resource
                                                       Logical Resource(s)
    -------------------------------------------------  -------------------
    SLICE_X30Y19.BQ      Tcko                  0.525   u/error_count<6>
                                                       u/campaign/error_count_4
    SLICE_X31Y19.A3      net (fanout=3)        0.582   u/error_count<4>
    SLICE_X31Y19.A       Tilo                  0.259   u/GND_2_o_GND_2_o_equal_4_o<15>
                                                       u/GND_2_o_GND_2_o_equal_4_o<15>1
    SLICE_X33Y18.C1      net (fanout=2)        0.914   u/GND_2_o_GND_2_o_equal_4_o<15>
    SLICE_X33Y18.C       Tilo                  0.259   u/GND_2_o_GND_2_o_equal_4_o<15>1
                                                       u/led_reset1
    V16.O                net (fanout=1)        3.757   led_reset_OBUF
    V16.PAD              Tioop                 2.982   led_reset
                                                       led_reset_OBUF
                                                       led_reset
    -------------------------------------------------  ---------------------------
    Total                                      9.278ns (4.025ns logic, 5.253ns route)
                                                       (43.4% logic, 56.6% route)

--------------------------------------------------------------------------------
Offset:                 13.157ns (clock path + data path + uncertainty)
  Source:               u/campaign/error_count_0 (FF)
  Destination:          led_reset (PAD)
  Source Clock:         clk_100mhz_BUFGP rising at 0.000ns
  Data Path Delay:      9.196ns (Levels of Logic = 3)
  Clock Path Delay:     3.936ns (Levels of Logic = 2)
  Clock Uncertainty:    0.025ns

  Clock Uncertainty:          0.025ns  ((TSJ^2 + TIJ^2)^1/2 + DJ) / 2 + PE
    Total System Jitter (TSJ):  0.050ns
    Total Input Jitter (TIJ):   0.000ns
    Discrete Jitter (DJ):       0.000ns
    Phase Error (PE):           0.000ns

  Maximum Clock Path at Slow Process Corner: clk_100mhz to u/campaign/error_count_0
    Location             Delay type         Delay(ns)  Physical Resource
                                                       Logical Resource(s)
    -------------------------------------------------  -------------------
    V10.I                Tiopi                 1.557   clk_100mhz
                                                       clk_100mhz
                                                       clk_100mhz_BUFGP/IBUFG
                                                       ProtoComp138.IMUX
    BUFGMUX_X3Y13.I0     net (fanout=1)        1.050   clk_100mhz_BUFGP/IBUFG
    BUFGMUX_X3Y13.O      Tgi0o                 0.209   clk_100mhz_BUFGP/BUFG
                                                       clk_100mhz_BUFGP/BUFG
    SLICE_X30Y20.CLK     net (fanout=284)      1.120   clk_100mhz_BUFGP
    -------------------------------------------------  ---------------------------
    Total                                      3.936ns (1.766ns logic, 2.170ns route)
                                                       (44.9% logic, 55.1% route)

  Maximum Data Path at Slow Process Corner: u/campaign/error_count_0 to led_reset
    Location             Delay type         Delay(ns)  Physical Resource
                                                       Logical Resource(s)
    -------------------------------------------------  -------------------
    SLICE_X30Y20.AQ      Tcko                  0.525   u/error_count<2>
                                                       u/campaign/error_count_0
    SLICE_X31Y19.A4      net (fanout=3)        0.500   u/error_count<0>
    SLICE_X31Y19.A       Tilo                  0.259   u/GND_2_o_GND_2_o_equal_4_o<15>
                                                       u/GND_2_o_GND_2_o_equal_4_o<15>1
    SLICE_X33Y18.C1      net (fanout=2)        0.914   u/GND_2_o_GND_2_o_equal_4_o<15>
    SLICE_X33Y18.C       Tilo                  0.259   u/GND_2_o_GND_2_o_equal_4_o<15>1
                                                       u/led_reset1
    V16.O                net (fanout=1)        3.757   led_reset_OBUF
    V16.PAD              Tioop                 2.982   led_reset
                                                       led_reset_OBUF
                                                       led_reset
    -------------------------------------------------  ---------------------------
    Total                                      9.196ns (4.025ns logic, 5.171ns route)
                                                       (43.8% logic, 56.2% route)

--------------------------------------------------------------------------------
Offset:                 13.089ns (clock path + data path + uncertainty)
  Source:               u/campaign/error_count_2 (FF)
  Destination:          led_reset (PAD)
  Source Clock:         clk_100mhz_BUFGP rising at 0.000ns
  Data Path Delay:      9.128ns (Levels of Logic = 3)
  Clock Path Delay:     3.936ns (Levels of Logic = 2)
  Clock Uncertainty:    0.025ns

  Clock Uncertainty:          0.025ns  ((TSJ^2 + TIJ^2)^1/2 + DJ) / 2 + PE
    Total System Jitter (TSJ):  0.050ns
    Total Input Jitter (TIJ):   0.000ns
    Discrete Jitter (DJ):       0.000ns
    Phase Error (PE):           0.000ns

  Maximum Clock Path at Slow Process Corner: clk_100mhz to u/campaign/error_count_2
    Location             Delay type         Delay(ns)  Physical Resource
                                                       Logical Resource(s)
    -------------------------------------------------  -------------------
    V10.I                Tiopi                 1.557   clk_100mhz
                                                       clk_100mhz
                                                       clk_100mhz_BUFGP/IBUFG
                                                       ProtoComp138.IMUX
    BUFGMUX_X3Y13.I0     net (fanout=1)        1.050   clk_100mhz_BUFGP/IBUFG
    BUFGMUX_X3Y13.O      Tgi0o                 0.209   clk_100mhz_BUFGP/BUFG
                                                       clk_100mhz_BUFGP/BUFG
    SLICE_X30Y20.CLK     net (fanout=284)      1.120   clk_100mhz_BUFGP
    -------------------------------------------------  ---------------------------
    Total                                      3.936ns (1.766ns logic, 2.170ns route)
                                                       (44.9% logic, 55.1% route)

  Maximum Data Path at Slow Process Corner: u/campaign/error_count_2 to led_reset
    Location             Delay type         Delay(ns)  Physical Resource
                                                       Logical Resource(s)
    -------------------------------------------------  -------------------
    SLICE_X30Y20.DQ      Tcko                  0.525   u/error_count<2>
                                                       u/campaign/error_count_2
    SLICE_X31Y19.A5      net (fanout=3)        0.432   u/error_count<2>
    SLICE_X31Y19.A       Tilo                  0.259   u/GND_2_o_GND_2_o_equal_4_o<15>
                                                       u/GND_2_o_GND_2_o_equal_4_o<15>1
    SLICE_X33Y18.C1      net (fanout=2)        0.914   u/GND_2_o_GND_2_o_equal_4_o<15>
    SLICE_X33Y18.C       Tilo                  0.259   u/GND_2_o_GND_2_o_equal_4_o<15>1
                                                       u/led_reset1
    V16.O                net (fanout=1)        3.757   led_reset_OBUF
    V16.PAD              Tioop                 2.982   led_reset
                                                       led_reset_OBUF
                                                       led_reset
    -------------------------------------------------  ---------------------------
    Total                                      9.128ns (4.025ns logic, 5.103ns route)
                                                       (44.1% logic, 55.9% route)

--------------------------------------------------------------------------------
Offset:                 13.003ns (clock path + data path + uncertainty)
  Source:               u/campaign/error_count_5 (FF)
  Destination:          led_reset (PAD)
  Source Clock:         clk_100mhz_BUFGP rising at 0.000ns
  Data Path Delay:      9.040ns (Levels of Logic = 3)
  Clock Path Delay:     3.938ns (Levels of Logic = 2)
  Clock Uncertainty:    0.025ns

  Clock Uncertainty:          0.025ns  ((TSJ^2 + TIJ^2)^1/2 + DJ) / 2 + PE
    Total System Jitter (TSJ):  0.050ns
    Total Input Jitter (TIJ):   0.000ns
    Discrete Jitter (DJ):       0.000ns
    Phase Error (PE):           0.000ns

  Maximum Clock Path at Slow Process Corner: clk_100mhz to u/campaign/error_count_5
    Location             Delay type         Delay(ns)  Physical Resource
                                                       Logical Resource(s)
    -------------------------------------------------  -------------------
    V10.I                Tiopi                 1.557   clk_100mhz
                                                       clk_100mhz
                                                       clk_100mhz_BUFGP/IBUFG
                                                       ProtoComp138.IMUX
    BUFGMUX_X3Y13.I0     net (fanout=1)        1.050   clk_100mhz_BUFGP/IBUFG
    BUFGMUX_X3Y13.O      Tgi0o                 0.209   clk_100mhz_BUFGP/BUFG
                                                       clk_100mhz_BUFGP/BUFG
    SLICE_X30Y19.CLK     net (fanout=284)      1.122   clk_100mhz_BUFGP
    -------------------------------------------------  ---------------------------
    Total                                      3.938ns (1.766ns logic, 2.172ns route)
                                                       (44.8% logic, 55.2% route)

  Maximum Data Path at Slow Process Corner: u/campaign/error_count_5 to led_reset
    Location             Delay type         Delay(ns)  Physical Resource
                                                       Logical Resource(s)
    -------------------------------------------------  -------------------
    SLICE_X30Y19.CQ      Tcko                  0.525   u/error_count<6>
                                                       u/campaign/error_count_5
    SLICE_X31Y19.A6      net (fanout=3)        0.344   u/error_count<5>
    SLICE_X31Y19.A       Tilo                  0.259   u/GND_2_o_GND_2_o_equal_4_o<15>
                                                       u/GND_2_o_GND_2_o_equal_4_o<15>1
    SLICE_X33Y18.C1      net (fanout=2)        0.914   u/GND_2_o_GND_2_o_equal_4_o<15>
    SLICE_X33Y18.C       Tilo                  0.259   u/GND_2_o_GND_2_o_equal_4_o<15>1
                                                       u/led_reset1
    V16.O                net (fanout=1)        3.757   led_reset_OBUF
    V16.PAD              Tioop                 2.982   led_reset
                                                       led_reset_OBUF
                                                       led_reset
    -------------------------------------------------  ---------------------------
    Total                                      9.040ns (4.025ns logic, 5.015ns route)
                                                       (44.5% logic, 55.5% route)

--------------------------------------------------------------------------------
Offset:                 12.883ns (clock path + data path + uncertainty)
  Source:               u/campaign/error_count_6 (FF)
  Destination:          led_reset (PAD)
  Source Clock:         clk_100mhz_BUFGP rising at 0.000ns
  Data Path Delay:      8.920ns (Levels of Logic = 3)
  Clock Path Delay:     3.938ns (Levels of Logic = 2)
  Clock Uncertainty:    0.025ns

  Clock Uncertainty:          0.025ns  ((TSJ^2 + TIJ^2)^1/2 + DJ) / 2 + PE
    Total System Jitter (TSJ):  0.050ns
    Total Input Jitter (TIJ):   0.000ns
    Discrete Jitter (DJ):       0.000ns
    Phase Error (PE):           0.000ns

  Maximum Clock Path at Slow Process Corner: clk_100mhz to u/campaign/error_count_6
    Location             Delay type         Delay(ns)  Physical Resource
                                                       Logical Resource(s)
    -------------------------------------------------  -------------------
    V10.I                Tiopi                 1.557   clk_100mhz
                                                       clk_100mhz
                                                       clk_100mhz_BUFGP/IBUFG
                                                       ProtoComp138.IMUX
    BUFGMUX_X3Y13.I0     net (fanout=1)        1.050   clk_100mhz_BUFGP/IBUFG
    BUFGMUX_X3Y13.O      Tgi0o                 0.209   clk_100mhz_BUFGP/BUFG
                                                       clk_100mhz_BUFGP/BUFG
    SLICE_X30Y19.CLK     net (fanout=284)      1.122   clk_100mhz_BUFGP
    -------------------------------------------------  ---------------------------
    Total                                      3.938ns (1.766ns logic, 2.172ns route)
                                                       (44.8% logic, 55.2% route)

  Maximum Data Path at Slow Process Corner: u/campaign/error_count_6 to led_reset
    Location             Delay type         Delay(ns)  Physical Resource
                                                       Logical Resource(s)
    -------------------------------------------------  -------------------
    SLICE_X30Y19.DQ      Tcko                  0.525   u/error_count<6>
                                                       u/campaign/error_count_6
    SLICE_X33Y18.D1      net (fanout=3)        0.989   u/error_count<6>
    SLICE_X33Y18.D       Tilo                  0.259   u/GND_2_o_GND_2_o_equal_4_o<15>1
                                                       u/GND_2_o_GND_2_o_equal_4_o<15>2
    SLICE_X33Y18.C6      net (fanout=2)        0.149   u/GND_2_o_GND_2_o_equal_4_o<15>1
    SLICE_X33Y18.C       Tilo                  0.259   u/GND_2_o_GND_2_o_equal_4_o<15>1
                                                       u/led_reset1
    V16.O                net (fanout=1)        3.757   led_reset_OBUF
    V16.PAD              Tioop                 2.982   led_reset
                                                       led_reset_OBUF
                                                       led_reset
    -------------------------------------------------  ---------------------------
    Total                                      8.920ns (4.025ns logic, 4.895ns route)
                                                       (45.1% logic, 54.9% route)

--------------------------------------------------------------------------------
Offset:                 12.742ns (clock path + data path + uncertainty)
  Source:               u/campaign/error_count_11 (FF)
  Destination:          led_reset (PAD)
  Source Clock:         clk_100mhz_BUFGP rising at 0.000ns
  Data Path Delay:      8.779ns (Levels of Logic = 3)
  Clock Path Delay:     3.938ns (Levels of Logic = 2)
  Clock Uncertainty:    0.025ns

  Clock Uncertainty:          0.025ns  ((TSJ^2 + TIJ^2)^1/2 + DJ) / 2 + PE
    Total System Jitter (TSJ):  0.050ns
    Total Input Jitter (TIJ):   0.000ns
    Discrete Jitter (DJ):       0.000ns
    Phase Error (PE):           0.000ns

  Maximum Clock Path at Slow Process Corner: clk_100mhz to u/campaign/error_count_11
    Location             Delay type         Delay(ns)  Physical Resource
                                                       Logical Resource(s)
    -------------------------------------------------  -------------------
    V10.I                Tiopi                 1.557   clk_100mhz
                                                       clk_100mhz
                                                       clk_100mhz_BUFGP/IBUFG
                                                       ProtoComp138.IMUX
    BUFGMUX_X3Y13.I0     net (fanout=1)        1.050   clk_100mhz_BUFGP/IBUFG
    BUFGMUX_X3Y13.O      Tgi0o                 0.209   clk_100mhz_BUFGP/BUFG
                                                       clk_100mhz_BUFGP/BUFG
    SLICE_X33Y21.CLK     net (fanout=284)      1.122   clk_100mhz_BUFGP
    -------------------------------------------------  ---------------------------
    Total                                      3.938ns (1.766ns logic, 2.172ns route)
                                                       (44.8% logic, 55.2% route)

  Maximum Data Path at Slow Process Corner: u/campaign/error_count_11 to led_reset
    Location             Delay type         Delay(ns)  Physical Resource
                                                       Logical Resource(s)
    -------------------------------------------------  -------------------
    SLICE_X33Y21.AQ      Tcko                  0.430   u/error_count<14>
                                                       u/campaign/error_count_11
    SLICE_X33Y18.D2      net (fanout=3)        0.943   u/error_count<11>
    SLICE_X33Y18.D       Tilo                  0.259   u/GND_2_o_GND_2_o_equal_4_o<15>1
                                                       u/GND_2_o_GND_2_o_equal_4_o<15>2
    SLICE_X33Y18.C6      net (fanout=2)        0.149   u/GND_2_o_GND_2_o_equal_4_o<15>1
    SLICE_X33Y18.C       Tilo                  0.259   u/GND_2_o_GND_2_o_equal_4_o<15>1
                                                       u/led_reset1
    V16.O                net (fanout=1)        3.757   led_reset_OBUF
    V16.PAD              Tioop                 2.982   led_reset
                                                       led_reset_OBUF
                                                       led_reset
    -------------------------------------------------  ---------------------------
    Total                                      8.779ns (3.930ns logic, 4.849ns route)
                                                       (44.8% logic, 55.2% route)

--------------------------------------------------------------------------------
Offset:                 12.498ns (clock path + data path + uncertainty)
  Source:               u/campaign/error_count_15 (FF)
  Destination:          led_reset (PAD)
  Source Clock:         clk_100mhz_BUFGP rising at 0.000ns
  Data Path Delay:      8.539ns (Levels of Logic = 2)
  Clock Path Delay:     3.934ns (Levels of Logic = 2)
  Clock Uncertainty:    0.025ns

  Clock Uncertainty:          0.025ns  ((TSJ^2 + TIJ^2)^1/2 + DJ) / 2 + PE
    Total System Jitter (TSJ):  0.050ns
    Total Input Jitter (TIJ):   0.000ns
    Discrete Jitter (DJ):       0.000ns
    Phase Error (PE):           0.000ns

  Maximum Clock Path at Slow Process Corner: clk_100mhz to u/campaign/error_count_15
    Location             Delay type         Delay(ns)  Physical Resource
                                                       Logical Resource(s)
    -------------------------------------------------  -------------------
    V10.I                Tiopi                 1.557   clk_100mhz
                                                       clk_100mhz
                                                       clk_100mhz_BUFGP/IBUFG
                                                       ProtoComp138.IMUX
    BUFGMUX_X3Y13.I0     net (fanout=1)        1.050   clk_100mhz_BUFGP/IBUFG
    BUFGMUX_X3Y13.O      Tgi0o                 0.209   clk_100mhz_BUFGP/BUFG
                                                       clk_100mhz_BUFGP/BUFG
    SLICE_X30Y21.CLK     net (fanout=284)      1.118   clk_100mhz_BUFGP
    -------------------------------------------------  ---------------------------
    Total                                      3.934ns (1.766ns logic, 2.168ns route)
                                                       (44.9% logic, 55.1% route)

  Maximum Data Path at Slow Process Corner: u/campaign/error_count_15 to led_reset
    Location             Delay type         Delay(ns)  Physical Resource
                                                       Logical Resource(s)
    -------------------------------------------------  -------------------
    SLICE_X30Y21.AQ      Tcko                  0.525   u/error_count<15>
                                                       u/campaign/error_count_15
    SLICE_X33Y18.C2      net (fanout=4)        1.016   u/error_count<15>
    SLICE_X33Y18.C       Tilo                  0.259   u/GND_2_o_GND_2_o_equal_4_o<15>1
                                                       u/led_reset1
    V16.O                net (fanout=1)        3.757   led_reset_OBUF
    V16.PAD              Tioop                 2.982   led_reset
                                                       led_reset_OBUF
                                                       led_reset
    -------------------------------------------------  ---------------------------
    Total                                      8.539ns (3.766ns logic, 4.773ns route)
                                                       (44.1% logic, 55.9% route)

--------------------------------------------------------------------------------
Offset:                 12.395ns (clock path + data path + uncertainty)
  Source:               u/campaign/error_count_10 (FF)
  Destination:          led_reset (PAD)
  Source Clock:         clk_100mhz_BUFGP rising at 0.000ns
  Data Path Delay:      8.428ns (Levels of Logic = 3)
  Clock Path Delay:     3.942ns (Levels of Logic = 2)
  Clock Uncertainty:    0.025ns

  Clock Uncertainty:          0.025ns  ((TSJ^2 + TIJ^2)^1/2 + DJ) / 2 + PE
    Total System Jitter (TSJ):  0.050ns
    Total Input Jitter (TIJ):   0.000ns
    Discrete Jitter (DJ):       0.000ns
    Phase Error (PE):           0.000ns

  Maximum Clock Path at Slow Process Corner: clk_100mhz to u/campaign/error_count_10
    Location             Delay type         Delay(ns)  Physical Resource
                                                       Logical Resource(s)
    -------------------------------------------------  -------------------
    V10.I                Tiopi                 1.557   clk_100mhz
                                                       clk_100mhz
                                                       clk_100mhz_BUFGP/IBUFG
                                                       ProtoComp138.IMUX
    BUFGMUX_X3Y13.I0     net (fanout=1)        1.050   clk_100mhz_BUFGP/IBUFG
    BUFGMUX_X3Y13.O      Tgi0o                 0.209   clk_100mhz_BUFGP/BUFG
                                                       clk_100mhz_BUFGP/BUFG
    SLICE_X33Y19.CLK     net (fanout=284)      1.126   clk_100mhz_BUFGP
    -------------------------------------------------  ---------------------------
    Total                                      3.942ns (1.766ns logic, 2.176ns route)
                                                       (44.8% logic, 55.2% route)

  Maximum Data Path at Slow Process Corner: u/campaign/error_count_10 to led_reset
    Location             Delay type         Delay(ns)  Physical Resource
                                                       Logical Resource(s)
    -------------------------------------------------  -------------------
    SLICE_X33Y19.DQ      Tcko                  0.430   u/error_count<10>
                                                       u/campaign/error_count_10
    SLICE_X33Y18.D3      net (fanout=3)        0.592   u/error_count<10>
    SLICE_X33Y18.D       Tilo                  0.259   u/GND_2_o_GND_2_o_equal_4_o<15>1
                                                       u/GND_2_o_GND_2_o_equal_4_o<15>2
    SLICE_X33Y18.C6      net (fanout=2)        0.149   u/GND_2_o_GND_2_o_equal_4_o<15>1
    SLICE_X33Y18.C       Tilo                  0.259   u/GND_2_o_GND_2_o_equal_4_o<15>1
                                                       u/led_reset1
    V16.O                net (fanout=1)        3.757   led_reset_OBUF
    V16.PAD              Tioop                 2.982   led_reset
                                                       led_reset_OBUF
                                                       led_reset
    -------------------------------------------------  ---------------------------
    Total                                      8.428ns (3.930ns logic, 4.498ns route)
                                                       (46.6% logic, 53.4% route)

--------------------------------------------------------------------------------

Paths for end point uart_tx (N18.PAD), 1 path
--------------------------------------------------------------------------------
Offset:                 11.348ns (clock path + data path + uncertainty)
  Source:               u/campaign/uart/tx (FF)
  Destination:          uart_tx (PAD)
  Source Clock:         clk_100mhz_BUFGP rising at 0.000ns
  Data Path Delay:      7.383ns (Levels of Logic = 1)
  Clock Path Delay:     3.940ns (Levels of Logic = 2)
  Clock Uncertainty:    0.025ns

  Clock Uncertainty:          0.025ns  ((TSJ^2 + TIJ^2)^1/2 + DJ) / 2 + PE
    Total System Jitter (TSJ):  0.050ns
    Total Input Jitter (TIJ):   0.000ns
    Discrete Jitter (DJ):       0.000ns
    Phase Error (PE):           0.000ns

  Maximum Clock Path at Slow Process Corner: clk_100mhz to u/campaign/uart/tx
    Location             Delay type         Delay(ns)  Physical Resource
                                                       Logical Resource(s)
    -------------------------------------------------  -------------------
    V10.I                Tiopi                 1.557   clk_100mhz
                                                       clk_100mhz
                                                       clk_100mhz_BUFGP/IBUFG
                                                       ProtoComp138.IMUX
    BUFGMUX_X3Y13.I0     net (fanout=1)        1.050   clk_100mhz_BUFGP/IBUFG
    BUFGMUX_X3Y13.O      Tgi0o                 0.209   clk_100mhz_BUFGP/BUFG
                                                       clk_100mhz_BUFGP/BUFG
    SLICE_X32Y43.CLK     net (fanout=284)      1.124   clk_100mhz_BUFGP
    -------------------------------------------------  ---------------------------
    Total                                      3.940ns (1.766ns logic, 2.174ns route)
                                                       (44.8% logic, 55.2% route)

  Maximum Data Path at Slow Process Corner: u/campaign/uart/tx to uart_tx
    Location             Delay type         Delay(ns)  Physical Resource
                                                       Logical Resource(s)
    -------------------------------------------------  -------------------
    SLICE_X32Y43.AQ      Tcko                  0.476   uart_tx_OBUF
                                                       u/campaign/uart/tx
    N18.O                net (fanout=1)        3.925   uart_tx_OBUF
    N18.PAD              Tioop                 2.982   uart_tx
                                                       uart_tx_OBUF
                                                       uart_tx
    -------------------------------------------------  ---------------------------
    Total                                      7.383ns (3.458ns logic, 3.925ns route)
                                                       (46.8% logic, 53.2% route)

--------------------------------------------------------------------------------

================================================================================
Timing constraint: Unconstrained path analysis 

 1081 paths analyzed, 1081 endpoints analyzed, 0 failing endpoints
 0 timing errors detected. (0 setup errors, 0 hold errors)
 Maximum delay is   3.951ns.
--------------------------------------------------------------------------------

Paths for end point u/campaign/kernel/core/state_encoder_i/state_id_6 (SLICE_X37Y34.CLK), 1 path
--------------------------------------------------------------------------------
Delay:                  3.951ns (data path)
  Source:               clk_100mhz (PAD)
  Destination:          u/campaign/kernel/core/state_encoder_i/state_id_6 (FF)
  Data Path Delay:      3.951ns (Levels of Logic = 2)

  Maximum Data Path at Slow Process Corner: clk_100mhz to u/campaign/kernel/core/state_encoder_i/state_id_6
    Location             Delay type         Delay(ns)  Physical Resource
                                                       Logical Resource(s)
    -------------------------------------------------  -------------------
    V10.I                Tiopi                 1.557   clk_100mhz
                                                       clk_100mhz
                                                       clk_100mhz_BUFGP/IBUFG
                                                       ProtoComp138.IMUX
    BUFGMUX_X3Y13.I0     net (fanout=1)        1.050   clk_100mhz_BUFGP/IBUFG
    BUFGMUX_X3Y13.O      Tgi0o                 0.209   clk_100mhz_BUFGP/BUFG
                                                       clk_100mhz_BUFGP/BUFG
    SLICE_X37Y34.CLK     net (fanout=284)      1.135   clk_100mhz_BUFGP
    -------------------------------------------------  ---------------------------
    Total                                      3.951ns (1.766ns logic, 2.185ns route)
                                                       (44.7% logic, 55.3% route)

--------------------------------------------------------------------------------

Paths for end point u/campaign/kernel/core/state_encoder_i/state_id_7 (SLICE_X37Y34.CLK), 1 path
--------------------------------------------------------------------------------
Delay:                  3.951ns (data path)
  Source:               clk_100mhz (PAD)
  Destination:          u/campaign/kernel/core/state_encoder_i/state_id_7 (FF)
  Data Path Delay:      3.951ns (Levels of Logic = 2)

  Maximum Data Path at Slow Process Corner: clk_100mhz to u/campaign/kernel/core/state_encoder_i/state_id_7
    Location             Delay type         Delay(ns)  Physical Resource
                                                       Logical Resource(s)
    -------------------------------------------------  -------------------
    V10.I                Tiopi                 1.557   clk_100mhz
                                                       clk_100mhz
                                                       clk_100mhz_BUFGP/IBUFG
                                                       ProtoComp138.IMUX
    BUFGMUX_X3Y13.I0     net (fanout=1)        1.050   clk_100mhz_BUFGP/IBUFG
    BUFGMUX_X3Y13.O      Tgi0o                 0.209   clk_100mhz_BUFGP/BUFG
                                                       clk_100mhz_BUFGP/BUFG
    SLICE_X37Y34.CLK     net (fanout=284)      1.135   clk_100mhz_BUFGP
    -------------------------------------------------  ---------------------------
    Total                                      3.951ns (1.766ns logic, 2.185ns route)
                                                       (44.7% logic, 55.3% route)

--------------------------------------------------------------------------------

Paths for end point u/campaign/kernel/core/state_encoder_i/state_id_0 (SLICE_X37Y27.CLK), 1 path
--------------------------------------------------------------------------------
Delay:                  3.948ns (data path)
  Source:               clk_100mhz (PAD)
  Destination:          u/campaign/kernel/core/state_encoder_i/state_id_0 (FF)
  Data Path Delay:      3.948ns (Levels of Logic = 2)

  Maximum Data Path at Slow Process Corner: clk_100mhz to u/campaign/kernel/core/state_encoder_i/state_id_0
    Location             Delay type         Delay(ns)  Physical Resource
                                                       Logical Resource(s)
    -------------------------------------------------  -------------------
    V10.I                Tiopi                 1.557   clk_100mhz
                                                       clk_100mhz
                                                       clk_100mhz_BUFGP/IBUFG
                                                       ProtoComp138.IMUX
    BUFGMUX_X3Y13.I0     net (fanout=1)        1.050   clk_100mhz_BUFGP/IBUFG
    BUFGMUX_X3Y13.O      Tgi0o                 0.209   clk_100mhz_BUFGP/BUFG
                                                       clk_100mhz_BUFGP/BUFG
    SLICE_X37Y27.CLK     net (fanout=284)      1.132   clk_100mhz_BUFGP
    -------------------------------------------------  ---------------------------
    Total                                      3.948ns (1.766ns logic, 2.182ns route)
                                                       (44.7% logic, 55.3% route)

--------------------------------------------------------------------------------

Paths for end point u/campaign/kernel/core/state_encoder_i/state_id_1 (SLICE_X37Y27.CLK), 1 path
--------------------------------------------------------------------------------
Delay:                  3.948ns (data path)
  Source:               clk_100mhz (PAD)
  Destination:          u/campaign/kernel/core/state_encoder_i/state_id_1 (FF)
  Data Path Delay:      3.948ns (Levels of Logic = 2)

  Maximum Data Path at Slow Process Corner: clk_100mhz to u/campaign/kernel/core/state_encoder_i/state_id_1
    Location             Delay type         Delay(ns)  Physical Resource
                                                       Logical Resource(s)
    -------------------------------------------------  -------------------
    V10.I                Tiopi                 1.557   clk_100mhz
                                                       clk_100mhz
                                                       clk_100mhz_BUFGP/IBUFG
                                                       ProtoComp138.IMUX
    BUFGMUX_X3Y13.I0     net (fanout=1)        1.050   clk_100mhz_BUFGP/IBUFG
    BUFGMUX_X3Y13.O      Tgi0o                 0.209   clk_100mhz_BUFGP/BUFG
                                                       clk_100mhz_BUFGP/BUFG
    SLICE_X37Y27.CLK     net (fanout=284)      1.132   clk_100mhz_BUFGP
    -------------------------------------------------  ---------------------------
    Total                                      3.948ns (1.766ns logic, 2.182ns route)
                                                       (44.7% logic, 55.3% route)

--------------------------------------------------------------------------------

Paths for end point u/campaign/kernel/core/state_encoder_i/state_id_2 (SLICE_X37Y27.CLK), 1 path
--------------------------------------------------------------------------------
Delay:                  3.948ns (data path)
  Source:               clk_100mhz (PAD)
  Destination:          u/campaign/kernel/core/state_encoder_i/state_id_2 (FF)
  Data Path Delay:      3.948ns (Levels of Logic = 2)

  Maximum Data Path at Slow Process Corner: clk_100mhz to u/campaign/kernel/core/state_encoder_i/state_id_2
    Location             Delay type         Delay(ns)  Physical Resource
                                                       Logical Resource(s)
    -------------------------------------------------  -------------------
    V10.I                Tiopi                 1.557   clk_100mhz
                                                       clk_100mhz
                                                       clk_100mhz_BUFGP/IBUFG
                                                       ProtoComp138.IMUX
    BUFGMUX_X3Y13.I0     net (fanout=1)        1.050   clk_100mhz_BUFGP/IBUFG
    BUFGMUX_X3Y13.O      Tgi0o                 0.209   clk_100mhz_BUFGP/BUFG
                                                       clk_100mhz_BUFGP/BUFG
    SLICE_X37Y27.CLK     net (fanout=284)      1.132   clk_100mhz_BUFGP
    -------------------------------------------------  ---------------------------
    Total                                      3.948ns (1.766ns logic, 2.182ns route)
                                                       (44.7% logic, 55.3% route)

--------------------------------------------------------------------------------

Paths for end point u/campaign/kernel/core/state_encoder_i/state_id_3 (SLICE_X37Y27.CLK), 1 path
--------------------------------------------------------------------------------
Delay:                  3.948ns (data path)
  Source:               clk_100mhz (PAD)
  Destination:          u/campaign/kernel/core/state_encoder_i/state_id_3 (FF)
  Data Path Delay:      3.948ns (Levels of Logic = 2)

  Maximum Data Path at Slow Process Corner: clk_100mhz to u/campaign/kernel/core/state_encoder_i/state_id_3
    Location             Delay type         Delay(ns)  Physical Resource
                                                       Logical Resource(s)
    -------------------------------------------------  -------------------
    V10.I                Tiopi                 1.557   clk_100mhz
                                                       clk_100mhz
                                                       clk_100mhz_BUFGP/IBUFG
                                                       ProtoComp138.IMUX
    BUFGMUX_X3Y13.I0     net (fanout=1)        1.050   clk_100mhz_BUFGP/IBUFG
    BUFGMUX_X3Y13.O      Tgi0o                 0.209   clk_100mhz_BUFGP/BUFG
                                                       clk_100mhz_BUFGP/BUFG
    SLICE_X37Y27.CLK     net (fanout=284)      1.132   clk_100mhz_BUFGP
    -------------------------------------------------  ---------------------------
    Total                                      3.948ns (1.766ns logic, 2.182ns route)
                                                       (44.7% logic, 55.3% route)

--------------------------------------------------------------------------------

Paths for end point u/campaign/records_completed_0 (SLICE_X35Y12.CLK), 1 path
--------------------------------------------------------------------------------
Delay:                  3.948ns (data path)
  Source:               clk_100mhz (PAD)
  Destination:          u/campaign/records_completed_0 (FF)
  Data Path Delay:      3.948ns (Levels of Logic = 2)

  Maximum Data Path at Slow Process Corner: clk_100mhz to u/campaign/records_completed_0
    Location             Delay type         Delay(ns)  Physical Resource
                                                       Logical Resource(s)
    -------------------------------------------------  -------------------
    V10.I                Tiopi                 1.557   clk_100mhz
                                                       clk_100mhz
                                                       clk_100mhz_BUFGP/IBUFG
                                                       ProtoComp138.IMUX
    BUFGMUX_X3Y13.I0     net (fanout=1)        1.050   clk_100mhz_BUFGP/IBUFG
    BUFGMUX_X3Y13.O      Tgi0o                 0.209   clk_100mhz_BUFGP/BUFG
                                                       clk_100mhz_BUFGP/BUFG
    SLICE_X35Y12.CLK     net (fanout=284)      1.132   clk_100mhz_BUFGP
    -------------------------------------------------  ---------------------------
    Total                                      3.948ns (1.766ns logic, 2.182ns route)
                                                       (44.7% logic, 55.3% route)

--------------------------------------------------------------------------------

Paths for end point u/campaign/kernel/core/evaluator_i/remainder_trial_24 (SLICE_X0Y28.CLK), 1 path
--------------------------------------------------------------------------------
Delay:                  3.947ns (data path)
  Source:               clk_100mhz (PAD)
  Destination:          u/campaign/kernel/core/evaluator_i/remainder_trial_24 (FF)
  Data Path Delay:      3.947ns (Levels of Logic = 2)

  Maximum Data Path at Slow Process Corner: clk_100mhz to u/campaign/kernel/core/evaluator_i/remainder_trial_24
    Location             Delay type         Delay(ns)  Physical Resource
                                                       Logical Resource(s)
    -------------------------------------------------  -------------------
    V10.I                Tiopi                 1.557   clk_100mhz
                                                       clk_100mhz
                                                       clk_100mhz_BUFGP/IBUFG
                                                       ProtoComp138.IMUX
    BUFGMUX_X3Y13.I0     net (fanout=1)        1.050   clk_100mhz_BUFGP/IBUFG
    BUFGMUX_X3Y13.O      Tgi0o                 0.209   clk_100mhz_BUFGP/BUFG
                                                       clk_100mhz_BUFGP/BUFG
    SLICE_X0Y28.CLK      net (fanout=284)      1.131   clk_100mhz_BUFGP
    -------------------------------------------------  ---------------------------
    Total                                      3.947ns (1.766ns logic, 2.181ns route)
                                                       (44.7% logic, 55.3% route)

--------------------------------------------------------------------------------

Paths for end point u/campaign/kernel/core/evaluator_i/remainder_trial_25 (SLICE_X0Y28.CLK), 1 path
--------------------------------------------------------------------------------
Delay:                  3.947ns (data path)
  Source:               clk_100mhz (PAD)
  Destination:          u/campaign/kernel/core/evaluator_i/remainder_trial_25 (FF)
  Data Path Delay:      3.947ns (Levels of Logic = 2)

  Maximum Data Path at Slow Process Corner: clk_100mhz to u/campaign/kernel/core/evaluator_i/remainder_trial_25
    Location             Delay type         Delay(ns)  Physical Resource
                                                       Logical Resource(s)
    -------------------------------------------------  -------------------
    V10.I                Tiopi                 1.557   clk_100mhz
                                                       clk_100mhz
                                                       clk_100mhz_BUFGP/IBUFG
                                                       ProtoComp138.IMUX
    BUFGMUX_X3Y13.I0     net (fanout=1)        1.050   clk_100mhz_BUFGP/IBUFG
    BUFGMUX_X3Y13.O      Tgi0o                 0.209   clk_100mhz_BUFGP/BUFG
                                                       clk_100mhz_BUFGP/BUFG
    SLICE_X0Y28.CLK      net (fanout=284)      1.131   clk_100mhz_BUFGP
    -------------------------------------------------  ---------------------------
    Total                                      3.947ns (1.766ns logic, 2.181ns route)
                                                       (44.7% logic, 55.3% route)

--------------------------------------------------------------------------------

Paths for end point u/campaign/kernel/core/evaluator_i/remainder_trial_26 (SLICE_X0Y28.CLK), 1 path
--------------------------------------------------------------------------------
Delay:                  3.947ns (data path)
  Source:               clk_100mhz (PAD)
  Destination:          u/campaign/kernel/core/evaluator_i/remainder_trial_26 (FF)
  Data Path Delay:      3.947ns (Levels of Logic = 2)

  Maximum Data Path at Slow Process Corner: clk_100mhz to u/campaign/kernel/core/evaluator_i/remainder_trial_26
    Location             Delay type         Delay(ns)  Physical Resource
                                                       Logical Resource(s)
    -------------------------------------------------  -------------------
    V10.I                Tiopi                 1.557   clk_100mhz
                                                       clk_100mhz
                                                       clk_100mhz_BUFGP/IBUFG
                                                       ProtoComp138.IMUX
    BUFGMUX_X3Y13.I0     net (fanout=1)        1.050   clk_100mhz_BUFGP/IBUFG
    BUFGMUX_X3Y13.O      Tgi0o                 0.209   clk_100mhz_BUFGP/BUFG
                                                       clk_100mhz_BUFGP/BUFG
    SLICE_X0Y28.CLK      net (fanout=284)      1.131   clk_100mhz_BUFGP
    -------------------------------------------------  ---------------------------
    Total                                      3.947ns (1.766ns logic, 2.181ns route)
                                                       (44.7% logic, 55.3% route)

--------------------------------------------------------------------------------


All constraints were met.


Data Sheet report:
-----------------
All values displayed in nanoseconds (ns)

Setup/Hold to clock clk_100mhz
------------+------------+------------+------------+------------+------------------+--------+
            |Max Setup to|  Process   |Max Hold to |  Process   |                  | Clock  |
Source      | clk (edge) |   Corner   | clk (edge) |   Corner   |Internal Clock(s) | Phase  |
------------+------------+------------+------------+------------+------------------+--------+
btn_reset   |    9.676(R)|      SLOW  |   -0.300(R)|      FAST  |clk_100mhz_BUFGP  |   0.000|
------------+------------+------------+------------+------------+------------------+--------+

Clock clk_100mhz to Pad
-------------+-----------------+------------+-----------------+------------+------------------+--------+
             |Max (slowest) clk|  Process   |Min (fastest) clk|  Process   |                  | Clock  |
Destination  |  (edge) to PAD  |   Corner   |  (edge) to PAD  |   Corner   |Internal Clock(s) | Phase  |
-------------+-----------------+------------+-----------------+------------+------------------+--------+
an_n<0>      |        10.386(R)|      SLOW  |         4.698(R)|      FAST  |clk_100mhz_BUFGP  |   0.000|
an_n<1>      |        10.399(R)|      SLOW  |         4.713(R)|      FAST  |clk_100mhz_BUFGP  |   0.000|
an_n<2>      |        11.093(R)|      SLOW  |         4.906(R)|      FAST  |clk_100mhz_BUFGP  |   0.000|
an_n<3>      |        11.202(R)|      SLOW  |         4.983(R)|      FAST  |clk_100mhz_BUFGP  |   0.000|
led_heartbeat|        14.016(R)|      SLOW  |         5.766(R)|      FAST  |clk_100mhz_BUFGP  |   0.000|
led_reset    |        13.420(R)|      SLOW  |         5.797(R)|      FAST  |clk_100mhz_BUFGP  |   0.000|
seg_n<0>     |        14.392(R)|      SLOW  |         5.233(R)|      FAST  |clk_100mhz_BUFGP  |   0.000|
seg_n<1>     |        14.488(R)|      SLOW  |         5.278(R)|      FAST  |clk_100mhz_BUFGP  |   0.000|
seg_n<2>     |        14.640(R)|      SLOW  |         5.436(R)|      FAST  |clk_100mhz_BUFGP  |   0.000|
seg_n<3>     |        14.656(R)|      SLOW  |         5.531(R)|      FAST  |clk_100mhz_BUFGP  |   0.000|
seg_n<4>     |        14.897(R)|      SLOW  |         5.321(R)|      FAST  |clk_100mhz_BUFGP  |   0.000|
seg_n<5>     |        14.733(R)|      SLOW  |         5.467(R)|      FAST  |clk_100mhz_BUFGP  |   0.000|
seg_n<6>     |        14.668(R)|      SLOW  |         5.554(R)|      FAST  |clk_100mhz_BUFGP  |   0.000|
uart_tx      |        11.348(R)|      SLOW  |         5.393(R)|      FAST  |clk_100mhz_BUFGP  |   0.000|
-------------+-----------------+------------+-----------------+------------+------------------+--------+

Clock to Setup on destination clock clk_100mhz
---------------+---------+---------+---------+---------+
               | Src:Rise| Src:Fall| Src:Rise| Src:Fall|
Source Clock   |Dest:Rise|Dest:Rise|Dest:Fall|Dest:Fall|
---------------+---------+---------+---------+---------+
clk_100mhz     |    9.724|         |         |         |
---------------+---------+---------+---------+---------+


Timing summary:
---------------

Timing errors: 0  Score: 0  (Setup/Max: 0, Hold: 0)

Constraints cover 14261459 paths, 0 nets, and 8441 connections

Design statistics:
   Minimum period:   9.724ns{1}   (Maximum frequency: 102.838MHz)
   Maximum combinational path delay:   3.951ns
   Minimum input required time before clock:   9.676ns
   Maximum output delay after clock:  14.897ns


------------------------------------Footnotes-----------------------------------
1)  The minimum period statistic assumes all single cycle delays.

Analysis completed Wed Jul 22 03:17:38 2026 
--------------------------------------------------------------------------------

Trace Settings:
-------------------------
Trace Settings 

Peak Memory Usage: 414 MB



