trainer_seed,epoch,transition_count,cumulative_transitions,mean_reward,profile_0_count,profile_1_count,profile_2_count,profile_3_count,distinct_state_count,q_min,q_max,q_table_sha256
17,1,4096,4096,4.443719074654,1035,1057,992,1012,106,0.000000000000,26.702906804086,e69fffff141dcd8f1c373d9c994813d2c065cab7d799838dba4d8c23b74d9907
17,2,4096,8192,4.446142919120,1020,990,1031,1055,107,0.000000000000,39.373381083501,53f0ef31bf7a914854bceb83a07248cee5bc5cce6f92374266c98f43818dca60
17,3,4096,12288,4.437255867220,996,1042,1002,1056,106,0.000000000000,50.525267923947,14835a0a3d8015b89c17afc5bdb768b5347b2ea879bc4686372b664f11a494c9
17,4,4096,16384,4.450037590976,1089,994,1031,982,103,0.000000000000,58.120581361890,c7beef69ae83340e2a9c9c841c08768deaf7cb98f0045c6db540cba2c0f33d49
17,5,4096,20480,4.454445010149,1054,998,986,1058,104,0.000000000000,65.071988783305,553b65fdb317656b1f07a0c3505d82229edc437b98673f366c32e2820114a8da
17,6,4096,24576,4.442445557237,1051,1003,1065,977,107,0.000000000000,69.979622733803,fe18b79b8b89beaf47601a7461296d204b33797559cbd1701a5ca74b5817a08a
17,7,4096,28672,4.442439216545,1005,1045,1058,988,113,0.000000000000,73.759099803737,2c96316bb943b68a6532b063a99285563a6133f096a950b797d0bacfab333be1
17,8,4096,32768,4.435050649952,1022,1011,1041,1022,100,0.000000000000,76.903016938574,96cf8133aae3c50c1f53df09cb7aaebd09c152f6d6ffd595ad6744c1923dd79c
17,9,4096,36864,4.438921761818,994,1033,1085,984,110,0.000000000000,79.095746908158,60be4c5a737757fab09792047ed625317ea365e93fd605ba12275439460985c8
17,10,4096,40960,4.434325256653,1051,1034,1008,1003,106,0.000000000000,80.997959941711,08e956a2a05631f2ab86f75f1b886bd258d6ec145be863f73fa400846c662b80
17,11,4096,45056,4.445296568883,1035,1003,1035,1023,102,0.000000000000,82.136243070295,0cca1fd3ecc8e13554f35d0993f2786729d2c797002693c78351ba2c28166fd1
17,12,4096,49152,4.442367424012,1085,982,1069,960,106,0.000000000000,83.160220699648,c58bbc014c21e34c74c85e4bd3b7d305ad5204c3b0cbfad0c50b0611ba9dfebf
17,13,4096,53248,4.435316483050,1050,984,1021,1041,103,0.000000000000,83.875840620482,3ea69eadf12c5dd4c01f15542353ba483d87979724f4534adf4469eee356cfed
17,14,4096,57344,4.435666485899,1058,1047,1006,985,106,0.000000000000,85.887025111027,6dea394f38653a7d7de293b5ac90acbf1b1c32ea8f53b88dc41e63089a96c548
17,15,4096,61440,4.444642198513,1031,1004,1035,1026,106,0.000000000000,86.681038116424,635cf58433986adde7dce23e9274585e2ef4ba944c2d3b0b5ed2ccca580f492e
17,16,4096,65536,4.442234201888,1086,1005,967,1038,106,0.000000000000,88.324698909646,2e094ffd57c8a4d4b577feab6cece7699474603fcbc9c627c5c92b448a3f0be4
17,17,4096,69632,4.441633366552,1051,981,1021,1043,105,0.000000000000,88.940775546358,af0d0699bac41f3032c10866d8b5e55e56db171e213a54cfdaf82bca21064229
17,18,4096,73728,4.436002062635,1077,983,954,1082,110,0.000000000000,89.702085254015,404a7bcfb9855d9a0856284e0f7b6970b7c0e7b48c8cd38217b78f88e742b7ed
17,19,4096,77824,4.443756894256,1045,959,1031,1061,101,0.000000000000,90.222302991977,0c95d48aadd21f2c7eab4aaf47dcd4aa821fdb0fef6cb10a511d3661c44ae11f
17,20,4096,81920,4.443570243708,1078,944,1034,1040,104,0.000000000000,90.898607062752,32a500d2935e05bda778fc2dc29b2fd9140cf3f28950a7380d17da13f79ee7ea
17,21,4096,86016,4.443594027283,1115,935,1057,989,104,0.000000000000,90.825695398500,01c0df333e96491238cc670b1110b965a076701a2c0ba406f6c3a91f9bd64253
17,22,4096,90112,4.440493225565,1086,995,991,1024,101,0.000000000000,91.414875092844,7f4210bc8fb90d5c083b96672a83e0638b5d399ef8702d05a0d27c88ddfd603c
17,23,4096,94208,4.441752422233,1080,937,1037,1042,105,0.000000000000,91.793744827114,7a8fff6ed3a599958619d3a952ec7369f5aae46a6e934987aaf41ea0c08d8749
17,24,4096,98304,4.432259516579,1094,992,1046,964,109,0.000000000000,92.218424235655,80bbcd8539dca5f1efdfa353698432738a572ea6034a783ea67305a8e8c5003b
17,25,4096,102400,4.434190633504,1077,983,1052,984,105,0.000000000000,92.335186745075,7231ce6c2e1a73b9e957feca6dc931a9b71573455a9444fb19fbc75f7e1425bb
17,26,4096,106496,4.437117186524,1060,968,1094,974,103,0.000000000000,92.541589142142,7b61888a5ba228aa87457ca1b01b1c813014ae2b9889ec1d9477d4093e4221c8
17,27,4096,110592,4.435974926400,1069,1005,985,1037,106,0.000000000000,92.636542630287,4ba868aa6e14441b4c1da608e183cc65398b5f7966a3a1142f5fbfd8e6541cc6
17,28,4096,114688,4.438038995916,1099,978,989,1030,104,0.000000000000,92.981542340130,e37b6a519287fa28ee2fc8a2d35ff282d97d19b8a53985400280ce5f26691922
17,29,4096,118784,4.441695741311,1033,1034,1029,1000,109,0.000000000000,93.226127912696,228b9eb2a55131de6aa390d8dfc384640fd442c7ff8d7674bf9e61477e682a81
17,30,4096,122880,4.442006238309,1126,977,944,1049,111,0.000000000000,93.471949158227,9f2f5da5f1d35e08ffffca9e03d3df62f59e1f28e1b51c8d910f6ef44b099d52
17,31,4096,126976,4.442240986661,1077,1022,1064,933,108,0.000000000000,93.709173448056,18bf9861f4205bbbf057c01ff6b6ec27043ba7790edfd8ed0bc0457211fde176
17,32,4096,131072,4.447519186922,1116,980,999,1001,106,0.000000000000,93.824394510888,aada9226767fdd2edd3bf744d806f8eee68dc9165438a88e261d016aa2c0aa19
17,33,4096,135168,4.438181584827,1097,1012,1010,977,104,0.000000000000,93.989946786481,b9337001f11099dc1c8d94bca0a2d09c9910f96624db677d6e226efca7ef9f4b
17,34,4096,139264,4.434449185810,1087,962,1014,1033,107,0.000000000000,94.039476805577,c33d3030314153154e862208b100fccbc701f4385ea612a84668197fbe84e5c4
17,35,4096,143360,4.440260581974,1096,936,1119,945,103,0.000000000000,93.990402413585,60b33edaf8fcb4127a742edaae30843b0b9921c653bf3fdd81e73c23188f8784
17,36,4096,147456,4.444387545330,1099,967,1083,947,106,0.000000000000,94.163154976665,5df3d9d0433d806eb48377f833034be27eebfd989f2ac2c1406ff11190e4f77b
17,37,4096,151552,4.442935614990,1077,937,1115,967,106,0.000000000000,94.215929196945,a2092de8b92de9c1ff28d32338179621971fcc8e9f84ff3601e9d6d3cdf8bc83
17,38,4096,155648,4.441338182420,1162,965,1129,840,102,0.000000000000,94.240831443781,cd0ef9246e3fed3afa7c12a0353802a6de9bfe9380eb8fa8f6dce253b16c384c
17,39,4096,159744,4.443244811490,1132,928,1048,988,102,0.000000000000,94.396549831296,e95eb65d63a9b579d25b3da12514fe70a5435d98c18cb3f11b4be35ad63d1294
17,40,4096,163840,4.447834141377,1002,906,1265,923,104,0.000000000000,94.723047054378,07d4c6ae3f56f63c184409e61a452149d7878e2fae92869ab645c3cc495f29e7
17,41,4096,167936,4.442403936883,1008,853,1190,1045,98,0.000000000000,94.507641792331,0138e4d9af12808d1e7aa9c8b66db6f6c7ee4abb14896f11441be0b7419183e6
17,42,4096,172032,4.450844909350,1071,914,1140,971,102,0.000000000000,94.600939351470,48b75525a39e7f8f4e90d482ad32f9f513cc8a52b71d03b73666351a21d06b40
17,43,4096,176128,4.450734246087,1039,875,1239,943,104,0.000000000000,94.714739792513,0aaec19ad38d5425be4d0d5ead84ad0326a565d470b072a92d4c9a833469fbf7
17,44,4096,180224,4.446511425112,1174,884,1163,875,106,0.000000000000,94.717299104944,c98faf385d66415f19fa0879be753a20a84ba0f909992f70b6d393f70cf1c7e7
17,45,4096,184320,4.444773126627,1133,916,1147,900,103,0.000000000000,94.722502377229,324c2c82a7da2d42bad9459c30b3902329a4ba5de5729b14ef238c0522a43ba7
17,46,4096,188416,4.452561480674,887,985,1415,809,107,0.000000000000,94.818635344456,7b5fd7561b5b908aacc841a6e7eccc590b0784afcf8c6fc26afa03e91ae09b2e
17,47,4096,192512,4.455755128213,945,945,1376,830,110,0.000000000000,94.879459406827,a6328ea79eba34bd5ac2705d9ed0ea67a8cb64a42c64dea946c1b13d7f178b75
17,48,4096,196608,4.455021156524,990,946,1337,823,106,0.000000000000,94.898609274370,b46a38a0d6a5bf009f4b184fe7743e41443b5f4c2bbc07d1bbcacad328483a0d
17,49,4096,200704,4.450124698042,959,828,1401,908,100,0.000000000000,94.968653809121,1bca08328ecf66df28c311e50344ed2950bae5ce067ec840b29feb506237af02
17,50,4096,204800,4.448340224825,966,931,1376,823,108,0.000000000000,94.942553675933,f091403c100cae3780e6403044a3ed354b99941edb7d0deaa056e4b2fd44653d
17,51,4096,208896,4.457020754026,1033,962,1264,837,105,0.000000000000,95.009749842970,e47ea4ccb890016adebdd0322199d5be75a854d26b876a74253a1f4a47aca5fc
17,52,4096,212992,4.453930455964,904,949,1416,827,106,0.000000000000,95.179711076169,6bc79dc573be17904907031f2c23370967741981c85f4b7ce2102b937df80365
17,53,4096,217088,4.462673488892,883,942,1461,810,102,0.000000000000,95.117618518824,d19a72dc3b6114c04a94d4778d627e3b4f2daac77e5c334df1c20c3bc6e2c05b
17,54,4096,221184,4.453234211521,890,925,1487,794,104,0.000000000000,95.262688291922,68a0621dffed2019c2938cd1efda544491c63d55e694d2f7b8b1dc51a0765464
17,55,4096,225280,4.461219509454,890,1081,1299,826,111,0.000000000000,95.421062391886,50890d659ee873b49d46f74b60e98ad7b2e3fae86291f1b0e3053e6fb70e2592
17,56,4096,229376,4.458853049918,897,998,1244,957,98,0.000000000000,95.425398770774,b95fdc5ab8a63660bc0b5c35768bc94e9c9e9eac75be5517ff4115bacdaf57b9
17,57,4096,233472,4.453225604108,966,1004,1200,926,103,0.000000000000,95.431521165808,657020404da2bf4ec7fed1ae56d3d81d9883672f142c3b21665b69daf4c9f993
17,58,4096,237568,4.460072607595,1121,923,1286,766,100,0.000000000000,95.418317455608,74769c6e7fe7a9049079d78c5440ca44a2b847e64766354a95411f5cbbc0ad20
17,59,4096,241664,4.456899019126,1022,921,1307,846,103,0.000000000000,95.515939060483,6929e9f45d2b2b060b18998fd86b98e9264b1e9c65a77b455ccf14aa038445ff
17,60,4096,245760,4.465623325500,1171,796,1329,800,110,0.000000000000,95.464752244438,705b415faa79f474c721d252874bb96b827ef382c57372e6718da594f9d17d5b
17,61,4096,249856,4.458972530196,932,902,1455,807,104,0.000000000000,95.324004177002,71a71110c41f6238d8513ab76a94c6dda3650c4de849630adc6c628c195a5473
17,62,4096,253952,4.467815496624,914,936,1350,896,106,0.000000000000,95.366650347989,91d451bc9e6b1ba27fb95c8b47aea840dcf9def5ae9b111889bcb887a0251a06
17,63,4096,258048,4.457439294362,966,855,1457,818,107,0.000000000000,95.504079367128,e8d5d81d75f5db2215353dd7ea133101834dd695042df24d5f39d2bb62e8cd41
17,64,4096,262144,4.470053162847,931,872,1416,877,109,0.000000000000,95.382680690429,618ce3c499f4f47a76429138f10b4c330a82b8de147c28fc879d6dddde048051
17,65,4096,266240,4.452896970380,1018,975,1303,800,103,0.000000000000,95.448718380915,fd65a82579eb31b6298a969e52cf3c3a84cda01bbbdab0dd84768ec479fc7aab
17,66,4096,270336,4.454360512467,1039,1051,1119,887,105,0.000000000000,95.539671241342,2b9ccdd5ac4a1f6046a3d7b6b5bc200fe409a2823dada0a895ea57e5bab5d01f
17,67,4096,274432,4.458576246982,985,885,1345,881,100,0.000000000000,95.616957891458,45175e82543ad7059c9c2b30e6e30bc88b6c5c1b5336649a8cb941ff76b6fcd3
17,68,4096,278528,4.467265158006,1019,936,1397,744,107,0.000000000000,95.747868971439,052f74080a87ea1e769a057edd9397d0815623bf65a764f336d10c0ebff044de
17,69,4096,282624,4.463707519965,1046,1002,1270,778,106,0.000000000000,95.688154743734,231d8b80f969134fd2228542a78680d5e995a509e576acf053bc8c4917b6b1b1
17,70,4096,286720,4.467687348350,906,962,1460,768,99,0.000000000000,95.728670701428,23778c3c61c8e568f9973544b137f0bce003ba69dd23134ff0bec43f75f32ee7
17,71,4096,290816,4.462408593712,1052,892,1399,753,101,0.000000000000,95.722544380808,c175ea135cb572b553c6c236cc762f416d813094e73d0dba351f430ef07cf690
17,72,4096,294912,4.465224765916,1115,934,1237,810,98,0.000000000000,95.751039598927,5c521af12609903eea90b1c7e328b6ddc17ea125eeef7b750e575b5b714ea35e
17,73,4096,299008,4.466698733843,1166,869,1243,818,105,0.000000000000,95.710482540144,e77623624bc2219b807fba97990b4da05ebf9dcf25ca3cb84678a94880b97e11
17,74,4096,303104,4.463890867095,1088,791,1496,721,104,0.000000000000,95.822865526835,5620c36223c05199775792ea6c015f7f1cd9e7a01e03a062cea9fa4f4622d5b4
17,75,4096,307200,4.464535448167,908,939,1436,813,100,0.000000000000,95.861514837909,bdec8979e61f909cd03dd125dc6a00e446ade36cb63545301a502b8ad1cf2bf8
17,76,4096,311296,4.464000642180,853,791,1637,815,101,0.000000000000,95.932063722265,93903c3d7d4c1eec334b17f850444a75b7757c7d3ef608b2ed0153bc0c77f131
17,77,4096,315392,4.457827375438,1046,896,1372,782,102,0.000000000000,95.899613059940,23e39705a95c6aefa3c0945e09f92132491dbd700aacf7cc3e34399f6907971a
17,78,4096,319488,4.460923800402,1010,844,1560,682,104,0.000000000000,95.898166563160,20d4803c1d6a57619d4453e4929b7ac3b59c76fcbeef97dc82ef06676bd62e36
17,79,4096,323584,4.473758854373,795,948,1407,946,106,0.000000000000,95.880154268221,33e03eb38b4b9a4532ff5140415b1da327f6d85d4b495ed4efc41d84d61d9ec0
17,80,4096,327680,4.474353149346,1023,949,1460,664,105,0.000000000000,95.820278181605,2793bdb632fb8170b94d30e22f427b0e8f31026557eef771ffe2108b678e2784
17,81,4096,331776,4.470830869909,875,1112,1310,799,98,0.000000000000,95.771278016816,3170a70ac7d331ef0221e6540780a1392e99f38b31a51da82e100c1c6dceb9e0
17,82,4096,335872,4.460647027032,1084,862,1260,890,100,0.000000000000,95.832038357199,67b5c24e82b97c4cf34c59aa3794ab26a2ed47f0c2887bc8afb288f17da1d2e2
17,83,4096,339968,4.475449746827,922,937,1435,802,102,0.000000000000,95.831923999207,988a33c1ec5e4f8f2b753d649d8fec5d5e57711e7b7f8e52e7d9c685fd3c9995
17,84,4096,344064,4.470793938416,1019,860,1432,785,100,0.000000000000,95.851060748925,dfa7f6f88f154d12cd9d07c984c20d56de3c4877f537899c7069d152b9e1d5eb
17,85,4096,348160,4.469681618146,1041,831,1456,768,103,0.000000000000,95.902899915064,372ca69160f2f77be8dca8feb2b27ba7eac97a009ad376e4905a9c15ab6ac5aa
17,86,4096,352256,4.474649067255,1010,789,1563,734,99,0.000000000000,95.792830481639,c47ee84857a54df160f6f5581707bc0ca5d577b4d458f468cd92fcc2e41e75d2
17,87,4096,356352,4.478586184012,1095,1078,1266,657,105,0.000000000000,95.779178164555,7bb324420b15ad5ee645ec23a25dbde6b809ff7213a8c7db708c5ee9a6de26f7
17,88,4096,360448,4.468823312416,1218,954,1132,792,96,0.000000000000,95.729051566193,a56169f153de6b565841dba288b001fdc2d0901ba19ddece8946d2ef72906d54
17,89,4096,364544,4.481925153568,1071,831,1587,607,97,0.000000000000,95.750885308370,c506487670b16b6a3043de97305127b61acdf069d8097edba236c9bab7c009d3
17,90,4096,368640,4.482180349924,842,846,1790,618,98,0.000000000000,95.743845905784,2b201e3d9db5e70381c5edcc5d78b7394bd3f0f706871351d9d5d3e4862bef58
17,91,4096,372736,4.480957130611,993,809,1762,532,104,0.000000000000,95.737336661675,69a6458a9a0f33234d7a80f30dcc965e7ee26b50a9c2af347f71425160a5a63d
17,92,4096,376832,4.472019761461,1189,751,1370,786,107,0.000000000000,95.759299076469,c61798c2bf76329e08b91c140845dae974489e10a75bce57aa506c252dcfa05f
17,93,4096,380928,4.481934820957,1104,788,1607,597,105,0.000000000000,95.715860733111,885fc85633e3c6425e39bdde6bd64aa6723a27e2841fd4128a44ca2c35e7e477
17,94,4096,385024,4.481349469432,951,799,1790,556,96,0.000000000000,95.671746294692,dedd9d74adcaded66c2f22509853a25c60fdf032f4a1d71b29e75e266b3c638e
17,95,4096,389120,4.477165919814,1206,846,1409,635,99,0.000000000000,95.699605748638,535609e2d3e96e79374f0db4bc75fa6baebe51873adfbaab05ca566433d63618
17,96,4096,393216,4.480240719038,1159,707,1526,704,96,0.000000000000,95.757885009110,0a40941cc3eb314e65a2e6156475db0c105c519245201deed434457eabed621d
17,97,4096,397312,4.475280748779,1033,615,1546,902,97,0.000000000000,95.683715984881,a6c3b5ba18d5d729426c4d43dafcae542ef530181fcef8b1a4a7c9597529de21
17,98,4096,401408,4.490407620198,1067,888,1602,539,102,0.000000000000,95.745495791599,13d3da290e1cabb0e5a1f28ad35f3952afa8ff2aa749444aea6939d56a7790b1
17,99,4096,405504,4.486052076016,882,693,1858,663,95,0.000000000000,95.725199320214,e20ab4eb5289ce8ead1a05715513295c0c0b588c67d944f0dca6a7ccab8e9b1a
17,100,4096,409600,4.484326747322,1046,762,1564,724,97,0.000000000000,95.782448067131,c2acf7f26c21ed31bbf23984ebb22fd3f85c996dae821b5a482ffaa7421c1744
17,101,4096,413696,4.485652318100,819,778,1830,669,98,0.000000000000,95.883904750794,756d6acdd2fd773f8a16a37d64844dba2857763bcbf827f28358b1c959f14e04
17,102,4096,417792,4.479848851195,941,805,1547,803,97,0.000000000000,95.955804650847,3d3a573c259f463240d3d1f11e979acea873936757d6a89dffe4fa2fe81e1502
17,103,4096,421888,4.481354642319,898,740,1854,604,97,0.000000000000,95.863116869430,d517d24a3c3ebb99fb065facc03b531b26b0f48b9ffd5182ed03e24ee44b9cef
17,104,4096,425984,4.485474489635,1186,687,1706,517,96,0.000000000000,95.933214894307,957a817daf9b70fc2c125298d2bfd2122c1e4e2dcbee3a0d795770a1a473ddc3
17,105,4096,430080,4.491957788373,1147,755,1622,572,95,0.000000000000,96.051510442107,ea6d65dd85eec00aeb780975c7ebc2b86f896dc40457518dd392e49de329582e
17,106,4096,434176,4.483720146864,879,728,1714,775,93,0.000000000000,96.104435577112,f508e951f66f4719f4143ee9710ec587e9e8148e2577f9b15112529d464a97c8
17,107,4096,438272,4.490262584881,1059,736,1697,604,99,0.000000000000,96.074006058551,7428d982a08bd8ecdde1d3ea6919990659f6dc5b289e3a5280b93d7497ae97b6
17,108,4096,442368,4.489430072166,1101,798,1547,650,92,0.000000000000,96.110512809956,95d0d30c54cfd37de696be89d68f0d59cc0701d6f95c0b5a91d57e9b25112f7e
17,109,4096,446464,4.498451954160,784,788,1725,799,98,0.000000000000,96.116905386691,48bf686bf631af5ec06e275b71e9cc9d8e75f3e04e8fb436e6c496468eb7deeb
17,110,4096,450560,4.487688188493,1049,779,1604,664,95,0.000000000000,96.143802890586,19bc304e0f1fea669d86d4f88d27a0e3b45a9d09a051c86f8a49b1aa2f827525
17,111,4096,454656,4.496566528998,1481,927,1100,588,99,0.000000000000,96.220725563063,d2a93974cb03889f19732dd274f8f688a2a19206a5a41ed62df22423d5eccb80
17,112,4096,458752,4.488883538025,1199,749,1472,676,93,0.000000000000,96.268424990985,635e63d865985c82f5a59744b07f9ed61dfe54cd495110f8b99c0cc657435f13
17,113,4096,462848,4.502489388622,915,903,1630,648,95,0.000000000000,96.312990395677,606095b34c621e416f782ac0901dfc29054c4721e81773c6d0b1a514863de82b
17,114,4096,466944,4.499029609591,1347,858,1342,549,95,0.000000000000,96.359043763293,60758d410606b0484ef2956ebbb29ced78b08c75ad560942bbbd83f9f77072bf
17,115,4096,471040,4.491557785788,971,969,1396,760,100,0.000000000000,96.421235543113,0825e3a5522849dc4a078521990b44b3b212a6d28519813aeee8d32fa63d0856
17,116,4096,475136,4.493092210294,1089,811,1438,758,90,0.000000000000,96.455717901493,49ce085a240253b9498774b08d4558521a08a5a75ace3554942d278f11783893
17,117,4096,479232,4.487556659974,1037,727,1689,643,96,0.000000000000,96.528817706476,888a81ccd3f2784f89f9c7efd4df12f4f6601467db317804c580470c49b74059
17,118,4096,483328,4.498259515455,1137,612,1725,622,97,0.000000000000,96.548783972017,81bffa83383e21a38613d40fcf4a864c7c7dcb6be36d09fdff54e71de83b51fc
17,119,4096,487424,4.503077492264,1055,791,1728,522,96,0.000000000000,96.493234585389,205e40f2a6afca7140dc96480b36e0a41c19461cbe5fec855fb35e513aaac46e
17,120,4096,491520,4.512154901468,1038,976,1487,595,98,0.000000000000,96.455103774643,30b64c575d0a341b63f95670923377cc6876c52141df8084c82e5490275962fe
17,121,4096,495616,4.498574650962,1155,742,1481,718,93,0.000000000000,96.433416921372,5a878337ed3453cfc28e072c0e5d12cc93081b3e73668ab44c95e5bd83926d2c
17,122,4096,499712,4.502914241832,1439,857,1252,548,94,0.000000000000,96.428599720171,96bd58ec2c50146bc299e97968414166da028f2d33c4311f7ef74dc4b07d8a50
17,123,4096,503808,4.501310289252,1259,910,1242,685,102,0.000000000000,96.424651201504,2ff1f250a671ee913ea3c1c52ba496c92886a41c3728edff096ebe8c9d825a94
17,124,4096,507904,4.498120455405,1300,667,1384,745,99,0.000000000000,96.405094909677,5cb6e424690f31cc8c8b01f6fde4647393dda4e9a54b6680a3708a24cfdc635e
17,125,4096,512000,4.498768018792,1279,978,1197,642,89,0.000000000000,96.386132308810,8c5446abbf825541d340f167131153dd9e014ba8fd579676d6d5ba9a6c2d52d2
17,126,4096,516096,4.516932552528,1283,853,1574,386,102,0.000000000000,96.438827093525,3b0118ddb42eb116867c21708d38da23d728f4a1e4bb5f8924e2487d74b12fb2
17,127,4096,520192,4.510691273462,888,682,1824,702,103,0.000000000000,96.503956722413,2a87e2bce2f98090f88e35052dc5b22d94d1223db1c7b49b4008fd6a8da9a021
17,128,4096,524288,4.510366580495,1187,636,1602,671,99,0.000000000000,96.570772590105,7fced0c0fca723b4c5c18a20f5412fe62afb9cf915217fe525467b7c2cf42781
17,129,4096,528384,4.511517152864,978,628,1964,526,102,0.000000000000,96.622060228533,35855f4f2e3eb5346ae53fb7e9dadfeecb9f01b74e04326b35594da20a2b9bdd
17,130,4096,532480,4.517433018411,1136,711,1853,396,98,0.000000000000,96.670055856114,09235ad12bf1581dfeadc8d29ac077e17301d474f932de7f77730c23420a81bf
17,131,4096,536576,4.528265724794,1152,597,1874,473,95,0.000000000000,96.709248631520,ebd2ec700ae86514002e184d8cd949b62dacc376d3d66935b83542e91e7fa3d8
17,132,4096,540672,4.509909525506,1080,559,1871,586,94,0.000000000000,96.711457067932,e620450a27a2adb8e4979273b6104789a9c446fdd1631e3dce9fbf33a6a6a083
17,133,4096,544768,4.523135034819,1085,568,1879,564,99,0.000000000000,96.739769161427,7698adbda69dac3b91db9fb29584eca6224b30c883ada58b535d1cd22cc0573d
17,134,4096,548864,4.527245324364,1205,763,1702,426,95,0.000000000000,96.735536928248,9ac4c1c2da384210f18bd2d4a541fe5ab032383eb313415474a7591151bb43c1
17,135,4096,552960,4.526937789424,936,611,2154,395,93,0.000000000000,96.763639565367,60b28d7cc0e8835163d78b06b7a84a58c8f278fc29a1cb6cdd324895e652d64e
17,136,4096,557056,4.535207268209,979,557,1972,588,94,0.000000000000,96.780858383352,96b263dff6cbe1856b618543e06d5ea610583bde139575d8789c6925f5a95dad
17,137,4096,561152,4.528553561253,887,559,2187,463,96,0.000000000000,96.797412451438,1ed6d563437258635351a155fe3026df93c5f902547c22c311f76eb76e0aad25
17,138,4096,565248,4.511724575216,1456,618,1391,631,91,0.000000000000,96.860550156732,3e8211331a9923926208a6ad5fa2c5ae767a8bde27831533ca8ec27e405c2c2e
17,139,4096,569344,4.532281062471,1294,974,1290,538,93,0.000000000000,96.944583747234,5813489105429a11aa806214c1c9093ba8fc56792177f6c38b7f3bff63b1d5bf
17,140,4096,573440,4.518685807208,1406,413,1597,680,95,0.000000000000,96.944583747234,8921abf6b325eab2f2bf611f4a5d1713d48c1349cf802902b1102a16484651ed
17,141,4096,577536,4.535779323595,1180,592,1621,703,88,0.000000000000,97.020615650275,ac9fc5375e8016f574824dd9b493f423109d79a941bad1540e56708fe97442bf
17,142,4096,581632,4.529300970202,1093,507,1852,644,92,0.000000000000,97.088906555997,b8cf1b269e846700f912b7df7500b75c0bf0bc22b3975ed1122ef967ff4e1729
17,143,4096,585728,4.533514883093,1293,383,1624,796,94,0.000000000000,97.148862763794,90664819bc5e5bcd7f9162a6d2d768484e3596274852f8dd13219b488264e8fa
17,144,4096,589824,4.522424245161,1294,650,1484,668,93,0.000000000000,97.148862763794,5664354e96d12d830f78c238818c1450a4cafdb661f841b1afb047e4daa7991f
17,145,4096,593920,4.536584538942,690,680,2141,585,88,0.000000000000,97.201418044752,869071aa6d99eb2f833cd616240c5514e4dd682fbc7e5d32c5419bcf9f0455bc
17,146,4096,598016,4.536410409428,1045,541,2136,374,93,0.000000000000,97.246188893133,e83c5840402ecda0748f4d2864f575a6ad9ee3fbf58e73c4f1aa863cc4044498
17,147,4096,602112,4.535230713324,1168,677,1627,624,88,0.000000000000,97.284371247479,d7767fd8fbe85681ab5e420dfe019cc567521125dd2ebd57ba3e8c6f8508adf1
17,148,4096,606208,4.512388393291,1544,682,1352,518,95,0.000000000000,97.316325109394,eb1487c0fbd2b41fd36f8b7d4b425da68b9ad87e32d2565e65645afbea427e6a
17,149,4096,610304,4.526700403695,2127,457,1084,428,94,0.000000000000,97.342207444507,c8c92cbb3cc8e2951198d56557f7c78ff66daa30ca86b0fb4832ad6c29dca912
17,150,4096,614400,4.542132762420,2301,705,808,282,92,0.000000000000,97.362904284065,72490ea155da8f02e0863d1615ba5859af6c40bc8e74c10ee72fc0b50b8f0dfa
17,151,4096,618496,4.556806478271,2331,853,559,353,90,0.000000000000,97.378838187009,43a510d81893b8799e45b5d5f4c8895684b8aad62eda522858db076305ad4cb0
17,152,4096,622592,4.550681881500,2349,574,659,514,88,0.000000000000,97.390199661790,e333c8b7496cd79403d5bb6154d152250b66cfaf5ebcac407c8f7f23b6e81866
17,153,4096,626688,4.538092091936,2225,399,1021,451,94,0.000000000000,97.396671042233,276c0e1a33201761be01955946474f5a932817e3b93690c377b6a6aa122376ce
17,154,4096,630784,4.542336036251,2227,453,867,549,94,0.000000000000,97.398815235833,8da7bd6657c2406acbcae85d0eeabab8cbbd28c822d26d9df16b8f6fbc543c35
17,155,4096,634880,4.536901932472,1886,561,1104,545,99,0.000000000000,97.396877414912,222475eb55fe0490e8711cf5c8a1244c55b6e0a00b6e295372b605728ce5ad4c
17,156,4096,638976,4.546174086303,1210,378,1944,564,93,0.000000000000,97.392098369708,040faabb1b7eabcf02205ffdad002b34960e0019d4e3258ad0d7098f0bb3c4fa
17,157,4096,643072,4.553890508797,925,419,2234,518,93,0.000000000000,97.387797229025,a3318bbf1b0560079db7187e71edb241a2cbbebef19f8cd3bcdab0201211e31b
17,158,4096,647168,4.551860661826,1243,484,1964,405,94,0.000000000000,97.378713903145,c96fe7b79939b2be4ebde0745edec61c29016c032c868a3bc138ec73bdadc9b2
17,159,4096,651264,4.566822756277,1156,590,1902,448,93,0.000000000000,97.370474158215,6cd37f5ec8c4a79950281f82dc2c89f8f1ef180e8db4f7a6621080d370fdf99a
17,160,4096,655360,4.570334819708,1328,689,1793,286,89,0.000000000000,97.356132131348,7b057e2fda4ea8f945a442ada2f4bdcfafcd2488b5a48c6786591929ceb20535
17,161,4096,659456,4.561072404470,1232,601,1854,409,95,0.000000000000,97.335961385331,53df65bc2a29fe7e33edb4b184d59e4bdb020844e269064c3492aad51a715cff
17,162,4096,663552,4.539900651215,1632,419,1376,669,90,0.000000000000,97.310754495507,ee7541aeb6858c8427e4b7529f8aaf07c79ef95597c3feb7f4ae426d8a702919
17,163,4096,667648,4.568485271212,1398,666,1651,381,90,0.000000000000,97.280933473020,6424e2beaaeca9bb900d9ae7460b028d85a88d59e5ed0d076fa8dc9d63244cb2
17,164,4096,671744,4.563874080862,1384,483,1795,434,92,0.000000000000,97.247690129320,bba64fd29205b6a768b7f8715676b649d3d26c739a8a3c9b8341aaf535a438db
17,165,4096,675840,4.552349377009,1016,719,1898,463,93,0.000000000000,97.213140932871,00025971200fb3e87e279578fb3efbfe5ab7b48994c209f05cc3446fc8ea8319
17,166,4096,679936,4.555423944586,948,473,2183,492,90,0.000000000000,97.176675189925,00add226cd3f0a043ad31ac0c2eca848dec186236412c705a12ad3bfe34ffa30
17,167,4096,684032,4.562540450381,1231,551,1930,384,90,0.000000000000,97.176675189925,e1432fd4dbb2e66760578d311c90e63170a3b89c4f9b98b6ca002bbb5aa3aa45
17,168,4096,688128,4.573513939037,1192,648,1929,327,88,0.000000000000,97.129759740061,8588e06a9f57287786700a025a868b2ca6f82071b38f0e1f2d8bec0de8757e8f
17,169,4096,692224,4.553083977017,969,449,2294,384,90,0.000000000000,97.083964841101,362ba145b12cc0ab2a360667e790a27d9c14ab03e3c5d0b26013f1a229cff290
17,170,4096,696320,4.569588691216,1345,501,1844,406,91,0.000000000000,97.037177689567,22db73e8689c65e9ff75732ef833d5d94d0e1c508af7723f983a2b464891fcd9
17,171,4096,700416,4.561265414178,1356,618,1810,312,90,0.000000000000,96.989647305826,e8bffeb2e29df201cb0939f3576f17bfba690fe89dbb960a2f0ca4cba6dbf91d
17,172,4096,704512,4.568818874797,1413,616,1802,265,90,0.000000000000,96.940805467815,2ba9dd6b56fd9b0cee21c5f07a2d8067b099eccefc397d8c1f6ed1414042363a
17,173,4096,708608,4.560899026416,1289,724,1718,365,89,0.000000000000,96.891452347462,f9cec1e2d50d6aea20351e7306fe2df6655b13fccda540d339b6efe4d4e28617
17,174,4096,712704,4.560695114185,1351,579,1698,468,97,0.000000000000,96.841857259378,09ed975177e47ddd017eb27e96b2237cb58edd81b05de92b0365f8eed23b3bb3
17,175,4096,716800,4.557665075837,1108,487,1976,525,94,0.000000000000,96.792158685673,606f1028ab83538c721e7f8631273aa6dfcdce65bc821f966a8509e8318f2308
17,176,4096,720896,4.576937617680,1481,467,1642,506,90,0.000000000000,96.740900319714,e7d6047d80ef41743a492a23de473309a77c833135d764e99811792e042ad4de
17,177,4096,724992,4.554938594839,1219,393,1950,534,89,0.000000000000,96.686050740914,8599744f06f815a4fd03e68cfe0198faf088fbcf815c433b3c977bdc74b375a7
17,178,4096,729088,4.555856309801,874,488,2044,690,93,0.000000000000,96.630852850705,727030b828cb7f1fcd7ac84b1b80a6b35568b2dc65d6cad9682b17b3d830a440
17,179,4096,733184,4.568625131420,734,678,2223,461,95,0.000000000000,96.575114287511,94a84bdcdced7fae89b650dca760e1d8bd9dce47421ca1295356997a1934447d
17,180,4096,737280,4.548112203186,819,762,2194,321,94,0.000000000000,96.519010843519,a3a8cd3860d25e3a0604691b1e76eb8dba9e0bac5b3cc503dbcb24302715bb7f
17,181,4096,741376,4.552154998959,887,695,2042,472,92,0.000000000000,96.462870210864,8d1bc3b65874ec163709856b7012880a758d1050cbfbe87bb9cd58bc709f9466
17,182,4096,745472,4.553655283762,1657,857,1123,459,89,0.000000000000,96.406958000077,5be2ffea49c92814ee327ee4173e45adc655f6511a96c1c134f612d65fb0e7ad
17,183,4096,749568,4.550378395042,1782,422,1588,304,95,0.000000000000,96.352168095819,e7cc06030bd021c1d19a70f0835f7004c163872f6a33ddfef671587f43ea834e
17,184,4096,753664,4.580164543478,1617,467,1673,339,91,0.000000000000,96.296343650019,60323bbf9865d9943cd9d03b167e55259f5cf32e123be5962520b491e6544ced
17,185,4096,757760,4.571128583304,1558,552,1721,265,88,0.000000000000,96.241351010925,d0f99b24df55efb0a1fa40adc76f083b0d069fb6c17be35aab37e3949c9cf503
17,186,4096,761856,4.556389243921,1156,546,1980,414,91,0.000000000000,96.186796540058,35b7effdd6b0e3ff9f6d3b6990c4a8f9e691962d4e094c1fa5520b11df9f4457
17,187,4096,765952,4.583869628134,1450,455,1699,492,91,0.000000000000,96.132330334225,7abc6ba381ca4f65ced8661355a0ce57b72d840377555e7df7fc0f8b7adad85a
17,188,4096,770048,4.569802529664,1517,537,1641,401,89,0.000000000000,96.078409484479,2d3ffd12adf1711b8f6b1434bc9aca337a8080cf121eb975aea81814bfe2b1ce
17,189,4096,774144,4.560047269259,1425,521,1747,403,92,0.000000000000,96.024155306932,de8cde90dca8b161d1b9717959c6533f8f1dde925876af94b38cae2802b9c15f
17,190,4096,778240,4.575467373650,1737,668,1356,335,89,0.000000000000,95.971327084116,ab544fec1163e50b928084bab024e38856b1e09b3a5f4d41c416565d95d9ec95
17,191,4096,782336,4.580883618633,1594,572,1590,340,95,0.000000000000,95.919152075735,de1274bf9f3ffd8fb5dc8a9badcc6935fb80a945cbeeae8678241cbce4fd6733
17,192,4096,786432,4.572805931563,1462,686,1597,351,98,0.000000000000,95.867725444173,645e85601b0447b291bbe376d6bdcc10ef85e12d396c985b05032f5b8212cd3a
17,193,4096,790528,4.561734009277,1360,631,1650,455,94,0.000000000000,95.816842134193,754c9b49fa9da9229314fcf868879a1cb92af5d19e2eb07019e087ab788839c3
17,194,4096,794624,4.556272826810,1238,822,1609,427,93,0.000000000000,95.766252164945,35fa46abd0b177f2e9998df3ab6042b6c7e86a62fd34193048b785a5de1c8c08
17,195,4096,798720,4.535838201282,1343,805,1187,761,92,0.000000000000,95.719701671887,1d554b94378cdde56141d5dfddd31cb0c7325e45802ed06e503f232ae58ee497
17,196,4096,802816,4.538294457116,1519,863,1148,566,95,0.000000000000,95.672670050113,767abd2accaed2d27a6801d036faea9e2fb70c9ca196d29c6cf5e0c092b9b9ab
17,197,4096,806912,4.578852067380,1583,719,1622,172,89,0.000000000000,95.629565098589,80c82eb98e5371fa3dd0b470c7440b95e344b175ddc44bdf99717bf7fd091c08
17,198,4096,811008,4.564559891430,1537,558,1803,198,89,0.000000000000,95.586941788317,ea0db37c46f5796db5f3c5ffca829631736941c14f60e24f3c6fd04b42bf9255
17,199,4096,815104,4.554072873917,1302,291,2208,295,92,0.000000000000,95.543873754977,3e8a039c4468b64245b244c00a58511754346a283b6176e6967434bf93b0c4e9
17,200,4096,819200,4.556869074705,1306,577,2026,187,96,0.000000000000,95.503558495123,f9e2a49aa0e4edeb7e1137edab92c13f07d4e210fd90cc77089ce030d9853acd
29,1,4096,4096,4.440329781289,1007,996,1084,1009,111,0.000000000000,26.022253510380,1a7646ad498c6d3ab8f1255f6bfdc7016c813e0d4ba5527a22d402faa2b95d62
29,2,4096,8192,4.440392831710,1000,1061,991,1044,106,0.000000000000,39.221588412180,2d67e7b350a75e8503e83f4de0f12c16a253a611c703eb9076c759ae852d64e7
29,3,4096,12288,4.444470458117,1016,1016,1058,1006,105,0.000000000000,49.633399705512,92eca105fff0daab57caa1c341b7ce1981cd5c1c88a0514bcac984c7754ff5ad
29,4,4096,16384,4.445018196918,1022,1018,1043,1013,106,0.000000000000,58.366186289374,44b82d929153783e0322a32e7cb6c4e2e5bbd33cd94697654a404e5eafc8e063
29,5,4096,20480,4.447481651907,1002,1017,1063,1014,107,0.000000000000,64.751417450906,5d1a2741a46bd457ec358cf680766b0f8ac1f1f1bf8b5421d48b7c5ffa6f7026
29,6,4096,24576,4.440172098816,1025,1014,1047,1010,104,0.000000000000,69.675282796908,8224190c36c93831ed4b9c0ef5c39162ac5e53789f0f3324c7cb085ed4ac16cc
29,7,4096,28672,4.438961841056,1032,1030,1028,1006,109,0.000000000000,73.824961886171,b07037be09d30b19ac97f8756218bb117bfb48bec6c405a12217b82b74a4eff1
29,8,4096,32768,4.444619203672,1048,1022,1021,1005,109,0.000000000000,76.196900071597,3aa82443a699dc51d66cafe9c5ca0d479fb99790f705245ac331c1859cb3e222
29,9,4096,36864,4.437829730315,1036,1000,1018,1042,108,0.000000000000,78.731189273584,9cc97f86e76dc08aa0f4bbe523acfe316f8207fe55ec60f3d246d6b1bac4389b
29,10,4096,40960,4.449952257215,1074,1028,1030,964,103,0.000000000000,80.298522849236,b9cc044914b109114130aadfa8f188a62d12aa215fb5e9f74d25547086d4137c
29,11,4096,45056,4.440435284307,1061,975,1055,1005,112,0.000000000000,81.570560175855,f7b272946ac0b9455ef7faef7891595fd75ca150d493fc5fb45a646859a7c710
29,12,4096,49152,4.439875017479,1081,1019,975,1021,100,0.000000000000,82.676122721292,d7539a6f22c68e943d82bff29b1734990ebedc87d7f50144b76670204408374d
29,13,4096,53248,4.442383279738,1075,974,1012,1035,103,0.000000000000,84.051348708562,b25aba1f5882d19ce7847970c08f595d036c75e12df2f28fc2036fd4bc393586
29,14,4096,57344,4.442455154912,1049,995,1039,1013,106,0.000000000000,85.371125465578,08f2afc4fee3aa7d2fcf24b680cacf8fdaa3985690910e56c82abd0e7f198dbb
29,15,4096,61440,4.440641045437,1012,1054,1033,997,106,0.000000000000,86.788513194030,1b53af041ce3830857d85ca23e16ed2f5a8c4ba5e48579355c3f55eafa938218
29,16,4096,65536,4.443367513644,1040,999,1037,1020,107,0.000000000000,87.695143325614,0f7f9ccfc4456be06306e72b6afd10e60641a829ac6744c131ac0681ba93f9d3
29,17,4096,69632,4.437221952025,1066,972,1018,1040,107,0.000000000000,88.410880512912,1e2ec721361c69a53710d7c1d8c7975c71b46e2f9a2f0595e5b1c02d687ae0d5
29,18,4096,73728,4.430821506632,1022,996,1019,1059,106,0.000000000000,89.322249318949,be000d3cc73c39afa40e53fef567d199c040942eb24ee660ae0e48d46d29c9bc
29,19,4096,77824,4.448914866262,1094,991,1051,960,108,0.000000000000,90.244847088340,41c6335cb9ecb367410b0627c1e0865fe01f9a19bfe76cdbe052d89a7abc7440
29,20,4096,81920,4.443573442549,1107,983,1076,930,110,0.000000000000,90.656007090824,0c1758c67cf8b709c9fea637ab52b5f222b2b4a964e8831d26c60d9e46945469
29,21,4096,86016,4.437948943187,1070,1001,1056,969,102,0.000000000000,91.331050627478,4f7ec617b92f7b16337c0de38505531044f46af9f1f55357473c8c42908935ca
29,22,4096,90112,4.441053242358,1048,983,1039,1026,104,0.000000000000,91.431214031983,769ac6b3af5edc8f5cf00abad7f534ea0cde953f8e225d69ed69632ebdde5fd3
29,23,4096,94208,4.442739633400,1024,967,1088,1017,106,0.000000000000,91.776857073179,23b5e56d8c463c6276e3ed094377d74796a453a73594631f853c5c2c7740f9e8
29,24,4096,98304,4.441257131256,1071,953,1060,1012,110,0.000000000000,92.044033395677,70b3f8a0365d0599e75b4e8989aeaa2dd3ca24365e493faecee020311df921ba
29,25,4096,102400,4.433510883648,1015,1009,1071,1001,108,0.000000000000,92.383730945384,c3f3c2a35aaca32165b322d54ff6fd270d1b0ed6413fb495ee4bf6fda2ac852e
29,26,4096,106496,4.437475733698,1022,1005,1033,1036,105,0.000000000000,92.644726132980,a05537dd6ab938905653e3312d0a194ac012d0415274c69cde922a6ef082b968
29,27,4096,110592,4.441533413459,1069,951,1069,1007,106,0.000000000000,92.989064146851,ec085d13dc950321f965c5511e90095bcaec726eaca876d26c4ad83cd0e0ac0b
29,28,4096,114688,4.435453122385,1041,983,1179,893,101,0.000000000000,93.387680244153,5fc886270cae8398e210f42aa0f34fdb359c9378cccb5171af0245177324c498
29,29,4096,118784,4.449966079656,1053,968,1092,983,111,0.000000000000,93.425454650025,7ffc95bd3dd04cfdae1139fab08950c6d003b1df5bfdc34515a49b98806b2b43
29,30,4096,122880,4.433301582098,1007,957,1123,1009,109,0.000000000000,93.564465637916,75565fb10b40c72221f0ef14f4ff409f4705d943c2527022267c8cf61c43fbbe
29,31,4096,126976,4.442581602480,1065,1040,1045,946,103,0.000000000000,93.726408757927,57a3cff8a153d30dd5dac89063da595f6ae1fcd930ca001cf4e6ddf0e2a42895
29,32,4096,131072,4.448876073173,1185,923,1085,903,103,0.000000000000,94.004265728101,60a4f4114ea9185170853b72cf72011941fe1826bf432b50e3f24acb0031dd7a
29,33,4096,135168,4.441144871405,1131,978,1047,940,108,0.000000000000,94.158483871063,466408878f4109738ddc812826a533b47184bd326a034983031ff579575439b6
29,34,4096,139264,4.448236446510,1135,1015,1095,851,104,0.000000000000,94.303202220927,d0caab04d5b7a4e0364640db37399649a1fb31ce07fad237915ebc65313fa9ff
29,35,4096,143360,4.442916564487,1045,1076,1103,872,102,0.000000000000,94.383220457910,2d1ca4f9db7fd2aa946ea867e7cbfffa2b66b4df0af6de795bf17d7d015af7c2
29,36,4096,147456,4.445250434204,1099,942,1151,904,103,0.000000000000,94.530051396026,707c86bd5cf707664ea2fcd5914ef96348c00875c6a3db9ae76c859d190a7d92
29,37,4096,151552,4.445505283711,1043,985,1168,900,109,0.000000000000,94.703851476624,9bc26f09c570a615aa50d0cb1bac1919e64665dc3b581dbd92e918dd86092c65
29,38,4096,155648,4.450518332945,1132,940,1101,923,103,0.000000000000,94.583408125790,7789169a4d245e11c391d164bfceaf18fcf241f04f40f99520eda41c0bf1d24f
29,39,4096,159744,4.453656672930,1148,878,1141,929,104,0.000000000000,94.758086700800,7a1bd32a645027d895dddfb55b87a5638e398f5455c5725f0914600975be8d3e
29,40,4096,163840,4.455338746377,1008,879,1288,921,102,0.000000000000,94.718251392408,f870338556daae25c314b6006a49a05f71475ceebfd772836e0d4e39a20d3c30
29,41,4096,167936,4.450038127576,1010,932,1215,939,102,0.000000000000,94.698885105964,e8cf76b1cf9b55cb233262adecfe9ee7a5902ddc8dd2a094646e952ccf4fbbb1
29,42,4096,172032,4.448033468918,1093,966,1161,876,103,0.000000000000,94.797586934100,2df2fd910cd8f01fe71bd5982b1f02ab40508d51174728d9dc4a58556c28c2b1
29,43,4096,176128,4.448708246100,1004,952,1313,827,106,0.000000000000,94.802900753573,730e223224877101156899aac94e352f354e5afa68ba89c739ca488fc3b80e5c
29,44,4096,180224,4.453860348974,1008,962,1176,950,105,0.000000000000,94.864810942095,42d5ebedde210612b2c75f2127c9f51caab3216477df25b5e3203360ed1070a8
29,45,4096,184320,4.454379873870,1054,855,1347,840,103,0.000000000000,94.897713284121,8e36f22a007040feaaad70b16f43bb8090f094b48a897d0d8b15e49aeb3b070f
29,46,4096,188416,4.447830107379,1075,924,1240,857,105,0.000000000000,94.977538348559,764034211cfbd750134550eeaad2fa804fb98fe6f5b4fdb36395e485b5e280f8
29,47,4096,192512,4.454539403644,1135,914,1229,818,100,0.000000000000,94.913606431465,99cf88d674ee304edd5d4db837d1dc8bfad3f5c43a2c6f63a8e3ff7f50e382ef
29,48,4096,196608,4.460202771932,993,965,1231,907,104,0.000000000000,94.908464185987,38a301d8b751b12d475687001e9ac8bf9bc89666322287f6b8fbe3af22b568ef
29,49,4096,200704,4.446229493881,1090,912,1261,833,108,0.000000000000,95.083472014442,e9e6cf633022f2a4a1038de7a8566056bfac7a5c7068dc4ce881c5df2a8a74ce
29,50,4096,204800,4.455820471656,990,870,1305,931,104,0.000000000000,95.095450974812,457b0718c252bea62bef3924a24d00fb7f7d2882ec6bbf9d3a391769d2320ff3
29,51,4096,208896,4.462384497406,931,924,1288,953,104,0.000000000000,95.140613640713,b4c4234063d236b5a529accd7d01a3738ade2f49b3a2aa7de420cddddc842442
29,52,4096,212992,4.448502676347,985,1062,1172,877,109,0.000000000000,95.227405915754,b6f73cb467a90c0a8992ab2e453f2bacf58683dc3b89ff15ed81b1334adcaf52
29,53,4096,217088,4.442027723321,983,982,1222,909,104,0.000000000000,95.289038300031,abbdc5a5ff4f4b9ef70ab2dc054fc5c7cb151518d26cc1819f39c7c673a008e7
29,54,4096,221184,4.455556749010,948,938,1330,880,100,0.000000000000,95.231275982938,f26250037e3cb7460c162b02c1db8320fbdc4a2e5fe94e72f7dba902d11d3a3a
29,55,4096,225280,4.449669193843,983,905,1396,812,101,0.000000000000,95.264292058979,8b02ad688ef96be07e8badba1b3fb66ca0a44ead0d9674dcaa0f760592188a5c
29,56,4096,229376,4.444360643683,1041,922,1327,806,106,0.000000000000,95.266844312747,637ac90a7a56fbf7ec69e2c4845c7f5f4672fc31731fbd4880d0e4ab75bb2deb
29,57,4096,233472,4.451237998858,1119,838,1253,886,103,0.000000000000,95.353557345317,3bde8f9271a433fa4ba140c32e7fefc3be1854016cd6bd43edc09b2376c3d15f
29,58,4096,237568,4.455629546926,902,869,1495,830,103,0.000000000000,95.341456953382,edb4e2b592919b4d9d968207626bd906237255f2d26c81510dbc91495087508c
29,59,4096,241664,4.459437579280,989,968,1340,799,103,0.000000000000,95.503837561778,1406a7d219116b32500cb5dd4400b378bec96456dcb7d3bcd2c37f102382d329
29,60,4096,245760,4.464295991200,941,974,1305,876,104,0.000000000000,95.650678824128,f999ec895eb67d4665d1dfe11acb58c066cf79cf3fd424c26c0f968dc124b985
29,61,4096,249856,4.459802616952,1066,996,1169,865,105,0.000000000000,95.625867385155,26a4c9d20e8bfd0cd0397f4ae9f20eb4904d16c5af379e457ef6afd1d48e6815
29,62,4096,253952,4.456956351130,1123,972,1271,730,101,0.000000000000,95.551195416738,203c01a41affc3789c9de9c411705d346c841105d4e1f412f2451850cfc63f9a
29,63,4096,258048,4.453443271789,1040,924,1275,857,104,0.000000000000,95.532076246164,4695f1acab1f3839e040196791becfe7cf4bffb58881263560f980623fada851
29,64,4096,262144,4.460557408913,1084,914,1218,880,99,0.000000000000,95.700097986149,cfe74de2fe2679efe06fbe676ecb6c747c628360f0891786f2d8aaefe18484b3
29,65,4096,266240,4.461765935697,878,996,1309,913,99,0.000000000000,95.662124042799,62b51a6527995148c371c686106ff80a9c1f730e6ce994974e570b58883e51b4
29,66,4096,270336,4.460388869960,1011,994,1241,850,103,0.000000000000,95.619202273189,b612c585d7b923bfafd506c5408631e3603f8bca55c31cf648ccb644721421bb
29,67,4096,274432,4.462112140870,1057,908,1285,846,102,0.000000000000,95.596278699326,a9caf4897f96eb7f1f0aba4c8ef5a847f6ff86f4e2286d950c2f4d9bacb184be
29,68,4096,278528,4.453589169809,1071,941,1345,739,97,0.000000000000,95.637901985622,d6023b560f4f7518b8717ac9e127d12b5162358fe481cbc10ddc80259256e926
29,69,4096,282624,4.460586960173,992,882,1388,834,102,0.000000000000,95.721809722273,3e8712ce3307505ee46d8792e3ea5da4a646761720d7afac8f6b5802e9b64338
29,70,4096,286720,4.470485166458,1070,1013,1297,716,103,0.000000000000,95.808194110626,4ec2c7e517282f5a954069f272561fa6c9e9191131bcc57bf545ccfcdb497721
29,71,4096,290816,4.468705558222,970,966,1462,698,107,0.000000000000,95.822486543120,38e46f6f9e529e550a33851769c16dc309fe3519cbabc22c3b623bd17e7cc06a
29,72,4096,294912,4.463707306203,946,965,1415,770,104,0.000000000000,95.842724652082,41ffe3fc33c8f8ff763336a04123268375898814d42667444afdbc42cb9d4516
29,73,4096,299008,4.468804109966,1145,945,1175,831,99,0.000000000000,95.875381363827,6b7d938253b116c354325307d5a150f4a4713fc6872249830b4de2aa3264d225
29,74,4096,303104,4.465785735464,832,826,1625,813,96,0.000000000000,95.925568508631,e68f9efe06a98809aa4ddc24d3b8864f8e8864ecca8b5eac7192ba5145ec3f9c
29,75,4096,307200,4.466561074017,1064,861,1344,827,105,0.000000000000,95.795001242564,a56eea5f6f8079207dba63b9874655977d92202b94d84fedb8c68b104c1c5f61
29,76,4096,311296,4.473257966710,1029,903,1482,682,103,0.000000000000,95.962970835241,f55c33d7e2928848f7d676d7c58ee0855027d87e97f2bed2062bada635ffc842
29,77,4096,315392,4.456411609089,974,858,1367,897,105,0.000000000000,95.974677367207,85eca3236802f1baf2f944e65edbe94fdfb1e8c25886f776fde91d42a5d1867f
29,78,4096,319488,4.471839655719,876,893,1400,927,107,0.000000000000,95.940532290155,37a2e5b3fa3c833b69cf1c88e628467fb7b65e4a0e44d01bc271f8790b8e9e54
29,79,4096,323584,4.465152746600,1076,847,1332,841,107,0.000000000000,95.840491948998,2b04925c4fac9aa44ee19bcd3663936951c9acce3f206e315134f545bc70bb24
29,80,4096,327680,4.472282851006,846,1025,1499,726,100,0.000000000000,95.867629824914,2f442cce615e1f25190b88a24382591306f991b9557ada40d152b97f3481d518
29,81,4096,331776,4.469785924308,1032,831,1478,755,101,0.000000000000,95.943749513721,48802128471805caa2162ecaa9621491bdc0465eb781168c3ca85364c9b0aa28
29,82,4096,335872,4.468779976724,1095,796,1301,904,101,0.000000000000,95.969944711575,74cb1250a7a1841edf7c2dc25acf5a3df41fc2e5343edb8c676855c0be2803d3
29,83,4096,339968,4.462318953887,1102,925,1233,836,99,0.000000000000,95.885953841187,17e67e6f36625cbe785953d664fac3dda6e31f87876e241b0a6c3c11ff54f44b
29,84,4096,344064,4.479872094851,935,830,1539,792,104,0.000000000000,95.808943608928,624dc8abe2da028a400099e6e262cc7034b5ad539d7348daae73aca60406c804
29,85,4096,348160,4.482257482575,890,747,1670,789,96,0.000000000000,95.921566053136,767aeff020081e7a57c30af620d51c295198cb24ebb312fd7bbd660aa3fc8fa6
29,86,4096,352256,4.467545425169,1089,748,1455,804,100,0.000000000000,96.008708149974,db0106ab9c006e52d6cdd6033075d8eb9bd5720b6be4cc7d7c6d861af40c5d3e
29,87,4096,356352,4.468674490698,1086,796,1307,907,95,0.000000000000,95.966775945974,a2e95af4de594bffb94e5bc3ac8455fb9a110c397b3ff2aa074387d881275814
29,88,4096,360448,4.472941021232,919,905,1190,1082,100,0.000000000000,95.978731332019,bacdff2a9b71ccea7f802d716a7720e68b51340d011ed238259510819068e591
29,89,4096,364544,4.467637420820,1068,772,1279,977,101,0.000000000000,95.978856774589,5e3223ae3c9e5538e826ea0dc1711172139ab1deeae142aa13cf3a578e8565c7
29,90,4096,368640,4.459316683344,1270,713,1238,875,94,0.000000000000,96.093071764412,8993260cb28cae9a4b30a5ee0d2213f5cfbe309cc87aa6ff94f09771ec9a74f8
29,91,4096,372736,4.480469058597,1146,991,1232,727,103,0.000000000000,96.066379842704,4a4e3bde36bbfc4980f05bab524ccb65c5574d47d984ed3efbc1c6733b9e6881
29,92,4096,376832,4.476151444706,950,990,1232,924,102,0.000000000000,96.052696748442,83dfc42a5079dac70d4357ed33dc5b2768a71bde3e6cb79ad66123f51b61ebfb
29,93,4096,380928,4.485555213680,967,945,1405,779,100,0.000000000000,96.042595756284,e014d99540ac3dd5fb1edf91270c17c30896c4cc8765ecdd0874ad30ebf2602c
29,94,4096,385024,4.477177976903,1056,794,1402,844,106,0.000000000000,95.980767674579,86090b9052d3d18863374e0f02de9c2edf1df8b10735c7218e05f6704a627be7
29,95,4096,389120,4.475492778218,946,920,1310,920,98,0.000000000000,96.046110909058,2ccfc4ecdee71d850a5e1148400455353942ae1ec3a9e32dc6f1bf318710aee2
29,96,4096,393216,4.482010509618,919,807,1579,791,95,0.000000000000,96.062567103248,2aa5a5660220b7d2d75968fac5345a806c591668a55d904a9910479c0e200842
29,97,4096,397312,4.472455840329,1062,674,1576,784,93,0.000000000000,96.090652578488,554028a03543ee93e10bbe46e80174ef8a3a10255d8f081584c7eb61a2e38f79
29,98,4096,401408,4.484278698854,1023,637,1668,768,102,0.000000000000,96.098850567151,9c6c40c49bcdf0952cb569c58e01a236aca4e8dfb6eea6366c9a69670c4f718a
29,99,4096,405504,4.485454731615,1016,741,1711,628,97,0.000000000000,96.084218157810,a295bf47ec13b156bfcf3151284a4b2ec1aa34da30b618e4b892705b2070022b
29,100,4096,409600,4.495953758142,937,729,1819,611,101,0.000000000000,96.093582503156,aeff4ce38e378b4531d445d27ae85e7ca51054aef600e7582f266ab5731a285f
29,101,4096,413696,4.478516795095,938,646,1727,785,101,0.000000000000,96.067548095259,b4fed8456a53a6cfdb78d6a3e3f53524399f0c104c4a4f1ec96994d9ffc94f11
29,102,4096,417792,4.473450670207,1139,853,1364,740,95,0.000000000000,96.080750106030,808b5300ea3700293a631f0d30caf43b4a6cda921dd365a63493b49503cc2a3f
29,103,4096,421888,4.477791608443,1197,848,1311,740,96,0.000000000000,96.092991144584,fad5df3513b9e95e56a84440aaa7fb687edc4f6f748798d00b5ae3aa7a4632f8
29,104,4096,425984,4.484290721892,1397,650,1343,706,98,0.000000000000,96.092174455702,a527cea3b00ddcea6aaf0afdaaf7e7da653051fa4a88e49b363305b8f2c1ae0d
29,105,4096,430080,4.477793342739,1136,776,1173,1011,97,0.000000000000,96.086642885185,04c8485e83c20e1b1076e7ea9926fb0a8a1dbdbc3525d21aed059052bd68547b
29,106,4096,434176,4.477078327475,1168,703,1285,940,99,0.000000000000,96.110431037573,6773b63589fddc55c2655b7f5de086598dc131feb7b86ab7f84bb796c29e793e
29,107,4096,438272,4.485281331204,1324,616,1350,806,94,0.000000000000,96.115950725504,18846fa42166f13fa64e1645b9b554ec0048087bbe7e1b512c6b85f5a236181f
29,108,4096,442368,4.499448989704,843,833,1742,678,105,0.000000000000,96.144400559863,5d08ad76de5f0e3734007f66ce6942957ff534b654874ce1c134e383a79bd2de
29,109,4096,446464,4.495543061458,879,836,1737,644,97,0.000000000000,96.124413695754,f1445ee640b1ca16086730a17cbc4d340d072ec2e0fbd5ef5f62710d40d997c2
29,110,4096,450560,4.488267599303,936,980,1526,654,99,0.000000000000,96.137097123297,4c484285c5970b4e42b445e498467d50511dfa26ab7e0f4293192202179420e4
29,111,4096,454656,4.508762049366,1021,948,1681,446,91,0.000000000000,96.155930237741,7dc855f315bb1c18853884e3f37979af15911c83e125ac97e5a56551a4694242
29,112,4096,458752,4.504623324457,862,858,1737,639,93,0.000000000000,96.199766295331,bd363aae0804cd332850e3d591425ed577c69b1260dc8b583b1df4a2557d6bde
29,113,4096,462848,4.500893987401,1028,780,1732,556,98,0.000000000000,96.229934145283,0d103a5d633d9f7c72468a9032584343cdf0f429607dfc3923c19e8d2739ff43
29,114,4096,466944,4.496191157055,1398,813,1376,509,92,0.000000000000,96.240682074767,64d9c04bfc363b2c735d4f7feb1d3f3812ecd9d32fdf7e975a04210412be1c4a
29,115,4096,471040,4.495941430816,1099,995,1375,627,95,0.000000000000,96.246460091861,dad541c22af26351bc39696396e1027345b9c776b68388c5df05c6b832bb0c2e
29,116,4096,475136,4.484685640531,1223,913,1151,809,93,0.000000000000,96.272133926455,d1cc30cb546626debc8fecf9bf598619b0fe25b5502c5ebd79368efc5b49a58b
29,117,4096,479232,4.508140621165,898,776,1726,696,90,0.000000000000,96.304020550174,530a53fbaf0a4b7dd1a3e77662fc60920157afdd1dbb3cdf82fbe246613ba35b
29,118,4096,483328,4.510338215252,981,721,1879,515,95,0.000000000000,96.272894099112,3bca51541c85057f8afb8b7beeede43dd3c68a17e23b98e083531b4602872103
29,119,4096,487424,4.498168958307,1050,613,1552,881,104,0.000000000000,96.292951461214,8ca75039c27a347ace6dae7945174e88fcfae18b77499329b82ae9e3aac83945
29,120,4096,491520,4.498475809510,1202,691,1257,946,97,0.000000000000,96.248703487749,948f2ca2dc73b21bb7e7bd49e4e792f80e5eb09f6a95fb449a4800ba396d982f
29,121,4096,495616,4.493307860691,1126,688,1178,1104,95,0.000000000000,96.234362636821,4ad679785bd7fbfda7fe07abbab52da4c2cc63c32ea72c1a032553aa10cd4cab
29,122,4096,499712,4.496104174336,987,621,1781,707,95,0.000000000000,96.168115556385,c86696c92e3668d592cb562466f8e4b8e356764cc233c8ea418395bdbd0e4aef
29,123,4096,503808,4.504442467797,1255,703,1519,619,94,0.000000000000,96.165313321294,96adf6079f9f7d5672f05aba262388a0a5fa56de6525653e5e3cf8feeb655e72
29,124,4096,507904,4.512648358247,1025,807,1647,617,93,0.000000000000,96.175907572592,32e345c6b2b4c1e431f84bb2b53668dfb61ddd579822dd419a93942cf071bdf8
29,125,4096,512000,4.514710661084,1517,775,1320,484,92,0.000000000000,96.134891322587,f73109b724790337f62d41d97839bce16ec74f7ef76ac596bb9fca567e27fdbc
29,126,4096,516096,4.499000883949,1452,830,1183,631,94,0.000000000000,96.163466189754,67d48c78864c842dff0de58da51f7d5d08dc0cec3a3b835bb11cfc0c1dc8caec
29,127,4096,520192,4.504070752693,1208,656,1055,1177,90,0.000000000000,96.215653371839,1b9af84625f02cdb1c870615f57a82c1f71e496c0919e5d6fe215adb1f1f6594
29,128,4096,524288,4.507969109260,1413,539,977,1167,92,0.000000000000,96.213331423576,a652c557ec81d03f1a7da3a0e42a05b8d42dbfef045f98b50aa534868636e588
29,129,4096,528384,4.501269459842,1202,721,1443,730,95,0.000000000000,96.217698359490,925b02ee238951ed78586c04676c13b78395b390fa6f64e279c50a3f36f0ea2f
29,130,4096,532480,4.495485942755,1357,756,1273,710,92,0.000000000000,96.198167753826,711a158551823c23df8af1bdd0716ff3dd41505acd525551a5d04ab61e90d90d
29,131,4096,536576,4.516969496744,1250,711,1665,470,93,0.000000000000,96.272441674505,30880b1ed68874d9d180f9015db24a9c5d0d3e7aff5e07732a05ca737aac2189
29,132,4096,540672,4.528173578253,1090,704,1515,787,88,0.000000000000,96.272441674505,8abdfd289419f6692ca6969f86b97131d58d23fabb38d86b9fc9595508364b39
29,133,4096,544768,4.501055638291,1292,450,1719,635,102,0.000000000000,96.267286744301,59792296a60e0d5d1e887fe0da7c296d1831e1a75afebf4dd17532a64ce1aa80
29,134,4096,548864,4.510850692195,1655,593,824,1024,94,0.000000000000,96.260650276359,84b6bfbbca3c116cada4cf802dc311d00a310343a1985160997420dd74bbe62c
29,135,4096,552960,4.518996864260,1232,684,905,1275,93,0.000000000000,96.251072449499,4c3a69ed7e5b2d9f65a8ea1a358ac435048cce4002b96fbad2dcddba287ddb2a
29,136,4096,557056,4.520074889493,1129,844,921,1202,90,0.000000000000,96.260943439609,8e956e01f0694ca2ab9324d341b7b3c1178d4890e00222e14867002adfd5fb95
29,137,4096,561152,4.504941637803,1148,790,1235,923,92,0.000000000000,96.262806961849,51a52d82ce43f9f0e7f5f03976ceda7c86742f73ff1330b39ce22d27ca953473
29,138,4096,565248,4.501626078579,1113,786,1300,897,96,0.000000000000,96.289739573626,14e8a244c174296e7ecf9784d5adf100d7f808731087936103c1ef17909068ee
29,139,4096,569344,4.514427080149,1768,433,1421,474,99,0.000000000000,96.376174026855,fa0c9d65eb5b2f08c17ff0697252fd3785bc0172d82ffdfbb5e703a5be51f62f
29,140,4096,573440,4.521419637478,1128,488,1919,561,103,0.000000000000,96.453230674345,dcacc741cab41a075c93f8a648414939256082e881960a979c01a166a02d5f40
29,141,4096,577536,4.534023476849,1115,640,1827,514,99,0.000000000000,96.522048984078,6b545c0457e9793772cee4af3ab15df972a659f63a3faafc9865b1ba8354267e
29,142,4096,581632,4.529438495451,1433,512,1440,711,92,0.000000000000,96.582315669512,877e158c7817396b43a0bc83715596a149655203edad9aa6bd35aaddf1a1b7e5
29,143,4096,585728,4.523594745424,1534,440,1688,434,92,0.000000000000,96.634543696905,aa37318ac4efb3f5397818570a7fae5ea4818a81c117401704e2865c045f08c9
29,144,4096,589824,4.547908767732,866,653,2047,530,92,0.000000000000,96.680481617328,8fd2d3ef4be8ecb329f9aefc35d01830f4ca711e7624bc52ce0a27e595c8d385
29,145,4096,593920,4.537458277522,1161,342,2048,545,94,0.000000000000,96.719507113025,95bc3cb0a6a5047b93a7545681808d24fd2a578f07299df29262c912418ba60c
29,146,4096,598016,4.511433867565,1161,510,1695,730,93,0.000000000000,96.754050982792,f14acd90f7b7faa732a2c78a9f1aac3ee868b9be5691d1f69ddd9f2634d0ffb8
29,147,4096,602112,4.534964949723,1098,603,1890,505,90,0.000000000000,96.782145246709,0ee97dc297fb462e16732806d4e9032a06d8ac80a77ee837c1a4652e7c825764
29,148,4096,606208,4.556354255472,1445,359,1754,538,94,0.000000000000,96.805457655210,53e1556d1c7a4d5995f69b8d786287584293365256eefa65a3b5c347d28bee72
29,149,4096,610304,4.555888499399,1432,441,1751,472,93,0.000000000000,96.824510880553,8a687cb874e7185d0e7ffd5516f5db456e1b51047419da1ae82208cce85074f6
29,150,4096,614400,4.556312444121,1111,682,1905,398,93,0.000000000000,96.838741253363,bd38e27b6867f32714d33f69b7bcc6a0f415d17326c757deec0bb247fe2ce075
29,151,4096,618496,4.558183249910,1216,590,1825,465,90,0.000000000000,96.846218899826,113bbaf224cfefeff71cb16ee8d4b8eba99e21c71805f272c858a51e7440c653
29,152,4096,622592,4.555941332891,1472,499,1551,574,91,0.000000000000,96.849762433391,9fc41d15e5794193c69c39fe05cc13edada1f687a3fdcc2704d1c29b29f36942
29,153,4096,626688,4.537972897586,1378,588,1385,745,91,0.000000000000,96.844940535403,3cd6962ed39210c423a9fa2c47919a9e0fd4d7af0b57dc638f4c8b25efbab2ea
29,154,4096,630784,4.571178195977,1411,416,1931,338,95,0.000000000000,96.837367536784,cc12e0fdc484561f4e5ff45fe4d5b7240cc211c728717f0e6b49da9d459032f4
29,155,4096,634880,4.571828485628,1548,274,1825,449,94,0.000000000000,96.823820676200,00500c08d5200ff2d51dd3bf4c1e92310560168fe42acad4e77c931de8cce876
29,156,4096,638976,4.568073236158,1683,528,1636,249,93,0.000000000000,96.808322694286,74b45b4cc64cd4fcf7bde9e0322e24eb379d8975b0777f6024f5734fb9b5c98b
29,157,4096,643072,4.561673111624,1482,498,1561,555,94,0.000000000000,96.790072698197,673395ef521392de5ecc60f3258a4fc8867f7fa76acba2435ceda0e37b64902a
29,158,4096,647168,4.547126444776,1198,715,1469,714,92,0.000000000000,96.769391673026,1c7ac25cc1e449bfb1a6996197258afa93fed60ff2a8d1ad1e62fd5f13ed91fa
29,159,4096,651264,4.545379505667,1662,630,766,1038,96,0.000000000000,96.746401179759,d76a4a4b3bfd761d0b28ebea7e4cad8d622e851b00ea5b9c78a81f4b3165cb41
29,160,4096,655360,4.539873005196,1262,714,1031,1089,95,0.000000000000,96.722146370165,db4307b8a275cb334f657d290718bcc169a612331a09d98e6a5a6d2ddc86ae65
29,161,4096,659456,4.544663014313,1072,692,1792,540,94,0.000000000000,96.696515976564,e42968b9e0bf10881654f0f00ee46fe01a2d72b31d12d6a32948606ea1b78170
29,162,4096,663552,4.563754960914,1432,602,1677,385,95,0.000000000000,96.669586583461,ddcce31baf748af9b6b9c195226fd64c77d7bea23a978ce990c78e8ac75c4341
29,163,4096,667648,4.561375442781,1343,473,1918,362,92,0.000000000000,96.640091016714,11e6a41baa9607966450de53b075ad7f7c167eaec002c8c28018403114d4f18d
29,164,4096,671744,4.569074839738,1315,537,1907,337,93,0.000000000000,96.608599435852,02ed8170f4deafba4779c44188557de318ab578d386e2d45e53abcf478f789ed
29,165,4096,675840,4.565905348720,1272,670,1975,179,98,0.000000000000,96.574146638438,e9e71913166303cdd95e29b575bf9e960072af0810e337e7b06ad754ad746261
29,166,4096,679936,4.558019470886,955,648,2127,366,101,0.000000000000,96.538601599814,012d30d4cd6e86c7ed7189b36a5f0a4679ef50e12675008b5c6404344d77c836
29,167,4096,684032,4.575619218008,1212,456,2156,272,99,0.000000000000,96.506165685913,36ce48ddce50c72d0bdbc63e22b692343189699de8e4fc81d2fdeef855ba0eb4
29,168,4096,688128,4.566740288371,1278,191,2118,509,93,0.000000000000,96.469457547825,2ba5ea1cf272a51fa38ca98c9da7c49e16a09ec93f52ba3e8da648dc5efc6dbb
29,169,4096,692224,4.571089637413,1208,463,2041,384,88,0.000000000000,96.429911774028,4718c5352c1108fc6b4a1e4c11e49b5a2798e56b9178d9d27e77d1b9d30e9772
29,170,4096,696320,4.552437612762,958,389,2331,418,93,0.000000000000,96.387903333690,07d6ac6ca405db48b137643d1c1b34f2160f31e1d951421a38fd4069651b1db9
29,171,4096,700416,4.542267505024,841,585,2278,392,96,0.000000000000,96.344371319950,655acc43c1d37a29104e17ac64d16a8a6efcccb0ae50296e4a436309e6cd0359
29,172,4096,704512,4.549525921453,1056,706,1937,397,89,0.000000000000,96.301146735590,8ce5e7f02d588fdee256d6707977df5ba394ca25eb2c36e7e43ec5a406c16d0a
29,173,4096,708608,4.563741523559,1313,622,1841,320,88,0.000000000000,96.255717450670,0dc7371586cb09f966e70b1592043abf0cba8af33749c58427771a99cbbef613
29,174,4096,712704,4.563185952218,1475,417,1672,532,91,0.000000000000,96.214831094242,98e18a29b243a6aff2358db3b892d2e32ea558b0e6d44f81367c3fa14476cadd
29,175,4096,716800,4.555833074925,1012,501,2002,581,95,0.000000000000,96.172406961807,82caf486b365e58e766ad1cc90edaae21666baf616b4ca7b175293bbfa336bf2
29,176,4096,720896,4.577263154787,1617,440,1776,263,88,0.000000000000,96.126395955925,efe1575bf868db67ed62ad238c396d61b5f5b24c2395188a354a3ffb6322570e
29,177,4096,724992,4.565300947073,1267,510,2087,232,89,0.000000000000,96.081328292186,2b2462cefe03f685b8452cb96af86dea1430eba51452ff2aedceca3a829e64f3
29,178,4096,729088,4.569195801337,1063,631,2195,207,95,0.000000000000,96.033701756613,3535ecb97e66dbea05df551ebfee32190eb0d53ed898c774e30d3b85e155db74
29,179,4096,733184,4.560708062743,1392,513,1704,487,95,0.000000000000,95.984515458383,925599003a5209a104c497f65ba2341ebaae969a64064280f77fb2e4b0401a8d
29,180,4096,737280,4.564096014920,1656,390,1592,458,94,0.000000000000,95.932157230575,b689ee2eedbe846efe51df04ed7880cb22d83193ba7cf0726e7aa54512cb6cd0
29,181,4096,741376,4.561454762685,1264,320,2186,326,95,0.000000000000,95.879508125560,5a0cb05444cdd58479191f92bd8e5d167f94ed0c9c74b53def9c02c5b6bd5ced
29,182,4096,745472,4.536375837081,1327,216,1957,596,93,0.000000000000,95.826803521472,d302d083bdd923efa0b82fcf1e3730ddb2c3308c67c5af0eb5109dd40ead1e47
29,183,4096,749568,4.565448939881,1373,445,1976,302,96,0.000000000000,95.771369872825,d3da66a12096f3da05a4d72798fc3a13f4248744baf1c9f2ae67e8e68f29d784
29,184,4096,753664,4.570176134412,1363,450,1939,344,94,0.000000000000,95.717373198232,6a3bae61d105f6f9cac082a43bc8d4aa2bf0f0cb392dda47600a2ef61d64bdf7
29,185,4096,757760,4.574109272956,1453,368,1854,421,94,0.000000000000,95.663922729463,2f7145d923e4f43f7653267b83ab2298bfa218b29e8ab624a6bf41ce5a679c9e
29,186,4096,761856,4.567561065223,1221,708,1703,464,96,0.000000000000,95.608758585317,b377ed17129a54d60881ace9e66bf99e6b8c60b908af4ddcf3db4f5bb5b405ac
29,187,4096,765952,4.576683336723,1374,466,1806,450,92,0.000000000000,95.554382209358,b4c35ec5c6a7489d4979f591121abc6f3cc17135a21dfaf50c86155697cf4948
29,188,4096,770048,4.579732287691,1302,292,1989,513,92,0.000000000000,95.501342240311,1f008c670f798cc192bc3b405a5e015f92559a95abaf1cbca90d0f3874c0de03
29,189,4096,774144,4.569790549945,1370,371,1850,505,91,0.000000000000,95.448540678240,1f4e5f72e9f623e856c6ff3e3165ba8673ba01f668a500e95267f9185783e608
29,190,4096,778240,4.560273238914,1392,227,2050,427,96,0.000000000000,95.396164437533,0729f4533ed623559c6d4e7f1d0f6b257ec9a66bb387eba997b0298a527a787b
29,191,4096,782336,4.561954505726,1428,284,1922,462,92,0.000000000000,95.345787494171,89275124b9f884379f0869d5f809f2e1d48b200e413d2963ac8493c5c77c4410
29,192,4096,786432,4.566952870453,1148,647,1993,308,90,0.000000000000,95.295940698197,d7623caa2ec194848b7a7b1223acffb1b431226217bc9c17ec972ac5d7d2ed6f
29,193,4096,790528,4.562294348433,865,780,1988,463,90,0.000000000000,95.247172646272,b27f7e4163361e31975fadafa41b6964ad252cfc6d5757648c6f59551b41f2e8
29,194,4096,794624,4.565683233176,888,750,2003,455,100,0.000000000000,95.198071125391,7437beccd93180aac103f33af6866a62af02ca227f559fd9951e79150ba05637
29,195,4096,798720,4.561227717920,762,677,2193,464,97,0.000000000000,95.152460962736,119667b1f182039e4c756f7030ce8c935d9f319049f2d1668ccde7176aa01205
29,196,4096,802816,4.557765935155,768,473,2218,637,97,0.000000000000,95.106377247528,d44581e3b744cc322a82ee54f334cf54460380e1f95b9df36b9666409518ed92
29,197,4096,806912,4.573374992778,1234,534,1833,495,91,0.000000000000,95.062100539134,04471fa36108fd84fb0d78bf06df21fb7f9f8c45d27c708ff20a9c953702d32c
29,198,4096,811008,4.577519705297,1375,400,1800,521,94,0.000000000000,95.020452225112,15b6346a71e3e4a8d334a8bb40a53511c051b60f4beccca9286c2c4353592a26
29,199,4096,815104,4.576457474126,1594,358,1788,356,91,0.000000000000,95.030533786538,1c168bf6248473d46dc5690d4518422e874759c45c9c7dc1c6391a3f9e2c94af
29,200,4096,819200,4.588961235894,1739,445,1626,286,90,0.000000000000,94.988232727244,c6f72e59db15680bcc54c37c05a5b628669805bb8976ff5d150e0fcb875e87e2
43,1,4096,4096,4.448839227328,991,1032,1046,1027,105,0.000000000000,30.334773685274,2c985cd2140653a53288633df77353473c861804640aa359f17e1c1dbc79e3c2
43,2,4096,8192,4.444462729369,1049,1006,1070,971,111,0.000000000000,41.980831300054,ef6909a5f36e293c177bfa1288061618128c8159ba7e542c5eaf672e3596480f
43,3,4096,12288,4.447354473855,1036,1005,995,1060,110,0.000000000000,50.512963353557,bcfd7c912333aee411a955d56214d5e7e2f692cc329442287c8ae5a1c104f32e
43,4,4096,16384,4.446336511660,981,1004,1015,1096,110,0.000000000000,59.078780727134,f22c5b72c5844f621bc02ca38d735c47e5e70f862652ab19eb91ab53457ddab0
43,5,4096,20480,4.442648571941,1004,1018,1031,1043,108,0.000000000000,65.733186180386,a8cc9262c33b306f3050ac10741c8af5b998a56cff0218f75f7cd8ae7c73d065
43,6,4096,24576,4.446108119365,1054,976,1014,1052,113,0.000000000000,69.952919388985,ab851d182d63abbab9680f9afc754e15e479cd0bde6f2e27d9bcc3ff517111a8
43,7,4096,28672,4.439853854032,1077,975,1047,997,111,0.000000000000,73.864968126550,1bf1dad936914e695ba57b1a05e5da169b05e5c8c395e12a58e70f84165c172e
43,8,4096,32768,4.445809742219,1007,1044,1018,1027,106,0.000000000000,76.758825250549,2bbf40f13f585082831e9d106321db0eafb10688dee717cbbc438c8322dae156
43,9,4096,36864,4.444479293886,995,988,1097,1016,106,0.000000000000,78.691208933863,177cec307599a08e46fc99a33cd24595277df21c98ccfed6285a98c691c5261f
43,10,4096,40960,4.443514267484,1030,1031,1016,1019,108,0.000000000000,80.461966618965,56c93965bba2de6e8b4c763520d3147e1df94c50600a12beab98586e38430d83
43,11,4096,45056,4.439178797196,1047,983,1066,1000,106,0.000000000000,81.602097699168,f7125270a835caf66bcfdd98773fb4ee65eae2306576ecc9674c99de63d8f9b8
43,12,4096,49152,4.447605213038,993,984,1110,1009,105,0.000000000000,83.341469317715,e568ecee4c07bdfd534d3a236b7a740ddb9ff41345fc0d1069d2c92e10d88daf
43,13,4096,53248,4.445481171647,993,983,1088,1032,105,0.000000000000,85.017441095572,328690c6b6bc1603f85220f4c1cd112aae7009d4e60a807e3f9c58748e5134ce
43,14,4096,57344,4.434225857760,1050,972,1083,991,108,0.000000000000,86.074329868643,8db9fdf8c1db9b26e2dac5f21700d299e55790684a55fbba28dd2759fac5474a
43,15,4096,61440,4.443232018334,1032,969,1065,1030,102,0.000000000000,86.917564638727,3f8e5ab50f6b37047972fc655126b8fc1c15084b39d81201fb0303d4fd64537b
43,16,4096,65536,4.444996097625,1053,967,1109,967,107,0.000000000000,88.004203311207,d02a308134a50a1b6eaeb9690ff819630c23feca779f94fea1ea7950c37a0d3b
43,17,4096,69632,4.445513215016,1034,963,1052,1047,105,0.000000000000,88.857098031897,680e81b34a80db28cd14e79363dd8c82a816d465cbd2d55353b16f32f4c1033e
43,18,4096,73728,4.442096931768,1019,947,1059,1071,108,0.000000000000,89.564905326235,7c29de8ff774724c87d3d6d117c71570be1383f75fb1688109243f5576e8eec9
43,19,4096,77824,4.442623844661,1083,1016,1055,942,110,0.000000000000,90.152956873759,9205943946b33a0699929ff4baaec9473b0196b0824527bc93ad3ec2939fe34b
43,20,4096,81920,4.439947742511,1039,1039,1022,996,110,0.000000000000,90.790888086240,e6136c4cc0e8830180bbe3baa1a84b57f430740f40625ac6c1cc3cf12027149a
43,21,4096,86016,4.439893329855,1102,992,1007,995,108,0.000000000000,91.276434324998,1fee9c3f8fed4297c190a9eccca5385220e356f8ed118fa4a4cac1e4e5237a01
43,22,4096,90112,4.429817297083,1056,1012,1040,988,107,0.000000000000,91.884032984921,f1b970f0a219e4dc46bf1d770748a3a74a103ebbc7e6e47ea0df76c29bac330b
43,23,4096,94208,4.435705296819,1133,985,1015,963,107,0.000000000000,92.077112598534,c6bd1d46addeeb5b43be702071febf569907d01dded5710421684f5b691082cd
43,24,4096,98304,4.445055678845,1154,966,1047,929,112,0.000000000000,92.299379239022,9d6960e4ca3561c1aafc6a60ab6bf2e9ad55d8e97b2659b11567f916306b74dc
43,25,4096,102400,4.439630239186,1078,969,1090,959,105,0.000000000000,92.555132580770,df119b6f1e3e47da07bc26b82e436328bd917152a3f861a1c9df26a15e67dd41
43,26,4096,106496,4.441162216364,1015,995,1062,1024,106,0.000000000000,92.803174939795,a3964e8b0593576d88745243accabac1c276bd8eb9003153264be7c9d7947dbe
43,27,4096,110592,4.447608778266,1058,947,1103,988,107,0.000000000000,93.232822893874,573036a0fa56e89412f5368cef9d808f8ddabea6243ceedc2d6ac84b3a592d78
43,28,4096,114688,4.438684975425,1047,1011,1028,1010,105,0.000000000000,93.394175228060,fa1a023bc90eb9edc4ed8bae2b65c1c5b80e895a09f292da2eba5091b78432f9
43,29,4096,118784,4.438950643012,1084,984,1007,1021,109,0.000000000000,93.283123504590,3a66be8988fd27175217d0496bb35e7e8e1821a2e626a65f765f58be0c2ced1f
43,30,4096,122880,4.449251860797,1120,963,1044,969,108,0.000000000000,93.844622244369,c1618960ca60e99b5a40035471a8846a11b241f86f56552a718f132013492321
43,31,4096,126976,4.432055596720,1038,962,1101,995,106,0.000000000000,93.652279431972,ae94237d8233d92fc2d1b1344d0471f25279708d47fcd26c56deac0226e66854
43,32,4096,131072,4.436824173345,983,1040,1120,953,105,0.000000000000,93.890739780743,84bc11767fa33584bd68ab8678a1498167bd6b3a0d64b03620faaef8767041e2
43,33,4096,135168,4.444230578910,1047,925,1124,1000,102,0.000000000000,94.128303675832,4d02001dc9176e191d5577cbbdbeb052baf882021fb01bb3b1a3def1be040198
43,34,4096,139264,4.439567289292,1085,969,1061,981,104,0.000000000000,94.114241031288,161d68002cdfb25f0f8b6ac36c51e75df5b5667010273688caeb022026223270
43,35,4096,143360,4.441830170752,1082,968,1069,977,109,0.000000000000,94.372403072915,17cb9d034e5e10fae108c14045cf5efc8174a38163830eed31e33acacaa46a3e
43,36,4096,147456,4.447543649344,1084,1049,1020,943,100,0.000000000000,94.402899426744,5ed0eca2588c4bc94815a6fd8cbe617e929ddf5c5d2a52623ca1d023957000a0
43,37,4096,151552,4.448438329371,1040,997,1096,963,102,0.000000000000,94.430096075536,4c66d0dc226dcd023644cd3b08759ae1e84c77151c6ba635881b57fcf6446c00
43,38,4096,155648,4.447326269935,971,952,1212,961,100,0.000000000000,94.530960614324,4546af86b99b28759775f861ff65de4104a6820c2465a5ff0b2a462158c759d6
43,39,4096,159744,4.448106984365,1098,962,1115,921,105,0.000000000000,94.556703878604,c67877421138870903e959b5b8d02a1dbfc88b4d4230ee7c8fe670061b92fa65
43,40,4096,163840,4.446502086428,1077,911,1232,876,100,0.000000000000,94.729838396531,c271291267a45a6565494bac18bdf348122beddd97bb977dc5cd07c82e6ad000
43,41,4096,167936,4.454173703074,1067,894,1246,889,105,0.000000000000,94.724899394918,846d11a68cea9cbe7336fd4f217dd3894337120af41e075f5a8ac7d5a523e0c0
43,42,4096,172032,4.437431882272,1142,959,1110,885,107,0.000000000000,94.723057420069,6cd4b23be574c3da1db94578549fda679988e3bb4203388dcfa3a77afbaa0b22
43,43,4096,176128,4.452130795040,1020,914,1222,940,109,0.000000000000,94.807208797081,bbbcce292a7931e4cf04577e8f0a8e91bb9a6776b917c794e67590eadb64339e
43,44,4096,180224,4.453150351818,1001,870,1258,967,105,0.000000000000,94.816571461405,b36bcf69e1fb2208591aa3031de959085957082b99c6f5af925bc4b2b0f7c158
43,45,4096,184320,4.447716848297,1106,882,1201,907,105,0.000000000000,94.780254492253,8cde3490ac8a31ab54a94c0856c4be7b6b9266b96ebe0d716e067007ca15d8b2
43,46,4096,188416,4.453683129330,1047,977,1216,856,109,0.000000000000,94.902344650903,c00d649d63514b55510927f516c2b53804929a7a4830f055561bb72ae842fe3d
43,47,4096,192512,4.449839549218,985,863,1318,930,104,0.000000000000,94.871742577746,e36546e3feec63a1e017ce386cc6be18d3bea5ff265c1e59b6fbc60df56b3ef1
43,48,4096,196608,4.451344787672,979,968,1373,776,106,0.000000000000,94.974039548394,116229abfb445caf96a67abdfc7fb6906de9e856c8d6b29906b96a2681e17515
43,49,4096,200704,4.456101570142,1037,917,1349,793,106,0.000000000000,95.182579114205,cc763e531a22bf57f7fb7d9c4b14c145ff0091df53fa1aef4bc4b102fe0e5451
43,50,4096,204800,4.457697449957,1018,948,1294,836,106,0.000000000000,95.075489221665,abcfed81e5b4423cc7d280d8579d6bb1ffa1051e74763009e0bee990061cac22
43,51,4096,208896,4.455671582419,1008,897,1406,785,104,0.000000000000,95.128283477757,b676299bdafcbe067cb857b2a7a2f3a932332fe8b0a674b653c694ec063c005f
43,52,4096,212992,4.449975250295,1070,935,1251,840,102,0.000000000000,95.149333443528,626d039eba7176c6dd52e9637bc150ee3a7527332cfa1c9fba133d21682b706c
43,53,4096,217088,4.462473334229,956,923,1417,800,104,0.000000000000,95.182657451065,b8073af3d3da656ff0677ab3b50b171c7810c9efe1239bdfb3f21042393e6bcd
43,54,4096,221184,4.442694559198,1010,952,1335,799,106,0.000000000000,95.215718276317,086ff2fce78194fc2e261766ab463662faae961bc8897711bc01b6913af96d93
43,55,4096,225280,4.452135837673,1057,922,1246,871,107,0.000000000000,95.193351124156,7c9d581cd0672f9607a9f8eabb64e35d8d4d8e6d5f596bad8d0cbe46cad799f5
43,56,4096,229376,4.452749632841,962,876,1419,839,101,0.000000000000,95.241094196895,ef5b13d71d380499b9175ba5dd974d2471ed76d20eb04139d333402defbba7d8
43,57,4096,233472,4.458786414987,1013,976,1317,790,102,0.000000000000,95.248079974720,99d50187d2c500f1ac677989b4ccf865cb23b71f88eecf7a6291bcffd58fd660
43,58,4096,237568,4.457662628225,1063,979,1298,756,106,0.000000000000,95.390830605442,af47f8ef98a2999440dc5658143816a2cca6ffe3cd256e5d3f2e7b80f96d729c
43,59,4096,241664,4.457679025253,969,896,1427,804,107,0.000000000000,95.420792292524,ba36ce2ec81d687c12178588b10f75e6c44f8b65a6d792fc4d2fef5d4eff5efb
43,60,4096,245760,4.450332724323,1173,811,1212,900,108,0.000000000000,95.368193217002,0c50a8c40e7c5c87db7d91f96a94e6e7d9d7eaf9a1d560cad01aac34563f90f4
43,61,4096,249856,4.457663971581,1146,896,1218,836,109,0.000000000000,95.425809693523,b4d38603e7d2ca11fd1f9d2f027790f49dcf8dda2bd4beb5cdc2629f4973d209
43,62,4096,253952,4.461313293044,1196,911,1089,900,104,0.000000000000,95.443510617314,5648e66dc9993c0fb808a02afb37d89e1c24cd9feb035704e3e6e810200e2775
43,63,4096,258048,4.462181455399,947,1036,1246,867,105,0.000000000000,95.490752962903,0bc2a3c2d4dbbc8c141274f07791d3a1bb2d583342fa2a62bc48e4c628cc4bef
43,64,4096,262144,4.462485227406,964,886,1429,817,102,0.000000000000,95.451914441754,c1bc71c2e20783339a704330ede5eed964bc9ff5809240aeec4b5aaef586e753
43,65,4096,266240,4.461454282683,1027,882,1279,908,100,0.000000000000,95.445844814304,d8b7e90e132dc93112878e128eedd92b8e9e40acf5762037f48d18c138d3a8cb
43,66,4096,270336,4.464090489927,1048,918,1342,788,107,0.000000000000,95.544536441781,c3b37a9d88c6339103dcce202100e710cdc3cdb6011b8f6d04e877980d4a7645
43,67,4096,274432,4.457494625397,1040,942,1178,936,103,0.000000000000,95.365709731214,7b1a240618aec8a1e26b394b447d3ef80e148fdc283d0f16624ea7b65a77d98f
43,68,4096,278528,4.466656016930,1003,951,1330,812,106,0.000000000000,95.432637957679,66187442aecb2796e341714beb9617fc8622d6eabefe73a2421c31b22e09483e
43,69,4096,282624,4.462928206518,1119,864,1328,785,105,0.000000000000,95.605889245714,28bfc7e774de851fe7a326d8c2a3d77f50bb6dc864a8e604a814f918f7ed7964
43,70,4096,286720,4.460576765560,890,960,1434,812,106,0.000000000000,95.589809530180,448fb00f33ddb99f3b55bd64fb03629b1feef07a35961f193774b5ef82b1b6a8
43,71,4096,290816,4.463283086027,1114,808,1358,816,103,0.000000000000,95.570076049453,1e1353c90de5d88e567e6d38925c25de8a1787a01dd718a4a4e3daa66de51e22
43,72,4096,294912,4.457748361366,1145,880,1303,768,102,0.000000000000,95.742972497668,275c4c291db17a7c33785d48b3df4ace8663a75ba68201bd00d3305cf2201ee9
43,73,4096,299008,4.456738195615,1070,881,1338,807,96,0.000000000000,95.649022648559,b39acd10cc5ed1061ab06141c9ab09a64c683fdbb5832a2ce57f0b04487bfc1d
43,74,4096,303104,4.459744726438,1000,967,1114,1015,103,0.000000000000,95.623880805427,b8b0fbe5d50a8e87cee93ebfa42bb78e6d9a5a2a8b84da15304cc8798a50096c
43,75,4096,307200,4.456570063427,1056,1015,1097,928,104,0.000000000000,95.685925187690,4348e21974b6d1c0be1defb771c8409177bad7b68f220043a2ce053664ea29d5
43,76,4096,311296,4.471639138761,846,1069,1285,896,100,0.000000000000,95.734132881400,7da5b2e4329742478296c6238e349716189e4958af2006b197da25594d897e21
43,77,4096,315392,4.468804822632,925,892,1390,889,103,0.000000000000,95.726652638816,6673990f60325ef01724ea6e1e21d852839b3643a8245dc951f7910f3416bf57
43,78,4096,319488,4.464242150604,829,1025,1347,895,100,0.000000000000,95.643837513048,f5b7a7fefb9ca63e6bc0c6a31e9c959e95071596d7e3173f45df809cef0c3f8b
43,79,4096,323584,4.464797837579,1010,976,1285,825,105,0.000000000000,95.680828948976,e22bd44cebbce5d10764fa9184aedd15ec73c408d75e7d3b70c5baf55aaa64bd
43,80,4096,327680,4.467178494520,1246,818,1280,752,103,0.000000000000,95.793634422997,e5bddaa1c6ec1a4e56e225041c3d95465ab0f3a175a9a73ccc4e2ab602be7e2e
43,81,4096,331776,4.472180199602,1089,823,1306,878,100,0.000000000000,95.864397349876,99a2766e8abd4a70a5ad76adc819aab1c0af01a9d881cfd528a596241e14aa7d
43,82,4096,335872,4.471490026019,1063,835,1362,836,101,0.000000000000,95.793235726186,722f4c6da0c3466eab2c4ca30dd3c7938e3852033d2feead20ff54aa1f7414af
43,83,4096,339968,4.465995148108,985,677,1554,880,101,0.000000000000,95.888978530658,2efb2fe8a938d4b9fddb9dd5dccc554108b7027ed8bb50ac216312678e6f8fd1
43,84,4096,344064,4.469320262176,959,758,1457,922,101,0.000000000000,95.762651231334,e407f1d2e0e7ff4f9518ded4dcfe72c5b2d4e90a8c90054de810b2b29f627f57
43,85,4096,348160,4.475392801169,801,892,1725,678,103,0.000000000000,95.762976381021,1c13a6af136affbce22178aa6c44ca63ef2c1f1c4956fe4ff1af1036bd8acf30
43,86,4096,352256,4.465508600354,933,797,1626,740,100,0.000000000000,95.810903464490,9a3d453e18a21dfb66d4f54d46a31e82980ed5b5195f360121f83fa5e6549d32
43,87,4096,356352,4.460864460165,1178,799,1243,876,95,0.000000000000,95.792674079754,f73a088ab2d9a8c90e504b6a56291179df75ecf35bcea6ed7f28a1e54d2b3b73
43,88,4096,360448,4.469624953212,1307,857,1182,750,95,0.000000000000,95.698407670732,86d990e28a1aca765a0cf068333d6631ffc11909aa5bdb9395eae1ece0f487e6
43,89,4096,364544,4.474551014700,845,791,1549,911,95,0.000000000000,95.721408230636,55d8bd27f42ffe20e400d020bf716350eb8166f57e5ba282d86b9730ab2a6d99
43,90,4096,368640,4.468676253204,856,847,1309,1084,91,0.000000000000,95.717261452574,ec9f4c1f370fdf571d45d754c32da67cafb56bd53ca591517b5edf4a8372a770
43,91,4096,372736,4.469221607982,1080,804,1363,849,91,0.000000000000,95.760371910441,39bb500f09dc196a84fdb352b0ee1863510cf58e3509220c66af69c3a906c53c
43,92,4096,376832,4.469628571231,1034,756,1533,773,95,0.000000000000,95.644259460560,2c705801dbedcdb668df64a941b53e0a8a80f73bbd5dee442dc7688d19ca42b8
43,93,4096,380928,4.485397714997,732,764,1889,711,101,0.000000000000,95.588556519003,35aa8097e13e0db0e6ff7a82ce8c4573da4d9fd084dbe7e431e85f63f25bed45
43,94,4096,385024,4.471275369460,1097,783,1324,892,97,0.000000000000,95.597720847066,38be369e52daf06826ffbba74c2cb7d1d7f337a55717c6c219824e7a2a710d93
43,95,4096,389120,4.475195651611,1088,777,1477,754,99,0.000000000000,95.711273757753,6b4b472ee72c83447175e872d48690349c52a67bfbc2c18b37281f881191623b
43,96,4096,393216,4.488251251841,936,805,1733,622,95,0.000000000000,95.634293428412,d86883a77ab108e08e7b22c6acd18e26081278d69056d8a6d45c8b61a6103690
43,97,4096,397312,4.481575283793,869,815,1733,679,98,0.000000000000,95.780442967417,b9227cc26ca9f1188ceab003b2472c32f7287c63b814475f2d4c20801bde06b0
43,98,4096,401408,4.491040779682,799,859,1800,638,95,0.000000000000,95.633073695587,9d89835cf416e38dc737f342d467f277288a161bd753d39cc2b9f370880295c9
43,99,4096,405504,4.484670938247,936,570,1893,697,104,0.000000000000,95.623898757349,a41195d9d1e97069114c50f57dc4b3b3b2f46e13578e3a943fe44c0e5e4e3c7c
43,100,4096,409600,4.487522163370,931,752,1878,535,99,0.000000000000,95.798025866226,2e4aafe7b6eed320d9d13666335403339382db7c058748592d81fa410d2ef58a
43,101,4096,413696,4.481522699590,1391,773,1449,483,94,0.000000000000,95.766010076979,53d4404703f065a1be0e63c898264eba7f2c4c83a353c1e6b1603cbd402f7e2a
43,102,4096,417792,4.481801267363,1332,667,1291,806,97,0.000000000000,95.763822107030,36806f5b2c567a6ec4cd44b12f7e77d5114be7b2cb050cb63b32c3f03667582a
43,103,4096,421888,4.479025959880,1323,791,1207,775,95,0.000000000000,95.695471880618,a396b9a3399a539edf1737ee2aa4dc1fd095c392320c4ec89f7b01d36a67cac7
43,104,4096,425984,4.475883464070,1295,640,1166,995,95,0.000000000000,95.687177651022,578a9cc3569feafbe901506bf6abea643ba5009fd61cc48d2079c95e5ab7a536
43,105,4096,430080,4.483012620436,1369,740,1250,737,104,0.000000000000,95.608194916388,a45e9e590d5e2c446bde692a6ab79b9f81c9737fe2f190d438fcc678ff2478e2
43,106,4096,434176,4.477090236410,1014,857,1572,653,98,0.000000000000,95.587834352366,ba72d34aef12ec98cf1e09279a26632807bba90db11f0e4c8a259e94e14658dc
43,107,4096,438272,4.472446306867,1056,880,1246,914,108,0.000000000000,95.632827119433,68921c5858d31baf35412a7df4fbb3d88f2438d41b759ac71e2d1802877f913c
43,108,4096,442368,4.485155756177,1226,695,1632,543,95,0.000000000000,95.685742505052,050cdbb2c4be2460d40ebbccd7635d1714aa30d4271b0d4f22291966cfafbf4d
43,109,4096,446464,4.484685269619,1095,937,1449,615,101,0.000000000000,95.623630933528,a3206b72c7e4e2e260744fb9e4fbd05cd2de756cda40d0d459a698ac1dc61af9
43,110,4096,450560,4.494532973659,1284,909,1402,501,102,0.000000000000,95.657920446619,394fbf1e9600d3d40a9b889fb8c0a1ee6f1c072bc5e1f7dff872a446e1647f85
43,111,4096,454656,4.494383812165,1149,722,1616,609,92,0.000000000000,95.709114261260,d63ddae7f02a4a71c5a4af1932dd68e225153d6264ec417a2bd179d76b67c89b
43,112,4096,458752,4.495197923902,1050,821,1672,553,91,0.000000000000,95.790882111756,0da572d4f845baa7664b2082d173feeab2206772c398fd4bd12eff3b0d9604b5
43,113,4096,462848,4.484484602176,911,741,1673,771,102,0.000000000000,95.730148739683,2e13dcbc3179904417e548cf221ba707fe71b295745145b0286f6cb0f160d822
43,114,4096,466944,4.494608939007,1164,905,1540,487,96,0.000000000000,95.731938863985,e9f212b11a8273a8ffe21abd438dc44533ce2739ba5c91294e43a7f80ed3ac38
43,115,4096,471040,4.487333767849,1384,921,1210,581,89,0.000000000000,95.734373800445,400f2017cd72d88d1307ca1fccaabe924aa660ba71325c9f6803e84ce44d39f7
43,116,4096,475136,4.489985314707,1203,833,1223,837,95,0.000000000000,95.654630429081,1de95b2eedf96a74d98a1595cf7df28356f66b3da1af038afcdd37d3f46fb00b
43,117,4096,479232,4.482134023800,1064,676,1556,800,93,0.000000000000,95.725586133609,71d8af290c4fdc620b727ebb2da6d107cb058f722310a99f90134f5eda880300
43,118,4096,483328,4.510427510708,785,821,1866,624,97,0.000000000000,95.723617714018,84b88eaaf10c73aeb8650467b6632b51be4f315a0f6a8904c1de5ae20c722e9c
43,119,4096,487424,4.497708665168,1212,659,1729,496,97,0.000000000000,95.705390400144,19dd33b95640c63eff4c033baf7d16edd3e0050f5af0df7bb39a75abde5538a8
43,120,4096,491520,4.492796390675,969,836,1684,607,97,0.000000000000,95.679687504481,12e89d5af051ef46b1661aa7e9b85f73c89f914ba47cc47242607882f9455a17
43,121,4096,495616,4.502944758055,1173,886,1424,613,91,0.000000000000,95.614806962815,b83af77c2f97e4fb541bce73234679e3abfe82e72af1a72c1122f28e542291e8
43,122,4096,499712,4.509937575649,974,732,1848,542,97,0.000000000000,95.608836350914,e7afa97e953ea06c69072f933e6fada126d3826346d5c724acd725410598da1c
43,123,4096,503808,4.516532968984,999,880,1815,402,91,0.000000000000,95.662601829849,ca56cf648baaf0fe141a17848b0f9fb3291647d6c84a8b431dbd0bb64b00c7d5
43,124,4096,507904,4.515904662273,1254,852,1569,421,90,0.000000000000,95.622692642282,3d91b95e3af98fe5bd3acbb0e840dd09f03bb0812f883d4bff960336565cbfdb
43,125,4096,512000,4.529457115611,1042,893,1737,424,93,0.000000000000,95.644856027631,9253544f77eab915f2bf618ca973704f9e93cba68a0535582a4b36d01b39a58a
43,126,4096,516096,4.514089229848,801,603,2091,601,95,0.000000000000,95.649644446459,a3a6ce57e95b8f77a5a9244c172f29cd496cefa932731715c6fbd1eca1c3ed0d
43,127,4096,520192,4.507813989924,976,606,1783,731,94,0.000000000000,95.709640172962,af84766b91ac89d1add46cf5027799aab39b2b40f7e32dc19979d7382fe4f7cc
43,128,4096,524288,4.504103310549,1041,569,1854,632,95,0.000000000000,95.797341838377,0e83af37a68b567e606b389663b90badbb59f457d7c3f8eb31335435e391d21f
43,129,4096,528384,4.504061866614,1210,567,1698,621,99,0.000000000000,95.858251131952,6d4ae277f1d444fe79118b646ab7045997c34f786377ab41242fed408968f9c2
43,130,4096,532480,4.525285528667,1081,734,1641,640,95,0.000000000000,95.890584246317,44f87f49f5c0d5644b91a67c6f3bdc79cd2b7163dda40722eb5bd283dd962640
43,131,4096,536576,4.523043783731,1216,718,1602,560,91,0.000000000000,95.933383557038,8aa3c4849e9f27f58549cb3399c9020ff45074f3c0c6311d8ca8b0033276a174
43,132,4096,540672,4.518033729292,1195,817,1694,390,95,0.000000000000,95.957693858477,594c425ef102a78c2adb71480011b9cd152fff42da34bde0bc6cf081b8de10db
43,133,4096,544768,4.527584023439,990,768,1851,487,93,0.000000000000,95.951878721190,01baedd48cfaf359f60a83a0561ecdfd8e7e01cdd89eb492c5ea1547b4b63301
43,134,4096,548864,4.508470743720,1038,689,1700,669,97,0.000000000000,95.980826933725,f797ac83d45f60ec3469309386e621b1a4da9ac0e69c00bc564d8995f88d9867
43,135,4096,552960,4.523472516578,1232,490,1725,649,91,0.000000000000,96.004063964702,3aa8799a36c04b332f1646049f9f3fbf482e21609224340403dbe2d396b1197c
43,136,4096,557056,4.517270322857,1340,333,1827,596,88,0.000000000000,96.008721923949,3bdbec5c8c3b022be921b49bc0d1baf056c99dc476f10a15721bf15969e2b795
43,137,4096,561152,4.542179481136,1286,640,1711,459,95,0.000000000000,96.003866805962,8a17427d438311b429d1abd6283e561eb2ac3cd8539343210e263f8ff8bd6e13
43,138,4096,565248,4.502056281243,1916,404,1150,626,93,0.000000000000,96.053371579474,3643c126768c5dd1ec7f3acf8ff4f978b4222f4e09347061a353c30fd6696468
43,139,4096,569344,4.514717547454,1620,309,1656,511,95,0.000000000000,96.125467409932,463d87b74f4e4a1f3d84bba30afa7481e135a17528f39fe97fea238689e512ab
43,140,4096,573440,4.532927815173,1348,582,1729,437,94,0.000000000000,96.191921631417,1ed0aa257fa23b641209b740d9b42ca3e58343f6d30d8933791922f029ad37e7
43,141,4096,577536,4.539375526329,1079,500,1829,688,91,0.000000000000,96.253436580685,13fe1885ec6c57be526600b4d855c7134c443f3e80ab2a84dd9e6325eed6c80e
43,142,4096,581632,4.541720586935,1262,474,1991,369,92,0.000000000000,96.253436580685,26c44f72cc7f1c76393de11ab0140c976401ee43de23a3b78754e1c20cdc8425
43,143,4096,585728,4.534095329841,1051,661,1820,564,95,0.000000000000,96.310489771999,3006df13d78313c0a0261bced8fc510ed57197671599cdc5e60c4bc8bbbedb8d
43,144,4096,589824,4.517914987709,1372,409,1518,797,97,0.000000000000,96.362848657373,49fb77dc56c557b6c981cc0054cbae2e2dcc356ec333c05e976d31e97f885fa1
43,145,4096,593920,4.521351643474,1745,640,1092,619,95,0.000000000000,96.409560366728,b555bcc4c22102cba0fa262d95ce51145f313501e4a56156fb4412403f3cd14d
43,146,4096,598016,4.530182485483,2015,747,948,386,90,0.000000000000,96.451600905147,1249163c9bf8065f8ed523d173e330080210adc09bc362424a06ae4aa15160c8
43,147,4096,602112,4.517406385579,1634,867,1012,583,95,0.000000000000,96.488551093024,fd0c1cedace3ece6d0a01d5f00bfdcc11bdb7b9bab61ce8db44f479992b3e119
43,148,4096,606208,4.522206551979,1353,672,1152,919,94,0.000000000000,96.521806262113,835d9476cdaf3cb34b620cd1cc012ac3ade8ae632e4d9d77e93cfeb6eab5c350
43,149,4096,610304,4.543655977933,1412,483,1721,480,95,0.000000000000,96.547653493561,deb7f2668f30f4f5e835e60fc709fc8b10eafe11c8f1154ca942e90e79c19813
43,150,4096,614400,4.549046914715,1334,327,1788,647,99,0.000000000000,96.558588958326,8b5906d3a052fd3612de002d2fa50784ad1490f1b398b16f9ac9b2eec1dc9740
43,151,4096,618496,4.537670419235,924,407,2022,743,98,0.000000000000,96.559954583134,a99046ad1e132e77ed535d18cc6ea39e71f3be59564610639c68036f3296b7b6
43,152,4096,622592,4.543884635520,666,605,2239,586,99,0.000000000000,96.551391649436,29df24efeab0c6bf06a48284261b4969a40a06b82040a785bd4c4ac79d598104
43,153,4096,626688,4.553817681396,812,730,2136,418,97,0.000000000000,96.539784965745,fe6574cd477c1138b1823a0c231e0e61a20be5770d352336d8252242d1f3eb02
43,154,4096,630784,4.554439765746,1271,460,1697,668,95,0.000000000000,96.529338950424,10bf3423f2a0dc2facc62d1bb8ceed5ec930d7e8ffa5cd535e7318b651c3e41d
43,155,4096,634880,4.572614018387,1214,397,2122,363,92,0.000000000000,96.524306164731,2f18fb7cc64970ce78c2ab2760aeccaced696816f2a40c4f1ae561720a201496
43,156,4096,638976,4.568256836872,1444,371,1915,366,93,0.000000000000,96.519776657608,142459a4c357a51550c8159dbc5cb1909f685e740da4cd9170c4f533f92ccafb
43,157,4096,643072,4.561489301226,1550,559,1665,322,93,0.000000000000,96.512152408988,535a37cd0c02ed174b279a798cad66bbef4f5ae4382c09364d20c8711cec85d0
43,158,4096,647168,4.561031762481,1160,532,1911,493,98,0.000000000000,96.494850696908,96851e50628343c897bd350468c0d3997c2e1b798c58afd56a7a5be7ac94a1c3
43,159,4096,651264,4.546141210054,1177,415,2053,451,99,0.000000000000,96.472891647566,80e156a767bd481493cad53e00678b5c9a3f8c7fbb8d882ef4ade846138152f2
43,160,4096,655360,4.562801795549,1513,355,1821,407,96,0.000000000000,96.451226529941,c6ad060cd7c6e0ba8911760b72cbc42d65b551a1dab8204b712f76f8e187c1a0
43,161,4096,659456,4.554345903784,1393,657,1662,384,96,0.000000000000,96.429945091237,d2d5bbb1f6a7d7459f658b86b4ec1febc4c93d11c801540653ad09615dae8bb1
43,162,4096,663552,4.566862094462,1654,568,1548,326,88,0.000000000000,96.406715746005,5e5758eca04d963b6de93e5330a1a834a7d5124a2896ec12c996ac3ad5e7ff36
43,163,4096,667648,4.557304844326,1310,614,1706,466,96,0.000000000000,96.386034322906,cefe80d8b5960a73c21cf3408976f7ec5506bddbbbf4bfadd82d6c7127e8fff4
43,164,4096,671744,4.529176733626,1405,603,1090,998,99,0.000000000000,96.366016741423,82daee93b6f2ca6d6232b822e05e2c3552c284c118aa4323943c8d8fb3edf2bf
43,165,4096,675840,4.545790310411,1636,510,869,1081,95,0.000000000000,96.344505216628,ba308af9be7101b7619c4249ebcce95634d965ac83b12fb08e36e17dc5e24071
43,166,4096,679936,4.555769253587,1316,462,1727,591,98,0.000000000000,96.323559726918,63a3f1e9ce50481bcb1375df114ac4ab4f2883d3f6c36d3b398901c665395531
43,167,4096,684032,4.561628089304,1196,439,2042,419,94,0.000000000000,96.302287656595,2a8b1d3c5aa950f047f705b07f51dc4f65cbddfcfb31a9a38b772c1589fd2029
43,168,4096,688128,4.569158875711,1433,492,1841,330,95,0.000000000000,96.279604902787,a2f61376a9d2c94ea850291277088d7e815ec9778f86dd1b0251c07749820f40
43,169,4096,692224,4.576098017095,1255,620,1899,322,91,0.000000000000,96.256418829892,ebc7fb452499b313940255d183ef94a9bfbc9cc2732a579ecadcb049912d628b
43,170,4096,696320,4.562585547577,805,345,2474,472,96,0.000000000000,96.231210211176,6b0debaffb31e12095f0572ae6d6e6503fa61d43ad27ff765f586dc5934cd1e4
43,171,4096,700416,4.559191038982,854,723,2086,433,92,0.000000000000,96.206140839731,726d5e051c72f734011b874a9fd53de211bca874813996845a1bf98570bb185f
43,172,4096,704512,4.585045671410,1663,451,1718,264,88,0.000000000000,96.178926844447,b6e8b6fb86ddb6265427947d41ee52f8b1e9b1617c1e50381c561d78508d5b57
43,173,4096,708608,4.578212448955,1310,361,1946,479,92,0.000000000000,96.150816045970,c57844e83888ba9cecb6e9a78e460c0b7eb7ca5d0cb0c4837cb08f5082c5ab81
43,174,4096,712704,4.571262856935,1454,328,1800,514,94,0.000000000000,96.150816045970,fb7a4c6aa7251813cecfd5361aeb2051193c16fcdb604a595fadf792f65b7513
43,175,4096,716800,4.586195725783,1364,562,1823,347,90,0.000000000000,96.118638022487,865ff50b16af96b0d4e546031325113f91ac8fcb3f85968b15090f621023ced1
43,176,4096,720896,4.574544129698,1340,500,1921,335,93,0.000000000000,96.084467201023,d4008880efe6b6bc45b0ecc7a3b88a285eeeff256721167199fe982a51947299
43,177,4096,724992,4.547966671715,1027,499,2178,392,93,0.000000000000,96.048295723147,4e5352a280014e3408e2f6b7d64568509f5ad31037fa7dc5f3f49930a37f9063
43,178,4096,729088,4.566775785846,1057,545,2157,337,91,0.000000000000,96.010012175147,9afc110d3d6545c85f1c5220fea17a703a7777f0b38e150aed07beae42e316a2
43,179,4096,733184,4.561193300027,823,514,2417,342,88,0.000000000000,95.970075496672,138a39c592eb97c53e55932e13026223a4f3f32333ae3e3706e56060bf416695
43,180,4096,737280,4.561828259075,1068,671,2089,268,86,0.000000000000,95.970075496672,22d71eb26befcd86f852722765c8fcb04873999ab9d13a38aeec577a86ac4c71
43,181,4096,741376,4.561063642832,887,462,2519,228,92,0.000000000000,95.923538762493,4f903df00179ad18ec9e4ef9b8fbf3caf6f48818e06b3181c8b20beb6f884fb5
43,182,4096,745472,4.558485710646,761,444,2553,338,97,0.000000000000,95.876731743993,01485de0ae3152976992068ae8e82341242a648ca47628bb8fc2365ca85a3584
43,183,4096,749568,4.558762403016,741,338,2604,413,99,0.000000000000,95.829572327275,f3525674f64b3eb13b8143fc1e86e9d1f624cae049ff7435de66f902fbdf9efe
43,184,4096,753664,4.568340800354,924,515,2353,304,100,0.000000000000,95.781460788709,493c1a6aa93ad49c93ab32b80f6a7b6cfba6eaf23b9a2d29408d87de8fa0d102
43,185,4096,757760,4.579544945533,1280,612,1863,341,93,0.000000000000,95.732816437288,0c9c40b215476b3b08a923f637e81f800811429bb6beb933b760dff4c037fe68
43,186,4096,761856,4.573077424203,1423,460,1863,350,91,0.000000000000,95.683458987144,f2b251c18a0bacbba15e49fa8e3e7f536df3e38e3bd385fa941b1e7dcb51009e
43,187,4096,765952,4.564512252803,1672,382,1662,380,91,0.000000000000,95.683458987144,75a5d0054d2c67b78f292f47925e3dbe903041387931f3f162e6b8cd96e4be97
43,188,4096,770048,4.577375925859,1326,360,2052,358,92,0.000000000000,95.633176057194,a908f8bf276b7883cb58f161ab01d7123fa2f3590f221d2d181c3bae4b44f959
43,189,4096,774144,4.563562429853,1314,350,1902,530,91,0.000000000000,95.584464470702,b9ac314774c32f20dbdf83b77ffb08d050f6c15ee35b2fe12068ff99bedc1049
43,190,4096,778240,4.555028026363,1390,492,1409,805,88,0.000000000000,95.540624042859,892acbeea24683c8a81b86a74769be979006cc108ae9739ad277ce6b35167c71
43,191,4096,782336,4.541373927369,1714,735,951,696,90,0.000000000000,95.540624042859,cfcce14663659944b989780388be5aafb4525be9196673cf76287ca4271c254a
43,192,4096,786432,4.549303599761,1782,635,1184,495,88,0.000000000000,95.496159980101,33441e6edadb50942e7e91d63608f854b06f8d9e2737775395591293394abe90
43,193,4096,790528,4.560206086015,2067,603,1007,419,87,0.000000000000,95.451026037675,2d34bff5cf89fa31d765c0fc3372915aad80cc42d79c02ec0c9f84367f86bb0f
43,194,4096,794624,4.561161235683,1997,523,1052,524,92,0.000000000000,95.407937607464,8df3ef5104dbb6f7aeb76249076c4fee5a41a9d269bb8a536c4a01054e4f6c87
43,195,4096,798720,4.571021397819,2486,509,663,438,88,0.000000000000,95.365377255698,5e9bf4293317cc4eed42ebcba57ec9be9adcb39a7920bfdafbf4e17b66b9910c
43,196,4096,802816,4.559843905471,2544,305,820,427,92,0.000000000000,95.495867145022,ecdfeb7d82fcbb758172e5f23688eb131a1d0941feaf9a0596fb6727795bfcff
43,197,4096,806912,4.544226955418,2018,415,716,947,98,0.000000000000,95.281341165373,37f1ac98fc5d20cd47f6f28c82f5983d2c3384fdcf39ca6cc742d2c01b71c8b2
43,198,4096,811008,4.527462524102,1949,464,857,826,96,0.000000000000,95.314433345190,f49c54ef9fefec3feb511a18cc2ea340d8437dcb6dbc8ad44350fc47fb285bf2
43,199,4096,815104,4.552809891308,970,687,874,1565,95,0.000000000000,95.298522990954,d3eb1ff71c133155374461d2308f9f0b2e25afe5674e331c43bba3657a3afe2b
43,200,4096,819200,4.567951840775,1383,596,822,1295,91,0.000000000000,95.298416549545,74a992161ae308863028cfe32269e8bb3279b8bfe313792ff317e05204f520de
71,1,4096,4096,4.444259118906,1035,1000,998,1063,113,0.000000000000,26.584298140203,ebc25f46d44cc631def23eacf065b2c3573896f9688a490fdd93eceebe3b2b96
71,2,4096,8192,4.448880870432,1023,979,1044,1050,104,0.000000000000,39.297191445569,35f6b3ea51872211c6622be6a3817f7389bd1f3011d301e2693cb7518313431e
71,3,4096,12288,4.440637965902,1001,1043,1045,1007,109,0.000000000000,49.303493405052,92c8efab2f3278551352a9d8c68b51376b03ab78e6a9742b3f44211117e3a7ee
71,4,4096,16384,4.438590782671,1056,1007,1031,1002,109,0.000000000000,59.260710521736,4391605adfad21a9514e54ce186f9fc9060fb6344e47982a8bca946f8f5795e4
71,5,4096,20480,4.440329071401,989,1045,1053,1009,108,0.000000000000,65.355077087495,39fb0ffbf013a1f2146f48f952baa8e81cba2083106c6abf66989a5d49a82a0c
71,6,4096,24576,4.448057430376,1028,985,999,1084,105,0.000000000000,70.519352721360,5e1e39813ace6781c305ed0b641b88e8413438646a87d06685ad15e74ee6106f
71,7,4096,28672,4.439347762223,1049,1021,1034,992,107,0.000000000000,73.770223109565,911b2428c7acf02f702e9a83e9bcc7ddedbbe4796ff5ed791ff754c6774532bf
71,8,4096,32768,4.441545872164,1038,1007,1045,1006,109,0.000000000000,76.284253385685,21d8c17471c3001b6e1aec475e9e5589b9c230b59e7f3aebdf434ce799d2f151
71,9,4096,36864,4.443527917585,1079,1001,1009,1007,106,0.000000000000,78.477559367431,06d49fac3a7dce3b5b799045d18aeee278056f6c228479214a012b10b900884a
71,10,4096,40960,4.441984088828,1097,973,1038,988,105,0.000000000000,80.292596600720,205b957c954f38a1a678c5c85e0a0a87017029db2991957ffe1ac6aa7fc8ea4f
71,11,4096,45056,4.440823602789,1067,1002,1002,1025,101,0.000000000000,81.560866222214,b2d5ae51abee044317844cd9781e0dbb6e4340ad34314c80e1e3be7b33e26ec7
71,12,4096,49152,4.441780830579,1079,1024,999,994,106,0.000000000000,83.280252468856,74c02ea5a86170e5d5eb75a56ee4f0119456b23d00e62fab3ffd176581dd0b5b
71,13,4096,53248,4.446886907634,1088,953,1025,1030,103,0.000000000000,84.463903038556,38fa843f0d3baded895f3509f6a8b388f0ebcd416a1181b8bee8affc216088af
71,14,4096,57344,4.447155668442,1045,952,1034,1065,105,0.000000000000,86.000066335506,ac43b278d9517335afc23c656b97e09631d3270e02fd19d2d06aa298777107a4
71,15,4096,61440,4.442507111785,1093,989,1004,1010,107,0.000000000000,86.820629218320,40c50fa3a5ca954edb18e4fbeb54c5a6b97099a4786e3a5571d9da0dcb19672f
71,16,4096,65536,4.445155420467,1106,927,1025,1038,105,0.000000000000,87.943680559904,b7d2d3f9ee2dae9d3dd93fcd4fc8a53846d20f62345b8d8f60dcdcac6515ec6d
71,17,4096,69632,4.445674982719,1125,986,1029,956,105,0.000000000000,88.601922986991,edca4eeed23cf6a957416aa0466a83e490f1cc7f706d2ac0862e51892833d879
71,18,4096,73728,4.442420747818,1006,1025,1029,1036,102,0.000000000000,89.506196310835,d3923fd60858179f53192e6fa5bf768ca108830041e8b97ad47723170480f365
71,19,4096,77824,4.443186299229,1063,988,1044,1001,105,0.000000000000,89.903150977132,8869b808df2e8ddd9a6dab44e0bda25282f2dd963bcca5af805428c84a7fc15b
71,20,4096,81920,4.441974031977,1006,1043,1050,997,104,0.000000000000,90.682247581844,3a65d40bc22a4591882156116e0563178eacfdb27ec932d9b586c0a16092a85d
71,21,4096,86016,4.441099715091,1012,976,1117,991,104,0.000000000000,91.350413122495,8ade022d4a0a7b24cafd092f7d3ade4bbac86accdfc8c3b985544811c401d22c
71,22,4096,90112,4.436598315544,1060,967,1087,982,99,0.000000000000,91.543095604559,8b81b847beabce5a4fd0f0e7bc39a5fbcf94edbc6c953a5381d8613488d72a0d
71,23,4096,94208,4.436356648736,1041,1016,1053,986,101,0.000000000000,91.844527771502,00c77526199cc7dc7ff0293e4e1223eff08ba5079e50c09dc1fcff9eecb4e95f
71,24,4096,98304,4.447623450077,1032,953,1055,1056,103,0.000000000000,92.095725022985,e5c2d826a2b887a71359b36f3b1a90187b2adb0f51d23ce722945bf7e7c213c7
71,25,4096,102400,4.446653978861,1095,956,1096,949,105,0.000000000000,92.566009979123,4389fcc52ab525d0f54648234c022389f5910557b2643d375466482a20cfa31b
71,26,4096,106496,4.445761242271,1072,983,1043,998,111,0.000000000000,92.941472444083,a900044f14289b05fd54c21e5f5c3856c0764a44becf77ecef87d126600618bc
71,27,4096,110592,4.444597925485,1149,965,1024,958,107,0.000000000000,93.011478702703,a980ee9dbef7b81dbd8b512f3f0a07cfdc217d06a589d29c46048b5a5805097b
71,28,4096,114688,4.448871834464,1091,983,1001,1021,108,0.000000000000,93.220729500678,a7ca2173bab6cbecaf060a2aeb3275c887db338243d8ede6916943af4157eea8
71,29,4096,118784,4.444012861799,1183,922,977,1014,101,0.000000000000,93.200071822277,d46f17a33374f931756d6d09ec03d52d7701d426bbb9a59753b4c0a0e472cd62
71,30,4096,122880,4.443812806849,1116,928,1081,971,105,0.000000000000,93.383747596854,9fb040f007c8fc43a5ac6021c8353cbb6760d74dfa8e1e76679842fcf40746bb
71,31,4096,126976,4.443164476718,1089,964,1021,1022,106,0.000000000000,93.706758849433,8a698a73e01b05d8c6719ca5b26327126e655c78f26bb37b6bc00842c1f809ba
71,32,4096,131072,4.429615466050,1116,928,1037,1015,105,0.000000000000,93.651065602393,04a2a155a2f824b23919d3686c35ac1fee75ea7a64de3a8590162ecdc238161b
71,33,4096,135168,4.447650147446,1045,956,1150,945,111,0.000000000000,93.784465742619,8a9bc65b36ce6d0f5b2229ae84d7f444e6a9769d7b80046bd543ffe66f2771c4
71,34,4096,139264,4.441108707915,1047,993,1081,975,103,0.000000000000,93.904066879910,01a0f001c2ad7fbac872ee4be9a4dfb7e9a48dc07c9b3cc249b560ac85483dde
71,35,4096,143360,4.441108971906,1111,924,1127,934,101,0.000000000000,94.235103875390,b676dac3660b72c48e5aa79b1caff35313612306c44ead5ce083f19c3a7a0b89
71,36,4096,147456,4.442151263260,1044,963,1166,923,105,0.000000000000,94.316006503973,562ed9b36455e377b4423b5ce550b16b32371fb21ba9beff88c3697e644e33af
71,37,4096,151552,4.440976959686,1107,958,1172,859,109,0.000000000000,94.243042582975,9a9aa51b5b9d90e8e9545e0049ed204ba633d77112ffb1779c02c24b2a23997d
71,38,4096,155648,4.445910948278,1060,944,1123,969,105,0.000000000000,94.602233401151,2cd5912d730f4be16506f2c3f23411ff80dc7d0bb3f89f771b38a9f4fd25d2eb
71,39,4096,159744,4.442130195000,1074,935,1152,935,103,0.000000000000,94.574633361011,fde4e7984ce05a52d0615b74e975debaaf0db87ea2bf7fd2e626088a81e1d202
71,40,4096,163840,4.451806998462,974,1010,1242,870,104,0.000000000000,94.733621037881,fc1b2010d99c8a635cc99d09c57c8e2607996da3df4b9051f4249dee93e0f9c1
71,41,4096,167936,4.451320761338,1045,989,1116,946,106,0.000000000000,94.704026153818,41af46b981967bfefa1bd0b76605a9fb9e8b193e92408ca95be01e401c4e983e
71,42,4096,172032,4.445841042245,972,963,1231,930,110,0.000000000000,94.786104417468,5d6039dec2b42e555b5184f77eeb5deac513684934eca8e047da2dc89a034638
71,43,4096,176128,4.445807938210,1060,931,1272,833,110,0.000000000000,94.749408628346,3e026505cd5d223b3c58a28b0b6cadbb209414300646f4d2430c262b5c27a25e
71,44,4096,180224,4.443660202428,1015,1022,1176,883,100,0.000000000000,94.819446586461,65acf9148bffaf01cb94a2d813c8c42d4259a1e5f966db20afd66a537ba5f3ce
71,45,4096,184320,4.457054118597,956,900,1294,946,103,0.000000000000,94.797317671629,a248fcb344c65a096b2ebff35447cc3271333282b7447d4d7748d6f0068fb00d
71,46,4096,188416,4.449816006408,1074,988,1134,900,100,0.000000000000,94.836091167629,d702e6170a38bfab4ba86442e1cfca2fb1fbf9cb0659934f7ce98b7e289211a3
71,47,4096,192512,4.450772310291,1015,952,1239,890,104,0.000000000000,94.755210600844,d353c2a0b7cb343e3c49f12b6567504aa385bde040e8f157a2b34090e451abf2
71,48,4096,196608,4.450092222854,1143,853,1189,911,107,0.000000000000,94.935269979871,2af13da8f9795c5da73d2d149b099019157763f241cf67d243c5378266da92da
71,49,4096,200704,4.454227810438,936,939,1335,886,105,0.000000000000,94.984015873370,62582a3c304c54da500fc79b4662215223427165834958bb2a0dcdfb58ed694e
71,50,4096,204800,4.454559566749,889,950,1348,909,105,0.000000000000,95.005128540064,f186f9aeac1c00f45900655f86669b707c7c26e466f60823cbac845636536ad5
71,51,4096,208896,4.451845764262,1017,1009,1230,840,103,0.000000000000,95.048651336215,e1b2adf2577535e7bf242a21ea8e87318446aad2aa198e51445c115f4351ef81
71,52,4096,212992,4.455345730116,1105,915,1244,832,104,0.000000000000,94.960051105730,02b7e957c776e39a1d116cb2df5cc2af1f853fafaadb2c1a580e0437c82a9906
71,53,4096,217088,4.457329755287,902,863,1319,1012,103,0.000000000000,94.993580016996,b34686d5f18b279075be4c8f8d17e8d18589bafd64002f37e5c311bd429a41b1
71,54,4096,221184,4.462101298712,955,890,1472,779,100,0.000000000000,95.092577627447,9986792d15ab939293c2376b48c7c7035cf8c6be57d83b4ee9a6ec2b808fe891
71,55,4096,225280,4.456498022824,1004,859,1279,954,107,0.000000000000,95.042363871741,af81d96d6d5a0bf17957cd39122564bcbf896ad5c0cfdf9e097d1a0b9d804779
71,56,4096,229376,4.452826943076,980,912,1335,869,100,0.000000000000,95.053617665701,3cb14aa7797a1aa86ff7e1d5c1a11a066b840f84d1eadaf428b22a60f088345a
71,57,4096,233472,4.451435968003,962,920,1365,849,105,0.000000000000,95.126518605614,f2dda085920223c544fce13a76d89d033b8d001325615cbf0d3d2a35f01f279f
71,58,4096,237568,4.452281544709,937,953,1315,891,100,0.000000000000,95.141079827246,646827ecf9fa431fe8da776a06a70fe1c0f8544294e1f8cebac2cb462e644054
71,59,4096,241664,4.459745252970,931,880,1461,824,99,0.000000000000,95.140902043438,239ed1f0c4bff82c62809782e574f6c690604127bfd58128bac3856015613c37
71,60,4096,245760,4.459770783538,863,876,1611,746,111,0.000000000000,95.176407441006,8cb5abc675727c393a330b1d01f004a3ad16f5510110e40109a742a7b57d5e4d
71,61,4096,249856,4.463397009417,919,945,1421,811,102,0.000000000000,95.320909175446,a504f9969e936121babf51e7814d4283c4b0e04e8b24d743d9a8d359c0d9e17e
71,62,4096,253952,4.450607697045,821,910,1377,988,100,0.000000000000,95.423515431269,62c391a7fa7635135784412d35ada739814c1e35d9f854611480b5e0dbcf28c9
71,63,4096,258048,4.458055617451,934,980,1306,876,102,0.000000000000,95.570676185432,7e6327b084c6d6514ad9c1c077c5a866128fd80e41a0c84f78ebcbc7ce4f2f3a
71,64,4096,262144,4.460369675436,1022,848,1417,809,109,0.000000000000,95.512063959021,7ba3eb6e52539464f26d65aecd6df1f62ec03e2f52665b83cf1399ae81c393de
71,65,4096,266240,4.462304763921,895,927,1425,849,100,0.000000000000,95.530097421796,186d2b91e4132b4f6a973fa08c5699b1ceb48e3379dea7fded56ed03950a7624
71,66,4096,270336,4.458922437358,908,1024,1380,784,97,0.000000000000,95.619688611873,a41dfe4ce847824b9336576826ebbbfb56cebecc763c48c10c23c9a72901964c
71,67,4096,274432,4.463697494441,965,866,1361,904,105,0.000000000000,95.630348482991,85723076ec0e487fc82e3670c7e7742fb2e08a03f0640aec44841a86d6cba9cc
71,68,4096,278528,4.469762969249,913,984,1488,711,107,0.000000000000,95.660456711084,d33895ca7f52cc5e7c96706cece0023cdcb5f14bf97d580d6686390314f45f04
71,69,4096,282624,4.468352280193,1013,950,1368,765,105,0.000000000000,95.626097635603,b09c9f1ed883a88eb6103d16b8ba4fd7f6afd7bf1e5b38cb34edd229766e7de2
71,70,4096,286720,4.457591446653,929,919,1499,749,102,0.000000000000,95.622003715449,af01aa4400dd13c88fbc29c57b19cde4445164ef2cac7470131e5d745ecd50b9
71,71,4096,290816,4.458841170128,1073,919,1093,1011,96,0.000000000000,95.633960537587,46e2c6853edc1bfd952d24b60c07aa78f6cc1390c0bf088f97cfb659c485c793
71,72,4096,294912,4.460389087448,909,857,1563,767,106,0.000000000000,95.810534556824,00a4029c2dfc80a67e40673cac305b0997834abd14aa532a27b8fc2f95f67e05
71,73,4096,299008,4.460620615604,1116,873,1345,762,103,0.000000000000,95.874660262156,bfa73342c73d9918e71afcbaaf67ccd074315a350c92c9aa18331fd1d9be118a
71,74,4096,303104,4.470925376165,973,796,1510,817,106,0.000000000000,95.741892012344,0ed3f29569d0619c6b89c19cd04463c048723dccd8b61c93d877166fa862a63d
71,75,4096,307200,4.468143629794,941,865,1508,782,102,0.000000000000,95.792563183447,a3590643befe9ea10a10c73368d35a817dfa3852301297bfa6a7a04c6e6ccc05
71,76,4096,311296,4.468091511272,1003,680,1674,739,96,0.000000000000,95.823613502950,94505eeb501ac66590d37158f15914f31ad33dd447e650f1ab55c71266a3f4b2
71,77,4096,315392,4.463450926325,1028,807,1563,698,99,0.000000000000,95.929317170143,7cec407c0379349f6f5faa4964f8a55f8a3148ab5676f13bd35aad0970c9cadb
71,78,4096,319488,4.466564219878,1021,895,1308,872,107,0.000000000000,96.082477910388,63f506ca33500f8ec3170207ddb422a2637f9cad2efc079bec927b5095b93705
71,79,4096,323584,4.474974754588,1052,906,1381,757,109,0.000000000000,96.133915769993,7584df47e9df37307060f655b37f41d2b847473ceddbf296e72bfdb9982847ff
71,80,4096,327680,4.465961578379,959,1030,1212,895,101,0.000000000000,95.924740038931,a721dcbb9a9122235ccf3f3f9279691cb5ed095855eb0b9214bd7b818f999cdb
71,81,4096,331776,4.474529285466,1128,1048,1122,798,104,0.000000000000,95.935827948026,d10702834bffd313a55995b33677a0ee668fae18001b37164f915fe6d1f8969f
71,82,4096,335872,4.468901088468,1226,780,1278,812,97,0.000000000000,96.068354509720,c57ee473024e60a0a88b6d20a4c9adb21a0502786040538e122948ba7ae57b4e
71,83,4096,339968,4.470352063383,1092,1008,1225,771,101,0.000000000000,95.838968843770,3afcca9677cd0ff82b20423e0425ebd21ec9ca0c1529791f759bbfb05e5b6b71
71,84,4096,344064,4.465863103869,1163,826,1386,721,105,0.000000000000,95.907175132117,81177985a686ea8b5f52f391715d986093ffef4134819f87f66d5f3fc0993297
71,85,4096,348160,4.471507163640,939,922,1500,735,104,0.000000000000,96.019562119548,2ea6bef87ad50d7649a307fd6081ae186171b9cb2bc9ec976738c960ab871d49
71,86,4096,352256,4.467994987272,1074,765,1534,723,103,0.000000000000,96.030149936613,1be0030ce0094e8cb0627251329b26db280409e6a7207feb7d2f92d48ecc8a80
71,87,4096,356352,4.477176077029,1144,939,1357,656,101,0.000000000000,95.890918375214,776a6679648f1f0f4b66b8784e88511509c25d080c5456eb039ed5b820d099ae
71,88,4096,360448,4.476971739862,1074,998,1310,714,99,0.000000000000,95.784508198904,6943b5f3b9ed47409202377a432c2167078cc6868d66d77c8bc224884ce0cfa9
71,89,4096,364544,4.473464987080,923,848,1513,812,106,0.000000000000,95.757229096385,c19a03d6a7753b8fb3aa003f2bb250c8079e82dc80d9230dd39bb66a4837f4f8
71,90,4096,368640,4.472336161506,901,832,1375,988,99,0.000000000000,95.889609628456,5ae491cd13dafa190620cc51a4921b70a3832a98b0f1e17ae69e08effd44c95e
71,91,4096,372736,4.477722049150,999,942,1227,928,100,0.000000000000,95.844184881697,df30e254364ee0e6bfff050c2de6db0cb39ffb20eec4e152c55de722a86da6e2
71,92,4096,376832,4.462565435351,1083,932,1158,923,101,0.000000000000,95.859906436288,a3142ffd9801451311b5a9ae3507a64bbdc35d4ab46605722471e64ad1512afe
71,93,4096,380928,4.474707538474,1230,816,1319,731,104,0.000000000000,95.907410833311,8305c6378cc0a51c568d2b5c0be43066738a5168503ff9bdc4f7b4da4e23e70a
71,94,4096,385024,4.485879001600,1314,955,1120,707,101,0.000000000000,95.800574672405,d3cdf71a84dae7afcb1d3234a572fadccbdcecf7f2f679a11ef477f3b13597ae
71,95,4096,389120,4.489693773037,1040,788,1574,694,100,0.000000000000,95.769627834524,920a466bfe094b66d7b58aa1028c0a09afee876bf2017264e201501724cd1909
71,96,4096,393216,4.482216007408,922,709,1710,755,98,0.000000000000,95.739227577871,f8ed23b176419cd10fcc2fa58aa738d128a43b95a362b9baae1801b3e23565c8
71,97,4096,397312,4.484536271183,1083,800,1522,691,103,0.000000000000,95.795726455382,4b0bdaa64fd96aaddb8e7b03c060e1f6369bbf1a6093663bed9f5b22ddfe3c74
71,98,4096,401408,4.474444183976,1124,691,1499,782,99,0.000000000000,95.771510161968,7afaacf6af9ed628ec724eb95b98444ca88703a0a282be1acd93847b63cedcdf
71,99,4096,405504,4.479004320116,1105,683,1418,890,95,0.000000000000,95.772149780863,fec3c80eda2040851a2930f9ccc16d16c36bb0aa299943957fda6b4a24ed790a
71,100,4096,409600,4.476895678743,1288,789,1374,645,92,0.000000000000,95.688340502207,3727d295f8e16c02b99964b98747015f48761ddb2ab105405f682cf89c6d6973
71,101,4096,413696,4.487285372464,836,670,1801,789,97,0.000000000000,95.723715138341,0963c0f5f2bc2ac60c9562076d1d81205b47c515d737094f2d3ce462ad287aa8
71,102,4096,417792,4.479340826762,928,713,1813,642,95,0.000000000000,95.764120875360,697eb441d05fe0c9c14e281b9d73194b592ef3150eff8db937d8b896d5f71476
71,103,4096,421888,4.471457308113,1058,644,1605,789,92,0.000000000000,95.790046735532,609815992aab1a05ee5388a616aa336f869855ac601f4d6a4b84527edf160aa2
71,104,4096,425984,4.488197785369,879,773,1614,830,93,0.000000000000,95.837354933381,65f88c121822e0c5ca00c164037202b94635b467f3edf4bbba84ce2ae0d7649f
71,105,4096,430080,4.493056071207,727,891,1782,696,98,0.000000000000,95.862802956857,f54f53b195380ec4c0bf91eb31f2f6b58b6ea1a4113393d12b041e5556a16286
71,106,4096,434176,4.480392221196,1164,601,1630,701,98,0.000000000000,95.870391246571,1129bb344d44dfbbcbb5a2534808dd19a41a4faad8ad1bbeaa1a3f032f07e13d
71,107,4096,438272,4.493151188709,1068,882,1483,663,96,0.000000000000,95.880481717040,91c9bc4adb0f920752020b0313bcd0216d21b56e630c65d1fccd24d5de051efc
71,108,4096,442368,4.500113480636,1053,912,1482,649,94,0.000000000000,95.925311661341,45fcd47fe04ae83fd95c3c65fd142044af6140cff25e72bb40eb869efaf4fede
71,109,4096,446464,4.479617837566,1174,822,1286,814,98,0.000000000000,95.951241859138,00adb0fa266eaadbac6a36a22b4272848d341da4c2865e7d14feb1903a52d17c
71,110,4096,450560,4.499849757475,1349,981,1080,686,91,0.000000000000,95.933843233702,e234b4275caf5faef3f07df32c0f02ed5d464fd8e2783e360647e0fdca9ac5da
71,111,4096,454656,4.488299849036,1458,703,1264,671,94,0.000000000000,95.963361542505,d5ac5ced4bc674948c2be1815beab2956143c53cd822ea24cd64b8340153ee55
71,112,4096,458752,4.500771207173,1261,694,1608,533,94,0.000000000000,95.986503378044,29a5361871c7c9dbe190218b81ff02f49222dfb5683db352b3655e7775ad71a4
71,113,4096,462848,4.489225475114,851,694,1785,766,99,0.000000000000,96.027464495754,dccc35aaba2203b08739204d0dad102397d5d781a518454472a82589a39d75c3
71,114,4096,466944,4.497397062722,1080,828,1535,653,91,0.000000000000,96.027464495754,c693b836f89b789723f7bb20233d518693c5b6311db92fe78e28cf1ca799757c
71,115,4096,471040,4.484390728521,1158,668,1494,776,93,0.000000000000,96.070714712881,d50819e4deea1bbc078f6dd581466436a074cc22103ea8940c4ae9db0d366b08
71,116,4096,475136,4.507961182765,1029,792,1624,651,91,0.000000000000,96.048172395223,e259d76a133c3d6015dc3471817d3af0608061b35a498de27db563b70f269382
71,117,4096,479232,4.508164104125,962,643,1909,582,97,0.000000000000,96.049112588425,1e857224ad8eb19feb92141eb8d58977d736dcdf9244db9dffc17ad2d3c733ec
71,118,4096,483328,4.514715372085,839,777,1812,668,94,0.000000000000,96.056580165104,0647529bc693b503469208cd2bbb010581c507ab603762c512cff13fa4a47cfe
71,119,4096,487424,4.507907524035,771,934,1683,708,96,0.000000000000,96.061731702762,83638e52594ee170eebe3a02562d16ba39cdf1125545b7c92d6cca96176fbac4
71,120,4096,491520,4.523683307822,785,687,2190,434,101,0.000000000000,96.088935536075,83247c1c909901e7f3ee92fe489e7652c64c2da46c9895deacdb24eaeee4f1c3
71,121,4096,495616,4.501903843850,1157,830,1556,553,92,0.000000000000,96.088713366868,d8952173e7db5b9c4e8b1c02367f3528e45da9116b910b530cf9632a1667500a
71,122,4096,499712,4.494107158372,1244,815,1295,742,105,0.000000000000,96.054436866085,a36db07e17d29067b4b5233c97e32d23887d519824c75d165131e190b102047b
71,123,4096,503808,4.491271113191,1069,678,1298,1051,93,0.000000000000,96.094048656013,3769545c3a5ac9157640dda00b947508c59224fbfe90450c6963aed9d8aa53d0
71,124,4096,507904,4.501621225481,1011,846,1542,697,94,0.000000000000,96.135240977593,1a76948725a6010672dbdeab682d6dd0dba110c61056604eb0adf20c187e5cfb
71,125,4096,512000,4.527094438304,1022,671,1913,490,94,0.000000000000,96.180659727916,0301df6c96c5289ba7497fdd17caaf2adb537a71e079fc9f12cef231996dd747
71,126,4096,516096,4.519377011972,696,530,2316,554,97,0.000000000000,96.218619364440,2abb5a9096a0a5bc4cdf4822815123f622488acde1a4490bd1e35e3d8d53cd8e
71,127,4096,520192,4.508420497349,816,565,2017,698,96,0.000000000000,96.240096509816,5bc44ca330bf4939a2b87ebf48ec8c37e26c577e1ff4f3660564f3ce928ad779
71,128,4096,524288,4.504778193446,1041,663,1734,658,90,0.000000000000,96.263984092062,5016065e666a636aa67451da4a2393824f3287035fc0287bc49d21b01cd9fa00
71,129,4096,528384,4.494942188102,1358,564,1414,760,94,0.000000000000,96.288189455337,785c2998adb2939b2449283842ca385d6957e76a91c98167b343bf9ce8d93a0e
71,130,4096,532480,4.509576790776,1130,602,1742,622,95,0.000000000000,96.303989010851,a225d6b706c18d9e931485c62a264eab6d8970e18d60a565f69d20b3bd886b55
71,131,4096,536576,4.516772250414,1105,662,1767,562,95,0.000000000000,96.298262201954,e081ceaa113319b642b6ace569c7b22b4e2583e06b1e387b46526c74ac6162ba
71,132,4096,540672,4.523090608231,1392,727,1589,388,95,0.000000000000,96.328051363016,a864ca82174a96320339e7be6f136d8d6de57ea4039dd95440fd8c59889e9c9b
71,133,4096,544768,4.529772577845,1373,692,1645,386,94,0.000000000000,96.418962773165,5c72544f9f02c1edb733cf11932b0a83e39d94db9173ad5d75f41ae219a3485d
71,134,4096,548864,4.515342253124,1274,682,1693,447,92,0.000000000000,96.501535229120,64b4b67c2db1f8506eb4254f459daf32131a1f08a12a24aa23f9c4a68f590d15
71,135,4096,552960,4.520880014720,1514,469,1540,573,95,0.000000000000,96.501535229120,490fdc907aef0f200de148dd8017f6aec14bc5202144c9f7d3649969f3a4f501
71,136,4096,557056,4.515440178962,1191,752,1518,635,95,0.000000000000,96.501535229120,46220b4e9a7d667fb40c1163bf9ef6408f573d3db3ef42894ca8ceb47948bf50
71,137,4096,561152,4.495591478061,1372,424,1497,803,98,0.000000000000,96.578846988198,6ccada667e2f17b2490a1ae51d1d41fe45a1d09fa521d0a4ed80ab4b29b4c0eb
71,138,4096,565248,4.512069900884,1913,450,953,780,95,0.000000000000,96.649528069751,1963ab1a9b135f9db2cc7b3dd4be11ca39fd5f5995878138fd6db914efe6a3e0
71,139,4096,569344,4.517322722674,1855,680,1086,475,86,0.000000000000,96.713141043148,30c7cea12af723590c73806af227fb216557400fcd9b9ab153e142ed36d25709
71,140,4096,573440,4.515127702294,1219,666,1579,632,95,0.000000000000,96.769742050560,3ee1d027c9a507fba8cba1786e316d919d779ba2c4e4779b9742093b5efe64dc
71,141,4096,577536,4.526700506091,992,756,1596,752,97,0.000000000000,96.820443323627,378a3f57bb729d57fcce7b9c1349c5c80bcb32a14a20487d5ccfe2b0ad8f0e12
71,142,4096,581632,4.533229286528,1221,386,2075,414,94,0.000000000000,96.865060113966,194a28e4e8c74f61515707aa18069a636e773d7f434f3edb9e90477b24593d7a
71,143,4096,585728,4.518531979915,1170,529,1790,607,96,0.000000000000,96.902611319393,a9ee95ba872882ac31f0b2f4cb1e63d5274900786af1be7d2bddf3c32006ceb4
71,144,4096,589824,4.520702215983,1241,497,1840,518,97,0.000000000000,96.935312207600,99fb5a50d60b9f0c8ba36ef84f08cdfa9db19d3076c975320d64f0fcd3e7e5bd
71,145,4096,593920,4.525392347751,1244,686,1567,599,90,0.000000000000,96.963602659833,1d754ef4912517a6c47b784bbe3e9af6fe3343daeba4523f18f9f7df54daaa2e
71,146,4096,598016,4.524946515033,1556,420,1561,559,90,0.000000000000,96.989520638664,8263836c2747d60b02c888de6d74c4173cc6a0be1b266821fef629106ab57405
71,147,4096,602112,4.540053939415,1434,493,1819,350,96,0.000000000000,97.009361772372,c73cfcfc812cc6155a307cd43d6362e67d5b5082820cd435d7f9c7d01a0025eb
71,148,4096,606208,4.552270808171,1186,466,1876,568,93,0.000000000000,97.028613706855,f988ec8e260bedb00f3ef82e36d4ab84b23093ea5e6fa51954b933d51a6ffd49
71,149,4096,610304,4.546808751632,1202,556,1846,492,90,0.000000000000,97.044063938245,495c2d02d5781eba15a868175de026518ef5de87b5b2e7d7462ef0590fae4750
71,150,4096,614400,4.553753916399,1323,680,1606,487,95,0.000000000000,97.056634662219,045b906eb8b76421ba0d0727ec610d4a5d8fa8839055fb2454c3ae9b25f12921
71,151,4096,618496,4.542527386188,1240,812,1505,539,94,0.000000000000,97.067948313796,0f77b032059087f2a7ee863c3a7db7bde45075770ba429001787d92c1b068f78
71,152,4096,622592,4.524936751034,1500,623,1062,911,91,0.000000000000,97.075763517087,08bb150ab96351e51b435556ca83a98daf4e666c299baa8336af42006272667c
71,153,4096,626688,4.535528057582,1177,468,1097,1354,98,0.000000000000,97.078181786448,0bf93011cbd5d0a6d161a613f538391bb2daeb9d971428845f5a2b31562ed8d3
71,154,4096,630784,4.543247997757,1415,439,991,1251,91,0.000000000000,97.081700262826,bc328126a6f517bf4ca7cdb4841be3134815427bc24dade412e92070f88a47bf
71,155,4096,634880,4.537796360161,1245,425,1065,1361,90,0.000000000000,97.080221740842,1f6ffe0e8065e70277de261b4acf5a1a7fedeff6fc3170d81a797158ab02113c
71,156,4096,638976,4.561679726754,1302,421,878,1495,89,0.000000000000,97.075071467323,18809b6d27a9ff9d5ec787da65c37b28639c9d767b926c91e20f51e66adeea8e
71,157,4096,643072,4.550400043709,1243,683,752,1418,88,0.000000000000,97.065888034219,e2aa2948202e4e39fb1227ee2e1dacdd40f30512350853a48841cd3a5aeaa22c
71,158,4096,647168,4.556507741485,1075,764,840,1417,90,0.000000000000,97.053025115787,48dfd7497afed1467623a841a02cfc76e765c70a3d14f2f7caffaff0db68c1ad
71,159,4096,651264,4.561420862883,1175,568,945,1408,89,0.000000000000,97.036077937085,886a59b410ca6e6e534146b4e80b202f856ab270cf4a86898f354240ff2e4b75
71,160,4096,655360,4.546952443878,1618,463,1025,990,88,0.000000000000,97.017701274466,2ce046b79de26da2719903e96967df02a839987be17f0534ee1f2e0d1b18f79e
71,161,4096,659456,4.558680571707,2131,633,945,387,94,0.000000000000,97.001230435353,6e9fcbec74b0e8001d24369c2d8d763e3c20436c29432595748a4c3d08520035
71,162,4096,663552,4.555019041925,2463,552,662,419,90,0.000000000000,96.980537832138,0ce83cecf5ab54524cb0bf53cdfdca6bc026d21d38da7626a037f0f9246a0168
71,163,4096,667648,4.565292920946,2472,630,664,330,86,0.000000000000,96.958740906759,c7a07616ea3db1c3621313a57a63aca3ed2f4ddd3c6e8c5754fadbf86ce17e5a
71,164,4096,671744,4.550159870471,2448,611,606,431,90,0.000000000000,96.935509950493,b35d47ae6af7de0157ba6ada2070fd9f1938cfa96d79999094d62a4658d3776e
71,165,4096,675840,4.533689564721,2078,696,699,623,91,0.000000000000,96.910714219254,1940dc0009496cc3748acbf5e4fd83e3972d411aa46f2666427ec6f4ac615715
71,166,4096,679936,4.531077459216,1518,981,1107,490,95,0.000000000000,96.885021257194,0eaa81aa5e02d4dc1d9c21b50502a121946e4e129f9be0992e70aff01cffc510
71,167,4096,684032,4.542705594129,1262,632,1422,780,86,0.000000000000,96.855548229645,cbe13f9f67038d0498a0695cb0df6b29bbfb804b55fdb9e7da65f8a30f5393b7
71,168,4096,688128,4.559731686323,1046,710,1965,375,95,0.000000000000,96.822024270722,6fb8a38ccb04df61e35202badc6771330f55d1b0a6cc98e238462f589ddf2d0f
71,169,4096,692224,4.572255307762,1165,688,1863,380,93,0.000000000000,96.787730490375,51dc6fef5962ac2b72c82b6ffb37f4fc85323420deec54c405316cac7c65d013
71,170,4096,696320,4.587218992244,1443,734,1625,294,86,0.000000000000,96.749639031702,329f149947a8481c29b75fbb746fe02c1c5fb19ee5d8ba197f839ff52246443b
71,171,4096,700416,4.566669015419,1307,662,1888,239,93,0.000000000000,96.709788442433,c79ad16eab4827e8468cc98882534e020d91fb15b54e41259ac6b94c7286570a
71,172,4096,704512,4.551894847462,1106,670,2004,316,89,0.000000000000,96.668107561891,72a1e78116a10bb5bae8971f751d75ad99c06c9817c4c3c71cdeb9f6c6bd2899
71,173,4096,708608,4.563037786419,1283,184,1925,704,92,0.000000000000,96.623219032823,0c405947746ba92bf94ed2d479e391c6ba59871456814fd2be60d5ca0461b65d
71,174,4096,712704,4.572379743155,987,459,2267,383,100,0.000000000000,96.579724395594,6df5e61fa481046179f7ddad90bf14ee02a17402921b3880b9ef2076218dab8a
71,175,4096,716800,4.568617835303,1155,291,2335,315,89,0.000000000000,96.534303795701,2bd1e03ddf98c13491a6a1197ef25fc2670d7670363e410d5b002357c2c33284
71,176,4096,720896,4.562303482135,1292,496,1875,433,90,0.000000000000,96.486597019705,d8eaf494ce9c7b7bbfe7f2dd2eb7c3b1a36ea7c2f958c6af0e7f6bd794854359
71,177,4096,724992,4.538777615302,1838,276,1417,565,90,0.000000000000,96.436637184814,c33ff37c8777fc300cdacb5dea7ca0c6b179032f3653d2074d3c3a0da308e270
71,178,4096,729088,4.548605422112,2192,371,1021,512,89,0.000000000000,96.386448059857,611e6a9e253e6cd02ca18853a95c55d632648b3ea21dd20a13f6eecc81350a5e
71,179,4096,733184,4.570519446929,2494,784,682,136,90,0.000000000000,96.334233182192,4863c43231b6df3eefde79db927d526dc548d74ef17efabdadf0301412c2ce4f
71,180,4096,737280,4.559012083254,2288,543,993,272,92,0.000000000000,96.284032909580,83610f7d52742e4c785185fa5c2799a11f49ca8e91f3bd6736054e6f82076444
71,181,4096,741376,4.563242566516,2410,448,898,340,87,0.000000000000,96.232677768563,a034de7f3a665fcb4adc991b738284621c77b22ffb404f1727efd010b1be1c90
71,182,4096,745472,4.557653089667,1319,589,928,1260,92,0.000000000000,96.179342461048,a8caedb9c60ddbf50e55605c141b64ed71f43f50e0dfd4d0bf100ff0a2fb8615
71,183,4096,749568,4.562099304328,1108,459,1131,1398,95,0.000000000000,96.126054532438,36d057651d929108ee1075d2116aa43f9fdf09ca4f8f748f8515c9421cdd6371
71,184,4096,753664,4.551544001192,1048,708,1145,1195,94,0.000000000000,96.071523240431,817abe56118b4a4d43b5dca24edb7fbb45499f71ffc23009a0a7ff2f22267b82
71,185,4096,757760,4.562022875901,968,486,1205,1437,89,0.000000000000,96.017508507137,b6daeb2a243816a73ef64728ee9c24a6858d7be9bdf7bca8db4c030ab633dff5
71,186,4096,761856,4.559093593202,937,676,1089,1394,91,0.000000000000,95.963766291554,975d3e93fab464ab4454096a7beb6e8445c36a6efd3e5ddf9b00aaf55b1fe85a
71,187,4096,765952,4.567634003665,1718,355,761,1262,88,0.000000000000,95.910480175378,ada513c665eb322bb18b874cd915dde9cfbdb1c0ca676406dbb4b5329fea9135
71,188,4096,770048,4.582877615914,1387,397,1698,614,84,0.000000000000,95.857374731713,b49819c376e500663f36cc0d1f6877d3845d018e207b9326b7a6636ce7fe2b59
71,189,4096,774144,4.570464157587,1066,691,1725,614,93,0.000000000000,95.805189785748,2f96e115aaae66fd6799f79e88c2ce1be4cdf4362fe7daa27274e5d8d0187c48
71,190,4096,778240,4.575587365420,1309,581,1550,656,88,0.000000000000,95.752279130015,d8dac854c973e6ad96d41f0c92f541ec56ece9fd69be16a3cb60d31697b54c51
71,191,4096,782336,4.553329916164,1213,468,1942,473,90,0.000000000000,95.702428910107,36ca0d4c8dfd5b232fda87934b2011f2756b20d99a59315ced284070d7b5fb0b
71,192,4096,786432,4.554887527728,922,711,1833,630,92,0.000000000000,95.656497282821,5060f9ca0650b3e09122f3cd80b034870cad61f43412cfe23b1582c9670337b3
71,193,4096,790528,4.561344103515,1112,529,1771,684,92,0.000000000000,95.609542092903,e7cc1c1ae442010412737f381af92783d9c1ed6d25edfc14e4d060ae4c59c8ff
71,194,4096,794624,4.569034150081,1300,477,1741,578,91,0.000000000000,95.567100403949,025685731d82b29218e3da4f54a535c8ecc6a2bdd2a43f5b0ffede2ccdab11d3
71,195,4096,798720,4.573557917804,1061,747,1744,544,90,0.000000000000,95.588485361185,3160b658029bf9b3d4e9a3c1751171cb3e1e6493ecc790a39293e399aaf7adf3
71,196,4096,802816,4.568598456692,1039,707,1899,451,92,0.000000000000,95.492387134686,61bb10689eeb0783775f42c5a8743ca44e4a5e0c10452832bed54aa696fe39dd
71,197,4096,806912,4.559077146432,866,574,2008,648,91,0.000000000000,95.441405417687,7a111100e4ed9a798507e53280b1443522e9fa9403fb945d5ef1fd997b447908
71,198,4096,811008,4.562009305419,1450,574,1684,388,91,0.000000000000,95.401615408341,512597e2deb1eeee70ff50c6417e3568fbeea98170028164633f73ef15b1025e
71,199,4096,815104,4.561379232774,1107,587,1765,637,87,0.000000000000,95.362719623720,b7c564295a7afeb14de4e0430ce51c840fb3f1d36fad0ac20f911b9602142472
71,200,4096,819200,4.564973560538,1044,389,2200,463,91,0.000000000000,95.327127476692,3df20c0cb2f695f5dc2fcffc6d783866d24140edc919c0a7ab50b367e9887118
113,1,4096,4096,4.443792859986,1005,1089,995,1007,104,0.000000000000,27.870759148981,6b78cecb6dbef25e72f6967c13a4694bbb03a5eab6f5694868ce6419b81c43e6
113,2,4096,8192,4.446676073018,1049,1016,1015,1016,107,0.000000000000,39.674592848513,a2a7da0726d2c60f240a9347bf57b27cc2c412ed70801827eed5c830ad893586
113,3,4096,12288,4.440055028983,1010,1038,1039,1009,109,0.000000000000,49.014277253907,796fda717057237b04b429e277982a8eadc08d0b940d1124e234295b1a5f2b09
113,4,4096,16384,4.452345404555,991,1084,1013,1008,105,0.000000000000,58.100235367633,7b9d5938e61648f83c279118ea602283291f34b5aa78b02377f30a2f01555394
113,5,4096,20480,4.445603741568,1093,963,1006,1034,103,0.000000000000,64.505645446291,48013cd46eb690f9b698b9929bfd5ed6079d685adeeb6d27ef5f38ac543950d4
113,6,4096,24576,4.445948551909,1123,946,965,1062,105,0.000000000000,69.623812468479,48f8c7382b599a2be6fe79f665e5c66390b2ffe671ef6b78be4a9848032c06df
113,7,4096,28672,4.438064842858,1009,1027,1067,993,108,0.000000000000,73.486262847104,96af613fc8f5072de6e73cd1237799bcb7e532858e35d14dc67eb5788498d467
113,8,4096,32768,4.450873940594,1043,1018,1006,1029,102,0.000000000000,76.190792143435,270c2d81cecb100d434333aae77ee3bbf8ef9dfb2c5f875c68393899db4857cf
113,9,4096,36864,4.438839840945,1014,1012,1037,1033,106,0.000000000000,78.445274057885,6dd2448fe35d28a922b164a8479749cbaed46d2709a445f8a773ede88d14de2a
113,10,4096,40960,4.446343231394,1027,1042,1062,965,104,0.000000000000,80.177204855229,3feedeed06447fb5f086d0cbc3020fb32fa38ffb5b811d92745701d7b1713762
113,11,4096,45056,4.443583637703,1027,991,1074,1004,108,0.000000000000,81.658484582587,28b66507ebaa3be51a5ad353283d572c3d08eb87b90f9a42ff6a5f6c9589593f
113,12,4096,49152,4.448977636648,1067,990,1054,985,105,0.000000000000,82.742713987063,e4f49d4274603527fdd06713edde135695ca8d82fee91cfb23a33a0b44e72eb1
113,13,4096,53248,4.439719778431,1034,949,1093,1020,107,0.000000000000,83.789713131581,11dfb2723a070053de7d52a3badfabcf82923289a95d34dd2ce7b1e3544e256e
113,14,4096,57344,4.445202395532,1009,1014,1010,1063,103,0.000000000000,85.132967118233,43d0fac1458ee3de3e9d2d90eb927316692f569fc17d5214f2d86c487babf2f3
113,15,4096,61440,4.437735772867,1095,969,1009,1023,105,0.000000000000,86.242896793763,98432e39e4dd5fdf7c36c75f94113b075cd92f961cf3f1abaabbe0d10e3a7144
113,16,4096,65536,4.437458580563,998,986,1061,1051,107,0.000000000000,87.652449238937,ffe6c0a0023bd73b6b9c43e42748b394025c6083b6262b22e6563174b96d141b
113,17,4096,69632,4.440320406590,1037,1008,1046,1005,110,0.000000000000,88.520535162957,1fc85dd302c6eb0879e1c828b0d60bf2a60c7efa6fb45d5271aa27ae4260ccb1
113,18,4096,73728,4.447621733681,1070,994,1069,963,106,0.000000000000,89.098626193804,b899e7f99d88a5a581b36d4a65a21e3d9e298466aa2030b2497a99dc1d812651
113,19,4096,77824,4.440231998768,1142,1017,1007,930,112,0.000000000000,89.834867435214,24eef52d1945cfa5937170c427877b04a886875cae70ffc2d76f3fb829bd31a8
113,20,4096,81920,4.440330857226,1072,938,1037,1049,108,0.000000000000,90.758221820318,e95d65d0a39a28bfd5f1efd6e1dcdbafeb9f1ddb364982d1704fc5c85a64640f
113,21,4096,86016,4.442988966573,1026,933,1117,1020,106,0.000000000000,91.483309553814,56971eea72264d3e5b9f7bca0fb0dcfb5811d689e53db9f1469ba38748acd013
113,22,4096,90112,4.443354615979,1033,1003,1060,1000,107,0.000000000000,91.527591193439,61e53a679d47960830d68e64b1097a8951db2e378aa14351a27ef116ac68cc95
113,23,4096,94208,4.439891549071,1086,1019,1012,979,107,0.000000000000,91.691234345990,03a29861bc45e9061ba22d17b51ed45c01c1c7e1d19da2c6965add71b54d0405
113,24,4096,98304,4.437457120692,1035,1054,992,1015,107,0.000000000000,92.135346088601,e8ead1b81ea9444045c467465af84b264d77319f40022185235f21d2d4ca3845
113,25,4096,102400,4.434580571745,1108,1009,969,1010,105,0.000000000000,92.301071212941,202b8ebcdd74f55f68ce14e68539d6cc8b3299910d20918b6adedb844ae6f33b
113,26,4096,106496,4.443551387428,1145,942,1005,1004,107,0.000000000000,92.674639830980,3f1b957f48bf233dd8236a3c817c780db4d9b926075a29ebf832fee7f147482f
113,27,4096,110592,4.436675015645,1042,979,1092,983,106,0.000000000000,92.950043765243,bdc344b7ed698f8eb210cb8b0211c7ec959066a15ef5863ddd4853a1cfe1391a
113,28,4096,114688,4.440037485748,1083,1020,1056,937,104,0.000000000000,93.380298240975,eebde59cce9bdaed22c303b867d80ac1146e825e3331cb858d041aea32d0d33a
113,29,4096,118784,4.442748307018,1129,964,1076,927,107,0.000000000000,93.250679487252,21c24cbd3642611a12041f12dfd1aea3e1d3ff552839697f9b5caeec9c3392d9
113,30,4096,122880,4.446634256775,1128,980,1073,915,106,0.000000000000,93.691317551175,e6d5454d1e101d83a830a2c55ed174b7964163e94a3de7e88c5167afcadc14c3
113,31,4096,126976,4.448905690474,1053,956,1179,908,104,0.000000000000,93.701558674198,44b33aefbed17dc94be58563cf8e831039bfcb3968dfb44eb646455b1b6986b5
113,32,4096,131072,4.445407047068,1122,933,1147,894,103,0.000000000000,93.903309975265,ab8bf81000968a4567ef76fbb0ce8d9c6f5b6758ffba6088c5ee8e36b596f405
113,33,4096,135168,4.443969360609,1038,986,1129,943,104,0.000000000000,94.061530302898,5108db00dfc7782e5818d3928f9a86dd8fefaded4c73a82611fd411bc40d244f
113,34,4096,139264,4.444012228061,1063,928,1178,927,101,0.000000000000,94.049289245981,192ffca942309b4b799b8ca39c32c01c675a06129a2c491fb3d438c7fb091311
113,35,4096,143360,4.444530360522,1045,893,1230,928,106,0.000000000000,94.107159692370,d5e480ae6a83fa366b52ce53df37f71b6545281ca7539d110b30fa6316c8e901
113,36,4096,147456,4.445035092864,1110,956,1104,926,101,0.000000000000,94.261827390798,04c00c3f6a021e72a71ca641fde58b46afdb8182186ac6c2a195838c1be19616
113,37,4096,151552,4.448035316151,1043,971,1144,938,105,0.000000000000,94.448420762439,c4cba2946f453c7248da94dc9cf81fe5edccf05d32a5bdbf70f4d37b23cf80db
113,38,4096,155648,4.436727693978,1085,943,1061,1007,104,0.000000000000,94.537392284266,bbf2d307f7672461f3eb8fcbb2303fcec7537e54a18dd23e44effa008c53152c
113,39,4096,159744,4.444127365934,1047,961,1119,969,102,0.000000000000,94.655323559120,fcb48171f556b64738d80c7eb2fcb1c75b06504a0c251547c5471d20709ecd03
113,40,4096,163840,4.449694694601,1063,975,1167,891,104,0.000000000000,94.744212139161,cd2fa2fdd0ed054ef64f0706b84c50c53a1c916a0c95d98f1a386978184cc450
113,41,4096,167936,4.450817352922,1060,971,1193,872,100,0.000000000000,94.709225470537,2a88041808b34f7de1ece5ac3732f8110eab827fab83bbacdadabf466da8a448
113,42,4096,172032,4.449857964085,1158,888,1088,962,102,0.000000000000,94.821882268014,8d4a314ead56134a003e8ed077f364ef13753ae8c67e8251dcc00dd00ec702bf
113,43,4096,176128,4.450093174756,1039,932,1313,812,108,0.000000000000,94.811893701895,21576600e051769a88e4063a0cacf334933d38c567ca4fa5c01e2702fa43bca6
113,44,4096,180224,4.451605244270,1057,971,1149,919,103,0.000000000000,94.780679319165,27989d51137a1d0d961dd29065edd3ff13b387d45a04f509b8c0d957bc7e05d6
113,45,4096,184320,4.447427207030,1130,944,1075,947,106,0.000000000000,94.915504367933,47caba6ddd25f186d03fe5c0707b67c09f948732717c6e36787e45718cb9a43e
113,46,4096,188416,4.455295182844,1157,1024,1055,860,109,0.000000000000,94.972801358858,9fd4738cb40340d5cbe0356a3d6fe5f31f46c5109c7e8ae2d4e1f50a8c52bfa4
113,47,4096,192512,4.456974464744,1061,927,1171,937,102,0.000000000000,95.196357968044,84dffde0f66e634c492cdec4e16ab78b1d3aea10427cd6ad26a7828deeeeb574
113,48,4096,196608,4.451707527878,1022,1027,1176,871,104,0.000000000000,95.342521123692,57d529eda29d76de21c055d6cf5da68f2fdcdd00e890b0d53256c62d4794c7cb
113,49,4096,200704,4.453084140306,1003,929,1264,900,106,0.000000000000,95.254682798799,d9a21fa9a079ff687a19a263d494de25038169bdac64803c5c0135db2ccabf30
113,50,4096,204800,4.451582188645,1060,923,1202,911,105,0.000000000000,95.116859713375,805b034c9233cefe5cb966cc67e0556c9befa3f63fbf6c7e7cff55f28d484f57
113,51,4096,208896,4.449045968151,1076,947,1205,868,106,0.000000000000,95.104517906678,436051ddb481892638235b67958eabe55bd8e39c9393ab432cc0d9c11f2e800f
113,52,4096,212992,4.457447014709,934,1042,1251,869,107,0.000000000000,95.177573033178,2b35468a84a9d62b42974010ae0b27b0808964bc98ac99ccc75c6740b7af124e
113,53,4096,217088,4.450920305457,845,951,1377,923,108,0.000000000000,95.365650134814,c606d29b3f723791bb4e33881faecb3732baf3041c610391f091fe9350c22ddf
113,54,4096,221184,4.457556076790,940,896,1342,918,108,0.000000000000,95.270087985285,6d7be4e82614256f1751ccc6852da381188dd92668accc669a98391a0fda1b8f
113,55,4096,225280,4.452854900403,950,931,1330,885,102,0.000000000000,95.228746139779,6d5857e07d9977f49e1ec0d9275e96b8b4959b5608b2f1f935cee566945a4a71
113,56,4096,229376,4.462808856522,993,906,1315,882,106,0.000000000000,95.324883942885,948b3dd0501ccd31d0bb38acfcc26012a35d5df9b2f6970f64acbaa0c54ea97c
113,57,4096,233472,4.444155757220,1039,940,1205,912,109,0.000000000000,95.313755265839,00c28224fa10574627a7568213d6f770443833ece3a9bba2fd510296b97849ad
113,58,4096,237568,4.448828375008,1024,848,1364,860,105,0.000000000000,95.360946168508,791c048bc1a05378e8f65ce3fc40545f05544a313396672104205ea8a8575869
113,59,4096,241664,4.453514151064,953,923,1445,775,102,0.000000000000,95.388174060761,000ef809bf7af61caeb494c1886078a8804af589a31fbe857758eea97c0928ed
113,60,4096,245760,4.451306260959,1076,927,1187,906,103,0.000000000000,95.488874028055,c3d95cd61a266aab2695f7ecaded0d803e341ca2ae4d1b684daf7b07026a3e72
113,61,4096,249856,4.451651608469,1120,897,1230,849,96,0.000000000000,95.468502491840,c8a52e8593783ad35718034043f7b4dbc64f79924f1152a2767a96e948f0d07b
113,62,4096,253952,4.459144928070,1154,862,1231,849,104,0.000000000000,95.528124446367,856128fd839cf366b74f25c93c1863a039f71a24aea746b3157ee05df7b80515
113,63,4096,258048,4.441646180615,1026,882,1360,828,103,0.000000000000,95.574511422783,c64ac5dcc5855a11e832ae3584292df671a3c92306886c6437c697823a7b3c36
113,64,4096,262144,4.458495117255,854,1055,1289,898,99,0.000000000000,95.667732683879,e7ac773c80bdc1442e5fdb6d59ae9fc1668f300b240f1dc9bcd7667e6f50456f
113,65,4096,266240,4.455870638679,1000,981,1284,831,101,0.000000000000,95.734562120119,59c6fdc61e8c7a0fd4eb54cb1e96d09a56faaeb855553837f4c6347b8fc1a2d1
113,66,4096,270336,4.463780225566,894,892,1525,785,101,0.000000000000,95.822614991932,36d096c566661dec6695c073a7b31737cd07ea22be947a5af8012213fee2ef90
113,67,4096,274432,4.464689331976,931,889,1545,731,105,0.000000000000,95.548379266369,04124af5dbaca66a475e8e02b0cb499c3dbc72abee976244c45418d1a4716dd8
113,68,4096,278528,4.473580026541,854,948,1451,843,106,0.000000000000,95.590723977423,094952bf6952010f097b11a812cdd744b8a8734fcab95500d87b2765ec01e3a3
113,69,4096,282624,4.465418660048,770,879,1618,829,100,0.000000000000,95.634620478012,1cb9127b8d38e8e541b9afab300b21f68f96385ea95f4c112f04f0db3f1b000f
113,70,4096,286720,4.467705662109,872,1038,1371,815,99,0.000000000000,95.818599985833,9f3f30185d3ea7370805604147468490dd2a1904e891369ce1bc991197cdb6fb
113,71,4096,290816,4.462409146152,1007,888,1398,803,104,0.000000000000,95.848548595134,108aff4c601e6144c1a9a35ec78d05d4d35ac0b87bc47a144c2858cef39bcc1a
113,72,4096,294912,4.471814501024,1078,818,1529,671,103,0.000000000000,95.764155242976,12a5e78b2041a814382ae3b5759337b1c1b9108748a224f8f8d7cda499a75067
113,73,4096,299008,4.470231690022,973,1017,1368,738,103,0.000000000000,95.690374395982,11991e2d59ea1604aad1b395e400ccf5ba5920420fcaf42e5961fedbbb9f224f
113,74,4096,303104,4.461031501417,874,1036,1243,943,105,0.000000000000,95.729521561233,ecdbb1a67f9007865547a1429e1cb734e86dca431f063be90147cfab7991991c
113,75,4096,307200,4.464248057932,1024,932,1290,850,98,0.000000000000,95.787027325163,91592c081ad89325f0e28c70972688ac29637500a259221553eeecf3883a64f2
113,76,4096,311296,4.472401840428,813,848,1591,844,102,0.000000000000,95.826361989535,9f77e4a67fb9213a20aafb95a40f2a3da6996bf38c3901d4919806ac5f507bcc
113,77,4096,315392,4.466586052308,915,898,1373,910,103,0.000000000000,95.867214361647,01ddb4edb16c7cac6edbfdad2787d279bb45af7e6d8d4ab210f2fdbdfb5a80df
113,78,4096,319488,4.474146780249,1026,906,1431,733,102,0.000000000000,95.810301415724,bead47482bf1587bd2c82d0ad22d8aab84c708009be00aa1482e02330219bda2
113,79,4096,323584,4.471870204828,914,934,1297,951,100,0.000000000000,95.723599417425,be0837490c1f0142aa95bb433a8d8ba96a5ceb3de74b5a67666ca26febc41ad6
113,80,4096,327680,4.460893396805,952,921,1382,841,98,0.000000000000,95.874244482160,81b60f5245bfc9c69ab4eceaf6f75c3ebfc0e3a59d30b3af75e5029797196266
113,81,4096,331776,4.460708586308,1089,833,1346,828,98,0.000000000000,95.837836162324,bbf1ed43243b661782feb1ba009a5b61b948f022f5a03096f091f05f78635547
113,82,4096,335872,4.475052470208,1033,844,1366,853,105,0.000000000000,95.814946970138,a2e73b7d5ab777ae95e68286944a706adfbeae516edcfb92a80747eb27ac8d5c
113,83,4096,339968,4.461839183942,928,815,1329,1024,98,0.000000000000,95.776044199874,ec3f5e79f7a0147ebaf004c9f7a58e72d15481155d658e30dc6c1f11d9fb2d2b
113,84,4096,344064,4.468896181930,1012,890,1332,862,101,0.000000000000,95.859936130605,8e437b0576763073d4c355f0e5cf6416dedb435cffe5e6632ef4169ab9c58d48
113,85,4096,348160,4.470378920979,1284,868,1127,817,97,0.000000000000,95.787129174073,57b9634537e2f57f7023c93513953d07110d3ee1de823b001a4afa6762b89771
113,86,4096,352256,4.465475140419,1138,825,1243,890,107,0.000000000000,95.888234793251,d5570f68ead5f2436270ea2ad497075f4ee573d1587f4c344e4e2419e0bbe0bb
113,87,4096,356352,4.480041818045,1017,723,1593,763,94,0.000000000000,95.965931729244,937b189a312249ba616ff4487d5db5ba7f4729957800ec33fdbd31c112911a5d
113,88,4096,360448,4.463779333460,1012,661,1348,1075,99,0.000000000000,95.759217967151,5e695ceb88bcef0caed6fe512388bb131175425819332fa8c3f921f8c7e1c40c
113,89,4096,364544,4.469276392133,1016,828,1441,811,99,0.000000000000,95.745502764153,3020c763d74b39d6dfbeafebcccb35be9fb505e4db97b5b597016690038a0fd9
113,90,4096,368640,4.469507966047,1013,941,1454,688,100,0.000000000000,95.798690699113,2b45f764133cf3d41d9d668452b318edc6b4eb06b88e33bc44ca52197903adef
113,91,4096,372736,4.476329837873,1072,823,1559,642,99,0.000000000000,95.873743839133,7f274421fba5bfed9383c5c882455b3434a4cffaef120f47b0fca9582ae72525
113,92,4096,376832,4.468359967534,1018,862,1537,679,102,0.000000000000,95.888041009821,2895fc32978837181a571299451dc4168a76eac92a29d73a197aaa7ac0a3b1fa
113,93,4096,380928,4.491097575683,749,825,1920,602,98,0.000000000000,95.906004363731,60198da9f3e63aae55cc7bb1678480bda4d98b30fdd7883243b73327e3b08a7e
113,94,4096,385024,4.480619587701,890,864,1585,757,101,0.000000000000,95.757057422747,acc8eda00a5732d03dc5c28437b3cabbd73c0d499ad8b89fd587b4e03d82f265
113,95,4096,389120,4.484877691251,1273,777,1246,800,94,0.000000000000,95.805235349158,9771fd7959d6371eefda086da8067a691226c5ad99d0f8270905e6d5ce8319f5
113,96,4096,393216,4.484458589899,1124,695,1718,559,96,0.000000000000,95.877819260301,e943eaea95f001cff60f7383c504a545b9c4a332bc730fdc2cc1c171e27ff3b2
113,97,4096,397312,4.484691314856,979,811,1459,847,102,0.000000000000,95.912241999610,87ed82007accc6a93e79d51544022d45a030c3bd42ef8885657f742b958ba610
113,98,4096,401408,4.482153638462,801,790,1702,803,95,0.000000000000,95.864131202608,5df76d05f7d78592c96170b75289587dce978530ea06b3a38894b6c8e71ac38e
113,99,4096,405504,4.479581872256,851,739,1672,834,95,0.000000000000,95.922827188044,9aa7d9c860bfc354457c693d5b7e469170819742efa808e64d1e49ecbfcea68a
113,100,4096,409600,4.476358379495,1133,647,1520,796,101,0.000000000000,95.964667154614,7a54c730db204fbf9d0711a3a8eb31bd83d83cedb387e6f4e20342cc0a17cdc2
113,101,4096,413696,4.475067018864,1373,757,1303,663,104,0.000000000000,95.945872379826,53a3eb072c72d053c8cbf4dba2f9c2873e80552bc0976c8393ae435703657ce3
113,102,4096,417792,4.488160415201,1269,820,1356,651,98,0.000000000000,96.025981494145,b4bc0fe091357f8958b936dce6d61757c0dc1962150876e015a45411ed846a22
113,103,4096,421888,4.483673775687,1198,843,1401,654,95,0.000000000000,95.957159600474,25af1e84d4dd90738705801285c8a9c0a0dd1c299172e45bd22fa3d29e16b7a3
113,104,4096,425984,4.478038141018,1465,609,1318,704,92,0.000000000000,95.931383201530,cd94b7c9b67fb4253736b9a97c913e61e835e919d0fa2ed265265a3121d28a66
113,105,4096,430080,4.474226078812,1298,720,1172,906,97,0.000000000000,95.897114309345,0d6a03131a8605abc73d163d4d166e5b25246e242e5370d4a775878ef30e02db
113,106,4096,434176,4.478807660615,1023,827,1425,821,98,0.000000000000,95.934781921552,ffb3680c6c93e2b296007b8707b535db79431b2d40ae93292f71691739b37fb0
113,107,4096,438272,4.472179502559,1094,660,1522,820,94,0.000000000000,95.947995004954,bd7284efff2326f5de6c21da84d47e9d5a87c853dd8345923c2857ced3e8df24
113,108,4096,442368,4.485719786669,1030,623,1797,646,96,0.000000000000,95.883863776211,a86fdcfc99220cea35384a74c1696e6033988cbd9315c441be922b05201ab2c1
113,109,4096,446464,4.494624840397,1001,669,1672,754,102,0.000000000000,95.882071993486,18b4fa6badadf48c4e383cc95878e5dcd0173f5e959a9e0f71f6574db98c5065
113,110,4096,450560,4.480433259246,1189,669,1546,692,97,0.000000000000,95.917304492340,9747672d1193b9cc21a774b61cf06b2a4f5698702ceb44bb0ede7d08f8fd8da8
113,111,4096,454656,4.489926733260,1129,692,1610,665,99,0.000000000000,95.915984704251,3031e05f1abc6a5c45ab37da357419259324bded908a9c834a345fc42355aeb5
113,112,4096,458752,4.480689903751,945,760,1386,1005,90,0.000000000000,95.878349542217,038489133f5a667961bddf350e1021fb3c9fd4fbdf1148f7475dc0952acd70e3
113,113,4096,462848,4.479900568575,1014,783,1432,867,101,0.000000000000,95.885649490762,5a07576c04d34b90fe7451d41aa8b4fb80e99f4349e38c716187ac8d77e18228
113,114,4096,466944,4.502080991694,1441,896,1232,527,96,0.000000000000,95.862736008533,7ad2c569a19c3ea2664f7e7eeecad4c503331b5a7f4f6d856acbf60e76efa6ab
113,115,4096,471040,4.490688687113,1163,774,1540,619,96,0.000000000000,95.968721316451,72e6354009a5fc30e4659a3f1cf39ef95db22d70562412837aca45c29fb3b7e9
113,116,4096,475136,4.494502269595,1107,717,1634,638,101,0.000000000000,95.970223906178,aa60a18249545f0b78301b29e2ea3963ff1cdbbe16802294ba2744dbcea3be35
113,117,4096,479232,4.490125542630,1170,576,1562,788,96,0.000000000000,95.850936339242,d24cc2d71c04f3eb68c3ca98d2072bfccf39196c66f45180c093f7d4b5a43714
113,118,4096,483328,4.495583361666,1246,563,1696,591,88,0.000000000000,95.911279325022,17e4360e284c9ef65447e984efffbe449aa624c0725a95f7aecd596fe6f367d1
113,119,4096,487424,4.496900851956,1293,744,1421,638,102,0.000000000000,95.951480332110,f12073673a5ab79c1174558e056e902067ac078eaa44a673377399ea0d7c9fb5
113,120,4096,491520,4.496191103466,1197,595,1642,662,99,0.000000000000,95.973029039221,704adc050a4df07c4795f2c004e10fd0d1b520f44200a32b6e23b5c422bb2822
113,121,4096,495616,4.502502101035,1191,591,1798,516,96,0.000000000000,95.908239884748,0d1e9d6cae7413e4a861be05b130a90ff261c399c5bcafb8f9ad590311fe0509
113,122,4096,499712,4.497723599141,915,795,1712,674,100,0.000000000000,95.881231466726,27c2f7345cd60bf5e740904b50274a5fb39fe6eb8a672ad3dd21d43a156daf94
113,123,4096,503808,4.488416416998,1113,772,1098,1113,95,0.000000000000,95.815970192198,78c7008b975fd30360b066f6bbe9bfa66529cc34ca9c5adfc33d4cccc7284446
113,124,4096,507904,4.496036890667,1345,737,1233,781,95,0.000000000000,95.863327517179,441ca65e4ecec3420dc66d293eb20a71887b699160784380f31784d563b1b0e3
113,125,4096,512000,4.509657008749,1251,586,1629,630,98,0.000000000000,95.786262364285,23fdcc493d239163766368b0ec6c49d5f9bd5be18965636d150ad8c50f59fd10
113,126,4096,516096,4.512583953427,1007,445,2111,533,95,0.000000000000,95.746242213957,b985a4e88199267b47caecb6e5a2146cdfa54ae3d014428f7fc760115d51af8e
113,127,4096,520192,4.512313572563,874,598,2021,603,93,0.000000000000,95.717744422444,052b3bcb9c14166d6319ce57fbe5db011dde08f9b9269ada7e484f6f03f4ed87
113,128,4096,524288,4.511318974916,780,868,1850,598,95,0.000000000000,95.722740978659,75a866d1e805c4117ffeb26b86f548dbd606f6364bb9a15b5e05ce0f8b041543
113,129,4096,528384,4.502883059594,1168,493,1749,686,96,0.000000000000,95.782484865786,532179e82ab8615dd63705575cff5515c86a3108cf369a20b86d7aa8aac903ab
113,130,4096,532480,4.515642537977,962,629,1704,801,98,0.000000000000,95.751888628142,f3ef51119c066f122229313f55972e2593a5097f0d56d48e954399f4711beaef
113,131,4096,536576,4.523761966088,820,859,1957,460,90,0.000000000000,95.784757986493,15c148761cd5c10ce4950d33f4d01098f54afbcdd1efcb3870b2a8d8dad7b6c6
113,132,4096,540672,4.521446981621,835,797,1960,504,101,0.000000000000,95.836847307499,279e95d0814cd3bce45d2d684c5a058be9441761cbe3e00adad112e5005296da
113,133,4096,544768,4.512648379425,785,672,2021,618,99,0.000000000000,95.894676111347,5e5530393210d1d16d162216a04a9ff637da39d5b0b5d8dfbb833f793fdc17e6
113,134,4096,548864,4.514006003803,1442,509,1417,728,96,0.000000000000,95.939207890809,d79e9359ef45abfdb57766c79f6f16f74fb322856ec28ebff5868816a97a1a0a
113,135,4096,552960,4.538007239925,1350,658,1734,354,97,0.000000000000,95.930119686860,07b4f9eacc16306c4929fe6560ba07fb49c26b474d5e88567f801b6ef60221b4
113,136,4096,557056,4.529382658005,1415,600,1597,484,92,0.000000000000,95.971126492264,7302a9abd47bba716c63877525ce8d67b47c98995a47b24d960890094f25dfe2
113,137,4096,561152,4.527698596095,1397,637,1477,585,92,0.000000000000,96.011531490466,d193d196d2a7d104f031a33225f38f099171edbff330b58e7f22333ee6caed39
113,138,4096,565248,4.531557205314,1105,806,1723,462,91,0.000000000000,96.062378887477,a01d465a7c930ddceadbfbd44eeb71d6e899421ce3ebb163509f4b652ed2e463
113,139,4096,569344,4.515862507420,1327,688,1150,931,98,0.000000000000,96.092357735795,0fda5ba339f052d78e0d849cff08e210fb3e7bf89a5f3df740fb5ff23df14459
113,140,4096,573440,4.497908282148,1279,406,1204,1207,97,0.000000000000,96.078939556574,8515fff527eb11012fb6e0a853fe589c684b7a14e730846e1bfead962942afe0
113,141,4096,577536,4.523995736021,1432,336,1860,468,89,0.000000000000,96.067273622612,032072fa64a36d9793dfa787d59675b02338a51a830c6bfe08af82bde28b6858
113,142,4096,581632,4.523853027303,1340,458,1842,456,99,0.000000000000,96.097032325897,d95ab3a6c773ec34609145d188e7b7f42f712ff2fdcd2a60da920cb14e888481
113,143,4096,585728,4.526655092791,1008,661,1944,483,90,0.000000000000,96.121638964361,390556b8810b7a01fa7b3dd39973fc9a2dcff6dc176b3a1f9f2c9b69580b56a2
113,144,4096,589824,4.539304145534,1368,340,2042,346,94,0.000000000000,96.192791923761,03f94005af6c6c5cbd6749b8de9726e0da669a2bacb315a85c39232886ffbb02
113,145,4096,593920,4.525140800009,1041,386,1994,675,101,0.000000000000,96.245759006654,585e6b98821250fa2f451f2b53f677c9c7036433c392305e812c451002613a5a
113,146,4096,598016,4.536885240126,1069,530,1982,515,95,0.000000000000,96.291794765698,3e3701727522a65d34027a697bc939dcaec419b41f3712828e599117488c7835
113,147,4096,602112,4.547756370393,1447,597,1697,355,95,0.000000000000,96.333367098486,2f9e43c9012c9dc2c0fe0463ca5d814e334a8374cc2e66081bfea17d866d6f40
113,148,4096,606208,4.526082194281,1446,490,1156,1004,94,0.000000000000,96.372344469835,941125d9abf2dd9f2f4fe07bbda1615301258e2db17f8cd57d083b3a85d5958b
113,149,4096,610304,4.547586720232,1182,784,1594,536,94,0.000000000000,96.407424104049,b153a88cd12cdf6724174a4478a75e4fb282d418b7153dab0fd25d40d1d06a43
113,150,4096,614400,4.548202353175,1468,664,1622,342,90,0.000000000000,96.441221017782,49f8bfbecf74516d6f2ba396cb754d33e312b20af1b4ad43bc09f2be1b0d05fb
113,151,4096,618496,4.557215670248,1248,594,1714,540,93,0.000000000000,96.472574344144,7a3e03f17f6d99ad8ae5480464735aa743d57f6785eb0b9391008594589c79da
113,152,4096,622592,4.536670900280,716,793,2088,499,101,0.000000000000,96.502440704128,8374b076e4faf892504978f61424390caa2c5a3ff08607cd736c896975ac9d39
113,153,4096,626688,4.539394646749,1027,564,2062,443,98,0.000000000000,96.530823993272,154fd197ecb105b7f505df27a1ee1d8d24cbb0f33cd6b2971b5ba0030f23afb4
113,154,4096,630784,4.538000911483,1532,384,1792,388,98,0.000000000000,96.551061516982,0d5fc52b644db9569991b486e63b533de9f6533bd54cca10d073ad3cf1e55e7f
113,155,4096,634880,4.537450843739,1442,485,1815,354,93,0.000000000000,96.571244966502,5d92f4b5c9b53476ee5218723f3886c107cdce697602dbeb43cd3ff5a0819666
113,156,4096,638976,4.543537530829,1161,428,1896,611,94,0.000000000000,96.591005454636,2dfa2dfe702aba35e61d883fcdacb5967737b8fdafddb6e5169b508837c80744
113,157,4096,643072,4.556539272807,1224,480,1954,438,98,0.000000000000,96.614060937536,7387d0bea8fe195612b370f51aaeffc1678dc47c6111e5f13f315ce065b3c316
113,158,4096,647168,4.575513481649,1377,333,1991,395,95,0.000000000000,96.622627109055,d9a0bc27cc35112dcc59741a0a575e37d316b3df6ea2838a8eda41889c2a87b7
113,159,4096,651264,4.558575704460,1029,725,2009,333,102,0.000000000000,96.640368445419,752fc2aa6461d714f10d715b763071e002f85254d910f642df45e8d36096dec7
113,160,4096,655360,4.550175925867,817,685,2090,504,99,0.000000000000,96.648007917614,ce8bbfb8e0e8369fcae491e189909139706ee9dfa8223f19a1d8c383d3c4787b
113,161,4096,659456,4.552970186660,1648,384,1676,388,94,0.000000000000,96.650649916359,1ed4897c6b9c44099aeefeb312da69aceb4fe0f672e3d0b399bee96f68e53bbd
113,162,4096,663552,4.571832079704,1429,626,1595,446,94,0.000000000000,96.638407845532,36b80e01580918a55c93f97f360e75ad4349a8e554464ff2afa9801211d22f02
113,163,4096,667648,4.572576512138,1530,523,1770,273,95,0.000000000000,96.638407845532,682c44c3959a490a93ee5ec761c7bbb70efaa392a27b0fa5107f71bc46d4895d
113,164,4096,671744,4.570625827122,1408,569,1859,260,95,0.000000000000,96.617849724619,6cca4fd9995b195e991e035e4d881fa33de081578ef6a3875908a9c61bbd85ee
113,165,4096,675840,4.569298336863,1461,517,1672,446,92,0.000000000000,96.594812482417,703ac168330df56a7ea834167ccd8202cb58d29c0ae7b188864f8c2254986e8d
113,166,4096,679936,4.577868464110,1599,528,1733,236,95,0.000000000000,96.573546730735,5a112ba78cddcc9958c3b05c22edd63bb37a9e50af87bffc15d875fdf9a295eb
113,167,4096,684032,4.578683953484,1603,523,1777,193,89,0.000000000000,96.532589789068,407bf3688861e86b3f6f5d42121e3680dc70a3de4ac5c7978f28e2c545a16ca8
113,168,4096,688128,4.563193115654,1593,423,1725,355,94,0.000000000000,96.492512921236,30e32d493f024a18b3c4514c4a9b44500f25d0f6af3f2517c52d06a14d17127f
113,169,4096,692224,4.575445462239,1402,572,1787,335,95,0.000000000000,96.434684489603,31dcbd41f75e5c809dfa19ca2a4b08c68379969a0f373347736efabf0955b5fe
113,170,4096,696320,4.582874236468,1283,729,1763,321,92,0.000000000000,96.365173005660,47848843c1946d33b7e9365c7eeb8ed44288be7a818b70198c6d85d4487900ae
113,171,4096,700416,4.578449862082,1400,573,1755,368,89,0.000000000000,96.299274066744,39ff5c085a43c9093bda8d30210e8249178da5f1a01e4a4bdac251458bb1249f
113,172,4096,704512,4.557116157334,1847,582,1282,385,93,0.000000000000,96.236582723734,19af559928f2e94c32987878878acbae45434944cc31efbff217ff53d2838d04
113,173,4096,708608,4.570481760034,1424,528,1812,332,91,0.000000000000,96.185369957926,30c8805bc289812c99013ddf6069ea2a3e81fe3c7226b0f7e696c64a0aaf1991
113,174,4096,712704,4.562027492486,1184,385,2266,261,88,0.000000000000,96.132446894317,036ce6480d760b5346d3008ea1a66f6cb841b96b14ec24c7ca6e9dd560d71bf7
113,175,4096,716800,4.559294556531,1520,451,1842,283,93,0.000000000000,96.072387538888,e4d7eca0fec9bf0b4eb9aca48a2d0913777360e09ba17e84757e78154a97d917
113,176,4096,720896,4.558372020205,1305,656,1796,339,92,0.000000000000,96.025644020440,86f8e241258b253350a9218bd1a6ecb628668bae21c960a2a36cd40e3ed35cf8
113,177,4096,724992,4.566343436877,1160,583,1904,449,95,0.000000000000,95.980227082146,4df2c8fcb2abf408ab4757d472229f9a4ab9e50cedae2e295f9f560e836f5af8
113,178,4096,729088,4.570504520341,1351,647,1782,316,92,0.000000000000,95.941725295021,2a7af3afd9998f7a25fc4a6fd0af8e832408296552c43bdc898b28ec526181f5
113,179,4096,733184,4.578217251336,1520,447,1910,219,89,0.000000000000,95.896893243498,a447189d564ef45368b59755c747e59f2bd446595a9cafa6f6350823f0d4a655
113,180,4096,737280,4.568129791053,1334,266,2163,333,96,0.000000000000,95.857217860297,fc6734b2242f8255acafb45fb662209d01549901deabe3721b7ea51d3bb0c4d7
113,181,4096,741376,4.569515987878,846,407,2427,416,100,0.000000000000,95.813924713759,536380764c64e69f80620800317f40e4b2a5cf75038831c1ea5cff93779e5962
113,182,4096,745472,4.575243845347,1081,541,2088,386,97,0.000000000000,95.762734525922,96abae4167914173a23441db0db0ee6b193256b132805f3d47bd0177f995955b
113,183,4096,749568,4.583307142659,1161,411,2099,425,92,0.000000000000,95.717256678370,9630625e6bffb532839a3ebd3fa419348e158f08945bdec7dfedf53e33d62014
113,184,4096,753664,4.567791592332,900,560,2171,465,95,0.000000000000,95.665147176298,57a098e02fb0e9c33e3b7888585d0c88a381267646d4265c46c43b9474f302df
113,185,4096,757760,4.587415868948,1301,525,1872,398,89,0.000000000000,95.614304647830,5cc0e02d246ad23243f59986bc008daeefdabd08fed66154798f3072c84a557d
113,186,4096,761856,4.576080051391,1266,388,1886,556,94,0.000000000000,95.561896949269,a126cc608d2106a885a53ff3c9b785a623444e992fb6b256ac1dc7a2708cb5ac
113,187,4096,765952,4.566004454638,1093,633,1939,431,90,0.000000000000,95.504871417900,73c4c60a3511671dcd71f712d802c9ddd403f6e1befd7e2a6ae12dca4e3d45d2
113,188,4096,770048,4.577776338895,1288,495,1801,512,91,0.000000000000,95.448599093368,a83e99823ba8fe8877ce6c6046336951c427187f24385e354ab4ef546351d519
113,189,4096,774144,4.572665504634,1243,802,1564,487,91,0.000000000000,95.401036047555,7dad58e40adebd174a2f563d3f1e6891d6d58c67518c1e7ea910f92c70d5819f
113,190,4096,778240,4.580641090924,1342,762,1631,361,92,0.000000000000,95.354552704539,9e5f6c4e7837abef4a046e38eb3a1da0b589e64e357c07a577ea97b4cb51ea06
113,191,4096,782336,4.563535932831,1345,645,1464,642,93,0.000000000000,95.330503619650,be60cb972c9a5e13c7505b71fd39ad4df327a45b9d35db4a818fffad469e1c16
113,192,4096,786432,4.576022082220,1669,419,1526,482,90,0.000000000000,95.256511131255,b91c7b16699a8186d92b8f4fa3b62c956289fd78c43102467bbc65407cb16c81
113,193,4096,790528,4.566246347687,1297,392,2080,327,90,0.000000000000,95.212184061472,5c645c1b0d5acbeca7313485e1de912354af8a0b87cfff9a0a7fb62826954d19
113,194,4096,794624,4.576232226338,1586,351,1759,400,88,0.000000000000,95.171578120837,6d10b82df18256d94b62472d19b9ddf08ab06651b668611d3179ad2a3b59b781
113,195,4096,798720,4.578181907990,1397,603,1640,456,85,0.000000000000,95.169412227209,2657892b1b0bff40f30246fc072a38f122c2bbc5d747b91552fb07298cb5d437
113,196,4096,802816,4.576875665540,1503,617,1598,378,90,0.000000000000,95.228663071469,ff6eea79f15788c2d00ec08489c8605409a12316fb4d60ef582a5cfcb00e0bae
113,197,4096,806912,4.557320007575,1157,487,2021,431,87,0.000000000000,95.177147013068,48264b366dd5d79bda04d7e3f95ab55dc6e6cd3490701ecd686e6299d304df89
113,198,4096,811008,4.560673809806,1202,615,1928,351,83,0.000000000000,95.188014430176,96ba92930d9af12e1d8d8e5f2b3c125b9b1cea8361bd9fcf8f7e780642301454
113,199,4096,815104,4.558150570106,770,287,2427,612,94,0.000000000000,95.145791358073,d05cac6f1125a001b29ba6279273f677bb2ff7b879822df3fb156bbd360aed24
113,200,4096,819200,4.565914550239,1097,231,2264,504,92,0.000000000000,95.113444066601,154d2717325c3a5c907b1c5ff49df4aafa1566b8fff317272d1ff3cff5021231
167,1,4096,4096,4.443996736215,1006,1006,1034,1050,105,0.000000000000,26.773850007361,be548f749812e138452214ced91dcc5a9f45395d22df84c786d5b5dad110448d
167,2,4096,8192,4.443979288872,1019,995,1049,1033,106,0.000000000000,40.909121922401,b750c7bcb62f39c75319866902cea54e5000aec401357dd1ad8daa3922f6fb8e
167,3,4096,12288,4.445315853174,1053,976,1036,1031,105,0.000000000000,49.779678238382,6433b48d668ee5c9f34081b59340a0243221a2d8e8b9329b1a919c5b5398379b
167,4,4096,16384,4.434536085090,1011,1030,1083,972,102,0.000000000000,58.921952087953,5196ee4d22bce31bc13fef7b266b69b7bab84e4e9439449939e9bdab99736bfb
167,5,4096,20480,4.442711968695,1014,1006,1047,1029,106,0.000000000000,64.916052680381,604e7a20decbe74793d07ddb51e44c4b1afb1445556eb2a009a586f71a4290da
167,6,4096,24576,4.433244606143,964,994,1089,1049,111,0.000000000000,70.690312361529,31be08170ee0954aa7dc9c55fd7e96c445a2fe8c8d9bac641df4492beeed5a1a
167,7,4096,28672,4.445318621578,1082,988,1078,948,103,0.000000000000,74.802760091642,d5e33ebcfc587bc3de0a6d6f655f9b9b35b44a8e6f1b1619283c4f2fbb92dbd7
167,8,4096,32768,4.444306262734,1035,990,1024,1047,105,0.000000000000,77.455515148967,4759344121e99034239f44c419e5b6428229b7a60dd0ca8aafb96a3cda7d36c6
167,9,4096,36864,4.447227708137,1038,1004,998,1056,107,0.000000000000,79.517207436304,21d04d9846e01c22fea1469280713c32c56f7557b8fe0c0eec11404ef4cdaf78
167,10,4096,40960,4.440173303029,1058,994,1047,997,105,0.000000000000,80.988394483718,69fec41d167f43be6ef915aa12e6e8d9a32aea2b84b0ea9c8fc1de321359ef02
167,11,4096,45056,4.441396166672,1012,1077,1046,961,106,0.000000000000,82.207075560184,9d3e501c1bb1b88c12322c13e9ea866f7739d39a64ede3b5af99775515d18be4
167,12,4096,49152,4.447685930701,1041,995,1036,1024,107,0.000000000000,83.812340273627,3e1340aa39606b7d9259a32a23c4b31ce5901d21abc9fd0d1259c8e153df6683
167,13,4096,53248,4.440307080574,1026,1000,1065,1005,109,0.000000000000,84.919485026180,cac540f4a6d725ecc0ca4d6c8360cf0b7b2c82370307d411955a016a35e07d80
167,14,4096,57344,4.437538650802,1060,956,1061,1019,110,0.000000000000,86.715623035014,81f6d2af0e6da97bf6f80dd535ab63c292249876659a8f3a66961b7b949b3d1e
167,15,4096,61440,4.440266372340,1046,1010,1005,1035,106,0.000000000000,87.559447717500,e4a21879d7a4e344e95ba8f79168e61c70afd159694f83afb61bc370ec71eb21
167,16,4096,65536,4.439481132244,1029,984,1057,1026,108,0.000000000000,88.363889035325,17e1148d48c9c840e32c86647357dded1e4d9e8a3ba11fe9da8fa96b72409dfa
167,17,4096,69632,4.437764984649,1053,998,1061,984,108,0.000000000000,89.309199367557,d56c55f02d12a3ccbfa95e483c17ecf0dde956f2608156154d17e58d9f34b0b4
167,18,4096,73728,4.436166513879,1030,970,1071,1025,104,0.000000000000,89.791605142037,cd08792ef00c4c5b9eab8bc199528517365a66d66ba486dfde274c0f87a07913
167,19,4096,77824,4.438859759313,1012,1001,1102,981,104,0.000000000000,90.597735582980,554036f52f747bc2c56c0e516b176a119c45bbd92b977ff8c3715685a35493cb
167,20,4096,81920,4.440004914858,1037,982,1070,1007,105,0.000000000000,91.052343055309,d3cecb26a118f3042ae891bce6f52fa5ada5a46a46e3551b82ee8e9fb666c68e
167,21,4096,86016,4.431651844656,1073,990,1069,964,105,0.000000000000,91.691238736580,ce995104c119fb89f744abe7c6f4c18b9b524c4ac2ef0816a0d5d3c61eb71f93
167,22,4096,90112,4.442381925962,1084,985,1035,992,106,0.000000000000,91.699347280210,1b26035dc2257be9e4187f2f7664718b5a35876b6ca2c38dfc60c7d9f558483b
167,23,4096,94208,4.439150268175,1092,1004,1020,980,106,0.000000000000,92.024022352437,7747b4333d9e5b1e742031632b7bd67c8c427d72c9cee8370193b29e19b6556e
167,24,4096,98304,4.439127873862,1077,995,1018,1006,108,0.000000000000,92.520452559774,46839c790be93a49d4fbf5a344c7592d4c25b209825c6e82bafee9b3233cc24a
167,25,4096,102400,4.446629055447,1052,980,1073,991,104,0.000000000000,92.756412841983,aaacaf6c0971569a0a12d2c40f5e5a6d37cf70a19b608b9449ea8db781be0a88
167,26,4096,106496,4.439910733797,1113,1053,991,939,107,0.000000000000,93.013183267225,bd18741d6c1fd09da12c1d09c702fce24765304ce52e639820dd2f9c65bcadaf
167,27,4096,110592,4.446365124120,1095,960,1101,940,105,0.000000000000,93.214645712134,900a525e50d31053ffb875c7174ff22dc07dc5a26614a3354f7c541f47029217
167,28,4096,114688,4.447142862414,1069,922,1091,1014,106,0.000000000000,93.293358732153,cdb331f2823b0ea38a03b8417202abb18c39a5d8c9b872c3fab7e91672707c30
167,29,4096,118784,4.433656287899,1080,962,1048,1006,105,0.000000000000,93.536387779339,125979fa6811946824a69c9b00f61a24f21505339a7ea4d52901c537efa96869
167,30,4096,122880,4.440521494172,1155,1005,989,947,107,0.000000000000,93.621449208598,07af4cb6eab70b003e05ba554ad185ef3a0fa20969ffb94bf2e7d9b0367f83c1
167,31,4096,126976,4.442916361809,1081,962,1080,973,105,0.000000000000,93.822853714014,280134df0c146f9bb01cb637e91b644dfc27014a6fdd89c0d3e2127e98ab1fb2
167,32,4096,131072,4.434716320680,1060,973,1104,959,103,0.000000000000,93.891274934731,3f2740a571a41c1cf0185b93f1c05112e4f8fcf745ed8a306b084fdb3b091e4d
167,33,4096,135168,4.443671151115,1034,986,1156,920,103,0.000000000000,94.111291784351,cc86dc2f3ca0bb0f9590dc3ea6bde1c6e9e3a0d0ef736e62bfc0735916136d5c
167,34,4096,139264,4.446722334266,1122,955,1145,874,100,0.000000000000,94.049976876284,732a5d5aa62e3c161492f485e335fa6f0b7bcfa513be329cd475a17bb112a9ca
167,35,4096,143360,4.438660731697,1119,953,1082,942,102,0.000000000000,94.164632874878,b9480c1df5fe0d8639500d86313576aee45815549bebb115e87b86ed9b0b8f6f
167,36,4096,147456,4.445536397644,1041,979,1152,924,103,0.000000000000,94.266392090868,7e0a63af326a48d1afd3aea78ca07c702ebc61535a4169a01055f609c36900a5
167,37,4096,151552,4.443766365118,1009,951,1276,860,100,0.000000000000,94.338585834179,718613a3f619a69d42d2e5fdaa781d873603f3bfcf792b21ce06446466a6e2c2
167,38,4096,155648,4.449212475743,1086,1019,1075,916,102,0.000000000000,94.432734165301,0d96478436f64ae8114061c8fa23f371995b65352ef09cdfaf875972c6f553f5
167,39,4096,159744,4.442701666498,1060,989,1038,1009,106,0.000000000000,94.593257313870,294a77d7aff85d6228e71ab4b77eae3d69a66a60a1528e0e19d7a26a35d78b3c
167,40,4096,163840,4.448336444155,1007,976,1249,864,107,0.000000000000,94.757039963590,cfa781d0c0c92ac8b82c8e9940736b6a196cc4811e2c7061d8a8055adf5c48df
167,41,4096,167936,4.446882322037,987,916,1222,971,106,0.000000000000,94.876448317597,65cf2c88151e6ae3752cb14ebe6870494eca1e288e72e1ff08c4d43c3a0b5a36
167,42,4096,172032,4.445399477760,1046,940,1235,875,106,0.000000000000,94.874698861785,420f921b589e85c91fb084e1337ae843603ea681f30e20f0660be0080f4d4ddc
167,43,4096,176128,4.446800439740,1031,869,1280,916,105,0.000000000000,94.904531239794,43fc7cdf78915437390b961430c9c3bf8ffb3e281e0948fdec11f62c2b566a01
167,44,4096,180224,4.447251253616,1092,886,1213,905,111,0.000000000000,95.046072385520,33ed4e0f4c80376656ce1628c1863c76a1c5d650e98c30881e84d7821020f7b2
167,45,4096,184320,4.448852973321,1080,907,1148,961,106,0.000000000000,95.096842220572,459ea7cb7480613afa364b4f25ede1b8be739254fc283691e222fa3eceef39c9
167,46,4096,188416,4.446695998487,1055,980,1204,857,101,0.000000000000,95.161824714593,61848ce323cce7262f959a2bbc07b7ba5406eda8f166e0a44f53cfce33db4e29
167,47,4096,192512,4.453697917547,1000,976,1261,859,103,0.000000000000,95.107749106032,a5f7d4d190305457637ce7bc8fb862bcb47d335b2b6e73947bbe74ec15ed0451
167,48,4096,196608,4.462568990336,964,1012,1258,862,106,0.000000000000,95.153188222814,c8385c89b146c52a56c25d4543c12501e1b873ce8447b2dac4eb157b6d43f2a3
167,49,4096,200704,4.446189957734,1033,907,1155,1001,106,0.000000000000,95.244575052938,33745b6f4dfafabb61f214f4f206060b92757f33d148b99aa3040012b84f2f16
167,50,4096,204800,4.451426824301,1156,833,1268,839,105,0.000000000000,95.165621058954,ba47012f92a38cf18e944b47641409c4f10aef5f762a21abaeadd8b2beece8e2
167,51,4096,208896,4.458375829953,1078,820,1301,897,106,0.000000000000,95.189077553346,8b210fd4ed40937643885872802efff5652f94304a87ac3fd839cdc70787277b
167,52,4096,212992,4.451897493322,945,836,1412,903,105,0.000000000000,95.175503089036,2a7250aca76e93126aa7e034ff40ba4c8a367df6b6d5928076160b6256263299
167,53,4096,217088,4.452109787768,1110,906,1192,888,109,0.000000000000,95.150695592456,2f6d85335a75e725b2540c5bf14e8281bb7f44d7219a4cd72cb7ad8812eeb2bc
167,54,4096,221184,4.456452239438,913,884,1478,821,103,0.000000000000,95.267745516162,5bf1e7c1bcc7b95dbe35183daa8f200b52e9cd3630b242ecbfb57cd9d10366d5
167,55,4096,225280,4.451042074719,956,901,1307,932,100,0.000000000000,95.176175525284,883ce26000ef1f7b15d42f0d55497d0b7990ba13dc5ee18e2a2c7f91b066f32b
167,56,4096,229376,4.455455524470,951,861,1349,935,103,0.000000000000,95.197804830237,ed8ca1c7d0fc3fd1209d1b164f39d89f48928e42d53b324e7c88d2133b7ebb7f
167,57,4096,233472,4.465122813723,842,929,1371,954,102,0.000000000000,95.175751634299,631edde1844beffda45551b8e8e15d7177471d4754b95f55480e61ab71282d5b
167,58,4096,237568,4.461876163658,969,948,1310,869,99,0.000000000000,95.244205646467,03d8483eeb8828c924411de43c26d0a2e76216e52077ec5353b0fca73feb4f7d
167,59,4096,241664,4.459070636246,1046,879,1422,749,104,0.000000000000,95.361741962099,071c61c58b97de4ba7d274a477901c89bdd2537db937b2b7c18fdc7da2d4da45
167,60,4096,245760,4.445523883926,905,883,1282,1026,114,0.000000000000,95.338767939538,a91b1297bf9b00d893a9a65f7e82106cf5e3f63500383e3955e4574bbc1f3d44
167,61,4096,249856,4.449465589180,974,931,1285,906,105,0.000000000000,95.321680125424,4911001ae510fa103af321011aab441a1eaf812de64f4c59f0189d3acf956138
167,62,4096,253952,4.466895189202,889,999,1404,804,101,0.000000000000,95.322323016490,40dbfaa97ad201f1d199f6d6a6b14e5587a4d19ed8da221f9a6e7ec6d821f936
167,63,4096,258048,4.468403819149,854,845,1439,958,102,0.000000000000,95.483206158746,e81e4f5d6af82cf0559620d77854666814cf041ceb2b45c5ef9783d8cccb186f
167,64,4096,262144,4.462185953817,744,951,1527,874,104,0.000000000000,95.437344466437,4ef3b2360698613478a06f142e4b7ed8eaaff4a581b2b3a006fbfdd5c004c1ea
167,65,4096,266240,4.456893621569,909,865,1444,878,107,0.000000000000,95.385216494448,43bc381e443dda8683d5601062012aeff0ffcc1c6170932aaeba745728dd6f91
167,66,4096,270336,4.456675481013,949,902,1400,845,102,0.000000000000,95.330647716484,26442da0fcdb79aa3e9f6c6763323f6f18c8f655950786e798ba738c3ceeb9be
167,67,4096,274432,4.463156312654,958,857,1317,964,101,0.000000000000,95.523461625715,9c2fdcd438afc663683251b52505a6d47b316688fd77c0a56219d787d46a442e
167,68,4096,278528,4.453952515963,958,859,1525,754,100,0.000000000000,95.582288102032,b8e4629ced9a11dd352b24b8f1333074402186511741657c3223af00c9c0b2e9
167,69,4096,282624,4.463925240124,909,772,1543,872,103,0.000000000000,95.627956081824,0c408d573a23579e3b726cc755e5a6c78151d1a28be907d31af248f9214ad4bb
167,70,4096,286720,4.463690919717,830,805,1638,823,108,0.000000000000,95.718310227897,8bd23b6b823e70a54f82ef8cb990e43c1520923123d7104232712c5757b519b9
167,71,4096,290816,4.457503561881,929,851,1501,815,99,0.000000000000,95.906513945941,f41fa75ebe8bcfb1c03fbeff63041b127dd75a3d8efc85841a8890c75242d08e
167,72,4096,294912,4.467747305727,951,884,1506,755,105,0.000000000000,95.886994827707,e8310bfae721acf4da1c1b6401be85e83b0b00e0a4c85d28511bfefd789bacac
167,73,4096,299008,4.470747844251,946,781,1527,842,102,0.000000000000,95.827235945947,c2dc445add1e75b9c2de0249390a711bb8cc2c5da217fa8e2f6809f0e9982761
167,74,4096,303104,4.460750819181,986,775,1497,838,103,0.000000000000,95.655884140192,085a61494a58ea3098231f557298d85d6491d5e2c9ef21b8c56b7a2a0cd936d8
167,75,4096,307200,4.465209451573,1039,817,1527,713,101,0.000000000000,95.632360147926,5af0237b434cf40e66eaba33f39a8d22b7bb3e3957599e8096cbaa9607b695ce
167,76,4096,311296,4.462246575148,996,831,1430,839,102,0.000000000000,95.663488459631,68e5b31f530c4b789f3db778a6916e0f975e5dad8af5c1fa4e8f4532ba9390a3
167,77,4096,315392,4.467508988692,949,1058,1382,707,103,0.000000000000,95.814627948283,6971b63f33237312bae73247d3d919075bb8f0ddc5334347f316d76308549adf
167,78,4096,319488,4.472443118351,864,1065,1365,802,100,0.000000000000,95.772647164972,004ef8c9f8248e34350c122dede24c891b1d3c0fab86f393d0af4eeaa595a697
167,79,4096,323584,4.467518735239,916,953,1489,738,102,0.000000000000,95.774759020598,dc46ce4019fdfb21ee18147d8f9e7e0fb0225881da10673f10702a2142dfdb5b
167,80,4096,327680,4.464509753864,1146,820,1406,724,101,0.000000000000,95.951999832058,691d80393c5cebc717c185e7d1874196963ae825d31638b6c9f66fd06efae481
167,81,4096,331776,4.473861107832,989,954,1278,875,103,0.000000000000,95.809238303881,4abdf7eff4cf16e8b85033cdc65537f3d078142b547965cac2e57ac33868d803
167,82,4096,335872,4.474417655343,929,790,1651,726,104,0.000000000000,95.770045606630,a4fbce4ccc5264f2a80010881463f56e729672607291f120389b9cad8e404146
167,83,4096,339968,4.468703128740,891,939,1496,770,108,0.000000000000,95.899137966012,532587002586cd44d2391de3c73c94c02dc0997efb0328bb82a60f82d6a389c3
167,84,4096,344064,4.462593479288,1164,823,1218,891,104,0.000000000000,95.939271739259,5fed8be14bfd282acc77b8fdfb8324a5a42878d26cbafcbad4fabf5b858a459a
167,85,4096,348160,4.469945266498,971,710,1668,747,100,0.000000000000,96.041837114241,d5d677f3d9d0e90b1a09e8e18093435cf0e5b6f5b91377f9303a2d73888b5573
167,86,4096,352256,4.481202925669,838,839,1769,650,101,0.000000000000,96.002480076744,e43f448757fd89f0486b6a81865b6b9dea253f63b71d6e2db57aad640b43603a
167,87,4096,356352,4.484770955092,794,1014,1604,684,103,0.000000000000,95.993654332036,9875e03cb1e444ea87c344975740dbca34defda4257131a4aa5b9f8d876aa6f1
167,88,4096,360448,4.476149727483,1013,838,1442,803,105,0.000000000000,96.059501528454,fc387e7f7fd2881b420fff609fb725ad553b8f18d6e19f941abe2be0bfe9b262
167,89,4096,364544,4.460059293381,1012,753,1559,772,103,0.000000000000,96.086194299010,704228de35e691abb5a42354f4e1a879d7c087a9b800e3a17d34752dfc841906
167,90,4096,368640,4.477066409719,1079,887,1380,750,100,0.000000000000,96.016909652648,389c573977e6a5cc9570e1589bdd2e13299f1fbe1b412e4f552c1fac3b22d324
167,91,4096,372736,4.467896397412,1064,782,1402,848,104,0.000000000000,96.048538280788,5b609bc6ec914df8c922cfd6e1fb149b08c4c23508ce416d9690ade790bf33a8
167,92,4096,376832,4.467286970693,1021,671,1639,765,102,0.000000000000,96.005510532815,eb78a658db815bc0259426be44b6397e1884198b42e0efd2d9a629b7a764c4d5
167,93,4096,380928,4.472199063415,1062,853,1272,909,109,0.000000000000,95.933458291971,0094cc43ca778460f4c94556521150fecbab4fcf026c52b19ca95e4731ff5ad0
167,94,4096,385024,4.478116853280,1173,863,1327,733,101,0.000000000000,96.032439524369,0acd02d3cca2cd230edbe1cba66c98910d12162261dd692ad9bbdb5cd09e9c71
167,95,4096,389120,4.476209612030,926,792,1338,1040,96,0.000000000000,96.052534708557,d41618c1f08f2b0cb2a464b4c0a8dffbc780009b46fc09b2efd5c8ba4e933aec
167,96,4096,393216,4.484207140895,1035,844,1608,609,104,0.000000000000,95.969566852093,891592a06fed75996e9bd0d7fbe6e8d4ee6608c34770890a1cb7c235a55f32b3
167,97,4096,397312,4.490209439730,864,701,1855,676,105,0.000000000000,95.891580300558,4a6bc38fc4eb45f9228b75c77db8ae31bcdffdceeeacd0b320de1100a4a3e363
167,98,4096,401408,4.479536190453,1235,784,1447,630,100,0.000000000000,96.008534936240,de10d12a3ed367fd7a9d940ea73f18c203e26f2b1d4584816ad923acf570a953
167,99,4096,405504,4.476115438435,1506,769,1204,617,94,0.000000000000,95.995498886137,c8347858401e995ac094beb617f32da30c3edccd43281807c89a9aa4419b4314
167,100,4096,409600,4.478408168275,1072,965,1423,636,93,0.000000000000,95.962630275712,e6b63da3e9bf6966f0a7e09a33841f62d5df21dcc311488270fa78cd4cc60f0d
167,101,4096,413696,4.481996499906,1274,918,1231,673,100,0.000000000000,95.867573634430,0171ac818c4ed4ce75226d831de190854c9e2208fd91c0f9042bf6443d9b982b
167,102,4096,417792,4.482516018853,1102,967,1301,726,101,0.000000000000,95.888480832764,4386ceae86b1a7209f5029ef594ee49cd0a8a731373ebbcd1dbe765bb8d4f8e4
167,103,4096,421888,4.487496902837,857,822,1752,665,109,0.000000000000,96.019284083244,a9259f036493b2b13146f9d71db1510942f155b5ca5c109f0e3c06f25b94dba2
167,104,4096,425984,4.483506599710,1145,838,1404,709,103,0.000000000000,95.850648474852,73176f56ce20dabb0b88f5c63a67988e28db718ff3e1856d23534d198b2908df
167,105,4096,430080,4.476372685108,964,644,1566,922,105,0.000000000000,95.814319030183,94ed5dd83d5b2b8be993c1489fee040866568c3ce28c62b6baf5487057606fa4
167,106,4096,434176,4.489401051002,776,539,1644,1137,96,0.000000000000,95.745536744836,52548ecd4dac9ba7a3994442b557ac539f45a052a5db57206928e55ca7da7dff
167,107,4096,438272,4.482948356683,1054,656,1677,709,109,0.000000000000,95.930847528116,66b4cfb4e7ebb87d064d8b68aaa20ad19e1b38c6eff687294f1ff3258a9af984
167,108,4096,442368,4.486745203974,1126,688,1587,695,104,0.000000000000,95.835766585914,e769a496790fa521c81e1b86e92260d84cfe7377f8177fbd19b6005b8d78d614
167,109,4096,446464,4.489692135989,1277,670,1527,622,96,0.000000000000,95.955319503782,fe71226dbfc5b7927d9c1c5502f6fbb7644235210b15deced18d98d4a43278e8
167,110,4096,450560,4.492658955533,1712,827,1026,531,93,0.000000000000,95.933386121984,7cd7148e1847b636101b4b299b5e640c6f617ab8409461bec87f344caa551ff2
167,111,4096,454656,4.490523068213,1233,992,1094,777,93,0.000000000000,95.948548853150,26c0e9e6b4ab80906ab64b236b3d7e27f988b8c3e5d0763dd458596546e3d1eb
167,112,4096,458752,4.487569208081,1187,889,1143,877,94,0.000000000000,96.018016523600,a1b8fe84f44121b5f1842a42ce41c8b246dd72db965f1766861c598c2e143978
167,113,4096,462848,4.490022184223,846,693,1353,1204,102,0.000000000000,96.082003481464,8f787a821700298897a804b17e50f0724796438373cb061f97d8fc114486f758
167,114,4096,466944,4.485509290230,1005,921,1375,795,93,0.000000000000,96.019284659502,b6678eed60a09010d4f3ce880f47f58faa92472a6e29a2affd812370704ed748
167,115,4096,471040,4.494510553100,1008,881,1655,552,94,0.000000000000,96.028724139045,aed9434e3009a7f40c12e7c20fac51b231634ff00e2db392a4148ca72a543464
167,116,4096,475136,4.515339842097,915,743,1992,446,94,0.000000000000,96.056581160024,641d66b18967268bdeb9b7860c697861ca744ba490e0b49a222af54fecb75bda
167,117,4096,479232,4.506247047373,865,592,2066,573,97,0.000000000000,96.086865213444,33ec2195947b214c49c4df4ebb9aa693e7d1ea6fe2e8981667160ad8f771227a
167,118,4096,483328,4.478059757693,1321,611,1414,750,95,0.000000000000,96.065746756727,a36d5a6e8e4898b304a53d46682bf3c0f12ecdba9a3d8ae32b9dd67e98754f05
167,119,4096,487424,4.498407447113,1713,663,1143,577,95,0.000000000000,96.034758920288,46e70a451cde9012d1ba81ceab7a8980e3d648db5b5d13796ae1cdef334c6d3f
167,120,4096,491520,4.487602700278,1288,938,1365,505,91,0.000000000000,96.037528581784,f5b052dac2e667ccffd9cc8957c6fc1a649f59c5d6ba0654aae14988c26293e5
167,121,4096,495616,4.515361089621,996,848,1851,401,94,0.000000000000,96.044257943508,c9358e9e7b43b77c830240251d18d633fc42c8f6dac570045396aae3fdc4f700
167,122,4096,499712,4.509207853616,924,726,1717,729,90,0.000000000000,96.076960056379,10551c902a568cdcdd0e2912c111231ecd92ef62f047bb2b46759c0b93f0a11e
167,123,4096,503808,4.500563998258,1165,790,1392,749,97,0.000000000000,96.124428973342,6ca1c456a30140edf465e81c0e8d96b4573f5f9fc6761ace352660266b6875e9
167,124,4096,507904,4.505476775490,1506,605,1512,473,91,0.000000000000,96.141079896886,869e22a9c1ae742952f3b4e6f5abb752583d60abc9fb89ddc72b8b136a175dbb
167,125,4096,512000,4.495462638869,1162,738,1644,552,92,0.000000000000,96.168425733937,bc20d746d3559485e3e1d95f34fe91eb16835864417f8b83c5750d2ff190ae90
167,126,4096,516096,4.505858077375,1015,567,1834,680,93,0.000000000000,96.190766645559,f154fa55b89e2318982f4d6f16da9a895c8a47b98d1bc2a53d6465edbdf04656
167,127,4096,520192,4.513000512590,1273,643,1122,1058,94,0.000000000000,96.123219543212,d5601d4d792e6b26bc783feeb5656627ef53e8065699a1784360c951a1fc5c3e
167,128,4096,524288,4.494273191801,1376,590,1243,887,92,0.000000000000,96.128926906372,979599a4dc4d4d822a7a41b8713fc90c6309f90219f760f45a249b7e22c23958
167,129,4096,528384,4.514695165512,1671,772,1167,486,89,0.000000000000,96.118769038662,0494d7d6344c14b2913eb5200387e27ced7812f221552a206dae109fd1d3c412
167,130,4096,532480,4.497597795176,1675,756,1120,545,100,0.000000000000,96.143592326288,b4919c28b35fefa00ec0dbd9ae6c65564437bb80dc24344a8c35c080c0b8e906
167,131,4096,536576,4.500545568581,1359,731,1309,697,101,0.000000000000,96.137560123674,ac506ef1343a42c0b7e226804aec607f8329defe13ee4209b99379598d9cb38b
167,132,4096,540672,4.528813701124,1242,741,1614,499,99,0.000000000000,96.098856364690,e7bd9d5908c9ef732ae2efaf6d20f2bb5f2526723d64fcecfbbb9db44dd44695
167,133,4096,544768,4.512248695356,1404,551,1587,554,93,0.000000000000,96.188936687345,ee97ab165bf922b2c6058fd524ef2c399cbb2dab94f72579bc79eed204bf5ada
167,134,4096,548864,4.527282560484,1437,679,1561,419,93,0.000000000000,96.275018188985,5f35a32abe054df610a26b804e3423299bd381c38afa248ae26ea39ecf59f1c3
167,135,4096,552960,4.530310326270,1193,582,1810,511,93,0.000000000000,96.275018188985,1a5c7839cea00417575903591f9d2bb95350b6f1057a5040c50cd3c59f5aaeff
167,136,4096,557056,4.539027086805,1137,561,1919,479,97,0.000000000000,96.359309580831,55cd3cd7ef535e3d932c0edeb116abd6895f6653d27fca1f61e1cfef124cbfa2
167,137,4096,561152,4.521708757334,1282,551,1922,341,92,0.000000000000,96.435959290975,3ab29a0265dfc7e1e60a96ab147e44c380ae64f3d5b0505c3e9d1be84a9f8919
167,138,4096,565248,4.508037213898,991,651,1612,842,88,0.000000000000,96.435959290975,3e0c6c71f94d5fdbcbf7ab9733f47d2d67dd6be8499b055227538866e4a0e80c
167,139,4096,569344,4.536242959420,975,717,1894,510,92,0.000000000000,96.506955661567,df85c0bf452bb7b0c9758022549760471f95da070200784dca299465e3c4647c
167,140,4096,573440,4.526290499363,1042,564,1793,697,93,0.000000000000,96.570852395100,df22b40a26fec2f8e8b2cb9d25302c66fc0ec9c2799293a68f3aa261d3024bad
167,141,4096,577536,4.539683864624,1222,674,1731,469,93,0.000000000000,96.632593037805,99be13c9e079b1611d140790c4f2fd886f8b7852356330ab2a0eb0d2f22b0663
167,142,4096,581632,4.535573851103,1181,634,1630,651,95,0.000000000000,96.684576639499,b195ba3069684fe5b67f7a4ecc18210d2caf6bbebfaea02ac4e94ec2f0f95d20
167,143,4096,585728,4.512577072830,1908,619,1062,507,98,0.000000000000,96.725724609258,61968ab1a4136d5d0ceb29c6fd9b199b902868a3e684cff46e403644c6884324
167,144,4096,589824,4.524856561394,1097,520,1974,505,92,0.000000000000,96.725724609258,b4beefbb35588983c4faf7279144f4bdaee187141239ed0fac84cfa5edbb83c6
167,145,4096,593920,4.538233823726,1123,798,1807,368,94,0.000000000000,96.725724609258,aaf1405fcdc745f8526e1a6de8de68ec0f65ecb1e278f2ed55130021e9c30976
167,146,4096,598016,4.535604337137,1269,463,1965,399,94,0.000000000000,96.752148727757,97a8b15aedbaf1f4d028dd8207c49a613718954d12219d69a40d8b2eaf096072
167,147,4096,602112,4.540709755861,1125,504,1834,633,95,0.000000000000,96.772742398503,1a9b7d1c52ad1ebd300af8d3a3d247adeca60ee5ed3f33979eecb9d0b0479aa5
167,148,4096,606208,4.544334043344,1058,673,2007,358,96,0.000000000000,96.788562214986,099b48edf9c03cfe7dd84d7d148e198a97321d6808f5a680caa94ab1781072f3
167,149,4096,610304,4.524542692388,1655,477,1285,679,88,0.000000000000,96.802800049821,995a230f6a249761df2de1d100c42637ffba7fab8ad7a8d9a191c93ae2e52cda
167,150,4096,614400,4.533089376756,1785,662,1067,582,93,0.000000000000,96.808491652325,f04865509d80b5840c10e4d6e2eb67a0b757924a632bd291cfecaa2429f3c298
167,151,4096,618496,4.531308070578,2044,333,1045,674,92,0.000000000000,96.813614094579,200fa938d997ea0b61447b6b9ab9e966e480c2ed69612dd4a63523949f9cd23c
167,152,4096,622592,4.542944485433,2166,597,978,355,90,0.000000000000,96.811801069569,d3680ab8270fdbb3ac60e85d15ed1b5869143c9e50acc2946bb60b3da4e0f895
167,153,4096,626688,4.539472770651,2195,540,1015,346,97,0.000000000000,96.807649243147,ef92c8a13e3a305ca54efc893893965d83511c8e1ef5b9c49f7a78c23fcdcb88
167,154,4096,630784,4.547458137538,2025,485,1179,407,90,0.000000000000,96.811127192866,3d031fbf30af0cbe34553af13685d05575409a35bb82751611f4a145e1e714ad
167,155,4096,634880,4.542138355934,1717,372,1452,555,96,0.000000000000,96.798519029508,6acb2b3d9532ce5b44de1f60f60644b6e8b3c5e001967b5f2811a3d0ad9ba27c
167,156,4096,638976,4.541427260795,2043,440,1160,453,97,0.000000000000,96.779774302283,eb8397ddefde600f7e1aad86abba4e5ce2d76009b55d969ca97bca887688540a
167,157,4096,643072,4.551165092015,2244,597,858,397,89,0.000000000000,96.760663549383,66dd554aeaf4d1312a724cefe2f27a9553545019bedf47f4af32ef60041eda63
167,158,4096,647168,4.551708114599,2140,486,943,527,92,0.000000000000,96.727464949236,184c90903c3cb7badac391ae00e67f35be15e55dfe22cd2e4f68391e99196cdc
167,159,4096,651264,4.563045479884,2222,544,967,363,88,0.000000000000,96.696116629862,d45e7e5d4f56683c46d9f229e80fc88a6fc7586c9264b130db81ba936ed82c8e
167,160,4096,655360,4.554060365064,2075,713,857,451,95,0.000000000000,96.655106072707,c5241dcbd91efd7fbb944d63e136bb63d920930603c17b4be37f2165d2898564
167,161,4096,659456,4.566919409841,2277,605,725,489,92,0.000000000000,96.615477938004,55a99f1ef1acbb4bb9fda39d6cf80aee542fcf372238406a6d7f3503013946aa
167,162,4096,663552,4.535387331771,1412,736,1292,656,93,0.000000000000,96.578458577043,bada070662408175ec46ef4dc68b17fd5f60fa7d17a51190100de0a9cc3cf99e
167,163,4096,667648,4.559708055318,983,896,1786,431,97,0.000000000000,96.547582656752,234d2a0a9f7f2428ce31e85eb02af81daf89e2722c85588b9ca45985fe5b0db4
167,164,4096,671744,4.574010168949,1122,648,1914,412,88,0.000000000000,96.518256284673,3f5456c738af90cf2393b1ec23aed79fa483003c67212b63aae5a174aee58543
167,165,4096,675840,4.556033999746,845,635,2080,536,92,0.000000000000,96.490982828686,733271a4813e9c633aa413b70422dadcfebb4f207c6f8eb83fa09826545ff0dd
167,166,4096,679936,4.560174425835,1260,711,1600,525,96,0.000000000000,96.459989339177,2956fda2a6d2f01cabd9de32cd4e745a7ad519733302b735673ae8d9ebae9586
167,167,4096,684032,4.565179894148,1275,760,1742,319,89,0.000000000000,96.431334927688,d1b12d585c8f63c4c6d0c74f8cf5d866a0e30c432e40ae7b252d026b70b204aa
167,168,4096,688128,4.566413773645,1528,327,1978,263,92,0.000000000000,96.398916206252,ce34177d7337cbfad91e840df67328dedee50682482a2a8461d448267820a1aa
167,169,4096,692224,4.560466497248,1443,577,1808,268,95,0.000000000000,96.372245657604,577debb1d7352e82ca9a353a88f3ae67b95987217de6e0f02f8bbeb741ca2c53
167,170,4096,696320,4.571872829428,1394,634,1675,393,93,0.000000000000,96.345412827081,53ad8e76f01fb0e09a6da3b4ba4db9251e0a0e3fb07d401e24ba70f0c44c9448
167,171,4096,700416,4.580646891601,1821,434,1607,234,90,0.000000000000,96.314070841529,a169d06862de1472798ec9a37840c0c3c5fe14d54e16b245537a7b2d6a103412
167,172,4096,704512,4.572182176859,1349,442,1803,502,93,0.000000000000,96.292273093495,dc9ea7d8d415b2325cd594d13b5aec25394aebdd5eefe105cdf268e98bea87e8
167,173,4096,708608,4.547688284250,1460,309,1714,613,97,0.000000000000,96.274180962303,123a8d13d1fb253ae95a92b5e94ce1b196c285c0f469c36a82927291cf589c93
167,174,4096,712704,4.568142776860,1406,589,1716,385,89,0.000000000000,96.250587878779,6bce5429ee248092078e8c55b128472b0a5065bc337748846a8e29817613b633
167,175,4096,716800,4.565302996808,1310,554,1876,356,95,0.000000000000,96.220835095916,88c9b70deaac591a2892c90e9624e0d5d6e2ff8085d1d352808a747d8dec3cfe
167,176,4096,720896,4.575845626989,1389,530,1668,509,89,0.000000000000,96.188730142585,50a379af875eebe99fd4f43c0d5a38ece840ceb2135960eaf4ce00c0ce53e827
167,177,4096,724992,4.566341660496,1582,322,1695,497,90,0.000000000000,96.154409551006,86d2a35e184748febb45c3d3c49e5806c08e24771cd47cba8f74f8221fada609
167,178,4096,729088,4.524978281443,1485,451,1344,816,93,0.000000000000,96.119280895296,86b2e84e7df8574d2284765f8ade3d8247b0ae50b2e07e78df9770613cd0ecbf
167,179,4096,733184,4.546679102256,1956,595,1219,326,94,0.000000000000,96.081410570696,5faf9bfc87dbc323c43a1f4f7dfcb43917adf54e3cbb34293e682d1f1110da4c
167,180,4096,737280,4.559204290691,1788,837,1282,189,93,0.000000000000,96.042006767956,389156bdf005dbb9a3f3352d34a407db8ad53f5e512e3b53560d997233f1052e
167,181,4096,741376,4.561977435447,1977,834,1131,154,91,0.000000000000,96.004239174073,c4b470dc2d29b2098314d790ff9c374f54481fe36bcf1feb166f0f3f9ade0587
167,182,4096,745472,4.572976586104,2355,596,875,270,86,0.000000000000,95.964092588012,8f0ce15ea3a47e38484b72d0be4f18b9f1729dfaca5adc79014e24080a9f8780
167,183,4096,749568,4.565363396139,2294,299,1304,199,90,0.000000000000,95.922006085611,6193f06d4f4936f17ac6a7c9dedf0adca513a9ce2aca850756effbb2f8b126df
167,184,4096,753664,4.552217750010,1725,547,1588,236,94,0.000000000000,95.880593314928,24bbcaa4499c678c8d9bed18fc3fef710978d04885d892d1c932661f7ad21744
167,185,4096,757760,4.552103885467,1907,319,1475,395,94,0.000000000000,95.834466525951,de90691b6f9f419dde61e275de0a406057a269390dabe0e85bfa57b0fd7c0fba
167,186,4096,761856,4.556024858700,1892,172,1611,421,90,0.000000000000,95.795556858727,419b35cb4f2b1c5e7650b97fb3a763375d00588b825af9d237f07ebd91d76482
167,187,4096,765952,4.565620252252,2088,234,1118,656,89,0.000000000000,95.754699496825,c9f1ccce1ada899b21e9dc9c74e75309a355568774bd900bcf2580b056318a08
167,188,4096,770048,4.547164294148,2158,164,1106,668,89,0.000000000000,95.715672686338,28a5c5d2881f03dcdf53e9ad32b3521e136d6f4630606c85a02c9942cab5b541
167,189,4096,774144,4.557102934744,1838,253,1266,739,93,0.000000000000,95.677558172270,2a73253aefa9fea5b68f7f68ada0ebd61475c8dfd25a4020bb3a24902b10a62a
167,190,4096,778240,4.542294117531,1846,344,1385,521,92,0.000000000000,95.635482225905,cee80f490930f655a8efe450c929a17439faf1bd2d2847a527367677b559dda8
167,191,4096,782336,4.560340394509,1911,393,1601,191,96,0.000000000000,95.595259837527,0084bddf1f2a2aa562bce1aeedeafa633b6605e11fe05f6ab0c3a79cdac4ec68
167,192,4096,786432,4.555928600791,1965,299,1360,472,93,0.000000000000,95.556546834553,6a05989355ceab2abf1350368e2632f3cf3ee95aae523355ac4f350ab375428b
167,193,4096,790528,4.550643603941,1649,302,1767,378,101,0.000000000000,95.516802211717,ad93f176a874e27435abc29319df4b29eaf49eb1ca0c3ba5ce94b76b25471ed6
167,194,4096,794624,4.568764572884,1113,488,2293,202,93,0.000000000000,95.474052361635,c67fffe6c6b257d37997277be0a06d00af51344187259c953d2498e689def3f5
167,195,4096,798720,4.571768853204,1328,379,2142,247,92,0.000000000000,95.436191310051,f1fec4c171877735bb7a4bf5ab93dd108a969ce05a70e72bebe9135931d159b2
167,196,4096,802816,4.563421452788,1031,605,2080,380,87,0.000000000000,95.399242614593,af314a42271d6741294d90bda33b5d70dcd3a1c42275404da6499c6912a94735
167,197,4096,806912,4.565763625928,1170,446,2150,330,86,0.000000000000,95.358981796092,8b5dc2cdfe2ea55189e2e253229ef869a480d1c5189ef99449bf6889c1d7ac1f
167,198,4096,811008,4.553918930367,972,418,2365,341,93,0.000000000000,95.320314642386,2075cafc07233c0bab71cf9a1bda30642abba924037246663498564d01cfaa09
167,199,4096,815104,4.564976619287,1516,340,2028,212,86,0.000000000000,95.352206793250,28c9e58709feb4ca4f646f17c538f4d660f4b0a049e163d87e13836db757c7a8
167,200,4096,819200,4.562101310257,989,521,2075,511,93,0.000000000000,95.485792116851,f0df818eae9614a2088a5caaaa57a2ccc855efcc7d4707be239f1327a4e7e75b
229,1,4096,4096,4.437767292590,1024,995,1069,1008,112,0.000000000000,28.050691106241,21aed788b29a6bed48171bd2170b09e9851088e968225ae35c80613845bb1444
229,2,4096,8192,4.447343761802,991,1054,1031,1020,109,0.000000000000,41.705641553001,9951aa528f053d45239c2fce39eaf65c749f13bcabe48b7e8ddf105cb3e049f8
229,3,4096,12288,4.435533913583,1074,1033,987,1002,108,0.000000000000,51.058371812043,9cebda69d1b728c6aadde5256ac033525825ac47fca13328bf4ad619c7cd205f
229,4,4096,16384,4.443599714440,985,1067,1019,1025,109,0.000000000000,59.194791544666,fe2d41449ae8db65b19b277a36d965582d1228a6390efaff72e6dc0e7857984b
229,5,4096,20480,4.446559815171,1055,999,988,1054,100,0.000000000000,66.295809657876,f54cdb0da7f6514b00e8d00e6b6a856e16022ea0af7a88fb13c49f7b6bf71f69
229,6,4096,24576,4.440094529860,1028,1019,1039,1010,110,0.000000000000,70.743716871678,e91f76e213c98c42524538b64974a016eaa502be9f2899cdf0174ae8319946b5
229,7,4096,28672,4.449236149267,1098,984,995,1019,106,0.000000000000,74.557215577856,95358c4fce09d19ad3c6aa6d88aaf22a2ecd83ef94995bc6fc968f680ddeb592
229,8,4096,32768,4.445482358570,1075,966,1025,1030,103,0.000000000000,77.160130752724,24ebdcdbd83027cd23e2ffaac5470fa01142a44edebf3d0fe6b4e34440cb4fcf
229,9,4096,36864,4.445596596112,1009,1001,1063,1023,105,0.000000000000,79.257290173132,d3eb9e44b3b5ae6023ab158e22cdb09cd545cde3070d771a72757c97461378e6
229,10,4096,40960,4.446952570663,1017,1040,1039,1000,104,0.000000000000,80.946580488692,4ce8f025f641a269b67da1be76b7c533cd973ce74504dafb29e66d2144fc7c0c
229,11,4096,45056,4.448314729026,1082,1005,995,1014,107,0.000000000000,81.982337820714,b994c5442c960c4b6399af1306f602c2a0f250631b061da83220c12a000f5446
229,12,4096,49152,4.443088411602,1053,1029,1024,990,104,0.000000000000,83.314446409285,323b5f722e2a894049fb608b18d60f39ad7fd72d41ba2cf30095e859722adf20
229,13,4096,53248,4.442556344074,1056,1016,1014,1010,110,0.000000000000,84.797722878533,f48652222e5e1ebb3ccf5a6d842be77214989659161e4be2e7a2f2a214a8748d
229,14,4096,57344,4.442474024185,1031,1006,1066,993,106,0.000000000000,86.345204267223,eb6d06458178aa8ac0f65b234a5ac2b769cb810dd5d3670f0988f20a82870fd0
229,15,4096,61440,4.442343706925,1018,1047,1023,1008,105,0.000000000000,87.463081872161,fa0f7e6741fb0d9ea5f146787d533d51352b72ec061c71547b0267c500d7d499
229,16,4096,65536,4.437241703135,1056,973,1039,1028,111,0.000000000000,88.330246741981,9dd98470febe877f3d9ecd1a66d9de8220dbddaa5ab558b092b7520247b22826
229,17,4096,69632,4.447490183495,1111,1067,961,957,106,0.000000000000,88.930995997659,5baa4b325b577a47ea4cd7cf7380973e6db3939106fd9f3c9971517cfff8e361
229,18,4096,73728,4.440695854439,1124,939,995,1038,101,0.000000000000,89.596454186290,1af971cd5af029c1362a8a71ab0c8147dfd6fd22098bb8625434c6fdb17dfb9f
229,19,4096,77824,4.443446748008,1079,990,1054,973,104,0.000000000000,90.491468394171,7db107038c7fe2689a0369d72d94f89f6a438f07e55d4ab4f0c025f158199064
229,20,4096,81920,4.443866980256,1041,963,1053,1039,105,0.000000000000,91.094859496009,50da7f4d1779481c0b51b23441bc176a84a0b1dfe9733dd4d957d1ad1b26808f
229,21,4096,86016,4.442851392138,1173,999,990,934,104,0.000000000000,91.414647403060,caf94a8297db246d1a0b8c9270f3a47add3fc64eae5ca4ac753cc39d0eb88f0b
229,22,4096,90112,4.442005002484,1029,1055,1011,1001,104,0.000000000000,91.740290522051,3733f4e3f638471c98b0d55294aec0c88b3f8c9b2cc30e0e726e8fa5330c7f98
229,23,4096,94208,4.439951113015,1111,991,1026,968,108,0.000000000000,91.999230651148,87ebedfdc5a206bde9512e7ee53830512622a78cf859ca656200eb20a6436dc0
229,24,4096,98304,4.430414547177,1106,933,1016,1041,108,0.000000000000,92.154592257736,5945583fc13c8ce3ae5af3755d2122f0dd414d52dbf01115c5fc3c7c374b89fc
229,25,4096,102400,4.432939643486,1074,954,1054,1014,106,0.000000000000,92.494351178378,bccbd2c5ad26e2188286f330fe073e083be1369d654ddf81960e6ba508a0271c
229,26,4096,106496,4.437770121981,1013,1063,1021,999,108,0.000000000000,92.982582780069,3724e034a5e038466eb04213fb07fcdfbe4b4d843fb0a0c29a14191ca24822be
229,27,4096,110592,4.439944590173,1096,985,1013,1002,104,0.000000000000,92.957213892814,2c5bf5e6a328ebade91fb484c9e95b0dda3663cc97b287143d47db2b0c4b967f
229,28,4096,114688,4.447486357230,976,1030,1017,1073,103,0.000000000000,93.138707684125,f327813754e6b8d573659fe8adae300f92198ca79d64f1e6e91f898d9da8533a
229,29,4096,118784,4.448816294464,1102,977,1052,965,107,0.000000000000,93.372011860857,92cd297a2c10aa7248755fda740bc2770e64f417deba3ee4d501799ba1065d97
229,30,4096,122880,4.436931871812,1056,987,1080,973,105,0.000000000000,93.402115240709,e6d300fdff6e8b0667093d051cad84c63632ff6245a1c8ef2debb888c19164f7
229,31,4096,126976,4.448492034414,1010,1023,1027,1036,110,0.000000000000,93.797281747870,dd4aa4a3683568afc049d37a3d663fe59401580ff634dac33ca68443f50638dc
229,32,4096,131072,4.449611866500,1040,1016,1106,934,106,0.000000000000,93.864617207590,664093b16615934933245b65c15ebe28ea6fffc7799e7f89f66e2251ecb86322
229,33,4096,135168,4.441261804561,1036,975,1086,999,108,0.000000000000,93.896036163589,d29a6d22bbacab6786e67e1f7615a849a2a1aede1e6cd5beda825e5cd6639a3c
229,34,4096,139264,4.439625712016,1069,928,1157,942,108,0.000000000000,94.065012535603,6c4497459eceb0725ca80174ed1b719f6f814779c859846d8f24e431109868ea
229,35,4096,143360,4.440725486861,1067,1022,1065,942,104,0.000000000000,94.234754493036,efc599a265cf28c8cfbd3360dcc1fa1305242571853ebdba667d929f3f704ba2
229,36,4096,147456,4.443200264579,1029,967,1127,973,100,0.000000000000,94.484248414930,3325ceb661e9faf38e25e88bc718c87740404b873896b9bddf3fc270786afccc
229,37,4096,151552,4.441117099182,1032,966,1055,1043,106,0.000000000000,94.507703051852,15af75be4595f9d7bb6485862687253426f2023509cdc1f4060ca5744c111426
229,38,4096,155648,4.446181119445,1043,947,1081,1025,106,0.000000000000,94.576238348977,44cd2680024e7b427d2249ca47008d3569d7b3998e9a3a9a71ed563302c19c9d
229,39,4096,159744,4.451275003751,1019,862,1244,971,103,0.000000000000,94.532716531254,a1b413a0da3e7b033e711c16a523c0f6474955723b76918dc21cf6c82d54da88
229,40,4096,163840,4.451209624848,1120,903,1090,983,108,0.000000000000,94.638140454390,fadda4010f50e38881c55f5c5aac38840dc99d0063f46f74aa7a457cb480729c
229,41,4096,167936,4.449374219192,1056,957,1171,912,102,0.000000000000,94.647305895220,3990a6f7ec4111ff20fce1f74f13be0caf868fec660beaf265b8635bf774ae03
229,42,4096,172032,4.451653682228,1077,980,1160,879,106,0.000000000000,94.733220475118,7d1ccacc128e32a7bcdf10fbfe4b8bbdb7b537dae4a417dc084c3f0d079bfe3d
229,43,4096,176128,4.450975467404,1019,944,1225,908,105,0.000000000000,94.675808995852,6a4f6b0664abb184c15839a6be8afca9e1e5872feb81626fa642f8ad8f39f592
229,44,4096,180224,4.453771330666,1128,900,1223,845,106,0.000000000000,94.794844384533,2c34f5fd243707a3691bd88b3d7831d43b48fd4ced5ca914b117f16c84f7c029
229,45,4096,184320,4.449388972586,1083,887,1267,859,104,0.000000000000,94.775477242482,29f0d396abc64873372287265612824ef13ae8e523a3eed5821aa373e8f83bf5
229,46,4096,188416,4.455338115335,1082,953,1234,827,107,0.000000000000,94.763905490921,cbcd1c31b6488fdce907cf8f4f12faa5447950b799c7cba470382adb3b8d9adc
229,47,4096,192512,4.439187293487,1124,939,1172,861,103,0.000000000000,94.789860447356,2a228059f6ddd72ae071bb416ff8134b7095b3121bf66a1276f07b92417cfc00
229,48,4096,196608,4.451542339225,1085,903,1258,850,106,0.000000000000,94.879282828312,538a25cdafcda0b2543571f4ef36e77cf99efba0cc5e204ad0bc9fe9b24b6838
229,49,4096,200704,4.449550974552,907,922,1337,930,109,0.000000000000,94.915225474211,82b7d9475a7b00bce8d0c76df7d9558b968b9e1a0fa03e4064c8fbed8670e98c
229,50,4096,204800,4.452279216010,864,1002,1377,853,103,0.000000000000,94.936366077134,7025dd398d55c95aaf4b92badd490e7af099e941a10f7b5cc20fca8dd058e055
229,51,4096,208896,4.450229394751,866,913,1444,873,108,0.000000000000,95.007979648951,3fe4e1e734ad11eec160d7e4f2b3b652dd1a0989b550e0c49b36757d2e86834f
229,52,4096,212992,4.453268862932,848,987,1324,937,110,0.000000000000,95.128481806036,86155d487b94f38119d849af9626575d1c71219a9e7ac9e203810402c9473cab
229,53,4096,217088,4.450450906217,999,986,1260,851,103,0.000000000000,95.128151758417,39baecdf02b5f6beb928129f4b67a4a7d7a6ef2231e7a2924fd8cdc1e187da30
229,54,4096,221184,4.460100211786,975,859,1358,904,105,0.000000000000,95.229905684647,2035651f82695918dc4fa108992aa244f0875c860df839817efb01b48ff756fe
229,55,4096,225280,4.454835201609,945,936,1334,881,103,0.000000000000,95.266850413586,b31a3d0aa7378d29993773a74fd05ce4a19fd59b49d02fccbe472a7c63873cd4
229,56,4096,229376,4.453591594346,1098,929,1256,813,101,0.000000000000,95.270475892927,9f35bb0695da3da4ccdcf2047ab5ed06a1314c2d8f9f1765a0d4f36b63a114e2
229,57,4096,233472,4.450599977591,956,885,1409,846,100,0.000000000000,95.278403846968,71f25f416f2f2ec892a67869d7c7e9d2c35c1c5080463402d456dd165eb97e73
229,58,4096,237568,4.461677749266,1024,925,1292,855,103,0.000000000000,95.237439500419,45d68020a01328bd5014860033c0ac94d366dbd38c0cf4112f4020f64bfd5a06
229,59,4096,241664,4.458123514506,988,921,1387,800,106,0.000000000000,95.258320704479,7469f289a6b3d47ce847dddaf1c4970cec5453295f0d69009c108fdbcf55dd28
229,60,4096,245760,4.452915660498,986,817,1334,959,99,0.000000000000,95.270234388627,5dc6545217e8771b1bd192a622bf25af886fec71d83aa4f101e31868550c2d28
229,61,4096,249856,4.453720480352,987,844,1481,784,108,0.000000000000,95.388843204726,eb92d5ae346073c7fadda8e03cb225800fa6087da33b048a6aa8051873b3c36b
229,62,4096,253952,4.447458177849,1198,844,1215,839,109,0.000000000000,95.388648793617,cf1ff9f677a7541e5b7fe9eaf72795f8d66422850512b4991987075cba89e182
229,63,4096,258048,4.453018846429,1049,797,1372,878,96,0.000000000000,95.338834751649,e36d16ca8fdbbc7ab1d54e3b731c90a9d9b3631e780a9af48bb09da468016f07
229,64,4096,262144,4.451853790673,1097,959,1132,908,99,0.000000000000,95.440022783110,82349b9b5b64a1f7e4861e2788ac1819395ce91522f65305f0a2260ea7fde3e6
229,65,4096,266240,4.461808180724,927,842,1356,971,96,0.000000000000,95.468463694735,f71f79ad77c3fa5f57ad45cebfa5353530cba037dd2d244f4f0e845c469d8ad5
229,66,4096,270336,4.456535466324,1003,1023,1268,802,104,0.000000000000,95.470082391910,ecd1f3359cdc5d7560426264b03577de97fd99cf52e000585c265a5f069b512a
229,67,4096,274432,4.459201859664,869,963,1451,813,102,0.000000000000,95.530543856927,4dd2720b2bbd3b5b29163c2367b19d5f56e1367fa881bba84799a4cccdd8f8c3
229,68,4096,278528,4.467539400974,1045,1016,1267,768,100,0.000000000000,95.669996808561,919469110bc083f1ae849115f4144d37fa5d7182c797b70e845caee02f7ba3df
229,69,4096,282624,4.452549909197,974,899,1415,808,102,0.000000000000,95.554353483526,a674004473a4a4149f44f75218657dc637ea5527df7834c02da2ecfbda8dc736
229,70,4096,286720,4.463969898293,1099,964,1274,759,99,0.000000000000,95.611744380827,a5b4b4f5e3d27f05295316f85c09765780b2c6861f22cff499b272be74854f21
229,71,4096,290816,4.466826882143,885,1030,1511,670,108,0.000000000000,95.622521273617,00695fbde641331359030eb74110f3a62cc3d60cde27bd058da02054d3ac1051
229,72,4096,294912,4.470170377311,904,921,1518,753,105,0.000000000000,95.642893587970,afe2d54a4913d7a3e250b62198c93de80d1dc36eb2352f92af944c42fb377e09
229,73,4096,299008,4.474272574051,841,803,1544,908,97,0.000000000000,95.611839454336,bed7021397784c33991a18f4c6173a56265c4d9e22e21b607941c8d29ede29f9
229,74,4096,303104,4.459874861724,1006,918,1479,693,100,0.000000000000,95.718760871332,8e15cc772410ce86909b52e9ad51108db27a1e0cfafc4e9141f767c2a1dafcd0
229,75,4096,307200,4.458341773285,1001,845,1389,861,97,0.000000000000,95.782846839976,aa2457e2ee22dd87bae5c9dcc601c33a76876b222df2ea5b5d6b9c4f74d0b8f3
229,76,4096,311296,4.469920144797,917,842,1583,754,104,0.000000000000,95.672569259107,cc09ea6cb827b37598eb9af7e355529cc0577e6baf6b9fc61c356900f490cceb
229,77,4096,315392,4.468460584676,1050,803,1586,657,97,0.000000000000,95.672766086899,0ddacc4171814c5b1b3b4a4c82e132c4d8638a3b51073883ac04c5fb343a1031
229,78,4096,319488,4.469401702667,781,924,1750,641,100,0.000000000000,95.716157402817,722d9a157be550134a6b0abd277f887d92072f189e37e5d9387feca4b3340b88
229,79,4096,323584,4.471447640074,905,908,1271,1012,105,0.000000000000,95.775763104346,699d1d2163a7746ef77cb744a4efc289a1d8a2d9c5f175e6dbf80a331affa66b
229,80,4096,327680,4.474925437789,933,987,1414,762,105,0.000000000000,95.756027237421,457978d8dae84c67ca8dbde3aa945ad177cbbbcef9c732cb3a36bdb839fcc84d
229,81,4096,331776,4.469851966854,964,1063,1331,738,103,0.000000000000,95.798642130466,f5b8dc632694338041888126a22ad85df757cbeefb6cb09a73d41401577ae757
229,82,4096,335872,4.466006827117,1060,959,1210,867,102,0.000000000000,95.981244517228,d16c42296a94fcd22e2762b445c6caefb2d7832a7ee66a3be6c018632fd651c8
229,83,4096,339968,4.470122175310,917,865,1464,850,97,0.000000000000,95.861043825558,6cb1a28f1492e6100183312489a1655265d24d326b846ca5915766899c88b961
229,84,4096,344064,4.468694742608,996,802,1542,756,101,0.000000000000,95.873957986772,d2410387a655b1d0803c5ce46ccbc154b5c59c4d5bf4eba879638d51b2928bd3
229,85,4096,348160,4.472569532843,1063,847,1428,758,99,0.000000000000,95.913299367754,fddb23c34c16745547d2a19a220abc4cb884e199279b50012efec4119c954995
229,86,4096,352256,4.460322124897,1207,882,1145,862,100,0.000000000000,95.921345588916,ddb1f514ab995e7b0a6ae39c312a5d86b047a44053fab0d4f2a99ef1a94a05c1
229,87,4096,356352,4.471748707673,1249,911,1295,641,98,0.000000000000,95.934885668882,40e98e1640eef47f11243c73b493ccaea2404911a99da4e9bd89cee126a4a887
229,88,4096,360448,4.483104354061,924,1074,1397,701,96,0.000000000000,95.883884327372,240fa6a5ab58f588a4d4020554e53128f6f6ab271c15e91f085ab666e134ff96
229,89,4096,364544,4.479500407606,1067,815,1535,679,97,0.000000000000,95.937806373750,86d2dc27036ae544a4950700e44b25c8043a529980eb8d0388816fcf47f79272
229,90,4096,368640,4.470777294198,1031,1025,1380,660,102,0.000000000000,95.900300087408,4aef22f82ab59e48c7143a68b986947c6b62217d1f3d0db2aac3370a6e26c132
229,91,4096,372736,4.481947339282,1149,873,1431,643,103,0.000000000000,95.911519260985,a38b42e516b9db21377a3bed8add7ff3a2055a3ada7899c4500330de8db05c4f
229,92,4096,376832,4.482286676621,1043,887,1555,611,103,0.000000000000,95.890874920995,69ac8797ae0bbcc9a445e7e16d37f89ed1b4739921a2a4e9f02236bea6f17513
229,93,4096,380928,4.475351662281,921,889,1513,773,97,0.000000000000,95.961956641589,2b15508d242882d0fa56ca24b904ccaf7eed6224f5bae708c5e6f70f31e0017c
229,94,4096,385024,4.491666288003,869,868,1766,593,103,0.000000000000,95.946224382796,46a9c87f1b9f4d9820ee3fa3c0fc9e53824d2de6061af083ef64510f79d478d5
229,95,4096,389120,4.486416817097,906,745,1762,683,100,0.000000000000,95.893660428863,9ba042e3257f776bbdc9cd11cde847322a2707fb35f899d1b580a26ba8f19d95
229,96,4096,393216,4.466364059023,1002,882,1314,898,98,0.000000000000,95.913179208655,29bf17a5f58ca83f64868a4ebcffd814d531146495417be7dc0b596f73a15da1
229,97,4096,397312,4.472803882505,920,731,1618,827,104,0.000000000000,95.912668438618,68de1b8e3c384e3458b6dc6f7fb89614ac8fc440a05b9ae3571d1452499f218e
229,98,4096,401408,4.479909312977,960,788,1754,594,103,0.000000000000,95.883916993144,615c3231b5919b7a99477415c97e0a7efeb8358ea4b8fee87b0cd08fadf2aa18
229,99,4096,405504,4.468731056392,1096,785,1259,956,96,0.000000000000,95.955664597821,8e71eb2ee8f0c0468ec3958409498ec66300bcee68f61ff8da9726f904de9084
229,100,4096,409600,4.488858430700,900,706,1800,690,102,0.000000000000,95.958219635140,acf69aac3d3137b682bf3507d5226170e66e1b0b48620b7844441f0a9dc99836
229,101,4096,413696,4.495803103133,1184,814,1680,418,92,0.000000000000,95.946182029304,2d5fe170891346df359867d68458e3b345bb1a79619a1475c087a0486bcb8029
229,102,4096,417792,4.487057470646,1033,829,1634,600,99,0.000000000000,95.925583663301,d059b4fffb47dd70d7cbacb6b3d7241229fc88a97efe450c3753525ba68981fc
229,103,4096,421888,4.480766408112,941,803,1518,834,95,0.000000000000,95.944354954954,67029906139ac4ce2e50697a9d17441042188999141f2fa109cf606545c30b59
229,104,4096,425984,4.487442580735,1089,1056,1321,630,100,0.000000000000,95.972284855858,54f372baef383466f481434e2a5daddda95e435663aaa9a74da6545fe36d5a5b
229,105,4096,430080,4.484281836260,1128,720,1491,757,94,0.000000000000,96.066027105113,cccebd92c28d6378813da4917afb2352fbdd66325bfc0617d5e6b5098f67123c
229,106,4096,434176,4.484771824489,1116,721,1689,570,92,0.000000000000,96.050566626272,3094abd69d5064ddd32e8c2c6ac1c3a4fc331470d92b343014657451779853d1
229,107,4096,438272,4.486017510051,982,822,1516,776,99,0.000000000000,96.049062970359,7f1acca2d5a82748aedafe62cb7a98e39d99950e1ec4de71f25246597767238a
229,108,4096,442368,4.478169092531,1019,720,1345,1012,92,0.000000000000,96.094697769549,1e292e54af12117f4887368e0bcbabba783f7dbbb78c18155ed3514e3e20024e
229,109,4096,446464,4.492420323871,1143,734,1624,595,99,0.000000000000,96.100290658600,4ae4e0d019c0a208e0816ffae87e0705a3fedacb3ffdd86ca390ae96f214e082
229,110,4096,450560,4.493312303717,992,859,1691,554,91,0.000000000000,96.108164115121,184a7e8bb59aa0573fb6262c44106cbedad8f0f397b0d1394babeb92f57b1eb3
229,111,4096,454656,4.488282091769,1192,693,1548,663,101,0.000000000000,96.151685103053,5fe2b8b3aba19dfcd4331abdfd11792778f8b56fdc39a674f3b7268131f29430
229,112,4096,458752,4.483386431331,970,607,1782,737,89,0.000000000000,96.136850707985,8c4d9722802bf40311ac0ea9277b3bcd3cf9892d7a958911c06cf7f45eb6e4b8
229,113,4096,462848,4.491995268715,834,673,1909,680,98,0.000000000000,96.135081050181,bfc7295d1ee4328c4d67743d8b880ec3e9855469c0fcfe37aacf6cdd46b4f01f
229,114,4096,466944,4.499097890133,886,729,1843,638,96,0.000000000000,96.112967819481,a7416d0c2495d437dbcd093098ea727744d1a45e06b36d831d3248733283a2a8
229,115,4096,471040,4.500783194846,1142,596,1867,491,93,0.000000000000,96.158827651477,4224c8734014c73cc9860c4deba9f3e2366bb3efe5c40bbc823fa9bf71698e11
229,116,4096,475136,4.502751039840,1069,651,1791,585,96,0.000000000000,96.203824616893,5c2ec2be8a32a0e5c00b1dbb5080695713d96fea1f09dbc39eaf839d9b83a156
229,117,4096,479232,4.498133905930,1483,679,1294,640,94,0.000000000000,96.198047874638,39b8e2238d1025d9a6e48f650e56fd0ade41dbb6cd678916fd9f482a4dcba661
229,118,4096,483328,4.511512101505,1061,743,1780,512,96,0.000000000000,96.196800355928,869aa26626088919ca9b0b04599559dc37c500107147a15fb93a91a9c4e7c5d6
229,119,4096,487424,4.497076728786,852,918,1745,581,98,0.000000000000,96.233714139318,63c686171af9ed8c20fc341d9d7700f0f0f977067c6adc14cabaaf524572ed4d
229,120,4096,491520,4.496937883067,1088,731,1547,730,87,0.000000000000,96.182556309686,29241708936d166b847d9b555871d332ca197ec2c84b8e8369a435e8cd096863
229,121,4096,495616,4.493302935373,1042,552,1835,667,97,0.000000000000,96.151259655653,ae0d4a391693fb7ff31ec91e1e4ba427b77ca557ae79ad5b4ba4178ad42dd3bf
229,122,4096,499712,4.500363734817,1014,732,1727,623,92,0.000000000000,96.155649796411,863ffd6e98b8945eccfa865fa1175a95fbb7092a349c07e8073a611c94f411b8
229,123,4096,503808,4.521854905958,1012,873,1832,379,90,0.000000000000,96.200385996107,d0bbedb3014ae98ed1d874c62c721c7194f85eafaee53145593c704111647bba
229,124,4096,507904,4.499613943768,1019,741,1779,557,94,0.000000000000,96.203079688491,d115c82b8664d7bc0e5478a7d30a24f0db0480a5ef235ef53489e7ec05cc50de
229,125,4096,512000,4.500826630143,930,813,1578,775,96,0.000000000000,96.207595706306,24b0e7adae8bfbfbdc833051f310a5e6eb3c361bd58ec7d5922e9fe68161eaa0
229,126,4096,516096,4.517294785198,1022,892,1666,516,94,0.000000000000,96.207111342098,9f882e6a34b80d85fdafa8d5ccce442210bad2860629201cbcf496176aaba79f
229,127,4096,520192,4.518408541979,1032,827,1821,416,97,0.000000000000,96.245474653275,06adf239bd6f3346e8fc133a5543e88a1d9d43f2298dd2748f3c9e1911a6eccf
229,128,4096,524288,4.529338379895,605,869,2152,470,91,0.000000000000,96.259281905214,4015cd6e96e5f95217d305d5d40ca25b432e4245f7fe5a0df24f7c1223ee1875
229,129,4096,528384,4.509419300562,844,687,1870,695,93,0.000000000000,96.269923611742,863b16656a9d82ee1416302934a7eaec8fe4c07c6fb4e570777f200030c6c9d7
229,130,4096,532480,4.501964926661,1552,694,1397,453,88,0.000000000000,96.304708135206,67b4ed53fa34b73cff07ff10ac58bd388322afa6d171ba10178b2418fcd29e46
229,131,4096,536576,4.500154918852,1224,537,1498,837,97,0.000000000000,96.304708135206,ddea0676933c8eb2ac2133328287a34213b69ed5afb94d44322c035776a1fd4e
229,132,4096,540672,4.495436382370,1295,606,1624,571,89,0.000000000000,96.310742396179,b0e2d12f10068b4fa09653a325791e690b247b3f58c7ef1af1e048e0365235de
229,133,4096,544768,4.515047169749,1257,505,1786,548,92,0.000000000000,96.352670405672,7f2b771fecaf8777892d60e0b32fe9fadc7264a4ac88bdf8433b7119791cd3d1
229,134,4096,548864,4.520557791452,1045,678,1797,576,93,0.000000000000,96.391134642961,2a07341749418bb499679ef5d3696893e46f2b3f3b3f745782ca7e7277defa5d
229,135,4096,552960,4.535133972175,1007,911,1888,290,90,0.000000000000,96.418005755956,49376f7a763103c975081117377d75353c055e1451b0ab45a477e83d5ab3e834
229,136,4096,557056,4.518751197235,1093,754,1731,518,94,0.000000000000,96.483949971491,b0ae2d8c814ca0df6fd50e3a93935b635492ebf4191b34528734f0227158d3a1
229,137,4096,561152,4.508659952298,1286,783,1324,703,98,0.000000000000,96.558250608450,a41c11ca61d75594e1de6b8e41f290b37759f8d8c980b570218a0b8ccb7bf4bb
229,138,4096,565248,4.525196627280,1203,461,1973,459,96,0.000000000000,96.627382890798,e7fc483e47695d01070d2885cebfffb30ff1312cd2434dcc5f468406bab6fe25
229,139,4096,569344,4.526128720970,1128,558,1762,648,104,0.000000000000,96.691578271684,5e1b6abe2501df55223773cadf2c9c9f0171b4a697ef09967cd9a8a081a55825
229,140,4096,573440,4.515795274116,913,520,2098,565,95,0.000000000000,96.749179148583,31355407c4b6656a0af512a584231f47832b731e248b85473e112d1a324b9ac2
229,141,4096,577536,4.519736989532,1388,572,1599,537,94,0.000000000000,96.799117312105,03d076cdc424cb45dfae80b341d459b83866f85e1842f670564bf6ab718c720d
229,142,4096,581632,4.531844765274,1406,655,1566,469,91,0.000000000000,96.841699815339,52df6f444104d89e12dd299a262bea52201e9a38e7bbe19a00da68e37dbe6da5
229,143,4096,585728,4.533936142159,1366,637,1495,598,91,0.000000000000,96.877424096039,61cb952789d193af605ab01b0edbdf428caf77a527db96cce6b30348ed9a4ee8
229,144,4096,589824,4.531753191917,1113,556,1670,757,96,0.000000000000,96.905013155548,c9c61ef3605e9699c67af36ce747675e33d0472ab5e9eeae9e914136a7fe1bac
229,145,4096,593920,4.529488660252,1170,590,1920,416,91,0.000000000000,96.905013155548,c7dd16c01d7063d3bb14c07fe94a3eaae0db5b594d0547395ffb945df4e833c9
229,146,4096,598016,4.527900063302,981,526,2115,474,98,0.000000000000,96.919172554053,1dcbb8781f7500f588cc38bab459141f17e1d286ff1c783ce4abc5b99c8f6207
229,147,4096,602112,4.521555368365,978,497,1614,1007,93,0.000000000000,96.930317815851,eb14e0cf7e36efe60f0e3bf2270d09b57f94a16d3eed91f778fe01fe33927d24
229,148,4096,606208,4.541500863747,1437,618,1685,356,93,0.000000000000,96.938312654487,c64a012cc31eccbeb6f9c9a40a08f5e5ec862ebe3674c4480d226c1b8cb90b4e
229,149,4096,610304,4.544417938060,1335,699,1610,452,89,0.000000000000,96.943107251838,5ea95dc792edca482a0bf5b5b3f83af527117c806b7f610ca2e0740e575afe47
229,150,4096,614400,4.549466765981,1323,592,1680,501,92,0.000000000000,96.945857111021,247a729f5257799e112028049ca0a561731e31b81b6c263622a6aed3d746a76c
229,151,4096,618496,4.537845445272,1181,585,1820,510,94,0.000000000000,96.943900697735,f09dc1295cfbea7c15f49e0e9071ee93f379aeb29ec5c4c6bc0fd2a831fa92ed
229,152,4096,622592,4.552281630235,1407,552,1821,316,99,0.000000000000,96.938837146988,4a3b147db60f40474c975a1477a5a871829040bbc3db350d2241b55433475ed9
229,153,4096,626688,4.549229908343,1342,445,1717,592,92,0.000000000000,96.930588076649,c532815828c9cf9b935663bba811043e53beaf98b52d850ef51d026301bb0dfc
229,154,4096,630784,4.552198779248,1332,383,1802,579,92,0.000000000000,96.916109692081,02b954dc21d66c44da51d9775438e51c5c913e96e6bbf1033420637d63495665
229,155,4096,634880,4.556407395082,1214,509,2011,362,96,0.000000000000,96.898152668317,3b30e18a5a642583611dae9d28afd6c66014ca8b0636b7717bb4536f60511414
229,156,4096,638976,4.561427330103,1348,603,1811,334,89,0.000000000000,96.878294048059,c10ca32a71eb2fe1167b205e29d52b5d8d5b1283a4313f6403402718b4a20809
229,157,4096,643072,4.532810771490,1343,461,1644,648,94,0.000000000000,96.854704842353,cb4ffd3c994c2012f96f6b3196da9f612bdcbc373a389d4ed0483138a0993131
229,158,4096,647168,4.547570732124,1412,999,1148,537,103,0.000000000000,96.829825126816,363ddbd14eaf7653b1774fdd5f7354a969e0f9c6789a2baddc0f2da2b2c5b9c3
229,159,4096,651264,4.526478753086,1347,474,1499,776,93,0.000000000000,96.802097965849,ee360235d8a7aaf7a2a5baa61d089bbfcc36a34e30c5dd2bbc091318315009f0
229,160,4096,655360,4.554029959610,2151,363,1036,546,97,0.000000000000,96.774603131807,36f8bdae823c223b1d7f2b6748fbd6ccb573af1660ad164e727fd6029cc23814
229,161,4096,659456,4.558694049928,2264,442,1084,306,92,0.000000000000,96.744774253748,fd845eed8bc8b376e07f43e92c2524c56bb4ad2b0e2f084055b14aa6607b8a50
229,162,4096,663552,4.566681657616,2721,511,641,223,83,0.000000000000,96.714753006671,545bcc0fb4466560330c89af571ceccd4c09dce8dab3104f0d063d356dc4925e
229,163,4096,667648,4.551265692356,1974,579,1112,431,98,0.000000000000,96.683371026811,d8ae7f3bb317a75489f51bfa3d83e28b19bc61588699334645e762406fe9c353
229,164,4096,671744,4.551293138529,1707,446,1293,650,88,0.000000000000,96.650694969308,1d57a1702d0103d37ca9897b9ee4270426767a28c01bd14b3d7aa9270113d8a3
229,165,4096,675840,4.566931905822,2241,454,1009,392,87,0.000000000000,96.616026432704,363b1f53453643329b3890194ee15271296114716dc89474914ec4b68042c18e
229,166,4096,679936,4.553036319935,2389,356,993,358,92,0.000000000000,96.581377654995,5f49c9b4640e9f71c7645fdf2c5bd2f83081cc79e9c786dd05d1f07ff33aa9d3
229,167,4096,684032,4.556955552694,2413,427,880,376,92,0.000000000000,96.544341057183,8122feceb9d5de7fab93040cb8cb0fb0b7532e7642ba654de7b1e9b881956297
229,168,4096,688128,4.559392581336,2424,478,798,396,86,0.000000000000,96.544341057183,ae819af336abba6d04359ea76527be1c927da99ef29afd65582e6311313fbcfb
229,169,4096,692224,4.559043807660,2310,539,852,395,90,0.000000000000,96.496373315330,3d5e1294b4d4eabc513be40249731a143de40865e8729f0a00c92cd10dccaf3f
229,170,4096,696320,4.556257345465,2386,475,770,465,92,0.000000000000,96.448046338796,c17d5e9f06efb202a39edc52183df38bdeb66b46094385fdfcee4df5f316ddce
229,171,4096,700416,4.560857436604,2396,258,925,517,88,0.000000000000,96.400004607147,5631e1f428974ca99a72d441195caed03685b091a82030320a5abd0e3af88890
229,172,4096,704512,4.567067204822,2240,246,1170,440,94,0.000000000000,96.400004607147,71345497a3ac196cc996d9d60375af0042460ce5e2d1cc024a8f27109066993d
229,173,4096,708608,4.541670046100,2119,283,1008,686,93,0.000000000000,96.344127911926,82ebf5c65f69c458ed04349bdffeb9515a7c0eecdd70a83721b7ed46d60bb96e
229,174,4096,712704,4.569169214886,1377,522,1750,447,92,0.000000000000,96.285014088380,371828e112f168950de3e9d94ad2aef5d7679f4fcc9449ebac191efa120a534c
229,175,4096,716800,4.566620132296,1517,170,1798,611,94,0.000000000000,96.220097519563,e7f20f75e45b52eb5600c934449cb6e0f746657635d29d314c1a2f7a53132d0c
229,176,4096,720896,4.578861822626,1700,496,1556,344,88,0.000000000000,96.155120080862,7c2680969f840d7057b7f936ed93ce748fbebbd2283d343d42a6652680b8a6aa
229,177,4096,724992,4.559911159980,1371,509,1785,431,89,0.000000000000,96.090239434254,88f3d78a346a0ccd1b17f3b942959427dfa0fda4963e1120921404c09c4cfbb3
229,178,4096,729088,4.556268670742,1195,625,1855,421,95,0.000000000000,96.026247735353,c275c11de34b59b539de84ea0dd34f423d0d1e1ba58d7fb33ad2e87dd849bbf1
229,179,4096,733184,4.575329566917,1362,587,1500,647,89,0.000000000000,95.961607432589,efe2718fdb7c1dc2de3b01eb9b3a41dff744be4c35f40391a4993ce448027629
229,180,4096,737280,4.575648755243,1399,563,1674,460,88,0.000000000000,95.902077102574,b37a01ad9d8cc99b94dc19026c993e8d8fef375d44f38544d5e4d43c18dc3176
229,181,4096,741376,4.550343504599,955,587,1929,625,99,0.000000000000,95.847583924780,bf7305f7742d3f2e9b3b61ace421d832df47aa21b5cf822da776d32793f7b1d5
229,182,4096,745472,4.566310598120,1101,561,2008,426,93,0.000000000000,95.800004172299,c479fd48199059c8838a45a5a0cf8f26e00d26697b6f937336c6a46ebc5f1143
229,183,4096,749568,4.565240671031,1574,447,1780,295,91,0.000000000000,95.753002661039,dad8667e7a7d36417f3f7b04f74c5ee1d6b268f4f072a7fd43ed7032451af9d4
229,184,4096,753664,4.547207075328,988,325,2134,649,94,0.000000000000,95.709729344428,a222465f9e33e93e73049494fa8eabf304cf0e53424f5e42f158cc4d0fafda21
229,185,4096,757760,4.553179658381,1483,379,1813,421,89,0.000000000000,95.668169083316,4fdad1181a204698fc1441fdae754917abf40d53a923c9083c3b697bc53d50df
229,186,4096,761856,4.524237471554,1500,586,1361,649,94,0.000000000000,95.627975815843,7042f5208040689cdb31d8875fb8e2981b5b92b682ce23680732bdb3364c716c
229,187,4096,765952,4.558988419052,1474,378,1987,257,95,0.000000000000,95.589522466829,1d8a010df689a307728c094714711df23d9dc39a9751fc885b5ea995f10407be
229,188,4096,770048,4.558182176412,807,615,2175,499,95,0.000000000000,95.551574053430,6d328a88be1ba2aa8dddde948424397a050635dd9287a8aa2f3f9901dca2de31
229,189,4096,774144,4.559170020152,503,509,2469,615,94,0.000000000000,95.512437455496,3c098344dac5045412d755b087023d357dd4f269e2f5e07af811c12689a406ae
229,190,4096,778240,4.548404281374,567,400,2330,799,95,0.000000000000,95.474514102145,41be89aea2689302cc69c96de0033c254a34a5a3e16f5d50e93a07f1ceaeb3db
229,191,4096,782336,4.540186591688,942,444,2194,516,97,0.000000000000,95.474514102145,bd9cf9f6d97de990137b609ab4d694922af2323a837ff446e6b60c70ffc9b0ee
229,192,4096,786432,4.571104689893,1066,570,2221,239,91,0.000000000000,95.429027424765,97be6226715ccb546287fdc893a55db0eb100f1b21eb023f9fcde2bf1fb16928
229,193,4096,790528,4.573462594385,1233,579,2105,179,99,0.000000000000,95.429027424765,b01c3a91f8dfcfe6b132cbd47e85196f90c36b1abe29890d2c2c32ab0ac713c8
229,194,4096,794624,4.564606470434,1125,578,2076,317,95,0.000000000000,95.384125252198,f03185162402cd1c3dfcc48f3f7eb5e64f81599d4cf2af76ca67357a7b538ba5
229,195,4096,798720,4.585965465917,1216,290,2282,308,90,0.000000000000,95.341187910672,129d16f62c2c524a5d23dba4a0d760184e9ba118f9aed3f2fa74a836626250b1
229,196,4096,802816,4.563329420051,1226,514,1866,490,91,0.000000000000,95.298378834573,221cd22fa1fa3d89bbd925bf3ca8e5f50d6f914c81a6f07c372ea0bcb652c6d6
229,197,4096,806912,4.567819808813,1139,342,2131,484,91,0.000000000000,95.260690838446,8baf978b383c3e204714cdbb3972c6042cb396c7fe0bb3b6c944def0170c1b37
229,198,4096,811008,4.567870264610,1196,383,2048,469,93,0.000000000000,95.222976050261,42937d30ef5f208ef8723cef07f119d9db270cc55997f5033b0e9a694872cc42
229,199,4096,815104,4.572379078075,1292,527,1833,444,94,0.000000000000,95.188323692566,b4e18e5c5128b5690fe8e00247318ceb2075824c21e1d32882f83a609037c460
229,200,4096,819200,4.564113789897,1597,547,1452,500,87,0.000000000000,95.157816357707,818ec17a1571b4f713c87902695236cd47d1c14db3be771ae110a6469359097a
283,1,4096,4096,4.444878559185,1034,1011,1003,1048,106,0.000000000000,26.552795842921,f8f1082ba8ca86b041ef27df71cf19958b791f74ecabcac3da80672bd65947a7
283,2,4096,8192,4.440148591832,1059,1014,1013,1010,100,0.000000000000,41.580821992149,1ac51e2719553944decd88800c88d7176d2ccc4fed68aed5662dd629d4ee82b5
283,3,4096,12288,4.445014443334,1034,985,1026,1051,104,0.000000000000,50.402055631209,cbaa1ee6d55198d44e244def4e4a28fef9ad309505121564172e0fcc0dadd07f
283,4,4096,16384,4.440250946495,1059,981,992,1064,106,0.000000000000,58.418564495655,35dd95579601077dd16374ad2704a76812ca4f7399ecaeebf7c6be37a61ed75a
283,5,4096,20480,4.453689957910,1054,1010,996,1036,108,0.000000000000,64.522025840986,825551cfeb7d9e5e62950087ab94b8ae1b70d9cca1955a8336f0b008d5c3ed63
283,6,4096,24576,4.447727387982,1034,987,1068,1007,99,0.000000000000,70.053096494258,2f057a623e39f3aff0527fe24fbcd306799598f132ee359bdab9042706ea722e
283,7,4096,28672,4.447315766563,989,1058,1034,1015,110,0.000000000000,74.317544776102,d62335b6f874fa453b2ca272fa01f221065da75a2fe02e1ad82fca6320c060f4
283,8,4096,32768,4.445787793546,1036,1014,1028,1018,111,0.000000000000,77.253505460774,c118ec1fdef28983130452690277e60aa863791b0bf4e0d637ab22f066fe477e
283,9,4096,36864,4.440943155545,1077,966,1002,1051,106,0.000000000000,79.184270166831,3d6e972cca56627baba2af3bf3c63ce71663e87928d75a5604f6f7b49ef469c8
283,10,4096,40960,4.446879483418,1080,967,1015,1034,109,0.000000000000,80.733291483827,f2f8d8acce6371a30aacb07ed55fe624e2efa88e2d7a0e83b118cbdbd8c10424
283,11,4096,45056,4.439115195690,1033,1009,1081,973,107,0.000000000000,81.922004269322,9679849bc3313d530807e1a6e717d759d9bca9352827a4ab7aa55e60d7ef2b25
283,12,4096,49152,4.444528158812,1027,961,1043,1065,103,0.000000000000,83.003273249595,cf95a037abee8d797aeacfccc4f8fec6ba1643ea08be93229ede58aed9502fbb
283,13,4096,53248,4.440963314897,990,1017,1067,1022,104,0.000000000000,84.792608462264,b499ea7bffe29ffb0b59ae329e2a521500646a4a34965296d55cbdcad5630529
283,14,4096,57344,4.436029583819,1064,1023,1051,958,106,0.000000000000,86.224463077566,0ee87d4152c6b25605d3b80e687f75d91b4cc94bee69fe9bd67132949a45300e
283,15,4096,61440,4.438108266801,1036,1004,1066,990,108,0.000000000000,87.150455048271,942fb6ca4b8eeb79a66dc28bae4d7eae81c75635afb43d9b3977024e5168e7c8
283,16,4096,65536,4.440926992319,1061,985,1047,1003,105,0.000000000000,88.110309162697,9a2cbe1bad63d3a460b46d9ef18e454ef42abc8efd0c88638b4fbda5b749c104
283,17,4096,69632,4.439689935932,1142,960,995,999,108,0.000000000000,88.737297102975,4a3598f23cf12f0f144573fdf189c405aa08f6533bb0216daf7e4c9de4bd0219
283,18,4096,73728,4.438439824986,1038,976,1041,1041,109,0.000000000000,89.737954297483,82b3320cc13da5c58f035c617a2b7fd3010f51f0b54d29cda181c76bb65451c9
283,19,4096,77824,4.438986498799,1042,916,1073,1065,107,0.000000000000,90.128750165844,9128d7d925684856029cfe74fe521773364c176ab2327e75e0e9d82e22b7f3b1
283,20,4096,81920,4.442292907532,1123,987,972,1014,114,0.000000000000,90.656207067813,25ec6750d29a219ade5f13a08cb2f9b5ffefcfba7a68c166241459123e246fb3
283,21,4096,86016,4.446015493580,1073,997,1053,973,105,0.000000000000,91.096897971652,fcb4beb7f4b2fc71846ac83e414e43250bee81cac7e63b6683a97c3f45f6cad4
283,22,4096,90112,4.443401238112,1122,988,1097,889,101,0.000000000000,91.621338638346,70742aee5835f94e0725372ad622b53c0254ef78c9e89f8717b3e422e2cf96db
283,23,4096,94208,4.438961839525,1126,992,1035,943,109,0.000000000000,92.050842374011,42a95eee4f29b09581d1a8ce9251ae36fcc8643cfffcfc735cf7adda4c771335
283,24,4096,98304,4.436633875551,1065,988,1046,997,102,0.000000000000,92.221597767821,2ce252bee1e303124319bf6c7781eb863e907f70a8f6dfa6c342e8833bed083a
283,25,4096,102400,4.440996225414,1058,983,1064,991,107,0.000000000000,92.549048273475,d4da88929c875aabadf07b778e60a3437f8718ce2377b3fb88ef3469870cbdbc
283,26,4096,106496,4.442549843169,1182,993,979,942,106,0.000000000000,92.967837983232,fed44293eb87c0c624f833c772a2f8a4abc75afcd7fa5e57864de15b2e0e17c6
283,27,4096,110592,4.439031271598,1064,1005,989,1038,102,0.000000000000,93.135114845397,c8763d0095e65dccd04b3a587866a8b735be8af0343a8c9017ff8198bc5d18a2
283,28,4096,114688,4.441375300589,1053,943,1092,1008,107,0.000000000000,93.435632320710,8cd3472d149f786758ac4890eec190464c099aad5c8c939a7fcb0b72bb248c08
283,29,4096,118784,4.447616910189,1080,962,1024,1030,100,0.000000000000,93.555591508426,a459819637a03cb1c383011546b56c67aa7679d9c183f59b31c4d0069d811f28
283,30,4096,122880,4.437868751948,1053,990,1053,1000,106,0.000000000000,93.630054659145,b100f25bdd6e42492a0e89b306211e289818d49310d38a007b6d60c545e3779b
283,31,4096,126976,4.439578859915,1107,918,1075,996,106,0.000000000000,93.719200044595,cabd906c8b6ec0c85d5ae87b06c3e1423f51c454da38aeac4443af07cb29d088
283,32,4096,131072,4.434319846874,1133,883,1097,983,106,0.000000000000,93.746890845769,0472e5c2abd1a43508bf6a43c02837478110dc8831714f813343f5f79b0785e1
283,33,4096,135168,4.441372536779,1116,1019,1010,951,107,0.000000000000,94.057147446316,00755a781d1eb96d24b39887ff6814a00ec29dea362d392767b56cea132e9e6d
283,34,4096,139264,4.443984177444,1101,964,1117,914,108,0.000000000000,94.217874716449,36fb48b79f8b658a72e5239e2c9b34ff769f581de7380509d5b96000ca07f413
283,35,4096,143360,4.441642273051,1076,924,1140,956,104,0.000000000000,94.178876995762,d45084af9b40a50d463f41df8194aa8d1fe932ead51485fc011f8c56c28dc629
283,36,4096,147456,4.440362211167,1037,1011,1104,944,105,0.000000000000,94.320652773216,5e1348f01efb7dae81d8ca62bea7a515896c68e09eafa99c53180302b28a071a
283,37,4096,151552,4.443004049255,1073,951,1164,908,108,0.000000000000,94.588222624955,0363d81490cc709c895f55c73c08339fdae1626008a4bb2aa989d755665d408e
283,38,4096,155648,4.445903223756,1123,983,1112,878,104,0.000000000000,94.568368452558,91913baa261c406ff464f4a5e36546c5c787dc7ec0ad0a13e00eccf7f20a421f
283,39,4096,159744,4.447326017922,1048,1051,1071,926,101,0.000000000000,94.584656907846,f59cdbfe6b9161f9bae012cc79c7757bd31319a31439227159962b56555bae60
283,40,4096,163840,4.447999303688,1015,955,1203,923,104,0.000000000000,94.693155685281,e54aedba1fe3c99bba0fc33e1955cdc6d96eee795872132bb4d3f4dab730fa55
283,41,4096,167936,4.460423471507,1100,988,1077,931,105,0.000000000000,94.694370347730,97629b82fa225f3dd0381819e7535483073295c61bdd4a70a1063c8bbaee1b74
283,42,4096,172032,4.451127320894,1226,826,1189,855,100,0.000000000000,94.834081277029,461d57b157ba872409ad8762e1d63cc83980004ef75d19d73808a8f16f28da17
283,43,4096,176128,4.446994628703,1046,979,1273,798,106,0.000000000000,94.836324878985,a44238efde49d4ad3faea085e2adc1d4064260ee8ef198b9e9de64c61d374562
283,44,4096,180224,4.443790735957,1022,907,1244,923,107,0.000000000000,94.852614532797,d1b62099b591cf478ec5bd57cbdf0b7b0736142a47813fdb9f9a2dd74cc66fef
283,45,4096,184320,4.452162361198,1056,998,1165,877,101,0.000000000000,94.949969734851,4fbd7d7b9f722a4dc5fe919237d43d64f74147e0faac085be1e9ab8bddd898d7
283,46,4096,188416,4.450240099514,932,967,1274,923,106,0.000000000000,94.994853754506,8cfe1c1fa853abe69668b4ad55b1ae1d8a041a00b23861805088e184e2f4e616
283,47,4096,192512,4.448022351658,1061,966,1194,875,109,0.000000000000,95.004642950265,2ff13502d0795050ba2a21560b92a5a73d2662d30043433f630c17f2b710ad0a
283,48,4096,196608,4.444442011642,1062,914,1206,914,108,0.000000000000,95.017748562068,6df118b6cc409637fef3ec3b1f410fee78a7db84305a40988d944345a715c5be
283,49,4096,200704,4.453406080681,1049,870,1292,885,105,0.000000000000,95.007620115048,e6bcd42e2460b668ad0ff728fdec10e49d90c79fba183bc903c9b79bb444af1e
283,50,4096,204800,4.454618891525,1021,827,1391,857,104,0.000000000000,95.058292807563,d203613f1a846bab8fd4b361a0295cf5881d988212bc5a92defd75197ed5b62f
283,51,4096,208896,4.449542165652,1028,934,1321,813,107,0.000000000000,95.056620468901,b6f935109df9e2eafb8463593144f8b5f95a3d90d1defa51980a9876ac9e0b79
283,52,4096,212992,4.449849847798,967,938,1356,835,102,0.000000000000,95.195453576335,e4863eaf590ca469fe97d608f836ed9b16992257f6faf6178dea8af1eae47cf6
283,53,4096,217088,4.444240045084,1028,930,1282,856,110,0.000000000000,95.279193627465,895c1e0a741da801daed48a49abdf49b7a761a2648596e8284bf894bea8bbbc5
283,54,4096,221184,4.450567129458,986,903,1412,795,106,0.000000000000,95.161567121643,ddcfa93a28272e1180622e0143d1d70780216a3b3390114066ecaa6e28e1f8c2
283,55,4096,225280,4.462030260050,838,1021,1353,884,99,0.000000000000,95.188538458060,a86036f960469a8bafebd1c1ac14204dba03c6238a80a535ee3495a34af56fc6
283,56,4096,229376,4.455962406517,893,906,1431,866,100,0.000000000000,95.411990004022,85414e538c69c481531d6e2c9aaf32664e8707866b9ddc7ee68c17bdb97925f1
283,57,4096,233472,4.467303336150,966,950,1276,904,101,0.000000000000,95.353397900163,d9c67a3736c24d455b8fe405deb278b60512cfc52b1104c105e7e60b4407da7b
283,58,4096,237568,4.465438032549,937,1014,1414,731,100,0.000000000000,95.378945462527,be69e9b5a9372f3bb1a1e3ca3e690dc385c12f1b9cb46bafc7d8fc48d715e231
283,59,4096,241664,4.468101019369,903,960,1477,756,107,0.000000000000,95.445445446651,b3baf1f21f4c28867afb0f1386dd6d61dd8707dd1db65d7b3e3c2a6afec6ee96
283,60,4096,245760,4.451017015875,884,884,1514,814,106,0.000000000000,95.511874911652,9c330d25a6ebeaf0c2891d66ae9262c174d6967bffc02ea4b87846adfd1395b9
283,61,4096,249856,4.451348509184,964,879,1483,770,100,0.000000000000,95.622269895373,5b9ab767c46ed152ac05444870117072a498b6c93dce163e6b4d014876017af3
283,62,4096,253952,4.457782208826,893,851,1472,880,100,0.000000000000,95.612577175268,ea5e59c96e59a6723928cb1450b9d3977d2763fe6ba1adbc8d2e24450a307ed9
283,63,4096,258048,4.468290782162,1045,840,1441,770,108,0.000000000000,95.681708953753,97d18097da2bb0c555484976dc0ae7618f1271524057508e60e25135800b9854
283,64,4096,262144,4.458447571499,999,859,1462,776,114,0.000000000000,95.714938555018,7493184483b6b42d9d635f39ef68a8cc2f3c0f6d2fc2ac6962611c75986cb559
283,65,4096,266240,4.462988112948,950,903,1464,779,103,0.000000000000,95.632921716649,56afd51121740318e573434f635cd778b5f42795c56e732db7fc8f634f85b626
283,66,4096,270336,4.461252181101,966,903,1431,796,105,0.000000000000,95.913654837397,1d31d98385e95c15ca7c23cb0801658390d86acfdab77584ebda2ac1e15287fc
283,67,4096,274432,4.453856656785,1027,847,1270,952,106,0.000000000000,95.792181752691,7b45d62f092561d77ee938ba59ae8978c7596bf0ad267b23a99c8123dada15e9
283,68,4096,278528,4.457349030947,1001,891,1243,961,94,0.000000000000,95.924955032926,4d4223d52d8ba48aaddeedb573383d13364ce3f20852b934e4b6e6c4e2a375c6
283,69,4096,282624,4.458797788624,1049,961,1255,831,103,0.000000000000,95.821035272579,ca9db1328ca01ba1551717401964fb02cd38fa68db3884dcbc7c99b78b80fddb
283,70,4096,286720,4.467984740222,948,983,1340,825,103,0.000000000000,95.969421137924,42d3f2cf3a1af2909b36a82af01c67e95d8d57be08b77797c2e04e528ed6cf71
283,71,4096,290816,4.463935224105,1098,876,1397,725,101,0.000000000000,95.948491501073,32ca50e68902d798e5a6c3477d99363a40988261ee1c2d0bd594e50310e43aff
283,72,4096,294912,4.473835606275,1048,865,1418,765,106,0.000000000000,95.922883951030,34f98d787e0398a82fd76b73d26bfcc5743d24d9ff278603559bfbc438664786
283,73,4096,299008,4.474132626204,1000,707,1688,701,100,0.000000000000,95.920717268809,8b57f91614d91885f531617050b649827614c9f7e813c853a010f3135ec616c8
283,74,4096,303104,4.466139909813,994,861,1408,833,101,0.000000000000,95.894251437812,a2cde9e4f5e23229df720179d88a37ab589d5c04fd21013c1006386b5a8d5fe9
283,75,4096,307200,4.463086390172,1028,924,1361,783,105,0.000000000000,95.972272007566,ade15d6e97cc5a062f59e9501453e0946d189f75b84cabe565bc22603034e280
283,76,4096,311296,4.461564174121,961,887,1371,877,98,0.000000000000,95.985550860462,2566a0589a6346450746c19d718137d28e42caaf7acbeca98fef190d070a48bc
283,77,4096,315392,4.466413892545,1007,683,1617,789,108,0.000000000000,95.893404334212,fe0323413a7251bc457201f86c1673508890612746d86ae2eb88b2b3ad1d5848
283,78,4096,319488,4.467262152033,972,851,1488,785,105,0.000000000000,95.853313912473,a1d346954a46c475aaa43acce70f8a016009579395144d045196cfa3237b4073
283,79,4096,323584,4.470628710740,1009,894,1378,815,101,0.000000000000,95.947198694880,b3f252c37927126a5a6d44d452354272ab8e66db428967fe11c94cab3e623a14
283,80,4096,327680,4.464709482683,892,896,1541,767,99,0.000000000000,95.857778538944,49ea3aeae318d7fb553cd19d040d1c3d28403b93601e4398f5b413e394d50162
283,81,4096,331776,4.461438619472,1114,746,1197,1039,102,0.000000000000,95.873260791069,782db3c3c19e0817cfd8819114c926f8c1892b9d68859bc5dcee50a6bcb6bb4c
283,82,4096,335872,4.464740737277,944,936,1200,1016,100,0.000000000000,95.842299143767,d89486967b53a8f320c02aaa3512846136f02cb18999dc1cb1207bc96338808d
283,83,4096,339968,4.460932336611,1174,822,1199,901,99,0.000000000000,95.868202357206,6de341756e27386e0bdaf5785a41ef6f6e92341d58d53bed97c6b37745d4f791
283,84,4096,344064,4.464207941500,1089,852,1386,769,94,0.000000000000,95.869352610078,78d77f8ae1e73a19f9940e38e4175ee3335be14bad39c1987b2ec96eff1f7503
283,85,4096,348160,4.477153365894,1105,1035,1250,706,98,0.000000000000,95.839481886597,aed92901a5c6cad1cc6b4aefdfe882a9706a5bf3d76aa2e2321477c50fbba632
283,86,4096,352256,4.474550651863,972,737,1639,748,94,0.000000000000,95.823504317722,786259d125fc6cf0145338b0410a583a63923753c2276b6306c98e66ecd159dc
283,87,4096,356352,4.475007446072,1047,743,1559,747,103,0.000000000000,95.882189366223,88993a364a7fbeebf1cc5f97a637a76adb9d23b2adc46ecf4c6c90ff9b72ab0c
283,88,4096,360448,4.465663940768,1133,989,1184,790,101,0.000000000000,95.819824957306,e0d0089b240fdfb9e97033c9dafb8486be95946213d127605c782fc12e33f4c0
283,89,4096,364544,4.485781579477,1055,1198,1028,815,105,0.000000000000,95.863876959319,a2828403a800f9f4d1d60cc10ab0bcac22d4354bb594f73b91acda4b7cf1d32b
283,90,4096,368640,4.492583057581,1162,1086,1240,608,107,0.000000000000,95.819732934768,c6086886c1e150b06723af4e2ec8115b99858c4dcf0bdbe1187151f08b771123
283,91,4096,372736,4.483884958398,776,902,1679,739,95,0.000000000000,95.815995762447,8736797c7bb01c8d19d7230fcb7789043a150552f31b135805e2cd0a4eff2ee6
283,92,4096,376832,4.473902909550,939,715,1760,682,99,0.000000000000,95.753896322757,c617cbd862f3eddbdfe3f5ad79120bd2d5eee69a0fbbeae23cae0ea22e42b35a
283,93,4096,380928,4.469535259838,965,816,1394,921,101,0.000000000000,95.729641312695,ea6d9ee4866a9a3b46adaab178b4138b03aa4aa77faaeb7f6b3a0e30aa084bb8
283,94,4096,385024,4.470629525151,1088,683,1227,1098,95,0.000000000000,95.712010571139,04ed765bae22bff684e435672ea45e449937cc50e23d8d0eeef62ef1d705a2fb
283,95,4096,389120,4.472539139720,1390,813,1264,629,99,0.000000000000,95.672540818567,513c9a388b12eebbb12946421c7c4042d442cea89451511ade6ca8febb439184
283,96,4096,393216,4.476506653178,873,894,1505,824,96,0.000000000000,95.709384084973,734753a6ec7171de1644c1c264ecd1bb21649a73c90372949d360ece10552723
283,97,4096,397312,4.473494380552,867,884,1395,950,96,0.000000000000,95.741179939290,e3cf21ff7ff09e55f3e38951fa0ebce175183d0a552e8c90a318230ca32c0aeb
283,98,4096,401408,4.477305827229,970,830,1448,848,95,0.000000000000,95.723811227043,bd3f40803033748147be84e5ec99f5d7715c63f9b9367089d8b0e1860f9f14ac
283,99,4096,405504,4.488411526164,1183,738,1699,476,94,0.000000000000,95.804905269280,2f9dff5c70424e26f38a56f340a53da2a93969a88cc637e4012ee0f25ce11b51
283,100,4096,409600,4.480942133835,1011,884,1448,753,95,0.000000000000,95.669039321246,48697beb290b3f7571a830cef3d32b08e01aa8c612636dcd9af8795e7c0f1ecd
283,101,4096,413696,4.473807653366,1124,638,1465,869,94,0.000000000000,95.660706114478,1dff52568fb679794ee6eb052fc5d487af1cd13f41db6ff7f238489b511d849e
283,102,4096,417792,4.488646686674,1194,688,1500,714,95,0.000000000000,95.744076568846,6f66ec2ce668742ea9691ef128c760c6e9e331c9f7abac4cdbf2410122e0485a
283,103,4096,421888,4.482542204906,1034,866,1448,748,104,0.000000000000,95.822343488960,6c7aa12d26a6414786e46faded52ed5c368b95e774a253a476bc5cb9f526f771
283,104,4096,425984,4.491318113974,942,838,1565,751,91,0.000000000000,95.883692215441,41f3615c1de6981f7ae9c9037c2d6718e03264e66b3f19cfbd3ede923aae271a
283,105,4096,430080,4.497065829990,988,882,1627,599,93,0.000000000000,95.830201487485,f082e166872c280517c497e06f12b4a00a539dee3eee6daa72d642e80c9c93fc
283,106,4096,434176,4.488299904482,687,956,1798,655,99,0.000000000000,95.877124992029,662d09053bc1c6c549f7512e2f9e8aacdc71e4807e656a32737bde931bd9e600
283,107,4096,438272,4.488489454244,1117,808,1429,742,94,0.000000000000,95.934029198909,60ed9f602387b608fd85667671388c438bf94533fe9fed57482a77cb99631b87
283,108,4096,442368,4.489639749614,1105,1141,1190,660,100,0.000000000000,95.891399638834,2e70ede19cfcabf3efdd9a03e7bc33659dcb590949827872d4e74e6d58b46e65
283,109,4096,446464,4.491367729330,1019,906,1525,646,99,0.000000000000,95.923619974380,26c6c1fa402e793063e30762d3b20ef02e77d85286533f9aecf351dc50a1c03f
283,110,4096,450560,4.483347528787,931,722,1700,743,100,0.000000000000,95.956556789922,b691da61a817459b12a3801b236adf6f1b1d666860d45633b49701213eeb7149
283,111,4096,454656,4.497954496851,1004,813,1665,614,98,0.000000000000,95.901307468371,87d6c0b74565e052e6093f7fada871f6a1ea36e2accc3d8c45e250154b451474
283,112,4096,458752,4.492407078300,1329,532,1541,694,96,0.000000000000,95.940064799352,701f1306d603456fd8066fb77a27874d6591dd93ea4114ea16ee584c422cf0e1
283,113,4096,462848,4.494583209542,868,669,1821,738,97,0.000000000000,95.946765362824,71cdf8079539daf1b4a2551e8ff7f0b1bdf94741323cde321328c8778c319bd3
283,114,4096,466944,4.488518437793,1116,734,1695,551,95,0.000000000000,95.951916131491,c51d6f4ca1e6c56d294c95ac40cdfaf5931a1a62ddd4141bcdd094e50e8f4372
283,115,4096,471040,4.489113937874,1173,662,1679,582,103,0.000000000000,95.886492649997,e10a8367c56ba34974bab64b2fe96dd71700603c25369cc541296daf6a3ef656
283,116,4096,475136,4.500491590224,1107,618,1727,644,92,0.000000000000,95.883360129524,3dc8a8bb1a22be5f11b203f98c82d51d96b2adb59cc4798ffae32efbed8e9b3c
283,117,4096,479232,4.490495488195,1236,642,1215,1003,95,0.000000000000,95.894086550901,da5612561c5fd2afaefabc8fcea69999758bf63ce76b79e2427580efd0ca8ec1
283,118,4096,483328,4.480005320241,932,707,1451,1006,100,0.000000000000,95.901582015764,eac0570c5e1157c70fda409489b4e390c6adfe8b6b385bd8183cb76b13df9cc7
283,119,4096,487424,4.488431092467,1371,421,1433,871,95,0.000000000000,95.907986276108,463fdc53765a6af08a412040dbe5565a57da20e2ba75e6048efb58f89815596f
283,120,4096,491520,4.496266521022,1261,575,1513,747,99,0.000000000000,95.925453161620,4738446d85a408493dee8ebbb5823a22e14d21272195db4f7c71c1db17d071fd
283,121,4096,495616,4.509286581786,845,556,2053,642,93,0.000000000000,95.956764073919,62573f34bca3fb2ee4adb157a55149e2c4a83a9c7bf0a5f572a79bdeb5a293d5
283,122,4096,499712,4.503538218861,1056,566,1959,515,93,0.000000000000,95.984498438431,ffa80dbcd2c84aa17227b3a64019485098a13f7e828a6ee651bb50ec4199f3a3
283,123,4096,503808,4.503222271205,992,778,1683,643,97,0.000000000000,95.933338142301,f83a5083ed266ca26ca5146ae75946c1e00c8162415caf7fdd452d80f1677f8c
283,124,4096,507904,4.514902637957,1013,632,1873,578,94,0.000000000000,95.903796402638,67666bccbb7c73eb5e5b3b4b2d8d355ac5cbfdb1ad5babd3f294d2cd9988abcb
283,125,4096,512000,4.518417000792,909,814,1942,431,95,0.000000000000,95.911285673799,f16ad1c9e247e922678f08c1e2cbb2c5afcb846fc09ac0d5c625784e8728200b
283,126,4096,516096,4.509539319432,1612,575,1351,558,93,0.000000000000,95.899829746709,ce7a362088c3c244317796723c3d951f3bfd9596587295665460529c35aacc12
283,127,4096,520192,4.507952546287,1092,725,1611,668,95,0.000000000000,95.935627676397,6262cae12fd0039e038c60cf9f8f6bd1c4b7138104e076ee86bb3c7c2d3af76b
283,128,4096,524288,4.513661465461,869,675,2059,493,100,0.000000000000,95.957384986129,a750e6d0a393bf32ad87b4ed82224a6bb2023c7666f2cc20ca5d5f0eb6ab48f3
283,129,4096,528384,4.502222562905,777,594,1789,936,95,0.000000000000,95.938717724550,11b443e9b2e6ddfa70bef70da44f82331a4909207bd12feffc0bda92bdf93dbc
283,130,4096,532480,4.504426406913,1129,608,1076,1283,92,0.000000000000,95.906274332298,bbb4b887037235135ed2804b3a3eb4327768fb7530bcf6ca6a3eafee50211564
283,131,4096,536576,4.508744462027,1154,587,1195,1160,95,0.000000000000,95.926302541493,d225022d105a6d6d16af67ed1a3f27fcf8bd50e067a85dcf35ba9b6c821d1cc4
283,132,4096,540672,4.502883540315,1489,785,1083,739,96,0.000000000000,95.947831162615,acab09cccd6a20bd09163b7f63ac0bee9fd09e23026e0817ef3ac3d7db64457a
283,133,4096,544768,4.508287329383,1154,549,1108,1285,94,0.000000000000,95.975713298038,ebef10e545bc1085bd4d2aa5c20605ed7ef15f92869795cf5ac2d4f95471769a
283,134,4096,548864,4.522510339229,691,740,1360,1305,97,0.000000000000,95.973995437409,04be42617f23dd10dedd0c1c3639a61868cb008e44f11a467dcb8d211e43bc23
283,135,4096,552960,4.526775443916,695,767,1984,650,96,0.000000000000,95.999584670500,d859165f8034bafc76ed1d5b1646b894eaead6bea7dae3f243f1decc1c25bdab
283,136,4096,557056,4.532763214677,1237,640,1605,614,91,0.000000000000,96.021118491251,6dab797cade7deb981bcbcc6936bbe0888e687be3a6410ff8d9fc3a3eb2e4852
283,137,4096,561152,4.537238802295,1293,602,1763,438,93,0.000000000000,96.053191412242,433e3e1d11b13215f5902de9b0f3eca4dc1ec19c1000385083d362168fc2f431
283,138,4096,565248,4.531727800723,1167,752,1739,438,93,0.000000000000,96.068170456249,464806a08fd30b7bd6167c2f9d1da75c2afed0f94c844a980ee7a71de8be374c
283,139,4096,569344,4.518054760628,1297,596,1753,450,92,0.000000000000,96.107763158335,7e90394dbcc20b22d911cb443594ea3ad4bcd9001fb06cda94f53d2424b89f39
283,140,4096,573440,4.506940950543,1123,700,1640,633,99,0.000000000000,96.123835222115,886fa364b04a98d1fff52048284421f714227082b44d2a901c5c82f321cfe38a
283,141,4096,577536,4.531212139884,1509,872,1272,443,98,0.000000000000,96.186504524346,ac224f73d059ee7e74390440487e5a68412bc10fa1c98151e0901fb46e521c48
283,142,4096,581632,4.542335904831,1253,709,1750,384,89,0.000000000000,96.269977532790,e61cb8aeb894bb6fbbf75e0b2c0b5344b8f4dbfe3367ac996e8ab1b4919b28e4
283,143,4096,585728,4.543269980860,1084,683,1938,391,96,0.000000000000,96.346858010607,85e76e0826ec289e6ddf610cc08caf3248389dc67302bb6dafe7095b79ccf29e
283,144,4096,589824,4.511603644064,1262,641,1607,586,95,0.000000000000,96.411143641402,013124585549f13679db82d347d07aa2b0cb8d4645218b76e760ee3e15f33019
283,145,4096,593920,4.520939880744,1598,487,1076,935,92,0.000000000000,96.468834892241,af54437f9a9a54e260d90f2a8eb0c31ce9e89403105d971d032c3cbbbd720432
283,146,4096,598016,4.537157090793,1119,472,2128,377,93,0.000000000000,96.521008474864,95ca429348ae18221006d7e7566806c9bd8c422a066a2055841312bdc4247dd9
283,147,4096,602112,4.536064769825,1254,324,2096,422,95,0.000000000000,96.565026410682,07ce98719c26b91280433c9eb33bbf2eb434ecd2faf274a5efe8a9668a595f6c
283,148,4096,606208,4.544145153810,1248,463,1934,451,92,0.000000000000,96.601866127848,18a5277529547bc4a3cbbb8e5cf96175ea955c0901a6fb1ea7083b7669fc3556
283,149,4096,610304,4.537609915705,1311,498,1827,460,94,0.000000000000,96.631047543849,b22450692e3848d943e08a0411fa9f0fb6cbebce89a1cc7713279aa252a24893
283,150,4096,614400,4.545075688580,1281,546,1956,313,96,0.000000000000,96.655461738334,475c42fb294ea4e69e9c909cea2aaa31d2912a062592537e6fe0adb925d29e9f
283,151,4096,618496,4.542508153170,1640,334,1748,374,93,0.000000000000,96.675288621136,3bbc9a83c99360cd7ce6b221e4f0ee111930ad410b73bf7df34d43d3a17d418b
283,152,4096,622592,4.552719308388,1296,383,2142,275,95,0.000000000000,96.688750886215,9488818dcc16e54f1383e19b9874b5dccd5815d0ed276efbaddf6a6d9a1284fd
283,153,4096,626688,4.545518102002,986,404,2194,512,90,0.000000000000,96.700346631176,4d91412dd4b1762449eccdd48925fb7a72e35b863aacc56a98eb0f7edead7def
283,154,4096,630784,4.552619942490,1219,606,1728,543,93,0.000000000000,96.700346631176,c6604c13cc2c5431d70c25115214e27efef7bda5df060c5dac5c57223318bba4
283,155,4096,634880,4.559071365619,1369,153,2143,431,95,0.000000000000,96.706852110633,31ce6c0b1a166fca1678ce8b7ff3e380c20941dd236dd18990ecf39d91eccbc2
283,156,4096,638976,4.562107746420,1264,692,1842,298,88,0.000000000000,96.711334449380,a041c6c716271c7a741cb6e4b973b9dfeedfffd12cf09027a7da3831ce1e46c6
283,157,4096,643072,4.532635472072,1554,597,958,987,99,0.000000000000,96.716035770490,6f2b6e8cca58afa34ecb6603915a593bae35a15b44e0f3c635bd91b739f066f4
283,158,4096,647168,4.520999513833,1344,832,1357,563,95,0.000000000000,96.713367437303,3c04838070004f7888052cca2597902bdf0e38f8b5eb4cca9ea9dd068cb9b182
283,159,4096,651264,4.530340943142,1810,724,726,836,88,0.000000000000,96.710718594015,e6c61ddfe6871e6b958e41c9fb3dda01bd0f4844f3dbbc46ea83ef4703d59908
283,160,4096,655360,4.548520924984,2561,491,757,287,93,0.000000000000,96.706838279624,402abc5a0a66838c2d40041845fdb1d3af1795f3eaf952d7b92f275ba1e565a5
283,161,4096,659456,4.556334216632,2258,402,1101,335,84,0.000000000000,96.706838279624,41cbc86134cbaaeba162000dba8c445eb67246ef27a5db44197ea75a47c012ad
283,162,4096,663552,4.540572645982,1775,551,1168,602,86,0.000000000000,96.697100976465,bdcdffc484f1bec45537a3599d285c1ff36add6174db379d65c196e0b25a57cc
283,163,4096,667648,4.551454617472,1704,615,1352,425,88,0.000000000000,96.689014047856,1e33a250f83ac2768f04522d60a6b769e0becfcfc64a2ef998d56edf0bdb5419
283,164,4096,671744,4.552827732340,1848,467,1378,403,104,0.000000000000,96.679368092374,251ebc63a68ed49d1d2f44bc32c3f2564496f601e664eefe0e254fc009d7ca1d
283,165,4096,675840,4.557681484545,1851,419,1321,505,97,0.000000000000,96.668988839793,8284e5649decc01b1842537fa0d70af90ead6cc57b425095043bd90bebd4e34e
283,166,4096,679936,4.558986855403,2163,233,1032,668,92,0.000000000000,96.656716311616,dc55aa406e5e6741820d31da4c87cb0cc80d1bc923e6343a5c247e1c874a66e8
283,167,4096,684032,4.568842510815,1470,552,1781,293,91,0.000000000000,96.642343805926,28786c661bcfc2b801db8673e02cfa697fa43347ca5aa78cb3614178dacb012b
283,168,4096,688128,4.563405171326,1180,596,1812,508,92,0.000000000000,96.624677134605,8446ad9c6e053aa5ce179b27038551cdf7beca8b450e3f3546c947030e38d2f7
283,169,4096,692224,4.578698786470,1385,508,1609,594,91,0.000000000000,96.603753735225,ec0307ddfd0c72573b33e0207e9dd9f2f6d4627e02c9b79ae7f6eea016df6ea0
283,170,4096,696320,4.571666970765,1243,266,1617,970,95,0.000000000000,96.579075571564,1da4cf5aba0c64a073b1dfeb084295b620a36e01e6521107a52d87ab532427cd
283,171,4096,700416,4.565821405740,1415,265,1830,586,95,0.000000000000,96.551094580530,40a308eaf00203ea5ee59671b8a8b3ccea8781caecf05f53ad1a748cd203877e
283,172,4096,704512,4.573750582547,1381,548,1773,394,95,0.000000000000,96.520493313158,df85e2db4914cb0d22556d32f65f89417ca3057bbe63d07313489966856d6607
283,173,4096,708608,4.561632358500,1512,377,1774,433,92,0.000000000000,96.486302742702,866ac759a63e4e954057c9e7e31ac2b03c28def5b759a39f5a600c5ac6ed94df
283,174,4096,712704,4.577300092933,1239,439,1984,434,94,0.000000000000,96.449582431669,c85c6c02ce868bcb5f92f9e37b368dccbca6fa435aee0866d0d09ec3d73c622c
283,175,4096,716800,4.565882705795,1532,235,1722,607,92,0.000000000000,96.411203569493,b5fc76f7d703c1bafb3ab19690e64d503b74b0a0c6850dd4dae056dd8ff04121
283,176,4096,720896,4.559822707105,1378,329,1598,791,90,0.000000000000,96.371393385402,08c0213f4f89d00a752fcd96dc9a1c5d2194355a3899e7fcbde88156c43118c3
283,177,4096,724992,4.572964200554,1512,468,1727,389,91,0.000000000000,96.329264154735,5f56ae580809fca1801097718e6b7159db867e508a8e5df15876eb7d9f74d69e
283,178,4096,729088,4.573799666086,1320,480,1756,540,94,0.000000000000,96.286497632068,81d6ed1d9aa709267077a4e66140537a488e24308d4fce6e44bbb483e27b34c3
283,179,4096,733184,4.578991414103,1471,572,1704,349,89,0.000000000000,96.243123229937,34966f8172d8aaaf52899b2c563db98d646c0621c575a989d88dd960b589cf48
283,180,4096,737280,4.574280569122,1465,505,1662,464,93,0.000000000000,96.198866503857,e3b36932b20fe8834adb38bc355d6fd729d6e920254686c34b9b055e6c77e186
283,181,4096,741376,4.573323173856,1288,614,1710,484,89,0.000000000000,96.151792263281,4f6ccb0809d102bf782419aa1b1e4893e47cd816d621fc8f976fcb8b31fc9074
283,182,4096,745472,4.572602855708,1602,527,1531,436,89,0.000000000000,96.105220915506,556b31ccf359e980a89755ab07a438293b3ef371d769c3ceeef7870eaee028e1
283,183,4096,749568,4.566432222739,1535,211,1629,721,92,0.000000000000,96.059414861567,ccdd4563a66515a08ab4a04754a9e2085418c8632a268fbaa4abf497eadaf42a
283,184,4096,753664,4.580303512446,1225,492,1630,749,93,0.000000000000,96.012544346313,63ff8c61f78c0887f84085b5a11122115cd443474bec9d48163f1d9d21ee3cab
283,185,4096,757760,4.589890199847,1399,379,1792,526,91,0.000000000000,95.964727396166,a070ccb36cad9fe7def3382f1dcb1f41655c33c259b4dc9a6117a5ab5da0a2e7
283,186,4096,761856,4.551443824025,1493,495,1429,679,89,0.000000000000,95.916218819090,f5452427dd9c898781f49912a0074e841a56149d1dbaa976837c0e7b8c5d1d7e
283,187,4096,765952,4.542210906064,1421,825,1088,762,93,0.000000000000,95.866297061589,73330944cbf383fbdb5a0829ddb1219b0d631ea06985bfb1654004b4851a4dab
283,188,4096,770048,4.561325504235,1483,743,1292,578,97,0.000000000000,95.816037493452,ac4fe5171d82179deb5e005302cd6ea92e5ba02d5048ee7a68359c07c7c5ef83
283,189,4096,774144,4.546318129001,1479,644,1269,704,96,0.000000000000,95.766405867188,ffa33925ffd5867e0e9f51debcd3a4ce11e134b8671c3949e2f1bb16523d33d6
283,190,4096,778240,4.553239712192,1305,781,1377,633,101,0.000000000000,95.716514398461,c82b2c9d945cae655d04e1482214d4fb3f6fa6d6db9e49a147b0e71f3b6e3d82
283,191,4096,782336,4.574793628585,1238,611,1641,606,90,0.000000000000,95.666916857788,ad1bfa584fc7e3d5ddb9db0c6aceaa6908c927befe095c707a615e2932736c2b
283,192,4096,786432,4.576942966810,1227,223,1939,707,97,0.000000000000,95.617313580100,9dbdac0fc557d5a00b099a72d75abc1c8afdc2fc6a7ac1d3023bb93218c46702
283,193,4096,790528,4.573241725898,1498,391,1766,441,90,0.000000000000,95.569381229504,22b488abfaa51fa472e349c5ad7fafd795a644eb5d66f7ba28afabc828bdbbe3
283,194,4096,794624,4.564801434026,1504,467,1751,374,93,0.000000000000,95.521459038799,0dca2c3dc0b668a67bd668e691b1c2976ccd9976f4f467e8964ce64f3e28d918
283,195,4096,798720,4.566937050349,1143,226,2225,502,90,0.000000000000,95.474086064641,d837e7a2c705ccfd26707272a9cd4c3bfc72a5e3bcf86b6d5645747e3fa039ab
283,196,4096,802816,4.564334427684,1084,403,2201,408,93,0.000000000000,95.427041308172,4f86c4b46ae7b7f77e83977da475acb8c1464aa593a93a1244734150e50670a8
283,197,4096,806912,4.581896853404,1678,456,1638,324,91,0.000000000000,95.380119331149,60f449673cb08234734c0ad18c858a6c1c8ebf4f452710b9f044bd4a2cdb13ba
283,198,4096,811008,4.572713266389,1636,538,1499,423,86,0.000000000000,95.432147767886,0c0fbe0ab012b24aa62a45a0bf160826f6f648ef3dee38c8d810d5dcb79c6724
283,199,4096,815104,4.534772691555,1990,341,1373,392,91,0.000000000000,95.313074739524,5ce68c4092c30fc1edd8e8b9a630d237fb58b001abeee64af47534f2c54f153b
283,200,4096,819200,4.573451678178,1720,544,1697,135,93,0.000000000000,95.364683765848,7d2f8712068ed628b979debdf07d03755f0300e0f6524da3d4585fb0078123ac
