case_id,category,cycle,rst,start,input_valid,no_path_in,min_key_occupancy_u16,bottleneck_fidelity_u16,offered_request_load_u16,utilization_imbalance_u16,expected_ready,expected_busy,expected_done,expected_output_valid,expected_invalid_state,expected_stall,expected_no_path_out,expected_state_id,expected_proposed_action,expected_selected_action,expected_profile_payload_hex,expected_switched,expected_dwell_count_sat,notes
exhaustive_0000,reset,0,1,1,1,0,0,0,0,0,1,0,0,0,0,0,0,0,0,0,00000,0,0,isolate exhaustive state 0
exhaustive_0001,valid_accept,1,0,1,1,0,0,0,0,0,0,1,0,0,0,0,0,0,0,0,00000,0,0,state 0; accepted
exhaustive_0002,pipeline_wait,2,0,0,1,0,0,0,0,0,0,1,0,0,0,0,0,0,0,0,00000,0,0,registered pipeline wait 1
exhaustive_0003,pipeline_wait,3,0,0,1,0,0,0,0,0,0,1,0,0,0,0,0,0,0,0,00000,0,0,registered pipeline wait 2
exhaustive_0004,all_256_states,4,0,0,1,0,0,0,0,0,1,0,1,1,0,0,0,0,0,0,13329,0,1,state 0; completed after N+3
exhaustive_0005,reset,5,1,1,1,0,0,0,0,0,1,0,0,0,0,0,0,0,0,0,00000,0,0,isolate exhaustive state 1
exhaustive_0006,valid_accept,6,0,1,1,0,0,0,0,8192,0,1,0,0,0,0,0,0,0,0,00000,0,0,state 1; accepted
exhaustive_0007,pipeline_wait,7,0,0,1,0,0,0,0,0,0,1,0,0,0,0,0,0,0,0,00000,0,0,registered pipeline wait 1
exhaustive_0008,pipeline_wait,8,0,0,1,0,0,0,0,0,0,1,0,0,0,0,0,0,0,0,00000,0,0,registered pipeline wait 2
exhaustive_0009,all_256_states,9,0,0,1,0,0,0,0,0,1,0,1,1,0,0,0,1,0,0,13329,0,1,state 1; completed after N+3
exhaustive_0010,reset,10,1,1,1,0,0,0,0,0,1,0,0,0,0,0,0,0,0,0,00000,0,0,isolate exhaustive state 2
exhaustive_0011,valid_accept,11,0,1,1,0,0,0,0,16384,0,1,0,0,0,0,0,0,0,0,00000,0,0,state 2; accepted
exhaustive_0012,pipeline_wait,12,0,0,1,0,0,0,0,0,0,1,0,0,0,0,0,0,0,0,00000,0,0,registered pipeline wait 1
exhaustive_0013,pipeline_wait,13,0,0,1,0,0,0,0,0,0,1,0,0,0,0,0,0,0,0,00000,0,0,registered pipeline wait 2
exhaustive_0014,all_256_states,14,0,0,1,0,0,0,0,0,1,0,1,1,0,0,0,2,0,0,13329,0,1,state 2; completed after N+3
exhaustive_0015,reset,15,1,1,1,0,0,0,0,0,1,0,0,0,0,0,0,0,0,0,00000,0,0,isolate exhaustive state 3
exhaustive_0016,valid_accept,16,0,1,1,0,0,0,0,32768,0,1,0,0,0,0,0,0,0,0,00000,0,0,state 3; accepted
exhaustive_0017,pipeline_wait,17,0,0,1,0,0,0,0,0,0,1,0,0,0,0,0,0,0,0,00000,0,0,registered pipeline wait 1
exhaustive_0018,pipeline_wait,18,0,0,1,0,0,0,0,0,0,1,0,0,0,0,0,0,0,0,00000,0,0,registered pipeline wait 2
exhaustive_0019,all_256_states,19,0,0,1,0,0,0,0,0,1,0,1,1,0,0,0,3,0,0,13329,0,1,state 3; completed after N+3
exhaustive_0020,reset,20,1,1,1,0,0,0,0,0,1,0,0,0,0,0,0,0,0,0,00000,0,0,isolate exhaustive state 4
exhaustive_0021,valid_accept,21,0,1,1,0,0,0,16384,0,0,1,0,0,0,0,0,0,0,0,00000,0,0,state 4; accepted
exhaustive_0022,pipeline_wait,22,0,0,1,0,0,0,0,0,0,1,0,0,0,0,0,0,0,0,00000,0,0,registered pipeline wait 1
exhaustive_0023,pipeline_wait,23,0,0,1,0,0,0,0,0,0,1,0,0,0,0,0,0,0,0,00000,0,0,registered pipeline wait 2
exhaustive_0024,all_256_states,24,0,0,1,0,0,0,0,0,1,0,1,1,0,0,0,4,0,0,13329,0,1,state 4; completed after N+3
exhaustive_0025,reset,25,1,1,1,0,0,0,0,0,1,0,0,0,0,0,0,0,0,0,00000,0,0,isolate exhaustive state 5
exhaustive_0026,valid_accept,26,0,1,1,0,0,0,16384,8192,0,1,0,0,0,0,0,0,0,0,00000,0,0,state 5; accepted
exhaustive_0027,pipeline_wait,27,0,0,1,0,0,0,0,0,0,1,0,0,0,0,0,0,0,0,00000,0,0,registered pipeline wait 1
exhaustive_0028,pipeline_wait,28,0,0,1,0,0,0,0,0,0,1,0,0,0,0,0,0,0,0,00000,0,0,registered pipeline wait 2
exhaustive_0029,all_256_states,29,0,0,1,0,0,0,0,0,1,0,1,1,0,0,0,5,0,0,13329,0,1,state 5; completed after N+3
exhaustive_0030,reset,30,1,1,1,0,0,0,0,0,1,0,0,0,0,0,0,0,0,0,00000,0,0,isolate exhaustive state 6
exhaustive_0031,valid_accept,31,0,1,1,0,0,0,16384,16384,0,1,0,0,0,0,0,0,0,0,00000,0,0,state 6; accepted
exhaustive_0032,pipeline_wait,32,0,0,1,0,0,0,0,0,0,1,0,0,0,0,0,0,0,0,00000,0,0,registered pipeline wait 1
exhaustive_0033,pipeline_wait,33,0,0,1,0,0,0,0,0,0,1,0,0,0,0,0,0,0,0,00000,0,0,registered pipeline wait 2
exhaustive_0034,all_256_states,34,0,0,1,0,0,0,0,0,1,0,1,1,0,0,0,6,0,0,13329,0,1,state 6; completed after N+3
exhaustive_0035,reset,35,1,1,1,0,0,0,0,0,1,0,0,0,0,0,0,0,0,0,00000,0,0,isolate exhaustive state 7
exhaustive_0036,valid_accept,36,0,1,1,0,0,0,16384,32768,0,1,0,0,0,0,0,0,0,0,00000,0,0,state 7; accepted
exhaustive_0037,pipeline_wait,37,0,0,1,0,0,0,0,0,0,1,0,0,0,0,0,0,0,0,00000,0,0,registered pipeline wait 1
exhaustive_0038,pipeline_wait,38,0,0,1,0,0,0,0,0,0,1,0,0,0,0,0,0,0,0,00000,0,0,registered pipeline wait 2
exhaustive_0039,all_256_states,39,0,0,1,0,0,0,0,0,1,0,1,1,0,0,0,7,0,0,13329,0,1,state 7; completed after N+3
exhaustive_0040,reset,40,1,1,1,0,0,0,0,0,1,0,0,0,0,0,0,0,0,0,00000,0,0,isolate exhaustive state 8
exhaustive_0041,valid_accept,41,0,1,1,0,0,0,32768,0,0,1,0,0,0,0,0,0,0,0,00000,0,0,state 8; accepted
exhaustive_0042,pipeline_wait,42,0,0,1,0,0,0,0,0,0,1,0,0,0,0,0,0,0,0,00000,0,0,registered pipeline wait 1
exhaustive_0043,pipeline_wait,43,0,0,1,0,0,0,0,0,0,1,0,0,0,0,0,0,0,0,00000,0,0,registered pipeline wait 2
exhaustive_0044,all_256_states,44,0,0,1,0,0,0,0,0,1,0,1,1,0,0,0,8,0,0,13329,0,1,state 8; completed after N+3
exhaustive_0045,reset,45,1,1,1,0,0,0,0,0,1,0,0,0,0,0,0,0,0,0,00000,0,0,isolate exhaustive state 9
exhaustive_0046,valid_accept,46,0,1,1,0,0,0,32768,8192,0,1,0,0,0,0,0,0,0,0,00000,0,0,state 9; accepted
exhaustive_0047,pipeline_wait,47,0,0,1,0,0,0,0,0,0,1,0,0,0,0,0,0,0,0,00000,0,0,registered pipeline wait 1
exhaustive_0048,pipeline_wait,48,0,0,1,0,0,0,0,0,0,1,0,0,0,0,0,0,0,0,00000,0,0,registered pipeline wait 2
exhaustive_0049,all_256_states,49,0,0,1,0,0,0,0,0,1,0,1,1,0,0,0,9,0,0,13329,0,1,state 9; completed after N+3
exhaustive_0050,reset,50,1,1,1,0,0,0,0,0,1,0,0,0,0,0,0,0,0,0,00000,0,0,isolate exhaustive state 10
exhaustive_0051,valid_accept,51,0,1,1,0,0,0,32768,16384,0,1,0,0,0,0,0,0,0,0,00000,0,0,state 10; accepted
exhaustive_0052,pipeline_wait,52,0,0,1,0,0,0,0,0,0,1,0,0,0,0,0,0,0,0,00000,0,0,registered pipeline wait 1
exhaustive_0053,pipeline_wait,53,0,0,1,0,0,0,0,0,0,1,0,0,0,0,0,0,0,0,00000,0,0,registered pipeline wait 2
exhaustive_0054,all_256_states,54,0,0,1,0,0,0,0,0,1,0,1,1,0,0,0,10,0,0,13329,0,1,state 10; completed after N+3
exhaustive_0055,reset,55,1,1,1,0,0,0,0,0,1,0,0,0,0,0,0,0,0,0,00000,0,0,isolate exhaustive state 11
exhaustive_0056,valid_accept,56,0,1,1,0,0,0,32768,32768,0,1,0,0,0,0,0,0,0,0,00000,0,0,state 11; accepted
exhaustive_0057,pipeline_wait,57,0,0,1,0,0,0,0,0,0,1,0,0,0,0,0,0,0,0,00000,0,0,registered pipeline wait 1
exhaustive_0058,pipeline_wait,58,0,0,1,0,0,0,0,0,0,1,0,0,0,0,0,0,0,0,00000,0,0,registered pipeline wait 2
exhaustive_0059,all_256_states,59,0,0,1,0,0,0,0,0,1,0,1,1,0,0,0,11,0,0,13329,0,1,state 11; completed after N+3
exhaustive_0060,reset,60,1,1,1,0,0,0,0,0,1,0,0,0,0,0,0,0,0,0,00000,0,0,isolate exhaustive state 12
exhaustive_0061,valid_accept,61,0,1,1,0,0,0,49151,0,0,1,0,0,0,0,0,0,0,0,00000,0,0,state 12; accepted
exhaustive_0062,pipeline_wait,62,0,0,1,0,0,0,0,0,0,1,0,0,0,0,0,0,0,0,00000,0,0,registered pipeline wait 1
exhaustive_0063,pipeline_wait,63,0,0,1,0,0,0,0,0,0,1,0,0,0,0,0,0,0,0,00000,0,0,registered pipeline wait 2
exhaustive_0064,all_256_states,64,0,0,1,0,0,0,0,0,1,0,1,1,0,0,0,12,0,0,13329,0,1,state 12; completed after N+3
exhaustive_0065,reset,65,1,1,1,0,0,0,0,0,1,0,0,0,0,0,0,0,0,0,00000,0,0,isolate exhaustive state 13
exhaustive_0066,valid_accept,66,0,1,1,0,0,0,49151,8192,0,1,0,0,0,0,0,0,0,0,00000,0,0,state 13; accepted
exhaustive_0067,pipeline_wait,67,0,0,1,0,0,0,0,0,0,1,0,0,0,0,0,0,0,0,00000,0,0,registered pipeline wait 1
exhaustive_0068,pipeline_wait,68,0,0,1,0,0,0,0,0,0,1,0,0,0,0,0,0,0,0,00000,0,0,registered pipeline wait 2
exhaustive_0069,all_256_states,69,0,0,1,0,0,0,0,0,1,0,1,1,0,0,0,13,0,0,13329,0,1,state 13; completed after N+3
exhaustive_0070,reset,70,1,1,1,0,0,0,0,0,1,0,0,0,0,0,0,0,0,0,00000,0,0,isolate exhaustive state 14
exhaustive_0071,valid_accept,71,0,1,1,0,0,0,49151,16384,0,1,0,0,0,0,0,0,0,0,00000,0,0,state 14; accepted
exhaustive_0072,pipeline_wait,72,0,0,1,0,0,0,0,0,0,1,0,0,0,0,0,0,0,0,00000,0,0,registered pipeline wait 1
exhaustive_0073,pipeline_wait,73,0,0,1,0,0,0,0,0,0,1,0,0,0,0,0,0,0,0,00000,0,0,registered pipeline wait 2
exhaustive_0074,all_256_states,74,0,0,1,0,0,0,0,0,1,0,1,1,0,0,0,14,0,0,13329,0,1,state 14; completed after N+3
exhaustive_0075,reset,75,1,1,1,0,0,0,0,0,1,0,0,0,0,0,0,0,0,0,00000,0,0,isolate exhaustive state 15
exhaustive_0076,valid_accept,76,0,1,1,0,0,0,49151,32768,0,1,0,0,0,0,0,0,0,0,00000,0,0,state 15; accepted
exhaustive_0077,pipeline_wait,77,0,0,1,0,0,0,0,0,0,1,0,0,0,0,0,0,0,0,00000,0,0,registered pipeline wait 1
exhaustive_0078,pipeline_wait,78,0,0,1,0,0,0,0,0,0,1,0,0,0,0,0,0,0,0,00000,0,0,registered pipeline wait 2
exhaustive_0079,all_256_states,79,0,0,1,0,0,0,0,0,1,0,1,1,0,0,0,15,0,0,13329,0,1,state 15; completed after N+3
exhaustive_0080,reset,80,1,1,1,0,0,0,0,0,1,0,0,0,0,0,0,0,0,0,00000,0,0,isolate exhaustive state 16
exhaustive_0081,valid_accept,81,0,1,1,0,0,58982,0,0,0,1,0,0,0,0,0,0,0,0,00000,0,0,state 16; accepted
exhaustive_0082,pipeline_wait,82,0,0,1,0,0,0,0,0,0,1,0,0,0,0,0,0,0,0,00000,0,0,registered pipeline wait 1
exhaustive_0083,pipeline_wait,83,0,0,1,0,0,0,0,0,0,1,0,0,0,0,0,0,0,0,00000,0,0,registered pipeline wait 2
exhaustive_0084,all_256_states,84,0,0,1,0,0,0,0,0,1,0,1,1,0,0,0,16,0,0,13329,0,1,state 16; completed after N+3
exhaustive_0085,reset,85,1,1,1,0,0,0,0,0,1,0,0,0,0,0,0,0,0,0,00000,0,0,isolate exhaustive state 17
exhaustive_0086,valid_accept,86,0,1,1,0,0,58982,0,8192,0,1,0,0,0,0,0,0,0,0,00000,0,0,state 17; accepted
exhaustive_0087,pipeline_wait,87,0,0,1,0,0,0,0,0,0,1,0,0,0,0,0,0,0,0,00000,0,0,registered pipeline wait 1
exhaustive_0088,pipeline_wait,88,0,0,1,0,0,0,0,0,0,1,0,0,0,0,0,0,0,0,00000,0,0,registered pipeline wait 2
exhaustive_0089,all_256_states,89,0,0,1,0,0,0,0,0,1,0,1,1,0,0,0,17,2,2,14399,0,1,state 17; completed after N+3
exhaustive_0090,reset,90,1,1,1,0,0,0,0,0,1,0,0,0,0,0,0,0,0,0,00000,0,0,isolate exhaustive state 18
exhaustive_0091,valid_accept,91,0,1,1,0,0,58982,0,16384,0,1,0,0,0,0,0,0,0,0,00000,0,0,state 18; accepted
exhaustive_0092,pipeline_wait,92,0,0,1,0,0,0,0,0,0,1,0,0,0,0,0,0,0,0,00000,0,0,registered pipeline wait 1
exhaustive_0093,pipeline_wait,93,0,0,1,0,0,0,0,0,0,1,0,0,0,0,0,0,0,0,00000,0,0,registered pipeline wait 2
exhaustive_0094,all_256_states,94,0,0,1,0,0,0,0,0,1,0,1,1,0,0,0,18,0,0,13329,0,1,state 18; completed after N+3
exhaustive_0095,reset,95,1,1,1,0,0,0,0,0,1,0,0,0,0,0,0,0,0,0,00000,0,0,isolate exhaustive state 19
exhaustive_0096,valid_accept,96,0,1,1,0,0,58982,0,32768,0,1,0,0,0,0,0,0,0,0,00000,0,0,state 19; accepted
exhaustive_0097,pipeline_wait,97,0,0,1,0,0,0,0,0,0,1,0,0,0,0,0,0,0,0,00000,0,0,registered pipeline wait 1
exhaustive_0098,pipeline_wait,98,0,0,1,0,0,0,0,0,0,1,0,0,0,0,0,0,0,0,00000,0,0,registered pipeline wait 2
exhaustive_0099,all_256_states,99,0,0,1,0,0,0,0,0,1,0,1,1,0,0,0,19,2,2,14399,0,1,state 19; completed after N+3
exhaustive_0100,reset,100,1,1,1,0,0,0,0,0,1,0,0,0,0,0,0,0,0,0,00000,0,0,isolate exhaustive state 20
exhaustive_0101,valid_accept,101,0,1,1,0,0,58982,16384,0,0,1,0,0,0,0,0,0,0,0,00000,0,0,state 20; accepted
exhaustive_0102,pipeline_wait,102,0,0,1,0,0,0,0,0,0,1,0,0,0,0,0,0,0,0,00000,0,0,registered pipeline wait 1
exhaustive_0103,pipeline_wait,103,0,0,1,0,0,0,0,0,0,1,0,0,0,0,0,0,0,0,00000,0,0,registered pipeline wait 2
exhaustive_0104,all_256_states,104,0,0,1,0,0,0,0,0,1,0,1,1,0,0,0,20,0,0,13329,0,1,state 20; completed after N+3
exhaustive_0105,reset,105,1,1,1,0,0,0,0,0,1,0,0,0,0,0,0,0,0,0,00000,0,0,isolate exhaustive state 21
exhaustive_0106,valid_accept,106,0,1,1,0,0,58982,16384,8192,0,1,0,0,0,0,0,0,0,0,00000,0,0,state 21; accepted
exhaustive_0107,pipeline_wait,107,0,0,1,0,0,0,0,0,0,1,0,0,0,0,0,0,0,0,00000,0,0,registered pipeline wait 1
exhaustive_0108,pipeline_wait,108,0,0,1,0,0,0,0,0,0,1,0,0,0,0,0,0,0,0,00000,0,0,registered pipeline wait 2
exhaustive_0109,all_256_states,109,0,0,1,0,0,0,0,0,1,0,1,1,0,0,0,21,2,2,14399,0,1,state 21; completed after N+3
exhaustive_0110,reset,110,1,1,1,0,0,0,0,0,1,0,0,0,0,0,0,0,0,0,00000,0,0,isolate exhaustive state 22
exhaustive_0111,valid_accept,111,0,1,1,0,0,58982,16384,16384,0,1,0,0,0,0,0,0,0,0,00000,0,0,state 22; accepted
exhaustive_0112,pipeline_wait,112,0,0,1,0,0,0,0,0,0,1,0,0,0,0,0,0,0,0,00000,0,0,registered pipeline wait 1
exhaustive_0113,pipeline_wait,113,0,0,1,0,0,0,0,0,0,1,0,0,0,0,0,0,0,0,00000,0,0,registered pipeline wait 2
exhaustive_0114,all_256_states,114,0,0,1,0,0,0,0,0,1,0,1,1,0,0,0,22,0,0,13329,0,1,state 22; completed after N+3
exhaustive_0115,reset,115,1,1,1,0,0,0,0,0,1,0,0,0,0,0,0,0,0,0,00000,0,0,isolate exhaustive state 23
exhaustive_0116,valid_accept,116,0,1,1,0,0,58982,16384,32768,0,1,0,0,0,0,0,0,0,0,00000,0,0,state 23; accepted
exhaustive_0117,pipeline_wait,117,0,0,1,0,0,0,0,0,0,1,0,0,0,0,0,0,0,0,00000,0,0,registered pipeline wait 1
exhaustive_0118,pipeline_wait,118,0,0,1,0,0,0,0,0,0,1,0,0,0,0,0,0,0,0,00000,0,0,registered pipeline wait 2
exhaustive_0119,all_256_states,119,0,0,1,0,0,0,0,0,1,0,1,1,0,0,0,23,2,2,14399,0,1,state 23; completed after N+3
exhaustive_0120,reset,120,1,1,1,0,0,0,0,0,1,0,0,0,0,0,0,0,0,0,00000,0,0,isolate exhaustive state 24
exhaustive_0121,valid_accept,121,0,1,1,0,0,58982,32768,0,0,1,0,0,0,0,0,0,0,0,00000,0,0,state 24; accepted
exhaustive_0122,pipeline_wait,122,0,0,1,0,0,0,0,0,0,1,0,0,0,0,0,0,0,0,00000,0,0,registered pipeline wait 1
exhaustive_0123,pipeline_wait,123,0,0,1,0,0,0,0,0,0,1,0,0,0,0,0,0,0,0,00000,0,0,registered pipeline wait 2
exhaustive_0124,all_256_states,124,0,0,1,0,0,0,0,0,1,0,1,1,0,0,0,24,0,0,13329,0,1,state 24; completed after N+3
exhaustive_0125,reset,125,1,1,1,0,0,0,0,0,1,0,0,0,0,0,0,0,0,0,00000,0,0,isolate exhaustive state 25
exhaustive_0126,valid_accept,126,0,1,1,0,0,58982,32768,8192,0,1,0,0,0,0,0,0,0,0,00000,0,0,state 25; accepted
exhaustive_0127,pipeline_wait,127,0,0,1,0,0,0,0,0,0,1,0,0,0,0,0,0,0,0,00000,0,0,registered pipeline wait 1
exhaustive_0128,pipeline_wait,128,0,0,1,0,0,0,0,0,0,1,0,0,0,0,0,0,0,0,00000,0,0,registered pipeline wait 2
exhaustive_0129,all_256_states,129,0,0,1,0,0,0,0,0,1,0,1,1,0,0,0,25,1,1,1B516,0,1,state 25; completed after N+3
exhaustive_0130,reset,130,1,1,1,0,0,0,0,0,1,0,0,0,0,0,0,0,0,0,00000,0,0,isolate exhaustive state 26
exhaustive_0131,valid_accept,131,0,1,1,0,0,58982,32768,16384,0,1,0,0,0,0,0,0,0,0,00000,0,0,state 26; accepted
exhaustive_0132,pipeline_wait,132,0,0,1,0,0,0,0,0,0,1,0,0,0,0,0,0,0,0,00000,0,0,registered pipeline wait 1
exhaustive_0133,pipeline_wait,133,0,0,1,0,0,0,0,0,0,1,0,0,0,0,0,0,0,0,00000,0,0,registered pipeline wait 2
exhaustive_0134,all_256_states,134,0,0,1,0,0,0,0,0,1,0,1,1,0,0,0,26,0,0,13329,0,1,state 26; completed after N+3
exhaustive_0135,reset,135,1,1,1,0,0,0,0,0,1,0,0,0,0,0,0,0,0,0,00000,0,0,isolate exhaustive state 27
exhaustive_0136,valid_accept,136,0,1,1,0,0,58982,32768,32768,0,1,0,0,0,0,0,0,0,0,00000,0,0,state 27; accepted
exhaustive_0137,pipeline_wait,137,0,0,1,0,0,0,0,0,0,1,0,0,0,0,0,0,0,0,00000,0,0,registered pipeline wait 1
exhaustive_0138,pipeline_wait,138,0,0,1,0,0,0,0,0,0,1,0,0,0,0,0,0,0,0,00000,0,0,registered pipeline wait 2
exhaustive_0139,all_256_states,139,0,0,1,0,0,0,0,0,1,0,1,1,0,0,0,27,2,2,14399,0,1,state 27; completed after N+3
exhaustive_0140,reset,140,1,1,1,0,0,0,0,0,1,0,0,0,0,0,0,0,0,0,00000,0,0,isolate exhaustive state 28
exhaustive_0141,valid_accept,141,0,1,1,0,0,58982,49151,0,0,1,0,0,0,0,0,0,0,0,00000,0,0,state 28; accepted
exhaustive_0142,pipeline_wait,142,0,0,1,0,0,0,0,0,0,1,0,0,0,0,0,0,0,0,00000,0,0,registered pipeline wait 1
exhaustive_0143,pipeline_wait,143,0,0,1,0,0,0,0,0,0,1,0,0,0,0,0,0,0,0,00000,0,0,registered pipeline wait 2
exhaustive_0144,all_256_states,144,0,0,1,0,0,0,0,0,1,0,1,1,0,0,0,28,0,0,13329,0,1,state 28; completed after N+3
exhaustive_0145,reset,145,1,1,1,0,0,0,0,0,1,0,0,0,0,0,0,0,0,0,00000,0,0,isolate exhaustive state 29
exhaustive_0146,valid_accept,146,0,1,1,0,0,58982,49151,8192,0,1,0,0,0,0,0,0,0,0,00000,0,0,state 29; accepted
exhaustive_0147,pipeline_wait,147,0,0,1,0,0,0,0,0,0,1,0,0,0,0,0,0,0,0,00000,0,0,registered pipeline wait 1
exhaustive_0148,pipeline_wait,148,0,0,1,0,0,0,0,0,0,1,0,0,0,0,0,0,0,0,00000,0,0,registered pipeline wait 2
exhaustive_0149,all_256_states,149,0,0,1,0,0,0,0,0,1,0,1,1,0,0,0,29,2,2,14399,0,1,state 29; completed after N+3
exhaustive_0150,reset,150,1,1,1,0,0,0,0,0,1,0,0,0,0,0,0,0,0,0,00000,0,0,isolate exhaustive state 30
exhaustive_0151,valid_accept,151,0,1,1,0,0,58982,49151,16384,0,1,0,0,0,0,0,0,0,0,00000,0,0,state 30; accepted
exhaustive_0152,pipeline_wait,152,0,0,1,0,0,0,0,0,0,1,0,0,0,0,0,0,0,0,00000,0,0,registered pipeline wait 1
exhaustive_0153,pipeline_wait,153,0,0,1,0,0,0,0,0,0,1,0,0,0,0,0,0,0,0,00000,0,0,registered pipeline wait 2
exhaustive_0154,all_256_states,154,0,0,1,0,0,0,0,0,1,0,1,1,0,0,0,30,0,0,13329,0,1,state 30; completed after N+3
exhaustive_0155,reset,155,1,1,1,0,0,0,0,0,1,0,0,0,0,0,0,0,0,0,00000,0,0,isolate exhaustive state 31
exhaustive_0156,valid_accept,156,0,1,1,0,0,58982,49151,32768,0,1,0,0,0,0,0,0,0,0,00000,0,0,state 31; accepted
exhaustive_0157,pipeline_wait,157,0,0,1,0,0,0,0,0,0,1,0,0,0,0,0,0,0,0,00000,0,0,registered pipeline wait 1
exhaustive_0158,pipeline_wait,158,0,0,1,0,0,0,0,0,0,1,0,0,0,0,0,0,0,0,00000,0,0,registered pipeline wait 2
exhaustive_0159,all_256_states,159,0,0,1,0,0,0,0,0,1,0,1,1,0,0,0,31,2,2,14399,0,1,state 31; completed after N+3
exhaustive_0160,reset,160,1,1,1,0,0,0,0,0,1,0,0,0,0,0,0,0,0,0,00000,0,0,isolate exhaustive state 32
exhaustive_0161,valid_accept,161,0,1,1,0,0,60948,0,0,0,1,0,0,0,0,0,0,0,0,00000,0,0,state 32; accepted
exhaustive_0162,pipeline_wait,162,0,0,1,0,0,0,0,0,0,1,0,0,0,0,0,0,0,0,00000,0,0,registered pipeline wait 1
exhaustive_0163,pipeline_wait,163,0,0,1,0,0,0,0,0,0,1,0,0,0,0,0,0,0,0,00000,0,0,registered pipeline wait 2
exhaustive_0164,all_256_states,164,0,0,1,0,0,0,0,0,1,0,1,1,0,0,0,32,0,0,13329,0,1,state 32; completed after N+3
exhaustive_0165,reset,165,1,1,1,0,0,0,0,0,1,0,0,0,0,0,0,0,0,0,00000,0,0,isolate exhaustive state 33
exhaustive_0166,valid_accept,166,0,1,1,0,0,60948,0,8192,0,1,0,0,0,0,0,0,0,0,00000,0,0,state 33; accepted
exhaustive_0167,pipeline_wait,167,0,0,1,0,0,0,0,0,0,1,0,0,0,0,0,0,0,0,00000,0,0,registered pipeline wait 1
exhaustive_0168,pipeline_wait,168,0,0,1,0,0,0,0,0,0,1,0,0,0,0,0,0,0,0,00000,0,0,registered pipeline wait 2
exhaustive_0169,all_256_states,169,0,0,1,0,0,0,0,0,1,0,1,1,0,0,0,33,0,0,13329,0,1,state 33; completed after N+3
exhaustive_0170,reset,170,1,1,1,0,0,0,0,0,1,0,0,0,0,0,0,0,0,0,00000,0,0,isolate exhaustive state 34
exhaustive_0171,valid_accept,171,0,1,1,0,0,60948,0,16384,0,1,0,0,0,0,0,0,0,0,00000,0,0,state 34; accepted
exhaustive_0172,pipeline_wait,172,0,0,1,0,0,0,0,0,0,1,0,0,0,0,0,0,0,0,00000,0,0,registered pipeline wait 1
exhaustive_0173,pipeline_wait,173,0,0,1,0,0,0,0,0,0,1,0,0,0,0,0,0,0,0,00000,0,0,registered pipeline wait 2
exhaustive_0174,all_256_states,174,0,0,1,0,0,0,0,0,1,0,1,1,0,0,0,34,0,0,13329,0,1,state 34; completed after N+3
exhaustive_0175,reset,175,1,1,1,0,0,0,0,0,1,0,0,0,0,0,0,0,0,0,00000,0,0,isolate exhaustive state 35
exhaustive_0176,valid_accept,176,0,1,1,0,0,60948,0,32768,0,1,0,0,0,0,0,0,0,0,00000,0,0,state 35; accepted
exhaustive_0177,pipeline_wait,177,0,0,1,0,0,0,0,0,0,1,0,0,0,0,0,0,0,0,00000,0,0,registered pipeline wait 1
exhaustive_0178,pipeline_wait,178,0,0,1,0,0,0,0,0,0,1,0,0,0,0,0,0,0,0,00000,0,0,registered pipeline wait 2
exhaustive_0179,all_256_states,179,0,0,1,0,0,0,0,0,1,0,1,1,0,0,0,35,0,0,13329,0,1,state 35; completed after N+3
exhaustive_0180,reset,180,1,1,1,0,0,0,0,0,1,0,0,0,0,0,0,0,0,0,00000,0,0,isolate exhaustive state 36
exhaustive_0181,valid_accept,181,0,1,1,0,0,60948,16384,0,0,1,0,0,0,0,0,0,0,0,00000,0,0,state 36; accepted
exhaustive_0182,pipeline_wait,182,0,0,1,0,0,0,0,0,0,1,0,0,0,0,0,0,0,0,00000,0,0,registered pipeline wait 1
exhaustive_0183,pipeline_wait,183,0,0,1,0,0,0,0,0,0,1,0,0,0,0,0,0,0,0,00000,0,0,registered pipeline wait 2
exhaustive_0184,all_256_states,184,0,0,1,0,0,0,0,0,1,0,1,1,0,0,0,36,0,0,13329,0,1,state 36; completed after N+3
exhaustive_0185,reset,185,1,1,1,0,0,0,0,0,1,0,0,0,0,0,0,0,0,0,00000,0,0,isolate exhaustive state 37
exhaustive_0186,valid_accept,186,0,1,1,0,0,60948,16384,8192,0,1,0,0,0,0,0,0,0,0,00000,0,0,state 37; accepted
exhaustive_0187,pipeline_wait,187,0,0,1,0,0,0,0,0,0,1,0,0,0,0,0,0,0,0,00000,0,0,registered pipeline wait 1
exhaustive_0188,pipeline_wait,188,0,0,1,0,0,0,0,0,0,1,0,0,0,0,0,0,0,0,00000,0,0,registered pipeline wait 2
exhaustive_0189,all_256_states,189,0,0,1,0,0,0,0,0,1,0,1,1,0,0,0,37,0,0,13329,0,1,state 37; completed after N+3
exhaustive_0190,reset,190,1,1,1,0,0,0,0,0,1,0,0,0,0,0,0,0,0,0,00000,0,0,isolate exhaustive state 38
exhaustive_0191,valid_accept,191,0,1,1,0,0,60948,16384,16384,0,1,0,0,0,0,0,0,0,0,00000,0,0,state 38; accepted
exhaustive_0192,pipeline_wait,192,0,0,1,0,0,0,0,0,0,1,0,0,0,0,0,0,0,0,00000,0,0,registered pipeline wait 1
exhaustive_0193,pipeline_wait,193,0,0,1,0,0,0,0,0,0,1,0,0,0,0,0,0,0,0,00000,0,0,registered pipeline wait 2
exhaustive_0194,all_256_states,194,0,0,1,0,0,0,0,0,1,0,1,1,0,0,0,38,0,0,13329,0,1,state 38; completed after N+3
exhaustive_0195,reset,195,1,1,1,0,0,0,0,0,1,0,0,0,0,0,0,0,0,0,00000,0,0,isolate exhaustive state 39
exhaustive_0196,valid_accept,196,0,1,1,0,0,60948,16384,32768,0,1,0,0,0,0,0,0,0,0,00000,0,0,state 39; accepted
exhaustive_0197,pipeline_wait,197,0,0,1,0,0,0,0,0,0,1,0,0,0,0,0,0,0,0,00000,0,0,registered pipeline wait 1
exhaustive_0198,pipeline_wait,198,0,0,1,0,0,0,0,0,0,1,0,0,0,0,0,0,0,0,00000,0,0,registered pipeline wait 2
exhaustive_0199,all_256_states,199,0,0,1,0,0,0,0,0,1,0,1,1,0,0,0,39,0,0,13329,0,1,state 39; completed after N+3
exhaustive_0200,reset,200,1,1,1,0,0,0,0,0,1,0,0,0,0,0,0,0,0,0,00000,0,0,isolate exhaustive state 40
exhaustive_0201,valid_accept,201,0,1,1,0,0,60948,32768,0,0,1,0,0,0,0,0,0,0,0,00000,0,0,state 40; accepted
exhaustive_0202,pipeline_wait,202,0,0,1,0,0,0,0,0,0,1,0,0,0,0,0,0,0,0,00000,0,0,registered pipeline wait 1
exhaustive_0203,pipeline_wait,203,0,0,1,0,0,0,0,0,0,1,0,0,0,0,0,0,0,0,00000,0,0,registered pipeline wait 2
exhaustive_0204,all_256_states,204,0,0,1,0,0,0,0,0,1,0,1,1,0,0,0,40,0,0,13329,0,1,state 40; completed after N+3
exhaustive_0205,reset,205,1,1,1,0,0,0,0,0,1,0,0,0,0,0,0,0,0,0,00000,0,0,isolate exhaustive state 41
exhaustive_0206,valid_accept,206,0,1,1,0,0,60948,32768,8192,0,1,0,0,0,0,0,0,0,0,00000,0,0,state 41; accepted
exhaustive_0207,pipeline_wait,207,0,0,1,0,0,0,0,0,0,1,0,0,0,0,0,0,0,0,00000,0,0,registered pipeline wait 1
exhaustive_0208,pipeline_wait,208,0,0,1,0,0,0,0,0,0,1,0,0,0,0,0,0,0,0,00000,0,0,registered pipeline wait 2
exhaustive_0209,all_256_states,209,0,0,1,0,0,0,0,0,1,0,1,1,0,0,0,41,0,0,13329,0,1,state 41; completed after N+3
exhaustive_0210,reset,210,1,1,1,0,0,0,0,0,1,0,0,0,0,0,0,0,0,0,00000,0,0,isolate exhaustive state 42
exhaustive_0211,valid_accept,211,0,1,1,0,0,60948,32768,16384,0,1,0,0,0,0,0,0,0,0,00000,0,0,state 42; accepted
exhaustive_0212,pipeline_wait,212,0,0,1,0,0,0,0,0,0,1,0,0,0,0,0,0,0,0,00000,0,0,registered pipeline wait 1
exhaustive_0213,pipeline_wait,213,0,0,1,0,0,0,0,0,0,1,0,0,0,0,0,0,0,0,00000,0,0,registered pipeline wait 2
exhaustive_0214,all_256_states,214,0,0,1,0,0,0,0,0,1,0,1,1,0,0,0,42,0,0,13329,0,1,state 42; completed after N+3
exhaustive_0215,reset,215,1,1,1,0,0,0,0,0,1,0,0,0,0,0,0,0,0,0,00000,0,0,isolate exhaustive state 43
exhaustive_0216,valid_accept,216,0,1,1,0,0,60948,32768,32768,0,1,0,0,0,0,0,0,0,0,00000,0,0,state 43; accepted
exhaustive_0217,pipeline_wait,217,0,0,1,0,0,0,0,0,0,1,0,0,0,0,0,0,0,0,00000,0,0,registered pipeline wait 1
exhaustive_0218,pipeline_wait,218,0,0,1,0,0,0,0,0,0,1,0,0,0,0,0,0,0,0,00000,0,0,registered pipeline wait 2
exhaustive_0219,all_256_states,219,0,0,1,0,0,0,0,0,1,0,1,1,0,0,0,43,0,0,13329,0,1,state 43; completed after N+3
exhaustive_0220,reset,220,1,1,1,0,0,0,0,0,1,0,0,0,0,0,0,0,0,0,00000,0,0,isolate exhaustive state 44
exhaustive_0221,valid_accept,221,0,1,1,0,0,60948,49151,0,0,1,0,0,0,0,0,0,0,0,00000,0,0,state 44; accepted
exhaustive_0222,pipeline_wait,222,0,0,1,0,0,0,0,0,0,1,0,0,0,0,0,0,0,0,00000,0,0,registered pipeline wait 1
exhaustive_0223,pipeline_wait,223,0,0,1,0,0,0,0,0,0,1,0,0,0,0,0,0,0,0,00000,0,0,registered pipeline wait 2
exhaustive_0224,all_256_states,224,0,0,1,0,0,0,0,0,1,0,1,1,0,0,0,44,0,0,13329,0,1,state 44; completed after N+3
exhaustive_0225,reset,225,1,1,1,0,0,0,0,0,1,0,0,0,0,0,0,0,0,0,00000,0,0,isolate exhaustive state 45
exhaustive_0226,valid_accept,226,0,1,1,0,0,60948,49151,8192,0,1,0,0,0,0,0,0,0,0,00000,0,0,state 45; accepted
exhaustive_0227,pipeline_wait,227,0,0,1,0,0,0,0,0,0,1,0,0,0,0,0,0,0,0,00000,0,0,registered pipeline wait 1
exhaustive_0228,pipeline_wait,228,0,0,1,0,0,0,0,0,0,1,0,0,0,0,0,0,0,0,00000,0,0,registered pipeline wait 2
exhaustive_0229,all_256_states,229,0,0,1,0,0,0,0,0,1,0,1,1,0,0,0,45,0,0,13329,0,1,state 45; completed after N+3
exhaustive_0230,reset,230,1,1,1,0,0,0,0,0,1,0,0,0,0,0,0,0,0,0,00000,0,0,isolate exhaustive state 46
exhaustive_0231,valid_accept,231,0,1,1,0,0,60948,49151,16384,0,1,0,0,0,0,0,0,0,0,00000,0,0,state 46; accepted
exhaustive_0232,pipeline_wait,232,0,0,1,0,0,0,0,0,0,1,0,0,0,0,0,0,0,0,00000,0,0,registered pipeline wait 1
exhaustive_0233,pipeline_wait,233,0,0,1,0,0,0,0,0,0,1,0,0,0,0,0,0,0,0,00000,0,0,registered pipeline wait 2
exhaustive_0234,all_256_states,234,0,0,1,0,0,0,0,0,1,0,1,1,0,0,0,46,0,0,13329,0,1,state 46; completed after N+3
exhaustive_0235,reset,235,1,1,1,0,0,0,0,0,1,0,0,0,0,0,0,0,0,0,00000,0,0,isolate exhaustive state 47
exhaustive_0236,valid_accept,236,0,1,1,0,0,60948,49151,32768,0,1,0,0,0,0,0,0,0,0,00000,0,0,state 47; accepted
exhaustive_0237,pipeline_wait,237,0,0,1,0,0,0,0,0,0,1,0,0,0,0,0,0,0,0,00000,0,0,registered pipeline wait 1
exhaustive_0238,pipeline_wait,238,0,0,1,0,0,0,0,0,0,1,0,0,0,0,0,0,0,0,00000,0,0,registered pipeline wait 2
exhaustive_0239,all_256_states,239,0,0,1,0,0,0,0,0,1,0,1,1,0,0,0,47,0,0,13329,0,1,state 47; completed after N+3
exhaustive_0240,reset,240,1,1,1,0,0,0,0,0,1,0,0,0,0,0,0,0,0,0,00000,0,0,isolate exhaustive state 48
exhaustive_0241,valid_accept,241,0,1,1,0,0,62914,0,0,0,1,0,0,0,0,0,0,0,0,00000,0,0,state 48; accepted
exhaustive_0242,pipeline_wait,242,0,0,1,0,0,0,0,0,0,1,0,0,0,0,0,0,0,0,00000,0,0,registered pipeline wait 1
exhaustive_0243,pipeline_wait,243,0,0,1,0,0,0,0,0,0,1,0,0,0,0,0,0,0,0,00000,0,0,registered pipeline wait 2
exhaustive_0244,all_256_states,244,0,0,1,0,0,0,0,0,1,0,1,1,0,0,0,48,0,0,13329,0,1,state 48; completed after N+3
exhaustive_0245,reset,245,1,1,1,0,0,0,0,0,1,0,0,0,0,0,0,0,0,0,00000,0,0,isolate exhaustive state 49
exhaustive_0246,valid_accept,246,0,1,1,0,0,62914,0,8192,0,1,0,0,0,0,0,0,0,0,00000,0,0,state 49; accepted
exhaustive_0247,pipeline_wait,247,0,0,1,0,0,0,0,0,0,1,0,0,0,0,0,0,0,0,00000,0,0,registered pipeline wait 1
exhaustive_0248,pipeline_wait,248,0,0,1,0,0,0,0,0,0,1,0,0,0,0,0,0,0,0,00000,0,0,registered pipeline wait 2
exhaustive_0249,all_256_states,249,0,0,1,0,0,0,0,0,1,0,1,1,0,0,0,49,0,0,13329,0,1,state 49; completed after N+3
exhaustive_0250,reset,250,1,1,1,0,0,0,0,0,1,0,0,0,0,0,0,0,0,0,00000,0,0,isolate exhaustive state 50
exhaustive_0251,valid_accept,251,0,1,1,0,0,62914,0,16384,0,1,0,0,0,0,0,0,0,0,00000,0,0,state 50; accepted
exhaustive_0252,pipeline_wait,252,0,0,1,0,0,0,0,0,0,1,0,0,0,0,0,0,0,0,00000,0,0,registered pipeline wait 1
exhaustive_0253,pipeline_wait,253,0,0,1,0,0,0,0,0,0,1,0,0,0,0,0,0,0,0,00000,0,0,registered pipeline wait 2
exhaustive_0254,all_256_states,254,0,0,1,0,0,0,0,0,1,0,1,1,0,0,0,50,0,0,13329,0,1,state 50; completed after N+3
exhaustive_0255,reset,255,1,1,1,0,0,0,0,0,1,0,0,0,0,0,0,0,0,0,00000,0,0,isolate exhaustive state 51
exhaustive_0256,valid_accept,256,0,1,1,0,0,62914,0,32768,0,1,0,0,0,0,0,0,0,0,00000,0,0,state 51; accepted
exhaustive_0257,pipeline_wait,257,0,0,1,0,0,0,0,0,0,1,0,0,0,0,0,0,0,0,00000,0,0,registered pipeline wait 1
exhaustive_0258,pipeline_wait,258,0,0,1,0,0,0,0,0,0,1,0,0,0,0,0,0,0,0,00000,0,0,registered pipeline wait 2
exhaustive_0259,all_256_states,259,0,0,1,0,0,0,0,0,1,0,1,1,0,0,0,51,0,0,13329,0,1,state 51; completed after N+3
exhaustive_0260,reset,260,1,1,1,0,0,0,0,0,1,0,0,0,0,0,0,0,0,0,00000,0,0,isolate exhaustive state 52
exhaustive_0261,valid_accept,261,0,1,1,0,0,62914,16384,0,0,1,0,0,0,0,0,0,0,0,00000,0,0,state 52; accepted
exhaustive_0262,pipeline_wait,262,0,0,1,0,0,0,0,0,0,1,0,0,0,0,0,0,0,0,00000,0,0,registered pipeline wait 1
exhaustive_0263,pipeline_wait,263,0,0,1,0,0,0,0,0,0,1,0,0,0,0,0,0,0,0,00000,0,0,registered pipeline wait 2
exhaustive_0264,all_256_states,264,0,0,1,0,0,0,0,0,1,0,1,1,0,0,0,52,0,0,13329,0,1,state 52; completed after N+3
exhaustive_0265,reset,265,1,1,1,0,0,0,0,0,1,0,0,0,0,0,0,0,0,0,00000,0,0,isolate exhaustive state 53
exhaustive_0266,valid_accept,266,0,1,1,0,0,62914,16384,8192,0,1,0,0,0,0,0,0,0,0,00000,0,0,state 53; accepted
exhaustive_0267,pipeline_wait,267,0,0,1,0,0,0,0,0,0,1,0,0,0,0,0,0,0,0,00000,0,0,registered pipeline wait 1
exhaustive_0268,pipeline_wait,268,0,0,1,0,0,0,0,0,0,1,0,0,0,0,0,0,0,0,00000,0,0,registered pipeline wait 2
exhaustive_0269,all_256_states,269,0,0,1,0,0,0,0,0,1,0,1,1,0,0,0,53,0,0,13329,0,1,state 53; completed after N+3
exhaustive_0270,reset,270,1,1,1,0,0,0,0,0,1,0,0,0,0,0,0,0,0,0,00000,0,0,isolate exhaustive state 54
exhaustive_0271,valid_accept,271,0,1,1,0,0,62914,16384,16384,0,1,0,0,0,0,0,0,0,0,00000,0,0,state 54; accepted
exhaustive_0272,pipeline_wait,272,0,0,1,0,0,0,0,0,0,1,0,0,0,0,0,0,0,0,00000,0,0,registered pipeline wait 1
exhaustive_0273,pipeline_wait,273,0,0,1,0,0,0,0,0,0,1,0,0,0,0,0,0,0,0,00000,0,0,registered pipeline wait 2
exhaustive_0274,all_256_states,274,0,0,1,0,0,0,0,0,1,0,1,1,0,0,0,54,0,0,13329,0,1,state 54; completed after N+3
exhaustive_0275,reset,275,1,1,1,0,0,0,0,0,1,0,0,0,0,0,0,0,0,0,00000,0,0,isolate exhaustive state 55
exhaustive_0276,valid_accept,276,0,1,1,0,0,62914,16384,32768,0,1,0,0,0,0,0,0,0,0,00000,0,0,state 55; accepted
exhaustive_0277,pipeline_wait,277,0,0,1,0,0,0,0,0,0,1,0,0,0,0,0,0,0,0,00000,0,0,registered pipeline wait 1
exhaustive_0278,pipeline_wait,278,0,0,1,0,0,0,0,0,0,1,0,0,0,0,0,0,0,0,00000,0,0,registered pipeline wait 2
exhaustive_0279,all_256_states,279,0,0,1,0,0,0,0,0,1,0,1,1,0,0,0,55,0,0,13329,0,1,state 55; completed after N+3
exhaustive_0280,reset,280,1,1,1,0,0,0,0,0,1,0,0,0,0,0,0,0,0,0,00000,0,0,isolate exhaustive state 56
exhaustive_0281,valid_accept,281,0,1,1,0,0,62914,32768,0,0,1,0,0,0,0,0,0,0,0,00000,0,0,state 56; accepted
exhaustive_0282,pipeline_wait,282,0,0,1,0,0,0,0,0,0,1,0,0,0,0,0,0,0,0,00000,0,0,registered pipeline wait 1
exhaustive_0283,pipeline_wait,283,0,0,1,0,0,0,0,0,0,1,0,0,0,0,0,0,0,0,00000,0,0,registered pipeline wait 2
exhaustive_0284,all_256_states,284,0,0,1,0,0,0,0,0,1,0,1,1,0,0,0,56,0,0,13329,0,1,state 56; completed after N+3
exhaustive_0285,reset,285,1,1,1,0,0,0,0,0,1,0,0,0,0,0,0,0,0,0,00000,0,0,isolate exhaustive state 57
exhaustive_0286,valid_accept,286,0,1,1,0,0,62914,32768,8192,0,1,0,0,0,0,0,0,0,0,00000,0,0,state 57; accepted
exhaustive_0287,pipeline_wait,287,0,0,1,0,0,0,0,0,0,1,0,0,0,0,0,0,0,0,00000,0,0,registered pipeline wait 1
exhaustive_0288,pipeline_wait,288,0,0,1,0,0,0,0,0,0,1,0,0,0,0,0,0,0,0,00000,0,0,registered pipeline wait 2
exhaustive_0289,all_256_states,289,0,0,1,0,0,0,0,0,1,0,1,1,0,0,0,57,0,0,13329,0,1,state 57; completed after N+3
exhaustive_0290,reset,290,1,1,1,0,0,0,0,0,1,0,0,0,0,0,0,0,0,0,00000,0,0,isolate exhaustive state 58
exhaustive_0291,valid_accept,291,0,1,1,0,0,62914,32768,16384,0,1,0,0,0,0,0,0,0,0,00000,0,0,state 58; accepted
exhaustive_0292,pipeline_wait,292,0,0,1,0,0,0,0,0,0,1,0,0,0,0,0,0,0,0,00000,0,0,registered pipeline wait 1
exhaustive_0293,pipeline_wait,293,0,0,1,0,0,0,0,0,0,1,0,0,0,0,0,0,0,0,00000,0,0,registered pipeline wait 2
exhaustive_0294,all_256_states,294,0,0,1,0,0,0,0,0,1,0,1,1,0,0,0,58,0,0,13329,0,1,state 58; completed after N+3
exhaustive_0295,reset,295,1,1,1,0,0,0,0,0,1,0,0,0,0,0,0,0,0,0,00000,0,0,isolate exhaustive state 59
exhaustive_0296,valid_accept,296,0,1,1,0,0,62914,32768,32768,0,1,0,0,0,0,0,0,0,0,00000,0,0,state 59; accepted
exhaustive_0297,pipeline_wait,297,0,0,1,0,0,0,0,0,0,1,0,0,0,0,0,0,0,0,00000,0,0,registered pipeline wait 1
exhaustive_0298,pipeline_wait,298,0,0,1,0,0,0,0,0,0,1,0,0,0,0,0,0,0,0,00000,0,0,registered pipeline wait 2
exhaustive_0299,all_256_states,299,0,0,1,0,0,0,0,0,1,0,1,1,0,0,0,59,0,0,13329,0,1,state 59; completed after N+3
exhaustive_0300,reset,300,1,1,1,0,0,0,0,0,1,0,0,0,0,0,0,0,0,0,00000,0,0,isolate exhaustive state 60
exhaustive_0301,valid_accept,301,0,1,1,0,0,62914,49151,0,0,1,0,0,0,0,0,0,0,0,00000,0,0,state 60; accepted
exhaustive_0302,pipeline_wait,302,0,0,1,0,0,0,0,0,0,1,0,0,0,0,0,0,0,0,00000,0,0,registered pipeline wait 1
exhaustive_0303,pipeline_wait,303,0,0,1,0,0,0,0,0,0,1,0,0,0,0,0,0,0,0,00000,0,0,registered pipeline wait 2
exhaustive_0304,all_256_states,304,0,0,1,0,0,0,0,0,1,0,1,1,0,0,0,60,0,0,13329,0,1,state 60; completed after N+3
exhaustive_0305,reset,305,1,1,1,0,0,0,0,0,1,0,0,0,0,0,0,0,0,0,00000,0,0,isolate exhaustive state 61
exhaustive_0306,valid_accept,306,0,1,1,0,0,62914,49151,8192,0,1,0,0,0,0,0,0,0,0,00000,0,0,state 61; accepted
exhaustive_0307,pipeline_wait,307,0,0,1,0,0,0,0,0,0,1,0,0,0,0,0,0,0,0,00000,0,0,registered pipeline wait 1
exhaustive_0308,pipeline_wait,308,0,0,1,0,0,0,0,0,0,1,0,0,0,0,0,0,0,0,00000,0,0,registered pipeline wait 2
exhaustive_0309,all_256_states,309,0,0,1,0,0,0,0,0,1,0,1,1,0,0,0,61,0,0,13329,0,1,state 61; completed after N+3
exhaustive_0310,reset,310,1,1,1,0,0,0,0,0,1,0,0,0,0,0,0,0,0,0,00000,0,0,isolate exhaustive state 62
exhaustive_0311,valid_accept,311,0,1,1,0,0,62914,49151,16384,0,1,0,0,0,0,0,0,0,0,00000,0,0,state 62; accepted
exhaustive_0312,pipeline_wait,312,0,0,1,0,0,0,0,0,0,1,0,0,0,0,0,0,0,0,00000,0,0,registered pipeline wait 1
exhaustive_0313,pipeline_wait,313,0,0,1,0,0,0,0,0,0,1,0,0,0,0,0,0,0,0,00000,0,0,registered pipeline wait 2
exhaustive_0314,all_256_states,314,0,0,1,0,0,0,0,0,1,0,1,1,0,0,0,62,0,0,13329,0,1,state 62; completed after N+3
exhaustive_0315,reset,315,1,1,1,0,0,0,0,0,1,0,0,0,0,0,0,0,0,0,00000,0,0,isolate exhaustive state 63
exhaustive_0316,valid_accept,316,0,1,1,0,0,62914,49151,32768,0,1,0,0,0,0,0,0,0,0,00000,0,0,state 63; accepted
exhaustive_0317,pipeline_wait,317,0,0,1,0,0,0,0,0,0,1,0,0,0,0,0,0,0,0,00000,0,0,registered pipeline wait 1
exhaustive_0318,pipeline_wait,318,0,0,1,0,0,0,0,0,0,1,0,0,0,0,0,0,0,0,00000,0,0,registered pipeline wait 2
exhaustive_0319,all_256_states,319,0,0,1,0,0,0,0,0,1,0,1,1,0,0,0,63,1,1,1B516,0,1,state 63; completed after N+3
exhaustive_0320,reset,320,1,1,1,0,0,0,0,0,1,0,0,0,0,0,0,0,0,0,00000,0,0,isolate exhaustive state 64
exhaustive_0321,valid_accept,321,0,1,1,0,16384,0,0,0,0,1,0,0,0,0,0,0,0,0,00000,0,0,state 64; accepted
exhaustive_0322,pipeline_wait,322,0,0,1,0,0,0,0,0,0,1,0,0,0,0,0,0,0,0,00000,0,0,registered pipeline wait 1
exhaustive_0323,pipeline_wait,323,0,0,1,0,0,0,0,0,0,1,0,0,0,0,0,0,0,0,00000,0,0,registered pipeline wait 2
exhaustive_0324,all_256_states,324,0,0,1,0,0,0,0,0,1,0,1,1,0,0,0,64,0,0,13329,0,1,state 64; completed after N+3
exhaustive_0325,reset,325,1,1,1,0,0,0,0,0,1,0,0,0,0,0,0,0,0,0,00000,0,0,isolate exhaustive state 65
exhaustive_0326,valid_accept,326,0,1,1,0,16384,0,0,8192,0,1,0,0,0,0,0,0,0,0,00000,0,0,state 65; accepted
exhaustive_0327,pipeline_wait,327,0,0,1,0,0,0,0,0,0,1,0,0,0,0,0,0,0,0,00000,0,0,registered pipeline wait 1
exhaustive_0328,pipeline_wait,328,0,0,1,0,0,0,0,0,0,1,0,0,0,0,0,0,0,0,00000,0,0,registered pipeline wait 2
exhaustive_0329,all_256_states,329,0,0,1,0,0,0,0,0,1,0,1,1,0,0,0,65,0,0,13329,0,1,state 65; completed after N+3
exhaustive_0330,reset,330,1,1,1,0,0,0,0,0,1,0,0,0,0,0,0,0,0,0,00000,0,0,isolate exhaustive state 66
exhaustive_0331,valid_accept,331,0,1,1,0,16384,0,0,16384,0,1,0,0,0,0,0,0,0,0,00000,0,0,state 66; accepted
exhaustive_0332,pipeline_wait,332,0,0,1,0,0,0,0,0,0,1,0,0,0,0,0,0,0,0,00000,0,0,registered pipeline wait 1
exhaustive_0333,pipeline_wait,333,0,0,1,0,0,0,0,0,0,1,0,0,0,0,0,0,0,0,00000,0,0,registered pipeline wait 2
exhaustive_0334,all_256_states,334,0,0,1,0,0,0,0,0,1,0,1,1,0,0,0,66,0,0,13329,0,1,state 66; completed after N+3
exhaustive_0335,reset,335,1,1,1,0,0,0,0,0,1,0,0,0,0,0,0,0,0,0,00000,0,0,isolate exhaustive state 67
exhaustive_0336,valid_accept,336,0,1,1,0,16384,0,0,32768,0,1,0,0,0,0,0,0,0,0,00000,0,0,state 67; accepted
exhaustive_0337,pipeline_wait,337,0,0,1,0,0,0,0,0,0,1,0,0,0,0,0,0,0,0,00000,0,0,registered pipeline wait 1
exhaustive_0338,pipeline_wait,338,0,0,1,0,0,0,0,0,0,1,0,0,0,0,0,0,0,0,00000,0,0,registered pipeline wait 2
exhaustive_0339,all_256_states,339,0,0,1,0,0,0,0,0,1,0,1,1,0,0,0,67,0,0,13329,0,1,state 67; completed after N+3
exhaustive_0340,reset,340,1,1,1,0,0,0,0,0,1,0,0,0,0,0,0,0,0,0,00000,0,0,isolate exhaustive state 68
exhaustive_0341,valid_accept,341,0,1,1,0,16384,0,16384,0,0,1,0,0,0,0,0,0,0,0,00000,0,0,state 68; accepted
exhaustive_0342,pipeline_wait,342,0,0,1,0,0,0,0,0,0,1,0,0,0,0,0,0,0,0,00000,0,0,registered pipeline wait 1
exhaustive_0343,pipeline_wait,343,0,0,1,0,0,0,0,0,0,1,0,0,0,0,0,0,0,0,00000,0,0,registered pipeline wait 2
exhaustive_0344,all_256_states,344,0,0,1,0,0,0,0,0,1,0,1,1,0,0,0,68,0,0,13329,0,1,state 68; completed after N+3
exhaustive_0345,reset,345,1,1,1,0,0,0,0,0,1,0,0,0,0,0,0,0,0,0,00000,0,0,isolate exhaustive state 69
exhaustive_0346,valid_accept,346,0,1,1,0,16384,0,16384,8192,0,1,0,0,0,0,0,0,0,0,00000,0,0,state 69; accepted
exhaustive_0347,pipeline_wait,347,0,0,1,0,0,0,0,0,0,1,0,0,0,0,0,0,0,0,00000,0,0,registered pipeline wait 1
exhaustive_0348,pipeline_wait,348,0,0,1,0,0,0,0,0,0,1,0,0,0,0,0,0,0,0,00000,0,0,registered pipeline wait 2
exhaustive_0349,all_256_states,349,0,0,1,0,0,0,0,0,1,0,1,1,0,0,0,69,0,0,13329,0,1,state 69; completed after N+3
exhaustive_0350,reset,350,1,1,1,0,0,0,0,0,1,0,0,0,0,0,0,0,0,0,00000,0,0,isolate exhaustive state 70
exhaustive_0351,valid_accept,351,0,1,1,0,16384,0,16384,16384,0,1,0,0,0,0,0,0,0,0,00000,0,0,state 70; accepted
exhaustive_0352,pipeline_wait,352,0,0,1,0,0,0,0,0,0,1,0,0,0,0,0,0,0,0,00000,0,0,registered pipeline wait 1
exhaustive_0353,pipeline_wait,353,0,0,1,0,0,0,0,0,0,1,0,0,0,0,0,0,0,0,00000,0,0,registered pipeline wait 2
exhaustive_0354,all_256_states,354,0,0,1,0,0,0,0,0,1,0,1,1,0,0,0,70,0,0,13329,0,1,state 70; completed after N+3
exhaustive_0355,reset,355,1,1,1,0,0,0,0,0,1,0,0,0,0,0,0,0,0,0,00000,0,0,isolate exhaustive state 71
exhaustive_0356,valid_accept,356,0,1,1,0,16384,0,16384,32768,0,1,0,0,0,0,0,0,0,0,00000,0,0,state 71; accepted
exhaustive_0357,pipeline_wait,357,0,0,1,0,0,0,0,0,0,1,0,0,0,0,0,0,0,0,00000,0,0,registered pipeline wait 1
exhaustive_0358,pipeline_wait,358,0,0,1,0,0,0,0,0,0,1,0,0,0,0,0,0,0,0,00000,0,0,registered pipeline wait 2
exhaustive_0359,all_256_states,359,0,0,1,0,0,0,0,0,1,0,1,1,0,0,0,71,0,0,13329,0,1,state 71; completed after N+3
exhaustive_0360,reset,360,1,1,1,0,0,0,0,0,1,0,0,0,0,0,0,0,0,0,00000,0,0,isolate exhaustive state 72
exhaustive_0361,valid_accept,361,0,1,1,0,16384,0,32768,0,0,1,0,0,0,0,0,0,0,0,00000,0,0,state 72; accepted
exhaustive_0362,pipeline_wait,362,0,0,1,0,0,0,0,0,0,1,0,0,0,0,0,0,0,0,00000,0,0,registered pipeline wait 1
exhaustive_0363,pipeline_wait,363,0,0,1,0,0,0,0,0,0,1,0,0,0,0,0,0,0,0,00000,0,0,registered pipeline wait 2
exhaustive_0364,all_256_states,364,0,0,1,0,0,0,0,0,1,0,1,1,0,0,0,72,0,0,13329,0,1,state 72; completed after N+3
exhaustive_0365,reset,365,1,1,1,0,0,0,0,0,1,0,0,0,0,0,0,0,0,0,00000,0,0,isolate exhaustive state 73
exhaustive_0366,valid_accept,366,0,1,1,0,16384,0,32768,8192,0,1,0,0,0,0,0,0,0,0,00000,0,0,state 73; accepted
exhaustive_0367,pipeline_wait,367,0,0,1,0,0,0,0,0,0,1,0,0,0,0,0,0,0,0,00000,0,0,registered pipeline wait 1
exhaustive_0368,pipeline_wait,368,0,0,1,0,0,0,0,0,0,1,0,0,0,0,0,0,0,0,00000,0,0,registered pipeline wait 2
exhaustive_0369,all_256_states,369,0,0,1,0,0,0,0,0,1,0,1,1,0,0,0,73,0,0,13329,0,1,state 73; completed after N+3
exhaustive_0370,reset,370,1,1,1,0,0,0,0,0,1,0,0,0,0,0,0,0,0,0,00000,0,0,isolate exhaustive state 74
exhaustive_0371,valid_accept,371,0,1,1,0,16384,0,32768,16384,0,1,0,0,0,0,0,0,0,0,00000,0,0,state 74; accepted
exhaustive_0372,pipeline_wait,372,0,0,1,0,0,0,0,0,0,1,0,0,0,0,0,0,0,0,00000,0,0,registered pipeline wait 1
exhaustive_0373,pipeline_wait,373,0,0,1,0,0,0,0,0,0,1,0,0,0,0,0,0,0,0,00000,0,0,registered pipeline wait 2
exhaustive_0374,all_256_states,374,0,0,1,0,0,0,0,0,1,0,1,1,0,0,0,74,0,0,13329,0,1,state 74; completed after N+3
exhaustive_0375,reset,375,1,1,1,0,0,0,0,0,1,0,0,0,0,0,0,0,0,0,00000,0,0,isolate exhaustive state 75
exhaustive_0376,valid_accept,376,0,1,1,0,16384,0,32768,32768,0,1,0,0,0,0,0,0,0,0,00000,0,0,state 75; accepted
exhaustive_0377,pipeline_wait,377,0,0,1,0,0,0,0,0,0,1,0,0,0,0,0,0,0,0,00000,0,0,registered pipeline wait 1
exhaustive_0378,pipeline_wait,378,0,0,1,0,0,0,0,0,0,1,0,0,0,0,0,0,0,0,00000,0,0,registered pipeline wait 2
exhaustive_0379,all_256_states,379,0,0,1,0,0,0,0,0,1,0,1,1,0,0,0,75,0,0,13329,0,1,state 75; completed after N+3
exhaustive_0380,reset,380,1,1,1,0,0,0,0,0,1,0,0,0,0,0,0,0,0,0,00000,0,0,isolate exhaustive state 76
exhaustive_0381,valid_accept,381,0,1,1,0,16384,0,49151,0,0,1,0,0,0,0,0,0,0,0,00000,0,0,state 76; accepted
exhaustive_0382,pipeline_wait,382,0,0,1,0,0,0,0,0,0,1,0,0,0,0,0,0,0,0,00000,0,0,registered pipeline wait 1
exhaustive_0383,pipeline_wait,383,0,0,1,0,0,0,0,0,0,1,0,0,0,0,0,0,0,0,00000,0,0,registered pipeline wait 2
exhaustive_0384,all_256_states,384,0,0,1,0,0,0,0,0,1,0,1,1,0,0,0,76,0,0,13329,0,1,state 76; completed after N+3
exhaustive_0385,reset,385,1,1,1,0,0,0,0,0,1,0,0,0,0,0,0,0,0,0,00000,0,0,isolate exhaustive state 77
exhaustive_0386,valid_accept,386,0,1,1,0,16384,0,49151,8192,0,1,0,0,0,0,0,0,0,0,00000,0,0,state 77; accepted
exhaustive_0387,pipeline_wait,387,0,0,1,0,0,0,0,0,0,1,0,0,0,0,0,0,0,0,00000,0,0,registered pipeline wait 1
exhaustive_0388,pipeline_wait,388,0,0,1,0,0,0,0,0,0,1,0,0,0,0,0,0,0,0,00000,0,0,registered pipeline wait 2
exhaustive_0389,all_256_states,389,0,0,1,0,0,0,0,0,1,0,1,1,0,0,0,77,0,0,13329,0,1,state 77; completed after N+3
exhaustive_0390,reset,390,1,1,1,0,0,0,0,0,1,0,0,0,0,0,0,0,0,0,00000,0,0,isolate exhaustive state 78
exhaustive_0391,valid_accept,391,0,1,1,0,16384,0,49151,16384,0,1,0,0,0,0,0,0,0,0,00000,0,0,state 78; accepted
exhaustive_0392,pipeline_wait,392,0,0,1,0,0,0,0,0,0,1,0,0,0,0,0,0,0,0,00000,0,0,registered pipeline wait 1
exhaustive_0393,pipeline_wait,393,0,0,1,0,0,0,0,0,0,1,0,0,0,0,0,0,0,0,00000,0,0,registered pipeline wait 2
exhaustive_0394,all_256_states,394,0,0,1,0,0,0,0,0,1,0,1,1,0,0,0,78,0,0,13329,0,1,state 78; completed after N+3
exhaustive_0395,reset,395,1,1,1,0,0,0,0,0,1,0,0,0,0,0,0,0,0,0,00000,0,0,isolate exhaustive state 79
exhaustive_0396,valid_accept,396,0,1,1,0,16384,0,49151,32768,0,1,0,0,0,0,0,0,0,0,00000,0,0,state 79; accepted
exhaustive_0397,pipeline_wait,397,0,0,1,0,0,0,0,0,0,1,0,0,0,0,0,0,0,0,00000,0,0,registered pipeline wait 1
exhaustive_0398,pipeline_wait,398,0,0,1,0,0,0,0,0,0,1,0,0,0,0,0,0,0,0,00000,0,0,registered pipeline wait 2
exhaustive_0399,all_256_states,399,0,0,1,0,0,0,0,0,1,0,1,1,0,0,0,79,0,0,13329,0,1,state 79; completed after N+3
exhaustive_0400,reset,400,1,1,1,0,0,0,0,0,1,0,0,0,0,0,0,0,0,0,00000,0,0,isolate exhaustive state 80
exhaustive_0401,valid_accept,401,0,1,1,0,16384,58982,0,0,0,1,0,0,0,0,0,0,0,0,00000,0,0,state 80; accepted
exhaustive_0402,pipeline_wait,402,0,0,1,0,0,0,0,0,0,1,0,0,0,0,0,0,0,0,00000,0,0,registered pipeline wait 1
exhaustive_0403,pipeline_wait,403,0,0,1,0,0,0,0,0,0,1,0,0,0,0,0,0,0,0,00000,0,0,registered pipeline wait 2
exhaustive_0404,all_256_states,404,0,0,1,0,0,0,0,0,1,0,1,1,0,0,0,80,1,1,1B516,0,1,state 80; completed after N+3
exhaustive_0405,reset,405,1,1,1,0,0,0,0,0,1,0,0,0,0,0,0,0,0,0,00000,0,0,isolate exhaustive state 81
exhaustive_0406,valid_accept,406,0,1,1,0,16384,58982,0,8192,0,1,0,0,0,0,0,0,0,0,00000,0,0,state 81; accepted
exhaustive_0407,pipeline_wait,407,0,0,1,0,0,0,0,0,0,1,0,0,0,0,0,0,0,0,00000,0,0,registered pipeline wait 1
exhaustive_0408,pipeline_wait,408,0,0,1,0,0,0,0,0,0,1,0,0,0,0,0,0,0,0,00000,0,0,registered pipeline wait 2
exhaustive_0409,all_256_states,409,0,0,1,0,0,0,0,0,1,0,1,1,0,0,0,81,2,2,14399,0,1,state 81; completed after N+3
exhaustive_0410,reset,410,1,1,1,0,0,0,0,0,1,0,0,0,0,0,0,0,0,0,00000,0,0,isolate exhaustive state 82
exhaustive_0411,valid_accept,411,0,1,1,0,16384,58982,0,16384,0,1,0,0,0,0,0,0,0,0,00000,0,0,state 82; accepted
exhaustive_0412,pipeline_wait,412,0,0,1,0,0,0,0,0,0,1,0,0,0,0,0,0,0,0,00000,0,0,registered pipeline wait 1
exhaustive_0413,pipeline_wait,413,0,0,1,0,0,0,0,0,0,1,0,0,0,0,0,0,0,0,00000,0,0,registered pipeline wait 2
exhaustive_0414,all_256_states,414,0,0,1,0,0,0,0,0,1,0,1,1,0,0,0,82,2,2,14399,0,1,state 82; completed after N+3
exhaustive_0415,reset,415,1,1,1,0,0,0,0,0,1,0,0,0,0,0,0,0,0,0,00000,0,0,isolate exhaustive state 83
exhaustive_0416,valid_accept,416,0,1,1,0,16384,58982,0,32768,0,1,0,0,0,0,0,0,0,0,00000,0,0,state 83; accepted
exhaustive_0417,pipeline_wait,417,0,0,1,0,0,0,0,0,0,1,0,0,0,0,0,0,0,0,00000,0,0,registered pipeline wait 1
exhaustive_0418,pipeline_wait,418,0,0,1,0,0,0,0,0,0,1,0,0,0,0,0,0,0,0,00000,0,0,registered pipeline wait 2
exhaustive_0419,all_256_states,419,0,0,1,0,0,0,0,0,1,0,1,1,0,0,0,83,2,2,14399,0,1,state 83; completed after N+3
exhaustive_0420,reset,420,1,1,1,0,0,0,0,0,1,0,0,0,0,0,0,0,0,0,00000,0,0,isolate exhaustive state 84
exhaustive_0421,valid_accept,421,0,1,1,0,16384,58982,16384,0,0,1,0,0,0,0,0,0,0,0,00000,0,0,state 84; accepted
exhaustive_0422,pipeline_wait,422,0,0,1,0,0,0,0,0,0,1,0,0,0,0,0,0,0,0,00000,0,0,registered pipeline wait 1
exhaustive_0423,pipeline_wait,423,0,0,1,0,0,0,0,0,0,1,0,0,0,0,0,0,0,0,00000,0,0,registered pipeline wait 2
exhaustive_0424,all_256_states,424,0,0,1,0,0,0,0,0,1,0,1,1,0,0,0,84,1,1,1B516,0,1,state 84; completed after N+3
exhaustive_0425,reset,425,1,1,1,0,0,0,0,0,1,0,0,0,0,0,0,0,0,0,00000,0,0,isolate exhaustive state 85
exhaustive_0426,valid_accept,426,0,1,1,0,16384,58982,16384,8192,0,1,0,0,0,0,0,0,0,0,00000,0,0,state 85; accepted
exhaustive_0427,pipeline_wait,427,0,0,1,0,0,0,0,0,0,1,0,0,0,0,0,0,0,0,00000,0,0,registered pipeline wait 1
exhaustive_0428,pipeline_wait,428,0,0,1,0,0,0,0,0,0,1,0,0,0,0,0,0,0,0,00000,0,0,registered pipeline wait 2
exhaustive_0429,all_256_states,429,0,0,1,0,0,0,0,0,1,0,1,1,0,0,0,85,2,2,14399,0,1,state 85; completed after N+3
exhaustive_0430,reset,430,1,1,1,0,0,0,0,0,1,0,0,0,0,0,0,0,0,0,00000,0,0,isolate exhaustive state 86
exhaustive_0431,valid_accept,431,0,1,1,0,16384,58982,16384,16384,0,1,0,0,0,0,0,0,0,0,00000,0,0,state 86; accepted
exhaustive_0432,pipeline_wait,432,0,0,1,0,0,0,0,0,0,1,0,0,0,0,0,0,0,0,00000,0,0,registered pipeline wait 1
exhaustive_0433,pipeline_wait,433,0,0,1,0,0,0,0,0,0,1,0,0,0,0,0,0,0,0,00000,0,0,registered pipeline wait 2
exhaustive_0434,all_256_states,434,0,0,1,0,0,0,0,0,1,0,1,1,0,0,0,86,2,2,14399,0,1,state 86; completed after N+3
exhaustive_0435,reset,435,1,1,1,0,0,0,0,0,1,0,0,0,0,0,0,0,0,0,00000,0,0,isolate exhaustive state 87
exhaustive_0436,valid_accept,436,0,1,1,0,16384,58982,16384,32768,0,1,0,0,0,0,0,0,0,0,00000,0,0,state 87; accepted
exhaustive_0437,pipeline_wait,437,0,0,1,0,0,0,0,0,0,1,0,0,0,0,0,0,0,0,00000,0,0,registered pipeline wait 1
exhaustive_0438,pipeline_wait,438,0,0,1,0,0,0,0,0,0,1,0,0,0,0,0,0,0,0,00000,0,0,registered pipeline wait 2
exhaustive_0439,all_256_states,439,0,0,1,0,0,0,0,0,1,0,1,1,0,0,0,87,2,2,14399,0,1,state 87; completed after N+3
exhaustive_0440,reset,440,1,1,1,0,0,0,0,0,1,0,0,0,0,0,0,0,0,0,00000,0,0,isolate exhaustive state 88
exhaustive_0441,valid_accept,441,0,1,1,0,16384,58982,32768,0,0,1,0,0,0,0,0,0,0,0,00000,0,0,state 88; accepted
exhaustive_0442,pipeline_wait,442,0,0,1,0,0,0,0,0,0,1,0,0,0,0,0,0,0,0,00000,0,0,registered pipeline wait 1
exhaustive_0443,pipeline_wait,443,0,0,1,0,0,0,0,0,0,1,0,0,0,0,0,0,0,0,00000,0,0,registered pipeline wait 2
exhaustive_0444,all_256_states,444,0,0,1,0,0,0,0,0,1,0,1,1,0,0,0,88,2,2,14399,0,1,state 88; completed after N+3
exhaustive_0445,reset,445,1,1,1,0,0,0,0,0,1,0,0,0,0,0,0,0,0,0,00000,0,0,isolate exhaustive state 89
exhaustive_0446,valid_accept,446,0,1,1,0,16384,58982,32768,8192,0,1,0,0,0,0,0,0,0,0,00000,0,0,state 89; accepted
exhaustive_0447,pipeline_wait,447,0,0,1,0,0,0,0,0,0,1,0,0,0,0,0,0,0,0,00000,0,0,registered pipeline wait 1
exhaustive_0448,pipeline_wait,448,0,0,1,0,0,0,0,0,0,1,0,0,0,0,0,0,0,0,00000,0,0,registered pipeline wait 2
exhaustive_0449,all_256_states,449,0,0,1,0,0,0,0,0,1,0,1,1,0,0,0,89,2,2,14399,0,1,state 89; completed after N+3
exhaustive_0450,reset,450,1,1,1,0,0,0,0,0,1,0,0,0,0,0,0,0,0,0,00000,0,0,isolate exhaustive state 90
exhaustive_0451,valid_accept,451,0,1,1,0,16384,58982,32768,16384,0,1,0,0,0,0,0,0,0,0,00000,0,0,state 90; accepted
exhaustive_0452,pipeline_wait,452,0,0,1,0,0,0,0,0,0,1,0,0,0,0,0,0,0,0,00000,0,0,registered pipeline wait 1
exhaustive_0453,pipeline_wait,453,0,0,1,0,0,0,0,0,0,1,0,0,0,0,0,0,0,0,00000,0,0,registered pipeline wait 2
exhaustive_0454,all_256_states,454,0,0,1,0,0,0,0,0,1,0,1,1,0,0,0,90,2,2,14399,0,1,state 90; completed after N+3
exhaustive_0455,reset,455,1,1,1,0,0,0,0,0,1,0,0,0,0,0,0,0,0,0,00000,0,0,isolate exhaustive state 91
exhaustive_0456,valid_accept,456,0,1,1,0,16384,58982,32768,32768,0,1,0,0,0,0,0,0,0,0,00000,0,0,state 91; accepted
exhaustive_0457,pipeline_wait,457,0,0,1,0,0,0,0,0,0,1,0,0,0,0,0,0,0,0,00000,0,0,registered pipeline wait 1
exhaustive_0458,pipeline_wait,458,0,0,1,0,0,0,0,0,0,1,0,0,0,0,0,0,0,0,00000,0,0,registered pipeline wait 2
exhaustive_0459,all_256_states,459,0,0,1,0,0,0,0,0,1,0,1,1,0,0,0,91,2,2,14399,0,1,state 91; completed after N+3
exhaustive_0460,reset,460,1,1,1,0,0,0,0,0,1,0,0,0,0,0,0,0,0,0,00000,0,0,isolate exhaustive state 92
exhaustive_0461,valid_accept,461,0,1,1,0,16384,58982,49151,0,0,1,0,0,0,0,0,0,0,0,00000,0,0,state 92; accepted
exhaustive_0462,pipeline_wait,462,0,0,1,0,0,0,0,0,0,1,0,0,0,0,0,0,0,0,00000,0,0,registered pipeline wait 1
exhaustive_0463,pipeline_wait,463,0,0,1,0,0,0,0,0,0,1,0,0,0,0,0,0,0,0,00000,0,0,registered pipeline wait 2
exhaustive_0464,all_256_states,464,0,0,1,0,0,0,0,0,1,0,1,1,0,0,0,92,2,2,14399,0,1,state 92; completed after N+3
exhaustive_0465,reset,465,1,1,1,0,0,0,0,0,1,0,0,0,0,0,0,0,0,0,00000,0,0,isolate exhaustive state 93
exhaustive_0466,valid_accept,466,0,1,1,0,16384,58982,49151,8192,0,1,0,0,0,0,0,0,0,0,00000,0,0,state 93; accepted
exhaustive_0467,pipeline_wait,467,0,0,1,0,0,0,0,0,0,1,0,0,0,0,0,0,0,0,00000,0,0,registered pipeline wait 1
exhaustive_0468,pipeline_wait,468,0,0,1,0,0,0,0,0,0,1,0,0,0,0,0,0,0,0,00000,0,0,registered pipeline wait 2
exhaustive_0469,all_256_states,469,0,0,1,0,0,0,0,0,1,0,1,1,0,0,0,93,2,2,14399,0,1,state 93; completed after N+3
exhaustive_0470,reset,470,1,1,1,0,0,0,0,0,1,0,0,0,0,0,0,0,0,0,00000,0,0,isolate exhaustive state 94
exhaustive_0471,valid_accept,471,0,1,1,0,16384,58982,49151,16384,0,1,0,0,0,0,0,0,0,0,00000,0,0,state 94; accepted
exhaustive_0472,pipeline_wait,472,0,0,1,0,0,0,0,0,0,1,0,0,0,0,0,0,0,0,00000,0,0,registered pipeline wait 1
exhaustive_0473,pipeline_wait,473,0,0,1,0,0,0,0,0,0,1,0,0,0,0,0,0,0,0,00000,0,0,registered pipeline wait 2
exhaustive_0474,all_256_states,474,0,0,1,0,0,0,0,0,1,0,1,1,0,0,0,94,2,2,14399,0,1,state 94; completed after N+3
exhaustive_0475,reset,475,1,1,1,0,0,0,0,0,1,0,0,0,0,0,0,0,0,0,00000,0,0,isolate exhaustive state 95
exhaustive_0476,valid_accept,476,0,1,1,0,16384,58982,49151,32768,0,1,0,0,0,0,0,0,0,0,00000,0,0,state 95; accepted
exhaustive_0477,pipeline_wait,477,0,0,1,0,0,0,0,0,0,1,0,0,0,0,0,0,0,0,00000,0,0,registered pipeline wait 1
exhaustive_0478,pipeline_wait,478,0,0,1,0,0,0,0,0,0,1,0,0,0,0,0,0,0,0,00000,0,0,registered pipeline wait 2
exhaustive_0479,all_256_states,479,0,0,1,0,0,0,0,0,1,0,1,1,0,0,0,95,0,0,13329,0,1,state 95; completed after N+3
exhaustive_0480,reset,480,1,1,1,0,0,0,0,0,1,0,0,0,0,0,0,0,0,0,00000,0,0,isolate exhaustive state 96
exhaustive_0481,valid_accept,481,0,1,1,0,16384,60948,0,0,0,1,0,0,0,0,0,0,0,0,00000,0,0,state 96; accepted
exhaustive_0482,pipeline_wait,482,0,0,1,0,0,0,0,0,0,1,0,0,0,0,0,0,0,0,00000,0,0,registered pipeline wait 1
exhaustive_0483,pipeline_wait,483,0,0,1,0,0,0,0,0,0,1,0,0,0,0,0,0,0,0,00000,0,0,registered pipeline wait 2
exhaustive_0484,all_256_states,484,0,0,1,0,0,0,0,0,1,0,1,1,0,0,0,96,2,2,14399,0,1,state 96; completed after N+3
exhaustive_0485,reset,485,1,1,1,0,0,0,0,0,1,0,0,0,0,0,0,0,0,0,00000,0,0,isolate exhaustive state 97
exhaustive_0486,valid_accept,486,0,1,1,0,16384,60948,0,8192,0,1,0,0,0,0,0,0,0,0,00000,0,0,state 97; accepted
exhaustive_0487,pipeline_wait,487,0,0,1,0,0,0,0,0,0,1,0,0,0,0,0,0,0,0,00000,0,0,registered pipeline wait 1
exhaustive_0488,pipeline_wait,488,0,0,1,0,0,0,0,0,0,1,0,0,0,0,0,0,0,0,00000,0,0,registered pipeline wait 2
exhaustive_0489,all_256_states,489,0,0,1,0,0,0,0,0,1,0,1,1,0,0,0,97,0,0,13329,0,1,state 97; completed after N+3
exhaustive_0490,reset,490,1,1,1,0,0,0,0,0,1,0,0,0,0,0,0,0,0,0,00000,0,0,isolate exhaustive state 98
exhaustive_0491,valid_accept,491,0,1,1,0,16384,60948,0,16384,0,1,0,0,0,0,0,0,0,0,00000,0,0,state 98; accepted
exhaustive_0492,pipeline_wait,492,0,0,1,0,0,0,0,0,0,1,0,0,0,0,0,0,0,0,00000,0,0,registered pipeline wait 1
exhaustive_0493,pipeline_wait,493,0,0,1,0,0,0,0,0,0,1,0,0,0,0,0,0,0,0,00000,0,0,registered pipeline wait 2
exhaustive_0494,all_256_states,494,0,0,1,0,0,0,0,0,1,0,1,1,0,0,0,98,0,0,13329,0,1,state 98; completed after N+3
exhaustive_0495,reset,495,1,1,1,0,0,0,0,0,1,0,0,0,0,0,0,0,0,0,00000,0,0,isolate exhaustive state 99
exhaustive_0496,valid_accept,496,0,1,1,0,16384,60948,0,32768,0,1,0,0,0,0,0,0,0,0,00000,0,0,state 99; accepted
exhaustive_0497,pipeline_wait,497,0,0,1,0,0,0,0,0,0,1,0,0,0,0,0,0,0,0,00000,0,0,registered pipeline wait 1
exhaustive_0498,pipeline_wait,498,0,0,1,0,0,0,0,0,0,1,0,0,0,0,0,0,0,0,00000,0,0,registered pipeline wait 2
exhaustive_0499,all_256_states,499,0,0,1,0,0,0,0,0,1,0,1,1,0,0,0,99,0,0,13329,0,1,state 99; completed after N+3
exhaustive_0500,reset,500,1,1,1,0,0,0,0,0,1,0,0,0,0,0,0,0,0,0,00000,0,0,isolate exhaustive state 100
exhaustive_0501,valid_accept,501,0,1,1,0,16384,60948,16384,0,0,1,0,0,0,0,0,0,0,0,00000,0,0,state 100; accepted
exhaustive_0502,pipeline_wait,502,0,0,1,0,0,0,0,0,0,1,0,0,0,0,0,0,0,0,00000,0,0,registered pipeline wait 1
exhaustive_0503,pipeline_wait,503,0,0,1,0,0,0,0,0,0,1,0,0,0,0,0,0,0,0,00000,0,0,registered pipeline wait 2
exhaustive_0504,all_256_states,504,0,0,1,0,0,0,0,0,1,0,1,1,0,0,0,100,1,1,1B516,0,1,state 100; completed after N+3
exhaustive_0505,reset,505,1,1,1,0,0,0,0,0,1,0,0,0,0,0,0,0,0,0,00000,0,0,isolate exhaustive state 101
exhaustive_0506,valid_accept,506,0,1,1,0,16384,60948,16384,8192,0,1,0,0,0,0,0,0,0,0,00000,0,0,state 101; accepted
exhaustive_0507,pipeline_wait,507,0,0,1,0,0,0,0,0,0,1,0,0,0,0,0,0,0,0,00000,0,0,registered pipeline wait 1
exhaustive_0508,pipeline_wait,508,0,0,1,0,0,0,0,0,0,1,0,0,0,0,0,0,0,0,00000,0,0,registered pipeline wait 2
exhaustive_0509,all_256_states,509,0,0,1,0,0,0,0,0,1,0,1,1,0,0,0,101,0,0,13329,0,1,state 101; completed after N+3
exhaustive_0510,reset,510,1,1,1,0,0,0,0,0,1,0,0,0,0,0,0,0,0,0,00000,0,0,isolate exhaustive state 102
exhaustive_0511,valid_accept,511,0,1,1,0,16384,60948,16384,16384,0,1,0,0,0,0,0,0,0,0,00000,0,0,state 102; accepted
exhaustive_0512,pipeline_wait,512,0,0,1,0,0,0,0,0,0,1,0,0,0,0,0,0,0,0,00000,0,0,registered pipeline wait 1
exhaustive_0513,pipeline_wait,513,0,0,1,0,0,0,0,0,0,1,0,0,0,0,0,0,0,0,00000,0,0,registered pipeline wait 2
exhaustive_0514,all_256_states,514,0,0,1,0,0,0,0,0,1,0,1,1,0,0,0,102,0,0,13329,0,1,state 102; completed after N+3
exhaustive_0515,reset,515,1,1,1,0,0,0,0,0,1,0,0,0,0,0,0,0,0,0,00000,0,0,isolate exhaustive state 103
exhaustive_0516,valid_accept,516,0,1,1,0,16384,60948,16384,32768,0,1,0,0,0,0,0,0,0,0,00000,0,0,state 103; accepted
exhaustive_0517,pipeline_wait,517,0,0,1,0,0,0,0,0,0,1,0,0,0,0,0,0,0,0,00000,0,0,registered pipeline wait 1
exhaustive_0518,pipeline_wait,518,0,0,1,0,0,0,0,0,0,1,0,0,0,0,0,0,0,0,00000,0,0,registered pipeline wait 2
exhaustive_0519,all_256_states,519,0,0,1,0,0,0,0,0,1,0,1,1,0,0,0,103,0,0,13329,0,1,state 103; completed after N+3
exhaustive_0520,reset,520,1,1,1,0,0,0,0,0,1,0,0,0,0,0,0,0,0,0,00000,0,0,isolate exhaustive state 104
exhaustive_0521,valid_accept,521,0,1,1,0,16384,60948,32768,0,0,1,0,0,0,0,0,0,0,0,00000,0,0,state 104; accepted
exhaustive_0522,pipeline_wait,522,0,0,1,0,0,0,0,0,0,1,0,0,0,0,0,0,0,0,00000,0,0,registered pipeline wait 1
exhaustive_0523,pipeline_wait,523,0,0,1,0,0,0,0,0,0,1,0,0,0,0,0,0,0,0,00000,0,0,registered pipeline wait 2
exhaustive_0524,all_256_states,524,0,0,1,0,0,0,0,0,1,0,1,1,0,0,0,104,3,3,0A2A5,0,1,state 104; completed after N+3
exhaustive_0525,reset,525,1,1,1,0,0,0,0,0,1,0,0,0,0,0,0,0,0,0,00000,0,0,isolate exhaustive state 105
exhaustive_0526,valid_accept,526,0,1,1,0,16384,60948,32768,8192,0,1,0,0,0,0,0,0,0,0,00000,0,0,state 105; accepted
exhaustive_0527,pipeline_wait,527,0,0,1,0,0,0,0,0,0,1,0,0,0,0,0,0,0,0,00000,0,0,registered pipeline wait 1
exhaustive_0528,pipeline_wait,528,0,0,1,0,0,0,0,0,0,1,0,0,0,0,0,0,0,0,00000,0,0,registered pipeline wait 2
exhaustive_0529,all_256_states,529,0,0,1,0,0,0,0,0,1,0,1,1,0,0,0,105,0,0,13329,0,1,state 105; completed after N+3
exhaustive_0530,reset,530,1,1,1,0,0,0,0,0,1,0,0,0,0,0,0,0,0,0,00000,0,0,isolate exhaustive state 106
exhaustive_0531,valid_accept,531,0,1,1,0,16384,60948,32768,16384,0,1,0,0,0,0,0,0,0,0,00000,0,0,state 106; accepted
exhaustive_0532,pipeline_wait,532,0,0,1,0,0,0,0,0,0,1,0,0,0,0,0,0,0,0,00000,0,0,registered pipeline wait 1
exhaustive_0533,pipeline_wait,533,0,0,1,0,0,0,0,0,0,1,0,0,0,0,0,0,0,0,00000,0,0,registered pipeline wait 2
exhaustive_0534,all_256_states,534,0,0,1,0,0,0,0,0,1,0,1,1,0,0,0,106,0,0,13329,0,1,state 106; completed after N+3
exhaustive_0535,reset,535,1,1,1,0,0,0,0,0,1,0,0,0,0,0,0,0,0,0,00000,0,0,isolate exhaustive state 107
exhaustive_0536,valid_accept,536,0,1,1,0,16384,60948,32768,32768,0,1,0,0,0,0,0,0,0,0,00000,0,0,state 107; accepted
exhaustive_0537,pipeline_wait,537,0,0,1,0,0,0,0,0,0,1,0,0,0,0,0,0,0,0,00000,0,0,registered pipeline wait 1
exhaustive_0538,pipeline_wait,538,0,0,1,0,0,0,0,0,0,1,0,0,0,0,0,0,0,0,00000,0,0,registered pipeline wait 2
exhaustive_0539,all_256_states,539,0,0,1,0,0,0,0,0,1,0,1,1,0,0,0,107,0,0,13329,0,1,state 107; completed after N+3
exhaustive_0540,reset,540,1,1,1,0,0,0,0,0,1,0,0,0,0,0,0,0,0,0,00000,0,0,isolate exhaustive state 108
exhaustive_0541,valid_accept,541,0,1,1,0,16384,60948,49151,0,0,1,0,0,0,0,0,0,0,0,00000,0,0,state 108; accepted
exhaustive_0542,pipeline_wait,542,0,0,1,0,0,0,0,0,0,1,0,0,0,0,0,0,0,0,00000,0,0,registered pipeline wait 1
exhaustive_0543,pipeline_wait,543,0,0,1,0,0,0,0,0,0,1,0,0,0,0,0,0,0,0,00000,0,0,registered pipeline wait 2
exhaustive_0544,all_256_states,544,0,0,1,0,0,0,0,0,1,0,1,1,0,0,0,108,3,3,0A2A5,0,1,state 108; completed after N+3
exhaustive_0545,reset,545,1,1,1,0,0,0,0,0,1,0,0,0,0,0,0,0,0,0,00000,0,0,isolate exhaustive state 109
exhaustive_0546,valid_accept,546,0,1,1,0,16384,60948,49151,8192,0,1,0,0,0,0,0,0,0,0,00000,0,0,state 109; accepted
exhaustive_0547,pipeline_wait,547,0,0,1,0,0,0,0,0,0,1,0,0,0,0,0,0,0,0,00000,0,0,registered pipeline wait 1
exhaustive_0548,pipeline_wait,548,0,0,1,0,0,0,0,0,0,1,0,0,0,0,0,0,0,0,00000,0,0,registered pipeline wait 2
exhaustive_0549,all_256_states,549,0,0,1,0,0,0,0,0,1,0,1,1,0,0,0,109,0,0,13329,0,1,state 109; completed after N+3
exhaustive_0550,reset,550,1,1,1,0,0,0,0,0,1,0,0,0,0,0,0,0,0,0,00000,0,0,isolate exhaustive state 110
exhaustive_0551,valid_accept,551,0,1,1,0,16384,60948,49151,16384,0,1,0,0,0,0,0,0,0,0,00000,0,0,state 110; accepted
exhaustive_0552,pipeline_wait,552,0,0,1,0,0,0,0,0,0,1,0,0,0,0,0,0,0,0,00000,0,0,registered pipeline wait 1
exhaustive_0553,pipeline_wait,553,0,0,1,0,0,0,0,0,0,1,0,0,0,0,0,0,0,0,00000,0,0,registered pipeline wait 2
exhaustive_0554,all_256_states,554,0,0,1,0,0,0,0,0,1,0,1,1,0,0,0,110,0,0,13329,0,1,state 110; completed after N+3
exhaustive_0555,reset,555,1,1,1,0,0,0,0,0,1,0,0,0,0,0,0,0,0,0,00000,0,0,isolate exhaustive state 111
exhaustive_0556,valid_accept,556,0,1,1,0,16384,60948,49151,32768,0,1,0,0,0,0,0,0,0,0,00000,0,0,state 111; accepted
exhaustive_0557,pipeline_wait,557,0,0,1,0,0,0,0,0,0,1,0,0,0,0,0,0,0,0,00000,0,0,registered pipeline wait 1
exhaustive_0558,pipeline_wait,558,0,0,1,0,0,0,0,0,0,1,0,0,0,0,0,0,0,0,00000,0,0,registered pipeline wait 2
exhaustive_0559,all_256_states,559,0,0,1,0,0,0,0,0,1,0,1,1,0,0,0,111,0,0,13329,0,1,state 111; completed after N+3
exhaustive_0560,reset,560,1,1,1,0,0,0,0,0,1,0,0,0,0,0,0,0,0,0,00000,0,0,isolate exhaustive state 112
exhaustive_0561,valid_accept,561,0,1,1,0,16384,62914,0,0,0,1,0,0,0,0,0,0,0,0,00000,0,0,state 112; accepted
exhaustive_0562,pipeline_wait,562,0,0,1,0,0,0,0,0,0,1,0,0,0,0,0,0,0,0,00000,0,0,registered pipeline wait 1
exhaustive_0563,pipeline_wait,563,0,0,1,0,0,0,0,0,0,1,0,0,0,0,0,0,0,0,00000,0,0,registered pipeline wait 2
exhaustive_0564,all_256_states,564,0,0,1,0,0,0,0,0,1,0,1,1,0,0,0,112,0,0,13329,0,1,state 112; completed after N+3
exhaustive_0565,reset,565,1,1,1,0,0,0,0,0,1,0,0,0,0,0,0,0,0,0,00000,0,0,isolate exhaustive state 113
exhaustive_0566,valid_accept,566,0,1,1,0,16384,62914,0,8192,0,1,0,0,0,0,0,0,0,0,00000,0,0,state 113; accepted
exhaustive_0567,pipeline_wait,567,0,0,1,0,0,0,0,0,0,1,0,0,0,0,0,0,0,0,00000,0,0,registered pipeline wait 1
exhaustive_0568,pipeline_wait,568,0,0,1,0,0,0,0,0,0,1,0,0,0,0,0,0,0,0,00000,0,0,registered pipeline wait 2
exhaustive_0569,all_256_states,569,0,0,1,0,0,0,0,0,1,0,1,1,0,0,0,113,1,1,1B516,0,1,state 113; completed after N+3
exhaustive_0570,reset,570,1,1,1,0,0,0,0,0,1,0,0,0,0,0,0,0,0,0,00000,0,0,isolate exhaustive state 114
exhaustive_0571,valid_accept,571,0,1,1,0,16384,62914,0,16384,0,1,0,0,0,0,0,0,0,0,00000,0,0,state 114; accepted
exhaustive_0572,pipeline_wait,572,0,0,1,0,0,0,0,0,0,1,0,0,0,0,0,0,0,0,00000,0,0,registered pipeline wait 1
exhaustive_0573,pipeline_wait,573,0,0,1,0,0,0,0,0,0,1,0,0,0,0,0,0,0,0,00000,0,0,registered pipeline wait 2
exhaustive_0574,all_256_states,574,0,0,1,0,0,0,0,0,1,0,1,1,0,0,0,114,2,2,14399,0,1,state 114; completed after N+3
exhaustive_0575,reset,575,1,1,1,0,0,0,0,0,1,0,0,0,0,0,0,0,0,0,00000,0,0,isolate exhaustive state 115
exhaustive_0576,valid_accept,576,0,1,1,0,16384,62914,0,32768,0,1,0,0,0,0,0,0,0,0,00000,0,0,state 115; accepted
exhaustive_0577,pipeline_wait,577,0,0,1,0,0,0,0,0,0,1,0,0,0,0,0,0,0,0,00000,0,0,registered pipeline wait 1
exhaustive_0578,pipeline_wait,578,0,0,1,0,0,0,0,0,0,1,0,0,0,0,0,0,0,0,00000,0,0,registered pipeline wait 2
exhaustive_0579,all_256_states,579,0,0,1,0,0,0,0,0,1,0,1,1,0,0,0,115,2,2,14399,0,1,state 115; completed after N+3
exhaustive_0580,reset,580,1,1,1,0,0,0,0,0,1,0,0,0,0,0,0,0,0,0,00000,0,0,isolate exhaustive state 116
exhaustive_0581,valid_accept,581,0,1,1,0,16384,62914,16384,0,0,1,0,0,0,0,0,0,0,0,00000,0,0,state 116; accepted
exhaustive_0582,pipeline_wait,582,0,0,1,0,0,0,0,0,0,1,0,0,0,0,0,0,0,0,00000,0,0,registered pipeline wait 1
exhaustive_0583,pipeline_wait,583,0,0,1,0,0,0,0,0,0,1,0,0,0,0,0,0,0,0,00000,0,0,registered pipeline wait 2
exhaustive_0584,all_256_states,584,0,0,1,0,0,0,0,0,1,0,1,1,0,0,0,116,0,0,13329,0,1,state 116; completed after N+3
exhaustive_0585,reset,585,1,1,1,0,0,0,0,0,1,0,0,0,0,0,0,0,0,0,00000,0,0,isolate exhaustive state 117
exhaustive_0586,valid_accept,586,0,1,1,0,16384,62914,16384,8192,0,1,0,0,0,0,0,0,0,0,00000,0,0,state 117; accepted
exhaustive_0587,pipeline_wait,587,0,0,1,0,0,0,0,0,0,1,0,0,0,0,0,0,0,0,00000,0,0,registered pipeline wait 1
exhaustive_0588,pipeline_wait,588,0,0,1,0,0,0,0,0,0,1,0,0,0,0,0,0,0,0,00000,0,0,registered pipeline wait 2
exhaustive_0589,all_256_states,589,0,0,1,0,0,0,0,0,1,0,1,1,0,0,0,117,1,1,1B516,0,1,state 117; completed after N+3
exhaustive_0590,reset,590,1,1,1,0,0,0,0,0,1,0,0,0,0,0,0,0,0,0,00000,0,0,isolate exhaustive state 118
exhaustive_0591,valid_accept,591,0,1,1,0,16384,62914,16384,16384,0,1,0,0,0,0,0,0,0,0,00000,0,0,state 118; accepted
exhaustive_0592,pipeline_wait,592,0,0,1,0,0,0,0,0,0,1,0,0,0,0,0,0,0,0,00000,0,0,registered pipeline wait 1
exhaustive_0593,pipeline_wait,593,0,0,1,0,0,0,0,0,0,1,0,0,0,0,0,0,0,0,00000,0,0,registered pipeline wait 2
exhaustive_0594,all_256_states,594,0,0,1,0,0,0,0,0,1,0,1,1,0,0,0,118,0,0,13329,0,1,state 118; completed after N+3
exhaustive_0595,reset,595,1,1,1,0,0,0,0,0,1,0,0,0,0,0,0,0,0,0,00000,0,0,isolate exhaustive state 119
exhaustive_0596,valid_accept,596,0,1,1,0,16384,62914,16384,32768,0,1,0,0,0,0,0,0,0,0,00000,0,0,state 119; accepted
exhaustive_0597,pipeline_wait,597,0,0,1,0,0,0,0,0,0,1,0,0,0,0,0,0,0,0,00000,0,0,registered pipeline wait 1
exhaustive_0598,pipeline_wait,598,0,0,1,0,0,0,0,0,0,1,0,0,0,0,0,0,0,0,00000,0,0,registered pipeline wait 2
exhaustive_0599,all_256_states,599,0,0,1,0,0,0,0,0,1,0,1,1,0,0,0,119,0,0,13329,0,1,state 119; completed after N+3
exhaustive_0600,reset,600,1,1,1,0,0,0,0,0,1,0,0,0,0,0,0,0,0,0,00000,0,0,isolate exhaustive state 120
exhaustive_0601,valid_accept,601,0,1,1,0,16384,62914,32768,0,0,1,0,0,0,0,0,0,0,0,00000,0,0,state 120; accepted
exhaustive_0602,pipeline_wait,602,0,0,1,0,0,0,0,0,0,1,0,0,0,0,0,0,0,0,00000,0,0,registered pipeline wait 1
exhaustive_0603,pipeline_wait,603,0,0,1,0,0,0,0,0,0,1,0,0,0,0,0,0,0,0,00000,0,0,registered pipeline wait 2
exhaustive_0604,all_256_states,604,0,0,1,0,0,0,0,0,1,0,1,1,0,0,0,120,0,0,13329,0,1,state 120; completed after N+3
exhaustive_0605,reset,605,1,1,1,0,0,0,0,0,1,0,0,0,0,0,0,0,0,0,00000,0,0,isolate exhaustive state 121
exhaustive_0606,valid_accept,606,0,1,1,0,16384,62914,32768,8192,0,1,0,0,0,0,0,0,0,0,00000,0,0,state 121; accepted
exhaustive_0607,pipeline_wait,607,0,0,1,0,0,0,0,0,0,1,0,0,0,0,0,0,0,0,00000,0,0,registered pipeline wait 1
exhaustive_0608,pipeline_wait,608,0,0,1,0,0,0,0,0,0,1,0,0,0,0,0,0,0,0,00000,0,0,registered pipeline wait 2
exhaustive_0609,all_256_states,609,0,0,1,0,0,0,0,0,1,0,1,1,0,0,0,121,0,0,13329,0,1,state 121; completed after N+3
exhaustive_0610,reset,610,1,1,1,0,0,0,0,0,1,0,0,0,0,0,0,0,0,0,00000,0,0,isolate exhaustive state 122
exhaustive_0611,valid_accept,611,0,1,1,0,16384,62914,32768,16384,0,1,0,0,0,0,0,0,0,0,00000,0,0,state 122; accepted
exhaustive_0612,pipeline_wait,612,0,0,1,0,0,0,0,0,0,1,0,0,0,0,0,0,0,0,00000,0,0,registered pipeline wait 1
exhaustive_0613,pipeline_wait,613,0,0,1,0,0,0,0,0,0,1,0,0,0,0,0,0,0,0,00000,0,0,registered pipeline wait 2
exhaustive_0614,all_256_states,614,0,0,1,0,0,0,0,0,1,0,1,1,0,0,0,122,2,2,14399,0,1,state 122; completed after N+3
exhaustive_0615,reset,615,1,1,1,0,0,0,0,0,1,0,0,0,0,0,0,0,0,0,00000,0,0,isolate exhaustive state 123
exhaustive_0616,valid_accept,616,0,1,1,0,16384,62914,32768,32768,0,1,0,0,0,0,0,0,0,0,00000,0,0,state 123; accepted
exhaustive_0617,pipeline_wait,617,0,0,1,0,0,0,0,0,0,1,0,0,0,0,0,0,0,0,00000,0,0,registered pipeline wait 1
exhaustive_0618,pipeline_wait,618,0,0,1,0,0,0,0,0,0,1,0,0,0,0,0,0,0,0,00000,0,0,registered pipeline wait 2
exhaustive_0619,all_256_states,619,0,0,1,0,0,0,0,0,1,0,1,1,0,0,0,123,1,1,1B516,0,1,state 123; completed after N+3
exhaustive_0620,reset,620,1,1,1,0,0,0,0,0,1,0,0,0,0,0,0,0,0,0,00000,0,0,isolate exhaustive state 124
exhaustive_0621,valid_accept,621,0,1,1,0,16384,62914,49151,0,0,1,0,0,0,0,0,0,0,0,00000,0,0,state 124; accepted
exhaustive_0622,pipeline_wait,622,0,0,1,0,0,0,0,0,0,1,0,0,0,0,0,0,0,0,00000,0,0,registered pipeline wait 1
exhaustive_0623,pipeline_wait,623,0,0,1,0,0,0,0,0,0,1,0,0,0,0,0,0,0,0,00000,0,0,registered pipeline wait 2
exhaustive_0624,all_256_states,624,0,0,1,0,0,0,0,0,1,0,1,1,0,0,0,124,0,0,13329,0,1,state 124; completed after N+3
exhaustive_0625,reset,625,1,1,1,0,0,0,0,0,1,0,0,0,0,0,0,0,0,0,00000,0,0,isolate exhaustive state 125
exhaustive_0626,valid_accept,626,0,1,1,0,16384,62914,49151,8192,0,1,0,0,0,0,0,0,0,0,00000,0,0,state 125; accepted
exhaustive_0627,pipeline_wait,627,0,0,1,0,0,0,0,0,0,1,0,0,0,0,0,0,0,0,00000,0,0,registered pipeline wait 1
exhaustive_0628,pipeline_wait,628,0,0,1,0,0,0,0,0,0,1,0,0,0,0,0,0,0,0,00000,0,0,registered pipeline wait 2
exhaustive_0629,all_256_states,629,0,0,1,0,0,0,0,0,1,0,1,1,0,0,0,125,2,2,14399,0,1,state 125; completed after N+3
exhaustive_0630,reset,630,1,1,1,0,0,0,0,0,1,0,0,0,0,0,0,0,0,0,00000,0,0,isolate exhaustive state 126
exhaustive_0631,valid_accept,631,0,1,1,0,16384,62914,49151,16384,0,1,0,0,0,0,0,0,0,0,00000,0,0,state 126; accepted
exhaustive_0632,pipeline_wait,632,0,0,1,0,0,0,0,0,0,1,0,0,0,0,0,0,0,0,00000,0,0,registered pipeline wait 1
exhaustive_0633,pipeline_wait,633,0,0,1,0,0,0,0,0,0,1,0,0,0,0,0,0,0,0,00000,0,0,registered pipeline wait 2
exhaustive_0634,all_256_states,634,0,0,1,0,0,0,0,0,1,0,1,1,0,0,0,126,3,3,0A2A5,0,1,state 126; completed after N+3
exhaustive_0635,reset,635,1,1,1,0,0,0,0,0,1,0,0,0,0,0,0,0,0,0,00000,0,0,isolate exhaustive state 127
exhaustive_0636,valid_accept,636,0,1,1,0,16384,62914,49151,32768,0,1,0,0,0,0,0,0,0,0,00000,0,0,state 127; accepted
exhaustive_0637,pipeline_wait,637,0,0,1,0,0,0,0,0,0,1,0,0,0,0,0,0,0,0,00000,0,0,registered pipeline wait 1
exhaustive_0638,pipeline_wait,638,0,0,1,0,0,0,0,0,0,1,0,0,0,0,0,0,0,0,00000,0,0,registered pipeline wait 2
exhaustive_0639,all_256_states,639,0,0,1,0,0,0,0,0,1,0,1,1,0,0,0,127,3,3,0A2A5,0,1,state 127; completed after N+3
exhaustive_0640,reset,640,1,1,1,0,0,0,0,0,1,0,0,0,0,0,0,0,0,0,00000,0,0,isolate exhaustive state 128
exhaustive_0641,valid_accept,641,0,1,1,0,32768,0,0,0,0,1,0,0,0,0,0,0,0,0,00000,0,0,state 128; accepted
exhaustive_0642,pipeline_wait,642,0,0,1,0,0,0,0,0,0,1,0,0,0,0,0,0,0,0,00000,0,0,registered pipeline wait 1
exhaustive_0643,pipeline_wait,643,0,0,1,0,0,0,0,0,0,1,0,0,0,0,0,0,0,0,00000,0,0,registered pipeline wait 2
exhaustive_0644,all_256_states,644,0,0,1,0,0,0,0,0,1,0,1,1,0,0,0,128,0,0,13329,0,1,state 128; completed after N+3
exhaustive_0645,reset,645,1,1,1,0,0,0,0,0,1,0,0,0,0,0,0,0,0,0,00000,0,0,isolate exhaustive state 129
exhaustive_0646,valid_accept,646,0,1,1,0,32768,0,0,8192,0,1,0,0,0,0,0,0,0,0,00000,0,0,state 129; accepted
exhaustive_0647,pipeline_wait,647,0,0,1,0,0,0,0,0,0,1,0,0,0,0,0,0,0,0,00000,0,0,registered pipeline wait 1
exhaustive_0648,pipeline_wait,648,0,0,1,0,0,0,0,0,0,1,0,0,0,0,0,0,0,0,00000,0,0,registered pipeline wait 2
exhaustive_0649,all_256_states,649,0,0,1,0,0,0,0,0,1,0,1,1,0,0,0,129,0,0,13329,0,1,state 129; completed after N+3
exhaustive_0650,reset,650,1,1,1,0,0,0,0,0,1,0,0,0,0,0,0,0,0,0,00000,0,0,isolate exhaustive state 130
exhaustive_0651,valid_accept,651,0,1,1,0,32768,0,0,16384,0,1,0,0,0,0,0,0,0,0,00000,0,0,state 130; accepted
exhaustive_0652,pipeline_wait,652,0,0,1,0,0,0,0,0,0,1,0,0,0,0,0,0,0,0,00000,0,0,registered pipeline wait 1
exhaustive_0653,pipeline_wait,653,0,0,1,0,0,0,0,0,0,1,0,0,0,0,0,0,0,0,00000,0,0,registered pipeline wait 2
exhaustive_0654,all_256_states,654,0,0,1,0,0,0,0,0,1,0,1,1,0,0,0,130,0,0,13329,0,1,state 130; completed after N+3
exhaustive_0655,reset,655,1,1,1,0,0,0,0,0,1,0,0,0,0,0,0,0,0,0,00000,0,0,isolate exhaustive state 131
exhaustive_0656,valid_accept,656,0,1,1,0,32768,0,0,32768,0,1,0,0,0,0,0,0,0,0,00000,0,0,state 131; accepted
exhaustive_0657,pipeline_wait,657,0,0,1,0,0,0,0,0,0,1,0,0,0,0,0,0,0,0,00000,0,0,registered pipeline wait 1
exhaustive_0658,pipeline_wait,658,0,0,1,0,0,0,0,0,0,1,0,0,0,0,0,0,0,0,00000,0,0,registered pipeline wait 2
exhaustive_0659,all_256_states,659,0,0,1,0,0,0,0,0,1,0,1,1,0,0,0,131,0,0,13329,0,1,state 131; completed after N+3
exhaustive_0660,reset,660,1,1,1,0,0,0,0,0,1,0,0,0,0,0,0,0,0,0,00000,0,0,isolate exhaustive state 132
exhaustive_0661,valid_accept,661,0,1,1,0,32768,0,16384,0,0,1,0,0,0,0,0,0,0,0,00000,0,0,state 132; accepted
exhaustive_0662,pipeline_wait,662,0,0,1,0,0,0,0,0,0,1,0,0,0,0,0,0,0,0,00000,0,0,registered pipeline wait 1
exhaustive_0663,pipeline_wait,663,0,0,1,0,0,0,0,0,0,1,0,0,0,0,0,0,0,0,00000,0,0,registered pipeline wait 2
exhaustive_0664,all_256_states,664,0,0,1,0,0,0,0,0,1,0,1,1,0,0,0,132,0,0,13329,0,1,state 132; completed after N+3
exhaustive_0665,reset,665,1,1,1,0,0,0,0,0,1,0,0,0,0,0,0,0,0,0,00000,0,0,isolate exhaustive state 133
exhaustive_0666,valid_accept,666,0,1,1,0,32768,0,16384,8192,0,1,0,0,0,0,0,0,0,0,00000,0,0,state 133; accepted
exhaustive_0667,pipeline_wait,667,0,0,1,0,0,0,0,0,0,1,0,0,0,0,0,0,0,0,00000,0,0,registered pipeline wait 1
exhaustive_0668,pipeline_wait,668,0,0,1,0,0,0,0,0,0,1,0,0,0,0,0,0,0,0,00000,0,0,registered pipeline wait 2
exhaustive_0669,all_256_states,669,0,0,1,0,0,0,0,0,1,0,1,1,0,0,0,133,0,0,13329,0,1,state 133; completed after N+3
exhaustive_0670,reset,670,1,1,1,0,0,0,0,0,1,0,0,0,0,0,0,0,0,0,00000,0,0,isolate exhaustive state 134
exhaustive_0671,valid_accept,671,0,1,1,0,32768,0,16384,16384,0,1,0,0,0,0,0,0,0,0,00000,0,0,state 134; accepted
exhaustive_0672,pipeline_wait,672,0,0,1,0,0,0,0,0,0,1,0,0,0,0,0,0,0,0,00000,0,0,registered pipeline wait 1
exhaustive_0673,pipeline_wait,673,0,0,1,0,0,0,0,0,0,1,0,0,0,0,0,0,0,0,00000,0,0,registered pipeline wait 2
exhaustive_0674,all_256_states,674,0,0,1,0,0,0,0,0,1,0,1,1,0,0,0,134,0,0,13329,0,1,state 134; completed after N+3
exhaustive_0675,reset,675,1,1,1,0,0,0,0,0,1,0,0,0,0,0,0,0,0,0,00000,0,0,isolate exhaustive state 135
exhaustive_0676,valid_accept,676,0,1,1,0,32768,0,16384,32768,0,1,0,0,0,0,0,0,0,0,00000,0,0,state 135; accepted
exhaustive_0677,pipeline_wait,677,0,0,1,0,0,0,0,0,0,1,0,0,0,0,0,0,0,0,00000,0,0,registered pipeline wait 1
exhaustive_0678,pipeline_wait,678,0,0,1,0,0,0,0,0,0,1,0,0,0,0,0,0,0,0,00000,0,0,registered pipeline wait 2
exhaustive_0679,all_256_states,679,0,0,1,0,0,0,0,0,1,0,1,1,0,0,0,135,0,0,13329,0,1,state 135; completed after N+3
exhaustive_0680,reset,680,1,1,1,0,0,0,0,0,1,0,0,0,0,0,0,0,0,0,00000,0,0,isolate exhaustive state 136
exhaustive_0681,valid_accept,681,0,1,1,0,32768,0,32768,0,0,1,0,0,0,0,0,0,0,0,00000,0,0,state 136; accepted
exhaustive_0682,pipeline_wait,682,0,0,1,0,0,0,0,0,0,1,0,0,0,0,0,0,0,0,00000,0,0,registered pipeline wait 1
exhaustive_0683,pipeline_wait,683,0,0,1,0,0,0,0,0,0,1,0,0,0,0,0,0,0,0,00000,0,0,registered pipeline wait 2
exhaustive_0684,all_256_states,684,0,0,1,0,0,0,0,0,1,0,1,1,0,0,0,136,0,0,13329,0,1,state 136; completed after N+3
exhaustive_0685,reset,685,1,1,1,0,0,0,0,0,1,0,0,0,0,0,0,0,0,0,00000,0,0,isolate exhaustive state 137
exhaustive_0686,valid_accept,686,0,1,1,0,32768,0,32768,8192,0,1,0,0,0,0,0,0,0,0,00000,0,0,state 137; accepted
exhaustive_0687,pipeline_wait,687,0,0,1,0,0,0,0,0,0,1,0,0,0,0,0,0,0,0,00000,0,0,registered pipeline wait 1
exhaustive_0688,pipeline_wait,688,0,0,1,0,0,0,0,0,0,1,0,0,0,0,0,0,0,0,00000,0,0,registered pipeline wait 2
exhaustive_0689,all_256_states,689,0,0,1,0,0,0,0,0,1,0,1,1,0,0,0,137,0,0,13329,0,1,state 137; completed after N+3
exhaustive_0690,reset,690,1,1,1,0,0,0,0,0,1,0,0,0,0,0,0,0,0,0,00000,0,0,isolate exhaustive state 138
exhaustive_0691,valid_accept,691,0,1,1,0,32768,0,32768,16384,0,1,0,0,0,0,0,0,0,0,00000,0,0,state 138; accepted
exhaustive_0692,pipeline_wait,692,0,0,1,0,0,0,0,0,0,1,0,0,0,0,0,0,0,0,00000,0,0,registered pipeline wait 1
exhaustive_0693,pipeline_wait,693,0,0,1,0,0,0,0,0,0,1,0,0,0,0,0,0,0,0,00000,0,0,registered pipeline wait 2
exhaustive_0694,all_256_states,694,0,0,1,0,0,0,0,0,1,0,1,1,0,0,0,138,0,0,13329,0,1,state 138; completed after N+3
exhaustive_0695,reset,695,1,1,1,0,0,0,0,0,1,0,0,0,0,0,0,0,0,0,00000,0,0,isolate exhaustive state 139
exhaustive_0696,valid_accept,696,0,1,1,0,32768,0,32768,32768,0,1,0,0,0,0,0,0,0,0,00000,0,0,state 139; accepted
exhaustive_0697,pipeline_wait,697,0,0,1,0,0,0,0,0,0,1,0,0,0,0,0,0,0,0,00000,0,0,registered pipeline wait 1
exhaustive_0698,pipeline_wait,698,0,0,1,0,0,0,0,0,0,1,0,0,0,0,0,0,0,0,00000,0,0,registered pipeline wait 2
exhaustive_0699,all_256_states,699,0,0,1,0,0,0,0,0,1,0,1,1,0,0,0,139,0,0,13329,0,1,state 139; completed after N+3
exhaustive_0700,reset,700,1,1,1,0,0,0,0,0,1,0,0,0,0,0,0,0,0,0,00000,0,0,isolate exhaustive state 140
exhaustive_0701,valid_accept,701,0,1,1,0,32768,0,49151,0,0,1,0,0,0,0,0,0,0,0,00000,0,0,state 140; accepted
exhaustive_0702,pipeline_wait,702,0,0,1,0,0,0,0,0,0,1,0,0,0,0,0,0,0,0,00000,0,0,registered pipeline wait 1
exhaustive_0703,pipeline_wait,703,0,0,1,0,0,0,0,0,0,1,0,0,0,0,0,0,0,0,00000,0,0,registered pipeline wait 2
exhaustive_0704,all_256_states,704,0,0,1,0,0,0,0,0,1,0,1,1,0,0,0,140,0,0,13329,0,1,state 140; completed after N+3
exhaustive_0705,reset,705,1,1,1,0,0,0,0,0,1,0,0,0,0,0,0,0,0,0,00000,0,0,isolate exhaustive state 141
exhaustive_0706,valid_accept,706,0,1,1,0,32768,0,49151,8192,0,1,0,0,0,0,0,0,0,0,00000,0,0,state 141; accepted
exhaustive_0707,pipeline_wait,707,0,0,1,0,0,0,0,0,0,1,0,0,0,0,0,0,0,0,00000,0,0,registered pipeline wait 1
exhaustive_0708,pipeline_wait,708,0,0,1,0,0,0,0,0,0,1,0,0,0,0,0,0,0,0,00000,0,0,registered pipeline wait 2
exhaustive_0709,all_256_states,709,0,0,1,0,0,0,0,0,1,0,1,1,0,0,0,141,0,0,13329,0,1,state 141; completed after N+3
exhaustive_0710,reset,710,1,1,1,0,0,0,0,0,1,0,0,0,0,0,0,0,0,0,00000,0,0,isolate exhaustive state 142
exhaustive_0711,valid_accept,711,0,1,1,0,32768,0,49151,16384,0,1,0,0,0,0,0,0,0,0,00000,0,0,state 142; accepted
exhaustive_0712,pipeline_wait,712,0,0,1,0,0,0,0,0,0,1,0,0,0,0,0,0,0,0,00000,0,0,registered pipeline wait 1
exhaustive_0713,pipeline_wait,713,0,0,1,0,0,0,0,0,0,1,0,0,0,0,0,0,0,0,00000,0,0,registered pipeline wait 2
exhaustive_0714,all_256_states,714,0,0,1,0,0,0,0,0,1,0,1,1,0,0,0,142,0,0,13329,0,1,state 142; completed after N+3
exhaustive_0715,reset,715,1,1,1,0,0,0,0,0,1,0,0,0,0,0,0,0,0,0,00000,0,0,isolate exhaustive state 143
exhaustive_0716,valid_accept,716,0,1,1,0,32768,0,49151,32768,0,1,0,0,0,0,0,0,0,0,00000,0,0,state 143; accepted
exhaustive_0717,pipeline_wait,717,0,0,1,0,0,0,0,0,0,1,0,0,0,0,0,0,0,0,00000,0,0,registered pipeline wait 1
exhaustive_0718,pipeline_wait,718,0,0,1,0,0,0,0,0,0,1,0,0,0,0,0,0,0,0,00000,0,0,registered pipeline wait 2
exhaustive_0719,all_256_states,719,0,0,1,0,0,0,0,0,1,0,1,1,0,0,0,143,0,0,13329,0,1,state 143; completed after N+3
exhaustive_0720,reset,720,1,1,1,0,0,0,0,0,1,0,0,0,0,0,0,0,0,0,00000,0,0,isolate exhaustive state 144
exhaustive_0721,valid_accept,721,0,1,1,0,32768,58982,0,0,0,1,0,0,0,0,0,0,0,0,00000,0,0,state 144; accepted
exhaustive_0722,pipeline_wait,722,0,0,1,0,0,0,0,0,0,1,0,0,0,0,0,0,0,0,00000,0,0,registered pipeline wait 1
exhaustive_0723,pipeline_wait,723,0,0,1,0,0,0,0,0,0,1,0,0,0,0,0,0,0,0,00000,0,0,registered pipeline wait 2
exhaustive_0724,all_256_states,724,0,0,1,0,0,0,0,0,1,0,1,1,0,0,0,144,3,3,0A2A5,0,1,state 144; completed after N+3
exhaustive_0725,reset,725,1,1,1,0,0,0,0,0,1,0,0,0,0,0,0,0,0,0,00000,0,0,isolate exhaustive state 145
exhaustive_0726,valid_accept,726,0,1,1,0,32768,58982,0,8192,0,1,0,0,0,0,0,0,0,0,00000,0,0,state 145; accepted
exhaustive_0727,pipeline_wait,727,0,0,1,0,0,0,0,0,0,1,0,0,0,0,0,0,0,0,00000,0,0,registered pipeline wait 1
exhaustive_0728,pipeline_wait,728,0,0,1,0,0,0,0,0,0,1,0,0,0,0,0,0,0,0,00000,0,0,registered pipeline wait 2
exhaustive_0729,all_256_states,729,0,0,1,0,0,0,0,0,1,0,1,1,0,0,0,145,1,1,1B516,0,1,state 145; completed after N+3
exhaustive_0730,reset,730,1,1,1,0,0,0,0,0,1,0,0,0,0,0,0,0,0,0,00000,0,0,isolate exhaustive state 146
exhaustive_0731,valid_accept,731,0,1,1,0,32768,58982,0,16384,0,1,0,0,0,0,0,0,0,0,00000,0,0,state 146; accepted
exhaustive_0732,pipeline_wait,732,0,0,1,0,0,0,0,0,0,1,0,0,0,0,0,0,0,0,00000,0,0,registered pipeline wait 1
exhaustive_0733,pipeline_wait,733,0,0,1,0,0,0,0,0,0,1,0,0,0,0,0,0,0,0,00000,0,0,registered pipeline wait 2
exhaustive_0734,all_256_states,734,0,0,1,0,0,0,0,0,1,0,1,1,0,0,0,146,2,2,14399,0,1,state 146; completed after N+3
exhaustive_0735,reset,735,1,1,1,0,0,0,0,0,1,0,0,0,0,0,0,0,0,0,00000,0,0,isolate exhaustive state 147
exhaustive_0736,valid_accept,736,0,1,1,0,32768,58982,0,32768,0,1,0,0,0,0,0,0,0,0,00000,0,0,state 147; accepted
exhaustive_0737,pipeline_wait,737,0,0,1,0,0,0,0,0,0,1,0,0,0,0,0,0,0,0,00000,0,0,registered pipeline wait 1
exhaustive_0738,pipeline_wait,738,0,0,1,0,0,0,0,0,0,1,0,0,0,0,0,0,0,0,00000,0,0,registered pipeline wait 2
exhaustive_0739,all_256_states,739,0,0,1,0,0,0,0,0,1,0,1,1,0,0,0,147,0,0,13329,0,1,state 147; completed after N+3
exhaustive_0740,reset,740,1,1,1,0,0,0,0,0,1,0,0,0,0,0,0,0,0,0,00000,0,0,isolate exhaustive state 148
exhaustive_0741,valid_accept,741,0,1,1,0,32768,58982,16384,0,0,1,0,0,0,0,0,0,0,0,00000,0,0,state 148; accepted
exhaustive_0742,pipeline_wait,742,0,0,1,0,0,0,0,0,0,1,0,0,0,0,0,0,0,0,00000,0,0,registered pipeline wait 1
exhaustive_0743,pipeline_wait,743,0,0,1,0,0,0,0,0,0,1,0,0,0,0,0,0,0,0,00000,0,0,registered pipeline wait 2
exhaustive_0744,all_256_states,744,0,0,1,0,0,0,0,0,1,0,1,1,0,0,0,148,2,2,14399,0,1,state 148; completed after N+3
exhaustive_0745,reset,745,1,1,1,0,0,0,0,0,1,0,0,0,0,0,0,0,0,0,00000,0,0,isolate exhaustive state 149
exhaustive_0746,valid_accept,746,0,1,1,0,32768,58982,16384,8192,0,1,0,0,0,0,0,0,0,0,00000,0,0,state 149; accepted
exhaustive_0747,pipeline_wait,747,0,0,1,0,0,0,0,0,0,1,0,0,0,0,0,0,0,0,00000,0,0,registered pipeline wait 1
exhaustive_0748,pipeline_wait,748,0,0,1,0,0,0,0,0,0,1,0,0,0,0,0,0,0,0,00000,0,0,registered pipeline wait 2
exhaustive_0749,all_256_states,749,0,0,1,0,0,0,0,0,1,0,1,1,0,0,0,149,1,1,1B516,0,1,state 149; completed after N+3
exhaustive_0750,reset,750,1,1,1,0,0,0,0,0,1,0,0,0,0,0,0,0,0,0,00000,0,0,isolate exhaustive state 150
exhaustive_0751,valid_accept,751,0,1,1,0,32768,58982,16384,16384,0,1,0,0,0,0,0,0,0,0,00000,0,0,state 150; accepted
exhaustive_0752,pipeline_wait,752,0,0,1,0,0,0,0,0,0,1,0,0,0,0,0,0,0,0,00000,0,0,registered pipeline wait 1
exhaustive_0753,pipeline_wait,753,0,0,1,0,0,0,0,0,0,1,0,0,0,0,0,0,0,0,00000,0,0,registered pipeline wait 2
exhaustive_0754,all_256_states,754,0,0,1,0,0,0,0,0,1,0,1,1,0,0,0,150,2,2,14399,0,1,state 150; completed after N+3
exhaustive_0755,reset,755,1,1,1,0,0,0,0,0,1,0,0,0,0,0,0,0,0,0,00000,0,0,isolate exhaustive state 151
exhaustive_0756,valid_accept,756,0,1,1,0,32768,58982,16384,32768,0,1,0,0,0,0,0,0,0,0,00000,0,0,state 151; accepted
exhaustive_0757,pipeline_wait,757,0,0,1,0,0,0,0,0,0,1,0,0,0,0,0,0,0,0,00000,0,0,registered pipeline wait 1
exhaustive_0758,pipeline_wait,758,0,0,1,0,0,0,0,0,0,1,0,0,0,0,0,0,0,0,00000,0,0,registered pipeline wait 2
exhaustive_0759,all_256_states,759,0,0,1,0,0,0,0,0,1,0,1,1,0,0,0,151,2,2,14399,0,1,state 151; completed after N+3
exhaustive_0760,reset,760,1,1,1,0,0,0,0,0,1,0,0,0,0,0,0,0,0,0,00000,0,0,isolate exhaustive state 152
exhaustive_0761,valid_accept,761,0,1,1,0,32768,58982,32768,0,0,1,0,0,0,0,0,0,0,0,00000,0,0,state 152; accepted
exhaustive_0762,pipeline_wait,762,0,0,1,0,0,0,0,0,0,1,0,0,0,0,0,0,0,0,00000,0,0,registered pipeline wait 1
exhaustive_0763,pipeline_wait,763,0,0,1,0,0,0,0,0,0,1,0,0,0,0,0,0,0,0,00000,0,0,registered pipeline wait 2
exhaustive_0764,all_256_states,764,0,0,1,0,0,0,0,0,1,0,1,1,0,0,0,152,1,1,1B516,0,1,state 152; completed after N+3
exhaustive_0765,reset,765,1,1,1,0,0,0,0,0,1,0,0,0,0,0,0,0,0,0,00000,0,0,isolate exhaustive state 153
exhaustive_0766,valid_accept,766,0,1,1,0,32768,58982,32768,8192,0,1,0,0,0,0,0,0,0,0,00000,0,0,state 153; accepted
exhaustive_0767,pipeline_wait,767,0,0,1,0,0,0,0,0,0,1,0,0,0,0,0,0,0,0,00000,0,0,registered pipeline wait 1
exhaustive_0768,pipeline_wait,768,0,0,1,0,0,0,0,0,0,1,0,0,0,0,0,0,0,0,00000,0,0,registered pipeline wait 2
exhaustive_0769,all_256_states,769,0,0,1,0,0,0,0,0,1,0,1,1,0,0,0,153,1,1,1B516,0,1,state 153; completed after N+3
exhaustive_0770,reset,770,1,1,1,0,0,0,0,0,1,0,0,0,0,0,0,0,0,0,00000,0,0,isolate exhaustive state 154
exhaustive_0771,valid_accept,771,0,1,1,0,32768,58982,32768,16384,0,1,0,0,0,0,0,0,0,0,00000,0,0,state 154; accepted
exhaustive_0772,pipeline_wait,772,0,0,1,0,0,0,0,0,0,1,0,0,0,0,0,0,0,0,00000,0,0,registered pipeline wait 1
exhaustive_0773,pipeline_wait,773,0,0,1,0,0,0,0,0,0,1,0,0,0,0,0,0,0,0,00000,0,0,registered pipeline wait 2
exhaustive_0774,all_256_states,774,0,0,1,0,0,0,0,0,1,0,1,1,0,0,0,154,3,3,0A2A5,0,1,state 154; completed after N+3
exhaustive_0775,reset,775,1,1,1,0,0,0,0,0,1,0,0,0,0,0,0,0,0,0,00000,0,0,isolate exhaustive state 155
exhaustive_0776,valid_accept,776,0,1,1,0,32768,58982,32768,32768,0,1,0,0,0,0,0,0,0,0,00000,0,0,state 155; accepted
exhaustive_0777,pipeline_wait,777,0,0,1,0,0,0,0,0,0,1,0,0,0,0,0,0,0,0,00000,0,0,registered pipeline wait 1
exhaustive_0778,pipeline_wait,778,0,0,1,0,0,0,0,0,0,1,0,0,0,0,0,0,0,0,00000,0,0,registered pipeline wait 2
exhaustive_0779,all_256_states,779,0,0,1,0,0,0,0,0,1,0,1,1,0,0,0,155,2,2,14399,0,1,state 155; completed after N+3
exhaustive_0780,reset,780,1,1,1,0,0,0,0,0,1,0,0,0,0,0,0,0,0,0,00000,0,0,isolate exhaustive state 156
exhaustive_0781,valid_accept,781,0,1,1,0,32768,58982,49151,0,0,1,0,0,0,0,0,0,0,0,00000,0,0,state 156; accepted
exhaustive_0782,pipeline_wait,782,0,0,1,0,0,0,0,0,0,1,0,0,0,0,0,0,0,0,00000,0,0,registered pipeline wait 1
exhaustive_0783,pipeline_wait,783,0,0,1,0,0,0,0,0,0,1,0,0,0,0,0,0,0,0,00000,0,0,registered pipeline wait 2
exhaustive_0784,all_256_states,784,0,0,1,0,0,0,0,0,1,0,1,1,0,0,0,156,2,2,14399,0,1,state 156; completed after N+3
exhaustive_0785,reset,785,1,1,1,0,0,0,0,0,1,0,0,0,0,0,0,0,0,0,00000,0,0,isolate exhaustive state 157
exhaustive_0786,valid_accept,786,0,1,1,0,32768,58982,49151,8192,0,1,0,0,0,0,0,0,0,0,00000,0,0,state 157; accepted
exhaustive_0787,pipeline_wait,787,0,0,1,0,0,0,0,0,0,1,0,0,0,0,0,0,0,0,00000,0,0,registered pipeline wait 1
exhaustive_0788,pipeline_wait,788,0,0,1,0,0,0,0,0,0,1,0,0,0,0,0,0,0,0,00000,0,0,registered pipeline wait 2
exhaustive_0789,all_256_states,789,0,0,1,0,0,0,0,0,1,0,1,1,0,0,0,157,1,1,1B516,0,1,state 157; completed after N+3
exhaustive_0790,reset,790,1,1,1,0,0,0,0,0,1,0,0,0,0,0,0,0,0,0,00000,0,0,isolate exhaustive state 158
exhaustive_0791,valid_accept,791,0,1,1,0,32768,58982,49151,16384,0,1,0,0,0,0,0,0,0,0,00000,0,0,state 158; accepted
exhaustive_0792,pipeline_wait,792,0,0,1,0,0,0,0,0,0,1,0,0,0,0,0,0,0,0,00000,0,0,registered pipeline wait 1
exhaustive_0793,pipeline_wait,793,0,0,1,0,0,0,0,0,0,1,0,0,0,0,0,0,0,0,00000,0,0,registered pipeline wait 2
exhaustive_0794,all_256_states,794,0,0,1,0,0,0,0,0,1,0,1,1,0,0,0,158,1,1,1B516,0,1,state 158; completed after N+3
exhaustive_0795,reset,795,1,1,1,0,0,0,0,0,1,0,0,0,0,0,0,0,0,0,00000,0,0,isolate exhaustive state 159
exhaustive_0796,valid_accept,796,0,1,1,0,32768,58982,49151,32768,0,1,0,0,0,0,0,0,0,0,00000,0,0,state 159; accepted
exhaustive_0797,pipeline_wait,797,0,0,1,0,0,0,0,0,0,1,0,0,0,0,0,0,0,0,00000,0,0,registered pipeline wait 1
exhaustive_0798,pipeline_wait,798,0,0,1,0,0,0,0,0,0,1,0,0,0,0,0,0,0,0,00000,0,0,registered pipeline wait 2
exhaustive_0799,all_256_states,799,0,0,1,0,0,0,0,0,1,0,1,1,0,0,0,159,2,2,14399,0,1,state 159; completed after N+3
exhaustive_0800,reset,800,1,1,1,0,0,0,0,0,1,0,0,0,0,0,0,0,0,0,00000,0,0,isolate exhaustive state 160
exhaustive_0801,valid_accept,801,0,1,1,0,32768,60948,0,0,0,1,0,0,0,0,0,0,0,0,00000,0,0,state 160; accepted
exhaustive_0802,pipeline_wait,802,0,0,1,0,0,0,0,0,0,1,0,0,0,0,0,0,0,0,00000,0,0,registered pipeline wait 1
exhaustive_0803,pipeline_wait,803,0,0,1,0,0,0,0,0,0,1,0,0,0,0,0,0,0,0,00000,0,0,registered pipeline wait 2
exhaustive_0804,all_256_states,804,0,0,1,0,0,0,0,0,1,0,1,1,0,0,0,160,1,1,1B516,0,1,state 160; completed after N+3
exhaustive_0805,reset,805,1,1,1,0,0,0,0,0,1,0,0,0,0,0,0,0,0,0,00000,0,0,isolate exhaustive state 161
exhaustive_0806,valid_accept,806,0,1,1,0,32768,60948,0,8192,0,1,0,0,0,0,0,0,0,0,00000,0,0,state 161; accepted
exhaustive_0807,pipeline_wait,807,0,0,1,0,0,0,0,0,0,1,0,0,0,0,0,0,0,0,00000,0,0,registered pipeline wait 1
exhaustive_0808,pipeline_wait,808,0,0,1,0,0,0,0,0,0,1,0,0,0,0,0,0,0,0,00000,0,0,registered pipeline wait 2
exhaustive_0809,all_256_states,809,0,0,1,0,0,0,0,0,1,0,1,1,0,0,0,161,1,1,1B516,0,1,state 161; completed after N+3
exhaustive_0810,reset,810,1,1,1,0,0,0,0,0,1,0,0,0,0,0,0,0,0,0,00000,0,0,isolate exhaustive state 162
exhaustive_0811,valid_accept,811,0,1,1,0,32768,60948,0,16384,0,1,0,0,0,0,0,0,0,0,00000,0,0,state 162; accepted
exhaustive_0812,pipeline_wait,812,0,0,1,0,0,0,0,0,0,1,0,0,0,0,0,0,0,0,00000,0,0,registered pipeline wait 1
exhaustive_0813,pipeline_wait,813,0,0,1,0,0,0,0,0,0,1,0,0,0,0,0,0,0,0,00000,0,0,registered pipeline wait 2
exhaustive_0814,all_256_states,814,0,0,1,0,0,0,0,0,1,0,1,1,0,0,0,162,3,3,0A2A5,0,1,state 162; completed after N+3
exhaustive_0815,reset,815,1,1,1,0,0,0,0,0,1,0,0,0,0,0,0,0,0,0,00000,0,0,isolate exhaustive state 163
exhaustive_0816,valid_accept,816,0,1,1,0,32768,60948,0,32768,0,1,0,0,0,0,0,0,0,0,00000,0,0,state 163; accepted
exhaustive_0817,pipeline_wait,817,0,0,1,0,0,0,0,0,0,1,0,0,0,0,0,0,0,0,00000,0,0,registered pipeline wait 1
exhaustive_0818,pipeline_wait,818,0,0,1,0,0,0,0,0,0,1,0,0,0,0,0,0,0,0,00000,0,0,registered pipeline wait 2
exhaustive_0819,all_256_states,819,0,0,1,0,0,0,0,0,1,0,1,1,0,0,0,163,0,0,13329,0,1,state 163; completed after N+3
exhaustive_0820,reset,820,1,1,1,0,0,0,0,0,1,0,0,0,0,0,0,0,0,0,00000,0,0,isolate exhaustive state 164
exhaustive_0821,valid_accept,821,0,1,1,0,32768,60948,16384,0,0,1,0,0,0,0,0,0,0,0,00000,0,0,state 164; accepted
exhaustive_0822,pipeline_wait,822,0,0,1,0,0,0,0,0,0,1,0,0,0,0,0,0,0,0,00000,0,0,registered pipeline wait 1
exhaustive_0823,pipeline_wait,823,0,0,1,0,0,0,0,0,0,1,0,0,0,0,0,0,0,0,00000,0,0,registered pipeline wait 2
exhaustive_0824,all_256_states,824,0,0,1,0,0,0,0,0,1,0,1,1,0,0,0,164,2,2,14399,0,1,state 164; completed after N+3
exhaustive_0825,reset,825,1,1,1,0,0,0,0,0,1,0,0,0,0,0,0,0,0,0,00000,0,0,isolate exhaustive state 165
exhaustive_0826,valid_accept,826,0,1,1,0,32768,60948,16384,8192,0,1,0,0,0,0,0,0,0,0,00000,0,0,state 165; accepted
exhaustive_0827,pipeline_wait,827,0,0,1,0,0,0,0,0,0,1,0,0,0,0,0,0,0,0,00000,0,0,registered pipeline wait 1
exhaustive_0828,pipeline_wait,828,0,0,1,0,0,0,0,0,0,1,0,0,0,0,0,0,0,0,00000,0,0,registered pipeline wait 2
exhaustive_0829,all_256_states,829,0,0,1,0,0,0,0,0,1,0,1,1,0,0,0,165,0,0,13329,0,1,state 165; completed after N+3
exhaustive_0830,reset,830,1,1,1,0,0,0,0,0,1,0,0,0,0,0,0,0,0,0,00000,0,0,isolate exhaustive state 166
exhaustive_0831,valid_accept,831,0,1,1,0,32768,60948,16384,16384,0,1,0,0,0,0,0,0,0,0,00000,0,0,state 166; accepted
exhaustive_0832,pipeline_wait,832,0,0,1,0,0,0,0,0,0,1,0,0,0,0,0,0,0,0,00000,0,0,registered pipeline wait 1
exhaustive_0833,pipeline_wait,833,0,0,1,0,0,0,0,0,0,1,0,0,0,0,0,0,0,0,00000,0,0,registered pipeline wait 2
exhaustive_0834,all_256_states,834,0,0,1,0,0,0,0,0,1,0,1,1,0,0,0,166,3,3,0A2A5,0,1,state 166; completed after N+3
exhaustive_0835,reset,835,1,1,1,0,0,0,0,0,1,0,0,0,0,0,0,0,0,0,00000,0,0,isolate exhaustive state 167
exhaustive_0836,valid_accept,836,0,1,1,0,32768,60948,16384,32768,0,1,0,0,0,0,0,0,0,0,00000,0,0,state 167; accepted
exhaustive_0837,pipeline_wait,837,0,0,1,0,0,0,0,0,0,1,0,0,0,0,0,0,0,0,00000,0,0,registered pipeline wait 1
exhaustive_0838,pipeline_wait,838,0,0,1,0,0,0,0,0,0,1,0,0,0,0,0,0,0,0,00000,0,0,registered pipeline wait 2
exhaustive_0839,all_256_states,839,0,0,1,0,0,0,0,0,1,0,1,1,0,0,0,167,0,0,13329,0,1,state 167; completed after N+3
exhaustive_0840,reset,840,1,1,1,0,0,0,0,0,1,0,0,0,0,0,0,0,0,0,00000,0,0,isolate exhaustive state 168
exhaustive_0841,valid_accept,841,0,1,1,0,32768,60948,32768,0,0,1,0,0,0,0,0,0,0,0,00000,0,0,state 168; accepted
exhaustive_0842,pipeline_wait,842,0,0,1,0,0,0,0,0,0,1,0,0,0,0,0,0,0,0,00000,0,0,registered pipeline wait 1
exhaustive_0843,pipeline_wait,843,0,0,1,0,0,0,0,0,0,1,0,0,0,0,0,0,0,0,00000,0,0,registered pipeline wait 2
exhaustive_0844,all_256_states,844,0,0,1,0,0,0,0,0,1,0,1,1,0,0,0,168,0,0,13329,0,1,state 168; completed after N+3
exhaustive_0845,reset,845,1,1,1,0,0,0,0,0,1,0,0,0,0,0,0,0,0,0,00000,0,0,isolate exhaustive state 169
exhaustive_0846,valid_accept,846,0,1,1,0,32768,60948,32768,8192,0,1,0,0,0,0,0,0,0,0,00000,0,0,state 169; accepted
exhaustive_0847,pipeline_wait,847,0,0,1,0,0,0,0,0,0,1,0,0,0,0,0,0,0,0,00000,0,0,registered pipeline wait 1
exhaustive_0848,pipeline_wait,848,0,0,1,0,0,0,0,0,0,1,0,0,0,0,0,0,0,0,00000,0,0,registered pipeline wait 2
exhaustive_0849,all_256_states,849,0,0,1,0,0,0,0,0,1,0,1,1,0,0,0,169,3,3,0A2A5,0,1,state 169; completed after N+3
exhaustive_0850,reset,850,1,1,1,0,0,0,0,0,1,0,0,0,0,0,0,0,0,0,00000,0,0,isolate exhaustive state 170
exhaustive_0851,valid_accept,851,0,1,1,0,32768,60948,32768,16384,0,1,0,0,0,0,0,0,0,0,00000,0,0,state 170; accepted
exhaustive_0852,pipeline_wait,852,0,0,1,0,0,0,0,0,0,1,0,0,0,0,0,0,0,0,00000,0,0,registered pipeline wait 1
exhaustive_0853,pipeline_wait,853,0,0,1,0,0,0,0,0,0,1,0,0,0,0,0,0,0,0,00000,0,0,registered pipeline wait 2
exhaustive_0854,all_256_states,854,0,0,1,0,0,0,0,0,1,0,1,1,0,0,0,170,0,0,13329,0,1,state 170; completed after N+3
exhaustive_0855,reset,855,1,1,1,0,0,0,0,0,1,0,0,0,0,0,0,0,0,0,00000,0,0,isolate exhaustive state 171
exhaustive_0856,valid_accept,856,0,1,1,0,32768,60948,32768,32768,0,1,0,0,0,0,0,0,0,0,00000,0,0,state 171; accepted
exhaustive_0857,pipeline_wait,857,0,0,1,0,0,0,0,0,0,1,0,0,0,0,0,0,0,0,00000,0,0,registered pipeline wait 1
exhaustive_0858,pipeline_wait,858,0,0,1,0,0,0,0,0,0,1,0,0,0,0,0,0,0,0,00000,0,0,registered pipeline wait 2
exhaustive_0859,all_256_states,859,0,0,1,0,0,0,0,0,1,0,1,1,0,0,0,171,0,0,13329,0,1,state 171; completed after N+3
exhaustive_0860,reset,860,1,1,1,0,0,0,0,0,1,0,0,0,0,0,0,0,0,0,00000,0,0,isolate exhaustive state 172
exhaustive_0861,valid_accept,861,0,1,1,0,32768,60948,49151,0,0,1,0,0,0,0,0,0,0,0,00000,0,0,state 172; accepted
exhaustive_0862,pipeline_wait,862,0,0,1,0,0,0,0,0,0,1,0,0,0,0,0,0,0,0,00000,0,0,registered pipeline wait 1
exhaustive_0863,pipeline_wait,863,0,0,1,0,0,0,0,0,0,1,0,0,0,0,0,0,0,0,00000,0,0,registered pipeline wait 2
exhaustive_0864,all_256_states,864,0,0,1,0,0,0,0,0,1,0,1,1,0,0,0,172,1,1,1B516,0,1,state 172; completed after N+3
exhaustive_0865,reset,865,1,1,1,0,0,0,0,0,1,0,0,0,0,0,0,0,0,0,00000,0,0,isolate exhaustive state 173
exhaustive_0866,valid_accept,866,0,1,1,0,32768,60948,49151,8192,0,1,0,0,0,0,0,0,0,0,00000,0,0,state 173; accepted
exhaustive_0867,pipeline_wait,867,0,0,1,0,0,0,0,0,0,1,0,0,0,0,0,0,0,0,00000,0,0,registered pipeline wait 1
exhaustive_0868,pipeline_wait,868,0,0,1,0,0,0,0,0,0,1,0,0,0,0,0,0,0,0,00000,0,0,registered pipeline wait 2
exhaustive_0869,all_256_states,869,0,0,1,0,0,0,0,0,1,0,1,1,0,0,0,173,1,1,1B516,0,1,state 173; completed after N+3
exhaustive_0870,reset,870,1,1,1,0,0,0,0,0,1,0,0,0,0,0,0,0,0,0,00000,0,0,isolate exhaustive state 174
exhaustive_0871,valid_accept,871,0,1,1,0,32768,60948,49151,16384,0,1,0,0,0,0,0,0,0,0,00000,0,0,state 174; accepted
exhaustive_0872,pipeline_wait,872,0,0,1,0,0,0,0,0,0,1,0,0,0,0,0,0,0,0,00000,0,0,registered pipeline wait 1
exhaustive_0873,pipeline_wait,873,0,0,1,0,0,0,0,0,0,1,0,0,0,0,0,0,0,0,00000,0,0,registered pipeline wait 2
exhaustive_0874,all_256_states,874,0,0,1,0,0,0,0,0,1,0,1,1,0,0,0,174,0,0,13329,0,1,state 174; completed after N+3
exhaustive_0875,reset,875,1,1,1,0,0,0,0,0,1,0,0,0,0,0,0,0,0,0,00000,0,0,isolate exhaustive state 175
exhaustive_0876,valid_accept,876,0,1,1,0,32768,60948,49151,32768,0,1,0,0,0,0,0,0,0,0,00000,0,0,state 175; accepted
exhaustive_0877,pipeline_wait,877,0,0,1,0,0,0,0,0,0,1,0,0,0,0,0,0,0,0,00000,0,0,registered pipeline wait 1
exhaustive_0878,pipeline_wait,878,0,0,1,0,0,0,0,0,0,1,0,0,0,0,0,0,0,0,00000,0,0,registered pipeline wait 2
exhaustive_0879,all_256_states,879,0,0,1,0,0,0,0,0,1,0,1,1,0,0,0,175,1,1,1B516,0,1,state 175; completed after N+3
exhaustive_0880,reset,880,1,1,1,0,0,0,0,0,1,0,0,0,0,0,0,0,0,0,00000,0,0,isolate exhaustive state 176
exhaustive_0881,valid_accept,881,0,1,1,0,32768,62914,0,0,0,1,0,0,0,0,0,0,0,0,00000,0,0,state 176; accepted
exhaustive_0882,pipeline_wait,882,0,0,1,0,0,0,0,0,0,1,0,0,0,0,0,0,0,0,00000,0,0,registered pipeline wait 1
exhaustive_0883,pipeline_wait,883,0,0,1,0,0,0,0,0,0,1,0,0,0,0,0,0,0,0,00000,0,0,registered pipeline wait 2
exhaustive_0884,all_256_states,884,0,0,1,0,0,0,0,0,1,0,1,1,0,0,0,176,1,1,1B516,0,1,state 176; completed after N+3
exhaustive_0885,reset,885,1,1,1,0,0,0,0,0,1,0,0,0,0,0,0,0,0,0,00000,0,0,isolate exhaustive state 177
exhaustive_0886,valid_accept,886,0,1,1,0,32768,62914,0,8192,0,1,0,0,0,0,0,0,0,0,00000,0,0,state 177; accepted
exhaustive_0887,pipeline_wait,887,0,0,1,0,0,0,0,0,0,1,0,0,0,0,0,0,0,0,00000,0,0,registered pipeline wait 1
exhaustive_0888,pipeline_wait,888,0,0,1,0,0,0,0,0,0,1,0,0,0,0,0,0,0,0,00000,0,0,registered pipeline wait 2
exhaustive_0889,all_256_states,889,0,0,1,0,0,0,0,0,1,0,1,1,0,0,0,177,0,0,13329,0,1,state 177; completed after N+3
exhaustive_0890,reset,890,1,1,1,0,0,0,0,0,1,0,0,0,0,0,0,0,0,0,00000,0,0,isolate exhaustive state 178
exhaustive_0891,valid_accept,891,0,1,1,0,32768,62914,0,16384,0,1,0,0,0,0,0,0,0,0,00000,0,0,state 178; accepted
exhaustive_0892,pipeline_wait,892,0,0,1,0,0,0,0,0,0,1,0,0,0,0,0,0,0,0,00000,0,0,registered pipeline wait 1
exhaustive_0893,pipeline_wait,893,0,0,1,0,0,0,0,0,0,1,0,0,0,0,0,0,0,0,00000,0,0,registered pipeline wait 2
exhaustive_0894,all_256_states,894,0,0,1,0,0,0,0,0,1,0,1,1,0,0,0,178,2,2,14399,0,1,state 178; completed after N+3
exhaustive_0895,reset,895,1,1,1,0,0,0,0,0,1,0,0,0,0,0,0,0,0,0,00000,0,0,isolate exhaustive state 179
exhaustive_0896,valid_accept,896,0,1,1,0,32768,62914,0,32768,0,1,0,0,0,0,0,0,0,0,00000,0,0,state 179; accepted
exhaustive_0897,pipeline_wait,897,0,0,1,0,0,0,0,0,0,1,0,0,0,0,0,0,0,0,00000,0,0,registered pipeline wait 1
exhaustive_0898,pipeline_wait,898,0,0,1,0,0,0,0,0,0,1,0,0,0,0,0,0,0,0,00000,0,0,registered pipeline wait 2
exhaustive_0899,all_256_states,899,0,0,1,0,0,0,0,0,1,0,1,1,0,0,0,179,0,0,13329,0,1,state 179; completed after N+3
exhaustive_0900,reset,900,1,1,1,0,0,0,0,0,1,0,0,0,0,0,0,0,0,0,00000,0,0,isolate exhaustive state 180
exhaustive_0901,valid_accept,901,0,1,1,0,32768,62914,16384,0,0,1,0,0,0,0,0,0,0,0,00000,0,0,state 180; accepted
exhaustive_0902,pipeline_wait,902,0,0,1,0,0,0,0,0,0,1,0,0,0,0,0,0,0,0,00000,0,0,registered pipeline wait 1
exhaustive_0903,pipeline_wait,903,0,0,1,0,0,0,0,0,0,1,0,0,0,0,0,0,0,0,00000,0,0,registered pipeline wait 2
exhaustive_0904,all_256_states,904,0,0,1,0,0,0,0,0,1,0,1,1,0,0,0,180,1,1,1B516,0,1,state 180; completed after N+3
exhaustive_0905,reset,905,1,1,1,0,0,0,0,0,1,0,0,0,0,0,0,0,0,0,00000,0,0,isolate exhaustive state 181
exhaustive_0906,valid_accept,906,0,1,1,0,32768,62914,16384,8192,0,1,0,0,0,0,0,0,0,0,00000,0,0,state 181; accepted
exhaustive_0907,pipeline_wait,907,0,0,1,0,0,0,0,0,0,1,0,0,0,0,0,0,0,0,00000,0,0,registered pipeline wait 1
exhaustive_0908,pipeline_wait,908,0,0,1,0,0,0,0,0,0,1,0,0,0,0,0,0,0,0,00000,0,0,registered pipeline wait 2
exhaustive_0909,all_256_states,909,0,0,1,0,0,0,0,0,1,0,1,1,0,0,0,181,0,0,13329,0,1,state 181; completed after N+3
exhaustive_0910,reset,910,1,1,1,0,0,0,0,0,1,0,0,0,0,0,0,0,0,0,00000,0,0,isolate exhaustive state 182
exhaustive_0911,valid_accept,911,0,1,1,0,32768,62914,16384,16384,0,1,0,0,0,0,0,0,0,0,00000,0,0,state 182; accepted
exhaustive_0912,pipeline_wait,912,0,0,1,0,0,0,0,0,0,1,0,0,0,0,0,0,0,0,00000,0,0,registered pipeline wait 1
exhaustive_0913,pipeline_wait,913,0,0,1,0,0,0,0,0,0,1,0,0,0,0,0,0,0,0,00000,0,0,registered pipeline wait 2
exhaustive_0914,all_256_states,914,0,0,1,0,0,0,0,0,1,0,1,1,0,0,0,182,1,1,1B516,0,1,state 182; completed after N+3
exhaustive_0915,reset,915,1,1,1,0,0,0,0,0,1,0,0,0,0,0,0,0,0,0,00000,0,0,isolate exhaustive state 183
exhaustive_0916,valid_accept,916,0,1,1,0,32768,62914,16384,32768,0,1,0,0,0,0,0,0,0,0,00000,0,0,state 183; accepted
exhaustive_0917,pipeline_wait,917,0,0,1,0,0,0,0,0,0,1,0,0,0,0,0,0,0,0,00000,0,0,registered pipeline wait 1
exhaustive_0918,pipeline_wait,918,0,0,1,0,0,0,0,0,0,1,0,0,0,0,0,0,0,0,00000,0,0,registered pipeline wait 2
exhaustive_0919,all_256_states,919,0,0,1,0,0,0,0,0,1,0,1,1,0,0,0,183,0,0,13329,0,1,state 183; completed after N+3
exhaustive_0920,reset,920,1,1,1,0,0,0,0,0,1,0,0,0,0,0,0,0,0,0,00000,0,0,isolate exhaustive state 184
exhaustive_0921,valid_accept,921,0,1,1,0,32768,62914,32768,0,0,1,0,0,0,0,0,0,0,0,00000,0,0,state 184; accepted
exhaustive_0922,pipeline_wait,922,0,0,1,0,0,0,0,0,0,1,0,0,0,0,0,0,0,0,00000,0,0,registered pipeline wait 1
exhaustive_0923,pipeline_wait,923,0,0,1,0,0,0,0,0,0,1,0,0,0,0,0,0,0,0,00000,0,0,registered pipeline wait 2
exhaustive_0924,all_256_states,924,0,0,1,0,0,0,0,0,1,0,1,1,0,0,0,184,3,3,0A2A5,0,1,state 184; completed after N+3
exhaustive_0925,reset,925,1,1,1,0,0,0,0,0,1,0,0,0,0,0,0,0,0,0,00000,0,0,isolate exhaustive state 185
exhaustive_0926,valid_accept,926,0,1,1,0,32768,62914,32768,8192,0,1,0,0,0,0,0,0,0,0,00000,0,0,state 185; accepted
exhaustive_0927,pipeline_wait,927,0,0,1,0,0,0,0,0,0,1,0,0,0,0,0,0,0,0,00000,0,0,registered pipeline wait 1
exhaustive_0928,pipeline_wait,928,0,0,1,0,0,0,0,0,0,1,0,0,0,0,0,0,0,0,00000,0,0,registered pipeline wait 2
exhaustive_0929,all_256_states,929,0,0,1,0,0,0,0,0,1,0,1,1,0,0,0,185,2,2,14399,0,1,state 185; completed after N+3
exhaustive_0930,reset,930,1,1,1,0,0,0,0,0,1,0,0,0,0,0,0,0,0,0,00000,0,0,isolate exhaustive state 186
exhaustive_0931,valid_accept,931,0,1,1,0,32768,62914,32768,16384,0,1,0,0,0,0,0,0,0,0,00000,0,0,state 186; accepted
exhaustive_0932,pipeline_wait,932,0,0,1,0,0,0,0,0,0,1,0,0,0,0,0,0,0,0,00000,0,0,registered pipeline wait 1
exhaustive_0933,pipeline_wait,933,0,0,1,0,0,0,0,0,0,1,0,0,0,0,0,0,0,0,00000,0,0,registered pipeline wait 2
exhaustive_0934,all_256_states,934,0,0,1,0,0,0,0,0,1,0,1,1,0,0,0,186,2,2,14399,0,1,state 186; completed after N+3
exhaustive_0935,reset,935,1,1,1,0,0,0,0,0,1,0,0,0,0,0,0,0,0,0,00000,0,0,isolate exhaustive state 187
exhaustive_0936,valid_accept,936,0,1,1,0,32768,62914,32768,32768,0,1,0,0,0,0,0,0,0,0,00000,0,0,state 187; accepted
exhaustive_0937,pipeline_wait,937,0,0,1,0,0,0,0,0,0,1,0,0,0,0,0,0,0,0,00000,0,0,registered pipeline wait 1
exhaustive_0938,pipeline_wait,938,0,0,1,0,0,0,0,0,0,1,0,0,0,0,0,0,0,0,00000,0,0,registered pipeline wait 2
exhaustive_0939,all_256_states,939,0,0,1,0,0,0,0,0,1,0,1,1,0,0,0,187,2,2,14399,0,1,state 187; completed after N+3
exhaustive_0940,reset,940,1,1,1,0,0,0,0,0,1,0,0,0,0,0,0,0,0,0,00000,0,0,isolate exhaustive state 188
exhaustive_0941,valid_accept,941,0,1,1,0,32768,62914,49151,0,0,1,0,0,0,0,0,0,0,0,00000,0,0,state 188; accepted
exhaustive_0942,pipeline_wait,942,0,0,1,0,0,0,0,0,0,1,0,0,0,0,0,0,0,0,00000,0,0,registered pipeline wait 1
exhaustive_0943,pipeline_wait,943,0,0,1,0,0,0,0,0,0,1,0,0,0,0,0,0,0,0,00000,0,0,registered pipeline wait 2
exhaustive_0944,all_256_states,944,0,0,1,0,0,0,0,0,1,0,1,1,0,0,0,188,3,3,0A2A5,0,1,state 188; completed after N+3
exhaustive_0945,reset,945,1,1,1,0,0,0,0,0,1,0,0,0,0,0,0,0,0,0,00000,0,0,isolate exhaustive state 189
exhaustive_0946,valid_accept,946,0,1,1,0,32768,62914,49151,8192,0,1,0,0,0,0,0,0,0,0,00000,0,0,state 189; accepted
exhaustive_0947,pipeline_wait,947,0,0,1,0,0,0,0,0,0,1,0,0,0,0,0,0,0,0,00000,0,0,registered pipeline wait 1
exhaustive_0948,pipeline_wait,948,0,0,1,0,0,0,0,0,0,1,0,0,0,0,0,0,0,0,00000,0,0,registered pipeline wait 2
exhaustive_0949,all_256_states,949,0,0,1,0,0,0,0,0,1,0,1,1,0,0,0,189,3,3,0A2A5,0,1,state 189; completed after N+3
exhaustive_0950,reset,950,1,1,1,0,0,0,0,0,1,0,0,0,0,0,0,0,0,0,00000,0,0,isolate exhaustive state 190
exhaustive_0951,valid_accept,951,0,1,1,0,32768,62914,49151,16384,0,1,0,0,0,0,0,0,0,0,00000,0,0,state 190; accepted
exhaustive_0952,pipeline_wait,952,0,0,1,0,0,0,0,0,0,1,0,0,0,0,0,0,0,0,00000,0,0,registered pipeline wait 1
exhaustive_0953,pipeline_wait,953,0,0,1,0,0,0,0,0,0,1,0,0,0,0,0,0,0,0,00000,0,0,registered pipeline wait 2
exhaustive_0954,all_256_states,954,0,0,1,0,0,0,0,0,1,0,1,1,0,0,0,190,1,1,1B516,0,1,state 190; completed after N+3
exhaustive_0955,reset,955,1,1,1,0,0,0,0,0,1,0,0,0,0,0,0,0,0,0,00000,0,0,isolate exhaustive state 191
exhaustive_0956,valid_accept,956,0,1,1,0,32768,62914,49151,32768,0,1,0,0,0,0,0,0,0,0,00000,0,0,state 191; accepted
exhaustive_0957,pipeline_wait,957,0,0,1,0,0,0,0,0,0,1,0,0,0,0,0,0,0,0,00000,0,0,registered pipeline wait 1
exhaustive_0958,pipeline_wait,958,0,0,1,0,0,0,0,0,0,1,0,0,0,0,0,0,0,0,00000,0,0,registered pipeline wait 2
exhaustive_0959,all_256_states,959,0,0,1,0,0,0,0,0,1,0,1,1,0,0,0,191,2,2,14399,0,1,state 191; completed after N+3
exhaustive_0960,reset,960,1,1,1,0,0,0,0,0,1,0,0,0,0,0,0,0,0,0,00000,0,0,isolate exhaustive state 192
exhaustive_0961,valid_accept,961,0,1,1,0,49151,0,0,0,0,1,0,0,0,0,0,0,0,0,00000,0,0,state 192; accepted
exhaustive_0962,pipeline_wait,962,0,0,1,0,0,0,0,0,0,1,0,0,0,0,0,0,0,0,00000,0,0,registered pipeline wait 1
exhaustive_0963,pipeline_wait,963,0,0,1,0,0,0,0,0,0,1,0,0,0,0,0,0,0,0,00000,0,0,registered pipeline wait 2
exhaustive_0964,all_256_states,964,0,0,1,0,0,0,0,0,1,0,1,1,0,0,0,192,0,0,13329,0,1,state 192; completed after N+3
exhaustive_0965,reset,965,1,1,1,0,0,0,0,0,1,0,0,0,0,0,0,0,0,0,00000,0,0,isolate exhaustive state 193
exhaustive_0966,valid_accept,966,0,1,1,0,49151,0,0,8192,0,1,0,0,0,0,0,0,0,0,00000,0,0,state 193; accepted
exhaustive_0967,pipeline_wait,967,0,0,1,0,0,0,0,0,0,1,0,0,0,0,0,0,0,0,00000,0,0,registered pipeline wait 1
exhaustive_0968,pipeline_wait,968,0,0,1,0,0,0,0,0,0,1,0,0,0,0,0,0,0,0,00000,0,0,registered pipeline wait 2
exhaustive_0969,all_256_states,969,0,0,1,0,0,0,0,0,1,0,1,1,0,0,0,193,0,0,13329,0,1,state 193; completed after N+3
exhaustive_0970,reset,970,1,1,1,0,0,0,0,0,1,0,0,0,0,0,0,0,0,0,00000,0,0,isolate exhaustive state 194
exhaustive_0971,valid_accept,971,0,1,1,0,49151,0,0,16384,0,1,0,0,0,0,0,0,0,0,00000,0,0,state 194; accepted
exhaustive_0972,pipeline_wait,972,0,0,1,0,0,0,0,0,0,1,0,0,0,0,0,0,0,0,00000,0,0,registered pipeline wait 1
exhaustive_0973,pipeline_wait,973,0,0,1,0,0,0,0,0,0,1,0,0,0,0,0,0,0,0,00000,0,0,registered pipeline wait 2
exhaustive_0974,all_256_states,974,0,0,1,0,0,0,0,0,1,0,1,1,0,0,0,194,0,0,13329,0,1,state 194; completed after N+3
exhaustive_0975,reset,975,1,1,1,0,0,0,0,0,1,0,0,0,0,0,0,0,0,0,00000,0,0,isolate exhaustive state 195
exhaustive_0976,valid_accept,976,0,1,1,0,49151,0,0,32768,0,1,0,0,0,0,0,0,0,0,00000,0,0,state 195; accepted
exhaustive_0977,pipeline_wait,977,0,0,1,0,0,0,0,0,0,1,0,0,0,0,0,0,0,0,00000,0,0,registered pipeline wait 1
exhaustive_0978,pipeline_wait,978,0,0,1,0,0,0,0,0,0,1,0,0,0,0,0,0,0,0,00000,0,0,registered pipeline wait 2
exhaustive_0979,all_256_states,979,0,0,1,0,0,0,0,0,1,0,1,1,0,0,0,195,0,0,13329,0,1,state 195; completed after N+3
exhaustive_0980,reset,980,1,1,1,0,0,0,0,0,1,0,0,0,0,0,0,0,0,0,00000,0,0,isolate exhaustive state 196
exhaustive_0981,valid_accept,981,0,1,1,0,49151,0,16384,0,0,1,0,0,0,0,0,0,0,0,00000,0,0,state 196; accepted
exhaustive_0982,pipeline_wait,982,0,0,1,0,0,0,0,0,0,1,0,0,0,0,0,0,0,0,00000,0,0,registered pipeline wait 1
exhaustive_0983,pipeline_wait,983,0,0,1,0,0,0,0,0,0,1,0,0,0,0,0,0,0,0,00000,0,0,registered pipeline wait 2
exhaustive_0984,all_256_states,984,0,0,1,0,0,0,0,0,1,0,1,1,0,0,0,196,0,0,13329,0,1,state 196; completed after N+3
exhaustive_0985,reset,985,1,1,1,0,0,0,0,0,1,0,0,0,0,0,0,0,0,0,00000,0,0,isolate exhaustive state 197
exhaustive_0986,valid_accept,986,0,1,1,0,49151,0,16384,8192,0,1,0,0,0,0,0,0,0,0,00000,0,0,state 197; accepted
exhaustive_0987,pipeline_wait,987,0,0,1,0,0,0,0,0,0,1,0,0,0,0,0,0,0,0,00000,0,0,registered pipeline wait 1
exhaustive_0988,pipeline_wait,988,0,0,1,0,0,0,0,0,0,1,0,0,0,0,0,0,0,0,00000,0,0,registered pipeline wait 2
exhaustive_0989,all_256_states,989,0,0,1,0,0,0,0,0,1,0,1,1,0,0,0,197,0,0,13329,0,1,state 197; completed after N+3
exhaustive_0990,reset,990,1,1,1,0,0,0,0,0,1,0,0,0,0,0,0,0,0,0,00000,0,0,isolate exhaustive state 198
exhaustive_0991,valid_accept,991,0,1,1,0,49151,0,16384,16384,0,1,0,0,0,0,0,0,0,0,00000,0,0,state 198; accepted
exhaustive_0992,pipeline_wait,992,0,0,1,0,0,0,0,0,0,1,0,0,0,0,0,0,0,0,00000,0,0,registered pipeline wait 1
exhaustive_0993,pipeline_wait,993,0,0,1,0,0,0,0,0,0,1,0,0,0,0,0,0,0,0,00000,0,0,registered pipeline wait 2
exhaustive_0994,all_256_states,994,0,0,1,0,0,0,0,0,1,0,1,1,0,0,0,198,0,0,13329,0,1,state 198; completed after N+3
exhaustive_0995,reset,995,1,1,1,0,0,0,0,0,1,0,0,0,0,0,0,0,0,0,00000,0,0,isolate exhaustive state 199
exhaustive_0996,valid_accept,996,0,1,1,0,49151,0,16384,32768,0,1,0,0,0,0,0,0,0,0,00000,0,0,state 199; accepted
exhaustive_0997,pipeline_wait,997,0,0,1,0,0,0,0,0,0,1,0,0,0,0,0,0,0,0,00000,0,0,registered pipeline wait 1
exhaustive_0998,pipeline_wait,998,0,0,1,0,0,0,0,0,0,1,0,0,0,0,0,0,0,0,00000,0,0,registered pipeline wait 2
exhaustive_0999,all_256_states,999,0,0,1,0,0,0,0,0,1,0,1,1,0,0,0,199,0,0,13329,0,1,state 199; completed after N+3
exhaustive_1000,reset,1000,1,1,1,0,0,0,0,0,1,0,0,0,0,0,0,0,0,0,00000,0,0,isolate exhaustive state 200
exhaustive_1001,valid_accept,1001,0,1,1,0,49151,0,32768,0,0,1,0,0,0,0,0,0,0,0,00000,0,0,state 200; accepted
exhaustive_1002,pipeline_wait,1002,0,0,1,0,0,0,0,0,0,1,0,0,0,0,0,0,0,0,00000,0,0,registered pipeline wait 1
exhaustive_1003,pipeline_wait,1003,0,0,1,0,0,0,0,0,0,1,0,0,0,0,0,0,0,0,00000,0,0,registered pipeline wait 2
exhaustive_1004,all_256_states,1004,0,0,1,0,0,0,0,0,1,0,1,1,0,0,0,200,0,0,13329,0,1,state 200; completed after N+3
exhaustive_1005,reset,1005,1,1,1,0,0,0,0,0,1,0,0,0,0,0,0,0,0,0,00000,0,0,isolate exhaustive state 201
exhaustive_1006,valid_accept,1006,0,1,1,0,49151,0,32768,8192,0,1,0,0,0,0,0,0,0,0,00000,0,0,state 201; accepted
exhaustive_1007,pipeline_wait,1007,0,0,1,0,0,0,0,0,0,1,0,0,0,0,0,0,0,0,00000,0,0,registered pipeline wait 1
exhaustive_1008,pipeline_wait,1008,0,0,1,0,0,0,0,0,0,1,0,0,0,0,0,0,0,0,00000,0,0,registered pipeline wait 2
exhaustive_1009,all_256_states,1009,0,0,1,0,0,0,0,0,1,0,1,1,0,0,0,201,0,0,13329,0,1,state 201; completed after N+3
exhaustive_1010,reset,1010,1,1,1,0,0,0,0,0,1,0,0,0,0,0,0,0,0,0,00000,0,0,isolate exhaustive state 202
exhaustive_1011,valid_accept,1011,0,1,1,0,49151,0,32768,16384,0,1,0,0,0,0,0,0,0,0,00000,0,0,state 202; accepted
exhaustive_1012,pipeline_wait,1012,0,0,1,0,0,0,0,0,0,1,0,0,0,0,0,0,0,0,00000,0,0,registered pipeline wait 1
exhaustive_1013,pipeline_wait,1013,0,0,1,0,0,0,0,0,0,1,0,0,0,0,0,0,0,0,00000,0,0,registered pipeline wait 2
exhaustive_1014,all_256_states,1014,0,0,1,0,0,0,0,0,1,0,1,1,0,0,0,202,0,0,13329,0,1,state 202; completed after N+3
exhaustive_1015,reset,1015,1,1,1,0,0,0,0,0,1,0,0,0,0,0,0,0,0,0,00000,0,0,isolate exhaustive state 203
exhaustive_1016,valid_accept,1016,0,1,1,0,49151,0,32768,32768,0,1,0,0,0,0,0,0,0,0,00000,0,0,state 203; accepted
exhaustive_1017,pipeline_wait,1017,0,0,1,0,0,0,0,0,0,1,0,0,0,0,0,0,0,0,00000,0,0,registered pipeline wait 1
exhaustive_1018,pipeline_wait,1018,0,0,1,0,0,0,0,0,0,1,0,0,0,0,0,0,0,0,00000,0,0,registered pipeline wait 2
exhaustive_1019,all_256_states,1019,0,0,1,0,0,0,0,0,1,0,1,1,0,0,0,203,0,0,13329,0,1,state 203; completed after N+3
exhaustive_1020,reset,1020,1,1,1,0,0,0,0,0,1,0,0,0,0,0,0,0,0,0,00000,0,0,isolate exhaustive state 204
exhaustive_1021,valid_accept,1021,0,1,1,0,49151,0,49151,0,0,1,0,0,0,0,0,0,0,0,00000,0,0,state 204; accepted
exhaustive_1022,pipeline_wait,1022,0,0,1,0,0,0,0,0,0,1,0,0,0,0,0,0,0,0,00000,0,0,registered pipeline wait 1
exhaustive_1023,pipeline_wait,1023,0,0,1,0,0,0,0,0,0,1,0,0,0,0,0,0,0,0,00000,0,0,registered pipeline wait 2
exhaustive_1024,all_256_states,1024,0,0,1,0,0,0,0,0,1,0,1,1,0,0,0,204,0,0,13329,0,1,state 204; completed after N+3
exhaustive_1025,reset,1025,1,1,1,0,0,0,0,0,1,0,0,0,0,0,0,0,0,0,00000,0,0,isolate exhaustive state 205
exhaustive_1026,valid_accept,1026,0,1,1,0,49151,0,49151,8192,0,1,0,0,0,0,0,0,0,0,00000,0,0,state 205; accepted
exhaustive_1027,pipeline_wait,1027,0,0,1,0,0,0,0,0,0,1,0,0,0,0,0,0,0,0,00000,0,0,registered pipeline wait 1
exhaustive_1028,pipeline_wait,1028,0,0,1,0,0,0,0,0,0,1,0,0,0,0,0,0,0,0,00000,0,0,registered pipeline wait 2
exhaustive_1029,all_256_states,1029,0,0,1,0,0,0,0,0,1,0,1,1,0,0,0,205,0,0,13329,0,1,state 205; completed after N+3
exhaustive_1030,reset,1030,1,1,1,0,0,0,0,0,1,0,0,0,0,0,0,0,0,0,00000,0,0,isolate exhaustive state 206
exhaustive_1031,valid_accept,1031,0,1,1,0,49151,0,49151,16384,0,1,0,0,0,0,0,0,0,0,00000,0,0,state 206; accepted
exhaustive_1032,pipeline_wait,1032,0,0,1,0,0,0,0,0,0,1,0,0,0,0,0,0,0,0,00000,0,0,registered pipeline wait 1
exhaustive_1033,pipeline_wait,1033,0,0,1,0,0,0,0,0,0,1,0,0,0,0,0,0,0,0,00000,0,0,registered pipeline wait 2
exhaustive_1034,all_256_states,1034,0,0,1,0,0,0,0,0,1,0,1,1,0,0,0,206,0,0,13329,0,1,state 206; completed after N+3
exhaustive_1035,reset,1035,1,1,1,0,0,0,0,0,1,0,0,0,0,0,0,0,0,0,00000,0,0,isolate exhaustive state 207
exhaustive_1036,valid_accept,1036,0,1,1,0,49151,0,49151,32768,0,1,0,0,0,0,0,0,0,0,00000,0,0,state 207; accepted
exhaustive_1037,pipeline_wait,1037,0,0,1,0,0,0,0,0,0,1,0,0,0,0,0,0,0,0,00000,0,0,registered pipeline wait 1
exhaustive_1038,pipeline_wait,1038,0,0,1,0,0,0,0,0,0,1,0,0,0,0,0,0,0,0,00000,0,0,registered pipeline wait 2
exhaustive_1039,all_256_states,1039,0,0,1,0,0,0,0,0,1,0,1,1,0,0,0,207,0,0,13329,0,1,state 207; completed after N+3
exhaustive_1040,reset,1040,1,1,1,0,0,0,0,0,1,0,0,0,0,0,0,0,0,0,00000,0,0,isolate exhaustive state 208
exhaustive_1041,valid_accept,1041,0,1,1,0,49151,58982,0,0,0,1,0,0,0,0,0,0,0,0,00000,0,0,state 208; accepted
exhaustive_1042,pipeline_wait,1042,0,0,1,0,0,0,0,0,0,1,0,0,0,0,0,0,0,0,00000,0,0,registered pipeline wait 1
exhaustive_1043,pipeline_wait,1043,0,0,1,0,0,0,0,0,0,1,0,0,0,0,0,0,0,0,00000,0,0,registered pipeline wait 2
exhaustive_1044,all_256_states,1044,0,0,1,0,0,0,0,0,1,0,1,1,0,0,0,208,1,1,1B516,0,1,state 208; completed after N+3
exhaustive_1045,reset,1045,1,1,1,0,0,0,0,0,1,0,0,0,0,0,0,0,0,0,00000,0,0,isolate exhaustive state 209
exhaustive_1046,valid_accept,1046,0,1,1,0,49151,58982,0,8192,0,1,0,0,0,0,0,0,0,0,00000,0,0,state 209; accepted
exhaustive_1047,pipeline_wait,1047,0,0,1,0,0,0,0,0,0,1,0,0,0,0,0,0,0,0,00000,0,0,registered pipeline wait 1
exhaustive_1048,pipeline_wait,1048,0,0,1,0,0,0,0,0,0,1,0,0,0,0,0,0,0,0,00000,0,0,registered pipeline wait 2
exhaustive_1049,all_256_states,1049,0,0,1,0,0,0,0,0,1,0,1,1,0,0,0,209,1,1,1B516,0,1,state 209; completed after N+3
exhaustive_1050,reset,1050,1,1,1,0,0,0,0,0,1,0,0,0,0,0,0,0,0,0,00000,0,0,isolate exhaustive state 210
exhaustive_1051,valid_accept,1051,0,1,1,0,49151,58982,0,16384,0,1,0,0,0,0,0,0,0,0,00000,0,0,state 210; accepted
exhaustive_1052,pipeline_wait,1052,0,0,1,0,0,0,0,0,0,1,0,0,0,0,0,0,0,0,00000,0,0,registered pipeline wait 1
exhaustive_1053,pipeline_wait,1053,0,0,1,0,0,0,0,0,0,1,0,0,0,0,0,0,0,0,00000,0,0,registered pipeline wait 2
exhaustive_1054,all_256_states,1054,0,0,1,0,0,0,0,0,1,0,1,1,0,0,0,210,1,1,1B516,0,1,state 210; completed after N+3
exhaustive_1055,reset,1055,1,1,1,0,0,0,0,0,1,0,0,0,0,0,0,0,0,0,00000,0,0,isolate exhaustive state 211
exhaustive_1056,valid_accept,1056,0,1,1,0,49151,58982,0,32768,0,1,0,0,0,0,0,0,0,0,00000,0,0,state 211; accepted
exhaustive_1057,pipeline_wait,1057,0,0,1,0,0,0,0,0,0,1,0,0,0,0,0,0,0,0,00000,0,0,registered pipeline wait 1
exhaustive_1058,pipeline_wait,1058,0,0,1,0,0,0,0,0,0,1,0,0,0,0,0,0,0,0,00000,0,0,registered pipeline wait 2
exhaustive_1059,all_256_states,1059,0,0,1,0,0,0,0,0,1,0,1,1,0,0,0,211,1,1,1B516,0,1,state 211; completed after N+3
exhaustive_1060,reset,1060,1,1,1,0,0,0,0,0,1,0,0,0,0,0,0,0,0,0,00000,0,0,isolate exhaustive state 212
exhaustive_1061,valid_accept,1061,0,1,1,0,49151,58982,16384,0,0,1,0,0,0,0,0,0,0,0,00000,0,0,state 212; accepted
exhaustive_1062,pipeline_wait,1062,0,0,1,0,0,0,0,0,0,1,0,0,0,0,0,0,0,0,00000,0,0,registered pipeline wait 1
exhaustive_1063,pipeline_wait,1063,0,0,1,0,0,0,0,0,0,1,0,0,0,0,0,0,0,0,00000,0,0,registered pipeline wait 2
exhaustive_1064,all_256_states,1064,0,0,1,0,0,0,0,0,1,0,1,1,0,0,0,212,1,1,1B516,0,1,state 212; completed after N+3
exhaustive_1065,reset,1065,1,1,1,0,0,0,0,0,1,0,0,0,0,0,0,0,0,0,00000,0,0,isolate exhaustive state 213
exhaustive_1066,valid_accept,1066,0,1,1,0,49151,58982,16384,8192,0,1,0,0,0,0,0,0,0,0,00000,0,0,state 213; accepted
exhaustive_1067,pipeline_wait,1067,0,0,1,0,0,0,0,0,0,1,0,0,0,0,0,0,0,0,00000,0,0,registered pipeline wait 1
exhaustive_1068,pipeline_wait,1068,0,0,1,0,0,0,0,0,0,1,0,0,0,0,0,0,0,0,00000,0,0,registered pipeline wait 2
exhaustive_1069,all_256_states,1069,0,0,1,0,0,0,0,0,1,0,1,1,0,0,0,213,3,3,0A2A5,0,1,state 213; completed after N+3
exhaustive_1070,reset,1070,1,1,1,0,0,0,0,0,1,0,0,0,0,0,0,0,0,0,00000,0,0,isolate exhaustive state 214
exhaustive_1071,valid_accept,1071,0,1,1,0,49151,58982,16384,16384,0,1,0,0,0,0,0,0,0,0,00000,0,0,state 214; accepted
exhaustive_1072,pipeline_wait,1072,0,0,1,0,0,0,0,0,0,1,0,0,0,0,0,0,0,0,00000,0,0,registered pipeline wait 1
exhaustive_1073,pipeline_wait,1073,0,0,1,0,0,0,0,0,0,1,0,0,0,0,0,0,0,0,00000,0,0,registered pipeline wait 2
exhaustive_1074,all_256_states,1074,0,0,1,0,0,0,0,0,1,0,1,1,0,0,0,214,2,2,14399,0,1,state 214; completed after N+3
exhaustive_1075,reset,1075,1,1,1,0,0,0,0,0,1,0,0,0,0,0,0,0,0,0,00000,0,0,isolate exhaustive state 215
exhaustive_1076,valid_accept,1076,0,1,1,0,49151,58982,16384,32768,0,1,0,0,0,0,0,0,0,0,00000,0,0,state 215; accepted
exhaustive_1077,pipeline_wait,1077,0,0,1,0,0,0,0,0,0,1,0,0,0,0,0,0,0,0,00000,0,0,registered pipeline wait 1
exhaustive_1078,pipeline_wait,1078,0,0,1,0,0,0,0,0,0,1,0,0,0,0,0,0,0,0,00000,0,0,registered pipeline wait 2
exhaustive_1079,all_256_states,1079,0,0,1,0,0,0,0,0,1,0,1,1,0,0,0,215,1,1,1B516,0,1,state 215; completed after N+3
exhaustive_1080,reset,1080,1,1,1,0,0,0,0,0,1,0,0,0,0,0,0,0,0,0,00000,0,0,isolate exhaustive state 216
exhaustive_1081,valid_accept,1081,0,1,1,0,49151,58982,32768,0,0,1,0,0,0,0,0,0,0,0,00000,0,0,state 216; accepted
exhaustive_1082,pipeline_wait,1082,0,0,1,0,0,0,0,0,0,1,0,0,0,0,0,0,0,0,00000,0,0,registered pipeline wait 1
exhaustive_1083,pipeline_wait,1083,0,0,1,0,0,0,0,0,0,1,0,0,0,0,0,0,0,0,00000,0,0,registered pipeline wait 2
exhaustive_1084,all_256_states,1084,0,0,1,0,0,0,0,0,1,0,1,1,0,0,0,216,1,1,1B516,0,1,state 216; completed after N+3
exhaustive_1085,reset,1085,1,1,1,0,0,0,0,0,1,0,0,0,0,0,0,0,0,0,00000,0,0,isolate exhaustive state 217
exhaustive_1086,valid_accept,1086,0,1,1,0,49151,58982,32768,8192,0,1,0,0,0,0,0,0,0,0,00000,0,0,state 217; accepted
exhaustive_1087,pipeline_wait,1087,0,0,1,0,0,0,0,0,0,1,0,0,0,0,0,0,0,0,00000,0,0,registered pipeline wait 1
exhaustive_1088,pipeline_wait,1088,0,0,1,0,0,0,0,0,0,1,0,0,0,0,0,0,0,0,00000,0,0,registered pipeline wait 2
exhaustive_1089,all_256_states,1089,0,0,1,0,0,0,0,0,1,0,1,1,0,0,0,217,3,3,0A2A5,0,1,state 217; completed after N+3
exhaustive_1090,reset,1090,1,1,1,0,0,0,0,0,1,0,0,0,0,0,0,0,0,0,00000,0,0,isolate exhaustive state 218
exhaustive_1091,valid_accept,1091,0,1,1,0,49151,58982,32768,16384,0,1,0,0,0,0,0,0,0,0,00000,0,0,state 218; accepted
exhaustive_1092,pipeline_wait,1092,0,0,1,0,0,0,0,0,0,1,0,0,0,0,0,0,0,0,00000,0,0,registered pipeline wait 1
exhaustive_1093,pipeline_wait,1093,0,0,1,0,0,0,0,0,0,1,0,0,0,0,0,0,0,0,00000,0,0,registered pipeline wait 2
exhaustive_1094,all_256_states,1094,0,0,1,0,0,0,0,0,1,0,1,1,0,0,0,218,3,3,0A2A5,0,1,state 218; completed after N+3
exhaustive_1095,reset,1095,1,1,1,0,0,0,0,0,1,0,0,0,0,0,0,0,0,0,00000,0,0,isolate exhaustive state 219
exhaustive_1096,valid_accept,1096,0,1,1,0,49151,58982,32768,32768,0,1,0,0,0,0,0,0,0,0,00000,0,0,state 219; accepted
exhaustive_1097,pipeline_wait,1097,0,0,1,0,0,0,0,0,0,1,0,0,0,0,0,0,0,0,00000,0,0,registered pipeline wait 1
exhaustive_1098,pipeline_wait,1098,0,0,1,0,0,0,0,0,0,1,0,0,0,0,0,0,0,0,00000,0,0,registered pipeline wait 2
exhaustive_1099,all_256_states,1099,0,0,1,0,0,0,0,0,1,0,1,1,0,0,0,219,1,1,1B516,0,1,state 219; completed after N+3
exhaustive_1100,reset,1100,1,1,1,0,0,0,0,0,1,0,0,0,0,0,0,0,0,0,00000,0,0,isolate exhaustive state 220
exhaustive_1101,valid_accept,1101,0,1,1,0,49151,58982,49151,0,0,1,0,0,0,0,0,0,0,0,00000,0,0,state 220; accepted
exhaustive_1102,pipeline_wait,1102,0,0,1,0,0,0,0,0,0,1,0,0,0,0,0,0,0,0,00000,0,0,registered pipeline wait 1
exhaustive_1103,pipeline_wait,1103,0,0,1,0,0,0,0,0,0,1,0,0,0,0,0,0,0,0,00000,0,0,registered pipeline wait 2
exhaustive_1104,all_256_states,1104,0,0,1,0,0,0,0,0,1,0,1,1,0,0,0,220,1,1,1B516,0,1,state 220; completed after N+3
exhaustive_1105,reset,1105,1,1,1,0,0,0,0,0,1,0,0,0,0,0,0,0,0,0,00000,0,0,isolate exhaustive state 221
exhaustive_1106,valid_accept,1106,0,1,1,0,49151,58982,49151,8192,0,1,0,0,0,0,0,0,0,0,00000,0,0,state 221; accepted
exhaustive_1107,pipeline_wait,1107,0,0,1,0,0,0,0,0,0,1,0,0,0,0,0,0,0,0,00000,0,0,registered pipeline wait 1
exhaustive_1108,pipeline_wait,1108,0,0,1,0,0,0,0,0,0,1,0,0,0,0,0,0,0,0,00000,0,0,registered pipeline wait 2
exhaustive_1109,all_256_states,1109,0,0,1,0,0,0,0,0,1,0,1,1,0,0,0,221,3,3,0A2A5,0,1,state 221; completed after N+3
exhaustive_1110,reset,1110,1,1,1,0,0,0,0,0,1,0,0,0,0,0,0,0,0,0,00000,0,0,isolate exhaustive state 222
exhaustive_1111,valid_accept,1111,0,1,1,0,49151,58982,49151,16384,0,1,0,0,0,0,0,0,0,0,00000,0,0,state 222; accepted
exhaustive_1112,pipeline_wait,1112,0,0,1,0,0,0,0,0,0,1,0,0,0,0,0,0,0,0,00000,0,0,registered pipeline wait 1
exhaustive_1113,pipeline_wait,1113,0,0,1,0,0,0,0,0,0,1,0,0,0,0,0,0,0,0,00000,0,0,registered pipeline wait 2
exhaustive_1114,all_256_states,1114,0,0,1,0,0,0,0,0,1,0,1,1,0,0,0,222,1,1,1B516,0,1,state 222; completed after N+3
exhaustive_1115,reset,1115,1,1,1,0,0,0,0,0,1,0,0,0,0,0,0,0,0,0,00000,0,0,isolate exhaustive state 223
exhaustive_1116,valid_accept,1116,0,1,1,0,49151,58982,49151,32768,0,1,0,0,0,0,0,0,0,0,00000,0,0,state 223; accepted
exhaustive_1117,pipeline_wait,1117,0,0,1,0,0,0,0,0,0,1,0,0,0,0,0,0,0,0,00000,0,0,registered pipeline wait 1
exhaustive_1118,pipeline_wait,1118,0,0,1,0,0,0,0,0,0,1,0,0,0,0,0,0,0,0,00000,0,0,registered pipeline wait 2
exhaustive_1119,all_256_states,1119,0,0,1,0,0,0,0,0,1,0,1,1,0,0,0,223,3,3,0A2A5,0,1,state 223; completed after N+3
exhaustive_1120,reset,1120,1,1,1,0,0,0,0,0,1,0,0,0,0,0,0,0,0,0,00000,0,0,isolate exhaustive state 224
exhaustive_1121,valid_accept,1121,0,1,1,0,49151,60948,0,0,0,1,0,0,0,0,0,0,0,0,00000,0,0,state 224; accepted
exhaustive_1122,pipeline_wait,1122,0,0,1,0,0,0,0,0,0,1,0,0,0,0,0,0,0,0,00000,0,0,registered pipeline wait 1
exhaustive_1123,pipeline_wait,1123,0,0,1,0,0,0,0,0,0,1,0,0,0,0,0,0,0,0,00000,0,0,registered pipeline wait 2
exhaustive_1124,all_256_states,1124,0,0,1,0,0,0,0,0,1,0,1,1,0,0,0,224,3,3,0A2A5,0,1,state 224; completed after N+3
exhaustive_1125,reset,1125,1,1,1,0,0,0,0,0,1,0,0,0,0,0,0,0,0,0,00000,0,0,isolate exhaustive state 225
exhaustive_1126,valid_accept,1126,0,1,1,0,49151,60948,0,8192,0,1,0,0,0,0,0,0,0,0,00000,0,0,state 225; accepted
exhaustive_1127,pipeline_wait,1127,0,0,1,0,0,0,0,0,0,1,0,0,0,0,0,0,0,0,00000,0,0,registered pipeline wait 1
exhaustive_1128,pipeline_wait,1128,0,0,1,0,0,0,0,0,0,1,0,0,0,0,0,0,0,0,00000,0,0,registered pipeline wait 2
exhaustive_1129,all_256_states,1129,0,0,1,0,0,0,0,0,1,0,1,1,0,0,0,225,3,3,0A2A5,0,1,state 225; completed after N+3
exhaustive_1130,reset,1130,1,1,1,0,0,0,0,0,1,0,0,0,0,0,0,0,0,0,00000,0,0,isolate exhaustive state 226
exhaustive_1131,valid_accept,1131,0,1,1,0,49151,60948,0,16384,0,1,0,0,0,0,0,0,0,0,00000,0,0,state 226; accepted
exhaustive_1132,pipeline_wait,1132,0,0,1,0,0,0,0,0,0,1,0,0,0,0,0,0,0,0,00000,0,0,registered pipeline wait 1
exhaustive_1133,pipeline_wait,1133,0,0,1,0,0,0,0,0,0,1,0,0,0,0,0,0,0,0,00000,0,0,registered pipeline wait 2
exhaustive_1134,all_256_states,1134,0,0,1,0,0,0,0,0,1,0,1,1,0,0,0,226,3,3,0A2A5,0,1,state 226; completed after N+3
exhaustive_1135,reset,1135,1,1,1,0,0,0,0,0,1,0,0,0,0,0,0,0,0,0,00000,0,0,isolate exhaustive state 227
exhaustive_1136,valid_accept,1136,0,1,1,0,49151,60948,0,32768,0,1,0,0,0,0,0,0,0,0,00000,0,0,state 227; accepted
exhaustive_1137,pipeline_wait,1137,0,0,1,0,0,0,0,0,0,1,0,0,0,0,0,0,0,0,00000,0,0,registered pipeline wait 1
exhaustive_1138,pipeline_wait,1138,0,0,1,0,0,0,0,0,0,1,0,0,0,0,0,0,0,0,00000,0,0,registered pipeline wait 2
exhaustive_1139,all_256_states,1139,0,0,1,0,0,0,0,0,1,0,1,1,0,0,0,227,1,1,1B516,0,1,state 227; completed after N+3
exhaustive_1140,reset,1140,1,1,1,0,0,0,0,0,1,0,0,0,0,0,0,0,0,0,00000,0,0,isolate exhaustive state 228
exhaustive_1141,valid_accept,1141,0,1,1,0,49151,60948,16384,0,0,1,0,0,0,0,0,0,0,0,00000,0,0,state 228; accepted
exhaustive_1142,pipeline_wait,1142,0,0,1,0,0,0,0,0,0,1,0,0,0,0,0,0,0,0,00000,0,0,registered pipeline wait 1
exhaustive_1143,pipeline_wait,1143,0,0,1,0,0,0,0,0,0,1,0,0,0,0,0,0,0,0,00000,0,0,registered pipeline wait 2
exhaustive_1144,all_256_states,1144,0,0,1,0,0,0,0,0,1,0,1,1,0,0,0,228,0,0,13329,0,1,state 228; completed after N+3
exhaustive_1145,reset,1145,1,1,1,0,0,0,0,0,1,0,0,0,0,0,0,0,0,0,00000,0,0,isolate exhaustive state 229
exhaustive_1146,valid_accept,1146,0,1,1,0,49151,60948,16384,8192,0,1,0,0,0,0,0,0,0,0,00000,0,0,state 229; accepted
exhaustive_1147,pipeline_wait,1147,0,0,1,0,0,0,0,0,0,1,0,0,0,0,0,0,0,0,00000,0,0,registered pipeline wait 1
exhaustive_1148,pipeline_wait,1148,0,0,1,0,0,0,0,0,0,1,0,0,0,0,0,0,0,0,00000,0,0,registered pipeline wait 2
exhaustive_1149,all_256_states,1149,0,0,1,0,0,0,0,0,1,0,1,1,0,0,0,229,0,0,13329,0,1,state 229; completed after N+3
exhaustive_1150,reset,1150,1,1,1,0,0,0,0,0,1,0,0,0,0,0,0,0,0,0,00000,0,0,isolate exhaustive state 230
exhaustive_1151,valid_accept,1151,0,1,1,0,49151,60948,16384,16384,0,1,0,0,0,0,0,0,0,0,00000,0,0,state 230; accepted
exhaustive_1152,pipeline_wait,1152,0,0,1,0,0,0,0,0,0,1,0,0,0,0,0,0,0,0,00000,0,0,registered pipeline wait 1
exhaustive_1153,pipeline_wait,1153,0,0,1,0,0,0,0,0,0,1,0,0,0,0,0,0,0,0,00000,0,0,registered pipeline wait 2
exhaustive_1154,all_256_states,1154,0,0,1,0,0,0,0,0,1,0,1,1,0,0,0,230,2,2,14399,0,1,state 230; completed after N+3
exhaustive_1155,reset,1155,1,1,1,0,0,0,0,0,1,0,0,0,0,0,0,0,0,0,00000,0,0,isolate exhaustive state 231
exhaustive_1156,valid_accept,1156,0,1,1,0,49151,60948,16384,32768,0,1,0,0,0,0,0,0,0,0,00000,0,0,state 231; accepted
exhaustive_1157,pipeline_wait,1157,0,0,1,0,0,0,0,0,0,1,0,0,0,0,0,0,0,0,00000,0,0,registered pipeline wait 1
exhaustive_1158,pipeline_wait,1158,0,0,1,0,0,0,0,0,0,1,0,0,0,0,0,0,0,0,00000,0,0,registered pipeline wait 2
exhaustive_1159,all_256_states,1159,0,0,1,0,0,0,0,0,1,0,1,1,0,0,0,231,1,1,1B516,0,1,state 231; completed after N+3
exhaustive_1160,reset,1160,1,1,1,0,0,0,0,0,1,0,0,0,0,0,0,0,0,0,00000,0,0,isolate exhaustive state 232
exhaustive_1161,valid_accept,1161,0,1,1,0,49151,60948,32768,0,0,1,0,0,0,0,0,0,0,0,00000,0,0,state 232; accepted
exhaustive_1162,pipeline_wait,1162,0,0,1,0,0,0,0,0,0,1,0,0,0,0,0,0,0,0,00000,0,0,registered pipeline wait 1
exhaustive_1163,pipeline_wait,1163,0,0,1,0,0,0,0,0,0,1,0,0,0,0,0,0,0,0,00000,0,0,registered pipeline wait 2
exhaustive_1164,all_256_states,1164,0,0,1,0,0,0,0,0,1,0,1,1,0,0,0,232,0,0,13329,0,1,state 232; completed after N+3
exhaustive_1165,reset,1165,1,1,1,0,0,0,0,0,1,0,0,0,0,0,0,0,0,0,00000,0,0,isolate exhaustive state 233
exhaustive_1166,valid_accept,1166,0,1,1,0,49151,60948,32768,8192,0,1,0,0,0,0,0,0,0,0,00000,0,0,state 233; accepted
exhaustive_1167,pipeline_wait,1167,0,0,1,0,0,0,0,0,0,1,0,0,0,0,0,0,0,0,00000,0,0,registered pipeline wait 1
exhaustive_1168,pipeline_wait,1168,0,0,1,0,0,0,0,0,0,1,0,0,0,0,0,0,0,0,00000,0,0,registered pipeline wait 2
exhaustive_1169,all_256_states,1169,0,0,1,0,0,0,0,0,1,0,1,1,0,0,0,233,0,0,13329,0,1,state 233; completed after N+3
exhaustive_1170,reset,1170,1,1,1,0,0,0,0,0,1,0,0,0,0,0,0,0,0,0,00000,0,0,isolate exhaustive state 234
exhaustive_1171,valid_accept,1171,0,1,1,0,49151,60948,32768,16384,0,1,0,0,0,0,0,0,0,0,00000,0,0,state 234; accepted
exhaustive_1172,pipeline_wait,1172,0,0,1,0,0,0,0,0,0,1,0,0,0,0,0,0,0,0,00000,0,0,registered pipeline wait 1
exhaustive_1173,pipeline_wait,1173,0,0,1,0,0,0,0,0,0,1,0,0,0,0,0,0,0,0,00000,0,0,registered pipeline wait 2
exhaustive_1174,all_256_states,1174,0,0,1,0,0,0,0,0,1,0,1,1,0,0,0,234,2,2,14399,0,1,state 234; completed after N+3
exhaustive_1175,reset,1175,1,1,1,0,0,0,0,0,1,0,0,0,0,0,0,0,0,0,00000,0,0,isolate exhaustive state 235
exhaustive_1176,valid_accept,1176,0,1,1,0,49151,60948,32768,32768,0,1,0,0,0,0,0,0,0,0,00000,0,0,state 235; accepted
exhaustive_1177,pipeline_wait,1177,0,0,1,0,0,0,0,0,0,1,0,0,0,0,0,0,0,0,00000,0,0,registered pipeline wait 1
exhaustive_1178,pipeline_wait,1178,0,0,1,0,0,0,0,0,0,1,0,0,0,0,0,0,0,0,00000,0,0,registered pipeline wait 2
exhaustive_1179,all_256_states,1179,0,0,1,0,0,0,0,0,1,0,1,1,0,0,0,235,3,3,0A2A5,0,1,state 235; completed after N+3
exhaustive_1180,reset,1180,1,1,1,0,0,0,0,0,1,0,0,0,0,0,0,0,0,0,00000,0,0,isolate exhaustive state 236
exhaustive_1181,valid_accept,1181,0,1,1,0,49151,60948,49151,0,0,1,0,0,0,0,0,0,0,0,00000,0,0,state 236; accepted
exhaustive_1182,pipeline_wait,1182,0,0,1,0,0,0,0,0,0,1,0,0,0,0,0,0,0,0,00000,0,0,registered pipeline wait 1
exhaustive_1183,pipeline_wait,1183,0,0,1,0,0,0,0,0,0,1,0,0,0,0,0,0,0,0,00000,0,0,registered pipeline wait 2
exhaustive_1184,all_256_states,1184,0,0,1,0,0,0,0,0,1,0,1,1,0,0,0,236,1,1,1B516,0,1,state 236; completed after N+3
exhaustive_1185,reset,1185,1,1,1,0,0,0,0,0,1,0,0,0,0,0,0,0,0,0,00000,0,0,isolate exhaustive state 237
exhaustive_1186,valid_accept,1186,0,1,1,0,49151,60948,49151,8192,0,1,0,0,0,0,0,0,0,0,00000,0,0,state 237; accepted
exhaustive_1187,pipeline_wait,1187,0,0,1,0,0,0,0,0,0,1,0,0,0,0,0,0,0,0,00000,0,0,registered pipeline wait 1
exhaustive_1188,pipeline_wait,1188,0,0,1,0,0,0,0,0,0,1,0,0,0,0,0,0,0,0,00000,0,0,registered pipeline wait 2
exhaustive_1189,all_256_states,1189,0,0,1,0,0,0,0,0,1,0,1,1,0,0,0,237,0,0,13329,0,1,state 237; completed after N+3
exhaustive_1190,reset,1190,1,1,1,0,0,0,0,0,1,0,0,0,0,0,0,0,0,0,00000,0,0,isolate exhaustive state 238
exhaustive_1191,valid_accept,1191,0,1,1,0,49151,60948,49151,16384,0,1,0,0,0,0,0,0,0,0,00000,0,0,state 238; accepted
exhaustive_1192,pipeline_wait,1192,0,0,1,0,0,0,0,0,0,1,0,0,0,0,0,0,0,0,00000,0,0,registered pipeline wait 1
exhaustive_1193,pipeline_wait,1193,0,0,1,0,0,0,0,0,0,1,0,0,0,0,0,0,0,0,00000,0,0,registered pipeline wait 2
exhaustive_1194,all_256_states,1194,0,0,1,0,0,0,0,0,1,0,1,1,0,0,0,238,1,1,1B516,0,1,state 238; completed after N+3
exhaustive_1195,reset,1195,1,1,1,0,0,0,0,0,1,0,0,0,0,0,0,0,0,0,00000,0,0,isolate exhaustive state 239
exhaustive_1196,valid_accept,1196,0,1,1,0,49151,60948,49151,32768,0,1,0,0,0,0,0,0,0,0,00000,0,0,state 239; accepted
exhaustive_1197,pipeline_wait,1197,0,0,1,0,0,0,0,0,0,1,0,0,0,0,0,0,0,0,00000,0,0,registered pipeline wait 1
exhaustive_1198,pipeline_wait,1198,0,0,1,0,0,0,0,0,0,1,0,0,0,0,0,0,0,0,00000,0,0,registered pipeline wait 2
exhaustive_1199,all_256_states,1199,0,0,1,0,0,0,0,0,1,0,1,1,0,0,0,239,1,1,1B516,0,1,state 239; completed after N+3
exhaustive_1200,reset,1200,1,1,1,0,0,0,0,0,1,0,0,0,0,0,0,0,0,0,00000,0,0,isolate exhaustive state 240
exhaustive_1201,valid_accept,1201,0,1,1,0,49151,62914,0,0,0,1,0,0,0,0,0,0,0,0,00000,0,0,state 240; accepted
exhaustive_1202,pipeline_wait,1202,0,0,1,0,0,0,0,0,0,1,0,0,0,0,0,0,0,0,00000,0,0,registered pipeline wait 1
exhaustive_1203,pipeline_wait,1203,0,0,1,0,0,0,0,0,0,1,0,0,0,0,0,0,0,0,00000,0,0,registered pipeline wait 2
exhaustive_1204,all_256_states,1204,0,0,1,0,0,0,0,0,1,0,1,1,0,0,0,240,3,3,0A2A5,0,1,state 240; completed after N+3
exhaustive_1205,reset,1205,1,1,1,0,0,0,0,0,1,0,0,0,0,0,0,0,0,0,00000,0,0,isolate exhaustive state 241
exhaustive_1206,valid_accept,1206,0,1,1,0,49151,62914,0,8192,0,1,0,0,0,0,0,0,0,0,00000,0,0,state 241; accepted
exhaustive_1207,pipeline_wait,1207,0,0,1,0,0,0,0,0,0,1,0,0,0,0,0,0,0,0,00000,0,0,registered pipeline wait 1
exhaustive_1208,pipeline_wait,1208,0,0,1,0,0,0,0,0,0,1,0,0,0,0,0,0,0,0,00000,0,0,registered pipeline wait 2
exhaustive_1209,all_256_states,1209,0,0,1,0,0,0,0,0,1,0,1,1,0,0,0,241,1,1,1B516,0,1,state 241; completed after N+3
exhaustive_1210,reset,1210,1,1,1,0,0,0,0,0,1,0,0,0,0,0,0,0,0,0,00000,0,0,isolate exhaustive state 242
exhaustive_1211,valid_accept,1211,0,1,1,0,49151,62914,0,16384,0,1,0,0,0,0,0,0,0,0,00000,0,0,state 242; accepted
exhaustive_1212,pipeline_wait,1212,0,0,1,0,0,0,0,0,0,1,0,0,0,0,0,0,0,0,00000,0,0,registered pipeline wait 1
exhaustive_1213,pipeline_wait,1213,0,0,1,0,0,0,0,0,0,1,0,0,0,0,0,0,0,0,00000,0,0,registered pipeline wait 2
exhaustive_1214,all_256_states,1214,0,0,1,0,0,0,0,0,1,0,1,1,0,0,0,242,0,0,13329,0,1,state 242; completed after N+3
exhaustive_1215,reset,1215,1,1,1,0,0,0,0,0,1,0,0,0,0,0,0,0,0,0,00000,0,0,isolate exhaustive state 243
exhaustive_1216,valid_accept,1216,0,1,1,0,49151,62914,0,32768,0,1,0,0,0,0,0,0,0,0,00000,0,0,state 243; accepted
exhaustive_1217,pipeline_wait,1217,0,0,1,0,0,0,0,0,0,1,0,0,0,0,0,0,0,0,00000,0,0,registered pipeline wait 1
exhaustive_1218,pipeline_wait,1218,0,0,1,0,0,0,0,0,0,1,0,0,0,0,0,0,0,0,00000,0,0,registered pipeline wait 2
exhaustive_1219,all_256_states,1219,0,0,1,0,0,0,0,0,1,0,1,1,0,0,0,243,1,1,1B516,0,1,state 243; completed after N+3
exhaustive_1220,reset,1220,1,1,1,0,0,0,0,0,1,0,0,0,0,0,0,0,0,0,00000,0,0,isolate exhaustive state 244
exhaustive_1221,valid_accept,1221,0,1,1,0,49151,62914,16384,0,0,1,0,0,0,0,0,0,0,0,00000,0,0,state 244; accepted
exhaustive_1222,pipeline_wait,1222,0,0,1,0,0,0,0,0,0,1,0,0,0,0,0,0,0,0,00000,0,0,registered pipeline wait 1
exhaustive_1223,pipeline_wait,1223,0,0,1,0,0,0,0,0,0,1,0,0,0,0,0,0,0,0,00000,0,0,registered pipeline wait 2
exhaustive_1224,all_256_states,1224,0,0,1,0,0,0,0,0,1,0,1,1,0,0,0,244,0,0,13329,0,1,state 244; completed after N+3
exhaustive_1225,reset,1225,1,1,1,0,0,0,0,0,1,0,0,0,0,0,0,0,0,0,00000,0,0,isolate exhaustive state 245
exhaustive_1226,valid_accept,1226,0,1,1,0,49151,62914,16384,8192,0,1,0,0,0,0,0,0,0,0,00000,0,0,state 245; accepted
exhaustive_1227,pipeline_wait,1227,0,0,1,0,0,0,0,0,0,1,0,0,0,0,0,0,0,0,00000,0,0,registered pipeline wait 1
exhaustive_1228,pipeline_wait,1228,0,0,1,0,0,0,0,0,0,1,0,0,0,0,0,0,0,0,00000,0,0,registered pipeline wait 2
exhaustive_1229,all_256_states,1229,0,0,1,0,0,0,0,0,1,0,1,1,0,0,0,245,1,1,1B516,0,1,state 245; completed after N+3
exhaustive_1230,reset,1230,1,1,1,0,0,0,0,0,1,0,0,0,0,0,0,0,0,0,00000,0,0,isolate exhaustive state 246
exhaustive_1231,valid_accept,1231,0,1,1,0,49151,62914,16384,16384,0,1,0,0,0,0,0,0,0,0,00000,0,0,state 246; accepted
exhaustive_1232,pipeline_wait,1232,0,0,1,0,0,0,0,0,0,1,0,0,0,0,0,0,0,0,00000,0,0,registered pipeline wait 1
exhaustive_1233,pipeline_wait,1233,0,0,1,0,0,0,0,0,0,1,0,0,0,0,0,0,0,0,00000,0,0,registered pipeline wait 2
exhaustive_1234,all_256_states,1234,0,0,1,0,0,0,0,0,1,0,1,1,0,0,0,246,2,2,14399,0,1,state 246; completed after N+3
exhaustive_1235,reset,1235,1,1,1,0,0,0,0,0,1,0,0,0,0,0,0,0,0,0,00000,0,0,isolate exhaustive state 247
exhaustive_1236,valid_accept,1236,0,1,1,0,49151,62914,16384,32768,0,1,0,0,0,0,0,0,0,0,00000,0,0,state 247; accepted
exhaustive_1237,pipeline_wait,1237,0,0,1,0,0,0,0,0,0,1,0,0,0,0,0,0,0,0,00000,0,0,registered pipeline wait 1
exhaustive_1238,pipeline_wait,1238,0,0,1,0,0,0,0,0,0,1,0,0,0,0,0,0,0,0,00000,0,0,registered pipeline wait 2
exhaustive_1239,all_256_states,1239,0,0,1,0,0,0,0,0,1,0,1,1,0,0,0,247,2,2,14399,0,1,state 247; completed after N+3
exhaustive_1240,reset,1240,1,1,1,0,0,0,0,0,1,0,0,0,0,0,0,0,0,0,00000,0,0,isolate exhaustive state 248
exhaustive_1241,valid_accept,1241,0,1,1,0,49151,62914,32768,0,0,1,0,0,0,0,0,0,0,0,00000,0,0,state 248; accepted
exhaustive_1242,pipeline_wait,1242,0,0,1,0,0,0,0,0,0,1,0,0,0,0,0,0,0,0,00000,0,0,registered pipeline wait 1
exhaustive_1243,pipeline_wait,1243,0,0,1,0,0,0,0,0,0,1,0,0,0,0,0,0,0,0,00000,0,0,registered pipeline wait 2
exhaustive_1244,all_256_states,1244,0,0,1,0,0,0,0,0,1,0,1,1,0,0,0,248,0,0,13329,0,1,state 248; completed after N+3
exhaustive_1245,reset,1245,1,1,1,0,0,0,0,0,1,0,0,0,0,0,0,0,0,0,00000,0,0,isolate exhaustive state 249
exhaustive_1246,valid_accept,1246,0,1,1,0,49151,62914,32768,8192,0,1,0,0,0,0,0,0,0,0,00000,0,0,state 249; accepted
exhaustive_1247,pipeline_wait,1247,0,0,1,0,0,0,0,0,0,1,0,0,0,0,0,0,0,0,00000,0,0,registered pipeline wait 1
exhaustive_1248,pipeline_wait,1248,0,0,1,0,0,0,0,0,0,1,0,0,0,0,0,0,0,0,00000,0,0,registered pipeline wait 2
exhaustive_1249,all_256_states,1249,0,0,1,0,0,0,0,0,1,0,1,1,0,0,0,249,2,2,14399,0,1,state 249; completed after N+3
exhaustive_1250,reset,1250,1,1,1,0,0,0,0,0,1,0,0,0,0,0,0,0,0,0,00000,0,0,isolate exhaustive state 250
exhaustive_1251,valid_accept,1251,0,1,1,0,49151,62914,32768,16384,0,1,0,0,0,0,0,0,0,0,00000,0,0,state 250; accepted
exhaustive_1252,pipeline_wait,1252,0,0,1,0,0,0,0,0,0,1,0,0,0,0,0,0,0,0,00000,0,0,registered pipeline wait 1
exhaustive_1253,pipeline_wait,1253,0,0,1,0,0,0,0,0,0,1,0,0,0,0,0,0,0,0,00000,0,0,registered pipeline wait 2
exhaustive_1254,all_256_states,1254,0,0,1,0,0,0,0,0,1,0,1,1,0,0,0,250,1,1,1B516,0,1,state 250; completed after N+3
exhaustive_1255,reset,1255,1,1,1,0,0,0,0,0,1,0,0,0,0,0,0,0,0,0,00000,0,0,isolate exhaustive state 251
exhaustive_1256,valid_accept,1256,0,1,1,0,49151,62914,32768,32768,0,1,0,0,0,0,0,0,0,0,00000,0,0,state 251; accepted
exhaustive_1257,pipeline_wait,1257,0,0,1,0,0,0,0,0,0,1,0,0,0,0,0,0,0,0,00000,0,0,registered pipeline wait 1
exhaustive_1258,pipeline_wait,1258,0,0,1,0,0,0,0,0,0,1,0,0,0,0,0,0,0,0,00000,0,0,registered pipeline wait 2
exhaustive_1259,all_256_states,1259,0,0,1,0,0,0,0,0,1,0,1,1,0,0,0,251,0,0,13329,0,1,state 251; completed after N+3
exhaustive_1260,reset,1260,1,1,1,0,0,0,0,0,1,0,0,0,0,0,0,0,0,0,00000,0,0,isolate exhaustive state 252
exhaustive_1261,valid_accept,1261,0,1,1,0,49151,62914,49151,0,0,1,0,0,0,0,0,0,0,0,00000,0,0,state 252; accepted
exhaustive_1262,pipeline_wait,1262,0,0,1,0,0,0,0,0,0,1,0,0,0,0,0,0,0,0,00000,0,0,registered pipeline wait 1
exhaustive_1263,pipeline_wait,1263,0,0,1,0,0,0,0,0,0,1,0,0,0,0,0,0,0,0,00000,0,0,registered pipeline wait 2
exhaustive_1264,all_256_states,1264,0,0,1,0,0,0,0,0,1,0,1,1,0,0,0,252,0,0,13329,0,1,state 252; completed after N+3
exhaustive_1265,reset,1265,1,1,1,0,0,0,0,0,1,0,0,0,0,0,0,0,0,0,00000,0,0,isolate exhaustive state 253
exhaustive_1266,valid_accept,1266,0,1,1,0,49151,62914,49151,8192,0,1,0,0,0,0,0,0,0,0,00000,0,0,state 253; accepted
exhaustive_1267,pipeline_wait,1267,0,0,1,0,0,0,0,0,0,1,0,0,0,0,0,0,0,0,00000,0,0,registered pipeline wait 1
exhaustive_1268,pipeline_wait,1268,0,0,1,0,0,0,0,0,0,1,0,0,0,0,0,0,0,0,00000,0,0,registered pipeline wait 2
exhaustive_1269,all_256_states,1269,0,0,1,0,0,0,0,0,1,0,1,1,0,0,0,253,3,3,0A2A5,0,1,state 253; completed after N+3
exhaustive_1270,reset,1270,1,1,1,0,0,0,0,0,1,0,0,0,0,0,0,0,0,0,00000,0,0,isolate exhaustive state 254
exhaustive_1271,valid_accept,1271,0,1,1,0,49151,62914,49151,16384,0,1,0,0,0,0,0,0,0,0,00000,0,0,state 254; accepted
exhaustive_1272,pipeline_wait,1272,0,0,1,0,0,0,0,0,0,1,0,0,0,0,0,0,0,0,00000,0,0,registered pipeline wait 1
exhaustive_1273,pipeline_wait,1273,0,0,1,0,0,0,0,0,0,1,0,0,0,0,0,0,0,0,00000,0,0,registered pipeline wait 2
exhaustive_1274,all_256_states,1274,0,0,1,0,0,0,0,0,1,0,1,1,0,0,0,254,1,1,1B516,0,1,state 254; completed after N+3
exhaustive_1275,reset,1275,1,1,1,0,0,0,0,0,1,0,0,0,0,0,0,0,0,0,00000,0,0,isolate exhaustive state 255
exhaustive_1276,valid_accept,1276,0,1,1,0,49151,62914,49151,32768,0,1,0,0,0,0,0,0,0,0,00000,0,0,state 255; accepted
exhaustive_1277,pipeline_wait,1277,0,0,1,0,0,0,0,0,0,1,0,0,0,0,0,0,0,0,00000,0,0,registered pipeline wait 1
exhaustive_1278,pipeline_wait,1278,0,0,1,0,0,0,0,0,0,1,0,0,0,0,0,0,0,0,00000,0,0,registered pipeline wait 2
exhaustive_1279,all_256_states,1279,0,0,1,0,0,0,0,0,1,0,1,1,0,0,0,255,3,3,0A2A5,0,1,state 255; completed after N+3
exhaustive_1280,reset,1280,1,1,1,0,0,0,0,0,1,0,0,0,0,0,0,0,0,0,00000,0,0,isolate min_key_occupancy threshold 0 below
exhaustive_1281,valid_accept,1281,0,1,1,0,16383,0,0,0,0,1,0,0,0,0,0,0,0,0,00000,0,0,min_key_occupancy threshold 0 below; accepted
exhaustive_1282,pipeline_wait,1282,0,0,1,0,0,0,0,0,0,1,0,0,0,0,0,0,0,0,00000,0,0,registered pipeline wait 1
exhaustive_1283,pipeline_wait,1283,0,0,1,0,0,0,0,0,0,1,0,0,0,0,0,0,0,0,00000,0,0,registered pipeline wait 2
exhaustive_1284,threshold_below,1284,0,0,1,0,0,0,0,0,1,0,1,1,0,0,0,0,0,0,13329,0,1,min_key_occupancy threshold 0 below; completed after N+3
exhaustive_1285,reset,1285,1,1,1,0,0,0,0,0,1,0,0,0,0,0,0,0,0,0,00000,0,0,isolate min_key_occupancy threshold 0 equal
exhaustive_1286,valid_accept,1286,0,1,1,0,16384,0,0,0,0,1,0,0,0,0,0,0,0,0,00000,0,0,min_key_occupancy threshold 0 equal; accepted
exhaustive_1287,pipeline_wait,1287,0,0,1,0,0,0,0,0,0,1,0,0,0,0,0,0,0,0,00000,0,0,registered pipeline wait 1
exhaustive_1288,pipeline_wait,1288,0,0,1,0,0,0,0,0,0,1,0,0,0,0,0,0,0,0,00000,0,0,registered pipeline wait 2
exhaustive_1289,threshold_equal,1289,0,0,1,0,0,0,0,0,1,0,1,1,0,0,0,64,0,0,13329,0,1,min_key_occupancy threshold 0 equal; completed after N+3
exhaustive_1290,reset,1290,1,1,1,0,0,0,0,0,1,0,0,0,0,0,0,0,0,0,00000,0,0,isolate min_key_occupancy threshold 0 above
exhaustive_1291,valid_accept,1291,0,1,1,0,16385,0,0,0,0,1,0,0,0,0,0,0,0,0,00000,0,0,min_key_occupancy threshold 0 above; accepted
exhaustive_1292,pipeline_wait,1292,0,0,1,0,0,0,0,0,0,1,0,0,0,0,0,0,0,0,00000,0,0,registered pipeline wait 1
exhaustive_1293,pipeline_wait,1293,0,0,1,0,0,0,0,0,0,1,0,0,0,0,0,0,0,0,00000,0,0,registered pipeline wait 2
exhaustive_1294,threshold_above,1294,0,0,1,0,0,0,0,0,1,0,1,1,0,0,0,64,0,0,13329,0,1,min_key_occupancy threshold 0 above; completed after N+3
exhaustive_1295,reset,1295,1,1,1,0,0,0,0,0,1,0,0,0,0,0,0,0,0,0,00000,0,0,isolate min_key_occupancy threshold 1 below
exhaustive_1296,valid_accept,1296,0,1,1,0,32767,0,0,0,0,1,0,0,0,0,0,0,0,0,00000,0,0,min_key_occupancy threshold 1 below; accepted
exhaustive_1297,pipeline_wait,1297,0,0,1,0,0,0,0,0,0,1,0,0,0,0,0,0,0,0,00000,0,0,registered pipeline wait 1
exhaustive_1298,pipeline_wait,1298,0,0,1,0,0,0,0,0,0,1,0,0,0,0,0,0,0,0,00000,0,0,registered pipeline wait 2
exhaustive_1299,threshold_below,1299,0,0,1,0,0,0,0,0,1,0,1,1,0,0,0,64,0,0,13329,0,1,min_key_occupancy threshold 1 below; completed after N+3
exhaustive_1300,reset,1300,1,1,1,0,0,0,0,0,1,0,0,0,0,0,0,0,0,0,00000,0,0,isolate min_key_occupancy threshold 1 equal
exhaustive_1301,valid_accept,1301,0,1,1,0,32768,0,0,0,0,1,0,0,0,0,0,0,0,0,00000,0,0,min_key_occupancy threshold 1 equal; accepted
exhaustive_1302,pipeline_wait,1302,0,0,1,0,0,0,0,0,0,1,0,0,0,0,0,0,0,0,00000,0,0,registered pipeline wait 1
exhaustive_1303,pipeline_wait,1303,0,0,1,0,0,0,0,0,0,1,0,0,0,0,0,0,0,0,00000,0,0,registered pipeline wait 2
exhaustive_1304,threshold_equal,1304,0,0,1,0,0,0,0,0,1,0,1,1,0,0,0,128,0,0,13329,0,1,min_key_occupancy threshold 1 equal; completed after N+3
exhaustive_1305,reset,1305,1,1,1,0,0,0,0,0,1,0,0,0,0,0,0,0,0,0,00000,0,0,isolate min_key_occupancy threshold 1 above
exhaustive_1306,valid_accept,1306,0,1,1,0,32769,0,0,0,0,1,0,0,0,0,0,0,0,0,00000,0,0,min_key_occupancy threshold 1 above; accepted
exhaustive_1307,pipeline_wait,1307,0,0,1,0,0,0,0,0,0,1,0,0,0,0,0,0,0,0,00000,0,0,registered pipeline wait 1
exhaustive_1308,pipeline_wait,1308,0,0,1,0,0,0,0,0,0,1,0,0,0,0,0,0,0,0,00000,0,0,registered pipeline wait 2
exhaustive_1309,threshold_above,1309,0,0,1,0,0,0,0,0,1,0,1,1,0,0,0,128,0,0,13329,0,1,min_key_occupancy threshold 1 above; completed after N+3
exhaustive_1310,reset,1310,1,1,1,0,0,0,0,0,1,0,0,0,0,0,0,0,0,0,00000,0,0,isolate min_key_occupancy threshold 2 below
exhaustive_1311,valid_accept,1311,0,1,1,0,49150,0,0,0,0,1,0,0,0,0,0,0,0,0,00000,0,0,min_key_occupancy threshold 2 below; accepted
exhaustive_1312,pipeline_wait,1312,0,0,1,0,0,0,0,0,0,1,0,0,0,0,0,0,0,0,00000,0,0,registered pipeline wait 1
exhaustive_1313,pipeline_wait,1313,0,0,1,0,0,0,0,0,0,1,0,0,0,0,0,0,0,0,00000,0,0,registered pipeline wait 2
exhaustive_1314,threshold_below,1314,0,0,1,0,0,0,0,0,1,0,1,1,0,0,0,128,0,0,13329,0,1,min_key_occupancy threshold 2 below; completed after N+3
exhaustive_1315,reset,1315,1,1,1,0,0,0,0,0,1,0,0,0,0,0,0,0,0,0,00000,0,0,isolate min_key_occupancy threshold 2 equal
exhaustive_1316,valid_accept,1316,0,1,1,0,49151,0,0,0,0,1,0,0,0,0,0,0,0,0,00000,0,0,min_key_occupancy threshold 2 equal; accepted
exhaustive_1317,pipeline_wait,1317,0,0,1,0,0,0,0,0,0,1,0,0,0,0,0,0,0,0,00000,0,0,registered pipeline wait 1
exhaustive_1318,pipeline_wait,1318,0,0,1,0,0,0,0,0,0,1,0,0,0,0,0,0,0,0,00000,0,0,registered pipeline wait 2
exhaustive_1319,threshold_equal,1319,0,0,1,0,0,0,0,0,1,0,1,1,0,0,0,192,0,0,13329,0,1,min_key_occupancy threshold 2 equal; completed after N+3
exhaustive_1320,reset,1320,1,1,1,0,0,0,0,0,1,0,0,0,0,0,0,0,0,0,00000,0,0,isolate min_key_occupancy threshold 2 above
exhaustive_1321,valid_accept,1321,0,1,1,0,49152,0,0,0,0,1,0,0,0,0,0,0,0,0,00000,0,0,min_key_occupancy threshold 2 above; accepted
exhaustive_1322,pipeline_wait,1322,0,0,1,0,0,0,0,0,0,1,0,0,0,0,0,0,0,0,00000,0,0,registered pipeline wait 1
exhaustive_1323,pipeline_wait,1323,0,0,1,0,0,0,0,0,0,1,0,0,0,0,0,0,0,0,00000,0,0,registered pipeline wait 2
exhaustive_1324,threshold_above,1324,0,0,1,0,0,0,0,0,1,0,1,1,0,0,0,192,0,0,13329,0,1,min_key_occupancy threshold 2 above; completed after N+3
exhaustive_1325,reset,1325,1,1,1,0,0,0,0,0,1,0,0,0,0,0,0,0,0,0,00000,0,0,isolate bottleneck_fidelity threshold 0 below
exhaustive_1326,valid_accept,1326,0,1,1,0,0,58981,0,0,0,1,0,0,0,0,0,0,0,0,00000,0,0,bottleneck_fidelity threshold 0 below; accepted
exhaustive_1327,pipeline_wait,1327,0,0,1,0,0,0,0,0,0,1,0,0,0,0,0,0,0,0,00000,0,0,registered pipeline wait 1
exhaustive_1328,pipeline_wait,1328,0,0,1,0,0,0,0,0,0,1,0,0,0,0,0,0,0,0,00000,0,0,registered pipeline wait 2
exhaustive_1329,threshold_below,1329,0,0,1,0,0,0,0,0,1,0,1,1,0,0,0,0,0,0,13329,0,1,bottleneck_fidelity threshold 0 below; completed after N+3
exhaustive_1330,reset,1330,1,1,1,0,0,0,0,0,1,0,0,0,0,0,0,0,0,0,00000,0,0,isolate bottleneck_fidelity threshold 0 equal
exhaustive_1331,valid_accept,1331,0,1,1,0,0,58982,0,0,0,1,0,0,0,0,0,0,0,0,00000,0,0,bottleneck_fidelity threshold 0 equal; accepted
exhaustive_1332,pipeline_wait,1332,0,0,1,0,0,0,0,0,0,1,0,0,0,0,0,0,0,0,00000,0,0,registered pipeline wait 1
exhaustive_1333,pipeline_wait,1333,0,0,1,0,0,0,0,0,0,1,0,0,0,0,0,0,0,0,00000,0,0,registered pipeline wait 2
exhaustive_1334,threshold_equal,1334,0,0,1,0,0,0,0,0,1,0,1,1,0,0,0,16,0,0,13329,0,1,bottleneck_fidelity threshold 0 equal; completed after N+3
exhaustive_1335,reset,1335,1,1,1,0,0,0,0,0,1,0,0,0,0,0,0,0,0,0,00000,0,0,isolate bottleneck_fidelity threshold 0 above
exhaustive_1336,valid_accept,1336,0,1,1,0,0,58983,0,0,0,1,0,0,0,0,0,0,0,0,00000,0,0,bottleneck_fidelity threshold 0 above; accepted
exhaustive_1337,pipeline_wait,1337,0,0,1,0,0,0,0,0,0,1,0,0,0,0,0,0,0,0,00000,0,0,registered pipeline wait 1
exhaustive_1338,pipeline_wait,1338,0,0,1,0,0,0,0,0,0,1,0,0,0,0,0,0,0,0,00000,0,0,registered pipeline wait 2
exhaustive_1339,threshold_above,1339,0,0,1,0,0,0,0,0,1,0,1,1,0,0,0,16,0,0,13329,0,1,bottleneck_fidelity threshold 0 above; completed after N+3
exhaustive_1340,reset,1340,1,1,1,0,0,0,0,0,1,0,0,0,0,0,0,0,0,0,00000,0,0,isolate bottleneck_fidelity threshold 1 below
exhaustive_1341,valid_accept,1341,0,1,1,0,0,60947,0,0,0,1,0,0,0,0,0,0,0,0,00000,0,0,bottleneck_fidelity threshold 1 below; accepted
exhaustive_1342,pipeline_wait,1342,0,0,1,0,0,0,0,0,0,1,0,0,0,0,0,0,0,0,00000,0,0,registered pipeline wait 1
exhaustive_1343,pipeline_wait,1343,0,0,1,0,0,0,0,0,0,1,0,0,0,0,0,0,0,0,00000,0,0,registered pipeline wait 2
exhaustive_1344,threshold_below,1344,0,0,1,0,0,0,0,0,1,0,1,1,0,0,0,16,0,0,13329,0,1,bottleneck_fidelity threshold 1 below; completed after N+3
exhaustive_1345,reset,1345,1,1,1,0,0,0,0,0,1,0,0,0,0,0,0,0,0,0,00000,0,0,isolate bottleneck_fidelity threshold 1 equal
exhaustive_1346,valid_accept,1346,0,1,1,0,0,60948,0,0,0,1,0,0,0,0,0,0,0,0,00000,0,0,bottleneck_fidelity threshold 1 equal; accepted
exhaustive_1347,pipeline_wait,1347,0,0,1,0,0,0,0,0,0,1,0,0,0,0,0,0,0,0,00000,0,0,registered pipeline wait 1
exhaustive_1348,pipeline_wait,1348,0,0,1,0,0,0,0,0,0,1,0,0,0,0,0,0,0,0,00000,0,0,registered pipeline wait 2
exhaustive_1349,threshold_equal,1349,0,0,1,0,0,0,0,0,1,0,1,1,0,0,0,32,0,0,13329,0,1,bottleneck_fidelity threshold 1 equal; completed after N+3
exhaustive_1350,reset,1350,1,1,1,0,0,0,0,0,1,0,0,0,0,0,0,0,0,0,00000,0,0,isolate bottleneck_fidelity threshold 1 above
exhaustive_1351,valid_accept,1351,0,1,1,0,0,60949,0,0,0,1,0,0,0,0,0,0,0,0,00000,0,0,bottleneck_fidelity threshold 1 above; accepted
exhaustive_1352,pipeline_wait,1352,0,0,1,0,0,0,0,0,0,1,0,0,0,0,0,0,0,0,00000,0,0,registered pipeline wait 1
exhaustive_1353,pipeline_wait,1353,0,0,1,0,0,0,0,0,0,1,0,0,0,0,0,0,0,0,00000,0,0,registered pipeline wait 2
exhaustive_1354,threshold_above,1354,0,0,1,0,0,0,0,0,1,0,1,1,0,0,0,32,0,0,13329,0,1,bottleneck_fidelity threshold 1 above; completed after N+3
exhaustive_1355,reset,1355,1,1,1,0,0,0,0,0,1,0,0,0,0,0,0,0,0,0,00000,0,0,isolate bottleneck_fidelity threshold 2 below
exhaustive_1356,valid_accept,1356,0,1,1,0,0,62913,0,0,0,1,0,0,0,0,0,0,0,0,00000,0,0,bottleneck_fidelity threshold 2 below; accepted
exhaustive_1357,pipeline_wait,1357,0,0,1,0,0,0,0,0,0,1,0,0,0,0,0,0,0,0,00000,0,0,registered pipeline wait 1
exhaustive_1358,pipeline_wait,1358,0,0,1,0,0,0,0,0,0,1,0,0,0,0,0,0,0,0,00000,0,0,registered pipeline wait 2
exhaustive_1359,threshold_below,1359,0,0,1,0,0,0,0,0,1,0,1,1,0,0,0,32,0,0,13329,0,1,bottleneck_fidelity threshold 2 below; completed after N+3
exhaustive_1360,reset,1360,1,1,1,0,0,0,0,0,1,0,0,0,0,0,0,0,0,0,00000,0,0,isolate bottleneck_fidelity threshold 2 equal
exhaustive_1361,valid_accept,1361,0,1,1,0,0,62914,0,0,0,1,0,0,0,0,0,0,0,0,00000,0,0,bottleneck_fidelity threshold 2 equal; accepted
exhaustive_1362,pipeline_wait,1362,0,0,1,0,0,0,0,0,0,1,0,0,0,0,0,0,0,0,00000,0,0,registered pipeline wait 1
exhaustive_1363,pipeline_wait,1363,0,0,1,0,0,0,0,0,0,1,0,0,0,0,0,0,0,0,00000,0,0,registered pipeline wait 2
exhaustive_1364,threshold_equal,1364,0,0,1,0,0,0,0,0,1,0,1,1,0,0,0,48,0,0,13329,0,1,bottleneck_fidelity threshold 2 equal; completed after N+3
exhaustive_1365,reset,1365,1,1,1,0,0,0,0,0,1,0,0,0,0,0,0,0,0,0,00000,0,0,isolate bottleneck_fidelity threshold 2 above
exhaustive_1366,valid_accept,1366,0,1,1,0,0,62915,0,0,0,1,0,0,0,0,0,0,0,0,00000,0,0,bottleneck_fidelity threshold 2 above; accepted
exhaustive_1367,pipeline_wait,1367,0,0,1,0,0,0,0,0,0,1,0,0,0,0,0,0,0,0,00000,0,0,registered pipeline wait 1
exhaustive_1368,pipeline_wait,1368,0,0,1,0,0,0,0,0,0,1,0,0,0,0,0,0,0,0,00000,0,0,registered pipeline wait 2
exhaustive_1369,threshold_above,1369,0,0,1,0,0,0,0,0,1,0,1,1,0,0,0,48,0,0,13329,0,1,bottleneck_fidelity threshold 2 above; completed after N+3
exhaustive_1370,reset,1370,1,1,1,0,0,0,0,0,1,0,0,0,0,0,0,0,0,0,00000,0,0,isolate offered_request_load threshold 0 below
exhaustive_1371,valid_accept,1371,0,1,1,0,0,0,16383,0,0,1,0,0,0,0,0,0,0,0,00000,0,0,offered_request_load threshold 0 below; accepted
exhaustive_1372,pipeline_wait,1372,0,0,1,0,0,0,0,0,0,1,0,0,0,0,0,0,0,0,00000,0,0,registered pipeline wait 1
exhaustive_1373,pipeline_wait,1373,0,0,1,0,0,0,0,0,0,1,0,0,0,0,0,0,0,0,00000,0,0,registered pipeline wait 2
exhaustive_1374,threshold_below,1374,0,0,1,0,0,0,0,0,1,0,1,1,0,0,0,0,0,0,13329,0,1,offered_request_load threshold 0 below; completed after N+3
exhaustive_1375,reset,1375,1,1,1,0,0,0,0,0,1,0,0,0,0,0,0,0,0,0,00000,0,0,isolate offered_request_load threshold 0 equal
exhaustive_1376,valid_accept,1376,0,1,1,0,0,0,16384,0,0,1,0,0,0,0,0,0,0,0,00000,0,0,offered_request_load threshold 0 equal; accepted
exhaustive_1377,pipeline_wait,1377,0,0,1,0,0,0,0,0,0,1,0,0,0,0,0,0,0,0,00000,0,0,registered pipeline wait 1
exhaustive_1378,pipeline_wait,1378,0,0,1,0,0,0,0,0,0,1,0,0,0,0,0,0,0,0,00000,0,0,registered pipeline wait 2
exhaustive_1379,threshold_equal,1379,0,0,1,0,0,0,0,0,1,0,1,1,0,0,0,4,0,0,13329,0,1,offered_request_load threshold 0 equal; completed after N+3
exhaustive_1380,reset,1380,1,1,1,0,0,0,0,0,1,0,0,0,0,0,0,0,0,0,00000,0,0,isolate offered_request_load threshold 0 above
exhaustive_1381,valid_accept,1381,0,1,1,0,0,0,16385,0,0,1,0,0,0,0,0,0,0,0,00000,0,0,offered_request_load threshold 0 above; accepted
exhaustive_1382,pipeline_wait,1382,0,0,1,0,0,0,0,0,0,1,0,0,0,0,0,0,0,0,00000,0,0,registered pipeline wait 1
exhaustive_1383,pipeline_wait,1383,0,0,1,0,0,0,0,0,0,1,0,0,0,0,0,0,0,0,00000,0,0,registered pipeline wait 2
exhaustive_1384,threshold_above,1384,0,0,1,0,0,0,0,0,1,0,1,1,0,0,0,4,0,0,13329,0,1,offered_request_load threshold 0 above; completed after N+3
exhaustive_1385,reset,1385,1,1,1,0,0,0,0,0,1,0,0,0,0,0,0,0,0,0,00000,0,0,isolate offered_request_load threshold 1 below
exhaustive_1386,valid_accept,1386,0,1,1,0,0,0,32767,0,0,1,0,0,0,0,0,0,0,0,00000,0,0,offered_request_load threshold 1 below; accepted
exhaustive_1387,pipeline_wait,1387,0,0,1,0,0,0,0,0,0,1,0,0,0,0,0,0,0,0,00000,0,0,registered pipeline wait 1
exhaustive_1388,pipeline_wait,1388,0,0,1,0,0,0,0,0,0,1,0,0,0,0,0,0,0,0,00000,0,0,registered pipeline wait 2
exhaustive_1389,threshold_below,1389,0,0,1,0,0,0,0,0,1,0,1,1,0,0,0,4,0,0,13329,0,1,offered_request_load threshold 1 below; completed after N+3
exhaustive_1390,reset,1390,1,1,1,0,0,0,0,0,1,0,0,0,0,0,0,0,0,0,00000,0,0,isolate offered_request_load threshold 1 equal
exhaustive_1391,valid_accept,1391,0,1,1,0,0,0,32768,0,0,1,0,0,0,0,0,0,0,0,00000,0,0,offered_request_load threshold 1 equal; accepted
exhaustive_1392,pipeline_wait,1392,0,0,1,0,0,0,0,0,0,1,0,0,0,0,0,0,0,0,00000,0,0,registered pipeline wait 1
exhaustive_1393,pipeline_wait,1393,0,0,1,0,0,0,0,0,0,1,0,0,0,0,0,0,0,0,00000,0,0,registered pipeline wait 2
exhaustive_1394,threshold_equal,1394,0,0,1,0,0,0,0,0,1,0,1,1,0,0,0,8,0,0,13329,0,1,offered_request_load threshold 1 equal; completed after N+3
exhaustive_1395,reset,1395,1,1,1,0,0,0,0,0,1,0,0,0,0,0,0,0,0,0,00000,0,0,isolate offered_request_load threshold 1 above
exhaustive_1396,valid_accept,1396,0,1,1,0,0,0,32769,0,0,1,0,0,0,0,0,0,0,0,00000,0,0,offered_request_load threshold 1 above; accepted
exhaustive_1397,pipeline_wait,1397,0,0,1,0,0,0,0,0,0,1,0,0,0,0,0,0,0,0,00000,0,0,registered pipeline wait 1
exhaustive_1398,pipeline_wait,1398,0,0,1,0,0,0,0,0,0,1,0,0,0,0,0,0,0,0,00000,0,0,registered pipeline wait 2
exhaustive_1399,threshold_above,1399,0,0,1,0,0,0,0,0,1,0,1,1,0,0,0,8,0,0,13329,0,1,offered_request_load threshold 1 above; completed after N+3
exhaustive_1400,reset,1400,1,1,1,0,0,0,0,0,1,0,0,0,0,0,0,0,0,0,00000,0,0,isolate offered_request_load threshold 2 below
exhaustive_1401,valid_accept,1401,0,1,1,0,0,0,49150,0,0,1,0,0,0,0,0,0,0,0,00000,0,0,offered_request_load threshold 2 below; accepted
exhaustive_1402,pipeline_wait,1402,0,0,1,0,0,0,0,0,0,1,0,0,0,0,0,0,0,0,00000,0,0,registered pipeline wait 1
exhaustive_1403,pipeline_wait,1403,0,0,1,0,0,0,0,0,0,1,0,0,0,0,0,0,0,0,00000,0,0,registered pipeline wait 2
exhaustive_1404,threshold_below,1404,0,0,1,0,0,0,0,0,1,0,1,1,0,0,0,8,0,0,13329,0,1,offered_request_load threshold 2 below; completed after N+3
exhaustive_1405,reset,1405,1,1,1,0,0,0,0,0,1,0,0,0,0,0,0,0,0,0,00000,0,0,isolate offered_request_load threshold 2 equal
exhaustive_1406,valid_accept,1406,0,1,1,0,0,0,49151,0,0,1,0,0,0,0,0,0,0,0,00000,0,0,offered_request_load threshold 2 equal; accepted
exhaustive_1407,pipeline_wait,1407,0,0,1,0,0,0,0,0,0,1,0,0,0,0,0,0,0,0,00000,0,0,registered pipeline wait 1
exhaustive_1408,pipeline_wait,1408,0,0,1,0,0,0,0,0,0,1,0,0,0,0,0,0,0,0,00000,0,0,registered pipeline wait 2
exhaustive_1409,threshold_equal,1409,0,0,1,0,0,0,0,0,1,0,1,1,0,0,0,12,0,0,13329,0,1,offered_request_load threshold 2 equal; completed after N+3
exhaustive_1410,reset,1410,1,1,1,0,0,0,0,0,1,0,0,0,0,0,0,0,0,0,00000,0,0,isolate offered_request_load threshold 2 above
exhaustive_1411,valid_accept,1411,0,1,1,0,0,0,49152,0,0,1,0,0,0,0,0,0,0,0,00000,0,0,offered_request_load threshold 2 above; accepted
exhaustive_1412,pipeline_wait,1412,0,0,1,0,0,0,0,0,0,1,0,0,0,0,0,0,0,0,00000,0,0,registered pipeline wait 1
exhaustive_1413,pipeline_wait,1413,0,0,1,0,0,0,0,0,0,1,0,0,0,0,0,0,0,0,00000,0,0,registered pipeline wait 2
exhaustive_1414,threshold_above,1414,0,0,1,0,0,0,0,0,1,0,1,1,0,0,0,12,0,0,13329,0,1,offered_request_load threshold 2 above; completed after N+3
exhaustive_1415,reset,1415,1,1,1,0,0,0,0,0,1,0,0,0,0,0,0,0,0,0,00000,0,0,isolate utilization_imbalance threshold 0 below
exhaustive_1416,valid_accept,1416,0,1,1,0,0,0,0,8191,0,1,0,0,0,0,0,0,0,0,00000,0,0,utilization_imbalance threshold 0 below; accepted
exhaustive_1417,pipeline_wait,1417,0,0,1,0,0,0,0,0,0,1,0,0,0,0,0,0,0,0,00000,0,0,registered pipeline wait 1
exhaustive_1418,pipeline_wait,1418,0,0,1,0,0,0,0,0,0,1,0,0,0,0,0,0,0,0,00000,0,0,registered pipeline wait 2
exhaustive_1419,threshold_below,1419,0,0,1,0,0,0,0,0,1,0,1,1,0,0,0,0,0,0,13329,0,1,utilization_imbalance threshold 0 below; completed after N+3
exhaustive_1420,reset,1420,1,1,1,0,0,0,0,0,1,0,0,0,0,0,0,0,0,0,00000,0,0,isolate utilization_imbalance threshold 0 equal
exhaustive_1421,valid_accept,1421,0,1,1,0,0,0,0,8192,0,1,0,0,0,0,0,0,0,0,00000,0,0,utilization_imbalance threshold 0 equal; accepted
exhaustive_1422,pipeline_wait,1422,0,0,1,0,0,0,0,0,0,1,0,0,0,0,0,0,0,0,00000,0,0,registered pipeline wait 1
exhaustive_1423,pipeline_wait,1423,0,0,1,0,0,0,0,0,0,1,0,0,0,0,0,0,0,0,00000,0,0,registered pipeline wait 2
exhaustive_1424,threshold_equal,1424,0,0,1,0,0,0,0,0,1,0,1,1,0,0,0,1,0,0,13329,0,1,utilization_imbalance threshold 0 equal; completed after N+3
exhaustive_1425,reset,1425,1,1,1,0,0,0,0,0,1,0,0,0,0,0,0,0,0,0,00000,0,0,isolate utilization_imbalance threshold 0 above
exhaustive_1426,valid_accept,1426,0,1,1,0,0,0,0,8193,0,1,0,0,0,0,0,0,0,0,00000,0,0,utilization_imbalance threshold 0 above; accepted
exhaustive_1427,pipeline_wait,1427,0,0,1,0,0,0,0,0,0,1,0,0,0,0,0,0,0,0,00000,0,0,registered pipeline wait 1
exhaustive_1428,pipeline_wait,1428,0,0,1,0,0,0,0,0,0,1,0,0,0,0,0,0,0,0,00000,0,0,registered pipeline wait 2
exhaustive_1429,threshold_above,1429,0,0,1,0,0,0,0,0,1,0,1,1,0,0,0,1,0,0,13329,0,1,utilization_imbalance threshold 0 above; completed after N+3
exhaustive_1430,reset,1430,1,1,1,0,0,0,0,0,1,0,0,0,0,0,0,0,0,0,00000,0,0,isolate utilization_imbalance threshold 1 below
exhaustive_1431,valid_accept,1431,0,1,1,0,0,0,0,16383,0,1,0,0,0,0,0,0,0,0,00000,0,0,utilization_imbalance threshold 1 below; accepted
exhaustive_1432,pipeline_wait,1432,0,0,1,0,0,0,0,0,0,1,0,0,0,0,0,0,0,0,00000,0,0,registered pipeline wait 1
exhaustive_1433,pipeline_wait,1433,0,0,1,0,0,0,0,0,0,1,0,0,0,0,0,0,0,0,00000,0,0,registered pipeline wait 2
exhaustive_1434,threshold_below,1434,0,0,1,0,0,0,0,0,1,0,1,1,0,0,0,1,0,0,13329,0,1,utilization_imbalance threshold 1 below; completed after N+3
exhaustive_1435,reset,1435,1,1,1,0,0,0,0,0,1,0,0,0,0,0,0,0,0,0,00000,0,0,isolate utilization_imbalance threshold 1 equal
exhaustive_1436,valid_accept,1436,0,1,1,0,0,0,0,16384,0,1,0,0,0,0,0,0,0,0,00000,0,0,utilization_imbalance threshold 1 equal; accepted
exhaustive_1437,pipeline_wait,1437,0,0,1,0,0,0,0,0,0,1,0,0,0,0,0,0,0,0,00000,0,0,registered pipeline wait 1
exhaustive_1438,pipeline_wait,1438,0,0,1,0,0,0,0,0,0,1,0,0,0,0,0,0,0,0,00000,0,0,registered pipeline wait 2
exhaustive_1439,threshold_equal,1439,0,0,1,0,0,0,0,0,1,0,1,1,0,0,0,2,0,0,13329,0,1,utilization_imbalance threshold 1 equal; completed after N+3
exhaustive_1440,reset,1440,1,1,1,0,0,0,0,0,1,0,0,0,0,0,0,0,0,0,00000,0,0,isolate utilization_imbalance threshold 1 above
exhaustive_1441,valid_accept,1441,0,1,1,0,0,0,0,16385,0,1,0,0,0,0,0,0,0,0,00000,0,0,utilization_imbalance threshold 1 above; accepted
exhaustive_1442,pipeline_wait,1442,0,0,1,0,0,0,0,0,0,1,0,0,0,0,0,0,0,0,00000,0,0,registered pipeline wait 1
exhaustive_1443,pipeline_wait,1443,0,0,1,0,0,0,0,0,0,1,0,0,0,0,0,0,0,0,00000,0,0,registered pipeline wait 2
exhaustive_1444,threshold_above,1444,0,0,1,0,0,0,0,0,1,0,1,1,0,0,0,2,0,0,13329,0,1,utilization_imbalance threshold 1 above; completed after N+3
exhaustive_1445,reset,1445,1,1,1,0,0,0,0,0,1,0,0,0,0,0,0,0,0,0,00000,0,0,isolate utilization_imbalance threshold 2 below
exhaustive_1446,valid_accept,1446,0,1,1,0,0,0,0,32767,0,1,0,0,0,0,0,0,0,0,00000,0,0,utilization_imbalance threshold 2 below; accepted
exhaustive_1447,pipeline_wait,1447,0,0,1,0,0,0,0,0,0,1,0,0,0,0,0,0,0,0,00000,0,0,registered pipeline wait 1
exhaustive_1448,pipeline_wait,1448,0,0,1,0,0,0,0,0,0,1,0,0,0,0,0,0,0,0,00000,0,0,registered pipeline wait 2
exhaustive_1449,threshold_below,1449,0,0,1,0,0,0,0,0,1,0,1,1,0,0,0,2,0,0,13329,0,1,utilization_imbalance threshold 2 below; completed after N+3
exhaustive_1450,reset,1450,1,1,1,0,0,0,0,0,1,0,0,0,0,0,0,0,0,0,00000,0,0,isolate utilization_imbalance threshold 2 equal
exhaustive_1451,valid_accept,1451,0,1,1,0,0,0,0,32768,0,1,0,0,0,0,0,0,0,0,00000,0,0,utilization_imbalance threshold 2 equal; accepted
exhaustive_1452,pipeline_wait,1452,0,0,1,0,0,0,0,0,0,1,0,0,0,0,0,0,0,0,00000,0,0,registered pipeline wait 1
exhaustive_1453,pipeline_wait,1453,0,0,1,0,0,0,0,0,0,1,0,0,0,0,0,0,0,0,00000,0,0,registered pipeline wait 2
exhaustive_1454,threshold_equal,1454,0,0,1,0,0,0,0,0,1,0,1,1,0,0,0,3,0,0,13329,0,1,utilization_imbalance threshold 2 equal; completed after N+3
exhaustive_1455,reset,1455,1,1,1,0,0,0,0,0,1,0,0,0,0,0,0,0,0,0,00000,0,0,isolate utilization_imbalance threshold 2 above
exhaustive_1456,valid_accept,1456,0,1,1,0,0,0,0,32769,0,1,0,0,0,0,0,0,0,0,00000,0,0,utilization_imbalance threshold 2 above; accepted
exhaustive_1457,pipeline_wait,1457,0,0,1,0,0,0,0,0,0,1,0,0,0,0,0,0,0,0,00000,0,0,registered pipeline wait 1
exhaustive_1458,pipeline_wait,1458,0,0,1,0,0,0,0,0,0,1,0,0,0,0,0,0,0,0,00000,0,0,registered pipeline wait 2
exhaustive_1459,threshold_above,1459,0,0,1,0,0,0,0,0,1,0,1,1,0,0,0,3,0,0,13329,0,1,utilization_imbalance threshold 2 above; completed after N+3
exhaustive_1460,reset,1460,1,1,1,0,0,0,0,0,1,0,0,0,0,0,0,0,0,0,00000,0,0,isolate encoded_clip_low
exhaustive_1461,valid_accept,1461,0,1,1,0,0,0,0,0,0,1,0,0,0,0,0,0,0,0,00000,0,0,encoded_clip_low; accepted
exhaustive_1462,pipeline_wait,1462,0,0,1,0,0,0,0,0,0,1,0,0,0,0,0,0,0,0,00000,0,0,registered pipeline wait 1
exhaustive_1463,pipeline_wait,1463,0,0,1,0,0,0,0,0,0,1,0,0,0,0,0,0,0,0,00000,0,0,registered pipeline wait 2
exhaustive_1464,encoded_clip_low,1464,0,0,1,0,0,0,0,0,1,0,1,1,0,0,0,0,0,0,13329,0,1,encoded_clip_low; completed after N+3
exhaustive_1465,reset,1465,1,1,1,0,0,0,0,0,1,0,0,0,0,0,0,0,0,0,00000,0,0,isolate encoded_clip_high
exhaustive_1466,valid_accept,1466,0,1,1,0,65535,65535,65535,65535,0,1,0,0,0,0,0,0,0,0,00000,0,0,encoded_clip_high; accepted
exhaustive_1467,pipeline_wait,1467,0,0,1,0,0,0,0,0,0,1,0,0,0,0,0,0,0,0,00000,0,0,registered pipeline wait 1
exhaustive_1468,pipeline_wait,1468,0,0,1,0,0,0,0,0,0,1,0,0,0,0,0,0,0,0,00000,0,0,registered pipeline wait 2
exhaustive_1469,encoded_clip_high,1469,0,0,1,0,0,0,0,0,1,0,1,1,0,0,0,255,3,3,0A2A5,0,1,encoded_clip_high; completed after N+3
exhaustive_1470,reset,1470,1,1,1,0,0,0,0,0,1,0,0,0,0,0,0,0,0,0,00000,0,0,isolate action 0
exhaustive_1471,valid_accept,1471,0,1,1,0,0,0,0,0,0,1,0,0,0,0,0,0,0,0,00000,0,0,action 0; accepted
exhaustive_1472,pipeline_wait,1472,0,0,1,0,0,0,0,0,0,1,0,0,0,0,0,0,0,0,00000,0,0,registered pipeline wait 1
exhaustive_1473,pipeline_wait,1473,0,0,1,0,0,0,0,0,0,1,0,0,0,0,0,0,0,0,00000,0,0,registered pipeline wait 2
exhaustive_1474,all_four_actions,1474,0,0,1,0,0,0,0,0,1,0,1,1,0,0,0,0,0,0,13329,0,1,action 0; completed after N+3
exhaustive_1475,reset,1475,1,1,1,0,0,0,0,0,1,0,0,0,0,0,0,0,0,0,00000,0,0,isolate action 1
exhaustive_1476,valid_accept,1476,0,1,1,0,0,58982,32768,8192,0,1,0,0,0,0,0,0,0,0,00000,0,0,action 1; accepted
exhaustive_1477,pipeline_wait,1477,0,0,1,0,0,0,0,0,0,1,0,0,0,0,0,0,0,0,00000,0,0,registered pipeline wait 1
exhaustive_1478,pipeline_wait,1478,0,0,1,0,0,0,0,0,0,1,0,0,0,0,0,0,0,0,00000,0,0,registered pipeline wait 2
exhaustive_1479,all_four_actions,1479,0,0,1,0,0,0,0,0,1,0,1,1,0,0,0,25,1,1,1B516,0,1,action 1; completed after N+3
exhaustive_1480,reset,1480,1,1,1,0,0,0,0,0,1,0,0,0,0,0,0,0,0,0,00000,0,0,isolate action 2
exhaustive_1481,valid_accept,1481,0,1,1,0,0,58982,0,8192,0,1,0,0,0,0,0,0,0,0,00000,0,0,action 2; accepted
exhaustive_1482,pipeline_wait,1482,0,0,1,0,0,0,0,0,0,1,0,0,0,0,0,0,0,0,00000,0,0,registered pipeline wait 1
exhaustive_1483,pipeline_wait,1483,0,0,1,0,0,0,0,0,0,1,0,0,0,0,0,0,0,0,00000,0,0,registered pipeline wait 2
exhaustive_1484,all_four_actions,1484,0,0,1,0,0,0,0,0,1,0,1,1,0,0,0,17,2,2,14399,0,1,action 2; completed after N+3
exhaustive_1485,reset,1485,1,1,1,0,0,0,0,0,1,0,0,0,0,0,0,0,0,0,00000,0,0,isolate action 3
exhaustive_1486,valid_accept,1486,0,1,1,0,16384,60948,32768,0,0,1,0,0,0,0,0,0,0,0,00000,0,0,action 3; accepted
exhaustive_1487,pipeline_wait,1487,0,0,1,0,0,0,0,0,0,1,0,0,0,0,0,0,0,0,00000,0,0,registered pipeline wait 1
exhaustive_1488,pipeline_wait,1488,0,0,1,0,0,0,0,0,0,1,0,0,0,0,0,0,0,0,00000,0,0,registered pipeline wait 2
exhaustive_1489,all_four_actions,1489,0,0,1,0,0,0,0,0,1,0,1,1,0,0,0,104,3,3,0A2A5,0,1,action 3; completed after N+3
exhaustive_1490,reset,1490,1,1,1,0,0,0,0,0,1,0,0,0,0,0,0,0,0,0,00000,0,0,reset before directed exceptional sequence
exhaustive_1491,invalid_input,1491,0,1,0,0,0,0,0,0,0,1,0,0,0,0,0,0,0,0,00000,0,0,invalid request acceptance
exhaustive_1492,invalid_complete,1492,0,0,1,0,0,0,0,0,1,0,1,0,1,0,0,0,0,0,00000,0,0,invalid response after N+1
exhaustive_1493,valid_accept,1493,0,1,1,0,0,0,0,0,0,1,0,0,0,0,0,0,0,0,00000,0,0,directed proposal 0; accepted
exhaustive_1494,start_while_busy,1494,0,1,1,0,65535,65535,65535,65535,0,1,0,0,0,1,0,0,0,0,00000,0,0,busy start rejected without transaction change
exhaustive_1495,pipeline_wait,1495,0,0,1,0,0,0,0,0,0,1,0,0,0,0,0,0,0,0,00000,0,0,registered pipeline wait 2
exhaustive_1496,valid_complete,1496,0,0,1,0,0,0,0,0,1,0,1,1,0,0,0,0,0,0,13329,0,1,directed proposal 0; completed after N+3
exhaustive_1497,back_to_back_requests,1497,0,1,1,1,0,58982,32768,8192,0,1,0,0,0,0,0,0,0,0,13329,0,1,directed proposal 1; accepted
exhaustive_1498,pipeline_wait,1498,0,0,1,0,0,0,0,0,0,1,0,0,0,0,0,0,0,0,13329,0,1,registered pipeline wait 1
exhaustive_1499,pipeline_wait,1499,0,0,1,0,0,0,0,0,0,1,0,0,0,0,0,0,0,0,13329,0,1,registered pipeline wait 2
exhaustive_1500,no_path_passthrough,1500,0,0,1,0,0,0,0,0,1,0,1,1,0,0,1,25,1,0,13329,0,2,directed proposal 1; completed after N+3
exhaustive_1501,back_to_back_requests,1501,0,1,1,0,0,58982,32768,8192,0,1,0,0,0,0,0,25,1,0,13329,0,2,directed proposal 1; accepted
exhaustive_1502,pipeline_wait,1502,0,0,1,0,0,0,0,0,0,1,0,0,0,0,0,25,1,0,13329,0,2,registered pipeline wait 1
exhaustive_1503,pipeline_wait,1503,0,0,1,0,0,0,0,0,0,1,0,0,0,0,0,25,1,0,13329,0,2,registered pipeline wait 2
exhaustive_1504,dwell_hold,1504,0,0,1,0,0,0,0,0,1,0,1,1,0,0,0,25,1,0,13329,0,3,directed proposal 1; completed after N+3
exhaustive_1505,back_to_back_requests,1505,0,1,1,0,0,58982,32768,8192,0,1,0,0,0,0,0,25,1,0,13329,0,3,directed proposal 1; accepted
exhaustive_1506,pipeline_wait,1506,0,0,1,0,0,0,0,0,0,1,0,0,0,0,0,25,1,0,13329,0,3,registered pipeline wait 1
exhaustive_1507,pipeline_wait,1507,0,0,1,0,0,0,0,0,0,1,0,0,0,0,0,25,1,0,13329,0,3,registered pipeline wait 2
exhaustive_1508,dwell_switch,1508,0,0,1,0,0,0,0,0,1,0,1,1,0,0,0,25,1,1,1B516,1,1,directed proposal 1; completed after N+3
