case_id,category,cycle,rst,start,input_valid,no_path_in,min_key_occupancy_u16,bottleneck_fidelity_u16,offered_request_load_u16,utilization_imbalance_u16,expected_ready,expected_busy,expected_done,expected_output_valid,expected_invalid_state,expected_stall,expected_no_path_out,expected_state_id,expected_proposed_action,expected_selected_action,expected_profile_payload_hex,expected_switched,expected_dwell_count_sat,notes
integrated_0000,reset,0,1,1,1,0,0,0,0,0,1,0,0,0,0,0,0,0,0,0,00000,0,0,reset before manual frozen H4 trace
integrated_0001,valid_accept,1,0,1,1,0,32768,62914,16384,0,0,1,0,0,0,0,0,0,0,0,00000,0,0,manual H4 trace decision 0
integrated_0002,pipeline_wait,2,0,0,1,0,0,0,0,0,0,1,0,0,0,0,0,0,0,0,00000,0,0,registered pipeline wait 1
integrated_0003,pipeline_wait,3,0,0,1,0,0,0,0,0,0,1,0,0,0,0,0,0,0,0,00000,0,0,registered pipeline wait 2
integrated_0004,valid_complete,4,0,0,1,0,0,0,0,0,1,0,1,1,0,0,0,180,1,1,1B516,0,1,manual H4 trace decision 0; completion after N+3
integrated_0005,back_to_back_requests,5,0,1,1,0,16384,58982,49151,8192,0,1,0,0,0,0,0,180,1,1,1B516,0,1,manual H4 trace decision 1
integrated_0006,pipeline_wait,6,0,0,1,0,0,0,0,0,0,1,0,0,0,0,0,180,1,1,1B516,0,1,registered pipeline wait 1
integrated_0007,pipeline_wait,7,0,0,1,0,0,0,0,0,0,1,0,0,0,0,0,180,1,1,1B516,0,1,registered pipeline wait 2
integrated_0008,dwell_hold,8,0,0,1,0,0,0,0,0,1,0,1,1,0,0,0,93,2,1,1B516,0,2,manual H4 trace decision 1; completion after N+3
integrated_0009,back_to_back_requests,9,0,1,1,0,16384,58982,32768,0,0,1,0,0,0,0,0,93,2,1,1B516,0,2,manual H4 trace decision 2
integrated_0010,start_while_busy,10,0,1,1,0,16384,58982,32768,8192,0,1,0,0,0,1,0,93,2,1,1B516,0,2,busy request rejected; active transaction preserved
integrated_0011,pipeline_wait,11,0,0,1,0,0,0,0,0,0,1,0,0,0,0,0,93,2,1,1B516,0,2,registered pipeline wait 2
integrated_0012,dwell_hold,12,0,0,1,0,0,0,0,0,1,0,1,1,0,0,0,88,2,1,1B516,0,3,manual H4 trace decision 2; completion after N+3
integrated_0013,back_to_back_requests,13,0,1,1,0,32768,58982,49151,0,0,1,0,0,0,0,0,88,2,1,1B516,0,3,manual H4 trace decision 3
integrated_0014,pipeline_wait,14,0,0,1,0,0,0,0,0,0,1,0,0,0,0,0,88,2,1,1B516,0,3,registered pipeline wait 1
integrated_0015,pipeline_wait,15,0,0,1,0,0,0,0,0,0,1,0,0,0,0,0,88,2,1,1B516,0,3,registered pipeline wait 2
integrated_0016,dwell_switch,16,0,0,1,0,0,0,0,0,1,0,1,1,0,0,0,156,2,2,14399,1,1,manual H4 trace decision 3; completion after N+3
integrated_0017,back_to_back_requests,17,0,1,1,0,32768,58982,49151,16384,0,1,0,0,0,0,0,156,2,2,14399,0,1,manual H4 trace decision 4
integrated_0018,pipeline_wait,18,0,0,1,0,0,0,0,0,0,1,0,0,0,0,0,156,2,2,14399,0,1,registered pipeline wait 1
integrated_0019,pipeline_wait,19,0,0,1,0,0,0,0,0,0,1,0,0,0,0,0,156,2,2,14399,0,1,registered pipeline wait 2
integrated_0020,dwell_hold,20,0,0,1,0,0,0,0,0,1,0,1,1,0,0,0,158,1,2,14399,0,2,manual H4 trace decision 4; completion after N+3
integrated_0021,back_to_back_requests,21,0,1,1,0,32768,60948,32768,16384,0,1,0,0,0,0,0,158,1,2,14399,0,2,manual H4 trace decision 5
integrated_0022,pipeline_wait,22,0,0,1,0,0,0,0,0,0,1,0,0,0,0,0,158,1,2,14399,0,2,registered pipeline wait 1
integrated_0023,pipeline_wait,23,0,0,1,0,0,0,0,0,0,1,0,0,0,0,0,158,1,2,14399,0,2,registered pipeline wait 2
integrated_0024,dwell_hold,24,0,0,1,0,0,0,0,0,1,0,1,1,0,0,0,170,0,2,14399,0,3,manual H4 trace decision 5; completion after N+3
integrated_0025,back_to_back_requests,25,0,1,1,0,32768,60948,49151,16384,0,1,0,0,0,0,0,170,0,2,14399,0,3,manual H4 trace decision 6
integrated_0026,pipeline_wait,26,0,0,1,0,0,0,0,0,0,1,0,0,0,0,0,170,0,2,14399,0,3,registered pipeline wait 1
integrated_0027,pipeline_wait,27,0,0,1,0,0,0,0,0,0,1,0,0,0,0,0,170,0,2,14399,0,3,registered pipeline wait 2
integrated_0028,dwell_switch,28,0,0,1,0,0,0,0,0,1,0,1,1,0,0,0,174,0,0,13329,1,1,manual H4 trace decision 6; completion after N+3
integrated_0029,back_to_back_requests,29,0,1,1,0,32768,60948,16384,16384,0,1,0,0,0,0,0,174,0,0,13329,0,1,manual H4 trace decision 7
integrated_0030,pipeline_wait,30,0,0,1,0,0,0,0,0,0,1,0,0,0,0,0,174,0,0,13329,0,1,registered pipeline wait 1
integrated_0031,pipeline_wait,31,0,0,1,0,0,0,0,0,0,1,0,0,0,0,0,174,0,0,13329,0,1,registered pipeline wait 2
integrated_0032,dwell_hold,32,0,0,1,0,0,0,0,0,1,0,1,1,0,0,0,166,3,0,13329,0,2,manual H4 trace decision 7; completion after N+3
integrated_0033,invalid_input,33,0,1,0,0,0,0,0,0,0,1,0,0,0,0,0,166,3,0,13329,0,2,invalid request does not advance H4 dwell
integrated_0034,invalid_complete,34,0,0,1,0,0,0,0,0,1,0,1,0,1,0,0,166,3,0,13329,0,2,invalid response after N+1
integrated_0035,reset,35,1,1,1,0,0,0,0,0,1,0,0,0,0,0,0,0,0,0,00000,0,0,independent reset before locked test trace
integrated_0036,valid_accept,36,0,1,1,0,32768,60948,49151,0,0,1,0,0,0,0,0,0,0,0,00000,0,0,locked test H4 trace decision 0
integrated_0037,pipeline_wait,37,0,0,1,0,0,0,0,0,0,1,0,0,0,0,0,0,0,0,00000,0,0,registered pipeline wait 1
integrated_0038,pipeline_wait,38,0,0,1,0,0,0,0,0,0,1,0,0,0,0,0,0,0,0,00000,0,0,registered pipeline wait 2
integrated_0039,valid_complete,39,0,0,1,0,0,0,0,0,1,0,1,1,0,0,0,172,1,1,1B516,0,1,locked test H4 trace decision 0; completion after N+3
integrated_0040,back_to_back_requests,40,0,1,1,0,32768,62914,49151,0,0,1,0,0,0,0,0,172,1,1,1B516,0,1,locked test H4 trace decision 1
integrated_0041,pipeline_wait,41,0,0,1,0,0,0,0,0,0,1,0,0,0,0,0,172,1,1,1B516,0,1,registered pipeline wait 1
integrated_0042,pipeline_wait,42,0,0,1,0,0,0,0,0,0,1,0,0,0,0,0,172,1,1,1B516,0,1,registered pipeline wait 2
integrated_0043,dwell_hold,43,0,0,1,0,0,0,0,0,1,0,1,1,0,0,0,188,3,1,1B516,0,2,locked test H4 trace decision 1; completion after N+3
integrated_0044,back_to_back_requests,44,0,1,1,0,32768,62914,49151,0,0,1,0,0,0,0,0,188,3,1,1B516,0,2,locked test H4 trace decision 2
integrated_0045,pipeline_wait,45,0,0,1,0,0,0,0,0,0,1,0,0,0,0,0,188,3,1,1B516,0,2,registered pipeline wait 1
integrated_0046,pipeline_wait,46,0,0,1,0,0,0,0,0,0,1,0,0,0,0,0,188,3,1,1B516,0,2,registered pipeline wait 2
integrated_0047,dwell_hold,47,0,0,1,0,0,0,0,0,1,0,1,1,0,0,0,188,3,1,1B516,0,3,locked test H4 trace decision 2; completion after N+3
integrated_0048,back_to_back_requests,48,0,1,1,0,49151,62914,16384,0,0,1,0,0,0,0,0,188,3,1,1B516,0,3,locked test H4 trace decision 3
integrated_0049,pipeline_wait,49,0,0,1,0,0,0,0,0,0,1,0,0,0,0,0,188,3,1,1B516,0,3,registered pipeline wait 1
integrated_0050,pipeline_wait,50,0,0,1,0,0,0,0,0,0,1,0,0,0,0,0,188,3,1,1B516,0,3,registered pipeline wait 2
integrated_0051,dwell_switch,51,0,0,1,0,0,0,0,0,1,0,1,1,0,0,0,244,0,0,13329,1,1,locked test H4 trace decision 3; completion after N+3
integrated_0052,back_to_back_requests,52,0,1,1,0,49151,62914,0,8192,0,1,0,0,0,0,0,244,0,0,13329,0,1,locked test H4 trace decision 4
integrated_0053,pipeline_wait,53,0,0,1,0,0,0,0,0,0,1,0,0,0,0,0,244,0,0,13329,0,1,registered pipeline wait 1
integrated_0054,pipeline_wait,54,0,0,1,0,0,0,0,0,0,1,0,0,0,0,0,244,0,0,13329,0,1,registered pipeline wait 2
integrated_0055,dwell_hold,55,0,0,1,0,0,0,0,0,1,0,1,1,0,0,0,241,1,0,13329,0,2,locked test H4 trace decision 4; completion after N+3
integrated_0056,back_to_back_requests,56,0,1,1,0,49151,62914,49151,0,0,1,0,0,0,0,0,241,1,0,13329,0,2,locked test H4 trace decision 5
integrated_0057,pipeline_wait,57,0,0,1,0,0,0,0,0,0,1,0,0,0,0,0,241,1,0,13329,0,2,registered pipeline wait 1
integrated_0058,pipeline_wait,58,0,0,1,0,0,0,0,0,0,1,0,0,0,0,0,241,1,0,13329,0,2,registered pipeline wait 2
integrated_0059,valid_complete,59,0,0,1,0,0,0,0,0,1,0,1,1,0,0,0,252,0,0,13329,0,3,locked test H4 trace decision 5; completion after N+3
integrated_0060,back_to_back_requests,60,0,1,1,0,49151,62914,32768,0,0,1,0,0,0,0,0,252,0,0,13329,0,3,locked test H4 trace decision 6
integrated_0061,pipeline_wait,61,0,0,1,0,0,0,0,0,0,1,0,0,0,0,0,252,0,0,13329,0,3,registered pipeline wait 1
integrated_0062,pipeline_wait,62,0,0,1,0,0,0,0,0,0,1,0,0,0,0,0,252,0,0,13329,0,3,registered pipeline wait 2
integrated_0063,valid_complete,63,0,0,1,0,0,0,0,0,1,0,1,1,0,0,0,248,0,0,13329,0,3,locked test H4 trace decision 6; completion after N+3
integrated_0064,back_to_back_requests,64,0,1,1,0,49151,62914,49151,0,0,1,0,0,0,0,0,248,0,0,13329,0,3,locked test H4 trace decision 7
integrated_0065,pipeline_wait,65,0,0,1,0,0,0,0,0,0,1,0,0,0,0,0,248,0,0,13329,0,3,registered pipeline wait 1
integrated_0066,pipeline_wait,66,0,0,1,0,0,0,0,0,0,1,0,0,0,0,0,248,0,0,13329,0,3,registered pipeline wait 2
integrated_0067,valid_complete,67,0,0,1,0,0,0,0,0,1,0,1,1,0,0,0,252,0,0,13329,0,3,locked test H4 trace decision 7; completion after N+3
integrated_0068,back_to_back_requests,68,0,1,1,0,49151,62914,49151,0,0,1,0,0,0,0,0,252,0,0,13329,0,3,locked test H4 trace decision 8
integrated_0069,pipeline_wait,69,0,0,1,0,0,0,0,0,0,1,0,0,0,0,0,252,0,0,13329,0,3,registered pipeline wait 1
integrated_0070,pipeline_wait,70,0,0,1,0,0,0,0,0,0,1,0,0,0,0,0,252,0,0,13329,0,3,registered pipeline wait 2
integrated_0071,valid_complete,71,0,0,1,0,0,0,0,0,1,0,1,1,0,0,0,252,0,0,13329,0,3,locked test H4 trace decision 8; completion after N+3
integrated_0072,back_to_back_requests,72,0,1,1,0,49151,62914,32768,0,0,1,0,0,0,0,0,252,0,0,13329,0,3,locked test H4 trace decision 9
integrated_0073,pipeline_wait,73,0,0,1,0,0,0,0,0,0,1,0,0,0,0,0,252,0,0,13329,0,3,registered pipeline wait 1
integrated_0074,pipeline_wait,74,0,0,1,0,0,0,0,0,0,1,0,0,0,0,0,252,0,0,13329,0,3,registered pipeline wait 2
integrated_0075,valid_complete,75,0,0,1,0,0,0,0,0,1,0,1,1,0,0,0,248,0,0,13329,0,3,locked test H4 trace decision 9; completion after N+3
integrated_0076,back_to_back_requests,76,0,1,1,0,49151,62914,49151,8192,0,1,0,0,0,0,0,248,0,0,13329,0,3,locked test H4 trace decision 10
integrated_0077,pipeline_wait,77,0,0,1,0,0,0,0,0,0,1,0,0,0,0,0,248,0,0,13329,0,3,registered pipeline wait 1
integrated_0078,pipeline_wait,78,0,0,1,0,0,0,0,0,0,1,0,0,0,0,0,248,0,0,13329,0,3,registered pipeline wait 2
integrated_0079,dwell_switch,79,0,0,1,0,0,0,0,0,1,0,1,1,0,0,0,253,3,3,0A2A5,1,1,locked test H4 trace decision 10; completion after N+3
integrated_0080,back_to_back_requests,80,0,1,1,0,49151,62914,49151,8192,0,1,0,0,0,0,0,253,3,3,0A2A5,0,1,locked test H4 trace decision 11
integrated_0081,pipeline_wait,81,0,0,1,0,0,0,0,0,0,1,0,0,0,0,0,253,3,3,0A2A5,0,1,registered pipeline wait 1
integrated_0082,pipeline_wait,82,0,0,1,0,0,0,0,0,0,1,0,0,0,0,0,253,3,3,0A2A5,0,1,registered pipeline wait 2
integrated_0083,valid_complete,83,0,0,1,0,0,0,0,0,1,0,1,1,0,0,0,253,3,3,0A2A5,0,2,locked test H4 trace decision 11; completion after N+3
integrated_0084,back_to_back_requests,84,0,1,1,0,49151,62914,49151,8192,0,1,0,0,0,0,0,253,3,3,0A2A5,0,2,locked test H4 trace decision 12
integrated_0085,pipeline_wait,85,0,0,1,0,0,0,0,0,0,1,0,0,0,0,0,253,3,3,0A2A5,0,2,registered pipeline wait 1
integrated_0086,pipeline_wait,86,0,0,1,0,0,0,0,0,0,1,0,0,0,0,0,253,3,3,0A2A5,0,2,registered pipeline wait 2
integrated_0087,valid_complete,87,0,0,1,0,0,0,0,0,1,0,1,1,0,0,0,253,3,3,0A2A5,0,3,locked test H4 trace decision 12; completion after N+3
integrated_0088,back_to_back_requests,88,0,1,1,0,49151,62914,49151,0,0,1,0,0,0,0,0,253,3,3,0A2A5,0,3,locked test H4 trace decision 13
integrated_0089,pipeline_wait,89,0,0,1,0,0,0,0,0,0,1,0,0,0,0,0,253,3,3,0A2A5,0,3,registered pipeline wait 1
integrated_0090,pipeline_wait,90,0,0,1,0,0,0,0,0,0,1,0,0,0,0,0,253,3,3,0A2A5,0,3,registered pipeline wait 2
integrated_0091,dwell_switch,91,0,0,1,0,0,0,0,0,1,0,1,1,0,0,0,252,0,0,13329,1,1,locked test H4 trace decision 13; completion after N+3
integrated_0092,back_to_back_requests,92,0,1,1,0,49151,62914,32768,8192,0,1,0,0,0,0,0,252,0,0,13329,0,1,locked test H4 trace decision 14
integrated_0093,pipeline_wait,93,0,0,1,0,0,0,0,0,0,1,0,0,0,0,0,252,0,0,13329,0,1,registered pipeline wait 1
integrated_0094,pipeline_wait,94,0,0,1,0,0,0,0,0,0,1,0,0,0,0,0,252,0,0,13329,0,1,registered pipeline wait 2
integrated_0095,dwell_hold,95,0,0,1,0,0,0,0,0,1,0,1,1,0,0,0,249,2,0,13329,0,2,locked test H4 trace decision 14; completion after N+3
integrated_0096,back_to_back_requests,96,0,1,1,0,49151,62914,32768,8192,0,1,0,0,0,0,0,249,2,0,13329,0,2,locked test H4 trace decision 15
integrated_0097,pipeline_wait,97,0,0,1,0,0,0,0,0,0,1,0,0,0,0,0,249,2,0,13329,0,2,registered pipeline wait 1
integrated_0098,pipeline_wait,98,0,0,1,0,0,0,0,0,0,1,0,0,0,0,0,249,2,0,13329,0,2,registered pipeline wait 2
integrated_0099,dwell_hold,99,0,0,1,0,0,0,0,0,1,0,1,1,0,0,0,249,2,0,13329,0,3,locked test H4 trace decision 15; completion after N+3
integrated_0100,back_to_back_requests,100,0,1,1,0,49151,62914,16384,16384,0,1,0,0,0,0,0,249,2,0,13329,0,3,locked test H4 trace decision 16
integrated_0101,pipeline_wait,101,0,0,1,0,0,0,0,0,0,1,0,0,0,0,0,249,2,0,13329,0,3,registered pipeline wait 1
integrated_0102,pipeline_wait,102,0,0,1,0,0,0,0,0,0,1,0,0,0,0,0,249,2,0,13329,0,3,registered pipeline wait 2
integrated_0103,dwell_switch,103,0,0,1,0,0,0,0,0,1,0,1,1,0,0,0,246,2,2,14399,1,1,locked test H4 trace decision 16; completion after N+3
integrated_0104,back_to_back_requests,104,0,1,1,0,49151,62914,49151,16384,0,1,0,0,0,0,0,246,2,2,14399,0,1,locked test H4 trace decision 17
integrated_0105,start_while_busy,105,0,1,1,0,49151,62914,49151,32768,0,1,0,0,0,1,0,246,2,2,14399,0,1,busy request rejected; active transaction preserved
integrated_0106,pipeline_wait,106,0,0,1,0,0,0,0,0,0,1,0,0,0,0,0,246,2,2,14399,0,1,registered pipeline wait 2
integrated_0107,dwell_hold,107,0,0,1,0,0,0,0,0,1,0,1,1,0,0,0,254,1,2,14399,0,2,locked test H4 trace decision 17; completion after N+3
integrated_0108,back_to_back_requests,108,0,1,1,0,49151,62914,49151,8192,0,1,0,0,0,0,0,254,1,2,14399,0,2,locked test H4 trace decision 18
integrated_0109,pipeline_wait,109,0,0,1,0,0,0,0,0,0,1,0,0,0,0,0,254,1,2,14399,0,2,registered pipeline wait 1
integrated_0110,pipeline_wait,110,0,0,1,0,0,0,0,0,0,1,0,0,0,0,0,254,1,2,14399,0,2,registered pipeline wait 2
integrated_0111,dwell_hold,111,0,0,1,0,0,0,0,0,1,0,1,1,0,0,0,253,3,2,14399,0,3,locked test H4 trace decision 18; completion after N+3
integrated_0112,back_to_back_requests,112,0,1,1,0,49151,62914,49151,16384,0,1,0,0,0,0,0,253,3,2,14399,0,3,locked test H4 trace decision 19
integrated_0113,pipeline_wait,113,0,0,1,0,0,0,0,0,0,1,0,0,0,0,0,253,3,2,14399,0,3,registered pipeline wait 1
integrated_0114,pipeline_wait,114,0,0,1,0,0,0,0,0,0,1,0,0,0,0,0,253,3,2,14399,0,3,registered pipeline wait 2
integrated_0115,dwell_switch,115,0,0,1,0,0,0,0,0,1,0,1,1,0,0,0,254,1,1,1B516,1,1,locked test H4 trace decision 19; completion after N+3
integrated_0116,back_to_back_requests,116,0,1,1,0,49151,62914,49151,16384,0,1,0,0,0,0,0,254,1,1,1B516,0,1,locked test H4 trace decision 20
integrated_0117,pipeline_wait,117,0,0,1,0,0,0,0,0,0,1,0,0,0,0,0,254,1,1,1B516,0,1,registered pipeline wait 1
integrated_0118,pipeline_wait,118,0,0,1,0,0,0,0,0,0,1,0,0,0,0,0,254,1,1,1B516,0,1,registered pipeline wait 2
integrated_0119,valid_complete,119,0,0,1,0,0,0,0,0,1,0,1,1,0,0,0,254,1,1,1B516,0,2,locked test H4 trace decision 20; completion after N+3
integrated_0120,back_to_back_requests,120,0,1,1,0,49151,62914,49151,8192,0,1,0,0,0,0,0,254,1,1,1B516,0,2,locked test H4 trace decision 21
integrated_0121,pipeline_wait,121,0,0,1,0,0,0,0,0,0,1,0,0,0,0,0,254,1,1,1B516,0,2,registered pipeline wait 1
integrated_0122,pipeline_wait,122,0,0,1,0,0,0,0,0,0,1,0,0,0,0,0,254,1,1,1B516,0,2,registered pipeline wait 2
integrated_0123,dwell_hold,123,0,0,1,0,0,0,0,0,1,0,1,1,0,0,0,253,3,1,1B516,0,3,locked test H4 trace decision 21; completion after N+3
integrated_0124,back_to_back_requests,124,0,1,1,0,49151,62914,49151,0,0,1,0,0,0,0,0,253,3,1,1B516,0,3,locked test H4 trace decision 22
integrated_0125,pipeline_wait,125,0,0,1,0,0,0,0,0,0,1,0,0,0,0,0,253,3,1,1B516,0,3,registered pipeline wait 1
integrated_0126,pipeline_wait,126,0,0,1,0,0,0,0,0,0,1,0,0,0,0,0,253,3,1,1B516,0,3,registered pipeline wait 2
integrated_0127,dwell_switch,127,0,0,1,0,0,0,0,0,1,0,1,1,0,0,0,252,0,0,13329,1,1,locked test H4 trace decision 22; completion after N+3
integrated_0128,back_to_back_requests,128,0,1,1,0,49151,62914,32768,8192,0,1,0,0,0,0,0,252,0,0,13329,0,1,locked test H4 trace decision 23
integrated_0129,pipeline_wait,129,0,0,1,0,0,0,0,0,0,1,0,0,0,0,0,252,0,0,13329,0,1,registered pipeline wait 1
integrated_0130,pipeline_wait,130,0,0,1,0,0,0,0,0,0,1,0,0,0,0,0,252,0,0,13329,0,1,registered pipeline wait 2
integrated_0131,dwell_hold,131,0,0,1,0,0,0,0,0,1,0,1,1,0,0,0,249,2,0,13329,0,2,locked test H4 trace decision 23; completion after N+3
integrated_0132,back_to_back_requests,132,0,1,1,0,49151,62914,49151,0,0,1,0,0,0,0,0,249,2,0,13329,0,2,locked test H4 trace decision 24
integrated_0133,pipeline_wait,133,0,0,1,0,0,0,0,0,0,1,0,0,0,0,0,249,2,0,13329,0,2,registered pipeline wait 1
integrated_0134,pipeline_wait,134,0,0,1,0,0,0,0,0,0,1,0,0,0,0,0,249,2,0,13329,0,2,registered pipeline wait 2
integrated_0135,valid_complete,135,0,0,1,0,0,0,0,0,1,0,1,1,0,0,0,252,0,0,13329,0,3,locked test H4 trace decision 24; completion after N+3
integrated_0136,back_to_back_requests,136,0,1,1,0,49151,62914,49151,0,0,1,0,0,0,0,0,252,0,0,13329,0,3,locked test H4 trace decision 25
integrated_0137,pipeline_wait,137,0,0,1,0,0,0,0,0,0,1,0,0,0,0,0,252,0,0,13329,0,3,registered pipeline wait 1
integrated_0138,pipeline_wait,138,0,0,1,0,0,0,0,0,0,1,0,0,0,0,0,252,0,0,13329,0,3,registered pipeline wait 2
integrated_0139,valid_complete,139,0,0,1,0,0,0,0,0,1,0,1,1,0,0,0,252,0,0,13329,0,3,locked test H4 trace decision 25; completion after N+3
integrated_0140,back_to_back_requests,140,0,1,1,0,49151,62914,16384,8192,0,1,0,0,0,0,0,252,0,0,13329,0,3,locked test H4 trace decision 26
integrated_0141,pipeline_wait,141,0,0,1,0,0,0,0,0,0,1,0,0,0,0,0,252,0,0,13329,0,3,registered pipeline wait 1
integrated_0142,pipeline_wait,142,0,0,1,0,0,0,0,0,0,1,0,0,0,0,0,252,0,0,13329,0,3,registered pipeline wait 2
integrated_0143,dwell_switch,143,0,0,1,0,0,0,0,0,1,0,1,1,0,0,0,245,1,1,1B516,1,1,locked test H4 trace decision 26; completion after N+3
integrated_0144,back_to_back_requests,144,0,1,1,0,49151,62914,0,8192,0,1,0,0,0,0,0,245,1,1,1B516,0,1,locked test H4 trace decision 27
integrated_0145,pipeline_wait,145,0,0,1,0,0,0,0,0,0,1,0,0,0,0,0,245,1,1,1B516,0,1,registered pipeline wait 1
integrated_0146,pipeline_wait,146,0,0,1,0,0,0,0,0,0,1,0,0,0,0,0,245,1,1,1B516,0,1,registered pipeline wait 2
integrated_0147,valid_complete,147,0,0,1,0,0,0,0,0,1,0,1,1,0,0,0,241,1,1,1B516,0,2,locked test H4 trace decision 27; completion after N+3
integrated_0148,back_to_back_requests,148,0,1,1,0,49151,62914,0,0,0,1,0,0,0,0,0,241,1,1,1B516,0,2,locked test H4 trace decision 28
integrated_0149,pipeline_wait,149,0,0,1,0,0,0,0,0,0,1,0,0,0,0,0,241,1,1,1B516,0,2,registered pipeline wait 1
integrated_0150,pipeline_wait,150,0,0,1,0,0,0,0,0,0,1,0,0,0,0,0,241,1,1,1B516,0,2,registered pipeline wait 2
integrated_0151,dwell_hold,151,0,0,1,0,0,0,0,0,1,0,1,1,0,0,0,240,3,1,1B516,0,3,locked test H4 trace decision 28; completion after N+3
integrated_0152,back_to_back_requests,152,0,1,1,0,49151,62914,49151,8192,0,1,0,0,0,0,0,240,3,1,1B516,0,3,locked test H4 trace decision 29
integrated_0153,pipeline_wait,153,0,0,1,0,0,0,0,0,0,1,0,0,0,0,0,240,3,1,1B516,0,3,registered pipeline wait 1
integrated_0154,pipeline_wait,154,0,0,1,0,0,0,0,0,0,1,0,0,0,0,0,240,3,1,1B516,0,3,registered pipeline wait 2
integrated_0155,dwell_switch,155,0,0,1,0,0,0,0,0,1,0,1,1,0,0,0,253,3,3,0A2A5,1,1,locked test H4 trace decision 29; completion after N+3
integrated_0156,back_to_back_requests,156,0,1,1,0,49151,62914,49151,0,0,1,0,0,0,0,0,253,3,3,0A2A5,0,1,locked test H4 trace decision 30
integrated_0157,pipeline_wait,157,0,0,1,0,0,0,0,0,0,1,0,0,0,0,0,253,3,3,0A2A5,0,1,registered pipeline wait 1
integrated_0158,pipeline_wait,158,0,0,1,0,0,0,0,0,0,1,0,0,0,0,0,253,3,3,0A2A5,0,1,registered pipeline wait 2
integrated_0159,dwell_hold,159,0,0,1,0,0,0,0,0,1,0,1,1,0,0,0,252,0,3,0A2A5,0,2,locked test H4 trace decision 30; completion after N+3
integrated_0160,back_to_back_requests,160,0,1,1,0,49151,62914,49151,0,0,1,0,0,0,0,0,252,0,3,0A2A5,0,2,locked test H4 trace decision 31
integrated_0161,pipeline_wait,161,0,0,1,0,0,0,0,0,0,1,0,0,0,0,0,252,0,3,0A2A5,0,2,registered pipeline wait 1
integrated_0162,pipeline_wait,162,0,0,1,0,0,0,0,0,0,1,0,0,0,0,0,252,0,3,0A2A5,0,2,registered pipeline wait 2
integrated_0163,dwell_hold,163,0,0,1,0,0,0,0,0,1,0,1,1,0,0,0,252,0,3,0A2A5,0,3,locked test H4 trace decision 31; completion after N+3
integrated_0164,back_to_back_requests,164,0,1,1,0,49151,62914,16384,0,0,1,0,0,0,0,0,252,0,3,0A2A5,0,3,locked test H4 trace decision 32
integrated_0165,pipeline_wait,165,0,0,1,0,0,0,0,0,0,1,0,0,0,0,0,252,0,3,0A2A5,0,3,registered pipeline wait 1
integrated_0166,pipeline_wait,166,0,0,1,0,0,0,0,0,0,1,0,0,0,0,0,252,0,3,0A2A5,0,3,registered pipeline wait 2
integrated_0167,dwell_switch,167,0,0,1,0,0,0,0,0,1,0,1,1,0,0,0,244,0,0,13329,1,1,locked test H4 trace decision 32; completion after N+3
integrated_0168,back_to_back_requests,168,0,1,1,0,49151,58982,16384,0,0,1,0,0,0,0,0,244,0,0,13329,0,1,locked test H4 trace decision 33
integrated_0169,pipeline_wait,169,0,0,1,0,0,0,0,0,0,1,0,0,0,0,0,244,0,0,13329,0,1,registered pipeline wait 1
integrated_0170,pipeline_wait,170,0,0,1,0,0,0,0,0,0,1,0,0,0,0,0,244,0,0,13329,0,1,registered pipeline wait 2
integrated_0171,dwell_hold,171,0,0,1,0,0,0,0,0,1,0,1,1,0,0,0,212,1,0,13329,0,2,locked test H4 trace decision 33; completion after N+3
integrated_0172,back_to_back_requests,172,0,1,1,0,49151,58982,0,0,0,1,0,0,0,0,0,212,1,0,13329,0,2,locked test H4 trace decision 34
integrated_0173,pipeline_wait,173,0,0,1,0,0,0,0,0,0,1,0,0,0,0,0,212,1,0,13329,0,2,registered pipeline wait 1
integrated_0174,pipeline_wait,174,0,0,1,0,0,0,0,0,0,1,0,0,0,0,0,212,1,0,13329,0,2,registered pipeline wait 2
integrated_0175,dwell_hold,175,0,0,1,0,0,0,0,0,1,0,1,1,0,0,0,208,1,0,13329,0,3,locked test H4 trace decision 34; completion after N+3
integrated_0176,back_to_back_requests,176,0,1,1,0,49151,58982,0,16384,0,1,0,0,0,0,0,208,1,0,13329,0,3,locked test H4 trace decision 35
integrated_0177,pipeline_wait,177,0,0,1,0,0,0,0,0,0,1,0,0,0,0,0,208,1,0,13329,0,3,registered pipeline wait 1
integrated_0178,pipeline_wait,178,0,0,1,0,0,0,0,0,0,1,0,0,0,0,0,208,1,0,13329,0,3,registered pipeline wait 2
integrated_0179,dwell_switch,179,0,0,1,0,0,0,0,0,1,0,1,1,0,0,0,210,1,1,1B516,1,1,locked test H4 trace decision 35; completion after N+3
integrated_0180,back_to_back_requests,180,0,1,1,0,49151,58982,49151,0,0,1,0,0,0,0,0,210,1,1,1B516,0,1,locked test H4 trace decision 36
integrated_0181,pipeline_wait,181,0,0,1,0,0,0,0,0,0,1,0,0,0,0,0,210,1,1,1B516,0,1,registered pipeline wait 1
integrated_0182,pipeline_wait,182,0,0,1,0,0,0,0,0,0,1,0,0,0,0,0,210,1,1,1B516,0,1,registered pipeline wait 2
integrated_0183,valid_complete,183,0,0,1,0,0,0,0,0,1,0,1,1,0,0,0,220,1,1,1B516,0,2,locked test H4 trace decision 36; completion after N+3
integrated_0184,back_to_back_requests,184,0,1,1,0,49151,58982,0,0,0,1,0,0,0,0,0,220,1,1,1B516,0,2,locked test H4 trace decision 37
integrated_0185,pipeline_wait,185,0,0,1,0,0,0,0,0,0,1,0,0,0,0,0,220,1,1,1B516,0,2,registered pipeline wait 1
integrated_0186,pipeline_wait,186,0,0,1,0,0,0,0,0,0,1,0,0,0,0,0,220,1,1,1B516,0,2,registered pipeline wait 2
integrated_0187,valid_complete,187,0,0,1,0,0,0,0,0,1,0,1,1,0,0,0,208,1,1,1B516,0,3,locked test H4 trace decision 37; completion after N+3
integrated_0188,back_to_back_requests,188,0,1,1,0,49151,58982,32768,0,0,1,0,0,0,0,0,208,1,1,1B516,0,3,locked test H4 trace decision 38
integrated_0189,pipeline_wait,189,0,0,1,0,0,0,0,0,0,1,0,0,0,0,0,208,1,1,1B516,0,3,registered pipeline wait 1
integrated_0190,pipeline_wait,190,0,0,1,0,0,0,0,0,0,1,0,0,0,0,0,208,1,1,1B516,0,3,registered pipeline wait 2
integrated_0191,valid_complete,191,0,0,1,0,0,0,0,0,1,0,1,1,0,0,0,216,1,1,1B516,0,3,locked test H4 trace decision 38; completion after N+3
integrated_0192,back_to_back_requests,192,0,1,1,0,49151,58982,49151,0,0,1,0,0,0,0,0,216,1,1,1B516,0,3,locked test H4 trace decision 39
integrated_0193,pipeline_wait,193,0,0,1,0,0,0,0,0,0,1,0,0,0,0,0,216,1,1,1B516,0,3,registered pipeline wait 1
integrated_0194,pipeline_wait,194,0,0,1,0,0,0,0,0,0,1,0,0,0,0,0,216,1,1,1B516,0,3,registered pipeline wait 2
integrated_0195,valid_complete,195,0,0,1,0,0,0,0,0,1,0,1,1,0,0,0,220,1,1,1B516,0,3,locked test H4 trace decision 39; completion after N+3
integrated_0196,back_to_back_requests,196,0,1,1,0,49151,58982,49151,8192,0,1,0,0,0,0,0,220,1,1,1B516,0,3,locked test H4 trace decision 40
integrated_0197,pipeline_wait,197,0,0,1,0,0,0,0,0,0,1,0,0,0,0,0,220,1,1,1B516,0,3,registered pipeline wait 1
integrated_0198,pipeline_wait,198,0,0,1,0,0,0,0,0,0,1,0,0,0,0,0,220,1,1,1B516,0,3,registered pipeline wait 2
integrated_0199,dwell_switch,199,0,0,1,0,0,0,0,0,1,0,1,1,0,0,0,221,3,3,0A2A5,1,1,locked test H4 trace decision 40; completion after N+3
integrated_0200,back_to_back_requests,200,0,1,1,0,49151,58982,49151,8192,0,1,0,0,0,0,0,221,3,3,0A2A5,0,1,locked test H4 trace decision 41
integrated_0201,pipeline_wait,201,0,0,1,0,0,0,0,0,0,1,0,0,0,0,0,221,3,3,0A2A5,0,1,registered pipeline wait 1
integrated_0202,pipeline_wait,202,0,0,1,0,0,0,0,0,0,1,0,0,0,0,0,221,3,3,0A2A5,0,1,registered pipeline wait 2
integrated_0203,valid_complete,203,0,0,1,0,0,0,0,0,1,0,1,1,0,0,0,221,3,3,0A2A5,0,2,locked test H4 trace decision 41; completion after N+3
integrated_0204,back_to_back_requests,204,0,1,1,0,49151,58982,0,16384,0,1,0,0,0,0,0,221,3,3,0A2A5,0,2,locked test H4 trace decision 42
integrated_0205,pipeline_wait,205,0,0,1,0,0,0,0,0,0,1,0,0,0,0,0,221,3,3,0A2A5,0,2,registered pipeline wait 1
integrated_0206,pipeline_wait,206,0,0,1,0,0,0,0,0,0,1,0,0,0,0,0,221,3,3,0A2A5,0,2,registered pipeline wait 2
integrated_0207,dwell_hold,207,0,0,1,0,0,0,0,0,1,0,1,1,0,0,0,210,1,3,0A2A5,0,3,locked test H4 trace decision 42; completion after N+3
integrated_0208,back_to_back_requests,208,0,1,1,0,49151,58982,0,16384,0,1,0,0,0,0,0,210,1,3,0A2A5,0,3,locked test H4 trace decision 43
integrated_0209,pipeline_wait,209,0,0,1,0,0,0,0,0,0,1,0,0,0,0,0,210,1,3,0A2A5,0,3,registered pipeline wait 1
integrated_0210,pipeline_wait,210,0,0,1,0,0,0,0,0,0,1,0,0,0,0,0,210,1,3,0A2A5,0,3,registered pipeline wait 2
integrated_0211,dwell_switch,211,0,0,1,0,0,0,0,0,1,0,1,1,0,0,0,210,1,1,1B516,1,1,locked test H4 trace decision 43; completion after N+3
integrated_0212,back_to_back_requests,212,0,1,1,0,32768,58982,49151,0,0,1,0,0,0,0,0,210,1,1,1B516,0,1,locked test H4 trace decision 44
integrated_0213,pipeline_wait,213,0,0,1,0,0,0,0,0,0,1,0,0,0,0,0,210,1,1,1B516,0,1,registered pipeline wait 1
integrated_0214,pipeline_wait,214,0,0,1,0,0,0,0,0,0,1,0,0,0,0,0,210,1,1,1B516,0,1,registered pipeline wait 2
integrated_0215,dwell_hold,215,0,0,1,0,0,0,0,0,1,0,1,1,0,0,0,156,2,1,1B516,0,2,locked test H4 trace decision 44; completion after N+3
integrated_0216,back_to_back_requests,216,0,1,1,0,32768,58982,16384,8192,0,1,0,0,0,0,0,156,2,1,1B516,0,2,locked test H4 trace decision 45
integrated_0217,pipeline_wait,217,0,0,1,0,0,0,0,0,0,1,0,0,0,0,0,156,2,1,1B516,0,2,registered pipeline wait 1
integrated_0218,pipeline_wait,218,0,0,1,0,0,0,0,0,0,1,0,0,0,0,0,156,2,1,1B516,0,2,registered pipeline wait 2
integrated_0219,valid_complete,219,0,0,1,0,0,0,0,0,1,0,1,1,0,0,0,149,1,1,1B516,0,3,locked test H4 trace decision 45; completion after N+3
integrated_0220,back_to_back_requests,220,0,1,1,0,32768,58982,49151,0,0,1,0,0,0,0,0,149,1,1,1B516,0,3,locked test H4 trace decision 46
integrated_0221,pipeline_wait,221,0,0,1,0,0,0,0,0,0,1,0,0,0,0,0,149,1,1,1B516,0,3,registered pipeline wait 1
integrated_0222,pipeline_wait,222,0,0,1,0,0,0,0,0,0,1,0,0,0,0,0,149,1,1,1B516,0,3,registered pipeline wait 2
integrated_0223,dwell_switch,223,0,0,1,0,0,0,0,0,1,0,1,1,0,0,0,156,2,2,14399,1,1,locked test H4 trace decision 46; completion after N+3
integrated_0224,back_to_back_requests,224,0,1,1,0,32768,58982,32768,8192,0,1,0,0,0,0,0,156,2,2,14399,0,1,locked test H4 trace decision 47
integrated_0225,pipeline_wait,225,0,0,1,0,0,0,0,0,0,1,0,0,0,0,0,156,2,2,14399,0,1,registered pipeline wait 1
integrated_0226,pipeline_wait,226,0,0,1,0,0,0,0,0,0,1,0,0,0,0,0,156,2,2,14399,0,1,registered pipeline wait 2
integrated_0227,dwell_hold,227,0,0,1,0,0,0,0,0,1,0,1,1,0,0,0,153,1,2,14399,0,2,locked test H4 trace decision 47; completion after N+3
integrated_0228,back_to_back_requests,228,0,1,1,0,32768,58982,49151,32768,0,1,0,0,0,0,0,153,1,2,14399,0,2,locked test H4 trace decision 48
integrated_0229,pipeline_wait,229,0,0,1,0,0,0,0,0,0,1,0,0,0,0,0,153,1,2,14399,0,2,registered pipeline wait 1
integrated_0230,pipeline_wait,230,0,0,1,0,0,0,0,0,0,1,0,0,0,0,0,153,1,2,14399,0,2,registered pipeline wait 2
integrated_0231,valid_complete,231,0,0,1,0,0,0,0,0,1,0,1,1,0,0,0,159,2,2,14399,0,3,locked test H4 trace decision 48; completion after N+3
integrated_0232,back_to_back_requests,232,0,1,1,0,16384,58982,49151,32768,0,1,0,0,0,0,0,159,2,2,14399,0,3,locked test H4 trace decision 49
integrated_0233,pipeline_wait,233,0,0,1,0,0,0,0,0,0,1,0,0,0,0,0,159,2,2,14399,0,3,registered pipeline wait 1
integrated_0234,pipeline_wait,234,0,0,1,0,0,0,0,0,0,1,0,0,0,0,0,159,2,2,14399,0,3,registered pipeline wait 2
integrated_0235,dwell_switch,235,0,0,1,0,0,0,0,0,1,0,1,1,0,0,0,95,0,0,13329,1,1,locked test H4 trace decision 49; completion after N+3
integrated_0236,back_to_back_requests,236,0,1,1,0,16384,58982,49151,16384,0,1,0,0,0,0,0,95,0,0,13329,0,1,locked test H4 trace decision 50
integrated_0237,pipeline_wait,237,0,0,1,0,0,0,0,0,0,1,0,0,0,0,0,95,0,0,13329,0,1,registered pipeline wait 1
integrated_0238,pipeline_wait,238,0,0,1,0,0,0,0,0,0,1,0,0,0,0,0,95,0,0,13329,0,1,registered pipeline wait 2
integrated_0239,dwell_hold,239,0,0,1,0,0,0,0,0,1,0,1,1,0,0,0,94,2,0,13329,0,2,locked test H4 trace decision 50; completion after N+3
integrated_0240,back_to_back_requests,240,0,1,1,0,16384,58982,0,8192,0,1,0,0,0,0,0,94,2,0,13329,0,2,locked test H4 trace decision 51
integrated_0241,pipeline_wait,241,0,0,1,0,0,0,0,0,0,1,0,0,0,0,0,94,2,0,13329,0,2,registered pipeline wait 1
integrated_0242,pipeline_wait,242,0,0,1,0,0,0,0,0,0,1,0,0,0,0,0,94,2,0,13329,0,2,registered pipeline wait 2
integrated_0243,dwell_hold,243,0,0,1,0,0,0,0,0,1,0,1,1,0,0,0,81,2,0,13329,0,3,locked test H4 trace decision 51; completion after N+3
integrated_0244,back_to_back_requests,244,0,1,1,0,16384,58982,32768,8192,0,1,0,0,0,0,0,81,2,0,13329,0,3,locked test H4 trace decision 52
integrated_0245,pipeline_wait,245,0,0,1,0,0,0,0,0,0,1,0,0,0,0,0,81,2,0,13329,0,3,registered pipeline wait 1
integrated_0246,pipeline_wait,246,0,0,1,0,0,0,0,0,0,1,0,0,0,0,0,81,2,0,13329,0,3,registered pipeline wait 2
integrated_0247,dwell_switch,247,0,0,1,0,0,0,0,0,1,0,1,1,0,0,0,89,2,2,14399,1,1,locked test H4 trace decision 52; completion after N+3
integrated_0248,back_to_back_requests,248,0,1,1,0,16384,58982,0,32768,0,1,0,0,0,0,0,89,2,2,14399,0,1,locked test H4 trace decision 53
integrated_0249,pipeline_wait,249,0,0,1,0,0,0,0,0,0,1,0,0,0,0,0,89,2,2,14399,0,1,registered pipeline wait 1
integrated_0250,pipeline_wait,250,0,0,1,0,0,0,0,0,0,1,0,0,0,0,0,89,2,2,14399,0,1,registered pipeline wait 2
integrated_0251,valid_complete,251,0,0,1,0,0,0,0,0,1,0,1,1,0,0,0,83,2,2,14399,0,2,locked test H4 trace decision 53; completion after N+3
integrated_0252,back_to_back_requests,252,0,1,1,0,16384,58982,49151,32768,0,1,0,0,0,0,0,83,2,2,14399,0,2,locked test H4 trace decision 54
integrated_0253,pipeline_wait,253,0,0,1,0,0,0,0,0,0,1,0,0,0,0,0,83,2,2,14399,0,2,registered pipeline wait 1
integrated_0254,pipeline_wait,254,0,0,1,0,0,0,0,0,0,1,0,0,0,0,0,83,2,2,14399,0,2,registered pipeline wait 2
integrated_0255,dwell_hold,255,0,0,1,0,0,0,0,0,1,0,1,1,0,0,0,95,0,2,14399,0,3,locked test H4 trace decision 54; completion after N+3
integrated_0256,back_to_back_requests,256,0,1,1,0,16384,58982,0,32768,0,1,0,0,0,0,0,95,0,2,14399,0,3,locked test H4 trace decision 55
integrated_0257,pipeline_wait,257,0,0,1,0,0,0,0,0,0,1,0,0,0,0,0,95,0,2,14399,0,3,registered pipeline wait 1
integrated_0258,pipeline_wait,258,0,0,1,0,0,0,0,0,0,1,0,0,0,0,0,95,0,2,14399,0,3,registered pipeline wait 2
integrated_0259,valid_complete,259,0,0,1,0,0,0,0,0,1,0,1,1,0,0,0,83,2,2,14399,0,3,locked test H4 trace decision 55; completion after N+3
integrated_0260,back_to_back_requests,260,0,1,1,0,0,58982,0,32768,0,1,0,0,0,0,0,83,2,2,14399,0,3,locked test H4 trace decision 56
integrated_0261,pipeline_wait,261,0,0,1,0,0,0,0,0,0,1,0,0,0,0,0,83,2,2,14399,0,3,registered pipeline wait 1
integrated_0262,pipeline_wait,262,0,0,1,0,0,0,0,0,0,1,0,0,0,0,0,83,2,2,14399,0,3,registered pipeline wait 2
integrated_0263,valid_complete,263,0,0,1,0,0,0,0,0,1,0,1,1,0,0,0,19,2,2,14399,0,3,locked test H4 trace decision 56; completion after N+3
integrated_0264,back_to_back_requests,264,0,1,1,0,0,58982,32768,32768,0,1,0,0,0,0,0,19,2,2,14399,0,3,locked test H4 trace decision 57
integrated_0265,pipeline_wait,265,0,0,1,0,0,0,0,0,0,1,0,0,0,0,0,19,2,2,14399,0,3,registered pipeline wait 1
integrated_0266,pipeline_wait,266,0,0,1,0,0,0,0,0,0,1,0,0,0,0,0,19,2,2,14399,0,3,registered pipeline wait 2
integrated_0267,valid_complete,267,0,0,1,0,0,0,0,0,1,0,1,1,0,0,0,27,2,2,14399,0,3,locked test H4 trace decision 57; completion after N+3
integrated_0268,back_to_back_requests,268,0,1,1,0,0,58982,16384,32768,0,1,0,0,0,0,0,27,2,2,14399,0,3,locked test H4 trace decision 58
integrated_0269,pipeline_wait,269,0,0,1,0,0,0,0,0,0,1,0,0,0,0,0,27,2,2,14399,0,3,registered pipeline wait 1
integrated_0270,pipeline_wait,270,0,0,1,0,0,0,0,0,0,1,0,0,0,0,0,27,2,2,14399,0,3,registered pipeline wait 2
integrated_0271,valid_complete,271,0,0,1,0,0,0,0,0,1,0,1,1,0,0,0,23,2,2,14399,0,3,locked test H4 trace decision 58; completion after N+3
integrated_0272,back_to_back_requests,272,0,1,1,0,0,58982,16384,32768,0,1,0,0,0,0,0,23,2,2,14399,0,3,locked test H4 trace decision 59
integrated_0273,pipeline_wait,273,0,0,1,0,0,0,0,0,0,1,0,0,0,0,0,23,2,2,14399,0,3,registered pipeline wait 1
integrated_0274,pipeline_wait,274,0,0,1,0,0,0,0,0,0,1,0,0,0,0,0,23,2,2,14399,0,3,registered pipeline wait 2
integrated_0275,valid_complete,275,0,0,1,0,0,0,0,0,1,0,1,1,0,0,0,23,2,2,14399,0,3,locked test H4 trace decision 59; completion after N+3
integrated_0276,back_to_back_requests,276,0,1,1,0,0,58982,49151,32768,0,1,0,0,0,0,0,23,2,2,14399,0,3,locked test H4 trace decision 60
integrated_0277,pipeline_wait,277,0,0,1,0,0,0,0,0,0,1,0,0,0,0,0,23,2,2,14399,0,3,registered pipeline wait 1
integrated_0278,pipeline_wait,278,0,0,1,0,0,0,0,0,0,1,0,0,0,0,0,23,2,2,14399,0,3,registered pipeline wait 2
integrated_0279,valid_complete,279,0,0,1,0,0,0,0,0,1,0,1,1,0,0,0,31,2,2,14399,0,3,locked test H4 trace decision 60; completion after N+3
integrated_0280,back_to_back_requests,280,0,1,1,0,0,58982,49151,32768,0,1,0,0,0,0,0,31,2,2,14399,0,3,locked test H4 trace decision 61
integrated_0281,pipeline_wait,281,0,0,1,0,0,0,0,0,0,1,0,0,0,0,0,31,2,2,14399,0,3,registered pipeline wait 1
integrated_0282,pipeline_wait,282,0,0,1,0,0,0,0,0,0,1,0,0,0,0,0,31,2,2,14399,0,3,registered pipeline wait 2
integrated_0283,valid_complete,283,0,0,1,0,0,0,0,0,1,0,1,1,0,0,0,31,2,2,14399,0,3,locked test H4 trace decision 61; completion after N+3
integrated_0284,back_to_back_requests,284,0,1,1,0,0,58982,32768,32768,0,1,0,0,0,0,0,31,2,2,14399,0,3,locked test H4 trace decision 62
integrated_0285,pipeline_wait,285,0,0,1,0,0,0,0,0,0,1,0,0,0,0,0,31,2,2,14399,0,3,registered pipeline wait 1
integrated_0286,pipeline_wait,286,0,0,1,0,0,0,0,0,0,1,0,0,0,0,0,31,2,2,14399,0,3,registered pipeline wait 2
integrated_0287,valid_complete,287,0,0,1,0,0,0,0,0,1,0,1,1,0,0,0,27,2,2,14399,0,3,locked test H4 trace decision 62; completion after N+3
integrated_0288,back_to_back_requests,288,0,1,1,0,0,58982,49151,32768,0,1,0,0,0,0,0,27,2,2,14399,0,3,locked test H4 trace decision 63
integrated_0289,pipeline_wait,289,0,0,1,0,0,0,0,0,0,1,0,0,0,0,0,27,2,2,14399,0,3,registered pipeline wait 1
integrated_0290,pipeline_wait,290,0,0,1,0,0,0,0,0,0,1,0,0,0,0,0,27,2,2,14399,0,3,registered pipeline wait 2
integrated_0291,valid_complete,291,0,0,1,0,0,0,0,0,1,0,1,1,0,0,0,31,2,2,14399,0,3,locked test H4 trace decision 63; completion after N+3
integrated_0292,back_to_back_requests,292,0,1,1,0,0,58982,49151,32768,0,1,0,0,0,0,0,31,2,2,14399,0,3,locked test H4 trace decision 64
integrated_0293,pipeline_wait,293,0,0,1,0,0,0,0,0,0,1,0,0,0,0,0,31,2,2,14399,0,3,registered pipeline wait 1
integrated_0294,pipeline_wait,294,0,0,1,0,0,0,0,0,0,1,0,0,0,0,0,31,2,2,14399,0,3,registered pipeline wait 2
integrated_0295,valid_complete,295,0,0,1,0,0,0,0,0,1,0,1,1,0,0,0,31,2,2,14399,0,3,locked test H4 trace decision 64; completion after N+3
integrated_0296,back_to_back_requests,296,0,1,1,0,0,58982,32768,32768,0,1,0,0,0,0,0,31,2,2,14399,0,3,locked test H4 trace decision 65
integrated_0297,pipeline_wait,297,0,0,1,0,0,0,0,0,0,1,0,0,0,0,0,31,2,2,14399,0,3,registered pipeline wait 1
integrated_0298,pipeline_wait,298,0,0,1,0,0,0,0,0,0,1,0,0,0,0,0,31,2,2,14399,0,3,registered pipeline wait 2
integrated_0299,valid_complete,299,0,0,1,0,0,0,0,0,1,0,1,1,0,0,0,27,2,2,14399,0,3,locked test H4 trace decision 65; completion after N+3
integrated_0300,back_to_back_requests,300,0,1,1,0,0,58982,16384,32768,0,1,0,0,0,0,0,27,2,2,14399,0,3,locked test H4 trace decision 66
integrated_0301,pipeline_wait,301,0,0,1,0,0,0,0,0,0,1,0,0,0,0,0,27,2,2,14399,0,3,registered pipeline wait 1
integrated_0302,pipeline_wait,302,0,0,1,0,0,0,0,0,0,1,0,0,0,0,0,27,2,2,14399,0,3,registered pipeline wait 2
integrated_0303,valid_complete,303,0,0,1,0,0,0,0,0,1,0,1,1,0,0,0,23,2,2,14399,0,3,locked test H4 trace decision 66; completion after N+3
integrated_0304,back_to_back_requests,304,0,1,1,0,0,58982,32768,32768,0,1,0,0,0,0,0,23,2,2,14399,0,3,locked test H4 trace decision 67
integrated_0305,pipeline_wait,305,0,0,1,0,0,0,0,0,0,1,0,0,0,0,0,23,2,2,14399,0,3,registered pipeline wait 1
integrated_0306,pipeline_wait,306,0,0,1,0,0,0,0,0,0,1,0,0,0,0,0,23,2,2,14399,0,3,registered pipeline wait 2
integrated_0307,valid_complete,307,0,0,1,0,0,0,0,0,1,0,1,1,0,0,0,27,2,2,14399,0,3,locked test H4 trace decision 67; completion after N+3
integrated_0308,back_to_back_requests,308,0,1,1,0,0,58982,49151,32768,0,1,0,0,0,0,0,27,2,2,14399,0,3,locked test H4 trace decision 68
integrated_0309,pipeline_wait,309,0,0,1,0,0,0,0,0,0,1,0,0,0,0,0,27,2,2,14399,0,3,registered pipeline wait 1
integrated_0310,pipeline_wait,310,0,0,1,0,0,0,0,0,0,1,0,0,0,0,0,27,2,2,14399,0,3,registered pipeline wait 2
integrated_0311,valid_complete,311,0,0,1,0,0,0,0,0,1,0,1,1,0,0,0,31,2,2,14399,0,3,locked test H4 trace decision 68; completion after N+3
integrated_0312,back_to_back_requests,312,0,1,1,0,0,58982,16384,32768,0,1,0,0,0,0,0,31,2,2,14399,0,3,locked test H4 trace decision 69
integrated_0313,pipeline_wait,313,0,0,1,0,0,0,0,0,0,1,0,0,0,0,0,31,2,2,14399,0,3,registered pipeline wait 1
integrated_0314,pipeline_wait,314,0,0,1,0,0,0,0,0,0,1,0,0,0,0,0,31,2,2,14399,0,3,registered pipeline wait 2
integrated_0315,valid_complete,315,0,0,1,0,0,0,0,0,1,0,1,1,0,0,0,23,2,2,14399,0,3,locked test H4 trace decision 69; completion after N+3
integrated_0316,back_to_back_requests,316,0,1,1,0,0,58982,49151,32768,0,1,0,0,0,0,0,23,2,2,14399,0,3,locked test H4 trace decision 70
integrated_0317,pipeline_wait,317,0,0,1,0,0,0,0,0,0,1,0,0,0,0,0,23,2,2,14399,0,3,registered pipeline wait 1
integrated_0318,pipeline_wait,318,0,0,1,0,0,0,0,0,0,1,0,0,0,0,0,23,2,2,14399,0,3,registered pipeline wait 2
integrated_0319,valid_complete,319,0,0,1,0,0,0,0,0,1,0,1,1,0,0,0,31,2,2,14399,0,3,locked test H4 trace decision 70; completion after N+3
integrated_0320,back_to_back_requests,320,0,1,1,0,0,58982,49151,32768,0,1,0,0,0,0,0,31,2,2,14399,0,3,locked test H4 trace decision 71
integrated_0321,pipeline_wait,321,0,0,1,0,0,0,0,0,0,1,0,0,0,0,0,31,2,2,14399,0,3,registered pipeline wait 1
integrated_0322,pipeline_wait,322,0,0,1,0,0,0,0,0,0,1,0,0,0,0,0,31,2,2,14399,0,3,registered pipeline wait 2
integrated_0323,valid_complete,323,0,0,1,0,0,0,0,0,1,0,1,1,0,0,0,31,2,2,14399,0,3,locked test H4 trace decision 71; completion after N+3
integrated_0324,back_to_back_requests,324,0,1,1,0,0,58982,16384,32768,0,1,0,0,0,0,0,31,2,2,14399,0,3,locked test H4 trace decision 72
integrated_0325,pipeline_wait,325,0,0,1,0,0,0,0,0,0,1,0,0,0,0,0,31,2,2,14399,0,3,registered pipeline wait 1
integrated_0326,pipeline_wait,326,0,0,1,0,0,0,0,0,0,1,0,0,0,0,0,31,2,2,14399,0,3,registered pipeline wait 2
integrated_0327,valid_complete,327,0,0,1,0,0,0,0,0,1,0,1,1,0,0,0,23,2,2,14399,0,3,locked test H4 trace decision 72; completion after N+3
integrated_0328,back_to_back_requests,328,0,1,1,0,0,58982,49151,32768,0,1,0,0,0,0,0,23,2,2,14399,0,3,locked test H4 trace decision 73
integrated_0329,pipeline_wait,329,0,0,1,0,0,0,0,0,0,1,0,0,0,0,0,23,2,2,14399,0,3,registered pipeline wait 1
integrated_0330,pipeline_wait,330,0,0,1,0,0,0,0,0,0,1,0,0,0,0,0,23,2,2,14399,0,3,registered pipeline wait 2
integrated_0331,valid_complete,331,0,0,1,0,0,0,0,0,1,0,1,1,0,0,0,31,2,2,14399,0,3,locked test H4 trace decision 73; completion after N+3
integrated_0332,back_to_back_requests,332,0,1,1,0,0,58982,49151,32768,0,1,0,0,0,0,0,31,2,2,14399,0,3,locked test H4 trace decision 74
integrated_0333,pipeline_wait,333,0,0,1,0,0,0,0,0,0,1,0,0,0,0,0,31,2,2,14399,0,3,registered pipeline wait 1
integrated_0334,pipeline_wait,334,0,0,1,0,0,0,0,0,0,1,0,0,0,0,0,31,2,2,14399,0,3,registered pipeline wait 2
integrated_0335,valid_complete,335,0,0,1,0,0,0,0,0,1,0,1,1,0,0,0,31,2,2,14399,0,3,locked test H4 trace decision 74; completion after N+3
integrated_0336,back_to_back_requests,336,0,1,1,0,0,58982,49151,32768,0,1,0,0,0,0,0,31,2,2,14399,0,3,locked test H4 trace decision 75
integrated_0337,pipeline_wait,337,0,0,1,0,0,0,0,0,0,1,0,0,0,0,0,31,2,2,14399,0,3,registered pipeline wait 1
integrated_0338,pipeline_wait,338,0,0,1,0,0,0,0,0,0,1,0,0,0,0,0,31,2,2,14399,0,3,registered pipeline wait 2
integrated_0339,valid_complete,339,0,0,1,0,0,0,0,0,1,0,1,1,0,0,0,31,2,2,14399,0,3,locked test H4 trace decision 75; completion after N+3
integrated_0340,back_to_back_requests,340,0,1,1,0,0,58982,32768,32768,0,1,0,0,0,0,0,31,2,2,14399,0,3,locked test H4 trace decision 76
integrated_0341,pipeline_wait,341,0,0,1,0,0,0,0,0,0,1,0,0,0,0,0,31,2,2,14399,0,3,registered pipeline wait 1
integrated_0342,pipeline_wait,342,0,0,1,0,0,0,0,0,0,1,0,0,0,0,0,31,2,2,14399,0,3,registered pipeline wait 2
integrated_0343,valid_complete,343,0,0,1,0,0,0,0,0,1,0,1,1,0,0,0,27,2,2,14399,0,3,locked test H4 trace decision 76; completion after N+3
integrated_0344,back_to_back_requests,344,0,1,1,0,0,58982,32768,32768,0,1,0,0,0,0,0,27,2,2,14399,0,3,locked test H4 trace decision 77
integrated_0345,pipeline_wait,345,0,0,1,0,0,0,0,0,0,1,0,0,0,0,0,27,2,2,14399,0,3,registered pipeline wait 1
integrated_0346,pipeline_wait,346,0,0,1,0,0,0,0,0,0,1,0,0,0,0,0,27,2,2,14399,0,3,registered pipeline wait 2
integrated_0347,valid_complete,347,0,0,1,0,0,0,0,0,1,0,1,1,0,0,0,27,2,2,14399,0,3,locked test H4 trace decision 77; completion after N+3
integrated_0348,back_to_back_requests,348,0,1,1,0,0,58982,49151,32768,0,1,0,0,0,0,0,27,2,2,14399,0,3,locked test H4 trace decision 78
integrated_0349,pipeline_wait,349,0,0,1,0,0,0,0,0,0,1,0,0,0,0,0,27,2,2,14399,0,3,registered pipeline wait 1
integrated_0350,pipeline_wait,350,0,0,1,0,0,0,0,0,0,1,0,0,0,0,0,27,2,2,14399,0,3,registered pipeline wait 2
integrated_0351,valid_complete,351,0,0,1,0,0,0,0,0,1,0,1,1,0,0,0,31,2,2,14399,0,3,locked test H4 trace decision 78; completion after N+3
integrated_0352,back_to_back_requests,352,0,1,1,0,0,58982,16384,32768,0,1,0,0,0,0,0,31,2,2,14399,0,3,locked test H4 trace decision 79
integrated_0353,pipeline_wait,353,0,0,1,0,0,0,0,0,0,1,0,0,0,0,0,31,2,2,14399,0,3,registered pipeline wait 1
integrated_0354,pipeline_wait,354,0,0,1,0,0,0,0,0,0,1,0,0,0,0,0,31,2,2,14399,0,3,registered pipeline wait 2
integrated_0355,valid_complete,355,0,0,1,0,0,0,0,0,1,0,1,1,0,0,0,23,2,2,14399,0,3,locked test H4 trace decision 79; completion after N+3
integrated_0356,back_to_back_requests,356,0,1,1,0,0,58982,16384,32768,0,1,0,0,0,0,0,23,2,2,14399,0,3,locked test H4 trace decision 80
integrated_0357,pipeline_wait,357,0,0,1,0,0,0,0,0,0,1,0,0,0,0,0,23,2,2,14399,0,3,registered pipeline wait 1
integrated_0358,pipeline_wait,358,0,0,1,0,0,0,0,0,0,1,0,0,0,0,0,23,2,2,14399,0,3,registered pipeline wait 2
integrated_0359,valid_complete,359,0,0,1,0,0,0,0,0,1,0,1,1,0,0,0,23,2,2,14399,0,3,locked test H4 trace decision 80; completion after N+3
integrated_0360,back_to_back_requests,360,0,1,1,0,0,58982,49151,32768,0,1,0,0,0,0,0,23,2,2,14399,0,3,locked test H4 trace decision 81
integrated_0361,pipeline_wait,361,0,0,1,0,0,0,0,0,0,1,0,0,0,0,0,23,2,2,14399,0,3,registered pipeline wait 1
integrated_0362,pipeline_wait,362,0,0,1,0,0,0,0,0,0,1,0,0,0,0,0,23,2,2,14399,0,3,registered pipeline wait 2
integrated_0363,valid_complete,363,0,0,1,0,0,0,0,0,1,0,1,1,0,0,0,31,2,2,14399,0,3,locked test H4 trace decision 81; completion after N+3
integrated_0364,back_to_back_requests,364,0,1,1,0,0,58982,0,32768,0,1,0,0,0,0,0,31,2,2,14399,0,3,locked test H4 trace decision 82
integrated_0365,pipeline_wait,365,0,0,1,0,0,0,0,0,0,1,0,0,0,0,0,31,2,2,14399,0,3,registered pipeline wait 1
integrated_0366,pipeline_wait,366,0,0,1,0,0,0,0,0,0,1,0,0,0,0,0,31,2,2,14399,0,3,registered pipeline wait 2
integrated_0367,valid_complete,367,0,0,1,0,0,0,0,0,1,0,1,1,0,0,0,19,2,2,14399,0,3,locked test H4 trace decision 82; completion after N+3
integrated_0368,back_to_back_requests,368,0,1,1,0,0,58982,0,32768,0,1,0,0,0,0,0,19,2,2,14399,0,3,locked test H4 trace decision 83
integrated_0369,pipeline_wait,369,0,0,1,0,0,0,0,0,0,1,0,0,0,0,0,19,2,2,14399,0,3,registered pipeline wait 1
integrated_0370,pipeline_wait,370,0,0,1,0,0,0,0,0,0,1,0,0,0,0,0,19,2,2,14399,0,3,registered pipeline wait 2
integrated_0371,valid_complete,371,0,0,1,0,0,0,0,0,1,0,1,1,0,0,0,19,2,2,14399,0,3,locked test H4 trace decision 83; completion after N+3
integrated_0372,back_to_back_requests,372,0,1,1,0,0,58982,16384,32768,0,1,0,0,0,0,0,19,2,2,14399,0,3,locked test H4 trace decision 84
integrated_0373,pipeline_wait,373,0,0,1,0,0,0,0,0,0,1,0,0,0,0,0,19,2,2,14399,0,3,registered pipeline wait 1
integrated_0374,pipeline_wait,374,0,0,1,0,0,0,0,0,0,1,0,0,0,0,0,19,2,2,14399,0,3,registered pipeline wait 2
integrated_0375,valid_complete,375,0,0,1,0,0,0,0,0,1,0,1,1,0,0,0,23,2,2,14399,0,3,locked test H4 trace decision 84; completion after N+3
integrated_0376,back_to_back_requests,376,0,1,1,0,0,58982,16384,32768,0,1,0,0,0,0,0,23,2,2,14399,0,3,locked test H4 trace decision 85
integrated_0377,pipeline_wait,377,0,0,1,0,0,0,0,0,0,1,0,0,0,0,0,23,2,2,14399,0,3,registered pipeline wait 1
integrated_0378,pipeline_wait,378,0,0,1,0,0,0,0,0,0,1,0,0,0,0,0,23,2,2,14399,0,3,registered pipeline wait 2
integrated_0379,valid_complete,379,0,0,1,0,0,0,0,0,1,0,1,1,0,0,0,23,2,2,14399,0,3,locked test H4 trace decision 85; completion after N+3
integrated_0380,back_to_back_requests,380,0,1,1,0,0,58982,32768,32768,0,1,0,0,0,0,0,23,2,2,14399,0,3,locked test H4 trace decision 86
integrated_0381,pipeline_wait,381,0,0,1,0,0,0,0,0,0,1,0,0,0,0,0,23,2,2,14399,0,3,registered pipeline wait 1
integrated_0382,pipeline_wait,382,0,0,1,0,0,0,0,0,0,1,0,0,0,0,0,23,2,2,14399,0,3,registered pipeline wait 2
integrated_0383,valid_complete,383,0,0,1,0,0,0,0,0,1,0,1,1,0,0,0,27,2,2,14399,0,3,locked test H4 trace decision 86; completion after N+3
integrated_0384,back_to_back_requests,384,0,1,1,0,0,58982,32768,32768,0,1,0,0,0,0,0,27,2,2,14399,0,3,locked test H4 trace decision 87
integrated_0385,pipeline_wait,385,0,0,1,0,0,0,0,0,0,1,0,0,0,0,0,27,2,2,14399,0,3,registered pipeline wait 1
integrated_0386,pipeline_wait,386,0,0,1,0,0,0,0,0,0,1,0,0,0,0,0,27,2,2,14399,0,3,registered pipeline wait 2
integrated_0387,valid_complete,387,0,0,1,0,0,0,0,0,1,0,1,1,0,0,0,27,2,2,14399,0,3,locked test H4 trace decision 87; completion after N+3
integrated_0388,back_to_back_requests,388,0,1,1,0,0,58982,0,32768,0,1,0,0,0,0,0,27,2,2,14399,0,3,locked test H4 trace decision 88
integrated_0389,pipeline_wait,389,0,0,1,0,0,0,0,0,0,1,0,0,0,0,0,27,2,2,14399,0,3,registered pipeline wait 1
integrated_0390,pipeline_wait,390,0,0,1,0,0,0,0,0,0,1,0,0,0,0,0,27,2,2,14399,0,3,registered pipeline wait 2
integrated_0391,valid_complete,391,0,0,1,0,0,0,0,0,1,0,1,1,0,0,0,19,2,2,14399,0,3,locked test H4 trace decision 88; completion after N+3
integrated_0392,back_to_back_requests,392,0,1,1,0,0,58982,49151,32768,0,1,0,0,0,0,0,19,2,2,14399,0,3,locked test H4 trace decision 89
integrated_0393,pipeline_wait,393,0,0,1,0,0,0,0,0,0,1,0,0,0,0,0,19,2,2,14399,0,3,registered pipeline wait 1
integrated_0394,pipeline_wait,394,0,0,1,0,0,0,0,0,0,1,0,0,0,0,0,19,2,2,14399,0,3,registered pipeline wait 2
integrated_0395,valid_complete,395,0,0,1,0,0,0,0,0,1,0,1,1,0,0,0,31,2,2,14399,0,3,locked test H4 trace decision 89; completion after N+3
integrated_0396,back_to_back_requests,396,0,1,1,0,0,58982,49151,32768,0,1,0,0,0,0,0,31,2,2,14399,0,3,locked test H4 trace decision 90
integrated_0397,pipeline_wait,397,0,0,1,0,0,0,0,0,0,1,0,0,0,0,0,31,2,2,14399,0,3,registered pipeline wait 1
integrated_0398,pipeline_wait,398,0,0,1,0,0,0,0,0,0,1,0,0,0,0,0,31,2,2,14399,0,3,registered pipeline wait 2
integrated_0399,valid_complete,399,0,0,1,0,0,0,0,0,1,0,1,1,0,0,0,31,2,2,14399,0,3,locked test H4 trace decision 90; completion after N+3
integrated_0400,back_to_back_requests,400,0,1,1,0,0,58982,32768,32768,0,1,0,0,0,0,0,31,2,2,14399,0,3,locked test H4 trace decision 91
integrated_0401,pipeline_wait,401,0,0,1,0,0,0,0,0,0,1,0,0,0,0,0,31,2,2,14399,0,3,registered pipeline wait 1
integrated_0402,pipeline_wait,402,0,0,1,0,0,0,0,0,0,1,0,0,0,0,0,31,2,2,14399,0,3,registered pipeline wait 2
integrated_0403,valid_complete,403,0,0,1,0,0,0,0,0,1,0,1,1,0,0,0,27,2,2,14399,0,3,locked test H4 trace decision 91; completion after N+3
integrated_0404,back_to_back_requests,404,0,1,1,0,0,58982,49151,32768,0,1,0,0,0,0,0,27,2,2,14399,0,3,locked test H4 trace decision 92
integrated_0405,pipeline_wait,405,0,0,1,0,0,0,0,0,0,1,0,0,0,0,0,27,2,2,14399,0,3,registered pipeline wait 1
integrated_0406,pipeline_wait,406,0,0,1,0,0,0,0,0,0,1,0,0,0,0,0,27,2,2,14399,0,3,registered pipeline wait 2
integrated_0407,valid_complete,407,0,0,1,0,0,0,0,0,1,0,1,1,0,0,0,31,2,2,14399,0,3,locked test H4 trace decision 92; completion after N+3
integrated_0408,back_to_back_requests,408,0,1,1,0,0,58982,0,32768,0,1,0,0,0,0,0,31,2,2,14399,0,3,locked test H4 trace decision 93
integrated_0409,pipeline_wait,409,0,0,1,0,0,0,0,0,0,1,0,0,0,0,0,31,2,2,14399,0,3,registered pipeline wait 1
integrated_0410,pipeline_wait,410,0,0,1,0,0,0,0,0,0,1,0,0,0,0,0,31,2,2,14399,0,3,registered pipeline wait 2
integrated_0411,valid_complete,411,0,0,1,0,0,0,0,0,1,0,1,1,0,0,0,19,2,2,14399,0,3,locked test H4 trace decision 93; completion after N+3
integrated_0412,back_to_back_requests,412,0,1,1,0,0,58982,16384,32768,0,1,0,0,0,0,0,19,2,2,14399,0,3,locked test H4 trace decision 94
integrated_0413,pipeline_wait,413,0,0,1,0,0,0,0,0,0,1,0,0,0,0,0,19,2,2,14399,0,3,registered pipeline wait 1
integrated_0414,pipeline_wait,414,0,0,1,0,0,0,0,0,0,1,0,0,0,0,0,19,2,2,14399,0,3,registered pipeline wait 2
integrated_0415,valid_complete,415,0,0,1,0,0,0,0,0,1,0,1,1,0,0,0,23,2,2,14399,0,3,locked test H4 trace decision 94; completion after N+3
integrated_0416,back_to_back_requests,416,0,1,1,0,0,58982,16384,32768,0,1,0,0,0,0,0,23,2,2,14399,0,3,locked test H4 trace decision 95
integrated_0417,pipeline_wait,417,0,0,1,0,0,0,0,0,0,1,0,0,0,0,0,23,2,2,14399,0,3,registered pipeline wait 1
integrated_0418,pipeline_wait,418,0,0,1,0,0,0,0,0,0,1,0,0,0,0,0,23,2,2,14399,0,3,registered pipeline wait 2
integrated_0419,valid_complete,419,0,0,1,0,0,0,0,0,1,0,1,1,0,0,0,23,2,2,14399,0,3,locked test H4 trace decision 95; completion after N+3
integrated_0420,back_to_back_requests,420,0,1,1,0,0,58982,49151,32768,0,1,0,0,0,0,0,23,2,2,14399,0,3,locked test H4 trace decision 96
integrated_0421,pipeline_wait,421,0,0,1,0,0,0,0,0,0,1,0,0,0,0,0,23,2,2,14399,0,3,registered pipeline wait 1
integrated_0422,pipeline_wait,422,0,0,1,0,0,0,0,0,0,1,0,0,0,0,0,23,2,2,14399,0,3,registered pipeline wait 2
integrated_0423,valid_complete,423,0,0,1,0,0,0,0,0,1,0,1,1,0,0,0,31,2,2,14399,0,3,locked test H4 trace decision 96; completion after N+3
integrated_0424,back_to_back_requests,424,0,1,1,0,0,62914,49151,32768,0,1,0,0,0,0,0,31,2,2,14399,0,3,locked test H4 trace decision 97
integrated_0425,pipeline_wait,425,0,0,1,0,0,0,0,0,0,1,0,0,0,0,0,31,2,2,14399,0,3,registered pipeline wait 1
integrated_0426,pipeline_wait,426,0,0,1,0,0,0,0,0,0,1,0,0,0,0,0,31,2,2,14399,0,3,registered pipeline wait 2
integrated_0427,dwell_switch,427,0,0,1,0,0,0,0,0,1,0,1,1,0,0,0,63,1,1,1B516,1,1,locked test H4 trace decision 97; completion after N+3
integrated_0428,back_to_back_requests,428,0,1,1,0,0,62914,49151,32768,0,1,0,0,0,0,0,63,1,1,1B516,0,1,locked test H4 trace decision 98
integrated_0429,pipeline_wait,429,0,0,1,0,0,0,0,0,0,1,0,0,0,0,0,63,1,1,1B516,0,1,registered pipeline wait 1
integrated_0430,pipeline_wait,430,0,0,1,0,0,0,0,0,0,1,0,0,0,0,0,63,1,1,1B516,0,1,registered pipeline wait 2
integrated_0431,valid_complete,431,0,0,1,0,0,0,0,0,1,0,1,1,0,0,0,63,1,1,1B516,0,2,locked test H4 trace decision 98; completion after N+3
integrated_0432,back_to_back_requests,432,0,1,1,0,16384,62914,49151,32768,0,1,0,0,0,0,0,63,1,1,1B516,0,2,locked test H4 trace decision 99
integrated_0433,pipeline_wait,433,0,0,1,0,0,0,0,0,0,1,0,0,0,0,0,63,1,1,1B516,0,2,registered pipeline wait 1
integrated_0434,pipeline_wait,434,0,0,1,0,0,0,0,0,0,1,0,0,0,0,0,63,1,1,1B516,0,2,registered pipeline wait 2
integrated_0435,dwell_hold,435,0,0,1,0,0,0,0,0,1,0,1,1,0,0,0,127,3,1,1B516,0,3,locked test H4 trace decision 99; completion after N+3
integrated_0436,back_to_back_requests,436,0,1,1,0,16384,62914,49151,32768,0,1,0,0,0,0,0,127,3,1,1B516,0,3,locked test H4 trace decision 100
integrated_0437,pipeline_wait,437,0,0,1,0,0,0,0,0,0,1,0,0,0,0,0,127,3,1,1B516,0,3,registered pipeline wait 1
integrated_0438,pipeline_wait,438,0,0,1,0,0,0,0,0,0,1,0,0,0,0,0,127,3,1,1B516,0,3,registered pipeline wait 2
integrated_0439,dwell_switch,439,0,0,1,0,0,0,0,0,1,0,1,1,0,0,0,127,3,3,0A2A5,1,1,locked test H4 trace decision 100; completion after N+3
integrated_0440,back_to_back_requests,440,0,1,1,0,16384,62914,49151,32768,0,1,0,0,0,0,0,127,3,3,0A2A5,0,1,locked test H4 trace decision 101
integrated_0441,pipeline_wait,441,0,0,1,0,0,0,0,0,0,1,0,0,0,0,0,127,3,3,0A2A5,0,1,registered pipeline wait 1
integrated_0442,pipeline_wait,442,0,0,1,0,0,0,0,0,0,1,0,0,0,0,0,127,3,3,0A2A5,0,1,registered pipeline wait 2
integrated_0443,valid_complete,443,0,0,1,0,0,0,0,0,1,0,1,1,0,0,0,127,3,3,0A2A5,0,2,locked test H4 trace decision 101; completion after N+3
integrated_0444,back_to_back_requests,444,0,1,1,0,32768,62914,49151,32768,0,1,0,0,0,0,0,127,3,3,0A2A5,0,2,locked test H4 trace decision 102
integrated_0445,pipeline_wait,445,0,0,1,0,0,0,0,0,0,1,0,0,0,0,0,127,3,3,0A2A5,0,2,registered pipeline wait 1
integrated_0446,pipeline_wait,446,0,0,1,0,0,0,0,0,0,1,0,0,0,0,0,127,3,3,0A2A5,0,2,registered pipeline wait 2
integrated_0447,dwell_hold,447,0,0,1,0,0,0,0,0,1,0,1,1,0,0,0,191,2,3,0A2A5,0,3,locked test H4 trace decision 102; completion after N+3
integrated_0448,back_to_back_requests,448,0,1,1,0,32768,62914,49151,32768,0,1,0,0,0,0,0,191,2,3,0A2A5,0,3,locked test H4 trace decision 103
integrated_0449,pipeline_wait,449,0,0,1,0,0,0,0,0,0,1,0,0,0,0,0,191,2,3,0A2A5,0,3,registered pipeline wait 1
integrated_0450,pipeline_wait,450,0,0,1,0,0,0,0,0,0,1,0,0,0,0,0,191,2,3,0A2A5,0,3,registered pipeline wait 2
integrated_0451,dwell_switch,451,0,0,1,0,0,0,0,0,1,0,1,1,0,0,0,191,2,2,14399,1,1,locked test H4 trace decision 103; completion after N+3
integrated_0452,back_to_back_requests,452,0,1,1,0,32768,62914,49151,32768,0,1,0,0,0,0,0,191,2,2,14399,0,1,locked test H4 trace decision 104
integrated_0453,pipeline_wait,453,0,0,1,0,0,0,0,0,0,1,0,0,0,0,0,191,2,2,14399,0,1,registered pipeline wait 1
integrated_0454,pipeline_wait,454,0,0,1,0,0,0,0,0,0,1,0,0,0,0,0,191,2,2,14399,0,1,registered pipeline wait 2
integrated_0455,valid_complete,455,0,0,1,0,0,0,0,0,1,0,1,1,0,0,0,191,2,2,14399,0,2,locked test H4 trace decision 104; completion after N+3
integrated_0456,back_to_back_requests,456,0,1,1,0,32768,62914,49151,32768,0,1,0,0,0,0,0,191,2,2,14399,0,2,locked test H4 trace decision 105
integrated_0457,pipeline_wait,457,0,0,1,0,0,0,0,0,0,1,0,0,0,0,0,191,2,2,14399,0,2,registered pipeline wait 1
integrated_0458,pipeline_wait,458,0,0,1,0,0,0,0,0,0,1,0,0,0,0,0,191,2,2,14399,0,2,registered pipeline wait 2
integrated_0459,valid_complete,459,0,0,1,0,0,0,0,0,1,0,1,1,0,0,0,191,2,2,14399,0,3,locked test H4 trace decision 105; completion after N+3
integrated_0460,back_to_back_requests,460,0,1,1,0,32768,62914,49151,32768,0,1,0,0,0,0,0,191,2,2,14399,0,3,locked test H4 trace decision 106
integrated_0461,pipeline_wait,461,0,0,1,0,0,0,0,0,0,1,0,0,0,0,0,191,2,2,14399,0,3,registered pipeline wait 1
integrated_0462,pipeline_wait,462,0,0,1,0,0,0,0,0,0,1,0,0,0,0,0,191,2,2,14399,0,3,registered pipeline wait 2
integrated_0463,valid_complete,463,0,0,1,0,0,0,0,0,1,0,1,1,0,0,0,191,2,2,14399,0,3,locked test H4 trace decision 106; completion after N+3
integrated_0464,back_to_back_requests,464,0,1,1,0,49151,62914,49151,16384,0,1,0,0,0,0,0,191,2,2,14399,0,3,locked test H4 trace decision 107
integrated_0465,pipeline_wait,465,0,0,1,0,0,0,0,0,0,1,0,0,0,0,0,191,2,2,14399,0,3,registered pipeline wait 1
integrated_0466,pipeline_wait,466,0,0,1,0,0,0,0,0,0,1,0,0,0,0,0,191,2,2,14399,0,3,registered pipeline wait 2
integrated_0467,dwell_switch,467,0,0,1,0,0,0,0,0,1,0,1,1,0,0,0,254,1,1,1B516,1,1,locked test H4 trace decision 107; completion after N+3
integrated_0468,back_to_back_requests,468,0,1,1,0,49151,62914,49151,0,0,1,0,0,0,0,0,254,1,1,1B516,0,1,locked test H4 trace decision 108
integrated_0469,pipeline_wait,469,0,0,1,0,0,0,0,0,0,1,0,0,0,0,0,254,1,1,1B516,0,1,registered pipeline wait 1
integrated_0470,pipeline_wait,470,0,0,1,0,0,0,0,0,0,1,0,0,0,0,0,254,1,1,1B516,0,1,registered pipeline wait 2
integrated_0471,dwell_hold,471,0,0,1,0,0,0,0,0,1,0,1,1,0,0,0,252,0,1,1B516,0,2,locked test H4 trace decision 108; completion after N+3
integrated_0472,back_to_back_requests,472,0,1,1,0,49151,62914,49151,8192,0,1,0,0,0,0,0,252,0,1,1B516,0,2,locked test H4 trace decision 109
integrated_0473,pipeline_wait,473,0,0,1,0,0,0,0,0,0,1,0,0,0,0,0,252,0,1,1B516,0,2,registered pipeline wait 1
integrated_0474,pipeline_wait,474,0,0,1,0,0,0,0,0,0,1,0,0,0,0,0,252,0,1,1B516,0,2,registered pipeline wait 2
integrated_0475,dwell_hold,475,0,0,1,0,0,0,0,0,1,0,1,1,0,0,0,253,3,1,1B516,0,3,locked test H4 trace decision 109; completion after N+3
integrated_0476,back_to_back_requests,476,0,1,1,0,49151,62914,49151,8192,0,1,0,0,0,0,0,253,3,1,1B516,0,3,locked test H4 trace decision 110
integrated_0477,pipeline_wait,477,0,0,1,0,0,0,0,0,0,1,0,0,0,0,0,253,3,1,1B516,0,3,registered pipeline wait 1
integrated_0478,pipeline_wait,478,0,0,1,0,0,0,0,0,0,1,0,0,0,0,0,253,3,1,1B516,0,3,registered pipeline wait 2
integrated_0479,dwell_switch,479,0,0,1,0,0,0,0,0,1,0,1,1,0,0,0,253,3,3,0A2A5,1,1,locked test H4 trace decision 110; completion after N+3
integrated_0480,back_to_back_requests,480,0,1,1,0,49151,62914,49151,16384,0,1,0,0,0,0,0,253,3,3,0A2A5,0,1,locked test H4 trace decision 111
integrated_0481,pipeline_wait,481,0,0,1,0,0,0,0,0,0,1,0,0,0,0,0,253,3,3,0A2A5,0,1,registered pipeline wait 1
integrated_0482,pipeline_wait,482,0,0,1,0,0,0,0,0,0,1,0,0,0,0,0,253,3,3,0A2A5,0,1,registered pipeline wait 2
integrated_0483,dwell_hold,483,0,0,1,0,0,0,0,0,1,0,1,1,0,0,0,254,1,3,0A2A5,0,2,locked test H4 trace decision 111; completion after N+3
integrated_0484,back_to_back_requests,484,0,1,1,0,49151,62914,49151,16384,0,1,0,0,0,0,0,254,1,3,0A2A5,0,2,locked test H4 trace decision 112
integrated_0485,pipeline_wait,485,0,0,1,0,0,0,0,0,0,1,0,0,0,0,0,254,1,3,0A2A5,0,2,registered pipeline wait 1
integrated_0486,pipeline_wait,486,0,0,1,0,0,0,0,0,0,1,0,0,0,0,0,254,1,3,0A2A5,0,2,registered pipeline wait 2
integrated_0487,dwell_hold,487,0,0,1,0,0,0,0,0,1,0,1,1,0,0,0,254,1,3,0A2A5,0,3,locked test H4 trace decision 112; completion after N+3
integrated_0488,back_to_back_requests,488,0,1,1,0,49151,62914,49151,16384,0,1,0,0,0,0,0,254,1,3,0A2A5,0,3,locked test H4 trace decision 113
integrated_0489,pipeline_wait,489,0,0,1,0,0,0,0,0,0,1,0,0,0,0,0,254,1,3,0A2A5,0,3,registered pipeline wait 1
integrated_0490,pipeline_wait,490,0,0,1,0,0,0,0,0,0,1,0,0,0,0,0,254,1,3,0A2A5,0,3,registered pipeline wait 2
integrated_0491,dwell_switch,491,0,0,1,0,0,0,0,0,1,0,1,1,0,0,0,254,1,1,1B516,1,1,locked test H4 trace decision 113; completion after N+3
integrated_0492,back_to_back_requests,492,0,1,1,0,49151,62914,49151,8192,0,1,0,0,0,0,0,254,1,1,1B516,0,1,locked test H4 trace decision 114
integrated_0493,pipeline_wait,493,0,0,1,0,0,0,0,0,0,1,0,0,0,0,0,254,1,1,1B516,0,1,registered pipeline wait 1
integrated_0494,pipeline_wait,494,0,0,1,0,0,0,0,0,0,1,0,0,0,0,0,254,1,1,1B516,0,1,registered pipeline wait 2
integrated_0495,dwell_hold,495,0,0,1,0,0,0,0,0,1,0,1,1,0,0,0,253,3,1,1B516,0,2,locked test H4 trace decision 114; completion after N+3
integrated_0496,back_to_back_requests,496,0,1,1,0,49151,62914,49151,0,0,1,0,0,0,0,0,253,3,1,1B516,0,2,locked test H4 trace decision 115
integrated_0497,pipeline_wait,497,0,0,1,0,0,0,0,0,0,1,0,0,0,0,0,253,3,1,1B516,0,2,registered pipeline wait 1
integrated_0498,pipeline_wait,498,0,0,1,0,0,0,0,0,0,1,0,0,0,0,0,253,3,1,1B516,0,2,registered pipeline wait 2
integrated_0499,dwell_hold,499,0,0,1,0,0,0,0,0,1,0,1,1,0,0,0,252,0,1,1B516,0,3,locked test H4 trace decision 115; completion after N+3
integrated_0500,back_to_back_requests,500,0,1,1,0,49151,62914,49151,8192,0,1,0,0,0,0,0,252,0,1,1B516,0,3,locked test H4 trace decision 116
integrated_0501,pipeline_wait,501,0,0,1,0,0,0,0,0,0,1,0,0,0,0,0,252,0,1,1B516,0,3,registered pipeline wait 1
integrated_0502,pipeline_wait,502,0,0,1,0,0,0,0,0,0,1,0,0,0,0,0,252,0,1,1B516,0,3,registered pipeline wait 2
integrated_0503,dwell_switch,503,0,0,1,0,0,0,0,0,1,0,1,1,0,0,0,253,3,3,0A2A5,1,1,locked test H4 trace decision 116; completion after N+3
integrated_0504,back_to_back_requests,504,0,1,1,0,49151,62914,49151,8192,0,1,0,0,0,0,0,253,3,3,0A2A5,0,1,locked test H4 trace decision 117
integrated_0505,pipeline_wait,505,0,0,1,0,0,0,0,0,0,1,0,0,0,0,0,253,3,3,0A2A5,0,1,registered pipeline wait 1
integrated_0506,pipeline_wait,506,0,0,1,0,0,0,0,0,0,1,0,0,0,0,0,253,3,3,0A2A5,0,1,registered pipeline wait 2
integrated_0507,valid_complete,507,0,0,1,0,0,0,0,0,1,0,1,1,0,0,0,253,3,3,0A2A5,0,2,locked test H4 trace decision 117; completion after N+3
integrated_0508,back_to_back_requests,508,0,1,1,0,49151,62914,49151,16384,0,1,0,0,0,0,0,253,3,3,0A2A5,0,2,locked test H4 trace decision 118
integrated_0509,pipeline_wait,509,0,0,1,0,0,0,0,0,0,1,0,0,0,0,0,253,3,3,0A2A5,0,2,registered pipeline wait 1
integrated_0510,pipeline_wait,510,0,0,1,0,0,0,0,0,0,1,0,0,0,0,0,253,3,3,0A2A5,0,2,registered pipeline wait 2
integrated_0511,dwell_hold,511,0,0,1,0,0,0,0,0,1,0,1,1,0,0,0,254,1,3,0A2A5,0,3,locked test H4 trace decision 118; completion after N+3
integrated_0512,back_to_back_requests,512,0,1,1,0,49151,62914,49151,16384,0,1,0,0,0,0,0,254,1,3,0A2A5,0,3,locked test H4 trace decision 119
integrated_0513,pipeline_wait,513,0,0,1,0,0,0,0,0,0,1,0,0,0,0,0,254,1,3,0A2A5,0,3,registered pipeline wait 1
integrated_0514,pipeline_wait,514,0,0,1,0,0,0,0,0,0,1,0,0,0,0,0,254,1,3,0A2A5,0,3,registered pipeline wait 2
integrated_0515,dwell_switch,515,0,0,1,0,0,0,0,0,1,0,1,1,0,0,0,254,1,1,1B516,1,1,locked test H4 trace decision 119; completion after N+3
integrated_0516,back_to_back_requests,516,0,1,1,0,49151,62914,49151,8192,0,1,0,0,0,0,0,254,1,1,1B516,0,1,locked test H4 trace decision 120
integrated_0517,pipeline_wait,517,0,0,1,0,0,0,0,0,0,1,0,0,0,0,0,254,1,1,1B516,0,1,registered pipeline wait 1
integrated_0518,pipeline_wait,518,0,0,1,0,0,0,0,0,0,1,0,0,0,0,0,254,1,1,1B516,0,1,registered pipeline wait 2
integrated_0519,dwell_hold,519,0,0,1,0,0,0,0,0,1,0,1,1,0,0,0,253,3,1,1B516,0,2,locked test H4 trace decision 120; completion after N+3
integrated_0520,back_to_back_requests,520,0,1,1,0,49151,62914,49151,8192,0,1,0,0,0,0,0,253,3,1,1B516,0,2,locked test H4 trace decision 121
integrated_0521,pipeline_wait,521,0,0,1,0,0,0,0,0,0,1,0,0,0,0,0,253,3,1,1B516,0,2,registered pipeline wait 1
integrated_0522,pipeline_wait,522,0,0,1,0,0,0,0,0,0,1,0,0,0,0,0,253,3,1,1B516,0,2,registered pipeline wait 2
integrated_0523,dwell_hold,523,0,0,1,0,0,0,0,0,1,0,1,1,0,0,0,253,3,1,1B516,0,3,locked test H4 trace decision 121; completion after N+3
integrated_0524,back_to_back_requests,524,0,1,1,0,49151,62914,49151,0,0,1,0,0,0,0,0,253,3,1,1B516,0,3,locked test H4 trace decision 122
integrated_0525,pipeline_wait,525,0,0,1,0,0,0,0,0,0,1,0,0,0,0,0,253,3,1,1B516,0,3,registered pipeline wait 1
integrated_0526,pipeline_wait,526,0,0,1,0,0,0,0,0,0,1,0,0,0,0,0,253,3,1,1B516,0,3,registered pipeline wait 2
integrated_0527,dwell_switch,527,0,0,1,0,0,0,0,0,1,0,1,1,0,0,0,252,0,0,13329,1,1,locked test H4 trace decision 122; completion after N+3
integrated_0528,back_to_back_requests,528,0,1,1,0,49151,62914,49151,8192,0,1,0,0,0,0,0,252,0,0,13329,0,1,locked test H4 trace decision 123
integrated_0529,pipeline_wait,529,0,0,1,0,0,0,0,0,0,1,0,0,0,0,0,252,0,0,13329,0,1,registered pipeline wait 1
integrated_0530,pipeline_wait,530,0,0,1,0,0,0,0,0,0,1,0,0,0,0,0,252,0,0,13329,0,1,registered pipeline wait 2
integrated_0531,dwell_hold,531,0,0,1,0,0,0,0,0,1,0,1,1,0,0,0,253,3,0,13329,0,2,locked test H4 trace decision 123; completion after N+3
integrated_0532,back_to_back_requests,532,0,1,1,0,49151,62914,49151,8192,0,1,0,0,0,0,0,253,3,0,13329,0,2,locked test H4 trace decision 124
integrated_0533,pipeline_wait,533,0,0,1,0,0,0,0,0,0,1,0,0,0,0,0,253,3,0,13329,0,2,registered pipeline wait 1
integrated_0534,pipeline_wait,534,0,0,1,0,0,0,0,0,0,1,0,0,0,0,0,253,3,0,13329,0,2,registered pipeline wait 2
integrated_0535,dwell_hold,535,0,0,1,0,0,0,0,0,1,0,1,1,0,0,0,253,3,0,13329,0,3,locked test H4 trace decision 124; completion after N+3
integrated_0536,back_to_back_requests,536,0,1,1,0,49151,62914,49151,16384,0,1,0,0,0,0,0,253,3,0,13329,0,3,locked test H4 trace decision 125
integrated_0537,pipeline_wait,537,0,0,1,0,0,0,0,0,0,1,0,0,0,0,0,253,3,0,13329,0,3,registered pipeline wait 1
integrated_0538,pipeline_wait,538,0,0,1,0,0,0,0,0,0,1,0,0,0,0,0,253,3,0,13329,0,3,registered pipeline wait 2
integrated_0539,dwell_switch,539,0,0,1,0,0,0,0,0,1,0,1,1,0,0,0,254,1,1,1B516,1,1,locked test H4 trace decision 125; completion after N+3
integrated_0540,back_to_back_requests,540,0,1,1,0,49151,62914,49151,8192,0,1,0,0,0,0,0,254,1,1,1B516,0,1,locked test H4 trace decision 126
integrated_0541,pipeline_wait,541,0,0,1,0,0,0,0,0,0,1,0,0,0,0,0,254,1,1,1B516,0,1,registered pipeline wait 1
integrated_0542,pipeline_wait,542,0,0,1,0,0,0,0,0,0,1,0,0,0,0,0,254,1,1,1B516,0,1,registered pipeline wait 2
integrated_0543,dwell_hold,543,0,0,1,0,0,0,0,0,1,0,1,1,0,0,0,253,3,1,1B516,0,2,locked test H4 trace decision 126; completion after N+3
integrated_0544,back_to_back_requests,544,0,1,1,0,49151,62914,49151,8192,0,1,0,0,0,0,0,253,3,1,1B516,0,2,locked test H4 trace decision 127
integrated_0545,pipeline_wait,545,0,0,1,0,0,0,0,0,0,1,0,0,0,0,0,253,3,1,1B516,0,2,registered pipeline wait 1
integrated_0546,pipeline_wait,546,0,0,1,0,0,0,0,0,0,1,0,0,0,0,0,253,3,1,1B516,0,2,registered pipeline wait 2
integrated_0547,dwell_hold,547,0,0,1,0,0,0,0,0,1,0,1,1,0,0,0,253,3,1,1B516,0,3,locked test H4 trace decision 127; completion after N+3
integrated_0548,back_to_back_requests,548,0,1,1,0,49151,62914,0,32768,0,1,0,0,0,0,0,253,3,1,1B516,0,3,locked test H4 trace decision 128
integrated_0549,pipeline_wait,549,0,0,1,0,0,0,0,0,0,1,0,0,0,0,0,253,3,1,1B516,0,3,registered pipeline wait 1
integrated_0550,pipeline_wait,550,0,0,1,0,0,0,0,0,0,1,0,0,0,0,0,253,3,1,1B516,0,3,registered pipeline wait 2
integrated_0551,valid_complete,551,0,0,1,0,0,0,0,0,1,0,1,1,0,0,0,243,1,1,1B516,0,3,locked test H4 trace decision 128; completion after N+3
integrated_0552,back_to_back_requests,552,0,1,1,0,49151,60948,49151,32768,0,1,0,0,0,0,0,243,1,1,1B516,0,3,locked test H4 trace decision 129
integrated_0553,pipeline_wait,553,0,0,1,0,0,0,0,0,0,1,0,0,0,0,0,243,1,1,1B516,0,3,registered pipeline wait 1
integrated_0554,pipeline_wait,554,0,0,1,0,0,0,0,0,0,1,0,0,0,0,0,243,1,1,1B516,0,3,registered pipeline wait 2
integrated_0555,valid_complete,555,0,0,1,0,0,0,0,0,1,0,1,1,0,0,0,239,1,1,1B516,0,3,locked test H4 trace decision 129; completion after N+3
integrated_0556,back_to_back_requests,556,0,1,1,0,49151,60948,32768,32768,0,1,0,0,0,0,0,239,1,1,1B516,0,3,locked test H4 trace decision 130
integrated_0557,pipeline_wait,557,0,0,1,0,0,0,0,0,0,1,0,0,0,0,0,239,1,1,1B516,0,3,registered pipeline wait 1
integrated_0558,pipeline_wait,558,0,0,1,0,0,0,0,0,0,1,0,0,0,0,0,239,1,1,1B516,0,3,registered pipeline wait 2
integrated_0559,dwell_switch,559,0,0,1,0,0,0,0,0,1,0,1,1,0,0,0,235,3,3,0A2A5,1,1,locked test H4 trace decision 130; completion after N+3
integrated_0560,back_to_back_requests,560,0,1,1,0,49151,60948,49151,32768,0,1,0,0,0,0,0,235,3,3,0A2A5,0,1,locked test H4 trace decision 131
integrated_0561,pipeline_wait,561,0,0,1,0,0,0,0,0,0,1,0,0,0,0,0,235,3,3,0A2A5,0,1,registered pipeline wait 1
integrated_0562,pipeline_wait,562,0,0,1,0,0,0,0,0,0,1,0,0,0,0,0,235,3,3,0A2A5,0,1,registered pipeline wait 2
integrated_0563,dwell_hold,563,0,0,1,0,0,0,0,0,1,0,1,1,0,0,0,239,1,3,0A2A5,0,2,locked test H4 trace decision 131; completion after N+3
integrated_0564,back_to_back_requests,564,0,1,1,0,49151,60948,16384,32768,0,1,0,0,0,0,0,239,1,3,0A2A5,0,2,locked test H4 trace decision 132
integrated_0565,pipeline_wait,565,0,0,1,0,0,0,0,0,0,1,0,0,0,0,0,239,1,3,0A2A5,0,2,registered pipeline wait 1
integrated_0566,pipeline_wait,566,0,0,1,0,0,0,0,0,0,1,0,0,0,0,0,239,1,3,0A2A5,0,2,registered pipeline wait 2
integrated_0567,dwell_hold,567,0,0,1,0,0,0,0,0,1,0,1,1,0,0,0,231,1,3,0A2A5,0,3,locked test H4 trace decision 132; completion after N+3
integrated_0568,back_to_back_requests,568,0,1,1,0,49151,60948,32768,32768,0,1,0,0,0,0,0,231,1,3,0A2A5,0,3,locked test H4 trace decision 133
integrated_0569,pipeline_wait,569,0,0,1,0,0,0,0,0,0,1,0,0,0,0,0,231,1,3,0A2A5,0,3,registered pipeline wait 1
integrated_0570,pipeline_wait,570,0,0,1,0,0,0,0,0,0,1,0,0,0,0,0,231,1,3,0A2A5,0,3,registered pipeline wait 2
integrated_0571,valid_complete,571,0,0,1,0,0,0,0,0,1,0,1,1,0,0,0,235,3,3,0A2A5,0,3,locked test H4 trace decision 133; completion after N+3
integrated_0572,back_to_back_requests,572,0,1,1,0,49151,60948,0,32768,0,1,0,0,0,0,0,235,3,3,0A2A5,0,3,locked test H4 trace decision 134
integrated_0573,pipeline_wait,573,0,0,1,0,0,0,0,0,0,1,0,0,0,0,0,235,3,3,0A2A5,0,3,registered pipeline wait 1
integrated_0574,pipeline_wait,574,0,0,1,0,0,0,0,0,0,1,0,0,0,0,0,235,3,3,0A2A5,0,3,registered pipeline wait 2
integrated_0575,dwell_switch,575,0,0,1,0,0,0,0,0,1,0,1,1,0,0,0,227,1,1,1B516,1,1,locked test H4 trace decision 134; completion after N+3
integrated_0576,back_to_back_requests,576,0,1,1,0,49151,60948,0,16384,0,1,0,0,0,0,0,227,1,1,1B516,0,1,locked test H4 trace decision 135
integrated_0577,pipeline_wait,577,0,0,1,0,0,0,0,0,0,1,0,0,0,0,0,227,1,1,1B516,0,1,registered pipeline wait 1
integrated_0578,pipeline_wait,578,0,0,1,0,0,0,0,0,0,1,0,0,0,0,0,227,1,1,1B516,0,1,registered pipeline wait 2
integrated_0579,dwell_hold,579,0,0,1,0,0,0,0,0,1,0,1,1,0,0,0,226,3,1,1B516,0,2,locked test H4 trace decision 135; completion after N+3
integrated_0580,back_to_back_requests,580,0,1,1,0,49151,60948,32768,32768,0,1,0,0,0,0,0,226,3,1,1B516,0,2,locked test H4 trace decision 136
integrated_0581,pipeline_wait,581,0,0,1,0,0,0,0,0,0,1,0,0,0,0,0,226,3,1,1B516,0,2,registered pipeline wait 1
integrated_0582,pipeline_wait,582,0,0,1,0,0,0,0,0,0,1,0,0,0,0,0,226,3,1,1B516,0,2,registered pipeline wait 2
integrated_0583,dwell_hold,583,0,0,1,0,0,0,0,0,1,0,1,1,0,0,0,235,3,1,1B516,0,3,locked test H4 trace decision 136; completion after N+3
integrated_0584,back_to_back_requests,584,0,1,1,0,49151,60948,49151,16384,0,1,0,0,0,0,0,235,3,1,1B516,0,3,locked test H4 trace decision 137
integrated_0585,pipeline_wait,585,0,0,1,0,0,0,0,0,0,1,0,0,0,0,0,235,3,1,1B516,0,3,registered pipeline wait 1
integrated_0586,pipeline_wait,586,0,0,1,0,0,0,0,0,0,1,0,0,0,0,0,235,3,1,1B516,0,3,registered pipeline wait 2
integrated_0587,valid_complete,587,0,0,1,0,0,0,0,0,1,0,1,1,0,0,0,238,1,1,1B516,0,3,locked test H4 trace decision 137; completion after N+3
integrated_0588,back_to_back_requests,588,0,1,1,0,49151,60948,49151,16384,0,1,0,0,0,0,0,238,1,1,1B516,0,3,locked test H4 trace decision 138
integrated_0589,pipeline_wait,589,0,0,1,0,0,0,0,0,0,1,0,0,0,0,0,238,1,1,1B516,0,3,registered pipeline wait 1
integrated_0590,pipeline_wait,590,0,0,1,0,0,0,0,0,0,1,0,0,0,0,0,238,1,1,1B516,0,3,registered pipeline wait 2
integrated_0591,valid_complete,591,0,0,1,0,0,0,0,0,1,0,1,1,0,0,0,238,1,1,1B516,0,3,locked test H4 trace decision 138; completion after N+3
integrated_0592,back_to_back_requests,592,0,1,1,0,49151,60948,49151,16384,0,1,0,0,0,0,0,238,1,1,1B516,0,3,locked test H4 trace decision 139
integrated_0593,pipeline_wait,593,0,0,1,0,0,0,0,0,0,1,0,0,0,0,0,238,1,1,1B516,0,3,registered pipeline wait 1
integrated_0594,pipeline_wait,594,0,0,1,0,0,0,0,0,0,1,0,0,0,0,0,238,1,1,1B516,0,3,registered pipeline wait 2
integrated_0595,valid_complete,595,0,0,1,0,0,0,0,0,1,0,1,1,0,0,0,238,1,1,1B516,0,3,locked test H4 trace decision 139; completion after N+3
integrated_0596,back_to_back_requests,596,0,1,1,0,49151,60948,32768,16384,0,1,0,0,0,0,0,238,1,1,1B516,0,3,locked test H4 trace decision 140
integrated_0597,pipeline_wait,597,0,0,1,0,0,0,0,0,0,1,0,0,0,0,0,238,1,1,1B516,0,3,registered pipeline wait 1
integrated_0598,pipeline_wait,598,0,0,1,0,0,0,0,0,0,1,0,0,0,0,0,238,1,1,1B516,0,3,registered pipeline wait 2
integrated_0599,dwell_switch,599,0,0,1,0,0,0,0,0,1,0,1,1,0,0,0,234,2,2,14399,1,1,locked test H4 trace decision 140; completion after N+3
integrated_0600,back_to_back_requests,600,0,1,1,0,49151,60948,49151,16384,0,1,0,0,0,0,0,234,2,2,14399,0,1,locked test H4 trace decision 141
integrated_0601,pipeline_wait,601,0,0,1,0,0,0,0,0,0,1,0,0,0,0,0,234,2,2,14399,0,1,registered pipeline wait 1
integrated_0602,pipeline_wait,602,0,0,1,0,0,0,0,0,0,1,0,0,0,0,0,234,2,2,14399,0,1,registered pipeline wait 2
integrated_0603,dwell_hold,603,0,0,1,0,0,0,0,0,1,0,1,1,0,0,0,238,1,2,14399,0,2,locked test H4 trace decision 141; completion after N+3
integrated_0604,back_to_back_requests,604,0,1,1,0,49151,60948,0,16384,0,1,0,0,0,0,0,238,1,2,14399,0,2,locked test H4 trace decision 142
integrated_0605,pipeline_wait,605,0,0,1,0,0,0,0,0,0,1,0,0,0,0,0,238,1,2,14399,0,2,registered pipeline wait 1
integrated_0606,pipeline_wait,606,0,0,1,0,0,0,0,0,0,1,0,0,0,0,0,238,1,2,14399,0,2,registered pipeline wait 2
integrated_0607,dwell_hold,607,0,0,1,0,0,0,0,0,1,0,1,1,0,0,0,226,3,2,14399,0,3,locked test H4 trace decision 142; completion after N+3
integrated_0608,back_to_back_requests,608,0,1,1,0,49151,60948,49151,16384,0,1,0,0,0,0,0,226,3,2,14399,0,3,locked test H4 trace decision 143
integrated_0609,pipeline_wait,609,0,0,1,0,0,0,0,0,0,1,0,0,0,0,0,226,3,2,14399,0,3,registered pipeline wait 1
integrated_0610,pipeline_wait,610,0,0,1,0,0,0,0,0,0,1,0,0,0,0,0,226,3,2,14399,0,3,registered pipeline wait 2
integrated_0611,dwell_switch,611,0,0,1,0,0,0,0,0,1,0,1,1,0,0,0,238,1,1,1B516,1,1,locked test H4 trace decision 143; completion after N+3
integrated_0612,back_to_back_requests,612,0,1,1,0,49151,60948,0,16384,0,1,0,0,0,0,0,238,1,1,1B516,0,1,locked test H4 trace decision 144
integrated_0613,pipeline_wait,613,0,0,1,0,0,0,0,0,0,1,0,0,0,0,0,238,1,1,1B516,0,1,registered pipeline wait 1
integrated_0614,pipeline_wait,614,0,0,1,0,0,0,0,0,0,1,0,0,0,0,0,238,1,1,1B516,0,1,registered pipeline wait 2
integrated_0615,dwell_hold,615,0,0,1,0,0,0,0,0,1,0,1,1,0,0,0,226,3,1,1B516,0,2,locked test H4 trace decision 144; completion after N+3
integrated_0616,back_to_back_requests,616,0,1,1,0,49151,60948,49151,16384,0,1,0,0,0,0,0,226,3,1,1B516,0,2,locked test H4 trace decision 145
integrated_0617,pipeline_wait,617,0,0,1,0,0,0,0,0,0,1,0,0,0,0,0,226,3,1,1B516,0,2,registered pipeline wait 1
integrated_0618,pipeline_wait,618,0,0,1,0,0,0,0,0,0,1,0,0,0,0,0,226,3,1,1B516,0,2,registered pipeline wait 2
integrated_0619,valid_complete,619,0,0,1,0,0,0,0,0,1,0,1,1,0,0,0,238,1,1,1B516,0,3,locked test H4 trace decision 145; completion after N+3
integrated_0620,back_to_back_requests,620,0,1,1,0,49151,60948,0,8192,0,1,0,0,0,0,0,238,1,1,1B516,0,3,locked test H4 trace decision 146
integrated_0621,pipeline_wait,621,0,0,1,0,0,0,0,0,0,1,0,0,0,0,0,238,1,1,1B516,0,3,registered pipeline wait 1
integrated_0622,pipeline_wait,622,0,0,1,0,0,0,0,0,0,1,0,0,0,0,0,238,1,1,1B516,0,3,registered pipeline wait 2
integrated_0623,dwell_switch,623,0,0,1,0,0,0,0,0,1,0,1,1,0,0,0,225,3,3,0A2A5,1,1,locked test H4 trace decision 146; completion after N+3
integrated_0624,back_to_back_requests,624,0,1,1,0,49151,60948,32768,8192,0,1,0,0,0,0,0,225,3,3,0A2A5,0,1,locked test H4 trace decision 147
integrated_0625,pipeline_wait,625,0,0,1,0,0,0,0,0,0,1,0,0,0,0,0,225,3,3,0A2A5,0,1,registered pipeline wait 1
integrated_0626,pipeline_wait,626,0,0,1,0,0,0,0,0,0,1,0,0,0,0,0,225,3,3,0A2A5,0,1,registered pipeline wait 2
integrated_0627,dwell_hold,627,0,0,1,0,0,0,0,0,1,0,1,1,0,0,0,233,0,3,0A2A5,0,2,locked test H4 trace decision 147; completion after N+3
integrated_0628,back_to_back_requests,628,0,1,1,0,49151,60948,49151,8192,0,1,0,0,0,0,0,233,0,3,0A2A5,0,2,locked test H4 trace decision 148
integrated_0629,pipeline_wait,629,0,0,1,0,0,0,0,0,0,1,0,0,0,0,0,233,0,3,0A2A5,0,2,registered pipeline wait 1
integrated_0630,pipeline_wait,630,0,0,1,0,0,0,0,0,0,1,0,0,0,0,0,233,0,3,0A2A5,0,2,registered pipeline wait 2
integrated_0631,dwell_hold,631,0,0,1,0,0,0,0,0,1,0,1,1,0,0,0,237,0,3,0A2A5,0,3,locked test H4 trace decision 148; completion after N+3
integrated_0632,back_to_back_requests,632,0,1,1,0,49151,60948,32768,8192,0,1,0,0,0,0,0,237,0,3,0A2A5,0,3,locked test H4 trace decision 149
integrated_0633,pipeline_wait,633,0,0,1,0,0,0,0,0,0,1,0,0,0,0,0,237,0,3,0A2A5,0,3,registered pipeline wait 1
integrated_0634,pipeline_wait,634,0,0,1,0,0,0,0,0,0,1,0,0,0,0,0,237,0,3,0A2A5,0,3,registered pipeline wait 2
integrated_0635,dwell_switch,635,0,0,1,0,0,0,0,0,1,0,1,1,0,0,0,233,0,0,13329,1,1,locked test H4 trace decision 149; completion after N+3
integrated_0636,back_to_back_requests,636,0,1,1,0,49151,60948,49151,8192,0,1,0,0,0,0,0,233,0,0,13329,0,1,locked test H4 trace decision 150
integrated_0637,pipeline_wait,637,0,0,1,0,0,0,0,0,0,1,0,0,0,0,0,233,0,0,13329,0,1,registered pipeline wait 1
integrated_0638,pipeline_wait,638,0,0,1,0,0,0,0,0,0,1,0,0,0,0,0,233,0,0,13329,0,1,registered pipeline wait 2
integrated_0639,valid_complete,639,0,0,1,0,0,0,0,0,1,0,1,1,0,0,0,237,0,0,13329,0,2,locked test H4 trace decision 150; completion after N+3
integrated_0640,back_to_back_requests,640,0,1,1,0,49151,60948,49151,16384,0,1,0,0,0,0,0,237,0,0,13329,0,2,locked test H4 trace decision 151
integrated_0641,pipeline_wait,641,0,0,1,0,0,0,0,0,0,1,0,0,0,0,0,237,0,0,13329,0,2,registered pipeline wait 1
integrated_0642,pipeline_wait,642,0,0,1,0,0,0,0,0,0,1,0,0,0,0,0,237,0,0,13329,0,2,registered pipeline wait 2
integrated_0643,dwell_hold,643,0,0,1,0,0,0,0,0,1,0,1,1,0,0,0,238,1,0,13329,0,3,locked test H4 trace decision 151; completion after N+3
integrated_0644,back_to_back_requests,644,0,1,1,0,49151,60948,32768,16384,0,1,0,0,0,0,0,238,1,0,13329,0,3,locked test H4 trace decision 152
integrated_0645,pipeline_wait,645,0,0,1,0,0,0,0,0,0,1,0,0,0,0,0,238,1,0,13329,0,3,registered pipeline wait 1
integrated_0646,pipeline_wait,646,0,0,1,0,0,0,0,0,0,1,0,0,0,0,0,238,1,0,13329,0,3,registered pipeline wait 2
integrated_0647,dwell_switch,647,0,0,1,0,0,0,0,0,1,0,1,1,0,0,0,234,2,2,14399,1,1,locked test H4 trace decision 152; completion after N+3
integrated_0648,back_to_back_requests,648,0,1,1,0,49151,60948,16384,16384,0,1,0,0,0,0,0,234,2,2,14399,0,1,locked test H4 trace decision 153
integrated_0649,pipeline_wait,649,0,0,1,0,0,0,0,0,0,1,0,0,0,0,0,234,2,2,14399,0,1,registered pipeline wait 1
integrated_0650,pipeline_wait,650,0,0,1,0,0,0,0,0,0,1,0,0,0,0,0,234,2,2,14399,0,1,registered pipeline wait 2
integrated_0651,valid_complete,651,0,0,1,0,0,0,0,0,1,0,1,1,0,0,0,230,2,2,14399,0,2,locked test H4 trace decision 153; completion after N+3
integrated_0652,back_to_back_requests,652,0,1,1,0,49151,60948,49151,32768,0,1,0,0,0,0,0,230,2,2,14399,0,2,locked test H4 trace decision 154
integrated_0653,pipeline_wait,653,0,0,1,0,0,0,0,0,0,1,0,0,0,0,0,230,2,2,14399,0,2,registered pipeline wait 1
integrated_0654,pipeline_wait,654,0,0,1,0,0,0,0,0,0,1,0,0,0,0,0,230,2,2,14399,0,2,registered pipeline wait 2
integrated_0655,dwell_hold,655,0,0,1,0,0,0,0,0,1,0,1,1,0,0,0,239,1,2,14399,0,3,locked test H4 trace decision 154; completion after N+3
integrated_0656,back_to_back_requests,656,0,1,1,0,49151,60948,49151,32768,0,1,0,0,0,0,0,239,1,2,14399,0,3,locked test H4 trace decision 155
integrated_0657,pipeline_wait,657,0,0,1,0,0,0,0,0,0,1,0,0,0,0,0,239,1,2,14399,0,3,registered pipeline wait 1
integrated_0658,pipeline_wait,658,0,0,1,0,0,0,0,0,0,1,0,0,0,0,0,239,1,2,14399,0,3,registered pipeline wait 2
integrated_0659,dwell_switch,659,0,0,1,0,0,0,0,0,1,0,1,1,0,0,0,239,1,1,1B516,1,1,locked test H4 trace decision 155; completion after N+3
integrated_0660,back_to_back_requests,660,0,1,1,0,49151,60948,0,32768,0,1,0,0,0,0,0,239,1,1,1B516,0,1,locked test H4 trace decision 156
integrated_0661,pipeline_wait,661,0,0,1,0,0,0,0,0,0,1,0,0,0,0,0,239,1,1,1B516,0,1,registered pipeline wait 1
integrated_0662,pipeline_wait,662,0,0,1,0,0,0,0,0,0,1,0,0,0,0,0,239,1,1,1B516,0,1,registered pipeline wait 2
integrated_0663,valid_complete,663,0,0,1,0,0,0,0,0,1,0,1,1,0,0,0,227,1,1,1B516,0,2,locked test H4 trace decision 156; completion after N+3
integrated_0664,back_to_back_requests,664,0,1,1,0,49151,60948,49151,16384,0,1,0,0,0,0,0,227,1,1,1B516,0,2,locked test H4 trace decision 157
integrated_0665,pipeline_wait,665,0,0,1,0,0,0,0,0,0,1,0,0,0,0,0,227,1,1,1B516,0,2,registered pipeline wait 1
integrated_0666,pipeline_wait,666,0,0,1,0,0,0,0,0,0,1,0,0,0,0,0,227,1,1,1B516,0,2,registered pipeline wait 2
integrated_0667,valid_complete,667,0,0,1,0,0,0,0,0,1,0,1,1,0,0,0,238,1,1,1B516,0,3,locked test H4 trace decision 157; completion after N+3
integrated_0668,back_to_back_requests,668,0,1,1,0,49151,60948,49151,16384,0,1,0,0,0,0,0,238,1,1,1B516,0,3,locked test H4 trace decision 158
integrated_0669,pipeline_wait,669,0,0,1,0,0,0,0,0,0,1,0,0,0,0,0,238,1,1,1B516,0,3,registered pipeline wait 1
integrated_0670,pipeline_wait,670,0,0,1,0,0,0,0,0,0,1,0,0,0,0,0,238,1,1,1B516,0,3,registered pipeline wait 2
integrated_0671,valid_complete,671,0,0,1,0,0,0,0,0,1,0,1,1,0,0,0,238,1,1,1B516,0,3,locked test H4 trace decision 158; completion after N+3
integrated_0672,back_to_back_requests,672,0,1,1,0,49151,60948,0,8192,0,1,0,0,0,0,0,238,1,1,1B516,0,3,locked test H4 trace decision 159
integrated_0673,pipeline_wait,673,0,0,1,0,0,0,0,0,0,1,0,0,0,0,0,238,1,1,1B516,0,3,registered pipeline wait 1
integrated_0674,pipeline_wait,674,0,0,1,0,0,0,0,0,0,1,0,0,0,0,0,238,1,1,1B516,0,3,registered pipeline wait 2
integrated_0675,dwell_switch,675,0,0,1,0,0,0,0,0,1,0,1,1,0,0,0,225,3,3,0A2A5,1,1,locked test H4 trace decision 159; completion after N+3
integrated_0676,back_to_back_requests,676,0,1,1,0,49151,60948,0,32768,0,1,0,0,0,0,0,225,3,3,0A2A5,0,1,locked test H4 trace decision 160
integrated_0677,pipeline_wait,677,0,0,1,0,0,0,0,0,0,1,0,0,0,0,0,225,3,3,0A2A5,0,1,registered pipeline wait 1
integrated_0678,pipeline_wait,678,0,0,1,0,0,0,0,0,0,1,0,0,0,0,0,225,3,3,0A2A5,0,1,registered pipeline wait 2
integrated_0679,dwell_hold,679,0,0,1,0,0,0,0,0,1,0,1,1,0,0,0,227,1,3,0A2A5,0,2,locked test H4 trace decision 160; completion after N+3
integrated_0680,back_to_back_requests,680,0,1,1,0,49151,60948,49151,32768,0,1,0,0,0,0,0,227,1,3,0A2A5,0,2,locked test H4 trace decision 161
integrated_0681,pipeline_wait,681,0,0,1,0,0,0,0,0,0,1,0,0,0,0,0,227,1,3,0A2A5,0,2,registered pipeline wait 1
integrated_0682,pipeline_wait,682,0,0,1,0,0,0,0,0,0,1,0,0,0,0,0,227,1,3,0A2A5,0,2,registered pipeline wait 2
integrated_0683,dwell_hold,683,0,0,1,0,0,0,0,0,1,0,1,1,0,0,0,239,1,3,0A2A5,0,3,locked test H4 trace decision 161; completion after N+3
integrated_0684,back_to_back_requests,684,0,1,1,0,49151,60948,0,32768,0,1,0,0,0,0,0,239,1,3,0A2A5,0,3,locked test H4 trace decision 162
integrated_0685,pipeline_wait,685,0,0,1,0,0,0,0,0,0,1,0,0,0,0,0,239,1,3,0A2A5,0,3,registered pipeline wait 1
integrated_0686,pipeline_wait,686,0,0,1,0,0,0,0,0,0,1,0,0,0,0,0,239,1,3,0A2A5,0,3,registered pipeline wait 2
integrated_0687,dwell_switch,687,0,0,1,0,0,0,0,0,1,0,1,1,0,0,0,227,1,1,1B516,1,1,locked test H4 trace decision 162; completion after N+3
integrated_0688,back_to_back_requests,688,0,1,1,0,49151,60948,49151,32768,0,1,0,0,0,0,0,227,1,1,1B516,0,1,locked test H4 trace decision 163
integrated_0689,pipeline_wait,689,0,0,1,0,0,0,0,0,0,1,0,0,0,0,0,227,1,1,1B516,0,1,registered pipeline wait 1
integrated_0690,pipeline_wait,690,0,0,1,0,0,0,0,0,0,1,0,0,0,0,0,227,1,1,1B516,0,1,registered pipeline wait 2
integrated_0691,valid_complete,691,0,0,1,0,0,0,0,0,1,0,1,1,0,0,0,239,1,1,1B516,0,2,locked test H4 trace decision 163; completion after N+3
integrated_0692,back_to_back_requests,692,0,1,1,0,49151,60948,16384,32768,0,1,0,0,0,0,0,239,1,1,1B516,0,2,locked test H4 trace decision 164
integrated_0693,pipeline_wait,693,0,0,1,0,0,0,0,0,0,1,0,0,0,0,0,239,1,1,1B516,0,2,registered pipeline wait 1
integrated_0694,pipeline_wait,694,0,0,1,0,0,0,0,0,0,1,0,0,0,0,0,239,1,1,1B516,0,2,registered pipeline wait 2
integrated_0695,valid_complete,695,0,0,1,0,0,0,0,0,1,0,1,1,0,0,0,231,1,1,1B516,0,3,locked test H4 trace decision 164; completion after N+3
integrated_0696,back_to_back_requests,696,0,1,1,0,49151,60948,49151,32768,0,1,0,0,0,0,0,231,1,1,1B516,0,3,locked test H4 trace decision 165
integrated_0697,pipeline_wait,697,0,0,1,0,0,0,0,0,0,1,0,0,0,0,0,231,1,1,1B516,0,3,registered pipeline wait 1
integrated_0698,pipeline_wait,698,0,0,1,0,0,0,0,0,0,1,0,0,0,0,0,231,1,1,1B516,0,3,registered pipeline wait 2
integrated_0699,valid_complete,699,0,0,1,0,0,0,0,0,1,0,1,1,0,0,0,239,1,1,1B516,0,3,locked test H4 trace decision 165; completion after N+3
integrated_0700,back_to_back_requests,700,0,1,1,0,49151,60948,32768,16384,0,1,0,0,0,0,0,239,1,1,1B516,0,3,locked test H4 trace decision 166
integrated_0701,pipeline_wait,701,0,0,1,0,0,0,0,0,0,1,0,0,0,0,0,239,1,1,1B516,0,3,registered pipeline wait 1
integrated_0702,pipeline_wait,702,0,0,1,0,0,0,0,0,0,1,0,0,0,0,0,239,1,1,1B516,0,3,registered pipeline wait 2
integrated_0703,dwell_switch,703,0,0,1,0,0,0,0,0,1,0,1,1,0,0,0,234,2,2,14399,1,1,locked test H4 trace decision 166; completion after N+3
integrated_0704,back_to_back_requests,704,0,1,1,0,49151,60948,49151,32768,0,1,0,0,0,0,0,234,2,2,14399,0,1,locked test H4 trace decision 167
integrated_0705,pipeline_wait,705,0,0,1,0,0,0,0,0,0,1,0,0,0,0,0,234,2,2,14399,0,1,registered pipeline wait 1
integrated_0706,pipeline_wait,706,0,0,1,0,0,0,0,0,0,1,0,0,0,0,0,234,2,2,14399,0,1,registered pipeline wait 2
integrated_0707,dwell_hold,707,0,0,1,0,0,0,0,0,1,0,1,1,0,0,0,239,1,2,14399,0,2,locked test H4 trace decision 167; completion after N+3
integrated_0708,back_to_back_requests,708,0,1,1,0,49151,60948,0,32768,0,1,0,0,0,0,0,239,1,2,14399,0,2,locked test H4 trace decision 168
integrated_0709,pipeline_wait,709,0,0,1,0,0,0,0,0,0,1,0,0,0,0,0,239,1,2,14399,0,2,registered pipeline wait 1
integrated_0710,pipeline_wait,710,0,0,1,0,0,0,0,0,0,1,0,0,0,0,0,239,1,2,14399,0,2,registered pipeline wait 2
integrated_0711,dwell_hold,711,0,0,1,0,0,0,0,0,1,0,1,1,0,0,0,227,1,2,14399,0,3,locked test H4 trace decision 168; completion after N+3
integrated_0712,back_to_back_requests,712,0,1,1,0,49151,60948,0,32768,0,1,0,0,0,0,0,227,1,2,14399,0,3,locked test H4 trace decision 169
integrated_0713,pipeline_wait,713,0,0,1,0,0,0,0,0,0,1,0,0,0,0,0,227,1,2,14399,0,3,registered pipeline wait 1
integrated_0714,pipeline_wait,714,0,0,1,0,0,0,0,0,0,1,0,0,0,0,0,227,1,2,14399,0,3,registered pipeline wait 2
integrated_0715,dwell_switch,715,0,0,1,0,0,0,0,0,1,0,1,1,0,0,0,227,1,1,1B516,1,1,locked test H4 trace decision 169; completion after N+3
integrated_0716,back_to_back_requests,716,0,1,1,0,49151,60948,32768,32768,0,1,0,0,0,0,0,227,1,1,1B516,0,1,locked test H4 trace decision 170
integrated_0717,pipeline_wait,717,0,0,1,0,0,0,0,0,0,1,0,0,0,0,0,227,1,1,1B516,0,1,registered pipeline wait 1
integrated_0718,pipeline_wait,718,0,0,1,0,0,0,0,0,0,1,0,0,0,0,0,227,1,1,1B516,0,1,registered pipeline wait 2
integrated_0719,dwell_hold,719,0,0,1,0,0,0,0,0,1,0,1,1,0,0,0,235,3,1,1B516,0,2,locked test H4 trace decision 170; completion after N+3
integrated_0720,back_to_back_requests,720,0,1,1,0,49151,60948,16384,32768,0,1,0,0,0,0,0,235,3,1,1B516,0,2,locked test H4 trace decision 171
integrated_0721,pipeline_wait,721,0,0,1,0,0,0,0,0,0,1,0,0,0,0,0,235,3,1,1B516,0,2,registered pipeline wait 1
integrated_0722,pipeline_wait,722,0,0,1,0,0,0,0,0,0,1,0,0,0,0,0,235,3,1,1B516,0,2,registered pipeline wait 2
integrated_0723,valid_complete,723,0,0,1,0,0,0,0,0,1,0,1,1,0,0,0,231,1,1,1B516,0,3,locked test H4 trace decision 171; completion after N+3
integrated_0724,back_to_back_requests,724,0,1,1,0,49151,60948,49151,16384,0,1,0,0,0,0,0,231,1,1,1B516,0,3,locked test H4 trace decision 172
integrated_0725,pipeline_wait,725,0,0,1,0,0,0,0,0,0,1,0,0,0,0,0,231,1,1,1B516,0,3,registered pipeline wait 1
integrated_0726,pipeline_wait,726,0,0,1,0,0,0,0,0,0,1,0,0,0,0,0,231,1,1,1B516,0,3,registered pipeline wait 2
integrated_0727,valid_complete,727,0,0,1,0,0,0,0,0,1,0,1,1,0,0,0,238,1,1,1B516,0,3,locked test H4 trace decision 172; completion after N+3
integrated_0728,back_to_back_requests,728,0,1,1,0,49151,60948,32768,16384,0,1,0,0,0,0,0,238,1,1,1B516,0,3,locked test H4 trace decision 173
integrated_0729,pipeline_wait,729,0,0,1,0,0,0,0,0,0,1,0,0,0,0,0,238,1,1,1B516,0,3,registered pipeline wait 1
integrated_0730,pipeline_wait,730,0,0,1,0,0,0,0,0,0,1,0,0,0,0,0,238,1,1,1B516,0,3,registered pipeline wait 2
integrated_0731,dwell_switch,731,0,0,1,0,0,0,0,0,1,0,1,1,0,0,0,234,2,2,14399,1,1,locked test H4 trace decision 173; completion after N+3
integrated_0732,back_to_back_requests,732,0,1,1,0,49151,60948,32768,16384,0,1,0,0,0,0,0,234,2,2,14399,0,1,locked test H4 trace decision 174
integrated_0733,pipeline_wait,733,0,0,1,0,0,0,0,0,0,1,0,0,0,0,0,234,2,2,14399,0,1,registered pipeline wait 1
integrated_0734,pipeline_wait,734,0,0,1,0,0,0,0,0,0,1,0,0,0,0,0,234,2,2,14399,0,1,registered pipeline wait 2
integrated_0735,valid_complete,735,0,0,1,0,0,0,0,0,1,0,1,1,0,0,0,234,2,2,14399,0,2,locked test H4 trace decision 174; completion after N+3
integrated_0736,back_to_back_requests,736,0,1,1,0,49151,60948,49151,16384,0,1,0,0,0,0,0,234,2,2,14399,0,2,locked test H4 trace decision 175
integrated_0737,pipeline_wait,737,0,0,1,0,0,0,0,0,0,1,0,0,0,0,0,234,2,2,14399,0,2,registered pipeline wait 1
integrated_0738,pipeline_wait,738,0,0,1,0,0,0,0,0,0,1,0,0,0,0,0,234,2,2,14399,0,2,registered pipeline wait 2
integrated_0739,dwell_hold,739,0,0,1,0,0,0,0,0,1,0,1,1,0,0,0,238,1,2,14399,0,3,locked test H4 trace decision 175; completion after N+3
integrated_0740,back_to_back_requests,740,0,1,1,0,49151,60948,49151,16384,0,1,0,0,0,0,0,238,1,2,14399,0,3,locked test H4 trace decision 176
integrated_0741,pipeline_wait,741,0,0,1,0,0,0,0,0,0,1,0,0,0,0,0,238,1,2,14399,0,3,registered pipeline wait 1
integrated_0742,pipeline_wait,742,0,0,1,0,0,0,0,0,0,1,0,0,0,0,0,238,1,2,14399,0,3,registered pipeline wait 2
integrated_0743,dwell_switch,743,0,0,1,0,0,0,0,0,1,0,1,1,0,0,0,238,1,1,1B516,1,1,locked test H4 trace decision 176; completion after N+3
integrated_0744,back_to_back_requests,744,0,1,1,0,49151,60948,49151,16384,0,1,0,0,0,0,0,238,1,1,1B516,0,1,locked test H4 trace decision 177
integrated_0745,pipeline_wait,745,0,0,1,0,0,0,0,0,0,1,0,0,0,0,0,238,1,1,1B516,0,1,registered pipeline wait 1
integrated_0746,pipeline_wait,746,0,0,1,0,0,0,0,0,0,1,0,0,0,0,0,238,1,1,1B516,0,1,registered pipeline wait 2
integrated_0747,valid_complete,747,0,0,1,0,0,0,0,0,1,0,1,1,0,0,0,238,1,1,1B516,0,2,locked test H4 trace decision 177; completion after N+3
integrated_0748,back_to_back_requests,748,0,1,1,0,49151,60948,49151,8192,0,1,0,0,0,0,0,238,1,1,1B516,0,2,locked test H4 trace decision 178
integrated_0749,pipeline_wait,749,0,0,1,0,0,0,0,0,0,1,0,0,0,0,0,238,1,1,1B516,0,2,registered pipeline wait 1
integrated_0750,pipeline_wait,750,0,0,1,0,0,0,0,0,0,1,0,0,0,0,0,238,1,1,1B516,0,2,registered pipeline wait 2
integrated_0751,dwell_hold,751,0,0,1,0,0,0,0,0,1,0,1,1,0,0,0,237,0,1,1B516,0,3,locked test H4 trace decision 178; completion after N+3
integrated_0752,back_to_back_requests,752,0,1,1,0,49151,60948,0,8192,0,1,0,0,0,0,0,237,0,1,1B516,0,3,locked test H4 trace decision 179
integrated_0753,pipeline_wait,753,0,0,1,0,0,0,0,0,0,1,0,0,0,0,0,237,0,1,1B516,0,3,registered pipeline wait 1
integrated_0754,pipeline_wait,754,0,0,1,0,0,0,0,0,0,1,0,0,0,0,0,237,0,1,1B516,0,3,registered pipeline wait 2
integrated_0755,dwell_switch,755,0,0,1,0,0,0,0,0,1,0,1,1,0,0,0,225,3,3,0A2A5,1,1,locked test H4 trace decision 179; completion after N+3
integrated_0756,back_to_back_requests,756,0,1,1,0,49151,60948,49151,8192,0,1,0,0,0,0,0,225,3,3,0A2A5,0,1,locked test H4 trace decision 180
integrated_0757,pipeline_wait,757,0,0,1,0,0,0,0,0,0,1,0,0,0,0,0,225,3,3,0A2A5,0,1,registered pipeline wait 1
integrated_0758,pipeline_wait,758,0,0,1,0,0,0,0,0,0,1,0,0,0,0,0,225,3,3,0A2A5,0,1,registered pipeline wait 2
integrated_0759,dwell_hold,759,0,0,1,0,0,0,0,0,1,0,1,1,0,0,0,237,0,3,0A2A5,0,2,locked test H4 trace decision 180; completion after N+3
integrated_0760,back_to_back_requests,760,0,1,1,0,49151,60948,0,8192,0,1,0,0,0,0,0,237,0,3,0A2A5,0,2,locked test H4 trace decision 181
integrated_0761,pipeline_wait,761,0,0,1,0,0,0,0,0,0,1,0,0,0,0,0,237,0,3,0A2A5,0,2,registered pipeline wait 1
integrated_0762,pipeline_wait,762,0,0,1,0,0,0,0,0,0,1,0,0,0,0,0,237,0,3,0A2A5,0,2,registered pipeline wait 2
integrated_0763,valid_complete,763,0,0,1,0,0,0,0,0,1,0,1,1,0,0,0,225,3,3,0A2A5,0,3,locked test H4 trace decision 181; completion after N+3
integrated_0764,back_to_back_requests,764,0,1,1,0,49151,60948,49151,16384,0,1,0,0,0,0,0,225,3,3,0A2A5,0,3,locked test H4 trace decision 182
integrated_0765,pipeline_wait,765,0,0,1,0,0,0,0,0,0,1,0,0,0,0,0,225,3,3,0A2A5,0,3,registered pipeline wait 1
integrated_0766,pipeline_wait,766,0,0,1,0,0,0,0,0,0,1,0,0,0,0,0,225,3,3,0A2A5,0,3,registered pipeline wait 2
integrated_0767,dwell_switch,767,0,0,1,0,0,0,0,0,1,0,1,1,0,0,0,238,1,1,1B516,1,1,locked test H4 trace decision 182; completion after N+3
integrated_0768,back_to_back_requests,768,0,1,1,0,49151,60948,49151,8192,0,1,0,0,0,0,0,238,1,1,1B516,0,1,locked test H4 trace decision 183
integrated_0769,pipeline_wait,769,0,0,1,0,0,0,0,0,0,1,0,0,0,0,0,238,1,1,1B516,0,1,registered pipeline wait 1
integrated_0770,pipeline_wait,770,0,0,1,0,0,0,0,0,0,1,0,0,0,0,0,238,1,1,1B516,0,1,registered pipeline wait 2
integrated_0771,dwell_hold,771,0,0,1,0,0,0,0,0,1,0,1,1,0,0,0,237,0,1,1B516,0,2,locked test H4 trace decision 183; completion after N+3
integrated_0772,back_to_back_requests,772,0,1,1,0,49151,60948,0,0,0,1,0,0,0,0,0,237,0,1,1B516,0,2,locked test H4 trace decision 184
integrated_0773,pipeline_wait,773,0,0,1,0,0,0,0,0,0,1,0,0,0,0,0,237,0,1,1B516,0,2,registered pipeline wait 1
integrated_0774,pipeline_wait,774,0,0,1,0,0,0,0,0,0,1,0,0,0,0,0,237,0,1,1B516,0,2,registered pipeline wait 2
integrated_0775,dwell_hold,775,0,0,1,0,0,0,0,0,1,0,1,1,0,0,0,224,3,1,1B516,0,3,locked test H4 trace decision 184; completion after N+3
integrated_0776,back_to_back_requests,776,0,1,1,0,49151,60948,49151,0,0,1,0,0,0,0,0,224,3,1,1B516,0,3,locked test H4 trace decision 185
integrated_0777,pipeline_wait,777,0,0,1,0,0,0,0,0,0,1,0,0,0,0,0,224,3,1,1B516,0,3,registered pipeline wait 1
integrated_0778,pipeline_wait,778,0,0,1,0,0,0,0,0,0,1,0,0,0,0,0,224,3,1,1B516,0,3,registered pipeline wait 2
integrated_0779,valid_complete,779,0,0,1,0,0,0,0,0,1,0,1,1,0,0,0,236,1,1,1B516,0,3,locked test H4 trace decision 185; completion after N+3
integrated_0780,back_to_back_requests,780,0,1,1,0,49151,60948,32768,8192,0,1,0,0,0,0,0,236,1,1,1B516,0,3,locked test H4 trace decision 186
integrated_0781,pipeline_wait,781,0,0,1,0,0,0,0,0,0,1,0,0,0,0,0,236,1,1,1B516,0,3,registered pipeline wait 1
integrated_0782,pipeline_wait,782,0,0,1,0,0,0,0,0,0,1,0,0,0,0,0,236,1,1,1B516,0,3,registered pipeline wait 2
integrated_0783,dwell_switch,783,0,0,1,0,0,0,0,0,1,0,1,1,0,0,0,233,0,0,13329,1,1,locked test H4 trace decision 186; completion after N+3
integrated_0784,back_to_back_requests,784,0,1,1,0,49151,60948,32768,16384,0,1,0,0,0,0,0,233,0,0,13329,0,1,locked test H4 trace decision 187
integrated_0785,pipeline_wait,785,0,0,1,0,0,0,0,0,0,1,0,0,0,0,0,233,0,0,13329,0,1,registered pipeline wait 1
integrated_0786,pipeline_wait,786,0,0,1,0,0,0,0,0,0,1,0,0,0,0,0,233,0,0,13329,0,1,registered pipeline wait 2
integrated_0787,dwell_hold,787,0,0,1,0,0,0,0,0,1,0,1,1,0,0,0,234,2,0,13329,0,2,locked test H4 trace decision 187; completion after N+3
integrated_0788,back_to_back_requests,788,0,1,1,0,49151,60948,0,16384,0,1,0,0,0,0,0,234,2,0,13329,0,2,locked test H4 trace decision 188
integrated_0789,pipeline_wait,789,0,0,1,0,0,0,0,0,0,1,0,0,0,0,0,234,2,0,13329,0,2,registered pipeline wait 1
integrated_0790,pipeline_wait,790,0,0,1,0,0,0,0,0,0,1,0,0,0,0,0,234,2,0,13329,0,2,registered pipeline wait 2
integrated_0791,dwell_hold,791,0,0,1,0,0,0,0,0,1,0,1,1,0,0,0,226,3,0,13329,0,3,locked test H4 trace decision 188; completion after N+3
integrated_0792,back_to_back_requests,792,0,1,1,0,49151,60948,49151,32768,0,1,0,0,0,0,0,226,3,0,13329,0,3,locked test H4 trace decision 189
integrated_0793,pipeline_wait,793,0,0,1,0,0,0,0,0,0,1,0,0,0,0,0,226,3,0,13329,0,3,registered pipeline wait 1
integrated_0794,pipeline_wait,794,0,0,1,0,0,0,0,0,0,1,0,0,0,0,0,226,3,0,13329,0,3,registered pipeline wait 2
integrated_0795,dwell_switch,795,0,0,1,0,0,0,0,0,1,0,1,1,0,0,0,239,1,1,1B516,1,1,locked test H4 trace decision 189; completion after N+3
integrated_0796,back_to_back_requests,796,0,1,1,0,49151,60948,0,16384,0,1,0,0,0,0,0,239,1,1,1B516,0,1,locked test H4 trace decision 190
integrated_0797,pipeline_wait,797,0,0,1,0,0,0,0,0,0,1,0,0,0,0,0,239,1,1,1B516,0,1,registered pipeline wait 1
integrated_0798,pipeline_wait,798,0,0,1,0,0,0,0,0,0,1,0,0,0,0,0,239,1,1,1B516,0,1,registered pipeline wait 2
integrated_0799,dwell_hold,799,0,0,1,0,0,0,0,0,1,0,1,1,0,0,0,226,3,1,1B516,0,2,locked test H4 trace decision 190; completion after N+3
integrated_0800,back_to_back_requests,800,0,1,1,0,49151,60948,32768,8192,0,1,0,0,0,0,0,226,3,1,1B516,0,2,locked test H4 trace decision 191
integrated_0801,pipeline_wait,801,0,0,1,0,0,0,0,0,0,1,0,0,0,0,0,226,3,1,1B516,0,2,registered pipeline wait 1
integrated_0802,pipeline_wait,802,0,0,1,0,0,0,0,0,0,1,0,0,0,0,0,226,3,1,1B516,0,2,registered pipeline wait 2
integrated_0803,dwell_hold,803,0,0,1,0,0,0,0,0,1,0,1,1,0,0,0,233,0,1,1B516,0,3,locked test H4 trace decision 191; completion after N+3
integrated_0804,back_to_back_requests,804,0,1,1,0,49151,60948,32768,0,0,1,0,0,0,0,0,233,0,1,1B516,0,3,locked test H4 trace decision 192
integrated_0805,pipeline_wait,805,0,0,1,0,0,0,0,0,0,1,0,0,0,0,0,233,0,1,1B516,0,3,registered pipeline wait 1
integrated_0806,pipeline_wait,806,0,0,1,0,0,0,0,0,0,1,0,0,0,0,0,233,0,1,1B516,0,3,registered pipeline wait 2
integrated_0807,dwell_switch,807,0,0,1,0,0,0,0,0,1,0,1,1,0,0,0,232,0,0,13329,1,1,locked test H4 trace decision 192; completion after N+3
integrated_0808,back_to_back_requests,808,0,1,1,0,49151,62914,49151,16384,0,1,0,0,0,0,0,232,0,0,13329,0,1,locked test H4 trace decision 193
integrated_0809,pipeline_wait,809,0,0,1,0,0,0,0,0,0,1,0,0,0,0,0,232,0,0,13329,0,1,registered pipeline wait 1
integrated_0810,pipeline_wait,810,0,0,1,0,0,0,0,0,0,1,0,0,0,0,0,232,0,0,13329,0,1,registered pipeline wait 2
integrated_0811,dwell_hold,811,0,0,1,0,0,0,0,0,1,0,1,1,0,0,0,254,1,0,13329,0,2,locked test H4 trace decision 193; completion after N+3
integrated_0812,back_to_back_requests,812,0,1,1,0,49151,62914,32768,16384,0,1,0,0,0,0,0,254,1,0,13329,0,2,locked test H4 trace decision 194
integrated_0813,pipeline_wait,813,0,0,1,0,0,0,0,0,0,1,0,0,0,0,0,254,1,0,13329,0,2,registered pipeline wait 1
integrated_0814,pipeline_wait,814,0,0,1,0,0,0,0,0,0,1,0,0,0,0,0,254,1,0,13329,0,2,registered pipeline wait 2
integrated_0815,dwell_hold,815,0,0,1,0,0,0,0,0,1,0,1,1,0,0,0,250,1,0,13329,0,3,locked test H4 trace decision 194; completion after N+3
integrated_0816,back_to_back_requests,816,0,1,1,0,49151,62914,32768,16384,0,1,0,0,0,0,0,250,1,0,13329,0,3,locked test H4 trace decision 195
integrated_0817,pipeline_wait,817,0,0,1,0,0,0,0,0,0,1,0,0,0,0,0,250,1,0,13329,0,3,registered pipeline wait 1
integrated_0818,pipeline_wait,818,0,0,1,0,0,0,0,0,0,1,0,0,0,0,0,250,1,0,13329,0,3,registered pipeline wait 2
integrated_0819,dwell_switch,819,0,0,1,0,0,0,0,0,1,0,1,1,0,0,0,250,1,1,1B516,1,1,locked test H4 trace decision 195; completion after N+3
integrated_0820,back_to_back_requests,820,0,1,1,0,49151,62914,49151,8192,0,1,0,0,0,0,0,250,1,1,1B516,0,1,locked test H4 trace decision 196
integrated_0821,pipeline_wait,821,0,0,1,0,0,0,0,0,0,1,0,0,0,0,0,250,1,1,1B516,0,1,registered pipeline wait 1
integrated_0822,pipeline_wait,822,0,0,1,0,0,0,0,0,0,1,0,0,0,0,0,250,1,1,1B516,0,1,registered pipeline wait 2
integrated_0823,dwell_hold,823,0,0,1,0,0,0,0,0,1,0,1,1,0,0,0,253,3,1,1B516,0,2,locked test H4 trace decision 196; completion after N+3
integrated_0824,back_to_back_requests,824,0,1,1,0,49151,62914,0,0,0,1,0,0,0,0,0,253,3,1,1B516,0,2,locked test H4 trace decision 197
integrated_0825,pipeline_wait,825,0,0,1,0,0,0,0,0,0,1,0,0,0,0,0,253,3,1,1B516,0,2,registered pipeline wait 1
integrated_0826,pipeline_wait,826,0,0,1,0,0,0,0,0,0,1,0,0,0,0,0,253,3,1,1B516,0,2,registered pipeline wait 2
integrated_0827,dwell_hold,827,0,0,1,0,0,0,0,0,1,0,1,1,0,0,0,240,3,1,1B516,0,3,locked test H4 trace decision 197; completion after N+3
integrated_0828,back_to_back_requests,828,0,1,1,0,49151,62914,16384,8192,0,1,0,0,0,0,0,240,3,1,1B516,0,3,locked test H4 trace decision 198
integrated_0829,pipeline_wait,829,0,0,1,0,0,0,0,0,0,1,0,0,0,0,0,240,3,1,1B516,0,3,registered pipeline wait 1
integrated_0830,pipeline_wait,830,0,0,1,0,0,0,0,0,0,1,0,0,0,0,0,240,3,1,1B516,0,3,registered pipeline wait 2
integrated_0831,valid_complete,831,0,0,1,0,0,0,0,0,1,0,1,1,0,0,0,245,1,1,1B516,0,3,locked test H4 trace decision 198; completion after N+3
integrated_0832,back_to_back_requests,832,0,1,1,0,49151,62914,49151,0,0,1,0,0,0,0,0,245,1,1,1B516,0,3,locked test H4 trace decision 199
integrated_0833,pipeline_wait,833,0,0,1,0,0,0,0,0,0,1,0,0,0,0,0,245,1,1,1B516,0,3,registered pipeline wait 1
integrated_0834,pipeline_wait,834,0,0,1,0,0,0,0,0,0,1,0,0,0,0,0,245,1,1,1B516,0,3,registered pipeline wait 2
integrated_0835,dwell_switch,835,0,0,1,0,0,0,0,0,1,0,1,1,0,0,0,252,0,0,13329,1,1,locked test H4 trace decision 199; completion after N+3
integrated_0836,back_to_back_requests,836,0,1,1,0,49151,62914,49151,8192,0,1,0,0,0,0,0,252,0,0,13329,0,1,locked test H4 trace decision 200
integrated_0837,pipeline_wait,837,0,0,1,0,0,0,0,0,0,1,0,0,0,0,0,252,0,0,13329,0,1,registered pipeline wait 1
integrated_0838,pipeline_wait,838,0,0,1,0,0,0,0,0,0,1,0,0,0,0,0,252,0,0,13329,0,1,registered pipeline wait 2
integrated_0839,dwell_hold,839,0,0,1,0,0,0,0,0,1,0,1,1,0,0,0,253,3,0,13329,0,2,locked test H4 trace decision 200; completion after N+3
integrated_0840,back_to_back_requests,840,0,1,1,0,49151,62914,16384,8192,0,1,0,0,0,0,0,253,3,0,13329,0,2,locked test H4 trace decision 201
integrated_0841,pipeline_wait,841,0,0,1,0,0,0,0,0,0,1,0,0,0,0,0,253,3,0,13329,0,2,registered pipeline wait 1
integrated_0842,pipeline_wait,842,0,0,1,0,0,0,0,0,0,1,0,0,0,0,0,253,3,0,13329,0,2,registered pipeline wait 2
integrated_0843,dwell_hold,843,0,0,1,0,0,0,0,0,1,0,1,1,0,0,0,245,1,0,13329,0,3,locked test H4 trace decision 201; completion after N+3
integrated_0844,back_to_back_requests,844,0,1,1,0,49151,62914,49151,0,0,1,0,0,0,0,0,245,1,0,13329,0,3,locked test H4 trace decision 202
integrated_0845,pipeline_wait,845,0,0,1,0,0,0,0,0,0,1,0,0,0,0,0,245,1,0,13329,0,3,registered pipeline wait 1
integrated_0846,pipeline_wait,846,0,0,1,0,0,0,0,0,0,1,0,0,0,0,0,245,1,0,13329,0,3,registered pipeline wait 2
integrated_0847,valid_complete,847,0,0,1,0,0,0,0,0,1,0,1,1,0,0,0,252,0,0,13329,0,3,locked test H4 trace decision 202; completion after N+3
integrated_0848,back_to_back_requests,848,0,1,1,0,49151,62914,49151,0,0,1,0,0,0,0,0,252,0,0,13329,0,3,locked test H4 trace decision 203
integrated_0849,pipeline_wait,849,0,0,1,0,0,0,0,0,0,1,0,0,0,0,0,252,0,0,13329,0,3,registered pipeline wait 1
integrated_0850,pipeline_wait,850,0,0,1,0,0,0,0,0,0,1,0,0,0,0,0,252,0,0,13329,0,3,registered pipeline wait 2
integrated_0851,valid_complete,851,0,0,1,0,0,0,0,0,1,0,1,1,0,0,0,252,0,0,13329,0,3,locked test H4 trace decision 203; completion after N+3
integrated_0852,back_to_back_requests,852,0,1,1,0,49151,62914,49151,0,0,1,0,0,0,0,0,252,0,0,13329,0,3,locked test H4 trace decision 204
integrated_0853,pipeline_wait,853,0,0,1,0,0,0,0,0,0,1,0,0,0,0,0,252,0,0,13329,0,3,registered pipeline wait 1
integrated_0854,pipeline_wait,854,0,0,1,0,0,0,0,0,0,1,0,0,0,0,0,252,0,0,13329,0,3,registered pipeline wait 2
integrated_0855,valid_complete,855,0,0,1,0,0,0,0,0,1,0,1,1,0,0,0,252,0,0,13329,0,3,locked test H4 trace decision 204; completion after N+3
integrated_0856,back_to_back_requests,856,0,1,1,0,49151,62914,49151,8192,0,1,0,0,0,0,0,252,0,0,13329,0,3,locked test H4 trace decision 205
integrated_0857,pipeline_wait,857,0,0,1,0,0,0,0,0,0,1,0,0,0,0,0,252,0,0,13329,0,3,registered pipeline wait 1
integrated_0858,pipeline_wait,858,0,0,1,0,0,0,0,0,0,1,0,0,0,0,0,252,0,0,13329,0,3,registered pipeline wait 2
integrated_0859,dwell_switch,859,0,0,1,0,0,0,0,0,1,0,1,1,0,0,0,253,3,3,0A2A5,1,1,locked test H4 trace decision 205; completion after N+3
integrated_0860,back_to_back_requests,860,0,1,1,0,49151,62914,16384,0,0,1,0,0,0,0,0,253,3,3,0A2A5,0,1,locked test H4 trace decision 206
integrated_0861,pipeline_wait,861,0,0,1,0,0,0,0,0,0,1,0,0,0,0,0,253,3,3,0A2A5,0,1,registered pipeline wait 1
integrated_0862,pipeline_wait,862,0,0,1,0,0,0,0,0,0,1,0,0,0,0,0,253,3,3,0A2A5,0,1,registered pipeline wait 2
integrated_0863,dwell_hold,863,0,0,1,0,0,0,0,0,1,0,1,1,0,0,0,244,0,3,0A2A5,0,2,locked test H4 trace decision 206; completion after N+3
integrated_0864,back_to_back_requests,864,0,1,1,0,49151,62914,49151,8192,0,1,0,0,0,0,0,244,0,3,0A2A5,0,2,locked test H4 trace decision 207
integrated_0865,pipeline_wait,865,0,0,1,0,0,0,0,0,0,1,0,0,0,0,0,244,0,3,0A2A5,0,2,registered pipeline wait 1
integrated_0866,pipeline_wait,866,0,0,1,0,0,0,0,0,0,1,0,0,0,0,0,244,0,3,0A2A5,0,2,registered pipeline wait 2
integrated_0867,valid_complete,867,0,0,1,0,0,0,0,0,1,0,1,1,0,0,0,253,3,3,0A2A5,0,3,locked test H4 trace decision 207; completion after N+3
integrated_0868,back_to_back_requests,868,0,1,1,0,49151,62914,16384,8192,0,1,0,0,0,0,0,253,3,3,0A2A5,0,3,locked test H4 trace decision 208
integrated_0869,pipeline_wait,869,0,0,1,0,0,0,0,0,0,1,0,0,0,0,0,253,3,3,0A2A5,0,3,registered pipeline wait 1
integrated_0870,pipeline_wait,870,0,0,1,0,0,0,0,0,0,1,0,0,0,0,0,253,3,3,0A2A5,0,3,registered pipeline wait 2
integrated_0871,dwell_switch,871,0,0,1,0,0,0,0,0,1,0,1,1,0,0,0,245,1,1,1B516,1,1,locked test H4 trace decision 208; completion after N+3
integrated_0872,back_to_back_requests,872,0,1,1,0,49151,62914,16384,0,0,1,0,0,0,0,0,245,1,1,1B516,0,1,locked test H4 trace decision 209
integrated_0873,pipeline_wait,873,0,0,1,0,0,0,0,0,0,1,0,0,0,0,0,245,1,1,1B516,0,1,registered pipeline wait 1
integrated_0874,pipeline_wait,874,0,0,1,0,0,0,0,0,0,1,0,0,0,0,0,245,1,1,1B516,0,1,registered pipeline wait 2
integrated_0875,dwell_hold,875,0,0,1,0,0,0,0,0,1,0,1,1,0,0,0,244,0,1,1B516,0,2,locked test H4 trace decision 209; completion after N+3
integrated_0876,back_to_back_requests,876,0,1,1,0,49151,62914,49151,0,0,1,0,0,0,0,0,244,0,1,1B516,0,2,locked test H4 trace decision 210
integrated_0877,pipeline_wait,877,0,0,1,0,0,0,0,0,0,1,0,0,0,0,0,244,0,1,1B516,0,2,registered pipeline wait 1
integrated_0878,pipeline_wait,878,0,0,1,0,0,0,0,0,0,1,0,0,0,0,0,244,0,1,1B516,0,2,registered pipeline wait 2
integrated_0879,dwell_hold,879,0,0,1,0,0,0,0,0,1,0,1,1,0,0,0,252,0,1,1B516,0,3,locked test H4 trace decision 210; completion after N+3
integrated_0880,back_to_back_requests,880,0,1,1,0,49151,62914,49151,0,0,1,0,0,0,0,0,252,0,1,1B516,0,3,locked test H4 trace decision 211
integrated_0881,pipeline_wait,881,0,0,1,0,0,0,0,0,0,1,0,0,0,0,0,252,0,1,1B516,0,3,registered pipeline wait 1
integrated_0882,pipeline_wait,882,0,0,1,0,0,0,0,0,0,1,0,0,0,0,0,252,0,1,1B516,0,3,registered pipeline wait 2
integrated_0883,dwell_switch,883,0,0,1,0,0,0,0,0,1,0,1,1,0,0,0,252,0,0,13329,1,1,locked test H4 trace decision 211; completion after N+3
integrated_0884,back_to_back_requests,884,0,1,1,0,49151,62914,49151,8192,0,1,0,0,0,0,0,252,0,0,13329,0,1,locked test H4 trace decision 212
integrated_0885,pipeline_wait,885,0,0,1,0,0,0,0,0,0,1,0,0,0,0,0,252,0,0,13329,0,1,registered pipeline wait 1
integrated_0886,pipeline_wait,886,0,0,1,0,0,0,0,0,0,1,0,0,0,0,0,252,0,0,13329,0,1,registered pipeline wait 2
integrated_0887,dwell_hold,887,0,0,1,0,0,0,0,0,1,0,1,1,0,0,0,253,3,0,13329,0,2,locked test H4 trace decision 212; completion after N+3
integrated_0888,back_to_back_requests,888,0,1,1,0,49151,62914,32768,8192,0,1,0,0,0,0,0,253,3,0,13329,0,2,locked test H4 trace decision 213
integrated_0889,pipeline_wait,889,0,0,1,0,0,0,0,0,0,1,0,0,0,0,0,253,3,0,13329,0,2,registered pipeline wait 1
integrated_0890,pipeline_wait,890,0,0,1,0,0,0,0,0,0,1,0,0,0,0,0,253,3,0,13329,0,2,registered pipeline wait 2
integrated_0891,dwell_hold,891,0,0,1,0,0,0,0,0,1,0,1,1,0,0,0,249,2,0,13329,0,3,locked test H4 trace decision 213; completion after N+3
integrated_0892,back_to_back_requests,892,0,1,1,0,49151,62914,32768,16384,0,1,0,0,0,0,0,249,2,0,13329,0,3,locked test H4 trace decision 214
integrated_0893,pipeline_wait,893,0,0,1,0,0,0,0,0,0,1,0,0,0,0,0,249,2,0,13329,0,3,registered pipeline wait 1
integrated_0894,pipeline_wait,894,0,0,1,0,0,0,0,0,0,1,0,0,0,0,0,249,2,0,13329,0,3,registered pipeline wait 2
integrated_0895,dwell_switch,895,0,0,1,0,0,0,0,0,1,0,1,1,0,0,0,250,1,1,1B516,1,1,locked test H4 trace decision 214; completion after N+3
integrated_0896,back_to_back_requests,896,0,1,1,0,49151,62914,32768,8192,0,1,0,0,0,0,0,250,1,1,1B516,0,1,locked test H4 trace decision 215
integrated_0897,pipeline_wait,897,0,0,1,0,0,0,0,0,0,1,0,0,0,0,0,250,1,1,1B516,0,1,registered pipeline wait 1
integrated_0898,pipeline_wait,898,0,0,1,0,0,0,0,0,0,1,0,0,0,0,0,250,1,1,1B516,0,1,registered pipeline wait 2
integrated_0899,dwell_hold,899,0,0,1,0,0,0,0,0,1,0,1,1,0,0,0,249,2,1,1B516,0,2,locked test H4 trace decision 215; completion after N+3
integrated_0900,back_to_back_requests,900,0,1,1,0,49151,62914,49151,0,0,1,0,0,0,0,0,249,2,1,1B516,0,2,locked test H4 trace decision 216
integrated_0901,pipeline_wait,901,0,0,1,0,0,0,0,0,0,1,0,0,0,0,0,249,2,1,1B516,0,2,registered pipeline wait 1
integrated_0902,pipeline_wait,902,0,0,1,0,0,0,0,0,0,1,0,0,0,0,0,249,2,1,1B516,0,2,registered pipeline wait 2
integrated_0903,dwell_hold,903,0,0,1,0,0,0,0,0,1,0,1,1,0,0,0,252,0,1,1B516,0,3,locked test H4 trace decision 216; completion after N+3
integrated_0904,back_to_back_requests,904,0,1,1,0,49151,62914,32768,8192,0,1,0,0,0,0,0,252,0,1,1B516,0,3,locked test H4 trace decision 217
integrated_0905,pipeline_wait,905,0,0,1,0,0,0,0,0,0,1,0,0,0,0,0,252,0,1,1B516,0,3,registered pipeline wait 1
integrated_0906,pipeline_wait,906,0,0,1,0,0,0,0,0,0,1,0,0,0,0,0,252,0,1,1B516,0,3,registered pipeline wait 2
integrated_0907,dwell_switch,907,0,0,1,0,0,0,0,0,1,0,1,1,0,0,0,249,2,2,14399,1,1,locked test H4 trace decision 217; completion after N+3
integrated_0908,back_to_back_requests,908,0,1,1,0,49151,62914,16384,0,0,1,0,0,0,0,0,249,2,2,14399,0,1,locked test H4 trace decision 218
integrated_0909,pipeline_wait,909,0,0,1,0,0,0,0,0,0,1,0,0,0,0,0,249,2,2,14399,0,1,registered pipeline wait 1
integrated_0910,pipeline_wait,910,0,0,1,0,0,0,0,0,0,1,0,0,0,0,0,249,2,2,14399,0,1,registered pipeline wait 2
integrated_0911,dwell_hold,911,0,0,1,0,0,0,0,0,1,0,1,1,0,0,0,244,0,2,14399,0,2,locked test H4 trace decision 218; completion after N+3
integrated_0912,back_to_back_requests,912,0,1,1,0,49151,62914,49151,0,0,1,0,0,0,0,0,244,0,2,14399,0,2,locked test H4 trace decision 219
integrated_0913,pipeline_wait,913,0,0,1,0,0,0,0,0,0,1,0,0,0,0,0,244,0,2,14399,0,2,registered pipeline wait 1
integrated_0914,pipeline_wait,914,0,0,1,0,0,0,0,0,0,1,0,0,0,0,0,244,0,2,14399,0,2,registered pipeline wait 2
integrated_0915,dwell_hold,915,0,0,1,0,0,0,0,0,1,0,1,1,0,0,0,252,0,2,14399,0,3,locked test H4 trace decision 219; completion after N+3
integrated_0916,back_to_back_requests,916,0,1,1,0,49151,62914,16384,8192,0,1,0,0,0,0,0,252,0,2,14399,0,3,locked test H4 trace decision 220
integrated_0917,pipeline_wait,917,0,0,1,0,0,0,0,0,0,1,0,0,0,0,0,252,0,2,14399,0,3,registered pipeline wait 1
integrated_0918,pipeline_wait,918,0,0,1,0,0,0,0,0,0,1,0,0,0,0,0,252,0,2,14399,0,3,registered pipeline wait 2
integrated_0919,dwell_switch,919,0,0,1,0,0,0,0,0,1,0,1,1,0,0,0,245,1,1,1B516,1,1,locked test H4 trace decision 220; completion after N+3
integrated_0920,back_to_back_requests,920,0,1,1,0,49151,62914,32768,0,0,1,0,0,0,0,0,245,1,1,1B516,0,1,locked test H4 trace decision 221
integrated_0921,pipeline_wait,921,0,0,1,0,0,0,0,0,0,1,0,0,0,0,0,245,1,1,1B516,0,1,registered pipeline wait 1
integrated_0922,pipeline_wait,922,0,0,1,0,0,0,0,0,0,1,0,0,0,0,0,245,1,1,1B516,0,1,registered pipeline wait 2
integrated_0923,dwell_hold,923,0,0,1,0,0,0,0,0,1,0,1,1,0,0,0,248,0,1,1B516,0,2,locked test H4 trace decision 221; completion after N+3
integrated_0924,back_to_back_requests,924,0,1,1,0,49151,62914,49151,0,0,1,0,0,0,0,0,248,0,1,1B516,0,2,locked test H4 trace decision 222
integrated_0925,pipeline_wait,925,0,0,1,0,0,0,0,0,0,1,0,0,0,0,0,248,0,1,1B516,0,2,registered pipeline wait 1
integrated_0926,pipeline_wait,926,0,0,1,0,0,0,0,0,0,1,0,0,0,0,0,248,0,1,1B516,0,2,registered pipeline wait 2
integrated_0927,dwell_hold,927,0,0,1,0,0,0,0,0,1,0,1,1,0,0,0,252,0,1,1B516,0,3,locked test H4 trace decision 222; completion after N+3
integrated_0928,back_to_back_requests,928,0,1,1,0,49151,62914,16384,0,0,1,0,0,0,0,0,252,0,1,1B516,0,3,locked test H4 trace decision 223
integrated_0929,pipeline_wait,929,0,0,1,0,0,0,0,0,0,1,0,0,0,0,0,252,0,1,1B516,0,3,registered pipeline wait 1
integrated_0930,pipeline_wait,930,0,0,1,0,0,0,0,0,0,1,0,0,0,0,0,252,0,1,1B516,0,3,registered pipeline wait 2
integrated_0931,dwell_switch,931,0,0,1,0,0,0,0,0,1,0,1,1,0,0,0,244,0,0,13329,1,1,locked test H4 trace decision 223; completion after N+3
integrated_0932,back_to_back_requests,932,0,1,1,0,49151,62914,0,8192,0,1,0,0,0,0,0,244,0,0,13329,0,1,locked test H4 trace decision 224
integrated_0933,pipeline_wait,933,0,0,1,0,0,0,0,0,0,1,0,0,0,0,0,244,0,0,13329,0,1,registered pipeline wait 1
integrated_0934,pipeline_wait,934,0,0,1,0,0,0,0,0,0,1,0,0,0,0,0,244,0,0,13329,0,1,registered pipeline wait 2
integrated_0935,dwell_hold,935,0,0,1,0,0,0,0,0,1,0,1,1,0,0,0,241,1,0,13329,0,2,locked test H4 trace decision 224; completion after N+3
integrated_0936,back_to_back_requests,936,0,1,1,0,49151,58982,16384,16384,0,1,0,0,0,0,0,241,1,0,13329,0,2,locked test H4 trace decision 225
integrated_0937,pipeline_wait,937,0,0,1,0,0,0,0,0,0,1,0,0,0,0,0,241,1,0,13329,0,2,registered pipeline wait 1
integrated_0938,pipeline_wait,938,0,0,1,0,0,0,0,0,0,1,0,0,0,0,0,241,1,0,13329,0,2,registered pipeline wait 2
integrated_0939,dwell_hold,939,0,0,1,0,0,0,0,0,1,0,1,1,0,0,0,214,2,0,13329,0,3,locked test H4 trace decision 225; completion after N+3
integrated_0940,back_to_back_requests,940,0,1,1,0,49151,58982,49151,0,0,1,0,0,0,0,0,214,2,0,13329,0,3,locked test H4 trace decision 226
integrated_0941,pipeline_wait,941,0,0,1,0,0,0,0,0,0,1,0,0,0,0,0,214,2,0,13329,0,3,registered pipeline wait 1
integrated_0942,pipeline_wait,942,0,0,1,0,0,0,0,0,0,1,0,0,0,0,0,214,2,0,13329,0,3,registered pipeline wait 2
integrated_0943,dwell_switch,943,0,0,1,0,0,0,0,0,1,0,1,1,0,0,0,220,1,1,1B516,1,1,locked test H4 trace decision 226; completion after N+3
integrated_0944,back_to_back_requests,944,0,1,1,0,49151,58982,0,0,0,1,0,0,0,0,0,220,1,1,1B516,0,1,locked test H4 trace decision 227
integrated_0945,pipeline_wait,945,0,0,1,0,0,0,0,0,0,1,0,0,0,0,0,220,1,1,1B516,0,1,registered pipeline wait 1
integrated_0946,pipeline_wait,946,0,0,1,0,0,0,0,0,0,1,0,0,0,0,0,220,1,1,1B516,0,1,registered pipeline wait 2
integrated_0947,valid_complete,947,0,0,1,0,0,0,0,0,1,0,1,1,0,0,0,208,1,1,1B516,0,2,locked test H4 trace decision 227; completion after N+3
integrated_0948,back_to_back_requests,948,0,1,1,0,49151,58982,0,0,0,1,0,0,0,0,0,208,1,1,1B516,0,2,locked test H4 trace decision 228
integrated_0949,pipeline_wait,949,0,0,1,0,0,0,0,0,0,1,0,0,0,0,0,208,1,1,1B516,0,2,registered pipeline wait 1
integrated_0950,pipeline_wait,950,0,0,1,0,0,0,0,0,0,1,0,0,0,0,0,208,1,1,1B516,0,2,registered pipeline wait 2
integrated_0951,valid_complete,951,0,0,1,0,0,0,0,0,1,0,1,1,0,0,0,208,1,1,1B516,0,3,locked test H4 trace decision 228; completion after N+3
integrated_0952,back_to_back_requests,952,0,1,1,0,49151,58982,0,0,0,1,0,0,0,0,0,208,1,1,1B516,0,3,locked test H4 trace decision 229
integrated_0953,pipeline_wait,953,0,0,1,0,0,0,0,0,0,1,0,0,0,0,0,208,1,1,1B516,0,3,registered pipeline wait 1
integrated_0954,pipeline_wait,954,0,0,1,0,0,0,0,0,0,1,0,0,0,0,0,208,1,1,1B516,0,3,registered pipeline wait 2
integrated_0955,valid_complete,955,0,0,1,0,0,0,0,0,1,0,1,1,0,0,0,208,1,1,1B516,0,3,locked test H4 trace decision 229; completion after N+3
integrated_0956,back_to_back_requests,956,0,1,1,0,49151,58982,49151,8192,0,1,0,0,0,0,0,208,1,1,1B516,0,3,locked test H4 trace decision 230
integrated_0957,pipeline_wait,957,0,0,1,0,0,0,0,0,0,1,0,0,0,0,0,208,1,1,1B516,0,3,registered pipeline wait 1
integrated_0958,pipeline_wait,958,0,0,1,0,0,0,0,0,0,1,0,0,0,0,0,208,1,1,1B516,0,3,registered pipeline wait 2
integrated_0959,dwell_switch,959,0,0,1,0,0,0,0,0,1,0,1,1,0,0,0,221,3,3,0A2A5,1,1,locked test H4 trace decision 230; completion after N+3
integrated_0960,back_to_back_requests,960,0,1,1,0,49151,58982,0,0,0,1,0,0,0,0,0,221,3,3,0A2A5,0,1,locked test H4 trace decision 231
integrated_0961,pipeline_wait,961,0,0,1,0,0,0,0,0,0,1,0,0,0,0,0,221,3,3,0A2A5,0,1,registered pipeline wait 1
integrated_0962,pipeline_wait,962,0,0,1,0,0,0,0,0,0,1,0,0,0,0,0,221,3,3,0A2A5,0,1,registered pipeline wait 2
integrated_0963,dwell_hold,963,0,0,1,0,0,0,0,0,1,0,1,1,0,0,0,208,1,3,0A2A5,0,2,locked test H4 trace decision 231; completion after N+3
integrated_0964,back_to_back_requests,964,0,1,1,0,49151,58982,32768,8192,0,1,0,0,0,0,0,208,1,3,0A2A5,0,2,locked test H4 trace decision 232
integrated_0965,pipeline_wait,965,0,0,1,0,0,0,0,0,0,1,0,0,0,0,0,208,1,3,0A2A5,0,2,registered pipeline wait 1
integrated_0966,pipeline_wait,966,0,0,1,0,0,0,0,0,0,1,0,0,0,0,0,208,1,3,0A2A5,0,2,registered pipeline wait 2
integrated_0967,valid_complete,967,0,0,1,0,0,0,0,0,1,0,1,1,0,0,0,217,3,3,0A2A5,0,3,locked test H4 trace decision 232; completion after N+3
integrated_0968,back_to_back_requests,968,0,1,1,0,49151,58982,49151,16384,0,1,0,0,0,0,0,217,3,3,0A2A5,0,3,locked test H4 trace decision 233
integrated_0969,pipeline_wait,969,0,0,1,0,0,0,0,0,0,1,0,0,0,0,0,217,3,3,0A2A5,0,3,registered pipeline wait 1
integrated_0970,pipeline_wait,970,0,0,1,0,0,0,0,0,0,1,0,0,0,0,0,217,3,3,0A2A5,0,3,registered pipeline wait 2
integrated_0971,dwell_switch,971,0,0,1,0,0,0,0,0,1,0,1,1,0,0,0,222,1,1,1B516,1,1,locked test H4 trace decision 233; completion after N+3
integrated_0972,back_to_back_requests,972,0,1,1,0,32768,58982,32768,0,0,1,0,0,0,0,0,222,1,1,1B516,0,1,locked test H4 trace decision 234
integrated_0973,pipeline_wait,973,0,0,1,0,0,0,0,0,0,1,0,0,0,0,0,222,1,1,1B516,0,1,registered pipeline wait 1
integrated_0974,pipeline_wait,974,0,0,1,0,0,0,0,0,0,1,0,0,0,0,0,222,1,1,1B516,0,1,registered pipeline wait 2
integrated_0975,valid_complete,975,0,0,1,0,0,0,0,0,1,0,1,1,0,0,0,152,1,1,1B516,0,2,locked test H4 trace decision 234; completion after N+3
integrated_0976,back_to_back_requests,976,0,1,1,0,32768,58982,49151,8192,0,1,0,0,0,0,0,152,1,1,1B516,0,2,locked test H4 trace decision 235
integrated_0977,pipeline_wait,977,0,0,1,0,0,0,0,0,0,1,0,0,0,0,0,152,1,1,1B516,0,2,registered pipeline wait 1
integrated_0978,pipeline_wait,978,0,0,1,0,0,0,0,0,0,1,0,0,0,0,0,152,1,1,1B516,0,2,registered pipeline wait 2
integrated_0979,valid_complete,979,0,0,1,0,0,0,0,0,1,0,1,1,0,0,0,157,1,1,1B516,0,3,locked test H4 trace decision 235; completion after N+3
integrated_0980,back_to_back_requests,980,0,1,1,0,32768,58982,49151,0,0,1,0,0,0,0,0,157,1,1,1B516,0,3,locked test H4 trace decision 236
integrated_0981,pipeline_wait,981,0,0,1,0,0,0,0,0,0,1,0,0,0,0,0,157,1,1,1B516,0,3,registered pipeline wait 1
integrated_0982,pipeline_wait,982,0,0,1,0,0,0,0,0,0,1,0,0,0,0,0,157,1,1,1B516,0,3,registered pipeline wait 2
integrated_0983,dwell_switch,983,0,0,1,0,0,0,0,0,1,0,1,1,0,0,0,156,2,2,14399,1,1,locked test H4 trace decision 236; completion after N+3
integrated_0984,back_to_back_requests,984,0,1,1,0,32768,58982,49151,8192,0,1,0,0,0,0,0,156,2,2,14399,0,1,locked test H4 trace decision 237
integrated_0985,pipeline_wait,985,0,0,1,0,0,0,0,0,0,1,0,0,0,0,0,156,2,2,14399,0,1,registered pipeline wait 1
integrated_0986,pipeline_wait,986,0,0,1,0,0,0,0,0,0,1,0,0,0,0,0,156,2,2,14399,0,1,registered pipeline wait 2
integrated_0987,dwell_hold,987,0,0,1,0,0,0,0,0,1,0,1,1,0,0,0,157,1,2,14399,0,2,locked test H4 trace decision 237; completion after N+3
integrated_0988,back_to_back_requests,988,0,1,1,0,32768,58982,49151,32768,0,1,0,0,0,0,0,157,1,2,14399,0,2,locked test H4 trace decision 238
integrated_0989,pipeline_wait,989,0,0,1,0,0,0,0,0,0,1,0,0,0,0,0,157,1,2,14399,0,2,registered pipeline wait 1
integrated_0990,pipeline_wait,990,0,0,1,0,0,0,0,0,0,1,0,0,0,0,0,157,1,2,14399,0,2,registered pipeline wait 2
integrated_0991,valid_complete,991,0,0,1,0,0,0,0,0,1,0,1,1,0,0,0,159,2,2,14399,0,3,locked test H4 trace decision 238; completion after N+3
integrated_0992,back_to_back_requests,992,0,1,1,0,16384,58982,0,32768,0,1,0,0,0,0,0,159,2,2,14399,0,3,locked test H4 trace decision 239
integrated_0993,pipeline_wait,993,0,0,1,0,0,0,0,0,0,1,0,0,0,0,0,159,2,2,14399,0,3,registered pipeline wait 1
integrated_0994,pipeline_wait,994,0,0,1,0,0,0,0,0,0,1,0,0,0,0,0,159,2,2,14399,0,3,registered pipeline wait 2
integrated_0995,valid_complete,995,0,0,1,0,0,0,0,0,1,0,1,1,0,0,0,83,2,2,14399,0,3,locked test H4 trace decision 239; completion after N+3
integrated_0996,back_to_back_requests,996,0,1,1,0,16384,58982,49151,32768,0,1,0,0,0,0,0,83,2,2,14399,0,3,locked test H4 trace decision 240
integrated_0997,pipeline_wait,997,0,0,1,0,0,0,0,0,0,1,0,0,0,0,0,83,2,2,14399,0,3,registered pipeline wait 1
integrated_0998,pipeline_wait,998,0,0,1,0,0,0,0,0,0,1,0,0,0,0,0,83,2,2,14399,0,3,registered pipeline wait 2
integrated_0999,dwell_switch,999,0,0,1,0,0,0,0,0,1,0,1,1,0,0,0,95,0,0,13329,1,1,locked test H4 trace decision 240; completion after N+3
integrated_1000,back_to_back_requests,1000,0,1,1,0,16384,58982,16384,32768,0,1,0,0,0,0,0,95,0,0,13329,0,1,locked test H4 trace decision 241
integrated_1001,pipeline_wait,1001,0,0,1,0,0,0,0,0,0,1,0,0,0,0,0,95,0,0,13329,0,1,registered pipeline wait 1
integrated_1002,pipeline_wait,1002,0,0,1,0,0,0,0,0,0,1,0,0,0,0,0,95,0,0,13329,0,1,registered pipeline wait 2
integrated_1003,dwell_hold,1003,0,0,1,0,0,0,0,0,1,0,1,1,0,0,0,87,2,0,13329,0,2,locked test H4 trace decision 241; completion after N+3
integrated_1004,back_to_back_requests,1004,0,1,1,0,16384,58982,0,32768,0,1,0,0,0,0,0,87,2,0,13329,0,2,locked test H4 trace decision 242
integrated_1005,pipeline_wait,1005,0,0,1,0,0,0,0,0,0,1,0,0,0,0,0,87,2,0,13329,0,2,registered pipeline wait 1
integrated_1006,pipeline_wait,1006,0,0,1,0,0,0,0,0,0,1,0,0,0,0,0,87,2,0,13329,0,2,registered pipeline wait 2
integrated_1007,dwell_hold,1007,0,0,1,0,0,0,0,0,1,0,1,1,0,0,0,83,2,0,13329,0,3,locked test H4 trace decision 242; completion after N+3
integrated_1008,back_to_back_requests,1008,0,1,1,0,16384,58982,32768,32768,0,1,0,0,0,0,0,83,2,0,13329,0,3,locked test H4 trace decision 243
integrated_1009,pipeline_wait,1009,0,0,1,0,0,0,0,0,0,1,0,0,0,0,0,83,2,0,13329,0,3,registered pipeline wait 1
integrated_1010,pipeline_wait,1010,0,0,1,0,0,0,0,0,0,1,0,0,0,0,0,83,2,0,13329,0,3,registered pipeline wait 2
integrated_1011,dwell_switch,1011,0,0,1,0,0,0,0,0,1,0,1,1,0,0,0,91,2,2,14399,1,1,locked test H4 trace decision 243; completion after N+3
integrated_1012,back_to_back_requests,1012,0,1,1,0,16384,58982,16384,32768,0,1,0,0,0,0,0,91,2,2,14399,0,1,locked test H4 trace decision 244
integrated_1013,pipeline_wait,1013,0,0,1,0,0,0,0,0,0,1,0,0,0,0,0,91,2,2,14399,0,1,registered pipeline wait 1
integrated_1014,pipeline_wait,1014,0,0,1,0,0,0,0,0,0,1,0,0,0,0,0,91,2,2,14399,0,1,registered pipeline wait 2
integrated_1015,valid_complete,1015,0,0,1,0,0,0,0,0,1,0,1,1,0,0,0,87,2,2,14399,0,2,locked test H4 trace decision 244; completion after N+3
integrated_1016,back_to_back_requests,1016,0,1,1,0,16384,58982,32768,32768,0,1,0,0,0,0,0,87,2,2,14399,0,2,locked test H4 trace decision 245
integrated_1017,pipeline_wait,1017,0,0,1,0,0,0,0,0,0,1,0,0,0,0,0,87,2,2,14399,0,2,registered pipeline wait 1
integrated_1018,pipeline_wait,1018,0,0,1,0,0,0,0,0,0,1,0,0,0,0,0,87,2,2,14399,0,2,registered pipeline wait 2
integrated_1019,valid_complete,1019,0,0,1,0,0,0,0,0,1,0,1,1,0,0,0,91,2,2,14399,0,3,locked test H4 trace decision 245; completion after N+3
integrated_1020,back_to_back_requests,1020,0,1,1,0,0,58982,49151,32768,0,1,0,0,0,0,0,91,2,2,14399,0,3,locked test H4 trace decision 246
integrated_1021,pipeline_wait,1021,0,0,1,0,0,0,0,0,0,1,0,0,0,0,0,91,2,2,14399,0,3,registered pipeline wait 1
integrated_1022,pipeline_wait,1022,0,0,1,0,0,0,0,0,0,1,0,0,0,0,0,91,2,2,14399,0,3,registered pipeline wait 2
integrated_1023,valid_complete,1023,0,0,1,0,0,0,0,0,1,0,1,1,0,0,0,31,2,2,14399,0,3,locked test H4 trace decision 246; completion after N+3
integrated_1024,back_to_back_requests,1024,0,1,1,0,0,58982,32768,32768,0,1,0,0,0,0,0,31,2,2,14399,0,3,locked test H4 trace decision 247
integrated_1025,pipeline_wait,1025,0,0,1,0,0,0,0,0,0,1,0,0,0,0,0,31,2,2,14399,0,3,registered pipeline wait 1
integrated_1026,pipeline_wait,1026,0,0,1,0,0,0,0,0,0,1,0,0,0,0,0,31,2,2,14399,0,3,registered pipeline wait 2
integrated_1027,valid_complete,1027,0,0,1,0,0,0,0,0,1,0,1,1,0,0,0,27,2,2,14399,0,3,locked test H4 trace decision 247; completion after N+3
integrated_1028,back_to_back_requests,1028,0,1,1,0,0,58982,49151,32768,0,1,0,0,0,0,0,27,2,2,14399,0,3,locked test H4 trace decision 248
integrated_1029,pipeline_wait,1029,0,0,1,0,0,0,0,0,0,1,0,0,0,0,0,27,2,2,14399,0,3,registered pipeline wait 1
integrated_1030,pipeline_wait,1030,0,0,1,0,0,0,0,0,0,1,0,0,0,0,0,27,2,2,14399,0,3,registered pipeline wait 2
integrated_1031,valid_complete,1031,0,0,1,0,0,0,0,0,1,0,1,1,0,0,0,31,2,2,14399,0,3,locked test H4 trace decision 248; completion after N+3
integrated_1032,back_to_back_requests,1032,0,1,1,0,0,58982,49151,32768,0,1,0,0,0,0,0,31,2,2,14399,0,3,locked test H4 trace decision 249
integrated_1033,pipeline_wait,1033,0,0,1,0,0,0,0,0,0,1,0,0,0,0,0,31,2,2,14399,0,3,registered pipeline wait 1
integrated_1034,pipeline_wait,1034,0,0,1,0,0,0,0,0,0,1,0,0,0,0,0,31,2,2,14399,0,3,registered pipeline wait 2
integrated_1035,valid_complete,1035,0,0,1,0,0,0,0,0,1,0,1,1,0,0,0,31,2,2,14399,0,3,locked test H4 trace decision 249; completion after N+3
integrated_1036,back_to_back_requests,1036,0,1,1,0,0,58982,32768,32768,0,1,0,0,0,0,0,31,2,2,14399,0,3,locked test H4 trace decision 250
integrated_1037,pipeline_wait,1037,0,0,1,0,0,0,0,0,0,1,0,0,0,0,0,31,2,2,14399,0,3,registered pipeline wait 1
integrated_1038,pipeline_wait,1038,0,0,1,0,0,0,0,0,0,1,0,0,0,0,0,31,2,2,14399,0,3,registered pipeline wait 2
integrated_1039,valid_complete,1039,0,0,1,0,0,0,0,0,1,0,1,1,0,0,0,27,2,2,14399,0,3,locked test H4 trace decision 250; completion after N+3
integrated_1040,back_to_back_requests,1040,0,1,1,0,0,58982,16384,32768,0,1,0,0,0,0,0,27,2,2,14399,0,3,locked test H4 trace decision 251
integrated_1041,pipeline_wait,1041,0,0,1,0,0,0,0,0,0,1,0,0,0,0,0,27,2,2,14399,0,3,registered pipeline wait 1
integrated_1042,pipeline_wait,1042,0,0,1,0,0,0,0,0,0,1,0,0,0,0,0,27,2,2,14399,0,3,registered pipeline wait 2
integrated_1043,valid_complete,1043,0,0,1,0,0,0,0,0,1,0,1,1,0,0,0,23,2,2,14399,0,3,locked test H4 trace decision 251; completion after N+3
integrated_1044,back_to_back_requests,1044,0,1,1,0,0,58982,0,32768,0,1,0,0,0,0,0,23,2,2,14399,0,3,locked test H4 trace decision 252
integrated_1045,pipeline_wait,1045,0,0,1,0,0,0,0,0,0,1,0,0,0,0,0,23,2,2,14399,0,3,registered pipeline wait 1
integrated_1046,pipeline_wait,1046,0,0,1,0,0,0,0,0,0,1,0,0,0,0,0,23,2,2,14399,0,3,registered pipeline wait 2
integrated_1047,valid_complete,1047,0,0,1,0,0,0,0,0,1,0,1,1,0,0,0,19,2,2,14399,0,3,locked test H4 trace decision 252; completion after N+3
integrated_1048,back_to_back_requests,1048,0,1,1,0,0,58982,0,32768,0,1,0,0,0,0,0,19,2,2,14399,0,3,locked test H4 trace decision 253
integrated_1049,pipeline_wait,1049,0,0,1,0,0,0,0,0,0,1,0,0,0,0,0,19,2,2,14399,0,3,registered pipeline wait 1
integrated_1050,pipeline_wait,1050,0,0,1,0,0,0,0,0,0,1,0,0,0,0,0,19,2,2,14399,0,3,registered pipeline wait 2
integrated_1051,valid_complete,1051,0,0,1,0,0,0,0,0,1,0,1,1,0,0,0,19,2,2,14399,0,3,locked test H4 trace decision 253; completion after N+3
integrated_1052,back_to_back_requests,1052,0,1,1,0,0,58982,0,32768,0,1,0,0,0,0,0,19,2,2,14399,0,3,locked test H4 trace decision 254
integrated_1053,pipeline_wait,1053,0,0,1,0,0,0,0,0,0,1,0,0,0,0,0,19,2,2,14399,0,3,registered pipeline wait 1
integrated_1054,pipeline_wait,1054,0,0,1,0,0,0,0,0,0,1,0,0,0,0,0,19,2,2,14399,0,3,registered pipeline wait 2
integrated_1055,valid_complete,1055,0,0,1,0,0,0,0,0,1,0,1,1,0,0,0,19,2,2,14399,0,3,locked test H4 trace decision 254; completion after N+3
integrated_1056,back_to_back_requests,1056,0,1,1,0,0,58982,49151,32768,0,1,0,0,0,0,0,19,2,2,14399,0,3,locked test H4 trace decision 255
integrated_1057,pipeline_wait,1057,0,0,1,0,0,0,0,0,0,1,0,0,0,0,0,19,2,2,14399,0,3,registered pipeline wait 1
integrated_1058,pipeline_wait,1058,0,0,1,0,0,0,0,0,0,1,0,0,0,0,0,19,2,2,14399,0,3,registered pipeline wait 2
integrated_1059,valid_complete,1059,0,0,1,0,0,0,0,0,1,0,1,1,0,0,0,31,2,2,14399,0,3,locked test H4 trace decision 255; completion after N+3
integrated_1060,back_to_back_requests,1060,0,1,1,0,0,58982,16384,32768,0,1,0,0,0,0,0,31,2,2,14399,0,3,locked test H4 trace decision 256
integrated_1061,pipeline_wait,1061,0,0,1,0,0,0,0,0,0,1,0,0,0,0,0,31,2,2,14399,0,3,registered pipeline wait 1
integrated_1062,pipeline_wait,1062,0,0,1,0,0,0,0,0,0,1,0,0,0,0,0,31,2,2,14399,0,3,registered pipeline wait 2
integrated_1063,valid_complete,1063,0,0,1,0,0,0,0,0,1,0,1,1,0,0,0,23,2,2,14399,0,3,locked test H4 trace decision 256; completion after N+3
integrated_1064,back_to_back_requests,1064,0,1,1,0,0,58982,16384,32768,0,1,0,0,0,0,0,23,2,2,14399,0,3,locked test H4 trace decision 257
integrated_1065,pipeline_wait,1065,0,0,1,0,0,0,0,0,0,1,0,0,0,0,0,23,2,2,14399,0,3,registered pipeline wait 1
integrated_1066,pipeline_wait,1066,0,0,1,0,0,0,0,0,0,1,0,0,0,0,0,23,2,2,14399,0,3,registered pipeline wait 2
integrated_1067,valid_complete,1067,0,0,1,0,0,0,0,0,1,0,1,1,0,0,0,23,2,2,14399,0,3,locked test H4 trace decision 257; completion after N+3
integrated_1068,back_to_back_requests,1068,0,1,1,0,0,58982,49151,32768,0,1,0,0,0,0,0,23,2,2,14399,0,3,locked test H4 trace decision 258
integrated_1069,pipeline_wait,1069,0,0,1,0,0,0,0,0,0,1,0,0,0,0,0,23,2,2,14399,0,3,registered pipeline wait 1
integrated_1070,pipeline_wait,1070,0,0,1,0,0,0,0,0,0,1,0,0,0,0,0,23,2,2,14399,0,3,registered pipeline wait 2
integrated_1071,valid_complete,1071,0,0,1,0,0,0,0,0,1,0,1,1,0,0,0,31,2,2,14399,0,3,locked test H4 trace decision 258; completion after N+3
integrated_1072,back_to_back_requests,1072,0,1,1,0,0,58982,0,32768,0,1,0,0,0,0,0,31,2,2,14399,0,3,locked test H4 trace decision 259
integrated_1073,pipeline_wait,1073,0,0,1,0,0,0,0,0,0,1,0,0,0,0,0,31,2,2,14399,0,3,registered pipeline wait 1
integrated_1074,pipeline_wait,1074,0,0,1,0,0,0,0,0,0,1,0,0,0,0,0,31,2,2,14399,0,3,registered pipeline wait 2
integrated_1075,valid_complete,1075,0,0,1,0,0,0,0,0,1,0,1,1,0,0,0,19,2,2,14399,0,3,locked test H4 trace decision 259; completion after N+3
integrated_1076,back_to_back_requests,1076,0,1,1,0,0,58982,0,32768,0,1,0,0,0,0,0,19,2,2,14399,0,3,locked test H4 trace decision 260
integrated_1077,pipeline_wait,1077,0,0,1,0,0,0,0,0,0,1,0,0,0,0,0,19,2,2,14399,0,3,registered pipeline wait 1
integrated_1078,pipeline_wait,1078,0,0,1,0,0,0,0,0,0,1,0,0,0,0,0,19,2,2,14399,0,3,registered pipeline wait 2
integrated_1079,valid_complete,1079,0,0,1,0,0,0,0,0,1,0,1,1,0,0,0,19,2,2,14399,0,3,locked test H4 trace decision 260; completion after N+3
integrated_1080,back_to_back_requests,1080,0,1,1,0,0,58982,16384,32768,0,1,0,0,0,0,0,19,2,2,14399,0,3,locked test H4 trace decision 261
integrated_1081,pipeline_wait,1081,0,0,1,0,0,0,0,0,0,1,0,0,0,0,0,19,2,2,14399,0,3,registered pipeline wait 1
integrated_1082,pipeline_wait,1082,0,0,1,0,0,0,0,0,0,1,0,0,0,0,0,19,2,2,14399,0,3,registered pipeline wait 2
integrated_1083,valid_complete,1083,0,0,1,0,0,0,0,0,1,0,1,1,0,0,0,23,2,2,14399,0,3,locked test H4 trace decision 261; completion after N+3
integrated_1084,back_to_back_requests,1084,0,1,1,0,0,58982,16384,32768,0,1,0,0,0,0,0,23,2,2,14399,0,3,locked test H4 trace decision 262
integrated_1085,pipeline_wait,1085,0,0,1,0,0,0,0,0,0,1,0,0,0,0,0,23,2,2,14399,0,3,registered pipeline wait 1
integrated_1086,pipeline_wait,1086,0,0,1,0,0,0,0,0,0,1,0,0,0,0,0,23,2,2,14399,0,3,registered pipeline wait 2
integrated_1087,valid_complete,1087,0,0,1,0,0,0,0,0,1,0,1,1,0,0,0,23,2,2,14399,0,3,locked test H4 trace decision 262; completion after N+3
integrated_1088,back_to_back_requests,1088,0,1,1,0,0,58982,0,32768,0,1,0,0,0,0,0,23,2,2,14399,0,3,locked test H4 trace decision 263
integrated_1089,pipeline_wait,1089,0,0,1,0,0,0,0,0,0,1,0,0,0,0,0,23,2,2,14399,0,3,registered pipeline wait 1
integrated_1090,pipeline_wait,1090,0,0,1,0,0,0,0,0,0,1,0,0,0,0,0,23,2,2,14399,0,3,registered pipeline wait 2
integrated_1091,valid_complete,1091,0,0,1,0,0,0,0,0,1,0,1,1,0,0,0,19,2,2,14399,0,3,locked test H4 trace decision 263; completion after N+3
integrated_1092,back_to_back_requests,1092,0,1,1,0,0,58982,49151,32768,0,1,0,0,0,0,0,19,2,2,14399,0,3,locked test H4 trace decision 264
integrated_1093,pipeline_wait,1093,0,0,1,0,0,0,0,0,0,1,0,0,0,0,0,19,2,2,14399,0,3,registered pipeline wait 1
integrated_1094,pipeline_wait,1094,0,0,1,0,0,0,0,0,0,1,0,0,0,0,0,19,2,2,14399,0,3,registered pipeline wait 2
integrated_1095,valid_complete,1095,0,0,1,0,0,0,0,0,1,0,1,1,0,0,0,31,2,2,14399,0,3,locked test H4 trace decision 264; completion after N+3
integrated_1096,back_to_back_requests,1096,0,1,1,0,0,58982,49151,32768,0,1,0,0,0,0,0,31,2,2,14399,0,3,locked test H4 trace decision 265
integrated_1097,pipeline_wait,1097,0,0,1,0,0,0,0,0,0,1,0,0,0,0,0,31,2,2,14399,0,3,registered pipeline wait 1
integrated_1098,pipeline_wait,1098,0,0,1,0,0,0,0,0,0,1,0,0,0,0,0,31,2,2,14399,0,3,registered pipeline wait 2
integrated_1099,valid_complete,1099,0,0,1,0,0,0,0,0,1,0,1,1,0,0,0,31,2,2,14399,0,3,locked test H4 trace decision 265; completion after N+3
integrated_1100,back_to_back_requests,1100,0,1,1,0,0,58982,16384,32768,0,1,0,0,0,0,0,31,2,2,14399,0,3,locked test H4 trace decision 266
integrated_1101,pipeline_wait,1101,0,0,1,0,0,0,0,0,0,1,0,0,0,0,0,31,2,2,14399,0,3,registered pipeline wait 1
integrated_1102,pipeline_wait,1102,0,0,1,0,0,0,0,0,0,1,0,0,0,0,0,31,2,2,14399,0,3,registered pipeline wait 2
integrated_1103,valid_complete,1103,0,0,1,0,0,0,0,0,1,0,1,1,0,0,0,23,2,2,14399,0,3,locked test H4 trace decision 266; completion after N+3
integrated_1104,back_to_back_requests,1104,0,1,1,0,0,58982,16384,32768,0,1,0,0,0,0,0,23,2,2,14399,0,3,locked test H4 trace decision 267
integrated_1105,pipeline_wait,1105,0,0,1,0,0,0,0,0,0,1,0,0,0,0,0,23,2,2,14399,0,3,registered pipeline wait 1
integrated_1106,pipeline_wait,1106,0,0,1,0,0,0,0,0,0,1,0,0,0,0,0,23,2,2,14399,0,3,registered pipeline wait 2
integrated_1107,valid_complete,1107,0,0,1,0,0,0,0,0,1,0,1,1,0,0,0,23,2,2,14399,0,3,locked test H4 trace decision 267; completion after N+3
integrated_1108,back_to_back_requests,1108,0,1,1,0,0,58982,32768,32768,0,1,0,0,0,0,0,23,2,2,14399,0,3,locked test H4 trace decision 268
integrated_1109,pipeline_wait,1109,0,0,1,0,0,0,0,0,0,1,0,0,0,0,0,23,2,2,14399,0,3,registered pipeline wait 1
integrated_1110,pipeline_wait,1110,0,0,1,0,0,0,0,0,0,1,0,0,0,0,0,23,2,2,14399,0,3,registered pipeline wait 2
integrated_1111,valid_complete,1111,0,0,1,0,0,0,0,0,1,0,1,1,0,0,0,27,2,2,14399,0,3,locked test H4 trace decision 268; completion after N+3
integrated_1112,back_to_back_requests,1112,0,1,1,0,0,58982,49151,32768,0,1,0,0,0,0,0,27,2,2,14399,0,3,locked test H4 trace decision 269
integrated_1113,pipeline_wait,1113,0,0,1,0,0,0,0,0,0,1,0,0,0,0,0,27,2,2,14399,0,3,registered pipeline wait 1
integrated_1114,pipeline_wait,1114,0,0,1,0,0,0,0,0,0,1,0,0,0,0,0,27,2,2,14399,0,3,registered pipeline wait 2
integrated_1115,valid_complete,1115,0,0,1,0,0,0,0,0,1,0,1,1,0,0,0,31,2,2,14399,0,3,locked test H4 trace decision 269; completion after N+3
integrated_1116,back_to_back_requests,1116,0,1,1,0,0,58982,16384,32768,0,1,0,0,0,0,0,31,2,2,14399,0,3,locked test H4 trace decision 270
integrated_1117,pipeline_wait,1117,0,0,1,0,0,0,0,0,0,1,0,0,0,0,0,31,2,2,14399,0,3,registered pipeline wait 1
integrated_1118,pipeline_wait,1118,0,0,1,0,0,0,0,0,0,1,0,0,0,0,0,31,2,2,14399,0,3,registered pipeline wait 2
integrated_1119,valid_complete,1119,0,0,1,0,0,0,0,0,1,0,1,1,0,0,0,23,2,2,14399,0,3,locked test H4 trace decision 270; completion after N+3
integrated_1120,back_to_back_requests,1120,0,1,1,0,0,58982,0,32768,0,1,0,0,0,0,0,23,2,2,14399,0,3,locked test H4 trace decision 271
integrated_1121,pipeline_wait,1121,0,0,1,0,0,0,0,0,0,1,0,0,0,0,0,23,2,2,14399,0,3,registered pipeline wait 1
integrated_1122,pipeline_wait,1122,0,0,1,0,0,0,0,0,0,1,0,0,0,0,0,23,2,2,14399,0,3,registered pipeline wait 2
integrated_1123,valid_complete,1123,0,0,1,0,0,0,0,0,1,0,1,1,0,0,0,19,2,2,14399,0,3,locked test H4 trace decision 271; completion after N+3
integrated_1124,back_to_back_requests,1124,0,1,1,0,0,58982,0,32768,0,1,0,0,0,0,0,19,2,2,14399,0,3,locked test H4 trace decision 272
integrated_1125,pipeline_wait,1125,0,0,1,0,0,0,0,0,0,1,0,0,0,0,0,19,2,2,14399,0,3,registered pipeline wait 1
integrated_1126,pipeline_wait,1126,0,0,1,0,0,0,0,0,0,1,0,0,0,0,0,19,2,2,14399,0,3,registered pipeline wait 2
integrated_1127,valid_complete,1127,0,0,1,0,0,0,0,0,1,0,1,1,0,0,0,19,2,2,14399,0,3,locked test H4 trace decision 272; completion after N+3
integrated_1128,back_to_back_requests,1128,0,1,1,0,0,58982,49151,32768,0,1,0,0,0,0,0,19,2,2,14399,0,3,locked test H4 trace decision 273
integrated_1129,pipeline_wait,1129,0,0,1,0,0,0,0,0,0,1,0,0,0,0,0,19,2,2,14399,0,3,registered pipeline wait 1
integrated_1130,pipeline_wait,1130,0,0,1,0,0,0,0,0,0,1,0,0,0,0,0,19,2,2,14399,0,3,registered pipeline wait 2
integrated_1131,valid_complete,1131,0,0,1,0,0,0,0,0,1,0,1,1,0,0,0,31,2,2,14399,0,3,locked test H4 trace decision 273; completion after N+3
integrated_1132,back_to_back_requests,1132,0,1,1,0,0,58982,16384,32768,0,1,0,0,0,0,0,31,2,2,14399,0,3,locked test H4 trace decision 274
integrated_1133,pipeline_wait,1133,0,0,1,0,0,0,0,0,0,1,0,0,0,0,0,31,2,2,14399,0,3,registered pipeline wait 1
integrated_1134,pipeline_wait,1134,0,0,1,0,0,0,0,0,0,1,0,0,0,0,0,31,2,2,14399,0,3,registered pipeline wait 2
integrated_1135,valid_complete,1135,0,0,1,0,0,0,0,0,1,0,1,1,0,0,0,23,2,2,14399,0,3,locked test H4 trace decision 274; completion after N+3
integrated_1136,back_to_back_requests,1136,0,1,1,0,0,58982,32768,32768,0,1,0,0,0,0,0,23,2,2,14399,0,3,locked test H4 trace decision 275
integrated_1137,pipeline_wait,1137,0,0,1,0,0,0,0,0,0,1,0,0,0,0,0,23,2,2,14399,0,3,registered pipeline wait 1
integrated_1138,pipeline_wait,1138,0,0,1,0,0,0,0,0,0,1,0,0,0,0,0,23,2,2,14399,0,3,registered pipeline wait 2
integrated_1139,valid_complete,1139,0,0,1,0,0,0,0,0,1,0,1,1,0,0,0,27,2,2,14399,0,3,locked test H4 trace decision 275; completion after N+3
integrated_1140,back_to_back_requests,1140,0,1,1,0,0,58982,0,32768,0,1,0,0,0,0,0,27,2,2,14399,0,3,locked test H4 trace decision 276
integrated_1141,pipeline_wait,1141,0,0,1,0,0,0,0,0,0,1,0,0,0,0,0,27,2,2,14399,0,3,registered pipeline wait 1
integrated_1142,pipeline_wait,1142,0,0,1,0,0,0,0,0,0,1,0,0,0,0,0,27,2,2,14399,0,3,registered pipeline wait 2
integrated_1143,valid_complete,1143,0,0,1,0,0,0,0,0,1,0,1,1,0,0,0,19,2,2,14399,0,3,locked test H4 trace decision 276; completion after N+3
integrated_1144,back_to_back_requests,1144,0,1,1,0,0,58982,49151,32768,0,1,0,0,0,0,0,19,2,2,14399,0,3,locked test H4 trace decision 277
integrated_1145,pipeline_wait,1145,0,0,1,0,0,0,0,0,0,1,0,0,0,0,0,19,2,2,14399,0,3,registered pipeline wait 1
integrated_1146,pipeline_wait,1146,0,0,1,0,0,0,0,0,0,1,0,0,0,0,0,19,2,2,14399,0,3,registered pipeline wait 2
integrated_1147,valid_complete,1147,0,0,1,0,0,0,0,0,1,0,1,1,0,0,0,31,2,2,14399,0,3,locked test H4 trace decision 277; completion after N+3
integrated_1148,back_to_back_requests,1148,0,1,1,0,0,58982,0,32768,0,1,0,0,0,0,0,31,2,2,14399,0,3,locked test H4 trace decision 278
integrated_1149,pipeline_wait,1149,0,0,1,0,0,0,0,0,0,1,0,0,0,0,0,31,2,2,14399,0,3,registered pipeline wait 1
integrated_1150,pipeline_wait,1150,0,0,1,0,0,0,0,0,0,1,0,0,0,0,0,31,2,2,14399,0,3,registered pipeline wait 2
integrated_1151,valid_complete,1151,0,0,1,0,0,0,0,0,1,0,1,1,0,0,0,19,2,2,14399,0,3,locked test H4 trace decision 278; completion after N+3
integrated_1152,back_to_back_requests,1152,0,1,1,0,0,58982,32768,32768,0,1,0,0,0,0,0,19,2,2,14399,0,3,locked test H4 trace decision 279
integrated_1153,pipeline_wait,1153,0,0,1,0,0,0,0,0,0,1,0,0,0,0,0,19,2,2,14399,0,3,registered pipeline wait 1
integrated_1154,pipeline_wait,1154,0,0,1,0,0,0,0,0,0,1,0,0,0,0,0,19,2,2,14399,0,3,registered pipeline wait 2
integrated_1155,valid_complete,1155,0,0,1,0,0,0,0,0,1,0,1,1,0,0,0,27,2,2,14399,0,3,locked test H4 trace decision 279; completion after N+3
integrated_1156,back_to_back_requests,1156,0,1,1,0,0,58982,49151,32768,0,1,0,0,0,0,0,27,2,2,14399,0,3,locked test H4 trace decision 280
integrated_1157,pipeline_wait,1157,0,0,1,0,0,0,0,0,0,1,0,0,0,0,0,27,2,2,14399,0,3,registered pipeline wait 1
integrated_1158,pipeline_wait,1158,0,0,1,0,0,0,0,0,0,1,0,0,0,0,0,27,2,2,14399,0,3,registered pipeline wait 2
integrated_1159,valid_complete,1159,0,0,1,0,0,0,0,0,1,0,1,1,0,0,0,31,2,2,14399,0,3,locked test H4 trace decision 280; completion after N+3
integrated_1160,back_to_back_requests,1160,0,1,1,0,0,58982,49151,32768,0,1,0,0,0,0,0,31,2,2,14399,0,3,locked test H4 trace decision 281
integrated_1161,pipeline_wait,1161,0,0,1,0,0,0,0,0,0,1,0,0,0,0,0,31,2,2,14399,0,3,registered pipeline wait 1
integrated_1162,pipeline_wait,1162,0,0,1,0,0,0,0,0,0,1,0,0,0,0,0,31,2,2,14399,0,3,registered pipeline wait 2
integrated_1163,valid_complete,1163,0,0,1,0,0,0,0,0,1,0,1,1,0,0,0,31,2,2,14399,0,3,locked test H4 trace decision 281; completion after N+3
integrated_1164,back_to_back_requests,1164,0,1,1,0,0,58982,16384,32768,0,1,0,0,0,0,0,31,2,2,14399,0,3,locked test H4 trace decision 282
integrated_1165,pipeline_wait,1165,0,0,1,0,0,0,0,0,0,1,0,0,0,0,0,31,2,2,14399,0,3,registered pipeline wait 1
integrated_1166,pipeline_wait,1166,0,0,1,0,0,0,0,0,0,1,0,0,0,0,0,31,2,2,14399,0,3,registered pipeline wait 2
integrated_1167,valid_complete,1167,0,0,1,0,0,0,0,0,1,0,1,1,0,0,0,23,2,2,14399,0,3,locked test H4 trace decision 282; completion after N+3
integrated_1168,back_to_back_requests,1168,0,1,1,0,0,58982,49151,32768,0,1,0,0,0,0,0,23,2,2,14399,0,3,locked test H4 trace decision 283
integrated_1169,pipeline_wait,1169,0,0,1,0,0,0,0,0,0,1,0,0,0,0,0,23,2,2,14399,0,3,registered pipeline wait 1
integrated_1170,pipeline_wait,1170,0,0,1,0,0,0,0,0,0,1,0,0,0,0,0,23,2,2,14399,0,3,registered pipeline wait 2
integrated_1171,valid_complete,1171,0,0,1,0,0,0,0,0,1,0,1,1,0,0,0,31,2,2,14399,0,3,locked test H4 trace decision 283; completion after N+3
integrated_1172,back_to_back_requests,1172,0,1,1,0,0,58982,16384,32768,0,1,0,0,0,0,0,31,2,2,14399,0,3,locked test H4 trace decision 284
integrated_1173,pipeline_wait,1173,0,0,1,0,0,0,0,0,0,1,0,0,0,0,0,31,2,2,14399,0,3,registered pipeline wait 1
integrated_1174,pipeline_wait,1174,0,0,1,0,0,0,0,0,0,1,0,0,0,0,0,31,2,2,14399,0,3,registered pipeline wait 2
integrated_1175,valid_complete,1175,0,0,1,0,0,0,0,0,1,0,1,1,0,0,0,23,2,2,14399,0,3,locked test H4 trace decision 284; completion after N+3
integrated_1176,back_to_back_requests,1176,0,1,1,0,0,58982,16384,32768,0,1,0,0,0,0,0,23,2,2,14399,0,3,locked test H4 trace decision 285
integrated_1177,pipeline_wait,1177,0,0,1,0,0,0,0,0,0,1,0,0,0,0,0,23,2,2,14399,0,3,registered pipeline wait 1
integrated_1178,pipeline_wait,1178,0,0,1,0,0,0,0,0,0,1,0,0,0,0,0,23,2,2,14399,0,3,registered pipeline wait 2
integrated_1179,valid_complete,1179,0,0,1,0,0,0,0,0,1,0,1,1,0,0,0,23,2,2,14399,0,3,locked test H4 trace decision 285; completion after N+3
integrated_1180,back_to_back_requests,1180,0,1,1,0,0,58982,32768,32768,0,1,0,0,0,0,0,23,2,2,14399,0,3,locked test H4 trace decision 286
integrated_1181,pipeline_wait,1181,0,0,1,0,0,0,0,0,0,1,0,0,0,0,0,23,2,2,14399,0,3,registered pipeline wait 1
integrated_1182,pipeline_wait,1182,0,0,1,0,0,0,0,0,0,1,0,0,0,0,0,23,2,2,14399,0,3,registered pipeline wait 2
integrated_1183,valid_complete,1183,0,0,1,0,0,0,0,0,1,0,1,1,0,0,0,27,2,2,14399,0,3,locked test H4 trace decision 286; completion after N+3
integrated_1184,back_to_back_requests,1184,0,1,1,0,0,58982,49151,32768,0,1,0,0,0,0,0,27,2,2,14399,0,3,locked test H4 trace decision 287
integrated_1185,pipeline_wait,1185,0,0,1,0,0,0,0,0,0,1,0,0,0,0,0,27,2,2,14399,0,3,registered pipeline wait 1
integrated_1186,pipeline_wait,1186,0,0,1,0,0,0,0,0,0,1,0,0,0,0,0,27,2,2,14399,0,3,registered pipeline wait 2
integrated_1187,valid_complete,1187,0,0,1,0,0,0,0,0,1,0,1,1,0,0,0,31,2,2,14399,0,3,locked test H4 trace decision 287; completion after N+3
integrated_1188,back_to_back_requests,1188,0,1,1,0,0,58982,49151,32768,0,1,0,0,0,0,0,31,2,2,14399,0,3,locked test H4 trace decision 288
integrated_1189,pipeline_wait,1189,0,0,1,0,0,0,0,0,0,1,0,0,0,0,0,31,2,2,14399,0,3,registered pipeline wait 1
integrated_1190,pipeline_wait,1190,0,0,1,0,0,0,0,0,0,1,0,0,0,0,0,31,2,2,14399,0,3,registered pipeline wait 2
integrated_1191,valid_complete,1191,0,0,1,0,0,0,0,0,1,0,1,1,0,0,0,31,2,2,14399,0,3,locked test H4 trace decision 288; completion after N+3
integrated_1192,back_to_back_requests,1192,0,1,1,0,0,62914,49151,32768,0,1,0,0,0,0,0,31,2,2,14399,0,3,locked test H4 trace decision 289
integrated_1193,pipeline_wait,1193,0,0,1,0,0,0,0,0,0,1,0,0,0,0,0,31,2,2,14399,0,3,registered pipeline wait 1
integrated_1194,pipeline_wait,1194,0,0,1,0,0,0,0,0,0,1,0,0,0,0,0,31,2,2,14399,0,3,registered pipeline wait 2
integrated_1195,dwell_switch,1195,0,0,1,0,0,0,0,0,1,0,1,1,0,0,0,63,1,1,1B516,1,1,locked test H4 trace decision 289; completion after N+3
integrated_1196,back_to_back_requests,1196,0,1,1,0,0,62914,49151,32768,0,1,0,0,0,0,0,63,1,1,1B516,0,1,locked test H4 trace decision 290
integrated_1197,pipeline_wait,1197,0,0,1,0,0,0,0,0,0,1,0,0,0,0,0,63,1,1,1B516,0,1,registered pipeline wait 1
integrated_1198,pipeline_wait,1198,0,0,1,0,0,0,0,0,0,1,0,0,0,0,0,63,1,1,1B516,0,1,registered pipeline wait 2
integrated_1199,valid_complete,1199,0,0,1,0,0,0,0,0,1,0,1,1,0,0,0,63,1,1,1B516,0,2,locked test H4 trace decision 290; completion after N+3
integrated_1200,back_to_back_requests,1200,0,1,1,0,16384,62914,49151,32768,0,1,0,0,0,0,0,63,1,1,1B516,0,2,locked test H4 trace decision 291
integrated_1201,pipeline_wait,1201,0,0,1,0,0,0,0,0,0,1,0,0,0,0,0,63,1,1,1B516,0,2,registered pipeline wait 1
integrated_1202,pipeline_wait,1202,0,0,1,0,0,0,0,0,0,1,0,0,0,0,0,63,1,1,1B516,0,2,registered pipeline wait 2
integrated_1203,dwell_hold,1203,0,0,1,0,0,0,0,0,1,0,1,1,0,0,0,127,3,1,1B516,0,3,locked test H4 trace decision 291; completion after N+3
integrated_1204,back_to_back_requests,1204,0,1,1,0,16384,62914,49151,32768,0,1,0,0,0,0,0,127,3,1,1B516,0,3,locked test H4 trace decision 292
integrated_1205,pipeline_wait,1205,0,0,1,0,0,0,0,0,0,1,0,0,0,0,0,127,3,1,1B516,0,3,registered pipeline wait 1
integrated_1206,pipeline_wait,1206,0,0,1,0,0,0,0,0,0,1,0,0,0,0,0,127,3,1,1B516,0,3,registered pipeline wait 2
integrated_1207,dwell_switch,1207,0,0,1,0,0,0,0,0,1,0,1,1,0,0,0,127,3,3,0A2A5,1,1,locked test H4 trace decision 292; completion after N+3
integrated_1208,back_to_back_requests,1208,0,1,1,0,16384,62914,49151,32768,0,1,0,0,0,0,0,127,3,3,0A2A5,0,1,locked test H4 trace decision 293
integrated_1209,pipeline_wait,1209,0,0,1,0,0,0,0,0,0,1,0,0,0,0,0,127,3,3,0A2A5,0,1,registered pipeline wait 1
integrated_1210,pipeline_wait,1210,0,0,1,0,0,0,0,0,0,1,0,0,0,0,0,127,3,3,0A2A5,0,1,registered pipeline wait 2
integrated_1211,valid_complete,1211,0,0,1,0,0,0,0,0,1,0,1,1,0,0,0,127,3,3,0A2A5,0,2,locked test H4 trace decision 293; completion after N+3
integrated_1212,back_to_back_requests,1212,0,1,1,0,32768,62914,49151,32768,0,1,0,0,0,0,0,127,3,3,0A2A5,0,2,locked test H4 trace decision 294
integrated_1213,pipeline_wait,1213,0,0,1,0,0,0,0,0,0,1,0,0,0,0,0,127,3,3,0A2A5,0,2,registered pipeline wait 1
integrated_1214,pipeline_wait,1214,0,0,1,0,0,0,0,0,0,1,0,0,0,0,0,127,3,3,0A2A5,0,2,registered pipeline wait 2
integrated_1215,dwell_hold,1215,0,0,1,0,0,0,0,0,1,0,1,1,0,0,0,191,2,3,0A2A5,0,3,locked test H4 trace decision 294; completion after N+3
integrated_1216,back_to_back_requests,1216,0,1,1,0,32768,62914,49151,32768,0,1,0,0,0,0,0,191,2,3,0A2A5,0,3,locked test H4 trace decision 295
integrated_1217,pipeline_wait,1217,0,0,1,0,0,0,0,0,0,1,0,0,0,0,0,191,2,3,0A2A5,0,3,registered pipeline wait 1
integrated_1218,pipeline_wait,1218,0,0,1,0,0,0,0,0,0,1,0,0,0,0,0,191,2,3,0A2A5,0,3,registered pipeline wait 2
integrated_1219,dwell_switch,1219,0,0,1,0,0,0,0,0,1,0,1,1,0,0,0,191,2,2,14399,1,1,locked test H4 trace decision 295; completion after N+3
integrated_1220,back_to_back_requests,1220,0,1,1,0,32768,62914,49151,16384,0,1,0,0,0,0,0,191,2,2,14399,0,1,locked test H4 trace decision 296
integrated_1221,pipeline_wait,1221,0,0,1,0,0,0,0,0,0,1,0,0,0,0,0,191,2,2,14399,0,1,registered pipeline wait 1
integrated_1222,pipeline_wait,1222,0,0,1,0,0,0,0,0,0,1,0,0,0,0,0,191,2,2,14399,0,1,registered pipeline wait 2
integrated_1223,dwell_hold,1223,0,0,1,0,0,0,0,0,1,0,1,1,0,0,0,190,1,2,14399,0,2,locked test H4 trace decision 296; completion after N+3
integrated_1224,back_to_back_requests,1224,0,1,1,0,49151,62914,49151,8192,0,1,0,0,0,0,0,190,1,2,14399,0,2,locked test H4 trace decision 297
integrated_1225,pipeline_wait,1225,0,0,1,0,0,0,0,0,0,1,0,0,0,0,0,190,1,2,14399,0,2,registered pipeline wait 1
integrated_1226,pipeline_wait,1226,0,0,1,0,0,0,0,0,0,1,0,0,0,0,0,190,1,2,14399,0,2,registered pipeline wait 2
integrated_1227,dwell_hold,1227,0,0,1,0,0,0,0,0,1,0,1,1,0,0,0,253,3,2,14399,0,3,locked test H4 trace decision 297; completion after N+3
integrated_1228,back_to_back_requests,1228,0,1,1,0,49151,62914,49151,8192,0,1,0,0,0,0,0,253,3,2,14399,0,3,locked test H4 trace decision 298
integrated_1229,pipeline_wait,1229,0,0,1,0,0,0,0,0,0,1,0,0,0,0,0,253,3,2,14399,0,3,registered pipeline wait 1
integrated_1230,pipeline_wait,1230,0,0,1,0,0,0,0,0,0,1,0,0,0,0,0,253,3,2,14399,0,3,registered pipeline wait 2
integrated_1231,dwell_switch,1231,0,0,1,0,0,0,0,0,1,0,1,1,0,0,0,253,3,3,0A2A5,1,1,locked test H4 trace decision 298; completion after N+3
integrated_1232,back_to_back_requests,1232,0,1,1,0,49151,62914,49151,8192,0,1,0,0,0,0,0,253,3,3,0A2A5,0,1,locked test H4 trace decision 299
integrated_1233,pipeline_wait,1233,0,0,1,0,0,0,0,0,0,1,0,0,0,0,0,253,3,3,0A2A5,0,1,registered pipeline wait 1
integrated_1234,pipeline_wait,1234,0,0,1,0,0,0,0,0,0,1,0,0,0,0,0,253,3,3,0A2A5,0,1,registered pipeline wait 2
integrated_1235,valid_complete,1235,0,0,1,0,0,0,0,0,1,0,1,1,0,0,0,253,3,3,0A2A5,0,2,locked test H4 trace decision 299; completion after N+3
integrated_1236,back_to_back_requests,1236,0,1,1,0,49151,62914,49151,8192,0,1,0,0,0,0,0,253,3,3,0A2A5,0,2,locked test H4 trace decision 300
integrated_1237,pipeline_wait,1237,0,0,1,0,0,0,0,0,0,1,0,0,0,0,0,253,3,3,0A2A5,0,2,registered pipeline wait 1
integrated_1238,pipeline_wait,1238,0,0,1,0,0,0,0,0,0,1,0,0,0,0,0,253,3,3,0A2A5,0,2,registered pipeline wait 2
integrated_1239,valid_complete,1239,0,0,1,0,0,0,0,0,1,0,1,1,0,0,0,253,3,3,0A2A5,0,3,locked test H4 trace decision 300; completion after N+3
integrated_1240,back_to_back_requests,1240,0,1,1,0,49151,62914,49151,16384,0,1,0,0,0,0,0,253,3,3,0A2A5,0,3,locked test H4 trace decision 301
integrated_1241,pipeline_wait,1241,0,0,1,0,0,0,0,0,0,1,0,0,0,0,0,253,3,3,0A2A5,0,3,registered pipeline wait 1
integrated_1242,pipeline_wait,1242,0,0,1,0,0,0,0,0,0,1,0,0,0,0,0,253,3,3,0A2A5,0,3,registered pipeline wait 2
integrated_1243,dwell_switch,1243,0,0,1,0,0,0,0,0,1,0,1,1,0,0,0,254,1,1,1B516,1,1,locked test H4 trace decision 301; completion after N+3
integrated_1244,back_to_back_requests,1244,0,1,1,0,49151,62914,49151,16384,0,1,0,0,0,0,0,254,1,1,1B516,0,1,locked test H4 trace decision 302
integrated_1245,pipeline_wait,1245,0,0,1,0,0,0,0,0,0,1,0,0,0,0,0,254,1,1,1B516,0,1,registered pipeline wait 1
integrated_1246,pipeline_wait,1246,0,0,1,0,0,0,0,0,0,1,0,0,0,0,0,254,1,1,1B516,0,1,registered pipeline wait 2
integrated_1247,valid_complete,1247,0,0,1,0,0,0,0,0,1,0,1,1,0,0,0,254,1,1,1B516,0,2,locked test H4 trace decision 302; completion after N+3
integrated_1248,back_to_back_requests,1248,0,1,1,0,49151,62914,49151,16384,0,1,0,0,0,0,0,254,1,1,1B516,0,2,locked test H4 trace decision 303
integrated_1249,pipeline_wait,1249,0,0,1,0,0,0,0,0,0,1,0,0,0,0,0,254,1,1,1B516,0,2,registered pipeline wait 1
integrated_1250,pipeline_wait,1250,0,0,1,0,0,0,0,0,0,1,0,0,0,0,0,254,1,1,1B516,0,2,registered pipeline wait 2
integrated_1251,valid_complete,1251,0,0,1,0,0,0,0,0,1,0,1,1,0,0,0,254,1,1,1B516,0,3,locked test H4 trace decision 303; completion after N+3
integrated_1252,back_to_back_requests,1252,0,1,1,0,49151,62914,49151,16384,0,1,0,0,0,0,0,254,1,1,1B516,0,3,locked test H4 trace decision 304
integrated_1253,pipeline_wait,1253,0,0,1,0,0,0,0,0,0,1,0,0,0,0,0,254,1,1,1B516,0,3,registered pipeline wait 1
integrated_1254,pipeline_wait,1254,0,0,1,0,0,0,0,0,0,1,0,0,0,0,0,254,1,1,1B516,0,3,registered pipeline wait 2
integrated_1255,valid_complete,1255,0,0,1,0,0,0,0,0,1,0,1,1,0,0,0,254,1,1,1B516,0,3,locked test H4 trace decision 304; completion after N+3
integrated_1256,back_to_back_requests,1256,0,1,1,0,49151,62914,49151,16384,0,1,0,0,0,0,0,254,1,1,1B516,0,3,locked test H4 trace decision 305
integrated_1257,pipeline_wait,1257,0,0,1,0,0,0,0,0,0,1,0,0,0,0,0,254,1,1,1B516,0,3,registered pipeline wait 1
integrated_1258,pipeline_wait,1258,0,0,1,0,0,0,0,0,0,1,0,0,0,0,0,254,1,1,1B516,0,3,registered pipeline wait 2
integrated_1259,valid_complete,1259,0,0,1,0,0,0,0,0,1,0,1,1,0,0,0,254,1,1,1B516,0,3,locked test H4 trace decision 305; completion after N+3
integrated_1260,back_to_back_requests,1260,0,1,1,0,49151,62914,49151,8192,0,1,0,0,0,0,0,254,1,1,1B516,0,3,locked test H4 trace decision 306
integrated_1261,pipeline_wait,1261,0,0,1,0,0,0,0,0,0,1,0,0,0,0,0,254,1,1,1B516,0,3,registered pipeline wait 1
integrated_1262,pipeline_wait,1262,0,0,1,0,0,0,0,0,0,1,0,0,0,0,0,254,1,1,1B516,0,3,registered pipeline wait 2
integrated_1263,dwell_switch,1263,0,0,1,0,0,0,0,0,1,0,1,1,0,0,0,253,3,3,0A2A5,1,1,locked test H4 trace decision 306; completion after N+3
integrated_1264,back_to_back_requests,1264,0,1,1,0,49151,62914,49151,0,0,1,0,0,0,0,0,253,3,3,0A2A5,0,1,locked test H4 trace decision 307
integrated_1265,pipeline_wait,1265,0,0,1,0,0,0,0,0,0,1,0,0,0,0,0,253,3,3,0A2A5,0,1,registered pipeline wait 1
integrated_1266,pipeline_wait,1266,0,0,1,0,0,0,0,0,0,1,0,0,0,0,0,253,3,3,0A2A5,0,1,registered pipeline wait 2
integrated_1267,dwell_hold,1267,0,0,1,0,0,0,0,0,1,0,1,1,0,0,0,252,0,3,0A2A5,0,2,locked test H4 trace decision 307; completion after N+3
integrated_1268,back_to_back_requests,1268,0,1,1,0,49151,62914,49151,8192,0,1,0,0,0,0,0,252,0,3,0A2A5,0,2,locked test H4 trace decision 308
integrated_1269,pipeline_wait,1269,0,0,1,0,0,0,0,0,0,1,0,0,0,0,0,252,0,3,0A2A5,0,2,registered pipeline wait 1
integrated_1270,pipeline_wait,1270,0,0,1,0,0,0,0,0,0,1,0,0,0,0,0,252,0,3,0A2A5,0,2,registered pipeline wait 2
integrated_1271,valid_complete,1271,0,0,1,0,0,0,0,0,1,0,1,1,0,0,0,253,3,3,0A2A5,0,3,locked test H4 trace decision 308; completion after N+3
integrated_1272,back_to_back_requests,1272,0,1,1,0,49151,62914,49151,8192,0,1,0,0,0,0,0,253,3,3,0A2A5,0,3,locked test H4 trace decision 309
integrated_1273,pipeline_wait,1273,0,0,1,0,0,0,0,0,0,1,0,0,0,0,0,253,3,3,0A2A5,0,3,registered pipeline wait 1
integrated_1274,pipeline_wait,1274,0,0,1,0,0,0,0,0,0,1,0,0,0,0,0,253,3,3,0A2A5,0,3,registered pipeline wait 2
integrated_1275,valid_complete,1275,0,0,1,0,0,0,0,0,1,0,1,1,0,0,0,253,3,3,0A2A5,0,3,locked test H4 trace decision 309; completion after N+3
integrated_1276,back_to_back_requests,1276,0,1,1,0,49151,62914,49151,16384,0,1,0,0,0,0,0,253,3,3,0A2A5,0,3,locked test H4 trace decision 310
integrated_1277,pipeline_wait,1277,0,0,1,0,0,0,0,0,0,1,0,0,0,0,0,253,3,3,0A2A5,0,3,registered pipeline wait 1
integrated_1278,pipeline_wait,1278,0,0,1,0,0,0,0,0,0,1,0,0,0,0,0,253,3,3,0A2A5,0,3,registered pipeline wait 2
integrated_1279,dwell_switch,1279,0,0,1,0,0,0,0,0,1,0,1,1,0,0,0,254,1,1,1B516,1,1,locked test H4 trace decision 310; completion after N+3
integrated_1280,back_to_back_requests,1280,0,1,1,0,49151,62914,49151,16384,0,1,0,0,0,0,0,254,1,1,1B516,0,1,locked test H4 trace decision 311
integrated_1281,pipeline_wait,1281,0,0,1,0,0,0,0,0,0,1,0,0,0,0,0,254,1,1,1B516,0,1,registered pipeline wait 1
integrated_1282,pipeline_wait,1282,0,0,1,0,0,0,0,0,0,1,0,0,0,0,0,254,1,1,1B516,0,1,registered pipeline wait 2
integrated_1283,valid_complete,1283,0,0,1,0,0,0,0,0,1,0,1,1,0,0,0,254,1,1,1B516,0,2,locked test H4 trace decision 311; completion after N+3
integrated_1284,back_to_back_requests,1284,0,1,1,0,49151,62914,49151,16384,0,1,0,0,0,0,0,254,1,1,1B516,0,2,locked test H4 trace decision 312
integrated_1285,pipeline_wait,1285,0,0,1,0,0,0,0,0,0,1,0,0,0,0,0,254,1,1,1B516,0,2,registered pipeline wait 1
integrated_1286,pipeline_wait,1286,0,0,1,0,0,0,0,0,0,1,0,0,0,0,0,254,1,1,1B516,0,2,registered pipeline wait 2
integrated_1287,valid_complete,1287,0,0,1,0,0,0,0,0,1,0,1,1,0,0,0,254,1,1,1B516,0,3,locked test H4 trace decision 312; completion after N+3
integrated_1288,back_to_back_requests,1288,0,1,1,0,49151,62914,49151,16384,0,1,0,0,0,0,0,254,1,1,1B516,0,3,locked test H4 trace decision 313
integrated_1289,pipeline_wait,1289,0,0,1,0,0,0,0,0,0,1,0,0,0,0,0,254,1,1,1B516,0,3,registered pipeline wait 1
integrated_1290,pipeline_wait,1290,0,0,1,0,0,0,0,0,0,1,0,0,0,0,0,254,1,1,1B516,0,3,registered pipeline wait 2
integrated_1291,valid_complete,1291,0,0,1,0,0,0,0,0,1,0,1,1,0,0,0,254,1,1,1B516,0,3,locked test H4 trace decision 313; completion after N+3
integrated_1292,back_to_back_requests,1292,0,1,1,0,49151,62914,49151,16384,0,1,0,0,0,0,0,254,1,1,1B516,0,3,locked test H4 trace decision 314
integrated_1293,pipeline_wait,1293,0,0,1,0,0,0,0,0,0,1,0,0,0,0,0,254,1,1,1B516,0,3,registered pipeline wait 1
integrated_1294,pipeline_wait,1294,0,0,1,0,0,0,0,0,0,1,0,0,0,0,0,254,1,1,1B516,0,3,registered pipeline wait 2
integrated_1295,valid_complete,1295,0,0,1,0,0,0,0,0,1,0,1,1,0,0,0,254,1,1,1B516,0,3,locked test H4 trace decision 314; completion after N+3
integrated_1296,back_to_back_requests,1296,0,1,1,0,49151,62914,49151,8192,0,1,0,0,0,0,0,254,1,1,1B516,0,3,locked test H4 trace decision 315
integrated_1297,pipeline_wait,1297,0,0,1,0,0,0,0,0,0,1,0,0,0,0,0,254,1,1,1B516,0,3,registered pipeline wait 1
integrated_1298,pipeline_wait,1298,0,0,1,0,0,0,0,0,0,1,0,0,0,0,0,254,1,1,1B516,0,3,registered pipeline wait 2
integrated_1299,dwell_switch,1299,0,0,1,0,0,0,0,0,1,0,1,1,0,0,0,253,3,3,0A2A5,1,1,locked test H4 trace decision 315; completion after N+3
integrated_1300,back_to_back_requests,1300,0,1,1,0,49151,62914,49151,8192,0,1,0,0,0,0,0,253,3,3,0A2A5,0,1,locked test H4 trace decision 316
integrated_1301,pipeline_wait,1301,0,0,1,0,0,0,0,0,0,1,0,0,0,0,0,253,3,3,0A2A5,0,1,registered pipeline wait 1
integrated_1302,pipeline_wait,1302,0,0,1,0,0,0,0,0,0,1,0,0,0,0,0,253,3,3,0A2A5,0,1,registered pipeline wait 2
integrated_1303,valid_complete,1303,0,0,1,0,0,0,0,0,1,0,1,1,0,0,0,253,3,3,0A2A5,0,2,locked test H4 trace decision 316; completion after N+3
integrated_1304,back_to_back_requests,1304,0,1,1,0,49151,62914,49151,16384,0,1,0,0,0,0,0,253,3,3,0A2A5,0,2,locked test H4 trace decision 317
integrated_1305,pipeline_wait,1305,0,0,1,0,0,0,0,0,0,1,0,0,0,0,0,253,3,3,0A2A5,0,2,registered pipeline wait 1
integrated_1306,pipeline_wait,1306,0,0,1,0,0,0,0,0,0,1,0,0,0,0,0,253,3,3,0A2A5,0,2,registered pipeline wait 2
integrated_1307,dwell_hold,1307,0,0,1,0,0,0,0,0,1,0,1,1,0,0,0,254,1,3,0A2A5,0,3,locked test H4 trace decision 317; completion after N+3
integrated_1308,back_to_back_requests,1308,0,1,1,0,49151,62914,49151,16384,0,1,0,0,0,0,0,254,1,3,0A2A5,0,3,locked test H4 trace decision 318
integrated_1309,pipeline_wait,1309,0,0,1,0,0,0,0,0,0,1,0,0,0,0,0,254,1,3,0A2A5,0,3,registered pipeline wait 1
integrated_1310,pipeline_wait,1310,0,0,1,0,0,0,0,0,0,1,0,0,0,0,0,254,1,3,0A2A5,0,3,registered pipeline wait 2
integrated_1311,dwell_switch,1311,0,0,1,0,0,0,0,0,1,0,1,1,0,0,0,254,1,1,1B516,1,1,locked test H4 trace decision 318; completion after N+3
integrated_1312,back_to_back_requests,1312,0,1,1,0,49151,62914,49151,8192,0,1,0,0,0,0,0,254,1,1,1B516,0,1,locked test H4 trace decision 319
integrated_1313,pipeline_wait,1313,0,0,1,0,0,0,0,0,0,1,0,0,0,0,0,254,1,1,1B516,0,1,registered pipeline wait 1
integrated_1314,pipeline_wait,1314,0,0,1,0,0,0,0,0,0,1,0,0,0,0,0,254,1,1,1B516,0,1,registered pipeline wait 2
integrated_1315,dwell_hold,1315,0,0,1,0,0,0,0,0,1,0,1,1,0,0,0,253,3,1,1B516,0,2,locked test H4 trace decision 319; completion after N+3
integrated_1316,back_to_back_requests,1316,0,1,1,0,49151,62914,0,32768,0,1,0,0,0,0,0,253,3,1,1B516,0,2,locked test H4 trace decision 320
integrated_1317,pipeline_wait,1317,0,0,1,0,0,0,0,0,0,1,0,0,0,0,0,253,3,1,1B516,0,2,registered pipeline wait 1
integrated_1318,pipeline_wait,1318,0,0,1,0,0,0,0,0,0,1,0,0,0,0,0,253,3,1,1B516,0,2,registered pipeline wait 2
integrated_1319,valid_complete,1319,0,0,1,0,0,0,0,0,1,0,1,1,0,0,0,243,1,1,1B516,0,3,locked test H4 trace decision 320; completion after N+3
integrated_1320,back_to_back_requests,1320,0,1,1,0,49151,60948,0,32768,0,1,0,0,0,0,0,243,1,1,1B516,0,3,locked test H4 trace decision 321
integrated_1321,pipeline_wait,1321,0,0,1,0,0,0,0,0,0,1,0,0,0,0,0,243,1,1,1B516,0,3,registered pipeline wait 1
integrated_1322,pipeline_wait,1322,0,0,1,0,0,0,0,0,0,1,0,0,0,0,0,243,1,1,1B516,0,3,registered pipeline wait 2
integrated_1323,valid_complete,1323,0,0,1,0,0,0,0,0,1,0,1,1,0,0,0,227,1,1,1B516,0,3,locked test H4 trace decision 321; completion after N+3
integrated_1324,back_to_back_requests,1324,0,1,1,0,49151,60948,49151,32768,0,1,0,0,0,0,0,227,1,1,1B516,0,3,locked test H4 trace decision 322
integrated_1325,pipeline_wait,1325,0,0,1,0,0,0,0,0,0,1,0,0,0,0,0,227,1,1,1B516,0,3,registered pipeline wait 1
integrated_1326,pipeline_wait,1326,0,0,1,0,0,0,0,0,0,1,0,0,0,0,0,227,1,1,1B516,0,3,registered pipeline wait 2
integrated_1327,valid_complete,1327,0,0,1,0,0,0,0,0,1,0,1,1,0,0,0,239,1,1,1B516,0,3,locked test H4 trace decision 322; completion after N+3
integrated_1328,back_to_back_requests,1328,0,1,1,0,49151,60948,49151,32768,0,1,0,0,0,0,0,239,1,1,1B516,0,3,locked test H4 trace decision 323
integrated_1329,pipeline_wait,1329,0,0,1,0,0,0,0,0,0,1,0,0,0,0,0,239,1,1,1B516,0,3,registered pipeline wait 1
integrated_1330,pipeline_wait,1330,0,0,1,0,0,0,0,0,0,1,0,0,0,0,0,239,1,1,1B516,0,3,registered pipeline wait 2
integrated_1331,valid_complete,1331,0,0,1,0,0,0,0,0,1,0,1,1,0,0,0,239,1,1,1B516,0,3,locked test H4 trace decision 323; completion after N+3
integrated_1332,back_to_back_requests,1332,0,1,1,0,49151,60948,32768,32768,0,1,0,0,0,0,0,239,1,1,1B516,0,3,locked test H4 trace decision 324
integrated_1333,pipeline_wait,1333,0,0,1,0,0,0,0,0,0,1,0,0,0,0,0,239,1,1,1B516,0,3,registered pipeline wait 1
integrated_1334,pipeline_wait,1334,0,0,1,0,0,0,0,0,0,1,0,0,0,0,0,239,1,1,1B516,0,3,registered pipeline wait 2
integrated_1335,dwell_switch,1335,0,0,1,0,0,0,0,0,1,0,1,1,0,0,0,235,3,3,0A2A5,1,1,locked test H4 trace decision 324; completion after N+3
integrated_1336,back_to_back_requests,1336,0,1,1,0,49151,60948,49151,32768,0,1,0,0,0,0,0,235,3,3,0A2A5,0,1,locked test H4 trace decision 325
integrated_1337,pipeline_wait,1337,0,0,1,0,0,0,0,0,0,1,0,0,0,0,0,235,3,3,0A2A5,0,1,registered pipeline wait 1
integrated_1338,pipeline_wait,1338,0,0,1,0,0,0,0,0,0,1,0,0,0,0,0,235,3,3,0A2A5,0,1,registered pipeline wait 2
integrated_1339,dwell_hold,1339,0,0,1,0,0,0,0,0,1,0,1,1,0,0,0,239,1,3,0A2A5,0,2,locked test H4 trace decision 325; completion after N+3
integrated_1340,back_to_back_requests,1340,0,1,1,0,49151,60948,32768,32768,0,1,0,0,0,0,0,239,1,3,0A2A5,0,2,locked test H4 trace decision 326
integrated_1341,pipeline_wait,1341,0,0,1,0,0,0,0,0,0,1,0,0,0,0,0,239,1,3,0A2A5,0,2,registered pipeline wait 1
integrated_1342,pipeline_wait,1342,0,0,1,0,0,0,0,0,0,1,0,0,0,0,0,239,1,3,0A2A5,0,2,registered pipeline wait 2
integrated_1343,valid_complete,1343,0,0,1,0,0,0,0,0,1,0,1,1,0,0,0,235,3,3,0A2A5,0,3,locked test H4 trace decision 326; completion after N+3
integrated_1344,back_to_back_requests,1344,0,1,1,0,49151,60948,16384,32768,0,1,0,0,0,0,0,235,3,3,0A2A5,0,3,locked test H4 trace decision 327
integrated_1345,pipeline_wait,1345,0,0,1,0,0,0,0,0,0,1,0,0,0,0,0,235,3,3,0A2A5,0,3,registered pipeline wait 1
integrated_1346,pipeline_wait,1346,0,0,1,0,0,0,0,0,0,1,0,0,0,0,0,235,3,3,0A2A5,0,3,registered pipeline wait 2
integrated_1347,dwell_switch,1347,0,0,1,0,0,0,0,0,1,0,1,1,0,0,0,231,1,1,1B516,1,1,locked test H4 trace decision 327; completion after N+3
integrated_1348,back_to_back_requests,1348,0,1,1,0,49151,60948,32768,32768,0,1,0,0,0,0,0,231,1,1,1B516,0,1,locked test H4 trace decision 328
integrated_1349,pipeline_wait,1349,0,0,1,0,0,0,0,0,0,1,0,0,0,0,0,231,1,1,1B516,0,1,registered pipeline wait 1
integrated_1350,pipeline_wait,1350,0,0,1,0,0,0,0,0,0,1,0,0,0,0,0,231,1,1,1B516,0,1,registered pipeline wait 2
integrated_1351,dwell_hold,1351,0,0,1,0,0,0,0,0,1,0,1,1,0,0,0,235,3,1,1B516,0,2,locked test H4 trace decision 328; completion after N+3
integrated_1352,back_to_back_requests,1352,0,1,1,0,49151,60948,0,32768,0,1,0,0,0,0,0,235,3,1,1B516,0,2,locked test H4 trace decision 329
integrated_1353,pipeline_wait,1353,0,0,1,0,0,0,0,0,0,1,0,0,0,0,0,235,3,1,1B516,0,2,registered pipeline wait 1
integrated_1354,pipeline_wait,1354,0,0,1,0,0,0,0,0,0,1,0,0,0,0,0,235,3,1,1B516,0,2,registered pipeline wait 2
integrated_1355,valid_complete,1355,0,0,1,0,0,0,0,0,1,0,1,1,0,0,0,227,1,1,1B516,0,3,locked test H4 trace decision 329; completion after N+3
integrated_1356,back_to_back_requests,1356,0,1,1,0,49151,60948,0,16384,0,1,0,0,0,0,0,227,1,1,1B516,0,3,locked test H4 trace decision 330
integrated_1357,pipeline_wait,1357,0,0,1,0,0,0,0,0,0,1,0,0,0,0,0,227,1,1,1B516,0,3,registered pipeline wait 1
integrated_1358,pipeline_wait,1358,0,0,1,0,0,0,0,0,0,1,0,0,0,0,0,227,1,1,1B516,0,3,registered pipeline wait 2
integrated_1359,dwell_switch,1359,0,0,1,0,0,0,0,0,1,0,1,1,0,0,0,226,3,3,0A2A5,1,1,locked test H4 trace decision 330; completion after N+3
integrated_1360,back_to_back_requests,1360,0,1,1,0,49151,60948,49151,32768,0,1,0,0,0,0,0,226,3,3,0A2A5,0,1,locked test H4 trace decision 331
integrated_1361,pipeline_wait,1361,0,0,1,0,0,0,0,0,0,1,0,0,0,0,0,226,3,3,0A2A5,0,1,registered pipeline wait 1
integrated_1362,pipeline_wait,1362,0,0,1,0,0,0,0,0,0,1,0,0,0,0,0,226,3,3,0A2A5,0,1,registered pipeline wait 2
integrated_1363,dwell_hold,1363,0,0,1,0,0,0,0,0,1,0,1,1,0,0,0,239,1,3,0A2A5,0,2,locked test H4 trace decision 331; completion after N+3
integrated_1364,back_to_back_requests,1364,0,1,1,0,49151,60948,0,32768,0,1,0,0,0,0,0,239,1,3,0A2A5,0,2,locked test H4 trace decision 332
integrated_1365,pipeline_wait,1365,0,0,1,0,0,0,0,0,0,1,0,0,0,0,0,239,1,3,0A2A5,0,2,registered pipeline wait 1
integrated_1366,pipeline_wait,1366,0,0,1,0,0,0,0,0,0,1,0,0,0,0,0,239,1,3,0A2A5,0,2,registered pipeline wait 2
integrated_1367,dwell_hold,1367,0,0,1,0,0,0,0,0,1,0,1,1,0,0,0,227,1,3,0A2A5,0,3,locked test H4 trace decision 332; completion after N+3
integrated_1368,back_to_back_requests,1368,0,1,1,0,49151,60948,32768,32768,0,1,0,0,0,0,0,227,1,3,0A2A5,0,3,locked test H4 trace decision 333
integrated_1369,pipeline_wait,1369,0,0,1,0,0,0,0,0,0,1,0,0,0,0,0,227,1,3,0A2A5,0,3,registered pipeline wait 1
integrated_1370,pipeline_wait,1370,0,0,1,0,0,0,0,0,0,1,0,0,0,0,0,227,1,3,0A2A5,0,3,registered pipeline wait 2
integrated_1371,valid_complete,1371,0,0,1,0,0,0,0,0,1,0,1,1,0,0,0,235,3,3,0A2A5,0,3,locked test H4 trace decision 333; completion after N+3
integrated_1372,back_to_back_requests,1372,0,1,1,0,49151,60948,32768,32768,0,1,0,0,0,0,0,235,3,3,0A2A5,0,3,locked test H4 trace decision 334
integrated_1373,pipeline_wait,1373,0,0,1,0,0,0,0,0,0,1,0,0,0,0,0,235,3,3,0A2A5,0,3,registered pipeline wait 1
integrated_1374,pipeline_wait,1374,0,0,1,0,0,0,0,0,0,1,0,0,0,0,0,235,3,3,0A2A5,0,3,registered pipeline wait 2
integrated_1375,valid_complete,1375,0,0,1,0,0,0,0,0,1,0,1,1,0,0,0,235,3,3,0A2A5,0,3,locked test H4 trace decision 334; completion after N+3
integrated_1376,back_to_back_requests,1376,0,1,1,0,49151,60948,49151,32768,0,1,0,0,0,0,0,235,3,3,0A2A5,0,3,locked test H4 trace decision 335
integrated_1377,pipeline_wait,1377,0,0,1,0,0,0,0,0,0,1,0,0,0,0,0,235,3,3,0A2A5,0,3,registered pipeline wait 1
integrated_1378,pipeline_wait,1378,0,0,1,0,0,0,0,0,0,1,0,0,0,0,0,235,3,3,0A2A5,0,3,registered pipeline wait 2
integrated_1379,dwell_switch,1379,0,0,1,0,0,0,0,0,1,0,1,1,0,0,0,239,1,1,1B516,1,1,locked test H4 trace decision 335; completion after N+3
integrated_1380,back_to_back_requests,1380,0,1,1,0,49151,60948,32768,32768,0,1,0,0,0,0,0,239,1,1,1B516,0,1,locked test H4 trace decision 336
integrated_1381,pipeline_wait,1381,0,0,1,0,0,0,0,0,0,1,0,0,0,0,0,239,1,1,1B516,0,1,registered pipeline wait 1
integrated_1382,pipeline_wait,1382,0,0,1,0,0,0,0,0,0,1,0,0,0,0,0,239,1,1,1B516,0,1,registered pipeline wait 2
integrated_1383,dwell_hold,1383,0,0,1,0,0,0,0,0,1,0,1,1,0,0,0,235,3,1,1B516,0,2,locked test H4 trace decision 336; completion after N+3
integrated_1384,back_to_back_requests,1384,0,1,1,0,49151,60948,49151,16384,0,1,0,0,0,0,0,235,3,1,1B516,0,2,locked test H4 trace decision 337
integrated_1385,pipeline_wait,1385,0,0,1,0,0,0,0,0,0,1,0,0,0,0,0,235,3,1,1B516,0,2,registered pipeline wait 1
integrated_1386,pipeline_wait,1386,0,0,1,0,0,0,0,0,0,1,0,0,0,0,0,235,3,1,1B516,0,2,registered pipeline wait 2
integrated_1387,valid_complete,1387,0,0,1,0,0,0,0,0,1,0,1,1,0,0,0,238,1,1,1B516,0,3,locked test H4 trace decision 337; completion after N+3
integrated_1388,back_to_back_requests,1388,0,1,1,0,49151,60948,0,16384,0,1,0,0,0,0,0,238,1,1,1B516,0,3,locked test H4 trace decision 338
integrated_1389,pipeline_wait,1389,0,0,1,0,0,0,0,0,0,1,0,0,0,0,0,238,1,1,1B516,0,3,registered pipeline wait 1
integrated_1390,pipeline_wait,1390,0,0,1,0,0,0,0,0,0,1,0,0,0,0,0,238,1,1,1B516,0,3,registered pipeline wait 2
integrated_1391,dwell_switch,1391,0,0,1,0,0,0,0,0,1,0,1,1,0,0,0,226,3,3,0A2A5,1,1,locked test H4 trace decision 338; completion after N+3
integrated_1392,back_to_back_requests,1392,0,1,1,0,49151,60948,0,16384,0,1,0,0,0,0,0,226,3,3,0A2A5,0,1,locked test H4 trace decision 339
integrated_1393,pipeline_wait,1393,0,0,1,0,0,0,0,0,0,1,0,0,0,0,0,226,3,3,0A2A5,0,1,registered pipeline wait 1
integrated_1394,pipeline_wait,1394,0,0,1,0,0,0,0,0,0,1,0,0,0,0,0,226,3,3,0A2A5,0,1,registered pipeline wait 2
integrated_1395,valid_complete,1395,0,0,1,0,0,0,0,0,1,0,1,1,0,0,0,226,3,3,0A2A5,0,2,locked test H4 trace decision 339; completion after N+3
integrated_1396,back_to_back_requests,1396,0,1,1,0,49151,60948,32768,16384,0,1,0,0,0,0,0,226,3,3,0A2A5,0,2,locked test H4 trace decision 340
integrated_1397,pipeline_wait,1397,0,0,1,0,0,0,0,0,0,1,0,0,0,0,0,226,3,3,0A2A5,0,2,registered pipeline wait 1
integrated_1398,pipeline_wait,1398,0,0,1,0,0,0,0,0,0,1,0,0,0,0,0,226,3,3,0A2A5,0,2,registered pipeline wait 2
integrated_1399,dwell_hold,1399,0,0,1,0,0,0,0,0,1,0,1,1,0,0,0,234,2,3,0A2A5,0,3,locked test H4 trace decision 340; completion after N+3
integrated_1400,back_to_back_requests,1400,0,1,1,0,49151,60948,32768,16384,0,1,0,0,0,0,0,234,2,3,0A2A5,0,3,locked test H4 trace decision 341
integrated_1401,pipeline_wait,1401,0,0,1,0,0,0,0,0,0,1,0,0,0,0,0,234,2,3,0A2A5,0,3,registered pipeline wait 1
integrated_1402,pipeline_wait,1402,0,0,1,0,0,0,0,0,0,1,0,0,0,0,0,234,2,3,0A2A5,0,3,registered pipeline wait 2
integrated_1403,dwell_switch,1403,0,0,1,0,0,0,0,0,1,0,1,1,0,0,0,234,2,2,14399,1,1,locked test H4 trace decision 341; completion after N+3
integrated_1404,back_to_back_requests,1404,0,1,1,0,49151,60948,49151,16384,0,1,0,0,0,0,0,234,2,2,14399,0,1,locked test H4 trace decision 342
integrated_1405,pipeline_wait,1405,0,0,1,0,0,0,0,0,0,1,0,0,0,0,0,234,2,2,14399,0,1,registered pipeline wait 1
integrated_1406,pipeline_wait,1406,0,0,1,0,0,0,0,0,0,1,0,0,0,0,0,234,2,2,14399,0,1,registered pipeline wait 2
integrated_1407,dwell_hold,1407,0,0,1,0,0,0,0,0,1,0,1,1,0,0,0,238,1,2,14399,0,2,locked test H4 trace decision 342; completion after N+3
integrated_1408,back_to_back_requests,1408,0,1,1,0,49151,60948,16384,16384,0,1,0,0,0,0,0,238,1,2,14399,0,2,locked test H4 trace decision 343
integrated_1409,pipeline_wait,1409,0,0,1,0,0,0,0,0,0,1,0,0,0,0,0,238,1,2,14399,0,2,registered pipeline wait 1
integrated_1410,pipeline_wait,1410,0,0,1,0,0,0,0,0,0,1,0,0,0,0,0,238,1,2,14399,0,2,registered pipeline wait 2
integrated_1411,valid_complete,1411,0,0,1,0,0,0,0,0,1,0,1,1,0,0,0,230,2,2,14399,0,3,locked test H4 trace decision 343; completion after N+3
integrated_1412,back_to_back_requests,1412,0,1,1,0,49151,60948,49151,16384,0,1,0,0,0,0,0,230,2,2,14399,0,3,locked test H4 trace decision 344
integrated_1413,pipeline_wait,1413,0,0,1,0,0,0,0,0,0,1,0,0,0,0,0,230,2,2,14399,0,3,registered pipeline wait 1
integrated_1414,pipeline_wait,1414,0,0,1,0,0,0,0,0,0,1,0,0,0,0,0,230,2,2,14399,0,3,registered pipeline wait 2
integrated_1415,dwell_switch,1415,0,0,1,0,0,0,0,0,1,0,1,1,0,0,0,238,1,1,1B516,1,1,locked test H4 trace decision 344; completion after N+3
integrated_1416,back_to_back_requests,1416,0,1,1,0,49151,60948,0,16384,0,1,0,0,0,0,0,238,1,1,1B516,0,1,locked test H4 trace decision 345
integrated_1417,pipeline_wait,1417,0,0,1,0,0,0,0,0,0,1,0,0,0,0,0,238,1,1,1B516,0,1,registered pipeline wait 1
integrated_1418,pipeline_wait,1418,0,0,1,0,0,0,0,0,0,1,0,0,0,0,0,238,1,1,1B516,0,1,registered pipeline wait 2
integrated_1419,dwell_hold,1419,0,0,1,0,0,0,0,0,1,0,1,1,0,0,0,226,3,1,1B516,0,2,locked test H4 trace decision 345; completion after N+3
integrated_1420,back_to_back_requests,1420,0,1,1,0,49151,60948,0,16384,0,1,0,0,0,0,0,226,3,1,1B516,0,2,locked test H4 trace decision 346
integrated_1421,pipeline_wait,1421,0,0,1,0,0,0,0,0,0,1,0,0,0,0,0,226,3,1,1B516,0,2,registered pipeline wait 1
integrated_1422,pipeline_wait,1422,0,0,1,0,0,0,0,0,0,1,0,0,0,0,0,226,3,1,1B516,0,2,registered pipeline wait 2
integrated_1423,dwell_hold,1423,0,0,1,0,0,0,0,0,1,0,1,1,0,0,0,226,3,1,1B516,0,3,locked test H4 trace decision 346; completion after N+3
integrated_1424,back_to_back_requests,1424,0,1,1,0,49151,60948,32768,16384,0,1,0,0,0,0,0,226,3,1,1B516,0,3,locked test H4 trace decision 347
integrated_1425,pipeline_wait,1425,0,0,1,0,0,0,0,0,0,1,0,0,0,0,0,226,3,1,1B516,0,3,registered pipeline wait 1
integrated_1426,pipeline_wait,1426,0,0,1,0,0,0,0,0,0,1,0,0,0,0,0,226,3,1,1B516,0,3,registered pipeline wait 2
integrated_1427,dwell_switch,1427,0,0,1,0,0,0,0,0,1,0,1,1,0,0,0,234,2,2,14399,1,1,locked test H4 trace decision 347; completion after N+3
integrated_1428,back_to_back_requests,1428,0,1,1,0,49151,60948,49151,16384,0,1,0,0,0,0,0,234,2,2,14399,0,1,locked test H4 trace decision 348
integrated_1429,pipeline_wait,1429,0,0,1,0,0,0,0,0,0,1,0,0,0,0,0,234,2,2,14399,0,1,registered pipeline wait 1
integrated_1430,pipeline_wait,1430,0,0,1,0,0,0,0,0,0,1,0,0,0,0,0,234,2,2,14399,0,1,registered pipeline wait 2
integrated_1431,dwell_hold,1431,0,0,1,0,0,0,0,0,1,0,1,1,0,0,0,238,1,2,14399,0,2,locked test H4 trace decision 348; completion after N+3
integrated_1432,back_to_back_requests,1432,0,1,1,0,49151,60948,49151,16384,0,1,0,0,0,0,0,238,1,2,14399,0,2,locked test H4 trace decision 349
integrated_1433,pipeline_wait,1433,0,0,1,0,0,0,0,0,0,1,0,0,0,0,0,238,1,2,14399,0,2,registered pipeline wait 1
integrated_1434,pipeline_wait,1434,0,0,1,0,0,0,0,0,0,1,0,0,0,0,0,238,1,2,14399,0,2,registered pipeline wait 2
integrated_1435,dwell_hold,1435,0,0,1,0,0,0,0,0,1,0,1,1,0,0,0,238,1,2,14399,0,3,locked test H4 trace decision 349; completion after N+3
integrated_1436,back_to_back_requests,1436,0,1,1,0,49151,60948,32768,16384,0,1,0,0,0,0,0,238,1,2,14399,0,3,locked test H4 trace decision 350
integrated_1437,pipeline_wait,1437,0,0,1,0,0,0,0,0,0,1,0,0,0,0,0,238,1,2,14399,0,3,registered pipeline wait 1
integrated_1438,pipeline_wait,1438,0,0,1,0,0,0,0,0,0,1,0,0,0,0,0,238,1,2,14399,0,3,registered pipeline wait 2
integrated_1439,valid_complete,1439,0,0,1,0,0,0,0,0,1,0,1,1,0,0,0,234,2,2,14399,0,3,locked test H4 trace decision 350; completion after N+3
integrated_1440,back_to_back_requests,1440,0,1,1,0,49151,60948,0,16384,0,1,0,0,0,0,0,234,2,2,14399,0,3,locked test H4 trace decision 351
integrated_1441,pipeline_wait,1441,0,0,1,0,0,0,0,0,0,1,0,0,0,0,0,234,2,2,14399,0,3,registered pipeline wait 1
integrated_1442,pipeline_wait,1442,0,0,1,0,0,0,0,0,0,1,0,0,0,0,0,234,2,2,14399,0,3,registered pipeline wait 2
integrated_1443,dwell_switch,1443,0,0,1,0,0,0,0,0,1,0,1,1,0,0,0,226,3,3,0A2A5,1,1,locked test H4 trace decision 351; completion after N+3
integrated_1444,back_to_back_requests,1444,0,1,1,0,49151,60948,0,32768,0,1,0,0,0,0,0,226,3,3,0A2A5,0,1,locked test H4 trace decision 352
integrated_1445,pipeline_wait,1445,0,0,1,0,0,0,0,0,0,1,0,0,0,0,0,226,3,3,0A2A5,0,1,registered pipeline wait 1
integrated_1446,pipeline_wait,1446,0,0,1,0,0,0,0,0,0,1,0,0,0,0,0,226,3,3,0A2A5,0,1,registered pipeline wait 2
integrated_1447,dwell_hold,1447,0,0,1,0,0,0,0,0,1,0,1,1,0,0,0,227,1,3,0A2A5,0,2,locked test H4 trace decision 352; completion after N+3
integrated_1448,back_to_back_requests,1448,0,1,1,0,49151,60948,49151,32768,0,1,0,0,0,0,0,227,1,3,0A2A5,0,2,locked test H4 trace decision 353
integrated_1449,pipeline_wait,1449,0,0,1,0,0,0,0,0,0,1,0,0,0,0,0,227,1,3,0A2A5,0,2,registered pipeline wait 1
integrated_1450,pipeline_wait,1450,0,0,1,0,0,0,0,0,0,1,0,0,0,0,0,227,1,3,0A2A5,0,2,registered pipeline wait 2
integrated_1451,dwell_hold,1451,0,0,1,0,0,0,0,0,1,0,1,1,0,0,0,239,1,3,0A2A5,0,3,locked test H4 trace decision 353; completion after N+3
integrated_1452,back_to_back_requests,1452,0,1,1,0,49151,60948,49151,32768,0,1,0,0,0,0,0,239,1,3,0A2A5,0,3,locked test H4 trace decision 354
integrated_1453,pipeline_wait,1453,0,0,1,0,0,0,0,0,0,1,0,0,0,0,0,239,1,3,0A2A5,0,3,registered pipeline wait 1
integrated_1454,pipeline_wait,1454,0,0,1,0,0,0,0,0,0,1,0,0,0,0,0,239,1,3,0A2A5,0,3,registered pipeline wait 2
integrated_1455,dwell_switch,1455,0,0,1,0,0,0,0,0,1,0,1,1,0,0,0,239,1,1,1B516,1,1,locked test H4 trace decision 354; completion after N+3
integrated_1456,back_to_back_requests,1456,0,1,1,0,49151,60948,49151,32768,0,1,0,0,0,0,0,239,1,1,1B516,0,1,locked test H4 trace decision 355
integrated_1457,pipeline_wait,1457,0,0,1,0,0,0,0,0,0,1,0,0,0,0,0,239,1,1,1B516,0,1,registered pipeline wait 1
integrated_1458,pipeline_wait,1458,0,0,1,0,0,0,0,0,0,1,0,0,0,0,0,239,1,1,1B516,0,1,registered pipeline wait 2
integrated_1459,valid_complete,1459,0,0,1,0,0,0,0,0,1,0,1,1,0,0,0,239,1,1,1B516,0,2,locked test H4 trace decision 355; completion after N+3
integrated_1460,back_to_back_requests,1460,0,1,1,0,49151,60948,32768,32768,0,1,0,0,0,0,0,239,1,1,1B516,0,2,locked test H4 trace decision 356
integrated_1461,pipeline_wait,1461,0,0,1,0,0,0,0,0,0,1,0,0,0,0,0,239,1,1,1B516,0,2,registered pipeline wait 1
integrated_1462,pipeline_wait,1462,0,0,1,0,0,0,0,0,0,1,0,0,0,0,0,239,1,1,1B516,0,2,registered pipeline wait 2
integrated_1463,dwell_hold,1463,0,0,1,0,0,0,0,0,1,0,1,1,0,0,0,235,3,1,1B516,0,3,locked test H4 trace decision 356; completion after N+3
integrated_1464,back_to_back_requests,1464,0,1,1,0,49151,60948,49151,32768,0,1,0,0,0,0,0,235,3,1,1B516,0,3,locked test H4 trace decision 357
integrated_1465,pipeline_wait,1465,0,0,1,0,0,0,0,0,0,1,0,0,0,0,0,235,3,1,1B516,0,3,registered pipeline wait 1
integrated_1466,pipeline_wait,1466,0,0,1,0,0,0,0,0,0,1,0,0,0,0,0,235,3,1,1B516,0,3,registered pipeline wait 2
integrated_1467,valid_complete,1467,0,0,1,0,0,0,0,0,1,0,1,1,0,0,0,239,1,1,1B516,0,3,locked test H4 trace decision 357; completion after N+3
integrated_1468,back_to_back_requests,1468,0,1,1,0,49151,60948,49151,32768,0,1,0,0,0,0,0,239,1,1,1B516,0,3,locked test H4 trace decision 358
integrated_1469,pipeline_wait,1469,0,0,1,0,0,0,0,0,0,1,0,0,0,0,0,239,1,1,1B516,0,3,registered pipeline wait 1
integrated_1470,pipeline_wait,1470,0,0,1,0,0,0,0,0,0,1,0,0,0,0,0,239,1,1,1B516,0,3,registered pipeline wait 2
integrated_1471,valid_complete,1471,0,0,1,0,0,0,0,0,1,0,1,1,0,0,0,239,1,1,1B516,0,3,locked test H4 trace decision 358; completion after N+3
integrated_1472,back_to_back_requests,1472,0,1,1,0,49151,60948,49151,16384,0,1,0,0,0,0,0,239,1,1,1B516,0,3,locked test H4 trace decision 359
integrated_1473,pipeline_wait,1473,0,0,1,0,0,0,0,0,0,1,0,0,0,0,0,239,1,1,1B516,0,3,registered pipeline wait 1
integrated_1474,pipeline_wait,1474,0,0,1,0,0,0,0,0,0,1,0,0,0,0,0,239,1,1,1B516,0,3,registered pipeline wait 2
integrated_1475,valid_complete,1475,0,0,1,0,0,0,0,0,1,0,1,1,0,0,0,238,1,1,1B516,0,3,locked test H4 trace decision 359; completion after N+3
integrated_1476,back_to_back_requests,1476,0,1,1,0,49151,60948,16384,16384,0,1,0,0,0,0,0,238,1,1,1B516,0,3,locked test H4 trace decision 360
integrated_1477,pipeline_wait,1477,0,0,1,0,0,0,0,0,0,1,0,0,0,0,0,238,1,1,1B516,0,3,registered pipeline wait 1
integrated_1478,pipeline_wait,1478,0,0,1,0,0,0,0,0,0,1,0,0,0,0,0,238,1,1,1B516,0,3,registered pipeline wait 2
integrated_1479,dwell_switch,1479,0,0,1,0,0,0,0,0,1,0,1,1,0,0,0,230,2,2,14399,1,1,locked test H4 trace decision 360; completion after N+3
integrated_1480,back_to_back_requests,1480,0,1,1,0,49151,60948,16384,16384,0,1,0,0,0,0,0,230,2,2,14399,0,1,locked test H4 trace decision 361
integrated_1481,pipeline_wait,1481,0,0,1,0,0,0,0,0,0,1,0,0,0,0,0,230,2,2,14399,0,1,registered pipeline wait 1
integrated_1482,pipeline_wait,1482,0,0,1,0,0,0,0,0,0,1,0,0,0,0,0,230,2,2,14399,0,1,registered pipeline wait 2
integrated_1483,valid_complete,1483,0,0,1,0,0,0,0,0,1,0,1,1,0,0,0,230,2,2,14399,0,2,locked test H4 trace decision 361; completion after N+3
integrated_1484,back_to_back_requests,1484,0,1,1,0,49151,60948,32768,16384,0,1,0,0,0,0,0,230,2,2,14399,0,2,locked test H4 trace decision 362
integrated_1485,pipeline_wait,1485,0,0,1,0,0,0,0,0,0,1,0,0,0,0,0,230,2,2,14399,0,2,registered pipeline wait 1
integrated_1486,pipeline_wait,1486,0,0,1,0,0,0,0,0,0,1,0,0,0,0,0,230,2,2,14399,0,2,registered pipeline wait 2
integrated_1487,valid_complete,1487,0,0,1,0,0,0,0,0,1,0,1,1,0,0,0,234,2,2,14399,0,3,locked test H4 trace decision 362; completion after N+3
integrated_1488,back_to_back_requests,1488,0,1,1,0,49151,60948,0,16384,0,1,0,0,0,0,0,234,2,2,14399,0,3,locked test H4 trace decision 363
integrated_1489,pipeline_wait,1489,0,0,1,0,0,0,0,0,0,1,0,0,0,0,0,234,2,2,14399,0,3,registered pipeline wait 1
integrated_1490,pipeline_wait,1490,0,0,1,0,0,0,0,0,0,1,0,0,0,0,0,234,2,2,14399,0,3,registered pipeline wait 2
integrated_1491,dwell_switch,1491,0,0,1,0,0,0,0,0,1,0,1,1,0,0,0,226,3,3,0A2A5,1,1,locked test H4 trace decision 363; completion after N+3
integrated_1492,back_to_back_requests,1492,0,1,1,0,49151,60948,0,32768,0,1,0,0,0,0,0,226,3,3,0A2A5,0,1,locked test H4 trace decision 364
integrated_1493,pipeline_wait,1493,0,0,1,0,0,0,0,0,0,1,0,0,0,0,0,226,3,3,0A2A5,0,1,registered pipeline wait 1
integrated_1494,pipeline_wait,1494,0,0,1,0,0,0,0,0,0,1,0,0,0,0,0,226,3,3,0A2A5,0,1,registered pipeline wait 2
integrated_1495,dwell_hold,1495,0,0,1,0,0,0,0,0,1,0,1,1,0,0,0,227,1,3,0A2A5,0,2,locked test H4 trace decision 364; completion after N+3
integrated_1496,back_to_back_requests,1496,0,1,1,0,49151,60948,32768,32768,0,1,0,0,0,0,0,227,1,3,0A2A5,0,2,locked test H4 trace decision 365
integrated_1497,pipeline_wait,1497,0,0,1,0,0,0,0,0,0,1,0,0,0,0,0,227,1,3,0A2A5,0,2,registered pipeline wait 1
integrated_1498,pipeline_wait,1498,0,0,1,0,0,0,0,0,0,1,0,0,0,0,0,227,1,3,0A2A5,0,2,registered pipeline wait 2
integrated_1499,valid_complete,1499,0,0,1,0,0,0,0,0,1,0,1,1,0,0,0,235,3,3,0A2A5,0,3,locked test H4 trace decision 365; completion after N+3
integrated_1500,back_to_back_requests,1500,0,1,1,0,49151,60948,32768,32768,0,1,0,0,0,0,0,235,3,3,0A2A5,0,3,locked test H4 trace decision 366
integrated_1501,pipeline_wait,1501,0,0,1,0,0,0,0,0,0,1,0,0,0,0,0,235,3,3,0A2A5,0,3,registered pipeline wait 1
integrated_1502,pipeline_wait,1502,0,0,1,0,0,0,0,0,0,1,0,0,0,0,0,235,3,3,0A2A5,0,3,registered pipeline wait 2
integrated_1503,valid_complete,1503,0,0,1,0,0,0,0,0,1,0,1,1,0,0,0,235,3,3,0A2A5,0,3,locked test H4 trace decision 366; completion after N+3
integrated_1504,back_to_back_requests,1504,0,1,1,0,49151,60948,16384,32768,0,1,0,0,0,0,0,235,3,3,0A2A5,0,3,locked test H4 trace decision 367
integrated_1505,pipeline_wait,1505,0,0,1,0,0,0,0,0,0,1,0,0,0,0,0,235,3,3,0A2A5,0,3,registered pipeline wait 1
integrated_1506,pipeline_wait,1506,0,0,1,0,0,0,0,0,0,1,0,0,0,0,0,235,3,3,0A2A5,0,3,registered pipeline wait 2
integrated_1507,dwell_switch,1507,0,0,1,0,0,0,0,0,1,0,1,1,0,0,0,231,1,1,1B516,1,1,locked test H4 trace decision 367; completion after N+3
integrated_1508,back_to_back_requests,1508,0,1,1,0,49151,60948,32768,32768,0,1,0,0,0,0,0,231,1,1,1B516,0,1,locked test H4 trace decision 368
integrated_1509,pipeline_wait,1509,0,0,1,0,0,0,0,0,0,1,0,0,0,0,0,231,1,1,1B516,0,1,registered pipeline wait 1
integrated_1510,pipeline_wait,1510,0,0,1,0,0,0,0,0,0,1,0,0,0,0,0,231,1,1,1B516,0,1,registered pipeline wait 2
integrated_1511,dwell_hold,1511,0,0,1,0,0,0,0,0,1,0,1,1,0,0,0,235,3,1,1B516,0,2,locked test H4 trace decision 368; completion after N+3
integrated_1512,back_to_back_requests,1512,0,1,1,0,49151,60948,49151,32768,0,1,0,0,0,0,0,235,3,1,1B516,0,2,locked test H4 trace decision 369
integrated_1513,pipeline_wait,1513,0,0,1,0,0,0,0,0,0,1,0,0,0,0,0,235,3,1,1B516,0,2,registered pipeline wait 1
integrated_1514,pipeline_wait,1514,0,0,1,0,0,0,0,0,0,1,0,0,0,0,0,235,3,1,1B516,0,2,registered pipeline wait 2
integrated_1515,valid_complete,1515,0,0,1,0,0,0,0,0,1,0,1,1,0,0,0,239,1,1,1B516,0,3,locked test H4 trace decision 369; completion after N+3
integrated_1516,back_to_back_requests,1516,0,1,1,0,49151,60948,32768,16384,0,1,0,0,0,0,0,239,1,1,1B516,0,3,locked test H4 trace decision 370
integrated_1517,pipeline_wait,1517,0,0,1,0,0,0,0,0,0,1,0,0,0,0,0,239,1,1,1B516,0,3,registered pipeline wait 1
integrated_1518,pipeline_wait,1518,0,0,1,0,0,0,0,0,0,1,0,0,0,0,0,239,1,1,1B516,0,3,registered pipeline wait 2
integrated_1519,dwell_switch,1519,0,0,1,0,0,0,0,0,1,0,1,1,0,0,0,234,2,2,14399,1,1,locked test H4 trace decision 370; completion after N+3
integrated_1520,back_to_back_requests,1520,0,1,1,0,49151,60948,16384,16384,0,1,0,0,0,0,0,234,2,2,14399,0,1,locked test H4 trace decision 371
integrated_1521,pipeline_wait,1521,0,0,1,0,0,0,0,0,0,1,0,0,0,0,0,234,2,2,14399,0,1,registered pipeline wait 1
integrated_1522,pipeline_wait,1522,0,0,1,0,0,0,0,0,0,1,0,0,0,0,0,234,2,2,14399,0,1,registered pipeline wait 2
integrated_1523,valid_complete,1523,0,0,1,0,0,0,0,0,1,0,1,1,0,0,0,230,2,2,14399,0,2,locked test H4 trace decision 371; completion after N+3
integrated_1524,back_to_back_requests,1524,0,1,1,0,49151,60948,49151,16384,0,1,0,0,0,0,0,230,2,2,14399,0,2,locked test H4 trace decision 372
integrated_1525,pipeline_wait,1525,0,0,1,0,0,0,0,0,0,1,0,0,0,0,0,230,2,2,14399,0,2,registered pipeline wait 1
integrated_1526,pipeline_wait,1526,0,0,1,0,0,0,0,0,0,1,0,0,0,0,0,230,2,2,14399,0,2,registered pipeline wait 2
integrated_1527,dwell_hold,1527,0,0,1,0,0,0,0,0,1,0,1,1,0,0,0,238,1,2,14399,0,3,locked test H4 trace decision 372; completion after N+3
integrated_1528,back_to_back_requests,1528,0,1,1,0,49151,60948,49151,16384,0,1,0,0,0,0,0,238,1,2,14399,0,3,locked test H4 trace decision 373
integrated_1529,pipeline_wait,1529,0,0,1,0,0,0,0,0,0,1,0,0,0,0,0,238,1,2,14399,0,3,registered pipeline wait 1
integrated_1530,pipeline_wait,1530,0,0,1,0,0,0,0,0,0,1,0,0,0,0,0,238,1,2,14399,0,3,registered pipeline wait 2
integrated_1531,dwell_switch,1531,0,0,1,0,0,0,0,0,1,0,1,1,0,0,0,238,1,1,1B516,1,1,locked test H4 trace decision 373; completion after N+3
integrated_1532,back_to_back_requests,1532,0,1,1,0,49151,60948,32768,16384,0,1,0,0,0,0,0,238,1,1,1B516,0,1,locked test H4 trace decision 374
integrated_1533,pipeline_wait,1533,0,0,1,0,0,0,0,0,0,1,0,0,0,0,0,238,1,1,1B516,0,1,registered pipeline wait 1
integrated_1534,pipeline_wait,1534,0,0,1,0,0,0,0,0,0,1,0,0,0,0,0,238,1,1,1B516,0,1,registered pipeline wait 2
integrated_1535,dwell_hold,1535,0,0,1,0,0,0,0,0,1,0,1,1,0,0,0,234,2,1,1B516,0,2,locked test H4 trace decision 374; completion after N+3
integrated_1536,back_to_back_requests,1536,0,1,1,0,49151,60948,49151,8192,0,1,0,0,0,0,0,234,2,1,1B516,0,2,locked test H4 trace decision 375
integrated_1537,pipeline_wait,1537,0,0,1,0,0,0,0,0,0,1,0,0,0,0,0,234,2,1,1B516,0,2,registered pipeline wait 1
integrated_1538,pipeline_wait,1538,0,0,1,0,0,0,0,0,0,1,0,0,0,0,0,234,2,1,1B516,0,2,registered pipeline wait 2
integrated_1539,dwell_hold,1539,0,0,1,0,0,0,0,0,1,0,1,1,0,0,0,237,0,1,1B516,0,3,locked test H4 trace decision 375; completion after N+3
integrated_1540,back_to_back_requests,1540,0,1,1,0,49151,60948,16384,8192,0,1,0,0,0,0,0,237,0,1,1B516,0,3,locked test H4 trace decision 376
integrated_1541,pipeline_wait,1541,0,0,1,0,0,0,0,0,0,1,0,0,0,0,0,237,0,1,1B516,0,3,registered pipeline wait 1
integrated_1542,pipeline_wait,1542,0,0,1,0,0,0,0,0,0,1,0,0,0,0,0,237,0,1,1B516,0,3,registered pipeline wait 2
integrated_1543,dwell_switch,1543,0,0,1,0,0,0,0,0,1,0,1,1,0,0,0,229,0,0,13329,1,1,locked test H4 trace decision 376; completion after N+3
integrated_1544,back_to_back_requests,1544,0,1,1,0,49151,60948,0,16384,0,1,0,0,0,0,0,229,0,0,13329,0,1,locked test H4 trace decision 377
integrated_1545,pipeline_wait,1545,0,0,1,0,0,0,0,0,0,1,0,0,0,0,0,229,0,0,13329,0,1,registered pipeline wait 1
integrated_1546,pipeline_wait,1546,0,0,1,0,0,0,0,0,0,1,0,0,0,0,0,229,0,0,13329,0,1,registered pipeline wait 2
integrated_1547,dwell_hold,1547,0,0,1,0,0,0,0,0,1,0,1,1,0,0,0,226,3,0,13329,0,2,locked test H4 trace decision 377; completion after N+3
integrated_1548,back_to_back_requests,1548,0,1,1,0,49151,60948,49151,16384,0,1,0,0,0,0,0,226,3,0,13329,0,2,locked test H4 trace decision 378
integrated_1549,pipeline_wait,1549,0,0,1,0,0,0,0,0,0,1,0,0,0,0,0,226,3,0,13329,0,2,registered pipeline wait 1
integrated_1550,pipeline_wait,1550,0,0,1,0,0,0,0,0,0,1,0,0,0,0,0,226,3,0,13329,0,2,registered pipeline wait 2
integrated_1551,dwell_hold,1551,0,0,1,0,0,0,0,0,1,0,1,1,0,0,0,238,1,0,13329,0,3,locked test H4 trace decision 378; completion after N+3
integrated_1552,back_to_back_requests,1552,0,1,1,0,49151,60948,49151,16384,0,1,0,0,0,0,0,238,1,0,13329,0,3,locked test H4 trace decision 379
integrated_1553,pipeline_wait,1553,0,0,1,0,0,0,0,0,0,1,0,0,0,0,0,238,1,0,13329,0,3,registered pipeline wait 1
integrated_1554,pipeline_wait,1554,0,0,1,0,0,0,0,0,0,1,0,0,0,0,0,238,1,0,13329,0,3,registered pipeline wait 2
integrated_1555,dwell_switch,1555,0,0,1,0,0,0,0,0,1,0,1,1,0,0,0,238,1,1,1B516,1,1,locked test H4 trace decision 379; completion after N+3
integrated_1556,back_to_back_requests,1556,0,1,1,0,49151,60948,0,8192,0,1,0,0,0,0,0,238,1,1,1B516,0,1,locked test H4 trace decision 380
integrated_1557,pipeline_wait,1557,0,0,1,0,0,0,0,0,0,1,0,0,0,0,0,238,1,1,1B516,0,1,registered pipeline wait 1
integrated_1558,pipeline_wait,1558,0,0,1,0,0,0,0,0,0,1,0,0,0,0,0,238,1,1,1B516,0,1,registered pipeline wait 2
integrated_1559,dwell_hold,1559,0,0,1,0,0,0,0,0,1,0,1,1,0,0,0,225,3,1,1B516,0,2,locked test H4 trace decision 380; completion after N+3
integrated_1560,back_to_back_requests,1560,0,1,1,0,49151,60948,32768,0,0,1,0,0,0,0,0,225,3,1,1B516,0,2,locked test H4 trace decision 381
integrated_1561,pipeline_wait,1561,0,0,1,0,0,0,0,0,0,1,0,0,0,0,0,225,3,1,1B516,0,2,registered pipeline wait 1
integrated_1562,pipeline_wait,1562,0,0,1,0,0,0,0,0,0,1,0,0,0,0,0,225,3,1,1B516,0,2,registered pipeline wait 2
integrated_1563,dwell_hold,1563,0,0,1,0,0,0,0,0,1,0,1,1,0,0,0,232,0,1,1B516,0,3,locked test H4 trace decision 381; completion after N+3
integrated_1564,back_to_back_requests,1564,0,1,1,0,49151,60948,16384,0,0,1,0,0,0,0,0,232,0,1,1B516,0,3,locked test H4 trace decision 382
integrated_1565,pipeline_wait,1565,0,0,1,0,0,0,0,0,0,1,0,0,0,0,0,232,0,1,1B516,0,3,registered pipeline wait 1
integrated_1566,pipeline_wait,1566,0,0,1,0,0,0,0,0,0,1,0,0,0,0,0,232,0,1,1B516,0,3,registered pipeline wait 2
integrated_1567,dwell_switch,1567,0,0,1,0,0,0,0,0,1,0,1,1,0,0,0,228,0,0,13329,1,1,locked test H4 trace decision 382; completion after N+3
integrated_1568,back_to_back_requests,1568,0,1,1,0,49151,60948,16384,0,0,1,0,0,0,0,0,228,0,0,13329,0,1,locked test H4 trace decision 383
integrated_1569,pipeline_wait,1569,0,0,1,0,0,0,0,0,0,1,0,0,0,0,0,228,0,0,13329,0,1,registered pipeline wait 1
integrated_1570,pipeline_wait,1570,0,0,1,0,0,0,0,0,0,1,0,0,0,0,0,228,0,0,13329,0,1,registered pipeline wait 2
integrated_1571,valid_complete,1571,0,0,1,0,0,0,0,0,1,0,1,1,0,0,0,228,0,0,13329,0,2,locked test H4 trace decision 383; completion after N+3
integrated_1572,back_to_back_requests,1572,0,1,1,0,49151,60948,32768,8192,0,1,0,0,0,0,0,228,0,0,13329,0,2,locked test H4 trace decision 384
integrated_1573,pipeline_wait,1573,0,0,1,0,0,0,0,0,0,1,0,0,0,0,0,228,0,0,13329,0,2,registered pipeline wait 1
integrated_1574,pipeline_wait,1574,0,0,1,0,0,0,0,0,0,1,0,0,0,0,0,228,0,0,13329,0,2,registered pipeline wait 2
integrated_1575,valid_complete,1575,0,0,1,0,0,0,0,0,1,0,1,1,0,0,0,233,0,0,13329,0,3,locked test H4 trace decision 384; completion after N+3
integrated_1576,back_to_back_requests,1576,0,1,1,0,49151,62914,16384,16384,0,1,0,0,0,0,0,233,0,0,13329,0,3,locked test H4 trace decision 385
integrated_1577,pipeline_wait,1577,0,0,1,0,0,0,0,0,0,1,0,0,0,0,0,233,0,0,13329,0,3,registered pipeline wait 1
integrated_1578,pipeline_wait,1578,0,0,1,0,0,0,0,0,0,1,0,0,0,0,0,233,0,0,13329,0,3,registered pipeline wait 2
integrated_1579,dwell_switch,1579,0,0,1,0,0,0,0,0,1,0,1,1,0,0,0,246,2,2,14399,1,1,locked test H4 trace decision 385; completion after N+3
integrated_1580,back_to_back_requests,1580,0,1,1,0,49151,62914,16384,16384,0,1,0,0,0,0,0,246,2,2,14399,0,1,locked test H4 trace decision 386
integrated_1581,pipeline_wait,1581,0,0,1,0,0,0,0,0,0,1,0,0,0,0,0,246,2,2,14399,0,1,registered pipeline wait 1
integrated_1582,pipeline_wait,1582,0,0,1,0,0,0,0,0,0,1,0,0,0,0,0,246,2,2,14399,0,1,registered pipeline wait 2
integrated_1583,valid_complete,1583,0,0,1,0,0,0,0,0,1,0,1,1,0,0,0,246,2,2,14399,0,2,locked test H4 trace decision 386; completion after N+3
integrated_1584,back_to_back_requests,1584,0,1,1,0,49151,62914,32768,8192,0,1,0,0,0,0,0,246,2,2,14399,0,2,locked test H4 trace decision 387
integrated_1585,pipeline_wait,1585,0,0,1,0,0,0,0,0,0,1,0,0,0,0,0,246,2,2,14399,0,2,registered pipeline wait 1
integrated_1586,pipeline_wait,1586,0,0,1,0,0,0,0,0,0,1,0,0,0,0,0,246,2,2,14399,0,2,registered pipeline wait 2
integrated_1587,valid_complete,1587,0,0,1,0,0,0,0,0,1,0,1,1,0,0,0,249,2,2,14399,0,3,locked test H4 trace decision 387; completion after N+3
integrated_1588,back_to_back_requests,1588,0,1,1,0,49151,62914,49151,0,0,1,0,0,0,0,0,249,2,2,14399,0,3,locked test H4 trace decision 388
integrated_1589,pipeline_wait,1589,0,0,1,0,0,0,0,0,0,1,0,0,0,0,0,249,2,2,14399,0,3,registered pipeline wait 1
integrated_1590,pipeline_wait,1590,0,0,1,0,0,0,0,0,0,1,0,0,0,0,0,249,2,2,14399,0,3,registered pipeline wait 2
integrated_1591,dwell_switch,1591,0,0,1,0,0,0,0,0,1,0,1,1,0,0,0,252,0,0,13329,1,1,locked test H4 trace decision 388; completion after N+3
integrated_1592,back_to_back_requests,1592,0,1,1,0,49151,62914,16384,8192,0,1,0,0,0,0,0,252,0,0,13329,0,1,locked test H4 trace decision 389
integrated_1593,pipeline_wait,1593,0,0,1,0,0,0,0,0,0,1,0,0,0,0,0,252,0,0,13329,0,1,registered pipeline wait 1
integrated_1594,pipeline_wait,1594,0,0,1,0,0,0,0,0,0,1,0,0,0,0,0,252,0,0,13329,0,1,registered pipeline wait 2
integrated_1595,dwell_hold,1595,0,0,1,0,0,0,0,0,1,0,1,1,0,0,0,245,1,0,13329,0,2,locked test H4 trace decision 389; completion after N+3
integrated_1596,back_to_back_requests,1596,0,1,1,0,49151,62914,0,8192,0,1,0,0,0,0,0,245,1,0,13329,0,2,locked test H4 trace decision 390
integrated_1597,pipeline_wait,1597,0,0,1,0,0,0,0,0,0,1,0,0,0,0,0,245,1,0,13329,0,2,registered pipeline wait 1
integrated_1598,pipeline_wait,1598,0,0,1,0,0,0,0,0,0,1,0,0,0,0,0,245,1,0,13329,0,2,registered pipeline wait 2
integrated_1599,dwell_hold,1599,0,0,1,0,0,0,0,0,1,0,1,1,0,0,0,241,1,0,13329,0,3,locked test H4 trace decision 390; completion after N+3
integrated_1600,back_to_back_requests,1600,0,1,1,0,49151,62914,49151,0,0,1,0,0,0,0,0,241,1,0,13329,0,3,locked test H4 trace decision 391
integrated_1601,pipeline_wait,1601,0,0,1,0,0,0,0,0,0,1,0,0,0,0,0,241,1,0,13329,0,3,registered pipeline wait 1
integrated_1602,pipeline_wait,1602,0,0,1,0,0,0,0,0,0,1,0,0,0,0,0,241,1,0,13329,0,3,registered pipeline wait 2
integrated_1603,valid_complete,1603,0,0,1,0,0,0,0,0,1,0,1,1,0,0,0,252,0,0,13329,0,3,locked test H4 trace decision 391; completion after N+3
integrated_1604,back_to_back_requests,1604,0,1,1,0,49151,62914,49151,8192,0,1,0,0,0,0,0,252,0,0,13329,0,3,locked test H4 trace decision 392
integrated_1605,pipeline_wait,1605,0,0,1,0,0,0,0,0,0,1,0,0,0,0,0,252,0,0,13329,0,3,registered pipeline wait 1
integrated_1606,pipeline_wait,1606,0,0,1,0,0,0,0,0,0,1,0,0,0,0,0,252,0,0,13329,0,3,registered pipeline wait 2
integrated_1607,dwell_switch,1607,0,0,1,0,0,0,0,0,1,0,1,1,0,0,0,253,3,3,0A2A5,1,1,locked test H4 trace decision 392; completion after N+3
integrated_1608,back_to_back_requests,1608,0,1,1,0,49151,62914,16384,8192,0,1,0,0,0,0,0,253,3,3,0A2A5,0,1,locked test H4 trace decision 393
integrated_1609,pipeline_wait,1609,0,0,1,0,0,0,0,0,0,1,0,0,0,0,0,253,3,3,0A2A5,0,1,registered pipeline wait 1
integrated_1610,pipeline_wait,1610,0,0,1,0,0,0,0,0,0,1,0,0,0,0,0,253,3,3,0A2A5,0,1,registered pipeline wait 2
integrated_1611,dwell_hold,1611,0,0,1,0,0,0,0,0,1,0,1,1,0,0,0,245,1,3,0A2A5,0,2,locked test H4 trace decision 393; completion after N+3
integrated_1612,back_to_back_requests,1612,0,1,1,0,49151,62914,32768,8192,0,1,0,0,0,0,0,245,1,3,0A2A5,0,2,locked test H4 trace decision 394
integrated_1613,pipeline_wait,1613,0,0,1,0,0,0,0,0,0,1,0,0,0,0,0,245,1,3,0A2A5,0,2,registered pipeline wait 1
integrated_1614,pipeline_wait,1614,0,0,1,0,0,0,0,0,0,1,0,0,0,0,0,245,1,3,0A2A5,0,2,registered pipeline wait 2
integrated_1615,dwell_hold,1615,0,0,1,0,0,0,0,0,1,0,1,1,0,0,0,249,2,3,0A2A5,0,3,locked test H4 trace decision 394; completion after N+3
integrated_1616,back_to_back_requests,1616,0,1,1,0,49151,62914,16384,0,0,1,0,0,0,0,0,249,2,3,0A2A5,0,3,locked test H4 trace decision 395
integrated_1617,pipeline_wait,1617,0,0,1,0,0,0,0,0,0,1,0,0,0,0,0,249,2,3,0A2A5,0,3,registered pipeline wait 1
integrated_1618,pipeline_wait,1618,0,0,1,0,0,0,0,0,0,1,0,0,0,0,0,249,2,3,0A2A5,0,3,registered pipeline wait 2
integrated_1619,dwell_switch,1619,0,0,1,0,0,0,0,0,1,0,1,1,0,0,0,244,0,0,13329,1,1,locked test H4 trace decision 395; completion after N+3
integrated_1620,back_to_back_requests,1620,0,1,1,0,49151,62914,49151,0,0,1,0,0,0,0,0,244,0,0,13329,0,1,locked test H4 trace decision 396
integrated_1621,pipeline_wait,1621,0,0,1,0,0,0,0,0,0,1,0,0,0,0,0,244,0,0,13329,0,1,registered pipeline wait 1
integrated_1622,pipeline_wait,1622,0,0,1,0,0,0,0,0,0,1,0,0,0,0,0,244,0,0,13329,0,1,registered pipeline wait 2
integrated_1623,valid_complete,1623,0,0,1,0,0,0,0,0,1,0,1,1,0,0,0,252,0,0,13329,0,2,locked test H4 trace decision 396; completion after N+3
integrated_1624,back_to_back_requests,1624,0,1,1,0,49151,62914,16384,8192,0,1,0,0,0,0,0,252,0,0,13329,0,2,locked test H4 trace decision 397
integrated_1625,pipeline_wait,1625,0,0,1,0,0,0,0,0,0,1,0,0,0,0,0,252,0,0,13329,0,2,registered pipeline wait 1
integrated_1626,pipeline_wait,1626,0,0,1,0,0,0,0,0,0,1,0,0,0,0,0,252,0,0,13329,0,2,registered pipeline wait 2
integrated_1627,dwell_hold,1627,0,0,1,0,0,0,0,0,1,0,1,1,0,0,0,245,1,0,13329,0,3,locked test H4 trace decision 397; completion after N+3
integrated_1628,back_to_back_requests,1628,0,1,1,0,49151,62914,16384,0,0,1,0,0,0,0,0,245,1,0,13329,0,3,locked test H4 trace decision 398
integrated_1629,pipeline_wait,1629,0,0,1,0,0,0,0,0,0,1,0,0,0,0,0,245,1,0,13329,0,3,registered pipeline wait 1
integrated_1630,pipeline_wait,1630,0,0,1,0,0,0,0,0,0,1,0,0,0,0,0,245,1,0,13329,0,3,registered pipeline wait 2
integrated_1631,valid_complete,1631,0,0,1,0,0,0,0,0,1,0,1,1,0,0,0,244,0,0,13329,0,3,locked test H4 trace decision 398; completion after N+3
integrated_1632,back_to_back_requests,1632,0,1,1,0,49151,62914,16384,8192,0,1,0,0,0,0,0,244,0,0,13329,0,3,locked test H4 trace decision 399
integrated_1633,pipeline_wait,1633,0,0,1,0,0,0,0,0,0,1,0,0,0,0,0,244,0,0,13329,0,3,registered pipeline wait 1
integrated_1634,pipeline_wait,1634,0,0,1,0,0,0,0,0,0,1,0,0,0,0,0,244,0,0,13329,0,3,registered pipeline wait 2
integrated_1635,dwell_switch,1635,0,0,1,0,0,0,0,0,1,0,1,1,0,0,0,245,1,1,1B516,1,1,locked test H4 trace decision 399; completion after N+3
integrated_1636,back_to_back_requests,1636,0,1,1,0,49151,62914,16384,8192,0,1,0,0,0,0,0,245,1,1,1B516,0,1,locked test H4 trace decision 400
integrated_1637,pipeline_wait,1637,0,0,1,0,0,0,0,0,0,1,0,0,0,0,0,245,1,1,1B516,0,1,registered pipeline wait 1
integrated_1638,pipeline_wait,1638,0,0,1,0,0,0,0,0,0,1,0,0,0,0,0,245,1,1,1B516,0,1,registered pipeline wait 2
integrated_1639,valid_complete,1639,0,0,1,0,0,0,0,0,1,0,1,1,0,0,0,245,1,1,1B516,0,2,locked test H4 trace decision 400; completion after N+3
integrated_1640,back_to_back_requests,1640,0,1,1,0,49151,62914,49151,8192,0,1,0,0,0,0,0,245,1,1,1B516,0,2,locked test H4 trace decision 401
integrated_1641,pipeline_wait,1641,0,0,1,0,0,0,0,0,0,1,0,0,0,0,0,245,1,1,1B516,0,2,registered pipeline wait 1
integrated_1642,pipeline_wait,1642,0,0,1,0,0,0,0,0,0,1,0,0,0,0,0,245,1,1,1B516,0,2,registered pipeline wait 2
integrated_1643,dwell_hold,1643,0,0,1,0,0,0,0,0,1,0,1,1,0,0,0,253,3,1,1B516,0,3,locked test H4 trace decision 401; completion after N+3
integrated_1644,back_to_back_requests,1644,0,1,1,0,49151,62914,16384,0,0,1,0,0,0,0,0,253,3,1,1B516,0,3,locked test H4 trace decision 402
integrated_1645,pipeline_wait,1645,0,0,1,0,0,0,0,0,0,1,0,0,0,0,0,253,3,1,1B516,0,3,registered pipeline wait 1
integrated_1646,pipeline_wait,1646,0,0,1,0,0,0,0,0,0,1,0,0,0,0,0,253,3,1,1B516,0,3,registered pipeline wait 2
integrated_1647,dwell_switch,1647,0,0,1,0,0,0,0,0,1,0,1,1,0,0,0,244,0,0,13329,1,1,locked test H4 trace decision 402; completion after N+3
integrated_1648,back_to_back_requests,1648,0,1,1,0,49151,62914,49151,0,0,1,0,0,0,0,0,244,0,0,13329,0,1,locked test H4 trace decision 403
integrated_1649,pipeline_wait,1649,0,0,1,0,0,0,0,0,0,1,0,0,0,0,0,244,0,0,13329,0,1,registered pipeline wait 1
integrated_1650,pipeline_wait,1650,0,0,1,0,0,0,0,0,0,1,0,0,0,0,0,244,0,0,13329,0,1,registered pipeline wait 2
integrated_1651,valid_complete,1651,0,0,1,0,0,0,0,0,1,0,1,1,0,0,0,252,0,0,13329,0,2,locked test H4 trace decision 403; completion after N+3
integrated_1652,back_to_back_requests,1652,0,1,1,0,49151,62914,49151,8192,0,1,0,0,0,0,0,252,0,0,13329,0,2,locked test H4 trace decision 404
integrated_1653,pipeline_wait,1653,0,0,1,0,0,0,0,0,0,1,0,0,0,0,0,252,0,0,13329,0,2,registered pipeline wait 1
integrated_1654,pipeline_wait,1654,0,0,1,0,0,0,0,0,0,1,0,0,0,0,0,252,0,0,13329,0,2,registered pipeline wait 2
integrated_1655,dwell_hold,1655,0,0,1,0,0,0,0,0,1,0,1,1,0,0,0,253,3,0,13329,0,3,locked test H4 trace decision 404; completion after N+3
integrated_1656,back_to_back_requests,1656,0,1,1,0,49151,62914,49151,8192,0,1,0,0,0,0,0,253,3,0,13329,0,3,locked test H4 trace decision 405
integrated_1657,pipeline_wait,1657,0,0,1,0,0,0,0,0,0,1,0,0,0,0,0,253,3,0,13329,0,3,registered pipeline wait 1
integrated_1658,pipeline_wait,1658,0,0,1,0,0,0,0,0,0,1,0,0,0,0,0,253,3,0,13329,0,3,registered pipeline wait 2
integrated_1659,dwell_switch,1659,0,0,1,0,0,0,0,0,1,0,1,1,0,0,0,253,3,3,0A2A5,1,1,locked test H4 trace decision 405; completion after N+3
integrated_1660,back_to_back_requests,1660,0,1,1,0,49151,62914,0,16384,0,1,0,0,0,0,0,253,3,3,0A2A5,0,1,locked test H4 trace decision 406
integrated_1661,pipeline_wait,1661,0,0,1,0,0,0,0,0,0,1,0,0,0,0,0,253,3,3,0A2A5,0,1,registered pipeline wait 1
integrated_1662,pipeline_wait,1662,0,0,1,0,0,0,0,0,0,1,0,0,0,0,0,253,3,3,0A2A5,0,1,registered pipeline wait 2
integrated_1663,dwell_hold,1663,0,0,1,0,0,0,0,0,1,0,1,1,0,0,0,242,0,3,0A2A5,0,2,locked test H4 trace decision 406; completion after N+3
integrated_1664,back_to_back_requests,1664,0,1,1,0,49151,62914,16384,8192,0,1,0,0,0,0,0,242,0,3,0A2A5,0,2,locked test H4 trace decision 407
integrated_1665,pipeline_wait,1665,0,0,1,0,0,0,0,0,0,1,0,0,0,0,0,242,0,3,0A2A5,0,2,registered pipeline wait 1
integrated_1666,pipeline_wait,1666,0,0,1,0,0,0,0,0,0,1,0,0,0,0,0,242,0,3,0A2A5,0,2,registered pipeline wait 2
integrated_1667,dwell_hold,1667,0,0,1,0,0,0,0,0,1,0,1,1,0,0,0,245,1,3,0A2A5,0,3,locked test H4 trace decision 407; completion after N+3
integrated_1668,back_to_back_requests,1668,0,1,1,0,49151,62914,49151,0,0,1,0,0,0,0,0,245,1,3,0A2A5,0,3,locked test H4 trace decision 408
integrated_1669,pipeline_wait,1669,0,0,1,0,0,0,0,0,0,1,0,0,0,0,0,245,1,3,0A2A5,0,3,registered pipeline wait 1
integrated_1670,pipeline_wait,1670,0,0,1,0,0,0,0,0,0,1,0,0,0,0,0,245,1,3,0A2A5,0,3,registered pipeline wait 2
integrated_1671,dwell_switch,1671,0,0,1,0,0,0,0,0,1,0,1,1,0,0,0,252,0,0,13329,1,1,locked test H4 trace decision 408; completion after N+3
integrated_1672,back_to_back_requests,1672,0,1,1,0,49151,62914,32768,0,0,1,0,0,0,0,0,252,0,0,13329,0,1,locked test H4 trace decision 409
integrated_1673,pipeline_wait,1673,0,0,1,0,0,0,0,0,0,1,0,0,0,0,0,252,0,0,13329,0,1,registered pipeline wait 1
integrated_1674,pipeline_wait,1674,0,0,1,0,0,0,0,0,0,1,0,0,0,0,0,252,0,0,13329,0,1,registered pipeline wait 2
integrated_1675,valid_complete,1675,0,0,1,0,0,0,0,0,1,0,1,1,0,0,0,248,0,0,13329,0,2,locked test H4 trace decision 409; completion after N+3
integrated_1676,back_to_back_requests,1676,0,1,1,0,49151,62914,16384,8192,0,1,0,0,0,0,0,248,0,0,13329,0,2,locked test H4 trace decision 410
integrated_1677,pipeline_wait,1677,0,0,1,0,0,0,0,0,0,1,0,0,0,0,0,248,0,0,13329,0,2,registered pipeline wait 1
integrated_1678,pipeline_wait,1678,0,0,1,0,0,0,0,0,0,1,0,0,0,0,0,248,0,0,13329,0,2,registered pipeline wait 2
integrated_1679,dwell_hold,1679,0,0,1,0,0,0,0,0,1,0,1,1,0,0,0,245,1,0,13329,0,3,locked test H4 trace decision 410; completion after N+3
integrated_1680,back_to_back_requests,1680,0,1,1,0,49151,62914,16384,8192,0,1,0,0,0,0,0,245,1,0,13329,0,3,locked test H4 trace decision 411
integrated_1681,pipeline_wait,1681,0,0,1,0,0,0,0,0,0,1,0,0,0,0,0,245,1,0,13329,0,3,registered pipeline wait 1
integrated_1682,pipeline_wait,1682,0,0,1,0,0,0,0,0,0,1,0,0,0,0,0,245,1,0,13329,0,3,registered pipeline wait 2
integrated_1683,dwell_switch,1683,0,0,1,0,0,0,0,0,1,0,1,1,0,0,0,245,1,1,1B516,1,1,locked test H4 trace decision 411; completion after N+3
integrated_1684,back_to_back_requests,1684,0,1,1,0,49151,62914,49151,0,0,1,0,0,0,0,0,245,1,1,1B516,0,1,locked test H4 trace decision 412
integrated_1685,pipeline_wait,1685,0,0,1,0,0,0,0,0,0,1,0,0,0,0,0,245,1,1,1B516,0,1,registered pipeline wait 1
integrated_1686,pipeline_wait,1686,0,0,1,0,0,0,0,0,0,1,0,0,0,0,0,245,1,1,1B516,0,1,registered pipeline wait 2
integrated_1687,dwell_hold,1687,0,0,1,0,0,0,0,0,1,0,1,1,0,0,0,252,0,1,1B516,0,2,locked test H4 trace decision 412; completion after N+3
integrated_1688,back_to_back_requests,1688,0,1,1,0,49151,62914,49151,0,0,1,0,0,0,0,0,252,0,1,1B516,0,2,locked test H4 trace decision 413
integrated_1689,pipeline_wait,1689,0,0,1,0,0,0,0,0,0,1,0,0,0,0,0,252,0,1,1B516,0,2,registered pipeline wait 1
integrated_1690,pipeline_wait,1690,0,0,1,0,0,0,0,0,0,1,0,0,0,0,0,252,0,1,1B516,0,2,registered pipeline wait 2
integrated_1691,dwell_hold,1691,0,0,1,0,0,0,0,0,1,0,1,1,0,0,0,252,0,1,1B516,0,3,locked test H4 trace decision 413; completion after N+3
integrated_1692,back_to_back_requests,1692,0,1,1,0,49151,62914,32768,0,0,1,0,0,0,0,0,252,0,1,1B516,0,3,locked test H4 trace decision 414
integrated_1693,pipeline_wait,1693,0,0,1,0,0,0,0,0,0,1,0,0,0,0,0,252,0,1,1B516,0,3,registered pipeline wait 1
integrated_1694,pipeline_wait,1694,0,0,1,0,0,0,0,0,0,1,0,0,0,0,0,252,0,1,1B516,0,3,registered pipeline wait 2
integrated_1695,dwell_switch,1695,0,0,1,0,0,0,0,0,1,0,1,1,0,0,0,248,0,0,13329,1,1,locked test H4 trace decision 414; completion after N+3
integrated_1696,back_to_back_requests,1696,0,1,1,0,49151,62914,16384,0,0,1,0,0,0,0,0,248,0,0,13329,0,1,locked test H4 trace decision 415
integrated_1697,pipeline_wait,1697,0,0,1,0,0,0,0,0,0,1,0,0,0,0,0,248,0,0,13329,0,1,registered pipeline wait 1
integrated_1698,pipeline_wait,1698,0,0,1,0,0,0,0,0,0,1,0,0,0,0,0,248,0,0,13329,0,1,registered pipeline wait 2
integrated_1699,valid_complete,1699,0,0,1,0,0,0,0,0,1,0,1,1,0,0,0,244,0,0,13329,0,2,locked test H4 trace decision 415; completion after N+3
integrated_1700,back_to_back_requests,1700,0,1,1,0,49151,62914,16384,8192,0,1,0,0,0,0,0,244,0,0,13329,0,2,locked test H4 trace decision 416
integrated_1701,pipeline_wait,1701,0,0,1,0,0,0,0,0,0,1,0,0,0,0,0,244,0,0,13329,0,2,registered pipeline wait 1
integrated_1702,pipeline_wait,1702,0,0,1,0,0,0,0,0,0,1,0,0,0,0,0,244,0,0,13329,0,2,registered pipeline wait 2
integrated_1703,dwell_hold,1703,0,0,1,0,0,0,0,0,1,0,1,1,0,0,0,245,1,0,13329,0,3,locked test H4 trace decision 416; completion after N+3
integrated_1704,back_to_back_requests,1704,0,1,1,0,49151,58982,0,16384,0,1,0,0,0,0,0,245,1,0,13329,0,3,locked test H4 trace decision 417
integrated_1705,pipeline_wait,1705,0,0,1,0,0,0,0,0,0,1,0,0,0,0,0,245,1,0,13329,0,3,registered pipeline wait 1
integrated_1706,pipeline_wait,1706,0,0,1,0,0,0,0,0,0,1,0,0,0,0,0,245,1,0,13329,0,3,registered pipeline wait 2
integrated_1707,dwell_switch,1707,0,0,1,0,0,0,0,0,1,0,1,1,0,0,0,210,1,1,1B516,1,1,locked test H4 trace decision 417; completion after N+3
integrated_1708,back_to_back_requests,1708,0,1,1,0,49151,58982,16384,16384,0,1,0,0,0,0,0,210,1,1,1B516,0,1,locked test H4 trace decision 418
integrated_1709,pipeline_wait,1709,0,0,1,0,0,0,0,0,0,1,0,0,0,0,0,210,1,1,1B516,0,1,registered pipeline wait 1
integrated_1710,pipeline_wait,1710,0,0,1,0,0,0,0,0,0,1,0,0,0,0,0,210,1,1,1B516,0,1,registered pipeline wait 2
integrated_1711,dwell_hold,1711,0,0,1,0,0,0,0,0,1,0,1,1,0,0,0,214,2,1,1B516,0,2,locked test H4 trace decision 418; completion after N+3
integrated_1712,back_to_back_requests,1712,0,1,1,0,49151,58982,49151,8192,0,1,0,0,0,0,0,214,2,1,1B516,0,2,locked test H4 trace decision 419
integrated_1713,pipeline_wait,1713,0,0,1,0,0,0,0,0,0,1,0,0,0,0,0,214,2,1,1B516,0,2,registered pipeline wait 1
integrated_1714,pipeline_wait,1714,0,0,1,0,0,0,0,0,0,1,0,0,0,0,0,214,2,1,1B516,0,2,registered pipeline wait 2
integrated_1715,dwell_hold,1715,0,0,1,0,0,0,0,0,1,0,1,1,0,0,0,221,3,1,1B516,0,3,locked test H4 trace decision 419; completion after N+3
integrated_1716,back_to_back_requests,1716,0,1,1,0,49151,58982,0,8192,0,1,0,0,0,0,0,221,3,1,1B516,0,3,locked test H4 trace decision 420
integrated_1717,pipeline_wait,1717,0,0,1,0,0,0,0,0,0,1,0,0,0,0,0,221,3,1,1B516,0,3,registered pipeline wait 1
integrated_1718,pipeline_wait,1718,0,0,1,0,0,0,0,0,0,1,0,0,0,0,0,221,3,1,1B516,0,3,registered pipeline wait 2
integrated_1719,valid_complete,1719,0,0,1,0,0,0,0,0,1,0,1,1,0,0,0,209,1,1,1B516,0,3,locked test H4 trace decision 420; completion after N+3
integrated_1720,back_to_back_requests,1720,0,1,1,0,49151,58982,49151,0,0,1,0,0,0,0,0,209,1,1,1B516,0,3,locked test H4 trace decision 421
integrated_1721,pipeline_wait,1721,0,0,1,0,0,0,0,0,0,1,0,0,0,0,0,209,1,1,1B516,0,3,registered pipeline wait 1
integrated_1722,pipeline_wait,1722,0,0,1,0,0,0,0,0,0,1,0,0,0,0,0,209,1,1,1B516,0,3,registered pipeline wait 2
integrated_1723,valid_complete,1723,0,0,1,0,0,0,0,0,1,0,1,1,0,0,0,220,1,1,1B516,0,3,locked test H4 trace decision 421; completion after N+3
integrated_1724,back_to_back_requests,1724,0,1,1,0,49151,58982,0,0,0,1,0,0,0,0,0,220,1,1,1B516,0,3,locked test H4 trace decision 422
integrated_1725,pipeline_wait,1725,0,0,1,0,0,0,0,0,0,1,0,0,0,0,0,220,1,1,1B516,0,3,registered pipeline wait 1
integrated_1726,pipeline_wait,1726,0,0,1,0,0,0,0,0,0,1,0,0,0,0,0,220,1,1,1B516,0,3,registered pipeline wait 2
integrated_1727,valid_complete,1727,0,0,1,0,0,0,0,0,1,0,1,1,0,0,0,208,1,1,1B516,0,3,locked test H4 trace decision 422; completion after N+3
integrated_1728,back_to_back_requests,1728,0,1,1,0,49151,58982,49151,0,0,1,0,0,0,0,0,208,1,1,1B516,0,3,locked test H4 trace decision 423
integrated_1729,pipeline_wait,1729,0,0,1,0,0,0,0,0,0,1,0,0,0,0,0,208,1,1,1B516,0,3,registered pipeline wait 1
integrated_1730,pipeline_wait,1730,0,0,1,0,0,0,0,0,0,1,0,0,0,0,0,208,1,1,1B516,0,3,registered pipeline wait 2
integrated_1731,valid_complete,1731,0,0,1,0,0,0,0,0,1,0,1,1,0,0,0,220,1,1,1B516,0,3,locked test H4 trace decision 423; completion after N+3
integrated_1732,back_to_back_requests,1732,0,1,1,0,49151,58982,49151,0,0,1,0,0,0,0,0,220,1,1,1B516,0,3,locked test H4 trace decision 424
integrated_1733,pipeline_wait,1733,0,0,1,0,0,0,0,0,0,1,0,0,0,0,0,220,1,1,1B516,0,3,registered pipeline wait 1
integrated_1734,pipeline_wait,1734,0,0,1,0,0,0,0,0,0,1,0,0,0,0,0,220,1,1,1B516,0,3,registered pipeline wait 2
integrated_1735,valid_complete,1735,0,0,1,0,0,0,0,0,1,0,1,1,0,0,0,220,1,1,1B516,0,3,locked test H4 trace decision 424; completion after N+3
integrated_1736,back_to_back_requests,1736,0,1,1,0,49151,58982,32768,0,0,1,0,0,0,0,0,220,1,1,1B516,0,3,locked test H4 trace decision 425
integrated_1737,pipeline_wait,1737,0,0,1,0,0,0,0,0,0,1,0,0,0,0,0,220,1,1,1B516,0,3,registered pipeline wait 1
integrated_1738,pipeline_wait,1738,0,0,1,0,0,0,0,0,0,1,0,0,0,0,0,220,1,1,1B516,0,3,registered pipeline wait 2
integrated_1739,valid_complete,1739,0,0,1,0,0,0,0,0,1,0,1,1,0,0,0,216,1,1,1B516,0,3,locked test H4 trace decision 425; completion after N+3
integrated_1740,back_to_back_requests,1740,0,1,1,0,49151,58982,49151,0,0,1,0,0,0,0,0,216,1,1,1B516,0,3,locked test H4 trace decision 426
integrated_1741,pipeline_wait,1741,0,0,1,0,0,0,0,0,0,1,0,0,0,0,0,216,1,1,1B516,0,3,registered pipeline wait 1
integrated_1742,pipeline_wait,1742,0,0,1,0,0,0,0,0,0,1,0,0,0,0,0,216,1,1,1B516,0,3,registered pipeline wait 2
integrated_1743,valid_complete,1743,0,0,1,0,0,0,0,0,1,0,1,1,0,0,0,220,1,1,1B516,0,3,locked test H4 trace decision 426; completion after N+3
integrated_1744,back_to_back_requests,1744,0,1,1,0,49151,58982,0,0,0,1,0,0,0,0,0,220,1,1,1B516,0,3,locked test H4 trace decision 427
integrated_1745,pipeline_wait,1745,0,0,1,0,0,0,0,0,0,1,0,0,0,0,0,220,1,1,1B516,0,3,registered pipeline wait 1
integrated_1746,pipeline_wait,1746,0,0,1,0,0,0,0,0,0,1,0,0,0,0,0,220,1,1,1B516,0,3,registered pipeline wait 2
integrated_1747,valid_complete,1747,0,0,1,0,0,0,0,0,1,0,1,1,0,0,0,208,1,1,1B516,0,3,locked test H4 trace decision 427; completion after N+3
integrated_1748,back_to_back_requests,1748,0,1,1,0,49151,58982,32768,0,0,1,0,0,0,0,0,208,1,1,1B516,0,3,locked test H4 trace decision 428
integrated_1749,pipeline_wait,1749,0,0,1,0,0,0,0,0,0,1,0,0,0,0,0,208,1,1,1B516,0,3,registered pipeline wait 1
integrated_1750,pipeline_wait,1750,0,0,1,0,0,0,0,0,0,1,0,0,0,0,0,208,1,1,1B516,0,3,registered pipeline wait 2
integrated_1751,valid_complete,1751,0,0,1,0,0,0,0,0,1,0,1,1,0,0,0,216,1,1,1B516,0,3,locked test H4 trace decision 428; completion after N+3
integrated_1752,back_to_back_requests,1752,0,1,1,0,49151,58982,0,0,0,1,0,0,0,0,0,216,1,1,1B516,0,3,locked test H4 trace decision 429
integrated_1753,pipeline_wait,1753,0,0,1,0,0,0,0,0,0,1,0,0,0,0,0,216,1,1,1B516,0,3,registered pipeline wait 1
integrated_1754,pipeline_wait,1754,0,0,1,0,0,0,0,0,0,1,0,0,0,0,0,216,1,1,1B516,0,3,registered pipeline wait 2
integrated_1755,valid_complete,1755,0,0,1,0,0,0,0,0,1,0,1,1,0,0,0,208,1,1,1B516,0,3,locked test H4 trace decision 429; completion after N+3
integrated_1756,back_to_back_requests,1756,0,1,1,0,49151,58982,0,8192,0,1,0,0,0,0,0,208,1,1,1B516,0,3,locked test H4 trace decision 430
integrated_1757,pipeline_wait,1757,0,0,1,0,0,0,0,0,0,1,0,0,0,0,0,208,1,1,1B516,0,3,registered pipeline wait 1
integrated_1758,pipeline_wait,1758,0,0,1,0,0,0,0,0,0,1,0,0,0,0,0,208,1,1,1B516,0,3,registered pipeline wait 2
integrated_1759,valid_complete,1759,0,0,1,0,0,0,0,0,1,0,1,1,0,0,0,209,1,1,1B516,0,3,locked test H4 trace decision 430; completion after N+3
integrated_1760,back_to_back_requests,1760,0,1,1,0,32768,58982,0,0,0,1,0,0,0,0,0,209,1,1,1B516,0,3,locked test H4 trace decision 431
integrated_1761,pipeline_wait,1761,0,0,1,0,0,0,0,0,0,1,0,0,0,0,0,209,1,1,1B516,0,3,registered pipeline wait 1
integrated_1762,pipeline_wait,1762,0,0,1,0,0,0,0,0,0,1,0,0,0,0,0,209,1,1,1B516,0,3,registered pipeline wait 2
integrated_1763,dwell_switch,1763,0,0,1,0,0,0,0,0,1,0,1,1,0,0,0,144,3,3,0A2A5,1,1,locked test H4 trace decision 431; completion after N+3
integrated_1764,back_to_back_requests,1764,0,1,1,0,32768,58982,49151,8192,0,1,0,0,0,0,0,144,3,3,0A2A5,0,1,locked test H4 trace decision 432
integrated_1765,pipeline_wait,1765,0,0,1,0,0,0,0,0,0,1,0,0,0,0,0,144,3,3,0A2A5,0,1,registered pipeline wait 1
integrated_1766,pipeline_wait,1766,0,0,1,0,0,0,0,0,0,1,0,0,0,0,0,144,3,3,0A2A5,0,1,registered pipeline wait 2
integrated_1767,dwell_hold,1767,0,0,1,0,0,0,0,0,1,0,1,1,0,0,0,157,1,3,0A2A5,0,2,locked test H4 trace decision 432; completion after N+3
integrated_1768,back_to_back_requests,1768,0,1,1,0,32768,58982,32768,16384,0,1,0,0,0,0,0,157,1,3,0A2A5,0,2,locked test H4 trace decision 433
integrated_1769,pipeline_wait,1769,0,0,1,0,0,0,0,0,0,1,0,0,0,0,0,157,1,3,0A2A5,0,2,registered pipeline wait 1
integrated_1770,pipeline_wait,1770,0,0,1,0,0,0,0,0,0,1,0,0,0,0,0,157,1,3,0A2A5,0,2,registered pipeline wait 2
integrated_1771,valid_complete,1771,0,0,1,0,0,0,0,0,1,0,1,1,0,0,0,154,3,3,0A2A5,0,3,locked test H4 trace decision 433; completion after N+3
integrated_1772,back_to_back_requests,1772,0,1,1,0,32768,58982,0,16384,0,1,0,0,0,0,0,154,3,3,0A2A5,0,3,locked test H4 trace decision 434
integrated_1773,pipeline_wait,1773,0,0,1,0,0,0,0,0,0,1,0,0,0,0,0,154,3,3,0A2A5,0,3,registered pipeline wait 1
integrated_1774,pipeline_wait,1774,0,0,1,0,0,0,0,0,0,1,0,0,0,0,0,154,3,3,0A2A5,0,3,registered pipeline wait 2
integrated_1775,dwell_switch,1775,0,0,1,0,0,0,0,0,1,0,1,1,0,0,0,146,2,2,14399,1,1,locked test H4 trace decision 434; completion after N+3
integrated_1776,back_to_back_requests,1776,0,1,1,0,32768,58982,0,8192,0,1,0,0,0,0,0,146,2,2,14399,0,1,locked test H4 trace decision 435
integrated_1777,pipeline_wait,1777,0,0,1,0,0,0,0,0,0,1,0,0,0,0,0,146,2,2,14399,0,1,registered pipeline wait 1
integrated_1778,pipeline_wait,1778,0,0,1,0,0,0,0,0,0,1,0,0,0,0,0,146,2,2,14399,0,1,registered pipeline wait 2
integrated_1779,dwell_hold,1779,0,0,1,0,0,0,0,0,1,0,1,1,0,0,0,145,1,2,14399,0,2,locked test H4 trace decision 435; completion after N+3
integrated_1780,back_to_back_requests,1780,0,1,1,0,32768,58982,32768,0,0,1,0,0,0,0,0,145,1,2,14399,0,2,locked test H4 trace decision 436
integrated_1781,pipeline_wait,1781,0,0,1,0,0,0,0,0,0,1,0,0,0,0,0,145,1,2,14399,0,2,registered pipeline wait 1
integrated_1782,pipeline_wait,1782,0,0,1,0,0,0,0,0,0,1,0,0,0,0,0,145,1,2,14399,0,2,registered pipeline wait 2
integrated_1783,dwell_hold,1783,0,0,1,0,0,0,0,0,1,0,1,1,0,0,0,152,1,2,14399,0,3,locked test H4 trace decision 436; completion after N+3
integrated_1784,back_to_back_requests,1784,0,1,1,0,32768,58982,32768,16384,0,1,0,0,0,0,0,152,1,2,14399,0,3,locked test H4 trace decision 437
integrated_1785,pipeline_wait,1785,0,0,1,0,0,0,0,0,0,1,0,0,0,0,0,152,1,2,14399,0,3,registered pipeline wait 1
integrated_1786,pipeline_wait,1786,0,0,1,0,0,0,0,0,0,1,0,0,0,0,0,152,1,2,14399,0,3,registered pipeline wait 2
integrated_1787,dwell_switch,1787,0,0,1,0,0,0,0,0,1,0,1,1,0,0,0,154,3,3,0A2A5,1,1,locked test H4 trace decision 437; completion after N+3
integrated_1788,back_to_back_requests,1788,0,1,1,0,32768,58982,0,16384,0,1,0,0,0,0,0,154,3,3,0A2A5,0,1,locked test H4 trace decision 438
integrated_1789,pipeline_wait,1789,0,0,1,0,0,0,0,0,0,1,0,0,0,0,0,154,3,3,0A2A5,0,1,registered pipeline wait 1
integrated_1790,pipeline_wait,1790,0,0,1,0,0,0,0,0,0,1,0,0,0,0,0,154,3,3,0A2A5,0,1,registered pipeline wait 2
integrated_1791,dwell_hold,1791,0,0,1,0,0,0,0,0,1,0,1,1,0,0,0,146,2,3,0A2A5,0,2,locked test H4 trace decision 438; completion after N+3
integrated_1792,back_to_back_requests,1792,0,1,1,0,32768,58982,16384,16384,0,1,0,0,0,0,0,146,2,3,0A2A5,0,2,locked test H4 trace decision 439
integrated_1793,pipeline_wait,1793,0,0,1,0,0,0,0,0,0,1,0,0,0,0,0,146,2,3,0A2A5,0,2,registered pipeline wait 1
integrated_1794,pipeline_wait,1794,0,0,1,0,0,0,0,0,0,1,0,0,0,0,0,146,2,3,0A2A5,0,2,registered pipeline wait 2
integrated_1795,dwell_hold,1795,0,0,1,0,0,0,0,0,1,0,1,1,0,0,0,150,2,3,0A2A5,0,3,locked test H4 trace decision 439; completion after N+3
integrated_1796,back_to_back_requests,1796,0,1,1,0,32768,58982,49151,8192,0,1,0,0,0,0,0,150,2,3,0A2A5,0,3,locked test H4 trace decision 440
integrated_1797,pipeline_wait,1797,0,0,1,0,0,0,0,0,0,1,0,0,0,0,0,150,2,3,0A2A5,0,3,registered pipeline wait 1
integrated_1798,pipeline_wait,1798,0,0,1,0,0,0,0,0,0,1,0,0,0,0,0,150,2,3,0A2A5,0,3,registered pipeline wait 2
integrated_1799,dwell_switch,1799,0,0,1,0,0,0,0,0,1,0,1,1,0,0,0,157,1,1,1B516,1,1,locked test H4 trace decision 440; completion after N+3
integrated_1800,back_to_back_requests,1800,0,1,1,0,32768,58982,16384,0,0,1,0,0,0,0,0,157,1,1,1B516,0,1,locked test H4 trace decision 441
integrated_1801,pipeline_wait,1801,0,0,1,0,0,0,0,0,0,1,0,0,0,0,0,157,1,1,1B516,0,1,registered pipeline wait 1
integrated_1802,pipeline_wait,1802,0,0,1,0,0,0,0,0,0,1,0,0,0,0,0,157,1,1,1B516,0,1,registered pipeline wait 2
integrated_1803,dwell_hold,1803,0,0,1,0,0,0,0,0,1,0,1,1,0,0,0,148,2,1,1B516,0,2,locked test H4 trace decision 441; completion after N+3
integrated_1804,back_to_back_requests,1804,0,1,1,0,32768,58982,0,0,0,1,0,0,0,0,0,148,2,1,1B516,0,2,locked test H4 trace decision 442
integrated_1805,pipeline_wait,1805,0,0,1,0,0,0,0,0,0,1,0,0,0,0,0,148,2,1,1B516,0,2,registered pipeline wait 1
integrated_1806,pipeline_wait,1806,0,0,1,0,0,0,0,0,0,1,0,0,0,0,0,148,2,1,1B516,0,2,registered pipeline wait 2
integrated_1807,dwell_hold,1807,0,0,1,0,0,0,0,0,1,0,1,1,0,0,0,144,3,1,1B516,0,3,locked test H4 trace decision 442; completion after N+3
integrated_1808,back_to_back_requests,1808,0,1,1,0,32768,58982,16384,16384,0,1,0,0,0,0,0,144,3,1,1B516,0,3,locked test H4 trace decision 443
integrated_1809,pipeline_wait,1809,0,0,1,0,0,0,0,0,0,1,0,0,0,0,0,144,3,1,1B516,0,3,registered pipeline wait 1
integrated_1810,pipeline_wait,1810,0,0,1,0,0,0,0,0,0,1,0,0,0,0,0,144,3,1,1B516,0,3,registered pipeline wait 2
integrated_1811,dwell_switch,1811,0,0,1,0,0,0,0,0,1,0,1,1,0,0,0,150,2,2,14399,1,1,locked test H4 trace decision 443; completion after N+3
integrated_1812,back_to_back_requests,1812,0,1,1,0,16384,58982,0,0,0,1,0,0,0,0,0,150,2,2,14399,0,1,locked test H4 trace decision 444
integrated_1813,pipeline_wait,1813,0,0,1,0,0,0,0,0,0,1,0,0,0,0,0,150,2,2,14399,0,1,registered pipeline wait 1
integrated_1814,pipeline_wait,1814,0,0,1,0,0,0,0,0,0,1,0,0,0,0,0,150,2,2,14399,0,1,registered pipeline wait 2
integrated_1815,dwell_hold,1815,0,0,1,0,0,0,0,0,1,0,1,1,0,0,0,80,1,2,14399,0,2,locked test H4 trace decision 444; completion after N+3
integrated_1816,back_to_back_requests,1816,0,1,1,0,16384,58982,0,16384,0,1,0,0,0,0,0,80,1,2,14399,0,2,locked test H4 trace decision 445
integrated_1817,pipeline_wait,1817,0,0,1,0,0,0,0,0,0,1,0,0,0,0,0,80,1,2,14399,0,2,registered pipeline wait 1
integrated_1818,pipeline_wait,1818,0,0,1,0,0,0,0,0,0,1,0,0,0,0,0,80,1,2,14399,0,2,registered pipeline wait 2
integrated_1819,valid_complete,1819,0,0,1,0,0,0,0,0,1,0,1,1,0,0,0,82,2,2,14399,0,3,locked test H4 trace decision 445; completion after N+3
integrated_1820,back_to_back_requests,1820,0,1,1,0,16384,58982,49151,32768,0,1,0,0,0,0,0,82,2,2,14399,0,3,locked test H4 trace decision 446
integrated_1821,pipeline_wait,1821,0,0,1,0,0,0,0,0,0,1,0,0,0,0,0,82,2,2,14399,0,3,registered pipeline wait 1
integrated_1822,pipeline_wait,1822,0,0,1,0,0,0,0,0,0,1,0,0,0,0,0,82,2,2,14399,0,3,registered pipeline wait 2
integrated_1823,dwell_switch,1823,0,0,1,0,0,0,0,0,1,0,1,1,0,0,0,95,0,0,13329,1,1,locked test H4 trace decision 446; completion after N+3
integrated_1824,back_to_back_requests,1824,0,1,1,0,16384,58982,32768,32768,0,1,0,0,0,0,0,95,0,0,13329,0,1,locked test H4 trace decision 447
integrated_1825,pipeline_wait,1825,0,0,1,0,0,0,0,0,0,1,0,0,0,0,0,95,0,0,13329,0,1,registered pipeline wait 1
integrated_1826,pipeline_wait,1826,0,0,1,0,0,0,0,0,0,1,0,0,0,0,0,95,0,0,13329,0,1,registered pipeline wait 2
integrated_1827,dwell_hold,1827,0,0,1,0,0,0,0,0,1,0,1,1,0,0,0,91,2,0,13329,0,2,locked test H4 trace decision 447; completion after N+3
integrated_1828,back_to_back_requests,1828,0,1,1,0,16384,58982,49151,32768,0,1,0,0,0,0,0,91,2,0,13329,0,2,locked test H4 trace decision 448
integrated_1829,pipeline_wait,1829,0,0,1,0,0,0,0,0,0,1,0,0,0,0,0,91,2,0,13329,0,2,registered pipeline wait 1
integrated_1830,pipeline_wait,1830,0,0,1,0,0,0,0,0,0,1,0,0,0,0,0,91,2,0,13329,0,2,registered pipeline wait 2
integrated_1831,valid_complete,1831,0,0,1,0,0,0,0,0,1,0,1,1,0,0,0,95,0,0,13329,0,3,locked test H4 trace decision 448; completion after N+3
integrated_1832,back_to_back_requests,1832,0,1,1,0,16384,58982,16384,16384,0,1,0,0,0,0,0,95,0,0,13329,0,3,locked test H4 trace decision 449
integrated_1833,pipeline_wait,1833,0,0,1,0,0,0,0,0,0,1,0,0,0,0,0,95,0,0,13329,0,3,registered pipeline wait 1
integrated_1834,pipeline_wait,1834,0,0,1,0,0,0,0,0,0,1,0,0,0,0,0,95,0,0,13329,0,3,registered pipeline wait 2
integrated_1835,dwell_switch,1835,0,0,1,0,0,0,0,0,1,0,1,1,0,0,0,86,2,2,14399,1,1,locked test H4 trace decision 449; completion after N+3
integrated_1836,back_to_back_requests,1836,0,1,1,0,16384,58982,49151,32768,0,1,0,0,0,0,0,86,2,2,14399,0,1,locked test H4 trace decision 450
integrated_1837,pipeline_wait,1837,0,0,1,0,0,0,0,0,0,1,0,0,0,0,0,86,2,2,14399,0,1,registered pipeline wait 1
integrated_1838,pipeline_wait,1838,0,0,1,0,0,0,0,0,0,1,0,0,0,0,0,86,2,2,14399,0,1,registered pipeline wait 2
integrated_1839,dwell_hold,1839,0,0,1,0,0,0,0,0,1,0,1,1,0,0,0,95,0,2,14399,0,2,locked test H4 trace decision 450; completion after N+3
integrated_1840,back_to_back_requests,1840,0,1,1,0,16384,58982,49151,32768,0,1,0,0,0,0,0,95,0,2,14399,0,2,locked test H4 trace decision 451
integrated_1841,pipeline_wait,1841,0,0,1,0,0,0,0,0,0,1,0,0,0,0,0,95,0,2,14399,0,2,registered pipeline wait 1
integrated_1842,pipeline_wait,1842,0,0,1,0,0,0,0,0,0,1,0,0,0,0,0,95,0,2,14399,0,2,registered pipeline wait 2
integrated_1843,dwell_hold,1843,0,0,1,0,0,0,0,0,1,0,1,1,0,0,0,95,0,2,14399,0,3,locked test H4 trace decision 451; completion after N+3
integrated_1844,back_to_back_requests,1844,0,1,1,0,16384,58982,49151,32768,0,1,0,0,0,0,0,95,0,2,14399,0,3,locked test H4 trace decision 452
integrated_1845,pipeline_wait,1845,0,0,1,0,0,0,0,0,0,1,0,0,0,0,0,95,0,2,14399,0,3,registered pipeline wait 1
integrated_1846,pipeline_wait,1846,0,0,1,0,0,0,0,0,0,1,0,0,0,0,0,95,0,2,14399,0,3,registered pipeline wait 2
integrated_1847,dwell_switch,1847,0,0,1,0,0,0,0,0,1,0,1,1,0,0,0,95,0,0,13329,1,1,locked test H4 trace decision 452; completion after N+3
integrated_1848,back_to_back_requests,1848,0,1,1,0,16384,58982,0,32768,0,1,0,0,0,0,0,95,0,0,13329,0,1,locked test H4 trace decision 453
integrated_1849,pipeline_wait,1849,0,0,1,0,0,0,0,0,0,1,0,0,0,0,0,95,0,0,13329,0,1,registered pipeline wait 1
integrated_1850,pipeline_wait,1850,0,0,1,0,0,0,0,0,0,1,0,0,0,0,0,95,0,0,13329,0,1,registered pipeline wait 2
integrated_1851,dwell_hold,1851,0,0,1,0,0,0,0,0,1,0,1,1,0,0,0,83,2,0,13329,0,2,locked test H4 trace decision 453; completion after N+3
integrated_1852,back_to_back_requests,1852,0,1,1,0,16384,58982,0,32768,0,1,0,0,0,0,0,83,2,0,13329,0,2,locked test H4 trace decision 454
integrated_1853,pipeline_wait,1853,0,0,1,0,0,0,0,0,0,1,0,0,0,0,0,83,2,0,13329,0,2,registered pipeline wait 1
integrated_1854,pipeline_wait,1854,0,0,1,0,0,0,0,0,0,1,0,0,0,0,0,83,2,0,13329,0,2,registered pipeline wait 2
integrated_1855,dwell_hold,1855,0,0,1,0,0,0,0,0,1,0,1,1,0,0,0,83,2,0,13329,0,3,locked test H4 trace decision 454; completion after N+3
integrated_1856,back_to_back_requests,1856,0,1,1,0,16384,58982,49151,32768,0,1,0,0,0,0,0,83,2,0,13329,0,3,locked test H4 trace decision 455
integrated_1857,pipeline_wait,1857,0,0,1,0,0,0,0,0,0,1,0,0,0,0,0,83,2,0,13329,0,3,registered pipeline wait 1
integrated_1858,pipeline_wait,1858,0,0,1,0,0,0,0,0,0,1,0,0,0,0,0,83,2,0,13329,0,3,registered pipeline wait 2
integrated_1859,valid_complete,1859,0,0,1,0,0,0,0,0,1,0,1,1,0,0,0,95,0,0,13329,0,3,locked test H4 trace decision 455; completion after N+3
integrated_1860,back_to_back_requests,1860,0,1,1,0,16384,58982,32768,32768,0,1,0,0,0,0,0,95,0,0,13329,0,3,locked test H4 trace decision 456
integrated_1861,pipeline_wait,1861,0,0,1,0,0,0,0,0,0,1,0,0,0,0,0,95,0,0,13329,0,3,registered pipeline wait 1
integrated_1862,pipeline_wait,1862,0,0,1,0,0,0,0,0,0,1,0,0,0,0,0,95,0,0,13329,0,3,registered pipeline wait 2
integrated_1863,dwell_switch,1863,0,0,1,0,0,0,0,0,1,0,1,1,0,0,0,91,2,2,14399,1,1,locked test H4 trace decision 456; completion after N+3
integrated_1864,back_to_back_requests,1864,0,1,1,0,16384,58982,0,32768,0,1,0,0,0,0,0,91,2,2,14399,0,1,locked test H4 trace decision 457
integrated_1865,pipeline_wait,1865,0,0,1,0,0,0,0,0,0,1,0,0,0,0,0,91,2,2,14399,0,1,registered pipeline wait 1
integrated_1866,pipeline_wait,1866,0,0,1,0,0,0,0,0,0,1,0,0,0,0,0,91,2,2,14399,0,1,registered pipeline wait 2
integrated_1867,valid_complete,1867,0,0,1,0,0,0,0,0,1,0,1,1,0,0,0,83,2,2,14399,0,2,locked test H4 trace decision 457; completion after N+3
integrated_1868,back_to_back_requests,1868,0,1,1,0,16384,58982,49151,32768,0,1,0,0,0,0,0,83,2,2,14399,0,2,locked test H4 trace decision 458
integrated_1869,pipeline_wait,1869,0,0,1,0,0,0,0,0,0,1,0,0,0,0,0,83,2,2,14399,0,2,registered pipeline wait 1
integrated_1870,pipeline_wait,1870,0,0,1,0,0,0,0,0,0,1,0,0,0,0,0,83,2,2,14399,0,2,registered pipeline wait 2
integrated_1871,dwell_hold,1871,0,0,1,0,0,0,0,0,1,0,1,1,0,0,0,95,0,2,14399,0,3,locked test H4 trace decision 458; completion after N+3
integrated_1872,back_to_back_requests,1872,0,1,1,0,16384,58982,0,32768,0,1,0,0,0,0,0,95,0,2,14399,0,3,locked test H4 trace decision 459
integrated_1873,pipeline_wait,1873,0,0,1,0,0,0,0,0,0,1,0,0,0,0,0,95,0,2,14399,0,3,registered pipeline wait 1
integrated_1874,pipeline_wait,1874,0,0,1,0,0,0,0,0,0,1,0,0,0,0,0,95,0,2,14399,0,3,registered pipeline wait 2
integrated_1875,valid_complete,1875,0,0,1,0,0,0,0,0,1,0,1,1,0,0,0,83,2,2,14399,0,3,locked test H4 trace decision 459; completion after N+3
integrated_1876,back_to_back_requests,1876,0,1,1,0,16384,58982,0,32768,0,1,0,0,0,0,0,83,2,2,14399,0,3,locked test H4 trace decision 460
integrated_1877,pipeline_wait,1877,0,0,1,0,0,0,0,0,0,1,0,0,0,0,0,83,2,2,14399,0,3,registered pipeline wait 1
integrated_1878,pipeline_wait,1878,0,0,1,0,0,0,0,0,0,1,0,0,0,0,0,83,2,2,14399,0,3,registered pipeline wait 2
integrated_1879,valid_complete,1879,0,0,1,0,0,0,0,0,1,0,1,1,0,0,0,83,2,2,14399,0,3,locked test H4 trace decision 460; completion after N+3
integrated_1880,back_to_back_requests,1880,0,1,1,0,16384,58982,32768,32768,0,1,0,0,0,0,0,83,2,2,14399,0,3,locked test H4 trace decision 461
integrated_1881,pipeline_wait,1881,0,0,1,0,0,0,0,0,0,1,0,0,0,0,0,83,2,2,14399,0,3,registered pipeline wait 1
integrated_1882,pipeline_wait,1882,0,0,1,0,0,0,0,0,0,1,0,0,0,0,0,83,2,2,14399,0,3,registered pipeline wait 2
integrated_1883,valid_complete,1883,0,0,1,0,0,0,0,0,1,0,1,1,0,0,0,91,2,2,14399,0,3,locked test H4 trace decision 461; completion after N+3
integrated_1884,back_to_back_requests,1884,0,1,1,0,16384,58982,49151,32768,0,1,0,0,0,0,0,91,2,2,14399,0,3,locked test H4 trace decision 462
integrated_1885,pipeline_wait,1885,0,0,1,0,0,0,0,0,0,1,0,0,0,0,0,91,2,2,14399,0,3,registered pipeline wait 1
integrated_1886,pipeline_wait,1886,0,0,1,0,0,0,0,0,0,1,0,0,0,0,0,91,2,2,14399,0,3,registered pipeline wait 2
integrated_1887,dwell_switch,1887,0,0,1,0,0,0,0,0,1,0,1,1,0,0,0,95,0,0,13329,1,1,locked test H4 trace decision 462; completion after N+3
integrated_1888,back_to_back_requests,1888,0,1,1,0,16384,58982,49151,32768,0,1,0,0,0,0,0,95,0,0,13329,0,1,locked test H4 trace decision 463
integrated_1889,pipeline_wait,1889,0,0,1,0,0,0,0,0,0,1,0,0,0,0,0,95,0,0,13329,0,1,registered pipeline wait 1
integrated_1890,pipeline_wait,1890,0,0,1,0,0,0,0,0,0,1,0,0,0,0,0,95,0,0,13329,0,1,registered pipeline wait 2
integrated_1891,valid_complete,1891,0,0,1,0,0,0,0,0,1,0,1,1,0,0,0,95,0,0,13329,0,2,locked test H4 trace decision 463; completion after N+3
integrated_1892,back_to_back_requests,1892,0,1,1,0,16384,58982,49151,32768,0,1,0,0,0,0,0,95,0,0,13329,0,2,locked test H4 trace decision 464
integrated_1893,pipeline_wait,1893,0,0,1,0,0,0,0,0,0,1,0,0,0,0,0,95,0,0,13329,0,2,registered pipeline wait 1
integrated_1894,pipeline_wait,1894,0,0,1,0,0,0,0,0,0,1,0,0,0,0,0,95,0,0,13329,0,2,registered pipeline wait 2
integrated_1895,valid_complete,1895,0,0,1,0,0,0,0,0,1,0,1,1,0,0,0,95,0,0,13329,0,3,locked test H4 trace decision 464; completion after N+3
integrated_1896,back_to_back_requests,1896,0,1,1,0,16384,58982,0,32768,0,1,0,0,0,0,0,95,0,0,13329,0,3,locked test H4 trace decision 465
integrated_1897,pipeline_wait,1897,0,0,1,0,0,0,0,0,0,1,0,0,0,0,0,95,0,0,13329,0,3,registered pipeline wait 1
integrated_1898,pipeline_wait,1898,0,0,1,0,0,0,0,0,0,1,0,0,0,0,0,95,0,0,13329,0,3,registered pipeline wait 2
integrated_1899,dwell_switch,1899,0,0,1,0,0,0,0,0,1,0,1,1,0,0,0,83,2,2,14399,1,1,locked test H4 trace decision 465; completion after N+3
integrated_1900,back_to_back_requests,1900,0,1,1,0,16384,58982,32768,32768,0,1,0,0,0,0,0,83,2,2,14399,0,1,locked test H4 trace decision 466
integrated_1901,pipeline_wait,1901,0,0,1,0,0,0,0,0,0,1,0,0,0,0,0,83,2,2,14399,0,1,registered pipeline wait 1
integrated_1902,pipeline_wait,1902,0,0,1,0,0,0,0,0,0,1,0,0,0,0,0,83,2,2,14399,0,1,registered pipeline wait 2
integrated_1903,valid_complete,1903,0,0,1,0,0,0,0,0,1,0,1,1,0,0,0,91,2,2,14399,0,2,locked test H4 trace decision 466; completion after N+3
integrated_1904,back_to_back_requests,1904,0,1,1,0,16384,58982,32768,32768,0,1,0,0,0,0,0,91,2,2,14399,0,2,locked test H4 trace decision 467
integrated_1905,pipeline_wait,1905,0,0,1,0,0,0,0,0,0,1,0,0,0,0,0,91,2,2,14399,0,2,registered pipeline wait 1
integrated_1906,pipeline_wait,1906,0,0,1,0,0,0,0,0,0,1,0,0,0,0,0,91,2,2,14399,0,2,registered pipeline wait 2
integrated_1907,valid_complete,1907,0,0,1,0,0,0,0,0,1,0,1,1,0,0,0,91,2,2,14399,0,3,locked test H4 trace decision 467; completion after N+3
integrated_1908,back_to_back_requests,1908,0,1,1,0,16384,58982,49151,32768,0,1,0,0,0,0,0,91,2,2,14399,0,3,locked test H4 trace decision 468
integrated_1909,pipeline_wait,1909,0,0,1,0,0,0,0,0,0,1,0,0,0,0,0,91,2,2,14399,0,3,registered pipeline wait 1
integrated_1910,pipeline_wait,1910,0,0,1,0,0,0,0,0,0,1,0,0,0,0,0,91,2,2,14399,0,3,registered pipeline wait 2
integrated_1911,dwell_switch,1911,0,0,1,0,0,0,0,0,1,0,1,1,0,0,0,95,0,0,13329,1,1,locked test H4 trace decision 468; completion after N+3
integrated_1912,back_to_back_requests,1912,0,1,1,0,16384,58982,49151,32768,0,1,0,0,0,0,0,95,0,0,13329,0,1,locked test H4 trace decision 469
integrated_1913,pipeline_wait,1913,0,0,1,0,0,0,0,0,0,1,0,0,0,0,0,95,0,0,13329,0,1,registered pipeline wait 1
integrated_1914,pipeline_wait,1914,0,0,1,0,0,0,0,0,0,1,0,0,0,0,0,95,0,0,13329,0,1,registered pipeline wait 2
integrated_1915,valid_complete,1915,0,0,1,0,0,0,0,0,1,0,1,1,0,0,0,95,0,0,13329,0,2,locked test H4 trace decision 469; completion after N+3
integrated_1916,back_to_back_requests,1916,0,1,1,0,16384,58982,49151,32768,0,1,0,0,0,0,0,95,0,0,13329,0,2,locked test H4 trace decision 470
integrated_1917,pipeline_wait,1917,0,0,1,0,0,0,0,0,0,1,0,0,0,0,0,95,0,0,13329,0,2,registered pipeline wait 1
integrated_1918,pipeline_wait,1918,0,0,1,0,0,0,0,0,0,1,0,0,0,0,0,95,0,0,13329,0,2,registered pipeline wait 2
integrated_1919,valid_complete,1919,0,0,1,0,0,0,0,0,1,0,1,1,0,0,0,95,0,0,13329,0,3,locked test H4 trace decision 470; completion after N+3
integrated_1920,back_to_back_requests,1920,0,1,1,0,16384,58982,32768,32768,0,1,0,0,0,0,0,95,0,0,13329,0,3,locked test H4 trace decision 471
integrated_1921,pipeline_wait,1921,0,0,1,0,0,0,0,0,0,1,0,0,0,0,0,95,0,0,13329,0,3,registered pipeline wait 1
integrated_1922,pipeline_wait,1922,0,0,1,0,0,0,0,0,0,1,0,0,0,0,0,95,0,0,13329,0,3,registered pipeline wait 2
integrated_1923,dwell_switch,1923,0,0,1,0,0,0,0,0,1,0,1,1,0,0,0,91,2,2,14399,1,1,locked test H4 trace decision 471; completion after N+3
integrated_1924,back_to_back_requests,1924,0,1,1,0,16384,58982,49151,32768,0,1,0,0,0,0,0,91,2,2,14399,0,1,locked test H4 trace decision 472
integrated_1925,pipeline_wait,1925,0,0,1,0,0,0,0,0,0,1,0,0,0,0,0,91,2,2,14399,0,1,registered pipeline wait 1
integrated_1926,pipeline_wait,1926,0,0,1,0,0,0,0,0,0,1,0,0,0,0,0,91,2,2,14399,0,1,registered pipeline wait 2
integrated_1927,dwell_hold,1927,0,0,1,0,0,0,0,0,1,0,1,1,0,0,0,95,0,2,14399,0,2,locked test H4 trace decision 472; completion after N+3
integrated_1928,back_to_back_requests,1928,0,1,1,0,16384,58982,49151,32768,0,1,0,0,0,0,0,95,0,2,14399,0,2,locked test H4 trace decision 473
integrated_1929,pipeline_wait,1929,0,0,1,0,0,0,0,0,0,1,0,0,0,0,0,95,0,2,14399,0,2,registered pipeline wait 1
integrated_1930,pipeline_wait,1930,0,0,1,0,0,0,0,0,0,1,0,0,0,0,0,95,0,2,14399,0,2,registered pipeline wait 2
integrated_1931,dwell_hold,1931,0,0,1,0,0,0,0,0,1,0,1,1,0,0,0,95,0,2,14399,0,3,locked test H4 trace decision 473; completion after N+3
integrated_1932,back_to_back_requests,1932,0,1,1,0,16384,58982,49151,32768,0,1,0,0,0,0,0,95,0,2,14399,0,3,locked test H4 trace decision 474
integrated_1933,pipeline_wait,1933,0,0,1,0,0,0,0,0,0,1,0,0,0,0,0,95,0,2,14399,0,3,registered pipeline wait 1
integrated_1934,pipeline_wait,1934,0,0,1,0,0,0,0,0,0,1,0,0,0,0,0,95,0,2,14399,0,3,registered pipeline wait 2
integrated_1935,dwell_switch,1935,0,0,1,0,0,0,0,0,1,0,1,1,0,0,0,95,0,0,13329,1,1,locked test H4 trace decision 474; completion after N+3
integrated_1936,back_to_back_requests,1936,0,1,1,0,16384,58982,0,32768,0,1,0,0,0,0,0,95,0,0,13329,0,1,locked test H4 trace decision 475
integrated_1937,pipeline_wait,1937,0,0,1,0,0,0,0,0,0,1,0,0,0,0,0,95,0,0,13329,0,1,registered pipeline wait 1
integrated_1938,pipeline_wait,1938,0,0,1,0,0,0,0,0,0,1,0,0,0,0,0,95,0,0,13329,0,1,registered pipeline wait 2
integrated_1939,dwell_hold,1939,0,0,1,0,0,0,0,0,1,0,1,1,0,0,0,83,2,0,13329,0,2,locked test H4 trace decision 475; completion after N+3
integrated_1940,back_to_back_requests,1940,0,1,1,0,16384,58982,49151,32768,0,1,0,0,0,0,0,83,2,0,13329,0,2,locked test H4 trace decision 476
integrated_1941,pipeline_wait,1941,0,0,1,0,0,0,0,0,0,1,0,0,0,0,0,83,2,0,13329,0,2,registered pipeline wait 1
integrated_1942,pipeline_wait,1942,0,0,1,0,0,0,0,0,0,1,0,0,0,0,0,83,2,0,13329,0,2,registered pipeline wait 2
integrated_1943,valid_complete,1943,0,0,1,0,0,0,0,0,1,0,1,1,0,0,0,95,0,0,13329,0,3,locked test H4 trace decision 476; completion after N+3
integrated_1944,back_to_back_requests,1944,0,1,1,0,16384,58982,49151,32768,0,1,0,0,0,0,0,95,0,0,13329,0,3,locked test H4 trace decision 477
integrated_1945,pipeline_wait,1945,0,0,1,0,0,0,0,0,0,1,0,0,0,0,0,95,0,0,13329,0,3,registered pipeline wait 1
integrated_1946,pipeline_wait,1946,0,0,1,0,0,0,0,0,0,1,0,0,0,0,0,95,0,0,13329,0,3,registered pipeline wait 2
integrated_1947,valid_complete,1947,0,0,1,0,0,0,0,0,1,0,1,1,0,0,0,95,0,0,13329,0,3,locked test H4 trace decision 477; completion after N+3
integrated_1948,back_to_back_requests,1948,0,1,1,0,16384,58982,49151,32768,0,1,0,0,0,0,0,95,0,0,13329,0,3,locked test H4 trace decision 478
integrated_1949,pipeline_wait,1949,0,0,1,0,0,0,0,0,0,1,0,0,0,0,0,95,0,0,13329,0,3,registered pipeline wait 1
integrated_1950,pipeline_wait,1950,0,0,1,0,0,0,0,0,0,1,0,0,0,0,0,95,0,0,13329,0,3,registered pipeline wait 2
integrated_1951,valid_complete,1951,0,0,1,0,0,0,0,0,1,0,1,1,0,0,0,95,0,0,13329,0,3,locked test H4 trace decision 478; completion after N+3
integrated_1952,back_to_back_requests,1952,0,1,1,0,16384,58982,0,32768,0,1,0,0,0,0,0,95,0,0,13329,0,3,locked test H4 trace decision 479
integrated_1953,pipeline_wait,1953,0,0,1,0,0,0,0,0,0,1,0,0,0,0,0,95,0,0,13329,0,3,registered pipeline wait 1
integrated_1954,pipeline_wait,1954,0,0,1,0,0,0,0,0,0,1,0,0,0,0,0,95,0,0,13329,0,3,registered pipeline wait 2
integrated_1955,dwell_switch,1955,0,0,1,0,0,0,0,0,1,0,1,1,0,0,0,83,2,2,14399,1,1,locked test H4 trace decision 479; completion after N+3
integrated_1956,back_to_back_requests,1956,0,1,1,0,16384,58982,49151,32768,0,1,0,0,0,0,0,83,2,2,14399,0,1,locked test H4 trace decision 480
integrated_1957,pipeline_wait,1957,0,0,1,0,0,0,0,0,0,1,0,0,0,0,0,83,2,2,14399,0,1,registered pipeline wait 1
integrated_1958,pipeline_wait,1958,0,0,1,0,0,0,0,0,0,1,0,0,0,0,0,83,2,2,14399,0,1,registered pipeline wait 2
integrated_1959,dwell_hold,1959,0,0,1,0,0,0,0,0,1,0,1,1,0,0,0,95,0,2,14399,0,2,locked test H4 trace decision 480; completion after N+3
integrated_1960,back_to_back_requests,1960,0,1,1,0,16384,62914,49151,32768,0,1,0,0,0,0,0,95,0,2,14399,0,2,locked test H4 trace decision 481
integrated_1961,pipeline_wait,1961,0,0,1,0,0,0,0,0,0,1,0,0,0,0,0,95,0,2,14399,0,2,registered pipeline wait 1
integrated_1962,pipeline_wait,1962,0,0,1,0,0,0,0,0,0,1,0,0,0,0,0,95,0,2,14399,0,2,registered pipeline wait 2
integrated_1963,dwell_hold,1963,0,0,1,0,0,0,0,0,1,0,1,1,0,0,0,127,3,2,14399,0,3,locked test H4 trace decision 481; completion after N+3
integrated_1964,back_to_back_requests,1964,0,1,1,0,16384,62914,49151,32768,0,1,0,0,0,0,0,127,3,2,14399,0,3,locked test H4 trace decision 482
integrated_1965,pipeline_wait,1965,0,0,1,0,0,0,0,0,0,1,0,0,0,0,0,127,3,2,14399,0,3,registered pipeline wait 1
integrated_1966,pipeline_wait,1966,0,0,1,0,0,0,0,0,0,1,0,0,0,0,0,127,3,2,14399,0,3,registered pipeline wait 2
integrated_1967,dwell_switch,1967,0,0,1,0,0,0,0,0,1,0,1,1,0,0,0,127,3,3,0A2A5,1,1,locked test H4 trace decision 482; completion after N+3
integrated_1968,back_to_back_requests,1968,0,1,1,0,32768,62914,49151,32768,0,1,0,0,0,0,0,127,3,3,0A2A5,0,1,locked test H4 trace decision 483
integrated_1969,pipeline_wait,1969,0,0,1,0,0,0,0,0,0,1,0,0,0,0,0,127,3,3,0A2A5,0,1,registered pipeline wait 1
integrated_1970,pipeline_wait,1970,0,0,1,0,0,0,0,0,0,1,0,0,0,0,0,127,3,3,0A2A5,0,1,registered pipeline wait 2
integrated_1971,dwell_hold,1971,0,0,1,0,0,0,0,0,1,0,1,1,0,0,0,191,2,3,0A2A5,0,2,locked test H4 trace decision 483; completion after N+3
integrated_1972,back_to_back_requests,1972,0,1,1,0,32768,62914,49151,32768,0,1,0,0,0,0,0,191,2,3,0A2A5,0,2,locked test H4 trace decision 484
integrated_1973,pipeline_wait,1973,0,0,1,0,0,0,0,0,0,1,0,0,0,0,0,191,2,3,0A2A5,0,2,registered pipeline wait 1
integrated_1974,pipeline_wait,1974,0,0,1,0,0,0,0,0,0,1,0,0,0,0,0,191,2,3,0A2A5,0,2,registered pipeline wait 2
integrated_1975,dwell_hold,1975,0,0,1,0,0,0,0,0,1,0,1,1,0,0,0,191,2,3,0A2A5,0,3,locked test H4 trace decision 484; completion after N+3
integrated_1976,back_to_back_requests,1976,0,1,1,0,49151,62914,49151,32768,0,1,0,0,0,0,0,191,2,3,0A2A5,0,3,locked test H4 trace decision 485
integrated_1977,pipeline_wait,1977,0,0,1,0,0,0,0,0,0,1,0,0,0,0,0,191,2,3,0A2A5,0,3,registered pipeline wait 1
integrated_1978,pipeline_wait,1978,0,0,1,0,0,0,0,0,0,1,0,0,0,0,0,191,2,3,0A2A5,0,3,registered pipeline wait 2
integrated_1979,valid_complete,1979,0,0,1,0,0,0,0,0,1,0,1,1,0,0,0,255,3,3,0A2A5,0,3,locked test H4 trace decision 485; completion after N+3
integrated_1980,back_to_back_requests,1980,0,1,1,0,49151,62914,49151,16384,0,1,0,0,0,0,0,255,3,3,0A2A5,0,3,locked test H4 trace decision 486
integrated_1981,pipeline_wait,1981,0,0,1,0,0,0,0,0,0,1,0,0,0,0,0,255,3,3,0A2A5,0,3,registered pipeline wait 1
integrated_1982,pipeline_wait,1982,0,0,1,0,0,0,0,0,0,1,0,0,0,0,0,255,3,3,0A2A5,0,3,registered pipeline wait 2
integrated_1983,dwell_switch,1983,0,0,1,0,0,0,0,0,1,0,1,1,0,0,0,254,1,1,1B516,1,1,locked test H4 trace decision 486; completion after N+3
integrated_1984,back_to_back_requests,1984,0,1,1,0,49151,62914,49151,16384,0,1,0,0,0,0,0,254,1,1,1B516,0,1,locked test H4 trace decision 487
integrated_1985,pipeline_wait,1985,0,0,1,0,0,0,0,0,0,1,0,0,0,0,0,254,1,1,1B516,0,1,registered pipeline wait 1
integrated_1986,pipeline_wait,1986,0,0,1,0,0,0,0,0,0,1,0,0,0,0,0,254,1,1,1B516,0,1,registered pipeline wait 2
integrated_1987,valid_complete,1987,0,0,1,0,0,0,0,0,1,0,1,1,0,0,0,254,1,1,1B516,0,2,locked test H4 trace decision 487; completion after N+3
integrated_1988,back_to_back_requests,1988,0,1,1,0,49151,62914,49151,8192,0,1,0,0,0,0,0,254,1,1,1B516,0,2,locked test H4 trace decision 488
integrated_1989,pipeline_wait,1989,0,0,1,0,0,0,0,0,0,1,0,0,0,0,0,254,1,1,1B516,0,2,registered pipeline wait 1
integrated_1990,pipeline_wait,1990,0,0,1,0,0,0,0,0,0,1,0,0,0,0,0,254,1,1,1B516,0,2,registered pipeline wait 2
integrated_1991,dwell_hold,1991,0,0,1,0,0,0,0,0,1,0,1,1,0,0,0,253,3,1,1B516,0,3,locked test H4 trace decision 488; completion after N+3
integrated_1992,back_to_back_requests,1992,0,1,1,0,49151,62914,49151,0,0,1,0,0,0,0,0,253,3,1,1B516,0,3,locked test H4 trace decision 489
integrated_1993,pipeline_wait,1993,0,0,1,0,0,0,0,0,0,1,0,0,0,0,0,253,3,1,1B516,0,3,registered pipeline wait 1
integrated_1994,pipeline_wait,1994,0,0,1,0,0,0,0,0,0,1,0,0,0,0,0,253,3,1,1B516,0,3,registered pipeline wait 2
integrated_1995,dwell_switch,1995,0,0,1,0,0,0,0,0,1,0,1,1,0,0,0,252,0,0,13329,1,1,locked test H4 trace decision 489; completion after N+3
integrated_1996,back_to_back_requests,1996,0,1,1,0,49151,62914,49151,8192,0,1,0,0,0,0,0,252,0,0,13329,0,1,locked test H4 trace decision 490
integrated_1997,pipeline_wait,1997,0,0,1,0,0,0,0,0,0,1,0,0,0,0,0,252,0,0,13329,0,1,registered pipeline wait 1
integrated_1998,pipeline_wait,1998,0,0,1,0,0,0,0,0,0,1,0,0,0,0,0,252,0,0,13329,0,1,registered pipeline wait 2
integrated_1999,dwell_hold,1999,0,0,1,0,0,0,0,0,1,0,1,1,0,0,0,253,3,0,13329,0,2,locked test H4 trace decision 490; completion after N+3
integrated_2000,back_to_back_requests,2000,0,1,1,0,49151,62914,49151,16384,0,1,0,0,0,0,0,253,3,0,13329,0,2,locked test H4 trace decision 491
integrated_2001,pipeline_wait,2001,0,0,1,0,0,0,0,0,0,1,0,0,0,0,0,253,3,0,13329,0,2,registered pipeline wait 1
integrated_2002,pipeline_wait,2002,0,0,1,0,0,0,0,0,0,1,0,0,0,0,0,253,3,0,13329,0,2,registered pipeline wait 2
integrated_2003,dwell_hold,2003,0,0,1,0,0,0,0,0,1,0,1,1,0,0,0,254,1,0,13329,0,3,locked test H4 trace decision 491; completion after N+3
integrated_2004,back_to_back_requests,2004,0,1,1,0,49151,62914,49151,16384,0,1,0,0,0,0,0,254,1,0,13329,0,3,locked test H4 trace decision 492
integrated_2005,pipeline_wait,2005,0,0,1,0,0,0,0,0,0,1,0,0,0,0,0,254,1,0,13329,0,3,registered pipeline wait 1
integrated_2006,pipeline_wait,2006,0,0,1,0,0,0,0,0,0,1,0,0,0,0,0,254,1,0,13329,0,3,registered pipeline wait 2
integrated_2007,dwell_switch,2007,0,0,1,0,0,0,0,0,1,0,1,1,0,0,0,254,1,1,1B516,1,1,locked test H4 trace decision 492; completion after N+3
integrated_2008,back_to_back_requests,2008,0,1,1,0,49151,62914,49151,16384,0,1,0,0,0,0,0,254,1,1,1B516,0,1,locked test H4 trace decision 493
integrated_2009,pipeline_wait,2009,0,0,1,0,0,0,0,0,0,1,0,0,0,0,0,254,1,1,1B516,0,1,registered pipeline wait 1
integrated_2010,pipeline_wait,2010,0,0,1,0,0,0,0,0,0,1,0,0,0,0,0,254,1,1,1B516,0,1,registered pipeline wait 2
integrated_2011,valid_complete,2011,0,0,1,0,0,0,0,0,1,0,1,1,0,0,0,254,1,1,1B516,0,2,locked test H4 trace decision 493; completion after N+3
integrated_2012,back_to_back_requests,2012,0,1,1,0,49151,62914,49151,16384,0,1,0,0,0,0,0,254,1,1,1B516,0,2,locked test H4 trace decision 494
integrated_2013,pipeline_wait,2013,0,0,1,0,0,0,0,0,0,1,0,0,0,0,0,254,1,1,1B516,0,2,registered pipeline wait 1
integrated_2014,pipeline_wait,2014,0,0,1,0,0,0,0,0,0,1,0,0,0,0,0,254,1,1,1B516,0,2,registered pipeline wait 2
integrated_2015,valid_complete,2015,0,0,1,0,0,0,0,0,1,0,1,1,0,0,0,254,1,1,1B516,0,3,locked test H4 trace decision 494; completion after N+3
integrated_2016,back_to_back_requests,2016,0,1,1,0,49151,62914,49151,16384,0,1,0,0,0,0,0,254,1,1,1B516,0,3,locked test H4 trace decision 495
integrated_2017,pipeline_wait,2017,0,0,1,0,0,0,0,0,0,1,0,0,0,0,0,254,1,1,1B516,0,3,registered pipeline wait 1
integrated_2018,pipeline_wait,2018,0,0,1,0,0,0,0,0,0,1,0,0,0,0,0,254,1,1,1B516,0,3,registered pipeline wait 2
integrated_2019,valid_complete,2019,0,0,1,0,0,0,0,0,1,0,1,1,0,0,0,254,1,1,1B516,0,3,locked test H4 trace decision 495; completion after N+3
integrated_2020,back_to_back_requests,2020,0,1,1,0,49151,62914,49151,16384,0,1,0,0,0,0,0,254,1,1,1B516,0,3,locked test H4 trace decision 496
integrated_2021,pipeline_wait,2021,0,0,1,0,0,0,0,0,0,1,0,0,0,0,0,254,1,1,1B516,0,3,registered pipeline wait 1
integrated_2022,pipeline_wait,2022,0,0,1,0,0,0,0,0,0,1,0,0,0,0,0,254,1,1,1B516,0,3,registered pipeline wait 2
integrated_2023,valid_complete,2023,0,0,1,0,0,0,0,0,1,0,1,1,0,0,0,254,1,1,1B516,0,3,locked test H4 trace decision 496; completion after N+3
integrated_2024,back_to_back_requests,2024,0,1,1,0,49151,62914,49151,16384,0,1,0,0,0,0,0,254,1,1,1B516,0,3,locked test H4 trace decision 497
integrated_2025,pipeline_wait,2025,0,0,1,0,0,0,0,0,0,1,0,0,0,0,0,254,1,1,1B516,0,3,registered pipeline wait 1
integrated_2026,pipeline_wait,2026,0,0,1,0,0,0,0,0,0,1,0,0,0,0,0,254,1,1,1B516,0,3,registered pipeline wait 2
integrated_2027,valid_complete,2027,0,0,1,0,0,0,0,0,1,0,1,1,0,0,0,254,1,1,1B516,0,3,locked test H4 trace decision 497; completion after N+3
integrated_2028,back_to_back_requests,2028,0,1,1,0,49151,62914,49151,16384,0,1,0,0,0,0,0,254,1,1,1B516,0,3,locked test H4 trace decision 498
integrated_2029,pipeline_wait,2029,0,0,1,0,0,0,0,0,0,1,0,0,0,0,0,254,1,1,1B516,0,3,registered pipeline wait 1
integrated_2030,pipeline_wait,2030,0,0,1,0,0,0,0,0,0,1,0,0,0,0,0,254,1,1,1B516,0,3,registered pipeline wait 2
integrated_2031,valid_complete,2031,0,0,1,0,0,0,0,0,1,0,1,1,0,0,0,254,1,1,1B516,0,3,locked test H4 trace decision 498; completion after N+3
integrated_2032,back_to_back_requests,2032,0,1,1,0,49151,62914,49151,8192,0,1,0,0,0,0,0,254,1,1,1B516,0,3,locked test H4 trace decision 499
integrated_2033,pipeline_wait,2033,0,0,1,0,0,0,0,0,0,1,0,0,0,0,0,254,1,1,1B516,0,3,registered pipeline wait 1
integrated_2034,pipeline_wait,2034,0,0,1,0,0,0,0,0,0,1,0,0,0,0,0,254,1,1,1B516,0,3,registered pipeline wait 2
integrated_2035,dwell_switch,2035,0,0,1,0,0,0,0,0,1,0,1,1,0,0,0,253,3,3,0A2A5,1,1,locked test H4 trace decision 499; completion after N+3
integrated_2036,back_to_back_requests,2036,0,1,1,0,49151,62914,49151,0,0,1,0,0,0,0,0,253,3,3,0A2A5,0,1,locked test H4 trace decision 500
integrated_2037,pipeline_wait,2037,0,0,1,0,0,0,0,0,0,1,0,0,0,0,0,253,3,3,0A2A5,0,1,registered pipeline wait 1
integrated_2038,pipeline_wait,2038,0,0,1,0,0,0,0,0,0,1,0,0,0,0,0,253,3,3,0A2A5,0,1,registered pipeline wait 2
integrated_2039,dwell_hold,2039,0,0,1,0,0,0,0,0,1,0,1,1,0,0,0,252,0,3,0A2A5,0,2,locked test H4 trace decision 500; completion after N+3
integrated_2040,back_to_back_requests,2040,0,1,1,0,49151,62914,49151,8192,0,1,0,0,0,0,0,252,0,3,0A2A5,0,2,locked test H4 trace decision 501
integrated_2041,pipeline_wait,2041,0,0,1,0,0,0,0,0,0,1,0,0,0,0,0,252,0,3,0A2A5,0,2,registered pipeline wait 1
integrated_2042,pipeline_wait,2042,0,0,1,0,0,0,0,0,0,1,0,0,0,0,0,252,0,3,0A2A5,0,2,registered pipeline wait 2
integrated_2043,valid_complete,2043,0,0,1,0,0,0,0,0,1,0,1,1,0,0,0,253,3,3,0A2A5,0,3,locked test H4 trace decision 501; completion after N+3
integrated_2044,back_to_back_requests,2044,0,1,1,0,49151,62914,49151,8192,0,1,0,0,0,0,0,253,3,3,0A2A5,0,3,locked test H4 trace decision 502
integrated_2045,pipeline_wait,2045,0,0,1,0,0,0,0,0,0,1,0,0,0,0,0,253,3,3,0A2A5,0,3,registered pipeline wait 1
integrated_2046,pipeline_wait,2046,0,0,1,0,0,0,0,0,0,1,0,0,0,0,0,253,3,3,0A2A5,0,3,registered pipeline wait 2
integrated_2047,valid_complete,2047,0,0,1,0,0,0,0,0,1,0,1,1,0,0,0,253,3,3,0A2A5,0,3,locked test H4 trace decision 502; completion after N+3
integrated_2048,back_to_back_requests,2048,0,1,1,0,49151,62914,49151,8192,0,1,0,0,0,0,0,253,3,3,0A2A5,0,3,locked test H4 trace decision 503
integrated_2049,pipeline_wait,2049,0,0,1,0,0,0,0,0,0,1,0,0,0,0,0,253,3,3,0A2A5,0,3,registered pipeline wait 1
integrated_2050,pipeline_wait,2050,0,0,1,0,0,0,0,0,0,1,0,0,0,0,0,253,3,3,0A2A5,0,3,registered pipeline wait 2
integrated_2051,valid_complete,2051,0,0,1,0,0,0,0,0,1,0,1,1,0,0,0,253,3,3,0A2A5,0,3,locked test H4 trace decision 503; completion after N+3
integrated_2052,back_to_back_requests,2052,0,1,1,0,49151,62914,49151,8192,0,1,0,0,0,0,0,253,3,3,0A2A5,0,3,locked test H4 trace decision 504
integrated_2053,pipeline_wait,2053,0,0,1,0,0,0,0,0,0,1,0,0,0,0,0,253,3,3,0A2A5,0,3,registered pipeline wait 1
integrated_2054,pipeline_wait,2054,0,0,1,0,0,0,0,0,0,1,0,0,0,0,0,253,3,3,0A2A5,0,3,registered pipeline wait 2
integrated_2055,valid_complete,2055,0,0,1,0,0,0,0,0,1,0,1,1,0,0,0,253,3,3,0A2A5,0,3,locked test H4 trace decision 504; completion after N+3
integrated_2056,back_to_back_requests,2056,0,1,1,0,49151,62914,49151,8192,0,1,0,0,0,0,0,253,3,3,0A2A5,0,3,locked test H4 trace decision 505
integrated_2057,pipeline_wait,2057,0,0,1,0,0,0,0,0,0,1,0,0,0,0,0,253,3,3,0A2A5,0,3,registered pipeline wait 1
integrated_2058,pipeline_wait,2058,0,0,1,0,0,0,0,0,0,1,0,0,0,0,0,253,3,3,0A2A5,0,3,registered pipeline wait 2
integrated_2059,valid_complete,2059,0,0,1,0,0,0,0,0,1,0,1,1,0,0,0,253,3,3,0A2A5,0,3,locked test H4 trace decision 505; completion after N+3
integrated_2060,back_to_back_requests,2060,0,1,1,0,49151,62914,49151,8192,0,1,0,0,0,0,0,253,3,3,0A2A5,0,3,locked test H4 trace decision 506
integrated_2061,pipeline_wait,2061,0,0,1,0,0,0,0,0,0,1,0,0,0,0,0,253,3,3,0A2A5,0,3,registered pipeline wait 1
integrated_2062,pipeline_wait,2062,0,0,1,0,0,0,0,0,0,1,0,0,0,0,0,253,3,3,0A2A5,0,3,registered pipeline wait 2
integrated_2063,valid_complete,2063,0,0,1,0,0,0,0,0,1,0,1,1,0,0,0,253,3,3,0A2A5,0,3,locked test H4 trace decision 506; completion after N+3
integrated_2064,back_to_back_requests,2064,0,1,1,0,49151,62914,49151,8192,0,1,0,0,0,0,0,253,3,3,0A2A5,0,3,locked test H4 trace decision 507
integrated_2065,pipeline_wait,2065,0,0,1,0,0,0,0,0,0,1,0,0,0,0,0,253,3,3,0A2A5,0,3,registered pipeline wait 1
integrated_2066,pipeline_wait,2066,0,0,1,0,0,0,0,0,0,1,0,0,0,0,0,253,3,3,0A2A5,0,3,registered pipeline wait 2
integrated_2067,valid_complete,2067,0,0,1,0,0,0,0,0,1,0,1,1,0,0,0,253,3,3,0A2A5,0,3,locked test H4 trace decision 507; completion after N+3
integrated_2068,back_to_back_requests,2068,0,1,1,0,49151,62914,49151,8192,0,1,0,0,0,0,0,253,3,3,0A2A5,0,3,locked test H4 trace decision 508
integrated_2069,pipeline_wait,2069,0,0,1,0,0,0,0,0,0,1,0,0,0,0,0,253,3,3,0A2A5,0,3,registered pipeline wait 1
integrated_2070,pipeline_wait,2070,0,0,1,0,0,0,0,0,0,1,0,0,0,0,0,253,3,3,0A2A5,0,3,registered pipeline wait 2
integrated_2071,valid_complete,2071,0,0,1,0,0,0,0,0,1,0,1,1,0,0,0,253,3,3,0A2A5,0,3,locked test H4 trace decision 508; completion after N+3
integrated_2072,back_to_back_requests,2072,0,1,1,0,49151,62914,49151,0,0,1,0,0,0,0,0,253,3,3,0A2A5,0,3,locked test H4 trace decision 509
integrated_2073,pipeline_wait,2073,0,0,1,0,0,0,0,0,0,1,0,0,0,0,0,253,3,3,0A2A5,0,3,registered pipeline wait 1
integrated_2074,pipeline_wait,2074,0,0,1,0,0,0,0,0,0,1,0,0,0,0,0,253,3,3,0A2A5,0,3,registered pipeline wait 2
integrated_2075,dwell_switch,2075,0,0,1,0,0,0,0,0,1,0,1,1,0,0,0,252,0,0,13329,1,1,locked test H4 trace decision 509; completion after N+3
integrated_2076,back_to_back_requests,2076,0,1,1,0,49151,62914,49151,0,0,1,0,0,0,0,0,252,0,0,13329,0,1,locked test H4 trace decision 510
integrated_2077,pipeline_wait,2077,0,0,1,0,0,0,0,0,0,1,0,0,0,0,0,252,0,0,13329,0,1,registered pipeline wait 1
integrated_2078,pipeline_wait,2078,0,0,1,0,0,0,0,0,0,1,0,0,0,0,0,252,0,0,13329,0,1,registered pipeline wait 2
integrated_2079,valid_complete,2079,0,0,1,0,0,0,0,0,1,0,1,1,0,0,0,252,0,0,13329,0,2,locked test H4 trace decision 510; completion after N+3
integrated_2080,back_to_back_requests,2080,0,1,1,0,49151,62914,49151,0,0,1,0,0,0,0,0,252,0,0,13329,0,2,locked test H4 trace decision 511
integrated_2081,pipeline_wait,2081,0,0,1,0,0,0,0,0,0,1,0,0,0,0,0,252,0,0,13329,0,2,registered pipeline wait 1
integrated_2082,pipeline_wait,2082,0,0,1,0,0,0,0,0,0,1,0,0,0,0,0,252,0,0,13329,0,2,registered pipeline wait 2
integrated_2083,valid_complete,2083,0,0,1,0,0,0,0,0,1,0,1,1,0,0,0,252,0,0,13329,0,3,locked test H4 trace decision 511; completion after N+3
integrated_2084,reset,2084,1,1,1,0,0,0,0,0,1,0,0,0,0,0,0,0,0,0,00000,0,0,independent reset before directed exception trace
integrated_2085,valid_accept,2085,0,1,1,0,0,0,0,0,0,1,0,0,0,0,0,0,0,0,00000,0,0,directed proposal action 0
integrated_2086,pipeline_wait,2086,0,0,1,0,0,0,0,0,0,1,0,0,0,0,0,0,0,0,00000,0,0,registered pipeline wait 1
integrated_2087,pipeline_wait,2087,0,0,1,0,0,0,0,0,0,1,0,0,0,0,0,0,0,0,00000,0,0,registered pipeline wait 2
integrated_2088,valid_complete,2088,0,0,1,0,0,0,0,0,1,0,1,1,0,0,0,0,0,0,13329,0,1,directed proposal action 0; completion after N+3
integrated_2089,back_to_back_requests,2089,0,1,1,0,0,58982,32768,8192,0,1,0,0,0,0,0,0,0,0,13329,0,1,directed proposal action 1
integrated_2090,pipeline_wait,2090,0,0,1,0,0,0,0,0,0,1,0,0,0,0,0,0,0,0,13329,0,1,registered pipeline wait 1
integrated_2091,pipeline_wait,2091,0,0,1,0,0,0,0,0,0,1,0,0,0,0,0,0,0,0,13329,0,1,registered pipeline wait 2
integrated_2092,dwell_hold,2092,0,0,1,0,0,0,0,0,1,0,1,1,0,0,0,25,1,0,13329,0,2,directed proposal action 1; completion after N+3
integrated_2093,back_to_back_requests,2093,0,1,1,0,0,58982,32768,8192,0,1,0,0,0,0,0,25,1,0,13329,0,2,directed proposal action 1
integrated_2094,pipeline_wait,2094,0,0,1,0,0,0,0,0,0,1,0,0,0,0,0,25,1,0,13329,0,2,registered pipeline wait 1
integrated_2095,pipeline_wait,2095,0,0,1,0,0,0,0,0,0,1,0,0,0,0,0,25,1,0,13329,0,2,registered pipeline wait 2
integrated_2096,dwell_hold,2096,0,0,1,0,0,0,0,0,1,0,1,1,0,0,0,25,1,0,13329,0,3,directed proposal action 1; completion after N+3
integrated_2097,back_to_back_requests,2097,0,1,1,0,0,58982,32768,8192,0,1,0,0,0,0,0,25,1,0,13329,0,3,directed proposal action 1
integrated_2098,pipeline_wait,2098,0,0,1,0,0,0,0,0,0,1,0,0,0,0,0,25,1,0,13329,0,3,registered pipeline wait 1
integrated_2099,pipeline_wait,2099,0,0,1,0,0,0,0,0,0,1,0,0,0,0,0,25,1,0,13329,0,3,registered pipeline wait 2
integrated_2100,dwell_switch,2100,0,0,1,0,0,0,0,0,1,0,1,1,0,0,0,25,1,1,1B516,1,1,directed proposal action 1; completion after N+3
integrated_2101,back_to_back_requests,2101,0,1,1,0,0,58982,32768,8192,0,1,0,0,0,0,0,25,1,1,1B516,0,1,directed proposal action 1
integrated_2102,pipeline_wait,2102,0,0,1,0,0,0,0,0,0,1,0,0,0,0,0,25,1,1,1B516,0,1,registered pipeline wait 1
integrated_2103,pipeline_wait,2103,0,0,1,0,0,0,0,0,0,1,0,0,0,0,0,25,1,1,1B516,0,1,registered pipeline wait 2
integrated_2104,valid_complete,2104,0,0,1,0,0,0,0,0,1,0,1,1,0,0,0,25,1,1,1B516,0,2,directed proposal action 1; completion after N+3
integrated_2105,back_to_back_requests,2105,0,1,1,0,0,58982,0,8192,0,1,0,0,0,0,0,25,1,1,1B516,0,2,directed proposal action 2
integrated_2106,pipeline_wait,2106,0,0,1,0,0,0,0,0,0,1,0,0,0,0,0,25,1,1,1B516,0,2,registered pipeline wait 1
integrated_2107,pipeline_wait,2107,0,0,1,0,0,0,0,0,0,1,0,0,0,0,0,25,1,1,1B516,0,2,registered pipeline wait 2
integrated_2108,dwell_hold,2108,0,0,1,0,0,0,0,0,1,0,1,1,0,0,0,17,2,1,1B516,0,3,directed proposal action 2; completion after N+3
integrated_2109,back_to_back_requests,2109,0,1,1,0,0,58982,0,8192,0,1,0,0,0,0,0,17,2,1,1B516,0,3,directed proposal action 2
integrated_2110,pipeline_wait,2110,0,0,1,0,0,0,0,0,0,1,0,0,0,0,0,17,2,1,1B516,0,3,registered pipeline wait 1
integrated_2111,pipeline_wait,2111,0,0,1,0,0,0,0,0,0,1,0,0,0,0,0,17,2,1,1B516,0,3,registered pipeline wait 2
integrated_2112,dwell_switch,2112,0,0,1,0,0,0,0,0,1,0,1,1,0,0,0,17,2,2,14399,1,1,directed proposal action 2; completion after N+3
integrated_2113,back_to_back_requests,2113,0,1,1,1,0,58982,0,8192,0,1,0,0,0,0,0,17,2,2,14399,0,1,directed proposal action 2
integrated_2114,pipeline_wait,2114,0,0,1,0,0,0,0,0,0,1,0,0,0,0,0,17,2,2,14399,0,1,registered pipeline wait 1
integrated_2115,pipeline_wait,2115,0,0,1,0,0,0,0,0,0,1,0,0,0,0,0,17,2,2,14399,0,1,registered pipeline wait 2
integrated_2116,no_path_passthrough,2116,0,0,1,0,0,0,0,0,1,0,1,1,0,0,1,17,2,2,14399,0,2,directed proposal action 2; completion after N+3
integrated_2117,back_to_back_requests,2117,0,1,1,0,16384,60948,32768,0,0,1,0,0,0,0,0,17,2,2,14399,0,2,directed proposal action 3
integrated_2118,pipeline_wait,2118,0,0,1,0,0,0,0,0,0,1,0,0,0,0,0,17,2,2,14399,0,2,registered pipeline wait 1
integrated_2119,pipeline_wait,2119,0,0,1,0,0,0,0,0,0,1,0,0,0,0,0,17,2,2,14399,0,2,registered pipeline wait 2
integrated_2120,dwell_hold,2120,0,0,1,0,0,0,0,0,1,0,1,1,0,0,0,104,3,2,14399,0,3,directed proposal action 3; completion after N+3
integrated_2121,back_to_back_requests,2121,0,1,1,0,16384,60948,32768,0,0,1,0,0,0,0,0,104,3,2,14399,0,3,directed proposal action 3
integrated_2122,pipeline_wait,2122,0,0,1,0,0,0,0,0,0,1,0,0,0,0,0,104,3,2,14399,0,3,registered pipeline wait 1
integrated_2123,pipeline_wait,2123,0,0,1,0,0,0,0,0,0,1,0,0,0,0,0,104,3,2,14399,0,3,registered pipeline wait 2
integrated_2124,dwell_switch,2124,0,0,1,0,0,0,0,0,1,0,1,1,0,0,0,104,3,3,0A2A5,1,1,directed proposal action 3; completion after N+3
