0 1 1 1 0 0 0 0 0 1 0 0 0 0 0 0 0 0 0 0 0 0
1 0 1 1 0 32768 62914 16384 0 0 1 0 0 0 0 0 0 0 0 0 0 0
2 0 0 1 0 0 0 0 0 0 1 0 0 0 0 0 0 0 0 0 0 0
3 0 0 1 0 0 0 0 0 0 1 0 0 0 0 0 0 0 0 0 0 0
4 0 0 1 0 0 0 0 0 1 0 1 1 0 0 0 180 1 1 111894 0 1
5 0 1 1 0 16384 58982 49151 8192 0 1 0 0 0 0 0 180 1 1 111894 0 1
6 0 0 1 0 0 0 0 0 0 1 0 0 0 0 0 180 1 1 111894 0 1
7 0 0 1 0 0 0 0 0 0 1 0 0 0 0 0 180 1 1 111894 0 1
8 0 0 1 0 0 0 0 0 1 0 1 1 0 0 0 93 2 1 111894 0 2
9 0 1 1 0 16384 58982 32768 0 0 1 0 0 0 0 0 93 2 1 111894 0 2
10 0 1 1 0 16384 58982 32768 8192 0 1 0 0 0 1 0 93 2 1 111894 0 2
11 0 0 1 0 0 0 0 0 0 1 0 0 0 0 0 93 2 1 111894 0 2
12 0 0 1 0 0 0 0 0 1 0 1 1 0 0 0 88 2 1 111894 0 3
13 0 1 1 0 32768 58982 49151 0 0 1 0 0 0 0 0 88 2 1 111894 0 3
14 0 0 1 0 0 0 0 0 0 1 0 0 0 0 0 88 2 1 111894 0 3
15 0 0 1 0 0 0 0 0 0 1 0 0 0 0 0 88 2 1 111894 0 3
16 0 0 1 0 0 0 0 0 1 0 1 1 0 0 0 156 2 2 82841 1 1
17 0 1 1 0 32768 58982 49151 16384 0 1 0 0 0 0 0 156 2 2 82841 0 1
18 0 0 1 0 0 0 0 0 0 1 0 0 0 0 0 156 2 2 82841 0 1
19 0 0 1 0 0 0 0 0 0 1 0 0 0 0 0 156 2 2 82841 0 1
20 0 0 1 0 0 0 0 0 1 0 1 1 0 0 0 158 1 2 82841 0 2
21 0 1 1 0 32768 60948 32768 16384 0 1 0 0 0 0 0 158 1 2 82841 0 2
22 0 0 1 0 0 0 0 0 0 1 0 0 0 0 0 158 1 2 82841 0 2
23 0 0 1 0 0 0 0 0 0 1 0 0 0 0 0 158 1 2 82841 0 2
24 0 0 1 0 0 0 0 0 1 0 1 1 0 0 0 170 0 2 82841 0 3
25 0 1 1 0 32768 60948 49151 16384 0 1 0 0 0 0 0 170 0 2 82841 0 3
26 0 0 1 0 0 0 0 0 0 1 0 0 0 0 0 170 0 2 82841 0 3
27 0 0 1 0 0 0 0 0 0 1 0 0 0 0 0 170 0 2 82841 0 3
28 0 0 1 0 0 0 0 0 1 0 1 1 0 0 0 174 0 0 78633 1 1
29 0 1 1 0 32768 60948 16384 16384 0 1 0 0 0 0 0 174 0 0 78633 0 1
30 0 0 1 0 0 0 0 0 0 1 0 0 0 0 0 174 0 0 78633 0 1
31 0 0 1 0 0 0 0 0 0 1 0 0 0 0 0 174 0 0 78633 0 1
32 0 0 1 0 0 0 0 0 1 0 1 1 0 0 0 166 3 0 78633 0 2
33 0 1 0 0 0 0 0 0 0 1 0 0 0 0 0 166 3 0 78633 0 2
34 0 0 1 0 0 0 0 0 1 0 1 0 1 0 0 166 3 0 78633 0 2
35 1 1 1 0 0 0 0 0 1 0 0 0 0 0 0 0 0 0 0 0 0
36 0 1 1 0 32768 60948 49151 0 0 1 0 0 0 0 0 0 0 0 0 0 0
37 0 0 1 0 0 0 0 0 0 1 0 0 0 0 0 0 0 0 0 0 0
38 0 0 1 0 0 0 0 0 0 1 0 0 0 0 0 0 0 0 0 0 0
39 0 0 1 0 0 0 0 0 1 0 1 1 0 0 0 172 1 1 111894 0 1
40 0 1 1 0 32768 62914 49151 0 0 1 0 0 0 0 0 172 1 1 111894 0 1
41 0 0 1 0 0 0 0 0 0 1 0 0 0 0 0 172 1 1 111894 0 1
42 0 0 1 0 0 0 0 0 0 1 0 0 0 0 0 172 1 1 111894 0 1
43 0 0 1 0 0 0 0 0 1 0 1 1 0 0 0 188 3 1 111894 0 2
44 0 1 1 0 32768 62914 49151 0 0 1 0 0 0 0 0 188 3 1 111894 0 2
45 0 0 1 0 0 0 0 0 0 1 0 0 0 0 0 188 3 1 111894 0 2
46 0 0 1 0 0 0 0 0 0 1 0 0 0 0 0 188 3 1 111894 0 2
47 0 0 1 0 0 0 0 0 1 0 1 1 0 0 0 188 3 1 111894 0 3
48 0 1 1 0 49151 62914 16384 0 0 1 0 0 0 0 0 188 3 1 111894 0 3
49 0 0 1 0 0 0 0 0 0 1 0 0 0 0 0 188 3 1 111894 0 3
50 0 0 1 0 0 0 0 0 0 1 0 0 0 0 0 188 3 1 111894 0 3
51 0 0 1 0 0 0 0 0 1 0 1 1 0 0 0 244 0 0 78633 1 1
52 0 1 1 0 49151 62914 0 8192 0 1 0 0 0 0 0 244 0 0 78633 0 1
53 0 0 1 0 0 0 0 0 0 1 0 0 0 0 0 244 0 0 78633 0 1
54 0 0 1 0 0 0 0 0 0 1 0 0 0 0 0 244 0 0 78633 0 1
55 0 0 1 0 0 0 0 0 1 0 1 1 0 0 0 241 1 0 78633 0 2
56 0 1 1 0 49151 62914 49151 0 0 1 0 0 0 0 0 241 1 0 78633 0 2
57 0 0 1 0 0 0 0 0 0 1 0 0 0 0 0 241 1 0 78633 0 2
58 0 0 1 0 0 0 0 0 0 1 0 0 0 0 0 241 1 0 78633 0 2
59 0 0 1 0 0 0 0 0 1 0 1 1 0 0 0 252 0 0 78633 0 3
60 0 1 1 0 49151 62914 32768 0 0 1 0 0 0 0 0 252 0 0 78633 0 3
61 0 0 1 0 0 0 0 0 0 1 0 0 0 0 0 252 0 0 78633 0 3
62 0 0 1 0 0 0 0 0 0 1 0 0 0 0 0 252 0 0 78633 0 3
63 0 0 1 0 0 0 0 0 1 0 1 1 0 0 0 248 0 0 78633 0 3
64 0 1 1 0 49151 62914 49151 0 0 1 0 0 0 0 0 248 0 0 78633 0 3
65 0 0 1 0 0 0 0 0 0 1 0 0 0 0 0 248 0 0 78633 0 3
66 0 0 1 0 0 0 0 0 0 1 0 0 0 0 0 248 0 0 78633 0 3
67 0 0 1 0 0 0 0 0 1 0 1 1 0 0 0 252 0 0 78633 0 3
68 0 1 1 0 49151 62914 49151 0 0 1 0 0 0 0 0 252 0 0 78633 0 3
69 0 0 1 0 0 0 0 0 0 1 0 0 0 0 0 252 0 0 78633 0 3
70 0 0 1 0 0 0 0 0 0 1 0 0 0 0 0 252 0 0 78633 0 3
71 0 0 1 0 0 0 0 0 1 0 1 1 0 0 0 252 0 0 78633 0 3
72 0 1 1 0 49151 62914 32768 0 0 1 0 0 0 0 0 252 0 0 78633 0 3
73 0 0 1 0 0 0 0 0 0 1 0 0 0 0 0 252 0 0 78633 0 3
74 0 0 1 0 0 0 0 0 0 1 0 0 0 0 0 252 0 0 78633 0 3
75 0 0 1 0 0 0 0 0 1 0 1 1 0 0 0 248 0 0 78633 0 3
76 0 1 1 0 49151 62914 49151 8192 0 1 0 0 0 0 0 248 0 0 78633 0 3
77 0 0 1 0 0 0 0 0 0 1 0 0 0 0 0 248 0 0 78633 0 3
78 0 0 1 0 0 0 0 0 0 1 0 0 0 0 0 248 0 0 78633 0 3
79 0 0 1 0 0 0 0 0 1 0 1 1 0 0 0 253 3 3 41637 1 1
80 0 1 1 0 49151 62914 49151 8192 0 1 0 0 0 0 0 253 3 3 41637 0 1
81 0 0 1 0 0 0 0 0 0 1 0 0 0 0 0 253 3 3 41637 0 1
82 0 0 1 0 0 0 0 0 0 1 0 0 0 0 0 253 3 3 41637 0 1
83 0 0 1 0 0 0 0 0 1 0 1 1 0 0 0 253 3 3 41637 0 2
84 0 1 1 0 49151 62914 49151 8192 0 1 0 0 0 0 0 253 3 3 41637 0 2
85 0 0 1 0 0 0 0 0 0 1 0 0 0 0 0 253 3 3 41637 0 2
86 0 0 1 0 0 0 0 0 0 1 0 0 0 0 0 253 3 3 41637 0 2
87 0 0 1 0 0 0 0 0 1 0 1 1 0 0 0 253 3 3 41637 0 3
88 0 1 1 0 49151 62914 49151 0 0 1 0 0 0 0 0 253 3 3 41637 0 3
89 0 0 1 0 0 0 0 0 0 1 0 0 0 0 0 253 3 3 41637 0 3
90 0 0 1 0 0 0 0 0 0 1 0 0 0 0 0 253 3 3 41637 0 3
91 0 0 1 0 0 0 0 0 1 0 1 1 0 0 0 252 0 0 78633 1 1
92 0 1 1 0 49151 62914 32768 8192 0 1 0 0 0 0 0 252 0 0 78633 0 1
93 0 0 1 0 0 0 0 0 0 1 0 0 0 0 0 252 0 0 78633 0 1
94 0 0 1 0 0 0 0 0 0 1 0 0 0 0 0 252 0 0 78633 0 1
95 0 0 1 0 0 0 0 0 1 0 1 1 0 0 0 249 2 0 78633 0 2
96 0 1 1 0 49151 62914 32768 8192 0 1 0 0 0 0 0 249 2 0 78633 0 2
97 0 0 1 0 0 0 0 0 0 1 0 0 0 0 0 249 2 0 78633 0 2
98 0 0 1 0 0 0 0 0 0 1 0 0 0 0 0 249 2 0 78633 0 2
99 0 0 1 0 0 0 0 0 1 0 1 1 0 0 0 249 2 0 78633 0 3
100 0 1 1 0 49151 62914 16384 16384 0 1 0 0 0 0 0 249 2 0 78633 0 3
101 0 0 1 0 0 0 0 0 0 1 0 0 0 0 0 249 2 0 78633 0 3
102 0 0 1 0 0 0 0 0 0 1 0 0 0 0 0 249 2 0 78633 0 3
103 0 0 1 0 0 0 0 0 1 0 1 1 0 0 0 246 2 2 82841 1 1
104 0 1 1 0 49151 62914 49151 16384 0 1 0 0 0 0 0 246 2 2 82841 0 1
105 0 1 1 0 49151 62914 49151 32768 0 1 0 0 0 1 0 246 2 2 82841 0 1
106 0 0 1 0 0 0 0 0 0 1 0 0 0 0 0 246 2 2 82841 0 1
107 0 0 1 0 0 0 0 0 1 0 1 1 0 0 0 254 1 2 82841 0 2
108 0 1 1 0 49151 62914 49151 8192 0 1 0 0 0 0 0 254 1 2 82841 0 2
109 0 0 1 0 0 0 0 0 0 1 0 0 0 0 0 254 1 2 82841 0 2
110 0 0 1 0 0 0 0 0 0 1 0 0 0 0 0 254 1 2 82841 0 2
111 0 0 1 0 0 0 0 0 1 0 1 1 0 0 0 253 3 2 82841 0 3
112 0 1 1 0 49151 62914 49151 16384 0 1 0 0 0 0 0 253 3 2 82841 0 3
113 0 0 1 0 0 0 0 0 0 1 0 0 0 0 0 253 3 2 82841 0 3
114 0 0 1 0 0 0 0 0 0 1 0 0 0 0 0 253 3 2 82841 0 3
115 0 0 1 0 0 0 0 0 1 0 1 1 0 0 0 254 1 1 111894 1 1
116 0 1 1 0 49151 62914 49151 16384 0 1 0 0 0 0 0 254 1 1 111894 0 1
117 0 0 1 0 0 0 0 0 0 1 0 0 0 0 0 254 1 1 111894 0 1
118 0 0 1 0 0 0 0 0 0 1 0 0 0 0 0 254 1 1 111894 0 1
119 0 0 1 0 0 0 0 0 1 0 1 1 0 0 0 254 1 1 111894 0 2
120 0 1 1 0 49151 62914 49151 8192 0 1 0 0 0 0 0 254 1 1 111894 0 2
121 0 0 1 0 0 0 0 0 0 1 0 0 0 0 0 254 1 1 111894 0 2
122 0 0 1 0 0 0 0 0 0 1 0 0 0 0 0 254 1 1 111894 0 2
123 0 0 1 0 0 0 0 0 1 0 1 1 0 0 0 253 3 1 111894 0 3
124 0 1 1 0 49151 62914 49151 0 0 1 0 0 0 0 0 253 3 1 111894 0 3
125 0 0 1 0 0 0 0 0 0 1 0 0 0 0 0 253 3 1 111894 0 3
126 0 0 1 0 0 0 0 0 0 1 0 0 0 0 0 253 3 1 111894 0 3
127 0 0 1 0 0 0 0 0 1 0 1 1 0 0 0 252 0 0 78633 1 1
128 0 1 1 0 49151 62914 32768 8192 0 1 0 0 0 0 0 252 0 0 78633 0 1
129 0 0 1 0 0 0 0 0 0 1 0 0 0 0 0 252 0 0 78633 0 1
130 0 0 1 0 0 0 0 0 0 1 0 0 0 0 0 252 0 0 78633 0 1
131 0 0 1 0 0 0 0 0 1 0 1 1 0 0 0 249 2 0 78633 0 2
132 0 1 1 0 49151 62914 49151 0 0 1 0 0 0 0 0 249 2 0 78633 0 2
133 0 0 1 0 0 0 0 0 0 1 0 0 0 0 0 249 2 0 78633 0 2
134 0 0 1 0 0 0 0 0 0 1 0 0 0 0 0 249 2 0 78633 0 2
135 0 0 1 0 0 0 0 0 1 0 1 1 0 0 0 252 0 0 78633 0 3
136 0 1 1 0 49151 62914 49151 0 0 1 0 0 0 0 0 252 0 0 78633 0 3
137 0 0 1 0 0 0 0 0 0 1 0 0 0 0 0 252 0 0 78633 0 3
138 0 0 1 0 0 0 0 0 0 1 0 0 0 0 0 252 0 0 78633 0 3
139 0 0 1 0 0 0 0 0 1 0 1 1 0 0 0 252 0 0 78633 0 3
140 0 1 1 0 49151 62914 16384 8192 0 1 0 0 0 0 0 252 0 0 78633 0 3
141 0 0 1 0 0 0 0 0 0 1 0 0 0 0 0 252 0 0 78633 0 3
142 0 0 1 0 0 0 0 0 0 1 0 0 0 0 0 252 0 0 78633 0 3
143 0 0 1 0 0 0 0 0 1 0 1 1 0 0 0 245 1 1 111894 1 1
144 0 1 1 0 49151 62914 0 8192 0 1 0 0 0 0 0 245 1 1 111894 0 1
145 0 0 1 0 0 0 0 0 0 1 0 0 0 0 0 245 1 1 111894 0 1
146 0 0 1 0 0 0 0 0 0 1 0 0 0 0 0 245 1 1 111894 0 1
147 0 0 1 0 0 0 0 0 1 0 1 1 0 0 0 241 1 1 111894 0 2
148 0 1 1 0 49151 62914 0 0 0 1 0 0 0 0 0 241 1 1 111894 0 2
149 0 0 1 0 0 0 0 0 0 1 0 0 0 0 0 241 1 1 111894 0 2
150 0 0 1 0 0 0 0 0 0 1 0 0 0 0 0 241 1 1 111894 0 2
151 0 0 1 0 0 0 0 0 1 0 1 1 0 0 0 240 3 1 111894 0 3
152 0 1 1 0 49151 62914 49151 8192 0 1 0 0 0 0 0 240 3 1 111894 0 3
153 0 0 1 0 0 0 0 0 0 1 0 0 0 0 0 240 3 1 111894 0 3
154 0 0 1 0 0 0 0 0 0 1 0 0 0 0 0 240 3 1 111894 0 3
155 0 0 1 0 0 0 0 0 1 0 1 1 0 0 0 253 3 3 41637 1 1
156 0 1 1 0 49151 62914 49151 0 0 1 0 0 0 0 0 253 3 3 41637 0 1
157 0 0 1 0 0 0 0 0 0 1 0 0 0 0 0 253 3 3 41637 0 1
158 0 0 1 0 0 0 0 0 0 1 0 0 0 0 0 253 3 3 41637 0 1
159 0 0 1 0 0 0 0 0 1 0 1 1 0 0 0 252 0 3 41637 0 2
160 0 1 1 0 49151 62914 49151 0 0 1 0 0 0 0 0 252 0 3 41637 0 2
161 0 0 1 0 0 0 0 0 0 1 0 0 0 0 0 252 0 3 41637 0 2
162 0 0 1 0 0 0 0 0 0 1 0 0 0 0 0 252 0 3 41637 0 2
163 0 0 1 0 0 0 0 0 1 0 1 1 0 0 0 252 0 3 41637 0 3
164 0 1 1 0 49151 62914 16384 0 0 1 0 0 0 0 0 252 0 3 41637 0 3
165 0 0 1 0 0 0 0 0 0 1 0 0 0 0 0 252 0 3 41637 0 3
166 0 0 1 0 0 0 0 0 0 1 0 0 0 0 0 252 0 3 41637 0 3
167 0 0 1 0 0 0 0 0 1 0 1 1 0 0 0 244 0 0 78633 1 1
168 0 1 1 0 49151 58982 16384 0 0 1 0 0 0 0 0 244 0 0 78633 0 1
169 0 0 1 0 0 0 0 0 0 1 0 0 0 0 0 244 0 0 78633 0 1
170 0 0 1 0 0 0 0 0 0 1 0 0 0 0 0 244 0 0 78633 0 1
171 0 0 1 0 0 0 0 0 1 0 1 1 0 0 0 212 1 0 78633 0 2
172 0 1 1 0 49151 58982 0 0 0 1 0 0 0 0 0 212 1 0 78633 0 2
173 0 0 1 0 0 0 0 0 0 1 0 0 0 0 0 212 1 0 78633 0 2
174 0 0 1 0 0 0 0 0 0 1 0 0 0 0 0 212 1 0 78633 0 2
175 0 0 1 0 0 0 0 0 1 0 1 1 0 0 0 208 1 0 78633 0 3
176 0 1 1 0 49151 58982 0 16384 0 1 0 0 0 0 0 208 1 0 78633 0 3
177 0 0 1 0 0 0 0 0 0 1 0 0 0 0 0 208 1 0 78633 0 3
178 0 0 1 0 0 0 0 0 0 1 0 0 0 0 0 208 1 0 78633 0 3
179 0 0 1 0 0 0 0 0 1 0 1 1 0 0 0 210 1 1 111894 1 1
180 0 1 1 0 49151 58982 49151 0 0 1 0 0 0 0 0 210 1 1 111894 0 1
181 0 0 1 0 0 0 0 0 0 1 0 0 0 0 0 210 1 1 111894 0 1
182 0 0 1 0 0 0 0 0 0 1 0 0 0 0 0 210 1 1 111894 0 1
183 0 0 1 0 0 0 0 0 1 0 1 1 0 0 0 220 1 1 111894 0 2
184 0 1 1 0 49151 58982 0 0 0 1 0 0 0 0 0 220 1 1 111894 0 2
185 0 0 1 0 0 0 0 0 0 1 0 0 0 0 0 220 1 1 111894 0 2
186 0 0 1 0 0 0 0 0 0 1 0 0 0 0 0 220 1 1 111894 0 2
187 0 0 1 0 0 0 0 0 1 0 1 1 0 0 0 208 1 1 111894 0 3
188 0 1 1 0 49151 58982 32768 0 0 1 0 0 0 0 0 208 1 1 111894 0 3
189 0 0 1 0 0 0 0 0 0 1 0 0 0 0 0 208 1 1 111894 0 3
190 0 0 1 0 0 0 0 0 0 1 0 0 0 0 0 208 1 1 111894 0 3
191 0 0 1 0 0 0 0 0 1 0 1 1 0 0 0 216 1 1 111894 0 3
192 0 1 1 0 49151 58982 49151 0 0 1 0 0 0 0 0 216 1 1 111894 0 3
193 0 0 1 0 0 0 0 0 0 1 0 0 0 0 0 216 1 1 111894 0 3
194 0 0 1 0 0 0 0 0 0 1 0 0 0 0 0 216 1 1 111894 0 3
195 0 0 1 0 0 0 0 0 1 0 1 1 0 0 0 220 1 1 111894 0 3
196 0 1 1 0 49151 58982 49151 8192 0 1 0 0 0 0 0 220 1 1 111894 0 3
197 0 0 1 0 0 0 0 0 0 1 0 0 0 0 0 220 1 1 111894 0 3
198 0 0 1 0 0 0 0 0 0 1 0 0 0 0 0 220 1 1 111894 0 3
199 0 0 1 0 0 0 0 0 1 0 1 1 0 0 0 221 3 3 41637 1 1
200 0 1 1 0 49151 58982 49151 8192 0 1 0 0 0 0 0 221 3 3 41637 0 1
201 0 0 1 0 0 0 0 0 0 1 0 0 0 0 0 221 3 3 41637 0 1
202 0 0 1 0 0 0 0 0 0 1 0 0 0 0 0 221 3 3 41637 0 1
203 0 0 1 0 0 0 0 0 1 0 1 1 0 0 0 221 3 3 41637 0 2
204 0 1 1 0 49151 58982 0 16384 0 1 0 0 0 0 0 221 3 3 41637 0 2
205 0 0 1 0 0 0 0 0 0 1 0 0 0 0 0 221 3 3 41637 0 2
206 0 0 1 0 0 0 0 0 0 1 0 0 0 0 0 221 3 3 41637 0 2
207 0 0 1 0 0 0 0 0 1 0 1 1 0 0 0 210 1 3 41637 0 3
208 0 1 1 0 49151 58982 0 16384 0 1 0 0 0 0 0 210 1 3 41637 0 3
209 0 0 1 0 0 0 0 0 0 1 0 0 0 0 0 210 1 3 41637 0 3
210 0 0 1 0 0 0 0 0 0 1 0 0 0 0 0 210 1 3 41637 0 3
211 0 0 1 0 0 0 0 0 1 0 1 1 0 0 0 210 1 1 111894 1 1
212 0 1 1 0 32768 58982 49151 0 0 1 0 0 0 0 0 210 1 1 111894 0 1
213 0 0 1 0 0 0 0 0 0 1 0 0 0 0 0 210 1 1 111894 0 1
214 0 0 1 0 0 0 0 0 0 1 0 0 0 0 0 210 1 1 111894 0 1
215 0 0 1 0 0 0 0 0 1 0 1 1 0 0 0 156 2 1 111894 0 2
216 0 1 1 0 32768 58982 16384 8192 0 1 0 0 0 0 0 156 2 1 111894 0 2
217 0 0 1 0 0 0 0 0 0 1 0 0 0 0 0 156 2 1 111894 0 2
218 0 0 1 0 0 0 0 0 0 1 0 0 0 0 0 156 2 1 111894 0 2
219 0 0 1 0 0 0 0 0 1 0 1 1 0 0 0 149 1 1 111894 0 3
220 0 1 1 0 32768 58982 49151 0 0 1 0 0 0 0 0 149 1 1 111894 0 3
221 0 0 1 0 0 0 0 0 0 1 0 0 0 0 0 149 1 1 111894 0 3
222 0 0 1 0 0 0 0 0 0 1 0 0 0 0 0 149 1 1 111894 0 3
223 0 0 1 0 0 0 0 0 1 0 1 1 0 0 0 156 2 2 82841 1 1
224 0 1 1 0 32768 58982 32768 8192 0 1 0 0 0 0 0 156 2 2 82841 0 1
225 0 0 1 0 0 0 0 0 0 1 0 0 0 0 0 156 2 2 82841 0 1
226 0 0 1 0 0 0 0 0 0 1 0 0 0 0 0 156 2 2 82841 0 1
227 0 0 1 0 0 0 0 0 1 0 1 1 0 0 0 153 1 2 82841 0 2
228 0 1 1 0 32768 58982 49151 32768 0 1 0 0 0 0 0 153 1 2 82841 0 2
229 0 0 1 0 0 0 0 0 0 1 0 0 0 0 0 153 1 2 82841 0 2
230 0 0 1 0 0 0 0 0 0 1 0 0 0 0 0 153 1 2 82841 0 2
231 0 0 1 0 0 0 0 0 1 0 1 1 0 0 0 159 2 2 82841 0 3
232 0 1 1 0 16384 58982 49151 32768 0 1 0 0 0 0 0 159 2 2 82841 0 3
233 0 0 1 0 0 0 0 0 0 1 0 0 0 0 0 159 2 2 82841 0 3
234 0 0 1 0 0 0 0 0 0 1 0 0 0 0 0 159 2 2 82841 0 3
235 0 0 1 0 0 0 0 0 1 0 1 1 0 0 0 95 0 0 78633 1 1
236 0 1 1 0 16384 58982 49151 16384 0 1 0 0 0 0 0 95 0 0 78633 0 1
237 0 0 1 0 0 0 0 0 0 1 0 0 0 0 0 95 0 0 78633 0 1
238 0 0 1 0 0 0 0 0 0 1 0 0 0 0 0 95 0 0 78633 0 1
239 0 0 1 0 0 0 0 0 1 0 1 1 0 0 0 94 2 0 78633 0 2
240 0 1 1 0 16384 58982 0 8192 0 1 0 0 0 0 0 94 2 0 78633 0 2
241 0 0 1 0 0 0 0 0 0 1 0 0 0 0 0 94 2 0 78633 0 2
242 0 0 1 0 0 0 0 0 0 1 0 0 0 0 0 94 2 0 78633 0 2
243 0 0 1 0 0 0 0 0 1 0 1 1 0 0 0 81 2 0 78633 0 3
244 0 1 1 0 16384 58982 32768 8192 0 1 0 0 0 0 0 81 2 0 78633 0 3
245 0 0 1 0 0 0 0 0 0 1 0 0 0 0 0 81 2 0 78633 0 3
246 0 0 1 0 0 0 0 0 0 1 0 0 0 0 0 81 2 0 78633 0 3
247 0 0 1 0 0 0 0 0 1 0 1 1 0 0 0 89 2 2 82841 1 1
248 0 1 1 0 16384 58982 0 32768 0 1 0 0 0 0 0 89 2 2 82841 0 1
249 0 0 1 0 0 0 0 0 0 1 0 0 0 0 0 89 2 2 82841 0 1
250 0 0 1 0 0 0 0 0 0 1 0 0 0 0 0 89 2 2 82841 0 1
251 0 0 1 0 0 0 0 0 1 0 1 1 0 0 0 83 2 2 82841 0 2
252 0 1 1 0 16384 58982 49151 32768 0 1 0 0 0 0 0 83 2 2 82841 0 2
253 0 0 1 0 0 0 0 0 0 1 0 0 0 0 0 83 2 2 82841 0 2
254 0 0 1 0 0 0 0 0 0 1 0 0 0 0 0 83 2 2 82841 0 2
255 0 0 1 0 0 0 0 0 1 0 1 1 0 0 0 95 0 2 82841 0 3
256 0 1 1 0 16384 58982 0 32768 0 1 0 0 0 0 0 95 0 2 82841 0 3
257 0 0 1 0 0 0 0 0 0 1 0 0 0 0 0 95 0 2 82841 0 3
258 0 0 1 0 0 0 0 0 0 1 0 0 0 0 0 95 0 2 82841 0 3
259 0 0 1 0 0 0 0 0 1 0 1 1 0 0 0 83 2 2 82841 0 3
260 0 1 1 0 0 58982 0 32768 0 1 0 0 0 0 0 83 2 2 82841 0 3
261 0 0 1 0 0 0 0 0 0 1 0 0 0 0 0 83 2 2 82841 0 3
262 0 0 1 0 0 0 0 0 0 1 0 0 0 0 0 83 2 2 82841 0 3
263 0 0 1 0 0 0 0 0 1 0 1 1 0 0 0 19 2 2 82841 0 3
264 0 1 1 0 0 58982 32768 32768 0 1 0 0 0 0 0 19 2 2 82841 0 3
265 0 0 1 0 0 0 0 0 0 1 0 0 0 0 0 19 2 2 82841 0 3
266 0 0 1 0 0 0 0 0 0 1 0 0 0 0 0 19 2 2 82841 0 3
267 0 0 1 0 0 0 0 0 1 0 1 1 0 0 0 27 2 2 82841 0 3
268 0 1 1 0 0 58982 16384 32768 0 1 0 0 0 0 0 27 2 2 82841 0 3
269 0 0 1 0 0 0 0 0 0 1 0 0 0 0 0 27 2 2 82841 0 3
270 0 0 1 0 0 0 0 0 0 1 0 0 0 0 0 27 2 2 82841 0 3
271 0 0 1 0 0 0 0 0 1 0 1 1 0 0 0 23 2 2 82841 0 3
272 0 1 1 0 0 58982 16384 32768 0 1 0 0 0 0 0 23 2 2 82841 0 3
273 0 0 1 0 0 0 0 0 0 1 0 0 0 0 0 23 2 2 82841 0 3
274 0 0 1 0 0 0 0 0 0 1 0 0 0 0 0 23 2 2 82841 0 3
275 0 0 1 0 0 0 0 0 1 0 1 1 0 0 0 23 2 2 82841 0 3
276 0 1 1 0 0 58982 49151 32768 0 1 0 0 0 0 0 23 2 2 82841 0 3
277 0 0 1 0 0 0 0 0 0 1 0 0 0 0 0 23 2 2 82841 0 3
278 0 0 1 0 0 0 0 0 0 1 0 0 0 0 0 23 2 2 82841 0 3
279 0 0 1 0 0 0 0 0 1 0 1 1 0 0 0 31 2 2 82841 0 3
280 0 1 1 0 0 58982 49151 32768 0 1 0 0 0 0 0 31 2 2 82841 0 3
281 0 0 1 0 0 0 0 0 0 1 0 0 0 0 0 31 2 2 82841 0 3
282 0 0 1 0 0 0 0 0 0 1 0 0 0 0 0 31 2 2 82841 0 3
283 0 0 1 0 0 0 0 0 1 0 1 1 0 0 0 31 2 2 82841 0 3
284 0 1 1 0 0 58982 32768 32768 0 1 0 0 0 0 0 31 2 2 82841 0 3
285 0 0 1 0 0 0 0 0 0 1 0 0 0 0 0 31 2 2 82841 0 3
286 0 0 1 0 0 0 0 0 0 1 0 0 0 0 0 31 2 2 82841 0 3
287 0 0 1 0 0 0 0 0 1 0 1 1 0 0 0 27 2 2 82841 0 3
288 0 1 1 0 0 58982 49151 32768 0 1 0 0 0 0 0 27 2 2 82841 0 3
289 0 0 1 0 0 0 0 0 0 1 0 0 0 0 0 27 2 2 82841 0 3
290 0 0 1 0 0 0 0 0 0 1 0 0 0 0 0 27 2 2 82841 0 3
291 0 0 1 0 0 0 0 0 1 0 1 1 0 0 0 31 2 2 82841 0 3
292 0 1 1 0 0 58982 49151 32768 0 1 0 0 0 0 0 31 2 2 82841 0 3
293 0 0 1 0 0 0 0 0 0 1 0 0 0 0 0 31 2 2 82841 0 3
294 0 0 1 0 0 0 0 0 0 1 0 0 0 0 0 31 2 2 82841 0 3
295 0 0 1 0 0 0 0 0 1 0 1 1 0 0 0 31 2 2 82841 0 3
296 0 1 1 0 0 58982 32768 32768 0 1 0 0 0 0 0 31 2 2 82841 0 3
297 0 0 1 0 0 0 0 0 0 1 0 0 0 0 0 31 2 2 82841 0 3
298 0 0 1 0 0 0 0 0 0 1 0 0 0 0 0 31 2 2 82841 0 3
299 0 0 1 0 0 0 0 0 1 0 1 1 0 0 0 27 2 2 82841 0 3
300 0 1 1 0 0 58982 16384 32768 0 1 0 0 0 0 0 27 2 2 82841 0 3
301 0 0 1 0 0 0 0 0 0 1 0 0 0 0 0 27 2 2 82841 0 3
302 0 0 1 0 0 0 0 0 0 1 0 0 0 0 0 27 2 2 82841 0 3
303 0 0 1 0 0 0 0 0 1 0 1 1 0 0 0 23 2 2 82841 0 3
304 0 1 1 0 0 58982 32768 32768 0 1 0 0 0 0 0 23 2 2 82841 0 3
305 0 0 1 0 0 0 0 0 0 1 0 0 0 0 0 23 2 2 82841 0 3
306 0 0 1 0 0 0 0 0 0 1 0 0 0 0 0 23 2 2 82841 0 3
307 0 0 1 0 0 0 0 0 1 0 1 1 0 0 0 27 2 2 82841 0 3
308 0 1 1 0 0 58982 49151 32768 0 1 0 0 0 0 0 27 2 2 82841 0 3
309 0 0 1 0 0 0 0 0 0 1 0 0 0 0 0 27 2 2 82841 0 3
310 0 0 1 0 0 0 0 0 0 1 0 0 0 0 0 27 2 2 82841 0 3
311 0 0 1 0 0 0 0 0 1 0 1 1 0 0 0 31 2 2 82841 0 3
312 0 1 1 0 0 58982 16384 32768 0 1 0 0 0 0 0 31 2 2 82841 0 3
313 0 0 1 0 0 0 0 0 0 1 0 0 0 0 0 31 2 2 82841 0 3
314 0 0 1 0 0 0 0 0 0 1 0 0 0 0 0 31 2 2 82841 0 3
315 0 0 1 0 0 0 0 0 1 0 1 1 0 0 0 23 2 2 82841 0 3
316 0 1 1 0 0 58982 49151 32768 0 1 0 0 0 0 0 23 2 2 82841 0 3
317 0 0 1 0 0 0 0 0 0 1 0 0 0 0 0 23 2 2 82841 0 3
318 0 0 1 0 0 0 0 0 0 1 0 0 0 0 0 23 2 2 82841 0 3
319 0 0 1 0 0 0 0 0 1 0 1 1 0 0 0 31 2 2 82841 0 3
320 0 1 1 0 0 58982 49151 32768 0 1 0 0 0 0 0 31 2 2 82841 0 3
321 0 0 1 0 0 0 0 0 0 1 0 0 0 0 0 31 2 2 82841 0 3
322 0 0 1 0 0 0 0 0 0 1 0 0 0 0 0 31 2 2 82841 0 3
323 0 0 1 0 0 0 0 0 1 0 1 1 0 0 0 31 2 2 82841 0 3
324 0 1 1 0 0 58982 16384 32768 0 1 0 0 0 0 0 31 2 2 82841 0 3
325 0 0 1 0 0 0 0 0 0 1 0 0 0 0 0 31 2 2 82841 0 3
326 0 0 1 0 0 0 0 0 0 1 0 0 0 0 0 31 2 2 82841 0 3
327 0 0 1 0 0 0 0 0 1 0 1 1 0 0 0 23 2 2 82841 0 3
328 0 1 1 0 0 58982 49151 32768 0 1 0 0 0 0 0 23 2 2 82841 0 3
329 0 0 1 0 0 0 0 0 0 1 0 0 0 0 0 23 2 2 82841 0 3
330 0 0 1 0 0 0 0 0 0 1 0 0 0 0 0 23 2 2 82841 0 3
331 0 0 1 0 0 0 0 0 1 0 1 1 0 0 0 31 2 2 82841 0 3
332 0 1 1 0 0 58982 49151 32768 0 1 0 0 0 0 0 31 2 2 82841 0 3
333 0 0 1 0 0 0 0 0 0 1 0 0 0 0 0 31 2 2 82841 0 3
334 0 0 1 0 0 0 0 0 0 1 0 0 0 0 0 31 2 2 82841 0 3
335 0 0 1 0 0 0 0 0 1 0 1 1 0 0 0 31 2 2 82841 0 3
336 0 1 1 0 0 58982 49151 32768 0 1 0 0 0 0 0 31 2 2 82841 0 3
337 0 0 1 0 0 0 0 0 0 1 0 0 0 0 0 31 2 2 82841 0 3
338 0 0 1 0 0 0 0 0 0 1 0 0 0 0 0 31 2 2 82841 0 3
339 0 0 1 0 0 0 0 0 1 0 1 1 0 0 0 31 2 2 82841 0 3
340 0 1 1 0 0 58982 32768 32768 0 1 0 0 0 0 0 31 2 2 82841 0 3
341 0 0 1 0 0 0 0 0 0 1 0 0 0 0 0 31 2 2 82841 0 3
342 0 0 1 0 0 0 0 0 0 1 0 0 0 0 0 31 2 2 82841 0 3
343 0 0 1 0 0 0 0 0 1 0 1 1 0 0 0 27 2 2 82841 0 3
344 0 1 1 0 0 58982 32768 32768 0 1 0 0 0 0 0 27 2 2 82841 0 3
345 0 0 1 0 0 0 0 0 0 1 0 0 0 0 0 27 2 2 82841 0 3
346 0 0 1 0 0 0 0 0 0 1 0 0 0 0 0 27 2 2 82841 0 3
347 0 0 1 0 0 0 0 0 1 0 1 1 0 0 0 27 2 2 82841 0 3
348 0 1 1 0 0 58982 49151 32768 0 1 0 0 0 0 0 27 2 2 82841 0 3
349 0 0 1 0 0 0 0 0 0 1 0 0 0 0 0 27 2 2 82841 0 3
350 0 0 1 0 0 0 0 0 0 1 0 0 0 0 0 27 2 2 82841 0 3
351 0 0 1 0 0 0 0 0 1 0 1 1 0 0 0 31 2 2 82841 0 3
352 0 1 1 0 0 58982 16384 32768 0 1 0 0 0 0 0 31 2 2 82841 0 3
353 0 0 1 0 0 0 0 0 0 1 0 0 0 0 0 31 2 2 82841 0 3
354 0 0 1 0 0 0 0 0 0 1 0 0 0 0 0 31 2 2 82841 0 3
355 0 0 1 0 0 0 0 0 1 0 1 1 0 0 0 23 2 2 82841 0 3
356 0 1 1 0 0 58982 16384 32768 0 1 0 0 0 0 0 23 2 2 82841 0 3
357 0 0 1 0 0 0 0 0 0 1 0 0 0 0 0 23 2 2 82841 0 3
358 0 0 1 0 0 0 0 0 0 1 0 0 0 0 0 23 2 2 82841 0 3
359 0 0 1 0 0 0 0 0 1 0 1 1 0 0 0 23 2 2 82841 0 3
360 0 1 1 0 0 58982 49151 32768 0 1 0 0 0 0 0 23 2 2 82841 0 3
361 0 0 1 0 0 0 0 0 0 1 0 0 0 0 0 23 2 2 82841 0 3
362 0 0 1 0 0 0 0 0 0 1 0 0 0 0 0 23 2 2 82841 0 3
363 0 0 1 0 0 0 0 0 1 0 1 1 0 0 0 31 2 2 82841 0 3
364 0 1 1 0 0 58982 0 32768 0 1 0 0 0 0 0 31 2 2 82841 0 3
365 0 0 1 0 0 0 0 0 0 1 0 0 0 0 0 31 2 2 82841 0 3
366 0 0 1 0 0 0 0 0 0 1 0 0 0 0 0 31 2 2 82841 0 3
367 0 0 1 0 0 0 0 0 1 0 1 1 0 0 0 19 2 2 82841 0 3
368 0 1 1 0 0 58982 0 32768 0 1 0 0 0 0 0 19 2 2 82841 0 3
369 0 0 1 0 0 0 0 0 0 1 0 0 0 0 0 19 2 2 82841 0 3
370 0 0 1 0 0 0 0 0 0 1 0 0 0 0 0 19 2 2 82841 0 3
371 0 0 1 0 0 0 0 0 1 0 1 1 0 0 0 19 2 2 82841 0 3
372 0 1 1 0 0 58982 16384 32768 0 1 0 0 0 0 0 19 2 2 82841 0 3
373 0 0 1 0 0 0 0 0 0 1 0 0 0 0 0 19 2 2 82841 0 3
374 0 0 1 0 0 0 0 0 0 1 0 0 0 0 0 19 2 2 82841 0 3
375 0 0 1 0 0 0 0 0 1 0 1 1 0 0 0 23 2 2 82841 0 3
376 0 1 1 0 0 58982 16384 32768 0 1 0 0 0 0 0 23 2 2 82841 0 3
377 0 0 1 0 0 0 0 0 0 1 0 0 0 0 0 23 2 2 82841 0 3
378 0 0 1 0 0 0 0 0 0 1 0 0 0 0 0 23 2 2 82841 0 3
379 0 0 1 0 0 0 0 0 1 0 1 1 0 0 0 23 2 2 82841 0 3
380 0 1 1 0 0 58982 32768 32768 0 1 0 0 0 0 0 23 2 2 82841 0 3
381 0 0 1 0 0 0 0 0 0 1 0 0 0 0 0 23 2 2 82841 0 3
382 0 0 1 0 0 0 0 0 0 1 0 0 0 0 0 23 2 2 82841 0 3
383 0 0 1 0 0 0 0 0 1 0 1 1 0 0 0 27 2 2 82841 0 3
384 0 1 1 0 0 58982 32768 32768 0 1 0 0 0 0 0 27 2 2 82841 0 3
385 0 0 1 0 0 0 0 0 0 1 0 0 0 0 0 27 2 2 82841 0 3
386 0 0 1 0 0 0 0 0 0 1 0 0 0 0 0 27 2 2 82841 0 3
387 0 0 1 0 0 0 0 0 1 0 1 1 0 0 0 27 2 2 82841 0 3
388 0 1 1 0 0 58982 0 32768 0 1 0 0 0 0 0 27 2 2 82841 0 3
389 0 0 1 0 0 0 0 0 0 1 0 0 0 0 0 27 2 2 82841 0 3
390 0 0 1 0 0 0 0 0 0 1 0 0 0 0 0 27 2 2 82841 0 3
391 0 0 1 0 0 0 0 0 1 0 1 1 0 0 0 19 2 2 82841 0 3
392 0 1 1 0 0 58982 49151 32768 0 1 0 0 0 0 0 19 2 2 82841 0 3
393 0 0 1 0 0 0 0 0 0 1 0 0 0 0 0 19 2 2 82841 0 3
394 0 0 1 0 0 0 0 0 0 1 0 0 0 0 0 19 2 2 82841 0 3
395 0 0 1 0 0 0 0 0 1 0 1 1 0 0 0 31 2 2 82841 0 3
396 0 1 1 0 0 58982 49151 32768 0 1 0 0 0 0 0 31 2 2 82841 0 3
397 0 0 1 0 0 0 0 0 0 1 0 0 0 0 0 31 2 2 82841 0 3
398 0 0 1 0 0 0 0 0 0 1 0 0 0 0 0 31 2 2 82841 0 3
399 0 0 1 0 0 0 0 0 1 0 1 1 0 0 0 31 2 2 82841 0 3
400 0 1 1 0 0 58982 32768 32768 0 1 0 0 0 0 0 31 2 2 82841 0 3
401 0 0 1 0 0 0 0 0 0 1 0 0 0 0 0 31 2 2 82841 0 3
402 0 0 1 0 0 0 0 0 0 1 0 0 0 0 0 31 2 2 82841 0 3
403 0 0 1 0 0 0 0 0 1 0 1 1 0 0 0 27 2 2 82841 0 3
404 0 1 1 0 0 58982 49151 32768 0 1 0 0 0 0 0 27 2 2 82841 0 3
405 0 0 1 0 0 0 0 0 0 1 0 0 0 0 0 27 2 2 82841 0 3
406 0 0 1 0 0 0 0 0 0 1 0 0 0 0 0 27 2 2 82841 0 3
407 0 0 1 0 0 0 0 0 1 0 1 1 0 0 0 31 2 2 82841 0 3
408 0 1 1 0 0 58982 0 32768 0 1 0 0 0 0 0 31 2 2 82841 0 3
409 0 0 1 0 0 0 0 0 0 1 0 0 0 0 0 31 2 2 82841 0 3
410 0 0 1 0 0 0 0 0 0 1 0 0 0 0 0 31 2 2 82841 0 3
411 0 0 1 0 0 0 0 0 1 0 1 1 0 0 0 19 2 2 82841 0 3
412 0 1 1 0 0 58982 16384 32768 0 1 0 0 0 0 0 19 2 2 82841 0 3
413 0 0 1 0 0 0 0 0 0 1 0 0 0 0 0 19 2 2 82841 0 3
414 0 0 1 0 0 0 0 0 0 1 0 0 0 0 0 19 2 2 82841 0 3
415 0 0 1 0 0 0 0 0 1 0 1 1 0 0 0 23 2 2 82841 0 3
416 0 1 1 0 0 58982 16384 32768 0 1 0 0 0 0 0 23 2 2 82841 0 3
417 0 0 1 0 0 0 0 0 0 1 0 0 0 0 0 23 2 2 82841 0 3
418 0 0 1 0 0 0 0 0 0 1 0 0 0 0 0 23 2 2 82841 0 3
419 0 0 1 0 0 0 0 0 1 0 1 1 0 0 0 23 2 2 82841 0 3
420 0 1 1 0 0 58982 49151 32768 0 1 0 0 0 0 0 23 2 2 82841 0 3
421 0 0 1 0 0 0 0 0 0 1 0 0 0 0 0 23 2 2 82841 0 3
422 0 0 1 0 0 0 0 0 0 1 0 0 0 0 0 23 2 2 82841 0 3
423 0 0 1 0 0 0 0 0 1 0 1 1 0 0 0 31 2 2 82841 0 3
424 0 1 1 0 0 62914 49151 32768 0 1 0 0 0 0 0 31 2 2 82841 0 3
425 0 0 1 0 0 0 0 0 0 1 0 0 0 0 0 31 2 2 82841 0 3
426 0 0 1 0 0 0 0 0 0 1 0 0 0 0 0 31 2 2 82841 0 3
427 0 0 1 0 0 0 0 0 1 0 1 1 0 0 0 63 1 1 111894 1 1
428 0 1 1 0 0 62914 49151 32768 0 1 0 0 0 0 0 63 1 1 111894 0 1
429 0 0 1 0 0 0 0 0 0 1 0 0 0 0 0 63 1 1 111894 0 1
430 0 0 1 0 0 0 0 0 0 1 0 0 0 0 0 63 1 1 111894 0 1
431 0 0 1 0 0 0 0 0 1 0 1 1 0 0 0 63 1 1 111894 0 2
432 0 1 1 0 16384 62914 49151 32768 0 1 0 0 0 0 0 63 1 1 111894 0 2
433 0 0 1 0 0 0 0 0 0 1 0 0 0 0 0 63 1 1 111894 0 2
434 0 0 1 0 0 0 0 0 0 1 0 0 0 0 0 63 1 1 111894 0 2
435 0 0 1 0 0 0 0 0 1 0 1 1 0 0 0 127 3 1 111894 0 3
436 0 1 1 0 16384 62914 49151 32768 0 1 0 0 0 0 0 127 3 1 111894 0 3
437 0 0 1 0 0 0 0 0 0 1 0 0 0 0 0 127 3 1 111894 0 3
438 0 0 1 0 0 0 0 0 0 1 0 0 0 0 0 127 3 1 111894 0 3
439 0 0 1 0 0 0 0 0 1 0 1 1 0 0 0 127 3 3 41637 1 1
440 0 1 1 0 16384 62914 49151 32768 0 1 0 0 0 0 0 127 3 3 41637 0 1
441 0 0 1 0 0 0 0 0 0 1 0 0 0 0 0 127 3 3 41637 0 1
442 0 0 1 0 0 0 0 0 0 1 0 0 0 0 0 127 3 3 41637 0 1
443 0 0 1 0 0 0 0 0 1 0 1 1 0 0 0 127 3 3 41637 0 2
444 0 1 1 0 32768 62914 49151 32768 0 1 0 0 0 0 0 127 3 3 41637 0 2
445 0 0 1 0 0 0 0 0 0 1 0 0 0 0 0 127 3 3 41637 0 2
446 0 0 1 0 0 0 0 0 0 1 0 0 0 0 0 127 3 3 41637 0 2
447 0 0 1 0 0 0 0 0 1 0 1 1 0 0 0 191 2 3 41637 0 3
448 0 1 1 0 32768 62914 49151 32768 0 1 0 0 0 0 0 191 2 3 41637 0 3
449 0 0 1 0 0 0 0 0 0 1 0 0 0 0 0 191 2 3 41637 0 3
450 0 0 1 0 0 0 0 0 0 1 0 0 0 0 0 191 2 3 41637 0 3
451 0 0 1 0 0 0 0 0 1 0 1 1 0 0 0 191 2 2 82841 1 1
452 0 1 1 0 32768 62914 49151 32768 0 1 0 0 0 0 0 191 2 2 82841 0 1
453 0 0 1 0 0 0 0 0 0 1 0 0 0 0 0 191 2 2 82841 0 1
454 0 0 1 0 0 0 0 0 0 1 0 0 0 0 0 191 2 2 82841 0 1
455 0 0 1 0 0 0 0 0 1 0 1 1 0 0 0 191 2 2 82841 0 2
456 0 1 1 0 32768 62914 49151 32768 0 1 0 0 0 0 0 191 2 2 82841 0 2
457 0 0 1 0 0 0 0 0 0 1 0 0 0 0 0 191 2 2 82841 0 2
458 0 0 1 0 0 0 0 0 0 1 0 0 0 0 0 191 2 2 82841 0 2
459 0 0 1 0 0 0 0 0 1 0 1 1 0 0 0 191 2 2 82841 0 3
460 0 1 1 0 32768 62914 49151 32768 0 1 0 0 0 0 0 191 2 2 82841 0 3
461 0 0 1 0 0 0 0 0 0 1 0 0 0 0 0 191 2 2 82841 0 3
462 0 0 1 0 0 0 0 0 0 1 0 0 0 0 0 191 2 2 82841 0 3
463 0 0 1 0 0 0 0 0 1 0 1 1 0 0 0 191 2 2 82841 0 3
464 0 1 1 0 49151 62914 49151 16384 0 1 0 0 0 0 0 191 2 2 82841 0 3
465 0 0 1 0 0 0 0 0 0 1 0 0 0 0 0 191 2 2 82841 0 3
466 0 0 1 0 0 0 0 0 0 1 0 0 0 0 0 191 2 2 82841 0 3
467 0 0 1 0 0 0 0 0 1 0 1 1 0 0 0 254 1 1 111894 1 1
468 0 1 1 0 49151 62914 49151 0 0 1 0 0 0 0 0 254 1 1 111894 0 1
469 0 0 1 0 0 0 0 0 0 1 0 0 0 0 0 254 1 1 111894 0 1
470 0 0 1 0 0 0 0 0 0 1 0 0 0 0 0 254 1 1 111894 0 1
471 0 0 1 0 0 0 0 0 1 0 1 1 0 0 0 252 0 1 111894 0 2
472 0 1 1 0 49151 62914 49151 8192 0 1 0 0 0 0 0 252 0 1 111894 0 2
473 0 0 1 0 0 0 0 0 0 1 0 0 0 0 0 252 0 1 111894 0 2
474 0 0 1 0 0 0 0 0 0 1 0 0 0 0 0 252 0 1 111894 0 2
475 0 0 1 0 0 0 0 0 1 0 1 1 0 0 0 253 3 1 111894 0 3
476 0 1 1 0 49151 62914 49151 8192 0 1 0 0 0 0 0 253 3 1 111894 0 3
477 0 0 1 0 0 0 0 0 0 1 0 0 0 0 0 253 3 1 111894 0 3
478 0 0 1 0 0 0 0 0 0 1 0 0 0 0 0 253 3 1 111894 0 3
479 0 0 1 0 0 0 0 0 1 0 1 1 0 0 0 253 3 3 41637 1 1
480 0 1 1 0 49151 62914 49151 16384 0 1 0 0 0 0 0 253 3 3 41637 0 1
481 0 0 1 0 0 0 0 0 0 1 0 0 0 0 0 253 3 3 41637 0 1
482 0 0 1 0 0 0 0 0 0 1 0 0 0 0 0 253 3 3 41637 0 1
483 0 0 1 0 0 0 0 0 1 0 1 1 0 0 0 254 1 3 41637 0 2
484 0 1 1 0 49151 62914 49151 16384 0 1 0 0 0 0 0 254 1 3 41637 0 2
485 0 0 1 0 0 0 0 0 0 1 0 0 0 0 0 254 1 3 41637 0 2
486 0 0 1 0 0 0 0 0 0 1 0 0 0 0 0 254 1 3 41637 0 2
487 0 0 1 0 0 0 0 0 1 0 1 1 0 0 0 254 1 3 41637 0 3
488 0 1 1 0 49151 62914 49151 16384 0 1 0 0 0 0 0 254 1 3 41637 0 3
489 0 0 1 0 0 0 0 0 0 1 0 0 0 0 0 254 1 3 41637 0 3
490 0 0 1 0 0 0 0 0 0 1 0 0 0 0 0 254 1 3 41637 0 3
491 0 0 1 0 0 0 0 0 1 0 1 1 0 0 0 254 1 1 111894 1 1
492 0 1 1 0 49151 62914 49151 8192 0 1 0 0 0 0 0 254 1 1 111894 0 1
493 0 0 1 0 0 0 0 0 0 1 0 0 0 0 0 254 1 1 111894 0 1
494 0 0 1 0 0 0 0 0 0 1 0 0 0 0 0 254 1 1 111894 0 1
495 0 0 1 0 0 0 0 0 1 0 1 1 0 0 0 253 3 1 111894 0 2
496 0 1 1 0 49151 62914 49151 0 0 1 0 0 0 0 0 253 3 1 111894 0 2
497 0 0 1 0 0 0 0 0 0 1 0 0 0 0 0 253 3 1 111894 0 2
498 0 0 1 0 0 0 0 0 0 1 0 0 0 0 0 253 3 1 111894 0 2
499 0 0 1 0 0 0 0 0 1 0 1 1 0 0 0 252 0 1 111894 0 3
500 0 1 1 0 49151 62914 49151 8192 0 1 0 0 0 0 0 252 0 1 111894 0 3
501 0 0 1 0 0 0 0 0 0 1 0 0 0 0 0 252 0 1 111894 0 3
502 0 0 1 0 0 0 0 0 0 1 0 0 0 0 0 252 0 1 111894 0 3
503 0 0 1 0 0 0 0 0 1 0 1 1 0 0 0 253 3 3 41637 1 1
504 0 1 1 0 49151 62914 49151 8192 0 1 0 0 0 0 0 253 3 3 41637 0 1
505 0 0 1 0 0 0 0 0 0 1 0 0 0 0 0 253 3 3 41637 0 1
506 0 0 1 0 0 0 0 0 0 1 0 0 0 0 0 253 3 3 41637 0 1
507 0 0 1 0 0 0 0 0 1 0 1 1 0 0 0 253 3 3 41637 0 2
508 0 1 1 0 49151 62914 49151 16384 0 1 0 0 0 0 0 253 3 3 41637 0 2
509 0 0 1 0 0 0 0 0 0 1 0 0 0 0 0 253 3 3 41637 0 2
510 0 0 1 0 0 0 0 0 0 1 0 0 0 0 0 253 3 3 41637 0 2
511 0 0 1 0 0 0 0 0 1 0 1 1 0 0 0 254 1 3 41637 0 3
512 0 1 1 0 49151 62914 49151 16384 0 1 0 0 0 0 0 254 1 3 41637 0 3
513 0 0 1 0 0 0 0 0 0 1 0 0 0 0 0 254 1 3 41637 0 3
514 0 0 1 0 0 0 0 0 0 1 0 0 0 0 0 254 1 3 41637 0 3
515 0 0 1 0 0 0 0 0 1 0 1 1 0 0 0 254 1 1 111894 1 1
516 0 1 1 0 49151 62914 49151 8192 0 1 0 0 0 0 0 254 1 1 111894 0 1
517 0 0 1 0 0 0 0 0 0 1 0 0 0 0 0 254 1 1 111894 0 1
518 0 0 1 0 0 0 0 0 0 1 0 0 0 0 0 254 1 1 111894 0 1
519 0 0 1 0 0 0 0 0 1 0 1 1 0 0 0 253 3 1 111894 0 2
520 0 1 1 0 49151 62914 49151 8192 0 1 0 0 0 0 0 253 3 1 111894 0 2
521 0 0 1 0 0 0 0 0 0 1 0 0 0 0 0 253 3 1 111894 0 2
522 0 0 1 0 0 0 0 0 0 1 0 0 0 0 0 253 3 1 111894 0 2
523 0 0 1 0 0 0 0 0 1 0 1 1 0 0 0 253 3 1 111894 0 3
524 0 1 1 0 49151 62914 49151 0 0 1 0 0 0 0 0 253 3 1 111894 0 3
525 0 0 1 0 0 0 0 0 0 1 0 0 0 0 0 253 3 1 111894 0 3
526 0 0 1 0 0 0 0 0 0 1 0 0 0 0 0 253 3 1 111894 0 3
527 0 0 1 0 0 0 0 0 1 0 1 1 0 0 0 252 0 0 78633 1 1
528 0 1 1 0 49151 62914 49151 8192 0 1 0 0 0 0 0 252 0 0 78633 0 1
529 0 0 1 0 0 0 0 0 0 1 0 0 0 0 0 252 0 0 78633 0 1
530 0 0 1 0 0 0 0 0 0 1 0 0 0 0 0 252 0 0 78633 0 1
531 0 0 1 0 0 0 0 0 1 0 1 1 0 0 0 253 3 0 78633 0 2
532 0 1 1 0 49151 62914 49151 8192 0 1 0 0 0 0 0 253 3 0 78633 0 2
533 0 0 1 0 0 0 0 0 0 1 0 0 0 0 0 253 3 0 78633 0 2
534 0 0 1 0 0 0 0 0 0 1 0 0 0 0 0 253 3 0 78633 0 2
535 0 0 1 0 0 0 0 0 1 0 1 1 0 0 0 253 3 0 78633 0 3
536 0 1 1 0 49151 62914 49151 16384 0 1 0 0 0 0 0 253 3 0 78633 0 3
537 0 0 1 0 0 0 0 0 0 1 0 0 0 0 0 253 3 0 78633 0 3
538 0 0 1 0 0 0 0 0 0 1 0 0 0 0 0 253 3 0 78633 0 3
539 0 0 1 0 0 0 0 0 1 0 1 1 0 0 0 254 1 1 111894 1 1
540 0 1 1 0 49151 62914 49151 8192 0 1 0 0 0 0 0 254 1 1 111894 0 1
541 0 0 1 0 0 0 0 0 0 1 0 0 0 0 0 254 1 1 111894 0 1
542 0 0 1 0 0 0 0 0 0 1 0 0 0 0 0 254 1 1 111894 0 1
543 0 0 1 0 0 0 0 0 1 0 1 1 0 0 0 253 3 1 111894 0 2
544 0 1 1 0 49151 62914 49151 8192 0 1 0 0 0 0 0 253 3 1 111894 0 2
545 0 0 1 0 0 0 0 0 0 1 0 0 0 0 0 253 3 1 111894 0 2
546 0 0 1 0 0 0 0 0 0 1 0 0 0 0 0 253 3 1 111894 0 2
547 0 0 1 0 0 0 0 0 1 0 1 1 0 0 0 253 3 1 111894 0 3
548 0 1 1 0 49151 62914 0 32768 0 1 0 0 0 0 0 253 3 1 111894 0 3
549 0 0 1 0 0 0 0 0 0 1 0 0 0 0 0 253 3 1 111894 0 3
550 0 0 1 0 0 0 0 0 0 1 0 0 0 0 0 253 3 1 111894 0 3
551 0 0 1 0 0 0 0 0 1 0 1 1 0 0 0 243 1 1 111894 0 3
552 0 1 1 0 49151 60948 49151 32768 0 1 0 0 0 0 0 243 1 1 111894 0 3
553 0 0 1 0 0 0 0 0 0 1 0 0 0 0 0 243 1 1 111894 0 3
554 0 0 1 0 0 0 0 0 0 1 0 0 0 0 0 243 1 1 111894 0 3
555 0 0 1 0 0 0 0 0 1 0 1 1 0 0 0 239 1 1 111894 0 3
556 0 1 1 0 49151 60948 32768 32768 0 1 0 0 0 0 0 239 1 1 111894 0 3
557 0 0 1 0 0 0 0 0 0 1 0 0 0 0 0 239 1 1 111894 0 3
558 0 0 1 0 0 0 0 0 0 1 0 0 0 0 0 239 1 1 111894 0 3
559 0 0 1 0 0 0 0 0 1 0 1 1 0 0 0 235 3 3 41637 1 1
560 0 1 1 0 49151 60948 49151 32768 0 1 0 0 0 0 0 235 3 3 41637 0 1
561 0 0 1 0 0 0 0 0 0 1 0 0 0 0 0 235 3 3 41637 0 1
562 0 0 1 0 0 0 0 0 0 1 0 0 0 0 0 235 3 3 41637 0 1
563 0 0 1 0 0 0 0 0 1 0 1 1 0 0 0 239 1 3 41637 0 2
564 0 1 1 0 49151 60948 16384 32768 0 1 0 0 0 0 0 239 1 3 41637 0 2
565 0 0 1 0 0 0 0 0 0 1 0 0 0 0 0 239 1 3 41637 0 2
566 0 0 1 0 0 0 0 0 0 1 0 0 0 0 0 239 1 3 41637 0 2
567 0 0 1 0 0 0 0 0 1 0 1 1 0 0 0 231 1 3 41637 0 3
568 0 1 1 0 49151 60948 32768 32768 0 1 0 0 0 0 0 231 1 3 41637 0 3
569 0 0 1 0 0 0 0 0 0 1 0 0 0 0 0 231 1 3 41637 0 3
570 0 0 1 0 0 0 0 0 0 1 0 0 0 0 0 231 1 3 41637 0 3
571 0 0 1 0 0 0 0 0 1 0 1 1 0 0 0 235 3 3 41637 0 3
572 0 1 1 0 49151 60948 0 32768 0 1 0 0 0 0 0 235 3 3 41637 0 3
573 0 0 1 0 0 0 0 0 0 1 0 0 0 0 0 235 3 3 41637 0 3
574 0 0 1 0 0 0 0 0 0 1 0 0 0 0 0 235 3 3 41637 0 3
575 0 0 1 0 0 0 0 0 1 0 1 1 0 0 0 227 1 1 111894 1 1
576 0 1 1 0 49151 60948 0 16384 0 1 0 0 0 0 0 227 1 1 111894 0 1
577 0 0 1 0 0 0 0 0 0 1 0 0 0 0 0 227 1 1 111894 0 1
578 0 0 1 0 0 0 0 0 0 1 0 0 0 0 0 227 1 1 111894 0 1
579 0 0 1 0 0 0 0 0 1 0 1 1 0 0 0 226 3 1 111894 0 2
580 0 1 1 0 49151 60948 32768 32768 0 1 0 0 0 0 0 226 3 1 111894 0 2
581 0 0 1 0 0 0 0 0 0 1 0 0 0 0 0 226 3 1 111894 0 2
582 0 0 1 0 0 0 0 0 0 1 0 0 0 0 0 226 3 1 111894 0 2
583 0 0 1 0 0 0 0 0 1 0 1 1 0 0 0 235 3 1 111894 0 3
584 0 1 1 0 49151 60948 49151 16384 0 1 0 0 0 0 0 235 3 1 111894 0 3
585 0 0 1 0 0 0 0 0 0 1 0 0 0 0 0 235 3 1 111894 0 3
586 0 0 1 0 0 0 0 0 0 1 0 0 0 0 0 235 3 1 111894 0 3
587 0 0 1 0 0 0 0 0 1 0 1 1 0 0 0 238 1 1 111894 0 3
588 0 1 1 0 49151 60948 49151 16384 0 1 0 0 0 0 0 238 1 1 111894 0 3
589 0 0 1 0 0 0 0 0 0 1 0 0 0 0 0 238 1 1 111894 0 3
590 0 0 1 0 0 0 0 0 0 1 0 0 0 0 0 238 1 1 111894 0 3
591 0 0 1 0 0 0 0 0 1 0 1 1 0 0 0 238 1 1 111894 0 3
592 0 1 1 0 49151 60948 49151 16384 0 1 0 0 0 0 0 238 1 1 111894 0 3
593 0 0 1 0 0 0 0 0 0 1 0 0 0 0 0 238 1 1 111894 0 3
594 0 0 1 0 0 0 0 0 0 1 0 0 0 0 0 238 1 1 111894 0 3
595 0 0 1 0 0 0 0 0 1 0 1 1 0 0 0 238 1 1 111894 0 3
596 0 1 1 0 49151 60948 32768 16384 0 1 0 0 0 0 0 238 1 1 111894 0 3
597 0 0 1 0 0 0 0 0 0 1 0 0 0 0 0 238 1 1 111894 0 3
598 0 0 1 0 0 0 0 0 0 1 0 0 0 0 0 238 1 1 111894 0 3
599 0 0 1 0 0 0 0 0 1 0 1 1 0 0 0 234 2 2 82841 1 1
600 0 1 1 0 49151 60948 49151 16384 0 1 0 0 0 0 0 234 2 2 82841 0 1
601 0 0 1 0 0 0 0 0 0 1 0 0 0 0 0 234 2 2 82841 0 1
602 0 0 1 0 0 0 0 0 0 1 0 0 0 0 0 234 2 2 82841 0 1
603 0 0 1 0 0 0 0 0 1 0 1 1 0 0 0 238 1 2 82841 0 2
604 0 1 1 0 49151 60948 0 16384 0 1 0 0 0 0 0 238 1 2 82841 0 2
605 0 0 1 0 0 0 0 0 0 1 0 0 0 0 0 238 1 2 82841 0 2
606 0 0 1 0 0 0 0 0 0 1 0 0 0 0 0 238 1 2 82841 0 2
607 0 0 1 0 0 0 0 0 1 0 1 1 0 0 0 226 3 2 82841 0 3
608 0 1 1 0 49151 60948 49151 16384 0 1 0 0 0 0 0 226 3 2 82841 0 3
609 0 0 1 0 0 0 0 0 0 1 0 0 0 0 0 226 3 2 82841 0 3
610 0 0 1 0 0 0 0 0 0 1 0 0 0 0 0 226 3 2 82841 0 3
611 0 0 1 0 0 0 0 0 1 0 1 1 0 0 0 238 1 1 111894 1 1
612 0 1 1 0 49151 60948 0 16384 0 1 0 0 0 0 0 238 1 1 111894 0 1
613 0 0 1 0 0 0 0 0 0 1 0 0 0 0 0 238 1 1 111894 0 1
614 0 0 1 0 0 0 0 0 0 1 0 0 0 0 0 238 1 1 111894 0 1
615 0 0 1 0 0 0 0 0 1 0 1 1 0 0 0 226 3 1 111894 0 2
616 0 1 1 0 49151 60948 49151 16384 0 1 0 0 0 0 0 226 3 1 111894 0 2
617 0 0 1 0 0 0 0 0 0 1 0 0 0 0 0 226 3 1 111894 0 2
618 0 0 1 0 0 0 0 0 0 1 0 0 0 0 0 226 3 1 111894 0 2
619 0 0 1 0 0 0 0 0 1 0 1 1 0 0 0 238 1 1 111894 0 3
620 0 1 1 0 49151 60948 0 8192 0 1 0 0 0 0 0 238 1 1 111894 0 3
621 0 0 1 0 0 0 0 0 0 1 0 0 0 0 0 238 1 1 111894 0 3
622 0 0 1 0 0 0 0 0 0 1 0 0 0 0 0 238 1 1 111894 0 3
623 0 0 1 0 0 0 0 0 1 0 1 1 0 0 0 225 3 3 41637 1 1
624 0 1 1 0 49151 60948 32768 8192 0 1 0 0 0 0 0 225 3 3 41637 0 1
625 0 0 1 0 0 0 0 0 0 1 0 0 0 0 0 225 3 3 41637 0 1
626 0 0 1 0 0 0 0 0 0 1 0 0 0 0 0 225 3 3 41637 0 1
627 0 0 1 0 0 0 0 0 1 0 1 1 0 0 0 233 0 3 41637 0 2
628 0 1 1 0 49151 60948 49151 8192 0 1 0 0 0 0 0 233 0 3 41637 0 2
629 0 0 1 0 0 0 0 0 0 1 0 0 0 0 0 233 0 3 41637 0 2
630 0 0 1 0 0 0 0 0 0 1 0 0 0 0 0 233 0 3 41637 0 2
631 0 0 1 0 0 0 0 0 1 0 1 1 0 0 0 237 0 3 41637 0 3
632 0 1 1 0 49151 60948 32768 8192 0 1 0 0 0 0 0 237 0 3 41637 0 3
633 0 0 1 0 0 0 0 0 0 1 0 0 0 0 0 237 0 3 41637 0 3
634 0 0 1 0 0 0 0 0 0 1 0 0 0 0 0 237 0 3 41637 0 3
635 0 0 1 0 0 0 0 0 1 0 1 1 0 0 0 233 0 0 78633 1 1
636 0 1 1 0 49151 60948 49151 8192 0 1 0 0 0 0 0 233 0 0 78633 0 1
637 0 0 1 0 0 0 0 0 0 1 0 0 0 0 0 233 0 0 78633 0 1
638 0 0 1 0 0 0 0 0 0 1 0 0 0 0 0 233 0 0 78633 0 1
639 0 0 1 0 0 0 0 0 1 0 1 1 0 0 0 237 0 0 78633 0 2
640 0 1 1 0 49151 60948 49151 16384 0 1 0 0 0 0 0 237 0 0 78633 0 2
641 0 0 1 0 0 0 0 0 0 1 0 0 0 0 0 237 0 0 78633 0 2
642 0 0 1 0 0 0 0 0 0 1 0 0 0 0 0 237 0 0 78633 0 2
643 0 0 1 0 0 0 0 0 1 0 1 1 0 0 0 238 1 0 78633 0 3
644 0 1 1 0 49151 60948 32768 16384 0 1 0 0 0 0 0 238 1 0 78633 0 3
645 0 0 1 0 0 0 0 0 0 1 0 0 0 0 0 238 1 0 78633 0 3
646 0 0 1 0 0 0 0 0 0 1 0 0 0 0 0 238 1 0 78633 0 3
647 0 0 1 0 0 0 0 0 1 0 1 1 0 0 0 234 2 2 82841 1 1
648 0 1 1 0 49151 60948 16384 16384 0 1 0 0 0 0 0 234 2 2 82841 0 1
649 0 0 1 0 0 0 0 0 0 1 0 0 0 0 0 234 2 2 82841 0 1
650 0 0 1 0 0 0 0 0 0 1 0 0 0 0 0 234 2 2 82841 0 1
651 0 0 1 0 0 0 0 0 1 0 1 1 0 0 0 230 2 2 82841 0 2
652 0 1 1 0 49151 60948 49151 32768 0 1 0 0 0 0 0 230 2 2 82841 0 2
653 0 0 1 0 0 0 0 0 0 1 0 0 0 0 0 230 2 2 82841 0 2
654 0 0 1 0 0 0 0 0 0 1 0 0 0 0 0 230 2 2 82841 0 2
655 0 0 1 0 0 0 0 0 1 0 1 1 0 0 0 239 1 2 82841 0 3
656 0 1 1 0 49151 60948 49151 32768 0 1 0 0 0 0 0 239 1 2 82841 0 3
657 0 0 1 0 0 0 0 0 0 1 0 0 0 0 0 239 1 2 82841 0 3
658 0 0 1 0 0 0 0 0 0 1 0 0 0 0 0 239 1 2 82841 0 3
659 0 0 1 0 0 0 0 0 1 0 1 1 0 0 0 239 1 1 111894 1 1
660 0 1 1 0 49151 60948 0 32768 0 1 0 0 0 0 0 239 1 1 111894 0 1
661 0 0 1 0 0 0 0 0 0 1 0 0 0 0 0 239 1 1 111894 0 1
662 0 0 1 0 0 0 0 0 0 1 0 0 0 0 0 239 1 1 111894 0 1
663 0 0 1 0 0 0 0 0 1 0 1 1 0 0 0 227 1 1 111894 0 2
664 0 1 1 0 49151 60948 49151 16384 0 1 0 0 0 0 0 227 1 1 111894 0 2
665 0 0 1 0 0 0 0 0 0 1 0 0 0 0 0 227 1 1 111894 0 2
666 0 0 1 0 0 0 0 0 0 1 0 0 0 0 0 227 1 1 111894 0 2
667 0 0 1 0 0 0 0 0 1 0 1 1 0 0 0 238 1 1 111894 0 3
668 0 1 1 0 49151 60948 49151 16384 0 1 0 0 0 0 0 238 1 1 111894 0 3
669 0 0 1 0 0 0 0 0 0 1 0 0 0 0 0 238 1 1 111894 0 3
670 0 0 1 0 0 0 0 0 0 1 0 0 0 0 0 238 1 1 111894 0 3
671 0 0 1 0 0 0 0 0 1 0 1 1 0 0 0 238 1 1 111894 0 3
672 0 1 1 0 49151 60948 0 8192 0 1 0 0 0 0 0 238 1 1 111894 0 3
673 0 0 1 0 0 0 0 0 0 1 0 0 0 0 0 238 1 1 111894 0 3
674 0 0 1 0 0 0 0 0 0 1 0 0 0 0 0 238 1 1 111894 0 3
675 0 0 1 0 0 0 0 0 1 0 1 1 0 0 0 225 3 3 41637 1 1
676 0 1 1 0 49151 60948 0 32768 0 1 0 0 0 0 0 225 3 3 41637 0 1
677 0 0 1 0 0 0 0 0 0 1 0 0 0 0 0 225 3 3 41637 0 1
678 0 0 1 0 0 0 0 0 0 1 0 0 0 0 0 225 3 3 41637 0 1
679 0 0 1 0 0 0 0 0 1 0 1 1 0 0 0 227 1 3 41637 0 2
680 0 1 1 0 49151 60948 49151 32768 0 1 0 0 0 0 0 227 1 3 41637 0 2
681 0 0 1 0 0 0 0 0 0 1 0 0 0 0 0 227 1 3 41637 0 2
682 0 0 1 0 0 0 0 0 0 1 0 0 0 0 0 227 1 3 41637 0 2
683 0 0 1 0 0 0 0 0 1 0 1 1 0 0 0 239 1 3 41637 0 3
684 0 1 1 0 49151 60948 0 32768 0 1 0 0 0 0 0 239 1 3 41637 0 3
685 0 0 1 0 0 0 0 0 0 1 0 0 0 0 0 239 1 3 41637 0 3
686 0 0 1 0 0 0 0 0 0 1 0 0 0 0 0 239 1 3 41637 0 3
687 0 0 1 0 0 0 0 0 1 0 1 1 0 0 0 227 1 1 111894 1 1
688 0 1 1 0 49151 60948 49151 32768 0 1 0 0 0 0 0 227 1 1 111894 0 1
689 0 0 1 0 0 0 0 0 0 1 0 0 0 0 0 227 1 1 111894 0 1
690 0 0 1 0 0 0 0 0 0 1 0 0 0 0 0 227 1 1 111894 0 1
691 0 0 1 0 0 0 0 0 1 0 1 1 0 0 0 239 1 1 111894 0 2
692 0 1 1 0 49151 60948 16384 32768 0 1 0 0 0 0 0 239 1 1 111894 0 2
693 0 0 1 0 0 0 0 0 0 1 0 0 0 0 0 239 1 1 111894 0 2
694 0 0 1 0 0 0 0 0 0 1 0 0 0 0 0 239 1 1 111894 0 2
695 0 0 1 0 0 0 0 0 1 0 1 1 0 0 0 231 1 1 111894 0 3
696 0 1 1 0 49151 60948 49151 32768 0 1 0 0 0 0 0 231 1 1 111894 0 3
697 0 0 1 0 0 0 0 0 0 1 0 0 0 0 0 231 1 1 111894 0 3
698 0 0 1 0 0 0 0 0 0 1 0 0 0 0 0 231 1 1 111894 0 3
699 0 0 1 0 0 0 0 0 1 0 1 1 0 0 0 239 1 1 111894 0 3
700 0 1 1 0 49151 60948 32768 16384 0 1 0 0 0 0 0 239 1 1 111894 0 3
701 0 0 1 0 0 0 0 0 0 1 0 0 0 0 0 239 1 1 111894 0 3
702 0 0 1 0 0 0 0 0 0 1 0 0 0 0 0 239 1 1 111894 0 3
703 0 0 1 0 0 0 0 0 1 0 1 1 0 0 0 234 2 2 82841 1 1
704 0 1 1 0 49151 60948 49151 32768 0 1 0 0 0 0 0 234 2 2 82841 0 1
705 0 0 1 0 0 0 0 0 0 1 0 0 0 0 0 234 2 2 82841 0 1
706 0 0 1 0 0 0 0 0 0 1 0 0 0 0 0 234 2 2 82841 0 1
707 0 0 1 0 0 0 0 0 1 0 1 1 0 0 0 239 1 2 82841 0 2
708 0 1 1 0 49151 60948 0 32768 0 1 0 0 0 0 0 239 1 2 82841 0 2
709 0 0 1 0 0 0 0 0 0 1 0 0 0 0 0 239 1 2 82841 0 2
710 0 0 1 0 0 0 0 0 0 1 0 0 0 0 0 239 1 2 82841 0 2
711 0 0 1 0 0 0 0 0 1 0 1 1 0 0 0 227 1 2 82841 0 3
712 0 1 1 0 49151 60948 0 32768 0 1 0 0 0 0 0 227 1 2 82841 0 3
713 0 0 1 0 0 0 0 0 0 1 0 0 0 0 0 227 1 2 82841 0 3
714 0 0 1 0 0 0 0 0 0 1 0 0 0 0 0 227 1 2 82841 0 3
715 0 0 1 0 0 0 0 0 1 0 1 1 0 0 0 227 1 1 111894 1 1
716 0 1 1 0 49151 60948 32768 32768 0 1 0 0 0 0 0 227 1 1 111894 0 1
717 0 0 1 0 0 0 0 0 0 1 0 0 0 0 0 227 1 1 111894 0 1
718 0 0 1 0 0 0 0 0 0 1 0 0 0 0 0 227 1 1 111894 0 1
719 0 0 1 0 0 0 0 0 1 0 1 1 0 0 0 235 3 1 111894 0 2
720 0 1 1 0 49151 60948 16384 32768 0 1 0 0 0 0 0 235 3 1 111894 0 2
721 0 0 1 0 0 0 0 0 0 1 0 0 0 0 0 235 3 1 111894 0 2
722 0 0 1 0 0 0 0 0 0 1 0 0 0 0 0 235 3 1 111894 0 2
723 0 0 1 0 0 0 0 0 1 0 1 1 0 0 0 231 1 1 111894 0 3
724 0 1 1 0 49151 60948 49151 16384 0 1 0 0 0 0 0 231 1 1 111894 0 3
725 0 0 1 0 0 0 0 0 0 1 0 0 0 0 0 231 1 1 111894 0 3
726 0 0 1 0 0 0 0 0 0 1 0 0 0 0 0 231 1 1 111894 0 3
727 0 0 1 0 0 0 0 0 1 0 1 1 0 0 0 238 1 1 111894 0 3
728 0 1 1 0 49151 60948 32768 16384 0 1 0 0 0 0 0 238 1 1 111894 0 3
729 0 0 1 0 0 0 0 0 0 1 0 0 0 0 0 238 1 1 111894 0 3
730 0 0 1 0 0 0 0 0 0 1 0 0 0 0 0 238 1 1 111894 0 3
731 0 0 1 0 0 0 0 0 1 0 1 1 0 0 0 234 2 2 82841 1 1
732 0 1 1 0 49151 60948 32768 16384 0 1 0 0 0 0 0 234 2 2 82841 0 1
733 0 0 1 0 0 0 0 0 0 1 0 0 0 0 0 234 2 2 82841 0 1
734 0 0 1 0 0 0 0 0 0 1 0 0 0 0 0 234 2 2 82841 0 1
735 0 0 1 0 0 0 0 0 1 0 1 1 0 0 0 234 2 2 82841 0 2
736 0 1 1 0 49151 60948 49151 16384 0 1 0 0 0 0 0 234 2 2 82841 0 2
737 0 0 1 0 0 0 0 0 0 1 0 0 0 0 0 234 2 2 82841 0 2
738 0 0 1 0 0 0 0 0 0 1 0 0 0 0 0 234 2 2 82841 0 2
739 0 0 1 0 0 0 0 0 1 0 1 1 0 0 0 238 1 2 82841 0 3
740 0 1 1 0 49151 60948 49151 16384 0 1 0 0 0 0 0 238 1 2 82841 0 3
741 0 0 1 0 0 0 0 0 0 1 0 0 0 0 0 238 1 2 82841 0 3
742 0 0 1 0 0 0 0 0 0 1 0 0 0 0 0 238 1 2 82841 0 3
743 0 0 1 0 0 0 0 0 1 0 1 1 0 0 0 238 1 1 111894 1 1
744 0 1 1 0 49151 60948 49151 16384 0 1 0 0 0 0 0 238 1 1 111894 0 1
745 0 0 1 0 0 0 0 0 0 1 0 0 0 0 0 238 1 1 111894 0 1
746 0 0 1 0 0 0 0 0 0 1 0 0 0 0 0 238 1 1 111894 0 1
747 0 0 1 0 0 0 0 0 1 0 1 1 0 0 0 238 1 1 111894 0 2
748 0 1 1 0 49151 60948 49151 8192 0 1 0 0 0 0 0 238 1 1 111894 0 2
749 0 0 1 0 0 0 0 0 0 1 0 0 0 0 0 238 1 1 111894 0 2
750 0 0 1 0 0 0 0 0 0 1 0 0 0 0 0 238 1 1 111894 0 2
751 0 0 1 0 0 0 0 0 1 0 1 1 0 0 0 237 0 1 111894 0 3
752 0 1 1 0 49151 60948 0 8192 0 1 0 0 0 0 0 237 0 1 111894 0 3
753 0 0 1 0 0 0 0 0 0 1 0 0 0 0 0 237 0 1 111894 0 3
754 0 0 1 0 0 0 0 0 0 1 0 0 0 0 0 237 0 1 111894 0 3
755 0 0 1 0 0 0 0 0 1 0 1 1 0 0 0 225 3 3 41637 1 1
756 0 1 1 0 49151 60948 49151 8192 0 1 0 0 0 0 0 225 3 3 41637 0 1
757 0 0 1 0 0 0 0 0 0 1 0 0 0 0 0 225 3 3 41637 0 1
758 0 0 1 0 0 0 0 0 0 1 0 0 0 0 0 225 3 3 41637 0 1
759 0 0 1 0 0 0 0 0 1 0 1 1 0 0 0 237 0 3 41637 0 2
760 0 1 1 0 49151 60948 0 8192 0 1 0 0 0 0 0 237 0 3 41637 0 2
761 0 0 1 0 0 0 0 0 0 1 0 0 0 0 0 237 0 3 41637 0 2
762 0 0 1 0 0 0 0 0 0 1 0 0 0 0 0 237 0 3 41637 0 2
763 0 0 1 0 0 0 0 0 1 0 1 1 0 0 0 225 3 3 41637 0 3
764 0 1 1 0 49151 60948 49151 16384 0 1 0 0 0 0 0 225 3 3 41637 0 3
765 0 0 1 0 0 0 0 0 0 1 0 0 0 0 0 225 3 3 41637 0 3
766 0 0 1 0 0 0 0 0 0 1 0 0 0 0 0 225 3 3 41637 0 3
767 0 0 1 0 0 0 0 0 1 0 1 1 0 0 0 238 1 1 111894 1 1
768 0 1 1 0 49151 60948 49151 8192 0 1 0 0 0 0 0 238 1 1 111894 0 1
769 0 0 1 0 0 0 0 0 0 1 0 0 0 0 0 238 1 1 111894 0 1
770 0 0 1 0 0 0 0 0 0 1 0 0 0 0 0 238 1 1 111894 0 1
771 0 0 1 0 0 0 0 0 1 0 1 1 0 0 0 237 0 1 111894 0 2
772 0 1 1 0 49151 60948 0 0 0 1 0 0 0 0 0 237 0 1 111894 0 2
773 0 0 1 0 0 0 0 0 0 1 0 0 0 0 0 237 0 1 111894 0 2
774 0 0 1 0 0 0 0 0 0 1 0 0 0 0 0 237 0 1 111894 0 2
775 0 0 1 0 0 0 0 0 1 0 1 1 0 0 0 224 3 1 111894 0 3
776 0 1 1 0 49151 60948 49151 0 0 1 0 0 0 0 0 224 3 1 111894 0 3
777 0 0 1 0 0 0 0 0 0 1 0 0 0 0 0 224 3 1 111894 0 3
778 0 0 1 0 0 0 0 0 0 1 0 0 0 0 0 224 3 1 111894 0 3
779 0 0 1 0 0 0 0 0 1 0 1 1 0 0 0 236 1 1 111894 0 3
780 0 1 1 0 49151 60948 32768 8192 0 1 0 0 0 0 0 236 1 1 111894 0 3
781 0 0 1 0 0 0 0 0 0 1 0 0 0 0 0 236 1 1 111894 0 3
782 0 0 1 0 0 0 0 0 0 1 0 0 0 0 0 236 1 1 111894 0 3
783 0 0 1 0 0 0 0 0 1 0 1 1 0 0 0 233 0 0 78633 1 1
784 0 1 1 0 49151 60948 32768 16384 0 1 0 0 0 0 0 233 0 0 78633 0 1
785 0 0 1 0 0 0 0 0 0 1 0 0 0 0 0 233 0 0 78633 0 1
786 0 0 1 0 0 0 0 0 0 1 0 0 0 0 0 233 0 0 78633 0 1
787 0 0 1 0 0 0 0 0 1 0 1 1 0 0 0 234 2 0 78633 0 2
788 0 1 1 0 49151 60948 0 16384 0 1 0 0 0 0 0 234 2 0 78633 0 2
789 0 0 1 0 0 0 0 0 0 1 0 0 0 0 0 234 2 0 78633 0 2
790 0 0 1 0 0 0 0 0 0 1 0 0 0 0 0 234 2 0 78633 0 2
791 0 0 1 0 0 0 0 0 1 0 1 1 0 0 0 226 3 0 78633 0 3
792 0 1 1 0 49151 60948 49151 32768 0 1 0 0 0 0 0 226 3 0 78633 0 3
793 0 0 1 0 0 0 0 0 0 1 0 0 0 0 0 226 3 0 78633 0 3
794 0 0 1 0 0 0 0 0 0 1 0 0 0 0 0 226 3 0 78633 0 3
795 0 0 1 0 0 0 0 0 1 0 1 1 0 0 0 239 1 1 111894 1 1
796 0 1 1 0 49151 60948 0 16384 0 1 0 0 0 0 0 239 1 1 111894 0 1
797 0 0 1 0 0 0 0 0 0 1 0 0 0 0 0 239 1 1 111894 0 1
798 0 0 1 0 0 0 0 0 0 1 0 0 0 0 0 239 1 1 111894 0 1
799 0 0 1 0 0 0 0 0 1 0 1 1 0 0 0 226 3 1 111894 0 2
800 0 1 1 0 49151 60948 32768 8192 0 1 0 0 0 0 0 226 3 1 111894 0 2
801 0 0 1 0 0 0 0 0 0 1 0 0 0 0 0 226 3 1 111894 0 2
802 0 0 1 0 0 0 0 0 0 1 0 0 0 0 0 226 3 1 111894 0 2
803 0 0 1 0 0 0 0 0 1 0 1 1 0 0 0 233 0 1 111894 0 3
804 0 1 1 0 49151 60948 32768 0 0 1 0 0 0 0 0 233 0 1 111894 0 3
805 0 0 1 0 0 0 0 0 0 1 0 0 0 0 0 233 0 1 111894 0 3
806 0 0 1 0 0 0 0 0 0 1 0 0 0 0 0 233 0 1 111894 0 3
807 0 0 1 0 0 0 0 0 1 0 1 1 0 0 0 232 0 0 78633 1 1
808 0 1 1 0 49151 62914 49151 16384 0 1 0 0 0 0 0 232 0 0 78633 0 1
809 0 0 1 0 0 0 0 0 0 1 0 0 0 0 0 232 0 0 78633 0 1
810 0 0 1 0 0 0 0 0 0 1 0 0 0 0 0 232 0 0 78633 0 1
811 0 0 1 0 0 0 0 0 1 0 1 1 0 0 0 254 1 0 78633 0 2
812 0 1 1 0 49151 62914 32768 16384 0 1 0 0 0 0 0 254 1 0 78633 0 2
813 0 0 1 0 0 0 0 0 0 1 0 0 0 0 0 254 1 0 78633 0 2
814 0 0 1 0 0 0 0 0 0 1 0 0 0 0 0 254 1 0 78633 0 2
815 0 0 1 0 0 0 0 0 1 0 1 1 0 0 0 250 1 0 78633 0 3
816 0 1 1 0 49151 62914 32768 16384 0 1 0 0 0 0 0 250 1 0 78633 0 3
817 0 0 1 0 0 0 0 0 0 1 0 0 0 0 0 250 1 0 78633 0 3
818 0 0 1 0 0 0 0 0 0 1 0 0 0 0 0 250 1 0 78633 0 3
819 0 0 1 0 0 0 0 0 1 0 1 1 0 0 0 250 1 1 111894 1 1
820 0 1 1 0 49151 62914 49151 8192 0 1 0 0 0 0 0 250 1 1 111894 0 1
821 0 0 1 0 0 0 0 0 0 1 0 0 0 0 0 250 1 1 111894 0 1
822 0 0 1 0 0 0 0 0 0 1 0 0 0 0 0 250 1 1 111894 0 1
823 0 0 1 0 0 0 0 0 1 0 1 1 0 0 0 253 3 1 111894 0 2
824 0 1 1 0 49151 62914 0 0 0 1 0 0 0 0 0 253 3 1 111894 0 2
825 0 0 1 0 0 0 0 0 0 1 0 0 0 0 0 253 3 1 111894 0 2
826 0 0 1 0 0 0 0 0 0 1 0 0 0 0 0 253 3 1 111894 0 2
827 0 0 1 0 0 0 0 0 1 0 1 1 0 0 0 240 3 1 111894 0 3
828 0 1 1 0 49151 62914 16384 8192 0 1 0 0 0 0 0 240 3 1 111894 0 3
829 0 0 1 0 0 0 0 0 0 1 0 0 0 0 0 240 3 1 111894 0 3
830 0 0 1 0 0 0 0 0 0 1 0 0 0 0 0 240 3 1 111894 0 3
831 0 0 1 0 0 0 0 0 1 0 1 1 0 0 0 245 1 1 111894 0 3
832 0 1 1 0 49151 62914 49151 0 0 1 0 0 0 0 0 245 1 1 111894 0 3
833 0 0 1 0 0 0 0 0 0 1 0 0 0 0 0 245 1 1 111894 0 3
834 0 0 1 0 0 0 0 0 0 1 0 0 0 0 0 245 1 1 111894 0 3
835 0 0 1 0 0 0 0 0 1 0 1 1 0 0 0 252 0 0 78633 1 1
836 0 1 1 0 49151 62914 49151 8192 0 1 0 0 0 0 0 252 0 0 78633 0 1
837 0 0 1 0 0 0 0 0 0 1 0 0 0 0 0 252 0 0 78633 0 1
838 0 0 1 0 0 0 0 0 0 1 0 0 0 0 0 252 0 0 78633 0 1
839 0 0 1 0 0 0 0 0 1 0 1 1 0 0 0 253 3 0 78633 0 2
840 0 1 1 0 49151 62914 16384 8192 0 1 0 0 0 0 0 253 3 0 78633 0 2
841 0 0 1 0 0 0 0 0 0 1 0 0 0 0 0 253 3 0 78633 0 2
842 0 0 1 0 0 0 0 0 0 1 0 0 0 0 0 253 3 0 78633 0 2
843 0 0 1 0 0 0 0 0 1 0 1 1 0 0 0 245 1 0 78633 0 3
844 0 1 1 0 49151 62914 49151 0 0 1 0 0 0 0 0 245 1 0 78633 0 3
845 0 0 1 0 0 0 0 0 0 1 0 0 0 0 0 245 1 0 78633 0 3
846 0 0 1 0 0 0 0 0 0 1 0 0 0 0 0 245 1 0 78633 0 3
847 0 0 1 0 0 0 0 0 1 0 1 1 0 0 0 252 0 0 78633 0 3
848 0 1 1 0 49151 62914 49151 0 0 1 0 0 0 0 0 252 0 0 78633 0 3
849 0 0 1 0 0 0 0 0 0 1 0 0 0 0 0 252 0 0 78633 0 3
850 0 0 1 0 0 0 0 0 0 1 0 0 0 0 0 252 0 0 78633 0 3
851 0 0 1 0 0 0 0 0 1 0 1 1 0 0 0 252 0 0 78633 0 3
852 0 1 1 0 49151 62914 49151 0 0 1 0 0 0 0 0 252 0 0 78633 0 3
853 0 0 1 0 0 0 0 0 0 1 0 0 0 0 0 252 0 0 78633 0 3
854 0 0 1 0 0 0 0 0 0 1 0 0 0 0 0 252 0 0 78633 0 3
855 0 0 1 0 0 0 0 0 1 0 1 1 0 0 0 252 0 0 78633 0 3
856 0 1 1 0 49151 62914 49151 8192 0 1 0 0 0 0 0 252 0 0 78633 0 3
857 0 0 1 0 0 0 0 0 0 1 0 0 0 0 0 252 0 0 78633 0 3
858 0 0 1 0 0 0 0 0 0 1 0 0 0 0 0 252 0 0 78633 0 3
859 0 0 1 0 0 0 0 0 1 0 1 1 0 0 0 253 3 3 41637 1 1
860 0 1 1 0 49151 62914 16384 0 0 1 0 0 0 0 0 253 3 3 41637 0 1
861 0 0 1 0 0 0 0 0 0 1 0 0 0 0 0 253 3 3 41637 0 1
862 0 0 1 0 0 0 0 0 0 1 0 0 0 0 0 253 3 3 41637 0 1
863 0 0 1 0 0 0 0 0 1 0 1 1 0 0 0 244 0 3 41637 0 2
864 0 1 1 0 49151 62914 49151 8192 0 1 0 0 0 0 0 244 0 3 41637 0 2
865 0 0 1 0 0 0 0 0 0 1 0 0 0 0 0 244 0 3 41637 0 2
866 0 0 1 0 0 0 0 0 0 1 0 0 0 0 0 244 0 3 41637 0 2
867 0 0 1 0 0 0 0 0 1 0 1 1 0 0 0 253 3 3 41637 0 3
868 0 1 1 0 49151 62914 16384 8192 0 1 0 0 0 0 0 253 3 3 41637 0 3
869 0 0 1 0 0 0 0 0 0 1 0 0 0 0 0 253 3 3 41637 0 3
870 0 0 1 0 0 0 0 0 0 1 0 0 0 0 0 253 3 3 41637 0 3
871 0 0 1 0 0 0 0 0 1 0 1 1 0 0 0 245 1 1 111894 1 1
872 0 1 1 0 49151 62914 16384 0 0 1 0 0 0 0 0 245 1 1 111894 0 1
873 0 0 1 0 0 0 0 0 0 1 0 0 0 0 0 245 1 1 111894 0 1
874 0 0 1 0 0 0 0 0 0 1 0 0 0 0 0 245 1 1 111894 0 1
875 0 0 1 0 0 0 0 0 1 0 1 1 0 0 0 244 0 1 111894 0 2
876 0 1 1 0 49151 62914 49151 0 0 1 0 0 0 0 0 244 0 1 111894 0 2
877 0 0 1 0 0 0 0 0 0 1 0 0 0 0 0 244 0 1 111894 0 2
878 0 0 1 0 0 0 0 0 0 1 0 0 0 0 0 244 0 1 111894 0 2
879 0 0 1 0 0 0 0 0 1 0 1 1 0 0 0 252 0 1 111894 0 3
880 0 1 1 0 49151 62914 49151 0 0 1 0 0 0 0 0 252 0 1 111894 0 3
881 0 0 1 0 0 0 0 0 0 1 0 0 0 0 0 252 0 1 111894 0 3
882 0 0 1 0 0 0 0 0 0 1 0 0 0 0 0 252 0 1 111894 0 3
883 0 0 1 0 0 0 0 0 1 0 1 1 0 0 0 252 0 0 78633 1 1
884 0 1 1 0 49151 62914 49151 8192 0 1 0 0 0 0 0 252 0 0 78633 0 1
885 0 0 1 0 0 0 0 0 0 1 0 0 0 0 0 252 0 0 78633 0 1
886 0 0 1 0 0 0 0 0 0 1 0 0 0 0 0 252 0 0 78633 0 1
887 0 0 1 0 0 0 0 0 1 0 1 1 0 0 0 253 3 0 78633 0 2
888 0 1 1 0 49151 62914 32768 8192 0 1 0 0 0 0 0 253 3 0 78633 0 2
889 0 0 1 0 0 0 0 0 0 1 0 0 0 0 0 253 3 0 78633 0 2
890 0 0 1 0 0 0 0 0 0 1 0 0 0 0 0 253 3 0 78633 0 2
891 0 0 1 0 0 0 0 0 1 0 1 1 0 0 0 249 2 0 78633 0 3
892 0 1 1 0 49151 62914 32768 16384 0 1 0 0 0 0 0 249 2 0 78633 0 3
893 0 0 1 0 0 0 0 0 0 1 0 0 0 0 0 249 2 0 78633 0 3
894 0 0 1 0 0 0 0 0 0 1 0 0 0 0 0 249 2 0 78633 0 3
895 0 0 1 0 0 0 0 0 1 0 1 1 0 0 0 250 1 1 111894 1 1
896 0 1 1 0 49151 62914 32768 8192 0 1 0 0 0 0 0 250 1 1 111894 0 1
897 0 0 1 0 0 0 0 0 0 1 0 0 0 0 0 250 1 1 111894 0 1
898 0 0 1 0 0 0 0 0 0 1 0 0 0 0 0 250 1 1 111894 0 1
899 0 0 1 0 0 0 0 0 1 0 1 1 0 0 0 249 2 1 111894 0 2
900 0 1 1 0 49151 62914 49151 0 0 1 0 0 0 0 0 249 2 1 111894 0 2
901 0 0 1 0 0 0 0 0 0 1 0 0 0 0 0 249 2 1 111894 0 2
902 0 0 1 0 0 0 0 0 0 1 0 0 0 0 0 249 2 1 111894 0 2
903 0 0 1 0 0 0 0 0 1 0 1 1 0 0 0 252 0 1 111894 0 3
904 0 1 1 0 49151 62914 32768 8192 0 1 0 0 0 0 0 252 0 1 111894 0 3
905 0 0 1 0 0 0 0 0 0 1 0 0 0 0 0 252 0 1 111894 0 3
906 0 0 1 0 0 0 0 0 0 1 0 0 0 0 0 252 0 1 111894 0 3
907 0 0 1 0 0 0 0 0 1 0 1 1 0 0 0 249 2 2 82841 1 1
908 0 1 1 0 49151 62914 16384 0 0 1 0 0 0 0 0 249 2 2 82841 0 1
909 0 0 1 0 0 0 0 0 0 1 0 0 0 0 0 249 2 2 82841 0 1
910 0 0 1 0 0 0 0 0 0 1 0 0 0 0 0 249 2 2 82841 0 1
911 0 0 1 0 0 0 0 0 1 0 1 1 0 0 0 244 0 2 82841 0 2
912 0 1 1 0 49151 62914 49151 0 0 1 0 0 0 0 0 244 0 2 82841 0 2
913 0 0 1 0 0 0 0 0 0 1 0 0 0 0 0 244 0 2 82841 0 2
914 0 0 1 0 0 0 0 0 0 1 0 0 0 0 0 244 0 2 82841 0 2
915 0 0 1 0 0 0 0 0 1 0 1 1 0 0 0 252 0 2 82841 0 3
916 0 1 1 0 49151 62914 16384 8192 0 1 0 0 0 0 0 252 0 2 82841 0 3
917 0 0 1 0 0 0 0 0 0 1 0 0 0 0 0 252 0 2 82841 0 3
918 0 0 1 0 0 0 0 0 0 1 0 0 0 0 0 252 0 2 82841 0 3
919 0 0 1 0 0 0 0 0 1 0 1 1 0 0 0 245 1 1 111894 1 1
920 0 1 1 0 49151 62914 32768 0 0 1 0 0 0 0 0 245 1 1 111894 0 1
921 0 0 1 0 0 0 0 0 0 1 0 0 0 0 0 245 1 1 111894 0 1
922 0 0 1 0 0 0 0 0 0 1 0 0 0 0 0 245 1 1 111894 0 1
923 0 0 1 0 0 0 0 0 1 0 1 1 0 0 0 248 0 1 111894 0 2
924 0 1 1 0 49151 62914 49151 0 0 1 0 0 0 0 0 248 0 1 111894 0 2
925 0 0 1 0 0 0 0 0 0 1 0 0 0 0 0 248 0 1 111894 0 2
926 0 0 1 0 0 0 0 0 0 1 0 0 0 0 0 248 0 1 111894 0 2
927 0 0 1 0 0 0 0 0 1 0 1 1 0 0 0 252 0 1 111894 0 3
928 0 1 1 0 49151 62914 16384 0 0 1 0 0 0 0 0 252 0 1 111894 0 3
929 0 0 1 0 0 0 0 0 0 1 0 0 0 0 0 252 0 1 111894 0 3
930 0 0 1 0 0 0 0 0 0 1 0 0 0 0 0 252 0 1 111894 0 3
931 0 0 1 0 0 0 0 0 1 0 1 1 0 0 0 244 0 0 78633 1 1
932 0 1 1 0 49151 62914 0 8192 0 1 0 0 0 0 0 244 0 0 78633 0 1
933 0 0 1 0 0 0 0 0 0 1 0 0 0 0 0 244 0 0 78633 0 1
934 0 0 1 0 0 0 0 0 0 1 0 0 0 0 0 244 0 0 78633 0 1
935 0 0 1 0 0 0 0 0 1 0 1 1 0 0 0 241 1 0 78633 0 2
936 0 1 1 0 49151 58982 16384 16384 0 1 0 0 0 0 0 241 1 0 78633 0 2
937 0 0 1 0 0 0 0 0 0 1 0 0 0 0 0 241 1 0 78633 0 2
938 0 0 1 0 0 0 0 0 0 1 0 0 0 0 0 241 1 0 78633 0 2
939 0 0 1 0 0 0 0 0 1 0 1 1 0 0 0 214 2 0 78633 0 3
940 0 1 1 0 49151 58982 49151 0 0 1 0 0 0 0 0 214 2 0 78633 0 3
941 0 0 1 0 0 0 0 0 0 1 0 0 0 0 0 214 2 0 78633 0 3
942 0 0 1 0 0 0 0 0 0 1 0 0 0 0 0 214 2 0 78633 0 3
943 0 0 1 0 0 0 0 0 1 0 1 1 0 0 0 220 1 1 111894 1 1
944 0 1 1 0 49151 58982 0 0 0 1 0 0 0 0 0 220 1 1 111894 0 1
945 0 0 1 0 0 0 0 0 0 1 0 0 0 0 0 220 1 1 111894 0 1
946 0 0 1 0 0 0 0 0 0 1 0 0 0 0 0 220 1 1 111894 0 1
947 0 0 1 0 0 0 0 0 1 0 1 1 0 0 0 208 1 1 111894 0 2
948 0 1 1 0 49151 58982 0 0 0 1 0 0 0 0 0 208 1 1 111894 0 2
949 0 0 1 0 0 0 0 0 0 1 0 0 0 0 0 208 1 1 111894 0 2
950 0 0 1 0 0 0 0 0 0 1 0 0 0 0 0 208 1 1 111894 0 2
951 0 0 1 0 0 0 0 0 1 0 1 1 0 0 0 208 1 1 111894 0 3
952 0 1 1 0 49151 58982 0 0 0 1 0 0 0 0 0 208 1 1 111894 0 3
953 0 0 1 0 0 0 0 0 0 1 0 0 0 0 0 208 1 1 111894 0 3
954 0 0 1 0 0 0 0 0 0 1 0 0 0 0 0 208 1 1 111894 0 3
955 0 0 1 0 0 0 0 0 1 0 1 1 0 0 0 208 1 1 111894 0 3
956 0 1 1 0 49151 58982 49151 8192 0 1 0 0 0 0 0 208 1 1 111894 0 3
957 0 0 1 0 0 0 0 0 0 1 0 0 0 0 0 208 1 1 111894 0 3
958 0 0 1 0 0 0 0 0 0 1 0 0 0 0 0 208 1 1 111894 0 3
959 0 0 1 0 0 0 0 0 1 0 1 1 0 0 0 221 3 3 41637 1 1
960 0 1 1 0 49151 58982 0 0 0 1 0 0 0 0 0 221 3 3 41637 0 1
961 0 0 1 0 0 0 0 0 0 1 0 0 0 0 0 221 3 3 41637 0 1
962 0 0 1 0 0 0 0 0 0 1 0 0 0 0 0 221 3 3 41637 0 1
963 0 0 1 0 0 0 0 0 1 0 1 1 0 0 0 208 1 3 41637 0 2
964 0 1 1 0 49151 58982 32768 8192 0 1 0 0 0 0 0 208 1 3 41637 0 2
965 0 0 1 0 0 0 0 0 0 1 0 0 0 0 0 208 1 3 41637 0 2
966 0 0 1 0 0 0 0 0 0 1 0 0 0 0 0 208 1 3 41637 0 2
967 0 0 1 0 0 0 0 0 1 0 1 1 0 0 0 217 3 3 41637 0 3
968 0 1 1 0 49151 58982 49151 16384 0 1 0 0 0 0 0 217 3 3 41637 0 3
969 0 0 1 0 0 0 0 0 0 1 0 0 0 0 0 217 3 3 41637 0 3
970 0 0 1 0 0 0 0 0 0 1 0 0 0 0 0 217 3 3 41637 0 3
971 0 0 1 0 0 0 0 0 1 0 1 1 0 0 0 222 1 1 111894 1 1
972 0 1 1 0 32768 58982 32768 0 0 1 0 0 0 0 0 222 1 1 111894 0 1
973 0 0 1 0 0 0 0 0 0 1 0 0 0 0 0 222 1 1 111894 0 1
974 0 0 1 0 0 0 0 0 0 1 0 0 0 0 0 222 1 1 111894 0 1
975 0 0 1 0 0 0 0 0 1 0 1 1 0 0 0 152 1 1 111894 0 2
976 0 1 1 0 32768 58982 49151 8192 0 1 0 0 0 0 0 152 1 1 111894 0 2
977 0 0 1 0 0 0 0 0 0 1 0 0 0 0 0 152 1 1 111894 0 2
978 0 0 1 0 0 0 0 0 0 1 0 0 0 0 0 152 1 1 111894 0 2
979 0 0 1 0 0 0 0 0 1 0 1 1 0 0 0 157 1 1 111894 0 3
980 0 1 1 0 32768 58982 49151 0 0 1 0 0 0 0 0 157 1 1 111894 0 3
981 0 0 1 0 0 0 0 0 0 1 0 0 0 0 0 157 1 1 111894 0 3
982 0 0 1 0 0 0 0 0 0 1 0 0 0 0 0 157 1 1 111894 0 3
983 0 0 1 0 0 0 0 0 1 0 1 1 0 0 0 156 2 2 82841 1 1
984 0 1 1 0 32768 58982 49151 8192 0 1 0 0 0 0 0 156 2 2 82841 0 1
985 0 0 1 0 0 0 0 0 0 1 0 0 0 0 0 156 2 2 82841 0 1
986 0 0 1 0 0 0 0 0 0 1 0 0 0 0 0 156 2 2 82841 0 1
987 0 0 1 0 0 0 0 0 1 0 1 1 0 0 0 157 1 2 82841 0 2
988 0 1 1 0 32768 58982 49151 32768 0 1 0 0 0 0 0 157 1 2 82841 0 2
989 0 0 1 0 0 0 0 0 0 1 0 0 0 0 0 157 1 2 82841 0 2
990 0 0 1 0 0 0 0 0 0 1 0 0 0 0 0 157 1 2 82841 0 2
991 0 0 1 0 0 0 0 0 1 0 1 1 0 0 0 159 2 2 82841 0 3
992 0 1 1 0 16384 58982 0 32768 0 1 0 0 0 0 0 159 2 2 82841 0 3
993 0 0 1 0 0 0 0 0 0 1 0 0 0 0 0 159 2 2 82841 0 3
994 0 0 1 0 0 0 0 0 0 1 0 0 0 0 0 159 2 2 82841 0 3
995 0 0 1 0 0 0 0 0 1 0 1 1 0 0 0 83 2 2 82841 0 3
996 0 1 1 0 16384 58982 49151 32768 0 1 0 0 0 0 0 83 2 2 82841 0 3
997 0 0 1 0 0 0 0 0 0 1 0 0 0 0 0 83 2 2 82841 0 3
998 0 0 1 0 0 0 0 0 0 1 0 0 0 0 0 83 2 2 82841 0 3
999 0 0 1 0 0 0 0 0 1 0 1 1 0 0 0 95 0 0 78633 1 1
1000 0 1 1 0 16384 58982 16384 32768 0 1 0 0 0 0 0 95 0 0 78633 0 1
1001 0 0 1 0 0 0 0 0 0 1 0 0 0 0 0 95 0 0 78633 0 1
1002 0 0 1 0 0 0 0 0 0 1 0 0 0 0 0 95 0 0 78633 0 1
1003 0 0 1 0 0 0 0 0 1 0 1 1 0 0 0 87 2 0 78633 0 2
1004 0 1 1 0 16384 58982 0 32768 0 1 0 0 0 0 0 87 2 0 78633 0 2
1005 0 0 1 0 0 0 0 0 0 1 0 0 0 0 0 87 2 0 78633 0 2
1006 0 0 1 0 0 0 0 0 0 1 0 0 0 0 0 87 2 0 78633 0 2
1007 0 0 1 0 0 0 0 0 1 0 1 1 0 0 0 83 2 0 78633 0 3
1008 0 1 1 0 16384 58982 32768 32768 0 1 0 0 0 0 0 83 2 0 78633 0 3
1009 0 0 1 0 0 0 0 0 0 1 0 0 0 0 0 83 2 0 78633 0 3
1010 0 0 1 0 0 0 0 0 0 1 0 0 0 0 0 83 2 0 78633 0 3
1011 0 0 1 0 0 0 0 0 1 0 1 1 0 0 0 91 2 2 82841 1 1
1012 0 1 1 0 16384 58982 16384 32768 0 1 0 0 0 0 0 91 2 2 82841 0 1
1013 0 0 1 0 0 0 0 0 0 1 0 0 0 0 0 91 2 2 82841 0 1
1014 0 0 1 0 0 0 0 0 0 1 0 0 0 0 0 91 2 2 82841 0 1
1015 0 0 1 0 0 0 0 0 1 0 1 1 0 0 0 87 2 2 82841 0 2
1016 0 1 1 0 16384 58982 32768 32768 0 1 0 0 0 0 0 87 2 2 82841 0 2
1017 0 0 1 0 0 0 0 0 0 1 0 0 0 0 0 87 2 2 82841 0 2
1018 0 0 1 0 0 0 0 0 0 1 0 0 0 0 0 87 2 2 82841 0 2
1019 0 0 1 0 0 0 0 0 1 0 1 1 0 0 0 91 2 2 82841 0 3
1020 0 1 1 0 0 58982 49151 32768 0 1 0 0 0 0 0 91 2 2 82841 0 3
1021 0 0 1 0 0 0 0 0 0 1 0 0 0 0 0 91 2 2 82841 0 3
1022 0 0 1 0 0 0 0 0 0 1 0 0 0 0 0 91 2 2 82841 0 3
1023 0 0 1 0 0 0 0 0 1 0 1 1 0 0 0 31 2 2 82841 0 3
1024 0 1 1 0 0 58982 32768 32768 0 1 0 0 0 0 0 31 2 2 82841 0 3
1025 0 0 1 0 0 0 0 0 0 1 0 0 0 0 0 31 2 2 82841 0 3
1026 0 0 1 0 0 0 0 0 0 1 0 0 0 0 0 31 2 2 82841 0 3
1027 0 0 1 0 0 0 0 0 1 0 1 1 0 0 0 27 2 2 82841 0 3
1028 0 1 1 0 0 58982 49151 32768 0 1 0 0 0 0 0 27 2 2 82841 0 3
1029 0 0 1 0 0 0 0 0 0 1 0 0 0 0 0 27 2 2 82841 0 3
1030 0 0 1 0 0 0 0 0 0 1 0 0 0 0 0 27 2 2 82841 0 3
1031 0 0 1 0 0 0 0 0 1 0 1 1 0 0 0 31 2 2 82841 0 3
1032 0 1 1 0 0 58982 49151 32768 0 1 0 0 0 0 0 31 2 2 82841 0 3
1033 0 0 1 0 0 0 0 0 0 1 0 0 0 0 0 31 2 2 82841 0 3
1034 0 0 1 0 0 0 0 0 0 1 0 0 0 0 0 31 2 2 82841 0 3
1035 0 0 1 0 0 0 0 0 1 0 1 1 0 0 0 31 2 2 82841 0 3
1036 0 1 1 0 0 58982 32768 32768 0 1 0 0 0 0 0 31 2 2 82841 0 3
1037 0 0 1 0 0 0 0 0 0 1 0 0 0 0 0 31 2 2 82841 0 3
1038 0 0 1 0 0 0 0 0 0 1 0 0 0 0 0 31 2 2 82841 0 3
1039 0 0 1 0 0 0 0 0 1 0 1 1 0 0 0 27 2 2 82841 0 3
1040 0 1 1 0 0 58982 16384 32768 0 1 0 0 0 0 0 27 2 2 82841 0 3
1041 0 0 1 0 0 0 0 0 0 1 0 0 0 0 0 27 2 2 82841 0 3
1042 0 0 1 0 0 0 0 0 0 1 0 0 0 0 0 27 2 2 82841 0 3
1043 0 0 1 0 0 0 0 0 1 0 1 1 0 0 0 23 2 2 82841 0 3
1044 0 1 1 0 0 58982 0 32768 0 1 0 0 0 0 0 23 2 2 82841 0 3
1045 0 0 1 0 0 0 0 0 0 1 0 0 0 0 0 23 2 2 82841 0 3
1046 0 0 1 0 0 0 0 0 0 1 0 0 0 0 0 23 2 2 82841 0 3
1047 0 0 1 0 0 0 0 0 1 0 1 1 0 0 0 19 2 2 82841 0 3
1048 0 1 1 0 0 58982 0 32768 0 1 0 0 0 0 0 19 2 2 82841 0 3
1049 0 0 1 0 0 0 0 0 0 1 0 0 0 0 0 19 2 2 82841 0 3
1050 0 0 1 0 0 0 0 0 0 1 0 0 0 0 0 19 2 2 82841 0 3
1051 0 0 1 0 0 0 0 0 1 0 1 1 0 0 0 19 2 2 82841 0 3
1052 0 1 1 0 0 58982 0 32768 0 1 0 0 0 0 0 19 2 2 82841 0 3
1053 0 0 1 0 0 0 0 0 0 1 0 0 0 0 0 19 2 2 82841 0 3
1054 0 0 1 0 0 0 0 0 0 1 0 0 0 0 0 19 2 2 82841 0 3
1055 0 0 1 0 0 0 0 0 1 0 1 1 0 0 0 19 2 2 82841 0 3
1056 0 1 1 0 0 58982 49151 32768 0 1 0 0 0 0 0 19 2 2 82841 0 3
1057 0 0 1 0 0 0 0 0 0 1 0 0 0 0 0 19 2 2 82841 0 3
1058 0 0 1 0 0 0 0 0 0 1 0 0 0 0 0 19 2 2 82841 0 3
1059 0 0 1 0 0 0 0 0 1 0 1 1 0 0 0 31 2 2 82841 0 3
1060 0 1 1 0 0 58982 16384 32768 0 1 0 0 0 0 0 31 2 2 82841 0 3
1061 0 0 1 0 0 0 0 0 0 1 0 0 0 0 0 31 2 2 82841 0 3
1062 0 0 1 0 0 0 0 0 0 1 0 0 0 0 0 31 2 2 82841 0 3
1063 0 0 1 0 0 0 0 0 1 0 1 1 0 0 0 23 2 2 82841 0 3
1064 0 1 1 0 0 58982 16384 32768 0 1 0 0 0 0 0 23 2 2 82841 0 3
1065 0 0 1 0 0 0 0 0 0 1 0 0 0 0 0 23 2 2 82841 0 3
1066 0 0 1 0 0 0 0 0 0 1 0 0 0 0 0 23 2 2 82841 0 3
1067 0 0 1 0 0 0 0 0 1 0 1 1 0 0 0 23 2 2 82841 0 3
1068 0 1 1 0 0 58982 49151 32768 0 1 0 0 0 0 0 23 2 2 82841 0 3
1069 0 0 1 0 0 0 0 0 0 1 0 0 0 0 0 23 2 2 82841 0 3
1070 0 0 1 0 0 0 0 0 0 1 0 0 0 0 0 23 2 2 82841 0 3
1071 0 0 1 0 0 0 0 0 1 0 1 1 0 0 0 31 2 2 82841 0 3
1072 0 1 1 0 0 58982 0 32768 0 1 0 0 0 0 0 31 2 2 82841 0 3
1073 0 0 1 0 0 0 0 0 0 1 0 0 0 0 0 31 2 2 82841 0 3
1074 0 0 1 0 0 0 0 0 0 1 0 0 0 0 0 31 2 2 82841 0 3
1075 0 0 1 0 0 0 0 0 1 0 1 1 0 0 0 19 2 2 82841 0 3
1076 0 1 1 0 0 58982 0 32768 0 1 0 0 0 0 0 19 2 2 82841 0 3
1077 0 0 1 0 0 0 0 0 0 1 0 0 0 0 0 19 2 2 82841 0 3
1078 0 0 1 0 0 0 0 0 0 1 0 0 0 0 0 19 2 2 82841 0 3
1079 0 0 1 0 0 0 0 0 1 0 1 1 0 0 0 19 2 2 82841 0 3
1080 0 1 1 0 0 58982 16384 32768 0 1 0 0 0 0 0 19 2 2 82841 0 3
1081 0 0 1 0 0 0 0 0 0 1 0 0 0 0 0 19 2 2 82841 0 3
1082 0 0 1 0 0 0 0 0 0 1 0 0 0 0 0 19 2 2 82841 0 3
1083 0 0 1 0 0 0 0 0 1 0 1 1 0 0 0 23 2 2 82841 0 3
1084 0 1 1 0 0 58982 16384 32768 0 1 0 0 0 0 0 23 2 2 82841 0 3
1085 0 0 1 0 0 0 0 0 0 1 0 0 0 0 0 23 2 2 82841 0 3
1086 0 0 1 0 0 0 0 0 0 1 0 0 0 0 0 23 2 2 82841 0 3
1087 0 0 1 0 0 0 0 0 1 0 1 1 0 0 0 23 2 2 82841 0 3
1088 0 1 1 0 0 58982 0 32768 0 1 0 0 0 0 0 23 2 2 82841 0 3
1089 0 0 1 0 0 0 0 0 0 1 0 0 0 0 0 23 2 2 82841 0 3
1090 0 0 1 0 0 0 0 0 0 1 0 0 0 0 0 23 2 2 82841 0 3
1091 0 0 1 0 0 0 0 0 1 0 1 1 0 0 0 19 2 2 82841 0 3
1092 0 1 1 0 0 58982 49151 32768 0 1 0 0 0 0 0 19 2 2 82841 0 3
1093 0 0 1 0 0 0 0 0 0 1 0 0 0 0 0 19 2 2 82841 0 3
1094 0 0 1 0 0 0 0 0 0 1 0 0 0 0 0 19 2 2 82841 0 3
1095 0 0 1 0 0 0 0 0 1 0 1 1 0 0 0 31 2 2 82841 0 3
1096 0 1 1 0 0 58982 49151 32768 0 1 0 0 0 0 0 31 2 2 82841 0 3
1097 0 0 1 0 0 0 0 0 0 1 0 0 0 0 0 31 2 2 82841 0 3
1098 0 0 1 0 0 0 0 0 0 1 0 0 0 0 0 31 2 2 82841 0 3
1099 0 0 1 0 0 0 0 0 1 0 1 1 0 0 0 31 2 2 82841 0 3
1100 0 1 1 0 0 58982 16384 32768 0 1 0 0 0 0 0 31 2 2 82841 0 3
1101 0 0 1 0 0 0 0 0 0 1 0 0 0 0 0 31 2 2 82841 0 3
1102 0 0 1 0 0 0 0 0 0 1 0 0 0 0 0 31 2 2 82841 0 3
1103 0 0 1 0 0 0 0 0 1 0 1 1 0 0 0 23 2 2 82841 0 3
1104 0 1 1 0 0 58982 16384 32768 0 1 0 0 0 0 0 23 2 2 82841 0 3
1105 0 0 1 0 0 0 0 0 0 1 0 0 0 0 0 23 2 2 82841 0 3
1106 0 0 1 0 0 0 0 0 0 1 0 0 0 0 0 23 2 2 82841 0 3
1107 0 0 1 0 0 0 0 0 1 0 1 1 0 0 0 23 2 2 82841 0 3
1108 0 1 1 0 0 58982 32768 32768 0 1 0 0 0 0 0 23 2 2 82841 0 3
1109 0 0 1 0 0 0 0 0 0 1 0 0 0 0 0 23 2 2 82841 0 3
1110 0 0 1 0 0 0 0 0 0 1 0 0 0 0 0 23 2 2 82841 0 3
1111 0 0 1 0 0 0 0 0 1 0 1 1 0 0 0 27 2 2 82841 0 3
1112 0 1 1 0 0 58982 49151 32768 0 1 0 0 0 0 0 27 2 2 82841 0 3
1113 0 0 1 0 0 0 0 0 0 1 0 0 0 0 0 27 2 2 82841 0 3
1114 0 0 1 0 0 0 0 0 0 1 0 0 0 0 0 27 2 2 82841 0 3
1115 0 0 1 0 0 0 0 0 1 0 1 1 0 0 0 31 2 2 82841 0 3
1116 0 1 1 0 0 58982 16384 32768 0 1 0 0 0 0 0 31 2 2 82841 0 3
1117 0 0 1 0 0 0 0 0 0 1 0 0 0 0 0 31 2 2 82841 0 3
1118 0 0 1 0 0 0 0 0 0 1 0 0 0 0 0 31 2 2 82841 0 3
1119 0 0 1 0 0 0 0 0 1 0 1 1 0 0 0 23 2 2 82841 0 3
1120 0 1 1 0 0 58982 0 32768 0 1 0 0 0 0 0 23 2 2 82841 0 3
1121 0 0 1 0 0 0 0 0 0 1 0 0 0 0 0 23 2 2 82841 0 3
1122 0 0 1 0 0 0 0 0 0 1 0 0 0 0 0 23 2 2 82841 0 3
1123 0 0 1 0 0 0 0 0 1 0 1 1 0 0 0 19 2 2 82841 0 3
1124 0 1 1 0 0 58982 0 32768 0 1 0 0 0 0 0 19 2 2 82841 0 3
1125 0 0 1 0 0 0 0 0 0 1 0 0 0 0 0 19 2 2 82841 0 3
1126 0 0 1 0 0 0 0 0 0 1 0 0 0 0 0 19 2 2 82841 0 3
1127 0 0 1 0 0 0 0 0 1 0 1 1 0 0 0 19 2 2 82841 0 3
1128 0 1 1 0 0 58982 49151 32768 0 1 0 0 0 0 0 19 2 2 82841 0 3
1129 0 0 1 0 0 0 0 0 0 1 0 0 0 0 0 19 2 2 82841 0 3
1130 0 0 1 0 0 0 0 0 0 1 0 0 0 0 0 19 2 2 82841 0 3
1131 0 0 1 0 0 0 0 0 1 0 1 1 0 0 0 31 2 2 82841 0 3
1132 0 1 1 0 0 58982 16384 32768 0 1 0 0 0 0 0 31 2 2 82841 0 3
1133 0 0 1 0 0 0 0 0 0 1 0 0 0 0 0 31 2 2 82841 0 3
1134 0 0 1 0 0 0 0 0 0 1 0 0 0 0 0 31 2 2 82841 0 3
1135 0 0 1 0 0 0 0 0 1 0 1 1 0 0 0 23 2 2 82841 0 3
1136 0 1 1 0 0 58982 32768 32768 0 1 0 0 0 0 0 23 2 2 82841 0 3
1137 0 0 1 0 0 0 0 0 0 1 0 0 0 0 0 23 2 2 82841 0 3
1138 0 0 1 0 0 0 0 0 0 1 0 0 0 0 0 23 2 2 82841 0 3
1139 0 0 1 0 0 0 0 0 1 0 1 1 0 0 0 27 2 2 82841 0 3
1140 0 1 1 0 0 58982 0 32768 0 1 0 0 0 0 0 27 2 2 82841 0 3
1141 0 0 1 0 0 0 0 0 0 1 0 0 0 0 0 27 2 2 82841 0 3
1142 0 0 1 0 0 0 0 0 0 1 0 0 0 0 0 27 2 2 82841 0 3
1143 0 0 1 0 0 0 0 0 1 0 1 1 0 0 0 19 2 2 82841 0 3
1144 0 1 1 0 0 58982 49151 32768 0 1 0 0 0 0 0 19 2 2 82841 0 3
1145 0 0 1 0 0 0 0 0 0 1 0 0 0 0 0 19 2 2 82841 0 3
1146 0 0 1 0 0 0 0 0 0 1 0 0 0 0 0 19 2 2 82841 0 3
1147 0 0 1 0 0 0 0 0 1 0 1 1 0 0 0 31 2 2 82841 0 3
1148 0 1 1 0 0 58982 0 32768 0 1 0 0 0 0 0 31 2 2 82841 0 3
1149 0 0 1 0 0 0 0 0 0 1 0 0 0 0 0 31 2 2 82841 0 3
1150 0 0 1 0 0 0 0 0 0 1 0 0 0 0 0 31 2 2 82841 0 3
1151 0 0 1 0 0 0 0 0 1 0 1 1 0 0 0 19 2 2 82841 0 3
1152 0 1 1 0 0 58982 32768 32768 0 1 0 0 0 0 0 19 2 2 82841 0 3
1153 0 0 1 0 0 0 0 0 0 1 0 0 0 0 0 19 2 2 82841 0 3
1154 0 0 1 0 0 0 0 0 0 1 0 0 0 0 0 19 2 2 82841 0 3
1155 0 0 1 0 0 0 0 0 1 0 1 1 0 0 0 27 2 2 82841 0 3
1156 0 1 1 0 0 58982 49151 32768 0 1 0 0 0 0 0 27 2 2 82841 0 3
1157 0 0 1 0 0 0 0 0 0 1 0 0 0 0 0 27 2 2 82841 0 3
1158 0 0 1 0 0 0 0 0 0 1 0 0 0 0 0 27 2 2 82841 0 3
1159 0 0 1 0 0 0 0 0 1 0 1 1 0 0 0 31 2 2 82841 0 3
1160 0 1 1 0 0 58982 49151 32768 0 1 0 0 0 0 0 31 2 2 82841 0 3
1161 0 0 1 0 0 0 0 0 0 1 0 0 0 0 0 31 2 2 82841 0 3
1162 0 0 1 0 0 0 0 0 0 1 0 0 0 0 0 31 2 2 82841 0 3
1163 0 0 1 0 0 0 0 0 1 0 1 1 0 0 0 31 2 2 82841 0 3
1164 0 1 1 0 0 58982 16384 32768 0 1 0 0 0 0 0 31 2 2 82841 0 3
1165 0 0 1 0 0 0 0 0 0 1 0 0 0 0 0 31 2 2 82841 0 3
1166 0 0 1 0 0 0 0 0 0 1 0 0 0 0 0 31 2 2 82841 0 3
1167 0 0 1 0 0 0 0 0 1 0 1 1 0 0 0 23 2 2 82841 0 3
1168 0 1 1 0 0 58982 49151 32768 0 1 0 0 0 0 0 23 2 2 82841 0 3
1169 0 0 1 0 0 0 0 0 0 1 0 0 0 0 0 23 2 2 82841 0 3
1170 0 0 1 0 0 0 0 0 0 1 0 0 0 0 0 23 2 2 82841 0 3
1171 0 0 1 0 0 0 0 0 1 0 1 1 0 0 0 31 2 2 82841 0 3
1172 0 1 1 0 0 58982 16384 32768 0 1 0 0 0 0 0 31 2 2 82841 0 3
1173 0 0 1 0 0 0 0 0 0 1 0 0 0 0 0 31 2 2 82841 0 3
1174 0 0 1 0 0 0 0 0 0 1 0 0 0 0 0 31 2 2 82841 0 3
1175 0 0 1 0 0 0 0 0 1 0 1 1 0 0 0 23 2 2 82841 0 3
1176 0 1 1 0 0 58982 16384 32768 0 1 0 0 0 0 0 23 2 2 82841 0 3
1177 0 0 1 0 0 0 0 0 0 1 0 0 0 0 0 23 2 2 82841 0 3
1178 0 0 1 0 0 0 0 0 0 1 0 0 0 0 0 23 2 2 82841 0 3
1179 0 0 1 0 0 0 0 0 1 0 1 1 0 0 0 23 2 2 82841 0 3
1180 0 1 1 0 0 58982 32768 32768 0 1 0 0 0 0 0 23 2 2 82841 0 3
1181 0 0 1 0 0 0 0 0 0 1 0 0 0 0 0 23 2 2 82841 0 3
1182 0 0 1 0 0 0 0 0 0 1 0 0 0 0 0 23 2 2 82841 0 3
1183 0 0 1 0 0 0 0 0 1 0 1 1 0 0 0 27 2 2 82841 0 3
1184 0 1 1 0 0 58982 49151 32768 0 1 0 0 0 0 0 27 2 2 82841 0 3
1185 0 0 1 0 0 0 0 0 0 1 0 0 0 0 0 27 2 2 82841 0 3
1186 0 0 1 0 0 0 0 0 0 1 0 0 0 0 0 27 2 2 82841 0 3
1187 0 0 1 0 0 0 0 0 1 0 1 1 0 0 0 31 2 2 82841 0 3
1188 0 1 1 0 0 58982 49151 32768 0 1 0 0 0 0 0 31 2 2 82841 0 3
1189 0 0 1 0 0 0 0 0 0 1 0 0 0 0 0 31 2 2 82841 0 3
1190 0 0 1 0 0 0 0 0 0 1 0 0 0 0 0 31 2 2 82841 0 3
1191 0 0 1 0 0 0 0 0 1 0 1 1 0 0 0 31 2 2 82841 0 3
1192 0 1 1 0 0 62914 49151 32768 0 1 0 0 0 0 0 31 2 2 82841 0 3
1193 0 0 1 0 0 0 0 0 0 1 0 0 0 0 0 31 2 2 82841 0 3
1194 0 0 1 0 0 0 0 0 0 1 0 0 0 0 0 31 2 2 82841 0 3
1195 0 0 1 0 0 0 0 0 1 0 1 1 0 0 0 63 1 1 111894 1 1
1196 0 1 1 0 0 62914 49151 32768 0 1 0 0 0 0 0 63 1 1 111894 0 1
1197 0 0 1 0 0 0 0 0 0 1 0 0 0 0 0 63 1 1 111894 0 1
1198 0 0 1 0 0 0 0 0 0 1 0 0 0 0 0 63 1 1 111894 0 1
1199 0 0 1 0 0 0 0 0 1 0 1 1 0 0 0 63 1 1 111894 0 2
1200 0 1 1 0 16384 62914 49151 32768 0 1 0 0 0 0 0 63 1 1 111894 0 2
1201 0 0 1 0 0 0 0 0 0 1 0 0 0 0 0 63 1 1 111894 0 2
1202 0 0 1 0 0 0 0 0 0 1 0 0 0 0 0 63 1 1 111894 0 2
1203 0 0 1 0 0 0 0 0 1 0 1 1 0 0 0 127 3 1 111894 0 3
1204 0 1 1 0 16384 62914 49151 32768 0 1 0 0 0 0 0 127 3 1 111894 0 3
1205 0 0 1 0 0 0 0 0 0 1 0 0 0 0 0 127 3 1 111894 0 3
1206 0 0 1 0 0 0 0 0 0 1 0 0 0 0 0 127 3 1 111894 0 3
1207 0 0 1 0 0 0 0 0 1 0 1 1 0 0 0 127 3 3 41637 1 1
1208 0 1 1 0 16384 62914 49151 32768 0 1 0 0 0 0 0 127 3 3 41637 0 1
1209 0 0 1 0 0 0 0 0 0 1 0 0 0 0 0 127 3 3 41637 0 1
1210 0 0 1 0 0 0 0 0 0 1 0 0 0 0 0 127 3 3 41637 0 1
1211 0 0 1 0 0 0 0 0 1 0 1 1 0 0 0 127 3 3 41637 0 2
1212 0 1 1 0 32768 62914 49151 32768 0 1 0 0 0 0 0 127 3 3 41637 0 2
1213 0 0 1 0 0 0 0 0 0 1 0 0 0 0 0 127 3 3 41637 0 2
1214 0 0 1 0 0 0 0 0 0 1 0 0 0 0 0 127 3 3 41637 0 2
1215 0 0 1 0 0 0 0 0 1 0 1 1 0 0 0 191 2 3 41637 0 3
1216 0 1 1 0 32768 62914 49151 32768 0 1 0 0 0 0 0 191 2 3 41637 0 3
1217 0 0 1 0 0 0 0 0 0 1 0 0 0 0 0 191 2 3 41637 0 3
1218 0 0 1 0 0 0 0 0 0 1 0 0 0 0 0 191 2 3 41637 0 3
1219 0 0 1 0 0 0 0 0 1 0 1 1 0 0 0 191 2 2 82841 1 1
1220 0 1 1 0 32768 62914 49151 16384 0 1 0 0 0 0 0 191 2 2 82841 0 1
1221 0 0 1 0 0 0 0 0 0 1 0 0 0 0 0 191 2 2 82841 0 1
1222 0 0 1 0 0 0 0 0 0 1 0 0 0 0 0 191 2 2 82841 0 1
1223 0 0 1 0 0 0 0 0 1 0 1 1 0 0 0 190 1 2 82841 0 2
1224 0 1 1 0 49151 62914 49151 8192 0 1 0 0 0 0 0 190 1 2 82841 0 2
1225 0 0 1 0 0 0 0 0 0 1 0 0 0 0 0 190 1 2 82841 0 2
1226 0 0 1 0 0 0 0 0 0 1 0 0 0 0 0 190 1 2 82841 0 2
1227 0 0 1 0 0 0 0 0 1 0 1 1 0 0 0 253 3 2 82841 0 3
1228 0 1 1 0 49151 62914 49151 8192 0 1 0 0 0 0 0 253 3 2 82841 0 3
1229 0 0 1 0 0 0 0 0 0 1 0 0 0 0 0 253 3 2 82841 0 3
1230 0 0 1 0 0 0 0 0 0 1 0 0 0 0 0 253 3 2 82841 0 3
1231 0 0 1 0 0 0 0 0 1 0 1 1 0 0 0 253 3 3 41637 1 1
1232 0 1 1 0 49151 62914 49151 8192 0 1 0 0 0 0 0 253 3 3 41637 0 1
1233 0 0 1 0 0 0 0 0 0 1 0 0 0 0 0 253 3 3 41637 0 1
1234 0 0 1 0 0 0 0 0 0 1 0 0 0 0 0 253 3 3 41637 0 1
1235 0 0 1 0 0 0 0 0 1 0 1 1 0 0 0 253 3 3 41637 0 2
1236 0 1 1 0 49151 62914 49151 8192 0 1 0 0 0 0 0 253 3 3 41637 0 2
1237 0 0 1 0 0 0 0 0 0 1 0 0 0 0 0 253 3 3 41637 0 2
1238 0 0 1 0 0 0 0 0 0 1 0 0 0 0 0 253 3 3 41637 0 2
1239 0 0 1 0 0 0 0 0 1 0 1 1 0 0 0 253 3 3 41637 0 3
1240 0 1 1 0 49151 62914 49151 16384 0 1 0 0 0 0 0 253 3 3 41637 0 3
1241 0 0 1 0 0 0 0 0 0 1 0 0 0 0 0 253 3 3 41637 0 3
1242 0 0 1 0 0 0 0 0 0 1 0 0 0 0 0 253 3 3 41637 0 3
1243 0 0 1 0 0 0 0 0 1 0 1 1 0 0 0 254 1 1 111894 1 1
1244 0 1 1 0 49151 62914 49151 16384 0 1 0 0 0 0 0 254 1 1 111894 0 1
1245 0 0 1 0 0 0 0 0 0 1 0 0 0 0 0 254 1 1 111894 0 1
1246 0 0 1 0 0 0 0 0 0 1 0 0 0 0 0 254 1 1 111894 0 1
1247 0 0 1 0 0 0 0 0 1 0 1 1 0 0 0 254 1 1 111894 0 2
1248 0 1 1 0 49151 62914 49151 16384 0 1 0 0 0 0 0 254 1 1 111894 0 2
1249 0 0 1 0 0 0 0 0 0 1 0 0 0 0 0 254 1 1 111894 0 2
1250 0 0 1 0 0 0 0 0 0 1 0 0 0 0 0 254 1 1 111894 0 2
1251 0 0 1 0 0 0 0 0 1 0 1 1 0 0 0 254 1 1 111894 0 3
1252 0 1 1 0 49151 62914 49151 16384 0 1 0 0 0 0 0 254 1 1 111894 0 3
1253 0 0 1 0 0 0 0 0 0 1 0 0 0 0 0 254 1 1 111894 0 3
1254 0 0 1 0 0 0 0 0 0 1 0 0 0 0 0 254 1 1 111894 0 3
1255 0 0 1 0 0 0 0 0 1 0 1 1 0 0 0 254 1 1 111894 0 3
1256 0 1 1 0 49151 62914 49151 16384 0 1 0 0 0 0 0 254 1 1 111894 0 3
1257 0 0 1 0 0 0 0 0 0 1 0 0 0 0 0 254 1 1 111894 0 3
1258 0 0 1 0 0 0 0 0 0 1 0 0 0 0 0 254 1 1 111894 0 3
1259 0 0 1 0 0 0 0 0 1 0 1 1 0 0 0 254 1 1 111894 0 3
1260 0 1 1 0 49151 62914 49151 8192 0 1 0 0 0 0 0 254 1 1 111894 0 3
1261 0 0 1 0 0 0 0 0 0 1 0 0 0 0 0 254 1 1 111894 0 3
1262 0 0 1 0 0 0 0 0 0 1 0 0 0 0 0 254 1 1 111894 0 3
1263 0 0 1 0 0 0 0 0 1 0 1 1 0 0 0 253 3 3 41637 1 1
1264 0 1 1 0 49151 62914 49151 0 0 1 0 0 0 0 0 253 3 3 41637 0 1
1265 0 0 1 0 0 0 0 0 0 1 0 0 0 0 0 253 3 3 41637 0 1
1266 0 0 1 0 0 0 0 0 0 1 0 0 0 0 0 253 3 3 41637 0 1
1267 0 0 1 0 0 0 0 0 1 0 1 1 0 0 0 252 0 3 41637 0 2
1268 0 1 1 0 49151 62914 49151 8192 0 1 0 0 0 0 0 252 0 3 41637 0 2
1269 0 0 1 0 0 0 0 0 0 1 0 0 0 0 0 252 0 3 41637 0 2
1270 0 0 1 0 0 0 0 0 0 1 0 0 0 0 0 252 0 3 41637 0 2
1271 0 0 1 0 0 0 0 0 1 0 1 1 0 0 0 253 3 3 41637 0 3
1272 0 1 1 0 49151 62914 49151 8192 0 1 0 0 0 0 0 253 3 3 41637 0 3
1273 0 0 1 0 0 0 0 0 0 1 0 0 0 0 0 253 3 3 41637 0 3
1274 0 0 1 0 0 0 0 0 0 1 0 0 0 0 0 253 3 3 41637 0 3
1275 0 0 1 0 0 0 0 0 1 0 1 1 0 0 0 253 3 3 41637 0 3
1276 0 1 1 0 49151 62914 49151 16384 0 1 0 0 0 0 0 253 3 3 41637 0 3
1277 0 0 1 0 0 0 0 0 0 1 0 0 0 0 0 253 3 3 41637 0 3
1278 0 0 1 0 0 0 0 0 0 1 0 0 0 0 0 253 3 3 41637 0 3
1279 0 0 1 0 0 0 0 0 1 0 1 1 0 0 0 254 1 1 111894 1 1
1280 0 1 1 0 49151 62914 49151 16384 0 1 0 0 0 0 0 254 1 1 111894 0 1
1281 0 0 1 0 0 0 0 0 0 1 0 0 0 0 0 254 1 1 111894 0 1
1282 0 0 1 0 0 0 0 0 0 1 0 0 0 0 0 254 1 1 111894 0 1
1283 0 0 1 0 0 0 0 0 1 0 1 1 0 0 0 254 1 1 111894 0 2
1284 0 1 1 0 49151 62914 49151 16384 0 1 0 0 0 0 0 254 1 1 111894 0 2
1285 0 0 1 0 0 0 0 0 0 1 0 0 0 0 0 254 1 1 111894 0 2
1286 0 0 1 0 0 0 0 0 0 1 0 0 0 0 0 254 1 1 111894 0 2
1287 0 0 1 0 0 0 0 0 1 0 1 1 0 0 0 254 1 1 111894 0 3
1288 0 1 1 0 49151 62914 49151 16384 0 1 0 0 0 0 0 254 1 1 111894 0 3
1289 0 0 1 0 0 0 0 0 0 1 0 0 0 0 0 254 1 1 111894 0 3
1290 0 0 1 0 0 0 0 0 0 1 0 0 0 0 0 254 1 1 111894 0 3
1291 0 0 1 0 0 0 0 0 1 0 1 1 0 0 0 254 1 1 111894 0 3
1292 0 1 1 0 49151 62914 49151 16384 0 1 0 0 0 0 0 254 1 1 111894 0 3
1293 0 0 1 0 0 0 0 0 0 1 0 0 0 0 0 254 1 1 111894 0 3
1294 0 0 1 0 0 0 0 0 0 1 0 0 0 0 0 254 1 1 111894 0 3
1295 0 0 1 0 0 0 0 0 1 0 1 1 0 0 0 254 1 1 111894 0 3
1296 0 1 1 0 49151 62914 49151 8192 0 1 0 0 0 0 0 254 1 1 111894 0 3
1297 0 0 1 0 0 0 0 0 0 1 0 0 0 0 0 254 1 1 111894 0 3
1298 0 0 1 0 0 0 0 0 0 1 0 0 0 0 0 254 1 1 111894 0 3
1299 0 0 1 0 0 0 0 0 1 0 1 1 0 0 0 253 3 3 41637 1 1
1300 0 1 1 0 49151 62914 49151 8192 0 1 0 0 0 0 0 253 3 3 41637 0 1
1301 0 0 1 0 0 0 0 0 0 1 0 0 0 0 0 253 3 3 41637 0 1
1302 0 0 1 0 0 0 0 0 0 1 0 0 0 0 0 253 3 3 41637 0 1
1303 0 0 1 0 0 0 0 0 1 0 1 1 0 0 0 253 3 3 41637 0 2
1304 0 1 1 0 49151 62914 49151 16384 0 1 0 0 0 0 0 253 3 3 41637 0 2
1305 0 0 1 0 0 0 0 0 0 1 0 0 0 0 0 253 3 3 41637 0 2
1306 0 0 1 0 0 0 0 0 0 1 0 0 0 0 0 253 3 3 41637 0 2
1307 0 0 1 0 0 0 0 0 1 0 1 1 0 0 0 254 1 3 41637 0 3
1308 0 1 1 0 49151 62914 49151 16384 0 1 0 0 0 0 0 254 1 3 41637 0 3
1309 0 0 1 0 0 0 0 0 0 1 0 0 0 0 0 254 1 3 41637 0 3
1310 0 0 1 0 0 0 0 0 0 1 0 0 0 0 0 254 1 3 41637 0 3
1311 0 0 1 0 0 0 0 0 1 0 1 1 0 0 0 254 1 1 111894 1 1
1312 0 1 1 0 49151 62914 49151 8192 0 1 0 0 0 0 0 254 1 1 111894 0 1
1313 0 0 1 0 0 0 0 0 0 1 0 0 0 0 0 254 1 1 111894 0 1
1314 0 0 1 0 0 0 0 0 0 1 0 0 0 0 0 254 1 1 111894 0 1
1315 0 0 1 0 0 0 0 0 1 0 1 1 0 0 0 253 3 1 111894 0 2
1316 0 1 1 0 49151 62914 0 32768 0 1 0 0 0 0 0 253 3 1 111894 0 2
1317 0 0 1 0 0 0 0 0 0 1 0 0 0 0 0 253 3 1 111894 0 2
1318 0 0 1 0 0 0 0 0 0 1 0 0 0 0 0 253 3 1 111894 0 2
1319 0 0 1 0 0 0 0 0 1 0 1 1 0 0 0 243 1 1 111894 0 3
1320 0 1 1 0 49151 60948 0 32768 0 1 0 0 0 0 0 243 1 1 111894 0 3
1321 0 0 1 0 0 0 0 0 0 1 0 0 0 0 0 243 1 1 111894 0 3
1322 0 0 1 0 0 0 0 0 0 1 0 0 0 0 0 243 1 1 111894 0 3
1323 0 0 1 0 0 0 0 0 1 0 1 1 0 0 0 227 1 1 111894 0 3
1324 0 1 1 0 49151 60948 49151 32768 0 1 0 0 0 0 0 227 1 1 111894 0 3
1325 0 0 1 0 0 0 0 0 0 1 0 0 0 0 0 227 1 1 111894 0 3
1326 0 0 1 0 0 0 0 0 0 1 0 0 0 0 0 227 1 1 111894 0 3
1327 0 0 1 0 0 0 0 0 1 0 1 1 0 0 0 239 1 1 111894 0 3
1328 0 1 1 0 49151 60948 49151 32768 0 1 0 0 0 0 0 239 1 1 111894 0 3
1329 0 0 1 0 0 0 0 0 0 1 0 0 0 0 0 239 1 1 111894 0 3
1330 0 0 1 0 0 0 0 0 0 1 0 0 0 0 0 239 1 1 111894 0 3
1331 0 0 1 0 0 0 0 0 1 0 1 1 0 0 0 239 1 1 111894 0 3
1332 0 1 1 0 49151 60948 32768 32768 0 1 0 0 0 0 0 239 1 1 111894 0 3
1333 0 0 1 0 0 0 0 0 0 1 0 0 0 0 0 239 1 1 111894 0 3
1334 0 0 1 0 0 0 0 0 0 1 0 0 0 0 0 239 1 1 111894 0 3
1335 0 0 1 0 0 0 0 0 1 0 1 1 0 0 0 235 3 3 41637 1 1
1336 0 1 1 0 49151 60948 49151 32768 0 1 0 0 0 0 0 235 3 3 41637 0 1
1337 0 0 1 0 0 0 0 0 0 1 0 0 0 0 0 235 3 3 41637 0 1
1338 0 0 1 0 0 0 0 0 0 1 0 0 0 0 0 235 3 3 41637 0 1
1339 0 0 1 0 0 0 0 0 1 0 1 1 0 0 0 239 1 3 41637 0 2
1340 0 1 1 0 49151 60948 32768 32768 0 1 0 0 0 0 0 239 1 3 41637 0 2
1341 0 0 1 0 0 0 0 0 0 1 0 0 0 0 0 239 1 3 41637 0 2
1342 0 0 1 0 0 0 0 0 0 1 0 0 0 0 0 239 1 3 41637 0 2
1343 0 0 1 0 0 0 0 0 1 0 1 1 0 0 0 235 3 3 41637 0 3
1344 0 1 1 0 49151 60948 16384 32768 0 1 0 0 0 0 0 235 3 3 41637 0 3
1345 0 0 1 0 0 0 0 0 0 1 0 0 0 0 0 235 3 3 41637 0 3
1346 0 0 1 0 0 0 0 0 0 1 0 0 0 0 0 235 3 3 41637 0 3
1347 0 0 1 0 0 0 0 0 1 0 1 1 0 0 0 231 1 1 111894 1 1
1348 0 1 1 0 49151 60948 32768 32768 0 1 0 0 0 0 0 231 1 1 111894 0 1
1349 0 0 1 0 0 0 0 0 0 1 0 0 0 0 0 231 1 1 111894 0 1
1350 0 0 1 0 0 0 0 0 0 1 0 0 0 0 0 231 1 1 111894 0 1
1351 0 0 1 0 0 0 0 0 1 0 1 1 0 0 0 235 3 1 111894 0 2
1352 0 1 1 0 49151 60948 0 32768 0 1 0 0 0 0 0 235 3 1 111894 0 2
1353 0 0 1 0 0 0 0 0 0 1 0 0 0 0 0 235 3 1 111894 0 2
1354 0 0 1 0 0 0 0 0 0 1 0 0 0 0 0 235 3 1 111894 0 2
1355 0 0 1 0 0 0 0 0 1 0 1 1 0 0 0 227 1 1 111894 0 3
1356 0 1 1 0 49151 60948 0 16384 0 1 0 0 0 0 0 227 1 1 111894 0 3
1357 0 0 1 0 0 0 0 0 0 1 0 0 0 0 0 227 1 1 111894 0 3
1358 0 0 1 0 0 0 0 0 0 1 0 0 0 0 0 227 1 1 111894 0 3
1359 0 0 1 0 0 0 0 0 1 0 1 1 0 0 0 226 3 3 41637 1 1
1360 0 1 1 0 49151 60948 49151 32768 0 1 0 0 0 0 0 226 3 3 41637 0 1
1361 0 0 1 0 0 0 0 0 0 1 0 0 0 0 0 226 3 3 41637 0 1
1362 0 0 1 0 0 0 0 0 0 1 0 0 0 0 0 226 3 3 41637 0 1
1363 0 0 1 0 0 0 0 0 1 0 1 1 0 0 0 239 1 3 41637 0 2
1364 0 1 1 0 49151 60948 0 32768 0 1 0 0 0 0 0 239 1 3 41637 0 2
1365 0 0 1 0 0 0 0 0 0 1 0 0 0 0 0 239 1 3 41637 0 2
1366 0 0 1 0 0 0 0 0 0 1 0 0 0 0 0 239 1 3 41637 0 2
1367 0 0 1 0 0 0 0 0 1 0 1 1 0 0 0 227 1 3 41637 0 3
1368 0 1 1 0 49151 60948 32768 32768 0 1 0 0 0 0 0 227 1 3 41637 0 3
1369 0 0 1 0 0 0 0 0 0 1 0 0 0 0 0 227 1 3 41637 0 3
1370 0 0 1 0 0 0 0 0 0 1 0 0 0 0 0 227 1 3 41637 0 3
1371 0 0 1 0 0 0 0 0 1 0 1 1 0 0 0 235 3 3 41637 0 3
1372 0 1 1 0 49151 60948 32768 32768 0 1 0 0 0 0 0 235 3 3 41637 0 3
1373 0 0 1 0 0 0 0 0 0 1 0 0 0 0 0 235 3 3 41637 0 3
1374 0 0 1 0 0 0 0 0 0 1 0 0 0 0 0 235 3 3 41637 0 3
1375 0 0 1 0 0 0 0 0 1 0 1 1 0 0 0 235 3 3 41637 0 3
1376 0 1 1 0 49151 60948 49151 32768 0 1 0 0 0 0 0 235 3 3 41637 0 3
1377 0 0 1 0 0 0 0 0 0 1 0 0 0 0 0 235 3 3 41637 0 3
1378 0 0 1 0 0 0 0 0 0 1 0 0 0 0 0 235 3 3 41637 0 3
1379 0 0 1 0 0 0 0 0 1 0 1 1 0 0 0 239 1 1 111894 1 1
1380 0 1 1 0 49151 60948 32768 32768 0 1 0 0 0 0 0 239 1 1 111894 0 1
1381 0 0 1 0 0 0 0 0 0 1 0 0 0 0 0 239 1 1 111894 0 1
1382 0 0 1 0 0 0 0 0 0 1 0 0 0 0 0 239 1 1 111894 0 1
1383 0 0 1 0 0 0 0 0 1 0 1 1 0 0 0 235 3 1 111894 0 2
1384 0 1 1 0 49151 60948 49151 16384 0 1 0 0 0 0 0 235 3 1 111894 0 2
1385 0 0 1 0 0 0 0 0 0 1 0 0 0 0 0 235 3 1 111894 0 2
1386 0 0 1 0 0 0 0 0 0 1 0 0 0 0 0 235 3 1 111894 0 2
1387 0 0 1 0 0 0 0 0 1 0 1 1 0 0 0 238 1 1 111894 0 3
1388 0 1 1 0 49151 60948 0 16384 0 1 0 0 0 0 0 238 1 1 111894 0 3
1389 0 0 1 0 0 0 0 0 0 1 0 0 0 0 0 238 1 1 111894 0 3
1390 0 0 1 0 0 0 0 0 0 1 0 0 0 0 0 238 1 1 111894 0 3
1391 0 0 1 0 0 0 0 0 1 0 1 1 0 0 0 226 3 3 41637 1 1
1392 0 1 1 0 49151 60948 0 16384 0 1 0 0 0 0 0 226 3 3 41637 0 1
1393 0 0 1 0 0 0 0 0 0 1 0 0 0 0 0 226 3 3 41637 0 1
1394 0 0 1 0 0 0 0 0 0 1 0 0 0 0 0 226 3 3 41637 0 1
1395 0 0 1 0 0 0 0 0 1 0 1 1 0 0 0 226 3 3 41637 0 2
1396 0 1 1 0 49151 60948 32768 16384 0 1 0 0 0 0 0 226 3 3 41637 0 2
1397 0 0 1 0 0 0 0 0 0 1 0 0 0 0 0 226 3 3 41637 0 2
1398 0 0 1 0 0 0 0 0 0 1 0 0 0 0 0 226 3 3 41637 0 2
1399 0 0 1 0 0 0 0 0 1 0 1 1 0 0 0 234 2 3 41637 0 3
1400 0 1 1 0 49151 60948 32768 16384 0 1 0 0 0 0 0 234 2 3 41637 0 3
1401 0 0 1 0 0 0 0 0 0 1 0 0 0 0 0 234 2 3 41637 0 3
1402 0 0 1 0 0 0 0 0 0 1 0 0 0 0 0 234 2 3 41637 0 3
1403 0 0 1 0 0 0 0 0 1 0 1 1 0 0 0 234 2 2 82841 1 1
1404 0 1 1 0 49151 60948 49151 16384 0 1 0 0 0 0 0 234 2 2 82841 0 1
1405 0 0 1 0 0 0 0 0 0 1 0 0 0 0 0 234 2 2 82841 0 1
1406 0 0 1 0 0 0 0 0 0 1 0 0 0 0 0 234 2 2 82841 0 1
1407 0 0 1 0 0 0 0 0 1 0 1 1 0 0 0 238 1 2 82841 0 2
1408 0 1 1 0 49151 60948 16384 16384 0 1 0 0 0 0 0 238 1 2 82841 0 2
1409 0 0 1 0 0 0 0 0 0 1 0 0 0 0 0 238 1 2 82841 0 2
1410 0 0 1 0 0 0 0 0 0 1 0 0 0 0 0 238 1 2 82841 0 2
1411 0 0 1 0 0 0 0 0 1 0 1 1 0 0 0 230 2 2 82841 0 3
1412 0 1 1 0 49151 60948 49151 16384 0 1 0 0 0 0 0 230 2 2 82841 0 3
1413 0 0 1 0 0 0 0 0 0 1 0 0 0 0 0 230 2 2 82841 0 3
1414 0 0 1 0 0 0 0 0 0 1 0 0 0 0 0 230 2 2 82841 0 3
1415 0 0 1 0 0 0 0 0 1 0 1 1 0 0 0 238 1 1 111894 1 1
1416 0 1 1 0 49151 60948 0 16384 0 1 0 0 0 0 0 238 1 1 111894 0 1
1417 0 0 1 0 0 0 0 0 0 1 0 0 0 0 0 238 1 1 111894 0 1
1418 0 0 1 0 0 0 0 0 0 1 0 0 0 0 0 238 1 1 111894 0 1
1419 0 0 1 0 0 0 0 0 1 0 1 1 0 0 0 226 3 1 111894 0 2
1420 0 1 1 0 49151 60948 0 16384 0 1 0 0 0 0 0 226 3 1 111894 0 2
1421 0 0 1 0 0 0 0 0 0 1 0 0 0 0 0 226 3 1 111894 0 2
1422 0 0 1 0 0 0 0 0 0 1 0 0 0 0 0 226 3 1 111894 0 2
1423 0 0 1 0 0 0 0 0 1 0 1 1 0 0 0 226 3 1 111894 0 3
1424 0 1 1 0 49151 60948 32768 16384 0 1 0 0 0 0 0 226 3 1 111894 0 3
1425 0 0 1 0 0 0 0 0 0 1 0 0 0 0 0 226 3 1 111894 0 3
1426 0 0 1 0 0 0 0 0 0 1 0 0 0 0 0 226 3 1 111894 0 3
1427 0 0 1 0 0 0 0 0 1 0 1 1 0 0 0 234 2 2 82841 1 1
1428 0 1 1 0 49151 60948 49151 16384 0 1 0 0 0 0 0 234 2 2 82841 0 1
1429 0 0 1 0 0 0 0 0 0 1 0 0 0 0 0 234 2 2 82841 0 1
1430 0 0 1 0 0 0 0 0 0 1 0 0 0 0 0 234 2 2 82841 0 1
1431 0 0 1 0 0 0 0 0 1 0 1 1 0 0 0 238 1 2 82841 0 2
1432 0 1 1 0 49151 60948 49151 16384 0 1 0 0 0 0 0 238 1 2 82841 0 2
1433 0 0 1 0 0 0 0 0 0 1 0 0 0 0 0 238 1 2 82841 0 2
1434 0 0 1 0 0 0 0 0 0 1 0 0 0 0 0 238 1 2 82841 0 2
1435 0 0 1 0 0 0 0 0 1 0 1 1 0 0 0 238 1 2 82841 0 3
1436 0 1 1 0 49151 60948 32768 16384 0 1 0 0 0 0 0 238 1 2 82841 0 3
1437 0 0 1 0 0 0 0 0 0 1 0 0 0 0 0 238 1 2 82841 0 3
1438 0 0 1 0 0 0 0 0 0 1 0 0 0 0 0 238 1 2 82841 0 3
1439 0 0 1 0 0 0 0 0 1 0 1 1 0 0 0 234 2 2 82841 0 3
1440 0 1 1 0 49151 60948 0 16384 0 1 0 0 0 0 0 234 2 2 82841 0 3
1441 0 0 1 0 0 0 0 0 0 1 0 0 0 0 0 234 2 2 82841 0 3
1442 0 0 1 0 0 0 0 0 0 1 0 0 0 0 0 234 2 2 82841 0 3
1443 0 0 1 0 0 0 0 0 1 0 1 1 0 0 0 226 3 3 41637 1 1
1444 0 1 1 0 49151 60948 0 32768 0 1 0 0 0 0 0 226 3 3 41637 0 1
1445 0 0 1 0 0 0 0 0 0 1 0 0 0 0 0 226 3 3 41637 0 1
1446 0 0 1 0 0 0 0 0 0 1 0 0 0 0 0 226 3 3 41637 0 1
1447 0 0 1 0 0 0 0 0 1 0 1 1 0 0 0 227 1 3 41637 0 2
1448 0 1 1 0 49151 60948 49151 32768 0 1 0 0 0 0 0 227 1 3 41637 0 2
1449 0 0 1 0 0 0 0 0 0 1 0 0 0 0 0 227 1 3 41637 0 2
1450 0 0 1 0 0 0 0 0 0 1 0 0 0 0 0 227 1 3 41637 0 2
1451 0 0 1 0 0 0 0 0 1 0 1 1 0 0 0 239 1 3 41637 0 3
1452 0 1 1 0 49151 60948 49151 32768 0 1 0 0 0 0 0 239 1 3 41637 0 3
1453 0 0 1 0 0 0 0 0 0 1 0 0 0 0 0 239 1 3 41637 0 3
1454 0 0 1 0 0 0 0 0 0 1 0 0 0 0 0 239 1 3 41637 0 3
1455 0 0 1 0 0 0 0 0 1 0 1 1 0 0 0 239 1 1 111894 1 1
1456 0 1 1 0 49151 60948 49151 32768 0 1 0 0 0 0 0 239 1 1 111894 0 1
1457 0 0 1 0 0 0 0 0 0 1 0 0 0 0 0 239 1 1 111894 0 1
1458 0 0 1 0 0 0 0 0 0 1 0 0 0 0 0 239 1 1 111894 0 1
1459 0 0 1 0 0 0 0 0 1 0 1 1 0 0 0 239 1 1 111894 0 2
1460 0 1 1 0 49151 60948 32768 32768 0 1 0 0 0 0 0 239 1 1 111894 0 2
1461 0 0 1 0 0 0 0 0 0 1 0 0 0 0 0 239 1 1 111894 0 2
1462 0 0 1 0 0 0 0 0 0 1 0 0 0 0 0 239 1 1 111894 0 2
1463 0 0 1 0 0 0 0 0 1 0 1 1 0 0 0 235 3 1 111894 0 3
1464 0 1 1 0 49151 60948 49151 32768 0 1 0 0 0 0 0 235 3 1 111894 0 3
1465 0 0 1 0 0 0 0 0 0 1 0 0 0 0 0 235 3 1 111894 0 3
1466 0 0 1 0 0 0 0 0 0 1 0 0 0 0 0 235 3 1 111894 0 3
1467 0 0 1 0 0 0 0 0 1 0 1 1 0 0 0 239 1 1 111894 0 3
1468 0 1 1 0 49151 60948 49151 32768 0 1 0 0 0 0 0 239 1 1 111894 0 3
1469 0 0 1 0 0 0 0 0 0 1 0 0 0 0 0 239 1 1 111894 0 3
1470 0 0 1 0 0 0 0 0 0 1 0 0 0 0 0 239 1 1 111894 0 3
1471 0 0 1 0 0 0 0 0 1 0 1 1 0 0 0 239 1 1 111894 0 3
1472 0 1 1 0 49151 60948 49151 16384 0 1 0 0 0 0 0 239 1 1 111894 0 3
1473 0 0 1 0 0 0 0 0 0 1 0 0 0 0 0 239 1 1 111894 0 3
1474 0 0 1 0 0 0 0 0 0 1 0 0 0 0 0 239 1 1 111894 0 3
1475 0 0 1 0 0 0 0 0 1 0 1 1 0 0 0 238 1 1 111894 0 3
1476 0 1 1 0 49151 60948 16384 16384 0 1 0 0 0 0 0 238 1 1 111894 0 3
1477 0 0 1 0 0 0 0 0 0 1 0 0 0 0 0 238 1 1 111894 0 3
1478 0 0 1 0 0 0 0 0 0 1 0 0 0 0 0 238 1 1 111894 0 3
1479 0 0 1 0 0 0 0 0 1 0 1 1 0 0 0 230 2 2 82841 1 1
1480 0 1 1 0 49151 60948 16384 16384 0 1 0 0 0 0 0 230 2 2 82841 0 1
1481 0 0 1 0 0 0 0 0 0 1 0 0 0 0 0 230 2 2 82841 0 1
1482 0 0 1 0 0 0 0 0 0 1 0 0 0 0 0 230 2 2 82841 0 1
1483 0 0 1 0 0 0 0 0 1 0 1 1 0 0 0 230 2 2 82841 0 2
1484 0 1 1 0 49151 60948 32768 16384 0 1 0 0 0 0 0 230 2 2 82841 0 2
1485 0 0 1 0 0 0 0 0 0 1 0 0 0 0 0 230 2 2 82841 0 2
1486 0 0 1 0 0 0 0 0 0 1 0 0 0 0 0 230 2 2 82841 0 2
1487 0 0 1 0 0 0 0 0 1 0 1 1 0 0 0 234 2 2 82841 0 3
1488 0 1 1 0 49151 60948 0 16384 0 1 0 0 0 0 0 234 2 2 82841 0 3
1489 0 0 1 0 0 0 0 0 0 1 0 0 0 0 0 234 2 2 82841 0 3
1490 0 0 1 0 0 0 0 0 0 1 0 0 0 0 0 234 2 2 82841 0 3
1491 0 0 1 0 0 0 0 0 1 0 1 1 0 0 0 226 3 3 41637 1 1
1492 0 1 1 0 49151 60948 0 32768 0 1 0 0 0 0 0 226 3 3 41637 0 1
1493 0 0 1 0 0 0 0 0 0 1 0 0 0 0 0 226 3 3 41637 0 1
1494 0 0 1 0 0 0 0 0 0 1 0 0 0 0 0 226 3 3 41637 0 1
1495 0 0 1 0 0 0 0 0 1 0 1 1 0 0 0 227 1 3 41637 0 2
1496 0 1 1 0 49151 60948 32768 32768 0 1 0 0 0 0 0 227 1 3 41637 0 2
1497 0 0 1 0 0 0 0 0 0 1 0 0 0 0 0 227 1 3 41637 0 2
1498 0 0 1 0 0 0 0 0 0 1 0 0 0 0 0 227 1 3 41637 0 2
1499 0 0 1 0 0 0 0 0 1 0 1 1 0 0 0 235 3 3 41637 0 3
1500 0 1 1 0 49151 60948 32768 32768 0 1 0 0 0 0 0 235 3 3 41637 0 3
1501 0 0 1 0 0 0 0 0 0 1 0 0 0 0 0 235 3 3 41637 0 3
1502 0 0 1 0 0 0 0 0 0 1 0 0 0 0 0 235 3 3 41637 0 3
1503 0 0 1 0 0 0 0 0 1 0 1 1 0 0 0 235 3 3 41637 0 3
1504 0 1 1 0 49151 60948 16384 32768 0 1 0 0 0 0 0 235 3 3 41637 0 3
1505 0 0 1 0 0 0 0 0 0 1 0 0 0 0 0 235 3 3 41637 0 3
1506 0 0 1 0 0 0 0 0 0 1 0 0 0 0 0 235 3 3 41637 0 3
1507 0 0 1 0 0 0 0 0 1 0 1 1 0 0 0 231 1 1 111894 1 1
1508 0 1 1 0 49151 60948 32768 32768 0 1 0 0 0 0 0 231 1 1 111894 0 1
1509 0 0 1 0 0 0 0 0 0 1 0 0 0 0 0 231 1 1 111894 0 1
1510 0 0 1 0 0 0 0 0 0 1 0 0 0 0 0 231 1 1 111894 0 1
1511 0 0 1 0 0 0 0 0 1 0 1 1 0 0 0 235 3 1 111894 0 2
1512 0 1 1 0 49151 60948 49151 32768 0 1 0 0 0 0 0 235 3 1 111894 0 2
1513 0 0 1 0 0 0 0 0 0 1 0 0 0 0 0 235 3 1 111894 0 2
1514 0 0 1 0 0 0 0 0 0 1 0 0 0 0 0 235 3 1 111894 0 2
1515 0 0 1 0 0 0 0 0 1 0 1 1 0 0 0 239 1 1 111894 0 3
1516 0 1 1 0 49151 60948 32768 16384 0 1 0 0 0 0 0 239 1 1 111894 0 3
1517 0 0 1 0 0 0 0 0 0 1 0 0 0 0 0 239 1 1 111894 0 3
1518 0 0 1 0 0 0 0 0 0 1 0 0 0 0 0 239 1 1 111894 0 3
1519 0 0 1 0 0 0 0 0 1 0 1 1 0 0 0 234 2 2 82841 1 1
1520 0 1 1 0 49151 60948 16384 16384 0 1 0 0 0 0 0 234 2 2 82841 0 1
1521 0 0 1 0 0 0 0 0 0 1 0 0 0 0 0 234 2 2 82841 0 1
1522 0 0 1 0 0 0 0 0 0 1 0 0 0 0 0 234 2 2 82841 0 1
1523 0 0 1 0 0 0 0 0 1 0 1 1 0 0 0 230 2 2 82841 0 2
1524 0 1 1 0 49151 60948 49151 16384 0 1 0 0 0 0 0 230 2 2 82841 0 2
1525 0 0 1 0 0 0 0 0 0 1 0 0 0 0 0 230 2 2 82841 0 2
1526 0 0 1 0 0 0 0 0 0 1 0 0 0 0 0 230 2 2 82841 0 2
1527 0 0 1 0 0 0 0 0 1 0 1 1 0 0 0 238 1 2 82841 0 3
1528 0 1 1 0 49151 60948 49151 16384 0 1 0 0 0 0 0 238 1 2 82841 0 3
1529 0 0 1 0 0 0 0 0 0 1 0 0 0 0 0 238 1 2 82841 0 3
1530 0 0 1 0 0 0 0 0 0 1 0 0 0 0 0 238 1 2 82841 0 3
1531 0 0 1 0 0 0 0 0 1 0 1 1 0 0 0 238 1 1 111894 1 1
1532 0 1 1 0 49151 60948 32768 16384 0 1 0 0 0 0 0 238 1 1 111894 0 1
1533 0 0 1 0 0 0 0 0 0 1 0 0 0 0 0 238 1 1 111894 0 1
1534 0 0 1 0 0 0 0 0 0 1 0 0 0 0 0 238 1 1 111894 0 1
1535 0 0 1 0 0 0 0 0 1 0 1 1 0 0 0 234 2 1 111894 0 2
1536 0 1 1 0 49151 60948 49151 8192 0 1 0 0 0 0 0 234 2 1 111894 0 2
1537 0 0 1 0 0 0 0 0 0 1 0 0 0 0 0 234 2 1 111894 0 2
1538 0 0 1 0 0 0 0 0 0 1 0 0 0 0 0 234 2 1 111894 0 2
1539 0 0 1 0 0 0 0 0 1 0 1 1 0 0 0 237 0 1 111894 0 3
1540 0 1 1 0 49151 60948 16384 8192 0 1 0 0 0 0 0 237 0 1 111894 0 3
1541 0 0 1 0 0 0 0 0 0 1 0 0 0 0 0 237 0 1 111894 0 3
1542 0 0 1 0 0 0 0 0 0 1 0 0 0 0 0 237 0 1 111894 0 3
1543 0 0 1 0 0 0 0 0 1 0 1 1 0 0 0 229 0 0 78633 1 1
1544 0 1 1 0 49151 60948 0 16384 0 1 0 0 0 0 0 229 0 0 78633 0 1
1545 0 0 1 0 0 0 0 0 0 1 0 0 0 0 0 229 0 0 78633 0 1
1546 0 0 1 0 0 0 0 0 0 1 0 0 0 0 0 229 0 0 78633 0 1
1547 0 0 1 0 0 0 0 0 1 0 1 1 0 0 0 226 3 0 78633 0 2
1548 0 1 1 0 49151 60948 49151 16384 0 1 0 0 0 0 0 226 3 0 78633 0 2
1549 0 0 1 0 0 0 0 0 0 1 0 0 0 0 0 226 3 0 78633 0 2
1550 0 0 1 0 0 0 0 0 0 1 0 0 0 0 0 226 3 0 78633 0 2
1551 0 0 1 0 0 0 0 0 1 0 1 1 0 0 0 238 1 0 78633 0 3
1552 0 1 1 0 49151 60948 49151 16384 0 1 0 0 0 0 0 238 1 0 78633 0 3
1553 0 0 1 0 0 0 0 0 0 1 0 0 0 0 0 238 1 0 78633 0 3
1554 0 0 1 0 0 0 0 0 0 1 0 0 0 0 0 238 1 0 78633 0 3
1555 0 0 1 0 0 0 0 0 1 0 1 1 0 0 0 238 1 1 111894 1 1
1556 0 1 1 0 49151 60948 0 8192 0 1 0 0 0 0 0 238 1 1 111894 0 1
1557 0 0 1 0 0 0 0 0 0 1 0 0 0 0 0 238 1 1 111894 0 1
1558 0 0 1 0 0 0 0 0 0 1 0 0 0 0 0 238 1 1 111894 0 1
1559 0 0 1 0 0 0 0 0 1 0 1 1 0 0 0 225 3 1 111894 0 2
1560 0 1 1 0 49151 60948 32768 0 0 1 0 0 0 0 0 225 3 1 111894 0 2
1561 0 0 1 0 0 0 0 0 0 1 0 0 0 0 0 225 3 1 111894 0 2
1562 0 0 1 0 0 0 0 0 0 1 0 0 0 0 0 225 3 1 111894 0 2
1563 0 0 1 0 0 0 0 0 1 0 1 1 0 0 0 232 0 1 111894 0 3
1564 0 1 1 0 49151 60948 16384 0 0 1 0 0 0 0 0 232 0 1 111894 0 3
1565 0 0 1 0 0 0 0 0 0 1 0 0 0 0 0 232 0 1 111894 0 3
1566 0 0 1 0 0 0 0 0 0 1 0 0 0 0 0 232 0 1 111894 0 3
1567 0 0 1 0 0 0 0 0 1 0 1 1 0 0 0 228 0 0 78633 1 1
1568 0 1 1 0 49151 60948 16384 0 0 1 0 0 0 0 0 228 0 0 78633 0 1
1569 0 0 1 0 0 0 0 0 0 1 0 0 0 0 0 228 0 0 78633 0 1
1570 0 0 1 0 0 0 0 0 0 1 0 0 0 0 0 228 0 0 78633 0 1
1571 0 0 1 0 0 0 0 0 1 0 1 1 0 0 0 228 0 0 78633 0 2
1572 0 1 1 0 49151 60948 32768 8192 0 1 0 0 0 0 0 228 0 0 78633 0 2
1573 0 0 1 0 0 0 0 0 0 1 0 0 0 0 0 228 0 0 78633 0 2
1574 0 0 1 0 0 0 0 0 0 1 0 0 0 0 0 228 0 0 78633 0 2
1575 0 0 1 0 0 0 0 0 1 0 1 1 0 0 0 233 0 0 78633 0 3
1576 0 1 1 0 49151 62914 16384 16384 0 1 0 0 0 0 0 233 0 0 78633 0 3
1577 0 0 1 0 0 0 0 0 0 1 0 0 0 0 0 233 0 0 78633 0 3
1578 0 0 1 0 0 0 0 0 0 1 0 0 0 0 0 233 0 0 78633 0 3
1579 0 0 1 0 0 0 0 0 1 0 1 1 0 0 0 246 2 2 82841 1 1
1580 0 1 1 0 49151 62914 16384 16384 0 1 0 0 0 0 0 246 2 2 82841 0 1
1581 0 0 1 0 0 0 0 0 0 1 0 0 0 0 0 246 2 2 82841 0 1
1582 0 0 1 0 0 0 0 0 0 1 0 0 0 0 0 246 2 2 82841 0 1
1583 0 0 1 0 0 0 0 0 1 0 1 1 0 0 0 246 2 2 82841 0 2
1584 0 1 1 0 49151 62914 32768 8192 0 1 0 0 0 0 0 246 2 2 82841 0 2
1585 0 0 1 0 0 0 0 0 0 1 0 0 0 0 0 246 2 2 82841 0 2
1586 0 0 1 0 0 0 0 0 0 1 0 0 0 0 0 246 2 2 82841 0 2
1587 0 0 1 0 0 0 0 0 1 0 1 1 0 0 0 249 2 2 82841 0 3
1588 0 1 1 0 49151 62914 49151 0 0 1 0 0 0 0 0 249 2 2 82841 0 3
1589 0 0 1 0 0 0 0 0 0 1 0 0 0 0 0 249 2 2 82841 0 3
1590 0 0 1 0 0 0 0 0 0 1 0 0 0 0 0 249 2 2 82841 0 3
1591 0 0 1 0 0 0 0 0 1 0 1 1 0 0 0 252 0 0 78633 1 1
1592 0 1 1 0 49151 62914 16384 8192 0 1 0 0 0 0 0 252 0 0 78633 0 1
1593 0 0 1 0 0 0 0 0 0 1 0 0 0 0 0 252 0 0 78633 0 1
1594 0 0 1 0 0 0 0 0 0 1 0 0 0 0 0 252 0 0 78633 0 1
1595 0 0 1 0 0 0 0 0 1 0 1 1 0 0 0 245 1 0 78633 0 2
1596 0 1 1 0 49151 62914 0 8192 0 1 0 0 0 0 0 245 1 0 78633 0 2
1597 0 0 1 0 0 0 0 0 0 1 0 0 0 0 0 245 1 0 78633 0 2
1598 0 0 1 0 0 0 0 0 0 1 0 0 0 0 0 245 1 0 78633 0 2
1599 0 0 1 0 0 0 0 0 1 0 1 1 0 0 0 241 1 0 78633 0 3
1600 0 1 1 0 49151 62914 49151 0 0 1 0 0 0 0 0 241 1 0 78633 0 3
1601 0 0 1 0 0 0 0 0 0 1 0 0 0 0 0 241 1 0 78633 0 3
1602 0 0 1 0 0 0 0 0 0 1 0 0 0 0 0 241 1 0 78633 0 3
1603 0 0 1 0 0 0 0 0 1 0 1 1 0 0 0 252 0 0 78633 0 3
1604 0 1 1 0 49151 62914 49151 8192 0 1 0 0 0 0 0 252 0 0 78633 0 3
1605 0 0 1 0 0 0 0 0 0 1 0 0 0 0 0 252 0 0 78633 0 3
1606 0 0 1 0 0 0 0 0 0 1 0 0 0 0 0 252 0 0 78633 0 3
1607 0 0 1 0 0 0 0 0 1 0 1 1 0 0 0 253 3 3 41637 1 1
1608 0 1 1 0 49151 62914 16384 8192 0 1 0 0 0 0 0 253 3 3 41637 0 1
1609 0 0 1 0 0 0 0 0 0 1 0 0 0 0 0 253 3 3 41637 0 1
1610 0 0 1 0 0 0 0 0 0 1 0 0 0 0 0 253 3 3 41637 0 1
1611 0 0 1 0 0 0 0 0 1 0 1 1 0 0 0 245 1 3 41637 0 2
1612 0 1 1 0 49151 62914 32768 8192 0 1 0 0 0 0 0 245 1 3 41637 0 2
1613 0 0 1 0 0 0 0 0 0 1 0 0 0 0 0 245 1 3 41637 0 2
1614 0 0 1 0 0 0 0 0 0 1 0 0 0 0 0 245 1 3 41637 0 2
1615 0 0 1 0 0 0 0 0 1 0 1 1 0 0 0 249 2 3 41637 0 3
1616 0 1 1 0 49151 62914 16384 0 0 1 0 0 0 0 0 249 2 3 41637 0 3
1617 0 0 1 0 0 0 0 0 0 1 0 0 0 0 0 249 2 3 41637 0 3
1618 0 0 1 0 0 0 0 0 0 1 0 0 0 0 0 249 2 3 41637 0 3
1619 0 0 1 0 0 0 0 0 1 0 1 1 0 0 0 244 0 0 78633 1 1
1620 0 1 1 0 49151 62914 49151 0 0 1 0 0 0 0 0 244 0 0 78633 0 1
1621 0 0 1 0 0 0 0 0 0 1 0 0 0 0 0 244 0 0 78633 0 1
1622 0 0 1 0 0 0 0 0 0 1 0 0 0 0 0 244 0 0 78633 0 1
1623 0 0 1 0 0 0 0 0 1 0 1 1 0 0 0 252 0 0 78633 0 2
1624 0 1 1 0 49151 62914 16384 8192 0 1 0 0 0 0 0 252 0 0 78633 0 2
1625 0 0 1 0 0 0 0 0 0 1 0 0 0 0 0 252 0 0 78633 0 2
1626 0 0 1 0 0 0 0 0 0 1 0 0 0 0 0 252 0 0 78633 0 2
1627 0 0 1 0 0 0 0 0 1 0 1 1 0 0 0 245 1 0 78633 0 3
1628 0 1 1 0 49151 62914 16384 0 0 1 0 0 0 0 0 245 1 0 78633 0 3
1629 0 0 1 0 0 0 0 0 0 1 0 0 0 0 0 245 1 0 78633 0 3
1630 0 0 1 0 0 0 0 0 0 1 0 0 0 0 0 245 1 0 78633 0 3
1631 0 0 1 0 0 0 0 0 1 0 1 1 0 0 0 244 0 0 78633 0 3
1632 0 1 1 0 49151 62914 16384 8192 0 1 0 0 0 0 0 244 0 0 78633 0 3
1633 0 0 1 0 0 0 0 0 0 1 0 0 0 0 0 244 0 0 78633 0 3
1634 0 0 1 0 0 0 0 0 0 1 0 0 0 0 0 244 0 0 78633 0 3
1635 0 0 1 0 0 0 0 0 1 0 1 1 0 0 0 245 1 1 111894 1 1
1636 0 1 1 0 49151 62914 16384 8192 0 1 0 0 0 0 0 245 1 1 111894 0 1
1637 0 0 1 0 0 0 0 0 0 1 0 0 0 0 0 245 1 1 111894 0 1
1638 0 0 1 0 0 0 0 0 0 1 0 0 0 0 0 245 1 1 111894 0 1
1639 0 0 1 0 0 0 0 0 1 0 1 1 0 0 0 245 1 1 111894 0 2
1640 0 1 1 0 49151 62914 49151 8192 0 1 0 0 0 0 0 245 1 1 111894 0 2
1641 0 0 1 0 0 0 0 0 0 1 0 0 0 0 0 245 1 1 111894 0 2
1642 0 0 1 0 0 0 0 0 0 1 0 0 0 0 0 245 1 1 111894 0 2
1643 0 0 1 0 0 0 0 0 1 0 1 1 0 0 0 253 3 1 111894 0 3
1644 0 1 1 0 49151 62914 16384 0 0 1 0 0 0 0 0 253 3 1 111894 0 3
1645 0 0 1 0 0 0 0 0 0 1 0 0 0 0 0 253 3 1 111894 0 3
1646 0 0 1 0 0 0 0 0 0 1 0 0 0 0 0 253 3 1 111894 0 3
1647 0 0 1 0 0 0 0 0 1 0 1 1 0 0 0 244 0 0 78633 1 1
1648 0 1 1 0 49151 62914 49151 0 0 1 0 0 0 0 0 244 0 0 78633 0 1
1649 0 0 1 0 0 0 0 0 0 1 0 0 0 0 0 244 0 0 78633 0 1
1650 0 0 1 0 0 0 0 0 0 1 0 0 0 0 0 244 0 0 78633 0 1
1651 0 0 1 0 0 0 0 0 1 0 1 1 0 0 0 252 0 0 78633 0 2
1652 0 1 1 0 49151 62914 49151 8192 0 1 0 0 0 0 0 252 0 0 78633 0 2
1653 0 0 1 0 0 0 0 0 0 1 0 0 0 0 0 252 0 0 78633 0 2
1654 0 0 1 0 0 0 0 0 0 1 0 0 0 0 0 252 0 0 78633 0 2
1655 0 0 1 0 0 0 0 0 1 0 1 1 0 0 0 253 3 0 78633 0 3
1656 0 1 1 0 49151 62914 49151 8192 0 1 0 0 0 0 0 253 3 0 78633 0 3
1657 0 0 1 0 0 0 0 0 0 1 0 0 0 0 0 253 3 0 78633 0 3
1658 0 0 1 0 0 0 0 0 0 1 0 0 0 0 0 253 3 0 78633 0 3
1659 0 0 1 0 0 0 0 0 1 0 1 1 0 0 0 253 3 3 41637 1 1
1660 0 1 1 0 49151 62914 0 16384 0 1 0 0 0 0 0 253 3 3 41637 0 1
1661 0 0 1 0 0 0 0 0 0 1 0 0 0 0 0 253 3 3 41637 0 1
1662 0 0 1 0 0 0 0 0 0 1 0 0 0 0 0 253 3 3 41637 0 1
1663 0 0 1 0 0 0 0 0 1 0 1 1 0 0 0 242 0 3 41637 0 2
1664 0 1 1 0 49151 62914 16384 8192 0 1 0 0 0 0 0 242 0 3 41637 0 2
1665 0 0 1 0 0 0 0 0 0 1 0 0 0 0 0 242 0 3 41637 0 2
1666 0 0 1 0 0 0 0 0 0 1 0 0 0 0 0 242 0 3 41637 0 2
1667 0 0 1 0 0 0 0 0 1 0 1 1 0 0 0 245 1 3 41637 0 3
1668 0 1 1 0 49151 62914 49151 0 0 1 0 0 0 0 0 245 1 3 41637 0 3
1669 0 0 1 0 0 0 0 0 0 1 0 0 0 0 0 245 1 3 41637 0 3
1670 0 0 1 0 0 0 0 0 0 1 0 0 0 0 0 245 1 3 41637 0 3
1671 0 0 1 0 0 0 0 0 1 0 1 1 0 0 0 252 0 0 78633 1 1
1672 0 1 1 0 49151 62914 32768 0 0 1 0 0 0 0 0 252 0 0 78633 0 1
1673 0 0 1 0 0 0 0 0 0 1 0 0 0 0 0 252 0 0 78633 0 1
1674 0 0 1 0 0 0 0 0 0 1 0 0 0 0 0 252 0 0 78633 0 1
1675 0 0 1 0 0 0 0 0 1 0 1 1 0 0 0 248 0 0 78633 0 2
1676 0 1 1 0 49151 62914 16384 8192 0 1 0 0 0 0 0 248 0 0 78633 0 2
1677 0 0 1 0 0 0 0 0 0 1 0 0 0 0 0 248 0 0 78633 0 2
1678 0 0 1 0 0 0 0 0 0 1 0 0 0 0 0 248 0 0 78633 0 2
1679 0 0 1 0 0 0 0 0 1 0 1 1 0 0 0 245 1 0 78633 0 3
1680 0 1 1 0 49151 62914 16384 8192 0 1 0 0 0 0 0 245 1 0 78633 0 3
1681 0 0 1 0 0 0 0 0 0 1 0 0 0 0 0 245 1 0 78633 0 3
1682 0 0 1 0 0 0 0 0 0 1 0 0 0 0 0 245 1 0 78633 0 3
1683 0 0 1 0 0 0 0 0 1 0 1 1 0 0 0 245 1 1 111894 1 1
1684 0 1 1 0 49151 62914 49151 0 0 1 0 0 0 0 0 245 1 1 111894 0 1
1685 0 0 1 0 0 0 0 0 0 1 0 0 0 0 0 245 1 1 111894 0 1
1686 0 0 1 0 0 0 0 0 0 1 0 0 0 0 0 245 1 1 111894 0 1
1687 0 0 1 0 0 0 0 0 1 0 1 1 0 0 0 252 0 1 111894 0 2
1688 0 1 1 0 49151 62914 49151 0 0 1 0 0 0 0 0 252 0 1 111894 0 2
1689 0 0 1 0 0 0 0 0 0 1 0 0 0 0 0 252 0 1 111894 0 2
1690 0 0 1 0 0 0 0 0 0 1 0 0 0 0 0 252 0 1 111894 0 2
1691 0 0 1 0 0 0 0 0 1 0 1 1 0 0 0 252 0 1 111894 0 3
1692 0 1 1 0 49151 62914 32768 0 0 1 0 0 0 0 0 252 0 1 111894 0 3
1693 0 0 1 0 0 0 0 0 0 1 0 0 0 0 0 252 0 1 111894 0 3
1694 0 0 1 0 0 0 0 0 0 1 0 0 0 0 0 252 0 1 111894 0 3
1695 0 0 1 0 0 0 0 0 1 0 1 1 0 0 0 248 0 0 78633 1 1
1696 0 1 1 0 49151 62914 16384 0 0 1 0 0 0 0 0 248 0 0 78633 0 1
1697 0 0 1 0 0 0 0 0 0 1 0 0 0 0 0 248 0 0 78633 0 1
1698 0 0 1 0 0 0 0 0 0 1 0 0 0 0 0 248 0 0 78633 0 1
1699 0 0 1 0 0 0 0 0 1 0 1 1 0 0 0 244 0 0 78633 0 2
1700 0 1 1 0 49151 62914 16384 8192 0 1 0 0 0 0 0 244 0 0 78633 0 2
1701 0 0 1 0 0 0 0 0 0 1 0 0 0 0 0 244 0 0 78633 0 2
1702 0 0 1 0 0 0 0 0 0 1 0 0 0 0 0 244 0 0 78633 0 2
1703 0 0 1 0 0 0 0 0 1 0 1 1 0 0 0 245 1 0 78633 0 3
1704 0 1 1 0 49151 58982 0 16384 0 1 0 0 0 0 0 245 1 0 78633 0 3
1705 0 0 1 0 0 0 0 0 0 1 0 0 0 0 0 245 1 0 78633 0 3
1706 0 0 1 0 0 0 0 0 0 1 0 0 0 0 0 245 1 0 78633 0 3
1707 0 0 1 0 0 0 0 0 1 0 1 1 0 0 0 210 1 1 111894 1 1
1708 0 1 1 0 49151 58982 16384 16384 0 1 0 0 0 0 0 210 1 1 111894 0 1
1709 0 0 1 0 0 0 0 0 0 1 0 0 0 0 0 210 1 1 111894 0 1
1710 0 0 1 0 0 0 0 0 0 1 0 0 0 0 0 210 1 1 111894 0 1
1711 0 0 1 0 0 0 0 0 1 0 1 1 0 0 0 214 2 1 111894 0 2
1712 0 1 1 0 49151 58982 49151 8192 0 1 0 0 0 0 0 214 2 1 111894 0 2
1713 0 0 1 0 0 0 0 0 0 1 0 0 0 0 0 214 2 1 111894 0 2
1714 0 0 1 0 0 0 0 0 0 1 0 0 0 0 0 214 2 1 111894 0 2
1715 0 0 1 0 0 0 0 0 1 0 1 1 0 0 0 221 3 1 111894 0 3
1716 0 1 1 0 49151 58982 0 8192 0 1 0 0 0 0 0 221 3 1 111894 0 3
1717 0 0 1 0 0 0 0 0 0 1 0 0 0 0 0 221 3 1 111894 0 3
1718 0 0 1 0 0 0 0 0 0 1 0 0 0 0 0 221 3 1 111894 0 3
1719 0 0 1 0 0 0 0 0 1 0 1 1 0 0 0 209 1 1 111894 0 3
1720 0 1 1 0 49151 58982 49151 0 0 1 0 0 0 0 0 209 1 1 111894 0 3
1721 0 0 1 0 0 0 0 0 0 1 0 0 0 0 0 209 1 1 111894 0 3
1722 0 0 1 0 0 0 0 0 0 1 0 0 0 0 0 209 1 1 111894 0 3
1723 0 0 1 0 0 0 0 0 1 0 1 1 0 0 0 220 1 1 111894 0 3
1724 0 1 1 0 49151 58982 0 0 0 1 0 0 0 0 0 220 1 1 111894 0 3
1725 0 0 1 0 0 0 0 0 0 1 0 0 0 0 0 220 1 1 111894 0 3
1726 0 0 1 0 0 0 0 0 0 1 0 0 0 0 0 220 1 1 111894 0 3
1727 0 0 1 0 0 0 0 0 1 0 1 1 0 0 0 208 1 1 111894 0 3
1728 0 1 1 0 49151 58982 49151 0 0 1 0 0 0 0 0 208 1 1 111894 0 3
1729 0 0 1 0 0 0 0 0 0 1 0 0 0 0 0 208 1 1 111894 0 3
1730 0 0 1 0 0 0 0 0 0 1 0 0 0 0 0 208 1 1 111894 0 3
1731 0 0 1 0 0 0 0 0 1 0 1 1 0 0 0 220 1 1 111894 0 3
1732 0 1 1 0 49151 58982 49151 0 0 1 0 0 0 0 0 220 1 1 111894 0 3
1733 0 0 1 0 0 0 0 0 0 1 0 0 0 0 0 220 1 1 111894 0 3
1734 0 0 1 0 0 0 0 0 0 1 0 0 0 0 0 220 1 1 111894 0 3
1735 0 0 1 0 0 0 0 0 1 0 1 1 0 0 0 220 1 1 111894 0 3
1736 0 1 1 0 49151 58982 32768 0 0 1 0 0 0 0 0 220 1 1 111894 0 3
1737 0 0 1 0 0 0 0 0 0 1 0 0 0 0 0 220 1 1 111894 0 3
1738 0 0 1 0 0 0 0 0 0 1 0 0 0 0 0 220 1 1 111894 0 3
1739 0 0 1 0 0 0 0 0 1 0 1 1 0 0 0 216 1 1 111894 0 3
1740 0 1 1 0 49151 58982 49151 0 0 1 0 0 0 0 0 216 1 1 111894 0 3
1741 0 0 1 0 0 0 0 0 0 1 0 0 0 0 0 216 1 1 111894 0 3
1742 0 0 1 0 0 0 0 0 0 1 0 0 0 0 0 216 1 1 111894 0 3
1743 0 0 1 0 0 0 0 0 1 0 1 1 0 0 0 220 1 1 111894 0 3
1744 0 1 1 0 49151 58982 0 0 0 1 0 0 0 0 0 220 1 1 111894 0 3
1745 0 0 1 0 0 0 0 0 0 1 0 0 0 0 0 220 1 1 111894 0 3
1746 0 0 1 0 0 0 0 0 0 1 0 0 0 0 0 220 1 1 111894 0 3
1747 0 0 1 0 0 0 0 0 1 0 1 1 0 0 0 208 1 1 111894 0 3
1748 0 1 1 0 49151 58982 32768 0 0 1 0 0 0 0 0 208 1 1 111894 0 3
1749 0 0 1 0 0 0 0 0 0 1 0 0 0 0 0 208 1 1 111894 0 3
1750 0 0 1 0 0 0 0 0 0 1 0 0 0 0 0 208 1 1 111894 0 3
1751 0 0 1 0 0 0 0 0 1 0 1 1 0 0 0 216 1 1 111894 0 3
1752 0 1 1 0 49151 58982 0 0 0 1 0 0 0 0 0 216 1 1 111894 0 3
1753 0 0 1 0 0 0 0 0 0 1 0 0 0 0 0 216 1 1 111894 0 3
1754 0 0 1 0 0 0 0 0 0 1 0 0 0 0 0 216 1 1 111894 0 3
1755 0 0 1 0 0 0 0 0 1 0 1 1 0 0 0 208 1 1 111894 0 3
1756 0 1 1 0 49151 58982 0 8192 0 1 0 0 0 0 0 208 1 1 111894 0 3
1757 0 0 1 0 0 0 0 0 0 1 0 0 0 0 0 208 1 1 111894 0 3
1758 0 0 1 0 0 0 0 0 0 1 0 0 0 0 0 208 1 1 111894 0 3
1759 0 0 1 0 0 0 0 0 1 0 1 1 0 0 0 209 1 1 111894 0 3
1760 0 1 1 0 32768 58982 0 0 0 1 0 0 0 0 0 209 1 1 111894 0 3
1761 0 0 1 0 0 0 0 0 0 1 0 0 0 0 0 209 1 1 111894 0 3
1762 0 0 1 0 0 0 0 0 0 1 0 0 0 0 0 209 1 1 111894 0 3
1763 0 0 1 0 0 0 0 0 1 0 1 1 0 0 0 144 3 3 41637 1 1
1764 0 1 1 0 32768 58982 49151 8192 0 1 0 0 0 0 0 144 3 3 41637 0 1
1765 0 0 1 0 0 0 0 0 0 1 0 0 0 0 0 144 3 3 41637 0 1
1766 0 0 1 0 0 0 0 0 0 1 0 0 0 0 0 144 3 3 41637 0 1
1767 0 0 1 0 0 0 0 0 1 0 1 1 0 0 0 157 1 3 41637 0 2
1768 0 1 1 0 32768 58982 32768 16384 0 1 0 0 0 0 0 157 1 3 41637 0 2
1769 0 0 1 0 0 0 0 0 0 1 0 0 0 0 0 157 1 3 41637 0 2
1770 0 0 1 0 0 0 0 0 0 1 0 0 0 0 0 157 1 3 41637 0 2
1771 0 0 1 0 0 0 0 0 1 0 1 1 0 0 0 154 3 3 41637 0 3
1772 0 1 1 0 32768 58982 0 16384 0 1 0 0 0 0 0 154 3 3 41637 0 3
1773 0 0 1 0 0 0 0 0 0 1 0 0 0 0 0 154 3 3 41637 0 3
1774 0 0 1 0 0 0 0 0 0 1 0 0 0 0 0 154 3 3 41637 0 3
1775 0 0 1 0 0 0 0 0 1 0 1 1 0 0 0 146 2 2 82841 1 1
1776 0 1 1 0 32768 58982 0 8192 0 1 0 0 0 0 0 146 2 2 82841 0 1
1777 0 0 1 0 0 0 0 0 0 1 0 0 0 0 0 146 2 2 82841 0 1
1778 0 0 1 0 0 0 0 0 0 1 0 0 0 0 0 146 2 2 82841 0 1
1779 0 0 1 0 0 0 0 0 1 0 1 1 0 0 0 145 1 2 82841 0 2
1780 0 1 1 0 32768 58982 32768 0 0 1 0 0 0 0 0 145 1 2 82841 0 2
1781 0 0 1 0 0 0 0 0 0 1 0 0 0 0 0 145 1 2 82841 0 2
1782 0 0 1 0 0 0 0 0 0 1 0 0 0 0 0 145 1 2 82841 0 2
1783 0 0 1 0 0 0 0 0 1 0 1 1 0 0 0 152 1 2 82841 0 3
1784 0 1 1 0 32768 58982 32768 16384 0 1 0 0 0 0 0 152 1 2 82841 0 3
1785 0 0 1 0 0 0 0 0 0 1 0 0 0 0 0 152 1 2 82841 0 3
1786 0 0 1 0 0 0 0 0 0 1 0 0 0 0 0 152 1 2 82841 0 3
1787 0 0 1 0 0 0 0 0 1 0 1 1 0 0 0 154 3 3 41637 1 1
1788 0 1 1 0 32768 58982 0 16384 0 1 0 0 0 0 0 154 3 3 41637 0 1
1789 0 0 1 0 0 0 0 0 0 1 0 0 0 0 0 154 3 3 41637 0 1
1790 0 0 1 0 0 0 0 0 0 1 0 0 0 0 0 154 3 3 41637 0 1
1791 0 0 1 0 0 0 0 0 1 0 1 1 0 0 0 146 2 3 41637 0 2
1792 0 1 1 0 32768 58982 16384 16384 0 1 0 0 0 0 0 146 2 3 41637 0 2
1793 0 0 1 0 0 0 0 0 0 1 0 0 0 0 0 146 2 3 41637 0 2
1794 0 0 1 0 0 0 0 0 0 1 0 0 0 0 0 146 2 3 41637 0 2
1795 0 0 1 0 0 0 0 0 1 0 1 1 0 0 0 150 2 3 41637 0 3
1796 0 1 1 0 32768 58982 49151 8192 0 1 0 0 0 0 0 150 2 3 41637 0 3
1797 0 0 1 0 0 0 0 0 0 1 0 0 0 0 0 150 2 3 41637 0 3
1798 0 0 1 0 0 0 0 0 0 1 0 0 0 0 0 150 2 3 41637 0 3
1799 0 0 1 0 0 0 0 0 1 0 1 1 0 0 0 157 1 1 111894 1 1
1800 0 1 1 0 32768 58982 16384 0 0 1 0 0 0 0 0 157 1 1 111894 0 1
1801 0 0 1 0 0 0 0 0 0 1 0 0 0 0 0 157 1 1 111894 0 1
1802 0 0 1 0 0 0 0 0 0 1 0 0 0 0 0 157 1 1 111894 0 1
1803 0 0 1 0 0 0 0 0 1 0 1 1 0 0 0 148 2 1 111894 0 2
1804 0 1 1 0 32768 58982 0 0 0 1 0 0 0 0 0 148 2 1 111894 0 2
1805 0 0 1 0 0 0 0 0 0 1 0 0 0 0 0 148 2 1 111894 0 2
1806 0 0 1 0 0 0 0 0 0 1 0 0 0 0 0 148 2 1 111894 0 2
1807 0 0 1 0 0 0 0 0 1 0 1 1 0 0 0 144 3 1 111894 0 3
1808 0 1 1 0 32768 58982 16384 16384 0 1 0 0 0 0 0 144 3 1 111894 0 3
1809 0 0 1 0 0 0 0 0 0 1 0 0 0 0 0 144 3 1 111894 0 3
1810 0 0 1 0 0 0 0 0 0 1 0 0 0 0 0 144 3 1 111894 0 3
1811 0 0 1 0 0 0 0 0 1 0 1 1 0 0 0 150 2 2 82841 1 1
1812 0 1 1 0 16384 58982 0 0 0 1 0 0 0 0 0 150 2 2 82841 0 1
1813 0 0 1 0 0 0 0 0 0 1 0 0 0 0 0 150 2 2 82841 0 1
1814 0 0 1 0 0 0 0 0 0 1 0 0 0 0 0 150 2 2 82841 0 1
1815 0 0 1 0 0 0 0 0 1 0 1 1 0 0 0 80 1 2 82841 0 2
1816 0 1 1 0 16384 58982 0 16384 0 1 0 0 0 0 0 80 1 2 82841 0 2
1817 0 0 1 0 0 0 0 0 0 1 0 0 0 0 0 80 1 2 82841 0 2
1818 0 0 1 0 0 0 0 0 0 1 0 0 0 0 0 80 1 2 82841 0 2
1819 0 0 1 0 0 0 0 0 1 0 1 1 0 0 0 82 2 2 82841 0 3
1820 0 1 1 0 16384 58982 49151 32768 0 1 0 0 0 0 0 82 2 2 82841 0 3
1821 0 0 1 0 0 0 0 0 0 1 0 0 0 0 0 82 2 2 82841 0 3
1822 0 0 1 0 0 0 0 0 0 1 0 0 0 0 0 82 2 2 82841 0 3
1823 0 0 1 0 0 0 0 0 1 0 1 1 0 0 0 95 0 0 78633 1 1
1824 0 1 1 0 16384 58982 32768 32768 0 1 0 0 0 0 0 95 0 0 78633 0 1
1825 0 0 1 0 0 0 0 0 0 1 0 0 0 0 0 95 0 0 78633 0 1
1826 0 0 1 0 0 0 0 0 0 1 0 0 0 0 0 95 0 0 78633 0 1
1827 0 0 1 0 0 0 0 0 1 0 1 1 0 0 0 91 2 0 78633 0 2
1828 0 1 1 0 16384 58982 49151 32768 0 1 0 0 0 0 0 91 2 0 78633 0 2
1829 0 0 1 0 0 0 0 0 0 1 0 0 0 0 0 91 2 0 78633 0 2
1830 0 0 1 0 0 0 0 0 0 1 0 0 0 0 0 91 2 0 78633 0 2
1831 0 0 1 0 0 0 0 0 1 0 1 1 0 0 0 95 0 0 78633 0 3
1832 0 1 1 0 16384 58982 16384 16384 0 1 0 0 0 0 0 95 0 0 78633 0 3
1833 0 0 1 0 0 0 0 0 0 1 0 0 0 0 0 95 0 0 78633 0 3
1834 0 0 1 0 0 0 0 0 0 1 0 0 0 0 0 95 0 0 78633 0 3
1835 0 0 1 0 0 0 0 0 1 0 1 1 0 0 0 86 2 2 82841 1 1
1836 0 1 1 0 16384 58982 49151 32768 0 1 0 0 0 0 0 86 2 2 82841 0 1
1837 0 0 1 0 0 0 0 0 0 1 0 0 0 0 0 86 2 2 82841 0 1
1838 0 0 1 0 0 0 0 0 0 1 0 0 0 0 0 86 2 2 82841 0 1
1839 0 0 1 0 0 0 0 0 1 0 1 1 0 0 0 95 0 2 82841 0 2
1840 0 1 1 0 16384 58982 49151 32768 0 1 0 0 0 0 0 95 0 2 82841 0 2
1841 0 0 1 0 0 0 0 0 0 1 0 0 0 0 0 95 0 2 82841 0 2
1842 0 0 1 0 0 0 0 0 0 1 0 0 0 0 0 95 0 2 82841 0 2
1843 0 0 1 0 0 0 0 0 1 0 1 1 0 0 0 95 0 2 82841 0 3
1844 0 1 1 0 16384 58982 49151 32768 0 1 0 0 0 0 0 95 0 2 82841 0 3
1845 0 0 1 0 0 0 0 0 0 1 0 0 0 0 0 95 0 2 82841 0 3
1846 0 0 1 0 0 0 0 0 0 1 0 0 0 0 0 95 0 2 82841 0 3
1847 0 0 1 0 0 0 0 0 1 0 1 1 0 0 0 95 0 0 78633 1 1
1848 0 1 1 0 16384 58982 0 32768 0 1 0 0 0 0 0 95 0 0 78633 0 1
1849 0 0 1 0 0 0 0 0 0 1 0 0 0 0 0 95 0 0 78633 0 1
1850 0 0 1 0 0 0 0 0 0 1 0 0 0 0 0 95 0 0 78633 0 1
1851 0 0 1 0 0 0 0 0 1 0 1 1 0 0 0 83 2 0 78633 0 2
1852 0 1 1 0 16384 58982 0 32768 0 1 0 0 0 0 0 83 2 0 78633 0 2
1853 0 0 1 0 0 0 0 0 0 1 0 0 0 0 0 83 2 0 78633 0 2
1854 0 0 1 0 0 0 0 0 0 1 0 0 0 0 0 83 2 0 78633 0 2
1855 0 0 1 0 0 0 0 0 1 0 1 1 0 0 0 83 2 0 78633 0 3
1856 0 1 1 0 16384 58982 49151 32768 0 1 0 0 0 0 0 83 2 0 78633 0 3
1857 0 0 1 0 0 0 0 0 0 1 0 0 0 0 0 83 2 0 78633 0 3
1858 0 0 1 0 0 0 0 0 0 1 0 0 0 0 0 83 2 0 78633 0 3
1859 0 0 1 0 0 0 0 0 1 0 1 1 0 0 0 95 0 0 78633 0 3
1860 0 1 1 0 16384 58982 32768 32768 0 1 0 0 0 0 0 95 0 0 78633 0 3
1861 0 0 1 0 0 0 0 0 0 1 0 0 0 0 0 95 0 0 78633 0 3
1862 0 0 1 0 0 0 0 0 0 1 0 0 0 0 0 95 0 0 78633 0 3
1863 0 0 1 0 0 0 0 0 1 0 1 1 0 0 0 91 2 2 82841 1 1
1864 0 1 1 0 16384 58982 0 32768 0 1 0 0 0 0 0 91 2 2 82841 0 1
1865 0 0 1 0 0 0 0 0 0 1 0 0 0 0 0 91 2 2 82841 0 1
1866 0 0 1 0 0 0 0 0 0 1 0 0 0 0 0 91 2 2 82841 0 1
1867 0 0 1 0 0 0 0 0 1 0 1 1 0 0 0 83 2 2 82841 0 2
1868 0 1 1 0 16384 58982 49151 32768 0 1 0 0 0 0 0 83 2 2 82841 0 2
1869 0 0 1 0 0 0 0 0 0 1 0 0 0 0 0 83 2 2 82841 0 2
1870 0 0 1 0 0 0 0 0 0 1 0 0 0 0 0 83 2 2 82841 0 2
1871 0 0 1 0 0 0 0 0 1 0 1 1 0 0 0 95 0 2 82841 0 3
1872 0 1 1 0 16384 58982 0 32768 0 1 0 0 0 0 0 95 0 2 82841 0 3
1873 0 0 1 0 0 0 0 0 0 1 0 0 0 0 0 95 0 2 82841 0 3
1874 0 0 1 0 0 0 0 0 0 1 0 0 0 0 0 95 0 2 82841 0 3
1875 0 0 1 0 0 0 0 0 1 0 1 1 0 0 0 83 2 2 82841 0 3
1876 0 1 1 0 16384 58982 0 32768 0 1 0 0 0 0 0 83 2 2 82841 0 3
1877 0 0 1 0 0 0 0 0 0 1 0 0 0 0 0 83 2 2 82841 0 3
1878 0 0 1 0 0 0 0 0 0 1 0 0 0 0 0 83 2 2 82841 0 3
1879 0 0 1 0 0 0 0 0 1 0 1 1 0 0 0 83 2 2 82841 0 3
1880 0 1 1 0 16384 58982 32768 32768 0 1 0 0 0 0 0 83 2 2 82841 0 3
1881 0 0 1 0 0 0 0 0 0 1 0 0 0 0 0 83 2 2 82841 0 3
1882 0 0 1 0 0 0 0 0 0 1 0 0 0 0 0 83 2 2 82841 0 3
1883 0 0 1 0 0 0 0 0 1 0 1 1 0 0 0 91 2 2 82841 0 3
1884 0 1 1 0 16384 58982 49151 32768 0 1 0 0 0 0 0 91 2 2 82841 0 3
1885 0 0 1 0 0 0 0 0 0 1 0 0 0 0 0 91 2 2 82841 0 3
1886 0 0 1 0 0 0 0 0 0 1 0 0 0 0 0 91 2 2 82841 0 3
1887 0 0 1 0 0 0 0 0 1 0 1 1 0 0 0 95 0 0 78633 1 1
1888 0 1 1 0 16384 58982 49151 32768 0 1 0 0 0 0 0 95 0 0 78633 0 1
1889 0 0 1 0 0 0 0 0 0 1 0 0 0 0 0 95 0 0 78633 0 1
1890 0 0 1 0 0 0 0 0 0 1 0 0 0 0 0 95 0 0 78633 0 1
1891 0 0 1 0 0 0 0 0 1 0 1 1 0 0 0 95 0 0 78633 0 2
1892 0 1 1 0 16384 58982 49151 32768 0 1 0 0 0 0 0 95 0 0 78633 0 2
1893 0 0 1 0 0 0 0 0 0 1 0 0 0 0 0 95 0 0 78633 0 2
1894 0 0 1 0 0 0 0 0 0 1 0 0 0 0 0 95 0 0 78633 0 2
1895 0 0 1 0 0 0 0 0 1 0 1 1 0 0 0 95 0 0 78633 0 3
1896 0 1 1 0 16384 58982 0 32768 0 1 0 0 0 0 0 95 0 0 78633 0 3
1897 0 0 1 0 0 0 0 0 0 1 0 0 0 0 0 95 0 0 78633 0 3
1898 0 0 1 0 0 0 0 0 0 1 0 0 0 0 0 95 0 0 78633 0 3
1899 0 0 1 0 0 0 0 0 1 0 1 1 0 0 0 83 2 2 82841 1 1
1900 0 1 1 0 16384 58982 32768 32768 0 1 0 0 0 0 0 83 2 2 82841 0 1
1901 0 0 1 0 0 0 0 0 0 1 0 0 0 0 0 83 2 2 82841 0 1
1902 0 0 1 0 0 0 0 0 0 1 0 0 0 0 0 83 2 2 82841 0 1
1903 0 0 1 0 0 0 0 0 1 0 1 1 0 0 0 91 2 2 82841 0 2
1904 0 1 1 0 16384 58982 32768 32768 0 1 0 0 0 0 0 91 2 2 82841 0 2
1905 0 0 1 0 0 0 0 0 0 1 0 0 0 0 0 91 2 2 82841 0 2
1906 0 0 1 0 0 0 0 0 0 1 0 0 0 0 0 91 2 2 82841 0 2
1907 0 0 1 0 0 0 0 0 1 0 1 1 0 0 0 91 2 2 82841 0 3
1908 0 1 1 0 16384 58982 49151 32768 0 1 0 0 0 0 0 91 2 2 82841 0 3
1909 0 0 1 0 0 0 0 0 0 1 0 0 0 0 0 91 2 2 82841 0 3
1910 0 0 1 0 0 0 0 0 0 1 0 0 0 0 0 91 2 2 82841 0 3
1911 0 0 1 0 0 0 0 0 1 0 1 1 0 0 0 95 0 0 78633 1 1
1912 0 1 1 0 16384 58982 49151 32768 0 1 0 0 0 0 0 95 0 0 78633 0 1
1913 0 0 1 0 0 0 0 0 0 1 0 0 0 0 0 95 0 0 78633 0 1
1914 0 0 1 0 0 0 0 0 0 1 0 0 0 0 0 95 0 0 78633 0 1
1915 0 0 1 0 0 0 0 0 1 0 1 1 0 0 0 95 0 0 78633 0 2
1916 0 1 1 0 16384 58982 49151 32768 0 1 0 0 0 0 0 95 0 0 78633 0 2
1917 0 0 1 0 0 0 0 0 0 1 0 0 0 0 0 95 0 0 78633 0 2
1918 0 0 1 0 0 0 0 0 0 1 0 0 0 0 0 95 0 0 78633 0 2
1919 0 0 1 0 0 0 0 0 1 0 1 1 0 0 0 95 0 0 78633 0 3
1920 0 1 1 0 16384 58982 32768 32768 0 1 0 0 0 0 0 95 0 0 78633 0 3
1921 0 0 1 0 0 0 0 0 0 1 0 0 0 0 0 95 0 0 78633 0 3
1922 0 0 1 0 0 0 0 0 0 1 0 0 0 0 0 95 0 0 78633 0 3
1923 0 0 1 0 0 0 0 0 1 0 1 1 0 0 0 91 2 2 82841 1 1
1924 0 1 1 0 16384 58982 49151 32768 0 1 0 0 0 0 0 91 2 2 82841 0 1
1925 0 0 1 0 0 0 0 0 0 1 0 0 0 0 0 91 2 2 82841 0 1
1926 0 0 1 0 0 0 0 0 0 1 0 0 0 0 0 91 2 2 82841 0 1
1927 0 0 1 0 0 0 0 0 1 0 1 1 0 0 0 95 0 2 82841 0 2
1928 0 1 1 0 16384 58982 49151 32768 0 1 0 0 0 0 0 95 0 2 82841 0 2
1929 0 0 1 0 0 0 0 0 0 1 0 0 0 0 0 95 0 2 82841 0 2
1930 0 0 1 0 0 0 0 0 0 1 0 0 0 0 0 95 0 2 82841 0 2
1931 0 0 1 0 0 0 0 0 1 0 1 1 0 0 0 95 0 2 82841 0 3
1932 0 1 1 0 16384 58982 49151 32768 0 1 0 0 0 0 0 95 0 2 82841 0 3
1933 0 0 1 0 0 0 0 0 0 1 0 0 0 0 0 95 0 2 82841 0 3
1934 0 0 1 0 0 0 0 0 0 1 0 0 0 0 0 95 0 2 82841 0 3
1935 0 0 1 0 0 0 0 0 1 0 1 1 0 0 0 95 0 0 78633 1 1
1936 0 1 1 0 16384 58982 0 32768 0 1 0 0 0 0 0 95 0 0 78633 0 1
1937 0 0 1 0 0 0 0 0 0 1 0 0 0 0 0 95 0 0 78633 0 1
1938 0 0 1 0 0 0 0 0 0 1 0 0 0 0 0 95 0 0 78633 0 1
1939 0 0 1 0 0 0 0 0 1 0 1 1 0 0 0 83 2 0 78633 0 2
1940 0 1 1 0 16384 58982 49151 32768 0 1 0 0 0 0 0 83 2 0 78633 0 2
1941 0 0 1 0 0 0 0 0 0 1 0 0 0 0 0 83 2 0 78633 0 2
1942 0 0 1 0 0 0 0 0 0 1 0 0 0 0 0 83 2 0 78633 0 2
1943 0 0 1 0 0 0 0 0 1 0 1 1 0 0 0 95 0 0 78633 0 3
1944 0 1 1 0 16384 58982 49151 32768 0 1 0 0 0 0 0 95 0 0 78633 0 3
1945 0 0 1 0 0 0 0 0 0 1 0 0 0 0 0 95 0 0 78633 0 3
1946 0 0 1 0 0 0 0 0 0 1 0 0 0 0 0 95 0 0 78633 0 3
1947 0 0 1 0 0 0 0 0 1 0 1 1 0 0 0 95 0 0 78633 0 3
1948 0 1 1 0 16384 58982 49151 32768 0 1 0 0 0 0 0 95 0 0 78633 0 3
1949 0 0 1 0 0 0 0 0 0 1 0 0 0 0 0 95 0 0 78633 0 3
1950 0 0 1 0 0 0 0 0 0 1 0 0 0 0 0 95 0 0 78633 0 3
1951 0 0 1 0 0 0 0 0 1 0 1 1 0 0 0 95 0 0 78633 0 3
1952 0 1 1 0 16384 58982 0 32768 0 1 0 0 0 0 0 95 0 0 78633 0 3
1953 0 0 1 0 0 0 0 0 0 1 0 0 0 0 0 95 0 0 78633 0 3
1954 0 0 1 0 0 0 0 0 0 1 0 0 0 0 0 95 0 0 78633 0 3
1955 0 0 1 0 0 0 0 0 1 0 1 1 0 0 0 83 2 2 82841 1 1
1956 0 1 1 0 16384 58982 49151 32768 0 1 0 0 0 0 0 83 2 2 82841 0 1
1957 0 0 1 0 0 0 0 0 0 1 0 0 0 0 0 83 2 2 82841 0 1
1958 0 0 1 0 0 0 0 0 0 1 0 0 0 0 0 83 2 2 82841 0 1
1959 0 0 1 0 0 0 0 0 1 0 1 1 0 0 0 95 0 2 82841 0 2
1960 0 1 1 0 16384 62914 49151 32768 0 1 0 0 0 0 0 95 0 2 82841 0 2
1961 0 0 1 0 0 0 0 0 0 1 0 0 0 0 0 95 0 2 82841 0 2
1962 0 0 1 0 0 0 0 0 0 1 0 0 0 0 0 95 0 2 82841 0 2
1963 0 0 1 0 0 0 0 0 1 0 1 1 0 0 0 127 3 2 82841 0 3
1964 0 1 1 0 16384 62914 49151 32768 0 1 0 0 0 0 0 127 3 2 82841 0 3
1965 0 0 1 0 0 0 0 0 0 1 0 0 0 0 0 127 3 2 82841 0 3
1966 0 0 1 0 0 0 0 0 0 1 0 0 0 0 0 127 3 2 82841 0 3
1967 0 0 1 0 0 0 0 0 1 0 1 1 0 0 0 127 3 3 41637 1 1
1968 0 1 1 0 32768 62914 49151 32768 0 1 0 0 0 0 0 127 3 3 41637 0 1
1969 0 0 1 0 0 0 0 0 0 1 0 0 0 0 0 127 3 3 41637 0 1
1970 0 0 1 0 0 0 0 0 0 1 0 0 0 0 0 127 3 3 41637 0 1
1971 0 0 1 0 0 0 0 0 1 0 1 1 0 0 0 191 2 3 41637 0 2
1972 0 1 1 0 32768 62914 49151 32768 0 1 0 0 0 0 0 191 2 3 41637 0 2
1973 0 0 1 0 0 0 0 0 0 1 0 0 0 0 0 191 2 3 41637 0 2
1974 0 0 1 0 0 0 0 0 0 1 0 0 0 0 0 191 2 3 41637 0 2
1975 0 0 1 0 0 0 0 0 1 0 1 1 0 0 0 191 2 3 41637 0 3
1976 0 1 1 0 49151 62914 49151 32768 0 1 0 0 0 0 0 191 2 3 41637 0 3
1977 0 0 1 0 0 0 0 0 0 1 0 0 0 0 0 191 2 3 41637 0 3
1978 0 0 1 0 0 0 0 0 0 1 0 0 0 0 0 191 2 3 41637 0 3
1979 0 0 1 0 0 0 0 0 1 0 1 1 0 0 0 255 3 3 41637 0 3
1980 0 1 1 0 49151 62914 49151 16384 0 1 0 0 0 0 0 255 3 3 41637 0 3
1981 0 0 1 0 0 0 0 0 0 1 0 0 0 0 0 255 3 3 41637 0 3
1982 0 0 1 0 0 0 0 0 0 1 0 0 0 0 0 255 3 3 41637 0 3
1983 0 0 1 0 0 0 0 0 1 0 1 1 0 0 0 254 1 1 111894 1 1
1984 0 1 1 0 49151 62914 49151 16384 0 1 0 0 0 0 0 254 1 1 111894 0 1
1985 0 0 1 0 0 0 0 0 0 1 0 0 0 0 0 254 1 1 111894 0 1
1986 0 0 1 0 0 0 0 0 0 1 0 0 0 0 0 254 1 1 111894 0 1
1987 0 0 1 0 0 0 0 0 1 0 1 1 0 0 0 254 1 1 111894 0 2
1988 0 1 1 0 49151 62914 49151 8192 0 1 0 0 0 0 0 254 1 1 111894 0 2
1989 0 0 1 0 0 0 0 0 0 1 0 0 0 0 0 254 1 1 111894 0 2
1990 0 0 1 0 0 0 0 0 0 1 0 0 0 0 0 254 1 1 111894 0 2
1991 0 0 1 0 0 0 0 0 1 0 1 1 0 0 0 253 3 1 111894 0 3
1992 0 1 1 0 49151 62914 49151 0 0 1 0 0 0 0 0 253 3 1 111894 0 3
1993 0 0 1 0 0 0 0 0 0 1 0 0 0 0 0 253 3 1 111894 0 3
1994 0 0 1 0 0 0 0 0 0 1 0 0 0 0 0 253 3 1 111894 0 3
1995 0 0 1 0 0 0 0 0 1 0 1 1 0 0 0 252 0 0 78633 1 1
1996 0 1 1 0 49151 62914 49151 8192 0 1 0 0 0 0 0 252 0 0 78633 0 1
1997 0 0 1 0 0 0 0 0 0 1 0 0 0 0 0 252 0 0 78633 0 1
1998 0 0 1 0 0 0 0 0 0 1 0 0 0 0 0 252 0 0 78633 0 1
1999 0 0 1 0 0 0 0 0 1 0 1 1 0 0 0 253 3 0 78633 0 2
2000 0 1 1 0 49151 62914 49151 16384 0 1 0 0 0 0 0 253 3 0 78633 0 2
2001 0 0 1 0 0 0 0 0 0 1 0 0 0 0 0 253 3 0 78633 0 2
2002 0 0 1 0 0 0 0 0 0 1 0 0 0 0 0 253 3 0 78633 0 2
2003 0 0 1 0 0 0 0 0 1 0 1 1 0 0 0 254 1 0 78633 0 3
2004 0 1 1 0 49151 62914 49151 16384 0 1 0 0 0 0 0 254 1 0 78633 0 3
2005 0 0 1 0 0 0 0 0 0 1 0 0 0 0 0 254 1 0 78633 0 3
2006 0 0 1 0 0 0 0 0 0 1 0 0 0 0 0 254 1 0 78633 0 3
2007 0 0 1 0 0 0 0 0 1 0 1 1 0 0 0 254 1 1 111894 1 1
2008 0 1 1 0 49151 62914 49151 16384 0 1 0 0 0 0 0 254 1 1 111894 0 1
2009 0 0 1 0 0 0 0 0 0 1 0 0 0 0 0 254 1 1 111894 0 1
2010 0 0 1 0 0 0 0 0 0 1 0 0 0 0 0 254 1 1 111894 0 1
2011 0 0 1 0 0 0 0 0 1 0 1 1 0 0 0 254 1 1 111894 0 2
2012 0 1 1 0 49151 62914 49151 16384 0 1 0 0 0 0 0 254 1 1 111894 0 2
2013 0 0 1 0 0 0 0 0 0 1 0 0 0 0 0 254 1 1 111894 0 2
2014 0 0 1 0 0 0 0 0 0 1 0 0 0 0 0 254 1 1 111894 0 2
2015 0 0 1 0 0 0 0 0 1 0 1 1 0 0 0 254 1 1 111894 0 3
2016 0 1 1 0 49151 62914 49151 16384 0 1 0 0 0 0 0 254 1 1 111894 0 3
2017 0 0 1 0 0 0 0 0 0 1 0 0 0 0 0 254 1 1 111894 0 3
2018 0 0 1 0 0 0 0 0 0 1 0 0 0 0 0 254 1 1 111894 0 3
2019 0 0 1 0 0 0 0 0 1 0 1 1 0 0 0 254 1 1 111894 0 3
2020 0 1 1 0 49151 62914 49151 16384 0 1 0 0 0 0 0 254 1 1 111894 0 3
2021 0 0 1 0 0 0 0 0 0 1 0 0 0 0 0 254 1 1 111894 0 3
2022 0 0 1 0 0 0 0 0 0 1 0 0 0 0 0 254 1 1 111894 0 3
2023 0 0 1 0 0 0 0 0 1 0 1 1 0 0 0 254 1 1 111894 0 3
2024 0 1 1 0 49151 62914 49151 16384 0 1 0 0 0 0 0 254 1 1 111894 0 3
2025 0 0 1 0 0 0 0 0 0 1 0 0 0 0 0 254 1 1 111894 0 3
2026 0 0 1 0 0 0 0 0 0 1 0 0 0 0 0 254 1 1 111894 0 3
2027 0 0 1 0 0 0 0 0 1 0 1 1 0 0 0 254 1 1 111894 0 3
2028 0 1 1 0 49151 62914 49151 16384 0 1 0 0 0 0 0 254 1 1 111894 0 3
2029 0 0 1 0 0 0 0 0 0 1 0 0 0 0 0 254 1 1 111894 0 3
2030 0 0 1 0 0 0 0 0 0 1 0 0 0 0 0 254 1 1 111894 0 3
2031 0 0 1 0 0 0 0 0 1 0 1 1 0 0 0 254 1 1 111894 0 3
2032 0 1 1 0 49151 62914 49151 8192 0 1 0 0 0 0 0 254 1 1 111894 0 3
2033 0 0 1 0 0 0 0 0 0 1 0 0 0 0 0 254 1 1 111894 0 3
2034 0 0 1 0 0 0 0 0 0 1 0 0 0 0 0 254 1 1 111894 0 3
2035 0 0 1 0 0 0 0 0 1 0 1 1 0 0 0 253 3 3 41637 1 1
2036 0 1 1 0 49151 62914 49151 0 0 1 0 0 0 0 0 253 3 3 41637 0 1
2037 0 0 1 0 0 0 0 0 0 1 0 0 0 0 0 253 3 3 41637 0 1
2038 0 0 1 0 0 0 0 0 0 1 0 0 0 0 0 253 3 3 41637 0 1
2039 0 0 1 0 0 0 0 0 1 0 1 1 0 0 0 252 0 3 41637 0 2
2040 0 1 1 0 49151 62914 49151 8192 0 1 0 0 0 0 0 252 0 3 41637 0 2
2041 0 0 1 0 0 0 0 0 0 1 0 0 0 0 0 252 0 3 41637 0 2
2042 0 0 1 0 0 0 0 0 0 1 0 0 0 0 0 252 0 3 41637 0 2
2043 0 0 1 0 0 0 0 0 1 0 1 1 0 0 0 253 3 3 41637 0 3
2044 0 1 1 0 49151 62914 49151 8192 0 1 0 0 0 0 0 253 3 3 41637 0 3
2045 0 0 1 0 0 0 0 0 0 1 0 0 0 0 0 253 3 3 41637 0 3
2046 0 0 1 0 0 0 0 0 0 1 0 0 0 0 0 253 3 3 41637 0 3
2047 0 0 1 0 0 0 0 0 1 0 1 1 0 0 0 253 3 3 41637 0 3
2048 0 1 1 0 49151 62914 49151 8192 0 1 0 0 0 0 0 253 3 3 41637 0 3
2049 0 0 1 0 0 0 0 0 0 1 0 0 0 0 0 253 3 3 41637 0 3
2050 0 0 1 0 0 0 0 0 0 1 0 0 0 0 0 253 3 3 41637 0 3
2051 0 0 1 0 0 0 0 0 1 0 1 1 0 0 0 253 3 3 41637 0 3
2052 0 1 1 0 49151 62914 49151 8192 0 1 0 0 0 0 0 253 3 3 41637 0 3
2053 0 0 1 0 0 0 0 0 0 1 0 0 0 0 0 253 3 3 41637 0 3
2054 0 0 1 0 0 0 0 0 0 1 0 0 0 0 0 253 3 3 41637 0 3
2055 0 0 1 0 0 0 0 0 1 0 1 1 0 0 0 253 3 3 41637 0 3
2056 0 1 1 0 49151 62914 49151 8192 0 1 0 0 0 0 0 253 3 3 41637 0 3
2057 0 0 1 0 0 0 0 0 0 1 0 0 0 0 0 253 3 3 41637 0 3
2058 0 0 1 0 0 0 0 0 0 1 0 0 0 0 0 253 3 3 41637 0 3
2059 0 0 1 0 0 0 0 0 1 0 1 1 0 0 0 253 3 3 41637 0 3
2060 0 1 1 0 49151 62914 49151 8192 0 1 0 0 0 0 0 253 3 3 41637 0 3
2061 0 0 1 0 0 0 0 0 0 1 0 0 0 0 0 253 3 3 41637 0 3
2062 0 0 1 0 0 0 0 0 0 1 0 0 0 0 0 253 3 3 41637 0 3
2063 0 0 1 0 0 0 0 0 1 0 1 1 0 0 0 253 3 3 41637 0 3
2064 0 1 1 0 49151 62914 49151 8192 0 1 0 0 0 0 0 253 3 3 41637 0 3
2065 0 0 1 0 0 0 0 0 0 1 0 0 0 0 0 253 3 3 41637 0 3
2066 0 0 1 0 0 0 0 0 0 1 0 0 0 0 0 253 3 3 41637 0 3
2067 0 0 1 0 0 0 0 0 1 0 1 1 0 0 0 253 3 3 41637 0 3
2068 0 1 1 0 49151 62914 49151 8192 0 1 0 0 0 0 0 253 3 3 41637 0 3
2069 0 0 1 0 0 0 0 0 0 1 0 0 0 0 0 253 3 3 41637 0 3
2070 0 0 1 0 0 0 0 0 0 1 0 0 0 0 0 253 3 3 41637 0 3
2071 0 0 1 0 0 0 0 0 1 0 1 1 0 0 0 253 3 3 41637 0 3
2072 0 1 1 0 49151 62914 49151 0 0 1 0 0 0 0 0 253 3 3 41637 0 3
2073 0 0 1 0 0 0 0 0 0 1 0 0 0 0 0 253 3 3 41637 0 3
2074 0 0 1 0 0 0 0 0 0 1 0 0 0 0 0 253 3 3 41637 0 3
2075 0 0 1 0 0 0 0 0 1 0 1 1 0 0 0 252 0 0 78633 1 1
2076 0 1 1 0 49151 62914 49151 0 0 1 0 0 0 0 0 252 0 0 78633 0 1
2077 0 0 1 0 0 0 0 0 0 1 0 0 0 0 0 252 0 0 78633 0 1
2078 0 0 1 0 0 0 0 0 0 1 0 0 0 0 0 252 0 0 78633 0 1
2079 0 0 1 0 0 0 0 0 1 0 1 1 0 0 0 252 0 0 78633 0 2
2080 0 1 1 0 49151 62914 49151 0 0 1 0 0 0 0 0 252 0 0 78633 0 2
2081 0 0 1 0 0 0 0 0 0 1 0 0 0 0 0 252 0 0 78633 0 2
2082 0 0 1 0 0 0 0 0 0 1 0 0 0 0 0 252 0 0 78633 0 2
2083 0 0 1 0 0 0 0 0 1 0 1 1 0 0 0 252 0 0 78633 0 3
2084 1 1 1 0 0 0 0 0 1 0 0 0 0 0 0 0 0 0 0 0 0
2085 0 1 1 0 0 0 0 0 0 1 0 0 0 0 0 0 0 0 0 0 0
2086 0 0 1 0 0 0 0 0 0 1 0 0 0 0 0 0 0 0 0 0 0
2087 0 0 1 0 0 0 0 0 0 1 0 0 0 0 0 0 0 0 0 0 0
2088 0 0 1 0 0 0 0 0 1 0 1 1 0 0 0 0 0 0 78633 0 1
2089 0 1 1 0 0 58982 32768 8192 0 1 0 0 0 0 0 0 0 0 78633 0 1
2090 0 0 1 0 0 0 0 0 0 1 0 0 0 0 0 0 0 0 78633 0 1
2091 0 0 1 0 0 0 0 0 0 1 0 0 0 0 0 0 0 0 78633 0 1
2092 0 0 1 0 0 0 0 0 1 0 1 1 0 0 0 25 1 0 78633 0 2
2093 0 1 1 0 0 58982 32768 8192 0 1 0 0 0 0 0 25 1 0 78633 0 2
2094 0 0 1 0 0 0 0 0 0 1 0 0 0 0 0 25 1 0 78633 0 2
2095 0 0 1 0 0 0 0 0 0 1 0 0 0 0 0 25 1 0 78633 0 2
2096 0 0 1 0 0 0 0 0 1 0 1 1 0 0 0 25 1 0 78633 0 3
2097 0 1 1 0 0 58982 32768 8192 0 1 0 0 0 0 0 25 1 0 78633 0 3
2098 0 0 1 0 0 0 0 0 0 1 0 0 0 0 0 25 1 0 78633 0 3
2099 0 0 1 0 0 0 0 0 0 1 0 0 0 0 0 25 1 0 78633 0 3
2100 0 0 1 0 0 0 0 0 1 0 1 1 0 0 0 25 1 1 111894 1 1
2101 0 1 1 0 0 58982 32768 8192 0 1 0 0 0 0 0 25 1 1 111894 0 1
2102 0 0 1 0 0 0 0 0 0 1 0 0 0 0 0 25 1 1 111894 0 1
2103 0 0 1 0 0 0 0 0 0 1 0 0 0 0 0 25 1 1 111894 0 1
2104 0 0 1 0 0 0 0 0 1 0 1 1 0 0 0 25 1 1 111894 0 2
2105 0 1 1 0 0 58982 0 8192 0 1 0 0 0 0 0 25 1 1 111894 0 2
2106 0 0 1 0 0 0 0 0 0 1 0 0 0 0 0 25 1 1 111894 0 2
2107 0 0 1 0 0 0 0 0 0 1 0 0 0 0 0 25 1 1 111894 0 2
2108 0 0 1 0 0 0 0 0 1 0 1 1 0 0 0 17 2 1 111894 0 3
2109 0 1 1 0 0 58982 0 8192 0 1 0 0 0 0 0 17 2 1 111894 0 3
2110 0 0 1 0 0 0 0 0 0 1 0 0 0 0 0 17 2 1 111894 0 3
2111 0 0 1 0 0 0 0 0 0 1 0 0 0 0 0 17 2 1 111894 0 3
2112 0 0 1 0 0 0 0 0 1 0 1 1 0 0 0 17 2 2 82841 1 1
2113 0 1 1 1 0 58982 0 8192 0 1 0 0 0 0 0 17 2 2 82841 0 1
2114 0 0 1 0 0 0 0 0 0 1 0 0 0 0 0 17 2 2 82841 0 1
2115 0 0 1 0 0 0 0 0 0 1 0 0 0 0 0 17 2 2 82841 0 1
2116 0 0 1 0 0 0 0 0 1 0 1 1 0 0 1 17 2 2 82841 0 2
2117 0 1 1 0 16384 60948 32768 0 0 1 0 0 0 0 0 17 2 2 82841 0 2
2118 0 0 1 0 0 0 0 0 0 1 0 0 0 0 0 17 2 2 82841 0 2
2119 0 0 1 0 0 0 0 0 0 1 0 0 0 0 0 17 2 2 82841 0 2
2120 0 0 1 0 0 0 0 0 1 0 1 1 0 0 0 104 3 2 82841 0 3
2121 0 1 1 0 16384 60948 32768 0 0 1 0 0 0 0 0 104 3 2 82841 0 3
2122 0 0 1 0 0 0 0 0 0 1 0 0 0 0 0 104 3 2 82841 0 3
2123 0 0 1 0 0 0 0 0 0 1 0 0 0 0 0 104 3 2 82841 0 3
2124 0 0 1 0 0 0 0 0 1 0 1 1 0 0 0 104 3 3 41637 1 1
