--------------------------------------------------------------------------------
Release 14.7 Trace  (lin64)
Copyright (c) 1995-2013 Xilinx, Inc.  All rights reserved.

/mnt/xilinx-ise14.7/Xilinx/14.7/ISE_DS/ISE/bin/lin64/unwrapped/trce -v 10 -n 10
-s 2 -fastpaths p5_b2_routed.ncd -o p5_b2.twr p5_b2.pcf

Design file:              p5_b2_routed.ncd
Physical constraint file: p5_b2.pcf
Device,package,speed:     xc6slx16,csg324,C,-2 (PRODUCTION 1.23 2013-10-13)
Report level:             verbose report, limited to 10 items per endpoint, 10 endpoints per constraint

Environment Variable      Effect 
--------------------      ------ 
NONE                      No environment variables were set
--------------------------------------------------------------------------------

INFO:Timing:3412 - To improve timing, see the Timing Closure User Guide (UG612).
INFO:Timing:2752 - To get complete path coverage, use the unconstrained paths 
   option. All paths that are not constrained will be reported in the 
   unconstrained paths section(s) of the report.
INFO:Timing:3339 - The clock-to-out numbers in this timing report are based on 
   a 50 Ohm transmission line loading model.  For the details of this model, 
   and for more information on accounting for different loading conditions, 
   please see the device datasheet.

================================================================================
Timing constraint: TS_P5_B2_CLK = PERIOD TIMEGRP "P5_B2_CLK" 10 ns HIGH 50%;
For more information, see Period Analysis in the Timing Closure User Guide (UG612).

 14589 paths analyzed, 1091 endpoints analyzed, 0 failing endpoints
 0 timing errors detected. (0 setup errors, 0 hold errors, 0 component switching limit errors)
 Minimum period is   9.591ns.
--------------------------------------------------------------------------------

Paths for end point u_fdpe/decay_reg_13 (SLICE_X30Y40.C4), 438 paths
--------------------------------------------------------------------------------
Slack (setup path):     0.409ns (requirement - (data path - clock path skew + uncertainty))
  Source:               u_fdpe/Maddsub_delta_reg[16]_fraction_pipe_reg[6]_MuLt_12_OUT (DSP)
  Destination:          u_fdpe/decay_reg_13 (FF)
  Requirement:          10.000ns
  Data Path Delay:      9.543ns (Levels of Logic = 4)
  Clock Path Skew:      -0.013ns (0.325 - 0.338)
  Source Clock:         clk_100mhz_BUFGP rising at 0.000ns
  Destination Clock:    clk_100mhz_BUFGP rising at 10.000ns
  Clock Uncertainty:    0.035ns

  Clock Uncertainty:          0.035ns  ((TSJ^2 + TIJ^2)^1/2 + DJ) / 2 + PE
    Total System Jitter (TSJ):  0.070ns
    Total Input Jitter (TIJ):   0.000ns
    Discrete Jitter (DJ):       0.000ns
    Phase Error (PE):           0.000ns

  Maximum Data Path at Slow Process Corner: u_fdpe/Maddsub_delta_reg[16]_fraction_pipe_reg[6]_MuLt_12_OUT to u_fdpe/decay_reg_13
    Location             Delay type         Delay(ns)  Physical Resource
                                                       Logical Resource(s)
    -------------------------------------------------  -------------------
    DSP48_X1Y9.PCOUT12   Tdspcko_PCOUT_MREG    3.952   u_fdpe/Maddsub_delta_reg[16]_fraction_pipe_reg[6]_MuLt_12_OUT
                                                       u_fdpe/Maddsub_delta_reg[16]_fraction_pipe_reg[6]_MuLt_12_OUT
    DSP48_X1Y10.PCIN12   net (fanout=1)        0.059   u_fdpe/Maddsub_delta_reg[16]_fraction_pipe_reg[6]_MuLt_12_OUT_PCOUT_to_Madd_n01241_PCIN_12
    DSP48_X1Y10.P23      Tdspdo_PCIN_P         2.645   u_fdpe/Madd_n01241
                                                       u_fdpe/Madd_n01241
    SLICE_X30Y41.A2      net (fanout=1)        0.951   u_fdpe/n0124<23>
    SLICE_X30Y41.A       Tilo                  0.254   u_fdpe/_n02512
                                                       u_fdpe/_n02512
    SLICE_X33Y41.B5      net (fanout=1)        0.439   u_fdpe/_n02512
    SLICE_X33Y41.B       Tilo                  0.259   u_fdpe/decay_reg<0>
                                                       u_fdpe/_n02513
    SLICE_X30Y40.C4      net (fanout=16)       0.645   u_fdpe/_n0251
    SLICE_X30Y40.CLK     Tas                   0.339   u_fdpe/decay_reg<14>
                                                       u_fdpe/decay_reg_13_glue_set
                                                       u_fdpe/decay_reg_13
    -------------------------------------------------  ---------------------------
    Total                                      9.543ns (7.449ns logic, 2.094ns route)
                                                       (78.1% logic, 21.9% route)

--------------------------------------------------------------------------------
Slack (setup path):     0.409ns (requirement - (data path - clock path skew + uncertainty))
  Source:               u_fdpe/Maddsub_delta_reg[16]_fraction_pipe_reg[6]_MuLt_12_OUT (DSP)
  Destination:          u_fdpe/decay_reg_13 (FF)
  Requirement:          10.000ns
  Data Path Delay:      9.543ns (Levels of Logic = 4)
  Clock Path Skew:      -0.013ns (0.325 - 0.338)
  Source Clock:         clk_100mhz_BUFGP rising at 0.000ns
  Destination Clock:    clk_100mhz_BUFGP rising at 10.000ns
  Clock Uncertainty:    0.035ns

  Clock Uncertainty:          0.035ns  ((TSJ^2 + TIJ^2)^1/2 + DJ) / 2 + PE
    Total System Jitter (TSJ):  0.070ns
    Total Input Jitter (TIJ):   0.000ns
    Discrete Jitter (DJ):       0.000ns
    Phase Error (PE):           0.000ns

  Maximum Data Path at Slow Process Corner: u_fdpe/Maddsub_delta_reg[16]_fraction_pipe_reg[6]_MuLt_12_OUT to u_fdpe/decay_reg_13
    Location             Delay type         Delay(ns)  Physical Resource
                                                       Logical Resource(s)
    -------------------------------------------------  -------------------
    DSP48_X1Y9.PCOUT15   Tdspcko_PCOUT_MREG    3.952   u_fdpe/Maddsub_delta_reg[16]_fraction_pipe_reg[6]_MuLt_12_OUT
                                                       u_fdpe/Maddsub_delta_reg[16]_fraction_pipe_reg[6]_MuLt_12_OUT
    DSP48_X1Y10.PCIN15   net (fanout=1)        0.059   u_fdpe/Maddsub_delta_reg[16]_fraction_pipe_reg[6]_MuLt_12_OUT_PCOUT_to_Madd_n01241_PCIN_15
    DSP48_X1Y10.P23      Tdspdo_PCIN_P         2.645   u_fdpe/Madd_n01241
                                                       u_fdpe/Madd_n01241
    SLICE_X30Y41.A2      net (fanout=1)        0.951   u_fdpe/n0124<23>
    SLICE_X30Y41.A       Tilo                  0.254   u_fdpe/_n02512
                                                       u_fdpe/_n02512
    SLICE_X33Y41.B5      net (fanout=1)        0.439   u_fdpe/_n02512
    SLICE_X33Y41.B       Tilo                  0.259   u_fdpe/decay_reg<0>
                                                       u_fdpe/_n02513
    SLICE_X30Y40.C4      net (fanout=16)       0.645   u_fdpe/_n0251
    SLICE_X30Y40.CLK     Tas                   0.339   u_fdpe/decay_reg<14>
                                                       u_fdpe/decay_reg_13_glue_set
                                                       u_fdpe/decay_reg_13
    -------------------------------------------------  ---------------------------
    Total                                      9.543ns (7.449ns logic, 2.094ns route)
                                                       (78.1% logic, 21.9% route)

--------------------------------------------------------------------------------
Slack (setup path):     0.409ns (requirement - (data path - clock path skew + uncertainty))
  Source:               u_fdpe/Maddsub_delta_reg[16]_fraction_pipe_reg[6]_MuLt_12_OUT (DSP)
  Destination:          u_fdpe/decay_reg_13 (FF)
  Requirement:          10.000ns
  Data Path Delay:      9.543ns (Levels of Logic = 4)
  Clock Path Skew:      -0.013ns (0.325 - 0.338)
  Source Clock:         clk_100mhz_BUFGP rising at 0.000ns
  Destination Clock:    clk_100mhz_BUFGP rising at 10.000ns
  Clock Uncertainty:    0.035ns

  Clock Uncertainty:          0.035ns  ((TSJ^2 + TIJ^2)^1/2 + DJ) / 2 + PE
    Total System Jitter (TSJ):  0.070ns
    Total Input Jitter (TIJ):   0.000ns
    Discrete Jitter (DJ):       0.000ns
    Phase Error (PE):           0.000ns

  Maximum Data Path at Slow Process Corner: u_fdpe/Maddsub_delta_reg[16]_fraction_pipe_reg[6]_MuLt_12_OUT to u_fdpe/decay_reg_13
    Location             Delay type         Delay(ns)  Physical Resource
                                                       Logical Resource(s)
    -------------------------------------------------  -------------------
    DSP48_X1Y9.PCOUT14   Tdspcko_PCOUT_MREG    3.952   u_fdpe/Maddsub_delta_reg[16]_fraction_pipe_reg[6]_MuLt_12_OUT
                                                       u_fdpe/Maddsub_delta_reg[16]_fraction_pipe_reg[6]_MuLt_12_OUT
    DSP48_X1Y10.PCIN14   net (fanout=1)        0.059   u_fdpe/Maddsub_delta_reg[16]_fraction_pipe_reg[6]_MuLt_12_OUT_PCOUT_to_Madd_n01241_PCIN_14
    DSP48_X1Y10.P23      Tdspdo_PCIN_P         2.645   u_fdpe/Madd_n01241
                                                       u_fdpe/Madd_n01241
    SLICE_X30Y41.A2      net (fanout=1)        0.951   u_fdpe/n0124<23>
    SLICE_X30Y41.A       Tilo                  0.254   u_fdpe/_n02512
                                                       u_fdpe/_n02512
    SLICE_X33Y41.B5      net (fanout=1)        0.439   u_fdpe/_n02512
    SLICE_X33Y41.B       Tilo                  0.259   u_fdpe/decay_reg<0>
                                                       u_fdpe/_n02513
    SLICE_X30Y40.C4      net (fanout=16)       0.645   u_fdpe/_n0251
    SLICE_X30Y40.CLK     Tas                   0.339   u_fdpe/decay_reg<14>
                                                       u_fdpe/decay_reg_13_glue_set
                                                       u_fdpe/decay_reg_13
    -------------------------------------------------  ---------------------------
    Total                                      9.543ns (7.449ns logic, 2.094ns route)
                                                       (78.1% logic, 21.9% route)

--------------------------------------------------------------------------------
Slack (setup path):     0.409ns (requirement - (data path - clock path skew + uncertainty))
  Source:               u_fdpe/Maddsub_delta_reg[16]_fraction_pipe_reg[6]_MuLt_12_OUT (DSP)
  Destination:          u_fdpe/decay_reg_13 (FF)
  Requirement:          10.000ns
  Data Path Delay:      9.543ns (Levels of Logic = 4)
  Clock Path Skew:      -0.013ns (0.325 - 0.338)
  Source Clock:         clk_100mhz_BUFGP rising at 0.000ns
  Destination Clock:    clk_100mhz_BUFGP rising at 10.000ns
  Clock Uncertainty:    0.035ns

  Clock Uncertainty:          0.035ns  ((TSJ^2 + TIJ^2)^1/2 + DJ) / 2 + PE
    Total System Jitter (TSJ):  0.070ns
    Total Input Jitter (TIJ):   0.000ns
    Discrete Jitter (DJ):       0.000ns
    Phase Error (PE):           0.000ns

  Maximum Data Path at Slow Process Corner: u_fdpe/Maddsub_delta_reg[16]_fraction_pipe_reg[6]_MuLt_12_OUT to u_fdpe/decay_reg_13
    Location             Delay type         Delay(ns)  Physical Resource
                                                       Logical Resource(s)
    -------------------------------------------------  -------------------
    DSP48_X1Y9.PCOUT13   Tdspcko_PCOUT_MREG    3.952   u_fdpe/Maddsub_delta_reg[16]_fraction_pipe_reg[6]_MuLt_12_OUT
                                                       u_fdpe/Maddsub_delta_reg[16]_fraction_pipe_reg[6]_MuLt_12_OUT
    DSP48_X1Y10.PCIN13   net (fanout=1)        0.059   u_fdpe/Maddsub_delta_reg[16]_fraction_pipe_reg[6]_MuLt_12_OUT_PCOUT_to_Madd_n01241_PCIN_13
    DSP48_X1Y10.P23      Tdspdo_PCIN_P         2.645   u_fdpe/Madd_n01241
                                                       u_fdpe/Madd_n01241
    SLICE_X30Y41.A2      net (fanout=1)        0.951   u_fdpe/n0124<23>
    SLICE_X30Y41.A       Tilo                  0.254   u_fdpe/_n02512
                                                       u_fdpe/_n02512
    SLICE_X33Y41.B5      net (fanout=1)        0.439   u_fdpe/_n02512
    SLICE_X33Y41.B       Tilo                  0.259   u_fdpe/decay_reg<0>
                                                       u_fdpe/_n02513
    SLICE_X30Y40.C4      net (fanout=16)       0.645   u_fdpe/_n0251
    SLICE_X30Y40.CLK     Tas                   0.339   u_fdpe/decay_reg<14>
                                                       u_fdpe/decay_reg_13_glue_set
                                                       u_fdpe/decay_reg_13
    -------------------------------------------------  ---------------------------
    Total                                      9.543ns (7.449ns logic, 2.094ns route)
                                                       (78.1% logic, 21.9% route)

--------------------------------------------------------------------------------
Slack (setup path):     0.409ns (requirement - (data path - clock path skew + uncertainty))
  Source:               u_fdpe/Maddsub_delta_reg[16]_fraction_pipe_reg[6]_MuLt_12_OUT (DSP)
  Destination:          u_fdpe/decay_reg_13 (FF)
  Requirement:          10.000ns
  Data Path Delay:      9.543ns (Levels of Logic = 4)
  Clock Path Skew:      -0.013ns (0.325 - 0.338)
  Source Clock:         clk_100mhz_BUFGP rising at 0.000ns
  Destination Clock:    clk_100mhz_BUFGP rising at 10.000ns
  Clock Uncertainty:    0.035ns

  Clock Uncertainty:          0.035ns  ((TSJ^2 + TIJ^2)^1/2 + DJ) / 2 + PE
    Total System Jitter (TSJ):  0.070ns
    Total Input Jitter (TIJ):   0.000ns
    Discrete Jitter (DJ):       0.000ns
    Phase Error (PE):           0.000ns

  Maximum Data Path at Slow Process Corner: u_fdpe/Maddsub_delta_reg[16]_fraction_pipe_reg[6]_MuLt_12_OUT to u_fdpe/decay_reg_13
    Location             Delay type         Delay(ns)  Physical Resource
                                                       Logical Resource(s)
    -------------------------------------------------  -------------------
    DSP48_X1Y9.PCOUT9    Tdspcko_PCOUT_MREG    3.952   u_fdpe/Maddsub_delta_reg[16]_fraction_pipe_reg[6]_MuLt_12_OUT
                                                       u_fdpe/Maddsub_delta_reg[16]_fraction_pipe_reg[6]_MuLt_12_OUT
    DSP48_X1Y10.PCIN9    net (fanout=1)        0.059   u_fdpe/Maddsub_delta_reg[16]_fraction_pipe_reg[6]_MuLt_12_OUT_PCOUT_to_Madd_n01241_PCIN_9
    DSP48_X1Y10.P23      Tdspdo_PCIN_P         2.645   u_fdpe/Madd_n01241
                                                       u_fdpe/Madd_n01241
    SLICE_X30Y41.A2      net (fanout=1)        0.951   u_fdpe/n0124<23>
    SLICE_X30Y41.A       Tilo                  0.254   u_fdpe/_n02512
                                                       u_fdpe/_n02512
    SLICE_X33Y41.B5      net (fanout=1)        0.439   u_fdpe/_n02512
    SLICE_X33Y41.B       Tilo                  0.259   u_fdpe/decay_reg<0>
                                                       u_fdpe/_n02513
    SLICE_X30Y40.C4      net (fanout=16)       0.645   u_fdpe/_n0251
    SLICE_X30Y40.CLK     Tas                   0.339   u_fdpe/decay_reg<14>
                                                       u_fdpe/decay_reg_13_glue_set
                                                       u_fdpe/decay_reg_13
    -------------------------------------------------  ---------------------------
    Total                                      9.543ns (7.449ns logic, 2.094ns route)
                                                       (78.1% logic, 21.9% route)

--------------------------------------------------------------------------------
Slack (setup path):     0.409ns (requirement - (data path - clock path skew + uncertainty))
  Source:               u_fdpe/Maddsub_delta_reg[16]_fraction_pipe_reg[6]_MuLt_12_OUT (DSP)
  Destination:          u_fdpe/decay_reg_13 (FF)
  Requirement:          10.000ns
  Data Path Delay:      9.543ns (Levels of Logic = 4)
  Clock Path Skew:      -0.013ns (0.325 - 0.338)
  Source Clock:         clk_100mhz_BUFGP rising at 0.000ns
  Destination Clock:    clk_100mhz_BUFGP rising at 10.000ns
  Clock Uncertainty:    0.035ns

  Clock Uncertainty:          0.035ns  ((TSJ^2 + TIJ^2)^1/2 + DJ) / 2 + PE
    Total System Jitter (TSJ):  0.070ns
    Total Input Jitter (TIJ):   0.000ns
    Discrete Jitter (DJ):       0.000ns
    Phase Error (PE):           0.000ns

  Maximum Data Path at Slow Process Corner: u_fdpe/Maddsub_delta_reg[16]_fraction_pipe_reg[6]_MuLt_12_OUT to u_fdpe/decay_reg_13
    Location             Delay type         Delay(ns)  Physical Resource
                                                       Logical Resource(s)
    -------------------------------------------------  -------------------
    DSP48_X1Y9.PCOUT11   Tdspcko_PCOUT_MREG    3.952   u_fdpe/Maddsub_delta_reg[16]_fraction_pipe_reg[6]_MuLt_12_OUT
                                                       u_fdpe/Maddsub_delta_reg[16]_fraction_pipe_reg[6]_MuLt_12_OUT
    DSP48_X1Y10.PCIN11   net (fanout=1)        0.059   u_fdpe/Maddsub_delta_reg[16]_fraction_pipe_reg[6]_MuLt_12_OUT_PCOUT_to_Madd_n01241_PCIN_11
    DSP48_X1Y10.P23      Tdspdo_PCIN_P         2.645   u_fdpe/Madd_n01241
                                                       u_fdpe/Madd_n01241
    SLICE_X30Y41.A2      net (fanout=1)        0.951   u_fdpe/n0124<23>
    SLICE_X30Y41.A       Tilo                  0.254   u_fdpe/_n02512
                                                       u_fdpe/_n02512
    SLICE_X33Y41.B5      net (fanout=1)        0.439   u_fdpe/_n02512
    SLICE_X33Y41.B       Tilo                  0.259   u_fdpe/decay_reg<0>
                                                       u_fdpe/_n02513
    SLICE_X30Y40.C4      net (fanout=16)       0.645   u_fdpe/_n0251
    SLICE_X30Y40.CLK     Tas                   0.339   u_fdpe/decay_reg<14>
                                                       u_fdpe/decay_reg_13_glue_set
                                                       u_fdpe/decay_reg_13
    -------------------------------------------------  ---------------------------
    Total                                      9.543ns (7.449ns logic, 2.094ns route)
                                                       (78.1% logic, 21.9% route)

--------------------------------------------------------------------------------
Slack (setup path):     0.409ns (requirement - (data path - clock path skew + uncertainty))
  Source:               u_fdpe/Maddsub_delta_reg[16]_fraction_pipe_reg[6]_MuLt_12_OUT (DSP)
  Destination:          u_fdpe/decay_reg_13 (FF)
  Requirement:          10.000ns
  Data Path Delay:      9.543ns (Levels of Logic = 4)
  Clock Path Skew:      -0.013ns (0.325 - 0.338)
  Source Clock:         clk_100mhz_BUFGP rising at 0.000ns
  Destination Clock:    clk_100mhz_BUFGP rising at 10.000ns
  Clock Uncertainty:    0.035ns

  Clock Uncertainty:          0.035ns  ((TSJ^2 + TIJ^2)^1/2 + DJ) / 2 + PE
    Total System Jitter (TSJ):  0.070ns
    Total Input Jitter (TIJ):   0.000ns
    Discrete Jitter (DJ):       0.000ns
    Phase Error (PE):           0.000ns

  Maximum Data Path at Slow Process Corner: u_fdpe/Maddsub_delta_reg[16]_fraction_pipe_reg[6]_MuLt_12_OUT to u_fdpe/decay_reg_13
    Location             Delay type         Delay(ns)  Physical Resource
                                                       Logical Resource(s)
    -------------------------------------------------  -------------------
    DSP48_X1Y9.PCOUT10   Tdspcko_PCOUT_MREG    3.952   u_fdpe/Maddsub_delta_reg[16]_fraction_pipe_reg[6]_MuLt_12_OUT
                                                       u_fdpe/Maddsub_delta_reg[16]_fraction_pipe_reg[6]_MuLt_12_OUT
    DSP48_X1Y10.PCIN10   net (fanout=1)        0.059   u_fdpe/Maddsub_delta_reg[16]_fraction_pipe_reg[6]_MuLt_12_OUT_PCOUT_to_Madd_n01241_PCIN_10
    DSP48_X1Y10.P23      Tdspdo_PCIN_P         2.645   u_fdpe/Madd_n01241
                                                       u_fdpe/Madd_n01241
    SLICE_X30Y41.A2      net (fanout=1)        0.951   u_fdpe/n0124<23>
    SLICE_X30Y41.A       Tilo                  0.254   u_fdpe/_n02512
                                                       u_fdpe/_n02512
    SLICE_X33Y41.B5      net (fanout=1)        0.439   u_fdpe/_n02512
    SLICE_X33Y41.B       Tilo                  0.259   u_fdpe/decay_reg<0>
                                                       u_fdpe/_n02513
    SLICE_X30Y40.C4      net (fanout=16)       0.645   u_fdpe/_n0251
    SLICE_X30Y40.CLK     Tas                   0.339   u_fdpe/decay_reg<14>
                                                       u_fdpe/decay_reg_13_glue_set
                                                       u_fdpe/decay_reg_13
    -------------------------------------------------  ---------------------------
    Total                                      9.543ns (7.449ns logic, 2.094ns route)
                                                       (78.1% logic, 21.9% route)

--------------------------------------------------------------------------------
Slack (setup path):     0.409ns (requirement - (data path - clock path skew + uncertainty))
  Source:               u_fdpe/Maddsub_delta_reg[16]_fraction_pipe_reg[6]_MuLt_12_OUT (DSP)
  Destination:          u_fdpe/decay_reg_13 (FF)
  Requirement:          10.000ns
  Data Path Delay:      9.543ns (Levels of Logic = 4)
  Clock Path Skew:      -0.013ns (0.325 - 0.338)
  Source Clock:         clk_100mhz_BUFGP rising at 0.000ns
  Destination Clock:    clk_100mhz_BUFGP rising at 10.000ns
  Clock Uncertainty:    0.035ns

  Clock Uncertainty:          0.035ns  ((TSJ^2 + TIJ^2)^1/2 + DJ) / 2 + PE
    Total System Jitter (TSJ):  0.070ns
    Total Input Jitter (TIJ):   0.000ns
    Discrete Jitter (DJ):       0.000ns
    Phase Error (PE):           0.000ns

  Maximum Data Path at Slow Process Corner: u_fdpe/Maddsub_delta_reg[16]_fraction_pipe_reg[6]_MuLt_12_OUT to u_fdpe/decay_reg_13
    Location             Delay type         Delay(ns)  Physical Resource
                                                       Logical Resource(s)
    -------------------------------------------------  -------------------
    DSP48_X1Y9.PCOUT1    Tdspcko_PCOUT_MREG    3.952   u_fdpe/Maddsub_delta_reg[16]_fraction_pipe_reg[6]_MuLt_12_OUT
                                                       u_fdpe/Maddsub_delta_reg[16]_fraction_pipe_reg[6]_MuLt_12_OUT
    DSP48_X1Y10.PCIN1    net (fanout=1)        0.059   u_fdpe/Maddsub_delta_reg[16]_fraction_pipe_reg[6]_MuLt_12_OUT_PCOUT_to_Madd_n01241_PCIN_1
    DSP48_X1Y10.P23      Tdspdo_PCIN_P         2.645   u_fdpe/Madd_n01241
                                                       u_fdpe/Madd_n01241
    SLICE_X30Y41.A2      net (fanout=1)        0.951   u_fdpe/n0124<23>
    SLICE_X30Y41.A       Tilo                  0.254   u_fdpe/_n02512
                                                       u_fdpe/_n02512
    SLICE_X33Y41.B5      net (fanout=1)        0.439   u_fdpe/_n02512
    SLICE_X33Y41.B       Tilo                  0.259   u_fdpe/decay_reg<0>
                                                       u_fdpe/_n02513
    SLICE_X30Y40.C4      net (fanout=16)       0.645   u_fdpe/_n0251
    SLICE_X30Y40.CLK     Tas                   0.339   u_fdpe/decay_reg<14>
                                                       u_fdpe/decay_reg_13_glue_set
                                                       u_fdpe/decay_reg_13
    -------------------------------------------------  ---------------------------
    Total                                      9.543ns (7.449ns logic, 2.094ns route)
                                                       (78.1% logic, 21.9% route)

--------------------------------------------------------------------------------
Slack (setup path):     0.409ns (requirement - (data path - clock path skew + uncertainty))
  Source:               u_fdpe/Maddsub_delta_reg[16]_fraction_pipe_reg[6]_MuLt_12_OUT (DSP)
  Destination:          u_fdpe/decay_reg_13 (FF)
  Requirement:          10.000ns
  Data Path Delay:      9.543ns (Levels of Logic = 4)
  Clock Path Skew:      -0.013ns (0.325 - 0.338)
  Source Clock:         clk_100mhz_BUFGP rising at 0.000ns
  Destination Clock:    clk_100mhz_BUFGP rising at 10.000ns
  Clock Uncertainty:    0.035ns

  Clock Uncertainty:          0.035ns  ((TSJ^2 + TIJ^2)^1/2 + DJ) / 2 + PE
    Total System Jitter (TSJ):  0.070ns
    Total Input Jitter (TIJ):   0.000ns
    Discrete Jitter (DJ):       0.000ns
    Phase Error (PE):           0.000ns

  Maximum Data Path at Slow Process Corner: u_fdpe/Maddsub_delta_reg[16]_fraction_pipe_reg[6]_MuLt_12_OUT to u_fdpe/decay_reg_13
    Location             Delay type         Delay(ns)  Physical Resource
                                                       Logical Resource(s)
    -------------------------------------------------  -------------------
    DSP48_X1Y9.PCOUT0    Tdspcko_PCOUT_MREG    3.952   u_fdpe/Maddsub_delta_reg[16]_fraction_pipe_reg[6]_MuLt_12_OUT
                                                       u_fdpe/Maddsub_delta_reg[16]_fraction_pipe_reg[6]_MuLt_12_OUT
    DSP48_X1Y10.PCIN0    net (fanout=1)        0.059   u_fdpe/Maddsub_delta_reg[16]_fraction_pipe_reg[6]_MuLt_12_OUT_PCOUT_to_Madd_n01241_PCIN_0
    DSP48_X1Y10.P23      Tdspdo_PCIN_P         2.645   u_fdpe/Madd_n01241
                                                       u_fdpe/Madd_n01241
    SLICE_X30Y41.A2      net (fanout=1)        0.951   u_fdpe/n0124<23>
    SLICE_X30Y41.A       Tilo                  0.254   u_fdpe/_n02512
                                                       u_fdpe/_n02512
    SLICE_X33Y41.B5      net (fanout=1)        0.439   u_fdpe/_n02512
    SLICE_X33Y41.B       Tilo                  0.259   u_fdpe/decay_reg<0>
                                                       u_fdpe/_n02513
    SLICE_X30Y40.C4      net (fanout=16)       0.645   u_fdpe/_n0251
    SLICE_X30Y40.CLK     Tas                   0.339   u_fdpe/decay_reg<14>
                                                       u_fdpe/decay_reg_13_glue_set
                                                       u_fdpe/decay_reg_13
    -------------------------------------------------  ---------------------------
    Total                                      9.543ns (7.449ns logic, 2.094ns route)
                                                       (78.1% logic, 21.9% route)

--------------------------------------------------------------------------------
Slack (setup path):     0.409ns (requirement - (data path - clock path skew + uncertainty))
  Source:               u_fdpe/Maddsub_delta_reg[16]_fraction_pipe_reg[6]_MuLt_12_OUT (DSP)
  Destination:          u_fdpe/decay_reg_13 (FF)
  Requirement:          10.000ns
  Data Path Delay:      9.543ns (Levels of Logic = 4)
  Clock Path Skew:      -0.013ns (0.325 - 0.338)
  Source Clock:         clk_100mhz_BUFGP rising at 0.000ns
  Destination Clock:    clk_100mhz_BUFGP rising at 10.000ns
  Clock Uncertainty:    0.035ns

  Clock Uncertainty:          0.035ns  ((TSJ^2 + TIJ^2)^1/2 + DJ) / 2 + PE
    Total System Jitter (TSJ):  0.070ns
    Total Input Jitter (TIJ):   0.000ns
    Discrete Jitter (DJ):       0.000ns
    Phase Error (PE):           0.000ns

  Maximum Data Path at Slow Process Corner: u_fdpe/Maddsub_delta_reg[16]_fraction_pipe_reg[6]_MuLt_12_OUT to u_fdpe/decay_reg_13
    Location             Delay type         Delay(ns)  Physical Resource
                                                       Logical Resource(s)
    -------------------------------------------------  -------------------
    DSP48_X1Y9.PCOUT16   Tdspcko_PCOUT_MREG    3.952   u_fdpe/Maddsub_delta_reg[16]_fraction_pipe_reg[6]_MuLt_12_OUT
                                                       u_fdpe/Maddsub_delta_reg[16]_fraction_pipe_reg[6]_MuLt_12_OUT
    DSP48_X1Y10.PCIN16   net (fanout=1)        0.059   u_fdpe/Maddsub_delta_reg[16]_fraction_pipe_reg[6]_MuLt_12_OUT_PCOUT_to_Madd_n01241_PCIN_16
    DSP48_X1Y10.P23      Tdspdo_PCIN_P         2.645   u_fdpe/Madd_n01241
                                                       u_fdpe/Madd_n01241
    SLICE_X30Y41.A2      net (fanout=1)        0.951   u_fdpe/n0124<23>
    SLICE_X30Y41.A       Tilo                  0.254   u_fdpe/_n02512
                                                       u_fdpe/_n02512
    SLICE_X33Y41.B5      net (fanout=1)        0.439   u_fdpe/_n02512
    SLICE_X33Y41.B       Tilo                  0.259   u_fdpe/decay_reg<0>
                                                       u_fdpe/_n02513
    SLICE_X30Y40.C4      net (fanout=16)       0.645   u_fdpe/_n0251
    SLICE_X30Y40.CLK     Tas                   0.339   u_fdpe/decay_reg<14>
                                                       u_fdpe/decay_reg_13_glue_set
                                                       u_fdpe/decay_reg_13
    -------------------------------------------------  ---------------------------
    Total                                      9.543ns (7.449ns logic, 2.094ns route)
                                                       (78.1% logic, 21.9% route)

--------------------------------------------------------------------------------

Paths for end point u_fdpe/decay_reg_4 (SLICE_X31Y40.B5), 438 paths
--------------------------------------------------------------------------------
Slack (setup path):     0.470ns (requirement - (data path - clock path skew + uncertainty))
  Source:               u_fdpe/Maddsub_delta_reg[16]_fraction_pipe_reg[6]_MuLt_12_OUT (DSP)
  Destination:          u_fdpe/decay_reg_4 (FF)
  Requirement:          10.000ns
  Data Path Delay:      9.482ns (Levels of Logic = 4)
  Clock Path Skew:      -0.013ns (0.325 - 0.338)
  Source Clock:         clk_100mhz_BUFGP rising at 0.000ns
  Destination Clock:    clk_100mhz_BUFGP rising at 10.000ns
  Clock Uncertainty:    0.035ns

  Clock Uncertainty:          0.035ns  ((TSJ^2 + TIJ^2)^1/2 + DJ) / 2 + PE
    Total System Jitter (TSJ):  0.070ns
    Total Input Jitter (TIJ):   0.000ns
    Discrete Jitter (DJ):       0.000ns
    Phase Error (PE):           0.000ns

  Maximum Data Path at Slow Process Corner: u_fdpe/Maddsub_delta_reg[16]_fraction_pipe_reg[6]_MuLt_12_OUT to u_fdpe/decay_reg_4
    Location             Delay type         Delay(ns)  Physical Resource
                                                       Logical Resource(s)
    -------------------------------------------------  -------------------
    DSP48_X1Y9.PCOUT12   Tdspcko_PCOUT_MREG    3.952   u_fdpe/Maddsub_delta_reg[16]_fraction_pipe_reg[6]_MuLt_12_OUT
                                                       u_fdpe/Maddsub_delta_reg[16]_fraction_pipe_reg[6]_MuLt_12_OUT
    DSP48_X1Y10.PCIN12   net (fanout=1)        0.059   u_fdpe/Maddsub_delta_reg[16]_fraction_pipe_reg[6]_MuLt_12_OUT_PCOUT_to_Madd_n01241_PCIN_12
    DSP48_X1Y10.P23      Tdspdo_PCIN_P         2.645   u_fdpe/Madd_n01241
                                                       u_fdpe/Madd_n01241
    SLICE_X30Y41.A2      net (fanout=1)        0.951   u_fdpe/n0124<23>
    SLICE_X30Y41.A       Tilo                  0.254   u_fdpe/_n02512
                                                       u_fdpe/_n02512
    SLICE_X33Y41.B5      net (fanout=1)        0.439   u_fdpe/_n02512
    SLICE_X33Y41.B       Tilo                  0.259   u_fdpe/decay_reg<0>
                                                       u_fdpe/_n02513
    SLICE_X31Y40.B5      net (fanout=16)       0.550   u_fdpe/_n0251
    SLICE_X31Y40.CLK     Tas                   0.373   u_fdpe/decay_reg<5>
                                                       u_fdpe/decay_reg_4_glue_set
                                                       u_fdpe/decay_reg_4
    -------------------------------------------------  ---------------------------
    Total                                      9.482ns (7.483ns logic, 1.999ns route)
                                                       (78.9% logic, 21.1% route)

--------------------------------------------------------------------------------
Slack (setup path):     0.470ns (requirement - (data path - clock path skew + uncertainty))
  Source:               u_fdpe/Maddsub_delta_reg[16]_fraction_pipe_reg[6]_MuLt_12_OUT (DSP)
  Destination:          u_fdpe/decay_reg_4 (FF)
  Requirement:          10.000ns
  Data Path Delay:      9.482ns (Levels of Logic = 4)
  Clock Path Skew:      -0.013ns (0.325 - 0.338)
  Source Clock:         clk_100mhz_BUFGP rising at 0.000ns
  Destination Clock:    clk_100mhz_BUFGP rising at 10.000ns
  Clock Uncertainty:    0.035ns

  Clock Uncertainty:          0.035ns  ((TSJ^2 + TIJ^2)^1/2 + DJ) / 2 + PE
    Total System Jitter (TSJ):  0.070ns
    Total Input Jitter (TIJ):   0.000ns
    Discrete Jitter (DJ):       0.000ns
    Phase Error (PE):           0.000ns

  Maximum Data Path at Slow Process Corner: u_fdpe/Maddsub_delta_reg[16]_fraction_pipe_reg[6]_MuLt_12_OUT to u_fdpe/decay_reg_4
    Location             Delay type         Delay(ns)  Physical Resource
                                                       Logical Resource(s)
    -------------------------------------------------  -------------------
    DSP48_X1Y9.PCOUT15   Tdspcko_PCOUT_MREG    3.952   u_fdpe/Maddsub_delta_reg[16]_fraction_pipe_reg[6]_MuLt_12_OUT
                                                       u_fdpe/Maddsub_delta_reg[16]_fraction_pipe_reg[6]_MuLt_12_OUT
    DSP48_X1Y10.PCIN15   net (fanout=1)        0.059   u_fdpe/Maddsub_delta_reg[16]_fraction_pipe_reg[6]_MuLt_12_OUT_PCOUT_to_Madd_n01241_PCIN_15
    DSP48_X1Y10.P23      Tdspdo_PCIN_P         2.645   u_fdpe/Madd_n01241
                                                       u_fdpe/Madd_n01241
    SLICE_X30Y41.A2      net (fanout=1)        0.951   u_fdpe/n0124<23>
    SLICE_X30Y41.A       Tilo                  0.254   u_fdpe/_n02512
                                                       u_fdpe/_n02512
    SLICE_X33Y41.B5      net (fanout=1)        0.439   u_fdpe/_n02512
    SLICE_X33Y41.B       Tilo                  0.259   u_fdpe/decay_reg<0>
                                                       u_fdpe/_n02513
    SLICE_X31Y40.B5      net (fanout=16)       0.550   u_fdpe/_n0251
    SLICE_X31Y40.CLK     Tas                   0.373   u_fdpe/decay_reg<5>
                                                       u_fdpe/decay_reg_4_glue_set
                                                       u_fdpe/decay_reg_4
    -------------------------------------------------  ---------------------------
    Total                                      9.482ns (7.483ns logic, 1.999ns route)
                                                       (78.9% logic, 21.1% route)

--------------------------------------------------------------------------------
Slack (setup path):     0.470ns (requirement - (data path - clock path skew + uncertainty))
  Source:               u_fdpe/Maddsub_delta_reg[16]_fraction_pipe_reg[6]_MuLt_12_OUT (DSP)
  Destination:          u_fdpe/decay_reg_4 (FF)
  Requirement:          10.000ns
  Data Path Delay:      9.482ns (Levels of Logic = 4)
  Clock Path Skew:      -0.013ns (0.325 - 0.338)
  Source Clock:         clk_100mhz_BUFGP rising at 0.000ns
  Destination Clock:    clk_100mhz_BUFGP rising at 10.000ns
  Clock Uncertainty:    0.035ns

  Clock Uncertainty:          0.035ns  ((TSJ^2 + TIJ^2)^1/2 + DJ) / 2 + PE
    Total System Jitter (TSJ):  0.070ns
    Total Input Jitter (TIJ):   0.000ns
    Discrete Jitter (DJ):       0.000ns
    Phase Error (PE):           0.000ns

  Maximum Data Path at Slow Process Corner: u_fdpe/Maddsub_delta_reg[16]_fraction_pipe_reg[6]_MuLt_12_OUT to u_fdpe/decay_reg_4
    Location             Delay type         Delay(ns)  Physical Resource
                                                       Logical Resource(s)
    -------------------------------------------------  -------------------
    DSP48_X1Y9.PCOUT14   Tdspcko_PCOUT_MREG    3.952   u_fdpe/Maddsub_delta_reg[16]_fraction_pipe_reg[6]_MuLt_12_OUT
                                                       u_fdpe/Maddsub_delta_reg[16]_fraction_pipe_reg[6]_MuLt_12_OUT
    DSP48_X1Y10.PCIN14   net (fanout=1)        0.059   u_fdpe/Maddsub_delta_reg[16]_fraction_pipe_reg[6]_MuLt_12_OUT_PCOUT_to_Madd_n01241_PCIN_14
    DSP48_X1Y10.P23      Tdspdo_PCIN_P         2.645   u_fdpe/Madd_n01241
                                                       u_fdpe/Madd_n01241
    SLICE_X30Y41.A2      net (fanout=1)        0.951   u_fdpe/n0124<23>
    SLICE_X30Y41.A       Tilo                  0.254   u_fdpe/_n02512
                                                       u_fdpe/_n02512
    SLICE_X33Y41.B5      net (fanout=1)        0.439   u_fdpe/_n02512
    SLICE_X33Y41.B       Tilo                  0.259   u_fdpe/decay_reg<0>
                                                       u_fdpe/_n02513
    SLICE_X31Y40.B5      net (fanout=16)       0.550   u_fdpe/_n0251
    SLICE_X31Y40.CLK     Tas                   0.373   u_fdpe/decay_reg<5>
                                                       u_fdpe/decay_reg_4_glue_set
                                                       u_fdpe/decay_reg_4
    -------------------------------------------------  ---------------------------
    Total                                      9.482ns (7.483ns logic, 1.999ns route)
                                                       (78.9% logic, 21.1% route)

--------------------------------------------------------------------------------
Slack (setup path):     0.470ns (requirement - (data path - clock path skew + uncertainty))
  Source:               u_fdpe/Maddsub_delta_reg[16]_fraction_pipe_reg[6]_MuLt_12_OUT (DSP)
  Destination:          u_fdpe/decay_reg_4 (FF)
  Requirement:          10.000ns
  Data Path Delay:      9.482ns (Levels of Logic = 4)
  Clock Path Skew:      -0.013ns (0.325 - 0.338)
  Source Clock:         clk_100mhz_BUFGP rising at 0.000ns
  Destination Clock:    clk_100mhz_BUFGP rising at 10.000ns
  Clock Uncertainty:    0.035ns

  Clock Uncertainty:          0.035ns  ((TSJ^2 + TIJ^2)^1/2 + DJ) / 2 + PE
    Total System Jitter (TSJ):  0.070ns
    Total Input Jitter (TIJ):   0.000ns
    Discrete Jitter (DJ):       0.000ns
    Phase Error (PE):           0.000ns

  Maximum Data Path at Slow Process Corner: u_fdpe/Maddsub_delta_reg[16]_fraction_pipe_reg[6]_MuLt_12_OUT to u_fdpe/decay_reg_4
    Location             Delay type         Delay(ns)  Physical Resource
                                                       Logical Resource(s)
    -------------------------------------------------  -------------------
    DSP48_X1Y9.PCOUT13   Tdspcko_PCOUT_MREG    3.952   u_fdpe/Maddsub_delta_reg[16]_fraction_pipe_reg[6]_MuLt_12_OUT
                                                       u_fdpe/Maddsub_delta_reg[16]_fraction_pipe_reg[6]_MuLt_12_OUT
    DSP48_X1Y10.PCIN13   net (fanout=1)        0.059   u_fdpe/Maddsub_delta_reg[16]_fraction_pipe_reg[6]_MuLt_12_OUT_PCOUT_to_Madd_n01241_PCIN_13
    DSP48_X1Y10.P23      Tdspdo_PCIN_P         2.645   u_fdpe/Madd_n01241
                                                       u_fdpe/Madd_n01241
    SLICE_X30Y41.A2      net (fanout=1)        0.951   u_fdpe/n0124<23>
    SLICE_X30Y41.A       Tilo                  0.254   u_fdpe/_n02512
                                                       u_fdpe/_n02512
    SLICE_X33Y41.B5      net (fanout=1)        0.439   u_fdpe/_n02512
    SLICE_X33Y41.B       Tilo                  0.259   u_fdpe/decay_reg<0>
                                                       u_fdpe/_n02513
    SLICE_X31Y40.B5      net (fanout=16)       0.550   u_fdpe/_n0251
    SLICE_X31Y40.CLK     Tas                   0.373   u_fdpe/decay_reg<5>
                                                       u_fdpe/decay_reg_4_glue_set
                                                       u_fdpe/decay_reg_4
    -------------------------------------------------  ---------------------------
    Total                                      9.482ns (7.483ns logic, 1.999ns route)
                                                       (78.9% logic, 21.1% route)

--------------------------------------------------------------------------------
Slack (setup path):     0.470ns (requirement - (data path - clock path skew + uncertainty))
  Source:               u_fdpe/Maddsub_delta_reg[16]_fraction_pipe_reg[6]_MuLt_12_OUT (DSP)
  Destination:          u_fdpe/decay_reg_4 (FF)
  Requirement:          10.000ns
  Data Path Delay:      9.482ns (Levels of Logic = 4)
  Clock Path Skew:      -0.013ns (0.325 - 0.338)
  Source Clock:         clk_100mhz_BUFGP rising at 0.000ns
  Destination Clock:    clk_100mhz_BUFGP rising at 10.000ns
  Clock Uncertainty:    0.035ns

  Clock Uncertainty:          0.035ns  ((TSJ^2 + TIJ^2)^1/2 + DJ) / 2 + PE
    Total System Jitter (TSJ):  0.070ns
    Total Input Jitter (TIJ):   0.000ns
    Discrete Jitter (DJ):       0.000ns
    Phase Error (PE):           0.000ns

  Maximum Data Path at Slow Process Corner: u_fdpe/Maddsub_delta_reg[16]_fraction_pipe_reg[6]_MuLt_12_OUT to u_fdpe/decay_reg_4
    Location             Delay type         Delay(ns)  Physical Resource
                                                       Logical Resource(s)
    -------------------------------------------------  -------------------
    DSP48_X1Y9.PCOUT9    Tdspcko_PCOUT_MREG    3.952   u_fdpe/Maddsub_delta_reg[16]_fraction_pipe_reg[6]_MuLt_12_OUT
                                                       u_fdpe/Maddsub_delta_reg[16]_fraction_pipe_reg[6]_MuLt_12_OUT
    DSP48_X1Y10.PCIN9    net (fanout=1)        0.059   u_fdpe/Maddsub_delta_reg[16]_fraction_pipe_reg[6]_MuLt_12_OUT_PCOUT_to_Madd_n01241_PCIN_9
    DSP48_X1Y10.P23      Tdspdo_PCIN_P         2.645   u_fdpe/Madd_n01241
                                                       u_fdpe/Madd_n01241
    SLICE_X30Y41.A2      net (fanout=1)        0.951   u_fdpe/n0124<23>
    SLICE_X30Y41.A       Tilo                  0.254   u_fdpe/_n02512
                                                       u_fdpe/_n02512
    SLICE_X33Y41.B5      net (fanout=1)        0.439   u_fdpe/_n02512
    SLICE_X33Y41.B       Tilo                  0.259   u_fdpe/decay_reg<0>
                                                       u_fdpe/_n02513
    SLICE_X31Y40.B5      net (fanout=16)       0.550   u_fdpe/_n0251
    SLICE_X31Y40.CLK     Tas                   0.373   u_fdpe/decay_reg<5>
                                                       u_fdpe/decay_reg_4_glue_set
                                                       u_fdpe/decay_reg_4
    -------------------------------------------------  ---------------------------
    Total                                      9.482ns (7.483ns logic, 1.999ns route)
                                                       (78.9% logic, 21.1% route)

--------------------------------------------------------------------------------
Slack (setup path):     0.470ns (requirement - (data path - clock path skew + uncertainty))
  Source:               u_fdpe/Maddsub_delta_reg[16]_fraction_pipe_reg[6]_MuLt_12_OUT (DSP)
  Destination:          u_fdpe/decay_reg_4 (FF)
  Requirement:          10.000ns
  Data Path Delay:      9.482ns (Levels of Logic = 4)
  Clock Path Skew:      -0.013ns (0.325 - 0.338)
  Source Clock:         clk_100mhz_BUFGP rising at 0.000ns
  Destination Clock:    clk_100mhz_BUFGP rising at 10.000ns
  Clock Uncertainty:    0.035ns

  Clock Uncertainty:          0.035ns  ((TSJ^2 + TIJ^2)^1/2 + DJ) / 2 + PE
    Total System Jitter (TSJ):  0.070ns
    Total Input Jitter (TIJ):   0.000ns
    Discrete Jitter (DJ):       0.000ns
    Phase Error (PE):           0.000ns

  Maximum Data Path at Slow Process Corner: u_fdpe/Maddsub_delta_reg[16]_fraction_pipe_reg[6]_MuLt_12_OUT to u_fdpe/decay_reg_4
    Location             Delay type         Delay(ns)  Physical Resource
                                                       Logical Resource(s)
    -------------------------------------------------  -------------------
    DSP48_X1Y9.PCOUT11   Tdspcko_PCOUT_MREG    3.952   u_fdpe/Maddsub_delta_reg[16]_fraction_pipe_reg[6]_MuLt_12_OUT
                                                       u_fdpe/Maddsub_delta_reg[16]_fraction_pipe_reg[6]_MuLt_12_OUT
    DSP48_X1Y10.PCIN11   net (fanout=1)        0.059   u_fdpe/Maddsub_delta_reg[16]_fraction_pipe_reg[6]_MuLt_12_OUT_PCOUT_to_Madd_n01241_PCIN_11
    DSP48_X1Y10.P23      Tdspdo_PCIN_P         2.645   u_fdpe/Madd_n01241
                                                       u_fdpe/Madd_n01241
    SLICE_X30Y41.A2      net (fanout=1)        0.951   u_fdpe/n0124<23>
    SLICE_X30Y41.A       Tilo                  0.254   u_fdpe/_n02512
                                                       u_fdpe/_n02512
    SLICE_X33Y41.B5      net (fanout=1)        0.439   u_fdpe/_n02512
    SLICE_X33Y41.B       Tilo                  0.259   u_fdpe/decay_reg<0>
                                                       u_fdpe/_n02513
    SLICE_X31Y40.B5      net (fanout=16)       0.550   u_fdpe/_n0251
    SLICE_X31Y40.CLK     Tas                   0.373   u_fdpe/decay_reg<5>
                                                       u_fdpe/decay_reg_4_glue_set
                                                       u_fdpe/decay_reg_4
    -------------------------------------------------  ---------------------------
    Total                                      9.482ns (7.483ns logic, 1.999ns route)
                                                       (78.9% logic, 21.1% route)

--------------------------------------------------------------------------------
Slack (setup path):     0.470ns (requirement - (data path - clock path skew + uncertainty))
  Source:               u_fdpe/Maddsub_delta_reg[16]_fraction_pipe_reg[6]_MuLt_12_OUT (DSP)
  Destination:          u_fdpe/decay_reg_4 (FF)
  Requirement:          10.000ns
  Data Path Delay:      9.482ns (Levels of Logic = 4)
  Clock Path Skew:      -0.013ns (0.325 - 0.338)
  Source Clock:         clk_100mhz_BUFGP rising at 0.000ns
  Destination Clock:    clk_100mhz_BUFGP rising at 10.000ns
  Clock Uncertainty:    0.035ns

  Clock Uncertainty:          0.035ns  ((TSJ^2 + TIJ^2)^1/2 + DJ) / 2 + PE
    Total System Jitter (TSJ):  0.070ns
    Total Input Jitter (TIJ):   0.000ns
    Discrete Jitter (DJ):       0.000ns
    Phase Error (PE):           0.000ns

  Maximum Data Path at Slow Process Corner: u_fdpe/Maddsub_delta_reg[16]_fraction_pipe_reg[6]_MuLt_12_OUT to u_fdpe/decay_reg_4
    Location             Delay type         Delay(ns)  Physical Resource
                                                       Logical Resource(s)
    -------------------------------------------------  -------------------
    DSP48_X1Y9.PCOUT10   Tdspcko_PCOUT_MREG    3.952   u_fdpe/Maddsub_delta_reg[16]_fraction_pipe_reg[6]_MuLt_12_OUT
                                                       u_fdpe/Maddsub_delta_reg[16]_fraction_pipe_reg[6]_MuLt_12_OUT
    DSP48_X1Y10.PCIN10   net (fanout=1)        0.059   u_fdpe/Maddsub_delta_reg[16]_fraction_pipe_reg[6]_MuLt_12_OUT_PCOUT_to_Madd_n01241_PCIN_10
    DSP48_X1Y10.P23      Tdspdo_PCIN_P         2.645   u_fdpe/Madd_n01241
                                                       u_fdpe/Madd_n01241
    SLICE_X30Y41.A2      net (fanout=1)        0.951   u_fdpe/n0124<23>
    SLICE_X30Y41.A       Tilo                  0.254   u_fdpe/_n02512
                                                       u_fdpe/_n02512
    SLICE_X33Y41.B5      net (fanout=1)        0.439   u_fdpe/_n02512
    SLICE_X33Y41.B       Tilo                  0.259   u_fdpe/decay_reg<0>
                                                       u_fdpe/_n02513
    SLICE_X31Y40.B5      net (fanout=16)       0.550   u_fdpe/_n0251
    SLICE_X31Y40.CLK     Tas                   0.373   u_fdpe/decay_reg<5>
                                                       u_fdpe/decay_reg_4_glue_set
                                                       u_fdpe/decay_reg_4
    -------------------------------------------------  ---------------------------
    Total                                      9.482ns (7.483ns logic, 1.999ns route)
                                                       (78.9% logic, 21.1% route)

--------------------------------------------------------------------------------
Slack (setup path):     0.470ns (requirement - (data path - clock path skew + uncertainty))
  Source:               u_fdpe/Maddsub_delta_reg[16]_fraction_pipe_reg[6]_MuLt_12_OUT (DSP)
  Destination:          u_fdpe/decay_reg_4 (FF)
  Requirement:          10.000ns
  Data Path Delay:      9.482ns (Levels of Logic = 4)
  Clock Path Skew:      -0.013ns (0.325 - 0.338)
  Source Clock:         clk_100mhz_BUFGP rising at 0.000ns
  Destination Clock:    clk_100mhz_BUFGP rising at 10.000ns
  Clock Uncertainty:    0.035ns

  Clock Uncertainty:          0.035ns  ((TSJ^2 + TIJ^2)^1/2 + DJ) / 2 + PE
    Total System Jitter (TSJ):  0.070ns
    Total Input Jitter (TIJ):   0.000ns
    Discrete Jitter (DJ):       0.000ns
    Phase Error (PE):           0.000ns

  Maximum Data Path at Slow Process Corner: u_fdpe/Maddsub_delta_reg[16]_fraction_pipe_reg[6]_MuLt_12_OUT to u_fdpe/decay_reg_4
    Location             Delay type         Delay(ns)  Physical Resource
                                                       Logical Resource(s)
    -------------------------------------------------  -------------------
    DSP48_X1Y9.PCOUT1    Tdspcko_PCOUT_MREG    3.952   u_fdpe/Maddsub_delta_reg[16]_fraction_pipe_reg[6]_MuLt_12_OUT
                                                       u_fdpe/Maddsub_delta_reg[16]_fraction_pipe_reg[6]_MuLt_12_OUT
    DSP48_X1Y10.PCIN1    net (fanout=1)        0.059   u_fdpe/Maddsub_delta_reg[16]_fraction_pipe_reg[6]_MuLt_12_OUT_PCOUT_to_Madd_n01241_PCIN_1
    DSP48_X1Y10.P23      Tdspdo_PCIN_P         2.645   u_fdpe/Madd_n01241
                                                       u_fdpe/Madd_n01241
    SLICE_X30Y41.A2      net (fanout=1)        0.951   u_fdpe/n0124<23>
    SLICE_X30Y41.A       Tilo                  0.254   u_fdpe/_n02512
                                                       u_fdpe/_n02512
    SLICE_X33Y41.B5      net (fanout=1)        0.439   u_fdpe/_n02512
    SLICE_X33Y41.B       Tilo                  0.259   u_fdpe/decay_reg<0>
                                                       u_fdpe/_n02513
    SLICE_X31Y40.B5      net (fanout=16)       0.550   u_fdpe/_n0251
    SLICE_X31Y40.CLK     Tas                   0.373   u_fdpe/decay_reg<5>
                                                       u_fdpe/decay_reg_4_glue_set
                                                       u_fdpe/decay_reg_4
    -------------------------------------------------  ---------------------------
    Total                                      9.482ns (7.483ns logic, 1.999ns route)
                                                       (78.9% logic, 21.1% route)

--------------------------------------------------------------------------------
Slack (setup path):     0.470ns (requirement - (data path - clock path skew + uncertainty))
  Source:               u_fdpe/Maddsub_delta_reg[16]_fraction_pipe_reg[6]_MuLt_12_OUT (DSP)
  Destination:          u_fdpe/decay_reg_4 (FF)
  Requirement:          10.000ns
  Data Path Delay:      9.482ns (Levels of Logic = 4)
  Clock Path Skew:      -0.013ns (0.325 - 0.338)
  Source Clock:         clk_100mhz_BUFGP rising at 0.000ns
  Destination Clock:    clk_100mhz_BUFGP rising at 10.000ns
  Clock Uncertainty:    0.035ns

  Clock Uncertainty:          0.035ns  ((TSJ^2 + TIJ^2)^1/2 + DJ) / 2 + PE
    Total System Jitter (TSJ):  0.070ns
    Total Input Jitter (TIJ):   0.000ns
    Discrete Jitter (DJ):       0.000ns
    Phase Error (PE):           0.000ns

  Maximum Data Path at Slow Process Corner: u_fdpe/Maddsub_delta_reg[16]_fraction_pipe_reg[6]_MuLt_12_OUT to u_fdpe/decay_reg_4
    Location             Delay type         Delay(ns)  Physical Resource
                                                       Logical Resource(s)
    -------------------------------------------------  -------------------
    DSP48_X1Y9.PCOUT0    Tdspcko_PCOUT_MREG    3.952   u_fdpe/Maddsub_delta_reg[16]_fraction_pipe_reg[6]_MuLt_12_OUT
                                                       u_fdpe/Maddsub_delta_reg[16]_fraction_pipe_reg[6]_MuLt_12_OUT
    DSP48_X1Y10.PCIN0    net (fanout=1)        0.059   u_fdpe/Maddsub_delta_reg[16]_fraction_pipe_reg[6]_MuLt_12_OUT_PCOUT_to_Madd_n01241_PCIN_0
    DSP48_X1Y10.P23      Tdspdo_PCIN_P         2.645   u_fdpe/Madd_n01241
                                                       u_fdpe/Madd_n01241
    SLICE_X30Y41.A2      net (fanout=1)        0.951   u_fdpe/n0124<23>
    SLICE_X30Y41.A       Tilo                  0.254   u_fdpe/_n02512
                                                       u_fdpe/_n02512
    SLICE_X33Y41.B5      net (fanout=1)        0.439   u_fdpe/_n02512
    SLICE_X33Y41.B       Tilo                  0.259   u_fdpe/decay_reg<0>
                                                       u_fdpe/_n02513
    SLICE_X31Y40.B5      net (fanout=16)       0.550   u_fdpe/_n0251
    SLICE_X31Y40.CLK     Tas                   0.373   u_fdpe/decay_reg<5>
                                                       u_fdpe/decay_reg_4_glue_set
                                                       u_fdpe/decay_reg_4
    -------------------------------------------------  ---------------------------
    Total                                      9.482ns (7.483ns logic, 1.999ns route)
                                                       (78.9% logic, 21.1% route)

--------------------------------------------------------------------------------
Slack (setup path):     0.470ns (requirement - (data path - clock path skew + uncertainty))
  Source:               u_fdpe/Maddsub_delta_reg[16]_fraction_pipe_reg[6]_MuLt_12_OUT (DSP)
  Destination:          u_fdpe/decay_reg_4 (FF)
  Requirement:          10.000ns
  Data Path Delay:      9.482ns (Levels of Logic = 4)
  Clock Path Skew:      -0.013ns (0.325 - 0.338)
  Source Clock:         clk_100mhz_BUFGP rising at 0.000ns
  Destination Clock:    clk_100mhz_BUFGP rising at 10.000ns
  Clock Uncertainty:    0.035ns

  Clock Uncertainty:          0.035ns  ((TSJ^2 + TIJ^2)^1/2 + DJ) / 2 + PE
    Total System Jitter (TSJ):  0.070ns
    Total Input Jitter (TIJ):   0.000ns
    Discrete Jitter (DJ):       0.000ns
    Phase Error (PE):           0.000ns

  Maximum Data Path at Slow Process Corner: u_fdpe/Maddsub_delta_reg[16]_fraction_pipe_reg[6]_MuLt_12_OUT to u_fdpe/decay_reg_4
    Location             Delay type         Delay(ns)  Physical Resource
                                                       Logical Resource(s)
    -------------------------------------------------  -------------------
    DSP48_X1Y9.PCOUT16   Tdspcko_PCOUT_MREG    3.952   u_fdpe/Maddsub_delta_reg[16]_fraction_pipe_reg[6]_MuLt_12_OUT
                                                       u_fdpe/Maddsub_delta_reg[16]_fraction_pipe_reg[6]_MuLt_12_OUT
    DSP48_X1Y10.PCIN16   net (fanout=1)        0.059   u_fdpe/Maddsub_delta_reg[16]_fraction_pipe_reg[6]_MuLt_12_OUT_PCOUT_to_Madd_n01241_PCIN_16
    DSP48_X1Y10.P23      Tdspdo_PCIN_P         2.645   u_fdpe/Madd_n01241
                                                       u_fdpe/Madd_n01241
    SLICE_X30Y41.A2      net (fanout=1)        0.951   u_fdpe/n0124<23>
    SLICE_X30Y41.A       Tilo                  0.254   u_fdpe/_n02512
                                                       u_fdpe/_n02512
    SLICE_X33Y41.B5      net (fanout=1)        0.439   u_fdpe/_n02512
    SLICE_X33Y41.B       Tilo                  0.259   u_fdpe/decay_reg<0>
                                                       u_fdpe/_n02513
    SLICE_X31Y40.B5      net (fanout=16)       0.550   u_fdpe/_n0251
    SLICE_X31Y40.CLK     Tas                   0.373   u_fdpe/decay_reg<5>
                                                       u_fdpe/decay_reg_4_glue_set
                                                       u_fdpe/decay_reg_4
    -------------------------------------------------  ---------------------------
    Total                                      9.482ns (7.483ns logic, 1.999ns route)
                                                       (78.9% logic, 21.1% route)

--------------------------------------------------------------------------------

Paths for end point u_fdpe/decay_reg_3 (SLICE_X31Y40.A5), 438 paths
--------------------------------------------------------------------------------
Slack (setup path):     0.475ns (requirement - (data path - clock path skew + uncertainty))
  Source:               u_fdpe/Maddsub_delta_reg[16]_fraction_pipe_reg[6]_MuLt_12_OUT (DSP)
  Destination:          u_fdpe/decay_reg_3 (FF)
  Requirement:          10.000ns
  Data Path Delay:      9.477ns (Levels of Logic = 4)
  Clock Path Skew:      -0.013ns (0.325 - 0.338)
  Source Clock:         clk_100mhz_BUFGP rising at 0.000ns
  Destination Clock:    clk_100mhz_BUFGP rising at 10.000ns
  Clock Uncertainty:    0.035ns

  Clock Uncertainty:          0.035ns  ((TSJ^2 + TIJ^2)^1/2 + DJ) / 2 + PE
    Total System Jitter (TSJ):  0.070ns
    Total Input Jitter (TIJ):   0.000ns
    Discrete Jitter (DJ):       0.000ns
    Phase Error (PE):           0.000ns

  Maximum Data Path at Slow Process Corner: u_fdpe/Maddsub_delta_reg[16]_fraction_pipe_reg[6]_MuLt_12_OUT to u_fdpe/decay_reg_3
    Location             Delay type         Delay(ns)  Physical Resource
                                                       Logical Resource(s)
    -------------------------------------------------  -------------------
    DSP48_X1Y9.PCOUT12   Tdspcko_PCOUT_MREG    3.952   u_fdpe/Maddsub_delta_reg[16]_fraction_pipe_reg[6]_MuLt_12_OUT
                                                       u_fdpe/Maddsub_delta_reg[16]_fraction_pipe_reg[6]_MuLt_12_OUT
    DSP48_X1Y10.PCIN12   net (fanout=1)        0.059   u_fdpe/Maddsub_delta_reg[16]_fraction_pipe_reg[6]_MuLt_12_OUT_PCOUT_to_Madd_n01241_PCIN_12
    DSP48_X1Y10.P23      Tdspdo_PCIN_P         2.645   u_fdpe/Madd_n01241
                                                       u_fdpe/Madd_n01241
    SLICE_X30Y41.A2      net (fanout=1)        0.951   u_fdpe/n0124<23>
    SLICE_X30Y41.A       Tilo                  0.254   u_fdpe/_n02512
                                                       u_fdpe/_n02512
    SLICE_X33Y41.B5      net (fanout=1)        0.439   u_fdpe/_n02512
    SLICE_X33Y41.B       Tilo                  0.259   u_fdpe/decay_reg<0>
                                                       u_fdpe/_n02513
    SLICE_X31Y40.A5      net (fanout=16)       0.545   u_fdpe/_n0251
    SLICE_X31Y40.CLK     Tas                   0.373   u_fdpe/decay_reg<5>
                                                       u_fdpe/decay_reg_3_glue_set
                                                       u_fdpe/decay_reg_3
    -------------------------------------------------  ---------------------------
    Total                                      9.477ns (7.483ns logic, 1.994ns route)
                                                       (79.0% logic, 21.0% route)

--------------------------------------------------------------------------------
Slack (setup path):     0.475ns (requirement - (data path - clock path skew + uncertainty))
  Source:               u_fdpe/Maddsub_delta_reg[16]_fraction_pipe_reg[6]_MuLt_12_OUT (DSP)
  Destination:          u_fdpe/decay_reg_3 (FF)
  Requirement:          10.000ns
  Data Path Delay:      9.477ns (Levels of Logic = 4)
  Clock Path Skew:      -0.013ns (0.325 - 0.338)
  Source Clock:         clk_100mhz_BUFGP rising at 0.000ns
  Destination Clock:    clk_100mhz_BUFGP rising at 10.000ns
  Clock Uncertainty:    0.035ns

  Clock Uncertainty:          0.035ns  ((TSJ^2 + TIJ^2)^1/2 + DJ) / 2 + PE
    Total System Jitter (TSJ):  0.070ns
    Total Input Jitter (TIJ):   0.000ns
    Discrete Jitter (DJ):       0.000ns
    Phase Error (PE):           0.000ns

  Maximum Data Path at Slow Process Corner: u_fdpe/Maddsub_delta_reg[16]_fraction_pipe_reg[6]_MuLt_12_OUT to u_fdpe/decay_reg_3
    Location             Delay type         Delay(ns)  Physical Resource
                                                       Logical Resource(s)
    -------------------------------------------------  -------------------
    DSP48_X1Y9.PCOUT15   Tdspcko_PCOUT_MREG    3.952   u_fdpe/Maddsub_delta_reg[16]_fraction_pipe_reg[6]_MuLt_12_OUT
                                                       u_fdpe/Maddsub_delta_reg[16]_fraction_pipe_reg[6]_MuLt_12_OUT
    DSP48_X1Y10.PCIN15   net (fanout=1)        0.059   u_fdpe/Maddsub_delta_reg[16]_fraction_pipe_reg[6]_MuLt_12_OUT_PCOUT_to_Madd_n01241_PCIN_15
    DSP48_X1Y10.P23      Tdspdo_PCIN_P         2.645   u_fdpe/Madd_n01241
                                                       u_fdpe/Madd_n01241
    SLICE_X30Y41.A2      net (fanout=1)        0.951   u_fdpe/n0124<23>
    SLICE_X30Y41.A       Tilo                  0.254   u_fdpe/_n02512
                                                       u_fdpe/_n02512
    SLICE_X33Y41.B5      net (fanout=1)        0.439   u_fdpe/_n02512
    SLICE_X33Y41.B       Tilo                  0.259   u_fdpe/decay_reg<0>
                                                       u_fdpe/_n02513
    SLICE_X31Y40.A5      net (fanout=16)       0.545   u_fdpe/_n0251
    SLICE_X31Y40.CLK     Tas                   0.373   u_fdpe/decay_reg<5>
                                                       u_fdpe/decay_reg_3_glue_set
                                                       u_fdpe/decay_reg_3
    -------------------------------------------------  ---------------------------
    Total                                      9.477ns (7.483ns logic, 1.994ns route)
                                                       (79.0% logic, 21.0% route)

--------------------------------------------------------------------------------
Slack (setup path):     0.475ns (requirement - (data path - clock path skew + uncertainty))
  Source:               u_fdpe/Maddsub_delta_reg[16]_fraction_pipe_reg[6]_MuLt_12_OUT (DSP)
  Destination:          u_fdpe/decay_reg_3 (FF)
  Requirement:          10.000ns
  Data Path Delay:      9.477ns (Levels of Logic = 4)
  Clock Path Skew:      -0.013ns (0.325 - 0.338)
  Source Clock:         clk_100mhz_BUFGP rising at 0.000ns
  Destination Clock:    clk_100mhz_BUFGP rising at 10.000ns
  Clock Uncertainty:    0.035ns

  Clock Uncertainty:          0.035ns  ((TSJ^2 + TIJ^2)^1/2 + DJ) / 2 + PE
    Total System Jitter (TSJ):  0.070ns
    Total Input Jitter (TIJ):   0.000ns
    Discrete Jitter (DJ):       0.000ns
    Phase Error (PE):           0.000ns

  Maximum Data Path at Slow Process Corner: u_fdpe/Maddsub_delta_reg[16]_fraction_pipe_reg[6]_MuLt_12_OUT to u_fdpe/decay_reg_3
    Location             Delay type         Delay(ns)  Physical Resource
                                                       Logical Resource(s)
    -------------------------------------------------  -------------------
    DSP48_X1Y9.PCOUT14   Tdspcko_PCOUT_MREG    3.952   u_fdpe/Maddsub_delta_reg[16]_fraction_pipe_reg[6]_MuLt_12_OUT
                                                       u_fdpe/Maddsub_delta_reg[16]_fraction_pipe_reg[6]_MuLt_12_OUT
    DSP48_X1Y10.PCIN14   net (fanout=1)        0.059   u_fdpe/Maddsub_delta_reg[16]_fraction_pipe_reg[6]_MuLt_12_OUT_PCOUT_to_Madd_n01241_PCIN_14
    DSP48_X1Y10.P23      Tdspdo_PCIN_P         2.645   u_fdpe/Madd_n01241
                                                       u_fdpe/Madd_n01241
    SLICE_X30Y41.A2      net (fanout=1)        0.951   u_fdpe/n0124<23>
    SLICE_X30Y41.A       Tilo                  0.254   u_fdpe/_n02512
                                                       u_fdpe/_n02512
    SLICE_X33Y41.B5      net (fanout=1)        0.439   u_fdpe/_n02512
    SLICE_X33Y41.B       Tilo                  0.259   u_fdpe/decay_reg<0>
                                                       u_fdpe/_n02513
    SLICE_X31Y40.A5      net (fanout=16)       0.545   u_fdpe/_n0251
    SLICE_X31Y40.CLK     Tas                   0.373   u_fdpe/decay_reg<5>
                                                       u_fdpe/decay_reg_3_glue_set
                                                       u_fdpe/decay_reg_3
    -------------------------------------------------  ---------------------------
    Total                                      9.477ns (7.483ns logic, 1.994ns route)
                                                       (79.0% logic, 21.0% route)

--------------------------------------------------------------------------------
Slack (setup path):     0.475ns (requirement - (data path - clock path skew + uncertainty))
  Source:               u_fdpe/Maddsub_delta_reg[16]_fraction_pipe_reg[6]_MuLt_12_OUT (DSP)
  Destination:          u_fdpe/decay_reg_3 (FF)
  Requirement:          10.000ns
  Data Path Delay:      9.477ns (Levels of Logic = 4)
  Clock Path Skew:      -0.013ns (0.325 - 0.338)
  Source Clock:         clk_100mhz_BUFGP rising at 0.000ns
  Destination Clock:    clk_100mhz_BUFGP rising at 10.000ns
  Clock Uncertainty:    0.035ns

  Clock Uncertainty:          0.035ns  ((TSJ^2 + TIJ^2)^1/2 + DJ) / 2 + PE
    Total System Jitter (TSJ):  0.070ns
    Total Input Jitter (TIJ):   0.000ns
    Discrete Jitter (DJ):       0.000ns
    Phase Error (PE):           0.000ns

  Maximum Data Path at Slow Process Corner: u_fdpe/Maddsub_delta_reg[16]_fraction_pipe_reg[6]_MuLt_12_OUT to u_fdpe/decay_reg_3
    Location             Delay type         Delay(ns)  Physical Resource
                                                       Logical Resource(s)
    -------------------------------------------------  -------------------
    DSP48_X1Y9.PCOUT13   Tdspcko_PCOUT_MREG    3.952   u_fdpe/Maddsub_delta_reg[16]_fraction_pipe_reg[6]_MuLt_12_OUT
                                                       u_fdpe/Maddsub_delta_reg[16]_fraction_pipe_reg[6]_MuLt_12_OUT
    DSP48_X1Y10.PCIN13   net (fanout=1)        0.059   u_fdpe/Maddsub_delta_reg[16]_fraction_pipe_reg[6]_MuLt_12_OUT_PCOUT_to_Madd_n01241_PCIN_13
    DSP48_X1Y10.P23      Tdspdo_PCIN_P         2.645   u_fdpe/Madd_n01241
                                                       u_fdpe/Madd_n01241
    SLICE_X30Y41.A2      net (fanout=1)        0.951   u_fdpe/n0124<23>
    SLICE_X30Y41.A       Tilo                  0.254   u_fdpe/_n02512
                                                       u_fdpe/_n02512
    SLICE_X33Y41.B5      net (fanout=1)        0.439   u_fdpe/_n02512
    SLICE_X33Y41.B       Tilo                  0.259   u_fdpe/decay_reg<0>
                                                       u_fdpe/_n02513
    SLICE_X31Y40.A5      net (fanout=16)       0.545   u_fdpe/_n0251
    SLICE_X31Y40.CLK     Tas                   0.373   u_fdpe/decay_reg<5>
                                                       u_fdpe/decay_reg_3_glue_set
                                                       u_fdpe/decay_reg_3
    -------------------------------------------------  ---------------------------
    Total                                      9.477ns (7.483ns logic, 1.994ns route)
                                                       (79.0% logic, 21.0% route)

--------------------------------------------------------------------------------
Slack (setup path):     0.475ns (requirement - (data path - clock path skew + uncertainty))
  Source:               u_fdpe/Maddsub_delta_reg[16]_fraction_pipe_reg[6]_MuLt_12_OUT (DSP)
  Destination:          u_fdpe/decay_reg_3 (FF)
  Requirement:          10.000ns
  Data Path Delay:      9.477ns (Levels of Logic = 4)
  Clock Path Skew:      -0.013ns (0.325 - 0.338)
  Source Clock:         clk_100mhz_BUFGP rising at 0.000ns
  Destination Clock:    clk_100mhz_BUFGP rising at 10.000ns
  Clock Uncertainty:    0.035ns

  Clock Uncertainty:          0.035ns  ((TSJ^2 + TIJ^2)^1/2 + DJ) / 2 + PE
    Total System Jitter (TSJ):  0.070ns
    Total Input Jitter (TIJ):   0.000ns
    Discrete Jitter (DJ):       0.000ns
    Phase Error (PE):           0.000ns

  Maximum Data Path at Slow Process Corner: u_fdpe/Maddsub_delta_reg[16]_fraction_pipe_reg[6]_MuLt_12_OUT to u_fdpe/decay_reg_3
    Location             Delay type         Delay(ns)  Physical Resource
                                                       Logical Resource(s)
    -------------------------------------------------  -------------------
    DSP48_X1Y9.PCOUT9    Tdspcko_PCOUT_MREG    3.952   u_fdpe/Maddsub_delta_reg[16]_fraction_pipe_reg[6]_MuLt_12_OUT
                                                       u_fdpe/Maddsub_delta_reg[16]_fraction_pipe_reg[6]_MuLt_12_OUT
    DSP48_X1Y10.PCIN9    net (fanout=1)        0.059   u_fdpe/Maddsub_delta_reg[16]_fraction_pipe_reg[6]_MuLt_12_OUT_PCOUT_to_Madd_n01241_PCIN_9
    DSP48_X1Y10.P23      Tdspdo_PCIN_P         2.645   u_fdpe/Madd_n01241
                                                       u_fdpe/Madd_n01241
    SLICE_X30Y41.A2      net (fanout=1)        0.951   u_fdpe/n0124<23>
    SLICE_X30Y41.A       Tilo                  0.254   u_fdpe/_n02512
                                                       u_fdpe/_n02512
    SLICE_X33Y41.B5      net (fanout=1)        0.439   u_fdpe/_n02512
    SLICE_X33Y41.B       Tilo                  0.259   u_fdpe/decay_reg<0>
                                                       u_fdpe/_n02513
    SLICE_X31Y40.A5      net (fanout=16)       0.545   u_fdpe/_n0251
    SLICE_X31Y40.CLK     Tas                   0.373   u_fdpe/decay_reg<5>
                                                       u_fdpe/decay_reg_3_glue_set
                                                       u_fdpe/decay_reg_3
    -------------------------------------------------  ---------------------------
    Total                                      9.477ns (7.483ns logic, 1.994ns route)
                                                       (79.0% logic, 21.0% route)

--------------------------------------------------------------------------------
Slack (setup path):     0.475ns (requirement - (data path - clock path skew + uncertainty))
  Source:               u_fdpe/Maddsub_delta_reg[16]_fraction_pipe_reg[6]_MuLt_12_OUT (DSP)
  Destination:          u_fdpe/decay_reg_3 (FF)
  Requirement:          10.000ns
  Data Path Delay:      9.477ns (Levels of Logic = 4)
  Clock Path Skew:      -0.013ns (0.325 - 0.338)
  Source Clock:         clk_100mhz_BUFGP rising at 0.000ns
  Destination Clock:    clk_100mhz_BUFGP rising at 10.000ns
  Clock Uncertainty:    0.035ns

  Clock Uncertainty:          0.035ns  ((TSJ^2 + TIJ^2)^1/2 + DJ) / 2 + PE
    Total System Jitter (TSJ):  0.070ns
    Total Input Jitter (TIJ):   0.000ns
    Discrete Jitter (DJ):       0.000ns
    Phase Error (PE):           0.000ns

  Maximum Data Path at Slow Process Corner: u_fdpe/Maddsub_delta_reg[16]_fraction_pipe_reg[6]_MuLt_12_OUT to u_fdpe/decay_reg_3
    Location             Delay type         Delay(ns)  Physical Resource
                                                       Logical Resource(s)
    -------------------------------------------------  -------------------
    DSP48_X1Y9.PCOUT11   Tdspcko_PCOUT_MREG    3.952   u_fdpe/Maddsub_delta_reg[16]_fraction_pipe_reg[6]_MuLt_12_OUT
                                                       u_fdpe/Maddsub_delta_reg[16]_fraction_pipe_reg[6]_MuLt_12_OUT
    DSP48_X1Y10.PCIN11   net (fanout=1)        0.059   u_fdpe/Maddsub_delta_reg[16]_fraction_pipe_reg[6]_MuLt_12_OUT_PCOUT_to_Madd_n01241_PCIN_11
    DSP48_X1Y10.P23      Tdspdo_PCIN_P         2.645   u_fdpe/Madd_n01241
                                                       u_fdpe/Madd_n01241
    SLICE_X30Y41.A2      net (fanout=1)        0.951   u_fdpe/n0124<23>
    SLICE_X30Y41.A       Tilo                  0.254   u_fdpe/_n02512
                                                       u_fdpe/_n02512
    SLICE_X33Y41.B5      net (fanout=1)        0.439   u_fdpe/_n02512
    SLICE_X33Y41.B       Tilo                  0.259   u_fdpe/decay_reg<0>
                                                       u_fdpe/_n02513
    SLICE_X31Y40.A5      net (fanout=16)       0.545   u_fdpe/_n0251
    SLICE_X31Y40.CLK     Tas                   0.373   u_fdpe/decay_reg<5>
                                                       u_fdpe/decay_reg_3_glue_set
                                                       u_fdpe/decay_reg_3
    -------------------------------------------------  ---------------------------
    Total                                      9.477ns (7.483ns logic, 1.994ns route)
                                                       (79.0% logic, 21.0% route)

--------------------------------------------------------------------------------
Slack (setup path):     0.475ns (requirement - (data path - clock path skew + uncertainty))
  Source:               u_fdpe/Maddsub_delta_reg[16]_fraction_pipe_reg[6]_MuLt_12_OUT (DSP)
  Destination:          u_fdpe/decay_reg_3 (FF)
  Requirement:          10.000ns
  Data Path Delay:      9.477ns (Levels of Logic = 4)
  Clock Path Skew:      -0.013ns (0.325 - 0.338)
  Source Clock:         clk_100mhz_BUFGP rising at 0.000ns
  Destination Clock:    clk_100mhz_BUFGP rising at 10.000ns
  Clock Uncertainty:    0.035ns

  Clock Uncertainty:          0.035ns  ((TSJ^2 + TIJ^2)^1/2 + DJ) / 2 + PE
    Total System Jitter (TSJ):  0.070ns
    Total Input Jitter (TIJ):   0.000ns
    Discrete Jitter (DJ):       0.000ns
    Phase Error (PE):           0.000ns

  Maximum Data Path at Slow Process Corner: u_fdpe/Maddsub_delta_reg[16]_fraction_pipe_reg[6]_MuLt_12_OUT to u_fdpe/decay_reg_3
    Location             Delay type         Delay(ns)  Physical Resource
                                                       Logical Resource(s)
    -------------------------------------------------  -------------------
    DSP48_X1Y9.PCOUT10   Tdspcko_PCOUT_MREG    3.952   u_fdpe/Maddsub_delta_reg[16]_fraction_pipe_reg[6]_MuLt_12_OUT
                                                       u_fdpe/Maddsub_delta_reg[16]_fraction_pipe_reg[6]_MuLt_12_OUT
    DSP48_X1Y10.PCIN10   net (fanout=1)        0.059   u_fdpe/Maddsub_delta_reg[16]_fraction_pipe_reg[6]_MuLt_12_OUT_PCOUT_to_Madd_n01241_PCIN_10
    DSP48_X1Y10.P23      Tdspdo_PCIN_P         2.645   u_fdpe/Madd_n01241
                                                       u_fdpe/Madd_n01241
    SLICE_X30Y41.A2      net (fanout=1)        0.951   u_fdpe/n0124<23>
    SLICE_X30Y41.A       Tilo                  0.254   u_fdpe/_n02512
                                                       u_fdpe/_n02512
    SLICE_X33Y41.B5      net (fanout=1)        0.439   u_fdpe/_n02512
    SLICE_X33Y41.B       Tilo                  0.259   u_fdpe/decay_reg<0>
                                                       u_fdpe/_n02513
    SLICE_X31Y40.A5      net (fanout=16)       0.545   u_fdpe/_n0251
    SLICE_X31Y40.CLK     Tas                   0.373   u_fdpe/decay_reg<5>
                                                       u_fdpe/decay_reg_3_glue_set
                                                       u_fdpe/decay_reg_3
    -------------------------------------------------  ---------------------------
    Total                                      9.477ns (7.483ns logic, 1.994ns route)
                                                       (79.0% logic, 21.0% route)

--------------------------------------------------------------------------------
Slack (setup path):     0.475ns (requirement - (data path - clock path skew + uncertainty))
  Source:               u_fdpe/Maddsub_delta_reg[16]_fraction_pipe_reg[6]_MuLt_12_OUT (DSP)
  Destination:          u_fdpe/decay_reg_3 (FF)
  Requirement:          10.000ns
  Data Path Delay:      9.477ns (Levels of Logic = 4)
  Clock Path Skew:      -0.013ns (0.325 - 0.338)
  Source Clock:         clk_100mhz_BUFGP rising at 0.000ns
  Destination Clock:    clk_100mhz_BUFGP rising at 10.000ns
  Clock Uncertainty:    0.035ns

  Clock Uncertainty:          0.035ns  ((TSJ^2 + TIJ^2)^1/2 + DJ) / 2 + PE
    Total System Jitter (TSJ):  0.070ns
    Total Input Jitter (TIJ):   0.000ns
    Discrete Jitter (DJ):       0.000ns
    Phase Error (PE):           0.000ns

  Maximum Data Path at Slow Process Corner: u_fdpe/Maddsub_delta_reg[16]_fraction_pipe_reg[6]_MuLt_12_OUT to u_fdpe/decay_reg_3
    Location             Delay type         Delay(ns)  Physical Resource
                                                       Logical Resource(s)
    -------------------------------------------------  -------------------
    DSP48_X1Y9.PCOUT1    Tdspcko_PCOUT_MREG    3.952   u_fdpe/Maddsub_delta_reg[16]_fraction_pipe_reg[6]_MuLt_12_OUT
                                                       u_fdpe/Maddsub_delta_reg[16]_fraction_pipe_reg[6]_MuLt_12_OUT
    DSP48_X1Y10.PCIN1    net (fanout=1)        0.059   u_fdpe/Maddsub_delta_reg[16]_fraction_pipe_reg[6]_MuLt_12_OUT_PCOUT_to_Madd_n01241_PCIN_1
    DSP48_X1Y10.P23      Tdspdo_PCIN_P         2.645   u_fdpe/Madd_n01241
                                                       u_fdpe/Madd_n01241
    SLICE_X30Y41.A2      net (fanout=1)        0.951   u_fdpe/n0124<23>
    SLICE_X30Y41.A       Tilo                  0.254   u_fdpe/_n02512
                                                       u_fdpe/_n02512
    SLICE_X33Y41.B5      net (fanout=1)        0.439   u_fdpe/_n02512
    SLICE_X33Y41.B       Tilo                  0.259   u_fdpe/decay_reg<0>
                                                       u_fdpe/_n02513
    SLICE_X31Y40.A5      net (fanout=16)       0.545   u_fdpe/_n0251
    SLICE_X31Y40.CLK     Tas                   0.373   u_fdpe/decay_reg<5>
                                                       u_fdpe/decay_reg_3_glue_set
                                                       u_fdpe/decay_reg_3
    -------------------------------------------------  ---------------------------
    Total                                      9.477ns (7.483ns logic, 1.994ns route)
                                                       (79.0% logic, 21.0% route)

--------------------------------------------------------------------------------
Slack (setup path):     0.475ns (requirement - (data path - clock path skew + uncertainty))
  Source:               u_fdpe/Maddsub_delta_reg[16]_fraction_pipe_reg[6]_MuLt_12_OUT (DSP)
  Destination:          u_fdpe/decay_reg_3 (FF)
  Requirement:          10.000ns
  Data Path Delay:      9.477ns (Levels of Logic = 4)
  Clock Path Skew:      -0.013ns (0.325 - 0.338)
  Source Clock:         clk_100mhz_BUFGP rising at 0.000ns
  Destination Clock:    clk_100mhz_BUFGP rising at 10.000ns
  Clock Uncertainty:    0.035ns

  Clock Uncertainty:          0.035ns  ((TSJ^2 + TIJ^2)^1/2 + DJ) / 2 + PE
    Total System Jitter (TSJ):  0.070ns
    Total Input Jitter (TIJ):   0.000ns
    Discrete Jitter (DJ):       0.000ns
    Phase Error (PE):           0.000ns

  Maximum Data Path at Slow Process Corner: u_fdpe/Maddsub_delta_reg[16]_fraction_pipe_reg[6]_MuLt_12_OUT to u_fdpe/decay_reg_3
    Location             Delay type         Delay(ns)  Physical Resource
                                                       Logical Resource(s)
    -------------------------------------------------  -------------------
    DSP48_X1Y9.PCOUT0    Tdspcko_PCOUT_MREG    3.952   u_fdpe/Maddsub_delta_reg[16]_fraction_pipe_reg[6]_MuLt_12_OUT
                                                       u_fdpe/Maddsub_delta_reg[16]_fraction_pipe_reg[6]_MuLt_12_OUT
    DSP48_X1Y10.PCIN0    net (fanout=1)        0.059   u_fdpe/Maddsub_delta_reg[16]_fraction_pipe_reg[6]_MuLt_12_OUT_PCOUT_to_Madd_n01241_PCIN_0
    DSP48_X1Y10.P23      Tdspdo_PCIN_P         2.645   u_fdpe/Madd_n01241
                                                       u_fdpe/Madd_n01241
    SLICE_X30Y41.A2      net (fanout=1)        0.951   u_fdpe/n0124<23>
    SLICE_X30Y41.A       Tilo                  0.254   u_fdpe/_n02512
                                                       u_fdpe/_n02512
    SLICE_X33Y41.B5      net (fanout=1)        0.439   u_fdpe/_n02512
    SLICE_X33Y41.B       Tilo                  0.259   u_fdpe/decay_reg<0>
                                                       u_fdpe/_n02513
    SLICE_X31Y40.A5      net (fanout=16)       0.545   u_fdpe/_n0251
    SLICE_X31Y40.CLK     Tas                   0.373   u_fdpe/decay_reg<5>
                                                       u_fdpe/decay_reg_3_glue_set
                                                       u_fdpe/decay_reg_3
    -------------------------------------------------  ---------------------------
    Total                                      9.477ns (7.483ns logic, 1.994ns route)
                                                       (79.0% logic, 21.0% route)

--------------------------------------------------------------------------------
Slack (setup path):     0.475ns (requirement - (data path - clock path skew + uncertainty))
  Source:               u_fdpe/Maddsub_delta_reg[16]_fraction_pipe_reg[6]_MuLt_12_OUT (DSP)
  Destination:          u_fdpe/decay_reg_3 (FF)
  Requirement:          10.000ns
  Data Path Delay:      9.477ns (Levels of Logic = 4)
  Clock Path Skew:      -0.013ns (0.325 - 0.338)
  Source Clock:         clk_100mhz_BUFGP rising at 0.000ns
  Destination Clock:    clk_100mhz_BUFGP rising at 10.000ns
  Clock Uncertainty:    0.035ns

  Clock Uncertainty:          0.035ns  ((TSJ^2 + TIJ^2)^1/2 + DJ) / 2 + PE
    Total System Jitter (TSJ):  0.070ns
    Total Input Jitter (TIJ):   0.000ns
    Discrete Jitter (DJ):       0.000ns
    Phase Error (PE):           0.000ns

  Maximum Data Path at Slow Process Corner: u_fdpe/Maddsub_delta_reg[16]_fraction_pipe_reg[6]_MuLt_12_OUT to u_fdpe/decay_reg_3
    Location             Delay type         Delay(ns)  Physical Resource
                                                       Logical Resource(s)
    -------------------------------------------------  -------------------
    DSP48_X1Y9.PCOUT16   Tdspcko_PCOUT_MREG    3.952   u_fdpe/Maddsub_delta_reg[16]_fraction_pipe_reg[6]_MuLt_12_OUT
                                                       u_fdpe/Maddsub_delta_reg[16]_fraction_pipe_reg[6]_MuLt_12_OUT
    DSP48_X1Y10.PCIN16   net (fanout=1)        0.059   u_fdpe/Maddsub_delta_reg[16]_fraction_pipe_reg[6]_MuLt_12_OUT_PCOUT_to_Madd_n01241_PCIN_16
    DSP48_X1Y10.P23      Tdspdo_PCIN_P         2.645   u_fdpe/Madd_n01241
                                                       u_fdpe/Madd_n01241
    SLICE_X30Y41.A2      net (fanout=1)        0.951   u_fdpe/n0124<23>
    SLICE_X30Y41.A       Tilo                  0.254   u_fdpe/_n02512
                                                       u_fdpe/_n02512
    SLICE_X33Y41.B5      net (fanout=1)        0.439   u_fdpe/_n02512
    SLICE_X33Y41.B       Tilo                  0.259   u_fdpe/decay_reg<0>
                                                       u_fdpe/_n02513
    SLICE_X31Y40.A5      net (fanout=16)       0.545   u_fdpe/_n0251
    SLICE_X31Y40.CLK     Tas                   0.373   u_fdpe/decay_reg<5>
                                                       u_fdpe/decay_reg_3_glue_set
                                                       u_fdpe/decay_reg_3
    -------------------------------------------------  ---------------------------
    Total                                      9.477ns (7.483ns logic, 1.994ns route)
                                                       (79.0% logic, 21.0% route)

--------------------------------------------------------------------------------

Paths for end point u_fdpe/decay_reg_11 (SLICE_X30Y40.A5), 438 paths
--------------------------------------------------------------------------------
Slack (setup path):     0.492ns (requirement - (data path - clock path skew + uncertainty))
  Source:               u_fdpe/Maddsub_delta_reg[16]_fraction_pipe_reg[6]_MuLt_12_OUT (DSP)
  Destination:          u_fdpe/decay_reg_11 (FF)
  Requirement:          10.000ns
  Data Path Delay:      9.460ns (Levels of Logic = 4)
  Clock Path Skew:      -0.013ns (0.325 - 0.338)
  Source Clock:         clk_100mhz_BUFGP rising at 0.000ns
  Destination Clock:    clk_100mhz_BUFGP rising at 10.000ns
  Clock Uncertainty:    0.035ns

  Clock Uncertainty:          0.035ns  ((TSJ^2 + TIJ^2)^1/2 + DJ) / 2 + PE
    Total System Jitter (TSJ):  0.070ns
    Total Input Jitter (TIJ):   0.000ns
    Discrete Jitter (DJ):       0.000ns
    Phase Error (PE):           0.000ns

  Maximum Data Path at Slow Process Corner: u_fdpe/Maddsub_delta_reg[16]_fraction_pipe_reg[6]_MuLt_12_OUT to u_fdpe/decay_reg_11
    Location             Delay type         Delay(ns)  Physical Resource
                                                       Logical Resource(s)
    -------------------------------------------------  -------------------
    DSP48_X1Y9.PCOUT12   Tdspcko_PCOUT_MREG    3.952   u_fdpe/Maddsub_delta_reg[16]_fraction_pipe_reg[6]_MuLt_12_OUT
                                                       u_fdpe/Maddsub_delta_reg[16]_fraction_pipe_reg[6]_MuLt_12_OUT
    DSP48_X1Y10.PCIN12   net (fanout=1)        0.059   u_fdpe/Maddsub_delta_reg[16]_fraction_pipe_reg[6]_MuLt_12_OUT_PCOUT_to_Madd_n01241_PCIN_12
    DSP48_X1Y10.P23      Tdspdo_PCIN_P         2.645   u_fdpe/Madd_n01241
                                                       u_fdpe/Madd_n01241
    SLICE_X30Y41.A2      net (fanout=1)        0.951   u_fdpe/n0124<23>
    SLICE_X30Y41.A       Tilo                  0.254   u_fdpe/_n02512
                                                       u_fdpe/_n02512
    SLICE_X33Y41.B5      net (fanout=1)        0.439   u_fdpe/_n02512
    SLICE_X33Y41.B       Tilo                  0.259   u_fdpe/decay_reg<0>
                                                       u_fdpe/_n02513
    SLICE_X30Y40.A5      net (fanout=16)       0.562   u_fdpe/_n0251
    SLICE_X30Y40.CLK     Tas                   0.339   u_fdpe/decay_reg<14>
                                                       u_fdpe/decay_reg_11_glue_set
                                                       u_fdpe/decay_reg_11
    -------------------------------------------------  ---------------------------
    Total                                      9.460ns (7.449ns logic, 2.011ns route)
                                                       (78.7% logic, 21.3% route)

--------------------------------------------------------------------------------
Slack (setup path):     0.492ns (requirement - (data path - clock path skew + uncertainty))
  Source:               u_fdpe/Maddsub_delta_reg[16]_fraction_pipe_reg[6]_MuLt_12_OUT (DSP)
  Destination:          u_fdpe/decay_reg_11 (FF)
  Requirement:          10.000ns
  Data Path Delay:      9.460ns (Levels of Logic = 4)
  Clock Path Skew:      -0.013ns (0.325 - 0.338)
  Source Clock:         clk_100mhz_BUFGP rising at 0.000ns
  Destination Clock:    clk_100mhz_BUFGP rising at 10.000ns
  Clock Uncertainty:    0.035ns

  Clock Uncertainty:          0.035ns  ((TSJ^2 + TIJ^2)^1/2 + DJ) / 2 + PE
    Total System Jitter (TSJ):  0.070ns
    Total Input Jitter (TIJ):   0.000ns
    Discrete Jitter (DJ):       0.000ns
    Phase Error (PE):           0.000ns

  Maximum Data Path at Slow Process Corner: u_fdpe/Maddsub_delta_reg[16]_fraction_pipe_reg[6]_MuLt_12_OUT to u_fdpe/decay_reg_11
    Location             Delay type         Delay(ns)  Physical Resource
                                                       Logical Resource(s)
    -------------------------------------------------  -------------------
    DSP48_X1Y9.PCOUT15   Tdspcko_PCOUT_MREG    3.952   u_fdpe/Maddsub_delta_reg[16]_fraction_pipe_reg[6]_MuLt_12_OUT
                                                       u_fdpe/Maddsub_delta_reg[16]_fraction_pipe_reg[6]_MuLt_12_OUT
    DSP48_X1Y10.PCIN15   net (fanout=1)        0.059   u_fdpe/Maddsub_delta_reg[16]_fraction_pipe_reg[6]_MuLt_12_OUT_PCOUT_to_Madd_n01241_PCIN_15
    DSP48_X1Y10.P23      Tdspdo_PCIN_P         2.645   u_fdpe/Madd_n01241
                                                       u_fdpe/Madd_n01241
    SLICE_X30Y41.A2      net (fanout=1)        0.951   u_fdpe/n0124<23>
    SLICE_X30Y41.A       Tilo                  0.254   u_fdpe/_n02512
                                                       u_fdpe/_n02512
    SLICE_X33Y41.B5      net (fanout=1)        0.439   u_fdpe/_n02512
    SLICE_X33Y41.B       Tilo                  0.259   u_fdpe/decay_reg<0>
                                                       u_fdpe/_n02513
    SLICE_X30Y40.A5      net (fanout=16)       0.562   u_fdpe/_n0251
    SLICE_X30Y40.CLK     Tas                   0.339   u_fdpe/decay_reg<14>
                                                       u_fdpe/decay_reg_11_glue_set
                                                       u_fdpe/decay_reg_11
    -------------------------------------------------  ---------------------------
    Total                                      9.460ns (7.449ns logic, 2.011ns route)
                                                       (78.7% logic, 21.3% route)

--------------------------------------------------------------------------------
Slack (setup path):     0.492ns (requirement - (data path - clock path skew + uncertainty))
  Source:               u_fdpe/Maddsub_delta_reg[16]_fraction_pipe_reg[6]_MuLt_12_OUT (DSP)
  Destination:          u_fdpe/decay_reg_11 (FF)
  Requirement:          10.000ns
  Data Path Delay:      9.460ns (Levels of Logic = 4)
  Clock Path Skew:      -0.013ns (0.325 - 0.338)
  Source Clock:         clk_100mhz_BUFGP rising at 0.000ns
  Destination Clock:    clk_100mhz_BUFGP rising at 10.000ns
  Clock Uncertainty:    0.035ns

  Clock Uncertainty:          0.035ns  ((TSJ^2 + TIJ^2)^1/2 + DJ) / 2 + PE
    Total System Jitter (TSJ):  0.070ns
    Total Input Jitter (TIJ):   0.000ns
    Discrete Jitter (DJ):       0.000ns
    Phase Error (PE):           0.000ns

  Maximum Data Path at Slow Process Corner: u_fdpe/Maddsub_delta_reg[16]_fraction_pipe_reg[6]_MuLt_12_OUT to u_fdpe/decay_reg_11
    Location             Delay type         Delay(ns)  Physical Resource
                                                       Logical Resource(s)
    -------------------------------------------------  -------------------
    DSP48_X1Y9.PCOUT14   Tdspcko_PCOUT_MREG    3.952   u_fdpe/Maddsub_delta_reg[16]_fraction_pipe_reg[6]_MuLt_12_OUT
                                                       u_fdpe/Maddsub_delta_reg[16]_fraction_pipe_reg[6]_MuLt_12_OUT
    DSP48_X1Y10.PCIN14   net (fanout=1)        0.059   u_fdpe/Maddsub_delta_reg[16]_fraction_pipe_reg[6]_MuLt_12_OUT_PCOUT_to_Madd_n01241_PCIN_14
    DSP48_X1Y10.P23      Tdspdo_PCIN_P         2.645   u_fdpe/Madd_n01241
                                                       u_fdpe/Madd_n01241
    SLICE_X30Y41.A2      net (fanout=1)        0.951   u_fdpe/n0124<23>
    SLICE_X30Y41.A       Tilo                  0.254   u_fdpe/_n02512
                                                       u_fdpe/_n02512
    SLICE_X33Y41.B5      net (fanout=1)        0.439   u_fdpe/_n02512
    SLICE_X33Y41.B       Tilo                  0.259   u_fdpe/decay_reg<0>
                                                       u_fdpe/_n02513
    SLICE_X30Y40.A5      net (fanout=16)       0.562   u_fdpe/_n0251
    SLICE_X30Y40.CLK     Tas                   0.339   u_fdpe/decay_reg<14>
                                                       u_fdpe/decay_reg_11_glue_set
                                                       u_fdpe/decay_reg_11
    -------------------------------------------------  ---------------------------
    Total                                      9.460ns (7.449ns logic, 2.011ns route)
                                                       (78.7% logic, 21.3% route)

--------------------------------------------------------------------------------
Slack (setup path):     0.492ns (requirement - (data path - clock path skew + uncertainty))
  Source:               u_fdpe/Maddsub_delta_reg[16]_fraction_pipe_reg[6]_MuLt_12_OUT (DSP)
  Destination:          u_fdpe/decay_reg_11 (FF)
  Requirement:          10.000ns
  Data Path Delay:      9.460ns (Levels of Logic = 4)
  Clock Path Skew:      -0.013ns (0.325 - 0.338)
  Source Clock:         clk_100mhz_BUFGP rising at 0.000ns
  Destination Clock:    clk_100mhz_BUFGP rising at 10.000ns
  Clock Uncertainty:    0.035ns

  Clock Uncertainty:          0.035ns  ((TSJ^2 + TIJ^2)^1/2 + DJ) / 2 + PE
    Total System Jitter (TSJ):  0.070ns
    Total Input Jitter (TIJ):   0.000ns
    Discrete Jitter (DJ):       0.000ns
    Phase Error (PE):           0.000ns

  Maximum Data Path at Slow Process Corner: u_fdpe/Maddsub_delta_reg[16]_fraction_pipe_reg[6]_MuLt_12_OUT to u_fdpe/decay_reg_11
    Location             Delay type         Delay(ns)  Physical Resource
                                                       Logical Resource(s)
    -------------------------------------------------  -------------------
    DSP48_X1Y9.PCOUT13   Tdspcko_PCOUT_MREG    3.952   u_fdpe/Maddsub_delta_reg[16]_fraction_pipe_reg[6]_MuLt_12_OUT
                                                       u_fdpe/Maddsub_delta_reg[16]_fraction_pipe_reg[6]_MuLt_12_OUT
    DSP48_X1Y10.PCIN13   net (fanout=1)        0.059   u_fdpe/Maddsub_delta_reg[16]_fraction_pipe_reg[6]_MuLt_12_OUT_PCOUT_to_Madd_n01241_PCIN_13
    DSP48_X1Y10.P23      Tdspdo_PCIN_P         2.645   u_fdpe/Madd_n01241
                                                       u_fdpe/Madd_n01241
    SLICE_X30Y41.A2      net (fanout=1)        0.951   u_fdpe/n0124<23>
    SLICE_X30Y41.A       Tilo                  0.254   u_fdpe/_n02512
                                                       u_fdpe/_n02512
    SLICE_X33Y41.B5      net (fanout=1)        0.439   u_fdpe/_n02512
    SLICE_X33Y41.B       Tilo                  0.259   u_fdpe/decay_reg<0>
                                                       u_fdpe/_n02513
    SLICE_X30Y40.A5      net (fanout=16)       0.562   u_fdpe/_n0251
    SLICE_X30Y40.CLK     Tas                   0.339   u_fdpe/decay_reg<14>
                                                       u_fdpe/decay_reg_11_glue_set
                                                       u_fdpe/decay_reg_11
    -------------------------------------------------  ---------------------------
    Total                                      9.460ns (7.449ns logic, 2.011ns route)
                                                       (78.7% logic, 21.3% route)

--------------------------------------------------------------------------------
Slack (setup path):     0.492ns (requirement - (data path - clock path skew + uncertainty))
  Source:               u_fdpe/Maddsub_delta_reg[16]_fraction_pipe_reg[6]_MuLt_12_OUT (DSP)
  Destination:          u_fdpe/decay_reg_11 (FF)
  Requirement:          10.000ns
  Data Path Delay:      9.460ns (Levels of Logic = 4)
  Clock Path Skew:      -0.013ns (0.325 - 0.338)
  Source Clock:         clk_100mhz_BUFGP rising at 0.000ns
  Destination Clock:    clk_100mhz_BUFGP rising at 10.000ns
  Clock Uncertainty:    0.035ns

  Clock Uncertainty:          0.035ns  ((TSJ^2 + TIJ^2)^1/2 + DJ) / 2 + PE
    Total System Jitter (TSJ):  0.070ns
    Total Input Jitter (TIJ):   0.000ns
    Discrete Jitter (DJ):       0.000ns
    Phase Error (PE):           0.000ns

  Maximum Data Path at Slow Process Corner: u_fdpe/Maddsub_delta_reg[16]_fraction_pipe_reg[6]_MuLt_12_OUT to u_fdpe/decay_reg_11
    Location             Delay type         Delay(ns)  Physical Resource
                                                       Logical Resource(s)
    -------------------------------------------------  -------------------
    DSP48_X1Y9.PCOUT9    Tdspcko_PCOUT_MREG    3.952   u_fdpe/Maddsub_delta_reg[16]_fraction_pipe_reg[6]_MuLt_12_OUT
                                                       u_fdpe/Maddsub_delta_reg[16]_fraction_pipe_reg[6]_MuLt_12_OUT
    DSP48_X1Y10.PCIN9    net (fanout=1)        0.059   u_fdpe/Maddsub_delta_reg[16]_fraction_pipe_reg[6]_MuLt_12_OUT_PCOUT_to_Madd_n01241_PCIN_9
    DSP48_X1Y10.P23      Tdspdo_PCIN_P         2.645   u_fdpe/Madd_n01241
                                                       u_fdpe/Madd_n01241
    SLICE_X30Y41.A2      net (fanout=1)        0.951   u_fdpe/n0124<23>
    SLICE_X30Y41.A       Tilo                  0.254   u_fdpe/_n02512
                                                       u_fdpe/_n02512
    SLICE_X33Y41.B5      net (fanout=1)        0.439   u_fdpe/_n02512
    SLICE_X33Y41.B       Tilo                  0.259   u_fdpe/decay_reg<0>
                                                       u_fdpe/_n02513
    SLICE_X30Y40.A5      net (fanout=16)       0.562   u_fdpe/_n0251
    SLICE_X30Y40.CLK     Tas                   0.339   u_fdpe/decay_reg<14>
                                                       u_fdpe/decay_reg_11_glue_set
                                                       u_fdpe/decay_reg_11
    -------------------------------------------------  ---------------------------
    Total                                      9.460ns (7.449ns logic, 2.011ns route)
                                                       (78.7% logic, 21.3% route)

--------------------------------------------------------------------------------
Slack (setup path):     0.492ns (requirement - (data path - clock path skew + uncertainty))
  Source:               u_fdpe/Maddsub_delta_reg[16]_fraction_pipe_reg[6]_MuLt_12_OUT (DSP)
  Destination:          u_fdpe/decay_reg_11 (FF)
  Requirement:          10.000ns
  Data Path Delay:      9.460ns (Levels of Logic = 4)
  Clock Path Skew:      -0.013ns (0.325 - 0.338)
  Source Clock:         clk_100mhz_BUFGP rising at 0.000ns
  Destination Clock:    clk_100mhz_BUFGP rising at 10.000ns
  Clock Uncertainty:    0.035ns

  Clock Uncertainty:          0.035ns  ((TSJ^2 + TIJ^2)^1/2 + DJ) / 2 + PE
    Total System Jitter (TSJ):  0.070ns
    Total Input Jitter (TIJ):   0.000ns
    Discrete Jitter (DJ):       0.000ns
    Phase Error (PE):           0.000ns

  Maximum Data Path at Slow Process Corner: u_fdpe/Maddsub_delta_reg[16]_fraction_pipe_reg[6]_MuLt_12_OUT to u_fdpe/decay_reg_11
    Location             Delay type         Delay(ns)  Physical Resource
                                                       Logical Resource(s)
    -------------------------------------------------  -------------------
    DSP48_X1Y9.PCOUT11   Tdspcko_PCOUT_MREG    3.952   u_fdpe/Maddsub_delta_reg[16]_fraction_pipe_reg[6]_MuLt_12_OUT
                                                       u_fdpe/Maddsub_delta_reg[16]_fraction_pipe_reg[6]_MuLt_12_OUT
    DSP48_X1Y10.PCIN11   net (fanout=1)        0.059   u_fdpe/Maddsub_delta_reg[16]_fraction_pipe_reg[6]_MuLt_12_OUT_PCOUT_to_Madd_n01241_PCIN_11
    DSP48_X1Y10.P23      Tdspdo_PCIN_P         2.645   u_fdpe/Madd_n01241
                                                       u_fdpe/Madd_n01241
    SLICE_X30Y41.A2      net (fanout=1)        0.951   u_fdpe/n0124<23>
    SLICE_X30Y41.A       Tilo                  0.254   u_fdpe/_n02512
                                                       u_fdpe/_n02512
    SLICE_X33Y41.B5      net (fanout=1)        0.439   u_fdpe/_n02512
    SLICE_X33Y41.B       Tilo                  0.259   u_fdpe/decay_reg<0>
                                                       u_fdpe/_n02513
    SLICE_X30Y40.A5      net (fanout=16)       0.562   u_fdpe/_n0251
    SLICE_X30Y40.CLK     Tas                   0.339   u_fdpe/decay_reg<14>
                                                       u_fdpe/decay_reg_11_glue_set
                                                       u_fdpe/decay_reg_11
    -------------------------------------------------  ---------------------------
    Total                                      9.460ns (7.449ns logic, 2.011ns route)
                                                       (78.7% logic, 21.3% route)

--------------------------------------------------------------------------------
Slack (setup path):     0.492ns (requirement - (data path - clock path skew + uncertainty))
  Source:               u_fdpe/Maddsub_delta_reg[16]_fraction_pipe_reg[6]_MuLt_12_OUT (DSP)
  Destination:          u_fdpe/decay_reg_11 (FF)
  Requirement:          10.000ns
  Data Path Delay:      9.460ns (Levels of Logic = 4)
  Clock Path Skew:      -0.013ns (0.325 - 0.338)
  Source Clock:         clk_100mhz_BUFGP rising at 0.000ns
  Destination Clock:    clk_100mhz_BUFGP rising at 10.000ns
  Clock Uncertainty:    0.035ns

  Clock Uncertainty:          0.035ns  ((TSJ^2 + TIJ^2)^1/2 + DJ) / 2 + PE
    Total System Jitter (TSJ):  0.070ns
    Total Input Jitter (TIJ):   0.000ns
    Discrete Jitter (DJ):       0.000ns
    Phase Error (PE):           0.000ns

  Maximum Data Path at Slow Process Corner: u_fdpe/Maddsub_delta_reg[16]_fraction_pipe_reg[6]_MuLt_12_OUT to u_fdpe/decay_reg_11
    Location             Delay type         Delay(ns)  Physical Resource
                                                       Logical Resource(s)
    -------------------------------------------------  -------------------
    DSP48_X1Y9.PCOUT10   Tdspcko_PCOUT_MREG    3.952   u_fdpe/Maddsub_delta_reg[16]_fraction_pipe_reg[6]_MuLt_12_OUT
                                                       u_fdpe/Maddsub_delta_reg[16]_fraction_pipe_reg[6]_MuLt_12_OUT
    DSP48_X1Y10.PCIN10   net (fanout=1)        0.059   u_fdpe/Maddsub_delta_reg[16]_fraction_pipe_reg[6]_MuLt_12_OUT_PCOUT_to_Madd_n01241_PCIN_10
    DSP48_X1Y10.P23      Tdspdo_PCIN_P         2.645   u_fdpe/Madd_n01241
                                                       u_fdpe/Madd_n01241
    SLICE_X30Y41.A2      net (fanout=1)        0.951   u_fdpe/n0124<23>
    SLICE_X30Y41.A       Tilo                  0.254   u_fdpe/_n02512
                                                       u_fdpe/_n02512
    SLICE_X33Y41.B5      net (fanout=1)        0.439   u_fdpe/_n02512
    SLICE_X33Y41.B       Tilo                  0.259   u_fdpe/decay_reg<0>
                                                       u_fdpe/_n02513
    SLICE_X30Y40.A5      net (fanout=16)       0.562   u_fdpe/_n0251
    SLICE_X30Y40.CLK     Tas                   0.339   u_fdpe/decay_reg<14>
                                                       u_fdpe/decay_reg_11_glue_set
                                                       u_fdpe/decay_reg_11
    -------------------------------------------------  ---------------------------
    Total                                      9.460ns (7.449ns logic, 2.011ns route)
                                                       (78.7% logic, 21.3% route)

--------------------------------------------------------------------------------
Slack (setup path):     0.492ns (requirement - (data path - clock path skew + uncertainty))
  Source:               u_fdpe/Maddsub_delta_reg[16]_fraction_pipe_reg[6]_MuLt_12_OUT (DSP)
  Destination:          u_fdpe/decay_reg_11 (FF)
  Requirement:          10.000ns
  Data Path Delay:      9.460ns (Levels of Logic = 4)
  Clock Path Skew:      -0.013ns (0.325 - 0.338)
  Source Clock:         clk_100mhz_BUFGP rising at 0.000ns
  Destination Clock:    clk_100mhz_BUFGP rising at 10.000ns
  Clock Uncertainty:    0.035ns

  Clock Uncertainty:          0.035ns  ((TSJ^2 + TIJ^2)^1/2 + DJ) / 2 + PE
    Total System Jitter (TSJ):  0.070ns
    Total Input Jitter (TIJ):   0.000ns
    Discrete Jitter (DJ):       0.000ns
    Phase Error (PE):           0.000ns

  Maximum Data Path at Slow Process Corner: u_fdpe/Maddsub_delta_reg[16]_fraction_pipe_reg[6]_MuLt_12_OUT to u_fdpe/decay_reg_11
    Location             Delay type         Delay(ns)  Physical Resource
                                                       Logical Resource(s)
    -------------------------------------------------  -------------------
    DSP48_X1Y9.PCOUT1    Tdspcko_PCOUT_MREG    3.952   u_fdpe/Maddsub_delta_reg[16]_fraction_pipe_reg[6]_MuLt_12_OUT
                                                       u_fdpe/Maddsub_delta_reg[16]_fraction_pipe_reg[6]_MuLt_12_OUT
    DSP48_X1Y10.PCIN1    net (fanout=1)        0.059   u_fdpe/Maddsub_delta_reg[16]_fraction_pipe_reg[6]_MuLt_12_OUT_PCOUT_to_Madd_n01241_PCIN_1
    DSP48_X1Y10.P23      Tdspdo_PCIN_P         2.645   u_fdpe/Madd_n01241
                                                       u_fdpe/Madd_n01241
    SLICE_X30Y41.A2      net (fanout=1)        0.951   u_fdpe/n0124<23>
    SLICE_X30Y41.A       Tilo                  0.254   u_fdpe/_n02512
                                                       u_fdpe/_n02512
    SLICE_X33Y41.B5      net (fanout=1)        0.439   u_fdpe/_n02512
    SLICE_X33Y41.B       Tilo                  0.259   u_fdpe/decay_reg<0>
                                                       u_fdpe/_n02513
    SLICE_X30Y40.A5      net (fanout=16)       0.562   u_fdpe/_n0251
    SLICE_X30Y40.CLK     Tas                   0.339   u_fdpe/decay_reg<14>
                                                       u_fdpe/decay_reg_11_glue_set
                                                       u_fdpe/decay_reg_11
    -------------------------------------------------  ---------------------------
    Total                                      9.460ns (7.449ns logic, 2.011ns route)
                                                       (78.7% logic, 21.3% route)

--------------------------------------------------------------------------------
Slack (setup path):     0.492ns (requirement - (data path - clock path skew + uncertainty))
  Source:               u_fdpe/Maddsub_delta_reg[16]_fraction_pipe_reg[6]_MuLt_12_OUT (DSP)
  Destination:          u_fdpe/decay_reg_11 (FF)
  Requirement:          10.000ns
  Data Path Delay:      9.460ns (Levels of Logic = 4)
  Clock Path Skew:      -0.013ns (0.325 - 0.338)
  Source Clock:         clk_100mhz_BUFGP rising at 0.000ns
  Destination Clock:    clk_100mhz_BUFGP rising at 10.000ns
  Clock Uncertainty:    0.035ns

  Clock Uncertainty:          0.035ns  ((TSJ^2 + TIJ^2)^1/2 + DJ) / 2 + PE
    Total System Jitter (TSJ):  0.070ns
    Total Input Jitter (TIJ):   0.000ns
    Discrete Jitter (DJ):       0.000ns
    Phase Error (PE):           0.000ns

  Maximum Data Path at Slow Process Corner: u_fdpe/Maddsub_delta_reg[16]_fraction_pipe_reg[6]_MuLt_12_OUT to u_fdpe/decay_reg_11
    Location             Delay type         Delay(ns)  Physical Resource
                                                       Logical Resource(s)
    -------------------------------------------------  -------------------
    DSP48_X1Y9.PCOUT0    Tdspcko_PCOUT_MREG    3.952   u_fdpe/Maddsub_delta_reg[16]_fraction_pipe_reg[6]_MuLt_12_OUT
                                                       u_fdpe/Maddsub_delta_reg[16]_fraction_pipe_reg[6]_MuLt_12_OUT
    DSP48_X1Y10.PCIN0    net (fanout=1)        0.059   u_fdpe/Maddsub_delta_reg[16]_fraction_pipe_reg[6]_MuLt_12_OUT_PCOUT_to_Madd_n01241_PCIN_0
    DSP48_X1Y10.P23      Tdspdo_PCIN_P         2.645   u_fdpe/Madd_n01241
                                                       u_fdpe/Madd_n01241
    SLICE_X30Y41.A2      net (fanout=1)        0.951   u_fdpe/n0124<23>
    SLICE_X30Y41.A       Tilo                  0.254   u_fdpe/_n02512
                                                       u_fdpe/_n02512
    SLICE_X33Y41.B5      net (fanout=1)        0.439   u_fdpe/_n02512
    SLICE_X33Y41.B       Tilo                  0.259   u_fdpe/decay_reg<0>
                                                       u_fdpe/_n02513
    SLICE_X30Y40.A5      net (fanout=16)       0.562   u_fdpe/_n0251
    SLICE_X30Y40.CLK     Tas                   0.339   u_fdpe/decay_reg<14>
                                                       u_fdpe/decay_reg_11_glue_set
                                                       u_fdpe/decay_reg_11
    -------------------------------------------------  ---------------------------
    Total                                      9.460ns (7.449ns logic, 2.011ns route)
                                                       (78.7% logic, 21.3% route)

--------------------------------------------------------------------------------
Slack (setup path):     0.492ns (requirement - (data path - clock path skew + uncertainty))
  Source:               u_fdpe/Maddsub_delta_reg[16]_fraction_pipe_reg[6]_MuLt_12_OUT (DSP)
  Destination:          u_fdpe/decay_reg_11 (FF)
  Requirement:          10.000ns
  Data Path Delay:      9.460ns (Levels of Logic = 4)
  Clock Path Skew:      -0.013ns (0.325 - 0.338)
  Source Clock:         clk_100mhz_BUFGP rising at 0.000ns
  Destination Clock:    clk_100mhz_BUFGP rising at 10.000ns
  Clock Uncertainty:    0.035ns

  Clock Uncertainty:          0.035ns  ((TSJ^2 + TIJ^2)^1/2 + DJ) / 2 + PE
    Total System Jitter (TSJ):  0.070ns
    Total Input Jitter (TIJ):   0.000ns
    Discrete Jitter (DJ):       0.000ns
    Phase Error (PE):           0.000ns

  Maximum Data Path at Slow Process Corner: u_fdpe/Maddsub_delta_reg[16]_fraction_pipe_reg[6]_MuLt_12_OUT to u_fdpe/decay_reg_11
    Location             Delay type         Delay(ns)  Physical Resource
                                                       Logical Resource(s)
    -------------------------------------------------  -------------------
    DSP48_X1Y9.PCOUT16   Tdspcko_PCOUT_MREG    3.952   u_fdpe/Maddsub_delta_reg[16]_fraction_pipe_reg[6]_MuLt_12_OUT
                                                       u_fdpe/Maddsub_delta_reg[16]_fraction_pipe_reg[6]_MuLt_12_OUT
    DSP48_X1Y10.PCIN16   net (fanout=1)        0.059   u_fdpe/Maddsub_delta_reg[16]_fraction_pipe_reg[6]_MuLt_12_OUT_PCOUT_to_Madd_n01241_PCIN_16
    DSP48_X1Y10.P23      Tdspdo_PCIN_P         2.645   u_fdpe/Madd_n01241
                                                       u_fdpe/Madd_n01241
    SLICE_X30Y41.A2      net (fanout=1)        0.951   u_fdpe/n0124<23>
    SLICE_X30Y41.A       Tilo                  0.254   u_fdpe/_n02512
                                                       u_fdpe/_n02512
    SLICE_X33Y41.B5      net (fanout=1)        0.439   u_fdpe/_n02512
    SLICE_X33Y41.B       Tilo                  0.259   u_fdpe/decay_reg<0>
                                                       u_fdpe/_n02513
    SLICE_X30Y40.A5      net (fanout=16)       0.562   u_fdpe/_n0251
    SLICE_X30Y40.CLK     Tas                   0.339   u_fdpe/decay_reg<14>
                                                       u_fdpe/decay_reg_11_glue_set
                                                       u_fdpe/decay_reg_11
    -------------------------------------------------  ---------------------------
    Total                                      9.460ns (7.449ns logic, 2.011ns route)
                                                       (78.7% logic, 21.3% route)

--------------------------------------------------------------------------------

Paths for end point u_fdpe/decay_reg_14 (SLICE_X30Y40.D5), 438 paths
--------------------------------------------------------------------------------
Slack (setup path):     0.500ns (requirement - (data path - clock path skew + uncertainty))
  Source:               u_fdpe/Maddsub_delta_reg[16]_fraction_pipe_reg[6]_MuLt_12_OUT (DSP)
  Destination:          u_fdpe/decay_reg_14 (FF)
  Requirement:          10.000ns
  Data Path Delay:      9.452ns (Levels of Logic = 4)
  Clock Path Skew:      -0.013ns (0.325 - 0.338)
  Source Clock:         clk_100mhz_BUFGP rising at 0.000ns
  Destination Clock:    clk_100mhz_BUFGP rising at 10.000ns
  Clock Uncertainty:    0.035ns

  Clock Uncertainty:          0.035ns  ((TSJ^2 + TIJ^2)^1/2 + DJ) / 2 + PE
    Total System Jitter (TSJ):  0.070ns
    Total Input Jitter (TIJ):   0.000ns
    Discrete Jitter (DJ):       0.000ns
    Phase Error (PE):           0.000ns

  Maximum Data Path at Slow Process Corner: u_fdpe/Maddsub_delta_reg[16]_fraction_pipe_reg[6]_MuLt_12_OUT to u_fdpe/decay_reg_14
    Location             Delay type         Delay(ns)  Physical Resource
                                                       Logical Resource(s)
    -------------------------------------------------  -------------------
    DSP48_X1Y9.PCOUT12   Tdspcko_PCOUT_MREG    3.952   u_fdpe/Maddsub_delta_reg[16]_fraction_pipe_reg[6]_MuLt_12_OUT
                                                       u_fdpe/Maddsub_delta_reg[16]_fraction_pipe_reg[6]_MuLt_12_OUT
    DSP48_X1Y10.PCIN12   net (fanout=1)        0.059   u_fdpe/Maddsub_delta_reg[16]_fraction_pipe_reg[6]_MuLt_12_OUT_PCOUT_to_Madd_n01241_PCIN_12
    DSP48_X1Y10.P23      Tdspdo_PCIN_P         2.645   u_fdpe/Madd_n01241
                                                       u_fdpe/Madd_n01241
    SLICE_X30Y41.A2      net (fanout=1)        0.951   u_fdpe/n0124<23>
    SLICE_X30Y41.A       Tilo                  0.254   u_fdpe/_n02512
                                                       u_fdpe/_n02512
    SLICE_X33Y41.B5      net (fanout=1)        0.439   u_fdpe/_n02512
    SLICE_X33Y41.B       Tilo                  0.259   u_fdpe/decay_reg<0>
                                                       u_fdpe/_n02513
    SLICE_X30Y40.D5      net (fanout=16)       0.554   u_fdpe/_n0251
    SLICE_X30Y40.CLK     Tas                   0.339   u_fdpe/decay_reg<14>
                                                       u_fdpe/decay_reg_14_glue_set
                                                       u_fdpe/decay_reg_14
    -------------------------------------------------  ---------------------------
    Total                                      9.452ns (7.449ns logic, 2.003ns route)
                                                       (78.8% logic, 21.2% route)

--------------------------------------------------------------------------------
Slack (setup path):     0.500ns (requirement - (data path - clock path skew + uncertainty))
  Source:               u_fdpe/Maddsub_delta_reg[16]_fraction_pipe_reg[6]_MuLt_12_OUT (DSP)
  Destination:          u_fdpe/decay_reg_14 (FF)
  Requirement:          10.000ns
  Data Path Delay:      9.452ns (Levels of Logic = 4)
  Clock Path Skew:      -0.013ns (0.325 - 0.338)
  Source Clock:         clk_100mhz_BUFGP rising at 0.000ns
  Destination Clock:    clk_100mhz_BUFGP rising at 10.000ns
  Clock Uncertainty:    0.035ns

  Clock Uncertainty:          0.035ns  ((TSJ^2 + TIJ^2)^1/2 + DJ) / 2 + PE
    Total System Jitter (TSJ):  0.070ns
    Total Input Jitter (TIJ):   0.000ns
    Discrete Jitter (DJ):       0.000ns
    Phase Error (PE):           0.000ns

  Maximum Data Path at Slow Process Corner: u_fdpe/Maddsub_delta_reg[16]_fraction_pipe_reg[6]_MuLt_12_OUT to u_fdpe/decay_reg_14
    Location             Delay type         Delay(ns)  Physical Resource
                                                       Logical Resource(s)
    -------------------------------------------------  -------------------
    DSP48_X1Y9.PCOUT15   Tdspcko_PCOUT_MREG    3.952   u_fdpe/Maddsub_delta_reg[16]_fraction_pipe_reg[6]_MuLt_12_OUT
                                                       u_fdpe/Maddsub_delta_reg[16]_fraction_pipe_reg[6]_MuLt_12_OUT
    DSP48_X1Y10.PCIN15   net (fanout=1)        0.059   u_fdpe/Maddsub_delta_reg[16]_fraction_pipe_reg[6]_MuLt_12_OUT_PCOUT_to_Madd_n01241_PCIN_15
    DSP48_X1Y10.P23      Tdspdo_PCIN_P         2.645   u_fdpe/Madd_n01241
                                                       u_fdpe/Madd_n01241
    SLICE_X30Y41.A2      net (fanout=1)        0.951   u_fdpe/n0124<23>
    SLICE_X30Y41.A       Tilo                  0.254   u_fdpe/_n02512
                                                       u_fdpe/_n02512
    SLICE_X33Y41.B5      net (fanout=1)        0.439   u_fdpe/_n02512
    SLICE_X33Y41.B       Tilo                  0.259   u_fdpe/decay_reg<0>
                                                       u_fdpe/_n02513
    SLICE_X30Y40.D5      net (fanout=16)       0.554   u_fdpe/_n0251
    SLICE_X30Y40.CLK     Tas                   0.339   u_fdpe/decay_reg<14>
                                                       u_fdpe/decay_reg_14_glue_set
                                                       u_fdpe/decay_reg_14
    -------------------------------------------------  ---------------------------
    Total                                      9.452ns (7.449ns logic, 2.003ns route)
                                                       (78.8% logic, 21.2% route)

--------------------------------------------------------------------------------
Slack (setup path):     0.500ns (requirement - (data path - clock path skew + uncertainty))
  Source:               u_fdpe/Maddsub_delta_reg[16]_fraction_pipe_reg[6]_MuLt_12_OUT (DSP)
  Destination:          u_fdpe/decay_reg_14 (FF)
  Requirement:          10.000ns
  Data Path Delay:      9.452ns (Levels of Logic = 4)
  Clock Path Skew:      -0.013ns (0.325 - 0.338)
  Source Clock:         clk_100mhz_BUFGP rising at 0.000ns
  Destination Clock:    clk_100mhz_BUFGP rising at 10.000ns
  Clock Uncertainty:    0.035ns

  Clock Uncertainty:          0.035ns  ((TSJ^2 + TIJ^2)^1/2 + DJ) / 2 + PE
    Total System Jitter (TSJ):  0.070ns
    Total Input Jitter (TIJ):   0.000ns
    Discrete Jitter (DJ):       0.000ns
    Phase Error (PE):           0.000ns

  Maximum Data Path at Slow Process Corner: u_fdpe/Maddsub_delta_reg[16]_fraction_pipe_reg[6]_MuLt_12_OUT to u_fdpe/decay_reg_14
    Location             Delay type         Delay(ns)  Physical Resource
                                                       Logical Resource(s)
    -------------------------------------------------  -------------------
    DSP48_X1Y9.PCOUT14   Tdspcko_PCOUT_MREG    3.952   u_fdpe/Maddsub_delta_reg[16]_fraction_pipe_reg[6]_MuLt_12_OUT
                                                       u_fdpe/Maddsub_delta_reg[16]_fraction_pipe_reg[6]_MuLt_12_OUT
    DSP48_X1Y10.PCIN14   net (fanout=1)        0.059   u_fdpe/Maddsub_delta_reg[16]_fraction_pipe_reg[6]_MuLt_12_OUT_PCOUT_to_Madd_n01241_PCIN_14
    DSP48_X1Y10.P23      Tdspdo_PCIN_P         2.645   u_fdpe/Madd_n01241
                                                       u_fdpe/Madd_n01241
    SLICE_X30Y41.A2      net (fanout=1)        0.951   u_fdpe/n0124<23>
    SLICE_X30Y41.A       Tilo                  0.254   u_fdpe/_n02512
                                                       u_fdpe/_n02512
    SLICE_X33Y41.B5      net (fanout=1)        0.439   u_fdpe/_n02512
    SLICE_X33Y41.B       Tilo                  0.259   u_fdpe/decay_reg<0>
                                                       u_fdpe/_n02513
    SLICE_X30Y40.D5      net (fanout=16)       0.554   u_fdpe/_n0251
    SLICE_X30Y40.CLK     Tas                   0.339   u_fdpe/decay_reg<14>
                                                       u_fdpe/decay_reg_14_glue_set
                                                       u_fdpe/decay_reg_14
    -------------------------------------------------  ---------------------------
    Total                                      9.452ns (7.449ns logic, 2.003ns route)
                                                       (78.8% logic, 21.2% route)

--------------------------------------------------------------------------------
Slack (setup path):     0.500ns (requirement - (data path - clock path skew + uncertainty))
  Source:               u_fdpe/Maddsub_delta_reg[16]_fraction_pipe_reg[6]_MuLt_12_OUT (DSP)
  Destination:          u_fdpe/decay_reg_14 (FF)
  Requirement:          10.000ns
  Data Path Delay:      9.452ns (Levels of Logic = 4)
  Clock Path Skew:      -0.013ns (0.325 - 0.338)
  Source Clock:         clk_100mhz_BUFGP rising at 0.000ns
  Destination Clock:    clk_100mhz_BUFGP rising at 10.000ns
  Clock Uncertainty:    0.035ns

  Clock Uncertainty:          0.035ns  ((TSJ^2 + TIJ^2)^1/2 + DJ) / 2 + PE
    Total System Jitter (TSJ):  0.070ns
    Total Input Jitter (TIJ):   0.000ns
    Discrete Jitter (DJ):       0.000ns
    Phase Error (PE):           0.000ns

  Maximum Data Path at Slow Process Corner: u_fdpe/Maddsub_delta_reg[16]_fraction_pipe_reg[6]_MuLt_12_OUT to u_fdpe/decay_reg_14
    Location             Delay type         Delay(ns)  Physical Resource
                                                       Logical Resource(s)
    -------------------------------------------------  -------------------
    DSP48_X1Y9.PCOUT13   Tdspcko_PCOUT_MREG    3.952   u_fdpe/Maddsub_delta_reg[16]_fraction_pipe_reg[6]_MuLt_12_OUT
                                                       u_fdpe/Maddsub_delta_reg[16]_fraction_pipe_reg[6]_MuLt_12_OUT
    DSP48_X1Y10.PCIN13   net (fanout=1)        0.059   u_fdpe/Maddsub_delta_reg[16]_fraction_pipe_reg[6]_MuLt_12_OUT_PCOUT_to_Madd_n01241_PCIN_13
    DSP48_X1Y10.P23      Tdspdo_PCIN_P         2.645   u_fdpe/Madd_n01241
                                                       u_fdpe/Madd_n01241
    SLICE_X30Y41.A2      net (fanout=1)        0.951   u_fdpe/n0124<23>
    SLICE_X30Y41.A       Tilo                  0.254   u_fdpe/_n02512
                                                       u_fdpe/_n02512
    SLICE_X33Y41.B5      net (fanout=1)        0.439   u_fdpe/_n02512
    SLICE_X33Y41.B       Tilo                  0.259   u_fdpe/decay_reg<0>
                                                       u_fdpe/_n02513
    SLICE_X30Y40.D5      net (fanout=16)       0.554   u_fdpe/_n0251
    SLICE_X30Y40.CLK     Tas                   0.339   u_fdpe/decay_reg<14>
                                                       u_fdpe/decay_reg_14_glue_set
                                                       u_fdpe/decay_reg_14
    -------------------------------------------------  ---------------------------
    Total                                      9.452ns (7.449ns logic, 2.003ns route)
                                                       (78.8% logic, 21.2% route)

--------------------------------------------------------------------------------
Slack (setup path):     0.500ns (requirement - (data path - clock path skew + uncertainty))
  Source:               u_fdpe/Maddsub_delta_reg[16]_fraction_pipe_reg[6]_MuLt_12_OUT (DSP)
  Destination:          u_fdpe/decay_reg_14 (FF)
  Requirement:          10.000ns
  Data Path Delay:      9.452ns (Levels of Logic = 4)
  Clock Path Skew:      -0.013ns (0.325 - 0.338)
  Source Clock:         clk_100mhz_BUFGP rising at 0.000ns
  Destination Clock:    clk_100mhz_BUFGP rising at 10.000ns
  Clock Uncertainty:    0.035ns

  Clock Uncertainty:          0.035ns  ((TSJ^2 + TIJ^2)^1/2 + DJ) / 2 + PE
    Total System Jitter (TSJ):  0.070ns
    Total Input Jitter (TIJ):   0.000ns
    Discrete Jitter (DJ):       0.000ns
    Phase Error (PE):           0.000ns

  Maximum Data Path at Slow Process Corner: u_fdpe/Maddsub_delta_reg[16]_fraction_pipe_reg[6]_MuLt_12_OUT to u_fdpe/decay_reg_14
    Location             Delay type         Delay(ns)  Physical Resource
                                                       Logical Resource(s)
    -------------------------------------------------  -------------------
    DSP48_X1Y9.PCOUT9    Tdspcko_PCOUT_MREG    3.952   u_fdpe/Maddsub_delta_reg[16]_fraction_pipe_reg[6]_MuLt_12_OUT
                                                       u_fdpe/Maddsub_delta_reg[16]_fraction_pipe_reg[6]_MuLt_12_OUT
    DSP48_X1Y10.PCIN9    net (fanout=1)        0.059   u_fdpe/Maddsub_delta_reg[16]_fraction_pipe_reg[6]_MuLt_12_OUT_PCOUT_to_Madd_n01241_PCIN_9
    DSP48_X1Y10.P23      Tdspdo_PCIN_P         2.645   u_fdpe/Madd_n01241
                                                       u_fdpe/Madd_n01241
    SLICE_X30Y41.A2      net (fanout=1)        0.951   u_fdpe/n0124<23>
    SLICE_X30Y41.A       Tilo                  0.254   u_fdpe/_n02512
                                                       u_fdpe/_n02512
    SLICE_X33Y41.B5      net (fanout=1)        0.439   u_fdpe/_n02512
    SLICE_X33Y41.B       Tilo                  0.259   u_fdpe/decay_reg<0>
                                                       u_fdpe/_n02513
    SLICE_X30Y40.D5      net (fanout=16)       0.554   u_fdpe/_n0251
    SLICE_X30Y40.CLK     Tas                   0.339   u_fdpe/decay_reg<14>
                                                       u_fdpe/decay_reg_14_glue_set
                                                       u_fdpe/decay_reg_14
    -------------------------------------------------  ---------------------------
    Total                                      9.452ns (7.449ns logic, 2.003ns route)
                                                       (78.8% logic, 21.2% route)

--------------------------------------------------------------------------------
Slack (setup path):     0.500ns (requirement - (data path - clock path skew + uncertainty))
  Source:               u_fdpe/Maddsub_delta_reg[16]_fraction_pipe_reg[6]_MuLt_12_OUT (DSP)
  Destination:          u_fdpe/decay_reg_14 (FF)
  Requirement:          10.000ns
  Data Path Delay:      9.452ns (Levels of Logic = 4)
  Clock Path Skew:      -0.013ns (0.325 - 0.338)
  Source Clock:         clk_100mhz_BUFGP rising at 0.000ns
  Destination Clock:    clk_100mhz_BUFGP rising at 10.000ns
  Clock Uncertainty:    0.035ns

  Clock Uncertainty:          0.035ns  ((TSJ^2 + TIJ^2)^1/2 + DJ) / 2 + PE
    Total System Jitter (TSJ):  0.070ns
    Total Input Jitter (TIJ):   0.000ns
    Discrete Jitter (DJ):       0.000ns
    Phase Error (PE):           0.000ns

  Maximum Data Path at Slow Process Corner: u_fdpe/Maddsub_delta_reg[16]_fraction_pipe_reg[6]_MuLt_12_OUT to u_fdpe/decay_reg_14
    Location             Delay type         Delay(ns)  Physical Resource
                                                       Logical Resource(s)
    -------------------------------------------------  -------------------
    DSP48_X1Y9.PCOUT11   Tdspcko_PCOUT_MREG    3.952   u_fdpe/Maddsub_delta_reg[16]_fraction_pipe_reg[6]_MuLt_12_OUT
                                                       u_fdpe/Maddsub_delta_reg[16]_fraction_pipe_reg[6]_MuLt_12_OUT
    DSP48_X1Y10.PCIN11   net (fanout=1)        0.059   u_fdpe/Maddsub_delta_reg[16]_fraction_pipe_reg[6]_MuLt_12_OUT_PCOUT_to_Madd_n01241_PCIN_11
    DSP48_X1Y10.P23      Tdspdo_PCIN_P         2.645   u_fdpe/Madd_n01241
                                                       u_fdpe/Madd_n01241
    SLICE_X30Y41.A2      net (fanout=1)        0.951   u_fdpe/n0124<23>
    SLICE_X30Y41.A       Tilo                  0.254   u_fdpe/_n02512
                                                       u_fdpe/_n02512
    SLICE_X33Y41.B5      net (fanout=1)        0.439   u_fdpe/_n02512
    SLICE_X33Y41.B       Tilo                  0.259   u_fdpe/decay_reg<0>
                                                       u_fdpe/_n02513
    SLICE_X30Y40.D5      net (fanout=16)       0.554   u_fdpe/_n0251
    SLICE_X30Y40.CLK     Tas                   0.339   u_fdpe/decay_reg<14>
                                                       u_fdpe/decay_reg_14_glue_set
                                                       u_fdpe/decay_reg_14
    -------------------------------------------------  ---------------------------
    Total                                      9.452ns (7.449ns logic, 2.003ns route)
                                                       (78.8% logic, 21.2% route)

--------------------------------------------------------------------------------
Slack (setup path):     0.500ns (requirement - (data path - clock path skew + uncertainty))
  Source:               u_fdpe/Maddsub_delta_reg[16]_fraction_pipe_reg[6]_MuLt_12_OUT (DSP)
  Destination:          u_fdpe/decay_reg_14 (FF)
  Requirement:          10.000ns
  Data Path Delay:      9.452ns (Levels of Logic = 4)
  Clock Path Skew:      -0.013ns (0.325 - 0.338)
  Source Clock:         clk_100mhz_BUFGP rising at 0.000ns
  Destination Clock:    clk_100mhz_BUFGP rising at 10.000ns
  Clock Uncertainty:    0.035ns

  Clock Uncertainty:          0.035ns  ((TSJ^2 + TIJ^2)^1/2 + DJ) / 2 + PE
    Total System Jitter (TSJ):  0.070ns
    Total Input Jitter (TIJ):   0.000ns
    Discrete Jitter (DJ):       0.000ns
    Phase Error (PE):           0.000ns

  Maximum Data Path at Slow Process Corner: u_fdpe/Maddsub_delta_reg[16]_fraction_pipe_reg[6]_MuLt_12_OUT to u_fdpe/decay_reg_14
    Location             Delay type         Delay(ns)  Physical Resource
                                                       Logical Resource(s)
    -------------------------------------------------  -------------------
    DSP48_X1Y9.PCOUT10   Tdspcko_PCOUT_MREG    3.952   u_fdpe/Maddsub_delta_reg[16]_fraction_pipe_reg[6]_MuLt_12_OUT
                                                       u_fdpe/Maddsub_delta_reg[16]_fraction_pipe_reg[6]_MuLt_12_OUT
    DSP48_X1Y10.PCIN10   net (fanout=1)        0.059   u_fdpe/Maddsub_delta_reg[16]_fraction_pipe_reg[6]_MuLt_12_OUT_PCOUT_to_Madd_n01241_PCIN_10
    DSP48_X1Y10.P23      Tdspdo_PCIN_P         2.645   u_fdpe/Madd_n01241
                                                       u_fdpe/Madd_n01241
    SLICE_X30Y41.A2      net (fanout=1)        0.951   u_fdpe/n0124<23>
    SLICE_X30Y41.A       Tilo                  0.254   u_fdpe/_n02512
                                                       u_fdpe/_n02512
    SLICE_X33Y41.B5      net (fanout=1)        0.439   u_fdpe/_n02512
    SLICE_X33Y41.B       Tilo                  0.259   u_fdpe/decay_reg<0>
                                                       u_fdpe/_n02513
    SLICE_X30Y40.D5      net (fanout=16)       0.554   u_fdpe/_n0251
    SLICE_X30Y40.CLK     Tas                   0.339   u_fdpe/decay_reg<14>
                                                       u_fdpe/decay_reg_14_glue_set
                                                       u_fdpe/decay_reg_14
    -------------------------------------------------  ---------------------------
    Total                                      9.452ns (7.449ns logic, 2.003ns route)
                                                       (78.8% logic, 21.2% route)

--------------------------------------------------------------------------------
Slack (setup path):     0.500ns (requirement - (data path - clock path skew + uncertainty))
  Source:               u_fdpe/Maddsub_delta_reg[16]_fraction_pipe_reg[6]_MuLt_12_OUT (DSP)
  Destination:          u_fdpe/decay_reg_14 (FF)
  Requirement:          10.000ns
  Data Path Delay:      9.452ns (Levels of Logic = 4)
  Clock Path Skew:      -0.013ns (0.325 - 0.338)
  Source Clock:         clk_100mhz_BUFGP rising at 0.000ns
  Destination Clock:    clk_100mhz_BUFGP rising at 10.000ns
  Clock Uncertainty:    0.035ns

  Clock Uncertainty:          0.035ns  ((TSJ^2 + TIJ^2)^1/2 + DJ) / 2 + PE
    Total System Jitter (TSJ):  0.070ns
    Total Input Jitter (TIJ):   0.000ns
    Discrete Jitter (DJ):       0.000ns
    Phase Error (PE):           0.000ns

  Maximum Data Path at Slow Process Corner: u_fdpe/Maddsub_delta_reg[16]_fraction_pipe_reg[6]_MuLt_12_OUT to u_fdpe/decay_reg_14
    Location             Delay type         Delay(ns)  Physical Resource
                                                       Logical Resource(s)
    -------------------------------------------------  -------------------
    DSP48_X1Y9.PCOUT1    Tdspcko_PCOUT_MREG    3.952   u_fdpe/Maddsub_delta_reg[16]_fraction_pipe_reg[6]_MuLt_12_OUT
                                                       u_fdpe/Maddsub_delta_reg[16]_fraction_pipe_reg[6]_MuLt_12_OUT
    DSP48_X1Y10.PCIN1    net (fanout=1)        0.059   u_fdpe/Maddsub_delta_reg[16]_fraction_pipe_reg[6]_MuLt_12_OUT_PCOUT_to_Madd_n01241_PCIN_1
    DSP48_X1Y10.P23      Tdspdo_PCIN_P         2.645   u_fdpe/Madd_n01241
                                                       u_fdpe/Madd_n01241
    SLICE_X30Y41.A2      net (fanout=1)        0.951   u_fdpe/n0124<23>
    SLICE_X30Y41.A       Tilo                  0.254   u_fdpe/_n02512
                                                       u_fdpe/_n02512
    SLICE_X33Y41.B5      net (fanout=1)        0.439   u_fdpe/_n02512
    SLICE_X33Y41.B       Tilo                  0.259   u_fdpe/decay_reg<0>
                                                       u_fdpe/_n02513
    SLICE_X30Y40.D5      net (fanout=16)       0.554   u_fdpe/_n0251
    SLICE_X30Y40.CLK     Tas                   0.339   u_fdpe/decay_reg<14>
                                                       u_fdpe/decay_reg_14_glue_set
                                                       u_fdpe/decay_reg_14
    -------------------------------------------------  ---------------------------
    Total                                      9.452ns (7.449ns logic, 2.003ns route)
                                                       (78.8% logic, 21.2% route)

--------------------------------------------------------------------------------
Slack (setup path):     0.500ns (requirement - (data path - clock path skew + uncertainty))
  Source:               u_fdpe/Maddsub_delta_reg[16]_fraction_pipe_reg[6]_MuLt_12_OUT (DSP)
  Destination:          u_fdpe/decay_reg_14 (FF)
  Requirement:          10.000ns
  Data Path Delay:      9.452ns (Levels of Logic = 4)
  Clock Path Skew:      -0.013ns (0.325 - 0.338)
  Source Clock:         clk_100mhz_BUFGP rising at 0.000ns
  Destination Clock:    clk_100mhz_BUFGP rising at 10.000ns
  Clock Uncertainty:    0.035ns

  Clock Uncertainty:          0.035ns  ((TSJ^2 + TIJ^2)^1/2 + DJ) / 2 + PE
    Total System Jitter (TSJ):  0.070ns
    Total Input Jitter (TIJ):   0.000ns
    Discrete Jitter (DJ):       0.000ns
    Phase Error (PE):           0.000ns

  Maximum Data Path at Slow Process Corner: u_fdpe/Maddsub_delta_reg[16]_fraction_pipe_reg[6]_MuLt_12_OUT to u_fdpe/decay_reg_14
    Location             Delay type         Delay(ns)  Physical Resource
                                                       Logical Resource(s)
    -------------------------------------------------  -------------------
    DSP48_X1Y9.PCOUT0    Tdspcko_PCOUT_MREG    3.952   u_fdpe/Maddsub_delta_reg[16]_fraction_pipe_reg[6]_MuLt_12_OUT
                                                       u_fdpe/Maddsub_delta_reg[16]_fraction_pipe_reg[6]_MuLt_12_OUT
    DSP48_X1Y10.PCIN0    net (fanout=1)        0.059   u_fdpe/Maddsub_delta_reg[16]_fraction_pipe_reg[6]_MuLt_12_OUT_PCOUT_to_Madd_n01241_PCIN_0
    DSP48_X1Y10.P23      Tdspdo_PCIN_P         2.645   u_fdpe/Madd_n01241
                                                       u_fdpe/Madd_n01241
    SLICE_X30Y41.A2      net (fanout=1)        0.951   u_fdpe/n0124<23>
    SLICE_X30Y41.A       Tilo                  0.254   u_fdpe/_n02512
                                                       u_fdpe/_n02512
    SLICE_X33Y41.B5      net (fanout=1)        0.439   u_fdpe/_n02512
    SLICE_X33Y41.B       Tilo                  0.259   u_fdpe/decay_reg<0>
                                                       u_fdpe/_n02513
    SLICE_X30Y40.D5      net (fanout=16)       0.554   u_fdpe/_n0251
    SLICE_X30Y40.CLK     Tas                   0.339   u_fdpe/decay_reg<14>
                                                       u_fdpe/decay_reg_14_glue_set
                                                       u_fdpe/decay_reg_14
    -------------------------------------------------  ---------------------------
    Total                                      9.452ns (7.449ns logic, 2.003ns route)
                                                       (78.8% logic, 21.2% route)

--------------------------------------------------------------------------------
Slack (setup path):     0.500ns (requirement - (data path - clock path skew + uncertainty))
  Source:               u_fdpe/Maddsub_delta_reg[16]_fraction_pipe_reg[6]_MuLt_12_OUT (DSP)
  Destination:          u_fdpe/decay_reg_14 (FF)
  Requirement:          10.000ns
  Data Path Delay:      9.452ns (Levels of Logic = 4)
  Clock Path Skew:      -0.013ns (0.325 - 0.338)
  Source Clock:         clk_100mhz_BUFGP rising at 0.000ns
  Destination Clock:    clk_100mhz_BUFGP rising at 10.000ns
  Clock Uncertainty:    0.035ns

  Clock Uncertainty:          0.035ns  ((TSJ^2 + TIJ^2)^1/2 + DJ) / 2 + PE
    Total System Jitter (TSJ):  0.070ns
    Total Input Jitter (TIJ):   0.000ns
    Discrete Jitter (DJ):       0.000ns
    Phase Error (PE):           0.000ns

  Maximum Data Path at Slow Process Corner: u_fdpe/Maddsub_delta_reg[16]_fraction_pipe_reg[6]_MuLt_12_OUT to u_fdpe/decay_reg_14
    Location             Delay type         Delay(ns)  Physical Resource
                                                       Logical Resource(s)
    -------------------------------------------------  -------------------
    DSP48_X1Y9.PCOUT16   Tdspcko_PCOUT_MREG    3.952   u_fdpe/Maddsub_delta_reg[16]_fraction_pipe_reg[6]_MuLt_12_OUT
                                                       u_fdpe/Maddsub_delta_reg[16]_fraction_pipe_reg[6]_MuLt_12_OUT
    DSP48_X1Y10.PCIN16   net (fanout=1)        0.059   u_fdpe/Maddsub_delta_reg[16]_fraction_pipe_reg[6]_MuLt_12_OUT_PCOUT_to_Madd_n01241_PCIN_16
    DSP48_X1Y10.P23      Tdspdo_PCIN_P         2.645   u_fdpe/Madd_n01241
                                                       u_fdpe/Madd_n01241
    SLICE_X30Y41.A2      net (fanout=1)        0.951   u_fdpe/n0124<23>
    SLICE_X30Y41.A       Tilo                  0.254   u_fdpe/_n02512
                                                       u_fdpe/_n02512
    SLICE_X33Y41.B5      net (fanout=1)        0.439   u_fdpe/_n02512
    SLICE_X33Y41.B       Tilo                  0.259   u_fdpe/decay_reg<0>
                                                       u_fdpe/_n02513
    SLICE_X30Y40.D5      net (fanout=16)       0.554   u_fdpe/_n0251
    SLICE_X30Y40.CLK     Tas                   0.339   u_fdpe/decay_reg<14>
                                                       u_fdpe/decay_reg_14_glue_set
                                                       u_fdpe/decay_reg_14
    -------------------------------------------------  ---------------------------
    Total                                      9.452ns (7.449ns logic, 2.003ns route)
                                                       (78.8% logic, 21.2% route)

--------------------------------------------------------------------------------

Paths for end point u_fdpe/decay_reg_5 (SLICE_X31Y40.C5), 438 paths
--------------------------------------------------------------------------------
Slack (setup path):     0.504ns (requirement - (data path - clock path skew + uncertainty))
  Source:               u_fdpe/Maddsub_delta_reg[16]_fraction_pipe_reg[6]_MuLt_12_OUT (DSP)
  Destination:          u_fdpe/decay_reg_5 (FF)
  Requirement:          10.000ns
  Data Path Delay:      9.448ns (Levels of Logic = 4)
  Clock Path Skew:      -0.013ns (0.325 - 0.338)
  Source Clock:         clk_100mhz_BUFGP rising at 0.000ns
  Destination Clock:    clk_100mhz_BUFGP rising at 10.000ns
  Clock Uncertainty:    0.035ns

  Clock Uncertainty:          0.035ns  ((TSJ^2 + TIJ^2)^1/2 + DJ) / 2 + PE
    Total System Jitter (TSJ):  0.070ns
    Total Input Jitter (TIJ):   0.000ns
    Discrete Jitter (DJ):       0.000ns
    Phase Error (PE):           0.000ns

  Maximum Data Path at Slow Process Corner: u_fdpe/Maddsub_delta_reg[16]_fraction_pipe_reg[6]_MuLt_12_OUT to u_fdpe/decay_reg_5
    Location             Delay type         Delay(ns)  Physical Resource
                                                       Logical Resource(s)
    -------------------------------------------------  -------------------
    DSP48_X1Y9.PCOUT12   Tdspcko_PCOUT_MREG    3.952   u_fdpe/Maddsub_delta_reg[16]_fraction_pipe_reg[6]_MuLt_12_OUT
                                                       u_fdpe/Maddsub_delta_reg[16]_fraction_pipe_reg[6]_MuLt_12_OUT
    DSP48_X1Y10.PCIN12   net (fanout=1)        0.059   u_fdpe/Maddsub_delta_reg[16]_fraction_pipe_reg[6]_MuLt_12_OUT_PCOUT_to_Madd_n01241_PCIN_12
    DSP48_X1Y10.P23      Tdspdo_PCIN_P         2.645   u_fdpe/Madd_n01241
                                                       u_fdpe/Madd_n01241
    SLICE_X30Y41.A2      net (fanout=1)        0.951   u_fdpe/n0124<23>
    SLICE_X30Y41.A       Tilo                  0.254   u_fdpe/_n02512
                                                       u_fdpe/_n02512
    SLICE_X33Y41.B5      net (fanout=1)        0.439   u_fdpe/_n02512
    SLICE_X33Y41.B       Tilo                  0.259   u_fdpe/decay_reg<0>
                                                       u_fdpe/_n02513
    SLICE_X31Y40.C5      net (fanout=16)       0.516   u_fdpe/_n0251
    SLICE_X31Y40.CLK     Tas                   0.373   u_fdpe/decay_reg<5>
                                                       u_fdpe/decay_reg_5_glue_set
                                                       u_fdpe/decay_reg_5
    -------------------------------------------------  ---------------------------
    Total                                      9.448ns (7.483ns logic, 1.965ns route)
                                                       (79.2% logic, 20.8% route)

--------------------------------------------------------------------------------
Slack (setup path):     0.504ns (requirement - (data path - clock path skew + uncertainty))
  Source:               u_fdpe/Maddsub_delta_reg[16]_fraction_pipe_reg[6]_MuLt_12_OUT (DSP)
  Destination:          u_fdpe/decay_reg_5 (FF)
  Requirement:          10.000ns
  Data Path Delay:      9.448ns (Levels of Logic = 4)
  Clock Path Skew:      -0.013ns (0.325 - 0.338)
  Source Clock:         clk_100mhz_BUFGP rising at 0.000ns
  Destination Clock:    clk_100mhz_BUFGP rising at 10.000ns
  Clock Uncertainty:    0.035ns

  Clock Uncertainty:          0.035ns  ((TSJ^2 + TIJ^2)^1/2 + DJ) / 2 + PE
    Total System Jitter (TSJ):  0.070ns
    Total Input Jitter (TIJ):   0.000ns
    Discrete Jitter (DJ):       0.000ns
    Phase Error (PE):           0.000ns

  Maximum Data Path at Slow Process Corner: u_fdpe/Maddsub_delta_reg[16]_fraction_pipe_reg[6]_MuLt_12_OUT to u_fdpe/decay_reg_5
    Location             Delay type         Delay(ns)  Physical Resource
                                                       Logical Resource(s)
    -------------------------------------------------  -------------------
    DSP48_X1Y9.PCOUT15   Tdspcko_PCOUT_MREG    3.952   u_fdpe/Maddsub_delta_reg[16]_fraction_pipe_reg[6]_MuLt_12_OUT
                                                       u_fdpe/Maddsub_delta_reg[16]_fraction_pipe_reg[6]_MuLt_12_OUT
    DSP48_X1Y10.PCIN15   net (fanout=1)        0.059   u_fdpe/Maddsub_delta_reg[16]_fraction_pipe_reg[6]_MuLt_12_OUT_PCOUT_to_Madd_n01241_PCIN_15
    DSP48_X1Y10.P23      Tdspdo_PCIN_P         2.645   u_fdpe/Madd_n01241
                                                       u_fdpe/Madd_n01241
    SLICE_X30Y41.A2      net (fanout=1)        0.951   u_fdpe/n0124<23>
    SLICE_X30Y41.A       Tilo                  0.254   u_fdpe/_n02512
                                                       u_fdpe/_n02512
    SLICE_X33Y41.B5      net (fanout=1)        0.439   u_fdpe/_n02512
    SLICE_X33Y41.B       Tilo                  0.259   u_fdpe/decay_reg<0>
                                                       u_fdpe/_n02513
    SLICE_X31Y40.C5      net (fanout=16)       0.516   u_fdpe/_n0251
    SLICE_X31Y40.CLK     Tas                   0.373   u_fdpe/decay_reg<5>
                                                       u_fdpe/decay_reg_5_glue_set
                                                       u_fdpe/decay_reg_5
    -------------------------------------------------  ---------------------------
    Total                                      9.448ns (7.483ns logic, 1.965ns route)
                                                       (79.2% logic, 20.8% route)

--------------------------------------------------------------------------------
Slack (setup path):     0.504ns (requirement - (data path - clock path skew + uncertainty))
  Source:               u_fdpe/Maddsub_delta_reg[16]_fraction_pipe_reg[6]_MuLt_12_OUT (DSP)
  Destination:          u_fdpe/decay_reg_5 (FF)
  Requirement:          10.000ns
  Data Path Delay:      9.448ns (Levels of Logic = 4)
  Clock Path Skew:      -0.013ns (0.325 - 0.338)
  Source Clock:         clk_100mhz_BUFGP rising at 0.000ns
  Destination Clock:    clk_100mhz_BUFGP rising at 10.000ns
  Clock Uncertainty:    0.035ns

  Clock Uncertainty:          0.035ns  ((TSJ^2 + TIJ^2)^1/2 + DJ) / 2 + PE
    Total System Jitter (TSJ):  0.070ns
    Total Input Jitter (TIJ):   0.000ns
    Discrete Jitter (DJ):       0.000ns
    Phase Error (PE):           0.000ns

  Maximum Data Path at Slow Process Corner: u_fdpe/Maddsub_delta_reg[16]_fraction_pipe_reg[6]_MuLt_12_OUT to u_fdpe/decay_reg_5
    Location             Delay type         Delay(ns)  Physical Resource
                                                       Logical Resource(s)
    -------------------------------------------------  -------------------
    DSP48_X1Y9.PCOUT14   Tdspcko_PCOUT_MREG    3.952   u_fdpe/Maddsub_delta_reg[16]_fraction_pipe_reg[6]_MuLt_12_OUT
                                                       u_fdpe/Maddsub_delta_reg[16]_fraction_pipe_reg[6]_MuLt_12_OUT
    DSP48_X1Y10.PCIN14   net (fanout=1)        0.059   u_fdpe/Maddsub_delta_reg[16]_fraction_pipe_reg[6]_MuLt_12_OUT_PCOUT_to_Madd_n01241_PCIN_14
    DSP48_X1Y10.P23      Tdspdo_PCIN_P         2.645   u_fdpe/Madd_n01241
                                                       u_fdpe/Madd_n01241
    SLICE_X30Y41.A2      net (fanout=1)        0.951   u_fdpe/n0124<23>
    SLICE_X30Y41.A       Tilo                  0.254   u_fdpe/_n02512
                                                       u_fdpe/_n02512
    SLICE_X33Y41.B5      net (fanout=1)        0.439   u_fdpe/_n02512
    SLICE_X33Y41.B       Tilo                  0.259   u_fdpe/decay_reg<0>
                                                       u_fdpe/_n02513
    SLICE_X31Y40.C5      net (fanout=16)       0.516   u_fdpe/_n0251
    SLICE_X31Y40.CLK     Tas                   0.373   u_fdpe/decay_reg<5>
                                                       u_fdpe/decay_reg_5_glue_set
                                                       u_fdpe/decay_reg_5
    -------------------------------------------------  ---------------------------
    Total                                      9.448ns (7.483ns logic, 1.965ns route)
                                                       (79.2% logic, 20.8% route)

--------------------------------------------------------------------------------
Slack (setup path):     0.504ns (requirement - (data path - clock path skew + uncertainty))
  Source:               u_fdpe/Maddsub_delta_reg[16]_fraction_pipe_reg[6]_MuLt_12_OUT (DSP)
  Destination:          u_fdpe/decay_reg_5 (FF)
  Requirement:          10.000ns
  Data Path Delay:      9.448ns (Levels of Logic = 4)
  Clock Path Skew:      -0.013ns (0.325 - 0.338)
  Source Clock:         clk_100mhz_BUFGP rising at 0.000ns
  Destination Clock:    clk_100mhz_BUFGP rising at 10.000ns
  Clock Uncertainty:    0.035ns

  Clock Uncertainty:          0.035ns  ((TSJ^2 + TIJ^2)^1/2 + DJ) / 2 + PE
    Total System Jitter (TSJ):  0.070ns
    Total Input Jitter (TIJ):   0.000ns
    Discrete Jitter (DJ):       0.000ns
    Phase Error (PE):           0.000ns

  Maximum Data Path at Slow Process Corner: u_fdpe/Maddsub_delta_reg[16]_fraction_pipe_reg[6]_MuLt_12_OUT to u_fdpe/decay_reg_5
    Location             Delay type         Delay(ns)  Physical Resource
                                                       Logical Resource(s)
    -------------------------------------------------  -------------------
    DSP48_X1Y9.PCOUT13   Tdspcko_PCOUT_MREG    3.952   u_fdpe/Maddsub_delta_reg[16]_fraction_pipe_reg[6]_MuLt_12_OUT
                                                       u_fdpe/Maddsub_delta_reg[16]_fraction_pipe_reg[6]_MuLt_12_OUT
    DSP48_X1Y10.PCIN13   net (fanout=1)        0.059   u_fdpe/Maddsub_delta_reg[16]_fraction_pipe_reg[6]_MuLt_12_OUT_PCOUT_to_Madd_n01241_PCIN_13
    DSP48_X1Y10.P23      Tdspdo_PCIN_P         2.645   u_fdpe/Madd_n01241
                                                       u_fdpe/Madd_n01241
    SLICE_X30Y41.A2      net (fanout=1)        0.951   u_fdpe/n0124<23>
    SLICE_X30Y41.A       Tilo                  0.254   u_fdpe/_n02512
                                                       u_fdpe/_n02512
    SLICE_X33Y41.B5      net (fanout=1)        0.439   u_fdpe/_n02512
    SLICE_X33Y41.B       Tilo                  0.259   u_fdpe/decay_reg<0>
                                                       u_fdpe/_n02513
    SLICE_X31Y40.C5      net (fanout=16)       0.516   u_fdpe/_n0251
    SLICE_X31Y40.CLK     Tas                   0.373   u_fdpe/decay_reg<5>
                                                       u_fdpe/decay_reg_5_glue_set
                                                       u_fdpe/decay_reg_5
    -------------------------------------------------  ---------------------------
    Total                                      9.448ns (7.483ns logic, 1.965ns route)
                                                       (79.2% logic, 20.8% route)

--------------------------------------------------------------------------------
Slack (setup path):     0.504ns (requirement - (data path - clock path skew + uncertainty))
  Source:               u_fdpe/Maddsub_delta_reg[16]_fraction_pipe_reg[6]_MuLt_12_OUT (DSP)
  Destination:          u_fdpe/decay_reg_5 (FF)
  Requirement:          10.000ns
  Data Path Delay:      9.448ns (Levels of Logic = 4)
  Clock Path Skew:      -0.013ns (0.325 - 0.338)
  Source Clock:         clk_100mhz_BUFGP rising at 0.000ns
  Destination Clock:    clk_100mhz_BUFGP rising at 10.000ns
  Clock Uncertainty:    0.035ns

  Clock Uncertainty:          0.035ns  ((TSJ^2 + TIJ^2)^1/2 + DJ) / 2 + PE
    Total System Jitter (TSJ):  0.070ns
    Total Input Jitter (TIJ):   0.000ns
    Discrete Jitter (DJ):       0.000ns
    Phase Error (PE):           0.000ns

  Maximum Data Path at Slow Process Corner: u_fdpe/Maddsub_delta_reg[16]_fraction_pipe_reg[6]_MuLt_12_OUT to u_fdpe/decay_reg_5
    Location             Delay type         Delay(ns)  Physical Resource
                                                       Logical Resource(s)
    -------------------------------------------------  -------------------
    DSP48_X1Y9.PCOUT9    Tdspcko_PCOUT_MREG    3.952   u_fdpe/Maddsub_delta_reg[16]_fraction_pipe_reg[6]_MuLt_12_OUT
                                                       u_fdpe/Maddsub_delta_reg[16]_fraction_pipe_reg[6]_MuLt_12_OUT
    DSP48_X1Y10.PCIN9    net (fanout=1)        0.059   u_fdpe/Maddsub_delta_reg[16]_fraction_pipe_reg[6]_MuLt_12_OUT_PCOUT_to_Madd_n01241_PCIN_9
    DSP48_X1Y10.P23      Tdspdo_PCIN_P         2.645   u_fdpe/Madd_n01241
                                                       u_fdpe/Madd_n01241
    SLICE_X30Y41.A2      net (fanout=1)        0.951   u_fdpe/n0124<23>
    SLICE_X30Y41.A       Tilo                  0.254   u_fdpe/_n02512
                                                       u_fdpe/_n02512
    SLICE_X33Y41.B5      net (fanout=1)        0.439   u_fdpe/_n02512
    SLICE_X33Y41.B       Tilo                  0.259   u_fdpe/decay_reg<0>
                                                       u_fdpe/_n02513
    SLICE_X31Y40.C5      net (fanout=16)       0.516   u_fdpe/_n0251
    SLICE_X31Y40.CLK     Tas                   0.373   u_fdpe/decay_reg<5>
                                                       u_fdpe/decay_reg_5_glue_set
                                                       u_fdpe/decay_reg_5
    -------------------------------------------------  ---------------------------
    Total                                      9.448ns (7.483ns logic, 1.965ns route)
                                                       (79.2% logic, 20.8% route)

--------------------------------------------------------------------------------
Slack (setup path):     0.504ns (requirement - (data path - clock path skew + uncertainty))
  Source:               u_fdpe/Maddsub_delta_reg[16]_fraction_pipe_reg[6]_MuLt_12_OUT (DSP)
  Destination:          u_fdpe/decay_reg_5 (FF)
  Requirement:          10.000ns
  Data Path Delay:      9.448ns (Levels of Logic = 4)
  Clock Path Skew:      -0.013ns (0.325 - 0.338)
  Source Clock:         clk_100mhz_BUFGP rising at 0.000ns
  Destination Clock:    clk_100mhz_BUFGP rising at 10.000ns
  Clock Uncertainty:    0.035ns

  Clock Uncertainty:          0.035ns  ((TSJ^2 + TIJ^2)^1/2 + DJ) / 2 + PE
    Total System Jitter (TSJ):  0.070ns
    Total Input Jitter (TIJ):   0.000ns
    Discrete Jitter (DJ):       0.000ns
    Phase Error (PE):           0.000ns

  Maximum Data Path at Slow Process Corner: u_fdpe/Maddsub_delta_reg[16]_fraction_pipe_reg[6]_MuLt_12_OUT to u_fdpe/decay_reg_5
    Location             Delay type         Delay(ns)  Physical Resource
                                                       Logical Resource(s)
    -------------------------------------------------  -------------------
    DSP48_X1Y9.PCOUT11   Tdspcko_PCOUT_MREG    3.952   u_fdpe/Maddsub_delta_reg[16]_fraction_pipe_reg[6]_MuLt_12_OUT
                                                       u_fdpe/Maddsub_delta_reg[16]_fraction_pipe_reg[6]_MuLt_12_OUT
    DSP48_X1Y10.PCIN11   net (fanout=1)        0.059   u_fdpe/Maddsub_delta_reg[16]_fraction_pipe_reg[6]_MuLt_12_OUT_PCOUT_to_Madd_n01241_PCIN_11
    DSP48_X1Y10.P23      Tdspdo_PCIN_P         2.645   u_fdpe/Madd_n01241
                                                       u_fdpe/Madd_n01241
    SLICE_X30Y41.A2      net (fanout=1)        0.951   u_fdpe/n0124<23>
    SLICE_X30Y41.A       Tilo                  0.254   u_fdpe/_n02512
                                                       u_fdpe/_n02512
    SLICE_X33Y41.B5      net (fanout=1)        0.439   u_fdpe/_n02512
    SLICE_X33Y41.B       Tilo                  0.259   u_fdpe/decay_reg<0>
                                                       u_fdpe/_n02513
    SLICE_X31Y40.C5      net (fanout=16)       0.516   u_fdpe/_n0251
    SLICE_X31Y40.CLK     Tas                   0.373   u_fdpe/decay_reg<5>
                                                       u_fdpe/decay_reg_5_glue_set
                                                       u_fdpe/decay_reg_5
    -------------------------------------------------  ---------------------------
    Total                                      9.448ns (7.483ns logic, 1.965ns route)
                                                       (79.2% logic, 20.8% route)

--------------------------------------------------------------------------------
Slack (setup path):     0.504ns (requirement - (data path - clock path skew + uncertainty))
  Source:               u_fdpe/Maddsub_delta_reg[16]_fraction_pipe_reg[6]_MuLt_12_OUT (DSP)
  Destination:          u_fdpe/decay_reg_5 (FF)
  Requirement:          10.000ns
  Data Path Delay:      9.448ns (Levels of Logic = 4)
  Clock Path Skew:      -0.013ns (0.325 - 0.338)
  Source Clock:         clk_100mhz_BUFGP rising at 0.000ns
  Destination Clock:    clk_100mhz_BUFGP rising at 10.000ns
  Clock Uncertainty:    0.035ns

  Clock Uncertainty:          0.035ns  ((TSJ^2 + TIJ^2)^1/2 + DJ) / 2 + PE
    Total System Jitter (TSJ):  0.070ns
    Total Input Jitter (TIJ):   0.000ns
    Discrete Jitter (DJ):       0.000ns
    Phase Error (PE):           0.000ns

  Maximum Data Path at Slow Process Corner: u_fdpe/Maddsub_delta_reg[16]_fraction_pipe_reg[6]_MuLt_12_OUT to u_fdpe/decay_reg_5
    Location             Delay type         Delay(ns)  Physical Resource
                                                       Logical Resource(s)
    -------------------------------------------------  -------------------
    DSP48_X1Y9.PCOUT10   Tdspcko_PCOUT_MREG    3.952   u_fdpe/Maddsub_delta_reg[16]_fraction_pipe_reg[6]_MuLt_12_OUT
                                                       u_fdpe/Maddsub_delta_reg[16]_fraction_pipe_reg[6]_MuLt_12_OUT
    DSP48_X1Y10.PCIN10   net (fanout=1)        0.059   u_fdpe/Maddsub_delta_reg[16]_fraction_pipe_reg[6]_MuLt_12_OUT_PCOUT_to_Madd_n01241_PCIN_10
    DSP48_X1Y10.P23      Tdspdo_PCIN_P         2.645   u_fdpe/Madd_n01241
                                                       u_fdpe/Madd_n01241
    SLICE_X30Y41.A2      net (fanout=1)        0.951   u_fdpe/n0124<23>
    SLICE_X30Y41.A       Tilo                  0.254   u_fdpe/_n02512
                                                       u_fdpe/_n02512
    SLICE_X33Y41.B5      net (fanout=1)        0.439   u_fdpe/_n02512
    SLICE_X33Y41.B       Tilo                  0.259   u_fdpe/decay_reg<0>
                                                       u_fdpe/_n02513
    SLICE_X31Y40.C5      net (fanout=16)       0.516   u_fdpe/_n0251
    SLICE_X31Y40.CLK     Tas                   0.373   u_fdpe/decay_reg<5>
                                                       u_fdpe/decay_reg_5_glue_set
                                                       u_fdpe/decay_reg_5
    -------------------------------------------------  ---------------------------
    Total                                      9.448ns (7.483ns logic, 1.965ns route)
                                                       (79.2% logic, 20.8% route)

--------------------------------------------------------------------------------
Slack (setup path):     0.504ns (requirement - (data path - clock path skew + uncertainty))
  Source:               u_fdpe/Maddsub_delta_reg[16]_fraction_pipe_reg[6]_MuLt_12_OUT (DSP)
  Destination:          u_fdpe/decay_reg_5 (FF)
  Requirement:          10.000ns
  Data Path Delay:      9.448ns (Levels of Logic = 4)
  Clock Path Skew:      -0.013ns (0.325 - 0.338)
  Source Clock:         clk_100mhz_BUFGP rising at 0.000ns
  Destination Clock:    clk_100mhz_BUFGP rising at 10.000ns
  Clock Uncertainty:    0.035ns

  Clock Uncertainty:          0.035ns  ((TSJ^2 + TIJ^2)^1/2 + DJ) / 2 + PE
    Total System Jitter (TSJ):  0.070ns
    Total Input Jitter (TIJ):   0.000ns
    Discrete Jitter (DJ):       0.000ns
    Phase Error (PE):           0.000ns

  Maximum Data Path at Slow Process Corner: u_fdpe/Maddsub_delta_reg[16]_fraction_pipe_reg[6]_MuLt_12_OUT to u_fdpe/decay_reg_5
    Location             Delay type         Delay(ns)  Physical Resource
                                                       Logical Resource(s)
    -------------------------------------------------  -------------------
    DSP48_X1Y9.PCOUT1    Tdspcko_PCOUT_MREG    3.952   u_fdpe/Maddsub_delta_reg[16]_fraction_pipe_reg[6]_MuLt_12_OUT
                                                       u_fdpe/Maddsub_delta_reg[16]_fraction_pipe_reg[6]_MuLt_12_OUT
    DSP48_X1Y10.PCIN1    net (fanout=1)        0.059   u_fdpe/Maddsub_delta_reg[16]_fraction_pipe_reg[6]_MuLt_12_OUT_PCOUT_to_Madd_n01241_PCIN_1
    DSP48_X1Y10.P23      Tdspdo_PCIN_P         2.645   u_fdpe/Madd_n01241
                                                       u_fdpe/Madd_n01241
    SLICE_X30Y41.A2      net (fanout=1)        0.951   u_fdpe/n0124<23>
    SLICE_X30Y41.A       Tilo                  0.254   u_fdpe/_n02512
                                                       u_fdpe/_n02512
    SLICE_X33Y41.B5      net (fanout=1)        0.439   u_fdpe/_n02512
    SLICE_X33Y41.B       Tilo                  0.259   u_fdpe/decay_reg<0>
                                                       u_fdpe/_n02513
    SLICE_X31Y40.C5      net (fanout=16)       0.516   u_fdpe/_n0251
    SLICE_X31Y40.CLK     Tas                   0.373   u_fdpe/decay_reg<5>
                                                       u_fdpe/decay_reg_5_glue_set
                                                       u_fdpe/decay_reg_5
    -------------------------------------------------  ---------------------------
    Total                                      9.448ns (7.483ns logic, 1.965ns route)
                                                       (79.2% logic, 20.8% route)

--------------------------------------------------------------------------------
Slack (setup path):     0.504ns (requirement - (data path - clock path skew + uncertainty))
  Source:               u_fdpe/Maddsub_delta_reg[16]_fraction_pipe_reg[6]_MuLt_12_OUT (DSP)
  Destination:          u_fdpe/decay_reg_5 (FF)
  Requirement:          10.000ns
  Data Path Delay:      9.448ns (Levels of Logic = 4)
  Clock Path Skew:      -0.013ns (0.325 - 0.338)
  Source Clock:         clk_100mhz_BUFGP rising at 0.000ns
  Destination Clock:    clk_100mhz_BUFGP rising at 10.000ns
  Clock Uncertainty:    0.035ns

  Clock Uncertainty:          0.035ns  ((TSJ^2 + TIJ^2)^1/2 + DJ) / 2 + PE
    Total System Jitter (TSJ):  0.070ns
    Total Input Jitter (TIJ):   0.000ns
    Discrete Jitter (DJ):       0.000ns
    Phase Error (PE):           0.000ns

  Maximum Data Path at Slow Process Corner: u_fdpe/Maddsub_delta_reg[16]_fraction_pipe_reg[6]_MuLt_12_OUT to u_fdpe/decay_reg_5
    Location             Delay type         Delay(ns)  Physical Resource
                                                       Logical Resource(s)
    -------------------------------------------------  -------------------
    DSP48_X1Y9.PCOUT0    Tdspcko_PCOUT_MREG    3.952   u_fdpe/Maddsub_delta_reg[16]_fraction_pipe_reg[6]_MuLt_12_OUT
                                                       u_fdpe/Maddsub_delta_reg[16]_fraction_pipe_reg[6]_MuLt_12_OUT
    DSP48_X1Y10.PCIN0    net (fanout=1)        0.059   u_fdpe/Maddsub_delta_reg[16]_fraction_pipe_reg[6]_MuLt_12_OUT_PCOUT_to_Madd_n01241_PCIN_0
    DSP48_X1Y10.P23      Tdspdo_PCIN_P         2.645   u_fdpe/Madd_n01241
                                                       u_fdpe/Madd_n01241
    SLICE_X30Y41.A2      net (fanout=1)        0.951   u_fdpe/n0124<23>
    SLICE_X30Y41.A       Tilo                  0.254   u_fdpe/_n02512
                                                       u_fdpe/_n02512
    SLICE_X33Y41.B5      net (fanout=1)        0.439   u_fdpe/_n02512
    SLICE_X33Y41.B       Tilo                  0.259   u_fdpe/decay_reg<0>
                                                       u_fdpe/_n02513
    SLICE_X31Y40.C5      net (fanout=16)       0.516   u_fdpe/_n0251
    SLICE_X31Y40.CLK     Tas                   0.373   u_fdpe/decay_reg<5>
                                                       u_fdpe/decay_reg_5_glue_set
                                                       u_fdpe/decay_reg_5
    -------------------------------------------------  ---------------------------
    Total                                      9.448ns (7.483ns logic, 1.965ns route)
                                                       (79.2% logic, 20.8% route)

--------------------------------------------------------------------------------
Slack (setup path):     0.504ns (requirement - (data path - clock path skew + uncertainty))
  Source:               u_fdpe/Maddsub_delta_reg[16]_fraction_pipe_reg[6]_MuLt_12_OUT (DSP)
  Destination:          u_fdpe/decay_reg_5 (FF)
  Requirement:          10.000ns
  Data Path Delay:      9.448ns (Levels of Logic = 4)
  Clock Path Skew:      -0.013ns (0.325 - 0.338)
  Source Clock:         clk_100mhz_BUFGP rising at 0.000ns
  Destination Clock:    clk_100mhz_BUFGP rising at 10.000ns
  Clock Uncertainty:    0.035ns

  Clock Uncertainty:          0.035ns  ((TSJ^2 + TIJ^2)^1/2 + DJ) / 2 + PE
    Total System Jitter (TSJ):  0.070ns
    Total Input Jitter (TIJ):   0.000ns
    Discrete Jitter (DJ):       0.000ns
    Phase Error (PE):           0.000ns

  Maximum Data Path at Slow Process Corner: u_fdpe/Maddsub_delta_reg[16]_fraction_pipe_reg[6]_MuLt_12_OUT to u_fdpe/decay_reg_5
    Location             Delay type         Delay(ns)  Physical Resource
                                                       Logical Resource(s)
    -------------------------------------------------  -------------------
    DSP48_X1Y9.PCOUT16   Tdspcko_PCOUT_MREG    3.952   u_fdpe/Maddsub_delta_reg[16]_fraction_pipe_reg[6]_MuLt_12_OUT
                                                       u_fdpe/Maddsub_delta_reg[16]_fraction_pipe_reg[6]_MuLt_12_OUT
    DSP48_X1Y10.PCIN16   net (fanout=1)        0.059   u_fdpe/Maddsub_delta_reg[16]_fraction_pipe_reg[6]_MuLt_12_OUT_PCOUT_to_Madd_n01241_PCIN_16
    DSP48_X1Y10.P23      Tdspdo_PCIN_P         2.645   u_fdpe/Madd_n01241
                                                       u_fdpe/Madd_n01241
    SLICE_X30Y41.A2      net (fanout=1)        0.951   u_fdpe/n0124<23>
    SLICE_X30Y41.A       Tilo                  0.254   u_fdpe/_n02512
                                                       u_fdpe/_n02512
    SLICE_X33Y41.B5      net (fanout=1)        0.439   u_fdpe/_n02512
    SLICE_X33Y41.B       Tilo                  0.259   u_fdpe/decay_reg<0>
                                                       u_fdpe/_n02513
    SLICE_X31Y40.C5      net (fanout=16)       0.516   u_fdpe/_n0251
    SLICE_X31Y40.CLK     Tas                   0.373   u_fdpe/decay_reg<5>
                                                       u_fdpe/decay_reg_5_glue_set
                                                       u_fdpe/decay_reg_5
    -------------------------------------------------  ---------------------------
    Total                                      9.448ns (7.483ns logic, 1.965ns route)
                                                       (79.2% logic, 20.8% route)

--------------------------------------------------------------------------------

Paths for end point u_fdpe/decay_reg_12 (SLICE_X30Y40.B5), 438 paths
--------------------------------------------------------------------------------
Slack (setup path):     0.528ns (requirement - (data path - clock path skew + uncertainty))
  Source:               u_fdpe/Maddsub_delta_reg[16]_fraction_pipe_reg[6]_MuLt_12_OUT (DSP)
  Destination:          u_fdpe/decay_reg_12 (FF)
  Requirement:          10.000ns
  Data Path Delay:      9.424ns (Levels of Logic = 4)
  Clock Path Skew:      -0.013ns (0.325 - 0.338)
  Source Clock:         clk_100mhz_BUFGP rising at 0.000ns
  Destination Clock:    clk_100mhz_BUFGP rising at 10.000ns
  Clock Uncertainty:    0.035ns

  Clock Uncertainty:          0.035ns  ((TSJ^2 + TIJ^2)^1/2 + DJ) / 2 + PE
    Total System Jitter (TSJ):  0.070ns
    Total Input Jitter (TIJ):   0.000ns
    Discrete Jitter (DJ):       0.000ns
    Phase Error (PE):           0.000ns

  Maximum Data Path at Slow Process Corner: u_fdpe/Maddsub_delta_reg[16]_fraction_pipe_reg[6]_MuLt_12_OUT to u_fdpe/decay_reg_12
    Location             Delay type         Delay(ns)  Physical Resource
                                                       Logical Resource(s)
    -------------------------------------------------  -------------------
    DSP48_X1Y9.PCOUT12   Tdspcko_PCOUT_MREG    3.952   u_fdpe/Maddsub_delta_reg[16]_fraction_pipe_reg[6]_MuLt_12_OUT
                                                       u_fdpe/Maddsub_delta_reg[16]_fraction_pipe_reg[6]_MuLt_12_OUT
    DSP48_X1Y10.PCIN12   net (fanout=1)        0.059   u_fdpe/Maddsub_delta_reg[16]_fraction_pipe_reg[6]_MuLt_12_OUT_PCOUT_to_Madd_n01241_PCIN_12
    DSP48_X1Y10.P23      Tdspdo_PCIN_P         2.645   u_fdpe/Madd_n01241
                                                       u_fdpe/Madd_n01241
    SLICE_X30Y41.A2      net (fanout=1)        0.951   u_fdpe/n0124<23>
    SLICE_X30Y41.A       Tilo                  0.254   u_fdpe/_n02512
                                                       u_fdpe/_n02512
    SLICE_X33Y41.B5      net (fanout=1)        0.439   u_fdpe/_n02512
    SLICE_X33Y41.B       Tilo                  0.259   u_fdpe/decay_reg<0>
                                                       u_fdpe/_n02513
    SLICE_X30Y40.B5      net (fanout=16)       0.526   u_fdpe/_n0251
    SLICE_X30Y40.CLK     Tas                   0.339   u_fdpe/decay_reg<14>
                                                       u_fdpe/decay_reg_12_glue_set
                                                       u_fdpe/decay_reg_12
    -------------------------------------------------  ---------------------------
    Total                                      9.424ns (7.449ns logic, 1.975ns route)
                                                       (79.0% logic, 21.0% route)

--------------------------------------------------------------------------------
Slack (setup path):     0.528ns (requirement - (data path - clock path skew + uncertainty))
  Source:               u_fdpe/Maddsub_delta_reg[16]_fraction_pipe_reg[6]_MuLt_12_OUT (DSP)
  Destination:          u_fdpe/decay_reg_12 (FF)
  Requirement:          10.000ns
  Data Path Delay:      9.424ns (Levels of Logic = 4)
  Clock Path Skew:      -0.013ns (0.325 - 0.338)
  Source Clock:         clk_100mhz_BUFGP rising at 0.000ns
  Destination Clock:    clk_100mhz_BUFGP rising at 10.000ns
  Clock Uncertainty:    0.035ns

  Clock Uncertainty:          0.035ns  ((TSJ^2 + TIJ^2)^1/2 + DJ) / 2 + PE
    Total System Jitter (TSJ):  0.070ns
    Total Input Jitter (TIJ):   0.000ns
    Discrete Jitter (DJ):       0.000ns
    Phase Error (PE):           0.000ns

  Maximum Data Path at Slow Process Corner: u_fdpe/Maddsub_delta_reg[16]_fraction_pipe_reg[6]_MuLt_12_OUT to u_fdpe/decay_reg_12
    Location             Delay type         Delay(ns)  Physical Resource
                                                       Logical Resource(s)
    -------------------------------------------------  -------------------
    DSP48_X1Y9.PCOUT15   Tdspcko_PCOUT_MREG    3.952   u_fdpe/Maddsub_delta_reg[16]_fraction_pipe_reg[6]_MuLt_12_OUT
                                                       u_fdpe/Maddsub_delta_reg[16]_fraction_pipe_reg[6]_MuLt_12_OUT
    DSP48_X1Y10.PCIN15   net (fanout=1)        0.059   u_fdpe/Maddsub_delta_reg[16]_fraction_pipe_reg[6]_MuLt_12_OUT_PCOUT_to_Madd_n01241_PCIN_15
    DSP48_X1Y10.P23      Tdspdo_PCIN_P         2.645   u_fdpe/Madd_n01241
                                                       u_fdpe/Madd_n01241
    SLICE_X30Y41.A2      net (fanout=1)        0.951   u_fdpe/n0124<23>
    SLICE_X30Y41.A       Tilo                  0.254   u_fdpe/_n02512
                                                       u_fdpe/_n02512
    SLICE_X33Y41.B5      net (fanout=1)        0.439   u_fdpe/_n02512
    SLICE_X33Y41.B       Tilo                  0.259   u_fdpe/decay_reg<0>
                                                       u_fdpe/_n02513
    SLICE_X30Y40.B5      net (fanout=16)       0.526   u_fdpe/_n0251
    SLICE_X30Y40.CLK     Tas                   0.339   u_fdpe/decay_reg<14>
                                                       u_fdpe/decay_reg_12_glue_set
                                                       u_fdpe/decay_reg_12
    -------------------------------------------------  ---------------------------
    Total                                      9.424ns (7.449ns logic, 1.975ns route)
                                                       (79.0% logic, 21.0% route)

--------------------------------------------------------------------------------
Slack (setup path):     0.528ns (requirement - (data path - clock path skew + uncertainty))
  Source:               u_fdpe/Maddsub_delta_reg[16]_fraction_pipe_reg[6]_MuLt_12_OUT (DSP)
  Destination:          u_fdpe/decay_reg_12 (FF)
  Requirement:          10.000ns
  Data Path Delay:      9.424ns (Levels of Logic = 4)
  Clock Path Skew:      -0.013ns (0.325 - 0.338)
  Source Clock:         clk_100mhz_BUFGP rising at 0.000ns
  Destination Clock:    clk_100mhz_BUFGP rising at 10.000ns
  Clock Uncertainty:    0.035ns

  Clock Uncertainty:          0.035ns  ((TSJ^2 + TIJ^2)^1/2 + DJ) / 2 + PE
    Total System Jitter (TSJ):  0.070ns
    Total Input Jitter (TIJ):   0.000ns
    Discrete Jitter (DJ):       0.000ns
    Phase Error (PE):           0.000ns

  Maximum Data Path at Slow Process Corner: u_fdpe/Maddsub_delta_reg[16]_fraction_pipe_reg[6]_MuLt_12_OUT to u_fdpe/decay_reg_12
    Location             Delay type         Delay(ns)  Physical Resource
                                                       Logical Resource(s)
    -------------------------------------------------  -------------------
    DSP48_X1Y9.PCOUT14   Tdspcko_PCOUT_MREG    3.952   u_fdpe/Maddsub_delta_reg[16]_fraction_pipe_reg[6]_MuLt_12_OUT
                                                       u_fdpe/Maddsub_delta_reg[16]_fraction_pipe_reg[6]_MuLt_12_OUT
    DSP48_X1Y10.PCIN14   net (fanout=1)        0.059   u_fdpe/Maddsub_delta_reg[16]_fraction_pipe_reg[6]_MuLt_12_OUT_PCOUT_to_Madd_n01241_PCIN_14
    DSP48_X1Y10.P23      Tdspdo_PCIN_P         2.645   u_fdpe/Madd_n01241
                                                       u_fdpe/Madd_n01241
    SLICE_X30Y41.A2      net (fanout=1)        0.951   u_fdpe/n0124<23>
    SLICE_X30Y41.A       Tilo                  0.254   u_fdpe/_n02512
                                                       u_fdpe/_n02512
    SLICE_X33Y41.B5      net (fanout=1)        0.439   u_fdpe/_n02512
    SLICE_X33Y41.B       Tilo                  0.259   u_fdpe/decay_reg<0>
                                                       u_fdpe/_n02513
    SLICE_X30Y40.B5      net (fanout=16)       0.526   u_fdpe/_n0251
    SLICE_X30Y40.CLK     Tas                   0.339   u_fdpe/decay_reg<14>
                                                       u_fdpe/decay_reg_12_glue_set
                                                       u_fdpe/decay_reg_12
    -------------------------------------------------  ---------------------------
    Total                                      9.424ns (7.449ns logic, 1.975ns route)
                                                       (79.0% logic, 21.0% route)

--------------------------------------------------------------------------------
Slack (setup path):     0.528ns (requirement - (data path - clock path skew + uncertainty))
  Source:               u_fdpe/Maddsub_delta_reg[16]_fraction_pipe_reg[6]_MuLt_12_OUT (DSP)
  Destination:          u_fdpe/decay_reg_12 (FF)
  Requirement:          10.000ns
  Data Path Delay:      9.424ns (Levels of Logic = 4)
  Clock Path Skew:      -0.013ns (0.325 - 0.338)
  Source Clock:         clk_100mhz_BUFGP rising at 0.000ns
  Destination Clock:    clk_100mhz_BUFGP rising at 10.000ns
  Clock Uncertainty:    0.035ns

  Clock Uncertainty:          0.035ns  ((TSJ^2 + TIJ^2)^1/2 + DJ) / 2 + PE
    Total System Jitter (TSJ):  0.070ns
    Total Input Jitter (TIJ):   0.000ns
    Discrete Jitter (DJ):       0.000ns
    Phase Error (PE):           0.000ns

  Maximum Data Path at Slow Process Corner: u_fdpe/Maddsub_delta_reg[16]_fraction_pipe_reg[6]_MuLt_12_OUT to u_fdpe/decay_reg_12
    Location             Delay type         Delay(ns)  Physical Resource
                                                       Logical Resource(s)
    -------------------------------------------------  -------------------
    DSP48_X1Y9.PCOUT13   Tdspcko_PCOUT_MREG    3.952   u_fdpe/Maddsub_delta_reg[16]_fraction_pipe_reg[6]_MuLt_12_OUT
                                                       u_fdpe/Maddsub_delta_reg[16]_fraction_pipe_reg[6]_MuLt_12_OUT
    DSP48_X1Y10.PCIN13   net (fanout=1)        0.059   u_fdpe/Maddsub_delta_reg[16]_fraction_pipe_reg[6]_MuLt_12_OUT_PCOUT_to_Madd_n01241_PCIN_13
    DSP48_X1Y10.P23      Tdspdo_PCIN_P         2.645   u_fdpe/Madd_n01241
                                                       u_fdpe/Madd_n01241
    SLICE_X30Y41.A2      net (fanout=1)        0.951   u_fdpe/n0124<23>
    SLICE_X30Y41.A       Tilo                  0.254   u_fdpe/_n02512
                                                       u_fdpe/_n02512
    SLICE_X33Y41.B5      net (fanout=1)        0.439   u_fdpe/_n02512
    SLICE_X33Y41.B       Tilo                  0.259   u_fdpe/decay_reg<0>
                                                       u_fdpe/_n02513
    SLICE_X30Y40.B5      net (fanout=16)       0.526   u_fdpe/_n0251
    SLICE_X30Y40.CLK     Tas                   0.339   u_fdpe/decay_reg<14>
                                                       u_fdpe/decay_reg_12_glue_set
                                                       u_fdpe/decay_reg_12
    -------------------------------------------------  ---------------------------
    Total                                      9.424ns (7.449ns logic, 1.975ns route)
                                                       (79.0% logic, 21.0% route)

--------------------------------------------------------------------------------
Slack (setup path):     0.528ns (requirement - (data path - clock path skew + uncertainty))
  Source:               u_fdpe/Maddsub_delta_reg[16]_fraction_pipe_reg[6]_MuLt_12_OUT (DSP)
  Destination:          u_fdpe/decay_reg_12 (FF)
  Requirement:          10.000ns
  Data Path Delay:      9.424ns (Levels of Logic = 4)
  Clock Path Skew:      -0.013ns (0.325 - 0.338)
  Source Clock:         clk_100mhz_BUFGP rising at 0.000ns
  Destination Clock:    clk_100mhz_BUFGP rising at 10.000ns
  Clock Uncertainty:    0.035ns

  Clock Uncertainty:          0.035ns  ((TSJ^2 + TIJ^2)^1/2 + DJ) / 2 + PE
    Total System Jitter (TSJ):  0.070ns
    Total Input Jitter (TIJ):   0.000ns
    Discrete Jitter (DJ):       0.000ns
    Phase Error (PE):           0.000ns

  Maximum Data Path at Slow Process Corner: u_fdpe/Maddsub_delta_reg[16]_fraction_pipe_reg[6]_MuLt_12_OUT to u_fdpe/decay_reg_12
    Location             Delay type         Delay(ns)  Physical Resource
                                                       Logical Resource(s)
    -------------------------------------------------  -------------------
    DSP48_X1Y9.PCOUT9    Tdspcko_PCOUT_MREG    3.952   u_fdpe/Maddsub_delta_reg[16]_fraction_pipe_reg[6]_MuLt_12_OUT
                                                       u_fdpe/Maddsub_delta_reg[16]_fraction_pipe_reg[6]_MuLt_12_OUT
    DSP48_X1Y10.PCIN9    net (fanout=1)        0.059   u_fdpe/Maddsub_delta_reg[16]_fraction_pipe_reg[6]_MuLt_12_OUT_PCOUT_to_Madd_n01241_PCIN_9
    DSP48_X1Y10.P23      Tdspdo_PCIN_P         2.645   u_fdpe/Madd_n01241
                                                       u_fdpe/Madd_n01241
    SLICE_X30Y41.A2      net (fanout=1)        0.951   u_fdpe/n0124<23>
    SLICE_X30Y41.A       Tilo                  0.254   u_fdpe/_n02512
                                                       u_fdpe/_n02512
    SLICE_X33Y41.B5      net (fanout=1)        0.439   u_fdpe/_n02512
    SLICE_X33Y41.B       Tilo                  0.259   u_fdpe/decay_reg<0>
                                                       u_fdpe/_n02513
    SLICE_X30Y40.B5      net (fanout=16)       0.526   u_fdpe/_n0251
    SLICE_X30Y40.CLK     Tas                   0.339   u_fdpe/decay_reg<14>
                                                       u_fdpe/decay_reg_12_glue_set
                                                       u_fdpe/decay_reg_12
    -------------------------------------------------  ---------------------------
    Total                                      9.424ns (7.449ns logic, 1.975ns route)
                                                       (79.0% logic, 21.0% route)

--------------------------------------------------------------------------------
Slack (setup path):     0.528ns (requirement - (data path - clock path skew + uncertainty))
  Source:               u_fdpe/Maddsub_delta_reg[16]_fraction_pipe_reg[6]_MuLt_12_OUT (DSP)
  Destination:          u_fdpe/decay_reg_12 (FF)
  Requirement:          10.000ns
  Data Path Delay:      9.424ns (Levels of Logic = 4)
  Clock Path Skew:      -0.013ns (0.325 - 0.338)
  Source Clock:         clk_100mhz_BUFGP rising at 0.000ns
  Destination Clock:    clk_100mhz_BUFGP rising at 10.000ns
  Clock Uncertainty:    0.035ns

  Clock Uncertainty:          0.035ns  ((TSJ^2 + TIJ^2)^1/2 + DJ) / 2 + PE
    Total System Jitter (TSJ):  0.070ns
    Total Input Jitter (TIJ):   0.000ns
    Discrete Jitter (DJ):       0.000ns
    Phase Error (PE):           0.000ns

  Maximum Data Path at Slow Process Corner: u_fdpe/Maddsub_delta_reg[16]_fraction_pipe_reg[6]_MuLt_12_OUT to u_fdpe/decay_reg_12
    Location             Delay type         Delay(ns)  Physical Resource
                                                       Logical Resource(s)
    -------------------------------------------------  -------------------
    DSP48_X1Y9.PCOUT11   Tdspcko_PCOUT_MREG    3.952   u_fdpe/Maddsub_delta_reg[16]_fraction_pipe_reg[6]_MuLt_12_OUT
                                                       u_fdpe/Maddsub_delta_reg[16]_fraction_pipe_reg[6]_MuLt_12_OUT
    DSP48_X1Y10.PCIN11   net (fanout=1)        0.059   u_fdpe/Maddsub_delta_reg[16]_fraction_pipe_reg[6]_MuLt_12_OUT_PCOUT_to_Madd_n01241_PCIN_11
    DSP48_X1Y10.P23      Tdspdo_PCIN_P         2.645   u_fdpe/Madd_n01241
                                                       u_fdpe/Madd_n01241
    SLICE_X30Y41.A2      net (fanout=1)        0.951   u_fdpe/n0124<23>
    SLICE_X30Y41.A       Tilo                  0.254   u_fdpe/_n02512
                                                       u_fdpe/_n02512
    SLICE_X33Y41.B5      net (fanout=1)        0.439   u_fdpe/_n02512
    SLICE_X33Y41.B       Tilo                  0.259   u_fdpe/decay_reg<0>
                                                       u_fdpe/_n02513
    SLICE_X30Y40.B5      net (fanout=16)       0.526   u_fdpe/_n0251
    SLICE_X30Y40.CLK     Tas                   0.339   u_fdpe/decay_reg<14>
                                                       u_fdpe/decay_reg_12_glue_set
                                                       u_fdpe/decay_reg_12
    -------------------------------------------------  ---------------------------
    Total                                      9.424ns (7.449ns logic, 1.975ns route)
                                                       (79.0% logic, 21.0% route)

--------------------------------------------------------------------------------
Slack (setup path):     0.528ns (requirement - (data path - clock path skew + uncertainty))
  Source:               u_fdpe/Maddsub_delta_reg[16]_fraction_pipe_reg[6]_MuLt_12_OUT (DSP)
  Destination:          u_fdpe/decay_reg_12 (FF)
  Requirement:          10.000ns
  Data Path Delay:      9.424ns (Levels of Logic = 4)
  Clock Path Skew:      -0.013ns (0.325 - 0.338)
  Source Clock:         clk_100mhz_BUFGP rising at 0.000ns
  Destination Clock:    clk_100mhz_BUFGP rising at 10.000ns
  Clock Uncertainty:    0.035ns

  Clock Uncertainty:          0.035ns  ((TSJ^2 + TIJ^2)^1/2 + DJ) / 2 + PE
    Total System Jitter (TSJ):  0.070ns
    Total Input Jitter (TIJ):   0.000ns
    Discrete Jitter (DJ):       0.000ns
    Phase Error (PE):           0.000ns

  Maximum Data Path at Slow Process Corner: u_fdpe/Maddsub_delta_reg[16]_fraction_pipe_reg[6]_MuLt_12_OUT to u_fdpe/decay_reg_12
    Location             Delay type         Delay(ns)  Physical Resource
                                                       Logical Resource(s)
    -------------------------------------------------  -------------------
    DSP48_X1Y9.PCOUT10   Tdspcko_PCOUT_MREG    3.952   u_fdpe/Maddsub_delta_reg[16]_fraction_pipe_reg[6]_MuLt_12_OUT
                                                       u_fdpe/Maddsub_delta_reg[16]_fraction_pipe_reg[6]_MuLt_12_OUT
    DSP48_X1Y10.PCIN10   net (fanout=1)        0.059   u_fdpe/Maddsub_delta_reg[16]_fraction_pipe_reg[6]_MuLt_12_OUT_PCOUT_to_Madd_n01241_PCIN_10
    DSP48_X1Y10.P23      Tdspdo_PCIN_P         2.645   u_fdpe/Madd_n01241
                                                       u_fdpe/Madd_n01241
    SLICE_X30Y41.A2      net (fanout=1)        0.951   u_fdpe/n0124<23>
    SLICE_X30Y41.A       Tilo                  0.254   u_fdpe/_n02512
                                                       u_fdpe/_n02512
    SLICE_X33Y41.B5      net (fanout=1)        0.439   u_fdpe/_n02512
    SLICE_X33Y41.B       Tilo                  0.259   u_fdpe/decay_reg<0>
                                                       u_fdpe/_n02513
    SLICE_X30Y40.B5      net (fanout=16)       0.526   u_fdpe/_n0251
    SLICE_X30Y40.CLK     Tas                   0.339   u_fdpe/decay_reg<14>
                                                       u_fdpe/decay_reg_12_glue_set
                                                       u_fdpe/decay_reg_12
    -------------------------------------------------  ---------------------------
    Total                                      9.424ns (7.449ns logic, 1.975ns route)
                                                       (79.0% logic, 21.0% route)

--------------------------------------------------------------------------------
Slack (setup path):     0.528ns (requirement - (data path - clock path skew + uncertainty))
  Source:               u_fdpe/Maddsub_delta_reg[16]_fraction_pipe_reg[6]_MuLt_12_OUT (DSP)
  Destination:          u_fdpe/decay_reg_12 (FF)
  Requirement:          10.000ns
  Data Path Delay:      9.424ns (Levels of Logic = 4)
  Clock Path Skew:      -0.013ns (0.325 - 0.338)
  Source Clock:         clk_100mhz_BUFGP rising at 0.000ns
  Destination Clock:    clk_100mhz_BUFGP rising at 10.000ns
  Clock Uncertainty:    0.035ns

  Clock Uncertainty:          0.035ns  ((TSJ^2 + TIJ^2)^1/2 + DJ) / 2 + PE
    Total System Jitter (TSJ):  0.070ns
    Total Input Jitter (TIJ):   0.000ns
    Discrete Jitter (DJ):       0.000ns
    Phase Error (PE):           0.000ns

  Maximum Data Path at Slow Process Corner: u_fdpe/Maddsub_delta_reg[16]_fraction_pipe_reg[6]_MuLt_12_OUT to u_fdpe/decay_reg_12
    Location             Delay type         Delay(ns)  Physical Resource
                                                       Logical Resource(s)
    -------------------------------------------------  -------------------
    DSP48_X1Y9.PCOUT1    Tdspcko_PCOUT_MREG    3.952   u_fdpe/Maddsub_delta_reg[16]_fraction_pipe_reg[6]_MuLt_12_OUT
                                                       u_fdpe/Maddsub_delta_reg[16]_fraction_pipe_reg[6]_MuLt_12_OUT
    DSP48_X1Y10.PCIN1    net (fanout=1)        0.059   u_fdpe/Maddsub_delta_reg[16]_fraction_pipe_reg[6]_MuLt_12_OUT_PCOUT_to_Madd_n01241_PCIN_1
    DSP48_X1Y10.P23      Tdspdo_PCIN_P         2.645   u_fdpe/Madd_n01241
                                                       u_fdpe/Madd_n01241
    SLICE_X30Y41.A2      net (fanout=1)        0.951   u_fdpe/n0124<23>
    SLICE_X30Y41.A       Tilo                  0.254   u_fdpe/_n02512
                                                       u_fdpe/_n02512
    SLICE_X33Y41.B5      net (fanout=1)        0.439   u_fdpe/_n02512
    SLICE_X33Y41.B       Tilo                  0.259   u_fdpe/decay_reg<0>
                                                       u_fdpe/_n02513
    SLICE_X30Y40.B5      net (fanout=16)       0.526   u_fdpe/_n0251
    SLICE_X30Y40.CLK     Tas                   0.339   u_fdpe/decay_reg<14>
                                                       u_fdpe/decay_reg_12_glue_set
                                                       u_fdpe/decay_reg_12
    -------------------------------------------------  ---------------------------
    Total                                      9.424ns (7.449ns logic, 1.975ns route)
                                                       (79.0% logic, 21.0% route)

--------------------------------------------------------------------------------
Slack (setup path):     0.528ns (requirement - (data path - clock path skew + uncertainty))
  Source:               u_fdpe/Maddsub_delta_reg[16]_fraction_pipe_reg[6]_MuLt_12_OUT (DSP)
  Destination:          u_fdpe/decay_reg_12 (FF)
  Requirement:          10.000ns
  Data Path Delay:      9.424ns (Levels of Logic = 4)
  Clock Path Skew:      -0.013ns (0.325 - 0.338)
  Source Clock:         clk_100mhz_BUFGP rising at 0.000ns
  Destination Clock:    clk_100mhz_BUFGP rising at 10.000ns
  Clock Uncertainty:    0.035ns

  Clock Uncertainty:          0.035ns  ((TSJ^2 + TIJ^2)^1/2 + DJ) / 2 + PE
    Total System Jitter (TSJ):  0.070ns
    Total Input Jitter (TIJ):   0.000ns
    Discrete Jitter (DJ):       0.000ns
    Phase Error (PE):           0.000ns

  Maximum Data Path at Slow Process Corner: u_fdpe/Maddsub_delta_reg[16]_fraction_pipe_reg[6]_MuLt_12_OUT to u_fdpe/decay_reg_12
    Location             Delay type         Delay(ns)  Physical Resource
                                                       Logical Resource(s)
    -------------------------------------------------  -------------------
    DSP48_X1Y9.PCOUT0    Tdspcko_PCOUT_MREG    3.952   u_fdpe/Maddsub_delta_reg[16]_fraction_pipe_reg[6]_MuLt_12_OUT
                                                       u_fdpe/Maddsub_delta_reg[16]_fraction_pipe_reg[6]_MuLt_12_OUT
    DSP48_X1Y10.PCIN0    net (fanout=1)        0.059   u_fdpe/Maddsub_delta_reg[16]_fraction_pipe_reg[6]_MuLt_12_OUT_PCOUT_to_Madd_n01241_PCIN_0
    DSP48_X1Y10.P23      Tdspdo_PCIN_P         2.645   u_fdpe/Madd_n01241
                                                       u_fdpe/Madd_n01241
    SLICE_X30Y41.A2      net (fanout=1)        0.951   u_fdpe/n0124<23>
    SLICE_X30Y41.A       Tilo                  0.254   u_fdpe/_n02512
                                                       u_fdpe/_n02512
    SLICE_X33Y41.B5      net (fanout=1)        0.439   u_fdpe/_n02512
    SLICE_X33Y41.B       Tilo                  0.259   u_fdpe/decay_reg<0>
                                                       u_fdpe/_n02513
    SLICE_X30Y40.B5      net (fanout=16)       0.526   u_fdpe/_n0251
    SLICE_X30Y40.CLK     Tas                   0.339   u_fdpe/decay_reg<14>
                                                       u_fdpe/decay_reg_12_glue_set
                                                       u_fdpe/decay_reg_12
    -------------------------------------------------  ---------------------------
    Total                                      9.424ns (7.449ns logic, 1.975ns route)
                                                       (79.0% logic, 21.0% route)

--------------------------------------------------------------------------------
Slack (setup path):     0.528ns (requirement - (data path - clock path skew + uncertainty))
  Source:               u_fdpe/Maddsub_delta_reg[16]_fraction_pipe_reg[6]_MuLt_12_OUT (DSP)
  Destination:          u_fdpe/decay_reg_12 (FF)
  Requirement:          10.000ns
  Data Path Delay:      9.424ns (Levels of Logic = 4)
  Clock Path Skew:      -0.013ns (0.325 - 0.338)
  Source Clock:         clk_100mhz_BUFGP rising at 0.000ns
  Destination Clock:    clk_100mhz_BUFGP rising at 10.000ns
  Clock Uncertainty:    0.035ns

  Clock Uncertainty:          0.035ns  ((TSJ^2 + TIJ^2)^1/2 + DJ) / 2 + PE
    Total System Jitter (TSJ):  0.070ns
    Total Input Jitter (TIJ):   0.000ns
    Discrete Jitter (DJ):       0.000ns
    Phase Error (PE):           0.000ns

  Maximum Data Path at Slow Process Corner: u_fdpe/Maddsub_delta_reg[16]_fraction_pipe_reg[6]_MuLt_12_OUT to u_fdpe/decay_reg_12
    Location             Delay type         Delay(ns)  Physical Resource
                                                       Logical Resource(s)
    -------------------------------------------------  -------------------
    DSP48_X1Y9.PCOUT16   Tdspcko_PCOUT_MREG    3.952   u_fdpe/Maddsub_delta_reg[16]_fraction_pipe_reg[6]_MuLt_12_OUT
                                                       u_fdpe/Maddsub_delta_reg[16]_fraction_pipe_reg[6]_MuLt_12_OUT
    DSP48_X1Y10.PCIN16   net (fanout=1)        0.059   u_fdpe/Maddsub_delta_reg[16]_fraction_pipe_reg[6]_MuLt_12_OUT_PCOUT_to_Madd_n01241_PCIN_16
    DSP48_X1Y10.P23      Tdspdo_PCIN_P         2.645   u_fdpe/Madd_n01241
                                                       u_fdpe/Madd_n01241
    SLICE_X30Y41.A2      net (fanout=1)        0.951   u_fdpe/n0124<23>
    SLICE_X30Y41.A       Tilo                  0.254   u_fdpe/_n02512
                                                       u_fdpe/_n02512
    SLICE_X33Y41.B5      net (fanout=1)        0.439   u_fdpe/_n02512
    SLICE_X33Y41.B       Tilo                  0.259   u_fdpe/decay_reg<0>
                                                       u_fdpe/_n02513
    SLICE_X30Y40.B5      net (fanout=16)       0.526   u_fdpe/_n0251
    SLICE_X30Y40.CLK     Tas                   0.339   u_fdpe/decay_reg<14>
                                                       u_fdpe/decay_reg_12_glue_set
                                                       u_fdpe/decay_reg_12
    -------------------------------------------------  ---------------------------
    Total                                      9.424ns (7.449ns logic, 1.975ns route)
                                                       (79.0% logic, 21.0% route)

--------------------------------------------------------------------------------

Paths for end point u_fdpe/decay_reg_10 (SLICE_X31Y41.D5), 438 paths
--------------------------------------------------------------------------------
Slack (setup path):     0.543ns (requirement - (data path - clock path skew + uncertainty))
  Source:               u_fdpe/Maddsub_delta_reg[16]_fraction_pipe_reg[6]_MuLt_12_OUT (DSP)
  Destination:          u_fdpe/decay_reg_10 (FF)
  Requirement:          10.000ns
  Data Path Delay:      9.411ns (Levels of Logic = 4)
  Clock Path Skew:      -0.011ns (0.327 - 0.338)
  Source Clock:         clk_100mhz_BUFGP rising at 0.000ns
  Destination Clock:    clk_100mhz_BUFGP rising at 10.000ns
  Clock Uncertainty:    0.035ns

  Clock Uncertainty:          0.035ns  ((TSJ^2 + TIJ^2)^1/2 + DJ) / 2 + PE
    Total System Jitter (TSJ):  0.070ns
    Total Input Jitter (TIJ):   0.000ns
    Discrete Jitter (DJ):       0.000ns
    Phase Error (PE):           0.000ns

  Maximum Data Path at Slow Process Corner: u_fdpe/Maddsub_delta_reg[16]_fraction_pipe_reg[6]_MuLt_12_OUT to u_fdpe/decay_reg_10
    Location             Delay type         Delay(ns)  Physical Resource
                                                       Logical Resource(s)
    -------------------------------------------------  -------------------
    DSP48_X1Y9.PCOUT12   Tdspcko_PCOUT_MREG    3.952   u_fdpe/Maddsub_delta_reg[16]_fraction_pipe_reg[6]_MuLt_12_OUT
                                                       u_fdpe/Maddsub_delta_reg[16]_fraction_pipe_reg[6]_MuLt_12_OUT
    DSP48_X1Y10.PCIN12   net (fanout=1)        0.059   u_fdpe/Maddsub_delta_reg[16]_fraction_pipe_reg[6]_MuLt_12_OUT_PCOUT_to_Madd_n01241_PCIN_12
    DSP48_X1Y10.P23      Tdspdo_PCIN_P         2.645   u_fdpe/Madd_n01241
                                                       u_fdpe/Madd_n01241
    SLICE_X30Y41.A2      net (fanout=1)        0.951   u_fdpe/n0124<23>
    SLICE_X30Y41.A       Tilo                  0.254   u_fdpe/_n02512
                                                       u_fdpe/_n02512
    SLICE_X33Y41.B5      net (fanout=1)        0.439   u_fdpe/_n02512
    SLICE_X33Y41.B       Tilo                  0.259   u_fdpe/decay_reg<0>
                                                       u_fdpe/_n02513
    SLICE_X31Y41.D5      net (fanout=16)       0.479   u_fdpe/_n0251
    SLICE_X31Y41.CLK     Tas                   0.373   u_fdpe/decay_reg<10>
                                                       u_fdpe/decay_reg_10_glue_set
                                                       u_fdpe/decay_reg_10
    -------------------------------------------------  ---------------------------
    Total                                      9.411ns (7.483ns logic, 1.928ns route)
                                                       (79.5% logic, 20.5% route)

--------------------------------------------------------------------------------
Slack (setup path):     0.543ns (requirement - (data path - clock path skew + uncertainty))
  Source:               u_fdpe/Maddsub_delta_reg[16]_fraction_pipe_reg[6]_MuLt_12_OUT (DSP)
  Destination:          u_fdpe/decay_reg_10 (FF)
  Requirement:          10.000ns
  Data Path Delay:      9.411ns (Levels of Logic = 4)
  Clock Path Skew:      -0.011ns (0.327 - 0.338)
  Source Clock:         clk_100mhz_BUFGP rising at 0.000ns
  Destination Clock:    clk_100mhz_BUFGP rising at 10.000ns
  Clock Uncertainty:    0.035ns

  Clock Uncertainty:          0.035ns  ((TSJ^2 + TIJ^2)^1/2 + DJ) / 2 + PE
    Total System Jitter (TSJ):  0.070ns
    Total Input Jitter (TIJ):   0.000ns
    Discrete Jitter (DJ):       0.000ns
    Phase Error (PE):           0.000ns

  Maximum Data Path at Slow Process Corner: u_fdpe/Maddsub_delta_reg[16]_fraction_pipe_reg[6]_MuLt_12_OUT to u_fdpe/decay_reg_10
    Location             Delay type         Delay(ns)  Physical Resource
                                                       Logical Resource(s)
    -------------------------------------------------  -------------------
    DSP48_X1Y9.PCOUT15   Tdspcko_PCOUT_MREG    3.952   u_fdpe/Maddsub_delta_reg[16]_fraction_pipe_reg[6]_MuLt_12_OUT
                                                       u_fdpe/Maddsub_delta_reg[16]_fraction_pipe_reg[6]_MuLt_12_OUT
    DSP48_X1Y10.PCIN15   net (fanout=1)        0.059   u_fdpe/Maddsub_delta_reg[16]_fraction_pipe_reg[6]_MuLt_12_OUT_PCOUT_to_Madd_n01241_PCIN_15
    DSP48_X1Y10.P23      Tdspdo_PCIN_P         2.645   u_fdpe/Madd_n01241
                                                       u_fdpe/Madd_n01241
    SLICE_X30Y41.A2      net (fanout=1)        0.951   u_fdpe/n0124<23>
    SLICE_X30Y41.A       Tilo                  0.254   u_fdpe/_n02512
                                                       u_fdpe/_n02512
    SLICE_X33Y41.B5      net (fanout=1)        0.439   u_fdpe/_n02512
    SLICE_X33Y41.B       Tilo                  0.259   u_fdpe/decay_reg<0>
                                                       u_fdpe/_n02513
    SLICE_X31Y41.D5      net (fanout=16)       0.479   u_fdpe/_n0251
    SLICE_X31Y41.CLK     Tas                   0.373   u_fdpe/decay_reg<10>
                                                       u_fdpe/decay_reg_10_glue_set
                                                       u_fdpe/decay_reg_10
    -------------------------------------------------  ---------------------------
    Total                                      9.411ns (7.483ns logic, 1.928ns route)
                                                       (79.5% logic, 20.5% route)

--------------------------------------------------------------------------------
Slack (setup path):     0.543ns (requirement - (data path - clock path skew + uncertainty))
  Source:               u_fdpe/Maddsub_delta_reg[16]_fraction_pipe_reg[6]_MuLt_12_OUT (DSP)
  Destination:          u_fdpe/decay_reg_10 (FF)
  Requirement:          10.000ns
  Data Path Delay:      9.411ns (Levels of Logic = 4)
  Clock Path Skew:      -0.011ns (0.327 - 0.338)
  Source Clock:         clk_100mhz_BUFGP rising at 0.000ns
  Destination Clock:    clk_100mhz_BUFGP rising at 10.000ns
  Clock Uncertainty:    0.035ns

  Clock Uncertainty:          0.035ns  ((TSJ^2 + TIJ^2)^1/2 + DJ) / 2 + PE
    Total System Jitter (TSJ):  0.070ns
    Total Input Jitter (TIJ):   0.000ns
    Discrete Jitter (DJ):       0.000ns
    Phase Error (PE):           0.000ns

  Maximum Data Path at Slow Process Corner: u_fdpe/Maddsub_delta_reg[16]_fraction_pipe_reg[6]_MuLt_12_OUT to u_fdpe/decay_reg_10
    Location             Delay type         Delay(ns)  Physical Resource
                                                       Logical Resource(s)
    -------------------------------------------------  -------------------
    DSP48_X1Y9.PCOUT14   Tdspcko_PCOUT_MREG    3.952   u_fdpe/Maddsub_delta_reg[16]_fraction_pipe_reg[6]_MuLt_12_OUT
                                                       u_fdpe/Maddsub_delta_reg[16]_fraction_pipe_reg[6]_MuLt_12_OUT
    DSP48_X1Y10.PCIN14   net (fanout=1)        0.059   u_fdpe/Maddsub_delta_reg[16]_fraction_pipe_reg[6]_MuLt_12_OUT_PCOUT_to_Madd_n01241_PCIN_14
    DSP48_X1Y10.P23      Tdspdo_PCIN_P         2.645   u_fdpe/Madd_n01241
                                                       u_fdpe/Madd_n01241
    SLICE_X30Y41.A2      net (fanout=1)        0.951   u_fdpe/n0124<23>
    SLICE_X30Y41.A       Tilo                  0.254   u_fdpe/_n02512
                                                       u_fdpe/_n02512
    SLICE_X33Y41.B5      net (fanout=1)        0.439   u_fdpe/_n02512
    SLICE_X33Y41.B       Tilo                  0.259   u_fdpe/decay_reg<0>
                                                       u_fdpe/_n02513
    SLICE_X31Y41.D5      net (fanout=16)       0.479   u_fdpe/_n0251
    SLICE_X31Y41.CLK     Tas                   0.373   u_fdpe/decay_reg<10>
                                                       u_fdpe/decay_reg_10_glue_set
                                                       u_fdpe/decay_reg_10
    -------------------------------------------------  ---------------------------
    Total                                      9.411ns (7.483ns logic, 1.928ns route)
                                                       (79.5% logic, 20.5% route)

--------------------------------------------------------------------------------
Slack (setup path):     0.543ns (requirement - (data path - clock path skew + uncertainty))
  Source:               u_fdpe/Maddsub_delta_reg[16]_fraction_pipe_reg[6]_MuLt_12_OUT (DSP)
  Destination:          u_fdpe/decay_reg_10 (FF)
  Requirement:          10.000ns
  Data Path Delay:      9.411ns (Levels of Logic = 4)
  Clock Path Skew:      -0.011ns (0.327 - 0.338)
  Source Clock:         clk_100mhz_BUFGP rising at 0.000ns
  Destination Clock:    clk_100mhz_BUFGP rising at 10.000ns
  Clock Uncertainty:    0.035ns

  Clock Uncertainty:          0.035ns  ((TSJ^2 + TIJ^2)^1/2 + DJ) / 2 + PE
    Total System Jitter (TSJ):  0.070ns
    Total Input Jitter (TIJ):   0.000ns
    Discrete Jitter (DJ):       0.000ns
    Phase Error (PE):           0.000ns

  Maximum Data Path at Slow Process Corner: u_fdpe/Maddsub_delta_reg[16]_fraction_pipe_reg[6]_MuLt_12_OUT to u_fdpe/decay_reg_10
    Location             Delay type         Delay(ns)  Physical Resource
                                                       Logical Resource(s)
    -------------------------------------------------  -------------------
    DSP48_X1Y9.PCOUT13   Tdspcko_PCOUT_MREG    3.952   u_fdpe/Maddsub_delta_reg[16]_fraction_pipe_reg[6]_MuLt_12_OUT
                                                       u_fdpe/Maddsub_delta_reg[16]_fraction_pipe_reg[6]_MuLt_12_OUT
    DSP48_X1Y10.PCIN13   net (fanout=1)        0.059   u_fdpe/Maddsub_delta_reg[16]_fraction_pipe_reg[6]_MuLt_12_OUT_PCOUT_to_Madd_n01241_PCIN_13
    DSP48_X1Y10.P23      Tdspdo_PCIN_P         2.645   u_fdpe/Madd_n01241
                                                       u_fdpe/Madd_n01241
    SLICE_X30Y41.A2      net (fanout=1)        0.951   u_fdpe/n0124<23>
    SLICE_X30Y41.A       Tilo                  0.254   u_fdpe/_n02512
                                                       u_fdpe/_n02512
    SLICE_X33Y41.B5      net (fanout=1)        0.439   u_fdpe/_n02512
    SLICE_X33Y41.B       Tilo                  0.259   u_fdpe/decay_reg<0>
                                                       u_fdpe/_n02513
    SLICE_X31Y41.D5      net (fanout=16)       0.479   u_fdpe/_n0251
    SLICE_X31Y41.CLK     Tas                   0.373   u_fdpe/decay_reg<10>
                                                       u_fdpe/decay_reg_10_glue_set
                                                       u_fdpe/decay_reg_10
    -------------------------------------------------  ---------------------------
    Total                                      9.411ns (7.483ns logic, 1.928ns route)
                                                       (79.5% logic, 20.5% route)

--------------------------------------------------------------------------------
Slack (setup path):     0.543ns (requirement - (data path - clock path skew + uncertainty))
  Source:               u_fdpe/Maddsub_delta_reg[16]_fraction_pipe_reg[6]_MuLt_12_OUT (DSP)
  Destination:          u_fdpe/decay_reg_10 (FF)
  Requirement:          10.000ns
  Data Path Delay:      9.411ns (Levels of Logic = 4)
  Clock Path Skew:      -0.011ns (0.327 - 0.338)
  Source Clock:         clk_100mhz_BUFGP rising at 0.000ns
  Destination Clock:    clk_100mhz_BUFGP rising at 10.000ns
  Clock Uncertainty:    0.035ns

  Clock Uncertainty:          0.035ns  ((TSJ^2 + TIJ^2)^1/2 + DJ) / 2 + PE
    Total System Jitter (TSJ):  0.070ns
    Total Input Jitter (TIJ):   0.000ns
    Discrete Jitter (DJ):       0.000ns
    Phase Error (PE):           0.000ns

  Maximum Data Path at Slow Process Corner: u_fdpe/Maddsub_delta_reg[16]_fraction_pipe_reg[6]_MuLt_12_OUT to u_fdpe/decay_reg_10
    Location             Delay type         Delay(ns)  Physical Resource
                                                       Logical Resource(s)
    -------------------------------------------------  -------------------
    DSP48_X1Y9.PCOUT9    Tdspcko_PCOUT_MREG    3.952   u_fdpe/Maddsub_delta_reg[16]_fraction_pipe_reg[6]_MuLt_12_OUT
                                                       u_fdpe/Maddsub_delta_reg[16]_fraction_pipe_reg[6]_MuLt_12_OUT
    DSP48_X1Y10.PCIN9    net (fanout=1)        0.059   u_fdpe/Maddsub_delta_reg[16]_fraction_pipe_reg[6]_MuLt_12_OUT_PCOUT_to_Madd_n01241_PCIN_9
    DSP48_X1Y10.P23      Tdspdo_PCIN_P         2.645   u_fdpe/Madd_n01241
                                                       u_fdpe/Madd_n01241
    SLICE_X30Y41.A2      net (fanout=1)        0.951   u_fdpe/n0124<23>
    SLICE_X30Y41.A       Tilo                  0.254   u_fdpe/_n02512
                                                       u_fdpe/_n02512
    SLICE_X33Y41.B5      net (fanout=1)        0.439   u_fdpe/_n02512
    SLICE_X33Y41.B       Tilo                  0.259   u_fdpe/decay_reg<0>
                                                       u_fdpe/_n02513
    SLICE_X31Y41.D5      net (fanout=16)       0.479   u_fdpe/_n0251
    SLICE_X31Y41.CLK     Tas                   0.373   u_fdpe/decay_reg<10>
                                                       u_fdpe/decay_reg_10_glue_set
                                                       u_fdpe/decay_reg_10
    -------------------------------------------------  ---------------------------
    Total                                      9.411ns (7.483ns logic, 1.928ns route)
                                                       (79.5% logic, 20.5% route)

--------------------------------------------------------------------------------
Slack (setup path):     0.543ns (requirement - (data path - clock path skew + uncertainty))
  Source:               u_fdpe/Maddsub_delta_reg[16]_fraction_pipe_reg[6]_MuLt_12_OUT (DSP)
  Destination:          u_fdpe/decay_reg_10 (FF)
  Requirement:          10.000ns
  Data Path Delay:      9.411ns (Levels of Logic = 4)
  Clock Path Skew:      -0.011ns (0.327 - 0.338)
  Source Clock:         clk_100mhz_BUFGP rising at 0.000ns
  Destination Clock:    clk_100mhz_BUFGP rising at 10.000ns
  Clock Uncertainty:    0.035ns

  Clock Uncertainty:          0.035ns  ((TSJ^2 + TIJ^2)^1/2 + DJ) / 2 + PE
    Total System Jitter (TSJ):  0.070ns
    Total Input Jitter (TIJ):   0.000ns
    Discrete Jitter (DJ):       0.000ns
    Phase Error (PE):           0.000ns

  Maximum Data Path at Slow Process Corner: u_fdpe/Maddsub_delta_reg[16]_fraction_pipe_reg[6]_MuLt_12_OUT to u_fdpe/decay_reg_10
    Location             Delay type         Delay(ns)  Physical Resource
                                                       Logical Resource(s)
    -------------------------------------------------  -------------------
    DSP48_X1Y9.PCOUT11   Tdspcko_PCOUT_MREG    3.952   u_fdpe/Maddsub_delta_reg[16]_fraction_pipe_reg[6]_MuLt_12_OUT
                                                       u_fdpe/Maddsub_delta_reg[16]_fraction_pipe_reg[6]_MuLt_12_OUT
    DSP48_X1Y10.PCIN11   net (fanout=1)        0.059   u_fdpe/Maddsub_delta_reg[16]_fraction_pipe_reg[6]_MuLt_12_OUT_PCOUT_to_Madd_n01241_PCIN_11
    DSP48_X1Y10.P23      Tdspdo_PCIN_P         2.645   u_fdpe/Madd_n01241
                                                       u_fdpe/Madd_n01241
    SLICE_X30Y41.A2      net (fanout=1)        0.951   u_fdpe/n0124<23>
    SLICE_X30Y41.A       Tilo                  0.254   u_fdpe/_n02512
                                                       u_fdpe/_n02512
    SLICE_X33Y41.B5      net (fanout=1)        0.439   u_fdpe/_n02512
    SLICE_X33Y41.B       Tilo                  0.259   u_fdpe/decay_reg<0>
                                                       u_fdpe/_n02513
    SLICE_X31Y41.D5      net (fanout=16)       0.479   u_fdpe/_n0251
    SLICE_X31Y41.CLK     Tas                   0.373   u_fdpe/decay_reg<10>
                                                       u_fdpe/decay_reg_10_glue_set
                                                       u_fdpe/decay_reg_10
    -------------------------------------------------  ---------------------------
    Total                                      9.411ns (7.483ns logic, 1.928ns route)
                                                       (79.5% logic, 20.5% route)

--------------------------------------------------------------------------------
Slack (setup path):     0.543ns (requirement - (data path - clock path skew + uncertainty))
  Source:               u_fdpe/Maddsub_delta_reg[16]_fraction_pipe_reg[6]_MuLt_12_OUT (DSP)
  Destination:          u_fdpe/decay_reg_10 (FF)
  Requirement:          10.000ns
  Data Path Delay:      9.411ns (Levels of Logic = 4)
  Clock Path Skew:      -0.011ns (0.327 - 0.338)
  Source Clock:         clk_100mhz_BUFGP rising at 0.000ns
  Destination Clock:    clk_100mhz_BUFGP rising at 10.000ns
  Clock Uncertainty:    0.035ns

  Clock Uncertainty:          0.035ns  ((TSJ^2 + TIJ^2)^1/2 + DJ) / 2 + PE
    Total System Jitter (TSJ):  0.070ns
    Total Input Jitter (TIJ):   0.000ns
    Discrete Jitter (DJ):       0.000ns
    Phase Error (PE):           0.000ns

  Maximum Data Path at Slow Process Corner: u_fdpe/Maddsub_delta_reg[16]_fraction_pipe_reg[6]_MuLt_12_OUT to u_fdpe/decay_reg_10
    Location             Delay type         Delay(ns)  Physical Resource
                                                       Logical Resource(s)
    -------------------------------------------------  -------------------
    DSP48_X1Y9.PCOUT10   Tdspcko_PCOUT_MREG    3.952   u_fdpe/Maddsub_delta_reg[16]_fraction_pipe_reg[6]_MuLt_12_OUT
                                                       u_fdpe/Maddsub_delta_reg[16]_fraction_pipe_reg[6]_MuLt_12_OUT
    DSP48_X1Y10.PCIN10   net (fanout=1)        0.059   u_fdpe/Maddsub_delta_reg[16]_fraction_pipe_reg[6]_MuLt_12_OUT_PCOUT_to_Madd_n01241_PCIN_10
    DSP48_X1Y10.P23      Tdspdo_PCIN_P         2.645   u_fdpe/Madd_n01241
                                                       u_fdpe/Madd_n01241
    SLICE_X30Y41.A2      net (fanout=1)        0.951   u_fdpe/n0124<23>
    SLICE_X30Y41.A       Tilo                  0.254   u_fdpe/_n02512
                                                       u_fdpe/_n02512
    SLICE_X33Y41.B5      net (fanout=1)        0.439   u_fdpe/_n02512
    SLICE_X33Y41.B       Tilo                  0.259   u_fdpe/decay_reg<0>
                                                       u_fdpe/_n02513
    SLICE_X31Y41.D5      net (fanout=16)       0.479   u_fdpe/_n0251
    SLICE_X31Y41.CLK     Tas                   0.373   u_fdpe/decay_reg<10>
                                                       u_fdpe/decay_reg_10_glue_set
                                                       u_fdpe/decay_reg_10
    -------------------------------------------------  ---------------------------
    Total                                      9.411ns (7.483ns logic, 1.928ns route)
                                                       (79.5% logic, 20.5% route)

--------------------------------------------------------------------------------
Slack (setup path):     0.543ns (requirement - (data path - clock path skew + uncertainty))
  Source:               u_fdpe/Maddsub_delta_reg[16]_fraction_pipe_reg[6]_MuLt_12_OUT (DSP)
  Destination:          u_fdpe/decay_reg_10 (FF)
  Requirement:          10.000ns
  Data Path Delay:      9.411ns (Levels of Logic = 4)
  Clock Path Skew:      -0.011ns (0.327 - 0.338)
  Source Clock:         clk_100mhz_BUFGP rising at 0.000ns
  Destination Clock:    clk_100mhz_BUFGP rising at 10.000ns
  Clock Uncertainty:    0.035ns

  Clock Uncertainty:          0.035ns  ((TSJ^2 + TIJ^2)^1/2 + DJ) / 2 + PE
    Total System Jitter (TSJ):  0.070ns
    Total Input Jitter (TIJ):   0.000ns
    Discrete Jitter (DJ):       0.000ns
    Phase Error (PE):           0.000ns

  Maximum Data Path at Slow Process Corner: u_fdpe/Maddsub_delta_reg[16]_fraction_pipe_reg[6]_MuLt_12_OUT to u_fdpe/decay_reg_10
    Location             Delay type         Delay(ns)  Physical Resource
                                                       Logical Resource(s)
    -------------------------------------------------  -------------------
    DSP48_X1Y9.PCOUT1    Tdspcko_PCOUT_MREG    3.952   u_fdpe/Maddsub_delta_reg[16]_fraction_pipe_reg[6]_MuLt_12_OUT
                                                       u_fdpe/Maddsub_delta_reg[16]_fraction_pipe_reg[6]_MuLt_12_OUT
    DSP48_X1Y10.PCIN1    net (fanout=1)        0.059   u_fdpe/Maddsub_delta_reg[16]_fraction_pipe_reg[6]_MuLt_12_OUT_PCOUT_to_Madd_n01241_PCIN_1
    DSP48_X1Y10.P23      Tdspdo_PCIN_P         2.645   u_fdpe/Madd_n01241
                                                       u_fdpe/Madd_n01241
    SLICE_X30Y41.A2      net (fanout=1)        0.951   u_fdpe/n0124<23>
    SLICE_X30Y41.A       Tilo                  0.254   u_fdpe/_n02512
                                                       u_fdpe/_n02512
    SLICE_X33Y41.B5      net (fanout=1)        0.439   u_fdpe/_n02512
    SLICE_X33Y41.B       Tilo                  0.259   u_fdpe/decay_reg<0>
                                                       u_fdpe/_n02513
    SLICE_X31Y41.D5      net (fanout=16)       0.479   u_fdpe/_n0251
    SLICE_X31Y41.CLK     Tas                   0.373   u_fdpe/decay_reg<10>
                                                       u_fdpe/decay_reg_10_glue_set
                                                       u_fdpe/decay_reg_10
    -------------------------------------------------  ---------------------------
    Total                                      9.411ns (7.483ns logic, 1.928ns route)
                                                       (79.5% logic, 20.5% route)

--------------------------------------------------------------------------------
Slack (setup path):     0.543ns (requirement - (data path - clock path skew + uncertainty))
  Source:               u_fdpe/Maddsub_delta_reg[16]_fraction_pipe_reg[6]_MuLt_12_OUT (DSP)
  Destination:          u_fdpe/decay_reg_10 (FF)
  Requirement:          10.000ns
  Data Path Delay:      9.411ns (Levels of Logic = 4)
  Clock Path Skew:      -0.011ns (0.327 - 0.338)
  Source Clock:         clk_100mhz_BUFGP rising at 0.000ns
  Destination Clock:    clk_100mhz_BUFGP rising at 10.000ns
  Clock Uncertainty:    0.035ns

  Clock Uncertainty:          0.035ns  ((TSJ^2 + TIJ^2)^1/2 + DJ) / 2 + PE
    Total System Jitter (TSJ):  0.070ns
    Total Input Jitter (TIJ):   0.000ns
    Discrete Jitter (DJ):       0.000ns
    Phase Error (PE):           0.000ns

  Maximum Data Path at Slow Process Corner: u_fdpe/Maddsub_delta_reg[16]_fraction_pipe_reg[6]_MuLt_12_OUT to u_fdpe/decay_reg_10
    Location             Delay type         Delay(ns)  Physical Resource
                                                       Logical Resource(s)
    -------------------------------------------------  -------------------
    DSP48_X1Y9.PCOUT0    Tdspcko_PCOUT_MREG    3.952   u_fdpe/Maddsub_delta_reg[16]_fraction_pipe_reg[6]_MuLt_12_OUT
                                                       u_fdpe/Maddsub_delta_reg[16]_fraction_pipe_reg[6]_MuLt_12_OUT
    DSP48_X1Y10.PCIN0    net (fanout=1)        0.059   u_fdpe/Maddsub_delta_reg[16]_fraction_pipe_reg[6]_MuLt_12_OUT_PCOUT_to_Madd_n01241_PCIN_0
    DSP48_X1Y10.P23      Tdspdo_PCIN_P         2.645   u_fdpe/Madd_n01241
                                                       u_fdpe/Madd_n01241
    SLICE_X30Y41.A2      net (fanout=1)        0.951   u_fdpe/n0124<23>
    SLICE_X30Y41.A       Tilo                  0.254   u_fdpe/_n02512
                                                       u_fdpe/_n02512
    SLICE_X33Y41.B5      net (fanout=1)        0.439   u_fdpe/_n02512
    SLICE_X33Y41.B       Tilo                  0.259   u_fdpe/decay_reg<0>
                                                       u_fdpe/_n02513
    SLICE_X31Y41.D5      net (fanout=16)       0.479   u_fdpe/_n0251
    SLICE_X31Y41.CLK     Tas                   0.373   u_fdpe/decay_reg<10>
                                                       u_fdpe/decay_reg_10_glue_set
                                                       u_fdpe/decay_reg_10
    -------------------------------------------------  ---------------------------
    Total                                      9.411ns (7.483ns logic, 1.928ns route)
                                                       (79.5% logic, 20.5% route)

--------------------------------------------------------------------------------
Slack (setup path):     0.543ns (requirement - (data path - clock path skew + uncertainty))
  Source:               u_fdpe/Maddsub_delta_reg[16]_fraction_pipe_reg[6]_MuLt_12_OUT (DSP)
  Destination:          u_fdpe/decay_reg_10 (FF)
  Requirement:          10.000ns
  Data Path Delay:      9.411ns (Levels of Logic = 4)
  Clock Path Skew:      -0.011ns (0.327 - 0.338)
  Source Clock:         clk_100mhz_BUFGP rising at 0.000ns
  Destination Clock:    clk_100mhz_BUFGP rising at 10.000ns
  Clock Uncertainty:    0.035ns

  Clock Uncertainty:          0.035ns  ((TSJ^2 + TIJ^2)^1/2 + DJ) / 2 + PE
    Total System Jitter (TSJ):  0.070ns
    Total Input Jitter (TIJ):   0.000ns
    Discrete Jitter (DJ):       0.000ns
    Phase Error (PE):           0.000ns

  Maximum Data Path at Slow Process Corner: u_fdpe/Maddsub_delta_reg[16]_fraction_pipe_reg[6]_MuLt_12_OUT to u_fdpe/decay_reg_10
    Location             Delay type         Delay(ns)  Physical Resource
                                                       Logical Resource(s)
    -------------------------------------------------  -------------------
    DSP48_X1Y9.PCOUT16   Tdspcko_PCOUT_MREG    3.952   u_fdpe/Maddsub_delta_reg[16]_fraction_pipe_reg[6]_MuLt_12_OUT
                                                       u_fdpe/Maddsub_delta_reg[16]_fraction_pipe_reg[6]_MuLt_12_OUT
    DSP48_X1Y10.PCIN16   net (fanout=1)        0.059   u_fdpe/Maddsub_delta_reg[16]_fraction_pipe_reg[6]_MuLt_12_OUT_PCOUT_to_Madd_n01241_PCIN_16
    DSP48_X1Y10.P23      Tdspdo_PCIN_P         2.645   u_fdpe/Madd_n01241
                                                       u_fdpe/Madd_n01241
    SLICE_X30Y41.A2      net (fanout=1)        0.951   u_fdpe/n0124<23>
    SLICE_X30Y41.A       Tilo                  0.254   u_fdpe/_n02512
                                                       u_fdpe/_n02512
    SLICE_X33Y41.B5      net (fanout=1)        0.439   u_fdpe/_n02512
    SLICE_X33Y41.B       Tilo                  0.259   u_fdpe/decay_reg<0>
                                                       u_fdpe/_n02513
    SLICE_X31Y41.D5      net (fanout=16)       0.479   u_fdpe/_n0251
    SLICE_X31Y41.CLK     Tas                   0.373   u_fdpe/decay_reg<10>
                                                       u_fdpe/decay_reg_10_glue_set
                                                       u_fdpe/decay_reg_10
    -------------------------------------------------  ---------------------------
    Total                                      9.411ns (7.483ns logic, 1.928ns route)
                                                       (79.5% logic, 20.5% route)

--------------------------------------------------------------------------------

Paths for end point u_fdpe/decay_reg_2 (SLICE_X33Y40.D5), 438 paths
--------------------------------------------------------------------------------
Slack (setup path):     0.551ns (requirement - (data path - clock path skew + uncertainty))
  Source:               u_fdpe/Maddsub_delta_reg[16]_fraction_pipe_reg[6]_MuLt_12_OUT (DSP)
  Destination:          u_fdpe/decay_reg_2 (FF)
  Requirement:          10.000ns
  Data Path Delay:      9.405ns (Levels of Logic = 4)
  Clock Path Skew:      -0.009ns (0.329 - 0.338)
  Source Clock:         clk_100mhz_BUFGP rising at 0.000ns
  Destination Clock:    clk_100mhz_BUFGP rising at 10.000ns
  Clock Uncertainty:    0.035ns

  Clock Uncertainty:          0.035ns  ((TSJ^2 + TIJ^2)^1/2 + DJ) / 2 + PE
    Total System Jitter (TSJ):  0.070ns
    Total Input Jitter (TIJ):   0.000ns
    Discrete Jitter (DJ):       0.000ns
    Phase Error (PE):           0.000ns

  Maximum Data Path at Slow Process Corner: u_fdpe/Maddsub_delta_reg[16]_fraction_pipe_reg[6]_MuLt_12_OUT to u_fdpe/decay_reg_2
    Location             Delay type         Delay(ns)  Physical Resource
                                                       Logical Resource(s)
    -------------------------------------------------  -------------------
    DSP48_X1Y9.PCOUT12   Tdspcko_PCOUT_MREG    3.952   u_fdpe/Maddsub_delta_reg[16]_fraction_pipe_reg[6]_MuLt_12_OUT
                                                       u_fdpe/Maddsub_delta_reg[16]_fraction_pipe_reg[6]_MuLt_12_OUT
    DSP48_X1Y10.PCIN12   net (fanout=1)        0.059   u_fdpe/Maddsub_delta_reg[16]_fraction_pipe_reg[6]_MuLt_12_OUT_PCOUT_to_Madd_n01241_PCIN_12
    DSP48_X1Y10.P23      Tdspdo_PCIN_P         2.645   u_fdpe/Madd_n01241
                                                       u_fdpe/Madd_n01241
    SLICE_X30Y41.A2      net (fanout=1)        0.951   u_fdpe/n0124<23>
    SLICE_X30Y41.A       Tilo                  0.254   u_fdpe/_n02512
                                                       u_fdpe/_n02512
    SLICE_X33Y41.B5      net (fanout=1)        0.439   u_fdpe/_n02512
    SLICE_X33Y41.B       Tilo                  0.259   u_fdpe/decay_reg<0>
                                                       u_fdpe/_n02513
    SLICE_X33Y40.D5      net (fanout=16)       0.473   u_fdpe/_n0251
    SLICE_X33Y40.CLK     Tas                   0.373   u_fdpe/decay_reg<2>
                                                       u_fdpe/decay_reg_2_glue_set
                                                       u_fdpe/decay_reg_2
    -------------------------------------------------  ---------------------------
    Total                                      9.405ns (7.483ns logic, 1.922ns route)
                                                       (79.6% logic, 20.4% route)

--------------------------------------------------------------------------------
Slack (setup path):     0.551ns (requirement - (data path - clock path skew + uncertainty))
  Source:               u_fdpe/Maddsub_delta_reg[16]_fraction_pipe_reg[6]_MuLt_12_OUT (DSP)
  Destination:          u_fdpe/decay_reg_2 (FF)
  Requirement:          10.000ns
  Data Path Delay:      9.405ns (Levels of Logic = 4)
  Clock Path Skew:      -0.009ns (0.329 - 0.338)
  Source Clock:         clk_100mhz_BUFGP rising at 0.000ns
  Destination Clock:    clk_100mhz_BUFGP rising at 10.000ns
  Clock Uncertainty:    0.035ns

  Clock Uncertainty:          0.035ns  ((TSJ^2 + TIJ^2)^1/2 + DJ) / 2 + PE
    Total System Jitter (TSJ):  0.070ns
    Total Input Jitter (TIJ):   0.000ns
    Discrete Jitter (DJ):       0.000ns
    Phase Error (PE):           0.000ns

  Maximum Data Path at Slow Process Corner: u_fdpe/Maddsub_delta_reg[16]_fraction_pipe_reg[6]_MuLt_12_OUT to u_fdpe/decay_reg_2
    Location             Delay type         Delay(ns)  Physical Resource
                                                       Logical Resource(s)
    -------------------------------------------------  -------------------
    DSP48_X1Y9.PCOUT15   Tdspcko_PCOUT_MREG    3.952   u_fdpe/Maddsub_delta_reg[16]_fraction_pipe_reg[6]_MuLt_12_OUT
                                                       u_fdpe/Maddsub_delta_reg[16]_fraction_pipe_reg[6]_MuLt_12_OUT
    DSP48_X1Y10.PCIN15   net (fanout=1)        0.059   u_fdpe/Maddsub_delta_reg[16]_fraction_pipe_reg[6]_MuLt_12_OUT_PCOUT_to_Madd_n01241_PCIN_15
    DSP48_X1Y10.P23      Tdspdo_PCIN_P         2.645   u_fdpe/Madd_n01241
                                                       u_fdpe/Madd_n01241
    SLICE_X30Y41.A2      net (fanout=1)        0.951   u_fdpe/n0124<23>
    SLICE_X30Y41.A       Tilo                  0.254   u_fdpe/_n02512
                                                       u_fdpe/_n02512
    SLICE_X33Y41.B5      net (fanout=1)        0.439   u_fdpe/_n02512
    SLICE_X33Y41.B       Tilo                  0.259   u_fdpe/decay_reg<0>
                                                       u_fdpe/_n02513
    SLICE_X33Y40.D5      net (fanout=16)       0.473   u_fdpe/_n0251
    SLICE_X33Y40.CLK     Tas                   0.373   u_fdpe/decay_reg<2>
                                                       u_fdpe/decay_reg_2_glue_set
                                                       u_fdpe/decay_reg_2
    -------------------------------------------------  ---------------------------
    Total                                      9.405ns (7.483ns logic, 1.922ns route)
                                                       (79.6% logic, 20.4% route)

--------------------------------------------------------------------------------
Slack (setup path):     0.551ns (requirement - (data path - clock path skew + uncertainty))
  Source:               u_fdpe/Maddsub_delta_reg[16]_fraction_pipe_reg[6]_MuLt_12_OUT (DSP)
  Destination:          u_fdpe/decay_reg_2 (FF)
  Requirement:          10.000ns
  Data Path Delay:      9.405ns (Levels of Logic = 4)
  Clock Path Skew:      -0.009ns (0.329 - 0.338)
  Source Clock:         clk_100mhz_BUFGP rising at 0.000ns
  Destination Clock:    clk_100mhz_BUFGP rising at 10.000ns
  Clock Uncertainty:    0.035ns

  Clock Uncertainty:          0.035ns  ((TSJ^2 + TIJ^2)^1/2 + DJ) / 2 + PE
    Total System Jitter (TSJ):  0.070ns
    Total Input Jitter (TIJ):   0.000ns
    Discrete Jitter (DJ):       0.000ns
    Phase Error (PE):           0.000ns

  Maximum Data Path at Slow Process Corner: u_fdpe/Maddsub_delta_reg[16]_fraction_pipe_reg[6]_MuLt_12_OUT to u_fdpe/decay_reg_2
    Location             Delay type         Delay(ns)  Physical Resource
                                                       Logical Resource(s)
    -------------------------------------------------  -------------------
    DSP48_X1Y9.PCOUT14   Tdspcko_PCOUT_MREG    3.952   u_fdpe/Maddsub_delta_reg[16]_fraction_pipe_reg[6]_MuLt_12_OUT
                                                       u_fdpe/Maddsub_delta_reg[16]_fraction_pipe_reg[6]_MuLt_12_OUT
    DSP48_X1Y10.PCIN14   net (fanout=1)        0.059   u_fdpe/Maddsub_delta_reg[16]_fraction_pipe_reg[6]_MuLt_12_OUT_PCOUT_to_Madd_n01241_PCIN_14
    DSP48_X1Y10.P23      Tdspdo_PCIN_P         2.645   u_fdpe/Madd_n01241
                                                       u_fdpe/Madd_n01241
    SLICE_X30Y41.A2      net (fanout=1)        0.951   u_fdpe/n0124<23>
    SLICE_X30Y41.A       Tilo                  0.254   u_fdpe/_n02512
                                                       u_fdpe/_n02512
    SLICE_X33Y41.B5      net (fanout=1)        0.439   u_fdpe/_n02512
    SLICE_X33Y41.B       Tilo                  0.259   u_fdpe/decay_reg<0>
                                                       u_fdpe/_n02513
    SLICE_X33Y40.D5      net (fanout=16)       0.473   u_fdpe/_n0251
    SLICE_X33Y40.CLK     Tas                   0.373   u_fdpe/decay_reg<2>
                                                       u_fdpe/decay_reg_2_glue_set
                                                       u_fdpe/decay_reg_2
    -------------------------------------------------  ---------------------------
    Total                                      9.405ns (7.483ns logic, 1.922ns route)
                                                       (79.6% logic, 20.4% route)

--------------------------------------------------------------------------------
Slack (setup path):     0.551ns (requirement - (data path - clock path skew + uncertainty))
  Source:               u_fdpe/Maddsub_delta_reg[16]_fraction_pipe_reg[6]_MuLt_12_OUT (DSP)
  Destination:          u_fdpe/decay_reg_2 (FF)
  Requirement:          10.000ns
  Data Path Delay:      9.405ns (Levels of Logic = 4)
  Clock Path Skew:      -0.009ns (0.329 - 0.338)
  Source Clock:         clk_100mhz_BUFGP rising at 0.000ns
  Destination Clock:    clk_100mhz_BUFGP rising at 10.000ns
  Clock Uncertainty:    0.035ns

  Clock Uncertainty:          0.035ns  ((TSJ^2 + TIJ^2)^1/2 + DJ) / 2 + PE
    Total System Jitter (TSJ):  0.070ns
    Total Input Jitter (TIJ):   0.000ns
    Discrete Jitter (DJ):       0.000ns
    Phase Error (PE):           0.000ns

  Maximum Data Path at Slow Process Corner: u_fdpe/Maddsub_delta_reg[16]_fraction_pipe_reg[6]_MuLt_12_OUT to u_fdpe/decay_reg_2
    Location             Delay type         Delay(ns)  Physical Resource
                                                       Logical Resource(s)
    -------------------------------------------------  -------------------
    DSP48_X1Y9.PCOUT13   Tdspcko_PCOUT_MREG    3.952   u_fdpe/Maddsub_delta_reg[16]_fraction_pipe_reg[6]_MuLt_12_OUT
                                                       u_fdpe/Maddsub_delta_reg[16]_fraction_pipe_reg[6]_MuLt_12_OUT
    DSP48_X1Y10.PCIN13   net (fanout=1)        0.059   u_fdpe/Maddsub_delta_reg[16]_fraction_pipe_reg[6]_MuLt_12_OUT_PCOUT_to_Madd_n01241_PCIN_13
    DSP48_X1Y10.P23      Tdspdo_PCIN_P         2.645   u_fdpe/Madd_n01241
                                                       u_fdpe/Madd_n01241
    SLICE_X30Y41.A2      net (fanout=1)        0.951   u_fdpe/n0124<23>
    SLICE_X30Y41.A       Tilo                  0.254   u_fdpe/_n02512
                                                       u_fdpe/_n02512
    SLICE_X33Y41.B5      net (fanout=1)        0.439   u_fdpe/_n02512
    SLICE_X33Y41.B       Tilo                  0.259   u_fdpe/decay_reg<0>
                                                       u_fdpe/_n02513
    SLICE_X33Y40.D5      net (fanout=16)       0.473   u_fdpe/_n0251
    SLICE_X33Y40.CLK     Tas                   0.373   u_fdpe/decay_reg<2>
                                                       u_fdpe/decay_reg_2_glue_set
                                                       u_fdpe/decay_reg_2
    -------------------------------------------------  ---------------------------
    Total                                      9.405ns (7.483ns logic, 1.922ns route)
                                                       (79.6% logic, 20.4% route)

--------------------------------------------------------------------------------
Slack (setup path):     0.551ns (requirement - (data path - clock path skew + uncertainty))
  Source:               u_fdpe/Maddsub_delta_reg[16]_fraction_pipe_reg[6]_MuLt_12_OUT (DSP)
  Destination:          u_fdpe/decay_reg_2 (FF)
  Requirement:          10.000ns
  Data Path Delay:      9.405ns (Levels of Logic = 4)
  Clock Path Skew:      -0.009ns (0.329 - 0.338)
  Source Clock:         clk_100mhz_BUFGP rising at 0.000ns
  Destination Clock:    clk_100mhz_BUFGP rising at 10.000ns
  Clock Uncertainty:    0.035ns

  Clock Uncertainty:          0.035ns  ((TSJ^2 + TIJ^2)^1/2 + DJ) / 2 + PE
    Total System Jitter (TSJ):  0.070ns
    Total Input Jitter (TIJ):   0.000ns
    Discrete Jitter (DJ):       0.000ns
    Phase Error (PE):           0.000ns

  Maximum Data Path at Slow Process Corner: u_fdpe/Maddsub_delta_reg[16]_fraction_pipe_reg[6]_MuLt_12_OUT to u_fdpe/decay_reg_2
    Location             Delay type         Delay(ns)  Physical Resource
                                                       Logical Resource(s)
    -------------------------------------------------  -------------------
    DSP48_X1Y9.PCOUT9    Tdspcko_PCOUT_MREG    3.952   u_fdpe/Maddsub_delta_reg[16]_fraction_pipe_reg[6]_MuLt_12_OUT
                                                       u_fdpe/Maddsub_delta_reg[16]_fraction_pipe_reg[6]_MuLt_12_OUT
    DSP48_X1Y10.PCIN9    net (fanout=1)        0.059   u_fdpe/Maddsub_delta_reg[16]_fraction_pipe_reg[6]_MuLt_12_OUT_PCOUT_to_Madd_n01241_PCIN_9
    DSP48_X1Y10.P23      Tdspdo_PCIN_P         2.645   u_fdpe/Madd_n01241
                                                       u_fdpe/Madd_n01241
    SLICE_X30Y41.A2      net (fanout=1)        0.951   u_fdpe/n0124<23>
    SLICE_X30Y41.A       Tilo                  0.254   u_fdpe/_n02512
                                                       u_fdpe/_n02512
    SLICE_X33Y41.B5      net (fanout=1)        0.439   u_fdpe/_n02512
    SLICE_X33Y41.B       Tilo                  0.259   u_fdpe/decay_reg<0>
                                                       u_fdpe/_n02513
    SLICE_X33Y40.D5      net (fanout=16)       0.473   u_fdpe/_n0251
    SLICE_X33Y40.CLK     Tas                   0.373   u_fdpe/decay_reg<2>
                                                       u_fdpe/decay_reg_2_glue_set
                                                       u_fdpe/decay_reg_2
    -------------------------------------------------  ---------------------------
    Total                                      9.405ns (7.483ns logic, 1.922ns route)
                                                       (79.6% logic, 20.4% route)

--------------------------------------------------------------------------------
Slack (setup path):     0.551ns (requirement - (data path - clock path skew + uncertainty))
  Source:               u_fdpe/Maddsub_delta_reg[16]_fraction_pipe_reg[6]_MuLt_12_OUT (DSP)
  Destination:          u_fdpe/decay_reg_2 (FF)
  Requirement:          10.000ns
  Data Path Delay:      9.405ns (Levels of Logic = 4)
  Clock Path Skew:      -0.009ns (0.329 - 0.338)
  Source Clock:         clk_100mhz_BUFGP rising at 0.000ns
  Destination Clock:    clk_100mhz_BUFGP rising at 10.000ns
  Clock Uncertainty:    0.035ns

  Clock Uncertainty:          0.035ns  ((TSJ^2 + TIJ^2)^1/2 + DJ) / 2 + PE
    Total System Jitter (TSJ):  0.070ns
    Total Input Jitter (TIJ):   0.000ns
    Discrete Jitter (DJ):       0.000ns
    Phase Error (PE):           0.000ns

  Maximum Data Path at Slow Process Corner: u_fdpe/Maddsub_delta_reg[16]_fraction_pipe_reg[6]_MuLt_12_OUT to u_fdpe/decay_reg_2
    Location             Delay type         Delay(ns)  Physical Resource
                                                       Logical Resource(s)
    -------------------------------------------------  -------------------
    DSP48_X1Y9.PCOUT11   Tdspcko_PCOUT_MREG    3.952   u_fdpe/Maddsub_delta_reg[16]_fraction_pipe_reg[6]_MuLt_12_OUT
                                                       u_fdpe/Maddsub_delta_reg[16]_fraction_pipe_reg[6]_MuLt_12_OUT
    DSP48_X1Y10.PCIN11   net (fanout=1)        0.059   u_fdpe/Maddsub_delta_reg[16]_fraction_pipe_reg[6]_MuLt_12_OUT_PCOUT_to_Madd_n01241_PCIN_11
    DSP48_X1Y10.P23      Tdspdo_PCIN_P         2.645   u_fdpe/Madd_n01241
                                                       u_fdpe/Madd_n01241
    SLICE_X30Y41.A2      net (fanout=1)        0.951   u_fdpe/n0124<23>
    SLICE_X30Y41.A       Tilo                  0.254   u_fdpe/_n02512
                                                       u_fdpe/_n02512
    SLICE_X33Y41.B5      net (fanout=1)        0.439   u_fdpe/_n02512
    SLICE_X33Y41.B       Tilo                  0.259   u_fdpe/decay_reg<0>
                                                       u_fdpe/_n02513
    SLICE_X33Y40.D5      net (fanout=16)       0.473   u_fdpe/_n0251
    SLICE_X33Y40.CLK     Tas                   0.373   u_fdpe/decay_reg<2>
                                                       u_fdpe/decay_reg_2_glue_set
                                                       u_fdpe/decay_reg_2
    -------------------------------------------------  ---------------------------
    Total                                      9.405ns (7.483ns logic, 1.922ns route)
                                                       (79.6% logic, 20.4% route)

--------------------------------------------------------------------------------
Slack (setup path):     0.551ns (requirement - (data path - clock path skew + uncertainty))
  Source:               u_fdpe/Maddsub_delta_reg[16]_fraction_pipe_reg[6]_MuLt_12_OUT (DSP)
  Destination:          u_fdpe/decay_reg_2 (FF)
  Requirement:          10.000ns
  Data Path Delay:      9.405ns (Levels of Logic = 4)
  Clock Path Skew:      -0.009ns (0.329 - 0.338)
  Source Clock:         clk_100mhz_BUFGP rising at 0.000ns
  Destination Clock:    clk_100mhz_BUFGP rising at 10.000ns
  Clock Uncertainty:    0.035ns

  Clock Uncertainty:          0.035ns  ((TSJ^2 + TIJ^2)^1/2 + DJ) / 2 + PE
    Total System Jitter (TSJ):  0.070ns
    Total Input Jitter (TIJ):   0.000ns
    Discrete Jitter (DJ):       0.000ns
    Phase Error (PE):           0.000ns

  Maximum Data Path at Slow Process Corner: u_fdpe/Maddsub_delta_reg[16]_fraction_pipe_reg[6]_MuLt_12_OUT to u_fdpe/decay_reg_2
    Location             Delay type         Delay(ns)  Physical Resource
                                                       Logical Resource(s)
    -------------------------------------------------  -------------------
    DSP48_X1Y9.PCOUT10   Tdspcko_PCOUT_MREG    3.952   u_fdpe/Maddsub_delta_reg[16]_fraction_pipe_reg[6]_MuLt_12_OUT
                                                       u_fdpe/Maddsub_delta_reg[16]_fraction_pipe_reg[6]_MuLt_12_OUT
    DSP48_X1Y10.PCIN10   net (fanout=1)        0.059   u_fdpe/Maddsub_delta_reg[16]_fraction_pipe_reg[6]_MuLt_12_OUT_PCOUT_to_Madd_n01241_PCIN_10
    DSP48_X1Y10.P23      Tdspdo_PCIN_P         2.645   u_fdpe/Madd_n01241
                                                       u_fdpe/Madd_n01241
    SLICE_X30Y41.A2      net (fanout=1)        0.951   u_fdpe/n0124<23>
    SLICE_X30Y41.A       Tilo                  0.254   u_fdpe/_n02512
                                                       u_fdpe/_n02512
    SLICE_X33Y41.B5      net (fanout=1)        0.439   u_fdpe/_n02512
    SLICE_X33Y41.B       Tilo                  0.259   u_fdpe/decay_reg<0>
                                                       u_fdpe/_n02513
    SLICE_X33Y40.D5      net (fanout=16)       0.473   u_fdpe/_n0251
    SLICE_X33Y40.CLK     Tas                   0.373   u_fdpe/decay_reg<2>
                                                       u_fdpe/decay_reg_2_glue_set
                                                       u_fdpe/decay_reg_2
    -------------------------------------------------  ---------------------------
    Total                                      9.405ns (7.483ns logic, 1.922ns route)
                                                       (79.6% logic, 20.4% route)

--------------------------------------------------------------------------------
Slack (setup path):     0.551ns (requirement - (data path - clock path skew + uncertainty))
  Source:               u_fdpe/Maddsub_delta_reg[16]_fraction_pipe_reg[6]_MuLt_12_OUT (DSP)
  Destination:          u_fdpe/decay_reg_2 (FF)
  Requirement:          10.000ns
  Data Path Delay:      9.405ns (Levels of Logic = 4)
  Clock Path Skew:      -0.009ns (0.329 - 0.338)
  Source Clock:         clk_100mhz_BUFGP rising at 0.000ns
  Destination Clock:    clk_100mhz_BUFGP rising at 10.000ns
  Clock Uncertainty:    0.035ns

  Clock Uncertainty:          0.035ns  ((TSJ^2 + TIJ^2)^1/2 + DJ) / 2 + PE
    Total System Jitter (TSJ):  0.070ns
    Total Input Jitter (TIJ):   0.000ns
    Discrete Jitter (DJ):       0.000ns
    Phase Error (PE):           0.000ns

  Maximum Data Path at Slow Process Corner: u_fdpe/Maddsub_delta_reg[16]_fraction_pipe_reg[6]_MuLt_12_OUT to u_fdpe/decay_reg_2
    Location             Delay type         Delay(ns)  Physical Resource
                                                       Logical Resource(s)
    -------------------------------------------------  -------------------
    DSP48_X1Y9.PCOUT1    Tdspcko_PCOUT_MREG    3.952   u_fdpe/Maddsub_delta_reg[16]_fraction_pipe_reg[6]_MuLt_12_OUT
                                                       u_fdpe/Maddsub_delta_reg[16]_fraction_pipe_reg[6]_MuLt_12_OUT
    DSP48_X1Y10.PCIN1    net (fanout=1)        0.059   u_fdpe/Maddsub_delta_reg[16]_fraction_pipe_reg[6]_MuLt_12_OUT_PCOUT_to_Madd_n01241_PCIN_1
    DSP48_X1Y10.P23      Tdspdo_PCIN_P         2.645   u_fdpe/Madd_n01241
                                                       u_fdpe/Madd_n01241
    SLICE_X30Y41.A2      net (fanout=1)        0.951   u_fdpe/n0124<23>
    SLICE_X30Y41.A       Tilo                  0.254   u_fdpe/_n02512
                                                       u_fdpe/_n02512
    SLICE_X33Y41.B5      net (fanout=1)        0.439   u_fdpe/_n02512
    SLICE_X33Y41.B       Tilo                  0.259   u_fdpe/decay_reg<0>
                                                       u_fdpe/_n02513
    SLICE_X33Y40.D5      net (fanout=16)       0.473   u_fdpe/_n0251
    SLICE_X33Y40.CLK     Tas                   0.373   u_fdpe/decay_reg<2>
                                                       u_fdpe/decay_reg_2_glue_set
                                                       u_fdpe/decay_reg_2
    -------------------------------------------------  ---------------------------
    Total                                      9.405ns (7.483ns logic, 1.922ns route)
                                                       (79.6% logic, 20.4% route)

--------------------------------------------------------------------------------
Slack (setup path):     0.551ns (requirement - (data path - clock path skew + uncertainty))
  Source:               u_fdpe/Maddsub_delta_reg[16]_fraction_pipe_reg[6]_MuLt_12_OUT (DSP)
  Destination:          u_fdpe/decay_reg_2 (FF)
  Requirement:          10.000ns
  Data Path Delay:      9.405ns (Levels of Logic = 4)
  Clock Path Skew:      -0.009ns (0.329 - 0.338)
  Source Clock:         clk_100mhz_BUFGP rising at 0.000ns
  Destination Clock:    clk_100mhz_BUFGP rising at 10.000ns
  Clock Uncertainty:    0.035ns

  Clock Uncertainty:          0.035ns  ((TSJ^2 + TIJ^2)^1/2 + DJ) / 2 + PE
    Total System Jitter (TSJ):  0.070ns
    Total Input Jitter (TIJ):   0.000ns
    Discrete Jitter (DJ):       0.000ns
    Phase Error (PE):           0.000ns

  Maximum Data Path at Slow Process Corner: u_fdpe/Maddsub_delta_reg[16]_fraction_pipe_reg[6]_MuLt_12_OUT to u_fdpe/decay_reg_2
    Location             Delay type         Delay(ns)  Physical Resource
                                                       Logical Resource(s)
    -------------------------------------------------  -------------------
    DSP48_X1Y9.PCOUT0    Tdspcko_PCOUT_MREG    3.952   u_fdpe/Maddsub_delta_reg[16]_fraction_pipe_reg[6]_MuLt_12_OUT
                                                       u_fdpe/Maddsub_delta_reg[16]_fraction_pipe_reg[6]_MuLt_12_OUT
    DSP48_X1Y10.PCIN0    net (fanout=1)        0.059   u_fdpe/Maddsub_delta_reg[16]_fraction_pipe_reg[6]_MuLt_12_OUT_PCOUT_to_Madd_n01241_PCIN_0
    DSP48_X1Y10.P23      Tdspdo_PCIN_P         2.645   u_fdpe/Madd_n01241
                                                       u_fdpe/Madd_n01241
    SLICE_X30Y41.A2      net (fanout=1)        0.951   u_fdpe/n0124<23>
    SLICE_X30Y41.A       Tilo                  0.254   u_fdpe/_n02512
                                                       u_fdpe/_n02512
    SLICE_X33Y41.B5      net (fanout=1)        0.439   u_fdpe/_n02512
    SLICE_X33Y41.B       Tilo                  0.259   u_fdpe/decay_reg<0>
                                                       u_fdpe/_n02513
    SLICE_X33Y40.D5      net (fanout=16)       0.473   u_fdpe/_n0251
    SLICE_X33Y40.CLK     Tas                   0.373   u_fdpe/decay_reg<2>
                                                       u_fdpe/decay_reg_2_glue_set
                                                       u_fdpe/decay_reg_2
    -------------------------------------------------  ---------------------------
    Total                                      9.405ns (7.483ns logic, 1.922ns route)
                                                       (79.6% logic, 20.4% route)

--------------------------------------------------------------------------------
Slack (setup path):     0.551ns (requirement - (data path - clock path skew + uncertainty))
  Source:               u_fdpe/Maddsub_delta_reg[16]_fraction_pipe_reg[6]_MuLt_12_OUT (DSP)
  Destination:          u_fdpe/decay_reg_2 (FF)
  Requirement:          10.000ns
  Data Path Delay:      9.405ns (Levels of Logic = 4)
  Clock Path Skew:      -0.009ns (0.329 - 0.338)
  Source Clock:         clk_100mhz_BUFGP rising at 0.000ns
  Destination Clock:    clk_100mhz_BUFGP rising at 10.000ns
  Clock Uncertainty:    0.035ns

  Clock Uncertainty:          0.035ns  ((TSJ^2 + TIJ^2)^1/2 + DJ) / 2 + PE
    Total System Jitter (TSJ):  0.070ns
    Total Input Jitter (TIJ):   0.000ns
    Discrete Jitter (DJ):       0.000ns
    Phase Error (PE):           0.000ns

  Maximum Data Path at Slow Process Corner: u_fdpe/Maddsub_delta_reg[16]_fraction_pipe_reg[6]_MuLt_12_OUT to u_fdpe/decay_reg_2
    Location             Delay type         Delay(ns)  Physical Resource
                                                       Logical Resource(s)
    -------------------------------------------------  -------------------
    DSP48_X1Y9.PCOUT16   Tdspcko_PCOUT_MREG    3.952   u_fdpe/Maddsub_delta_reg[16]_fraction_pipe_reg[6]_MuLt_12_OUT
                                                       u_fdpe/Maddsub_delta_reg[16]_fraction_pipe_reg[6]_MuLt_12_OUT
    DSP48_X1Y10.PCIN16   net (fanout=1)        0.059   u_fdpe/Maddsub_delta_reg[16]_fraction_pipe_reg[6]_MuLt_12_OUT_PCOUT_to_Madd_n01241_PCIN_16
    DSP48_X1Y10.P23      Tdspdo_PCIN_P         2.645   u_fdpe/Madd_n01241
                                                       u_fdpe/Madd_n01241
    SLICE_X30Y41.A2      net (fanout=1)        0.951   u_fdpe/n0124<23>
    SLICE_X30Y41.A       Tilo                  0.254   u_fdpe/_n02512
                                                       u_fdpe/_n02512
    SLICE_X33Y41.B5      net (fanout=1)        0.439   u_fdpe/_n02512
    SLICE_X33Y41.B       Tilo                  0.259   u_fdpe/decay_reg<0>
                                                       u_fdpe/_n02513
    SLICE_X33Y40.D5      net (fanout=16)       0.473   u_fdpe/_n0251
    SLICE_X33Y40.CLK     Tas                   0.373   u_fdpe/decay_reg<2>
                                                       u_fdpe/decay_reg_2_glue_set
                                                       u_fdpe/decay_reg_2
    -------------------------------------------------  ---------------------------
    Total                                      9.405ns (7.483ns logic, 1.922ns route)
                                                       (79.6% logic, 20.4% route)

--------------------------------------------------------------------------------

Paths for end point u_fdpe/decay_reg_7 (SLICE_X31Y41.A6), 438 paths
--------------------------------------------------------------------------------
Slack (setup path):     0.627ns (requirement - (data path - clock path skew + uncertainty))
  Source:               u_fdpe/Maddsub_delta_reg[16]_fraction_pipe_reg[6]_MuLt_12_OUT (DSP)
  Destination:          u_fdpe/decay_reg_7 (FF)
  Requirement:          10.000ns
  Data Path Delay:      9.327ns (Levels of Logic = 4)
  Clock Path Skew:      -0.011ns (0.327 - 0.338)
  Source Clock:         clk_100mhz_BUFGP rising at 0.000ns
  Destination Clock:    clk_100mhz_BUFGP rising at 10.000ns
  Clock Uncertainty:    0.035ns

  Clock Uncertainty:          0.035ns  ((TSJ^2 + TIJ^2)^1/2 + DJ) / 2 + PE
    Total System Jitter (TSJ):  0.070ns
    Total Input Jitter (TIJ):   0.000ns
    Discrete Jitter (DJ):       0.000ns
    Phase Error (PE):           0.000ns

  Maximum Data Path at Slow Process Corner: u_fdpe/Maddsub_delta_reg[16]_fraction_pipe_reg[6]_MuLt_12_OUT to u_fdpe/decay_reg_7
    Location             Delay type         Delay(ns)  Physical Resource
                                                       Logical Resource(s)
    -------------------------------------------------  -------------------
    DSP48_X1Y9.PCOUT12   Tdspcko_PCOUT_MREG    3.952   u_fdpe/Maddsub_delta_reg[16]_fraction_pipe_reg[6]_MuLt_12_OUT
                                                       u_fdpe/Maddsub_delta_reg[16]_fraction_pipe_reg[6]_MuLt_12_OUT
    DSP48_X1Y10.PCIN12   net (fanout=1)        0.059   u_fdpe/Maddsub_delta_reg[16]_fraction_pipe_reg[6]_MuLt_12_OUT_PCOUT_to_Madd_n01241_PCIN_12
    DSP48_X1Y10.P23      Tdspdo_PCIN_P         2.645   u_fdpe/Madd_n01241
                                                       u_fdpe/Madd_n01241
    SLICE_X30Y41.A2      net (fanout=1)        0.951   u_fdpe/n0124<23>
    SLICE_X30Y41.A       Tilo                  0.254   u_fdpe/_n02512
                                                       u_fdpe/_n02512
    SLICE_X33Y41.B5      net (fanout=1)        0.439   u_fdpe/_n02512
    SLICE_X33Y41.B       Tilo                  0.259   u_fdpe/decay_reg<0>
                                                       u_fdpe/_n02513
    SLICE_X31Y41.A6      net (fanout=16)       0.395   u_fdpe/_n0251
    SLICE_X31Y41.CLK     Tas                   0.373   u_fdpe/decay_reg<10>
                                                       u_fdpe/decay_reg_7_glue_set
                                                       u_fdpe/decay_reg_7
    -------------------------------------------------  ---------------------------
    Total                                      9.327ns (7.483ns logic, 1.844ns route)
                                                       (80.2% logic, 19.8% route)

--------------------------------------------------------------------------------
Slack (setup path):     0.627ns (requirement - (data path - clock path skew + uncertainty))
  Source:               u_fdpe/Maddsub_delta_reg[16]_fraction_pipe_reg[6]_MuLt_12_OUT (DSP)
  Destination:          u_fdpe/decay_reg_7 (FF)
  Requirement:          10.000ns
  Data Path Delay:      9.327ns (Levels of Logic = 4)
  Clock Path Skew:      -0.011ns (0.327 - 0.338)
  Source Clock:         clk_100mhz_BUFGP rising at 0.000ns
  Destination Clock:    clk_100mhz_BUFGP rising at 10.000ns
  Clock Uncertainty:    0.035ns

  Clock Uncertainty:          0.035ns  ((TSJ^2 + TIJ^2)^1/2 + DJ) / 2 + PE
    Total System Jitter (TSJ):  0.070ns
    Total Input Jitter (TIJ):   0.000ns
    Discrete Jitter (DJ):       0.000ns
    Phase Error (PE):           0.000ns

  Maximum Data Path at Slow Process Corner: u_fdpe/Maddsub_delta_reg[16]_fraction_pipe_reg[6]_MuLt_12_OUT to u_fdpe/decay_reg_7
    Location             Delay type         Delay(ns)  Physical Resource
                                                       Logical Resource(s)
    -------------------------------------------------  -------------------
    DSP48_X1Y9.PCOUT15   Tdspcko_PCOUT_MREG    3.952   u_fdpe/Maddsub_delta_reg[16]_fraction_pipe_reg[6]_MuLt_12_OUT
                                                       u_fdpe/Maddsub_delta_reg[16]_fraction_pipe_reg[6]_MuLt_12_OUT
    DSP48_X1Y10.PCIN15   net (fanout=1)        0.059   u_fdpe/Maddsub_delta_reg[16]_fraction_pipe_reg[6]_MuLt_12_OUT_PCOUT_to_Madd_n01241_PCIN_15
    DSP48_X1Y10.P23      Tdspdo_PCIN_P         2.645   u_fdpe/Madd_n01241
                                                       u_fdpe/Madd_n01241
    SLICE_X30Y41.A2      net (fanout=1)        0.951   u_fdpe/n0124<23>
    SLICE_X30Y41.A       Tilo                  0.254   u_fdpe/_n02512
                                                       u_fdpe/_n02512
    SLICE_X33Y41.B5      net (fanout=1)        0.439   u_fdpe/_n02512
    SLICE_X33Y41.B       Tilo                  0.259   u_fdpe/decay_reg<0>
                                                       u_fdpe/_n02513
    SLICE_X31Y41.A6      net (fanout=16)       0.395   u_fdpe/_n0251
    SLICE_X31Y41.CLK     Tas                   0.373   u_fdpe/decay_reg<10>
                                                       u_fdpe/decay_reg_7_glue_set
                                                       u_fdpe/decay_reg_7
    -------------------------------------------------  ---------------------------
    Total                                      9.327ns (7.483ns logic, 1.844ns route)
                                                       (80.2% logic, 19.8% route)

--------------------------------------------------------------------------------
Slack (setup path):     0.627ns (requirement - (data path - clock path skew + uncertainty))
  Source:               u_fdpe/Maddsub_delta_reg[16]_fraction_pipe_reg[6]_MuLt_12_OUT (DSP)
  Destination:          u_fdpe/decay_reg_7 (FF)
  Requirement:          10.000ns
  Data Path Delay:      9.327ns (Levels of Logic = 4)
  Clock Path Skew:      -0.011ns (0.327 - 0.338)
  Source Clock:         clk_100mhz_BUFGP rising at 0.000ns
  Destination Clock:    clk_100mhz_BUFGP rising at 10.000ns
  Clock Uncertainty:    0.035ns

  Clock Uncertainty:          0.035ns  ((TSJ^2 + TIJ^2)^1/2 + DJ) / 2 + PE
    Total System Jitter (TSJ):  0.070ns
    Total Input Jitter (TIJ):   0.000ns
    Discrete Jitter (DJ):       0.000ns
    Phase Error (PE):           0.000ns

  Maximum Data Path at Slow Process Corner: u_fdpe/Maddsub_delta_reg[16]_fraction_pipe_reg[6]_MuLt_12_OUT to u_fdpe/decay_reg_7
    Location             Delay type         Delay(ns)  Physical Resource
                                                       Logical Resource(s)
    -------------------------------------------------  -------------------
    DSP48_X1Y9.PCOUT14   Tdspcko_PCOUT_MREG    3.952   u_fdpe/Maddsub_delta_reg[16]_fraction_pipe_reg[6]_MuLt_12_OUT
                                                       u_fdpe/Maddsub_delta_reg[16]_fraction_pipe_reg[6]_MuLt_12_OUT
    DSP48_X1Y10.PCIN14   net (fanout=1)        0.059   u_fdpe/Maddsub_delta_reg[16]_fraction_pipe_reg[6]_MuLt_12_OUT_PCOUT_to_Madd_n01241_PCIN_14
    DSP48_X1Y10.P23      Tdspdo_PCIN_P         2.645   u_fdpe/Madd_n01241
                                                       u_fdpe/Madd_n01241
    SLICE_X30Y41.A2      net (fanout=1)        0.951   u_fdpe/n0124<23>
    SLICE_X30Y41.A       Tilo                  0.254   u_fdpe/_n02512
                                                       u_fdpe/_n02512
    SLICE_X33Y41.B5      net (fanout=1)        0.439   u_fdpe/_n02512
    SLICE_X33Y41.B       Tilo                  0.259   u_fdpe/decay_reg<0>
                                                       u_fdpe/_n02513
    SLICE_X31Y41.A6      net (fanout=16)       0.395   u_fdpe/_n0251
    SLICE_X31Y41.CLK     Tas                   0.373   u_fdpe/decay_reg<10>
                                                       u_fdpe/decay_reg_7_glue_set
                                                       u_fdpe/decay_reg_7
    -------------------------------------------------  ---------------------------
    Total                                      9.327ns (7.483ns logic, 1.844ns route)
                                                       (80.2% logic, 19.8% route)

--------------------------------------------------------------------------------
Slack (setup path):     0.627ns (requirement - (data path - clock path skew + uncertainty))
  Source:               u_fdpe/Maddsub_delta_reg[16]_fraction_pipe_reg[6]_MuLt_12_OUT (DSP)
  Destination:          u_fdpe/decay_reg_7 (FF)
  Requirement:          10.000ns
  Data Path Delay:      9.327ns (Levels of Logic = 4)
  Clock Path Skew:      -0.011ns (0.327 - 0.338)
  Source Clock:         clk_100mhz_BUFGP rising at 0.000ns
  Destination Clock:    clk_100mhz_BUFGP rising at 10.000ns
  Clock Uncertainty:    0.035ns

  Clock Uncertainty:          0.035ns  ((TSJ^2 + TIJ^2)^1/2 + DJ) / 2 + PE
    Total System Jitter (TSJ):  0.070ns
    Total Input Jitter (TIJ):   0.000ns
    Discrete Jitter (DJ):       0.000ns
    Phase Error (PE):           0.000ns

  Maximum Data Path at Slow Process Corner: u_fdpe/Maddsub_delta_reg[16]_fraction_pipe_reg[6]_MuLt_12_OUT to u_fdpe/decay_reg_7
    Location             Delay type         Delay(ns)  Physical Resource
                                                       Logical Resource(s)
    -------------------------------------------------  -------------------
    DSP48_X1Y9.PCOUT13   Tdspcko_PCOUT_MREG    3.952   u_fdpe/Maddsub_delta_reg[16]_fraction_pipe_reg[6]_MuLt_12_OUT
                                                       u_fdpe/Maddsub_delta_reg[16]_fraction_pipe_reg[6]_MuLt_12_OUT
    DSP48_X1Y10.PCIN13   net (fanout=1)        0.059   u_fdpe/Maddsub_delta_reg[16]_fraction_pipe_reg[6]_MuLt_12_OUT_PCOUT_to_Madd_n01241_PCIN_13
    DSP48_X1Y10.P23      Tdspdo_PCIN_P         2.645   u_fdpe/Madd_n01241
                                                       u_fdpe/Madd_n01241
    SLICE_X30Y41.A2      net (fanout=1)        0.951   u_fdpe/n0124<23>
    SLICE_X30Y41.A       Tilo                  0.254   u_fdpe/_n02512
                                                       u_fdpe/_n02512
    SLICE_X33Y41.B5      net (fanout=1)        0.439   u_fdpe/_n02512
    SLICE_X33Y41.B       Tilo                  0.259   u_fdpe/decay_reg<0>
                                                       u_fdpe/_n02513
    SLICE_X31Y41.A6      net (fanout=16)       0.395   u_fdpe/_n0251
    SLICE_X31Y41.CLK     Tas                   0.373   u_fdpe/decay_reg<10>
                                                       u_fdpe/decay_reg_7_glue_set
                                                       u_fdpe/decay_reg_7
    -------------------------------------------------  ---------------------------
    Total                                      9.327ns (7.483ns logic, 1.844ns route)
                                                       (80.2% logic, 19.8% route)

--------------------------------------------------------------------------------
Slack (setup path):     0.627ns (requirement - (data path - clock path skew + uncertainty))
  Source:               u_fdpe/Maddsub_delta_reg[16]_fraction_pipe_reg[6]_MuLt_12_OUT (DSP)
  Destination:          u_fdpe/decay_reg_7 (FF)
  Requirement:          10.000ns
  Data Path Delay:      9.327ns (Levels of Logic = 4)
  Clock Path Skew:      -0.011ns (0.327 - 0.338)
  Source Clock:         clk_100mhz_BUFGP rising at 0.000ns
  Destination Clock:    clk_100mhz_BUFGP rising at 10.000ns
  Clock Uncertainty:    0.035ns

  Clock Uncertainty:          0.035ns  ((TSJ^2 + TIJ^2)^1/2 + DJ) / 2 + PE
    Total System Jitter (TSJ):  0.070ns
    Total Input Jitter (TIJ):   0.000ns
    Discrete Jitter (DJ):       0.000ns
    Phase Error (PE):           0.000ns

  Maximum Data Path at Slow Process Corner: u_fdpe/Maddsub_delta_reg[16]_fraction_pipe_reg[6]_MuLt_12_OUT to u_fdpe/decay_reg_7
    Location             Delay type         Delay(ns)  Physical Resource
                                                       Logical Resource(s)
    -------------------------------------------------  -------------------
    DSP48_X1Y9.PCOUT9    Tdspcko_PCOUT_MREG    3.952   u_fdpe/Maddsub_delta_reg[16]_fraction_pipe_reg[6]_MuLt_12_OUT
                                                       u_fdpe/Maddsub_delta_reg[16]_fraction_pipe_reg[6]_MuLt_12_OUT
    DSP48_X1Y10.PCIN9    net (fanout=1)        0.059   u_fdpe/Maddsub_delta_reg[16]_fraction_pipe_reg[6]_MuLt_12_OUT_PCOUT_to_Madd_n01241_PCIN_9
    DSP48_X1Y10.P23      Tdspdo_PCIN_P         2.645   u_fdpe/Madd_n01241
                                                       u_fdpe/Madd_n01241
    SLICE_X30Y41.A2      net (fanout=1)        0.951   u_fdpe/n0124<23>
    SLICE_X30Y41.A       Tilo                  0.254   u_fdpe/_n02512
                                                       u_fdpe/_n02512
    SLICE_X33Y41.B5      net (fanout=1)        0.439   u_fdpe/_n02512
    SLICE_X33Y41.B       Tilo                  0.259   u_fdpe/decay_reg<0>
                                                       u_fdpe/_n02513
    SLICE_X31Y41.A6      net (fanout=16)       0.395   u_fdpe/_n0251
    SLICE_X31Y41.CLK     Tas                   0.373   u_fdpe/decay_reg<10>
                                                       u_fdpe/decay_reg_7_glue_set
                                                       u_fdpe/decay_reg_7
    -------------------------------------------------  ---------------------------
    Total                                      9.327ns (7.483ns logic, 1.844ns route)
                                                       (80.2% logic, 19.8% route)

--------------------------------------------------------------------------------
Slack (setup path):     0.627ns (requirement - (data path - clock path skew + uncertainty))
  Source:               u_fdpe/Maddsub_delta_reg[16]_fraction_pipe_reg[6]_MuLt_12_OUT (DSP)
  Destination:          u_fdpe/decay_reg_7 (FF)
  Requirement:          10.000ns
  Data Path Delay:      9.327ns (Levels of Logic = 4)
  Clock Path Skew:      -0.011ns (0.327 - 0.338)
  Source Clock:         clk_100mhz_BUFGP rising at 0.000ns
  Destination Clock:    clk_100mhz_BUFGP rising at 10.000ns
  Clock Uncertainty:    0.035ns

  Clock Uncertainty:          0.035ns  ((TSJ^2 + TIJ^2)^1/2 + DJ) / 2 + PE
    Total System Jitter (TSJ):  0.070ns
    Total Input Jitter (TIJ):   0.000ns
    Discrete Jitter (DJ):       0.000ns
    Phase Error (PE):           0.000ns

  Maximum Data Path at Slow Process Corner: u_fdpe/Maddsub_delta_reg[16]_fraction_pipe_reg[6]_MuLt_12_OUT to u_fdpe/decay_reg_7
    Location             Delay type         Delay(ns)  Physical Resource
                                                       Logical Resource(s)
    -------------------------------------------------  -------------------
    DSP48_X1Y9.PCOUT11   Tdspcko_PCOUT_MREG    3.952   u_fdpe/Maddsub_delta_reg[16]_fraction_pipe_reg[6]_MuLt_12_OUT
                                                       u_fdpe/Maddsub_delta_reg[16]_fraction_pipe_reg[6]_MuLt_12_OUT
    DSP48_X1Y10.PCIN11   net (fanout=1)        0.059   u_fdpe/Maddsub_delta_reg[16]_fraction_pipe_reg[6]_MuLt_12_OUT_PCOUT_to_Madd_n01241_PCIN_11
    DSP48_X1Y10.P23      Tdspdo_PCIN_P         2.645   u_fdpe/Madd_n01241
                                                       u_fdpe/Madd_n01241
    SLICE_X30Y41.A2      net (fanout=1)        0.951   u_fdpe/n0124<23>
    SLICE_X30Y41.A       Tilo                  0.254   u_fdpe/_n02512
                                                       u_fdpe/_n02512
    SLICE_X33Y41.B5      net (fanout=1)        0.439   u_fdpe/_n02512
    SLICE_X33Y41.B       Tilo                  0.259   u_fdpe/decay_reg<0>
                                                       u_fdpe/_n02513
    SLICE_X31Y41.A6      net (fanout=16)       0.395   u_fdpe/_n0251
    SLICE_X31Y41.CLK     Tas                   0.373   u_fdpe/decay_reg<10>
                                                       u_fdpe/decay_reg_7_glue_set
                                                       u_fdpe/decay_reg_7
    -------------------------------------------------  ---------------------------
    Total                                      9.327ns (7.483ns logic, 1.844ns route)
                                                       (80.2% logic, 19.8% route)

--------------------------------------------------------------------------------
Slack (setup path):     0.627ns (requirement - (data path - clock path skew + uncertainty))
  Source:               u_fdpe/Maddsub_delta_reg[16]_fraction_pipe_reg[6]_MuLt_12_OUT (DSP)
  Destination:          u_fdpe/decay_reg_7 (FF)
  Requirement:          10.000ns
  Data Path Delay:      9.327ns (Levels of Logic = 4)
  Clock Path Skew:      -0.011ns (0.327 - 0.338)
  Source Clock:         clk_100mhz_BUFGP rising at 0.000ns
  Destination Clock:    clk_100mhz_BUFGP rising at 10.000ns
  Clock Uncertainty:    0.035ns

  Clock Uncertainty:          0.035ns  ((TSJ^2 + TIJ^2)^1/2 + DJ) / 2 + PE
    Total System Jitter (TSJ):  0.070ns
    Total Input Jitter (TIJ):   0.000ns
    Discrete Jitter (DJ):       0.000ns
    Phase Error (PE):           0.000ns

  Maximum Data Path at Slow Process Corner: u_fdpe/Maddsub_delta_reg[16]_fraction_pipe_reg[6]_MuLt_12_OUT to u_fdpe/decay_reg_7
    Location             Delay type         Delay(ns)  Physical Resource
                                                       Logical Resource(s)
    -------------------------------------------------  -------------------
    DSP48_X1Y9.PCOUT10   Tdspcko_PCOUT_MREG    3.952   u_fdpe/Maddsub_delta_reg[16]_fraction_pipe_reg[6]_MuLt_12_OUT
                                                       u_fdpe/Maddsub_delta_reg[16]_fraction_pipe_reg[6]_MuLt_12_OUT
    DSP48_X1Y10.PCIN10   net (fanout=1)        0.059   u_fdpe/Maddsub_delta_reg[16]_fraction_pipe_reg[6]_MuLt_12_OUT_PCOUT_to_Madd_n01241_PCIN_10
    DSP48_X1Y10.P23      Tdspdo_PCIN_P         2.645   u_fdpe/Madd_n01241
                                                       u_fdpe/Madd_n01241
    SLICE_X30Y41.A2      net (fanout=1)        0.951   u_fdpe/n0124<23>
    SLICE_X30Y41.A       Tilo                  0.254   u_fdpe/_n02512
                                                       u_fdpe/_n02512
    SLICE_X33Y41.B5      net (fanout=1)        0.439   u_fdpe/_n02512
    SLICE_X33Y41.B       Tilo                  0.259   u_fdpe/decay_reg<0>
                                                       u_fdpe/_n02513
    SLICE_X31Y41.A6      net (fanout=16)       0.395   u_fdpe/_n0251
    SLICE_X31Y41.CLK     Tas                   0.373   u_fdpe/decay_reg<10>
                                                       u_fdpe/decay_reg_7_glue_set
                                                       u_fdpe/decay_reg_7
    -------------------------------------------------  ---------------------------
    Total                                      9.327ns (7.483ns logic, 1.844ns route)
                                                       (80.2% logic, 19.8% route)

--------------------------------------------------------------------------------
Slack (setup path):     0.627ns (requirement - (data path - clock path skew + uncertainty))
  Source:               u_fdpe/Maddsub_delta_reg[16]_fraction_pipe_reg[6]_MuLt_12_OUT (DSP)
  Destination:          u_fdpe/decay_reg_7 (FF)
  Requirement:          10.000ns
  Data Path Delay:      9.327ns (Levels of Logic = 4)
  Clock Path Skew:      -0.011ns (0.327 - 0.338)
  Source Clock:         clk_100mhz_BUFGP rising at 0.000ns
  Destination Clock:    clk_100mhz_BUFGP rising at 10.000ns
  Clock Uncertainty:    0.035ns

  Clock Uncertainty:          0.035ns  ((TSJ^2 + TIJ^2)^1/2 + DJ) / 2 + PE
    Total System Jitter (TSJ):  0.070ns
    Total Input Jitter (TIJ):   0.000ns
    Discrete Jitter (DJ):       0.000ns
    Phase Error (PE):           0.000ns

  Maximum Data Path at Slow Process Corner: u_fdpe/Maddsub_delta_reg[16]_fraction_pipe_reg[6]_MuLt_12_OUT to u_fdpe/decay_reg_7
    Location             Delay type         Delay(ns)  Physical Resource
                                                       Logical Resource(s)
    -------------------------------------------------  -------------------
    DSP48_X1Y9.PCOUT1    Tdspcko_PCOUT_MREG    3.952   u_fdpe/Maddsub_delta_reg[16]_fraction_pipe_reg[6]_MuLt_12_OUT
                                                       u_fdpe/Maddsub_delta_reg[16]_fraction_pipe_reg[6]_MuLt_12_OUT
    DSP48_X1Y10.PCIN1    net (fanout=1)        0.059   u_fdpe/Maddsub_delta_reg[16]_fraction_pipe_reg[6]_MuLt_12_OUT_PCOUT_to_Madd_n01241_PCIN_1
    DSP48_X1Y10.P23      Tdspdo_PCIN_P         2.645   u_fdpe/Madd_n01241
                                                       u_fdpe/Madd_n01241
    SLICE_X30Y41.A2      net (fanout=1)        0.951   u_fdpe/n0124<23>
    SLICE_X30Y41.A       Tilo                  0.254   u_fdpe/_n02512
                                                       u_fdpe/_n02512
    SLICE_X33Y41.B5      net (fanout=1)        0.439   u_fdpe/_n02512
    SLICE_X33Y41.B       Tilo                  0.259   u_fdpe/decay_reg<0>
                                                       u_fdpe/_n02513
    SLICE_X31Y41.A6      net (fanout=16)       0.395   u_fdpe/_n0251
    SLICE_X31Y41.CLK     Tas                   0.373   u_fdpe/decay_reg<10>
                                                       u_fdpe/decay_reg_7_glue_set
                                                       u_fdpe/decay_reg_7
    -------------------------------------------------  ---------------------------
    Total                                      9.327ns (7.483ns logic, 1.844ns route)
                                                       (80.2% logic, 19.8% route)

--------------------------------------------------------------------------------
Slack (setup path):     0.627ns (requirement - (data path - clock path skew + uncertainty))
  Source:               u_fdpe/Maddsub_delta_reg[16]_fraction_pipe_reg[6]_MuLt_12_OUT (DSP)
  Destination:          u_fdpe/decay_reg_7 (FF)
  Requirement:          10.000ns
  Data Path Delay:      9.327ns (Levels of Logic = 4)
  Clock Path Skew:      -0.011ns (0.327 - 0.338)
  Source Clock:         clk_100mhz_BUFGP rising at 0.000ns
  Destination Clock:    clk_100mhz_BUFGP rising at 10.000ns
  Clock Uncertainty:    0.035ns

  Clock Uncertainty:          0.035ns  ((TSJ^2 + TIJ^2)^1/2 + DJ) / 2 + PE
    Total System Jitter (TSJ):  0.070ns
    Total Input Jitter (TIJ):   0.000ns
    Discrete Jitter (DJ):       0.000ns
    Phase Error (PE):           0.000ns

  Maximum Data Path at Slow Process Corner: u_fdpe/Maddsub_delta_reg[16]_fraction_pipe_reg[6]_MuLt_12_OUT to u_fdpe/decay_reg_7
    Location             Delay type         Delay(ns)  Physical Resource
                                                       Logical Resource(s)
    -------------------------------------------------  -------------------
    DSP48_X1Y9.PCOUT0    Tdspcko_PCOUT_MREG    3.952   u_fdpe/Maddsub_delta_reg[16]_fraction_pipe_reg[6]_MuLt_12_OUT
                                                       u_fdpe/Maddsub_delta_reg[16]_fraction_pipe_reg[6]_MuLt_12_OUT
    DSP48_X1Y10.PCIN0    net (fanout=1)        0.059   u_fdpe/Maddsub_delta_reg[16]_fraction_pipe_reg[6]_MuLt_12_OUT_PCOUT_to_Madd_n01241_PCIN_0
    DSP48_X1Y10.P23      Tdspdo_PCIN_P         2.645   u_fdpe/Madd_n01241
                                                       u_fdpe/Madd_n01241
    SLICE_X30Y41.A2      net (fanout=1)        0.951   u_fdpe/n0124<23>
    SLICE_X30Y41.A       Tilo                  0.254   u_fdpe/_n02512
                                                       u_fdpe/_n02512
    SLICE_X33Y41.B5      net (fanout=1)        0.439   u_fdpe/_n02512
    SLICE_X33Y41.B       Tilo                  0.259   u_fdpe/decay_reg<0>
                                                       u_fdpe/_n02513
    SLICE_X31Y41.A6      net (fanout=16)       0.395   u_fdpe/_n0251
    SLICE_X31Y41.CLK     Tas                   0.373   u_fdpe/decay_reg<10>
                                                       u_fdpe/decay_reg_7_glue_set
                                                       u_fdpe/decay_reg_7
    -------------------------------------------------  ---------------------------
    Total                                      9.327ns (7.483ns logic, 1.844ns route)
                                                       (80.2% logic, 19.8% route)

--------------------------------------------------------------------------------
Slack (setup path):     0.627ns (requirement - (data path - clock path skew + uncertainty))
  Source:               u_fdpe/Maddsub_delta_reg[16]_fraction_pipe_reg[6]_MuLt_12_OUT (DSP)
  Destination:          u_fdpe/decay_reg_7 (FF)
  Requirement:          10.000ns
  Data Path Delay:      9.327ns (Levels of Logic = 4)
  Clock Path Skew:      -0.011ns (0.327 - 0.338)
  Source Clock:         clk_100mhz_BUFGP rising at 0.000ns
  Destination Clock:    clk_100mhz_BUFGP rising at 10.000ns
  Clock Uncertainty:    0.035ns

  Clock Uncertainty:          0.035ns  ((TSJ^2 + TIJ^2)^1/2 + DJ) / 2 + PE
    Total System Jitter (TSJ):  0.070ns
    Total Input Jitter (TIJ):   0.000ns
    Discrete Jitter (DJ):       0.000ns
    Phase Error (PE):           0.000ns

  Maximum Data Path at Slow Process Corner: u_fdpe/Maddsub_delta_reg[16]_fraction_pipe_reg[6]_MuLt_12_OUT to u_fdpe/decay_reg_7
    Location             Delay type         Delay(ns)  Physical Resource
                                                       Logical Resource(s)
    -------------------------------------------------  -------------------
    DSP48_X1Y9.PCOUT16   Tdspcko_PCOUT_MREG    3.952   u_fdpe/Maddsub_delta_reg[16]_fraction_pipe_reg[6]_MuLt_12_OUT
                                                       u_fdpe/Maddsub_delta_reg[16]_fraction_pipe_reg[6]_MuLt_12_OUT
    DSP48_X1Y10.PCIN16   net (fanout=1)        0.059   u_fdpe/Maddsub_delta_reg[16]_fraction_pipe_reg[6]_MuLt_12_OUT_PCOUT_to_Madd_n01241_PCIN_16
    DSP48_X1Y10.P23      Tdspdo_PCIN_P         2.645   u_fdpe/Madd_n01241
                                                       u_fdpe/Madd_n01241
    SLICE_X30Y41.A2      net (fanout=1)        0.951   u_fdpe/n0124<23>
    SLICE_X30Y41.A       Tilo                  0.254   u_fdpe/_n02512
                                                       u_fdpe/_n02512
    SLICE_X33Y41.B5      net (fanout=1)        0.439   u_fdpe/_n02512
    SLICE_X33Y41.B       Tilo                  0.259   u_fdpe/decay_reg<0>
                                                       u_fdpe/_n02513
    SLICE_X31Y41.A6      net (fanout=16)       0.395   u_fdpe/_n0251
    SLICE_X31Y41.CLK     Tas                   0.373   u_fdpe/decay_reg<10>
                                                       u_fdpe/decay_reg_7_glue_set
                                                       u_fdpe/decay_reg_7
    -------------------------------------------------  ---------------------------
    Total                                      9.327ns (7.483ns logic, 1.844ns route)
                                                       (80.2% logic, 19.8% route)

--------------------------------------------------------------------------------

Hold Paths: TS_P5_B2_CLK = PERIOD TIMEGRP "P5_B2_CLK" 10 ns HIGH 50%;
--------------------------------------------------------------------------------

Paths for end point u_fdpe/Mmult_n0127 (DSP48_X1Y8.B10), 1 path
--------------------------------------------------------------------------------
Slack (hold path):      0.287ns (requirement - (clock path skew + uncertainty - data path))
  Source:               active_vector_18 (FF)
  Destination:          u_fdpe/Mmult_n0127 (DSP)
  Requirement:          0.000ns
  Data Path Delay:      0.296ns (Levels of Logic = 0)
  Clock Path Skew:      0.009ns (0.111 - 0.102)
  Source Clock:         clk_100mhz_BUFGP rising at 10.000ns
  Destination Clock:    clk_100mhz_BUFGP rising at 10.000ns
  Clock Uncertainty:    0.000ns

  Minimum Data Path at Fast Process Corner: active_vector_18 to u_fdpe/Mmult_n0127
    Location             Delay type         Delay(ns)  Physical Resource
                                                       Logical Resource(s)
    -------------------------------------------------  -------------------
    SLICE_X29Y33.CQ      Tcko                  0.198   active_vector<20>
                                                       active_vector_18
    DSP48_X1Y8.B10       net (fanout=3)        0.135   active_vector<18>
    DSP48_X1Y8.CLK       Tdspckd_B_B0REG(-Th)     0.037   u_fdpe/Mmult_n0127
                                                       u_fdpe/Mmult_n0127
    -------------------------------------------------  ---------------------------
    Total                                      0.296ns (0.161ns logic, 0.135ns route)
                                                       (54.4% logic, 45.6% route)

--------------------------------------------------------------------------------

Paths for end point u_fdpe/Mmult_n0127 (DSP48_X1Y8.B14), 1 path
--------------------------------------------------------------------------------
Slack (hold path):      0.292ns (requirement - (clock path skew + uncertainty - data path))
  Source:               active_vector_17 (FF)
  Destination:          u_fdpe/Mmult_n0127 (DSP)
  Requirement:          0.000ns
  Data Path Delay:      0.301ns (Levels of Logic = 0)
  Clock Path Skew:      0.009ns (0.111 - 0.102)
  Source Clock:         clk_100mhz_BUFGP rising at 10.000ns
  Destination Clock:    clk_100mhz_BUFGP rising at 10.000ns
  Clock Uncertainty:    0.000ns

  Minimum Data Path at Fast Process Corner: active_vector_17 to u_fdpe/Mmult_n0127
    Location             Delay type         Delay(ns)  Physical Resource
                                                       Logical Resource(s)
    -------------------------------------------------  -------------------
    SLICE_X29Y33.BQ      Tcko                  0.198   active_vector<20>
                                                       active_vector_17
    DSP48_X1Y8.B14       net (fanout=3)        0.140   active_vector<17>
    DSP48_X1Y8.CLK       Tdspckd_B_B0REG(-Th)     0.037   u_fdpe/Mmult_n0127
                                                       u_fdpe/Mmult_n0127
    -------------------------------------------------  ---------------------------
    Total                                      0.301ns (0.161ns logic, 0.140ns route)
                                                       (53.5% logic, 46.5% route)

--------------------------------------------------------------------------------

Paths for end point u_fdpe/Mmult_n0127 (DSP48_X1Y8.B0), 1 path
--------------------------------------------------------------------------------
Slack (hold path):      0.305ns (requirement - (clock path skew + uncertainty - data path))
  Source:               active_vector_16 (FF)
  Destination:          u_fdpe/Mmult_n0127 (DSP)
  Requirement:          0.000ns
  Data Path Delay:      0.314ns (Levels of Logic = 0)
  Clock Path Skew:      0.009ns (0.111 - 0.102)
  Source Clock:         clk_100mhz_BUFGP rising at 10.000ns
  Destination Clock:    clk_100mhz_BUFGP rising at 10.000ns
  Clock Uncertainty:    0.000ns

  Minimum Data Path at Fast Process Corner: active_vector_16 to u_fdpe/Mmult_n0127
    Location             Delay type         Delay(ns)  Physical Resource
                                                       Logical Resource(s)
    -------------------------------------------------  -------------------
    SLICE_X29Y33.AQ      Tcko                  0.198   active_vector<20>
                                                       active_vector_16
    DSP48_X1Y8.B0        net (fanout=1)        0.153   active_vector<16>
    DSP48_X1Y8.CLK       Tdspckd_B_B0REG(-Th)     0.037   u_fdpe/Mmult_n0127
                                                       u_fdpe/Mmult_n0127
    -------------------------------------------------  ---------------------------
    Total                                      0.314ns (0.161ns logic, 0.153ns route)
                                                       (51.3% logic, 48.7% route)

--------------------------------------------------------------------------------

Paths for end point u_fdpe/Mmult_n0127 (DSP48_X1Y8.B6), 1 path
--------------------------------------------------------------------------------
Slack (hold path):      0.319ns (requirement - (clock path skew + uncertainty - data path))
  Source:               active_vector_18 (FF)
  Destination:          u_fdpe/Mmult_n0127 (DSP)
  Requirement:          0.000ns
  Data Path Delay:      0.328ns (Levels of Logic = 0)
  Clock Path Skew:      0.009ns (0.111 - 0.102)
  Source Clock:         clk_100mhz_BUFGP rising at 10.000ns
  Destination Clock:    clk_100mhz_BUFGP rising at 10.000ns
  Clock Uncertainty:    0.000ns

  Minimum Data Path at Fast Process Corner: active_vector_18 to u_fdpe/Mmult_n0127
    Location             Delay type         Delay(ns)  Physical Resource
                                                       Logical Resource(s)
    -------------------------------------------------  -------------------
    SLICE_X29Y33.CQ      Tcko                  0.198   active_vector<20>
                                                       active_vector_18
    DSP48_X1Y8.B6        net (fanout=3)        0.167   active_vector<18>
    DSP48_X1Y8.CLK       Tdspckd_B_B0REG(-Th)     0.037   u_fdpe/Mmult_n0127
                                                       u_fdpe/Mmult_n0127
    -------------------------------------------------  ---------------------------
    Total                                      0.328ns (0.161ns logic, 0.167ns route)
                                                       (49.1% logic, 50.9% route)

--------------------------------------------------------------------------------

Paths for end point u_fdpe/Mmult_n0127 (DSP48_X1Y8.B11), 1 path
--------------------------------------------------------------------------------
Slack (hold path):      0.331ns (requirement - (clock path skew + uncertainty - data path))
  Source:               active_vector_19 (FF)
  Destination:          u_fdpe/Mmult_n0127 (DSP)
  Requirement:          0.000ns
  Data Path Delay:      0.340ns (Levels of Logic = 0)
  Clock Path Skew:      0.009ns (0.111 - 0.102)
  Source Clock:         clk_100mhz_BUFGP rising at 10.000ns
  Destination Clock:    clk_100mhz_BUFGP rising at 10.000ns
  Clock Uncertainty:    0.000ns

  Minimum Data Path at Fast Process Corner: active_vector_19 to u_fdpe/Mmult_n0127
    Location             Delay type         Delay(ns)  Physical Resource
                                                       Logical Resource(s)
    -------------------------------------------------  -------------------
    SLICE_X29Y33.CMUX    Tshcko                0.244   active_vector<20>
                                                       active_vector_19
    DSP48_X1Y8.B11       net (fanout=3)        0.133   active_vector<19>
    DSP48_X1Y8.CLK       Tdspckd_B_B0REG(-Th)     0.037   u_fdpe/Mmult_n0127
                                                       u_fdpe/Mmult_n0127
    -------------------------------------------------  ---------------------------
    Total                                      0.340ns (0.207ns logic, 0.133ns route)
                                                       (60.9% logic, 39.1% route)

--------------------------------------------------------------------------------

Paths for end point u_fdpe/Mmult_n0127 (DSP48_X1Y8.B4), 1 path
--------------------------------------------------------------------------------
Slack (hold path):      0.376ns (requirement - (clock path skew + uncertainty - data path))
  Source:               active_vector_20 (FF)
  Destination:          u_fdpe/Mmult_n0127 (DSP)
  Requirement:          0.000ns
  Data Path Delay:      0.385ns (Levels of Logic = 0)
  Clock Path Skew:      0.009ns (0.111 - 0.102)
  Source Clock:         clk_100mhz_BUFGP rising at 10.000ns
  Destination Clock:    clk_100mhz_BUFGP rising at 10.000ns
  Clock Uncertainty:    0.000ns

  Minimum Data Path at Fast Process Corner: active_vector_20 to u_fdpe/Mmult_n0127
    Location             Delay type         Delay(ns)  Physical Resource
                                                       Logical Resource(s)
    -------------------------------------------------  -------------------
    SLICE_X29Y33.DQ      Tcko                  0.198   active_vector<20>
                                                       active_vector_20
    DSP48_X1Y8.B4        net (fanout=1)        0.224   active_vector<20>
    DSP48_X1Y8.CLK       Tdspckd_B_B0REG(-Th)     0.037   u_fdpe/Mmult_n0127
                                                       u_fdpe/Mmult_n0127
    -------------------------------------------------  ---------------------------
    Total                                      0.385ns (0.161ns logic, 0.224ns route)
                                                       (41.8% logic, 58.2% route)

--------------------------------------------------------------------------------

Paths for end point u_fdpe/Mmult_n0127 (DSP48_X1Y8.B1), 1 path
--------------------------------------------------------------------------------
Slack (hold path):      0.383ns (requirement - (clock path skew + uncertainty - data path))
  Source:               active_vector_17 (FF)
  Destination:          u_fdpe/Mmult_n0127 (DSP)
  Requirement:          0.000ns
  Data Path Delay:      0.392ns (Levels of Logic = 0)
  Clock Path Skew:      0.009ns (0.111 - 0.102)
  Source Clock:         clk_100mhz_BUFGP rising at 10.000ns
  Destination Clock:    clk_100mhz_BUFGP rising at 10.000ns
  Clock Uncertainty:    0.000ns

  Minimum Data Path at Fast Process Corner: active_vector_17 to u_fdpe/Mmult_n0127
    Location             Delay type         Delay(ns)  Physical Resource
                                                       Logical Resource(s)
    -------------------------------------------------  -------------------
    SLICE_X29Y33.BQ      Tcko                  0.198   active_vector<20>
                                                       active_vector_17
    DSP48_X1Y8.B1        net (fanout=3)        0.231   active_vector<17>
    DSP48_X1Y8.CLK       Tdspckd_B_B0REG(-Th)     0.037   u_fdpe/Mmult_n0127
                                                       u_fdpe/Mmult_n0127
    -------------------------------------------------  ---------------------------
    Total                                      0.392ns (0.161ns logic, 0.231ns route)
                                                       (41.1% logic, 58.9% route)

--------------------------------------------------------------------------------

Paths for end point u_fdpe/Mmult_n0127 (DSP48_X1Y8.B5), 1 path
--------------------------------------------------------------------------------
Slack (hold path):      0.390ns (requirement - (clock path skew + uncertainty - data path))
  Source:               active_vector_17 (FF)
  Destination:          u_fdpe/Mmult_n0127 (DSP)
  Requirement:          0.000ns
  Data Path Delay:      0.399ns (Levels of Logic = 0)
  Clock Path Skew:      0.009ns (0.111 - 0.102)
  Source Clock:         clk_100mhz_BUFGP rising at 10.000ns
  Destination Clock:    clk_100mhz_BUFGP rising at 10.000ns
  Clock Uncertainty:    0.000ns

  Minimum Data Path at Fast Process Corner: active_vector_17 to u_fdpe/Mmult_n0127
    Location             Delay type         Delay(ns)  Physical Resource
                                                       Logical Resource(s)
    -------------------------------------------------  -------------------
    SLICE_X29Y33.BQ      Tcko                  0.198   active_vector<20>
                                                       active_vector_17
    DSP48_X1Y8.B5        net (fanout=3)        0.238   active_vector<17>
    DSP48_X1Y8.CLK       Tdspckd_B_B0REG(-Th)     0.037   u_fdpe/Mmult_n0127
                                                       u_fdpe/Mmult_n0127
    -------------------------------------------------  ---------------------------
    Total                                      0.399ns (0.161ns logic, 0.238ns route)
                                                       (40.4% logic, 59.6% route)

--------------------------------------------------------------------------------

Paths for end point u_fdpe/fraction_reg_6 (SLICE_X17Y42.DX), 1 path
--------------------------------------------------------------------------------
Slack (hold path):      0.399ns (requirement - (clock path skew + uncertainty - data path))
  Source:               u_fdpe/x_reg_6 (FF)
  Destination:          u_fdpe/fraction_reg_6 (FF)
  Requirement:          0.000ns
  Data Path Delay:      0.401ns (Levels of Logic = 0)
  Clock Path Skew:      0.002ns (0.036 - 0.034)
  Source Clock:         clk_100mhz_BUFGP rising at 10.000ns
  Destination Clock:    clk_100mhz_BUFGP rising at 10.000ns
  Clock Uncertainty:    0.000ns

  Minimum Data Path at Fast Process Corner: u_fdpe/x_reg_6 to u_fdpe/fraction_reg_6
    Location             Delay type         Delay(ns)  Physical Resource
                                                       Logical Resource(s)
    -------------------------------------------------  -------------------
    SLICE_X16Y42.CQ      Tcko                  0.200   u_fdpe/x_reg<7>
                                                       u_fdpe/x_reg_6
    SLICE_X17Y42.DX      net (fanout=1)        0.142   u_fdpe/x_reg<6>
    SLICE_X17Y42.CLK     Tckdi       (-Th)    -0.059   u_fdpe/fraction_reg<6>
                                                       u_fdpe/fraction_reg_6
    -------------------------------------------------  ---------------------------
    Total                                      0.401ns (0.259ns logic, 0.142ns route)
                                                       (64.6% logic, 35.4% route)

--------------------------------------------------------------------------------

Paths for end point u_fdpe/x_reg_12 (SLICE_X14Y39.AX), 1 path
--------------------------------------------------------------------------------
Slack (hold path):      0.400ns (requirement - (clock path skew + uncertainty - data path))
  Source:               active_vector_44 (FF)
  Destination:          u_fdpe/x_reg_12 (FF)
  Requirement:          0.000ns
  Data Path Delay:      0.402ns (Levels of Logic = 0)
  Clock Path Skew:      0.002ns (0.031 - 0.029)
  Source Clock:         clk_100mhz_BUFGP rising at 10.000ns
  Destination Clock:    clk_100mhz_BUFGP rising at 10.000ns
  Clock Uncertainty:    0.000ns

  Minimum Data Path at Fast Process Corner: active_vector_44 to u_fdpe/x_reg_12
    Location             Delay type         Delay(ns)  Physical Resource
                                                       Logical Resource(s)
    -------------------------------------------------  -------------------
    SLICE_X15Y39.CMUX    Tshcko                0.244   active_vector<46>
                                                       active_vector_44
    SLICE_X14Y39.AX      net (fanout=1)        0.117   active_vector<44>
    SLICE_X14Y39.CLK     Tckdi       (-Th)    -0.041   u_fdpe/x_reg<15>
                                                       u_fdpe/x_reg_12
    -------------------------------------------------  ---------------------------
    Total                                      0.402ns (0.285ns logic, 0.117ns route)
                                                       (70.9% logic, 29.1% route)

--------------------------------------------------------------------------------

Component Switching Limit Checks: TS_P5_B2_CLK = PERIOD TIMEGRP "P5_B2_CLK" 10 ns HIGH 50%;
--------------------------------------------------------------------------------
Slack: 6.458ns (period - min period limit)
  Period: 10.000ns
  Min period limit: 3.542ns (282.326MHz) (Tdspper_BREG_MREG)
  Physical resource: u_fdpe/Mmult_n0127/CLK
  Logical resource: u_fdpe/Mmult_n0127/CLK
  Location pin: DSP48_X1Y8.CLK
  Clock network: clk_100mhz_BUFGP
--------------------------------------------------------------------------------
Slack: 6.997ns (period - min period limit)
  Period: 10.000ns
  Min period limit: 3.003ns (333.000MHz) (Tdspper_AREG_MREG)
  Physical resource: u_fdpe/Maddsub_delta_reg[16]_fraction_pipe_reg[6]_MuLt_12_OUT/CLK
  Logical resource: u_fdpe/Maddsub_delta_reg[16]_fraction_pipe_reg[6]_MuLt_12_OUT/CLK
  Location pin: DSP48_X1Y9.CLK
  Clock network: clk_100mhz_BUFGP
--------------------------------------------------------------------------------
Slack: 7.334ns (period - min period limit)
  Period: 10.000ns
  Min period limit: 2.666ns (375.094MHz) (Tbcper_I)
  Physical resource: clk_100mhz_BUFGP/BUFG/I0
  Logical resource: clk_100mhz_BUFGP/BUFG/I0
  Location pin: BUFGMUX_X3Y13.I0
  Clock network: clk_100mhz_BUFGP/IBUFG
--------------------------------------------------------------------------------
Slack: 9.520ns (period - min period limit)
  Period: 10.000ns
  Min period limit: 0.480ns (2083.333MHz) (Tcp)
  Physical resource: u_fdpe/y0_reg<5>/CLK
  Logical resource: u_fdpe/y0_reg_5/CK
  Location pin: SLICE_X14Y37.CLK
  Clock network: clk_100mhz_BUFGP
--------------------------------------------------------------------------------
Slack: 9.520ns (period - min period limit)
  Period: 10.000ns
  Min period limit: 0.480ns (2083.333MHz) (Tcp)
  Physical resource: u_fdpe/x_reg<15>/CLK
  Logical resource: u_fdpe/x_reg_12/CK
  Location pin: SLICE_X14Y39.CLK
  Clock network: clk_100mhz_BUFGP
--------------------------------------------------------------------------------
Slack: 9.520ns (period - min period limit)
  Period: 10.000ns
  Min period limit: 0.480ns (2083.333MHz) (Tcp)
  Physical resource: u_fdpe/x_reg<15>/CLK
  Logical resource: u_fdpe/x_reg_13/CK
  Location pin: SLICE_X14Y39.CLK
  Clock network: clk_100mhz_BUFGP
--------------------------------------------------------------------------------
Slack: 9.520ns (period - min period limit)
  Period: 10.000ns
  Min period limit: 0.480ns (2083.333MHz) (Tcp)
  Physical resource: u_fdpe/x_reg<15>/CLK
  Logical resource: u_fdpe/x_reg_14/CK
  Location pin: SLICE_X14Y39.CLK
  Clock network: clk_100mhz_BUFGP
--------------------------------------------------------------------------------
Slack: 9.520ns (period - min period limit)
  Period: 10.000ns
  Min period limit: 0.480ns (2083.333MHz) (Tcp)
  Physical resource: u_fdpe/x_reg<15>/CLK
  Logical resource: u_fdpe/x_reg_15/CK
  Location pin: SLICE_X14Y39.CLK
  Clock network: clk_100mhz_BUFGP
--------------------------------------------------------------------------------
Slack: 9.520ns (period - min period limit)
  Period: 10.000ns
  Min period limit: 0.480ns (2083.333MHz) (Tcp)
  Physical resource: u_fdpe/index_reg<7>/CLK
  Logical resource: u_fdpe/index_reg_4/CK
  Location pin: SLICE_X14Y40.CLK
  Clock network: clk_100mhz_BUFGP
--------------------------------------------------------------------------------
Slack: 9.520ns (period - min period limit)
  Period: 10.000ns
  Min period limit: 0.480ns (2083.333MHz) (Tcp)
  Physical resource: u_fdpe/index_reg<7>/CLK
  Logical resource: u_fdpe/index_reg_5/CK
  Location pin: SLICE_X14Y40.CLK
  Clock network: clk_100mhz_BUFGP
--------------------------------------------------------------------------------


All constraints were met.


Data Sheet report:
-----------------
All values displayed in nanoseconds (ns)

Clock to Setup on destination clock clk_100mhz
---------------+---------+---------+---------+---------+
               | Src:Rise| Src:Fall| Src:Rise| Src:Fall|
Source Clock   |Dest:Rise|Dest:Rise|Dest:Fall|Dest:Fall|
---------------+---------+---------+---------+---------+
clk_100mhz     |    9.591|         |         |         |
---------------+---------+---------+---------+---------+


Timing summary:
---------------

Timing errors: 0  Score: 0  (Setup/Max: 0, Hold: 0)

Constraints cover 14589 paths, 0 nets, and 1747 connections

Design statistics:
   Minimum period:   9.591ns{1}   (Maximum frequency: 104.264MHz)


------------------------------------Footnotes-----------------------------------
1)  The minimum period statistic assumes all single cycle delays.

Analysis completed Sun Jul 19 23:31:16 2026 
--------------------------------------------------------------------------------

Trace Settings:
-------------------------
Trace Settings 

Peak Memory Usage: 394 MB



