--------------------------------------------------------------------------------
Release 14.7 Trace  (lin64)
Copyright (c) 1995-2013 Xilinx, Inc.  All rights reserved.

/mnt/xilinx-ise14.7/Xilinx/14.7/ISE_DS/ISE/bin/lin64/unwrapped/trce -v 10 -n 10
-u 10 p6_h3_routed.ncd p6_h3.pcf -o p6_h3.twr

Design file:              p6_h3_routed.ncd
Physical constraint file: p6_h3.pcf
Device,package,speed:     xc6slx16,csg324,C,-2 (PRODUCTION 1.23 2013-10-13)
Report level:             verbose report, limited to 10 items per endpoint, 10 endpoints per constraint
                          unconstrained path report, limited to 10 items per endpoint, 10 endpoints per path report

Environment Variable      Effect 
--------------------      ------ 
NONE                      No environment variables were set
--------------------------------------------------------------------------------

INFO:Timing:3386 - Intersecting Constraints found and resolved.  For more 
   information, see the TSI report.  Please consult the Xilinx Command Line 
   Tools User Guide for information on generating a TSI report.
INFO:Timing:3412 - To improve timing, see the Timing Closure User Guide (UG612).
INFO:Timing:3339 - The clock-to-out numbers in this timing report are based on 
   a 50 Ohm transmission line loading model.  For the details of this model, 
   and for more information on accounting for different loading conditions, 
   please see the device datasheet.

================================================================================
Timing constraint: TS_P6_CLK = PERIOD TIMEGRP "P6_CLK" 10 ns HIGH 50%;
For more information, see Period Analysis in the Timing Closure User Guide (UG612).

 31898998 paths analyzed, 4257 endpoints analyzed, 0 failing endpoints
 0 timing errors detected. (0 setup errors, 0 hold errors, 0 component switching limit errors)
 Minimum period is   9.742ns.
--------------------------------------------------------------------------------

Paths for end point u/campaign/kernel/core/evaluator_i/selected_score_7 (SLICE_X15Y23.D6), 1617636 paths
--------------------------------------------------------------------------------
Slack:                  0.258ns (requirement - (data path - clock path skew + uncertainty))
  Source:               u/campaign/kernel/core/evaluator_i/lam0_0 (FF)
  Destination:          u/campaign/kernel/core/evaluator_i/selected_score_7 (FF)
  Requirement:          10.000ns
  Data Path Delay:      9.667ns (Levels of Logic = 10)
  Clock Path Skew:      -0.040ns (0.293 - 0.333)
  Source Clock:         clk_100mhz_BUFGP rising at 0.000ns
  Destination Clock:    clk_100mhz_BUFGP rising at 10.000ns
  Clock Uncertainty:    0.035ns

  Clock Uncertainty:          0.035ns  ((TSJ^2 + TIJ^2)^1/2 + DJ) / 2 + PE
    Total System Jitter (TSJ):  0.070ns
    Total Input Jitter (TIJ):   0.000ns
    Discrete Jitter (DJ):       0.000ns
    Phase Error (PE):           0.000ns

  Maximum Data Path at Slow Process Corner: u/campaign/kernel/core/evaluator_i/lam0_0 to u/campaign/kernel/core/evaluator_i/selected_score_7
    Location             Delay type         Delay(ns)  Physical Resource
                                                       Logical Resource(s)
    -------------------------------------------------  -------------------
    SLICE_X11Y16.AQ      Tcko                  0.430   u/campaign/kernel/core/evaluator_i/fid0<11>
                                                       u/campaign/kernel/core/evaluator_i/lam0_0
    SLICE_X10Y16.A2      net (fanout=32)       1.123   u/campaign/kernel/core/evaluator_i/lam0<0>
    SLICE_X10Y16.COUT    Topcya                0.482   u/campaign/kernel/core/evaluator_i/Mmux_p103_rs_cy<7>
                                                       u/campaign/kernel/core/evaluator_i/Mmux_p103_A121
                                                       u/campaign/kernel/core/evaluator_i/Mmux_p103_rs_cy<7>
    SLICE_X10Y17.CIN     net (fanout=1)        0.003   u/campaign/kernel/core/evaluator_i/Mmux_p103_rs_cy<7>
    SLICE_X10Y17.COUT    Tbyp                  0.093   u/campaign/kernel/core/evaluator_i/Mmux_p103_rs_cy<11>
                                                       u/campaign/kernel/core/evaluator_i/Mmux_p103_rs_cy<11>
    SLICE_X10Y18.CIN     net (fanout=1)        0.003   u/campaign/kernel/core/evaluator_i/Mmux_p103_rs_cy<11>
    SLICE_X10Y18.DMUX    Tcind                 0.320   u/campaign/kernel/core/evaluator_i/Mmux_p103_rs_cy<15>
                                                       u/campaign/kernel/core/evaluator_i/Mmux_p103_rs_cy<15>
    SLICE_X14Y13.D5      net (fanout=3)        1.178   u/campaign/kernel/core/evaluator_i/Mmux_p103_split<15>
    SLICE_X14Y13.COUT    Topcyd                0.343   u/campaign/kernel/core/evaluator_i/Mcompar_p12[17]_p10[17]_LessThan_34_o_cy<7>
                                                       u/campaign/kernel/core/evaluator_i/Mcompar_p12[17]_p10[17]_LessThan_34_o_lutdi7
                                                       u/campaign/kernel/core/evaluator_i/Mcompar_p12[17]_p10[17]_LessThan_34_o_cy<7>
    SLICE_X14Y14.CIN     net (fanout=1)        0.003   u/campaign/kernel/core/evaluator_i/Mcompar_p12[17]_p10[17]_LessThan_34_o_cy<7>
    SLICE_X14Y14.AMUX    Tcina                 0.230   u/campaign/kernel/core/b4_done
                                                       u/campaign/kernel/core/evaluator_i/Mcompar_p12[17]_p10[17]_LessThan_34_o_cy<8>
    SLICE_X17Y19.D4      net (fanout=18)       1.071   u/campaign/kernel/core/evaluator_i/p12[17]_p10[17]_LessThan_34_o
    SLICE_X17Y19.D       Tilo                  0.259   u/campaign/kernel/core/evaluator_i/n11<15>
                                                       u/campaign/kernel/core/evaluator_i/Mmux_score1101
    SLICE_X14Y23.A3      net (fanout=3)        1.153   u/campaign/kernel/core/evaluator_i/score1<1>
    SLICE_X14Y23.COUT    Topcya                0.474   u/campaign/kernel/core/evaluator_i/Mcompar_score0[17]_score1[17]_equal_39_o_cy<3>
                                                       u/campaign/kernel/core/evaluator_i/Mcompar_score0[17]_score1[17]_equal_39_o_lut<0>
                                                       u/campaign/kernel/core/evaluator_i/Mcompar_score0[17]_score1[17]_equal_39_o_cy<3>
    SLICE_X14Y24.CIN     net (fanout=1)        0.082   u/campaign/kernel/core/evaluator_i/Mcompar_score0[17]_score1[17]_equal_39_o_cy<3>
    SLICE_X14Y24.BMUX    Tcinb                 0.286   u/campaign/kernel/core/evaluator_i/v0
                                                       u/campaign/kernel/core/evaluator_i/Mcompar_score0[17]_score1[17]_equal_39_o_cy<5>
    SLICE_X15Y21.A6      net (fanout=1)        0.599   u/campaign/kernel/core/evaluator_i/score0[17]_score1[17]_equal_39_o
    SLICE_X15Y21.A       Tilo                  0.259   u/campaign/kernel/core/b4_selected_score<4>
                                                       u/campaign/kernel/core/evaluator_i/c0_wins
    SLICE_X15Y23.D6      net (fanout=18)       0.903   u/campaign/kernel/core/evaluator_i/c0_wins
    SLICE_X15Y23.CLK     Tas                   0.373   u/campaign/kernel/core/b4_selected_score<7>
                                                       u/campaign/kernel/core/evaluator_i/Mmux_score1[17]_GND_15_o_mux_131_OUT161
                                                       u/campaign/kernel/core/evaluator_i/selected_score_7
    -------------------------------------------------  ---------------------------
    Total                                      9.667ns (3.549ns logic, 6.118ns route)
                                                       (36.7% logic, 63.3% route)

--------------------------------------------------------------------------------
Slack:                  0.266ns (requirement - (data path - clock path skew + uncertainty))
  Source:               u/campaign/kernel/core/evaluator_i/lam0_0 (FF)
  Destination:          u/campaign/kernel/core/evaluator_i/selected_score_7 (FF)
  Requirement:          10.000ns
  Data Path Delay:      9.659ns (Levels of Logic = 10)
  Clock Path Skew:      -0.040ns (0.293 - 0.333)
  Source Clock:         clk_100mhz_BUFGP rising at 0.000ns
  Destination Clock:    clk_100mhz_BUFGP rising at 10.000ns
  Clock Uncertainty:    0.035ns

  Clock Uncertainty:          0.035ns  ((TSJ^2 + TIJ^2)^1/2 + DJ) / 2 + PE
    Total System Jitter (TSJ):  0.070ns
    Total Input Jitter (TIJ):   0.000ns
    Discrete Jitter (DJ):       0.000ns
    Phase Error (PE):           0.000ns

  Maximum Data Path at Slow Process Corner: u/campaign/kernel/core/evaluator_i/lam0_0 to u/campaign/kernel/core/evaluator_i/selected_score_7
    Location             Delay type         Delay(ns)  Physical Resource
                                                       Logical Resource(s)
    -------------------------------------------------  -------------------
    SLICE_X11Y16.AQ      Tcko                  0.430   u/campaign/kernel/core/evaluator_i/fid0<11>
                                                       u/campaign/kernel/core/evaluator_i/lam0_0
    SLICE_X10Y16.A2      net (fanout=32)       1.123   u/campaign/kernel/core/evaluator_i/lam0<0>
    SLICE_X10Y16.COUT    Topcya                0.474   u/campaign/kernel/core/evaluator_i/Mmux_p103_rs_cy<7>
                                                       u/campaign/kernel/core/evaluator_i/Mmux_p103_rs_lut<4>
                                                       u/campaign/kernel/core/evaluator_i/Mmux_p103_rs_cy<7>
    SLICE_X10Y17.CIN     net (fanout=1)        0.003   u/campaign/kernel/core/evaluator_i/Mmux_p103_rs_cy<7>
    SLICE_X10Y17.COUT    Tbyp                  0.093   u/campaign/kernel/core/evaluator_i/Mmux_p103_rs_cy<11>
                                                       u/campaign/kernel/core/evaluator_i/Mmux_p103_rs_cy<11>
    SLICE_X10Y18.CIN     net (fanout=1)        0.003   u/campaign/kernel/core/evaluator_i/Mmux_p103_rs_cy<11>
    SLICE_X10Y18.DMUX    Tcind                 0.320   u/campaign/kernel/core/evaluator_i/Mmux_p103_rs_cy<15>
                                                       u/campaign/kernel/core/evaluator_i/Mmux_p103_rs_cy<15>
    SLICE_X14Y13.D5      net (fanout=3)        1.178   u/campaign/kernel/core/evaluator_i/Mmux_p103_split<15>
    SLICE_X14Y13.COUT    Topcyd                0.343   u/campaign/kernel/core/evaluator_i/Mcompar_p12[17]_p10[17]_LessThan_34_o_cy<7>
                                                       u/campaign/kernel/core/evaluator_i/Mcompar_p12[17]_p10[17]_LessThan_34_o_lutdi7
                                                       u/campaign/kernel/core/evaluator_i/Mcompar_p12[17]_p10[17]_LessThan_34_o_cy<7>
    SLICE_X14Y14.CIN     net (fanout=1)        0.003   u/campaign/kernel/core/evaluator_i/Mcompar_p12[17]_p10[17]_LessThan_34_o_cy<7>
    SLICE_X14Y14.AMUX    Tcina                 0.230   u/campaign/kernel/core/b4_done
                                                       u/campaign/kernel/core/evaluator_i/Mcompar_p12[17]_p10[17]_LessThan_34_o_cy<8>
    SLICE_X17Y19.D4      net (fanout=18)       1.071   u/campaign/kernel/core/evaluator_i/p12[17]_p10[17]_LessThan_34_o
    SLICE_X17Y19.D       Tilo                  0.259   u/campaign/kernel/core/evaluator_i/n11<15>
                                                       u/campaign/kernel/core/evaluator_i/Mmux_score1101
    SLICE_X14Y23.A3      net (fanout=3)        1.153   u/campaign/kernel/core/evaluator_i/score1<1>
    SLICE_X14Y23.COUT    Topcya                0.474   u/campaign/kernel/core/evaluator_i/Mcompar_score0[17]_score1[17]_equal_39_o_cy<3>
                                                       u/campaign/kernel/core/evaluator_i/Mcompar_score0[17]_score1[17]_equal_39_o_lut<0>
                                                       u/campaign/kernel/core/evaluator_i/Mcompar_score0[17]_score1[17]_equal_39_o_cy<3>
    SLICE_X14Y24.CIN     net (fanout=1)        0.082   u/campaign/kernel/core/evaluator_i/Mcompar_score0[17]_score1[17]_equal_39_o_cy<3>
    SLICE_X14Y24.BMUX    Tcinb                 0.286   u/campaign/kernel/core/evaluator_i/v0
                                                       u/campaign/kernel/core/evaluator_i/Mcompar_score0[17]_score1[17]_equal_39_o_cy<5>
    SLICE_X15Y21.A6      net (fanout=1)        0.599   u/campaign/kernel/core/evaluator_i/score0[17]_score1[17]_equal_39_o
    SLICE_X15Y21.A       Tilo                  0.259   u/campaign/kernel/core/b4_selected_score<4>
                                                       u/campaign/kernel/core/evaluator_i/c0_wins
    SLICE_X15Y23.D6      net (fanout=18)       0.903   u/campaign/kernel/core/evaluator_i/c0_wins
    SLICE_X15Y23.CLK     Tas                   0.373   u/campaign/kernel/core/b4_selected_score<7>
                                                       u/campaign/kernel/core/evaluator_i/Mmux_score1[17]_GND_15_o_mux_131_OUT161
                                                       u/campaign/kernel/core/evaluator_i/selected_score_7
    -------------------------------------------------  ---------------------------
    Total                                      9.659ns (3.541ns logic, 6.118ns route)
                                                       (36.7% logic, 63.3% route)

--------------------------------------------------------------------------------
Slack:                  0.289ns (requirement - (data path - clock path skew + uncertainty))
  Source:               u/campaign/kernel/core/evaluator_i/lam0_0 (FF)
  Destination:          u/campaign/kernel/core/evaluator_i/selected_score_7 (FF)
  Requirement:          10.000ns
  Data Path Delay:      9.636ns (Levels of Logic = 10)
  Clock Path Skew:      -0.040ns (0.293 - 0.333)
  Source Clock:         clk_100mhz_BUFGP rising at 0.000ns
  Destination Clock:    clk_100mhz_BUFGP rising at 10.000ns
  Clock Uncertainty:    0.035ns

  Clock Uncertainty:          0.035ns  ((TSJ^2 + TIJ^2)^1/2 + DJ) / 2 + PE
    Total System Jitter (TSJ):  0.070ns
    Total Input Jitter (TIJ):   0.000ns
    Discrete Jitter (DJ):       0.000ns
    Phase Error (PE):           0.000ns

  Maximum Data Path at Slow Process Corner: u/campaign/kernel/core/evaluator_i/lam0_0 to u/campaign/kernel/core/evaluator_i/selected_score_7
    Location             Delay type         Delay(ns)  Physical Resource
                                                       Logical Resource(s)
    -------------------------------------------------  -------------------
    SLICE_X11Y16.AQ      Tcko                  0.430   u/campaign/kernel/core/evaluator_i/fid0<11>
                                                       u/campaign/kernel/core/evaluator_i/lam0_0
    SLICE_X10Y16.A2      net (fanout=32)       1.123   u/campaign/kernel/core/evaluator_i/lam0<0>
    SLICE_X10Y16.COUT    Topcya                0.482   u/campaign/kernel/core/evaluator_i/Mmux_p103_rs_cy<7>
                                                       u/campaign/kernel/core/evaluator_i/Mmux_p103_A121
                                                       u/campaign/kernel/core/evaluator_i/Mmux_p103_rs_cy<7>
    SLICE_X10Y17.CIN     net (fanout=1)        0.003   u/campaign/kernel/core/evaluator_i/Mmux_p103_rs_cy<7>
    SLICE_X10Y17.COUT    Tbyp                  0.093   u/campaign/kernel/core/evaluator_i/Mmux_p103_rs_cy<11>
                                                       u/campaign/kernel/core/evaluator_i/Mmux_p103_rs_cy<11>
    SLICE_X10Y18.CIN     net (fanout=1)        0.003   u/campaign/kernel/core/evaluator_i/Mmux_p103_rs_cy<11>
    SLICE_X10Y18.DMUX    Tcind                 0.320   u/campaign/kernel/core/evaluator_i/Mmux_p103_rs_cy<15>
                                                       u/campaign/kernel/core/evaluator_i/Mmux_p103_rs_cy<15>
    SLICE_X14Y13.D5      net (fanout=3)        1.178   u/campaign/kernel/core/evaluator_i/Mmux_p103_split<15>
    SLICE_X14Y13.COUT    Topcyd                0.312   u/campaign/kernel/core/evaluator_i/Mcompar_p12[17]_p10[17]_LessThan_34_o_cy<7>
                                                       u/campaign/kernel/core/evaluator_i/Mcompar_p12[17]_p10[17]_LessThan_34_o_lut<7>
                                                       u/campaign/kernel/core/evaluator_i/Mcompar_p12[17]_p10[17]_LessThan_34_o_cy<7>
    SLICE_X14Y14.CIN     net (fanout=1)        0.003   u/campaign/kernel/core/evaluator_i/Mcompar_p12[17]_p10[17]_LessThan_34_o_cy<7>
    SLICE_X14Y14.AMUX    Tcina                 0.230   u/campaign/kernel/core/b4_done
                                                       u/campaign/kernel/core/evaluator_i/Mcompar_p12[17]_p10[17]_LessThan_34_o_cy<8>
    SLICE_X17Y19.D4      net (fanout=18)       1.071   u/campaign/kernel/core/evaluator_i/p12[17]_p10[17]_LessThan_34_o
    SLICE_X17Y19.D       Tilo                  0.259   u/campaign/kernel/core/evaluator_i/n11<15>
                                                       u/campaign/kernel/core/evaluator_i/Mmux_score1101
    SLICE_X14Y23.A3      net (fanout=3)        1.153   u/campaign/kernel/core/evaluator_i/score1<1>
    SLICE_X14Y23.COUT    Topcya                0.474   u/campaign/kernel/core/evaluator_i/Mcompar_score0[17]_score1[17]_equal_39_o_cy<3>
                                                       u/campaign/kernel/core/evaluator_i/Mcompar_score0[17]_score1[17]_equal_39_o_lut<0>
                                                       u/campaign/kernel/core/evaluator_i/Mcompar_score0[17]_score1[17]_equal_39_o_cy<3>
    SLICE_X14Y24.CIN     net (fanout=1)        0.082   u/campaign/kernel/core/evaluator_i/Mcompar_score0[17]_score1[17]_equal_39_o_cy<3>
    SLICE_X14Y24.BMUX    Tcinb                 0.286   u/campaign/kernel/core/evaluator_i/v0
                                                       u/campaign/kernel/core/evaluator_i/Mcompar_score0[17]_score1[17]_equal_39_o_cy<5>
    SLICE_X15Y21.A6      net (fanout=1)        0.599   u/campaign/kernel/core/evaluator_i/score0[17]_score1[17]_equal_39_o
    SLICE_X15Y21.A       Tilo                  0.259   u/campaign/kernel/core/b4_selected_score<4>
                                                       u/campaign/kernel/core/evaluator_i/c0_wins
    SLICE_X15Y23.D6      net (fanout=18)       0.903   u/campaign/kernel/core/evaluator_i/c0_wins
    SLICE_X15Y23.CLK     Tas                   0.373   u/campaign/kernel/core/b4_selected_score<7>
                                                       u/campaign/kernel/core/evaluator_i/Mmux_score1[17]_GND_15_o_mux_131_OUT161
                                                       u/campaign/kernel/core/evaluator_i/selected_score_7
    -------------------------------------------------  ---------------------------
    Total                                      9.636ns (3.518ns logic, 6.118ns route)
                                                       (36.5% logic, 63.5% route)

--------------------------------------------------------------------------------
Slack:                  0.297ns (requirement - (data path - clock path skew + uncertainty))
  Source:               u/campaign/kernel/core/evaluator_i/lam0_0 (FF)
  Destination:          u/campaign/kernel/core/evaluator_i/selected_score_7 (FF)
  Requirement:          10.000ns
  Data Path Delay:      9.628ns (Levels of Logic = 10)
  Clock Path Skew:      -0.040ns (0.293 - 0.333)
  Source Clock:         clk_100mhz_BUFGP rising at 0.000ns
  Destination Clock:    clk_100mhz_BUFGP rising at 10.000ns
  Clock Uncertainty:    0.035ns

  Clock Uncertainty:          0.035ns  ((TSJ^2 + TIJ^2)^1/2 + DJ) / 2 + PE
    Total System Jitter (TSJ):  0.070ns
    Total Input Jitter (TIJ):   0.000ns
    Discrete Jitter (DJ):       0.000ns
    Phase Error (PE):           0.000ns

  Maximum Data Path at Slow Process Corner: u/campaign/kernel/core/evaluator_i/lam0_0 to u/campaign/kernel/core/evaluator_i/selected_score_7
    Location             Delay type         Delay(ns)  Physical Resource
                                                       Logical Resource(s)
    -------------------------------------------------  -------------------
    SLICE_X11Y16.AQ      Tcko                  0.430   u/campaign/kernel/core/evaluator_i/fid0<11>
                                                       u/campaign/kernel/core/evaluator_i/lam0_0
    SLICE_X10Y16.A2      net (fanout=32)       1.123   u/campaign/kernel/core/evaluator_i/lam0<0>
    SLICE_X10Y16.COUT    Topcya                0.474   u/campaign/kernel/core/evaluator_i/Mmux_p103_rs_cy<7>
                                                       u/campaign/kernel/core/evaluator_i/Mmux_p103_rs_lut<4>
                                                       u/campaign/kernel/core/evaluator_i/Mmux_p103_rs_cy<7>
    SLICE_X10Y17.CIN     net (fanout=1)        0.003   u/campaign/kernel/core/evaluator_i/Mmux_p103_rs_cy<7>
    SLICE_X10Y17.COUT    Tbyp                  0.093   u/campaign/kernel/core/evaluator_i/Mmux_p103_rs_cy<11>
                                                       u/campaign/kernel/core/evaluator_i/Mmux_p103_rs_cy<11>
    SLICE_X10Y18.CIN     net (fanout=1)        0.003   u/campaign/kernel/core/evaluator_i/Mmux_p103_rs_cy<11>
    SLICE_X10Y18.DMUX    Tcind                 0.320   u/campaign/kernel/core/evaluator_i/Mmux_p103_rs_cy<15>
                                                       u/campaign/kernel/core/evaluator_i/Mmux_p103_rs_cy<15>
    SLICE_X14Y13.D5      net (fanout=3)        1.178   u/campaign/kernel/core/evaluator_i/Mmux_p103_split<15>
    SLICE_X14Y13.COUT    Topcyd                0.312   u/campaign/kernel/core/evaluator_i/Mcompar_p12[17]_p10[17]_LessThan_34_o_cy<7>
                                                       u/campaign/kernel/core/evaluator_i/Mcompar_p12[17]_p10[17]_LessThan_34_o_lut<7>
                                                       u/campaign/kernel/core/evaluator_i/Mcompar_p12[17]_p10[17]_LessThan_34_o_cy<7>
    SLICE_X14Y14.CIN     net (fanout=1)        0.003   u/campaign/kernel/core/evaluator_i/Mcompar_p12[17]_p10[17]_LessThan_34_o_cy<7>
    SLICE_X14Y14.AMUX    Tcina                 0.230   u/campaign/kernel/core/b4_done
                                                       u/campaign/kernel/core/evaluator_i/Mcompar_p12[17]_p10[17]_LessThan_34_o_cy<8>
    SLICE_X17Y19.D4      net (fanout=18)       1.071   u/campaign/kernel/core/evaluator_i/p12[17]_p10[17]_LessThan_34_o
    SLICE_X17Y19.D       Tilo                  0.259   u/campaign/kernel/core/evaluator_i/n11<15>
                                                       u/campaign/kernel/core/evaluator_i/Mmux_score1101
    SLICE_X14Y23.A3      net (fanout=3)        1.153   u/campaign/kernel/core/evaluator_i/score1<1>
    SLICE_X14Y23.COUT    Topcya                0.474   u/campaign/kernel/core/evaluator_i/Mcompar_score0[17]_score1[17]_equal_39_o_cy<3>
                                                       u/campaign/kernel/core/evaluator_i/Mcompar_score0[17]_score1[17]_equal_39_o_lut<0>
                                                       u/campaign/kernel/core/evaluator_i/Mcompar_score0[17]_score1[17]_equal_39_o_cy<3>
    SLICE_X14Y24.CIN     net (fanout=1)        0.082   u/campaign/kernel/core/evaluator_i/Mcompar_score0[17]_score1[17]_equal_39_o_cy<3>
    SLICE_X14Y24.BMUX    Tcinb                 0.286   u/campaign/kernel/core/evaluator_i/v0
                                                       u/campaign/kernel/core/evaluator_i/Mcompar_score0[17]_score1[17]_equal_39_o_cy<5>
    SLICE_X15Y21.A6      net (fanout=1)        0.599   u/campaign/kernel/core/evaluator_i/score0[17]_score1[17]_equal_39_o
    SLICE_X15Y21.A       Tilo                  0.259   u/campaign/kernel/core/b4_selected_score<4>
                                                       u/campaign/kernel/core/evaluator_i/c0_wins
    SLICE_X15Y23.D6      net (fanout=18)       0.903   u/campaign/kernel/core/evaluator_i/c0_wins
    SLICE_X15Y23.CLK     Tas                   0.373   u/campaign/kernel/core/b4_selected_score<7>
                                                       u/campaign/kernel/core/evaluator_i/Mmux_score1[17]_GND_15_o_mux_131_OUT161
                                                       u/campaign/kernel/core/evaluator_i/selected_score_7
    -------------------------------------------------  ---------------------------
    Total                                      9.628ns (3.510ns logic, 6.118ns route)
                                                       (36.5% logic, 63.5% route)

--------------------------------------------------------------------------------
Slack:                  0.325ns (requirement - (data path - clock path skew + uncertainty))
  Source:               u/campaign/kernel/core/evaluator_i/n00_0 (FF)
  Destination:          u/campaign/kernel/core/evaluator_i/selected_score_7 (FF)
  Requirement:          10.000ns
  Data Path Delay:      9.588ns (Levels of Logic = 11)
  Clock Path Skew:      -0.052ns (0.413 - 0.465)
  Source Clock:         clk_100mhz_BUFGP rising at 0.000ns
  Destination Clock:    clk_100mhz_BUFGP rising at 10.000ns
  Clock Uncertainty:    0.035ns

  Clock Uncertainty:          0.035ns  ((TSJ^2 + TIJ^2)^1/2 + DJ) / 2 + PE
    Total System Jitter (TSJ):  0.070ns
    Total Input Jitter (TIJ):   0.000ns
    Discrete Jitter (DJ):       0.000ns
    Phase Error (PE):           0.000ns

  Maximum Data Path at Slow Process Corner: u/campaign/kernel/core/evaluator_i/n00_0 to u/campaign/kernel/core/evaluator_i/selected_score_7
    Location             Delay type         Delay(ns)  Physical Resource
                                                       Logical Resource(s)
    -------------------------------------------------  -------------------
    SLICE_X9Y15.AQ       Tcko                  0.430   u/campaign/kernel/core/evaluator_i/n00<3>
                                                       u/campaign/kernel/core/evaluator_i/n00_0
    SLICE_X8Y15.A2       net (fanout=2)        1.042   u/campaign/kernel/core/evaluator_i/n00<0>
    SLICE_X8Y15.COUT     Topcya                0.495   u/campaign/kernel/core/evaluator_i/Mmux_p003_rs_cy<3>
                                                       u/campaign/kernel/core/evaluator_i/Mmux_p003_rs_A<0>_mand111
                                                       u/campaign/kernel/core/evaluator_i/Mmux_p003_rs_cy<3>
    SLICE_X8Y16.CIN      net (fanout=1)        0.003   u/campaign/kernel/core/evaluator_i/Mmux_p003_rs_cy<3>
    SLICE_X8Y16.COUT     Tbyp                  0.091   u/campaign/kernel/core/evaluator_i/Mmux_p003_rs_cy<7>
                                                       u/campaign/kernel/core/evaluator_i/Mmux_p003_rs_cy<7>
    SLICE_X8Y17.CIN      net (fanout=1)        0.003   u/campaign/kernel/core/evaluator_i/Mmux_p003_rs_cy<7>
    SLICE_X8Y17.COUT     Tbyp                  0.091   u/campaign/kernel/core/evaluator_i/Mmux_p003_rs_cy<11>
                                                       u/campaign/kernel/core/evaluator_i/Mmux_p003_rs_cy<11>
    SLICE_X8Y18.CIN      net (fanout=1)        0.003   u/campaign/kernel/core/evaluator_i/Mmux_p003_rs_cy<11>
    SLICE_X8Y18.AMUX     Tcina                 0.210   u/campaign/kernel/core/evaluator_i/Mmux_p003_rs_cy<15>
                                                       u/campaign/kernel/core/evaluator_i/Mmux_p003_rs_cy<15>
    SLICE_X12Y13.C4      net (fanout=3)        1.111   u/campaign/kernel/core/evaluator_i/Mmux_p003_split<12>
    SLICE_X12Y13.COUT    Topcyc                0.348   u/campaign/kernel/core/evaluator_i/Mcompar_p02[17]_p00[17]_LessThan_29_o_cy<7>
                                                       u/campaign/kernel/core/evaluator_i/Mcompar_p02[17]_p00[17]_LessThan_29_o_lutdi6
                                                       u/campaign/kernel/core/evaluator_i/Mcompar_p02[17]_p00[17]_LessThan_29_o_cy<7>
    SLICE_X12Y14.CIN     net (fanout=1)        0.003   u/campaign/kernel/core/evaluator_i/Mcompar_p02[17]_p00[17]_LessThan_29_o_cy<7>
    SLICE_X12Y14.AMUX    Tcina                 0.240   u/campaign/kernel/core/evaluator_i/n12<0>
                                                       u/campaign/kernel/core/evaluator_i/Mcompar_p02[17]_p00[17]_LessThan_29_o_cy<8>
    SLICE_X13Y21.C3      net (fanout=18)       1.283   u/campaign/kernel/core/evaluator_i/p02[17]_p00[17]_LessThan_29_o
    SLICE_X13Y21.C       Tilo                  0.259   u/campaign/kernel/core/evaluator_i/quotient<14>
                                                       u/campaign/kernel/core/evaluator_i/Mmux_score019
    SLICE_X14Y23.A1      net (fanout=3)        1.000   u/campaign/kernel/core/evaluator_i/score0<0>
    SLICE_X14Y23.COUT    Topcya                0.474   u/campaign/kernel/core/evaluator_i/Mcompar_score0[17]_score1[17]_equal_39_o_cy<3>
                                                       u/campaign/kernel/core/evaluator_i/Mcompar_score0[17]_score1[17]_equal_39_o_lut<0>
                                                       u/campaign/kernel/core/evaluator_i/Mcompar_score0[17]_score1[17]_equal_39_o_cy<3>
    SLICE_X14Y24.CIN     net (fanout=1)        0.082   u/campaign/kernel/core/evaluator_i/Mcompar_score0[17]_score1[17]_equal_39_o_cy<3>
    SLICE_X14Y24.BMUX    Tcinb                 0.286   u/campaign/kernel/core/evaluator_i/v0
                                                       u/campaign/kernel/core/evaluator_i/Mcompar_score0[17]_score1[17]_equal_39_o_cy<5>
    SLICE_X15Y21.A6      net (fanout=1)        0.599   u/campaign/kernel/core/evaluator_i/score0[17]_score1[17]_equal_39_o
    SLICE_X15Y21.A       Tilo                  0.259   u/campaign/kernel/core/b4_selected_score<4>
                                                       u/campaign/kernel/core/evaluator_i/c0_wins
    SLICE_X15Y23.D6      net (fanout=18)       0.903   u/campaign/kernel/core/evaluator_i/c0_wins
    SLICE_X15Y23.CLK     Tas                   0.373   u/campaign/kernel/core/b4_selected_score<7>
                                                       u/campaign/kernel/core/evaluator_i/Mmux_score1[17]_GND_15_o_mux_131_OUT161
                                                       u/campaign/kernel/core/evaluator_i/selected_score_7
    -------------------------------------------------  ---------------------------
    Total                                      9.588ns (3.556ns logic, 6.032ns route)
                                                       (37.1% logic, 62.9% route)

--------------------------------------------------------------------------------
Slack:                  0.329ns (requirement - (data path - clock path skew + uncertainty))
  Source:               u/campaign/kernel/core/evaluator_i/lam1_0 (FF)
  Destination:          u/campaign/kernel/core/evaluator_i/selected_score_7 (FF)
  Requirement:          10.000ns
  Data Path Delay:      9.601ns (Levels of Logic = 9)
  Clock Path Skew:      -0.035ns (0.293 - 0.328)
  Source Clock:         clk_100mhz_BUFGP rising at 0.000ns
  Destination Clock:    clk_100mhz_BUFGP rising at 10.000ns
  Clock Uncertainty:    0.035ns

  Clock Uncertainty:          0.035ns  ((TSJ^2 + TIJ^2)^1/2 + DJ) / 2 + PE
    Total System Jitter (TSJ):  0.070ns
    Total Input Jitter (TIJ):   0.000ns
    Discrete Jitter (DJ):       0.000ns
    Phase Error (PE):           0.000ns

  Maximum Data Path at Slow Process Corner: u/campaign/kernel/core/evaluator_i/lam1_0 to u/campaign/kernel/core/evaluator_i/selected_score_7
    Location             Delay type         Delay(ns)  Physical Resource
                                                       Logical Resource(s)
    -------------------------------------------------  -------------------
    SLICE_X13Y16.AQ      Tcko                  0.430   u/campaign/kernel/core/evaluator_i/lam2<1>
                                                       u/campaign/kernel/core/evaluator_i/lam1_0
    SLICE_X18Y15.A5      net (fanout=32)       1.183   u/campaign/kernel/core/evaluator_i/lam1<0>
    SLICE_X18Y15.AMUX    Topaa                 0.456   u/campaign/kernel/core/evaluator_i/Mmux_p013_rs_cy<3>
                                                       u/campaign/kernel/core/evaluator_i/Mmux_p013_rs_lut<0>
                                                       u/campaign/kernel/core/evaluator_i/Mmux_p013_rs_cy<3>
    SLICE_X16Y20.A5      net (fanout=3)        1.795   u/campaign/kernel/core/evaluator_i/Mmux_p013_split<0>
    SLICE_X16Y20.COUT    Topcya                0.495   u/campaign/kernel/core/evaluator_i/Mcompar_p01[17]_p00[17]_LessThan_28_o_cy<3>
                                                       u/campaign/kernel/core/evaluator_i/Mcompar_p01[17]_p00[17]_LessThan_28_o_lutdi
                                                       u/campaign/kernel/core/evaluator_i/Mcompar_p01[17]_p00[17]_LessThan_28_o_cy<3>
    SLICE_X16Y21.CIN     net (fanout=1)        0.003   u/campaign/kernel/core/evaluator_i/Mcompar_p01[17]_p00[17]_LessThan_28_o_cy<3>
    SLICE_X16Y21.COUT    Tbyp                  0.091   u/campaign/kernel/core/evaluator_i/Mcompar_p01[17]_p00[17]_LessThan_28_o_cy<7>
                                                       u/campaign/kernel/core/evaluator_i/Mcompar_p01[17]_p00[17]_LessThan_28_o_cy<7>
    SLICE_X16Y22.CIN     net (fanout=1)        0.003   u/campaign/kernel/core/evaluator_i/Mcompar_p01[17]_p00[17]_LessThan_28_o_cy<7>
    SLICE_X16Y22.AMUX    Tcina                 0.240   u/campaign/kernel/core/evaluator_i/p01[17]_p00[17]_LessThan_28_o
                                                       u/campaign/kernel/core/evaluator_i/Mcompar_p01[17]_p00[17]_LessThan_28_o_cy<8>
    SLICE_X13Y21.C6      net (fanout=18)       0.670   u/campaign/kernel/core/evaluator_i/p01[17]_p00[17]_LessThan_28_o
    SLICE_X13Y21.C       Tilo                  0.259   u/campaign/kernel/core/evaluator_i/quotient<14>
                                                       u/campaign/kernel/core/evaluator_i/Mmux_score019
    SLICE_X14Y23.A1      net (fanout=3)        1.000   u/campaign/kernel/core/evaluator_i/score0<0>
    SLICE_X14Y23.COUT    Topcya                0.474   u/campaign/kernel/core/evaluator_i/Mcompar_score0[17]_score1[17]_equal_39_o_cy<3>
                                                       u/campaign/kernel/core/evaluator_i/Mcompar_score0[17]_score1[17]_equal_39_o_lut<0>
                                                       u/campaign/kernel/core/evaluator_i/Mcompar_score0[17]_score1[17]_equal_39_o_cy<3>
    SLICE_X14Y24.CIN     net (fanout=1)        0.082   u/campaign/kernel/core/evaluator_i/Mcompar_score0[17]_score1[17]_equal_39_o_cy<3>
    SLICE_X14Y24.BMUX    Tcinb                 0.286   u/campaign/kernel/core/evaluator_i/v0
                                                       u/campaign/kernel/core/evaluator_i/Mcompar_score0[17]_score1[17]_equal_39_o_cy<5>
    SLICE_X15Y21.A6      net (fanout=1)        0.599   u/campaign/kernel/core/evaluator_i/score0[17]_score1[17]_equal_39_o
    SLICE_X15Y21.A       Tilo                  0.259   u/campaign/kernel/core/b4_selected_score<4>
                                                       u/campaign/kernel/core/evaluator_i/c0_wins
    SLICE_X15Y23.D6      net (fanout=18)       0.903   u/campaign/kernel/core/evaluator_i/c0_wins
    SLICE_X15Y23.CLK     Tas                   0.373   u/campaign/kernel/core/b4_selected_score<7>
                                                       u/campaign/kernel/core/evaluator_i/Mmux_score1[17]_GND_15_o_mux_131_OUT161
                                                       u/campaign/kernel/core/evaluator_i/selected_score_7
    -------------------------------------------------  ---------------------------
    Total                                      9.601ns (3.363ns logic, 6.238ns route)
                                                       (35.0% logic, 65.0% route)

--------------------------------------------------------------------------------
Slack:                  0.343ns (requirement - (data path - clock path skew + uncertainty))
  Source:               u/campaign/kernel/core/evaluator_i/lam0_0 (FF)
  Destination:          u/campaign/kernel/core/evaluator_i/selected_score_7 (FF)
  Requirement:          10.000ns
  Data Path Delay:      9.582ns (Levels of Logic = 10)
  Clock Path Skew:      -0.040ns (0.293 - 0.333)
  Source Clock:         clk_100mhz_BUFGP rising at 0.000ns
  Destination Clock:    clk_100mhz_BUFGP rising at 10.000ns
  Clock Uncertainty:    0.035ns

  Clock Uncertainty:          0.035ns  ((TSJ^2 + TIJ^2)^1/2 + DJ) / 2 + PE
    Total System Jitter (TSJ):  0.070ns
    Total Input Jitter (TIJ):   0.000ns
    Discrete Jitter (DJ):       0.000ns
    Phase Error (PE):           0.000ns

  Maximum Data Path at Slow Process Corner: u/campaign/kernel/core/evaluator_i/lam0_0 to u/campaign/kernel/core/evaluator_i/selected_score_7
    Location             Delay type         Delay(ns)  Physical Resource
                                                       Logical Resource(s)
    -------------------------------------------------  -------------------
    SLICE_X11Y16.AQ      Tcko                  0.430   u/campaign/kernel/core/evaluator_i/fid0<11>
                                                       u/campaign/kernel/core/evaluator_i/lam0_0
    SLICE_X10Y16.A2      net (fanout=32)       1.123   u/campaign/kernel/core/evaluator_i/lam0<0>
    SLICE_X10Y16.COUT    Topcya                0.482   u/campaign/kernel/core/evaluator_i/Mmux_p103_rs_cy<7>
                                                       u/campaign/kernel/core/evaluator_i/Mmux_p103_A121
                                                       u/campaign/kernel/core/evaluator_i/Mmux_p103_rs_cy<7>
    SLICE_X10Y17.CIN     net (fanout=1)        0.003   u/campaign/kernel/core/evaluator_i/Mmux_p103_rs_cy<7>
    SLICE_X10Y17.COUT    Tbyp                  0.093   u/campaign/kernel/core/evaluator_i/Mmux_p103_rs_cy<11>
                                                       u/campaign/kernel/core/evaluator_i/Mmux_p103_rs_cy<11>
    SLICE_X10Y18.CIN     net (fanout=1)        0.003   u/campaign/kernel/core/evaluator_i/Mmux_p103_rs_cy<11>
    SLICE_X10Y18.COUT    Tbyp                  0.093   u/campaign/kernel/core/evaluator_i/Mmux_p103_rs_cy<15>
                                                       u/campaign/kernel/core/evaluator_i/Mmux_p103_rs_cy<15>
    SLICE_X10Y19.CIN     net (fanout=1)        0.003   u/campaign/kernel/core/evaluator_i/Mmux_p103_rs_cy<15>
    SLICE_X10Y19.AMUX    Tcina                 0.220   u/campaign/kernel/core/evaluator_i/fid1<8>
                                                       u/campaign/kernel/core/evaluator_i/Mmux_p103_rs_cy<16>
    SLICE_X14Y14.A4      net (fanout=3)        1.202   u/campaign/kernel/core/evaluator_i/Mmux_p103_split<16>
    SLICE_X14Y14.AMUX    Topaa                 0.471   u/campaign/kernel/core/b4_done
                                                       u/campaign/kernel/core/evaluator_i/Mcompar_p12[17]_p10[17]_LessThan_34_o_lut<8>
                                                       u/campaign/kernel/core/evaluator_i/Mcompar_p12[17]_p10[17]_LessThan_34_o_cy<8>
    SLICE_X17Y19.D4      net (fanout=18)       1.071   u/campaign/kernel/core/evaluator_i/p12[17]_p10[17]_LessThan_34_o
    SLICE_X17Y19.D       Tilo                  0.259   u/campaign/kernel/core/evaluator_i/n11<15>
                                                       u/campaign/kernel/core/evaluator_i/Mmux_score1101
    SLICE_X14Y23.A3      net (fanout=3)        1.153   u/campaign/kernel/core/evaluator_i/score1<1>
    SLICE_X14Y23.COUT    Topcya                0.474   u/campaign/kernel/core/evaluator_i/Mcompar_score0[17]_score1[17]_equal_39_o_cy<3>
                                                       u/campaign/kernel/core/evaluator_i/Mcompar_score0[17]_score1[17]_equal_39_o_lut<0>
                                                       u/campaign/kernel/core/evaluator_i/Mcompar_score0[17]_score1[17]_equal_39_o_cy<3>
    SLICE_X14Y24.CIN     net (fanout=1)        0.082   u/campaign/kernel/core/evaluator_i/Mcompar_score0[17]_score1[17]_equal_39_o_cy<3>
    SLICE_X14Y24.BMUX    Tcinb                 0.286   u/campaign/kernel/core/evaluator_i/v0
                                                       u/campaign/kernel/core/evaluator_i/Mcompar_score0[17]_score1[17]_equal_39_o_cy<5>
    SLICE_X15Y21.A6      net (fanout=1)        0.599   u/campaign/kernel/core/evaluator_i/score0[17]_score1[17]_equal_39_o
    SLICE_X15Y21.A       Tilo                  0.259   u/campaign/kernel/core/b4_selected_score<4>
                                                       u/campaign/kernel/core/evaluator_i/c0_wins
    SLICE_X15Y23.D6      net (fanout=18)       0.903   u/campaign/kernel/core/evaluator_i/c0_wins
    SLICE_X15Y23.CLK     Tas                   0.373   u/campaign/kernel/core/b4_selected_score<7>
                                                       u/campaign/kernel/core/evaluator_i/Mmux_score1[17]_GND_15_o_mux_131_OUT161
                                                       u/campaign/kernel/core/evaluator_i/selected_score_7
    -------------------------------------------------  ---------------------------
    Total                                      9.582ns (3.440ns logic, 6.142ns route)
                                                       (35.9% logic, 64.1% route)

--------------------------------------------------------------------------------
Slack:                  0.345ns (requirement - (data path - clock path skew + uncertainty))
  Source:               u/campaign/kernel/core/evaluator_i/lam0_0 (FF)
  Destination:          u/campaign/kernel/core/evaluator_i/selected_score_7 (FF)
  Requirement:          10.000ns
  Data Path Delay:      9.580ns (Levels of Logic = 10)
  Clock Path Skew:      -0.040ns (0.293 - 0.333)
  Source Clock:         clk_100mhz_BUFGP rising at 0.000ns
  Destination Clock:    clk_100mhz_BUFGP rising at 10.000ns
  Clock Uncertainty:    0.035ns

  Clock Uncertainty:          0.035ns  ((TSJ^2 + TIJ^2)^1/2 + DJ) / 2 + PE
    Total System Jitter (TSJ):  0.070ns
    Total Input Jitter (TIJ):   0.000ns
    Discrete Jitter (DJ):       0.000ns
    Phase Error (PE):           0.000ns

  Maximum Data Path at Slow Process Corner: u/campaign/kernel/core/evaluator_i/lam0_0 to u/campaign/kernel/core/evaluator_i/selected_score_7
    Location             Delay type         Delay(ns)  Physical Resource
                                                       Logical Resource(s)
    -------------------------------------------------  -------------------
    SLICE_X11Y16.AQ      Tcko                  0.430   u/campaign/kernel/core/evaluator_i/fid0<11>
                                                       u/campaign/kernel/core/evaluator_i/lam0_0
    SLICE_X10Y16.A2      net (fanout=32)       1.123   u/campaign/kernel/core/evaluator_i/lam0<0>
    SLICE_X10Y16.COUT    Topcya                0.482   u/campaign/kernel/core/evaluator_i/Mmux_p103_rs_cy<7>
                                                       u/campaign/kernel/core/evaluator_i/Mmux_p103_A121
                                                       u/campaign/kernel/core/evaluator_i/Mmux_p103_rs_cy<7>
    SLICE_X10Y17.CIN     net (fanout=1)        0.003   u/campaign/kernel/core/evaluator_i/Mmux_p103_rs_cy<7>
    SLICE_X10Y17.COUT    Tbyp                  0.093   u/campaign/kernel/core/evaluator_i/Mmux_p103_rs_cy<11>
                                                       u/campaign/kernel/core/evaluator_i/Mmux_p103_rs_cy<11>
    SLICE_X10Y18.CIN     net (fanout=1)        0.003   u/campaign/kernel/core/evaluator_i/Mmux_p103_rs_cy<11>
    SLICE_X10Y18.COUT    Tbyp                  0.093   u/campaign/kernel/core/evaluator_i/Mmux_p103_rs_cy<15>
                                                       u/campaign/kernel/core/evaluator_i/Mmux_p103_rs_cy<15>
    SLICE_X10Y19.CIN     net (fanout=1)        0.003   u/campaign/kernel/core/evaluator_i/Mmux_p103_rs_cy<15>
    SLICE_X10Y19.AMUX    Tcina                 0.220   u/campaign/kernel/core/evaluator_i/fid1<8>
                                                       u/campaign/kernel/core/evaluator_i/Mmux_p103_rs_cy<16>
    SLICE_X14Y14.A4      net (fanout=3)        1.202   u/campaign/kernel/core/evaluator_i/Mmux_p103_split<16>
    SLICE_X14Y14.AMUX    Topaa                 0.469   u/campaign/kernel/core/b4_done
                                                       u/campaign/kernel/core/evaluator_i/Mcompar_p12[17]_p10[17]_LessThan_34_o_lutdi8
                                                       u/campaign/kernel/core/evaluator_i/Mcompar_p12[17]_p10[17]_LessThan_34_o_cy<8>
    SLICE_X17Y19.D4      net (fanout=18)       1.071   u/campaign/kernel/core/evaluator_i/p12[17]_p10[17]_LessThan_34_o
    SLICE_X17Y19.D       Tilo                  0.259   u/campaign/kernel/core/evaluator_i/n11<15>
                                                       u/campaign/kernel/core/evaluator_i/Mmux_score1101
    SLICE_X14Y23.A3      net (fanout=3)        1.153   u/campaign/kernel/core/evaluator_i/score1<1>
    SLICE_X14Y23.COUT    Topcya                0.474   u/campaign/kernel/core/evaluator_i/Mcompar_score0[17]_score1[17]_equal_39_o_cy<3>
                                                       u/campaign/kernel/core/evaluator_i/Mcompar_score0[17]_score1[17]_equal_39_o_lut<0>
                                                       u/campaign/kernel/core/evaluator_i/Mcompar_score0[17]_score1[17]_equal_39_o_cy<3>
    SLICE_X14Y24.CIN     net (fanout=1)        0.082   u/campaign/kernel/core/evaluator_i/Mcompar_score0[17]_score1[17]_equal_39_o_cy<3>
    SLICE_X14Y24.BMUX    Tcinb                 0.286   u/campaign/kernel/core/evaluator_i/v0
                                                       u/campaign/kernel/core/evaluator_i/Mcompar_score0[17]_score1[17]_equal_39_o_cy<5>
    SLICE_X15Y21.A6      net (fanout=1)        0.599   u/campaign/kernel/core/evaluator_i/score0[17]_score1[17]_equal_39_o
    SLICE_X15Y21.A       Tilo                  0.259   u/campaign/kernel/core/b4_selected_score<4>
                                                       u/campaign/kernel/core/evaluator_i/c0_wins
    SLICE_X15Y23.D6      net (fanout=18)       0.903   u/campaign/kernel/core/evaluator_i/c0_wins
    SLICE_X15Y23.CLK     Tas                   0.373   u/campaign/kernel/core/b4_selected_score<7>
                                                       u/campaign/kernel/core/evaluator_i/Mmux_score1[17]_GND_15_o_mux_131_OUT161
                                                       u/campaign/kernel/core/evaluator_i/selected_score_7
    -------------------------------------------------  ---------------------------
    Total                                      9.580ns (3.438ns logic, 6.142ns route)
                                                       (35.9% logic, 64.1% route)

--------------------------------------------------------------------------------
Slack:                  0.348ns (requirement - (data path - clock path skew + uncertainty))
  Source:               u/campaign/kernel/core/evaluator_i/n00_0 (FF)
  Destination:          u/campaign/kernel/core/evaluator_i/selected_score_7 (FF)
  Requirement:          10.000ns
  Data Path Delay:      9.565ns (Levels of Logic = 11)
  Clock Path Skew:      -0.052ns (0.413 - 0.465)
  Source Clock:         clk_100mhz_BUFGP rising at 0.000ns
  Destination Clock:    clk_100mhz_BUFGP rising at 10.000ns
  Clock Uncertainty:    0.035ns

  Clock Uncertainty:          0.035ns  ((TSJ^2 + TIJ^2)^1/2 + DJ) / 2 + PE
    Total System Jitter (TSJ):  0.070ns
    Total Input Jitter (TIJ):   0.000ns
    Discrete Jitter (DJ):       0.000ns
    Phase Error (PE):           0.000ns

  Maximum Data Path at Slow Process Corner: u/campaign/kernel/core/evaluator_i/n00_0 to u/campaign/kernel/core/evaluator_i/selected_score_7
    Location             Delay type         Delay(ns)  Physical Resource
                                                       Logical Resource(s)
    -------------------------------------------------  -------------------
    SLICE_X9Y15.AQ       Tcko                  0.430   u/campaign/kernel/core/evaluator_i/n00<3>
                                                       u/campaign/kernel/core/evaluator_i/n00_0
    SLICE_X8Y15.A2       net (fanout=2)        1.042   u/campaign/kernel/core/evaluator_i/n00<0>
    SLICE_X8Y15.COUT     Topcya                0.495   u/campaign/kernel/core/evaluator_i/Mmux_p003_rs_cy<3>
                                                       u/campaign/kernel/core/evaluator_i/Mmux_p003_rs_A<0>_mand111
                                                       u/campaign/kernel/core/evaluator_i/Mmux_p003_rs_cy<3>
    SLICE_X8Y16.CIN      net (fanout=1)        0.003   u/campaign/kernel/core/evaluator_i/Mmux_p003_rs_cy<3>
    SLICE_X8Y16.COUT     Tbyp                  0.091   u/campaign/kernel/core/evaluator_i/Mmux_p003_rs_cy<7>
                                                       u/campaign/kernel/core/evaluator_i/Mmux_p003_rs_cy<7>
    SLICE_X8Y17.CIN      net (fanout=1)        0.003   u/campaign/kernel/core/evaluator_i/Mmux_p003_rs_cy<7>
    SLICE_X8Y17.COUT     Tbyp                  0.091   u/campaign/kernel/core/evaluator_i/Mmux_p003_rs_cy<11>
                                                       u/campaign/kernel/core/evaluator_i/Mmux_p003_rs_cy<11>
    SLICE_X8Y18.CIN      net (fanout=1)        0.003   u/campaign/kernel/core/evaluator_i/Mmux_p003_rs_cy<11>
    SLICE_X8Y18.AMUX     Tcina                 0.210   u/campaign/kernel/core/evaluator_i/Mmux_p003_rs_cy<15>
                                                       u/campaign/kernel/core/evaluator_i/Mmux_p003_rs_cy<15>
    SLICE_X12Y13.C4      net (fanout=3)        1.111   u/campaign/kernel/core/evaluator_i/Mmux_p003_split<12>
    SLICE_X12Y13.COUT    Topcyc                0.325   u/campaign/kernel/core/evaluator_i/Mcompar_p02[17]_p00[17]_LessThan_29_o_cy<7>
                                                       u/campaign/kernel/core/evaluator_i/Mcompar_p02[17]_p00[17]_LessThan_29_o_lut<6>
                                                       u/campaign/kernel/core/evaluator_i/Mcompar_p02[17]_p00[17]_LessThan_29_o_cy<7>
    SLICE_X12Y14.CIN     net (fanout=1)        0.003   u/campaign/kernel/core/evaluator_i/Mcompar_p02[17]_p00[17]_LessThan_29_o_cy<7>
    SLICE_X12Y14.AMUX    Tcina                 0.240   u/campaign/kernel/core/evaluator_i/n12<0>
                                                       u/campaign/kernel/core/evaluator_i/Mcompar_p02[17]_p00[17]_LessThan_29_o_cy<8>
    SLICE_X13Y21.C3      net (fanout=18)       1.283   u/campaign/kernel/core/evaluator_i/p02[17]_p00[17]_LessThan_29_o
    SLICE_X13Y21.C       Tilo                  0.259   u/campaign/kernel/core/evaluator_i/quotient<14>
                                                       u/campaign/kernel/core/evaluator_i/Mmux_score019
    SLICE_X14Y23.A1      net (fanout=3)        1.000   u/campaign/kernel/core/evaluator_i/score0<0>
    SLICE_X14Y23.COUT    Topcya                0.474   u/campaign/kernel/core/evaluator_i/Mcompar_score0[17]_score1[17]_equal_39_o_cy<3>
                                                       u/campaign/kernel/core/evaluator_i/Mcompar_score0[17]_score1[17]_equal_39_o_lut<0>
                                                       u/campaign/kernel/core/evaluator_i/Mcompar_score0[17]_score1[17]_equal_39_o_cy<3>
    SLICE_X14Y24.CIN     net (fanout=1)        0.082   u/campaign/kernel/core/evaluator_i/Mcompar_score0[17]_score1[17]_equal_39_o_cy<3>
    SLICE_X14Y24.BMUX    Tcinb                 0.286   u/campaign/kernel/core/evaluator_i/v0
                                                       u/campaign/kernel/core/evaluator_i/Mcompar_score0[17]_score1[17]_equal_39_o_cy<5>
    SLICE_X15Y21.A6      net (fanout=1)        0.599   u/campaign/kernel/core/evaluator_i/score0[17]_score1[17]_equal_39_o
    SLICE_X15Y21.A       Tilo                  0.259   u/campaign/kernel/core/b4_selected_score<4>
                                                       u/campaign/kernel/core/evaluator_i/c0_wins
    SLICE_X15Y23.D6      net (fanout=18)       0.903   u/campaign/kernel/core/evaluator_i/c0_wins
    SLICE_X15Y23.CLK     Tas                   0.373   u/campaign/kernel/core/b4_selected_score<7>
                                                       u/campaign/kernel/core/evaluator_i/Mmux_score1[17]_GND_15_o_mux_131_OUT161
                                                       u/campaign/kernel/core/evaluator_i/selected_score_7
    -------------------------------------------------  ---------------------------
    Total                                      9.565ns (3.533ns logic, 6.032ns route)
                                                       (36.9% logic, 63.1% route)

--------------------------------------------------------------------------------
Slack:                  0.348ns (requirement - (data path - clock path skew + uncertainty))
  Source:               u/campaign/kernel/core/evaluator_i/n00_0 (FF)
  Destination:          u/campaign/kernel/core/evaluator_i/selected_score_7 (FF)
  Requirement:          10.000ns
  Data Path Delay:      9.565ns (Levels of Logic = 11)
  Clock Path Skew:      -0.052ns (0.413 - 0.465)
  Source Clock:         clk_100mhz_BUFGP rising at 0.000ns
  Destination Clock:    clk_100mhz_BUFGP rising at 10.000ns
  Clock Uncertainty:    0.035ns

  Clock Uncertainty:          0.035ns  ((TSJ^2 + TIJ^2)^1/2 + DJ) / 2 + PE
    Total System Jitter (TSJ):  0.070ns
    Total Input Jitter (TIJ):   0.000ns
    Discrete Jitter (DJ):       0.000ns
    Phase Error (PE):           0.000ns

  Maximum Data Path at Slow Process Corner: u/campaign/kernel/core/evaluator_i/n00_0 to u/campaign/kernel/core/evaluator_i/selected_score_7
    Location             Delay type         Delay(ns)  Physical Resource
                                                       Logical Resource(s)
    -------------------------------------------------  -------------------
    SLICE_X9Y15.AQ       Tcko                  0.430   u/campaign/kernel/core/evaluator_i/n00<3>
                                                       u/campaign/kernel/core/evaluator_i/n00_0
    SLICE_X8Y15.A2       net (fanout=2)        1.042   u/campaign/kernel/core/evaluator_i/n00<0>
    SLICE_X8Y15.COUT     Topcya                0.472   u/campaign/kernel/core/evaluator_i/Mmux_p003_rs_cy<3>
                                                       u/campaign/kernel/core/evaluator_i/Mmux_p003_rs_lut<0>
                                                       u/campaign/kernel/core/evaluator_i/Mmux_p003_rs_cy<3>
    SLICE_X8Y16.CIN      net (fanout=1)        0.003   u/campaign/kernel/core/evaluator_i/Mmux_p003_rs_cy<3>
    SLICE_X8Y16.COUT     Tbyp                  0.091   u/campaign/kernel/core/evaluator_i/Mmux_p003_rs_cy<7>
                                                       u/campaign/kernel/core/evaluator_i/Mmux_p003_rs_cy<7>
    SLICE_X8Y17.CIN      net (fanout=1)        0.003   u/campaign/kernel/core/evaluator_i/Mmux_p003_rs_cy<7>
    SLICE_X8Y17.COUT     Tbyp                  0.091   u/campaign/kernel/core/evaluator_i/Mmux_p003_rs_cy<11>
                                                       u/campaign/kernel/core/evaluator_i/Mmux_p003_rs_cy<11>
    SLICE_X8Y18.CIN      net (fanout=1)        0.003   u/campaign/kernel/core/evaluator_i/Mmux_p003_rs_cy<11>
    SLICE_X8Y18.AMUX     Tcina                 0.210   u/campaign/kernel/core/evaluator_i/Mmux_p003_rs_cy<15>
                                                       u/campaign/kernel/core/evaluator_i/Mmux_p003_rs_cy<15>
    SLICE_X12Y13.C4      net (fanout=3)        1.111   u/campaign/kernel/core/evaluator_i/Mmux_p003_split<12>
    SLICE_X12Y13.COUT    Topcyc                0.348   u/campaign/kernel/core/evaluator_i/Mcompar_p02[17]_p00[17]_LessThan_29_o_cy<7>
                                                       u/campaign/kernel/core/evaluator_i/Mcompar_p02[17]_p00[17]_LessThan_29_o_lutdi6
                                                       u/campaign/kernel/core/evaluator_i/Mcompar_p02[17]_p00[17]_LessThan_29_o_cy<7>
    SLICE_X12Y14.CIN     net (fanout=1)        0.003   u/campaign/kernel/core/evaluator_i/Mcompar_p02[17]_p00[17]_LessThan_29_o_cy<7>
    SLICE_X12Y14.AMUX    Tcina                 0.240   u/campaign/kernel/core/evaluator_i/n12<0>
                                                       u/campaign/kernel/core/evaluator_i/Mcompar_p02[17]_p00[17]_LessThan_29_o_cy<8>
    SLICE_X13Y21.C3      net (fanout=18)       1.283   u/campaign/kernel/core/evaluator_i/p02[17]_p00[17]_LessThan_29_o
    SLICE_X13Y21.C       Tilo                  0.259   u/campaign/kernel/core/evaluator_i/quotient<14>
                                                       u/campaign/kernel/core/evaluator_i/Mmux_score019
    SLICE_X14Y23.A1      net (fanout=3)        1.000   u/campaign/kernel/core/evaluator_i/score0<0>
    SLICE_X14Y23.COUT    Topcya                0.474   u/campaign/kernel/core/evaluator_i/Mcompar_score0[17]_score1[17]_equal_39_o_cy<3>
                                                       u/campaign/kernel/core/evaluator_i/Mcompar_score0[17]_score1[17]_equal_39_o_lut<0>
                                                       u/campaign/kernel/core/evaluator_i/Mcompar_score0[17]_score1[17]_equal_39_o_cy<3>
    SLICE_X14Y24.CIN     net (fanout=1)        0.082   u/campaign/kernel/core/evaluator_i/Mcompar_score0[17]_score1[17]_equal_39_o_cy<3>
    SLICE_X14Y24.BMUX    Tcinb                 0.286   u/campaign/kernel/core/evaluator_i/v0
                                                       u/campaign/kernel/core/evaluator_i/Mcompar_score0[17]_score1[17]_equal_39_o_cy<5>
    SLICE_X15Y21.A6      net (fanout=1)        0.599   u/campaign/kernel/core/evaluator_i/score0[17]_score1[17]_equal_39_o
    SLICE_X15Y21.A       Tilo                  0.259   u/campaign/kernel/core/b4_selected_score<4>
                                                       u/campaign/kernel/core/evaluator_i/c0_wins
    SLICE_X15Y23.D6      net (fanout=18)       0.903   u/campaign/kernel/core/evaluator_i/c0_wins
    SLICE_X15Y23.CLK     Tas                   0.373   u/campaign/kernel/core/b4_selected_score<7>
                                                       u/campaign/kernel/core/evaluator_i/Mmux_score1[17]_GND_15_o_mux_131_OUT161
                                                       u/campaign/kernel/core/evaluator_i/selected_score_7
    -------------------------------------------------  ---------------------------
    Total                                      9.565ns (3.533ns logic, 6.032ns route)
                                                       (36.9% logic, 63.1% route)

--------------------------------------------------------------------------------

Paths for end point u/campaign/error_count_4 (SLICE_X33Y19.B6), 8930 paths
--------------------------------------------------------------------------------
Slack:                  0.260ns (requirement - (data path - clock path skew + uncertainty))
  Source:               u/campaign/replay_index_2 (FF)
  Destination:          u/campaign/error_count_4 (FF)
  Requirement:          10.000ns
  Data Path Delay:      9.707ns (Levels of Logic = 9)
  Clock Path Skew:      0.002ns (0.340 - 0.338)
  Source Clock:         clk_100mhz_BUFGP rising at 0.000ns
  Destination Clock:    clk_100mhz_BUFGP rising at 10.000ns
  Clock Uncertainty:    0.035ns

  Clock Uncertainty:          0.035ns  ((TSJ^2 + TIJ^2)^1/2 + DJ) / 2 + PE
    Total System Jitter (TSJ):  0.070ns
    Total Input Jitter (TIJ):   0.000ns
    Discrete Jitter (DJ):       0.000ns
    Phase Error (PE):           0.000ns

  Maximum Data Path at Slow Process Corner: u/campaign/replay_index_2 to u/campaign/error_count_4
    Location             Delay type         Delay(ns)  Physical Resource
                                                       Logical Resource(s)
    -------------------------------------------------  -------------------
    SLICE_X27Y16.BMUX    Tshcko                0.518   u/campaign/replay_index<6>
                                                       u/campaign/replay_index_2
    SLICE_X25Y16.B6      net (fanout=391)      1.225   u/campaign/replay_index<2>
    SLICE_X25Y16.B       Tilo                  0.259   u/campaign/expected_cycles<4>
                                                       u/campaign/expected/policy_mode[2]_GND_7_o_equal_275_o<6>11
    SLICE_X25Y16.A5      net (fanout=4)        0.245   u/campaign/expected/policy_mode[2]_GND_7_o_equal_275_o<6>1
    SLICE_X25Y16.A       Tilo                  0.259   u/campaign/expected_cycles<4>
                                                       u/campaign/expected/policy_mode[2]_GND_7_o_equal_331_o<6>1
    SLICE_X21Y18.C1      net (fanout=11)       2.001   u/campaign/expected/policy_mode[2]_GND_7_o_equal_331_o
    SLICE_X21Y18.C       Tilo                  0.259   u/campaign/expected/policy_mode[2]_GND_7_o_equal_276_o
                                                       u/campaign/expected/bottleneck_fidelity<10>1
    SLICE_X21Y18.B4      net (fanout=1)        0.352   u/campaign/expected/bottleneck_fidelity<10>1
    SLICE_X21Y18.B       Tilo                  0.259   u/campaign/expected/policy_mode[2]_GND_7_o_equal_276_o
                                                       u/campaign/expected/bottleneck_fidelity<10>2
    SLICE_X21Y18.A5      net (fanout=1)        0.230   u/campaign/expected/bottleneck_fidelity<10>2
    SLICE_X21Y18.A       Tilo                  0.259   u/campaign/expected/policy_mode[2]_GND_7_o_equal_276_o
                                                       u/campaign/expected/bottleneck_fidelity<10>6
    SLICE_X28Y19.C5      net (fanout=1)        0.934   u/campaign/expected_fidelity<6>
    SLICE_X28Y19.COUT    Topcyc                0.325   u/campaign/Mcompar_norm_fidelity[15]_expected_fidelity[15]_equal_22_o_cy<3>
                                                       u/campaign/Mcompar_norm_fidelity[15]_expected_fidelity[15]_equal_22_o_lut<2>
                                                       u/campaign/Mcompar_norm_fidelity[15]_expected_fidelity[15]_equal_22_o_cy<3>
    SLICE_X28Y20.CIN     net (fanout=1)        0.003   u/campaign/Mcompar_norm_fidelity[15]_expected_fidelity[15]_equal_22_o_cy<3>
    SLICE_X28Y20.BMUX    Tcinb                 0.239   u/campaign/norm_state[7]_expected_state[7]_equal_18_o8
                                                       u/campaign/Mcompar_norm_fidelity[15]_expected_fidelity[15]_equal_22_o_cy<5>
    SLICE_X31Y19.B4      net (fanout=9)        1.077   u/campaign/norm_fidelity[15]_expected_fidelity[15]_equal_22_o
    SLICE_X31Y19.B       Tilo                  0.259   u/error_count<2>
                                                       u/campaign/_n0323_inv3_rstpot
    SLICE_X33Y19.B6      net (fanout=16)       0.631   u/campaign/_n0323_inv3_rstpot
    SLICE_X33Y19.CLK     Tas                   0.373   u/error_count<5>
                                                       u/campaign/error_count_4_dpot
                                                       u/campaign/error_count_4
    -------------------------------------------------  ---------------------------
    Total                                      9.707ns (3.009ns logic, 6.698ns route)
                                                       (31.0% logic, 69.0% route)

--------------------------------------------------------------------------------
Slack:                  0.278ns (requirement - (data path - clock path skew + uncertainty))
  Source:               u/campaign/replay_index_1 (FF)
  Destination:          u/campaign/error_count_4 (FF)
  Requirement:          10.000ns
  Data Path Delay:      9.689ns (Levels of Logic = 8)
  Clock Path Skew:      0.002ns (0.340 - 0.338)
  Source Clock:         clk_100mhz_BUFGP rising at 0.000ns
  Destination Clock:    clk_100mhz_BUFGP rising at 10.000ns
  Clock Uncertainty:    0.035ns

  Clock Uncertainty:          0.035ns  ((TSJ^2 + TIJ^2)^1/2 + DJ) / 2 + PE
    Total System Jitter (TSJ):  0.070ns
    Total Input Jitter (TIJ):   0.000ns
    Discrete Jitter (DJ):       0.000ns
    Phase Error (PE):           0.000ns

  Maximum Data Path at Slow Process Corner: u/campaign/replay_index_1 to u/campaign/error_count_4
    Location             Delay type         Delay(ns)  Physical Resource
                                                       Logical Resource(s)
    -------------------------------------------------  -------------------
    SLICE_X27Y16.BQ      Tcko                  0.430   u/campaign/replay_index<6>
                                                       u/campaign/replay_index_1
    SLICE_X21Y21.B5      net (fanout=388)      2.281   u/campaign/replay_index<1>
    SLICE_X21Y21.B       Tilo                  0.259   u/campaign/expected/state_id<2>5
                                                       u/campaign/expected/_n2713_SW0
    SLICE_X21Y21.A5      net (fanout=1)        0.230   u/campaign/expected/N14
    SLICE_X21Y21.A       Tilo                  0.259   u/campaign/expected/state_id<2>5
                                                       u/campaign/expected/_n2713
    SLICE_X19Y17.D5      net (fanout=4)        1.109   u/campaign/expected/_n2713
    SLICE_X19Y17.D       Tilo                  0.259   u/campaign/expected/bottleneck_fidelity<11>1
                                                       u/campaign/expected/bottleneck_fidelity<11>1
    SLICE_X21Y20.A4      net (fanout=1)        0.953   u/campaign/expected/bottleneck_fidelity<11>1
    SLICE_X21Y20.A       Tilo                  0.259   u/campaign/expected/policy_mode[2]_GND_7_o_equal_289_o
                                                       u/campaign/expected/bottleneck_fidelity<11>7
    SLICE_X28Y19.B6      net (fanout=1)        0.620   u/campaign/expected_fidelity<5>
    SLICE_X28Y19.COUT    Topcyb                0.448   u/campaign/Mcompar_norm_fidelity[15]_expected_fidelity[15]_equal_22_o_cy<3>
                                                       u/campaign/Mcompar_norm_fidelity[15]_expected_fidelity[15]_equal_22_o_lut<1>
                                                       u/campaign/Mcompar_norm_fidelity[15]_expected_fidelity[15]_equal_22_o_cy<3>
    SLICE_X28Y20.CIN     net (fanout=1)        0.003   u/campaign/Mcompar_norm_fidelity[15]_expected_fidelity[15]_equal_22_o_cy<3>
    SLICE_X28Y20.BMUX    Tcinb                 0.239   u/campaign/norm_state[7]_expected_state[7]_equal_18_o8
                                                       u/campaign/Mcompar_norm_fidelity[15]_expected_fidelity[15]_equal_22_o_cy<5>
    SLICE_X31Y19.B4      net (fanout=9)        1.077   u/campaign/norm_fidelity[15]_expected_fidelity[15]_equal_22_o
    SLICE_X31Y19.B       Tilo                  0.259   u/error_count<2>
                                                       u/campaign/_n0323_inv3_rstpot
    SLICE_X33Y19.B6      net (fanout=16)       0.631   u/campaign/_n0323_inv3_rstpot
    SLICE_X33Y19.CLK     Tas                   0.373   u/error_count<5>
                                                       u/campaign/error_count_4_dpot
                                                       u/campaign/error_count_4
    -------------------------------------------------  ---------------------------
    Total                                      9.689ns (2.785ns logic, 6.904ns route)
                                                       (28.7% logic, 71.3% route)

--------------------------------------------------------------------------------
Slack:                  0.286ns (requirement - (data path - clock path skew + uncertainty))
  Source:               u/campaign/replay_index_2 (FF)
  Destination:          u/campaign/error_count_4 (FF)
  Requirement:          10.000ns
  Data Path Delay:      9.681ns (Levels of Logic = 9)
  Clock Path Skew:      0.002ns (0.340 - 0.338)
  Source Clock:         clk_100mhz_BUFGP rising at 0.000ns
  Destination Clock:    clk_100mhz_BUFGP rising at 10.000ns
  Clock Uncertainty:    0.035ns

  Clock Uncertainty:          0.035ns  ((TSJ^2 + TIJ^2)^1/2 + DJ) / 2 + PE
    Total System Jitter (TSJ):  0.070ns
    Total Input Jitter (TIJ):   0.000ns
    Discrete Jitter (DJ):       0.000ns
    Phase Error (PE):           0.000ns

  Maximum Data Path at Slow Process Corner: u/campaign/replay_index_2 to u/campaign/error_count_4
    Location             Delay type         Delay(ns)  Physical Resource
                                                       Logical Resource(s)
    -------------------------------------------------  -------------------
    SLICE_X27Y16.BMUX    Tshcko                0.518   u/campaign/replay_index<6>
                                                       u/campaign/replay_index_2
    SLICE_X23Y16.B3      net (fanout=391)      0.809   u/campaign/replay_index<2>
    SLICE_X23Y16.B       Tilo                  0.259   u/campaign/expected/policy_mode[2]_GND_7_o_equal_307_o
                                                       u/campaign/expected/policy_mode[2]_GND_7_o_equal_289_o<6>11
    SLICE_X25Y21.B3      net (fanout=18)       1.103   u/campaign/expected/policy_mode[2]_GND_7_o_equal_289_o<6>1
    SLICE_X25Y21.B       Tilo                  0.259   u/campaign/expected/policy_mode[2]_GND_7_o_equal_281_o
                                                       u/campaign/expected/policy_mode[2]_GND_7_o_equal_291_o<6>1
    SLICE_X25Y21.A3      net (fanout=10)       0.595   u/campaign/expected/policy_mode[2]_GND_7_o_equal_291_o
    SLICE_X25Y21.A       Tilo                  0.259   u/campaign/expected/policy_mode[2]_GND_7_o_equal_281_o
                                                       u/campaign/expected/state_id<1>11
    SLICE_X24Y20.A4      net (fanout=2)        0.563   u/campaign/expected/state_id<1>1
    SLICE_X24Y20.A       Tilo                  0.235   u/campaign/expected/N42
                                                       u/campaign/expected/state_id<1>24
    SLICE_X22Y17.B2      net (fanout=2)        1.007   u/campaign/expected/state_id<1>2
    SLICE_X22Y17.B       Tilo                  0.254   u/campaign/expected/_n2492
                                                       u/campaign/expected/state_id<1>
    SLICE_X28Y20.D4      net (fanout=1)        0.766   u/campaign/expected_state<7>
    SLICE_X28Y20.D       Tilo                  0.235   u/campaign/norm_state[7]_expected_state[7]_equal_18_o8
                                                       u/campaign/norm_state[7]_expected_state[7]_equal_18_o81
    SLICE_X28Y20.C6      net (fanout=1)        0.143   u/campaign/norm_state[7]_expected_state[7]_equal_18_o8
    SLICE_X28Y20.C       Tilo                  0.235   u/campaign/norm_state[7]_expected_state[7]_equal_18_o8
                                                       u/campaign/norm_state[7]_expected_state[7]_equal_18_o83
    SLICE_X31Y19.B2      net (fanout=9)        1.178   u/campaign/norm_state[7]_expected_state[7]_equal_18_o
    SLICE_X31Y19.B       Tilo                  0.259   u/error_count<2>
                                                       u/campaign/_n0323_inv3_rstpot
    SLICE_X33Y19.B6      net (fanout=16)       0.631   u/campaign/_n0323_inv3_rstpot
    SLICE_X33Y19.CLK     Tas                   0.373   u/error_count<5>
                                                       u/campaign/error_count_4_dpot
                                                       u/campaign/error_count_4
    -------------------------------------------------  ---------------------------
    Total                                      9.681ns (2.886ns logic, 6.795ns route)
                                                       (29.8% logic, 70.2% route)

--------------------------------------------------------------------------------
Slack:                  0.316ns (requirement - (data path - clock path skew + uncertainty))
  Source:               u/campaign/replay_index_2 (FF)
  Destination:          u/campaign/error_count_4 (FF)
  Requirement:          10.000ns
  Data Path Delay:      9.651ns (Levels of Logic = 8)
  Clock Path Skew:      0.002ns (0.340 - 0.338)
  Source Clock:         clk_100mhz_BUFGP rising at 0.000ns
  Destination Clock:    clk_100mhz_BUFGP rising at 10.000ns
  Clock Uncertainty:    0.035ns

  Clock Uncertainty:          0.035ns  ((TSJ^2 + TIJ^2)^1/2 + DJ) / 2 + PE
    Total System Jitter (TSJ):  0.070ns
    Total Input Jitter (TIJ):   0.000ns
    Discrete Jitter (DJ):       0.000ns
    Phase Error (PE):           0.000ns

  Maximum Data Path at Slow Process Corner: u/campaign/replay_index_2 to u/campaign/error_count_4
    Location             Delay type         Delay(ns)  Physical Resource
                                                       Logical Resource(s)
    -------------------------------------------------  -------------------
    SLICE_X27Y16.BMUX    Tshcko                0.518   u/campaign/replay_index<6>
                                                       u/campaign/replay_index_2
    SLICE_X25Y16.B6      net (fanout=391)      1.225   u/campaign/replay_index<2>
    SLICE_X25Y16.B       Tilo                  0.259   u/campaign/expected_cycles<4>
                                                       u/campaign/expected/policy_mode[2]_GND_7_o_equal_275_o<6>11
    SLICE_X25Y16.A5      net (fanout=4)        0.245   u/campaign/expected/policy_mode[2]_GND_7_o_equal_275_o<6>1
    SLICE_X25Y16.A       Tilo                  0.259   u/campaign/expected_cycles<4>
                                                       u/campaign/expected/policy_mode[2]_GND_7_o_equal_331_o<6>1
    SLICE_X22Y21.B1      net (fanout=11)       1.746   u/campaign/expected/policy_mode[2]_GND_7_o_equal_331_o
    SLICE_X22Y21.B       Tilo                  0.254   u/campaign/expected/state_id<2>1
                                                       u/campaign/expected/state_id<7>2
    SLICE_X21Y19.D3      net (fanout=1)        0.809   u/campaign/expected/state_id<7>3
    SLICE_X21Y19.D       Tilo                  0.259   u/campaign/expected_state<1>
                                                       u/campaign/expected/state_id<7>4
    SLICE_X22Y19.C5      net (fanout=1)        0.417   u/campaign/expected_state<1>
    SLICE_X22Y19.C       Tilo                  0.255   u/campaign/tx_state_id<3>
                                                       u/campaign/norm_state[7]_expected_state[7]_equal_18_o82
    SLICE_X28Y20.C5      net (fanout=1)        0.729   u/campaign/norm_state[7]_expected_state[7]_equal_18_o81
    SLICE_X28Y20.C       Tilo                  0.235   u/campaign/norm_state[7]_expected_state[7]_equal_18_o8
                                                       u/campaign/norm_state[7]_expected_state[7]_equal_18_o83
    SLICE_X31Y19.B2      net (fanout=9)        1.178   u/campaign/norm_state[7]_expected_state[7]_equal_18_o
    SLICE_X31Y19.B       Tilo                  0.259   u/error_count<2>
                                                       u/campaign/_n0323_inv3_rstpot
    SLICE_X33Y19.B6      net (fanout=16)       0.631   u/campaign/_n0323_inv3_rstpot
    SLICE_X33Y19.CLK     Tas                   0.373   u/error_count<5>
                                                       u/campaign/error_count_4_dpot
                                                       u/campaign/error_count_4
    -------------------------------------------------  ---------------------------
    Total                                      9.651ns (2.671ns logic, 6.980ns route)
                                                       (27.7% logic, 72.3% route)

--------------------------------------------------------------------------------
Slack:                  0.335ns (requirement - (data path - clock path skew + uncertainty))
  Source:               u/campaign/replay_index_2 (FF)
  Destination:          u/campaign/error_count_4 (FF)
  Requirement:          10.000ns
  Data Path Delay:      9.632ns (Levels of Logic = 8)
  Clock Path Skew:      0.002ns (0.340 - 0.338)
  Source Clock:         clk_100mhz_BUFGP rising at 0.000ns
  Destination Clock:    clk_100mhz_BUFGP rising at 10.000ns
  Clock Uncertainty:    0.035ns

  Clock Uncertainty:          0.035ns  ((TSJ^2 + TIJ^2)^1/2 + DJ) / 2 + PE
    Total System Jitter (TSJ):  0.070ns
    Total Input Jitter (TIJ):   0.000ns
    Discrete Jitter (DJ):       0.000ns
    Phase Error (PE):           0.000ns

  Maximum Data Path at Slow Process Corner: u/campaign/replay_index_2 to u/campaign/error_count_4
    Location             Delay type         Delay(ns)  Physical Resource
                                                       Logical Resource(s)
    -------------------------------------------------  -------------------
    SLICE_X27Y16.BMUX    Tshcko                0.518   u/campaign/replay_index<6>
                                                       u/campaign/replay_index_2
    SLICE_X25Y21.C3      net (fanout=391)      2.014   u/campaign/replay_index<2>
    SLICE_X25Y21.C       Tilo                  0.259   u/campaign/expected/policy_mode[2]_GND_7_o_equal_281_o
                                                       u/campaign/expected/policy_mode[2]_GND_7_o_equal_282_o<6>1
    SLICE_X26Y22.A5      net (fanout=6)        0.744   u/campaign/expected/policy_mode[2]_GND_7_o_equal_282_o
    SLICE_X26Y22.A       Tilo                  0.254   u/campaign/expected_score<6>
                                                       u/campaign/expected/state_id<5>3
    SLICE_X24Y20.D6      net (fanout=2)        0.788   u/campaign/expected/state_id<5>3
    SLICE_X24Y20.D       Tilo                  0.235   u/campaign/expected/N42
                                                       u/campaign/expected/state_id<5>_SW0
    SLICE_X23Y19.B3      net (fanout=1)        0.574   u/campaign/expected/N42
    SLICE_X23Y19.B       Tilo                  0.259   u/campaign/expected/bottleneck_fidelity<8>11
                                                       u/campaign/expected/state_id<5>
    SLICE_X22Y19.C6      net (fanout=1)        0.327   u/campaign/expected_state<3>
    SLICE_X22Y19.C       Tilo                  0.255   u/campaign/tx_state_id<3>
                                                       u/campaign/norm_state[7]_expected_state[7]_equal_18_o82
    SLICE_X28Y20.C5      net (fanout=1)        0.729   u/campaign/norm_state[7]_expected_state[7]_equal_18_o81
    SLICE_X28Y20.C       Tilo                  0.235   u/campaign/norm_state[7]_expected_state[7]_equal_18_o8
                                                       u/campaign/norm_state[7]_expected_state[7]_equal_18_o83
    SLICE_X31Y19.B2      net (fanout=9)        1.178   u/campaign/norm_state[7]_expected_state[7]_equal_18_o
    SLICE_X31Y19.B       Tilo                  0.259   u/error_count<2>
                                                       u/campaign/_n0323_inv3_rstpot
    SLICE_X33Y19.B6      net (fanout=16)       0.631   u/campaign/_n0323_inv3_rstpot
    SLICE_X33Y19.CLK     Tas                   0.373   u/error_count<5>
                                                       u/campaign/error_count_4_dpot
                                                       u/campaign/error_count_4
    -------------------------------------------------  ---------------------------
    Total                                      9.632ns (2.647ns logic, 6.985ns route)
                                                       (27.5% logic, 72.5% route)

--------------------------------------------------------------------------------
Slack:                  0.345ns (requirement - (data path - clock path skew + uncertainty))
  Source:               u/campaign/replay_index_2 (FF)
  Destination:          u/campaign/error_count_4 (FF)
  Requirement:          10.000ns
  Data Path Delay:      9.622ns (Levels of Logic = 9)
  Clock Path Skew:      0.002ns (0.340 - 0.338)
  Source Clock:         clk_100mhz_BUFGP rising at 0.000ns
  Destination Clock:    clk_100mhz_BUFGP rising at 10.000ns
  Clock Uncertainty:    0.035ns

  Clock Uncertainty:          0.035ns  ((TSJ^2 + TIJ^2)^1/2 + DJ) / 2 + PE
    Total System Jitter (TSJ):  0.070ns
    Total Input Jitter (TIJ):   0.000ns
    Discrete Jitter (DJ):       0.000ns
    Phase Error (PE):           0.000ns

  Maximum Data Path at Slow Process Corner: u/campaign/replay_index_2 to u/campaign/error_count_4
    Location             Delay type         Delay(ns)  Physical Resource
                                                       Logical Resource(s)
    -------------------------------------------------  -------------------
    SLICE_X27Y16.BMUX    Tshcko                0.518   u/campaign/replay_index<6>
                                                       u/campaign/replay_index_2
    SLICE_X25Y16.B6      net (fanout=391)      1.225   u/campaign/replay_index<2>
    SLICE_X25Y16.B       Tilo                  0.259   u/campaign/expected_cycles<4>
                                                       u/campaign/expected/policy_mode[2]_GND_7_o_equal_275_o<6>11
    SLICE_X25Y16.A5      net (fanout=4)        0.245   u/campaign/expected/policy_mode[2]_GND_7_o_equal_275_o<6>1
    SLICE_X25Y16.A       Tilo                  0.259   u/campaign/expected_cycles<4>
                                                       u/campaign/expected/policy_mode[2]_GND_7_o_equal_331_o<6>1
    SLICE_X23Y20.D1      net (fanout=11)       1.731   u/campaign/expected/policy_mode[2]_GND_7_o_equal_331_o
    SLICE_X23Y20.D       Tilo                  0.259   u/campaign/expected/bottleneck_fidelity<8>12
                                                       u/campaign/expected/bottleneck_fidelity<8>12
    SLICE_X23Y20.C6      net (fanout=1)        0.143   u/campaign/expected/bottleneck_fidelity<8>12
    SLICE_X23Y20.C       Tilo                  0.259   u/campaign/expected/bottleneck_fidelity<8>12
                                                       u/campaign/expected/bottleneck_fidelity<8>13
    SLICE_X29Y20.B3      net (fanout=2)        0.878   u/campaign/expected/bottleneck_fidelity<8>1
    SLICE_X29Y20.B       Tilo                  0.259   u/campaign/expected/policy_mode[2]_GND_7_o_equal_273_o
                                                       u/campaign/expected/bottleneck_fidelity<8>2
    SLICE_X28Y19.C2      net (fanout=1)        0.680   u/campaign/expected_fidelity<8>
    SLICE_X28Y19.COUT    Topcyc                0.325   u/campaign/Mcompar_norm_fidelity[15]_expected_fidelity[15]_equal_22_o_cy<3>
                                                       u/campaign/Mcompar_norm_fidelity[15]_expected_fidelity[15]_equal_22_o_lut<2>
                                                       u/campaign/Mcompar_norm_fidelity[15]_expected_fidelity[15]_equal_22_o_cy<3>
    SLICE_X28Y20.CIN     net (fanout=1)        0.003   u/campaign/Mcompar_norm_fidelity[15]_expected_fidelity[15]_equal_22_o_cy<3>
    SLICE_X28Y20.BMUX    Tcinb                 0.239   u/campaign/norm_state[7]_expected_state[7]_equal_18_o8
                                                       u/campaign/Mcompar_norm_fidelity[15]_expected_fidelity[15]_equal_22_o_cy<5>
    SLICE_X31Y19.B4      net (fanout=9)        1.077   u/campaign/norm_fidelity[15]_expected_fidelity[15]_equal_22_o
    SLICE_X31Y19.B       Tilo                  0.259   u/error_count<2>
                                                       u/campaign/_n0323_inv3_rstpot
    SLICE_X33Y19.B6      net (fanout=16)       0.631   u/campaign/_n0323_inv3_rstpot
    SLICE_X33Y19.CLK     Tas                   0.373   u/error_count<5>
                                                       u/campaign/error_count_4_dpot
                                                       u/campaign/error_count_4
    -------------------------------------------------  ---------------------------
    Total                                      9.622ns (3.009ns logic, 6.613ns route)
                                                       (31.3% logic, 68.7% route)

--------------------------------------------------------------------------------
Slack:                  0.370ns (requirement - (data path - clock path skew + uncertainty))
  Source:               u/campaign/replay_index_3 (FF)
  Destination:          u/campaign/error_count_4 (FF)
  Requirement:          10.000ns
  Data Path Delay:      9.597ns (Levels of Logic = 9)
  Clock Path Skew:      0.002ns (0.340 - 0.338)
  Source Clock:         clk_100mhz_BUFGP rising at 0.000ns
  Destination Clock:    clk_100mhz_BUFGP rising at 10.000ns
  Clock Uncertainty:    0.035ns

  Clock Uncertainty:          0.035ns  ((TSJ^2 + TIJ^2)^1/2 + DJ) / 2 + PE
    Total System Jitter (TSJ):  0.070ns
    Total Input Jitter (TIJ):   0.000ns
    Discrete Jitter (DJ):       0.000ns
    Phase Error (PE):           0.000ns

  Maximum Data Path at Slow Process Corner: u/campaign/replay_index_3 to u/campaign/error_count_4
    Location             Delay type         Delay(ns)  Physical Resource
                                                       Logical Resource(s)
    -------------------------------------------------  -------------------
    SLICE_X27Y16.CQ      Tcko                  0.430   u/campaign/replay_index<6>
                                                       u/campaign/replay_index_3
    SLICE_X23Y17.B4      net (fanout=379)      1.227   u/campaign/replay_index<3>
    SLICE_X23Y17.B       Tilo                  0.259   u/campaign/expected/policy_mode[2]_GND_7_o_equal_333_o
                                                       u/campaign/expected/out11141
    SLICE_X23Y17.A5      net (fanout=11)       0.277   u/campaign/expected/out1114
    SLICE_X23Y17.A       Tilo                  0.259   u/campaign/expected/policy_mode[2]_GND_7_o_equal_333_o
                                                       u/campaign/expected/policy_mode[2]_GND_7_o_equal_336_o<6>1
    SLICE_X25Y20.B6      net (fanout=13)       1.650   u/campaign/expected/policy_mode[2]_GND_7_o_equal_336_o
    SLICE_X25Y20.B       Tilo                  0.259   u/campaign/expected/state_id<6>1
                                                       u/campaign/expected/bottleneck_fidelity<9>1_SW0
    SLICE_X29Y20.A5      net (fanout=1)        0.497   u/campaign/expected/N32
    SLICE_X29Y20.A       Tilo                  0.259   u/campaign/expected/policy_mode[2]_GND_7_o_equal_273_o
                                                       u/campaign/expected/bottleneck_fidelity<9>1
    SLICE_X29Y20.C2      net (fanout=2)        0.537   u/campaign/expected/bottleneck_fidelity<9>1
    SLICE_X29Y20.C       Tilo                  0.259   u/campaign/expected/policy_mode[2]_GND_7_o_equal_273_o
                                                       u/campaign/expected/bottleneck_fidelity<9>
    SLICE_X28Y19.C3      net (fanout=1)        0.777   u/campaign/expected_fidelity<7>
    SLICE_X28Y19.COUT    Topcyc                0.325   u/campaign/Mcompar_norm_fidelity[15]_expected_fidelity[15]_equal_22_o_cy<3>
                                                       u/campaign/Mcompar_norm_fidelity[15]_expected_fidelity[15]_equal_22_o_lut<2>
                                                       u/campaign/Mcompar_norm_fidelity[15]_expected_fidelity[15]_equal_22_o_cy<3>
    SLICE_X28Y20.CIN     net (fanout=1)        0.003   u/campaign/Mcompar_norm_fidelity[15]_expected_fidelity[15]_equal_22_o_cy<3>
    SLICE_X28Y20.BMUX    Tcinb                 0.239   u/campaign/norm_state[7]_expected_state[7]_equal_18_o8
                                                       u/campaign/Mcompar_norm_fidelity[15]_expected_fidelity[15]_equal_22_o_cy<5>
    SLICE_X31Y19.B4      net (fanout=9)        1.077   u/campaign/norm_fidelity[15]_expected_fidelity[15]_equal_22_o
    SLICE_X31Y19.B       Tilo                  0.259   u/error_count<2>
                                                       u/campaign/_n0323_inv3_rstpot
    SLICE_X33Y19.B6      net (fanout=16)       0.631   u/campaign/_n0323_inv3_rstpot
    SLICE_X33Y19.CLK     Tas                   0.373   u/error_count<5>
                                                       u/campaign/error_count_4_dpot
                                                       u/campaign/error_count_4
    -------------------------------------------------  ---------------------------
    Total                                      9.597ns (2.921ns logic, 6.676ns route)
                                                       (30.4% logic, 69.6% route)

--------------------------------------------------------------------------------
Slack:                  0.388ns (requirement - (data path - clock path skew + uncertainty))
  Source:               u/campaign/replay_index_3 (FF)
  Destination:          u/campaign/error_count_4 (FF)
  Requirement:          10.000ns
  Data Path Delay:      9.579ns (Levels of Logic = 8)
  Clock Path Skew:      0.002ns (0.340 - 0.338)
  Source Clock:         clk_100mhz_BUFGP rising at 0.000ns
  Destination Clock:    clk_100mhz_BUFGP rising at 10.000ns
  Clock Uncertainty:    0.035ns

  Clock Uncertainty:          0.035ns  ((TSJ^2 + TIJ^2)^1/2 + DJ) / 2 + PE
    Total System Jitter (TSJ):  0.070ns
    Total Input Jitter (TIJ):   0.000ns
    Discrete Jitter (DJ):       0.000ns
    Phase Error (PE):           0.000ns

  Maximum Data Path at Slow Process Corner: u/campaign/replay_index_3 to u/campaign/error_count_4
    Location             Delay type         Delay(ns)  Physical Resource
                                                       Logical Resource(s)
    -------------------------------------------------  -------------------
    SLICE_X27Y16.CQ      Tcko                  0.430   u/campaign/replay_index<6>
                                                       u/campaign/replay_index_3
    SLICE_X23Y17.B4      net (fanout=379)      1.227   u/campaign/replay_index<3>
    SLICE_X23Y17.B       Tilo                  0.259   u/campaign/expected/policy_mode[2]_GND_7_o_equal_333_o
                                                       u/campaign/expected/out11141
    SLICE_X23Y17.A5      net (fanout=11)       0.277   u/campaign/expected/out1114
    SLICE_X23Y17.A       Tilo                  0.259   u/campaign/expected/policy_mode[2]_GND_7_o_equal_333_o
                                                       u/campaign/expected/policy_mode[2]_GND_7_o_equal_336_o<6>1
    SLICE_X21Y21.D3      net (fanout=13)       1.817   u/campaign/expected/policy_mode[2]_GND_7_o_equal_336_o
    SLICE_X21Y21.D       Tilo                  0.259   u/campaign/expected/state_id<2>5
                                                       u/campaign/expected/state_id<2>3
    SLICE_X22Y21.C5      net (fanout=1)        0.417   u/campaign/expected/state_id<2>5
    SLICE_X22Y21.C       Tilo                  0.255   u/campaign/expected/state_id<2>1
                                                       u/campaign/expected/state_id<2>4
    SLICE_X22Y19.C3      net (fanout=1)        0.719   u/campaign/expected_state<6>
    SLICE_X22Y19.C       Tilo                  0.255   u/campaign/tx_state_id<3>
                                                       u/campaign/norm_state[7]_expected_state[7]_equal_18_o82
    SLICE_X28Y20.C5      net (fanout=1)        0.729   u/campaign/norm_state[7]_expected_state[7]_equal_18_o81
    SLICE_X28Y20.C       Tilo                  0.235   u/campaign/norm_state[7]_expected_state[7]_equal_18_o8
                                                       u/campaign/norm_state[7]_expected_state[7]_equal_18_o83
    SLICE_X31Y19.B2      net (fanout=9)        1.178   u/campaign/norm_state[7]_expected_state[7]_equal_18_o
    SLICE_X31Y19.B       Tilo                  0.259   u/error_count<2>
                                                       u/campaign/_n0323_inv3_rstpot
    SLICE_X33Y19.B6      net (fanout=16)       0.631   u/campaign/_n0323_inv3_rstpot
    SLICE_X33Y19.CLK     Tas                   0.373   u/error_count<5>
                                                       u/campaign/error_count_4_dpot
                                                       u/campaign/error_count_4
    -------------------------------------------------  ---------------------------
    Total                                      9.579ns (2.584ns logic, 6.995ns route)
                                                       (27.0% logic, 73.0% route)

--------------------------------------------------------------------------------
Slack:                  0.414ns (requirement - (data path - clock path skew + uncertainty))
  Source:               u/campaign/replay_index_6 (FF)
  Destination:          u/campaign/error_count_4 (FF)
  Requirement:          10.000ns
  Data Path Delay:      9.553ns (Levels of Logic = 9)
  Clock Path Skew:      0.002ns (0.340 - 0.338)
  Source Clock:         clk_100mhz_BUFGP rising at 0.000ns
  Destination Clock:    clk_100mhz_BUFGP rising at 10.000ns
  Clock Uncertainty:    0.035ns

  Clock Uncertainty:          0.035ns  ((TSJ^2 + TIJ^2)^1/2 + DJ) / 2 + PE
    Total System Jitter (TSJ):  0.070ns
    Total Input Jitter (TIJ):   0.000ns
    Discrete Jitter (DJ):       0.000ns
    Phase Error (PE):           0.000ns

  Maximum Data Path at Slow Process Corner: u/campaign/replay_index_6 to u/campaign/error_count_4
    Location             Delay type         Delay(ns)  Physical Resource
                                                       Logical Resource(s)
    -------------------------------------------------  -------------------
    SLICE_X27Y16.DQ      Tcko                  0.430   u/campaign/replay_index<6>
                                                       u/campaign/replay_index_6
    SLICE_X27Y17.B3      net (fanout=292)      0.664   u/campaign/replay_index<6>
    SLICE_X27Y17.B       Tilo                  0.259   u/campaign/expected/policy_mode[2]_GND_7_o_equal_327_o
                                                       u/campaign/expected/out11131
    SLICE_X27Y17.A5      net (fanout=19)       0.295   u/campaign/expected/out1113
    SLICE_X27Y17.A       Tilo                  0.259   u/campaign/expected/policy_mode[2]_GND_7_o_equal_327_o
                                                       u/campaign/expected/policy_mode[2]_GND_7_o_equal_318_o<6>1
    SLICE_X27Y22.B1      net (fanout=15)       1.456   u/campaign/expected/policy_mode[2]_GND_7_o_equal_318_o
    SLICE_X27Y22.B       Tilo                  0.259   u/campaign/expected_state<0>
                                                       u/campaign/expected/state_id<1>21_SW0
    SLICE_X24Y20.A5      net (fanout=1)        0.615   u/campaign/expected/N58
    SLICE_X24Y20.A       Tilo                  0.235   u/campaign/expected/N42
                                                       u/campaign/expected/state_id<1>24
    SLICE_X22Y17.B2      net (fanout=2)        1.007   u/campaign/expected/state_id<1>2
    SLICE_X22Y17.B       Tilo                  0.254   u/campaign/expected/_n2492
                                                       u/campaign/expected/state_id<1>
    SLICE_X28Y20.D4      net (fanout=1)        0.766   u/campaign/expected_state<7>
    SLICE_X28Y20.D       Tilo                  0.235   u/campaign/norm_state[7]_expected_state[7]_equal_18_o8
                                                       u/campaign/norm_state[7]_expected_state[7]_equal_18_o81
    SLICE_X28Y20.C6      net (fanout=1)        0.143   u/campaign/norm_state[7]_expected_state[7]_equal_18_o8
    SLICE_X28Y20.C       Tilo                  0.235   u/campaign/norm_state[7]_expected_state[7]_equal_18_o8
                                                       u/campaign/norm_state[7]_expected_state[7]_equal_18_o83
    SLICE_X31Y19.B2      net (fanout=9)        1.178   u/campaign/norm_state[7]_expected_state[7]_equal_18_o
    SLICE_X31Y19.B       Tilo                  0.259   u/error_count<2>
                                                       u/campaign/_n0323_inv3_rstpot
    SLICE_X33Y19.B6      net (fanout=16)       0.631   u/campaign/_n0323_inv3_rstpot
    SLICE_X33Y19.CLK     Tas                   0.373   u/error_count<5>
                                                       u/campaign/error_count_4_dpot
                                                       u/campaign/error_count_4
    -------------------------------------------------  ---------------------------
    Total                                      9.553ns (2.798ns logic, 6.755ns route)
                                                       (29.3% logic, 70.7% route)

--------------------------------------------------------------------------------
Slack:                  0.416ns (requirement - (data path - clock path skew + uncertainty))
  Source:               u/campaign/replay_index_2 (FF)
  Destination:          u/campaign/error_count_4 (FF)
  Requirement:          10.000ns
  Data Path Delay:      9.551ns (Levels of Logic = 8)
  Clock Path Skew:      0.002ns (0.340 - 0.338)
  Source Clock:         clk_100mhz_BUFGP rising at 0.000ns
  Destination Clock:    clk_100mhz_BUFGP rising at 10.000ns
  Clock Uncertainty:    0.035ns

  Clock Uncertainty:          0.035ns  ((TSJ^2 + TIJ^2)^1/2 + DJ) / 2 + PE
    Total System Jitter (TSJ):  0.070ns
    Total Input Jitter (TIJ):   0.000ns
    Discrete Jitter (DJ):       0.000ns
    Phase Error (PE):           0.000ns

  Maximum Data Path at Slow Process Corner: u/campaign/replay_index_2 to u/campaign/error_count_4
    Location             Delay type         Delay(ns)  Physical Resource
                                                       Logical Resource(s)
    -------------------------------------------------  -------------------
    SLICE_X27Y16.BMUX    Tshcko                0.518   u/campaign/replay_index<6>
                                                       u/campaign/replay_index_2
    SLICE_X25Y16.B6      net (fanout=391)      1.225   u/campaign/replay_index<2>
    SLICE_X25Y16.B       Tilo                  0.259   u/campaign/expected_cycles<4>
                                                       u/campaign/expected/policy_mode[2]_GND_7_o_equal_275_o<6>11
    SLICE_X25Y16.A5      net (fanout=4)        0.245   u/campaign/expected/policy_mode[2]_GND_7_o_equal_275_o<6>1
    SLICE_X25Y16.A       Tilo                  0.259   u/campaign/expected_cycles<4>
                                                       u/campaign/expected/policy_mode[2]_GND_7_o_equal_331_o<6>1
    SLICE_X24Y20.A1      net (fanout=11)       1.729   u/campaign/expected/policy_mode[2]_GND_7_o_equal_331_o
    SLICE_X24Y20.A       Tilo                  0.235   u/campaign/expected/N42
                                                       u/campaign/expected/state_id<1>24
    SLICE_X22Y17.B2      net (fanout=2)        1.007   u/campaign/expected/state_id<1>2
    SLICE_X22Y17.B       Tilo                  0.254   u/campaign/expected/_n2492
                                                       u/campaign/expected/state_id<1>
    SLICE_X28Y20.D4      net (fanout=1)        0.766   u/campaign/expected_state<7>
    SLICE_X28Y20.D       Tilo                  0.235   u/campaign/norm_state[7]_expected_state[7]_equal_18_o8
                                                       u/campaign/norm_state[7]_expected_state[7]_equal_18_o81
    SLICE_X28Y20.C6      net (fanout=1)        0.143   u/campaign/norm_state[7]_expected_state[7]_equal_18_o8
    SLICE_X28Y20.C       Tilo                  0.235   u/campaign/norm_state[7]_expected_state[7]_equal_18_o8
                                                       u/campaign/norm_state[7]_expected_state[7]_equal_18_o83
    SLICE_X31Y19.B2      net (fanout=9)        1.178   u/campaign/norm_state[7]_expected_state[7]_equal_18_o
    SLICE_X31Y19.B       Tilo                  0.259   u/error_count<2>
                                                       u/campaign/_n0323_inv3_rstpot
    SLICE_X33Y19.B6      net (fanout=16)       0.631   u/campaign/_n0323_inv3_rstpot
    SLICE_X33Y19.CLK     Tas                   0.373   u/error_count<5>
                                                       u/campaign/error_count_4_dpot
                                                       u/campaign/error_count_4
    -------------------------------------------------  ---------------------------
    Total                                      9.551ns (2.627ns logic, 6.924ns route)
                                                       (27.5% logic, 72.5% route)

--------------------------------------------------------------------------------

Paths for end point u/campaign/error_count_6 (SLICE_X33Y18.D4), 8930 paths
--------------------------------------------------------------------------------
Slack:                  0.296ns (requirement - (data path - clock path skew + uncertainty))
  Source:               u/campaign/replay_index_2 (FF)
  Destination:          u/campaign/error_count_6 (FF)
  Requirement:          10.000ns
  Data Path Delay:      9.672ns (Levels of Logic = 9)
  Clock Path Skew:      0.003ns (0.341 - 0.338)
  Source Clock:         clk_100mhz_BUFGP rising at 0.000ns
  Destination Clock:    clk_100mhz_BUFGP rising at 10.000ns
  Clock Uncertainty:    0.035ns

  Clock Uncertainty:          0.035ns  ((TSJ^2 + TIJ^2)^1/2 + DJ) / 2 + PE
    Total System Jitter (TSJ):  0.070ns
    Total Input Jitter (TIJ):   0.000ns
    Discrete Jitter (DJ):       0.000ns
    Phase Error (PE):           0.000ns

  Maximum Data Path at Slow Process Corner: u/campaign/replay_index_2 to u/campaign/error_count_6
    Location             Delay type         Delay(ns)  Physical Resource
                                                       Logical Resource(s)
    -------------------------------------------------  -------------------
    SLICE_X27Y16.BMUX    Tshcko                0.518   u/campaign/replay_index<6>
                                                       u/campaign/replay_index_2
    SLICE_X25Y16.B6      net (fanout=391)      1.225   u/campaign/replay_index<2>
    SLICE_X25Y16.B       Tilo                  0.259   u/campaign/expected_cycles<4>
                                                       u/campaign/expected/policy_mode[2]_GND_7_o_equal_275_o<6>11
    SLICE_X25Y16.A5      net (fanout=4)        0.245   u/campaign/expected/policy_mode[2]_GND_7_o_equal_275_o<6>1
    SLICE_X25Y16.A       Tilo                  0.259   u/campaign/expected_cycles<4>
                                                       u/campaign/expected/policy_mode[2]_GND_7_o_equal_331_o<6>1
    SLICE_X21Y18.C1      net (fanout=11)       2.001   u/campaign/expected/policy_mode[2]_GND_7_o_equal_331_o
    SLICE_X21Y18.C       Tilo                  0.259   u/campaign/expected/policy_mode[2]_GND_7_o_equal_276_o
                                                       u/campaign/expected/bottleneck_fidelity<10>1
    SLICE_X21Y18.B4      net (fanout=1)        0.352   u/campaign/expected/bottleneck_fidelity<10>1
    SLICE_X21Y18.B       Tilo                  0.259   u/campaign/expected/policy_mode[2]_GND_7_o_equal_276_o
                                                       u/campaign/expected/bottleneck_fidelity<10>2
    SLICE_X21Y18.A5      net (fanout=1)        0.230   u/campaign/expected/bottleneck_fidelity<10>2
    SLICE_X21Y18.A       Tilo                  0.259   u/campaign/expected/policy_mode[2]_GND_7_o_equal_276_o
                                                       u/campaign/expected/bottleneck_fidelity<10>6
    SLICE_X28Y19.C5      net (fanout=1)        0.934   u/campaign/expected_fidelity<6>
    SLICE_X28Y19.COUT    Topcyc                0.325   u/campaign/Mcompar_norm_fidelity[15]_expected_fidelity[15]_equal_22_o_cy<3>
                                                       u/campaign/Mcompar_norm_fidelity[15]_expected_fidelity[15]_equal_22_o_lut<2>
                                                       u/campaign/Mcompar_norm_fidelity[15]_expected_fidelity[15]_equal_22_o_cy<3>
    SLICE_X28Y20.CIN     net (fanout=1)        0.003   u/campaign/Mcompar_norm_fidelity[15]_expected_fidelity[15]_equal_22_o_cy<3>
    SLICE_X28Y20.BMUX    Tcinb                 0.239   u/campaign/norm_state[7]_expected_state[7]_equal_18_o8
                                                       u/campaign/Mcompar_norm_fidelity[15]_expected_fidelity[15]_equal_22_o_cy<5>
    SLICE_X31Y19.B4      net (fanout=9)        1.077   u/campaign/norm_fidelity[15]_expected_fidelity[15]_equal_22_o
    SLICE_X31Y19.B       Tilo                  0.259   u/error_count<2>
                                                       u/campaign/_n0323_inv3_rstpot
    SLICE_X33Y18.D4      net (fanout=16)       0.596   u/campaign/_n0323_inv3_rstpot
    SLICE_X33Y18.CLK     Tas                   0.373   u/error_count<6>
                                                       u/campaign/error_count_6_dpot
                                                       u/campaign/error_count_6
    -------------------------------------------------  ---------------------------
    Total                                      9.672ns (3.009ns logic, 6.663ns route)
                                                       (31.1% logic, 68.9% route)

--------------------------------------------------------------------------------
Slack:                  0.314ns (requirement - (data path - clock path skew + uncertainty))
  Source:               u/campaign/replay_index_1 (FF)
  Destination:          u/campaign/error_count_6 (FF)
  Requirement:          10.000ns
  Data Path Delay:      9.654ns (Levels of Logic = 8)
  Clock Path Skew:      0.003ns (0.341 - 0.338)
  Source Clock:         clk_100mhz_BUFGP rising at 0.000ns
  Destination Clock:    clk_100mhz_BUFGP rising at 10.000ns
  Clock Uncertainty:    0.035ns

  Clock Uncertainty:          0.035ns  ((TSJ^2 + TIJ^2)^1/2 + DJ) / 2 + PE
    Total System Jitter (TSJ):  0.070ns
    Total Input Jitter (TIJ):   0.000ns
    Discrete Jitter (DJ):       0.000ns
    Phase Error (PE):           0.000ns

  Maximum Data Path at Slow Process Corner: u/campaign/replay_index_1 to u/campaign/error_count_6
    Location             Delay type         Delay(ns)  Physical Resource
                                                       Logical Resource(s)
    -------------------------------------------------  -------------------
    SLICE_X27Y16.BQ      Tcko                  0.430   u/campaign/replay_index<6>
                                                       u/campaign/replay_index_1
    SLICE_X21Y21.B5      net (fanout=388)      2.281   u/campaign/replay_index<1>
    SLICE_X21Y21.B       Tilo                  0.259   u/campaign/expected/state_id<2>5
                                                       u/campaign/expected/_n2713_SW0
    SLICE_X21Y21.A5      net (fanout=1)        0.230   u/campaign/expected/N14
    SLICE_X21Y21.A       Tilo                  0.259   u/campaign/expected/state_id<2>5
                                                       u/campaign/expected/_n2713
    SLICE_X19Y17.D5      net (fanout=4)        1.109   u/campaign/expected/_n2713
    SLICE_X19Y17.D       Tilo                  0.259   u/campaign/expected/bottleneck_fidelity<11>1
                                                       u/campaign/expected/bottleneck_fidelity<11>1
    SLICE_X21Y20.A4      net (fanout=1)        0.953   u/campaign/expected/bottleneck_fidelity<11>1
    SLICE_X21Y20.A       Tilo                  0.259   u/campaign/expected/policy_mode[2]_GND_7_o_equal_289_o
                                                       u/campaign/expected/bottleneck_fidelity<11>7
    SLICE_X28Y19.B6      net (fanout=1)        0.620   u/campaign/expected_fidelity<5>
    SLICE_X28Y19.COUT    Topcyb                0.448   u/campaign/Mcompar_norm_fidelity[15]_expected_fidelity[15]_equal_22_o_cy<3>
                                                       u/campaign/Mcompar_norm_fidelity[15]_expected_fidelity[15]_equal_22_o_lut<1>
                                                       u/campaign/Mcompar_norm_fidelity[15]_expected_fidelity[15]_equal_22_o_cy<3>
    SLICE_X28Y20.CIN     net (fanout=1)        0.003   u/campaign/Mcompar_norm_fidelity[15]_expected_fidelity[15]_equal_22_o_cy<3>
    SLICE_X28Y20.BMUX    Tcinb                 0.239   u/campaign/norm_state[7]_expected_state[7]_equal_18_o8
                                                       u/campaign/Mcompar_norm_fidelity[15]_expected_fidelity[15]_equal_22_o_cy<5>
    SLICE_X31Y19.B4      net (fanout=9)        1.077   u/campaign/norm_fidelity[15]_expected_fidelity[15]_equal_22_o
    SLICE_X31Y19.B       Tilo                  0.259   u/error_count<2>
                                                       u/campaign/_n0323_inv3_rstpot
    SLICE_X33Y18.D4      net (fanout=16)       0.596   u/campaign/_n0323_inv3_rstpot
    SLICE_X33Y18.CLK     Tas                   0.373   u/error_count<6>
                                                       u/campaign/error_count_6_dpot
                                                       u/campaign/error_count_6
    -------------------------------------------------  ---------------------------
    Total                                      9.654ns (2.785ns logic, 6.869ns route)
                                                       (28.8% logic, 71.2% route)

--------------------------------------------------------------------------------
Slack:                  0.322ns (requirement - (data path - clock path skew + uncertainty))
  Source:               u/campaign/replay_index_2 (FF)
  Destination:          u/campaign/error_count_6 (FF)
  Requirement:          10.000ns
  Data Path Delay:      9.646ns (Levels of Logic = 9)
  Clock Path Skew:      0.003ns (0.341 - 0.338)
  Source Clock:         clk_100mhz_BUFGP rising at 0.000ns
  Destination Clock:    clk_100mhz_BUFGP rising at 10.000ns
  Clock Uncertainty:    0.035ns

  Clock Uncertainty:          0.035ns  ((TSJ^2 + TIJ^2)^1/2 + DJ) / 2 + PE
    Total System Jitter (TSJ):  0.070ns
    Total Input Jitter (TIJ):   0.000ns
    Discrete Jitter (DJ):       0.000ns
    Phase Error (PE):           0.000ns

  Maximum Data Path at Slow Process Corner: u/campaign/replay_index_2 to u/campaign/error_count_6
    Location             Delay type         Delay(ns)  Physical Resource
                                                       Logical Resource(s)
    -------------------------------------------------  -------------------
    SLICE_X27Y16.BMUX    Tshcko                0.518   u/campaign/replay_index<6>
                                                       u/campaign/replay_index_2
    SLICE_X23Y16.B3      net (fanout=391)      0.809   u/campaign/replay_index<2>
    SLICE_X23Y16.B       Tilo                  0.259   u/campaign/expected/policy_mode[2]_GND_7_o_equal_307_o
                                                       u/campaign/expected/policy_mode[2]_GND_7_o_equal_289_o<6>11
    SLICE_X25Y21.B3      net (fanout=18)       1.103   u/campaign/expected/policy_mode[2]_GND_7_o_equal_289_o<6>1
    SLICE_X25Y21.B       Tilo                  0.259   u/campaign/expected/policy_mode[2]_GND_7_o_equal_281_o
                                                       u/campaign/expected/policy_mode[2]_GND_7_o_equal_291_o<6>1
    SLICE_X25Y21.A3      net (fanout=10)       0.595   u/campaign/expected/policy_mode[2]_GND_7_o_equal_291_o
    SLICE_X25Y21.A       Tilo                  0.259   u/campaign/expected/policy_mode[2]_GND_7_o_equal_281_o
                                                       u/campaign/expected/state_id<1>11
    SLICE_X24Y20.A4      net (fanout=2)        0.563   u/campaign/expected/state_id<1>1
    SLICE_X24Y20.A       Tilo                  0.235   u/campaign/expected/N42
                                                       u/campaign/expected/state_id<1>24
    SLICE_X22Y17.B2      net (fanout=2)        1.007   u/campaign/expected/state_id<1>2
    SLICE_X22Y17.B       Tilo                  0.254   u/campaign/expected/_n2492
                                                       u/campaign/expected/state_id<1>
    SLICE_X28Y20.D4      net (fanout=1)        0.766   u/campaign/expected_state<7>
    SLICE_X28Y20.D       Tilo                  0.235   u/campaign/norm_state[7]_expected_state[7]_equal_18_o8
                                                       u/campaign/norm_state[7]_expected_state[7]_equal_18_o81
    SLICE_X28Y20.C6      net (fanout=1)        0.143   u/campaign/norm_state[7]_expected_state[7]_equal_18_o8
    SLICE_X28Y20.C       Tilo                  0.235   u/campaign/norm_state[7]_expected_state[7]_equal_18_o8
                                                       u/campaign/norm_state[7]_expected_state[7]_equal_18_o83
    SLICE_X31Y19.B2      net (fanout=9)        1.178   u/campaign/norm_state[7]_expected_state[7]_equal_18_o
    SLICE_X31Y19.B       Tilo                  0.259   u/error_count<2>
                                                       u/campaign/_n0323_inv3_rstpot
    SLICE_X33Y18.D4      net (fanout=16)       0.596   u/campaign/_n0323_inv3_rstpot
    SLICE_X33Y18.CLK     Tas                   0.373   u/error_count<6>
                                                       u/campaign/error_count_6_dpot
                                                       u/campaign/error_count_6
    -------------------------------------------------  ---------------------------
    Total                                      9.646ns (2.886ns logic, 6.760ns route)
                                                       (29.9% logic, 70.1% route)

--------------------------------------------------------------------------------
Slack:                  0.352ns (requirement - (data path - clock path skew + uncertainty))
  Source:               u/campaign/replay_index_2 (FF)
  Destination:          u/campaign/error_count_6 (FF)
  Requirement:          10.000ns
  Data Path Delay:      9.616ns (Levels of Logic = 8)
  Clock Path Skew:      0.003ns (0.341 - 0.338)
  Source Clock:         clk_100mhz_BUFGP rising at 0.000ns
  Destination Clock:    clk_100mhz_BUFGP rising at 10.000ns
  Clock Uncertainty:    0.035ns

  Clock Uncertainty:          0.035ns  ((TSJ^2 + TIJ^2)^1/2 + DJ) / 2 + PE
    Total System Jitter (TSJ):  0.070ns
    Total Input Jitter (TIJ):   0.000ns
    Discrete Jitter (DJ):       0.000ns
    Phase Error (PE):           0.000ns

  Maximum Data Path at Slow Process Corner: u/campaign/replay_index_2 to u/campaign/error_count_6
    Location             Delay type         Delay(ns)  Physical Resource
                                                       Logical Resource(s)
    -------------------------------------------------  -------------------
    SLICE_X27Y16.BMUX    Tshcko                0.518   u/campaign/replay_index<6>
                                                       u/campaign/replay_index_2
    SLICE_X25Y16.B6      net (fanout=391)      1.225   u/campaign/replay_index<2>
    SLICE_X25Y16.B       Tilo                  0.259   u/campaign/expected_cycles<4>
                                                       u/campaign/expected/policy_mode[2]_GND_7_o_equal_275_o<6>11
    SLICE_X25Y16.A5      net (fanout=4)        0.245   u/campaign/expected/policy_mode[2]_GND_7_o_equal_275_o<6>1
    SLICE_X25Y16.A       Tilo                  0.259   u/campaign/expected_cycles<4>
                                                       u/campaign/expected/policy_mode[2]_GND_7_o_equal_331_o<6>1
    SLICE_X22Y21.B1      net (fanout=11)       1.746   u/campaign/expected/policy_mode[2]_GND_7_o_equal_331_o
    SLICE_X22Y21.B       Tilo                  0.254   u/campaign/expected/state_id<2>1
                                                       u/campaign/expected/state_id<7>2
    SLICE_X21Y19.D3      net (fanout=1)        0.809   u/campaign/expected/state_id<7>3
    SLICE_X21Y19.D       Tilo                  0.259   u/campaign/expected_state<1>
                                                       u/campaign/expected/state_id<7>4
    SLICE_X22Y19.C5      net (fanout=1)        0.417   u/campaign/expected_state<1>
    SLICE_X22Y19.C       Tilo                  0.255   u/campaign/tx_state_id<3>
                                                       u/campaign/norm_state[7]_expected_state[7]_equal_18_o82
    SLICE_X28Y20.C5      net (fanout=1)        0.729   u/campaign/norm_state[7]_expected_state[7]_equal_18_o81
    SLICE_X28Y20.C       Tilo                  0.235   u/campaign/norm_state[7]_expected_state[7]_equal_18_o8
                                                       u/campaign/norm_state[7]_expected_state[7]_equal_18_o83
    SLICE_X31Y19.B2      net (fanout=9)        1.178   u/campaign/norm_state[7]_expected_state[7]_equal_18_o
    SLICE_X31Y19.B       Tilo                  0.259   u/error_count<2>
                                                       u/campaign/_n0323_inv3_rstpot
    SLICE_X33Y18.D4      net (fanout=16)       0.596   u/campaign/_n0323_inv3_rstpot
    SLICE_X33Y18.CLK     Tas                   0.373   u/error_count<6>
                                                       u/campaign/error_count_6_dpot
                                                       u/campaign/error_count_6
    -------------------------------------------------  ---------------------------
    Total                                      9.616ns (2.671ns logic, 6.945ns route)
                                                       (27.8% logic, 72.2% route)

--------------------------------------------------------------------------------
Slack:                  0.371ns (requirement - (data path - clock path skew + uncertainty))
  Source:               u/campaign/replay_index_2 (FF)
  Destination:          u/campaign/error_count_6 (FF)
  Requirement:          10.000ns
  Data Path Delay:      9.597ns (Levels of Logic = 8)
  Clock Path Skew:      0.003ns (0.341 - 0.338)
  Source Clock:         clk_100mhz_BUFGP rising at 0.000ns
  Destination Clock:    clk_100mhz_BUFGP rising at 10.000ns
  Clock Uncertainty:    0.035ns

  Clock Uncertainty:          0.035ns  ((TSJ^2 + TIJ^2)^1/2 + DJ) / 2 + PE
    Total System Jitter (TSJ):  0.070ns
    Total Input Jitter (TIJ):   0.000ns
    Discrete Jitter (DJ):       0.000ns
    Phase Error (PE):           0.000ns

  Maximum Data Path at Slow Process Corner: u/campaign/replay_index_2 to u/campaign/error_count_6
    Location             Delay type         Delay(ns)  Physical Resource
                                                       Logical Resource(s)
    -------------------------------------------------  -------------------
    SLICE_X27Y16.BMUX    Tshcko                0.518   u/campaign/replay_index<6>
                                                       u/campaign/replay_index_2
    SLICE_X25Y21.C3      net (fanout=391)      2.014   u/campaign/replay_index<2>
    SLICE_X25Y21.C       Tilo                  0.259   u/campaign/expected/policy_mode[2]_GND_7_o_equal_281_o
                                                       u/campaign/expected/policy_mode[2]_GND_7_o_equal_282_o<6>1
    SLICE_X26Y22.A5      net (fanout=6)        0.744   u/campaign/expected/policy_mode[2]_GND_7_o_equal_282_o
    SLICE_X26Y22.A       Tilo                  0.254   u/campaign/expected_score<6>
                                                       u/campaign/expected/state_id<5>3
    SLICE_X24Y20.D6      net (fanout=2)        0.788   u/campaign/expected/state_id<5>3
    SLICE_X24Y20.D       Tilo                  0.235   u/campaign/expected/N42
                                                       u/campaign/expected/state_id<5>_SW0
    SLICE_X23Y19.B3      net (fanout=1)        0.574   u/campaign/expected/N42
    SLICE_X23Y19.B       Tilo                  0.259   u/campaign/expected/bottleneck_fidelity<8>11
                                                       u/campaign/expected/state_id<5>
    SLICE_X22Y19.C6      net (fanout=1)        0.327   u/campaign/expected_state<3>
    SLICE_X22Y19.C       Tilo                  0.255   u/campaign/tx_state_id<3>
                                                       u/campaign/norm_state[7]_expected_state[7]_equal_18_o82
    SLICE_X28Y20.C5      net (fanout=1)        0.729   u/campaign/norm_state[7]_expected_state[7]_equal_18_o81
    SLICE_X28Y20.C       Tilo                  0.235   u/campaign/norm_state[7]_expected_state[7]_equal_18_o8
                                                       u/campaign/norm_state[7]_expected_state[7]_equal_18_o83
    SLICE_X31Y19.B2      net (fanout=9)        1.178   u/campaign/norm_state[7]_expected_state[7]_equal_18_o
    SLICE_X31Y19.B       Tilo                  0.259   u/error_count<2>
                                                       u/campaign/_n0323_inv3_rstpot
    SLICE_X33Y18.D4      net (fanout=16)       0.596   u/campaign/_n0323_inv3_rstpot
    SLICE_X33Y18.CLK     Tas                   0.373   u/error_count<6>
                                                       u/campaign/error_count_6_dpot
                                                       u/campaign/error_count_6
    -------------------------------------------------  ---------------------------
    Total                                      9.597ns (2.647ns logic, 6.950ns route)
                                                       (27.6% logic, 72.4% route)

--------------------------------------------------------------------------------
Slack:                  0.381ns (requirement - (data path - clock path skew + uncertainty))
  Source:               u/campaign/replay_index_2 (FF)
  Destination:          u/campaign/error_count_6 (FF)
  Requirement:          10.000ns
  Data Path Delay:      9.587ns (Levels of Logic = 9)
  Clock Path Skew:      0.003ns (0.341 - 0.338)
  Source Clock:         clk_100mhz_BUFGP rising at 0.000ns
  Destination Clock:    clk_100mhz_BUFGP rising at 10.000ns
  Clock Uncertainty:    0.035ns

  Clock Uncertainty:          0.035ns  ((TSJ^2 + TIJ^2)^1/2 + DJ) / 2 + PE
    Total System Jitter (TSJ):  0.070ns
    Total Input Jitter (TIJ):   0.000ns
    Discrete Jitter (DJ):       0.000ns
    Phase Error (PE):           0.000ns

  Maximum Data Path at Slow Process Corner: u/campaign/replay_index_2 to u/campaign/error_count_6
    Location             Delay type         Delay(ns)  Physical Resource
                                                       Logical Resource(s)
    -------------------------------------------------  -------------------
    SLICE_X27Y16.BMUX    Tshcko                0.518   u/campaign/replay_index<6>
                                                       u/campaign/replay_index_2
    SLICE_X25Y16.B6      net (fanout=391)      1.225   u/campaign/replay_index<2>
    SLICE_X25Y16.B       Tilo                  0.259   u/campaign/expected_cycles<4>
                                                       u/campaign/expected/policy_mode[2]_GND_7_o_equal_275_o<6>11
    SLICE_X25Y16.A5      net (fanout=4)        0.245   u/campaign/expected/policy_mode[2]_GND_7_o_equal_275_o<6>1
    SLICE_X25Y16.A       Tilo                  0.259   u/campaign/expected_cycles<4>
                                                       u/campaign/expected/policy_mode[2]_GND_7_o_equal_331_o<6>1
    SLICE_X23Y20.D1      net (fanout=11)       1.731   u/campaign/expected/policy_mode[2]_GND_7_o_equal_331_o
    SLICE_X23Y20.D       Tilo                  0.259   u/campaign/expected/bottleneck_fidelity<8>12
                                                       u/campaign/expected/bottleneck_fidelity<8>12
    SLICE_X23Y20.C6      net (fanout=1)        0.143   u/campaign/expected/bottleneck_fidelity<8>12
    SLICE_X23Y20.C       Tilo                  0.259   u/campaign/expected/bottleneck_fidelity<8>12
                                                       u/campaign/expected/bottleneck_fidelity<8>13
    SLICE_X29Y20.B3      net (fanout=2)        0.878   u/campaign/expected/bottleneck_fidelity<8>1
    SLICE_X29Y20.B       Tilo                  0.259   u/campaign/expected/policy_mode[2]_GND_7_o_equal_273_o
                                                       u/campaign/expected/bottleneck_fidelity<8>2
    SLICE_X28Y19.C2      net (fanout=1)        0.680   u/campaign/expected_fidelity<8>
    SLICE_X28Y19.COUT    Topcyc                0.325   u/campaign/Mcompar_norm_fidelity[15]_expected_fidelity[15]_equal_22_o_cy<3>
                                                       u/campaign/Mcompar_norm_fidelity[15]_expected_fidelity[15]_equal_22_o_lut<2>
                                                       u/campaign/Mcompar_norm_fidelity[15]_expected_fidelity[15]_equal_22_o_cy<3>
    SLICE_X28Y20.CIN     net (fanout=1)        0.003   u/campaign/Mcompar_norm_fidelity[15]_expected_fidelity[15]_equal_22_o_cy<3>
    SLICE_X28Y20.BMUX    Tcinb                 0.239   u/campaign/norm_state[7]_expected_state[7]_equal_18_o8
                                                       u/campaign/Mcompar_norm_fidelity[15]_expected_fidelity[15]_equal_22_o_cy<5>
    SLICE_X31Y19.B4      net (fanout=9)        1.077   u/campaign/norm_fidelity[15]_expected_fidelity[15]_equal_22_o
    SLICE_X31Y19.B       Tilo                  0.259   u/error_count<2>
                                                       u/campaign/_n0323_inv3_rstpot
    SLICE_X33Y18.D4      net (fanout=16)       0.596   u/campaign/_n0323_inv3_rstpot
    SLICE_X33Y18.CLK     Tas                   0.373   u/error_count<6>
                                                       u/campaign/error_count_6_dpot
                                                       u/campaign/error_count_6
    -------------------------------------------------  ---------------------------
    Total                                      9.587ns (3.009ns logic, 6.578ns route)
                                                       (31.4% logic, 68.6% route)

--------------------------------------------------------------------------------
Slack:                  0.406ns (requirement - (data path - clock path skew + uncertainty))
  Source:               u/campaign/replay_index_3 (FF)
  Destination:          u/campaign/error_count_6 (FF)
  Requirement:          10.000ns
  Data Path Delay:      9.562ns (Levels of Logic = 9)
  Clock Path Skew:      0.003ns (0.341 - 0.338)
  Source Clock:         clk_100mhz_BUFGP rising at 0.000ns
  Destination Clock:    clk_100mhz_BUFGP rising at 10.000ns
  Clock Uncertainty:    0.035ns

  Clock Uncertainty:          0.035ns  ((TSJ^2 + TIJ^2)^1/2 + DJ) / 2 + PE
    Total System Jitter (TSJ):  0.070ns
    Total Input Jitter (TIJ):   0.000ns
    Discrete Jitter (DJ):       0.000ns
    Phase Error (PE):           0.000ns

  Maximum Data Path at Slow Process Corner: u/campaign/replay_index_3 to u/campaign/error_count_6
    Location             Delay type         Delay(ns)  Physical Resource
                                                       Logical Resource(s)
    -------------------------------------------------  -------------------
    SLICE_X27Y16.CQ      Tcko                  0.430   u/campaign/replay_index<6>
                                                       u/campaign/replay_index_3
    SLICE_X23Y17.B4      net (fanout=379)      1.227   u/campaign/replay_index<3>
    SLICE_X23Y17.B       Tilo                  0.259   u/campaign/expected/policy_mode[2]_GND_7_o_equal_333_o
                                                       u/campaign/expected/out11141
    SLICE_X23Y17.A5      net (fanout=11)       0.277   u/campaign/expected/out1114
    SLICE_X23Y17.A       Tilo                  0.259   u/campaign/expected/policy_mode[2]_GND_7_o_equal_333_o
                                                       u/campaign/expected/policy_mode[2]_GND_7_o_equal_336_o<6>1
    SLICE_X25Y20.B6      net (fanout=13)       1.650   u/campaign/expected/policy_mode[2]_GND_7_o_equal_336_o
    SLICE_X25Y20.B       Tilo                  0.259   u/campaign/expected/state_id<6>1
                                                       u/campaign/expected/bottleneck_fidelity<9>1_SW0
    SLICE_X29Y20.A5      net (fanout=1)        0.497   u/campaign/expected/N32
    SLICE_X29Y20.A       Tilo                  0.259   u/campaign/expected/policy_mode[2]_GND_7_o_equal_273_o
                                                       u/campaign/expected/bottleneck_fidelity<9>1
    SLICE_X29Y20.C2      net (fanout=2)        0.537   u/campaign/expected/bottleneck_fidelity<9>1
    SLICE_X29Y20.C       Tilo                  0.259   u/campaign/expected/policy_mode[2]_GND_7_o_equal_273_o
                                                       u/campaign/expected/bottleneck_fidelity<9>
    SLICE_X28Y19.C3      net (fanout=1)        0.777   u/campaign/expected_fidelity<7>
    SLICE_X28Y19.COUT    Topcyc                0.325   u/campaign/Mcompar_norm_fidelity[15]_expected_fidelity[15]_equal_22_o_cy<3>
                                                       u/campaign/Mcompar_norm_fidelity[15]_expected_fidelity[15]_equal_22_o_lut<2>
                                                       u/campaign/Mcompar_norm_fidelity[15]_expected_fidelity[15]_equal_22_o_cy<3>
    SLICE_X28Y20.CIN     net (fanout=1)        0.003   u/campaign/Mcompar_norm_fidelity[15]_expected_fidelity[15]_equal_22_o_cy<3>
    SLICE_X28Y20.BMUX    Tcinb                 0.239   u/campaign/norm_state[7]_expected_state[7]_equal_18_o8
                                                       u/campaign/Mcompar_norm_fidelity[15]_expected_fidelity[15]_equal_22_o_cy<5>
    SLICE_X31Y19.B4      net (fanout=9)        1.077   u/campaign/norm_fidelity[15]_expected_fidelity[15]_equal_22_o
    SLICE_X31Y19.B       Tilo                  0.259   u/error_count<2>
                                                       u/campaign/_n0323_inv3_rstpot
    SLICE_X33Y18.D4      net (fanout=16)       0.596   u/campaign/_n0323_inv3_rstpot
    SLICE_X33Y18.CLK     Tas                   0.373   u/error_count<6>
                                                       u/campaign/error_count_6_dpot
                                                       u/campaign/error_count_6
    -------------------------------------------------  ---------------------------
    Total                                      9.562ns (2.921ns logic, 6.641ns route)
                                                       (30.5% logic, 69.5% route)

--------------------------------------------------------------------------------
Slack:                  0.424ns (requirement - (data path - clock path skew + uncertainty))
  Source:               u/campaign/replay_index_3 (FF)
  Destination:          u/campaign/error_count_6 (FF)
  Requirement:          10.000ns
  Data Path Delay:      9.544ns (Levels of Logic = 8)
  Clock Path Skew:      0.003ns (0.341 - 0.338)
  Source Clock:         clk_100mhz_BUFGP rising at 0.000ns
  Destination Clock:    clk_100mhz_BUFGP rising at 10.000ns
  Clock Uncertainty:    0.035ns

  Clock Uncertainty:          0.035ns  ((TSJ^2 + TIJ^2)^1/2 + DJ) / 2 + PE
    Total System Jitter (TSJ):  0.070ns
    Total Input Jitter (TIJ):   0.000ns
    Discrete Jitter (DJ):       0.000ns
    Phase Error (PE):           0.000ns

  Maximum Data Path at Slow Process Corner: u/campaign/replay_index_3 to u/campaign/error_count_6
    Location             Delay type         Delay(ns)  Physical Resource
                                                       Logical Resource(s)
    -------------------------------------------------  -------------------
    SLICE_X27Y16.CQ      Tcko                  0.430   u/campaign/replay_index<6>
                                                       u/campaign/replay_index_3
    SLICE_X23Y17.B4      net (fanout=379)      1.227   u/campaign/replay_index<3>
    SLICE_X23Y17.B       Tilo                  0.259   u/campaign/expected/policy_mode[2]_GND_7_o_equal_333_o
                                                       u/campaign/expected/out11141
    SLICE_X23Y17.A5      net (fanout=11)       0.277   u/campaign/expected/out1114
    SLICE_X23Y17.A       Tilo                  0.259   u/campaign/expected/policy_mode[2]_GND_7_o_equal_333_o
                                                       u/campaign/expected/policy_mode[2]_GND_7_o_equal_336_o<6>1
    SLICE_X21Y21.D3      net (fanout=13)       1.817   u/campaign/expected/policy_mode[2]_GND_7_o_equal_336_o
    SLICE_X21Y21.D       Tilo                  0.259   u/campaign/expected/state_id<2>5
                                                       u/campaign/expected/state_id<2>3
    SLICE_X22Y21.C5      net (fanout=1)        0.417   u/campaign/expected/state_id<2>5
    SLICE_X22Y21.C       Tilo                  0.255   u/campaign/expected/state_id<2>1
                                                       u/campaign/expected/state_id<2>4
    SLICE_X22Y19.C3      net (fanout=1)        0.719   u/campaign/expected_state<6>
    SLICE_X22Y19.C       Tilo                  0.255   u/campaign/tx_state_id<3>
                                                       u/campaign/norm_state[7]_expected_state[7]_equal_18_o82
    SLICE_X28Y20.C5      net (fanout=1)        0.729   u/campaign/norm_state[7]_expected_state[7]_equal_18_o81
    SLICE_X28Y20.C       Tilo                  0.235   u/campaign/norm_state[7]_expected_state[7]_equal_18_o8
                                                       u/campaign/norm_state[7]_expected_state[7]_equal_18_o83
    SLICE_X31Y19.B2      net (fanout=9)        1.178   u/campaign/norm_state[7]_expected_state[7]_equal_18_o
    SLICE_X31Y19.B       Tilo                  0.259   u/error_count<2>
                                                       u/campaign/_n0323_inv3_rstpot
    SLICE_X33Y18.D4      net (fanout=16)       0.596   u/campaign/_n0323_inv3_rstpot
    SLICE_X33Y18.CLK     Tas                   0.373   u/error_count<6>
                                                       u/campaign/error_count_6_dpot
                                                       u/campaign/error_count_6
    -------------------------------------------------  ---------------------------
    Total                                      9.544ns (2.584ns logic, 6.960ns route)
                                                       (27.1% logic, 72.9% route)

--------------------------------------------------------------------------------
Slack:                  0.450ns (requirement - (data path - clock path skew + uncertainty))
  Source:               u/campaign/replay_index_6 (FF)
  Destination:          u/campaign/error_count_6 (FF)
  Requirement:          10.000ns
  Data Path Delay:      9.518ns (Levels of Logic = 9)
  Clock Path Skew:      0.003ns (0.341 - 0.338)
  Source Clock:         clk_100mhz_BUFGP rising at 0.000ns
  Destination Clock:    clk_100mhz_BUFGP rising at 10.000ns
  Clock Uncertainty:    0.035ns

  Clock Uncertainty:          0.035ns  ((TSJ^2 + TIJ^2)^1/2 + DJ) / 2 + PE
    Total System Jitter (TSJ):  0.070ns
    Total Input Jitter (TIJ):   0.000ns
    Discrete Jitter (DJ):       0.000ns
    Phase Error (PE):           0.000ns

  Maximum Data Path at Slow Process Corner: u/campaign/replay_index_6 to u/campaign/error_count_6
    Location             Delay type         Delay(ns)  Physical Resource
                                                       Logical Resource(s)
    -------------------------------------------------  -------------------
    SLICE_X27Y16.DQ      Tcko                  0.430   u/campaign/replay_index<6>
                                                       u/campaign/replay_index_6
    SLICE_X27Y17.B3      net (fanout=292)      0.664   u/campaign/replay_index<6>
    SLICE_X27Y17.B       Tilo                  0.259   u/campaign/expected/policy_mode[2]_GND_7_o_equal_327_o
                                                       u/campaign/expected/out11131
    SLICE_X27Y17.A5      net (fanout=19)       0.295   u/campaign/expected/out1113
    SLICE_X27Y17.A       Tilo                  0.259   u/campaign/expected/policy_mode[2]_GND_7_o_equal_327_o
                                                       u/campaign/expected/policy_mode[2]_GND_7_o_equal_318_o<6>1
    SLICE_X27Y22.B1      net (fanout=15)       1.456   u/campaign/expected/policy_mode[2]_GND_7_o_equal_318_o
    SLICE_X27Y22.B       Tilo                  0.259   u/campaign/expected_state<0>
                                                       u/campaign/expected/state_id<1>21_SW0
    SLICE_X24Y20.A5      net (fanout=1)        0.615   u/campaign/expected/N58
    SLICE_X24Y20.A       Tilo                  0.235   u/campaign/expected/N42
                                                       u/campaign/expected/state_id<1>24
    SLICE_X22Y17.B2      net (fanout=2)        1.007   u/campaign/expected/state_id<1>2
    SLICE_X22Y17.B       Tilo                  0.254   u/campaign/expected/_n2492
                                                       u/campaign/expected/state_id<1>
    SLICE_X28Y20.D4      net (fanout=1)        0.766   u/campaign/expected_state<7>
    SLICE_X28Y20.D       Tilo                  0.235   u/campaign/norm_state[7]_expected_state[7]_equal_18_o8
                                                       u/campaign/norm_state[7]_expected_state[7]_equal_18_o81
    SLICE_X28Y20.C6      net (fanout=1)        0.143   u/campaign/norm_state[7]_expected_state[7]_equal_18_o8
    SLICE_X28Y20.C       Tilo                  0.235   u/campaign/norm_state[7]_expected_state[7]_equal_18_o8
                                                       u/campaign/norm_state[7]_expected_state[7]_equal_18_o83
    SLICE_X31Y19.B2      net (fanout=9)        1.178   u/campaign/norm_state[7]_expected_state[7]_equal_18_o
    SLICE_X31Y19.B       Tilo                  0.259   u/error_count<2>
                                                       u/campaign/_n0323_inv3_rstpot
    SLICE_X33Y18.D4      net (fanout=16)       0.596   u/campaign/_n0323_inv3_rstpot
    SLICE_X33Y18.CLK     Tas                   0.373   u/error_count<6>
                                                       u/campaign/error_count_6_dpot
                                                       u/campaign/error_count_6
    -------------------------------------------------  ---------------------------
    Total                                      9.518ns (2.798ns logic, 6.720ns route)
                                                       (29.4% logic, 70.6% route)

--------------------------------------------------------------------------------
Slack:                  0.452ns (requirement - (data path - clock path skew + uncertainty))
  Source:               u/campaign/replay_index_2 (FF)
  Destination:          u/campaign/error_count_6 (FF)
  Requirement:          10.000ns
  Data Path Delay:      9.516ns (Levels of Logic = 8)
  Clock Path Skew:      0.003ns (0.341 - 0.338)
  Source Clock:         clk_100mhz_BUFGP rising at 0.000ns
  Destination Clock:    clk_100mhz_BUFGP rising at 10.000ns
  Clock Uncertainty:    0.035ns

  Clock Uncertainty:          0.035ns  ((TSJ^2 + TIJ^2)^1/2 + DJ) / 2 + PE
    Total System Jitter (TSJ):  0.070ns
    Total Input Jitter (TIJ):   0.000ns
    Discrete Jitter (DJ):       0.000ns
    Phase Error (PE):           0.000ns

  Maximum Data Path at Slow Process Corner: u/campaign/replay_index_2 to u/campaign/error_count_6
    Location             Delay type         Delay(ns)  Physical Resource
                                                       Logical Resource(s)
    -------------------------------------------------  -------------------
    SLICE_X27Y16.BMUX    Tshcko                0.518   u/campaign/replay_index<6>
                                                       u/campaign/replay_index_2
    SLICE_X25Y16.B6      net (fanout=391)      1.225   u/campaign/replay_index<2>
    SLICE_X25Y16.B       Tilo                  0.259   u/campaign/expected_cycles<4>
                                                       u/campaign/expected/policy_mode[2]_GND_7_o_equal_275_o<6>11
    SLICE_X25Y16.A5      net (fanout=4)        0.245   u/campaign/expected/policy_mode[2]_GND_7_o_equal_275_o<6>1
    SLICE_X25Y16.A       Tilo                  0.259   u/campaign/expected_cycles<4>
                                                       u/campaign/expected/policy_mode[2]_GND_7_o_equal_331_o<6>1
    SLICE_X24Y20.A1      net (fanout=11)       1.729   u/campaign/expected/policy_mode[2]_GND_7_o_equal_331_o
    SLICE_X24Y20.A       Tilo                  0.235   u/campaign/expected/N42
                                                       u/campaign/expected/state_id<1>24
    SLICE_X22Y17.B2      net (fanout=2)        1.007   u/campaign/expected/state_id<1>2
    SLICE_X22Y17.B       Tilo                  0.254   u/campaign/expected/_n2492
                                                       u/campaign/expected/state_id<1>
    SLICE_X28Y20.D4      net (fanout=1)        0.766   u/campaign/expected_state<7>
    SLICE_X28Y20.D       Tilo                  0.235   u/campaign/norm_state[7]_expected_state[7]_equal_18_o8
                                                       u/campaign/norm_state[7]_expected_state[7]_equal_18_o81
    SLICE_X28Y20.C6      net (fanout=1)        0.143   u/campaign/norm_state[7]_expected_state[7]_equal_18_o8
    SLICE_X28Y20.C       Tilo                  0.235   u/campaign/norm_state[7]_expected_state[7]_equal_18_o8
                                                       u/campaign/norm_state[7]_expected_state[7]_equal_18_o83
    SLICE_X31Y19.B2      net (fanout=9)        1.178   u/campaign/norm_state[7]_expected_state[7]_equal_18_o
    SLICE_X31Y19.B       Tilo                  0.259   u/error_count<2>
                                                       u/campaign/_n0323_inv3_rstpot
    SLICE_X33Y18.D4      net (fanout=16)       0.596   u/campaign/_n0323_inv3_rstpot
    SLICE_X33Y18.CLK     Tas                   0.373   u/error_count<6>
                                                       u/campaign/error_count_6_dpot
                                                       u/campaign/error_count_6
    -------------------------------------------------  ---------------------------
    Total                                      9.516ns (2.627ns logic, 6.889ns route)
                                                       (27.6% logic, 72.4% route)

--------------------------------------------------------------------------------

Paths for end point u/campaign/error_count_7 (SLICE_X30Y19.A2), 8930 paths
--------------------------------------------------------------------------------
Slack:                  0.337ns (requirement - (data path - clock path skew + uncertainty))
  Source:               u/campaign/replay_index_2 (FF)
  Destination:          u/campaign/error_count_7 (FF)
  Requirement:          10.000ns
  Data Path Delay:      9.627ns (Levels of Logic = 9)
  Clock Path Skew:      -0.001ns (0.337 - 0.338)
  Source Clock:         clk_100mhz_BUFGP rising at 0.000ns
  Destination Clock:    clk_100mhz_BUFGP rising at 10.000ns
  Clock Uncertainty:    0.035ns

  Clock Uncertainty:          0.035ns  ((TSJ^2 + TIJ^2)^1/2 + DJ) / 2 + PE
    Total System Jitter (TSJ):  0.070ns
    Total Input Jitter (TIJ):   0.000ns
    Discrete Jitter (DJ):       0.000ns
    Phase Error (PE):           0.000ns

  Maximum Data Path at Slow Process Corner: u/campaign/replay_index_2 to u/campaign/error_count_7
    Location             Delay type         Delay(ns)  Physical Resource
                                                       Logical Resource(s)
    -------------------------------------------------  -------------------
    SLICE_X27Y16.BMUX    Tshcko                0.518   u/campaign/replay_index<6>
                                                       u/campaign/replay_index_2
    SLICE_X25Y16.B6      net (fanout=391)      1.225   u/campaign/replay_index<2>
    SLICE_X25Y16.B       Tilo                  0.259   u/campaign/expected_cycles<4>
                                                       u/campaign/expected/policy_mode[2]_GND_7_o_equal_275_o<6>11
    SLICE_X25Y16.A5      net (fanout=4)        0.245   u/campaign/expected/policy_mode[2]_GND_7_o_equal_275_o<6>1
    SLICE_X25Y16.A       Tilo                  0.259   u/campaign/expected_cycles<4>
                                                       u/campaign/expected/policy_mode[2]_GND_7_o_equal_331_o<6>1
    SLICE_X21Y18.C1      net (fanout=11)       2.001   u/campaign/expected/policy_mode[2]_GND_7_o_equal_331_o
    SLICE_X21Y18.C       Tilo                  0.259   u/campaign/expected/policy_mode[2]_GND_7_o_equal_276_o
                                                       u/campaign/expected/bottleneck_fidelity<10>1
    SLICE_X21Y18.B4      net (fanout=1)        0.352   u/campaign/expected/bottleneck_fidelity<10>1
    SLICE_X21Y18.B       Tilo                  0.259   u/campaign/expected/policy_mode[2]_GND_7_o_equal_276_o
                                                       u/campaign/expected/bottleneck_fidelity<10>2
    SLICE_X21Y18.A5      net (fanout=1)        0.230   u/campaign/expected/bottleneck_fidelity<10>2
    SLICE_X21Y18.A       Tilo                  0.259   u/campaign/expected/policy_mode[2]_GND_7_o_equal_276_o
                                                       u/campaign/expected/bottleneck_fidelity<10>6
    SLICE_X28Y19.C5      net (fanout=1)        0.934   u/campaign/expected_fidelity<6>
    SLICE_X28Y19.COUT    Topcyc                0.325   u/campaign/Mcompar_norm_fidelity[15]_expected_fidelity[15]_equal_22_o_cy<3>
                                                       u/campaign/Mcompar_norm_fidelity[15]_expected_fidelity[15]_equal_22_o_lut<2>
                                                       u/campaign/Mcompar_norm_fidelity[15]_expected_fidelity[15]_equal_22_o_cy<3>
    SLICE_X28Y20.CIN     net (fanout=1)        0.003   u/campaign/Mcompar_norm_fidelity[15]_expected_fidelity[15]_equal_22_o_cy<3>
    SLICE_X28Y20.BMUX    Tcinb                 0.239   u/campaign/norm_state[7]_expected_state[7]_equal_18_o8
                                                       u/campaign/Mcompar_norm_fidelity[15]_expected_fidelity[15]_equal_22_o_cy<5>
    SLICE_X31Y19.B4      net (fanout=9)        1.077   u/campaign/norm_fidelity[15]_expected_fidelity[15]_equal_22_o
    SLICE_X31Y19.B       Tilo                  0.259   u/error_count<2>
                                                       u/campaign/_n0323_inv3_rstpot
    SLICE_X30Y19.A2      net (fanout=16)       0.585   u/campaign/_n0323_inv3_rstpot
    SLICE_X30Y19.CLK     Tas                   0.339   u/error_count<10>
                                                       u/campaign/error_count_7_dpot
                                                       u/campaign/error_count_7
    -------------------------------------------------  ---------------------------
    Total                                      9.627ns (2.975ns logic, 6.652ns route)
                                                       (30.9% logic, 69.1% route)

--------------------------------------------------------------------------------
Slack:                  0.355ns (requirement - (data path - clock path skew + uncertainty))
  Source:               u/campaign/replay_index_1 (FF)
  Destination:          u/campaign/error_count_7 (FF)
  Requirement:          10.000ns
  Data Path Delay:      9.609ns (Levels of Logic = 8)
  Clock Path Skew:      -0.001ns (0.337 - 0.338)
  Source Clock:         clk_100mhz_BUFGP rising at 0.000ns
  Destination Clock:    clk_100mhz_BUFGP rising at 10.000ns
  Clock Uncertainty:    0.035ns

  Clock Uncertainty:          0.035ns  ((TSJ^2 + TIJ^2)^1/2 + DJ) / 2 + PE
    Total System Jitter (TSJ):  0.070ns
    Total Input Jitter (TIJ):   0.000ns
    Discrete Jitter (DJ):       0.000ns
    Phase Error (PE):           0.000ns

  Maximum Data Path at Slow Process Corner: u/campaign/replay_index_1 to u/campaign/error_count_7
    Location             Delay type         Delay(ns)  Physical Resource
                                                       Logical Resource(s)
    -------------------------------------------------  -------------------
    SLICE_X27Y16.BQ      Tcko                  0.430   u/campaign/replay_index<6>
                                                       u/campaign/replay_index_1
    SLICE_X21Y21.B5      net (fanout=388)      2.281   u/campaign/replay_index<1>
    SLICE_X21Y21.B       Tilo                  0.259   u/campaign/expected/state_id<2>5
                                                       u/campaign/expected/_n2713_SW0
    SLICE_X21Y21.A5      net (fanout=1)        0.230   u/campaign/expected/N14
    SLICE_X21Y21.A       Tilo                  0.259   u/campaign/expected/state_id<2>5
                                                       u/campaign/expected/_n2713
    SLICE_X19Y17.D5      net (fanout=4)        1.109   u/campaign/expected/_n2713
    SLICE_X19Y17.D       Tilo                  0.259   u/campaign/expected/bottleneck_fidelity<11>1
                                                       u/campaign/expected/bottleneck_fidelity<11>1
    SLICE_X21Y20.A4      net (fanout=1)        0.953   u/campaign/expected/bottleneck_fidelity<11>1
    SLICE_X21Y20.A       Tilo                  0.259   u/campaign/expected/policy_mode[2]_GND_7_o_equal_289_o
                                                       u/campaign/expected/bottleneck_fidelity<11>7
    SLICE_X28Y19.B6      net (fanout=1)        0.620   u/campaign/expected_fidelity<5>
    SLICE_X28Y19.COUT    Topcyb                0.448   u/campaign/Mcompar_norm_fidelity[15]_expected_fidelity[15]_equal_22_o_cy<3>
                                                       u/campaign/Mcompar_norm_fidelity[15]_expected_fidelity[15]_equal_22_o_lut<1>
                                                       u/campaign/Mcompar_norm_fidelity[15]_expected_fidelity[15]_equal_22_o_cy<3>
    SLICE_X28Y20.CIN     net (fanout=1)        0.003   u/campaign/Mcompar_norm_fidelity[15]_expected_fidelity[15]_equal_22_o_cy<3>
    SLICE_X28Y20.BMUX    Tcinb                 0.239   u/campaign/norm_state[7]_expected_state[7]_equal_18_o8
                                                       u/campaign/Mcompar_norm_fidelity[15]_expected_fidelity[15]_equal_22_o_cy<5>
    SLICE_X31Y19.B4      net (fanout=9)        1.077   u/campaign/norm_fidelity[15]_expected_fidelity[15]_equal_22_o
    SLICE_X31Y19.B       Tilo                  0.259   u/error_count<2>
                                                       u/campaign/_n0323_inv3_rstpot
    SLICE_X30Y19.A2      net (fanout=16)       0.585   u/campaign/_n0323_inv3_rstpot
    SLICE_X30Y19.CLK     Tas                   0.339   u/error_count<10>
                                                       u/campaign/error_count_7_dpot
                                                       u/campaign/error_count_7
    -------------------------------------------------  ---------------------------
    Total                                      9.609ns (2.751ns logic, 6.858ns route)
                                                       (28.6% logic, 71.4% route)

--------------------------------------------------------------------------------
Slack:                  0.363ns (requirement - (data path - clock path skew + uncertainty))
  Source:               u/campaign/replay_index_2 (FF)
  Destination:          u/campaign/error_count_7 (FF)
  Requirement:          10.000ns
  Data Path Delay:      9.601ns (Levels of Logic = 9)
  Clock Path Skew:      -0.001ns (0.337 - 0.338)
  Source Clock:         clk_100mhz_BUFGP rising at 0.000ns
  Destination Clock:    clk_100mhz_BUFGP rising at 10.000ns
  Clock Uncertainty:    0.035ns

  Clock Uncertainty:          0.035ns  ((TSJ^2 + TIJ^2)^1/2 + DJ) / 2 + PE
    Total System Jitter (TSJ):  0.070ns
    Total Input Jitter (TIJ):   0.000ns
    Discrete Jitter (DJ):       0.000ns
    Phase Error (PE):           0.000ns

  Maximum Data Path at Slow Process Corner: u/campaign/replay_index_2 to u/campaign/error_count_7
    Location             Delay type         Delay(ns)  Physical Resource
                                                       Logical Resource(s)
    -------------------------------------------------  -------------------
    SLICE_X27Y16.BMUX    Tshcko                0.518   u/campaign/replay_index<6>
                                                       u/campaign/replay_index_2
    SLICE_X23Y16.B3      net (fanout=391)      0.809   u/campaign/replay_index<2>
    SLICE_X23Y16.B       Tilo                  0.259   u/campaign/expected/policy_mode[2]_GND_7_o_equal_307_o
                                                       u/campaign/expected/policy_mode[2]_GND_7_o_equal_289_o<6>11
    SLICE_X25Y21.B3      net (fanout=18)       1.103   u/campaign/expected/policy_mode[2]_GND_7_o_equal_289_o<6>1
    SLICE_X25Y21.B       Tilo                  0.259   u/campaign/expected/policy_mode[2]_GND_7_o_equal_281_o
                                                       u/campaign/expected/policy_mode[2]_GND_7_o_equal_291_o<6>1
    SLICE_X25Y21.A3      net (fanout=10)       0.595   u/campaign/expected/policy_mode[2]_GND_7_o_equal_291_o
    SLICE_X25Y21.A       Tilo                  0.259   u/campaign/expected/policy_mode[2]_GND_7_o_equal_281_o
                                                       u/campaign/expected/state_id<1>11
    SLICE_X24Y20.A4      net (fanout=2)        0.563   u/campaign/expected/state_id<1>1
    SLICE_X24Y20.A       Tilo                  0.235   u/campaign/expected/N42
                                                       u/campaign/expected/state_id<1>24
    SLICE_X22Y17.B2      net (fanout=2)        1.007   u/campaign/expected/state_id<1>2
    SLICE_X22Y17.B       Tilo                  0.254   u/campaign/expected/_n2492
                                                       u/campaign/expected/state_id<1>
    SLICE_X28Y20.D4      net (fanout=1)        0.766   u/campaign/expected_state<7>
    SLICE_X28Y20.D       Tilo                  0.235   u/campaign/norm_state[7]_expected_state[7]_equal_18_o8
                                                       u/campaign/norm_state[7]_expected_state[7]_equal_18_o81
    SLICE_X28Y20.C6      net (fanout=1)        0.143   u/campaign/norm_state[7]_expected_state[7]_equal_18_o8
    SLICE_X28Y20.C       Tilo                  0.235   u/campaign/norm_state[7]_expected_state[7]_equal_18_o8
                                                       u/campaign/norm_state[7]_expected_state[7]_equal_18_o83
    SLICE_X31Y19.B2      net (fanout=9)        1.178   u/campaign/norm_state[7]_expected_state[7]_equal_18_o
    SLICE_X31Y19.B       Tilo                  0.259   u/error_count<2>
                                                       u/campaign/_n0323_inv3_rstpot
    SLICE_X30Y19.A2      net (fanout=16)       0.585   u/campaign/_n0323_inv3_rstpot
    SLICE_X30Y19.CLK     Tas                   0.339   u/error_count<10>
                                                       u/campaign/error_count_7_dpot
                                                       u/campaign/error_count_7
    -------------------------------------------------  ---------------------------
    Total                                      9.601ns (2.852ns logic, 6.749ns route)
                                                       (29.7% logic, 70.3% route)

--------------------------------------------------------------------------------
Slack:                  0.393ns (requirement - (data path - clock path skew + uncertainty))
  Source:               u/campaign/replay_index_2 (FF)
  Destination:          u/campaign/error_count_7 (FF)
  Requirement:          10.000ns
  Data Path Delay:      9.571ns (Levels of Logic = 8)
  Clock Path Skew:      -0.001ns (0.337 - 0.338)
  Source Clock:         clk_100mhz_BUFGP rising at 0.000ns
  Destination Clock:    clk_100mhz_BUFGP rising at 10.000ns
  Clock Uncertainty:    0.035ns

  Clock Uncertainty:          0.035ns  ((TSJ^2 + TIJ^2)^1/2 + DJ) / 2 + PE
    Total System Jitter (TSJ):  0.070ns
    Total Input Jitter (TIJ):   0.000ns
    Discrete Jitter (DJ):       0.000ns
    Phase Error (PE):           0.000ns

  Maximum Data Path at Slow Process Corner: u/campaign/replay_index_2 to u/campaign/error_count_7
    Location             Delay type         Delay(ns)  Physical Resource
                                                       Logical Resource(s)
    -------------------------------------------------  -------------------
    SLICE_X27Y16.BMUX    Tshcko                0.518   u/campaign/replay_index<6>
                                                       u/campaign/replay_index_2
    SLICE_X25Y16.B6      net (fanout=391)      1.225   u/campaign/replay_index<2>
    SLICE_X25Y16.B       Tilo                  0.259   u/campaign/expected_cycles<4>
                                                       u/campaign/expected/policy_mode[2]_GND_7_o_equal_275_o<6>11
    SLICE_X25Y16.A5      net (fanout=4)        0.245   u/campaign/expected/policy_mode[2]_GND_7_o_equal_275_o<6>1
    SLICE_X25Y16.A       Tilo                  0.259   u/campaign/expected_cycles<4>
                                                       u/campaign/expected/policy_mode[2]_GND_7_o_equal_331_o<6>1
    SLICE_X22Y21.B1      net (fanout=11)       1.746   u/campaign/expected/policy_mode[2]_GND_7_o_equal_331_o
    SLICE_X22Y21.B       Tilo                  0.254   u/campaign/expected/state_id<2>1
                                                       u/campaign/expected/state_id<7>2
    SLICE_X21Y19.D3      net (fanout=1)        0.809   u/campaign/expected/state_id<7>3
    SLICE_X21Y19.D       Tilo                  0.259   u/campaign/expected_state<1>
                                                       u/campaign/expected/state_id<7>4
    SLICE_X22Y19.C5      net (fanout=1)        0.417   u/campaign/expected_state<1>
    SLICE_X22Y19.C       Tilo                  0.255   u/campaign/tx_state_id<3>
                                                       u/campaign/norm_state[7]_expected_state[7]_equal_18_o82
    SLICE_X28Y20.C5      net (fanout=1)        0.729   u/campaign/norm_state[7]_expected_state[7]_equal_18_o81
    SLICE_X28Y20.C       Tilo                  0.235   u/campaign/norm_state[7]_expected_state[7]_equal_18_o8
                                                       u/campaign/norm_state[7]_expected_state[7]_equal_18_o83
    SLICE_X31Y19.B2      net (fanout=9)        1.178   u/campaign/norm_state[7]_expected_state[7]_equal_18_o
    SLICE_X31Y19.B       Tilo                  0.259   u/error_count<2>
                                                       u/campaign/_n0323_inv3_rstpot
    SLICE_X30Y19.A2      net (fanout=16)       0.585   u/campaign/_n0323_inv3_rstpot
    SLICE_X30Y19.CLK     Tas                   0.339   u/error_count<10>
                                                       u/campaign/error_count_7_dpot
                                                       u/campaign/error_count_7
    -------------------------------------------------  ---------------------------
    Total                                      9.571ns (2.637ns logic, 6.934ns route)
                                                       (27.6% logic, 72.4% route)

--------------------------------------------------------------------------------
Slack:                  0.412ns (requirement - (data path - clock path skew + uncertainty))
  Source:               u/campaign/replay_index_2 (FF)
  Destination:          u/campaign/error_count_7 (FF)
  Requirement:          10.000ns
  Data Path Delay:      9.552ns (Levels of Logic = 8)
  Clock Path Skew:      -0.001ns (0.337 - 0.338)
  Source Clock:         clk_100mhz_BUFGP rising at 0.000ns
  Destination Clock:    clk_100mhz_BUFGP rising at 10.000ns
  Clock Uncertainty:    0.035ns

  Clock Uncertainty:          0.035ns  ((TSJ^2 + TIJ^2)^1/2 + DJ) / 2 + PE
    Total System Jitter (TSJ):  0.070ns
    Total Input Jitter (TIJ):   0.000ns
    Discrete Jitter (DJ):       0.000ns
    Phase Error (PE):           0.000ns

  Maximum Data Path at Slow Process Corner: u/campaign/replay_index_2 to u/campaign/error_count_7
    Location             Delay type         Delay(ns)  Physical Resource
                                                       Logical Resource(s)
    -------------------------------------------------  -------------------
    SLICE_X27Y16.BMUX    Tshcko                0.518   u/campaign/replay_index<6>
                                                       u/campaign/replay_index_2
    SLICE_X25Y21.C3      net (fanout=391)      2.014   u/campaign/replay_index<2>
    SLICE_X25Y21.C       Tilo                  0.259   u/campaign/expected/policy_mode[2]_GND_7_o_equal_281_o
                                                       u/campaign/expected/policy_mode[2]_GND_7_o_equal_282_o<6>1
    SLICE_X26Y22.A5      net (fanout=6)        0.744   u/campaign/expected/policy_mode[2]_GND_7_o_equal_282_o
    SLICE_X26Y22.A       Tilo                  0.254   u/campaign/expected_score<6>
                                                       u/campaign/expected/state_id<5>3
    SLICE_X24Y20.D6      net (fanout=2)        0.788   u/campaign/expected/state_id<5>3
    SLICE_X24Y20.D       Tilo                  0.235   u/campaign/expected/N42
                                                       u/campaign/expected/state_id<5>_SW0
    SLICE_X23Y19.B3      net (fanout=1)        0.574   u/campaign/expected/N42
    SLICE_X23Y19.B       Tilo                  0.259   u/campaign/expected/bottleneck_fidelity<8>11
                                                       u/campaign/expected/state_id<5>
    SLICE_X22Y19.C6      net (fanout=1)        0.327   u/campaign/expected_state<3>
    SLICE_X22Y19.C       Tilo                  0.255   u/campaign/tx_state_id<3>
                                                       u/campaign/norm_state[7]_expected_state[7]_equal_18_o82
    SLICE_X28Y20.C5      net (fanout=1)        0.729   u/campaign/norm_state[7]_expected_state[7]_equal_18_o81
    SLICE_X28Y20.C       Tilo                  0.235   u/campaign/norm_state[7]_expected_state[7]_equal_18_o8
                                                       u/campaign/norm_state[7]_expected_state[7]_equal_18_o83
    SLICE_X31Y19.B2      net (fanout=9)        1.178   u/campaign/norm_state[7]_expected_state[7]_equal_18_o
    SLICE_X31Y19.B       Tilo                  0.259   u/error_count<2>
                                                       u/campaign/_n0323_inv3_rstpot
    SLICE_X30Y19.A2      net (fanout=16)       0.585   u/campaign/_n0323_inv3_rstpot
    SLICE_X30Y19.CLK     Tas                   0.339   u/error_count<10>
                                                       u/campaign/error_count_7_dpot
                                                       u/campaign/error_count_7
    -------------------------------------------------  ---------------------------
    Total                                      9.552ns (2.613ns logic, 6.939ns route)
                                                       (27.4% logic, 72.6% route)

--------------------------------------------------------------------------------
Slack:                  0.422ns (requirement - (data path - clock path skew + uncertainty))
  Source:               u/campaign/replay_index_2 (FF)
  Destination:          u/campaign/error_count_7 (FF)
  Requirement:          10.000ns
  Data Path Delay:      9.542ns (Levels of Logic = 9)
  Clock Path Skew:      -0.001ns (0.337 - 0.338)
  Source Clock:         clk_100mhz_BUFGP rising at 0.000ns
  Destination Clock:    clk_100mhz_BUFGP rising at 10.000ns
  Clock Uncertainty:    0.035ns

  Clock Uncertainty:          0.035ns  ((TSJ^2 + TIJ^2)^1/2 + DJ) / 2 + PE
    Total System Jitter (TSJ):  0.070ns
    Total Input Jitter (TIJ):   0.000ns
    Discrete Jitter (DJ):       0.000ns
    Phase Error (PE):           0.000ns

  Maximum Data Path at Slow Process Corner: u/campaign/replay_index_2 to u/campaign/error_count_7
    Location             Delay type         Delay(ns)  Physical Resource
                                                       Logical Resource(s)
    -------------------------------------------------  -------------------
    SLICE_X27Y16.BMUX    Tshcko                0.518   u/campaign/replay_index<6>
                                                       u/campaign/replay_index_2
    SLICE_X25Y16.B6      net (fanout=391)      1.225   u/campaign/replay_index<2>
    SLICE_X25Y16.B       Tilo                  0.259   u/campaign/expected_cycles<4>
                                                       u/campaign/expected/policy_mode[2]_GND_7_o_equal_275_o<6>11
    SLICE_X25Y16.A5      net (fanout=4)        0.245   u/campaign/expected/policy_mode[2]_GND_7_o_equal_275_o<6>1
    SLICE_X25Y16.A       Tilo                  0.259   u/campaign/expected_cycles<4>
                                                       u/campaign/expected/policy_mode[2]_GND_7_o_equal_331_o<6>1
    SLICE_X23Y20.D1      net (fanout=11)       1.731   u/campaign/expected/policy_mode[2]_GND_7_o_equal_331_o
    SLICE_X23Y20.D       Tilo                  0.259   u/campaign/expected/bottleneck_fidelity<8>12
                                                       u/campaign/expected/bottleneck_fidelity<8>12
    SLICE_X23Y20.C6      net (fanout=1)        0.143   u/campaign/expected/bottleneck_fidelity<8>12
    SLICE_X23Y20.C       Tilo                  0.259   u/campaign/expected/bottleneck_fidelity<8>12
                                                       u/campaign/expected/bottleneck_fidelity<8>13
    SLICE_X29Y20.B3      net (fanout=2)        0.878   u/campaign/expected/bottleneck_fidelity<8>1
    SLICE_X29Y20.B       Tilo                  0.259   u/campaign/expected/policy_mode[2]_GND_7_o_equal_273_o
                                                       u/campaign/expected/bottleneck_fidelity<8>2
    SLICE_X28Y19.C2      net (fanout=1)        0.680   u/campaign/expected_fidelity<8>
    SLICE_X28Y19.COUT    Topcyc                0.325   u/campaign/Mcompar_norm_fidelity[15]_expected_fidelity[15]_equal_22_o_cy<3>
                                                       u/campaign/Mcompar_norm_fidelity[15]_expected_fidelity[15]_equal_22_o_lut<2>
                                                       u/campaign/Mcompar_norm_fidelity[15]_expected_fidelity[15]_equal_22_o_cy<3>
    SLICE_X28Y20.CIN     net (fanout=1)        0.003   u/campaign/Mcompar_norm_fidelity[15]_expected_fidelity[15]_equal_22_o_cy<3>
    SLICE_X28Y20.BMUX    Tcinb                 0.239   u/campaign/norm_state[7]_expected_state[7]_equal_18_o8
                                                       u/campaign/Mcompar_norm_fidelity[15]_expected_fidelity[15]_equal_22_o_cy<5>
    SLICE_X31Y19.B4      net (fanout=9)        1.077   u/campaign/norm_fidelity[15]_expected_fidelity[15]_equal_22_o
    SLICE_X31Y19.B       Tilo                  0.259   u/error_count<2>
                                                       u/campaign/_n0323_inv3_rstpot
    SLICE_X30Y19.A2      net (fanout=16)       0.585   u/campaign/_n0323_inv3_rstpot
    SLICE_X30Y19.CLK     Tas                   0.339   u/error_count<10>
                                                       u/campaign/error_count_7_dpot
                                                       u/campaign/error_count_7
    -------------------------------------------------  ---------------------------
    Total                                      9.542ns (2.975ns logic, 6.567ns route)
                                                       (31.2% logic, 68.8% route)

--------------------------------------------------------------------------------
Slack:                  0.447ns (requirement - (data path - clock path skew + uncertainty))
  Source:               u/campaign/replay_index_3 (FF)
  Destination:          u/campaign/error_count_7 (FF)
  Requirement:          10.000ns
  Data Path Delay:      9.517ns (Levels of Logic = 9)
  Clock Path Skew:      -0.001ns (0.337 - 0.338)
  Source Clock:         clk_100mhz_BUFGP rising at 0.000ns
  Destination Clock:    clk_100mhz_BUFGP rising at 10.000ns
  Clock Uncertainty:    0.035ns

  Clock Uncertainty:          0.035ns  ((TSJ^2 + TIJ^2)^1/2 + DJ) / 2 + PE
    Total System Jitter (TSJ):  0.070ns
    Total Input Jitter (TIJ):   0.000ns
    Discrete Jitter (DJ):       0.000ns
    Phase Error (PE):           0.000ns

  Maximum Data Path at Slow Process Corner: u/campaign/replay_index_3 to u/campaign/error_count_7
    Location             Delay type         Delay(ns)  Physical Resource
                                                       Logical Resource(s)
    -------------------------------------------------  -------------------
    SLICE_X27Y16.CQ      Tcko                  0.430   u/campaign/replay_index<6>
                                                       u/campaign/replay_index_3
    SLICE_X23Y17.B4      net (fanout=379)      1.227   u/campaign/replay_index<3>
    SLICE_X23Y17.B       Tilo                  0.259   u/campaign/expected/policy_mode[2]_GND_7_o_equal_333_o
                                                       u/campaign/expected/out11141
    SLICE_X23Y17.A5      net (fanout=11)       0.277   u/campaign/expected/out1114
    SLICE_X23Y17.A       Tilo                  0.259   u/campaign/expected/policy_mode[2]_GND_7_o_equal_333_o
                                                       u/campaign/expected/policy_mode[2]_GND_7_o_equal_336_o<6>1
    SLICE_X25Y20.B6      net (fanout=13)       1.650   u/campaign/expected/policy_mode[2]_GND_7_o_equal_336_o
    SLICE_X25Y20.B       Tilo                  0.259   u/campaign/expected/state_id<6>1
                                                       u/campaign/expected/bottleneck_fidelity<9>1_SW0
    SLICE_X29Y20.A5      net (fanout=1)        0.497   u/campaign/expected/N32
    SLICE_X29Y20.A       Tilo                  0.259   u/campaign/expected/policy_mode[2]_GND_7_o_equal_273_o
                                                       u/campaign/expected/bottleneck_fidelity<9>1
    SLICE_X29Y20.C2      net (fanout=2)        0.537   u/campaign/expected/bottleneck_fidelity<9>1
    SLICE_X29Y20.C       Tilo                  0.259   u/campaign/expected/policy_mode[2]_GND_7_o_equal_273_o
                                                       u/campaign/expected/bottleneck_fidelity<9>
    SLICE_X28Y19.C3      net (fanout=1)        0.777   u/campaign/expected_fidelity<7>
    SLICE_X28Y19.COUT    Topcyc                0.325   u/campaign/Mcompar_norm_fidelity[15]_expected_fidelity[15]_equal_22_o_cy<3>
                                                       u/campaign/Mcompar_norm_fidelity[15]_expected_fidelity[15]_equal_22_o_lut<2>
                                                       u/campaign/Mcompar_norm_fidelity[15]_expected_fidelity[15]_equal_22_o_cy<3>
    SLICE_X28Y20.CIN     net (fanout=1)        0.003   u/campaign/Mcompar_norm_fidelity[15]_expected_fidelity[15]_equal_22_o_cy<3>
    SLICE_X28Y20.BMUX    Tcinb                 0.239   u/campaign/norm_state[7]_expected_state[7]_equal_18_o8
                                                       u/campaign/Mcompar_norm_fidelity[15]_expected_fidelity[15]_equal_22_o_cy<5>
    SLICE_X31Y19.B4      net (fanout=9)        1.077   u/campaign/norm_fidelity[15]_expected_fidelity[15]_equal_22_o
    SLICE_X31Y19.B       Tilo                  0.259   u/error_count<2>
                                                       u/campaign/_n0323_inv3_rstpot
    SLICE_X30Y19.A2      net (fanout=16)       0.585   u/campaign/_n0323_inv3_rstpot
    SLICE_X30Y19.CLK     Tas                   0.339   u/error_count<10>
                                                       u/campaign/error_count_7_dpot
                                                       u/campaign/error_count_7
    -------------------------------------------------  ---------------------------
    Total                                      9.517ns (2.887ns logic, 6.630ns route)
                                                       (30.3% logic, 69.7% route)

--------------------------------------------------------------------------------
Slack:                  0.465ns (requirement - (data path - clock path skew + uncertainty))
  Source:               u/campaign/replay_index_3 (FF)
  Destination:          u/campaign/error_count_7 (FF)
  Requirement:          10.000ns
  Data Path Delay:      9.499ns (Levels of Logic = 8)
  Clock Path Skew:      -0.001ns (0.337 - 0.338)
  Source Clock:         clk_100mhz_BUFGP rising at 0.000ns
  Destination Clock:    clk_100mhz_BUFGP rising at 10.000ns
  Clock Uncertainty:    0.035ns

  Clock Uncertainty:          0.035ns  ((TSJ^2 + TIJ^2)^1/2 + DJ) / 2 + PE
    Total System Jitter (TSJ):  0.070ns
    Total Input Jitter (TIJ):   0.000ns
    Discrete Jitter (DJ):       0.000ns
    Phase Error (PE):           0.000ns

  Maximum Data Path at Slow Process Corner: u/campaign/replay_index_3 to u/campaign/error_count_7
    Location             Delay type         Delay(ns)  Physical Resource
                                                       Logical Resource(s)
    -------------------------------------------------  -------------------
    SLICE_X27Y16.CQ      Tcko                  0.430   u/campaign/replay_index<6>
                                                       u/campaign/replay_index_3
    SLICE_X23Y17.B4      net (fanout=379)      1.227   u/campaign/replay_index<3>
    SLICE_X23Y17.B       Tilo                  0.259   u/campaign/expected/policy_mode[2]_GND_7_o_equal_333_o
                                                       u/campaign/expected/out11141
    SLICE_X23Y17.A5      net (fanout=11)       0.277   u/campaign/expected/out1114
    SLICE_X23Y17.A       Tilo                  0.259   u/campaign/expected/policy_mode[2]_GND_7_o_equal_333_o
                                                       u/campaign/expected/policy_mode[2]_GND_7_o_equal_336_o<6>1
    SLICE_X21Y21.D3      net (fanout=13)       1.817   u/campaign/expected/policy_mode[2]_GND_7_o_equal_336_o
    SLICE_X21Y21.D       Tilo                  0.259   u/campaign/expected/state_id<2>5
                                                       u/campaign/expected/state_id<2>3
    SLICE_X22Y21.C5      net (fanout=1)        0.417   u/campaign/expected/state_id<2>5
    SLICE_X22Y21.C       Tilo                  0.255   u/campaign/expected/state_id<2>1
                                                       u/campaign/expected/state_id<2>4
    SLICE_X22Y19.C3      net (fanout=1)        0.719   u/campaign/expected_state<6>
    SLICE_X22Y19.C       Tilo                  0.255   u/campaign/tx_state_id<3>
                                                       u/campaign/norm_state[7]_expected_state[7]_equal_18_o82
    SLICE_X28Y20.C5      net (fanout=1)        0.729   u/campaign/norm_state[7]_expected_state[7]_equal_18_o81
    SLICE_X28Y20.C       Tilo                  0.235   u/campaign/norm_state[7]_expected_state[7]_equal_18_o8
                                                       u/campaign/norm_state[7]_expected_state[7]_equal_18_o83
    SLICE_X31Y19.B2      net (fanout=9)        1.178   u/campaign/norm_state[7]_expected_state[7]_equal_18_o
    SLICE_X31Y19.B       Tilo                  0.259   u/error_count<2>
                                                       u/campaign/_n0323_inv3_rstpot
    SLICE_X30Y19.A2      net (fanout=16)       0.585   u/campaign/_n0323_inv3_rstpot
    SLICE_X30Y19.CLK     Tas                   0.339   u/error_count<10>
                                                       u/campaign/error_count_7_dpot
                                                       u/campaign/error_count_7
    -------------------------------------------------  ---------------------------
    Total                                      9.499ns (2.550ns logic, 6.949ns route)
                                                       (26.8% logic, 73.2% route)

--------------------------------------------------------------------------------
Slack:                  0.491ns (requirement - (data path - clock path skew + uncertainty))
  Source:               u/campaign/replay_index_6 (FF)
  Destination:          u/campaign/error_count_7 (FF)
  Requirement:          10.000ns
  Data Path Delay:      9.473ns (Levels of Logic = 9)
  Clock Path Skew:      -0.001ns (0.337 - 0.338)
  Source Clock:         clk_100mhz_BUFGP rising at 0.000ns
  Destination Clock:    clk_100mhz_BUFGP rising at 10.000ns
  Clock Uncertainty:    0.035ns

  Clock Uncertainty:          0.035ns  ((TSJ^2 + TIJ^2)^1/2 + DJ) / 2 + PE
    Total System Jitter (TSJ):  0.070ns
    Total Input Jitter (TIJ):   0.000ns
    Discrete Jitter (DJ):       0.000ns
    Phase Error (PE):           0.000ns

  Maximum Data Path at Slow Process Corner: u/campaign/replay_index_6 to u/campaign/error_count_7
    Location             Delay type         Delay(ns)  Physical Resource
                                                       Logical Resource(s)
    -------------------------------------------------  -------------------
    SLICE_X27Y16.DQ      Tcko                  0.430   u/campaign/replay_index<6>
                                                       u/campaign/replay_index_6
    SLICE_X27Y17.B3      net (fanout=292)      0.664   u/campaign/replay_index<6>
    SLICE_X27Y17.B       Tilo                  0.259   u/campaign/expected/policy_mode[2]_GND_7_o_equal_327_o
                                                       u/campaign/expected/out11131
    SLICE_X27Y17.A5      net (fanout=19)       0.295   u/campaign/expected/out1113
    SLICE_X27Y17.A       Tilo                  0.259   u/campaign/expected/policy_mode[2]_GND_7_o_equal_327_o
                                                       u/campaign/expected/policy_mode[2]_GND_7_o_equal_318_o<6>1
    SLICE_X27Y22.B1      net (fanout=15)       1.456   u/campaign/expected/policy_mode[2]_GND_7_o_equal_318_o
    SLICE_X27Y22.B       Tilo                  0.259   u/campaign/expected_state<0>
                                                       u/campaign/expected/state_id<1>21_SW0
    SLICE_X24Y20.A5      net (fanout=1)        0.615   u/campaign/expected/N58
    SLICE_X24Y20.A       Tilo                  0.235   u/campaign/expected/N42
                                                       u/campaign/expected/state_id<1>24
    SLICE_X22Y17.B2      net (fanout=2)        1.007   u/campaign/expected/state_id<1>2
    SLICE_X22Y17.B       Tilo                  0.254   u/campaign/expected/_n2492
                                                       u/campaign/expected/state_id<1>
    SLICE_X28Y20.D4      net (fanout=1)        0.766   u/campaign/expected_state<7>
    SLICE_X28Y20.D       Tilo                  0.235   u/campaign/norm_state[7]_expected_state[7]_equal_18_o8
                                                       u/campaign/norm_state[7]_expected_state[7]_equal_18_o81
    SLICE_X28Y20.C6      net (fanout=1)        0.143   u/campaign/norm_state[7]_expected_state[7]_equal_18_o8
    SLICE_X28Y20.C       Tilo                  0.235   u/campaign/norm_state[7]_expected_state[7]_equal_18_o8
                                                       u/campaign/norm_state[7]_expected_state[7]_equal_18_o83
    SLICE_X31Y19.B2      net (fanout=9)        1.178   u/campaign/norm_state[7]_expected_state[7]_equal_18_o
    SLICE_X31Y19.B       Tilo                  0.259   u/error_count<2>
                                                       u/campaign/_n0323_inv3_rstpot
    SLICE_X30Y19.A2      net (fanout=16)       0.585   u/campaign/_n0323_inv3_rstpot
    SLICE_X30Y19.CLK     Tas                   0.339   u/error_count<10>
                                                       u/campaign/error_count_7_dpot
                                                       u/campaign/error_count_7
    -------------------------------------------------  ---------------------------
    Total                                      9.473ns (2.764ns logic, 6.709ns route)
                                                       (29.2% logic, 70.8% route)

--------------------------------------------------------------------------------
Slack:                  0.493ns (requirement - (data path - clock path skew + uncertainty))
  Source:               u/campaign/replay_index_2 (FF)
  Destination:          u/campaign/error_count_7 (FF)
  Requirement:          10.000ns
  Data Path Delay:      9.471ns (Levels of Logic = 8)
  Clock Path Skew:      -0.001ns (0.337 - 0.338)
  Source Clock:         clk_100mhz_BUFGP rising at 0.000ns
  Destination Clock:    clk_100mhz_BUFGP rising at 10.000ns
  Clock Uncertainty:    0.035ns

  Clock Uncertainty:          0.035ns  ((TSJ^2 + TIJ^2)^1/2 + DJ) / 2 + PE
    Total System Jitter (TSJ):  0.070ns
    Total Input Jitter (TIJ):   0.000ns
    Discrete Jitter (DJ):       0.000ns
    Phase Error (PE):           0.000ns

  Maximum Data Path at Slow Process Corner: u/campaign/replay_index_2 to u/campaign/error_count_7
    Location             Delay type         Delay(ns)  Physical Resource
                                                       Logical Resource(s)
    -------------------------------------------------  -------------------
    SLICE_X27Y16.BMUX    Tshcko                0.518   u/campaign/replay_index<6>
                                                       u/campaign/replay_index_2
    SLICE_X25Y16.B6      net (fanout=391)      1.225   u/campaign/replay_index<2>
    SLICE_X25Y16.B       Tilo                  0.259   u/campaign/expected_cycles<4>
                                                       u/campaign/expected/policy_mode[2]_GND_7_o_equal_275_o<6>11
    SLICE_X25Y16.A5      net (fanout=4)        0.245   u/campaign/expected/policy_mode[2]_GND_7_o_equal_275_o<6>1
    SLICE_X25Y16.A       Tilo                  0.259   u/campaign/expected_cycles<4>
                                                       u/campaign/expected/policy_mode[2]_GND_7_o_equal_331_o<6>1
    SLICE_X24Y20.A1      net (fanout=11)       1.729   u/campaign/expected/policy_mode[2]_GND_7_o_equal_331_o
    SLICE_X24Y20.A       Tilo                  0.235   u/campaign/expected/N42
                                                       u/campaign/expected/state_id<1>24
    SLICE_X22Y17.B2      net (fanout=2)        1.007   u/campaign/expected/state_id<1>2
    SLICE_X22Y17.B       Tilo                  0.254   u/campaign/expected/_n2492
                                                       u/campaign/expected/state_id<1>
    SLICE_X28Y20.D4      net (fanout=1)        0.766   u/campaign/expected_state<7>
    SLICE_X28Y20.D       Tilo                  0.235   u/campaign/norm_state[7]_expected_state[7]_equal_18_o8
                                                       u/campaign/norm_state[7]_expected_state[7]_equal_18_o81
    SLICE_X28Y20.C6      net (fanout=1)        0.143   u/campaign/norm_state[7]_expected_state[7]_equal_18_o8
    SLICE_X28Y20.C       Tilo                  0.235   u/campaign/norm_state[7]_expected_state[7]_equal_18_o8
                                                       u/campaign/norm_state[7]_expected_state[7]_equal_18_o83
    SLICE_X31Y19.B2      net (fanout=9)        1.178   u/campaign/norm_state[7]_expected_state[7]_equal_18_o
    SLICE_X31Y19.B       Tilo                  0.259   u/error_count<2>
                                                       u/campaign/_n0323_inv3_rstpot
    SLICE_X30Y19.A2      net (fanout=16)       0.585   u/campaign/_n0323_inv3_rstpot
    SLICE_X30Y19.CLK     Tas                   0.339   u/error_count<10>
                                                       u/campaign/error_count_7_dpot
                                                       u/campaign/error_count_7
    -------------------------------------------------  ---------------------------
    Total                                      9.471ns (2.593ns logic, 6.878ns route)
                                                       (27.4% logic, 72.6% route)

--------------------------------------------------------------------------------

Paths for end point u/campaign/error_count_12 (SLICE_X31Y18.B5), 8930 paths
--------------------------------------------------------------------------------
Slack:                  0.391ns (requirement - (data path - clock path skew + uncertainty))
  Source:               u/campaign/replay_index_2 (FF)
  Destination:          u/campaign/error_count_12 (FF)
  Requirement:          10.000ns
  Data Path Delay:      9.574ns (Levels of Logic = 9)
  Clock Path Skew:      0.000ns
  Source Clock:         clk_100mhz_BUFGP rising at 0.000ns
  Destination Clock:    clk_100mhz_BUFGP rising at 10.000ns
  Clock Uncertainty:    0.035ns

  Clock Uncertainty:          0.035ns  ((TSJ^2 + TIJ^2)^1/2 + DJ) / 2 + PE
    Total System Jitter (TSJ):  0.070ns
    Total Input Jitter (TIJ):   0.000ns
    Discrete Jitter (DJ):       0.000ns
    Phase Error (PE):           0.000ns

  Maximum Data Path at Slow Process Corner: u/campaign/replay_index_2 to u/campaign/error_count_12
    Location             Delay type         Delay(ns)  Physical Resource
                                                       Logical Resource(s)
    -------------------------------------------------  -------------------
    SLICE_X27Y16.BMUX    Tshcko                0.518   u/campaign/replay_index<6>
                                                       u/campaign/replay_index_2
    SLICE_X25Y16.B6      net (fanout=391)      1.225   u/campaign/replay_index<2>
    SLICE_X25Y16.B       Tilo                  0.259   u/campaign/expected_cycles<4>
                                                       u/campaign/expected/policy_mode[2]_GND_7_o_equal_275_o<6>11
    SLICE_X25Y16.A5      net (fanout=4)        0.245   u/campaign/expected/policy_mode[2]_GND_7_o_equal_275_o<6>1
    SLICE_X25Y16.A       Tilo                  0.259   u/campaign/expected_cycles<4>
                                                       u/campaign/expected/policy_mode[2]_GND_7_o_equal_331_o<6>1
    SLICE_X21Y18.C1      net (fanout=11)       2.001   u/campaign/expected/policy_mode[2]_GND_7_o_equal_331_o
    SLICE_X21Y18.C       Tilo                  0.259   u/campaign/expected/policy_mode[2]_GND_7_o_equal_276_o
                                                       u/campaign/expected/bottleneck_fidelity<10>1
    SLICE_X21Y18.B4      net (fanout=1)        0.352   u/campaign/expected/bottleneck_fidelity<10>1
    SLICE_X21Y18.B       Tilo                  0.259   u/campaign/expected/policy_mode[2]_GND_7_o_equal_276_o
                                                       u/campaign/expected/bottleneck_fidelity<10>2
    SLICE_X21Y18.A5      net (fanout=1)        0.230   u/campaign/expected/bottleneck_fidelity<10>2
    SLICE_X21Y18.A       Tilo                  0.259   u/campaign/expected/policy_mode[2]_GND_7_o_equal_276_o
                                                       u/campaign/expected/bottleneck_fidelity<10>6
    SLICE_X28Y19.C5      net (fanout=1)        0.934   u/campaign/expected_fidelity<6>
    SLICE_X28Y19.COUT    Topcyc                0.325   u/campaign/Mcompar_norm_fidelity[15]_expected_fidelity[15]_equal_22_o_cy<3>
                                                       u/campaign/Mcompar_norm_fidelity[15]_expected_fidelity[15]_equal_22_o_lut<2>
                                                       u/campaign/Mcompar_norm_fidelity[15]_expected_fidelity[15]_equal_22_o_cy<3>
    SLICE_X28Y20.CIN     net (fanout=1)        0.003   u/campaign/Mcompar_norm_fidelity[15]_expected_fidelity[15]_equal_22_o_cy<3>
    SLICE_X28Y20.BMUX    Tcinb                 0.239   u/campaign/norm_state[7]_expected_state[7]_equal_18_o8
                                                       u/campaign/Mcompar_norm_fidelity[15]_expected_fidelity[15]_equal_22_o_cy<5>
    SLICE_X31Y19.B4      net (fanout=9)        1.077   u/campaign/norm_fidelity[15]_expected_fidelity[15]_equal_22_o
    SLICE_X31Y19.B       Tilo                  0.259   u/error_count<2>
                                                       u/campaign/_n0323_inv3_rstpot
    SLICE_X31Y18.B5      net (fanout=16)       0.498   u/campaign/_n0323_inv3_rstpot
    SLICE_X31Y18.CLK     Tas                   0.373   u/error_count<14>
                                                       u/campaign/error_count_12_dpot
                                                       u/campaign/error_count_12
    -------------------------------------------------  ---------------------------
    Total                                      9.574ns (3.009ns logic, 6.565ns route)
                                                       (31.4% logic, 68.6% route)

--------------------------------------------------------------------------------
Slack:                  0.409ns (requirement - (data path - clock path skew + uncertainty))
  Source:               u/campaign/replay_index_1 (FF)
  Destination:          u/campaign/error_count_12 (FF)
  Requirement:          10.000ns
  Data Path Delay:      9.556ns (Levels of Logic = 8)
  Clock Path Skew:      0.000ns
  Source Clock:         clk_100mhz_BUFGP rising at 0.000ns
  Destination Clock:    clk_100mhz_BUFGP rising at 10.000ns
  Clock Uncertainty:    0.035ns

  Clock Uncertainty:          0.035ns  ((TSJ^2 + TIJ^2)^1/2 + DJ) / 2 + PE
    Total System Jitter (TSJ):  0.070ns
    Total Input Jitter (TIJ):   0.000ns
    Discrete Jitter (DJ):       0.000ns
    Phase Error (PE):           0.000ns

  Maximum Data Path at Slow Process Corner: u/campaign/replay_index_1 to u/campaign/error_count_12
    Location             Delay type         Delay(ns)  Physical Resource
                                                       Logical Resource(s)
    -------------------------------------------------  -------------------
    SLICE_X27Y16.BQ      Tcko                  0.430   u/campaign/replay_index<6>
                                                       u/campaign/replay_index_1
    SLICE_X21Y21.B5      net (fanout=388)      2.281   u/campaign/replay_index<1>
    SLICE_X21Y21.B       Tilo                  0.259   u/campaign/expected/state_id<2>5
                                                       u/campaign/expected/_n2713_SW0
    SLICE_X21Y21.A5      net (fanout=1)        0.230   u/campaign/expected/N14
    SLICE_X21Y21.A       Tilo                  0.259   u/campaign/expected/state_id<2>5
                                                       u/campaign/expected/_n2713
    SLICE_X19Y17.D5      net (fanout=4)        1.109   u/campaign/expected/_n2713
    SLICE_X19Y17.D       Tilo                  0.259   u/campaign/expected/bottleneck_fidelity<11>1
                                                       u/campaign/expected/bottleneck_fidelity<11>1
    SLICE_X21Y20.A4      net (fanout=1)        0.953   u/campaign/expected/bottleneck_fidelity<11>1
    SLICE_X21Y20.A       Tilo                  0.259   u/campaign/expected/policy_mode[2]_GND_7_o_equal_289_o
                                                       u/campaign/expected/bottleneck_fidelity<11>7
    SLICE_X28Y19.B6      net (fanout=1)        0.620   u/campaign/expected_fidelity<5>
    SLICE_X28Y19.COUT    Topcyb                0.448   u/campaign/Mcompar_norm_fidelity[15]_expected_fidelity[15]_equal_22_o_cy<3>
                                                       u/campaign/Mcompar_norm_fidelity[15]_expected_fidelity[15]_equal_22_o_lut<1>
                                                       u/campaign/Mcompar_norm_fidelity[15]_expected_fidelity[15]_equal_22_o_cy<3>
    SLICE_X28Y20.CIN     net (fanout=1)        0.003   u/campaign/Mcompar_norm_fidelity[15]_expected_fidelity[15]_equal_22_o_cy<3>
    SLICE_X28Y20.BMUX    Tcinb                 0.239   u/campaign/norm_state[7]_expected_state[7]_equal_18_o8
                                                       u/campaign/Mcompar_norm_fidelity[15]_expected_fidelity[15]_equal_22_o_cy<5>
    SLICE_X31Y19.B4      net (fanout=9)        1.077   u/campaign/norm_fidelity[15]_expected_fidelity[15]_equal_22_o
    SLICE_X31Y19.B       Tilo                  0.259   u/error_count<2>
                                                       u/campaign/_n0323_inv3_rstpot
    SLICE_X31Y18.B5      net (fanout=16)       0.498   u/campaign/_n0323_inv3_rstpot
    SLICE_X31Y18.CLK     Tas                   0.373   u/error_count<14>
                                                       u/campaign/error_count_12_dpot
                                                       u/campaign/error_count_12
    -------------------------------------------------  ---------------------------
    Total                                      9.556ns (2.785ns logic, 6.771ns route)
                                                       (29.1% logic, 70.9% route)

--------------------------------------------------------------------------------
Slack:                  0.417ns (requirement - (data path - clock path skew + uncertainty))
  Source:               u/campaign/replay_index_2 (FF)
  Destination:          u/campaign/error_count_12 (FF)
  Requirement:          10.000ns
  Data Path Delay:      9.548ns (Levels of Logic = 9)
  Clock Path Skew:      0.000ns
  Source Clock:         clk_100mhz_BUFGP rising at 0.000ns
  Destination Clock:    clk_100mhz_BUFGP rising at 10.000ns
  Clock Uncertainty:    0.035ns

  Clock Uncertainty:          0.035ns  ((TSJ^2 + TIJ^2)^1/2 + DJ) / 2 + PE
    Total System Jitter (TSJ):  0.070ns
    Total Input Jitter (TIJ):   0.000ns
    Discrete Jitter (DJ):       0.000ns
    Phase Error (PE):           0.000ns

  Maximum Data Path at Slow Process Corner: u/campaign/replay_index_2 to u/campaign/error_count_12
    Location             Delay type         Delay(ns)  Physical Resource
                                                       Logical Resource(s)
    -------------------------------------------------  -------------------
    SLICE_X27Y16.BMUX    Tshcko                0.518   u/campaign/replay_index<6>
                                                       u/campaign/replay_index_2
    SLICE_X23Y16.B3      net (fanout=391)      0.809   u/campaign/replay_index<2>
    SLICE_X23Y16.B       Tilo                  0.259   u/campaign/expected/policy_mode[2]_GND_7_o_equal_307_o
                                                       u/campaign/expected/policy_mode[2]_GND_7_o_equal_289_o<6>11
    SLICE_X25Y21.B3      net (fanout=18)       1.103   u/campaign/expected/policy_mode[2]_GND_7_o_equal_289_o<6>1
    SLICE_X25Y21.B       Tilo                  0.259   u/campaign/expected/policy_mode[2]_GND_7_o_equal_281_o
                                                       u/campaign/expected/policy_mode[2]_GND_7_o_equal_291_o<6>1
    SLICE_X25Y21.A3      net (fanout=10)       0.595   u/campaign/expected/policy_mode[2]_GND_7_o_equal_291_o
    SLICE_X25Y21.A       Tilo                  0.259   u/campaign/expected/policy_mode[2]_GND_7_o_equal_281_o
                                                       u/campaign/expected/state_id<1>11
    SLICE_X24Y20.A4      net (fanout=2)        0.563   u/campaign/expected/state_id<1>1
    SLICE_X24Y20.A       Tilo                  0.235   u/campaign/expected/N42
                                                       u/campaign/expected/state_id<1>24
    SLICE_X22Y17.B2      net (fanout=2)        1.007   u/campaign/expected/state_id<1>2
    SLICE_X22Y17.B       Tilo                  0.254   u/campaign/expected/_n2492
                                                       u/campaign/expected/state_id<1>
    SLICE_X28Y20.D4      net (fanout=1)        0.766   u/campaign/expected_state<7>
    SLICE_X28Y20.D       Tilo                  0.235   u/campaign/norm_state[7]_expected_state[7]_equal_18_o8
                                                       u/campaign/norm_state[7]_expected_state[7]_equal_18_o81
    SLICE_X28Y20.C6      net (fanout=1)        0.143   u/campaign/norm_state[7]_expected_state[7]_equal_18_o8
    SLICE_X28Y20.C       Tilo                  0.235   u/campaign/norm_state[7]_expected_state[7]_equal_18_o8
                                                       u/campaign/norm_state[7]_expected_state[7]_equal_18_o83
    SLICE_X31Y19.B2      net (fanout=9)        1.178   u/campaign/norm_state[7]_expected_state[7]_equal_18_o
    SLICE_X31Y19.B       Tilo                  0.259   u/error_count<2>
                                                       u/campaign/_n0323_inv3_rstpot
    SLICE_X31Y18.B5      net (fanout=16)       0.498   u/campaign/_n0323_inv3_rstpot
    SLICE_X31Y18.CLK     Tas                   0.373   u/error_count<14>
                                                       u/campaign/error_count_12_dpot
                                                       u/campaign/error_count_12
    -------------------------------------------------  ---------------------------
    Total                                      9.548ns (2.886ns logic, 6.662ns route)
                                                       (30.2% logic, 69.8% route)

--------------------------------------------------------------------------------
Slack:                  0.447ns (requirement - (data path - clock path skew + uncertainty))
  Source:               u/campaign/replay_index_2 (FF)
  Destination:          u/campaign/error_count_12 (FF)
  Requirement:          10.000ns
  Data Path Delay:      9.518ns (Levels of Logic = 8)
  Clock Path Skew:      0.000ns
  Source Clock:         clk_100mhz_BUFGP rising at 0.000ns
  Destination Clock:    clk_100mhz_BUFGP rising at 10.000ns
  Clock Uncertainty:    0.035ns

  Clock Uncertainty:          0.035ns  ((TSJ^2 + TIJ^2)^1/2 + DJ) / 2 + PE
    Total System Jitter (TSJ):  0.070ns
    Total Input Jitter (TIJ):   0.000ns
    Discrete Jitter (DJ):       0.000ns
    Phase Error (PE):           0.000ns

  Maximum Data Path at Slow Process Corner: u/campaign/replay_index_2 to u/campaign/error_count_12
    Location             Delay type         Delay(ns)  Physical Resource
                                                       Logical Resource(s)
    -------------------------------------------------  -------------------
    SLICE_X27Y16.BMUX    Tshcko                0.518   u/campaign/replay_index<6>
                                                       u/campaign/replay_index_2
    SLICE_X25Y16.B6      net (fanout=391)      1.225   u/campaign/replay_index<2>
    SLICE_X25Y16.B       Tilo                  0.259   u/campaign/expected_cycles<4>
                                                       u/campaign/expected/policy_mode[2]_GND_7_o_equal_275_o<6>11
    SLICE_X25Y16.A5      net (fanout=4)        0.245   u/campaign/expected/policy_mode[2]_GND_7_o_equal_275_o<6>1
    SLICE_X25Y16.A       Tilo                  0.259   u/campaign/expected_cycles<4>
                                                       u/campaign/expected/policy_mode[2]_GND_7_o_equal_331_o<6>1
    SLICE_X22Y21.B1      net (fanout=11)       1.746   u/campaign/expected/policy_mode[2]_GND_7_o_equal_331_o
    SLICE_X22Y21.B       Tilo                  0.254   u/campaign/expected/state_id<2>1
                                                       u/campaign/expected/state_id<7>2
    SLICE_X21Y19.D3      net (fanout=1)        0.809   u/campaign/expected/state_id<7>3
    SLICE_X21Y19.D       Tilo                  0.259   u/campaign/expected_state<1>
                                                       u/campaign/expected/state_id<7>4
    SLICE_X22Y19.C5      net (fanout=1)        0.417   u/campaign/expected_state<1>
    SLICE_X22Y19.C       Tilo                  0.255   u/campaign/tx_state_id<3>
                                                       u/campaign/norm_state[7]_expected_state[7]_equal_18_o82
    SLICE_X28Y20.C5      net (fanout=1)        0.729   u/campaign/norm_state[7]_expected_state[7]_equal_18_o81
    SLICE_X28Y20.C       Tilo                  0.235   u/campaign/norm_state[7]_expected_state[7]_equal_18_o8
                                                       u/campaign/norm_state[7]_expected_state[7]_equal_18_o83
    SLICE_X31Y19.B2      net (fanout=9)        1.178   u/campaign/norm_state[7]_expected_state[7]_equal_18_o
    SLICE_X31Y19.B       Tilo                  0.259   u/error_count<2>
                                                       u/campaign/_n0323_inv3_rstpot
    SLICE_X31Y18.B5      net (fanout=16)       0.498   u/campaign/_n0323_inv3_rstpot
    SLICE_X31Y18.CLK     Tas                   0.373   u/error_count<14>
                                                       u/campaign/error_count_12_dpot
                                                       u/campaign/error_count_12
    -------------------------------------------------  ---------------------------
    Total                                      9.518ns (2.671ns logic, 6.847ns route)
                                                       (28.1% logic, 71.9% route)

--------------------------------------------------------------------------------
Slack:                  0.466ns (requirement - (data path - clock path skew + uncertainty))
  Source:               u/campaign/replay_index_2 (FF)
  Destination:          u/campaign/error_count_12 (FF)
  Requirement:          10.000ns
  Data Path Delay:      9.499ns (Levels of Logic = 8)
  Clock Path Skew:      0.000ns
  Source Clock:         clk_100mhz_BUFGP rising at 0.000ns
  Destination Clock:    clk_100mhz_BUFGP rising at 10.000ns
  Clock Uncertainty:    0.035ns

  Clock Uncertainty:          0.035ns  ((TSJ^2 + TIJ^2)^1/2 + DJ) / 2 + PE
    Total System Jitter (TSJ):  0.070ns
    Total Input Jitter (TIJ):   0.000ns
    Discrete Jitter (DJ):       0.000ns
    Phase Error (PE):           0.000ns

  Maximum Data Path at Slow Process Corner: u/campaign/replay_index_2 to u/campaign/error_count_12
    Location             Delay type         Delay(ns)  Physical Resource
                                                       Logical Resource(s)
    -------------------------------------------------  -------------------
    SLICE_X27Y16.BMUX    Tshcko                0.518   u/campaign/replay_index<6>
                                                       u/campaign/replay_index_2
    SLICE_X25Y21.C3      net (fanout=391)      2.014   u/campaign/replay_index<2>
    SLICE_X25Y21.C       Tilo                  0.259   u/campaign/expected/policy_mode[2]_GND_7_o_equal_281_o
                                                       u/campaign/expected/policy_mode[2]_GND_7_o_equal_282_o<6>1
    SLICE_X26Y22.A5      net (fanout=6)        0.744   u/campaign/expected/policy_mode[2]_GND_7_o_equal_282_o
    SLICE_X26Y22.A       Tilo                  0.254   u/campaign/expected_score<6>
                                                       u/campaign/expected/state_id<5>3
    SLICE_X24Y20.D6      net (fanout=2)        0.788   u/campaign/expected/state_id<5>3
    SLICE_X24Y20.D       Tilo                  0.235   u/campaign/expected/N42
                                                       u/campaign/expected/state_id<5>_SW0
    SLICE_X23Y19.B3      net (fanout=1)        0.574   u/campaign/expected/N42
    SLICE_X23Y19.B       Tilo                  0.259   u/campaign/expected/bottleneck_fidelity<8>11
                                                       u/campaign/expected/state_id<5>
    SLICE_X22Y19.C6      net (fanout=1)        0.327   u/campaign/expected_state<3>
    SLICE_X22Y19.C       Tilo                  0.255   u/campaign/tx_state_id<3>
                                                       u/campaign/norm_state[7]_expected_state[7]_equal_18_o82
    SLICE_X28Y20.C5      net (fanout=1)        0.729   u/campaign/norm_state[7]_expected_state[7]_equal_18_o81
    SLICE_X28Y20.C       Tilo                  0.235   u/campaign/norm_state[7]_expected_state[7]_equal_18_o8
                                                       u/campaign/norm_state[7]_expected_state[7]_equal_18_o83
    SLICE_X31Y19.B2      net (fanout=9)        1.178   u/campaign/norm_state[7]_expected_state[7]_equal_18_o
    SLICE_X31Y19.B       Tilo                  0.259   u/error_count<2>
                                                       u/campaign/_n0323_inv3_rstpot
    SLICE_X31Y18.B5      net (fanout=16)       0.498   u/campaign/_n0323_inv3_rstpot
    SLICE_X31Y18.CLK     Tas                   0.373   u/error_count<14>
                                                       u/campaign/error_count_12_dpot
                                                       u/campaign/error_count_12
    -------------------------------------------------  ---------------------------
    Total                                      9.499ns (2.647ns logic, 6.852ns route)
                                                       (27.9% logic, 72.1% route)

--------------------------------------------------------------------------------
Slack:                  0.476ns (requirement - (data path - clock path skew + uncertainty))
  Source:               u/campaign/replay_index_2 (FF)
  Destination:          u/campaign/error_count_12 (FF)
  Requirement:          10.000ns
  Data Path Delay:      9.489ns (Levels of Logic = 9)
  Clock Path Skew:      0.000ns
  Source Clock:         clk_100mhz_BUFGP rising at 0.000ns
  Destination Clock:    clk_100mhz_BUFGP rising at 10.000ns
  Clock Uncertainty:    0.035ns

  Clock Uncertainty:          0.035ns  ((TSJ^2 + TIJ^2)^1/2 + DJ) / 2 + PE
    Total System Jitter (TSJ):  0.070ns
    Total Input Jitter (TIJ):   0.000ns
    Discrete Jitter (DJ):       0.000ns
    Phase Error (PE):           0.000ns

  Maximum Data Path at Slow Process Corner: u/campaign/replay_index_2 to u/campaign/error_count_12
    Location             Delay type         Delay(ns)  Physical Resource
                                                       Logical Resource(s)
    -------------------------------------------------  -------------------
    SLICE_X27Y16.BMUX    Tshcko                0.518   u/campaign/replay_index<6>
                                                       u/campaign/replay_index_2
    SLICE_X25Y16.B6      net (fanout=391)      1.225   u/campaign/replay_index<2>
    SLICE_X25Y16.B       Tilo                  0.259   u/campaign/expected_cycles<4>
                                                       u/campaign/expected/policy_mode[2]_GND_7_o_equal_275_o<6>11
    SLICE_X25Y16.A5      net (fanout=4)        0.245   u/campaign/expected/policy_mode[2]_GND_7_o_equal_275_o<6>1
    SLICE_X25Y16.A       Tilo                  0.259   u/campaign/expected_cycles<4>
                                                       u/campaign/expected/policy_mode[2]_GND_7_o_equal_331_o<6>1
    SLICE_X23Y20.D1      net (fanout=11)       1.731   u/campaign/expected/policy_mode[2]_GND_7_o_equal_331_o
    SLICE_X23Y20.D       Tilo                  0.259   u/campaign/expected/bottleneck_fidelity<8>12
                                                       u/campaign/expected/bottleneck_fidelity<8>12
    SLICE_X23Y20.C6      net (fanout=1)        0.143   u/campaign/expected/bottleneck_fidelity<8>12
    SLICE_X23Y20.C       Tilo                  0.259   u/campaign/expected/bottleneck_fidelity<8>12
                                                       u/campaign/expected/bottleneck_fidelity<8>13
    SLICE_X29Y20.B3      net (fanout=2)        0.878   u/campaign/expected/bottleneck_fidelity<8>1
    SLICE_X29Y20.B       Tilo                  0.259   u/campaign/expected/policy_mode[2]_GND_7_o_equal_273_o
                                                       u/campaign/expected/bottleneck_fidelity<8>2
    SLICE_X28Y19.C2      net (fanout=1)        0.680   u/campaign/expected_fidelity<8>
    SLICE_X28Y19.COUT    Topcyc                0.325   u/campaign/Mcompar_norm_fidelity[15]_expected_fidelity[15]_equal_22_o_cy<3>
                                                       u/campaign/Mcompar_norm_fidelity[15]_expected_fidelity[15]_equal_22_o_lut<2>
                                                       u/campaign/Mcompar_norm_fidelity[15]_expected_fidelity[15]_equal_22_o_cy<3>
    SLICE_X28Y20.CIN     net (fanout=1)        0.003   u/campaign/Mcompar_norm_fidelity[15]_expected_fidelity[15]_equal_22_o_cy<3>
    SLICE_X28Y20.BMUX    Tcinb                 0.239   u/campaign/norm_state[7]_expected_state[7]_equal_18_o8
                                                       u/campaign/Mcompar_norm_fidelity[15]_expected_fidelity[15]_equal_22_o_cy<5>
    SLICE_X31Y19.B4      net (fanout=9)        1.077   u/campaign/norm_fidelity[15]_expected_fidelity[15]_equal_22_o
    SLICE_X31Y19.B       Tilo                  0.259   u/error_count<2>
                                                       u/campaign/_n0323_inv3_rstpot
    SLICE_X31Y18.B5      net (fanout=16)       0.498   u/campaign/_n0323_inv3_rstpot
    SLICE_X31Y18.CLK     Tas                   0.373   u/error_count<14>
                                                       u/campaign/error_count_12_dpot
                                                       u/campaign/error_count_12
    -------------------------------------------------  ---------------------------
    Total                                      9.489ns (3.009ns logic, 6.480ns route)
                                                       (31.7% logic, 68.3% route)

--------------------------------------------------------------------------------
Slack:                  0.501ns (requirement - (data path - clock path skew + uncertainty))
  Source:               u/campaign/replay_index_3 (FF)
  Destination:          u/campaign/error_count_12 (FF)
  Requirement:          10.000ns
  Data Path Delay:      9.464ns (Levels of Logic = 9)
  Clock Path Skew:      0.000ns
  Source Clock:         clk_100mhz_BUFGP rising at 0.000ns
  Destination Clock:    clk_100mhz_BUFGP rising at 10.000ns
  Clock Uncertainty:    0.035ns

  Clock Uncertainty:          0.035ns  ((TSJ^2 + TIJ^2)^1/2 + DJ) / 2 + PE
    Total System Jitter (TSJ):  0.070ns
    Total Input Jitter (TIJ):   0.000ns
    Discrete Jitter (DJ):       0.000ns
    Phase Error (PE):           0.000ns

  Maximum Data Path at Slow Process Corner: u/campaign/replay_index_3 to u/campaign/error_count_12
    Location             Delay type         Delay(ns)  Physical Resource
                                                       Logical Resource(s)
    -------------------------------------------------  -------------------
    SLICE_X27Y16.CQ      Tcko                  0.430   u/campaign/replay_index<6>
                                                       u/campaign/replay_index_3
    SLICE_X23Y17.B4      net (fanout=379)      1.227   u/campaign/replay_index<3>
    SLICE_X23Y17.B       Tilo                  0.259   u/campaign/expected/policy_mode[2]_GND_7_o_equal_333_o
                                                       u/campaign/expected/out11141
    SLICE_X23Y17.A5      net (fanout=11)       0.277   u/campaign/expected/out1114
    SLICE_X23Y17.A       Tilo                  0.259   u/campaign/expected/policy_mode[2]_GND_7_o_equal_333_o
                                                       u/campaign/expected/policy_mode[2]_GND_7_o_equal_336_o<6>1
    SLICE_X25Y20.B6      net (fanout=13)       1.650   u/campaign/expected/policy_mode[2]_GND_7_o_equal_336_o
    SLICE_X25Y20.B       Tilo                  0.259   u/campaign/expected/state_id<6>1
                                                       u/campaign/expected/bottleneck_fidelity<9>1_SW0
    SLICE_X29Y20.A5      net (fanout=1)        0.497   u/campaign/expected/N32
    SLICE_X29Y20.A       Tilo                  0.259   u/campaign/expected/policy_mode[2]_GND_7_o_equal_273_o
                                                       u/campaign/expected/bottleneck_fidelity<9>1
    SLICE_X29Y20.C2      net (fanout=2)        0.537   u/campaign/expected/bottleneck_fidelity<9>1
    SLICE_X29Y20.C       Tilo                  0.259   u/campaign/expected/policy_mode[2]_GND_7_o_equal_273_o
                                                       u/campaign/expected/bottleneck_fidelity<9>
    SLICE_X28Y19.C3      net (fanout=1)        0.777   u/campaign/expected_fidelity<7>
    SLICE_X28Y19.COUT    Topcyc                0.325   u/campaign/Mcompar_norm_fidelity[15]_expected_fidelity[15]_equal_22_o_cy<3>
                                                       u/campaign/Mcompar_norm_fidelity[15]_expected_fidelity[15]_equal_22_o_lut<2>
                                                       u/campaign/Mcompar_norm_fidelity[15]_expected_fidelity[15]_equal_22_o_cy<3>
    SLICE_X28Y20.CIN     net (fanout=1)        0.003   u/campaign/Mcompar_norm_fidelity[15]_expected_fidelity[15]_equal_22_o_cy<3>
    SLICE_X28Y20.BMUX    Tcinb                 0.239   u/campaign/norm_state[7]_expected_state[7]_equal_18_o8
                                                       u/campaign/Mcompar_norm_fidelity[15]_expected_fidelity[15]_equal_22_o_cy<5>
    SLICE_X31Y19.B4      net (fanout=9)        1.077   u/campaign/norm_fidelity[15]_expected_fidelity[15]_equal_22_o
    SLICE_X31Y19.B       Tilo                  0.259   u/error_count<2>
                                                       u/campaign/_n0323_inv3_rstpot
    SLICE_X31Y18.B5      net (fanout=16)       0.498   u/campaign/_n0323_inv3_rstpot
    SLICE_X31Y18.CLK     Tas                   0.373   u/error_count<14>
                                                       u/campaign/error_count_12_dpot
                                                       u/campaign/error_count_12
    -------------------------------------------------  ---------------------------
    Total                                      9.464ns (2.921ns logic, 6.543ns route)
                                                       (30.9% logic, 69.1% route)

--------------------------------------------------------------------------------
Slack:                  0.519ns (requirement - (data path - clock path skew + uncertainty))
  Source:               u/campaign/replay_index_3 (FF)
  Destination:          u/campaign/error_count_12 (FF)
  Requirement:          10.000ns
  Data Path Delay:      9.446ns (Levels of Logic = 8)
  Clock Path Skew:      0.000ns
  Source Clock:         clk_100mhz_BUFGP rising at 0.000ns
  Destination Clock:    clk_100mhz_BUFGP rising at 10.000ns
  Clock Uncertainty:    0.035ns

  Clock Uncertainty:          0.035ns  ((TSJ^2 + TIJ^2)^1/2 + DJ) / 2 + PE
    Total System Jitter (TSJ):  0.070ns
    Total Input Jitter (TIJ):   0.000ns
    Discrete Jitter (DJ):       0.000ns
    Phase Error (PE):           0.000ns

  Maximum Data Path at Slow Process Corner: u/campaign/replay_index_3 to u/campaign/error_count_12
    Location             Delay type         Delay(ns)  Physical Resource
                                                       Logical Resource(s)
    -------------------------------------------------  -------------------
    SLICE_X27Y16.CQ      Tcko                  0.430   u/campaign/replay_index<6>
                                                       u/campaign/replay_index_3
    SLICE_X23Y17.B4      net (fanout=379)      1.227   u/campaign/replay_index<3>
    SLICE_X23Y17.B       Tilo                  0.259   u/campaign/expected/policy_mode[2]_GND_7_o_equal_333_o
                                                       u/campaign/expected/out11141
    SLICE_X23Y17.A5      net (fanout=11)       0.277   u/campaign/expected/out1114
    SLICE_X23Y17.A       Tilo                  0.259   u/campaign/expected/policy_mode[2]_GND_7_o_equal_333_o
                                                       u/campaign/expected/policy_mode[2]_GND_7_o_equal_336_o<6>1
    SLICE_X21Y21.D3      net (fanout=13)       1.817   u/campaign/expected/policy_mode[2]_GND_7_o_equal_336_o
    SLICE_X21Y21.D       Tilo                  0.259   u/campaign/expected/state_id<2>5
                                                       u/campaign/expected/state_id<2>3
    SLICE_X22Y21.C5      net (fanout=1)        0.417   u/campaign/expected/state_id<2>5
    SLICE_X22Y21.C       Tilo                  0.255   u/campaign/expected/state_id<2>1
                                                       u/campaign/expected/state_id<2>4
    SLICE_X22Y19.C3      net (fanout=1)        0.719   u/campaign/expected_state<6>
    SLICE_X22Y19.C       Tilo                  0.255   u/campaign/tx_state_id<3>
                                                       u/campaign/norm_state[7]_expected_state[7]_equal_18_o82
    SLICE_X28Y20.C5      net (fanout=1)        0.729   u/campaign/norm_state[7]_expected_state[7]_equal_18_o81
    SLICE_X28Y20.C       Tilo                  0.235   u/campaign/norm_state[7]_expected_state[7]_equal_18_o8
                                                       u/campaign/norm_state[7]_expected_state[7]_equal_18_o83
    SLICE_X31Y19.B2      net (fanout=9)        1.178   u/campaign/norm_state[7]_expected_state[7]_equal_18_o
    SLICE_X31Y19.B       Tilo                  0.259   u/error_count<2>
                                                       u/campaign/_n0323_inv3_rstpot
    SLICE_X31Y18.B5      net (fanout=16)       0.498   u/campaign/_n0323_inv3_rstpot
    SLICE_X31Y18.CLK     Tas                   0.373   u/error_count<14>
                                                       u/campaign/error_count_12_dpot
                                                       u/campaign/error_count_12
    -------------------------------------------------  ---------------------------
    Total                                      9.446ns (2.584ns logic, 6.862ns route)
                                                       (27.4% logic, 72.6% route)

--------------------------------------------------------------------------------
Slack:                  0.545ns (requirement - (data path - clock path skew + uncertainty))
  Source:               u/campaign/replay_index_6 (FF)
  Destination:          u/campaign/error_count_12 (FF)
  Requirement:          10.000ns
  Data Path Delay:      9.420ns (Levels of Logic = 9)
  Clock Path Skew:      0.000ns
  Source Clock:         clk_100mhz_BUFGP rising at 0.000ns
  Destination Clock:    clk_100mhz_BUFGP rising at 10.000ns
  Clock Uncertainty:    0.035ns

  Clock Uncertainty:          0.035ns  ((TSJ^2 + TIJ^2)^1/2 + DJ) / 2 + PE
    Total System Jitter (TSJ):  0.070ns
    Total Input Jitter (TIJ):   0.000ns
    Discrete Jitter (DJ):       0.000ns
    Phase Error (PE):           0.000ns

  Maximum Data Path at Slow Process Corner: u/campaign/replay_index_6 to u/campaign/error_count_12
    Location             Delay type         Delay(ns)  Physical Resource
                                                       Logical Resource(s)
    -------------------------------------------------  -------------------
    SLICE_X27Y16.DQ      Tcko                  0.430   u/campaign/replay_index<6>
                                                       u/campaign/replay_index_6
    SLICE_X27Y17.B3      net (fanout=292)      0.664   u/campaign/replay_index<6>
    SLICE_X27Y17.B       Tilo                  0.259   u/campaign/expected/policy_mode[2]_GND_7_o_equal_327_o
                                                       u/campaign/expected/out11131
    SLICE_X27Y17.A5      net (fanout=19)       0.295   u/campaign/expected/out1113
    SLICE_X27Y17.A       Tilo                  0.259   u/campaign/expected/policy_mode[2]_GND_7_o_equal_327_o
                                                       u/campaign/expected/policy_mode[2]_GND_7_o_equal_318_o<6>1
    SLICE_X27Y22.B1      net (fanout=15)       1.456   u/campaign/expected/policy_mode[2]_GND_7_o_equal_318_o
    SLICE_X27Y22.B       Tilo                  0.259   u/campaign/expected_state<0>
                                                       u/campaign/expected/state_id<1>21_SW0
    SLICE_X24Y20.A5      net (fanout=1)        0.615   u/campaign/expected/N58
    SLICE_X24Y20.A       Tilo                  0.235   u/campaign/expected/N42
                                                       u/campaign/expected/state_id<1>24
    SLICE_X22Y17.B2      net (fanout=2)        1.007   u/campaign/expected/state_id<1>2
    SLICE_X22Y17.B       Tilo                  0.254   u/campaign/expected/_n2492
                                                       u/campaign/expected/state_id<1>
    SLICE_X28Y20.D4      net (fanout=1)        0.766   u/campaign/expected_state<7>
    SLICE_X28Y20.D       Tilo                  0.235   u/campaign/norm_state[7]_expected_state[7]_equal_18_o8
                                                       u/campaign/norm_state[7]_expected_state[7]_equal_18_o81
    SLICE_X28Y20.C6      net (fanout=1)        0.143   u/campaign/norm_state[7]_expected_state[7]_equal_18_o8
    SLICE_X28Y20.C       Tilo                  0.235   u/campaign/norm_state[7]_expected_state[7]_equal_18_o8
                                                       u/campaign/norm_state[7]_expected_state[7]_equal_18_o83
    SLICE_X31Y19.B2      net (fanout=9)        1.178   u/campaign/norm_state[7]_expected_state[7]_equal_18_o
    SLICE_X31Y19.B       Tilo                  0.259   u/error_count<2>
                                                       u/campaign/_n0323_inv3_rstpot
    SLICE_X31Y18.B5      net (fanout=16)       0.498   u/campaign/_n0323_inv3_rstpot
    SLICE_X31Y18.CLK     Tas                   0.373   u/error_count<14>
                                                       u/campaign/error_count_12_dpot
                                                       u/campaign/error_count_12
    -------------------------------------------------  ---------------------------
    Total                                      9.420ns (2.798ns logic, 6.622ns route)
                                                       (29.7% logic, 70.3% route)

--------------------------------------------------------------------------------
Slack:                  0.547ns (requirement - (data path - clock path skew + uncertainty))
  Source:               u/campaign/replay_index_2 (FF)
  Destination:          u/campaign/error_count_12 (FF)
  Requirement:          10.000ns
  Data Path Delay:      9.418ns (Levels of Logic = 8)
  Clock Path Skew:      0.000ns
  Source Clock:         clk_100mhz_BUFGP rising at 0.000ns
  Destination Clock:    clk_100mhz_BUFGP rising at 10.000ns
  Clock Uncertainty:    0.035ns

  Clock Uncertainty:          0.035ns  ((TSJ^2 + TIJ^2)^1/2 + DJ) / 2 + PE
    Total System Jitter (TSJ):  0.070ns
    Total Input Jitter (TIJ):   0.000ns
    Discrete Jitter (DJ):       0.000ns
    Phase Error (PE):           0.000ns

  Maximum Data Path at Slow Process Corner: u/campaign/replay_index_2 to u/campaign/error_count_12
    Location             Delay type         Delay(ns)  Physical Resource
                                                       Logical Resource(s)
    -------------------------------------------------  -------------------
    SLICE_X27Y16.BMUX    Tshcko                0.518   u/campaign/replay_index<6>
                                                       u/campaign/replay_index_2
    SLICE_X25Y16.B6      net (fanout=391)      1.225   u/campaign/replay_index<2>
    SLICE_X25Y16.B       Tilo                  0.259   u/campaign/expected_cycles<4>
                                                       u/campaign/expected/policy_mode[2]_GND_7_o_equal_275_o<6>11
    SLICE_X25Y16.A5      net (fanout=4)        0.245   u/campaign/expected/policy_mode[2]_GND_7_o_equal_275_o<6>1
    SLICE_X25Y16.A       Tilo                  0.259   u/campaign/expected_cycles<4>
                                                       u/campaign/expected/policy_mode[2]_GND_7_o_equal_331_o<6>1
    SLICE_X24Y20.A1      net (fanout=11)       1.729   u/campaign/expected/policy_mode[2]_GND_7_o_equal_331_o
    SLICE_X24Y20.A       Tilo                  0.235   u/campaign/expected/N42
                                                       u/campaign/expected/state_id<1>24
    SLICE_X22Y17.B2      net (fanout=2)        1.007   u/campaign/expected/state_id<1>2
    SLICE_X22Y17.B       Tilo                  0.254   u/campaign/expected/_n2492
                                                       u/campaign/expected/state_id<1>
    SLICE_X28Y20.D4      net (fanout=1)        0.766   u/campaign/expected_state<7>
    SLICE_X28Y20.D       Tilo                  0.235   u/campaign/norm_state[7]_expected_state[7]_equal_18_o8
                                                       u/campaign/norm_state[7]_expected_state[7]_equal_18_o81
    SLICE_X28Y20.C6      net (fanout=1)        0.143   u/campaign/norm_state[7]_expected_state[7]_equal_18_o8
    SLICE_X28Y20.C       Tilo                  0.235   u/campaign/norm_state[7]_expected_state[7]_equal_18_o8
                                                       u/campaign/norm_state[7]_expected_state[7]_equal_18_o83
    SLICE_X31Y19.B2      net (fanout=9)        1.178   u/campaign/norm_state[7]_expected_state[7]_equal_18_o
    SLICE_X31Y19.B       Tilo                  0.259   u/error_count<2>
                                                       u/campaign/_n0323_inv3_rstpot
    SLICE_X31Y18.B5      net (fanout=16)       0.498   u/campaign/_n0323_inv3_rstpot
    SLICE_X31Y18.CLK     Tas                   0.373   u/error_count<14>
                                                       u/campaign/error_count_12_dpot
                                                       u/campaign/error_count_12
    -------------------------------------------------  ---------------------------
    Total                                      9.418ns (2.627ns logic, 6.791ns route)
                                                       (27.9% logic, 72.1% route)

--------------------------------------------------------------------------------

Paths for end point u/campaign/error_count_14 (SLICE_X31Y18.D5), 8930 paths
--------------------------------------------------------------------------------
Slack:                  0.392ns (requirement - (data path - clock path skew + uncertainty))
  Source:               u/campaign/replay_index_2 (FF)
  Destination:          u/campaign/error_count_14 (FF)
  Requirement:          10.000ns
  Data Path Delay:      9.573ns (Levels of Logic = 9)
  Clock Path Skew:      0.000ns
  Source Clock:         clk_100mhz_BUFGP rising at 0.000ns
  Destination Clock:    clk_100mhz_BUFGP rising at 10.000ns
  Clock Uncertainty:    0.035ns

  Clock Uncertainty:          0.035ns  ((TSJ^2 + TIJ^2)^1/2 + DJ) / 2 + PE
    Total System Jitter (TSJ):  0.070ns
    Total Input Jitter (TIJ):   0.000ns
    Discrete Jitter (DJ):       0.000ns
    Phase Error (PE):           0.000ns

  Maximum Data Path at Slow Process Corner: u/campaign/replay_index_2 to u/campaign/error_count_14
    Location             Delay type         Delay(ns)  Physical Resource
                                                       Logical Resource(s)
    -------------------------------------------------  -------------------
    SLICE_X27Y16.BMUX    Tshcko                0.518   u/campaign/replay_index<6>
                                                       u/campaign/replay_index_2
    SLICE_X25Y16.B6      net (fanout=391)      1.225   u/campaign/replay_index<2>
    SLICE_X25Y16.B       Tilo                  0.259   u/campaign/expected_cycles<4>
                                                       u/campaign/expected/policy_mode[2]_GND_7_o_equal_275_o<6>11
    SLICE_X25Y16.A5      net (fanout=4)        0.245   u/campaign/expected/policy_mode[2]_GND_7_o_equal_275_o<6>1
    SLICE_X25Y16.A       Tilo                  0.259   u/campaign/expected_cycles<4>
                                                       u/campaign/expected/policy_mode[2]_GND_7_o_equal_331_o<6>1
    SLICE_X21Y18.C1      net (fanout=11)       2.001   u/campaign/expected/policy_mode[2]_GND_7_o_equal_331_o
    SLICE_X21Y18.C       Tilo                  0.259   u/campaign/expected/policy_mode[2]_GND_7_o_equal_276_o
                                                       u/campaign/expected/bottleneck_fidelity<10>1
    SLICE_X21Y18.B4      net (fanout=1)        0.352   u/campaign/expected/bottleneck_fidelity<10>1
    SLICE_X21Y18.B       Tilo                  0.259   u/campaign/expected/policy_mode[2]_GND_7_o_equal_276_o
                                                       u/campaign/expected/bottleneck_fidelity<10>2
    SLICE_X21Y18.A5      net (fanout=1)        0.230   u/campaign/expected/bottleneck_fidelity<10>2
    SLICE_X21Y18.A       Tilo                  0.259   u/campaign/expected/policy_mode[2]_GND_7_o_equal_276_o
                                                       u/campaign/expected/bottleneck_fidelity<10>6
    SLICE_X28Y19.C5      net (fanout=1)        0.934   u/campaign/expected_fidelity<6>
    SLICE_X28Y19.COUT    Topcyc                0.325   u/campaign/Mcompar_norm_fidelity[15]_expected_fidelity[15]_equal_22_o_cy<3>
                                                       u/campaign/Mcompar_norm_fidelity[15]_expected_fidelity[15]_equal_22_o_lut<2>
                                                       u/campaign/Mcompar_norm_fidelity[15]_expected_fidelity[15]_equal_22_o_cy<3>
    SLICE_X28Y20.CIN     net (fanout=1)        0.003   u/campaign/Mcompar_norm_fidelity[15]_expected_fidelity[15]_equal_22_o_cy<3>
    SLICE_X28Y20.BMUX    Tcinb                 0.239   u/campaign/norm_state[7]_expected_state[7]_equal_18_o8
                                                       u/campaign/Mcompar_norm_fidelity[15]_expected_fidelity[15]_equal_22_o_cy<5>
    SLICE_X31Y19.B4      net (fanout=9)        1.077   u/campaign/norm_fidelity[15]_expected_fidelity[15]_equal_22_o
    SLICE_X31Y19.B       Tilo                  0.259   u/error_count<2>
                                                       u/campaign/_n0323_inv3_rstpot
    SLICE_X31Y18.D5      net (fanout=16)       0.497   u/campaign/_n0323_inv3_rstpot
    SLICE_X31Y18.CLK     Tas                   0.373   u/error_count<14>
                                                       u/campaign/error_count_14_dpot
                                                       u/campaign/error_count_14
    -------------------------------------------------  ---------------------------
    Total                                      9.573ns (3.009ns logic, 6.564ns route)
                                                       (31.4% logic, 68.6% route)

--------------------------------------------------------------------------------
Slack:                  0.410ns (requirement - (data path - clock path skew + uncertainty))
  Source:               u/campaign/replay_index_1 (FF)
  Destination:          u/campaign/error_count_14 (FF)
  Requirement:          10.000ns
  Data Path Delay:      9.555ns (Levels of Logic = 8)
  Clock Path Skew:      0.000ns
  Source Clock:         clk_100mhz_BUFGP rising at 0.000ns
  Destination Clock:    clk_100mhz_BUFGP rising at 10.000ns
  Clock Uncertainty:    0.035ns

  Clock Uncertainty:          0.035ns  ((TSJ^2 + TIJ^2)^1/2 + DJ) / 2 + PE
    Total System Jitter (TSJ):  0.070ns
    Total Input Jitter (TIJ):   0.000ns
    Discrete Jitter (DJ):       0.000ns
    Phase Error (PE):           0.000ns

  Maximum Data Path at Slow Process Corner: u/campaign/replay_index_1 to u/campaign/error_count_14
    Location             Delay type         Delay(ns)  Physical Resource
                                                       Logical Resource(s)
    -------------------------------------------------  -------------------
    SLICE_X27Y16.BQ      Tcko                  0.430   u/campaign/replay_index<6>
                                                       u/campaign/replay_index_1
    SLICE_X21Y21.B5      net (fanout=388)      2.281   u/campaign/replay_index<1>
    SLICE_X21Y21.B       Tilo                  0.259   u/campaign/expected/state_id<2>5
                                                       u/campaign/expected/_n2713_SW0
    SLICE_X21Y21.A5      net (fanout=1)        0.230   u/campaign/expected/N14
    SLICE_X21Y21.A       Tilo                  0.259   u/campaign/expected/state_id<2>5
                                                       u/campaign/expected/_n2713
    SLICE_X19Y17.D5      net (fanout=4)        1.109   u/campaign/expected/_n2713
    SLICE_X19Y17.D       Tilo                  0.259   u/campaign/expected/bottleneck_fidelity<11>1
                                                       u/campaign/expected/bottleneck_fidelity<11>1
    SLICE_X21Y20.A4      net (fanout=1)        0.953   u/campaign/expected/bottleneck_fidelity<11>1
    SLICE_X21Y20.A       Tilo                  0.259   u/campaign/expected/policy_mode[2]_GND_7_o_equal_289_o
                                                       u/campaign/expected/bottleneck_fidelity<11>7
    SLICE_X28Y19.B6      net (fanout=1)        0.620   u/campaign/expected_fidelity<5>
    SLICE_X28Y19.COUT    Topcyb                0.448   u/campaign/Mcompar_norm_fidelity[15]_expected_fidelity[15]_equal_22_o_cy<3>
                                                       u/campaign/Mcompar_norm_fidelity[15]_expected_fidelity[15]_equal_22_o_lut<1>
                                                       u/campaign/Mcompar_norm_fidelity[15]_expected_fidelity[15]_equal_22_o_cy<3>
    SLICE_X28Y20.CIN     net (fanout=1)        0.003   u/campaign/Mcompar_norm_fidelity[15]_expected_fidelity[15]_equal_22_o_cy<3>
    SLICE_X28Y20.BMUX    Tcinb                 0.239   u/campaign/norm_state[7]_expected_state[7]_equal_18_o8
                                                       u/campaign/Mcompar_norm_fidelity[15]_expected_fidelity[15]_equal_22_o_cy<5>
    SLICE_X31Y19.B4      net (fanout=9)        1.077   u/campaign/norm_fidelity[15]_expected_fidelity[15]_equal_22_o
    SLICE_X31Y19.B       Tilo                  0.259   u/error_count<2>
                                                       u/campaign/_n0323_inv3_rstpot
    SLICE_X31Y18.D5      net (fanout=16)       0.497   u/campaign/_n0323_inv3_rstpot
    SLICE_X31Y18.CLK     Tas                   0.373   u/error_count<14>
                                                       u/campaign/error_count_14_dpot
                                                       u/campaign/error_count_14
    -------------------------------------------------  ---------------------------
    Total                                      9.555ns (2.785ns logic, 6.770ns route)
                                                       (29.1% logic, 70.9% route)

--------------------------------------------------------------------------------
Slack:                  0.418ns (requirement - (data path - clock path skew + uncertainty))
  Source:               u/campaign/replay_index_2 (FF)
  Destination:          u/campaign/error_count_14 (FF)
  Requirement:          10.000ns
  Data Path Delay:      9.547ns (Levels of Logic = 9)
  Clock Path Skew:      0.000ns
  Source Clock:         clk_100mhz_BUFGP rising at 0.000ns
  Destination Clock:    clk_100mhz_BUFGP rising at 10.000ns
  Clock Uncertainty:    0.035ns

  Clock Uncertainty:          0.035ns  ((TSJ^2 + TIJ^2)^1/2 + DJ) / 2 + PE
    Total System Jitter (TSJ):  0.070ns
    Total Input Jitter (TIJ):   0.000ns
    Discrete Jitter (DJ):       0.000ns
    Phase Error (PE):           0.000ns

  Maximum Data Path at Slow Process Corner: u/campaign/replay_index_2 to u/campaign/error_count_14
    Location             Delay type         Delay(ns)  Physical Resource
                                                       Logical Resource(s)
    -------------------------------------------------  -------------------
    SLICE_X27Y16.BMUX    Tshcko                0.518   u/campaign/replay_index<6>
                                                       u/campaign/replay_index_2
    SLICE_X23Y16.B3      net (fanout=391)      0.809   u/campaign/replay_index<2>
    SLICE_X23Y16.B       Tilo                  0.259   u/campaign/expected/policy_mode[2]_GND_7_o_equal_307_o
                                                       u/campaign/expected/policy_mode[2]_GND_7_o_equal_289_o<6>11
    SLICE_X25Y21.B3      net (fanout=18)       1.103   u/campaign/expected/policy_mode[2]_GND_7_o_equal_289_o<6>1
    SLICE_X25Y21.B       Tilo                  0.259   u/campaign/expected/policy_mode[2]_GND_7_o_equal_281_o
                                                       u/campaign/expected/policy_mode[2]_GND_7_o_equal_291_o<6>1
    SLICE_X25Y21.A3      net (fanout=10)       0.595   u/campaign/expected/policy_mode[2]_GND_7_o_equal_291_o
    SLICE_X25Y21.A       Tilo                  0.259   u/campaign/expected/policy_mode[2]_GND_7_o_equal_281_o
                                                       u/campaign/expected/state_id<1>11
    SLICE_X24Y20.A4      net (fanout=2)        0.563   u/campaign/expected/state_id<1>1
    SLICE_X24Y20.A       Tilo                  0.235   u/campaign/expected/N42
                                                       u/campaign/expected/state_id<1>24
    SLICE_X22Y17.B2      net (fanout=2)        1.007   u/campaign/expected/state_id<1>2
    SLICE_X22Y17.B       Tilo                  0.254   u/campaign/expected/_n2492
                                                       u/campaign/expected/state_id<1>
    SLICE_X28Y20.D4      net (fanout=1)        0.766   u/campaign/expected_state<7>
    SLICE_X28Y20.D       Tilo                  0.235   u/campaign/norm_state[7]_expected_state[7]_equal_18_o8
                                                       u/campaign/norm_state[7]_expected_state[7]_equal_18_o81
    SLICE_X28Y20.C6      net (fanout=1)        0.143   u/campaign/norm_state[7]_expected_state[7]_equal_18_o8
    SLICE_X28Y20.C       Tilo                  0.235   u/campaign/norm_state[7]_expected_state[7]_equal_18_o8
                                                       u/campaign/norm_state[7]_expected_state[7]_equal_18_o83
    SLICE_X31Y19.B2      net (fanout=9)        1.178   u/campaign/norm_state[7]_expected_state[7]_equal_18_o
    SLICE_X31Y19.B       Tilo                  0.259   u/error_count<2>
                                                       u/campaign/_n0323_inv3_rstpot
    SLICE_X31Y18.D5      net (fanout=16)       0.497   u/campaign/_n0323_inv3_rstpot
    SLICE_X31Y18.CLK     Tas                   0.373   u/error_count<14>
                                                       u/campaign/error_count_14_dpot
                                                       u/campaign/error_count_14
    -------------------------------------------------  ---------------------------
    Total                                      9.547ns (2.886ns logic, 6.661ns route)
                                                       (30.2% logic, 69.8% route)

--------------------------------------------------------------------------------
Slack:                  0.448ns (requirement - (data path - clock path skew + uncertainty))
  Source:               u/campaign/replay_index_2 (FF)
  Destination:          u/campaign/error_count_14 (FF)
  Requirement:          10.000ns
  Data Path Delay:      9.517ns (Levels of Logic = 8)
  Clock Path Skew:      0.000ns
  Source Clock:         clk_100mhz_BUFGP rising at 0.000ns
  Destination Clock:    clk_100mhz_BUFGP rising at 10.000ns
  Clock Uncertainty:    0.035ns

  Clock Uncertainty:          0.035ns  ((TSJ^2 + TIJ^2)^1/2 + DJ) / 2 + PE
    Total System Jitter (TSJ):  0.070ns
    Total Input Jitter (TIJ):   0.000ns
    Discrete Jitter (DJ):       0.000ns
    Phase Error (PE):           0.000ns

  Maximum Data Path at Slow Process Corner: u/campaign/replay_index_2 to u/campaign/error_count_14
    Location             Delay type         Delay(ns)  Physical Resource
                                                       Logical Resource(s)
    -------------------------------------------------  -------------------
    SLICE_X27Y16.BMUX    Tshcko                0.518   u/campaign/replay_index<6>
                                                       u/campaign/replay_index_2
    SLICE_X25Y16.B6      net (fanout=391)      1.225   u/campaign/replay_index<2>
    SLICE_X25Y16.B       Tilo                  0.259   u/campaign/expected_cycles<4>
                                                       u/campaign/expected/policy_mode[2]_GND_7_o_equal_275_o<6>11
    SLICE_X25Y16.A5      net (fanout=4)        0.245   u/campaign/expected/policy_mode[2]_GND_7_o_equal_275_o<6>1
    SLICE_X25Y16.A       Tilo                  0.259   u/campaign/expected_cycles<4>
                                                       u/campaign/expected/policy_mode[2]_GND_7_o_equal_331_o<6>1
    SLICE_X22Y21.B1      net (fanout=11)       1.746   u/campaign/expected/policy_mode[2]_GND_7_o_equal_331_o
    SLICE_X22Y21.B       Tilo                  0.254   u/campaign/expected/state_id<2>1
                                                       u/campaign/expected/state_id<7>2
    SLICE_X21Y19.D3      net (fanout=1)        0.809   u/campaign/expected/state_id<7>3
    SLICE_X21Y19.D       Tilo                  0.259   u/campaign/expected_state<1>
                                                       u/campaign/expected/state_id<7>4
    SLICE_X22Y19.C5      net (fanout=1)        0.417   u/campaign/expected_state<1>
    SLICE_X22Y19.C       Tilo                  0.255   u/campaign/tx_state_id<3>
                                                       u/campaign/norm_state[7]_expected_state[7]_equal_18_o82
    SLICE_X28Y20.C5      net (fanout=1)        0.729   u/campaign/norm_state[7]_expected_state[7]_equal_18_o81
    SLICE_X28Y20.C       Tilo                  0.235   u/campaign/norm_state[7]_expected_state[7]_equal_18_o8
                                                       u/campaign/norm_state[7]_expected_state[7]_equal_18_o83
    SLICE_X31Y19.B2      net (fanout=9)        1.178   u/campaign/norm_state[7]_expected_state[7]_equal_18_o
    SLICE_X31Y19.B       Tilo                  0.259   u/error_count<2>
                                                       u/campaign/_n0323_inv3_rstpot
    SLICE_X31Y18.D5      net (fanout=16)       0.497   u/campaign/_n0323_inv3_rstpot
    SLICE_X31Y18.CLK     Tas                   0.373   u/error_count<14>
                                                       u/campaign/error_count_14_dpot
                                                       u/campaign/error_count_14
    -------------------------------------------------  ---------------------------
    Total                                      9.517ns (2.671ns logic, 6.846ns route)
                                                       (28.1% logic, 71.9% route)

--------------------------------------------------------------------------------
Slack:                  0.467ns (requirement - (data path - clock path skew + uncertainty))
  Source:               u/campaign/replay_index_2 (FF)
  Destination:          u/campaign/error_count_14 (FF)
  Requirement:          10.000ns
  Data Path Delay:      9.498ns (Levels of Logic = 8)
  Clock Path Skew:      0.000ns
  Source Clock:         clk_100mhz_BUFGP rising at 0.000ns
  Destination Clock:    clk_100mhz_BUFGP rising at 10.000ns
  Clock Uncertainty:    0.035ns

  Clock Uncertainty:          0.035ns  ((TSJ^2 + TIJ^2)^1/2 + DJ) / 2 + PE
    Total System Jitter (TSJ):  0.070ns
    Total Input Jitter (TIJ):   0.000ns
    Discrete Jitter (DJ):       0.000ns
    Phase Error (PE):           0.000ns

  Maximum Data Path at Slow Process Corner: u/campaign/replay_index_2 to u/campaign/error_count_14
    Location             Delay type         Delay(ns)  Physical Resource
                                                       Logical Resource(s)
    -------------------------------------------------  -------------------
    SLICE_X27Y16.BMUX    Tshcko                0.518   u/campaign/replay_index<6>
                                                       u/campaign/replay_index_2
    SLICE_X25Y21.C3      net (fanout=391)      2.014   u/campaign/replay_index<2>
    SLICE_X25Y21.C       Tilo                  0.259   u/campaign/expected/policy_mode[2]_GND_7_o_equal_281_o
                                                       u/campaign/expected/policy_mode[2]_GND_7_o_equal_282_o<6>1
    SLICE_X26Y22.A5      net (fanout=6)        0.744   u/campaign/expected/policy_mode[2]_GND_7_o_equal_282_o
    SLICE_X26Y22.A       Tilo                  0.254   u/campaign/expected_score<6>
                                                       u/campaign/expected/state_id<5>3
    SLICE_X24Y20.D6      net (fanout=2)        0.788   u/campaign/expected/state_id<5>3
    SLICE_X24Y20.D       Tilo                  0.235   u/campaign/expected/N42
                                                       u/campaign/expected/state_id<5>_SW0
    SLICE_X23Y19.B3      net (fanout=1)        0.574   u/campaign/expected/N42
    SLICE_X23Y19.B       Tilo                  0.259   u/campaign/expected/bottleneck_fidelity<8>11
                                                       u/campaign/expected/state_id<5>
    SLICE_X22Y19.C6      net (fanout=1)        0.327   u/campaign/expected_state<3>
    SLICE_X22Y19.C       Tilo                  0.255   u/campaign/tx_state_id<3>
                                                       u/campaign/norm_state[7]_expected_state[7]_equal_18_o82
    SLICE_X28Y20.C5      net (fanout=1)        0.729   u/campaign/norm_state[7]_expected_state[7]_equal_18_o81
    SLICE_X28Y20.C       Tilo                  0.235   u/campaign/norm_state[7]_expected_state[7]_equal_18_o8
                                                       u/campaign/norm_state[7]_expected_state[7]_equal_18_o83
    SLICE_X31Y19.B2      net (fanout=9)        1.178   u/campaign/norm_state[7]_expected_state[7]_equal_18_o
    SLICE_X31Y19.B       Tilo                  0.259   u/error_count<2>
                                                       u/campaign/_n0323_inv3_rstpot
    SLICE_X31Y18.D5      net (fanout=16)       0.497   u/campaign/_n0323_inv3_rstpot
    SLICE_X31Y18.CLK     Tas                   0.373   u/error_count<14>
                                                       u/campaign/error_count_14_dpot
                                                       u/campaign/error_count_14
    -------------------------------------------------  ---------------------------
    Total                                      9.498ns (2.647ns logic, 6.851ns route)
                                                       (27.9% logic, 72.1% route)

--------------------------------------------------------------------------------
Slack:                  0.477ns (requirement - (data path - clock path skew + uncertainty))
  Source:               u/campaign/replay_index_2 (FF)
  Destination:          u/campaign/error_count_14 (FF)
  Requirement:          10.000ns
  Data Path Delay:      9.488ns (Levels of Logic = 9)
  Clock Path Skew:      0.000ns
  Source Clock:         clk_100mhz_BUFGP rising at 0.000ns
  Destination Clock:    clk_100mhz_BUFGP rising at 10.000ns
  Clock Uncertainty:    0.035ns

  Clock Uncertainty:          0.035ns  ((TSJ^2 + TIJ^2)^1/2 + DJ) / 2 + PE
    Total System Jitter (TSJ):  0.070ns
    Total Input Jitter (TIJ):   0.000ns
    Discrete Jitter (DJ):       0.000ns
    Phase Error (PE):           0.000ns

  Maximum Data Path at Slow Process Corner: u/campaign/replay_index_2 to u/campaign/error_count_14
    Location             Delay type         Delay(ns)  Physical Resource
                                                       Logical Resource(s)
    -------------------------------------------------  -------------------
    SLICE_X27Y16.BMUX    Tshcko                0.518   u/campaign/replay_index<6>
                                                       u/campaign/replay_index_2
    SLICE_X25Y16.B6      net (fanout=391)      1.225   u/campaign/replay_index<2>
    SLICE_X25Y16.B       Tilo                  0.259   u/campaign/expected_cycles<4>
                                                       u/campaign/expected/policy_mode[2]_GND_7_o_equal_275_o<6>11
    SLICE_X25Y16.A5      net (fanout=4)        0.245   u/campaign/expected/policy_mode[2]_GND_7_o_equal_275_o<6>1
    SLICE_X25Y16.A       Tilo                  0.259   u/campaign/expected_cycles<4>
                                                       u/campaign/expected/policy_mode[2]_GND_7_o_equal_331_o<6>1
    SLICE_X23Y20.D1      net (fanout=11)       1.731   u/campaign/expected/policy_mode[2]_GND_7_o_equal_331_o
    SLICE_X23Y20.D       Tilo                  0.259   u/campaign/expected/bottleneck_fidelity<8>12
                                                       u/campaign/expected/bottleneck_fidelity<8>12
    SLICE_X23Y20.C6      net (fanout=1)        0.143   u/campaign/expected/bottleneck_fidelity<8>12
    SLICE_X23Y20.C       Tilo                  0.259   u/campaign/expected/bottleneck_fidelity<8>12
                                                       u/campaign/expected/bottleneck_fidelity<8>13
    SLICE_X29Y20.B3      net (fanout=2)        0.878   u/campaign/expected/bottleneck_fidelity<8>1
    SLICE_X29Y20.B       Tilo                  0.259   u/campaign/expected/policy_mode[2]_GND_7_o_equal_273_o
                                                       u/campaign/expected/bottleneck_fidelity<8>2
    SLICE_X28Y19.C2      net (fanout=1)        0.680   u/campaign/expected_fidelity<8>
    SLICE_X28Y19.COUT    Topcyc                0.325   u/campaign/Mcompar_norm_fidelity[15]_expected_fidelity[15]_equal_22_o_cy<3>
                                                       u/campaign/Mcompar_norm_fidelity[15]_expected_fidelity[15]_equal_22_o_lut<2>
                                                       u/campaign/Mcompar_norm_fidelity[15]_expected_fidelity[15]_equal_22_o_cy<3>
    SLICE_X28Y20.CIN     net (fanout=1)        0.003   u/campaign/Mcompar_norm_fidelity[15]_expected_fidelity[15]_equal_22_o_cy<3>
    SLICE_X28Y20.BMUX    Tcinb                 0.239   u/campaign/norm_state[7]_expected_state[7]_equal_18_o8
                                                       u/campaign/Mcompar_norm_fidelity[15]_expected_fidelity[15]_equal_22_o_cy<5>
    SLICE_X31Y19.B4      net (fanout=9)        1.077   u/campaign/norm_fidelity[15]_expected_fidelity[15]_equal_22_o
    SLICE_X31Y19.B       Tilo                  0.259   u/error_count<2>
                                                       u/campaign/_n0323_inv3_rstpot
    SLICE_X31Y18.D5      net (fanout=16)       0.497   u/campaign/_n0323_inv3_rstpot
    SLICE_X31Y18.CLK     Tas                   0.373   u/error_count<14>
                                                       u/campaign/error_count_14_dpot
                                                       u/campaign/error_count_14
    -------------------------------------------------  ---------------------------
    Total                                      9.488ns (3.009ns logic, 6.479ns route)
                                                       (31.7% logic, 68.3% route)

--------------------------------------------------------------------------------
Slack:                  0.502ns (requirement - (data path - clock path skew + uncertainty))
  Source:               u/campaign/replay_index_3 (FF)
  Destination:          u/campaign/error_count_14 (FF)
  Requirement:          10.000ns
  Data Path Delay:      9.463ns (Levels of Logic = 9)
  Clock Path Skew:      0.000ns
  Source Clock:         clk_100mhz_BUFGP rising at 0.000ns
  Destination Clock:    clk_100mhz_BUFGP rising at 10.000ns
  Clock Uncertainty:    0.035ns

  Clock Uncertainty:          0.035ns  ((TSJ^2 + TIJ^2)^1/2 + DJ) / 2 + PE
    Total System Jitter (TSJ):  0.070ns
    Total Input Jitter (TIJ):   0.000ns
    Discrete Jitter (DJ):       0.000ns
    Phase Error (PE):           0.000ns

  Maximum Data Path at Slow Process Corner: u/campaign/replay_index_3 to u/campaign/error_count_14
    Location             Delay type         Delay(ns)  Physical Resource
                                                       Logical Resource(s)
    -------------------------------------------------  -------------------
    SLICE_X27Y16.CQ      Tcko                  0.430   u/campaign/replay_index<6>
                                                       u/campaign/replay_index_3
    SLICE_X23Y17.B4      net (fanout=379)      1.227   u/campaign/replay_index<3>
    SLICE_X23Y17.B       Tilo                  0.259   u/campaign/expected/policy_mode[2]_GND_7_o_equal_333_o
                                                       u/campaign/expected/out11141
    SLICE_X23Y17.A5      net (fanout=11)       0.277   u/campaign/expected/out1114
    SLICE_X23Y17.A       Tilo                  0.259   u/campaign/expected/policy_mode[2]_GND_7_o_equal_333_o
                                                       u/campaign/expected/policy_mode[2]_GND_7_o_equal_336_o<6>1
    SLICE_X25Y20.B6      net (fanout=13)       1.650   u/campaign/expected/policy_mode[2]_GND_7_o_equal_336_o
    SLICE_X25Y20.B       Tilo                  0.259   u/campaign/expected/state_id<6>1
                                                       u/campaign/expected/bottleneck_fidelity<9>1_SW0
    SLICE_X29Y20.A5      net (fanout=1)        0.497   u/campaign/expected/N32
    SLICE_X29Y20.A       Tilo                  0.259   u/campaign/expected/policy_mode[2]_GND_7_o_equal_273_o
                                                       u/campaign/expected/bottleneck_fidelity<9>1
    SLICE_X29Y20.C2      net (fanout=2)        0.537   u/campaign/expected/bottleneck_fidelity<9>1
    SLICE_X29Y20.C       Tilo                  0.259   u/campaign/expected/policy_mode[2]_GND_7_o_equal_273_o
                                                       u/campaign/expected/bottleneck_fidelity<9>
    SLICE_X28Y19.C3      net (fanout=1)        0.777   u/campaign/expected_fidelity<7>
    SLICE_X28Y19.COUT    Topcyc                0.325   u/campaign/Mcompar_norm_fidelity[15]_expected_fidelity[15]_equal_22_o_cy<3>
                                                       u/campaign/Mcompar_norm_fidelity[15]_expected_fidelity[15]_equal_22_o_lut<2>
                                                       u/campaign/Mcompar_norm_fidelity[15]_expected_fidelity[15]_equal_22_o_cy<3>
    SLICE_X28Y20.CIN     net (fanout=1)        0.003   u/campaign/Mcompar_norm_fidelity[15]_expected_fidelity[15]_equal_22_o_cy<3>
    SLICE_X28Y20.BMUX    Tcinb                 0.239   u/campaign/norm_state[7]_expected_state[7]_equal_18_o8
                                                       u/campaign/Mcompar_norm_fidelity[15]_expected_fidelity[15]_equal_22_o_cy<5>
    SLICE_X31Y19.B4      net (fanout=9)        1.077   u/campaign/norm_fidelity[15]_expected_fidelity[15]_equal_22_o
    SLICE_X31Y19.B       Tilo                  0.259   u/error_count<2>
                                                       u/campaign/_n0323_inv3_rstpot
    SLICE_X31Y18.D5      net (fanout=16)       0.497   u/campaign/_n0323_inv3_rstpot
    SLICE_X31Y18.CLK     Tas                   0.373   u/error_count<14>
                                                       u/campaign/error_count_14_dpot
                                                       u/campaign/error_count_14
    -------------------------------------------------  ---------------------------
    Total                                      9.463ns (2.921ns logic, 6.542ns route)
                                                       (30.9% logic, 69.1% route)

--------------------------------------------------------------------------------
Slack:                  0.520ns (requirement - (data path - clock path skew + uncertainty))
  Source:               u/campaign/replay_index_3 (FF)
  Destination:          u/campaign/error_count_14 (FF)
  Requirement:          10.000ns
  Data Path Delay:      9.445ns (Levels of Logic = 8)
  Clock Path Skew:      0.000ns
  Source Clock:         clk_100mhz_BUFGP rising at 0.000ns
  Destination Clock:    clk_100mhz_BUFGP rising at 10.000ns
  Clock Uncertainty:    0.035ns

  Clock Uncertainty:          0.035ns  ((TSJ^2 + TIJ^2)^1/2 + DJ) / 2 + PE
    Total System Jitter (TSJ):  0.070ns
    Total Input Jitter (TIJ):   0.000ns
    Discrete Jitter (DJ):       0.000ns
    Phase Error (PE):           0.000ns

  Maximum Data Path at Slow Process Corner: u/campaign/replay_index_3 to u/campaign/error_count_14
    Location             Delay type         Delay(ns)  Physical Resource
                                                       Logical Resource(s)
    -------------------------------------------------  -------------------
    SLICE_X27Y16.CQ      Tcko                  0.430   u/campaign/replay_index<6>
                                                       u/campaign/replay_index_3
    SLICE_X23Y17.B4      net (fanout=379)      1.227   u/campaign/replay_index<3>
    SLICE_X23Y17.B       Tilo                  0.259   u/campaign/expected/policy_mode[2]_GND_7_o_equal_333_o
                                                       u/campaign/expected/out11141
    SLICE_X23Y17.A5      net (fanout=11)       0.277   u/campaign/expected/out1114
    SLICE_X23Y17.A       Tilo                  0.259   u/campaign/expected/policy_mode[2]_GND_7_o_equal_333_o
                                                       u/campaign/expected/policy_mode[2]_GND_7_o_equal_336_o<6>1
    SLICE_X21Y21.D3      net (fanout=13)       1.817   u/campaign/expected/policy_mode[2]_GND_7_o_equal_336_o
    SLICE_X21Y21.D       Tilo                  0.259   u/campaign/expected/state_id<2>5
                                                       u/campaign/expected/state_id<2>3
    SLICE_X22Y21.C5      net (fanout=1)        0.417   u/campaign/expected/state_id<2>5
    SLICE_X22Y21.C       Tilo                  0.255   u/campaign/expected/state_id<2>1
                                                       u/campaign/expected/state_id<2>4
    SLICE_X22Y19.C3      net (fanout=1)        0.719   u/campaign/expected_state<6>
    SLICE_X22Y19.C       Tilo                  0.255   u/campaign/tx_state_id<3>
                                                       u/campaign/norm_state[7]_expected_state[7]_equal_18_o82
    SLICE_X28Y20.C5      net (fanout=1)        0.729   u/campaign/norm_state[7]_expected_state[7]_equal_18_o81
    SLICE_X28Y20.C       Tilo                  0.235   u/campaign/norm_state[7]_expected_state[7]_equal_18_o8
                                                       u/campaign/norm_state[7]_expected_state[7]_equal_18_o83
    SLICE_X31Y19.B2      net (fanout=9)        1.178   u/campaign/norm_state[7]_expected_state[7]_equal_18_o
    SLICE_X31Y19.B       Tilo                  0.259   u/error_count<2>
                                                       u/campaign/_n0323_inv3_rstpot
    SLICE_X31Y18.D5      net (fanout=16)       0.497   u/campaign/_n0323_inv3_rstpot
    SLICE_X31Y18.CLK     Tas                   0.373   u/error_count<14>
                                                       u/campaign/error_count_14_dpot
                                                       u/campaign/error_count_14
    -------------------------------------------------  ---------------------------
    Total                                      9.445ns (2.584ns logic, 6.861ns route)
                                                       (27.4% logic, 72.6% route)

--------------------------------------------------------------------------------
Slack:                  0.546ns (requirement - (data path - clock path skew + uncertainty))
  Source:               u/campaign/replay_index_6 (FF)
  Destination:          u/campaign/error_count_14 (FF)
  Requirement:          10.000ns
  Data Path Delay:      9.419ns (Levels of Logic = 9)
  Clock Path Skew:      0.000ns
  Source Clock:         clk_100mhz_BUFGP rising at 0.000ns
  Destination Clock:    clk_100mhz_BUFGP rising at 10.000ns
  Clock Uncertainty:    0.035ns

  Clock Uncertainty:          0.035ns  ((TSJ^2 + TIJ^2)^1/2 + DJ) / 2 + PE
    Total System Jitter (TSJ):  0.070ns
    Total Input Jitter (TIJ):   0.000ns
    Discrete Jitter (DJ):       0.000ns
    Phase Error (PE):           0.000ns

  Maximum Data Path at Slow Process Corner: u/campaign/replay_index_6 to u/campaign/error_count_14
    Location             Delay type         Delay(ns)  Physical Resource
                                                       Logical Resource(s)
    -------------------------------------------------  -------------------
    SLICE_X27Y16.DQ      Tcko                  0.430   u/campaign/replay_index<6>
                                                       u/campaign/replay_index_6
    SLICE_X27Y17.B3      net (fanout=292)      0.664   u/campaign/replay_index<6>
    SLICE_X27Y17.B       Tilo                  0.259   u/campaign/expected/policy_mode[2]_GND_7_o_equal_327_o
                                                       u/campaign/expected/out11131
    SLICE_X27Y17.A5      net (fanout=19)       0.295   u/campaign/expected/out1113
    SLICE_X27Y17.A       Tilo                  0.259   u/campaign/expected/policy_mode[2]_GND_7_o_equal_327_o
                                                       u/campaign/expected/policy_mode[2]_GND_7_o_equal_318_o<6>1
    SLICE_X27Y22.B1      net (fanout=15)       1.456   u/campaign/expected/policy_mode[2]_GND_7_o_equal_318_o
    SLICE_X27Y22.B       Tilo                  0.259   u/campaign/expected_state<0>
                                                       u/campaign/expected/state_id<1>21_SW0
    SLICE_X24Y20.A5      net (fanout=1)        0.615   u/campaign/expected/N58
    SLICE_X24Y20.A       Tilo                  0.235   u/campaign/expected/N42
                                                       u/campaign/expected/state_id<1>24
    SLICE_X22Y17.B2      net (fanout=2)        1.007   u/campaign/expected/state_id<1>2
    SLICE_X22Y17.B       Tilo                  0.254   u/campaign/expected/_n2492
                                                       u/campaign/expected/state_id<1>
    SLICE_X28Y20.D4      net (fanout=1)        0.766   u/campaign/expected_state<7>
    SLICE_X28Y20.D       Tilo                  0.235   u/campaign/norm_state[7]_expected_state[7]_equal_18_o8
                                                       u/campaign/norm_state[7]_expected_state[7]_equal_18_o81
    SLICE_X28Y20.C6      net (fanout=1)        0.143   u/campaign/norm_state[7]_expected_state[7]_equal_18_o8
    SLICE_X28Y20.C       Tilo                  0.235   u/campaign/norm_state[7]_expected_state[7]_equal_18_o8
                                                       u/campaign/norm_state[7]_expected_state[7]_equal_18_o83
    SLICE_X31Y19.B2      net (fanout=9)        1.178   u/campaign/norm_state[7]_expected_state[7]_equal_18_o
    SLICE_X31Y19.B       Tilo                  0.259   u/error_count<2>
                                                       u/campaign/_n0323_inv3_rstpot
    SLICE_X31Y18.D5      net (fanout=16)       0.497   u/campaign/_n0323_inv3_rstpot
    SLICE_X31Y18.CLK     Tas                   0.373   u/error_count<14>
                                                       u/campaign/error_count_14_dpot
                                                       u/campaign/error_count_14
    -------------------------------------------------  ---------------------------
    Total                                      9.419ns (2.798ns logic, 6.621ns route)
                                                       (29.7% logic, 70.3% route)

--------------------------------------------------------------------------------
Slack:                  0.548ns (requirement - (data path - clock path skew + uncertainty))
  Source:               u/campaign/replay_index_2 (FF)
  Destination:          u/campaign/error_count_14 (FF)
  Requirement:          10.000ns
  Data Path Delay:      9.417ns (Levels of Logic = 8)
  Clock Path Skew:      0.000ns
  Source Clock:         clk_100mhz_BUFGP rising at 0.000ns
  Destination Clock:    clk_100mhz_BUFGP rising at 10.000ns
  Clock Uncertainty:    0.035ns

  Clock Uncertainty:          0.035ns  ((TSJ^2 + TIJ^2)^1/2 + DJ) / 2 + PE
    Total System Jitter (TSJ):  0.070ns
    Total Input Jitter (TIJ):   0.000ns
    Discrete Jitter (DJ):       0.000ns
    Phase Error (PE):           0.000ns

  Maximum Data Path at Slow Process Corner: u/campaign/replay_index_2 to u/campaign/error_count_14
    Location             Delay type         Delay(ns)  Physical Resource
                                                       Logical Resource(s)
    -------------------------------------------------  -------------------
    SLICE_X27Y16.BMUX    Tshcko                0.518   u/campaign/replay_index<6>
                                                       u/campaign/replay_index_2
    SLICE_X25Y16.B6      net (fanout=391)      1.225   u/campaign/replay_index<2>
    SLICE_X25Y16.B       Tilo                  0.259   u/campaign/expected_cycles<4>
                                                       u/campaign/expected/policy_mode[2]_GND_7_o_equal_275_o<6>11
    SLICE_X25Y16.A5      net (fanout=4)        0.245   u/campaign/expected/policy_mode[2]_GND_7_o_equal_275_o<6>1
    SLICE_X25Y16.A       Tilo                  0.259   u/campaign/expected_cycles<4>
                                                       u/campaign/expected/policy_mode[2]_GND_7_o_equal_331_o<6>1
    SLICE_X24Y20.A1      net (fanout=11)       1.729   u/campaign/expected/policy_mode[2]_GND_7_o_equal_331_o
    SLICE_X24Y20.A       Tilo                  0.235   u/campaign/expected/N42
                                                       u/campaign/expected/state_id<1>24
    SLICE_X22Y17.B2      net (fanout=2)        1.007   u/campaign/expected/state_id<1>2
    SLICE_X22Y17.B       Tilo                  0.254   u/campaign/expected/_n2492
                                                       u/campaign/expected/state_id<1>
    SLICE_X28Y20.D4      net (fanout=1)        0.766   u/campaign/expected_state<7>
    SLICE_X28Y20.D       Tilo                  0.235   u/campaign/norm_state[7]_expected_state[7]_equal_18_o8
                                                       u/campaign/norm_state[7]_expected_state[7]_equal_18_o81
    SLICE_X28Y20.C6      net (fanout=1)        0.143   u/campaign/norm_state[7]_expected_state[7]_equal_18_o8
    SLICE_X28Y20.C       Tilo                  0.235   u/campaign/norm_state[7]_expected_state[7]_equal_18_o8
                                                       u/campaign/norm_state[7]_expected_state[7]_equal_18_o83
    SLICE_X31Y19.B2      net (fanout=9)        1.178   u/campaign/norm_state[7]_expected_state[7]_equal_18_o
    SLICE_X31Y19.B       Tilo                  0.259   u/error_count<2>
                                                       u/campaign/_n0323_inv3_rstpot
    SLICE_X31Y18.D5      net (fanout=16)       0.497   u/campaign/_n0323_inv3_rstpot
    SLICE_X31Y18.CLK     Tas                   0.373   u/error_count<14>
                                                       u/campaign/error_count_14_dpot
                                                       u/campaign/error_count_14
    -------------------------------------------------  ---------------------------
    Total                                      9.417ns (2.627ns logic, 6.790ns route)
                                                       (27.9% logic, 72.1% route)

--------------------------------------------------------------------------------

Paths for end point u/campaign/error_count_11 (SLICE_X31Y18.A5), 8930 paths
--------------------------------------------------------------------------------
Slack:                  0.396ns (requirement - (data path - clock path skew + uncertainty))
  Source:               u/campaign/replay_index_2 (FF)
  Destination:          u/campaign/error_count_11 (FF)
  Requirement:          10.000ns
  Data Path Delay:      9.569ns (Levels of Logic = 9)
  Clock Path Skew:      0.000ns
  Source Clock:         clk_100mhz_BUFGP rising at 0.000ns
  Destination Clock:    clk_100mhz_BUFGP rising at 10.000ns
  Clock Uncertainty:    0.035ns

  Clock Uncertainty:          0.035ns  ((TSJ^2 + TIJ^2)^1/2 + DJ) / 2 + PE
    Total System Jitter (TSJ):  0.070ns
    Total Input Jitter (TIJ):   0.000ns
    Discrete Jitter (DJ):       0.000ns
    Phase Error (PE):           0.000ns

  Maximum Data Path at Slow Process Corner: u/campaign/replay_index_2 to u/campaign/error_count_11
    Location             Delay type         Delay(ns)  Physical Resource
                                                       Logical Resource(s)
    -------------------------------------------------  -------------------
    SLICE_X27Y16.BMUX    Tshcko                0.518   u/campaign/replay_index<6>
                                                       u/campaign/replay_index_2
    SLICE_X25Y16.B6      net (fanout=391)      1.225   u/campaign/replay_index<2>
    SLICE_X25Y16.B       Tilo                  0.259   u/campaign/expected_cycles<4>
                                                       u/campaign/expected/policy_mode[2]_GND_7_o_equal_275_o<6>11
    SLICE_X25Y16.A5      net (fanout=4)        0.245   u/campaign/expected/policy_mode[2]_GND_7_o_equal_275_o<6>1
    SLICE_X25Y16.A       Tilo                  0.259   u/campaign/expected_cycles<4>
                                                       u/campaign/expected/policy_mode[2]_GND_7_o_equal_331_o<6>1
    SLICE_X21Y18.C1      net (fanout=11)       2.001   u/campaign/expected/policy_mode[2]_GND_7_o_equal_331_o
    SLICE_X21Y18.C       Tilo                  0.259   u/campaign/expected/policy_mode[2]_GND_7_o_equal_276_o
                                                       u/campaign/expected/bottleneck_fidelity<10>1
    SLICE_X21Y18.B4      net (fanout=1)        0.352   u/campaign/expected/bottleneck_fidelity<10>1
    SLICE_X21Y18.B       Tilo                  0.259   u/campaign/expected/policy_mode[2]_GND_7_o_equal_276_o
                                                       u/campaign/expected/bottleneck_fidelity<10>2
    SLICE_X21Y18.A5      net (fanout=1)        0.230   u/campaign/expected/bottleneck_fidelity<10>2
    SLICE_X21Y18.A       Tilo                  0.259   u/campaign/expected/policy_mode[2]_GND_7_o_equal_276_o
                                                       u/campaign/expected/bottleneck_fidelity<10>6
    SLICE_X28Y19.C5      net (fanout=1)        0.934   u/campaign/expected_fidelity<6>
    SLICE_X28Y19.COUT    Topcyc                0.325   u/campaign/Mcompar_norm_fidelity[15]_expected_fidelity[15]_equal_22_o_cy<3>
                                                       u/campaign/Mcompar_norm_fidelity[15]_expected_fidelity[15]_equal_22_o_lut<2>
                                                       u/campaign/Mcompar_norm_fidelity[15]_expected_fidelity[15]_equal_22_o_cy<3>
    SLICE_X28Y20.CIN     net (fanout=1)        0.003   u/campaign/Mcompar_norm_fidelity[15]_expected_fidelity[15]_equal_22_o_cy<3>
    SLICE_X28Y20.BMUX    Tcinb                 0.239   u/campaign/norm_state[7]_expected_state[7]_equal_18_o8
                                                       u/campaign/Mcompar_norm_fidelity[15]_expected_fidelity[15]_equal_22_o_cy<5>
    SLICE_X31Y19.B4      net (fanout=9)        1.077   u/campaign/norm_fidelity[15]_expected_fidelity[15]_equal_22_o
    SLICE_X31Y19.B       Tilo                  0.259   u/error_count<2>
                                                       u/campaign/_n0323_inv3_rstpot
    SLICE_X31Y18.A5      net (fanout=16)       0.493   u/campaign/_n0323_inv3_rstpot
    SLICE_X31Y18.CLK     Tas                   0.373   u/error_count<14>
                                                       u/campaign/error_count_11_dpot
                                                       u/campaign/error_count_11
    -------------------------------------------------  ---------------------------
    Total                                      9.569ns (3.009ns logic, 6.560ns route)
                                                       (31.4% logic, 68.6% route)

--------------------------------------------------------------------------------
Slack:                  0.414ns (requirement - (data path - clock path skew + uncertainty))
  Source:               u/campaign/replay_index_1 (FF)
  Destination:          u/campaign/error_count_11 (FF)
  Requirement:          10.000ns
  Data Path Delay:      9.551ns (Levels of Logic = 8)
  Clock Path Skew:      0.000ns
  Source Clock:         clk_100mhz_BUFGP rising at 0.000ns
  Destination Clock:    clk_100mhz_BUFGP rising at 10.000ns
  Clock Uncertainty:    0.035ns

  Clock Uncertainty:          0.035ns  ((TSJ^2 + TIJ^2)^1/2 + DJ) / 2 + PE
    Total System Jitter (TSJ):  0.070ns
    Total Input Jitter (TIJ):   0.000ns
    Discrete Jitter (DJ):       0.000ns
    Phase Error (PE):           0.000ns

  Maximum Data Path at Slow Process Corner: u/campaign/replay_index_1 to u/campaign/error_count_11
    Location             Delay type         Delay(ns)  Physical Resource
                                                       Logical Resource(s)
    -------------------------------------------------  -------------------
    SLICE_X27Y16.BQ      Tcko                  0.430   u/campaign/replay_index<6>
                                                       u/campaign/replay_index_1
    SLICE_X21Y21.B5      net (fanout=388)      2.281   u/campaign/replay_index<1>
    SLICE_X21Y21.B       Tilo                  0.259   u/campaign/expected/state_id<2>5
                                                       u/campaign/expected/_n2713_SW0
    SLICE_X21Y21.A5      net (fanout=1)        0.230   u/campaign/expected/N14
    SLICE_X21Y21.A       Tilo                  0.259   u/campaign/expected/state_id<2>5
                                                       u/campaign/expected/_n2713
    SLICE_X19Y17.D5      net (fanout=4)        1.109   u/campaign/expected/_n2713
    SLICE_X19Y17.D       Tilo                  0.259   u/campaign/expected/bottleneck_fidelity<11>1
                                                       u/campaign/expected/bottleneck_fidelity<11>1
    SLICE_X21Y20.A4      net (fanout=1)        0.953   u/campaign/expected/bottleneck_fidelity<11>1
    SLICE_X21Y20.A       Tilo                  0.259   u/campaign/expected/policy_mode[2]_GND_7_o_equal_289_o
                                                       u/campaign/expected/bottleneck_fidelity<11>7
    SLICE_X28Y19.B6      net (fanout=1)        0.620   u/campaign/expected_fidelity<5>
    SLICE_X28Y19.COUT    Topcyb                0.448   u/campaign/Mcompar_norm_fidelity[15]_expected_fidelity[15]_equal_22_o_cy<3>
                                                       u/campaign/Mcompar_norm_fidelity[15]_expected_fidelity[15]_equal_22_o_lut<1>
                                                       u/campaign/Mcompar_norm_fidelity[15]_expected_fidelity[15]_equal_22_o_cy<3>
    SLICE_X28Y20.CIN     net (fanout=1)        0.003   u/campaign/Mcompar_norm_fidelity[15]_expected_fidelity[15]_equal_22_o_cy<3>
    SLICE_X28Y20.BMUX    Tcinb                 0.239   u/campaign/norm_state[7]_expected_state[7]_equal_18_o8
                                                       u/campaign/Mcompar_norm_fidelity[15]_expected_fidelity[15]_equal_22_o_cy<5>
    SLICE_X31Y19.B4      net (fanout=9)        1.077   u/campaign/norm_fidelity[15]_expected_fidelity[15]_equal_22_o
    SLICE_X31Y19.B       Tilo                  0.259   u/error_count<2>
                                                       u/campaign/_n0323_inv3_rstpot
    SLICE_X31Y18.A5      net (fanout=16)       0.493   u/campaign/_n0323_inv3_rstpot
    SLICE_X31Y18.CLK     Tas                   0.373   u/error_count<14>
                                                       u/campaign/error_count_11_dpot
                                                       u/campaign/error_count_11
    -------------------------------------------------  ---------------------------
    Total                                      9.551ns (2.785ns logic, 6.766ns route)
                                                       (29.2% logic, 70.8% route)

--------------------------------------------------------------------------------
Slack:                  0.422ns (requirement - (data path - clock path skew + uncertainty))
  Source:               u/campaign/replay_index_2 (FF)
  Destination:          u/campaign/error_count_11 (FF)
  Requirement:          10.000ns
  Data Path Delay:      9.543ns (Levels of Logic = 9)
  Clock Path Skew:      0.000ns
  Source Clock:         clk_100mhz_BUFGP rising at 0.000ns
  Destination Clock:    clk_100mhz_BUFGP rising at 10.000ns
  Clock Uncertainty:    0.035ns

  Clock Uncertainty:          0.035ns  ((TSJ^2 + TIJ^2)^1/2 + DJ) / 2 + PE
    Total System Jitter (TSJ):  0.070ns
    Total Input Jitter (TIJ):   0.000ns
    Discrete Jitter (DJ):       0.000ns
    Phase Error (PE):           0.000ns

  Maximum Data Path at Slow Process Corner: u/campaign/replay_index_2 to u/campaign/error_count_11
    Location             Delay type         Delay(ns)  Physical Resource
                                                       Logical Resource(s)
    -------------------------------------------------  -------------------
    SLICE_X27Y16.BMUX    Tshcko                0.518   u/campaign/replay_index<6>
                                                       u/campaign/replay_index_2
    SLICE_X23Y16.B3      net (fanout=391)      0.809   u/campaign/replay_index<2>
    SLICE_X23Y16.B       Tilo                  0.259   u/campaign/expected/policy_mode[2]_GND_7_o_equal_307_o
                                                       u/campaign/expected/policy_mode[2]_GND_7_o_equal_289_o<6>11
    SLICE_X25Y21.B3      net (fanout=18)       1.103   u/campaign/expected/policy_mode[2]_GND_7_o_equal_289_o<6>1
    SLICE_X25Y21.B       Tilo                  0.259   u/campaign/expected/policy_mode[2]_GND_7_o_equal_281_o
                                                       u/campaign/expected/policy_mode[2]_GND_7_o_equal_291_o<6>1
    SLICE_X25Y21.A3      net (fanout=10)       0.595   u/campaign/expected/policy_mode[2]_GND_7_o_equal_291_o
    SLICE_X25Y21.A       Tilo                  0.259   u/campaign/expected/policy_mode[2]_GND_7_o_equal_281_o
                                                       u/campaign/expected/state_id<1>11
    SLICE_X24Y20.A4      net (fanout=2)        0.563   u/campaign/expected/state_id<1>1
    SLICE_X24Y20.A       Tilo                  0.235   u/campaign/expected/N42
                                                       u/campaign/expected/state_id<1>24
    SLICE_X22Y17.B2      net (fanout=2)        1.007   u/campaign/expected/state_id<1>2
    SLICE_X22Y17.B       Tilo                  0.254   u/campaign/expected/_n2492
                                                       u/campaign/expected/state_id<1>
    SLICE_X28Y20.D4      net (fanout=1)        0.766   u/campaign/expected_state<7>
    SLICE_X28Y20.D       Tilo                  0.235   u/campaign/norm_state[7]_expected_state[7]_equal_18_o8
                                                       u/campaign/norm_state[7]_expected_state[7]_equal_18_o81
    SLICE_X28Y20.C6      net (fanout=1)        0.143   u/campaign/norm_state[7]_expected_state[7]_equal_18_o8
    SLICE_X28Y20.C       Tilo                  0.235   u/campaign/norm_state[7]_expected_state[7]_equal_18_o8
                                                       u/campaign/norm_state[7]_expected_state[7]_equal_18_o83
    SLICE_X31Y19.B2      net (fanout=9)        1.178   u/campaign/norm_state[7]_expected_state[7]_equal_18_o
    SLICE_X31Y19.B       Tilo                  0.259   u/error_count<2>
                                                       u/campaign/_n0323_inv3_rstpot
    SLICE_X31Y18.A5      net (fanout=16)       0.493   u/campaign/_n0323_inv3_rstpot
    SLICE_X31Y18.CLK     Tas                   0.373   u/error_count<14>
                                                       u/campaign/error_count_11_dpot
                                                       u/campaign/error_count_11
    -------------------------------------------------  ---------------------------
    Total                                      9.543ns (2.886ns logic, 6.657ns route)
                                                       (30.2% logic, 69.8% route)

--------------------------------------------------------------------------------
Slack:                  0.452ns (requirement - (data path - clock path skew + uncertainty))
  Source:               u/campaign/replay_index_2 (FF)
  Destination:          u/campaign/error_count_11 (FF)
  Requirement:          10.000ns
  Data Path Delay:      9.513ns (Levels of Logic = 8)
  Clock Path Skew:      0.000ns
  Source Clock:         clk_100mhz_BUFGP rising at 0.000ns
  Destination Clock:    clk_100mhz_BUFGP rising at 10.000ns
  Clock Uncertainty:    0.035ns

  Clock Uncertainty:          0.035ns  ((TSJ^2 + TIJ^2)^1/2 + DJ) / 2 + PE
    Total System Jitter (TSJ):  0.070ns
    Total Input Jitter (TIJ):   0.000ns
    Discrete Jitter (DJ):       0.000ns
    Phase Error (PE):           0.000ns

  Maximum Data Path at Slow Process Corner: u/campaign/replay_index_2 to u/campaign/error_count_11
    Location             Delay type         Delay(ns)  Physical Resource
                                                       Logical Resource(s)
    -------------------------------------------------  -------------------
    SLICE_X27Y16.BMUX    Tshcko                0.518   u/campaign/replay_index<6>
                                                       u/campaign/replay_index_2
    SLICE_X25Y16.B6      net (fanout=391)      1.225   u/campaign/replay_index<2>
    SLICE_X25Y16.B       Tilo                  0.259   u/campaign/expected_cycles<4>
                                                       u/campaign/expected/policy_mode[2]_GND_7_o_equal_275_o<6>11
    SLICE_X25Y16.A5      net (fanout=4)        0.245   u/campaign/expected/policy_mode[2]_GND_7_o_equal_275_o<6>1
    SLICE_X25Y16.A       Tilo                  0.259   u/campaign/expected_cycles<4>
                                                       u/campaign/expected/policy_mode[2]_GND_7_o_equal_331_o<6>1
    SLICE_X22Y21.B1      net (fanout=11)       1.746   u/campaign/expected/policy_mode[2]_GND_7_o_equal_331_o
    SLICE_X22Y21.B       Tilo                  0.254   u/campaign/expected/state_id<2>1
                                                       u/campaign/expected/state_id<7>2
    SLICE_X21Y19.D3      net (fanout=1)        0.809   u/campaign/expected/state_id<7>3
    SLICE_X21Y19.D       Tilo                  0.259   u/campaign/expected_state<1>
                                                       u/campaign/expected/state_id<7>4
    SLICE_X22Y19.C5      net (fanout=1)        0.417   u/campaign/expected_state<1>
    SLICE_X22Y19.C       Tilo                  0.255   u/campaign/tx_state_id<3>
                                                       u/campaign/norm_state[7]_expected_state[7]_equal_18_o82
    SLICE_X28Y20.C5      net (fanout=1)        0.729   u/campaign/norm_state[7]_expected_state[7]_equal_18_o81
    SLICE_X28Y20.C       Tilo                  0.235   u/campaign/norm_state[7]_expected_state[7]_equal_18_o8
                                                       u/campaign/norm_state[7]_expected_state[7]_equal_18_o83
    SLICE_X31Y19.B2      net (fanout=9)        1.178   u/campaign/norm_state[7]_expected_state[7]_equal_18_o
    SLICE_X31Y19.B       Tilo                  0.259   u/error_count<2>
                                                       u/campaign/_n0323_inv3_rstpot
    SLICE_X31Y18.A5      net (fanout=16)       0.493   u/campaign/_n0323_inv3_rstpot
    SLICE_X31Y18.CLK     Tas                   0.373   u/error_count<14>
                                                       u/campaign/error_count_11_dpot
                                                       u/campaign/error_count_11
    -------------------------------------------------  ---------------------------
    Total                                      9.513ns (2.671ns logic, 6.842ns route)
                                                       (28.1% logic, 71.9% route)

--------------------------------------------------------------------------------
Slack:                  0.471ns (requirement - (data path - clock path skew + uncertainty))
  Source:               u/campaign/replay_index_2 (FF)
  Destination:          u/campaign/error_count_11 (FF)
  Requirement:          10.000ns
  Data Path Delay:      9.494ns (Levels of Logic = 8)
  Clock Path Skew:      0.000ns
  Source Clock:         clk_100mhz_BUFGP rising at 0.000ns
  Destination Clock:    clk_100mhz_BUFGP rising at 10.000ns
  Clock Uncertainty:    0.035ns

  Clock Uncertainty:          0.035ns  ((TSJ^2 + TIJ^2)^1/2 + DJ) / 2 + PE
    Total System Jitter (TSJ):  0.070ns
    Total Input Jitter (TIJ):   0.000ns
    Discrete Jitter (DJ):       0.000ns
    Phase Error (PE):           0.000ns

  Maximum Data Path at Slow Process Corner: u/campaign/replay_index_2 to u/campaign/error_count_11
    Location             Delay type         Delay(ns)  Physical Resource
                                                       Logical Resource(s)
    -------------------------------------------------  -------------------
    SLICE_X27Y16.BMUX    Tshcko                0.518   u/campaign/replay_index<6>
                                                       u/campaign/replay_index_2
    SLICE_X25Y21.C3      net (fanout=391)      2.014   u/campaign/replay_index<2>
    SLICE_X25Y21.C       Tilo                  0.259   u/campaign/expected/policy_mode[2]_GND_7_o_equal_281_o
                                                       u/campaign/expected/policy_mode[2]_GND_7_o_equal_282_o<6>1
    SLICE_X26Y22.A5      net (fanout=6)        0.744   u/campaign/expected/policy_mode[2]_GND_7_o_equal_282_o
    SLICE_X26Y22.A       Tilo                  0.254   u/campaign/expected_score<6>
                                                       u/campaign/expected/state_id<5>3
    SLICE_X24Y20.D6      net (fanout=2)        0.788   u/campaign/expected/state_id<5>3
    SLICE_X24Y20.D       Tilo                  0.235   u/campaign/expected/N42
                                                       u/campaign/expected/state_id<5>_SW0
    SLICE_X23Y19.B3      net (fanout=1)        0.574   u/campaign/expected/N42
    SLICE_X23Y19.B       Tilo                  0.259   u/campaign/expected/bottleneck_fidelity<8>11
                                                       u/campaign/expected/state_id<5>
    SLICE_X22Y19.C6      net (fanout=1)        0.327   u/campaign/expected_state<3>
    SLICE_X22Y19.C       Tilo                  0.255   u/campaign/tx_state_id<3>
                                                       u/campaign/norm_state[7]_expected_state[7]_equal_18_o82
    SLICE_X28Y20.C5      net (fanout=1)        0.729   u/campaign/norm_state[7]_expected_state[7]_equal_18_o81
    SLICE_X28Y20.C       Tilo                  0.235   u/campaign/norm_state[7]_expected_state[7]_equal_18_o8
                                                       u/campaign/norm_state[7]_expected_state[7]_equal_18_o83
    SLICE_X31Y19.B2      net (fanout=9)        1.178   u/campaign/norm_state[7]_expected_state[7]_equal_18_o
    SLICE_X31Y19.B       Tilo                  0.259   u/error_count<2>
                                                       u/campaign/_n0323_inv3_rstpot
    SLICE_X31Y18.A5      net (fanout=16)       0.493   u/campaign/_n0323_inv3_rstpot
    SLICE_X31Y18.CLK     Tas                   0.373   u/error_count<14>
                                                       u/campaign/error_count_11_dpot
                                                       u/campaign/error_count_11
    -------------------------------------------------  ---------------------------
    Total                                      9.494ns (2.647ns logic, 6.847ns route)
                                                       (27.9% logic, 72.1% route)

--------------------------------------------------------------------------------
Slack:                  0.481ns (requirement - (data path - clock path skew + uncertainty))
  Source:               u/campaign/replay_index_2 (FF)
  Destination:          u/campaign/error_count_11 (FF)
  Requirement:          10.000ns
  Data Path Delay:      9.484ns (Levels of Logic = 9)
  Clock Path Skew:      0.000ns
  Source Clock:         clk_100mhz_BUFGP rising at 0.000ns
  Destination Clock:    clk_100mhz_BUFGP rising at 10.000ns
  Clock Uncertainty:    0.035ns

  Clock Uncertainty:          0.035ns  ((TSJ^2 + TIJ^2)^1/2 + DJ) / 2 + PE
    Total System Jitter (TSJ):  0.070ns
    Total Input Jitter (TIJ):   0.000ns
    Discrete Jitter (DJ):       0.000ns
    Phase Error (PE):           0.000ns

  Maximum Data Path at Slow Process Corner: u/campaign/replay_index_2 to u/campaign/error_count_11
    Location             Delay type         Delay(ns)  Physical Resource
                                                       Logical Resource(s)
    -------------------------------------------------  -------------------
    SLICE_X27Y16.BMUX    Tshcko                0.518   u/campaign/replay_index<6>
                                                       u/campaign/replay_index_2
    SLICE_X25Y16.B6      net (fanout=391)      1.225   u/campaign/replay_index<2>
    SLICE_X25Y16.B       Tilo                  0.259   u/campaign/expected_cycles<4>
                                                       u/campaign/expected/policy_mode[2]_GND_7_o_equal_275_o<6>11
    SLICE_X25Y16.A5      net (fanout=4)        0.245   u/campaign/expected/policy_mode[2]_GND_7_o_equal_275_o<6>1
    SLICE_X25Y16.A       Tilo                  0.259   u/campaign/expected_cycles<4>
                                                       u/campaign/expected/policy_mode[2]_GND_7_o_equal_331_o<6>1
    SLICE_X23Y20.D1      net (fanout=11)       1.731   u/campaign/expected/policy_mode[2]_GND_7_o_equal_331_o
    SLICE_X23Y20.D       Tilo                  0.259   u/campaign/expected/bottleneck_fidelity<8>12
                                                       u/campaign/expected/bottleneck_fidelity<8>12
    SLICE_X23Y20.C6      net (fanout=1)        0.143   u/campaign/expected/bottleneck_fidelity<8>12
    SLICE_X23Y20.C       Tilo                  0.259   u/campaign/expected/bottleneck_fidelity<8>12
                                                       u/campaign/expected/bottleneck_fidelity<8>13
    SLICE_X29Y20.B3      net (fanout=2)        0.878   u/campaign/expected/bottleneck_fidelity<8>1
    SLICE_X29Y20.B       Tilo                  0.259   u/campaign/expected/policy_mode[2]_GND_7_o_equal_273_o
                                                       u/campaign/expected/bottleneck_fidelity<8>2
    SLICE_X28Y19.C2      net (fanout=1)        0.680   u/campaign/expected_fidelity<8>
    SLICE_X28Y19.COUT    Topcyc                0.325   u/campaign/Mcompar_norm_fidelity[15]_expected_fidelity[15]_equal_22_o_cy<3>
                                                       u/campaign/Mcompar_norm_fidelity[15]_expected_fidelity[15]_equal_22_o_lut<2>
                                                       u/campaign/Mcompar_norm_fidelity[15]_expected_fidelity[15]_equal_22_o_cy<3>
    SLICE_X28Y20.CIN     net (fanout=1)        0.003   u/campaign/Mcompar_norm_fidelity[15]_expected_fidelity[15]_equal_22_o_cy<3>
    SLICE_X28Y20.BMUX    Tcinb                 0.239   u/campaign/norm_state[7]_expected_state[7]_equal_18_o8
                                                       u/campaign/Mcompar_norm_fidelity[15]_expected_fidelity[15]_equal_22_o_cy<5>
    SLICE_X31Y19.B4      net (fanout=9)        1.077   u/campaign/norm_fidelity[15]_expected_fidelity[15]_equal_22_o
    SLICE_X31Y19.B       Tilo                  0.259   u/error_count<2>
                                                       u/campaign/_n0323_inv3_rstpot
    SLICE_X31Y18.A5      net (fanout=16)       0.493   u/campaign/_n0323_inv3_rstpot
    SLICE_X31Y18.CLK     Tas                   0.373   u/error_count<14>
                                                       u/campaign/error_count_11_dpot
                                                       u/campaign/error_count_11
    -------------------------------------------------  ---------------------------
    Total                                      9.484ns (3.009ns logic, 6.475ns route)
                                                       (31.7% logic, 68.3% route)

--------------------------------------------------------------------------------
Slack:                  0.506ns (requirement - (data path - clock path skew + uncertainty))
  Source:               u/campaign/replay_index_3 (FF)
  Destination:          u/campaign/error_count_11 (FF)
  Requirement:          10.000ns
  Data Path Delay:      9.459ns (Levels of Logic = 9)
  Clock Path Skew:      0.000ns
  Source Clock:         clk_100mhz_BUFGP rising at 0.000ns
  Destination Clock:    clk_100mhz_BUFGP rising at 10.000ns
  Clock Uncertainty:    0.035ns

  Clock Uncertainty:          0.035ns  ((TSJ^2 + TIJ^2)^1/2 + DJ) / 2 + PE
    Total System Jitter (TSJ):  0.070ns
    Total Input Jitter (TIJ):   0.000ns
    Discrete Jitter (DJ):       0.000ns
    Phase Error (PE):           0.000ns

  Maximum Data Path at Slow Process Corner: u/campaign/replay_index_3 to u/campaign/error_count_11
    Location             Delay type         Delay(ns)  Physical Resource
                                                       Logical Resource(s)
    -------------------------------------------------  -------------------
    SLICE_X27Y16.CQ      Tcko                  0.430   u/campaign/replay_index<6>
                                                       u/campaign/replay_index_3
    SLICE_X23Y17.B4      net (fanout=379)      1.227   u/campaign/replay_index<3>
    SLICE_X23Y17.B       Tilo                  0.259   u/campaign/expected/policy_mode[2]_GND_7_o_equal_333_o
                                                       u/campaign/expected/out11141
    SLICE_X23Y17.A5      net (fanout=11)       0.277   u/campaign/expected/out1114
    SLICE_X23Y17.A       Tilo                  0.259   u/campaign/expected/policy_mode[2]_GND_7_o_equal_333_o
                                                       u/campaign/expected/policy_mode[2]_GND_7_o_equal_336_o<6>1
    SLICE_X25Y20.B6      net (fanout=13)       1.650   u/campaign/expected/policy_mode[2]_GND_7_o_equal_336_o
    SLICE_X25Y20.B       Tilo                  0.259   u/campaign/expected/state_id<6>1
                                                       u/campaign/expected/bottleneck_fidelity<9>1_SW0
    SLICE_X29Y20.A5      net (fanout=1)        0.497   u/campaign/expected/N32
    SLICE_X29Y20.A       Tilo                  0.259   u/campaign/expected/policy_mode[2]_GND_7_o_equal_273_o
                                                       u/campaign/expected/bottleneck_fidelity<9>1
    SLICE_X29Y20.C2      net (fanout=2)        0.537   u/campaign/expected/bottleneck_fidelity<9>1
    SLICE_X29Y20.C       Tilo                  0.259   u/campaign/expected/policy_mode[2]_GND_7_o_equal_273_o
                                                       u/campaign/expected/bottleneck_fidelity<9>
    SLICE_X28Y19.C3      net (fanout=1)        0.777   u/campaign/expected_fidelity<7>
    SLICE_X28Y19.COUT    Topcyc                0.325   u/campaign/Mcompar_norm_fidelity[15]_expected_fidelity[15]_equal_22_o_cy<3>
                                                       u/campaign/Mcompar_norm_fidelity[15]_expected_fidelity[15]_equal_22_o_lut<2>
                                                       u/campaign/Mcompar_norm_fidelity[15]_expected_fidelity[15]_equal_22_o_cy<3>
    SLICE_X28Y20.CIN     net (fanout=1)        0.003   u/campaign/Mcompar_norm_fidelity[15]_expected_fidelity[15]_equal_22_o_cy<3>
    SLICE_X28Y20.BMUX    Tcinb                 0.239   u/campaign/norm_state[7]_expected_state[7]_equal_18_o8
                                                       u/campaign/Mcompar_norm_fidelity[15]_expected_fidelity[15]_equal_22_o_cy<5>
    SLICE_X31Y19.B4      net (fanout=9)        1.077   u/campaign/norm_fidelity[15]_expected_fidelity[15]_equal_22_o
    SLICE_X31Y19.B       Tilo                  0.259   u/error_count<2>
                                                       u/campaign/_n0323_inv3_rstpot
    SLICE_X31Y18.A5      net (fanout=16)       0.493   u/campaign/_n0323_inv3_rstpot
    SLICE_X31Y18.CLK     Tas                   0.373   u/error_count<14>
                                                       u/campaign/error_count_11_dpot
                                                       u/campaign/error_count_11
    -------------------------------------------------  ---------------------------
    Total                                      9.459ns (2.921ns logic, 6.538ns route)
                                                       (30.9% logic, 69.1% route)

--------------------------------------------------------------------------------
Slack:                  0.524ns (requirement - (data path - clock path skew + uncertainty))
  Source:               u/campaign/replay_index_3 (FF)
  Destination:          u/campaign/error_count_11 (FF)
  Requirement:          10.000ns
  Data Path Delay:      9.441ns (Levels of Logic = 8)
  Clock Path Skew:      0.000ns
  Source Clock:         clk_100mhz_BUFGP rising at 0.000ns
  Destination Clock:    clk_100mhz_BUFGP rising at 10.000ns
  Clock Uncertainty:    0.035ns

  Clock Uncertainty:          0.035ns  ((TSJ^2 + TIJ^2)^1/2 + DJ) / 2 + PE
    Total System Jitter (TSJ):  0.070ns
    Total Input Jitter (TIJ):   0.000ns
    Discrete Jitter (DJ):       0.000ns
    Phase Error (PE):           0.000ns

  Maximum Data Path at Slow Process Corner: u/campaign/replay_index_3 to u/campaign/error_count_11
    Location             Delay type         Delay(ns)  Physical Resource
                                                       Logical Resource(s)
    -------------------------------------------------  -------------------
    SLICE_X27Y16.CQ      Tcko                  0.430   u/campaign/replay_index<6>
                                                       u/campaign/replay_index_3
    SLICE_X23Y17.B4      net (fanout=379)      1.227   u/campaign/replay_index<3>
    SLICE_X23Y17.B       Tilo                  0.259   u/campaign/expected/policy_mode[2]_GND_7_o_equal_333_o
                                                       u/campaign/expected/out11141
    SLICE_X23Y17.A5      net (fanout=11)       0.277   u/campaign/expected/out1114
    SLICE_X23Y17.A       Tilo                  0.259   u/campaign/expected/policy_mode[2]_GND_7_o_equal_333_o
                                                       u/campaign/expected/policy_mode[2]_GND_7_o_equal_336_o<6>1
    SLICE_X21Y21.D3      net (fanout=13)       1.817   u/campaign/expected/policy_mode[2]_GND_7_o_equal_336_o
    SLICE_X21Y21.D       Tilo                  0.259   u/campaign/expected/state_id<2>5
                                                       u/campaign/expected/state_id<2>3
    SLICE_X22Y21.C5      net (fanout=1)        0.417   u/campaign/expected/state_id<2>5
    SLICE_X22Y21.C       Tilo                  0.255   u/campaign/expected/state_id<2>1
                                                       u/campaign/expected/state_id<2>4
    SLICE_X22Y19.C3      net (fanout=1)        0.719   u/campaign/expected_state<6>
    SLICE_X22Y19.C       Tilo                  0.255   u/campaign/tx_state_id<3>
                                                       u/campaign/norm_state[7]_expected_state[7]_equal_18_o82
    SLICE_X28Y20.C5      net (fanout=1)        0.729   u/campaign/norm_state[7]_expected_state[7]_equal_18_o81
    SLICE_X28Y20.C       Tilo                  0.235   u/campaign/norm_state[7]_expected_state[7]_equal_18_o8
                                                       u/campaign/norm_state[7]_expected_state[7]_equal_18_o83
    SLICE_X31Y19.B2      net (fanout=9)        1.178   u/campaign/norm_state[7]_expected_state[7]_equal_18_o
    SLICE_X31Y19.B       Tilo                  0.259   u/error_count<2>
                                                       u/campaign/_n0323_inv3_rstpot
    SLICE_X31Y18.A5      net (fanout=16)       0.493   u/campaign/_n0323_inv3_rstpot
    SLICE_X31Y18.CLK     Tas                   0.373   u/error_count<14>
                                                       u/campaign/error_count_11_dpot
                                                       u/campaign/error_count_11
    -------------------------------------------------  ---------------------------
    Total                                      9.441ns (2.584ns logic, 6.857ns route)
                                                       (27.4% logic, 72.6% route)

--------------------------------------------------------------------------------
Slack:                  0.550ns (requirement - (data path - clock path skew + uncertainty))
  Source:               u/campaign/replay_index_6 (FF)
  Destination:          u/campaign/error_count_11 (FF)
  Requirement:          10.000ns
  Data Path Delay:      9.415ns (Levels of Logic = 9)
  Clock Path Skew:      0.000ns
  Source Clock:         clk_100mhz_BUFGP rising at 0.000ns
  Destination Clock:    clk_100mhz_BUFGP rising at 10.000ns
  Clock Uncertainty:    0.035ns

  Clock Uncertainty:          0.035ns  ((TSJ^2 + TIJ^2)^1/2 + DJ) / 2 + PE
    Total System Jitter (TSJ):  0.070ns
    Total Input Jitter (TIJ):   0.000ns
    Discrete Jitter (DJ):       0.000ns
    Phase Error (PE):           0.000ns

  Maximum Data Path at Slow Process Corner: u/campaign/replay_index_6 to u/campaign/error_count_11
    Location             Delay type         Delay(ns)  Physical Resource
                                                       Logical Resource(s)
    -------------------------------------------------  -------------------
    SLICE_X27Y16.DQ      Tcko                  0.430   u/campaign/replay_index<6>
                                                       u/campaign/replay_index_6
    SLICE_X27Y17.B3      net (fanout=292)      0.664   u/campaign/replay_index<6>
    SLICE_X27Y17.B       Tilo                  0.259   u/campaign/expected/policy_mode[2]_GND_7_o_equal_327_o
                                                       u/campaign/expected/out11131
    SLICE_X27Y17.A5      net (fanout=19)       0.295   u/campaign/expected/out1113
    SLICE_X27Y17.A       Tilo                  0.259   u/campaign/expected/policy_mode[2]_GND_7_o_equal_327_o
                                                       u/campaign/expected/policy_mode[2]_GND_7_o_equal_318_o<6>1
    SLICE_X27Y22.B1      net (fanout=15)       1.456   u/campaign/expected/policy_mode[2]_GND_7_o_equal_318_o
    SLICE_X27Y22.B       Tilo                  0.259   u/campaign/expected_state<0>
                                                       u/campaign/expected/state_id<1>21_SW0
    SLICE_X24Y20.A5      net (fanout=1)        0.615   u/campaign/expected/N58
    SLICE_X24Y20.A       Tilo                  0.235   u/campaign/expected/N42
                                                       u/campaign/expected/state_id<1>24
    SLICE_X22Y17.B2      net (fanout=2)        1.007   u/campaign/expected/state_id<1>2
    SLICE_X22Y17.B       Tilo                  0.254   u/campaign/expected/_n2492
                                                       u/campaign/expected/state_id<1>
    SLICE_X28Y20.D4      net (fanout=1)        0.766   u/campaign/expected_state<7>
    SLICE_X28Y20.D       Tilo                  0.235   u/campaign/norm_state[7]_expected_state[7]_equal_18_o8
                                                       u/campaign/norm_state[7]_expected_state[7]_equal_18_o81
    SLICE_X28Y20.C6      net (fanout=1)        0.143   u/campaign/norm_state[7]_expected_state[7]_equal_18_o8
    SLICE_X28Y20.C       Tilo                  0.235   u/campaign/norm_state[7]_expected_state[7]_equal_18_o8
                                                       u/campaign/norm_state[7]_expected_state[7]_equal_18_o83
    SLICE_X31Y19.B2      net (fanout=9)        1.178   u/campaign/norm_state[7]_expected_state[7]_equal_18_o
    SLICE_X31Y19.B       Tilo                  0.259   u/error_count<2>
                                                       u/campaign/_n0323_inv3_rstpot
    SLICE_X31Y18.A5      net (fanout=16)       0.493   u/campaign/_n0323_inv3_rstpot
    SLICE_X31Y18.CLK     Tas                   0.373   u/error_count<14>
                                                       u/campaign/error_count_11_dpot
                                                       u/campaign/error_count_11
    -------------------------------------------------  ---------------------------
    Total                                      9.415ns (2.798ns logic, 6.617ns route)
                                                       (29.7% logic, 70.3% route)

--------------------------------------------------------------------------------
Slack:                  0.552ns (requirement - (data path - clock path skew + uncertainty))
  Source:               u/campaign/replay_index_2 (FF)
  Destination:          u/campaign/error_count_11 (FF)
  Requirement:          10.000ns
  Data Path Delay:      9.413ns (Levels of Logic = 8)
  Clock Path Skew:      0.000ns
  Source Clock:         clk_100mhz_BUFGP rising at 0.000ns
  Destination Clock:    clk_100mhz_BUFGP rising at 10.000ns
  Clock Uncertainty:    0.035ns

  Clock Uncertainty:          0.035ns  ((TSJ^2 + TIJ^2)^1/2 + DJ) / 2 + PE
    Total System Jitter (TSJ):  0.070ns
    Total Input Jitter (TIJ):   0.000ns
    Discrete Jitter (DJ):       0.000ns
    Phase Error (PE):           0.000ns

  Maximum Data Path at Slow Process Corner: u/campaign/replay_index_2 to u/campaign/error_count_11
    Location             Delay type         Delay(ns)  Physical Resource
                                                       Logical Resource(s)
    -------------------------------------------------  -------------------
    SLICE_X27Y16.BMUX    Tshcko                0.518   u/campaign/replay_index<6>
                                                       u/campaign/replay_index_2
    SLICE_X25Y16.B6      net (fanout=391)      1.225   u/campaign/replay_index<2>
    SLICE_X25Y16.B       Tilo                  0.259   u/campaign/expected_cycles<4>
                                                       u/campaign/expected/policy_mode[2]_GND_7_o_equal_275_o<6>11
    SLICE_X25Y16.A5      net (fanout=4)        0.245   u/campaign/expected/policy_mode[2]_GND_7_o_equal_275_o<6>1
    SLICE_X25Y16.A       Tilo                  0.259   u/campaign/expected_cycles<4>
                                                       u/campaign/expected/policy_mode[2]_GND_7_o_equal_331_o<6>1
    SLICE_X24Y20.A1      net (fanout=11)       1.729   u/campaign/expected/policy_mode[2]_GND_7_o_equal_331_o
    SLICE_X24Y20.A       Tilo                  0.235   u/campaign/expected/N42
                                                       u/campaign/expected/state_id<1>24
    SLICE_X22Y17.B2      net (fanout=2)        1.007   u/campaign/expected/state_id<1>2
    SLICE_X22Y17.B       Tilo                  0.254   u/campaign/expected/_n2492
                                                       u/campaign/expected/state_id<1>
    SLICE_X28Y20.D4      net (fanout=1)        0.766   u/campaign/expected_state<7>
    SLICE_X28Y20.D       Tilo                  0.235   u/campaign/norm_state[7]_expected_state[7]_equal_18_o8
                                                       u/campaign/norm_state[7]_expected_state[7]_equal_18_o81
    SLICE_X28Y20.C6      net (fanout=1)        0.143   u/campaign/norm_state[7]_expected_state[7]_equal_18_o8
    SLICE_X28Y20.C       Tilo                  0.235   u/campaign/norm_state[7]_expected_state[7]_equal_18_o8
                                                       u/campaign/norm_state[7]_expected_state[7]_equal_18_o83
    SLICE_X31Y19.B2      net (fanout=9)        1.178   u/campaign/norm_state[7]_expected_state[7]_equal_18_o
    SLICE_X31Y19.B       Tilo                  0.259   u/error_count<2>
                                                       u/campaign/_n0323_inv3_rstpot
    SLICE_X31Y18.A5      net (fanout=16)       0.493   u/campaign/_n0323_inv3_rstpot
    SLICE_X31Y18.CLK     Tas                   0.373   u/error_count<14>
                                                       u/campaign/error_count_11_dpot
                                                       u/campaign/error_count_11
    -------------------------------------------------  ---------------------------
    Total                                      9.413ns (2.627ns logic, 6.786ns route)
                                                       (27.9% logic, 72.1% route)

--------------------------------------------------------------------------------

Paths for end point u/campaign/kernel/core/evaluator_i/selected_score_6 (SLICE_X15Y24.D5), 1617636 paths
--------------------------------------------------------------------------------
Slack:                  0.428ns (requirement - (data path - clock path skew + uncertainty))
  Source:               u/campaign/kernel/core/evaluator_i/lam0_0 (FF)
  Destination:          u/campaign/kernel/core/evaluator_i/selected_score_6 (FF)
  Requirement:          10.000ns
  Data Path Delay:      9.496ns (Levels of Logic = 10)
  Clock Path Skew:      -0.041ns (0.292 - 0.333)
  Source Clock:         clk_100mhz_BUFGP rising at 0.000ns
  Destination Clock:    clk_100mhz_BUFGP rising at 10.000ns
  Clock Uncertainty:    0.035ns

  Clock Uncertainty:          0.035ns  ((TSJ^2 + TIJ^2)^1/2 + DJ) / 2 + PE
    Total System Jitter (TSJ):  0.070ns
    Total Input Jitter (TIJ):   0.000ns
    Discrete Jitter (DJ):       0.000ns
    Phase Error (PE):           0.000ns

  Maximum Data Path at Slow Process Corner: u/campaign/kernel/core/evaluator_i/lam0_0 to u/campaign/kernel/core/evaluator_i/selected_score_6
    Location             Delay type         Delay(ns)  Physical Resource
                                                       Logical Resource(s)
    -------------------------------------------------  -------------------
    SLICE_X11Y16.AQ      Tcko                  0.430   u/campaign/kernel/core/evaluator_i/fid0<11>
                                                       u/campaign/kernel/core/evaluator_i/lam0_0
    SLICE_X10Y16.A2      net (fanout=32)       1.123   u/campaign/kernel/core/evaluator_i/lam0<0>
    SLICE_X10Y16.COUT    Topcya                0.482   u/campaign/kernel/core/evaluator_i/Mmux_p103_rs_cy<7>
                                                       u/campaign/kernel/core/evaluator_i/Mmux_p103_A121
                                                       u/campaign/kernel/core/evaluator_i/Mmux_p103_rs_cy<7>
    SLICE_X10Y17.CIN     net (fanout=1)        0.003   u/campaign/kernel/core/evaluator_i/Mmux_p103_rs_cy<7>
    SLICE_X10Y17.COUT    Tbyp                  0.093   u/campaign/kernel/core/evaluator_i/Mmux_p103_rs_cy<11>
                                                       u/campaign/kernel/core/evaluator_i/Mmux_p103_rs_cy<11>
    SLICE_X10Y18.CIN     net (fanout=1)        0.003   u/campaign/kernel/core/evaluator_i/Mmux_p103_rs_cy<11>
    SLICE_X10Y18.DMUX    Tcind                 0.320   u/campaign/kernel/core/evaluator_i/Mmux_p103_rs_cy<15>
                                                       u/campaign/kernel/core/evaluator_i/Mmux_p103_rs_cy<15>
    SLICE_X14Y13.D5      net (fanout=3)        1.178   u/campaign/kernel/core/evaluator_i/Mmux_p103_split<15>
    SLICE_X14Y13.COUT    Topcyd                0.343   u/campaign/kernel/core/evaluator_i/Mcompar_p12[17]_p10[17]_LessThan_34_o_cy<7>
                                                       u/campaign/kernel/core/evaluator_i/Mcompar_p12[17]_p10[17]_LessThan_34_o_lutdi7
                                                       u/campaign/kernel/core/evaluator_i/Mcompar_p12[17]_p10[17]_LessThan_34_o_cy<7>
    SLICE_X14Y14.CIN     net (fanout=1)        0.003   u/campaign/kernel/core/evaluator_i/Mcompar_p12[17]_p10[17]_LessThan_34_o_cy<7>
    SLICE_X14Y14.AMUX    Tcina                 0.230   u/campaign/kernel/core/b4_done
                                                       u/campaign/kernel/core/evaluator_i/Mcompar_p12[17]_p10[17]_LessThan_34_o_cy<8>
    SLICE_X17Y19.D4      net (fanout=18)       1.071   u/campaign/kernel/core/evaluator_i/p12[17]_p10[17]_LessThan_34_o
    SLICE_X17Y19.D       Tilo                  0.259   u/campaign/kernel/core/evaluator_i/n11<15>
                                                       u/campaign/kernel/core/evaluator_i/Mmux_score1101
    SLICE_X14Y23.A3      net (fanout=3)        1.153   u/campaign/kernel/core/evaluator_i/score1<1>
    SLICE_X14Y23.COUT    Topcya                0.474   u/campaign/kernel/core/evaluator_i/Mcompar_score0[17]_score1[17]_equal_39_o_cy<3>
                                                       u/campaign/kernel/core/evaluator_i/Mcompar_score0[17]_score1[17]_equal_39_o_lut<0>
                                                       u/campaign/kernel/core/evaluator_i/Mcompar_score0[17]_score1[17]_equal_39_o_cy<3>
    SLICE_X14Y24.CIN     net (fanout=1)        0.082   u/campaign/kernel/core/evaluator_i/Mcompar_score0[17]_score1[17]_equal_39_o_cy<3>
    SLICE_X14Y24.BMUX    Tcinb                 0.286   u/campaign/kernel/core/evaluator_i/v0
                                                       u/campaign/kernel/core/evaluator_i/Mcompar_score0[17]_score1[17]_equal_39_o_cy<5>
    SLICE_X15Y21.A6      net (fanout=1)        0.599   u/campaign/kernel/core/evaluator_i/score0[17]_score1[17]_equal_39_o
    SLICE_X15Y21.A       Tilo                  0.259   u/campaign/kernel/core/b4_selected_score<4>
                                                       u/campaign/kernel/core/evaluator_i/c0_wins
    SLICE_X15Y24.D5      net (fanout=18)       0.732   u/campaign/kernel/core/evaluator_i/c0_wins
    SLICE_X15Y24.CLK     Tas                   0.373   u/campaign/kernel/core/b4_selected_score<6>
                                                       u/campaign/kernel/core/evaluator_i/Mmux_score1[17]_GND_15_o_mux_131_OUT151
                                                       u/campaign/kernel/core/evaluator_i/selected_score_6
    -------------------------------------------------  ---------------------------
    Total                                      9.496ns (3.549ns logic, 5.947ns route)
                                                       (37.4% logic, 62.6% route)

--------------------------------------------------------------------------------
Slack:                  0.436ns (requirement - (data path - clock path skew + uncertainty))
  Source:               u/campaign/kernel/core/evaluator_i/lam0_0 (FF)
  Destination:          u/campaign/kernel/core/evaluator_i/selected_score_6 (FF)
  Requirement:          10.000ns
  Data Path Delay:      9.488ns (Levels of Logic = 10)
  Clock Path Skew:      -0.041ns (0.292 - 0.333)
  Source Clock:         clk_100mhz_BUFGP rising at 0.000ns
  Destination Clock:    clk_100mhz_BUFGP rising at 10.000ns
  Clock Uncertainty:    0.035ns

  Clock Uncertainty:          0.035ns  ((TSJ^2 + TIJ^2)^1/2 + DJ) / 2 + PE
    Total System Jitter (TSJ):  0.070ns
    Total Input Jitter (TIJ):   0.000ns
    Discrete Jitter (DJ):       0.000ns
    Phase Error (PE):           0.000ns

  Maximum Data Path at Slow Process Corner: u/campaign/kernel/core/evaluator_i/lam0_0 to u/campaign/kernel/core/evaluator_i/selected_score_6
    Location             Delay type         Delay(ns)  Physical Resource
                                                       Logical Resource(s)
    -------------------------------------------------  -------------------
    SLICE_X11Y16.AQ      Tcko                  0.430   u/campaign/kernel/core/evaluator_i/fid0<11>
                                                       u/campaign/kernel/core/evaluator_i/lam0_0
    SLICE_X10Y16.A2      net (fanout=32)       1.123   u/campaign/kernel/core/evaluator_i/lam0<0>
    SLICE_X10Y16.COUT    Topcya                0.474   u/campaign/kernel/core/evaluator_i/Mmux_p103_rs_cy<7>
                                                       u/campaign/kernel/core/evaluator_i/Mmux_p103_rs_lut<4>
                                                       u/campaign/kernel/core/evaluator_i/Mmux_p103_rs_cy<7>
    SLICE_X10Y17.CIN     net (fanout=1)        0.003   u/campaign/kernel/core/evaluator_i/Mmux_p103_rs_cy<7>
    SLICE_X10Y17.COUT    Tbyp                  0.093   u/campaign/kernel/core/evaluator_i/Mmux_p103_rs_cy<11>
                                                       u/campaign/kernel/core/evaluator_i/Mmux_p103_rs_cy<11>
    SLICE_X10Y18.CIN     net (fanout=1)        0.003   u/campaign/kernel/core/evaluator_i/Mmux_p103_rs_cy<11>
    SLICE_X10Y18.DMUX    Tcind                 0.320   u/campaign/kernel/core/evaluator_i/Mmux_p103_rs_cy<15>
                                                       u/campaign/kernel/core/evaluator_i/Mmux_p103_rs_cy<15>
    SLICE_X14Y13.D5      net (fanout=3)        1.178   u/campaign/kernel/core/evaluator_i/Mmux_p103_split<15>
    SLICE_X14Y13.COUT    Topcyd                0.343   u/campaign/kernel/core/evaluator_i/Mcompar_p12[17]_p10[17]_LessThan_34_o_cy<7>
                                                       u/campaign/kernel/core/evaluator_i/Mcompar_p12[17]_p10[17]_LessThan_34_o_lutdi7
                                                       u/campaign/kernel/core/evaluator_i/Mcompar_p12[17]_p10[17]_LessThan_34_o_cy<7>
    SLICE_X14Y14.CIN     net (fanout=1)        0.003   u/campaign/kernel/core/evaluator_i/Mcompar_p12[17]_p10[17]_LessThan_34_o_cy<7>
    SLICE_X14Y14.AMUX    Tcina                 0.230   u/campaign/kernel/core/b4_done
                                                       u/campaign/kernel/core/evaluator_i/Mcompar_p12[17]_p10[17]_LessThan_34_o_cy<8>
    SLICE_X17Y19.D4      net (fanout=18)       1.071   u/campaign/kernel/core/evaluator_i/p12[17]_p10[17]_LessThan_34_o
    SLICE_X17Y19.D       Tilo                  0.259   u/campaign/kernel/core/evaluator_i/n11<15>
                                                       u/campaign/kernel/core/evaluator_i/Mmux_score1101
    SLICE_X14Y23.A3      net (fanout=3)        1.153   u/campaign/kernel/core/evaluator_i/score1<1>
    SLICE_X14Y23.COUT    Topcya                0.474   u/campaign/kernel/core/evaluator_i/Mcompar_score0[17]_score1[17]_equal_39_o_cy<3>
                                                       u/campaign/kernel/core/evaluator_i/Mcompar_score0[17]_score1[17]_equal_39_o_lut<0>
                                                       u/campaign/kernel/core/evaluator_i/Mcompar_score0[17]_score1[17]_equal_39_o_cy<3>
    SLICE_X14Y24.CIN     net (fanout=1)        0.082   u/campaign/kernel/core/evaluator_i/Mcompar_score0[17]_score1[17]_equal_39_o_cy<3>
    SLICE_X14Y24.BMUX    Tcinb                 0.286   u/campaign/kernel/core/evaluator_i/v0
                                                       u/campaign/kernel/core/evaluator_i/Mcompar_score0[17]_score1[17]_equal_39_o_cy<5>
    SLICE_X15Y21.A6      net (fanout=1)        0.599   u/campaign/kernel/core/evaluator_i/score0[17]_score1[17]_equal_39_o
    SLICE_X15Y21.A       Tilo                  0.259   u/campaign/kernel/core/b4_selected_score<4>
                                                       u/campaign/kernel/core/evaluator_i/c0_wins
    SLICE_X15Y24.D5      net (fanout=18)       0.732   u/campaign/kernel/core/evaluator_i/c0_wins
    SLICE_X15Y24.CLK     Tas                   0.373   u/campaign/kernel/core/b4_selected_score<6>
                                                       u/campaign/kernel/core/evaluator_i/Mmux_score1[17]_GND_15_o_mux_131_OUT151
                                                       u/campaign/kernel/core/evaluator_i/selected_score_6
    -------------------------------------------------  ---------------------------
    Total                                      9.488ns (3.541ns logic, 5.947ns route)
                                                       (37.3% logic, 62.7% route)

--------------------------------------------------------------------------------
Slack:                  0.459ns (requirement - (data path - clock path skew + uncertainty))
  Source:               u/campaign/kernel/core/evaluator_i/lam0_0 (FF)
  Destination:          u/campaign/kernel/core/evaluator_i/selected_score_6 (FF)
  Requirement:          10.000ns
  Data Path Delay:      9.465ns (Levels of Logic = 10)
  Clock Path Skew:      -0.041ns (0.292 - 0.333)
  Source Clock:         clk_100mhz_BUFGP rising at 0.000ns
  Destination Clock:    clk_100mhz_BUFGP rising at 10.000ns
  Clock Uncertainty:    0.035ns

  Clock Uncertainty:          0.035ns  ((TSJ^2 + TIJ^2)^1/2 + DJ) / 2 + PE
    Total System Jitter (TSJ):  0.070ns
    Total Input Jitter (TIJ):   0.000ns
    Discrete Jitter (DJ):       0.000ns
    Phase Error (PE):           0.000ns

  Maximum Data Path at Slow Process Corner: u/campaign/kernel/core/evaluator_i/lam0_0 to u/campaign/kernel/core/evaluator_i/selected_score_6
    Location             Delay type         Delay(ns)  Physical Resource
                                                       Logical Resource(s)
    -------------------------------------------------  -------------------
    SLICE_X11Y16.AQ      Tcko                  0.430   u/campaign/kernel/core/evaluator_i/fid0<11>
                                                       u/campaign/kernel/core/evaluator_i/lam0_0
    SLICE_X10Y16.A2      net (fanout=32)       1.123   u/campaign/kernel/core/evaluator_i/lam0<0>
    SLICE_X10Y16.COUT    Topcya                0.482   u/campaign/kernel/core/evaluator_i/Mmux_p103_rs_cy<7>
                                                       u/campaign/kernel/core/evaluator_i/Mmux_p103_A121
                                                       u/campaign/kernel/core/evaluator_i/Mmux_p103_rs_cy<7>
    SLICE_X10Y17.CIN     net (fanout=1)        0.003   u/campaign/kernel/core/evaluator_i/Mmux_p103_rs_cy<7>
    SLICE_X10Y17.COUT    Tbyp                  0.093   u/campaign/kernel/core/evaluator_i/Mmux_p103_rs_cy<11>
                                                       u/campaign/kernel/core/evaluator_i/Mmux_p103_rs_cy<11>
    SLICE_X10Y18.CIN     net (fanout=1)        0.003   u/campaign/kernel/core/evaluator_i/Mmux_p103_rs_cy<11>
    SLICE_X10Y18.DMUX    Tcind                 0.320   u/campaign/kernel/core/evaluator_i/Mmux_p103_rs_cy<15>
                                                       u/campaign/kernel/core/evaluator_i/Mmux_p103_rs_cy<15>
    SLICE_X14Y13.D5      net (fanout=3)        1.178   u/campaign/kernel/core/evaluator_i/Mmux_p103_split<15>
    SLICE_X14Y13.COUT    Topcyd                0.312   u/campaign/kernel/core/evaluator_i/Mcompar_p12[17]_p10[17]_LessThan_34_o_cy<7>
                                                       u/campaign/kernel/core/evaluator_i/Mcompar_p12[17]_p10[17]_LessThan_34_o_lut<7>
                                                       u/campaign/kernel/core/evaluator_i/Mcompar_p12[17]_p10[17]_LessThan_34_o_cy<7>
    SLICE_X14Y14.CIN     net (fanout=1)        0.003   u/campaign/kernel/core/evaluator_i/Mcompar_p12[17]_p10[17]_LessThan_34_o_cy<7>
    SLICE_X14Y14.AMUX    Tcina                 0.230   u/campaign/kernel/core/b4_done
                                                       u/campaign/kernel/core/evaluator_i/Mcompar_p12[17]_p10[17]_LessThan_34_o_cy<8>
    SLICE_X17Y19.D4      net (fanout=18)       1.071   u/campaign/kernel/core/evaluator_i/p12[17]_p10[17]_LessThan_34_o
    SLICE_X17Y19.D       Tilo                  0.259   u/campaign/kernel/core/evaluator_i/n11<15>
                                                       u/campaign/kernel/core/evaluator_i/Mmux_score1101
    SLICE_X14Y23.A3      net (fanout=3)        1.153   u/campaign/kernel/core/evaluator_i/score1<1>
    SLICE_X14Y23.COUT    Topcya                0.474   u/campaign/kernel/core/evaluator_i/Mcompar_score0[17]_score1[17]_equal_39_o_cy<3>
                                                       u/campaign/kernel/core/evaluator_i/Mcompar_score0[17]_score1[17]_equal_39_o_lut<0>
                                                       u/campaign/kernel/core/evaluator_i/Mcompar_score0[17]_score1[17]_equal_39_o_cy<3>
    SLICE_X14Y24.CIN     net (fanout=1)        0.082   u/campaign/kernel/core/evaluator_i/Mcompar_score0[17]_score1[17]_equal_39_o_cy<3>
    SLICE_X14Y24.BMUX    Tcinb                 0.286   u/campaign/kernel/core/evaluator_i/v0
                                                       u/campaign/kernel/core/evaluator_i/Mcompar_score0[17]_score1[17]_equal_39_o_cy<5>
    SLICE_X15Y21.A6      net (fanout=1)        0.599   u/campaign/kernel/core/evaluator_i/score0[17]_score1[17]_equal_39_o
    SLICE_X15Y21.A       Tilo                  0.259   u/campaign/kernel/core/b4_selected_score<4>
                                                       u/campaign/kernel/core/evaluator_i/c0_wins
    SLICE_X15Y24.D5      net (fanout=18)       0.732   u/campaign/kernel/core/evaluator_i/c0_wins
    SLICE_X15Y24.CLK     Tas                   0.373   u/campaign/kernel/core/b4_selected_score<6>
                                                       u/campaign/kernel/core/evaluator_i/Mmux_score1[17]_GND_15_o_mux_131_OUT151
                                                       u/campaign/kernel/core/evaluator_i/selected_score_6
    -------------------------------------------------  ---------------------------
    Total                                      9.465ns (3.518ns logic, 5.947ns route)
                                                       (37.2% logic, 62.8% route)

--------------------------------------------------------------------------------
Slack:                  0.467ns (requirement - (data path - clock path skew + uncertainty))
  Source:               u/campaign/kernel/core/evaluator_i/lam0_0 (FF)
  Destination:          u/campaign/kernel/core/evaluator_i/selected_score_6 (FF)
  Requirement:          10.000ns
  Data Path Delay:      9.457ns (Levels of Logic = 10)
  Clock Path Skew:      -0.041ns (0.292 - 0.333)
  Source Clock:         clk_100mhz_BUFGP rising at 0.000ns
  Destination Clock:    clk_100mhz_BUFGP rising at 10.000ns
  Clock Uncertainty:    0.035ns

  Clock Uncertainty:          0.035ns  ((TSJ^2 + TIJ^2)^1/2 + DJ) / 2 + PE
    Total System Jitter (TSJ):  0.070ns
    Total Input Jitter (TIJ):   0.000ns
    Discrete Jitter (DJ):       0.000ns
    Phase Error (PE):           0.000ns

  Maximum Data Path at Slow Process Corner: u/campaign/kernel/core/evaluator_i/lam0_0 to u/campaign/kernel/core/evaluator_i/selected_score_6
    Location             Delay type         Delay(ns)  Physical Resource
                                                       Logical Resource(s)
    -------------------------------------------------  -------------------
    SLICE_X11Y16.AQ      Tcko                  0.430   u/campaign/kernel/core/evaluator_i/fid0<11>
                                                       u/campaign/kernel/core/evaluator_i/lam0_0
    SLICE_X10Y16.A2      net (fanout=32)       1.123   u/campaign/kernel/core/evaluator_i/lam0<0>
    SLICE_X10Y16.COUT    Topcya                0.474   u/campaign/kernel/core/evaluator_i/Mmux_p103_rs_cy<7>
                                                       u/campaign/kernel/core/evaluator_i/Mmux_p103_rs_lut<4>
                                                       u/campaign/kernel/core/evaluator_i/Mmux_p103_rs_cy<7>
    SLICE_X10Y17.CIN     net (fanout=1)        0.003   u/campaign/kernel/core/evaluator_i/Mmux_p103_rs_cy<7>
    SLICE_X10Y17.COUT    Tbyp                  0.093   u/campaign/kernel/core/evaluator_i/Mmux_p103_rs_cy<11>
                                                       u/campaign/kernel/core/evaluator_i/Mmux_p103_rs_cy<11>
    SLICE_X10Y18.CIN     net (fanout=1)        0.003   u/campaign/kernel/core/evaluator_i/Mmux_p103_rs_cy<11>
    SLICE_X10Y18.DMUX    Tcind                 0.320   u/campaign/kernel/core/evaluator_i/Mmux_p103_rs_cy<15>
                                                       u/campaign/kernel/core/evaluator_i/Mmux_p103_rs_cy<15>
    SLICE_X14Y13.D5      net (fanout=3)        1.178   u/campaign/kernel/core/evaluator_i/Mmux_p103_split<15>
    SLICE_X14Y13.COUT    Topcyd                0.312   u/campaign/kernel/core/evaluator_i/Mcompar_p12[17]_p10[17]_LessThan_34_o_cy<7>
                                                       u/campaign/kernel/core/evaluator_i/Mcompar_p12[17]_p10[17]_LessThan_34_o_lut<7>
                                                       u/campaign/kernel/core/evaluator_i/Mcompar_p12[17]_p10[17]_LessThan_34_o_cy<7>
    SLICE_X14Y14.CIN     net (fanout=1)        0.003   u/campaign/kernel/core/evaluator_i/Mcompar_p12[17]_p10[17]_LessThan_34_o_cy<7>
    SLICE_X14Y14.AMUX    Tcina                 0.230   u/campaign/kernel/core/b4_done
                                                       u/campaign/kernel/core/evaluator_i/Mcompar_p12[17]_p10[17]_LessThan_34_o_cy<8>
    SLICE_X17Y19.D4      net (fanout=18)       1.071   u/campaign/kernel/core/evaluator_i/p12[17]_p10[17]_LessThan_34_o
    SLICE_X17Y19.D       Tilo                  0.259   u/campaign/kernel/core/evaluator_i/n11<15>
                                                       u/campaign/kernel/core/evaluator_i/Mmux_score1101
    SLICE_X14Y23.A3      net (fanout=3)        1.153   u/campaign/kernel/core/evaluator_i/score1<1>
    SLICE_X14Y23.COUT    Topcya                0.474   u/campaign/kernel/core/evaluator_i/Mcompar_score0[17]_score1[17]_equal_39_o_cy<3>
                                                       u/campaign/kernel/core/evaluator_i/Mcompar_score0[17]_score1[17]_equal_39_o_lut<0>
                                                       u/campaign/kernel/core/evaluator_i/Mcompar_score0[17]_score1[17]_equal_39_o_cy<3>
    SLICE_X14Y24.CIN     net (fanout=1)        0.082   u/campaign/kernel/core/evaluator_i/Mcompar_score0[17]_score1[17]_equal_39_o_cy<3>
    SLICE_X14Y24.BMUX    Tcinb                 0.286   u/campaign/kernel/core/evaluator_i/v0
                                                       u/campaign/kernel/core/evaluator_i/Mcompar_score0[17]_score1[17]_equal_39_o_cy<5>
    SLICE_X15Y21.A6      net (fanout=1)        0.599   u/campaign/kernel/core/evaluator_i/score0[17]_score1[17]_equal_39_o
    SLICE_X15Y21.A       Tilo                  0.259   u/campaign/kernel/core/b4_selected_score<4>
                                                       u/campaign/kernel/core/evaluator_i/c0_wins
    SLICE_X15Y24.D5      net (fanout=18)       0.732   u/campaign/kernel/core/evaluator_i/c0_wins
    SLICE_X15Y24.CLK     Tas                   0.373   u/campaign/kernel/core/b4_selected_score<6>
                                                       u/campaign/kernel/core/evaluator_i/Mmux_score1[17]_GND_15_o_mux_131_OUT151
                                                       u/campaign/kernel/core/evaluator_i/selected_score_6
    -------------------------------------------------  ---------------------------
    Total                                      9.457ns (3.510ns logic, 5.947ns route)
                                                       (37.1% logic, 62.9% route)

--------------------------------------------------------------------------------
Slack:                  0.495ns (requirement - (data path - clock path skew + uncertainty))
  Source:               u/campaign/kernel/core/evaluator_i/n00_0 (FF)
  Destination:          u/campaign/kernel/core/evaluator_i/selected_score_6 (FF)
  Requirement:          10.000ns
  Data Path Delay:      9.417ns (Levels of Logic = 11)
  Clock Path Skew:      -0.053ns (0.412 - 0.465)
  Source Clock:         clk_100mhz_BUFGP rising at 0.000ns
  Destination Clock:    clk_100mhz_BUFGP rising at 10.000ns
  Clock Uncertainty:    0.035ns

  Clock Uncertainty:          0.035ns  ((TSJ^2 + TIJ^2)^1/2 + DJ) / 2 + PE
    Total System Jitter (TSJ):  0.070ns
    Total Input Jitter (TIJ):   0.000ns
    Discrete Jitter (DJ):       0.000ns
    Phase Error (PE):           0.000ns

  Maximum Data Path at Slow Process Corner: u/campaign/kernel/core/evaluator_i/n00_0 to u/campaign/kernel/core/evaluator_i/selected_score_6
    Location             Delay type         Delay(ns)  Physical Resource
                                                       Logical Resource(s)
    -------------------------------------------------  -------------------
    SLICE_X9Y15.AQ       Tcko                  0.430   u/campaign/kernel/core/evaluator_i/n00<3>
                                                       u/campaign/kernel/core/evaluator_i/n00_0
    SLICE_X8Y15.A2       net (fanout=2)        1.042   u/campaign/kernel/core/evaluator_i/n00<0>
    SLICE_X8Y15.COUT     Topcya                0.495   u/campaign/kernel/core/evaluator_i/Mmux_p003_rs_cy<3>
                                                       u/campaign/kernel/core/evaluator_i/Mmux_p003_rs_A<0>_mand111
                                                       u/campaign/kernel/core/evaluator_i/Mmux_p003_rs_cy<3>
    SLICE_X8Y16.CIN      net (fanout=1)        0.003   u/campaign/kernel/core/evaluator_i/Mmux_p003_rs_cy<3>
    SLICE_X8Y16.COUT     Tbyp                  0.091   u/campaign/kernel/core/evaluator_i/Mmux_p003_rs_cy<7>
                                                       u/campaign/kernel/core/evaluator_i/Mmux_p003_rs_cy<7>
    SLICE_X8Y17.CIN      net (fanout=1)        0.003   u/campaign/kernel/core/evaluator_i/Mmux_p003_rs_cy<7>
    SLICE_X8Y17.COUT     Tbyp                  0.091   u/campaign/kernel/core/evaluator_i/Mmux_p003_rs_cy<11>
                                                       u/campaign/kernel/core/evaluator_i/Mmux_p003_rs_cy<11>
    SLICE_X8Y18.CIN      net (fanout=1)        0.003   u/campaign/kernel/core/evaluator_i/Mmux_p003_rs_cy<11>
    SLICE_X8Y18.AMUX     Tcina                 0.210   u/campaign/kernel/core/evaluator_i/Mmux_p003_rs_cy<15>
                                                       u/campaign/kernel/core/evaluator_i/Mmux_p003_rs_cy<15>
    SLICE_X12Y13.C4      net (fanout=3)        1.111   u/campaign/kernel/core/evaluator_i/Mmux_p003_split<12>
    SLICE_X12Y13.COUT    Topcyc                0.348   u/campaign/kernel/core/evaluator_i/Mcompar_p02[17]_p00[17]_LessThan_29_o_cy<7>
                                                       u/campaign/kernel/core/evaluator_i/Mcompar_p02[17]_p00[17]_LessThan_29_o_lutdi6
                                                       u/campaign/kernel/core/evaluator_i/Mcompar_p02[17]_p00[17]_LessThan_29_o_cy<7>
    SLICE_X12Y14.CIN     net (fanout=1)        0.003   u/campaign/kernel/core/evaluator_i/Mcompar_p02[17]_p00[17]_LessThan_29_o_cy<7>
    SLICE_X12Y14.AMUX    Tcina                 0.240   u/campaign/kernel/core/evaluator_i/n12<0>
                                                       u/campaign/kernel/core/evaluator_i/Mcompar_p02[17]_p00[17]_LessThan_29_o_cy<8>
    SLICE_X13Y21.C3      net (fanout=18)       1.283   u/campaign/kernel/core/evaluator_i/p02[17]_p00[17]_LessThan_29_o
    SLICE_X13Y21.C       Tilo                  0.259   u/campaign/kernel/core/evaluator_i/quotient<14>
                                                       u/campaign/kernel/core/evaluator_i/Mmux_score019
    SLICE_X14Y23.A1      net (fanout=3)        1.000   u/campaign/kernel/core/evaluator_i/score0<0>
    SLICE_X14Y23.COUT    Topcya                0.474   u/campaign/kernel/core/evaluator_i/Mcompar_score0[17]_score1[17]_equal_39_o_cy<3>
                                                       u/campaign/kernel/core/evaluator_i/Mcompar_score0[17]_score1[17]_equal_39_o_lut<0>
                                                       u/campaign/kernel/core/evaluator_i/Mcompar_score0[17]_score1[17]_equal_39_o_cy<3>
    SLICE_X14Y24.CIN     net (fanout=1)        0.082   u/campaign/kernel/core/evaluator_i/Mcompar_score0[17]_score1[17]_equal_39_o_cy<3>
    SLICE_X14Y24.BMUX    Tcinb                 0.286   u/campaign/kernel/core/evaluator_i/v0
                                                       u/campaign/kernel/core/evaluator_i/Mcompar_score0[17]_score1[17]_equal_39_o_cy<5>
    SLICE_X15Y21.A6      net (fanout=1)        0.599   u/campaign/kernel/core/evaluator_i/score0[17]_score1[17]_equal_39_o
    SLICE_X15Y21.A       Tilo                  0.259   u/campaign/kernel/core/b4_selected_score<4>
                                                       u/campaign/kernel/core/evaluator_i/c0_wins
    SLICE_X15Y24.D5      net (fanout=18)       0.732   u/campaign/kernel/core/evaluator_i/c0_wins
    SLICE_X15Y24.CLK     Tas                   0.373   u/campaign/kernel/core/b4_selected_score<6>
                                                       u/campaign/kernel/core/evaluator_i/Mmux_score1[17]_GND_15_o_mux_131_OUT151
                                                       u/campaign/kernel/core/evaluator_i/selected_score_6
    -------------------------------------------------  ---------------------------
    Total                                      9.417ns (3.556ns logic, 5.861ns route)
                                                       (37.8% logic, 62.2% route)

--------------------------------------------------------------------------------
Slack:                  0.499ns (requirement - (data path - clock path skew + uncertainty))
  Source:               u/campaign/kernel/core/evaluator_i/lam1_0 (FF)
  Destination:          u/campaign/kernel/core/evaluator_i/selected_score_6 (FF)
  Requirement:          10.000ns
  Data Path Delay:      9.430ns (Levels of Logic = 9)
  Clock Path Skew:      -0.036ns (0.292 - 0.328)
  Source Clock:         clk_100mhz_BUFGP rising at 0.000ns
  Destination Clock:    clk_100mhz_BUFGP rising at 10.000ns
  Clock Uncertainty:    0.035ns

  Clock Uncertainty:          0.035ns  ((TSJ^2 + TIJ^2)^1/2 + DJ) / 2 + PE
    Total System Jitter (TSJ):  0.070ns
    Total Input Jitter (TIJ):   0.000ns
    Discrete Jitter (DJ):       0.000ns
    Phase Error (PE):           0.000ns

  Maximum Data Path at Slow Process Corner: u/campaign/kernel/core/evaluator_i/lam1_0 to u/campaign/kernel/core/evaluator_i/selected_score_6
    Location             Delay type         Delay(ns)  Physical Resource
                                                       Logical Resource(s)
    -------------------------------------------------  -------------------
    SLICE_X13Y16.AQ      Tcko                  0.430   u/campaign/kernel/core/evaluator_i/lam2<1>
                                                       u/campaign/kernel/core/evaluator_i/lam1_0
    SLICE_X18Y15.A5      net (fanout=32)       1.183   u/campaign/kernel/core/evaluator_i/lam1<0>
    SLICE_X18Y15.AMUX    Topaa                 0.456   u/campaign/kernel/core/evaluator_i/Mmux_p013_rs_cy<3>
                                                       u/campaign/kernel/core/evaluator_i/Mmux_p013_rs_lut<0>
                                                       u/campaign/kernel/core/evaluator_i/Mmux_p013_rs_cy<3>
    SLICE_X16Y20.A5      net (fanout=3)        1.795   u/campaign/kernel/core/evaluator_i/Mmux_p013_split<0>
    SLICE_X16Y20.COUT    Topcya                0.495   u/campaign/kernel/core/evaluator_i/Mcompar_p01[17]_p00[17]_LessThan_28_o_cy<3>
                                                       u/campaign/kernel/core/evaluator_i/Mcompar_p01[17]_p00[17]_LessThan_28_o_lutdi
                                                       u/campaign/kernel/core/evaluator_i/Mcompar_p01[17]_p00[17]_LessThan_28_o_cy<3>
    SLICE_X16Y21.CIN     net (fanout=1)        0.003   u/campaign/kernel/core/evaluator_i/Mcompar_p01[17]_p00[17]_LessThan_28_o_cy<3>
    SLICE_X16Y21.COUT    Tbyp                  0.091   u/campaign/kernel/core/evaluator_i/Mcompar_p01[17]_p00[17]_LessThan_28_o_cy<7>
                                                       u/campaign/kernel/core/evaluator_i/Mcompar_p01[17]_p00[17]_LessThan_28_o_cy<7>
    SLICE_X16Y22.CIN     net (fanout=1)        0.003   u/campaign/kernel/core/evaluator_i/Mcompar_p01[17]_p00[17]_LessThan_28_o_cy<7>
    SLICE_X16Y22.AMUX    Tcina                 0.240   u/campaign/kernel/core/evaluator_i/p01[17]_p00[17]_LessThan_28_o
                                                       u/campaign/kernel/core/evaluator_i/Mcompar_p01[17]_p00[17]_LessThan_28_o_cy<8>
    SLICE_X13Y21.C6      net (fanout=18)       0.670   u/campaign/kernel/core/evaluator_i/p01[17]_p00[17]_LessThan_28_o
    SLICE_X13Y21.C       Tilo                  0.259   u/campaign/kernel/core/evaluator_i/quotient<14>
                                                       u/campaign/kernel/core/evaluator_i/Mmux_score019
    SLICE_X14Y23.A1      net (fanout=3)        1.000   u/campaign/kernel/core/evaluator_i/score0<0>
    SLICE_X14Y23.COUT    Topcya                0.474   u/campaign/kernel/core/evaluator_i/Mcompar_score0[17]_score1[17]_equal_39_o_cy<3>
                                                       u/campaign/kernel/core/evaluator_i/Mcompar_score0[17]_score1[17]_equal_39_o_lut<0>
                                                       u/campaign/kernel/core/evaluator_i/Mcompar_score0[17]_score1[17]_equal_39_o_cy<3>
    SLICE_X14Y24.CIN     net (fanout=1)        0.082   u/campaign/kernel/core/evaluator_i/Mcompar_score0[17]_score1[17]_equal_39_o_cy<3>
    SLICE_X14Y24.BMUX    Tcinb                 0.286   u/campaign/kernel/core/evaluator_i/v0
                                                       u/campaign/kernel/core/evaluator_i/Mcompar_score0[17]_score1[17]_equal_39_o_cy<5>
    SLICE_X15Y21.A6      net (fanout=1)        0.599   u/campaign/kernel/core/evaluator_i/score0[17]_score1[17]_equal_39_o
    SLICE_X15Y21.A       Tilo                  0.259   u/campaign/kernel/core/b4_selected_score<4>
                                                       u/campaign/kernel/core/evaluator_i/c0_wins
    SLICE_X15Y24.D5      net (fanout=18)       0.732   u/campaign/kernel/core/evaluator_i/c0_wins
    SLICE_X15Y24.CLK     Tas                   0.373   u/campaign/kernel/core/b4_selected_score<6>
                                                       u/campaign/kernel/core/evaluator_i/Mmux_score1[17]_GND_15_o_mux_131_OUT151
                                                       u/campaign/kernel/core/evaluator_i/selected_score_6
    -------------------------------------------------  ---------------------------
    Total                                      9.430ns (3.363ns logic, 6.067ns route)
                                                       (35.7% logic, 64.3% route)

--------------------------------------------------------------------------------
Slack:                  0.513ns (requirement - (data path - clock path skew + uncertainty))
  Source:               u/campaign/kernel/core/evaluator_i/lam0_0 (FF)
  Destination:          u/campaign/kernel/core/evaluator_i/selected_score_6 (FF)
  Requirement:          10.000ns
  Data Path Delay:      9.411ns (Levels of Logic = 10)
  Clock Path Skew:      -0.041ns (0.292 - 0.333)
  Source Clock:         clk_100mhz_BUFGP rising at 0.000ns
  Destination Clock:    clk_100mhz_BUFGP rising at 10.000ns
  Clock Uncertainty:    0.035ns

  Clock Uncertainty:          0.035ns  ((TSJ^2 + TIJ^2)^1/2 + DJ) / 2 + PE
    Total System Jitter (TSJ):  0.070ns
    Total Input Jitter (TIJ):   0.000ns
    Discrete Jitter (DJ):       0.000ns
    Phase Error (PE):           0.000ns

  Maximum Data Path at Slow Process Corner: u/campaign/kernel/core/evaluator_i/lam0_0 to u/campaign/kernel/core/evaluator_i/selected_score_6
    Location             Delay type         Delay(ns)  Physical Resource
                                                       Logical Resource(s)
    -------------------------------------------------  -------------------
    SLICE_X11Y16.AQ      Tcko                  0.430   u/campaign/kernel/core/evaluator_i/fid0<11>
                                                       u/campaign/kernel/core/evaluator_i/lam0_0
    SLICE_X10Y16.A2      net (fanout=32)       1.123   u/campaign/kernel/core/evaluator_i/lam0<0>
    SLICE_X10Y16.COUT    Topcya                0.482   u/campaign/kernel/core/evaluator_i/Mmux_p103_rs_cy<7>
                                                       u/campaign/kernel/core/evaluator_i/Mmux_p103_A121
                                                       u/campaign/kernel/core/evaluator_i/Mmux_p103_rs_cy<7>
    SLICE_X10Y17.CIN     net (fanout=1)        0.003   u/campaign/kernel/core/evaluator_i/Mmux_p103_rs_cy<7>
    SLICE_X10Y17.COUT    Tbyp                  0.093   u/campaign/kernel/core/evaluator_i/Mmux_p103_rs_cy<11>
                                                       u/campaign/kernel/core/evaluator_i/Mmux_p103_rs_cy<11>
    SLICE_X10Y18.CIN     net (fanout=1)        0.003   u/campaign/kernel/core/evaluator_i/Mmux_p103_rs_cy<11>
    SLICE_X10Y18.COUT    Tbyp                  0.093   u/campaign/kernel/core/evaluator_i/Mmux_p103_rs_cy<15>
                                                       u/campaign/kernel/core/evaluator_i/Mmux_p103_rs_cy<15>
    SLICE_X10Y19.CIN     net (fanout=1)        0.003   u/campaign/kernel/core/evaluator_i/Mmux_p103_rs_cy<15>
    SLICE_X10Y19.AMUX    Tcina                 0.220   u/campaign/kernel/core/evaluator_i/fid1<8>
                                                       u/campaign/kernel/core/evaluator_i/Mmux_p103_rs_cy<16>
    SLICE_X14Y14.A4      net (fanout=3)        1.202   u/campaign/kernel/core/evaluator_i/Mmux_p103_split<16>
    SLICE_X14Y14.AMUX    Topaa                 0.471   u/campaign/kernel/core/b4_done
                                                       u/campaign/kernel/core/evaluator_i/Mcompar_p12[17]_p10[17]_LessThan_34_o_lut<8>
                                                       u/campaign/kernel/core/evaluator_i/Mcompar_p12[17]_p10[17]_LessThan_34_o_cy<8>
    SLICE_X17Y19.D4      net (fanout=18)       1.071   u/campaign/kernel/core/evaluator_i/p12[17]_p10[17]_LessThan_34_o
    SLICE_X17Y19.D       Tilo                  0.259   u/campaign/kernel/core/evaluator_i/n11<15>
                                                       u/campaign/kernel/core/evaluator_i/Mmux_score1101
    SLICE_X14Y23.A3      net (fanout=3)        1.153   u/campaign/kernel/core/evaluator_i/score1<1>
    SLICE_X14Y23.COUT    Topcya                0.474   u/campaign/kernel/core/evaluator_i/Mcompar_score0[17]_score1[17]_equal_39_o_cy<3>
                                                       u/campaign/kernel/core/evaluator_i/Mcompar_score0[17]_score1[17]_equal_39_o_lut<0>
                                                       u/campaign/kernel/core/evaluator_i/Mcompar_score0[17]_score1[17]_equal_39_o_cy<3>
    SLICE_X14Y24.CIN     net (fanout=1)        0.082   u/campaign/kernel/core/evaluator_i/Mcompar_score0[17]_score1[17]_equal_39_o_cy<3>
    SLICE_X14Y24.BMUX    Tcinb                 0.286   u/campaign/kernel/core/evaluator_i/v0
                                                       u/campaign/kernel/core/evaluator_i/Mcompar_score0[17]_score1[17]_equal_39_o_cy<5>
    SLICE_X15Y21.A6      net (fanout=1)        0.599   u/campaign/kernel/core/evaluator_i/score0[17]_score1[17]_equal_39_o
    SLICE_X15Y21.A       Tilo                  0.259   u/campaign/kernel/core/b4_selected_score<4>
                                                       u/campaign/kernel/core/evaluator_i/c0_wins
    SLICE_X15Y24.D5      net (fanout=18)       0.732   u/campaign/kernel/core/evaluator_i/c0_wins
    SLICE_X15Y24.CLK     Tas                   0.373   u/campaign/kernel/core/b4_selected_score<6>
                                                       u/campaign/kernel/core/evaluator_i/Mmux_score1[17]_GND_15_o_mux_131_OUT151
                                                       u/campaign/kernel/core/evaluator_i/selected_score_6
    -------------------------------------------------  ---------------------------
    Total                                      9.411ns (3.440ns logic, 5.971ns route)
                                                       (36.6% logic, 63.4% route)

--------------------------------------------------------------------------------
Slack:                  0.515ns (requirement - (data path - clock path skew + uncertainty))
  Source:               u/campaign/kernel/core/evaluator_i/lam0_0 (FF)
  Destination:          u/campaign/kernel/core/evaluator_i/selected_score_6 (FF)
  Requirement:          10.000ns
  Data Path Delay:      9.409ns (Levels of Logic = 10)
  Clock Path Skew:      -0.041ns (0.292 - 0.333)
  Source Clock:         clk_100mhz_BUFGP rising at 0.000ns
  Destination Clock:    clk_100mhz_BUFGP rising at 10.000ns
  Clock Uncertainty:    0.035ns

  Clock Uncertainty:          0.035ns  ((TSJ^2 + TIJ^2)^1/2 + DJ) / 2 + PE
    Total System Jitter (TSJ):  0.070ns
    Total Input Jitter (TIJ):   0.000ns
    Discrete Jitter (DJ):       0.000ns
    Phase Error (PE):           0.000ns

  Maximum Data Path at Slow Process Corner: u/campaign/kernel/core/evaluator_i/lam0_0 to u/campaign/kernel/core/evaluator_i/selected_score_6
    Location             Delay type         Delay(ns)  Physical Resource
                                                       Logical Resource(s)
    -------------------------------------------------  -------------------
    SLICE_X11Y16.AQ      Tcko                  0.430   u/campaign/kernel/core/evaluator_i/fid0<11>
                                                       u/campaign/kernel/core/evaluator_i/lam0_0
    SLICE_X10Y16.A2      net (fanout=32)       1.123   u/campaign/kernel/core/evaluator_i/lam0<0>
    SLICE_X10Y16.COUT    Topcya                0.482   u/campaign/kernel/core/evaluator_i/Mmux_p103_rs_cy<7>
                                                       u/campaign/kernel/core/evaluator_i/Mmux_p103_A121
                                                       u/campaign/kernel/core/evaluator_i/Mmux_p103_rs_cy<7>
    SLICE_X10Y17.CIN     net (fanout=1)        0.003   u/campaign/kernel/core/evaluator_i/Mmux_p103_rs_cy<7>
    SLICE_X10Y17.COUT    Tbyp                  0.093   u/campaign/kernel/core/evaluator_i/Mmux_p103_rs_cy<11>
                                                       u/campaign/kernel/core/evaluator_i/Mmux_p103_rs_cy<11>
    SLICE_X10Y18.CIN     net (fanout=1)        0.003   u/campaign/kernel/core/evaluator_i/Mmux_p103_rs_cy<11>
    SLICE_X10Y18.COUT    Tbyp                  0.093   u/campaign/kernel/core/evaluator_i/Mmux_p103_rs_cy<15>
                                                       u/campaign/kernel/core/evaluator_i/Mmux_p103_rs_cy<15>
    SLICE_X10Y19.CIN     net (fanout=1)        0.003   u/campaign/kernel/core/evaluator_i/Mmux_p103_rs_cy<15>
    SLICE_X10Y19.AMUX    Tcina                 0.220   u/campaign/kernel/core/evaluator_i/fid1<8>
                                                       u/campaign/kernel/core/evaluator_i/Mmux_p103_rs_cy<16>
    SLICE_X14Y14.A4      net (fanout=3)        1.202   u/campaign/kernel/core/evaluator_i/Mmux_p103_split<16>
    SLICE_X14Y14.AMUX    Topaa                 0.469   u/campaign/kernel/core/b4_done
                                                       u/campaign/kernel/core/evaluator_i/Mcompar_p12[17]_p10[17]_LessThan_34_o_lutdi8
                                                       u/campaign/kernel/core/evaluator_i/Mcompar_p12[17]_p10[17]_LessThan_34_o_cy<8>
    SLICE_X17Y19.D4      net (fanout=18)       1.071   u/campaign/kernel/core/evaluator_i/p12[17]_p10[17]_LessThan_34_o
    SLICE_X17Y19.D       Tilo                  0.259   u/campaign/kernel/core/evaluator_i/n11<15>
                                                       u/campaign/kernel/core/evaluator_i/Mmux_score1101
    SLICE_X14Y23.A3      net (fanout=3)        1.153   u/campaign/kernel/core/evaluator_i/score1<1>
    SLICE_X14Y23.COUT    Topcya                0.474   u/campaign/kernel/core/evaluator_i/Mcompar_score0[17]_score1[17]_equal_39_o_cy<3>
                                                       u/campaign/kernel/core/evaluator_i/Mcompar_score0[17]_score1[17]_equal_39_o_lut<0>
                                                       u/campaign/kernel/core/evaluator_i/Mcompar_score0[17]_score1[17]_equal_39_o_cy<3>
    SLICE_X14Y24.CIN     net (fanout=1)        0.082   u/campaign/kernel/core/evaluator_i/Mcompar_score0[17]_score1[17]_equal_39_o_cy<3>
    SLICE_X14Y24.BMUX    Tcinb                 0.286   u/campaign/kernel/core/evaluator_i/v0
                                                       u/campaign/kernel/core/evaluator_i/Mcompar_score0[17]_score1[17]_equal_39_o_cy<5>
    SLICE_X15Y21.A6      net (fanout=1)        0.599   u/campaign/kernel/core/evaluator_i/score0[17]_score1[17]_equal_39_o
    SLICE_X15Y21.A       Tilo                  0.259   u/campaign/kernel/core/b4_selected_score<4>
                                                       u/campaign/kernel/core/evaluator_i/c0_wins
    SLICE_X15Y24.D5      net (fanout=18)       0.732   u/campaign/kernel/core/evaluator_i/c0_wins
    SLICE_X15Y24.CLK     Tas                   0.373   u/campaign/kernel/core/b4_selected_score<6>
                                                       u/campaign/kernel/core/evaluator_i/Mmux_score1[17]_GND_15_o_mux_131_OUT151
                                                       u/campaign/kernel/core/evaluator_i/selected_score_6
    -------------------------------------------------  ---------------------------
    Total                                      9.409ns (3.438ns logic, 5.971ns route)
                                                       (36.5% logic, 63.5% route)

--------------------------------------------------------------------------------
Slack:                  0.518ns (requirement - (data path - clock path skew + uncertainty))
  Source:               u/campaign/kernel/core/evaluator_i/n00_0 (FF)
  Destination:          u/campaign/kernel/core/evaluator_i/selected_score_6 (FF)
  Requirement:          10.000ns
  Data Path Delay:      9.394ns (Levels of Logic = 11)
  Clock Path Skew:      -0.053ns (0.412 - 0.465)
  Source Clock:         clk_100mhz_BUFGP rising at 0.000ns
  Destination Clock:    clk_100mhz_BUFGP rising at 10.000ns
  Clock Uncertainty:    0.035ns

  Clock Uncertainty:          0.035ns  ((TSJ^2 + TIJ^2)^1/2 + DJ) / 2 + PE
    Total System Jitter (TSJ):  0.070ns
    Total Input Jitter (TIJ):   0.000ns
    Discrete Jitter (DJ):       0.000ns
    Phase Error (PE):           0.000ns

  Maximum Data Path at Slow Process Corner: u/campaign/kernel/core/evaluator_i/n00_0 to u/campaign/kernel/core/evaluator_i/selected_score_6
    Location             Delay type         Delay(ns)  Physical Resource
                                                       Logical Resource(s)
    -------------------------------------------------  -------------------
    SLICE_X9Y15.AQ       Tcko                  0.430   u/campaign/kernel/core/evaluator_i/n00<3>
                                                       u/campaign/kernel/core/evaluator_i/n00_0
    SLICE_X8Y15.A2       net (fanout=2)        1.042   u/campaign/kernel/core/evaluator_i/n00<0>
    SLICE_X8Y15.COUT     Topcya                0.495   u/campaign/kernel/core/evaluator_i/Mmux_p003_rs_cy<3>
                                                       u/campaign/kernel/core/evaluator_i/Mmux_p003_rs_A<0>_mand111
                                                       u/campaign/kernel/core/evaluator_i/Mmux_p003_rs_cy<3>
    SLICE_X8Y16.CIN      net (fanout=1)        0.003   u/campaign/kernel/core/evaluator_i/Mmux_p003_rs_cy<3>
    SLICE_X8Y16.COUT     Tbyp                  0.091   u/campaign/kernel/core/evaluator_i/Mmux_p003_rs_cy<7>
                                                       u/campaign/kernel/core/evaluator_i/Mmux_p003_rs_cy<7>
    SLICE_X8Y17.CIN      net (fanout=1)        0.003   u/campaign/kernel/core/evaluator_i/Mmux_p003_rs_cy<7>
    SLICE_X8Y17.COUT     Tbyp                  0.091   u/campaign/kernel/core/evaluator_i/Mmux_p003_rs_cy<11>
                                                       u/campaign/kernel/core/evaluator_i/Mmux_p003_rs_cy<11>
    SLICE_X8Y18.CIN      net (fanout=1)        0.003   u/campaign/kernel/core/evaluator_i/Mmux_p003_rs_cy<11>
    SLICE_X8Y18.AMUX     Tcina                 0.210   u/campaign/kernel/core/evaluator_i/Mmux_p003_rs_cy<15>
                                                       u/campaign/kernel/core/evaluator_i/Mmux_p003_rs_cy<15>
    SLICE_X12Y13.C4      net (fanout=3)        1.111   u/campaign/kernel/core/evaluator_i/Mmux_p003_split<12>
    SLICE_X12Y13.COUT    Topcyc                0.325   u/campaign/kernel/core/evaluator_i/Mcompar_p02[17]_p00[17]_LessThan_29_o_cy<7>
                                                       u/campaign/kernel/core/evaluator_i/Mcompar_p02[17]_p00[17]_LessThan_29_o_lut<6>
                                                       u/campaign/kernel/core/evaluator_i/Mcompar_p02[17]_p00[17]_LessThan_29_o_cy<7>
    SLICE_X12Y14.CIN     net (fanout=1)        0.003   u/campaign/kernel/core/evaluator_i/Mcompar_p02[17]_p00[17]_LessThan_29_o_cy<7>
    SLICE_X12Y14.AMUX    Tcina                 0.240   u/campaign/kernel/core/evaluator_i/n12<0>
                                                       u/campaign/kernel/core/evaluator_i/Mcompar_p02[17]_p00[17]_LessThan_29_o_cy<8>
    SLICE_X13Y21.C3      net (fanout=18)       1.283   u/campaign/kernel/core/evaluator_i/p02[17]_p00[17]_LessThan_29_o
    SLICE_X13Y21.C       Tilo                  0.259   u/campaign/kernel/core/evaluator_i/quotient<14>
                                                       u/campaign/kernel/core/evaluator_i/Mmux_score019
    SLICE_X14Y23.A1      net (fanout=3)        1.000   u/campaign/kernel/core/evaluator_i/score0<0>
    SLICE_X14Y23.COUT    Topcya                0.474   u/campaign/kernel/core/evaluator_i/Mcompar_score0[17]_score1[17]_equal_39_o_cy<3>
                                                       u/campaign/kernel/core/evaluator_i/Mcompar_score0[17]_score1[17]_equal_39_o_lut<0>
                                                       u/campaign/kernel/core/evaluator_i/Mcompar_score0[17]_score1[17]_equal_39_o_cy<3>
    SLICE_X14Y24.CIN     net (fanout=1)        0.082   u/campaign/kernel/core/evaluator_i/Mcompar_score0[17]_score1[17]_equal_39_o_cy<3>
    SLICE_X14Y24.BMUX    Tcinb                 0.286   u/campaign/kernel/core/evaluator_i/v0
                                                       u/campaign/kernel/core/evaluator_i/Mcompar_score0[17]_score1[17]_equal_39_o_cy<5>
    SLICE_X15Y21.A6      net (fanout=1)        0.599   u/campaign/kernel/core/evaluator_i/score0[17]_score1[17]_equal_39_o
    SLICE_X15Y21.A       Tilo                  0.259   u/campaign/kernel/core/b4_selected_score<4>
                                                       u/campaign/kernel/core/evaluator_i/c0_wins
    SLICE_X15Y24.D5      net (fanout=18)       0.732   u/campaign/kernel/core/evaluator_i/c0_wins
    SLICE_X15Y24.CLK     Tas                   0.373   u/campaign/kernel/core/b4_selected_score<6>
                                                       u/campaign/kernel/core/evaluator_i/Mmux_score1[17]_GND_15_o_mux_131_OUT151
                                                       u/campaign/kernel/core/evaluator_i/selected_score_6
    -------------------------------------------------  ---------------------------
    Total                                      9.394ns (3.533ns logic, 5.861ns route)
                                                       (37.6% logic, 62.4% route)

--------------------------------------------------------------------------------
Slack:                  0.518ns (requirement - (data path - clock path skew + uncertainty))
  Source:               u/campaign/kernel/core/evaluator_i/n00_0 (FF)
  Destination:          u/campaign/kernel/core/evaluator_i/selected_score_6 (FF)
  Requirement:          10.000ns
  Data Path Delay:      9.394ns (Levels of Logic = 11)
  Clock Path Skew:      -0.053ns (0.412 - 0.465)
  Source Clock:         clk_100mhz_BUFGP rising at 0.000ns
  Destination Clock:    clk_100mhz_BUFGP rising at 10.000ns
  Clock Uncertainty:    0.035ns

  Clock Uncertainty:          0.035ns  ((TSJ^2 + TIJ^2)^1/2 + DJ) / 2 + PE
    Total System Jitter (TSJ):  0.070ns
    Total Input Jitter (TIJ):   0.000ns
    Discrete Jitter (DJ):       0.000ns
    Phase Error (PE):           0.000ns

  Maximum Data Path at Slow Process Corner: u/campaign/kernel/core/evaluator_i/n00_0 to u/campaign/kernel/core/evaluator_i/selected_score_6
    Location             Delay type         Delay(ns)  Physical Resource
                                                       Logical Resource(s)
    -------------------------------------------------  -------------------
    SLICE_X9Y15.AQ       Tcko                  0.430   u/campaign/kernel/core/evaluator_i/n00<3>
                                                       u/campaign/kernel/core/evaluator_i/n00_0
    SLICE_X8Y15.A2       net (fanout=2)        1.042   u/campaign/kernel/core/evaluator_i/n00<0>
    SLICE_X8Y15.COUT     Topcya                0.472   u/campaign/kernel/core/evaluator_i/Mmux_p003_rs_cy<3>
                                                       u/campaign/kernel/core/evaluator_i/Mmux_p003_rs_lut<0>
                                                       u/campaign/kernel/core/evaluator_i/Mmux_p003_rs_cy<3>
    SLICE_X8Y16.CIN      net (fanout=1)        0.003   u/campaign/kernel/core/evaluator_i/Mmux_p003_rs_cy<3>
    SLICE_X8Y16.COUT     Tbyp                  0.091   u/campaign/kernel/core/evaluator_i/Mmux_p003_rs_cy<7>
                                                       u/campaign/kernel/core/evaluator_i/Mmux_p003_rs_cy<7>
    SLICE_X8Y17.CIN      net (fanout=1)        0.003   u/campaign/kernel/core/evaluator_i/Mmux_p003_rs_cy<7>
    SLICE_X8Y17.COUT     Tbyp                  0.091   u/campaign/kernel/core/evaluator_i/Mmux_p003_rs_cy<11>
                                                       u/campaign/kernel/core/evaluator_i/Mmux_p003_rs_cy<11>
    SLICE_X8Y18.CIN      net (fanout=1)        0.003   u/campaign/kernel/core/evaluator_i/Mmux_p003_rs_cy<11>
    SLICE_X8Y18.AMUX     Tcina                 0.210   u/campaign/kernel/core/evaluator_i/Mmux_p003_rs_cy<15>
                                                       u/campaign/kernel/core/evaluator_i/Mmux_p003_rs_cy<15>
    SLICE_X12Y13.C4      net (fanout=3)        1.111   u/campaign/kernel/core/evaluator_i/Mmux_p003_split<12>
    SLICE_X12Y13.COUT    Topcyc                0.348   u/campaign/kernel/core/evaluator_i/Mcompar_p02[17]_p00[17]_LessThan_29_o_cy<7>
                                                       u/campaign/kernel/core/evaluator_i/Mcompar_p02[17]_p00[17]_LessThan_29_o_lutdi6
                                                       u/campaign/kernel/core/evaluator_i/Mcompar_p02[17]_p00[17]_LessThan_29_o_cy<7>
    SLICE_X12Y14.CIN     net (fanout=1)        0.003   u/campaign/kernel/core/evaluator_i/Mcompar_p02[17]_p00[17]_LessThan_29_o_cy<7>
    SLICE_X12Y14.AMUX    Tcina                 0.240   u/campaign/kernel/core/evaluator_i/n12<0>
                                                       u/campaign/kernel/core/evaluator_i/Mcompar_p02[17]_p00[17]_LessThan_29_o_cy<8>
    SLICE_X13Y21.C3      net (fanout=18)       1.283   u/campaign/kernel/core/evaluator_i/p02[17]_p00[17]_LessThan_29_o
    SLICE_X13Y21.C       Tilo                  0.259   u/campaign/kernel/core/evaluator_i/quotient<14>
                                                       u/campaign/kernel/core/evaluator_i/Mmux_score019
    SLICE_X14Y23.A1      net (fanout=3)        1.000   u/campaign/kernel/core/evaluator_i/score0<0>
    SLICE_X14Y23.COUT    Topcya                0.474   u/campaign/kernel/core/evaluator_i/Mcompar_score0[17]_score1[17]_equal_39_o_cy<3>
                                                       u/campaign/kernel/core/evaluator_i/Mcompar_score0[17]_score1[17]_equal_39_o_lut<0>
                                                       u/campaign/kernel/core/evaluator_i/Mcompar_score0[17]_score1[17]_equal_39_o_cy<3>
    SLICE_X14Y24.CIN     net (fanout=1)        0.082   u/campaign/kernel/core/evaluator_i/Mcompar_score0[17]_score1[17]_equal_39_o_cy<3>
    SLICE_X14Y24.BMUX    Tcinb                 0.286   u/campaign/kernel/core/evaluator_i/v0
                                                       u/campaign/kernel/core/evaluator_i/Mcompar_score0[17]_score1[17]_equal_39_o_cy<5>
    SLICE_X15Y21.A6      net (fanout=1)        0.599   u/campaign/kernel/core/evaluator_i/score0[17]_score1[17]_equal_39_o
    SLICE_X15Y21.A       Tilo                  0.259   u/campaign/kernel/core/b4_selected_score<4>
                                                       u/campaign/kernel/core/evaluator_i/c0_wins
    SLICE_X15Y24.D5      net (fanout=18)       0.732   u/campaign/kernel/core/evaluator_i/c0_wins
    SLICE_X15Y24.CLK     Tas                   0.373   u/campaign/kernel/core/b4_selected_score<6>
                                                       u/campaign/kernel/core/evaluator_i/Mmux_score1[17]_GND_15_o_mux_131_OUT151
                                                       u/campaign/kernel/core/evaluator_i/selected_score_6
    -------------------------------------------------  ---------------------------
    Total                                      9.394ns (3.533ns logic, 5.861ns route)
                                                       (37.6% logic, 62.4% route)

--------------------------------------------------------------------------------

Paths for end point u/campaign/error_count_15 (SLICE_X32Y20.A6), 8930 paths
--------------------------------------------------------------------------------
Slack:                  0.464ns (requirement - (data path - clock path skew + uncertainty))
  Source:               u/campaign/replay_index_2 (FF)
  Destination:          u/campaign/error_count_15 (FF)
  Requirement:          10.000ns
  Data Path Delay:      9.501ns (Levels of Logic = 9)
  Clock Path Skew:      0.000ns
  Source Clock:         clk_100mhz_BUFGP rising at 0.000ns
  Destination Clock:    clk_100mhz_BUFGP rising at 10.000ns
  Clock Uncertainty:    0.035ns

  Clock Uncertainty:          0.035ns  ((TSJ^2 + TIJ^2)^1/2 + DJ) / 2 + PE
    Total System Jitter (TSJ):  0.070ns
    Total Input Jitter (TIJ):   0.000ns
    Discrete Jitter (DJ):       0.000ns
    Phase Error (PE):           0.000ns

  Maximum Data Path at Slow Process Corner: u/campaign/replay_index_2 to u/campaign/error_count_15
    Location             Delay type         Delay(ns)  Physical Resource
                                                       Logical Resource(s)
    -------------------------------------------------  -------------------
    SLICE_X27Y16.BMUX    Tshcko                0.518   u/campaign/replay_index<6>
                                                       u/campaign/replay_index_2
    SLICE_X25Y16.B6      net (fanout=391)      1.225   u/campaign/replay_index<2>
    SLICE_X25Y16.B       Tilo                  0.259   u/campaign/expected_cycles<4>
                                                       u/campaign/expected/policy_mode[2]_GND_7_o_equal_275_o<6>11
    SLICE_X25Y16.A5      net (fanout=4)        0.245   u/campaign/expected/policy_mode[2]_GND_7_o_equal_275_o<6>1
    SLICE_X25Y16.A       Tilo                  0.259   u/campaign/expected_cycles<4>
                                                       u/campaign/expected/policy_mode[2]_GND_7_o_equal_331_o<6>1
    SLICE_X21Y18.C1      net (fanout=11)       2.001   u/campaign/expected/policy_mode[2]_GND_7_o_equal_331_o
    SLICE_X21Y18.C       Tilo                  0.259   u/campaign/expected/policy_mode[2]_GND_7_o_equal_276_o
                                                       u/campaign/expected/bottleneck_fidelity<10>1
    SLICE_X21Y18.B4      net (fanout=1)        0.352   u/campaign/expected/bottleneck_fidelity<10>1
    SLICE_X21Y18.B       Tilo                  0.259   u/campaign/expected/policy_mode[2]_GND_7_o_equal_276_o
                                                       u/campaign/expected/bottleneck_fidelity<10>2
    SLICE_X21Y18.A5      net (fanout=1)        0.230   u/campaign/expected/bottleneck_fidelity<10>2
    SLICE_X21Y18.A       Tilo                  0.259   u/campaign/expected/policy_mode[2]_GND_7_o_equal_276_o
                                                       u/campaign/expected/bottleneck_fidelity<10>6
    SLICE_X28Y19.C5      net (fanout=1)        0.934   u/campaign/expected_fidelity<6>
    SLICE_X28Y19.COUT    Topcyc                0.325   u/campaign/Mcompar_norm_fidelity[15]_expected_fidelity[15]_equal_22_o_cy<3>
                                                       u/campaign/Mcompar_norm_fidelity[15]_expected_fidelity[15]_equal_22_o_lut<2>
                                                       u/campaign/Mcompar_norm_fidelity[15]_expected_fidelity[15]_equal_22_o_cy<3>
    SLICE_X28Y20.CIN     net (fanout=1)        0.003   u/campaign/Mcompar_norm_fidelity[15]_expected_fidelity[15]_equal_22_o_cy<3>
    SLICE_X28Y20.BMUX    Tcinb                 0.239   u/campaign/norm_state[7]_expected_state[7]_equal_18_o8
                                                       u/campaign/Mcompar_norm_fidelity[15]_expected_fidelity[15]_equal_22_o_cy<5>
    SLICE_X31Y19.B4      net (fanout=9)        1.077   u/campaign/norm_fidelity[15]_expected_fidelity[15]_equal_22_o
    SLICE_X31Y19.B       Tilo                  0.259   u/error_count<2>
                                                       u/campaign/_n0323_inv3_rstpot
    SLICE_X32Y20.A6      net (fanout=16)       0.449   u/campaign/_n0323_inv3_rstpot
    SLICE_X32Y20.CLK     Tas                   0.349   u/error_count<15>
                                                       u/campaign/error_count_15_dpot
                                                       u/campaign/error_count_15
    -------------------------------------------------  ---------------------------
    Total                                      9.501ns (2.985ns logic, 6.516ns route)
                                                       (31.4% logic, 68.6% route)

--------------------------------------------------------------------------------
Slack:                  0.482ns (requirement - (data path - clock path skew + uncertainty))
  Source:               u/campaign/replay_index_1 (FF)
  Destination:          u/campaign/error_count_15 (FF)
  Requirement:          10.000ns
  Data Path Delay:      9.483ns (Levels of Logic = 8)
  Clock Path Skew:      0.000ns
  Source Clock:         clk_100mhz_BUFGP rising at 0.000ns
  Destination Clock:    clk_100mhz_BUFGP rising at 10.000ns
  Clock Uncertainty:    0.035ns

  Clock Uncertainty:          0.035ns  ((TSJ^2 + TIJ^2)^1/2 + DJ) / 2 + PE
    Total System Jitter (TSJ):  0.070ns
    Total Input Jitter (TIJ):   0.000ns
    Discrete Jitter (DJ):       0.000ns
    Phase Error (PE):           0.000ns

  Maximum Data Path at Slow Process Corner: u/campaign/replay_index_1 to u/campaign/error_count_15
    Location             Delay type         Delay(ns)  Physical Resource
                                                       Logical Resource(s)
    -------------------------------------------------  -------------------
    SLICE_X27Y16.BQ      Tcko                  0.430   u/campaign/replay_index<6>
                                                       u/campaign/replay_index_1
    SLICE_X21Y21.B5      net (fanout=388)      2.281   u/campaign/replay_index<1>
    SLICE_X21Y21.B       Tilo                  0.259   u/campaign/expected/state_id<2>5
                                                       u/campaign/expected/_n2713_SW0
    SLICE_X21Y21.A5      net (fanout=1)        0.230   u/campaign/expected/N14
    SLICE_X21Y21.A       Tilo                  0.259   u/campaign/expected/state_id<2>5
                                                       u/campaign/expected/_n2713
    SLICE_X19Y17.D5      net (fanout=4)        1.109   u/campaign/expected/_n2713
    SLICE_X19Y17.D       Tilo                  0.259   u/campaign/expected/bottleneck_fidelity<11>1
                                                       u/campaign/expected/bottleneck_fidelity<11>1
    SLICE_X21Y20.A4      net (fanout=1)        0.953   u/campaign/expected/bottleneck_fidelity<11>1
    SLICE_X21Y20.A       Tilo                  0.259   u/campaign/expected/policy_mode[2]_GND_7_o_equal_289_o
                                                       u/campaign/expected/bottleneck_fidelity<11>7
    SLICE_X28Y19.B6      net (fanout=1)        0.620   u/campaign/expected_fidelity<5>
    SLICE_X28Y19.COUT    Topcyb                0.448   u/campaign/Mcompar_norm_fidelity[15]_expected_fidelity[15]_equal_22_o_cy<3>
                                                       u/campaign/Mcompar_norm_fidelity[15]_expected_fidelity[15]_equal_22_o_lut<1>
                                                       u/campaign/Mcompar_norm_fidelity[15]_expected_fidelity[15]_equal_22_o_cy<3>
    SLICE_X28Y20.CIN     net (fanout=1)        0.003   u/campaign/Mcompar_norm_fidelity[15]_expected_fidelity[15]_equal_22_o_cy<3>
    SLICE_X28Y20.BMUX    Tcinb                 0.239   u/campaign/norm_state[7]_expected_state[7]_equal_18_o8
                                                       u/campaign/Mcompar_norm_fidelity[15]_expected_fidelity[15]_equal_22_o_cy<5>
    SLICE_X31Y19.B4      net (fanout=9)        1.077   u/campaign/norm_fidelity[15]_expected_fidelity[15]_equal_22_o
    SLICE_X31Y19.B       Tilo                  0.259   u/error_count<2>
                                                       u/campaign/_n0323_inv3_rstpot
    SLICE_X32Y20.A6      net (fanout=16)       0.449   u/campaign/_n0323_inv3_rstpot
    SLICE_X32Y20.CLK     Tas                   0.349   u/error_count<15>
                                                       u/campaign/error_count_15_dpot
                                                       u/campaign/error_count_15
    -------------------------------------------------  ---------------------------
    Total                                      9.483ns (2.761ns logic, 6.722ns route)
                                                       (29.1% logic, 70.9% route)

--------------------------------------------------------------------------------
Slack:                  0.490ns (requirement - (data path - clock path skew + uncertainty))
  Source:               u/campaign/replay_index_2 (FF)
  Destination:          u/campaign/error_count_15 (FF)
  Requirement:          10.000ns
  Data Path Delay:      9.475ns (Levels of Logic = 9)
  Clock Path Skew:      0.000ns
  Source Clock:         clk_100mhz_BUFGP rising at 0.000ns
  Destination Clock:    clk_100mhz_BUFGP rising at 10.000ns
  Clock Uncertainty:    0.035ns

  Clock Uncertainty:          0.035ns  ((TSJ^2 + TIJ^2)^1/2 + DJ) / 2 + PE
    Total System Jitter (TSJ):  0.070ns
    Total Input Jitter (TIJ):   0.000ns
    Discrete Jitter (DJ):       0.000ns
    Phase Error (PE):           0.000ns

  Maximum Data Path at Slow Process Corner: u/campaign/replay_index_2 to u/campaign/error_count_15
    Location             Delay type         Delay(ns)  Physical Resource
                                                       Logical Resource(s)
    -------------------------------------------------  -------------------
    SLICE_X27Y16.BMUX    Tshcko                0.518   u/campaign/replay_index<6>
                                                       u/campaign/replay_index_2
    SLICE_X23Y16.B3      net (fanout=391)      0.809   u/campaign/replay_index<2>
    SLICE_X23Y16.B       Tilo                  0.259   u/campaign/expected/policy_mode[2]_GND_7_o_equal_307_o
                                                       u/campaign/expected/policy_mode[2]_GND_7_o_equal_289_o<6>11
    SLICE_X25Y21.B3      net (fanout=18)       1.103   u/campaign/expected/policy_mode[2]_GND_7_o_equal_289_o<6>1
    SLICE_X25Y21.B       Tilo                  0.259   u/campaign/expected/policy_mode[2]_GND_7_o_equal_281_o
                                                       u/campaign/expected/policy_mode[2]_GND_7_o_equal_291_o<6>1
    SLICE_X25Y21.A3      net (fanout=10)       0.595   u/campaign/expected/policy_mode[2]_GND_7_o_equal_291_o
    SLICE_X25Y21.A       Tilo                  0.259   u/campaign/expected/policy_mode[2]_GND_7_o_equal_281_o
                                                       u/campaign/expected/state_id<1>11
    SLICE_X24Y20.A4      net (fanout=2)        0.563   u/campaign/expected/state_id<1>1
    SLICE_X24Y20.A       Tilo                  0.235   u/campaign/expected/N42
                                                       u/campaign/expected/state_id<1>24
    SLICE_X22Y17.B2      net (fanout=2)        1.007   u/campaign/expected/state_id<1>2
    SLICE_X22Y17.B       Tilo                  0.254   u/campaign/expected/_n2492
                                                       u/campaign/expected/state_id<1>
    SLICE_X28Y20.D4      net (fanout=1)        0.766   u/campaign/expected_state<7>
    SLICE_X28Y20.D       Tilo                  0.235   u/campaign/norm_state[7]_expected_state[7]_equal_18_o8
                                                       u/campaign/norm_state[7]_expected_state[7]_equal_18_o81
    SLICE_X28Y20.C6      net (fanout=1)        0.143   u/campaign/norm_state[7]_expected_state[7]_equal_18_o8
    SLICE_X28Y20.C       Tilo                  0.235   u/campaign/norm_state[7]_expected_state[7]_equal_18_o8
                                                       u/campaign/norm_state[7]_expected_state[7]_equal_18_o83
    SLICE_X31Y19.B2      net (fanout=9)        1.178   u/campaign/norm_state[7]_expected_state[7]_equal_18_o
    SLICE_X31Y19.B       Tilo                  0.259   u/error_count<2>
                                                       u/campaign/_n0323_inv3_rstpot
    SLICE_X32Y20.A6      net (fanout=16)       0.449   u/campaign/_n0323_inv3_rstpot
    SLICE_X32Y20.CLK     Tas                   0.349   u/error_count<15>
                                                       u/campaign/error_count_15_dpot
                                                       u/campaign/error_count_15
    -------------------------------------------------  ---------------------------
    Total                                      9.475ns (2.862ns logic, 6.613ns route)
                                                       (30.2% logic, 69.8% route)

--------------------------------------------------------------------------------
Slack:                  0.520ns (requirement - (data path - clock path skew + uncertainty))
  Source:               u/campaign/replay_index_2 (FF)
  Destination:          u/campaign/error_count_15 (FF)
  Requirement:          10.000ns
  Data Path Delay:      9.445ns (Levels of Logic = 8)
  Clock Path Skew:      0.000ns
  Source Clock:         clk_100mhz_BUFGP rising at 0.000ns
  Destination Clock:    clk_100mhz_BUFGP rising at 10.000ns
  Clock Uncertainty:    0.035ns

  Clock Uncertainty:          0.035ns  ((TSJ^2 + TIJ^2)^1/2 + DJ) / 2 + PE
    Total System Jitter (TSJ):  0.070ns
    Total Input Jitter (TIJ):   0.000ns
    Discrete Jitter (DJ):       0.000ns
    Phase Error (PE):           0.000ns

  Maximum Data Path at Slow Process Corner: u/campaign/replay_index_2 to u/campaign/error_count_15
    Location             Delay type         Delay(ns)  Physical Resource
                                                       Logical Resource(s)
    -------------------------------------------------  -------------------
    SLICE_X27Y16.BMUX    Tshcko                0.518   u/campaign/replay_index<6>
                                                       u/campaign/replay_index_2
    SLICE_X25Y16.B6      net (fanout=391)      1.225   u/campaign/replay_index<2>
    SLICE_X25Y16.B       Tilo                  0.259   u/campaign/expected_cycles<4>
                                                       u/campaign/expected/policy_mode[2]_GND_7_o_equal_275_o<6>11
    SLICE_X25Y16.A5      net (fanout=4)        0.245   u/campaign/expected/policy_mode[2]_GND_7_o_equal_275_o<6>1
    SLICE_X25Y16.A       Tilo                  0.259   u/campaign/expected_cycles<4>
                                                       u/campaign/expected/policy_mode[2]_GND_7_o_equal_331_o<6>1
    SLICE_X22Y21.B1      net (fanout=11)       1.746   u/campaign/expected/policy_mode[2]_GND_7_o_equal_331_o
    SLICE_X22Y21.B       Tilo                  0.254   u/campaign/expected/state_id<2>1
                                                       u/campaign/expected/state_id<7>2
    SLICE_X21Y19.D3      net (fanout=1)        0.809   u/campaign/expected/state_id<7>3
    SLICE_X21Y19.D       Tilo                  0.259   u/campaign/expected_state<1>
                                                       u/campaign/expected/state_id<7>4
    SLICE_X22Y19.C5      net (fanout=1)        0.417   u/campaign/expected_state<1>
    SLICE_X22Y19.C       Tilo                  0.255   u/campaign/tx_state_id<3>
                                                       u/campaign/norm_state[7]_expected_state[7]_equal_18_o82
    SLICE_X28Y20.C5      net (fanout=1)        0.729   u/campaign/norm_state[7]_expected_state[7]_equal_18_o81
    SLICE_X28Y20.C       Tilo                  0.235   u/campaign/norm_state[7]_expected_state[7]_equal_18_o8
                                                       u/campaign/norm_state[7]_expected_state[7]_equal_18_o83
    SLICE_X31Y19.B2      net (fanout=9)        1.178   u/campaign/norm_state[7]_expected_state[7]_equal_18_o
    SLICE_X31Y19.B       Tilo                  0.259   u/error_count<2>
                                                       u/campaign/_n0323_inv3_rstpot
    SLICE_X32Y20.A6      net (fanout=16)       0.449   u/campaign/_n0323_inv3_rstpot
    SLICE_X32Y20.CLK     Tas                   0.349   u/error_count<15>
                                                       u/campaign/error_count_15_dpot
                                                       u/campaign/error_count_15
    -------------------------------------------------  ---------------------------
    Total                                      9.445ns (2.647ns logic, 6.798ns route)
                                                       (28.0% logic, 72.0% route)

--------------------------------------------------------------------------------
Slack:                  0.539ns (requirement - (data path - clock path skew + uncertainty))
  Source:               u/campaign/replay_index_2 (FF)
  Destination:          u/campaign/error_count_15 (FF)
  Requirement:          10.000ns
  Data Path Delay:      9.426ns (Levels of Logic = 8)
  Clock Path Skew:      0.000ns
  Source Clock:         clk_100mhz_BUFGP rising at 0.000ns
  Destination Clock:    clk_100mhz_BUFGP rising at 10.000ns
  Clock Uncertainty:    0.035ns

  Clock Uncertainty:          0.035ns  ((TSJ^2 + TIJ^2)^1/2 + DJ) / 2 + PE
    Total System Jitter (TSJ):  0.070ns
    Total Input Jitter (TIJ):   0.000ns
    Discrete Jitter (DJ):       0.000ns
    Phase Error (PE):           0.000ns

  Maximum Data Path at Slow Process Corner: u/campaign/replay_index_2 to u/campaign/error_count_15
    Location             Delay type         Delay(ns)  Physical Resource
                                                       Logical Resource(s)
    -------------------------------------------------  -------------------
    SLICE_X27Y16.BMUX    Tshcko                0.518   u/campaign/replay_index<6>
                                                       u/campaign/replay_index_2
    SLICE_X25Y21.C3      net (fanout=391)      2.014   u/campaign/replay_index<2>
    SLICE_X25Y21.C       Tilo                  0.259   u/campaign/expected/policy_mode[2]_GND_7_o_equal_281_o
                                                       u/campaign/expected/policy_mode[2]_GND_7_o_equal_282_o<6>1
    SLICE_X26Y22.A5      net (fanout=6)        0.744   u/campaign/expected/policy_mode[2]_GND_7_o_equal_282_o
    SLICE_X26Y22.A       Tilo                  0.254   u/campaign/expected_score<6>
                                                       u/campaign/expected/state_id<5>3
    SLICE_X24Y20.D6      net (fanout=2)        0.788   u/campaign/expected/state_id<5>3
    SLICE_X24Y20.D       Tilo                  0.235   u/campaign/expected/N42
                                                       u/campaign/expected/state_id<5>_SW0
    SLICE_X23Y19.B3      net (fanout=1)        0.574   u/campaign/expected/N42
    SLICE_X23Y19.B       Tilo                  0.259   u/campaign/expected/bottleneck_fidelity<8>11
                                                       u/campaign/expected/state_id<5>
    SLICE_X22Y19.C6      net (fanout=1)        0.327   u/campaign/expected_state<3>
    SLICE_X22Y19.C       Tilo                  0.255   u/campaign/tx_state_id<3>
                                                       u/campaign/norm_state[7]_expected_state[7]_equal_18_o82
    SLICE_X28Y20.C5      net (fanout=1)        0.729   u/campaign/norm_state[7]_expected_state[7]_equal_18_o81
    SLICE_X28Y20.C       Tilo                  0.235   u/campaign/norm_state[7]_expected_state[7]_equal_18_o8
                                                       u/campaign/norm_state[7]_expected_state[7]_equal_18_o83
    SLICE_X31Y19.B2      net (fanout=9)        1.178   u/campaign/norm_state[7]_expected_state[7]_equal_18_o
    SLICE_X31Y19.B       Tilo                  0.259   u/error_count<2>
                                                       u/campaign/_n0323_inv3_rstpot
    SLICE_X32Y20.A6      net (fanout=16)       0.449   u/campaign/_n0323_inv3_rstpot
    SLICE_X32Y20.CLK     Tas                   0.349   u/error_count<15>
                                                       u/campaign/error_count_15_dpot
                                                       u/campaign/error_count_15
    -------------------------------------------------  ---------------------------
    Total                                      9.426ns (2.623ns logic, 6.803ns route)
                                                       (27.8% logic, 72.2% route)

--------------------------------------------------------------------------------
Slack:                  0.549ns (requirement - (data path - clock path skew + uncertainty))
  Source:               u/campaign/replay_index_2 (FF)
  Destination:          u/campaign/error_count_15 (FF)
  Requirement:          10.000ns
  Data Path Delay:      9.416ns (Levels of Logic = 9)
  Clock Path Skew:      0.000ns
  Source Clock:         clk_100mhz_BUFGP rising at 0.000ns
  Destination Clock:    clk_100mhz_BUFGP rising at 10.000ns
  Clock Uncertainty:    0.035ns

  Clock Uncertainty:          0.035ns  ((TSJ^2 + TIJ^2)^1/2 + DJ) / 2 + PE
    Total System Jitter (TSJ):  0.070ns
    Total Input Jitter (TIJ):   0.000ns
    Discrete Jitter (DJ):       0.000ns
    Phase Error (PE):           0.000ns

  Maximum Data Path at Slow Process Corner: u/campaign/replay_index_2 to u/campaign/error_count_15
    Location             Delay type         Delay(ns)  Physical Resource
                                                       Logical Resource(s)
    -------------------------------------------------  -------------------
    SLICE_X27Y16.BMUX    Tshcko                0.518   u/campaign/replay_index<6>
                                                       u/campaign/replay_index_2
    SLICE_X25Y16.B6      net (fanout=391)      1.225   u/campaign/replay_index<2>
    SLICE_X25Y16.B       Tilo                  0.259   u/campaign/expected_cycles<4>
                                                       u/campaign/expected/policy_mode[2]_GND_7_o_equal_275_o<6>11
    SLICE_X25Y16.A5      net (fanout=4)        0.245   u/campaign/expected/policy_mode[2]_GND_7_o_equal_275_o<6>1
    SLICE_X25Y16.A       Tilo                  0.259   u/campaign/expected_cycles<4>
                                                       u/campaign/expected/policy_mode[2]_GND_7_o_equal_331_o<6>1
    SLICE_X23Y20.D1      net (fanout=11)       1.731   u/campaign/expected/policy_mode[2]_GND_7_o_equal_331_o
    SLICE_X23Y20.D       Tilo                  0.259   u/campaign/expected/bottleneck_fidelity<8>12
                                                       u/campaign/expected/bottleneck_fidelity<8>12
    SLICE_X23Y20.C6      net (fanout=1)        0.143   u/campaign/expected/bottleneck_fidelity<8>12
    SLICE_X23Y20.C       Tilo                  0.259   u/campaign/expected/bottleneck_fidelity<8>12
                                                       u/campaign/expected/bottleneck_fidelity<8>13
    SLICE_X29Y20.B3      net (fanout=2)        0.878   u/campaign/expected/bottleneck_fidelity<8>1
    SLICE_X29Y20.B       Tilo                  0.259   u/campaign/expected/policy_mode[2]_GND_7_o_equal_273_o
                                                       u/campaign/expected/bottleneck_fidelity<8>2
    SLICE_X28Y19.C2      net (fanout=1)        0.680   u/campaign/expected_fidelity<8>
    SLICE_X28Y19.COUT    Topcyc                0.325   u/campaign/Mcompar_norm_fidelity[15]_expected_fidelity[15]_equal_22_o_cy<3>
                                                       u/campaign/Mcompar_norm_fidelity[15]_expected_fidelity[15]_equal_22_o_lut<2>
                                                       u/campaign/Mcompar_norm_fidelity[15]_expected_fidelity[15]_equal_22_o_cy<3>
    SLICE_X28Y20.CIN     net (fanout=1)        0.003   u/campaign/Mcompar_norm_fidelity[15]_expected_fidelity[15]_equal_22_o_cy<3>
    SLICE_X28Y20.BMUX    Tcinb                 0.239   u/campaign/norm_state[7]_expected_state[7]_equal_18_o8
                                                       u/campaign/Mcompar_norm_fidelity[15]_expected_fidelity[15]_equal_22_o_cy<5>
    SLICE_X31Y19.B4      net (fanout=9)        1.077   u/campaign/norm_fidelity[15]_expected_fidelity[15]_equal_22_o
    SLICE_X31Y19.B       Tilo                  0.259   u/error_count<2>
                                                       u/campaign/_n0323_inv3_rstpot
    SLICE_X32Y20.A6      net (fanout=16)       0.449   u/campaign/_n0323_inv3_rstpot
    SLICE_X32Y20.CLK     Tas                   0.349   u/error_count<15>
                                                       u/campaign/error_count_15_dpot
                                                       u/campaign/error_count_15
    -------------------------------------------------  ---------------------------
    Total                                      9.416ns (2.985ns logic, 6.431ns route)
                                                       (31.7% logic, 68.3% route)

--------------------------------------------------------------------------------
Slack:                  0.574ns (requirement - (data path - clock path skew + uncertainty))
  Source:               u/campaign/replay_index_3 (FF)
  Destination:          u/campaign/error_count_15 (FF)
  Requirement:          10.000ns
  Data Path Delay:      9.391ns (Levels of Logic = 9)
  Clock Path Skew:      0.000ns
  Source Clock:         clk_100mhz_BUFGP rising at 0.000ns
  Destination Clock:    clk_100mhz_BUFGP rising at 10.000ns
  Clock Uncertainty:    0.035ns

  Clock Uncertainty:          0.035ns  ((TSJ^2 + TIJ^2)^1/2 + DJ) / 2 + PE
    Total System Jitter (TSJ):  0.070ns
    Total Input Jitter (TIJ):   0.000ns
    Discrete Jitter (DJ):       0.000ns
    Phase Error (PE):           0.000ns

  Maximum Data Path at Slow Process Corner: u/campaign/replay_index_3 to u/campaign/error_count_15
    Location             Delay type         Delay(ns)  Physical Resource
                                                       Logical Resource(s)
    -------------------------------------------------  -------------------
    SLICE_X27Y16.CQ      Tcko                  0.430   u/campaign/replay_index<6>
                                                       u/campaign/replay_index_3
    SLICE_X23Y17.B4      net (fanout=379)      1.227   u/campaign/replay_index<3>
    SLICE_X23Y17.B       Tilo                  0.259   u/campaign/expected/policy_mode[2]_GND_7_o_equal_333_o
                                                       u/campaign/expected/out11141
    SLICE_X23Y17.A5      net (fanout=11)       0.277   u/campaign/expected/out1114
    SLICE_X23Y17.A       Tilo                  0.259   u/campaign/expected/policy_mode[2]_GND_7_o_equal_333_o
                                                       u/campaign/expected/policy_mode[2]_GND_7_o_equal_336_o<6>1
    SLICE_X25Y20.B6      net (fanout=13)       1.650   u/campaign/expected/policy_mode[2]_GND_7_o_equal_336_o
    SLICE_X25Y20.B       Tilo                  0.259   u/campaign/expected/state_id<6>1
                                                       u/campaign/expected/bottleneck_fidelity<9>1_SW0
    SLICE_X29Y20.A5      net (fanout=1)        0.497   u/campaign/expected/N32
    SLICE_X29Y20.A       Tilo                  0.259   u/campaign/expected/policy_mode[2]_GND_7_o_equal_273_o
                                                       u/campaign/expected/bottleneck_fidelity<9>1
    SLICE_X29Y20.C2      net (fanout=2)        0.537   u/campaign/expected/bottleneck_fidelity<9>1
    SLICE_X29Y20.C       Tilo                  0.259   u/campaign/expected/policy_mode[2]_GND_7_o_equal_273_o
                                                       u/campaign/expected/bottleneck_fidelity<9>
    SLICE_X28Y19.C3      net (fanout=1)        0.777   u/campaign/expected_fidelity<7>
    SLICE_X28Y19.COUT    Topcyc                0.325   u/campaign/Mcompar_norm_fidelity[15]_expected_fidelity[15]_equal_22_o_cy<3>
                                                       u/campaign/Mcompar_norm_fidelity[15]_expected_fidelity[15]_equal_22_o_lut<2>
                                                       u/campaign/Mcompar_norm_fidelity[15]_expected_fidelity[15]_equal_22_o_cy<3>
    SLICE_X28Y20.CIN     net (fanout=1)        0.003   u/campaign/Mcompar_norm_fidelity[15]_expected_fidelity[15]_equal_22_o_cy<3>
    SLICE_X28Y20.BMUX    Tcinb                 0.239   u/campaign/norm_state[7]_expected_state[7]_equal_18_o8
                                                       u/campaign/Mcompar_norm_fidelity[15]_expected_fidelity[15]_equal_22_o_cy<5>
    SLICE_X31Y19.B4      net (fanout=9)        1.077   u/campaign/norm_fidelity[15]_expected_fidelity[15]_equal_22_o
    SLICE_X31Y19.B       Tilo                  0.259   u/error_count<2>
                                                       u/campaign/_n0323_inv3_rstpot
    SLICE_X32Y20.A6      net (fanout=16)       0.449   u/campaign/_n0323_inv3_rstpot
    SLICE_X32Y20.CLK     Tas                   0.349   u/error_count<15>
                                                       u/campaign/error_count_15_dpot
                                                       u/campaign/error_count_15
    -------------------------------------------------  ---------------------------
    Total                                      9.391ns (2.897ns logic, 6.494ns route)
                                                       (30.8% logic, 69.2% route)

--------------------------------------------------------------------------------
Slack:                  0.592ns (requirement - (data path - clock path skew + uncertainty))
  Source:               u/campaign/replay_index_3 (FF)
  Destination:          u/campaign/error_count_15 (FF)
  Requirement:          10.000ns
  Data Path Delay:      9.373ns (Levels of Logic = 8)
  Clock Path Skew:      0.000ns
  Source Clock:         clk_100mhz_BUFGP rising at 0.000ns
  Destination Clock:    clk_100mhz_BUFGP rising at 10.000ns
  Clock Uncertainty:    0.035ns

  Clock Uncertainty:          0.035ns  ((TSJ^2 + TIJ^2)^1/2 + DJ) / 2 + PE
    Total System Jitter (TSJ):  0.070ns
    Total Input Jitter (TIJ):   0.000ns
    Discrete Jitter (DJ):       0.000ns
    Phase Error (PE):           0.000ns

  Maximum Data Path at Slow Process Corner: u/campaign/replay_index_3 to u/campaign/error_count_15
    Location             Delay type         Delay(ns)  Physical Resource
                                                       Logical Resource(s)
    -------------------------------------------------  -------------------
    SLICE_X27Y16.CQ      Tcko                  0.430   u/campaign/replay_index<6>
                                                       u/campaign/replay_index_3
    SLICE_X23Y17.B4      net (fanout=379)      1.227   u/campaign/replay_index<3>
    SLICE_X23Y17.B       Tilo                  0.259   u/campaign/expected/policy_mode[2]_GND_7_o_equal_333_o
                                                       u/campaign/expected/out11141
    SLICE_X23Y17.A5      net (fanout=11)       0.277   u/campaign/expected/out1114
    SLICE_X23Y17.A       Tilo                  0.259   u/campaign/expected/policy_mode[2]_GND_7_o_equal_333_o
                                                       u/campaign/expected/policy_mode[2]_GND_7_o_equal_336_o<6>1
    SLICE_X21Y21.D3      net (fanout=13)       1.817   u/campaign/expected/policy_mode[2]_GND_7_o_equal_336_o
    SLICE_X21Y21.D       Tilo                  0.259   u/campaign/expected/state_id<2>5
                                                       u/campaign/expected/state_id<2>3
    SLICE_X22Y21.C5      net (fanout=1)        0.417   u/campaign/expected/state_id<2>5
    SLICE_X22Y21.C       Tilo                  0.255   u/campaign/expected/state_id<2>1
                                                       u/campaign/expected/state_id<2>4
    SLICE_X22Y19.C3      net (fanout=1)        0.719   u/campaign/expected_state<6>
    SLICE_X22Y19.C       Tilo                  0.255   u/campaign/tx_state_id<3>
                                                       u/campaign/norm_state[7]_expected_state[7]_equal_18_o82
    SLICE_X28Y20.C5      net (fanout=1)        0.729   u/campaign/norm_state[7]_expected_state[7]_equal_18_o81
    SLICE_X28Y20.C       Tilo                  0.235   u/campaign/norm_state[7]_expected_state[7]_equal_18_o8
                                                       u/campaign/norm_state[7]_expected_state[7]_equal_18_o83
    SLICE_X31Y19.B2      net (fanout=9)        1.178   u/campaign/norm_state[7]_expected_state[7]_equal_18_o
    SLICE_X31Y19.B       Tilo                  0.259   u/error_count<2>
                                                       u/campaign/_n0323_inv3_rstpot
    SLICE_X32Y20.A6      net (fanout=16)       0.449   u/campaign/_n0323_inv3_rstpot
    SLICE_X32Y20.CLK     Tas                   0.349   u/error_count<15>
                                                       u/campaign/error_count_15_dpot
                                                       u/campaign/error_count_15
    -------------------------------------------------  ---------------------------
    Total                                      9.373ns (2.560ns logic, 6.813ns route)
                                                       (27.3% logic, 72.7% route)

--------------------------------------------------------------------------------
Slack:                  0.618ns (requirement - (data path - clock path skew + uncertainty))
  Source:               u/campaign/replay_index_6 (FF)
  Destination:          u/campaign/error_count_15 (FF)
  Requirement:          10.000ns
  Data Path Delay:      9.347ns (Levels of Logic = 9)
  Clock Path Skew:      0.000ns
  Source Clock:         clk_100mhz_BUFGP rising at 0.000ns
  Destination Clock:    clk_100mhz_BUFGP rising at 10.000ns
  Clock Uncertainty:    0.035ns

  Clock Uncertainty:          0.035ns  ((TSJ^2 + TIJ^2)^1/2 + DJ) / 2 + PE
    Total System Jitter (TSJ):  0.070ns
    Total Input Jitter (TIJ):   0.000ns
    Discrete Jitter (DJ):       0.000ns
    Phase Error (PE):           0.000ns

  Maximum Data Path at Slow Process Corner: u/campaign/replay_index_6 to u/campaign/error_count_15
    Location             Delay type         Delay(ns)  Physical Resource
                                                       Logical Resource(s)
    -------------------------------------------------  -------------------
    SLICE_X27Y16.DQ      Tcko                  0.430   u/campaign/replay_index<6>
                                                       u/campaign/replay_index_6
    SLICE_X27Y17.B3      net (fanout=292)      0.664   u/campaign/replay_index<6>
    SLICE_X27Y17.B       Tilo                  0.259   u/campaign/expected/policy_mode[2]_GND_7_o_equal_327_o
                                                       u/campaign/expected/out11131
    SLICE_X27Y17.A5      net (fanout=19)       0.295   u/campaign/expected/out1113
    SLICE_X27Y17.A       Tilo                  0.259   u/campaign/expected/policy_mode[2]_GND_7_o_equal_327_o
                                                       u/campaign/expected/policy_mode[2]_GND_7_o_equal_318_o<6>1
    SLICE_X27Y22.B1      net (fanout=15)       1.456   u/campaign/expected/policy_mode[2]_GND_7_o_equal_318_o
    SLICE_X27Y22.B       Tilo                  0.259   u/campaign/expected_state<0>
                                                       u/campaign/expected/state_id<1>21_SW0
    SLICE_X24Y20.A5      net (fanout=1)        0.615   u/campaign/expected/N58
    SLICE_X24Y20.A       Tilo                  0.235   u/campaign/expected/N42
                                                       u/campaign/expected/state_id<1>24
    SLICE_X22Y17.B2      net (fanout=2)        1.007   u/campaign/expected/state_id<1>2
    SLICE_X22Y17.B       Tilo                  0.254   u/campaign/expected/_n2492
                                                       u/campaign/expected/state_id<1>
    SLICE_X28Y20.D4      net (fanout=1)        0.766   u/campaign/expected_state<7>
    SLICE_X28Y20.D       Tilo                  0.235   u/campaign/norm_state[7]_expected_state[7]_equal_18_o8
                                                       u/campaign/norm_state[7]_expected_state[7]_equal_18_o81
    SLICE_X28Y20.C6      net (fanout=1)        0.143   u/campaign/norm_state[7]_expected_state[7]_equal_18_o8
    SLICE_X28Y20.C       Tilo                  0.235   u/campaign/norm_state[7]_expected_state[7]_equal_18_o8
                                                       u/campaign/norm_state[7]_expected_state[7]_equal_18_o83
    SLICE_X31Y19.B2      net (fanout=9)        1.178   u/campaign/norm_state[7]_expected_state[7]_equal_18_o
    SLICE_X31Y19.B       Tilo                  0.259   u/error_count<2>
                                                       u/campaign/_n0323_inv3_rstpot
    SLICE_X32Y20.A6      net (fanout=16)       0.449   u/campaign/_n0323_inv3_rstpot
    SLICE_X32Y20.CLK     Tas                   0.349   u/error_count<15>
                                                       u/campaign/error_count_15_dpot
                                                       u/campaign/error_count_15
    -------------------------------------------------  ---------------------------
    Total                                      9.347ns (2.774ns logic, 6.573ns route)
                                                       (29.7% logic, 70.3% route)

--------------------------------------------------------------------------------
Slack:                  0.620ns (requirement - (data path - clock path skew + uncertainty))
  Source:               u/campaign/replay_index_2 (FF)
  Destination:          u/campaign/error_count_15 (FF)
  Requirement:          10.000ns
  Data Path Delay:      9.345ns (Levels of Logic = 8)
  Clock Path Skew:      0.000ns
  Source Clock:         clk_100mhz_BUFGP rising at 0.000ns
  Destination Clock:    clk_100mhz_BUFGP rising at 10.000ns
  Clock Uncertainty:    0.035ns

  Clock Uncertainty:          0.035ns  ((TSJ^2 + TIJ^2)^1/2 + DJ) / 2 + PE
    Total System Jitter (TSJ):  0.070ns
    Total Input Jitter (TIJ):   0.000ns
    Discrete Jitter (DJ):       0.000ns
    Phase Error (PE):           0.000ns

  Maximum Data Path at Slow Process Corner: u/campaign/replay_index_2 to u/campaign/error_count_15
    Location             Delay type         Delay(ns)  Physical Resource
                                                       Logical Resource(s)
    -------------------------------------------------  -------------------
    SLICE_X27Y16.BMUX    Tshcko                0.518   u/campaign/replay_index<6>
                                                       u/campaign/replay_index_2
    SLICE_X25Y16.B6      net (fanout=391)      1.225   u/campaign/replay_index<2>
    SLICE_X25Y16.B       Tilo                  0.259   u/campaign/expected_cycles<4>
                                                       u/campaign/expected/policy_mode[2]_GND_7_o_equal_275_o<6>11
    SLICE_X25Y16.A5      net (fanout=4)        0.245   u/campaign/expected/policy_mode[2]_GND_7_o_equal_275_o<6>1
    SLICE_X25Y16.A       Tilo                  0.259   u/campaign/expected_cycles<4>
                                                       u/campaign/expected/policy_mode[2]_GND_7_o_equal_331_o<6>1
    SLICE_X24Y20.A1      net (fanout=11)       1.729   u/campaign/expected/policy_mode[2]_GND_7_o_equal_331_o
    SLICE_X24Y20.A       Tilo                  0.235   u/campaign/expected/N42
                                                       u/campaign/expected/state_id<1>24
    SLICE_X22Y17.B2      net (fanout=2)        1.007   u/campaign/expected/state_id<1>2
    SLICE_X22Y17.B       Tilo                  0.254   u/campaign/expected/_n2492
                                                       u/campaign/expected/state_id<1>
    SLICE_X28Y20.D4      net (fanout=1)        0.766   u/campaign/expected_state<7>
    SLICE_X28Y20.D       Tilo                  0.235   u/campaign/norm_state[7]_expected_state[7]_equal_18_o8
                                                       u/campaign/norm_state[7]_expected_state[7]_equal_18_o81
    SLICE_X28Y20.C6      net (fanout=1)        0.143   u/campaign/norm_state[7]_expected_state[7]_equal_18_o8
    SLICE_X28Y20.C       Tilo                  0.235   u/campaign/norm_state[7]_expected_state[7]_equal_18_o8
                                                       u/campaign/norm_state[7]_expected_state[7]_equal_18_o83
    SLICE_X31Y19.B2      net (fanout=9)        1.178   u/campaign/norm_state[7]_expected_state[7]_equal_18_o
    SLICE_X31Y19.B       Tilo                  0.259   u/error_count<2>
                                                       u/campaign/_n0323_inv3_rstpot
    SLICE_X32Y20.A6      net (fanout=16)       0.449   u/campaign/_n0323_inv3_rstpot
    SLICE_X32Y20.CLK     Tas                   0.349   u/error_count<15>
                                                       u/campaign/error_count_15_dpot
                                                       u/campaign/error_count_15
    -------------------------------------------------  ---------------------------
    Total                                      9.345ns (2.603ns logic, 6.742ns route)
                                                       (27.9% logic, 72.1% route)

--------------------------------------------------------------------------------

Paths for end point u/campaign/error_count_5 (SLICE_X33Y19.C6), 8930 paths
--------------------------------------------------------------------------------
Slack:                  0.465ns (requirement - (data path - clock path skew + uncertainty))
  Source:               u/campaign/replay_index_2 (FF)
  Destination:          u/campaign/error_count_5 (FF)
  Requirement:          10.000ns
  Data Path Delay:      9.502ns (Levels of Logic = 9)
  Clock Path Skew:      0.002ns (0.340 - 0.338)
  Source Clock:         clk_100mhz_BUFGP rising at 0.000ns
  Destination Clock:    clk_100mhz_BUFGP rising at 10.000ns
  Clock Uncertainty:    0.035ns

  Clock Uncertainty:          0.035ns  ((TSJ^2 + TIJ^2)^1/2 + DJ) / 2 + PE
    Total System Jitter (TSJ):  0.070ns
    Total Input Jitter (TIJ):   0.000ns
    Discrete Jitter (DJ):       0.000ns
    Phase Error (PE):           0.000ns

  Maximum Data Path at Slow Process Corner: u/campaign/replay_index_2 to u/campaign/error_count_5
    Location             Delay type         Delay(ns)  Physical Resource
                                                       Logical Resource(s)
    -------------------------------------------------  -------------------
    SLICE_X27Y16.BMUX    Tshcko                0.518   u/campaign/replay_index<6>
                                                       u/campaign/replay_index_2
    SLICE_X25Y16.B6      net (fanout=391)      1.225   u/campaign/replay_index<2>
    SLICE_X25Y16.B       Tilo                  0.259   u/campaign/expected_cycles<4>
                                                       u/campaign/expected/policy_mode[2]_GND_7_o_equal_275_o<6>11
    SLICE_X25Y16.A5      net (fanout=4)        0.245   u/campaign/expected/policy_mode[2]_GND_7_o_equal_275_o<6>1
    SLICE_X25Y16.A       Tilo                  0.259   u/campaign/expected_cycles<4>
                                                       u/campaign/expected/policy_mode[2]_GND_7_o_equal_331_o<6>1
    SLICE_X21Y18.C1      net (fanout=11)       2.001   u/campaign/expected/policy_mode[2]_GND_7_o_equal_331_o
    SLICE_X21Y18.C       Tilo                  0.259   u/campaign/expected/policy_mode[2]_GND_7_o_equal_276_o
                                                       u/campaign/expected/bottleneck_fidelity<10>1
    SLICE_X21Y18.B4      net (fanout=1)        0.352   u/campaign/expected/bottleneck_fidelity<10>1
    SLICE_X21Y18.B       Tilo                  0.259   u/campaign/expected/policy_mode[2]_GND_7_o_equal_276_o
                                                       u/campaign/expected/bottleneck_fidelity<10>2
    SLICE_X21Y18.A5      net (fanout=1)        0.230   u/campaign/expected/bottleneck_fidelity<10>2
    SLICE_X21Y18.A       Tilo                  0.259   u/campaign/expected/policy_mode[2]_GND_7_o_equal_276_o
                                                       u/campaign/expected/bottleneck_fidelity<10>6
    SLICE_X28Y19.C5      net (fanout=1)        0.934   u/campaign/expected_fidelity<6>
    SLICE_X28Y19.COUT    Topcyc                0.325   u/campaign/Mcompar_norm_fidelity[15]_expected_fidelity[15]_equal_22_o_cy<3>
                                                       u/campaign/Mcompar_norm_fidelity[15]_expected_fidelity[15]_equal_22_o_lut<2>
                                                       u/campaign/Mcompar_norm_fidelity[15]_expected_fidelity[15]_equal_22_o_cy<3>
    SLICE_X28Y20.CIN     net (fanout=1)        0.003   u/campaign/Mcompar_norm_fidelity[15]_expected_fidelity[15]_equal_22_o_cy<3>
    SLICE_X28Y20.BMUX    Tcinb                 0.239   u/campaign/norm_state[7]_expected_state[7]_equal_18_o8
                                                       u/campaign/Mcompar_norm_fidelity[15]_expected_fidelity[15]_equal_22_o_cy<5>
    SLICE_X31Y19.B4      net (fanout=9)        1.077   u/campaign/norm_fidelity[15]_expected_fidelity[15]_equal_22_o
    SLICE_X31Y19.B       Tilo                  0.259   u/error_count<2>
                                                       u/campaign/_n0323_inv3_rstpot
    SLICE_X33Y19.C6      net (fanout=16)       0.426   u/campaign/_n0323_inv3_rstpot
    SLICE_X33Y19.CLK     Tas                   0.373   u/error_count<5>
                                                       u/campaign/error_count_5_dpot
                                                       u/campaign/error_count_5
    -------------------------------------------------  ---------------------------
    Total                                      9.502ns (3.009ns logic, 6.493ns route)
                                                       (31.7% logic, 68.3% route)

--------------------------------------------------------------------------------
Slack:                  0.483ns (requirement - (data path - clock path skew + uncertainty))
  Source:               u/campaign/replay_index_1 (FF)
  Destination:          u/campaign/error_count_5 (FF)
  Requirement:          10.000ns
  Data Path Delay:      9.484ns (Levels of Logic = 8)
  Clock Path Skew:      0.002ns (0.340 - 0.338)
  Source Clock:         clk_100mhz_BUFGP rising at 0.000ns
  Destination Clock:    clk_100mhz_BUFGP rising at 10.000ns
  Clock Uncertainty:    0.035ns

  Clock Uncertainty:          0.035ns  ((TSJ^2 + TIJ^2)^1/2 + DJ) / 2 + PE
    Total System Jitter (TSJ):  0.070ns
    Total Input Jitter (TIJ):   0.000ns
    Discrete Jitter (DJ):       0.000ns
    Phase Error (PE):           0.000ns

  Maximum Data Path at Slow Process Corner: u/campaign/replay_index_1 to u/campaign/error_count_5
    Location             Delay type         Delay(ns)  Physical Resource
                                                       Logical Resource(s)
    -------------------------------------------------  -------------------
    SLICE_X27Y16.BQ      Tcko                  0.430   u/campaign/replay_index<6>
                                                       u/campaign/replay_index_1
    SLICE_X21Y21.B5      net (fanout=388)      2.281   u/campaign/replay_index<1>
    SLICE_X21Y21.B       Tilo                  0.259   u/campaign/expected/state_id<2>5
                                                       u/campaign/expected/_n2713_SW0
    SLICE_X21Y21.A5      net (fanout=1)        0.230   u/campaign/expected/N14
    SLICE_X21Y21.A       Tilo                  0.259   u/campaign/expected/state_id<2>5
                                                       u/campaign/expected/_n2713
    SLICE_X19Y17.D5      net (fanout=4)        1.109   u/campaign/expected/_n2713
    SLICE_X19Y17.D       Tilo                  0.259   u/campaign/expected/bottleneck_fidelity<11>1
                                                       u/campaign/expected/bottleneck_fidelity<11>1
    SLICE_X21Y20.A4      net (fanout=1)        0.953   u/campaign/expected/bottleneck_fidelity<11>1
    SLICE_X21Y20.A       Tilo                  0.259   u/campaign/expected/policy_mode[2]_GND_7_o_equal_289_o
                                                       u/campaign/expected/bottleneck_fidelity<11>7
    SLICE_X28Y19.B6      net (fanout=1)        0.620   u/campaign/expected_fidelity<5>
    SLICE_X28Y19.COUT    Topcyb                0.448   u/campaign/Mcompar_norm_fidelity[15]_expected_fidelity[15]_equal_22_o_cy<3>
                                                       u/campaign/Mcompar_norm_fidelity[15]_expected_fidelity[15]_equal_22_o_lut<1>
                                                       u/campaign/Mcompar_norm_fidelity[15]_expected_fidelity[15]_equal_22_o_cy<3>
    SLICE_X28Y20.CIN     net (fanout=1)        0.003   u/campaign/Mcompar_norm_fidelity[15]_expected_fidelity[15]_equal_22_o_cy<3>
    SLICE_X28Y20.BMUX    Tcinb                 0.239   u/campaign/norm_state[7]_expected_state[7]_equal_18_o8
                                                       u/campaign/Mcompar_norm_fidelity[15]_expected_fidelity[15]_equal_22_o_cy<5>
    SLICE_X31Y19.B4      net (fanout=9)        1.077   u/campaign/norm_fidelity[15]_expected_fidelity[15]_equal_22_o
    SLICE_X31Y19.B       Tilo                  0.259   u/error_count<2>
                                                       u/campaign/_n0323_inv3_rstpot
    SLICE_X33Y19.C6      net (fanout=16)       0.426   u/campaign/_n0323_inv3_rstpot
    SLICE_X33Y19.CLK     Tas                   0.373   u/error_count<5>
                                                       u/campaign/error_count_5_dpot
                                                       u/campaign/error_count_5
    -------------------------------------------------  ---------------------------
    Total                                      9.484ns (2.785ns logic, 6.699ns route)
                                                       (29.4% logic, 70.6% route)

--------------------------------------------------------------------------------
Slack:                  0.491ns (requirement - (data path - clock path skew + uncertainty))
  Source:               u/campaign/replay_index_2 (FF)
  Destination:          u/campaign/error_count_5 (FF)
  Requirement:          10.000ns
  Data Path Delay:      9.476ns (Levels of Logic = 9)
  Clock Path Skew:      0.002ns (0.340 - 0.338)
  Source Clock:         clk_100mhz_BUFGP rising at 0.000ns
  Destination Clock:    clk_100mhz_BUFGP rising at 10.000ns
  Clock Uncertainty:    0.035ns

  Clock Uncertainty:          0.035ns  ((TSJ^2 + TIJ^2)^1/2 + DJ) / 2 + PE
    Total System Jitter (TSJ):  0.070ns
    Total Input Jitter (TIJ):   0.000ns
    Discrete Jitter (DJ):       0.000ns
    Phase Error (PE):           0.000ns

  Maximum Data Path at Slow Process Corner: u/campaign/replay_index_2 to u/campaign/error_count_5
    Location             Delay type         Delay(ns)  Physical Resource
                                                       Logical Resource(s)
    -------------------------------------------------  -------------------
    SLICE_X27Y16.BMUX    Tshcko                0.518   u/campaign/replay_index<6>
                                                       u/campaign/replay_index_2
    SLICE_X23Y16.B3      net (fanout=391)      0.809   u/campaign/replay_index<2>
    SLICE_X23Y16.B       Tilo                  0.259   u/campaign/expected/policy_mode[2]_GND_7_o_equal_307_o
                                                       u/campaign/expected/policy_mode[2]_GND_7_o_equal_289_o<6>11
    SLICE_X25Y21.B3      net (fanout=18)       1.103   u/campaign/expected/policy_mode[2]_GND_7_o_equal_289_o<6>1
    SLICE_X25Y21.B       Tilo                  0.259   u/campaign/expected/policy_mode[2]_GND_7_o_equal_281_o
                                                       u/campaign/expected/policy_mode[2]_GND_7_o_equal_291_o<6>1
    SLICE_X25Y21.A3      net (fanout=10)       0.595   u/campaign/expected/policy_mode[2]_GND_7_o_equal_291_o
    SLICE_X25Y21.A       Tilo                  0.259   u/campaign/expected/policy_mode[2]_GND_7_o_equal_281_o
                                                       u/campaign/expected/state_id<1>11
    SLICE_X24Y20.A4      net (fanout=2)        0.563   u/campaign/expected/state_id<1>1
    SLICE_X24Y20.A       Tilo                  0.235   u/campaign/expected/N42
                                                       u/campaign/expected/state_id<1>24
    SLICE_X22Y17.B2      net (fanout=2)        1.007   u/campaign/expected/state_id<1>2
    SLICE_X22Y17.B       Tilo                  0.254   u/campaign/expected/_n2492
                                                       u/campaign/expected/state_id<1>
    SLICE_X28Y20.D4      net (fanout=1)        0.766   u/campaign/expected_state<7>
    SLICE_X28Y20.D       Tilo                  0.235   u/campaign/norm_state[7]_expected_state[7]_equal_18_o8
                                                       u/campaign/norm_state[7]_expected_state[7]_equal_18_o81
    SLICE_X28Y20.C6      net (fanout=1)        0.143   u/campaign/norm_state[7]_expected_state[7]_equal_18_o8
    SLICE_X28Y20.C       Tilo                  0.235   u/campaign/norm_state[7]_expected_state[7]_equal_18_o8
                                                       u/campaign/norm_state[7]_expected_state[7]_equal_18_o83
    SLICE_X31Y19.B2      net (fanout=9)        1.178   u/campaign/norm_state[7]_expected_state[7]_equal_18_o
    SLICE_X31Y19.B       Tilo                  0.259   u/error_count<2>
                                                       u/campaign/_n0323_inv3_rstpot
    SLICE_X33Y19.C6      net (fanout=16)       0.426   u/campaign/_n0323_inv3_rstpot
    SLICE_X33Y19.CLK     Tas                   0.373   u/error_count<5>
                                                       u/campaign/error_count_5_dpot
                                                       u/campaign/error_count_5
    -------------------------------------------------  ---------------------------
    Total                                      9.476ns (2.886ns logic, 6.590ns route)
                                                       (30.5% logic, 69.5% route)

--------------------------------------------------------------------------------
Slack:                  0.521ns (requirement - (data path - clock path skew + uncertainty))
  Source:               u/campaign/replay_index_2 (FF)
  Destination:          u/campaign/error_count_5 (FF)
  Requirement:          10.000ns
  Data Path Delay:      9.446ns (Levels of Logic = 8)
  Clock Path Skew:      0.002ns (0.340 - 0.338)
  Source Clock:         clk_100mhz_BUFGP rising at 0.000ns
  Destination Clock:    clk_100mhz_BUFGP rising at 10.000ns
  Clock Uncertainty:    0.035ns

  Clock Uncertainty:          0.035ns  ((TSJ^2 + TIJ^2)^1/2 + DJ) / 2 + PE
    Total System Jitter (TSJ):  0.070ns
    Total Input Jitter (TIJ):   0.000ns
    Discrete Jitter (DJ):       0.000ns
    Phase Error (PE):           0.000ns

  Maximum Data Path at Slow Process Corner: u/campaign/replay_index_2 to u/campaign/error_count_5
    Location             Delay type         Delay(ns)  Physical Resource
                                                       Logical Resource(s)
    -------------------------------------------------  -------------------
    SLICE_X27Y16.BMUX    Tshcko                0.518   u/campaign/replay_index<6>
                                                       u/campaign/replay_index_2
    SLICE_X25Y16.B6      net (fanout=391)      1.225   u/campaign/replay_index<2>
    SLICE_X25Y16.B       Tilo                  0.259   u/campaign/expected_cycles<4>
                                                       u/campaign/expected/policy_mode[2]_GND_7_o_equal_275_o<6>11
    SLICE_X25Y16.A5      net (fanout=4)        0.245   u/campaign/expected/policy_mode[2]_GND_7_o_equal_275_o<6>1
    SLICE_X25Y16.A       Tilo                  0.259   u/campaign/expected_cycles<4>
                                                       u/campaign/expected/policy_mode[2]_GND_7_o_equal_331_o<6>1
    SLICE_X22Y21.B1      net (fanout=11)       1.746   u/campaign/expected/policy_mode[2]_GND_7_o_equal_331_o
    SLICE_X22Y21.B       Tilo                  0.254   u/campaign/expected/state_id<2>1
                                                       u/campaign/expected/state_id<7>2
    SLICE_X21Y19.D3      net (fanout=1)        0.809   u/campaign/expected/state_id<7>3
    SLICE_X21Y19.D       Tilo                  0.259   u/campaign/expected_state<1>
                                                       u/campaign/expected/state_id<7>4
    SLICE_X22Y19.C5      net (fanout=1)        0.417   u/campaign/expected_state<1>
    SLICE_X22Y19.C       Tilo                  0.255   u/campaign/tx_state_id<3>
                                                       u/campaign/norm_state[7]_expected_state[7]_equal_18_o82
    SLICE_X28Y20.C5      net (fanout=1)        0.729   u/campaign/norm_state[7]_expected_state[7]_equal_18_o81
    SLICE_X28Y20.C       Tilo                  0.235   u/campaign/norm_state[7]_expected_state[7]_equal_18_o8
                                                       u/campaign/norm_state[7]_expected_state[7]_equal_18_o83
    SLICE_X31Y19.B2      net (fanout=9)        1.178   u/campaign/norm_state[7]_expected_state[7]_equal_18_o
    SLICE_X31Y19.B       Tilo                  0.259   u/error_count<2>
                                                       u/campaign/_n0323_inv3_rstpot
    SLICE_X33Y19.C6      net (fanout=16)       0.426   u/campaign/_n0323_inv3_rstpot
    SLICE_X33Y19.CLK     Tas                   0.373   u/error_count<5>
                                                       u/campaign/error_count_5_dpot
                                                       u/campaign/error_count_5
    -------------------------------------------------  ---------------------------
    Total                                      9.446ns (2.671ns logic, 6.775ns route)
                                                       (28.3% logic, 71.7% route)

--------------------------------------------------------------------------------
Slack:                  0.540ns (requirement - (data path - clock path skew + uncertainty))
  Source:               u/campaign/replay_index_2 (FF)
  Destination:          u/campaign/error_count_5 (FF)
  Requirement:          10.000ns
  Data Path Delay:      9.427ns (Levels of Logic = 8)
  Clock Path Skew:      0.002ns (0.340 - 0.338)
  Source Clock:         clk_100mhz_BUFGP rising at 0.000ns
  Destination Clock:    clk_100mhz_BUFGP rising at 10.000ns
  Clock Uncertainty:    0.035ns

  Clock Uncertainty:          0.035ns  ((TSJ^2 + TIJ^2)^1/2 + DJ) / 2 + PE
    Total System Jitter (TSJ):  0.070ns
    Total Input Jitter (TIJ):   0.000ns
    Discrete Jitter (DJ):       0.000ns
    Phase Error (PE):           0.000ns

  Maximum Data Path at Slow Process Corner: u/campaign/replay_index_2 to u/campaign/error_count_5
    Location             Delay type         Delay(ns)  Physical Resource
                                                       Logical Resource(s)
    -------------------------------------------------  -------------------
    SLICE_X27Y16.BMUX    Tshcko                0.518   u/campaign/replay_index<6>
                                                       u/campaign/replay_index_2
    SLICE_X25Y21.C3      net (fanout=391)      2.014   u/campaign/replay_index<2>
    SLICE_X25Y21.C       Tilo                  0.259   u/campaign/expected/policy_mode[2]_GND_7_o_equal_281_o
                                                       u/campaign/expected/policy_mode[2]_GND_7_o_equal_282_o<6>1
    SLICE_X26Y22.A5      net (fanout=6)        0.744   u/campaign/expected/policy_mode[2]_GND_7_o_equal_282_o
    SLICE_X26Y22.A       Tilo                  0.254   u/campaign/expected_score<6>
                                                       u/campaign/expected/state_id<5>3
    SLICE_X24Y20.D6      net (fanout=2)        0.788   u/campaign/expected/state_id<5>3
    SLICE_X24Y20.D       Tilo                  0.235   u/campaign/expected/N42
                                                       u/campaign/expected/state_id<5>_SW0
    SLICE_X23Y19.B3      net (fanout=1)        0.574   u/campaign/expected/N42
    SLICE_X23Y19.B       Tilo                  0.259   u/campaign/expected/bottleneck_fidelity<8>11
                                                       u/campaign/expected/state_id<5>
    SLICE_X22Y19.C6      net (fanout=1)        0.327   u/campaign/expected_state<3>
    SLICE_X22Y19.C       Tilo                  0.255   u/campaign/tx_state_id<3>
                                                       u/campaign/norm_state[7]_expected_state[7]_equal_18_o82
    SLICE_X28Y20.C5      net (fanout=1)        0.729   u/campaign/norm_state[7]_expected_state[7]_equal_18_o81
    SLICE_X28Y20.C       Tilo                  0.235   u/campaign/norm_state[7]_expected_state[7]_equal_18_o8
                                                       u/campaign/norm_state[7]_expected_state[7]_equal_18_o83
    SLICE_X31Y19.B2      net (fanout=9)        1.178   u/campaign/norm_state[7]_expected_state[7]_equal_18_o
    SLICE_X31Y19.B       Tilo                  0.259   u/error_count<2>
                                                       u/campaign/_n0323_inv3_rstpot
    SLICE_X33Y19.C6      net (fanout=16)       0.426   u/campaign/_n0323_inv3_rstpot
    SLICE_X33Y19.CLK     Tas                   0.373   u/error_count<5>
                                                       u/campaign/error_count_5_dpot
                                                       u/campaign/error_count_5
    -------------------------------------------------  ---------------------------
    Total                                      9.427ns (2.647ns logic, 6.780ns route)
                                                       (28.1% logic, 71.9% route)

--------------------------------------------------------------------------------
Slack:                  0.550ns (requirement - (data path - clock path skew + uncertainty))
  Source:               u/campaign/replay_index_2 (FF)
  Destination:          u/campaign/error_count_5 (FF)
  Requirement:          10.000ns
  Data Path Delay:      9.417ns (Levels of Logic = 9)
  Clock Path Skew:      0.002ns (0.340 - 0.338)
  Source Clock:         clk_100mhz_BUFGP rising at 0.000ns
  Destination Clock:    clk_100mhz_BUFGP rising at 10.000ns
  Clock Uncertainty:    0.035ns

  Clock Uncertainty:          0.035ns  ((TSJ^2 + TIJ^2)^1/2 + DJ) / 2 + PE
    Total System Jitter (TSJ):  0.070ns
    Total Input Jitter (TIJ):   0.000ns
    Discrete Jitter (DJ):       0.000ns
    Phase Error (PE):           0.000ns

  Maximum Data Path at Slow Process Corner: u/campaign/replay_index_2 to u/campaign/error_count_5
    Location             Delay type         Delay(ns)  Physical Resource
                                                       Logical Resource(s)
    -------------------------------------------------  -------------------
    SLICE_X27Y16.BMUX    Tshcko                0.518   u/campaign/replay_index<6>
                                                       u/campaign/replay_index_2
    SLICE_X25Y16.B6      net (fanout=391)      1.225   u/campaign/replay_index<2>
    SLICE_X25Y16.B       Tilo                  0.259   u/campaign/expected_cycles<4>
                                                       u/campaign/expected/policy_mode[2]_GND_7_o_equal_275_o<6>11
    SLICE_X25Y16.A5      net (fanout=4)        0.245   u/campaign/expected/policy_mode[2]_GND_7_o_equal_275_o<6>1
    SLICE_X25Y16.A       Tilo                  0.259   u/campaign/expected_cycles<4>
                                                       u/campaign/expected/policy_mode[2]_GND_7_o_equal_331_o<6>1
    SLICE_X23Y20.D1      net (fanout=11)       1.731   u/campaign/expected/policy_mode[2]_GND_7_o_equal_331_o
    SLICE_X23Y20.D       Tilo                  0.259   u/campaign/expected/bottleneck_fidelity<8>12
                                                       u/campaign/expected/bottleneck_fidelity<8>12
    SLICE_X23Y20.C6      net (fanout=1)        0.143   u/campaign/expected/bottleneck_fidelity<8>12
    SLICE_X23Y20.C       Tilo                  0.259   u/campaign/expected/bottleneck_fidelity<8>12
                                                       u/campaign/expected/bottleneck_fidelity<8>13
    SLICE_X29Y20.B3      net (fanout=2)        0.878   u/campaign/expected/bottleneck_fidelity<8>1
    SLICE_X29Y20.B       Tilo                  0.259   u/campaign/expected/policy_mode[2]_GND_7_o_equal_273_o
                                                       u/campaign/expected/bottleneck_fidelity<8>2
    SLICE_X28Y19.C2      net (fanout=1)        0.680   u/campaign/expected_fidelity<8>
    SLICE_X28Y19.COUT    Topcyc                0.325   u/campaign/Mcompar_norm_fidelity[15]_expected_fidelity[15]_equal_22_o_cy<3>
                                                       u/campaign/Mcompar_norm_fidelity[15]_expected_fidelity[15]_equal_22_o_lut<2>
                                                       u/campaign/Mcompar_norm_fidelity[15]_expected_fidelity[15]_equal_22_o_cy<3>
    SLICE_X28Y20.CIN     net (fanout=1)        0.003   u/campaign/Mcompar_norm_fidelity[15]_expected_fidelity[15]_equal_22_o_cy<3>
    SLICE_X28Y20.BMUX    Tcinb                 0.239   u/campaign/norm_state[7]_expected_state[7]_equal_18_o8
                                                       u/campaign/Mcompar_norm_fidelity[15]_expected_fidelity[15]_equal_22_o_cy<5>
    SLICE_X31Y19.B4      net (fanout=9)        1.077   u/campaign/norm_fidelity[15]_expected_fidelity[15]_equal_22_o
    SLICE_X31Y19.B       Tilo                  0.259   u/error_count<2>
                                                       u/campaign/_n0323_inv3_rstpot
    SLICE_X33Y19.C6      net (fanout=16)       0.426   u/campaign/_n0323_inv3_rstpot
    SLICE_X33Y19.CLK     Tas                   0.373   u/error_count<5>
                                                       u/campaign/error_count_5_dpot
                                                       u/campaign/error_count_5
    -------------------------------------------------  ---------------------------
    Total                                      9.417ns (3.009ns logic, 6.408ns route)
                                                       (32.0% logic, 68.0% route)

--------------------------------------------------------------------------------
Slack:                  0.575ns (requirement - (data path - clock path skew + uncertainty))
  Source:               u/campaign/replay_index_3 (FF)
  Destination:          u/campaign/error_count_5 (FF)
  Requirement:          10.000ns
  Data Path Delay:      9.392ns (Levels of Logic = 9)
  Clock Path Skew:      0.002ns (0.340 - 0.338)
  Source Clock:         clk_100mhz_BUFGP rising at 0.000ns
  Destination Clock:    clk_100mhz_BUFGP rising at 10.000ns
  Clock Uncertainty:    0.035ns

  Clock Uncertainty:          0.035ns  ((TSJ^2 + TIJ^2)^1/2 + DJ) / 2 + PE
    Total System Jitter (TSJ):  0.070ns
    Total Input Jitter (TIJ):   0.000ns
    Discrete Jitter (DJ):       0.000ns
    Phase Error (PE):           0.000ns

  Maximum Data Path at Slow Process Corner: u/campaign/replay_index_3 to u/campaign/error_count_5
    Location             Delay type         Delay(ns)  Physical Resource
                                                       Logical Resource(s)
    -------------------------------------------------  -------------------
    SLICE_X27Y16.CQ      Tcko                  0.430   u/campaign/replay_index<6>
                                                       u/campaign/replay_index_3
    SLICE_X23Y17.B4      net (fanout=379)      1.227   u/campaign/replay_index<3>
    SLICE_X23Y17.B       Tilo                  0.259   u/campaign/expected/policy_mode[2]_GND_7_o_equal_333_o
                                                       u/campaign/expected/out11141
    SLICE_X23Y17.A5      net (fanout=11)       0.277   u/campaign/expected/out1114
    SLICE_X23Y17.A       Tilo                  0.259   u/campaign/expected/policy_mode[2]_GND_7_o_equal_333_o
                                                       u/campaign/expected/policy_mode[2]_GND_7_o_equal_336_o<6>1
    SLICE_X25Y20.B6      net (fanout=13)       1.650   u/campaign/expected/policy_mode[2]_GND_7_o_equal_336_o
    SLICE_X25Y20.B       Tilo                  0.259   u/campaign/expected/state_id<6>1
                                                       u/campaign/expected/bottleneck_fidelity<9>1_SW0
    SLICE_X29Y20.A5      net (fanout=1)        0.497   u/campaign/expected/N32
    SLICE_X29Y20.A       Tilo                  0.259   u/campaign/expected/policy_mode[2]_GND_7_o_equal_273_o
                                                       u/campaign/expected/bottleneck_fidelity<9>1
    SLICE_X29Y20.C2      net (fanout=2)        0.537   u/campaign/expected/bottleneck_fidelity<9>1
    SLICE_X29Y20.C       Tilo                  0.259   u/campaign/expected/policy_mode[2]_GND_7_o_equal_273_o
                                                       u/campaign/expected/bottleneck_fidelity<9>
    SLICE_X28Y19.C3      net (fanout=1)        0.777   u/campaign/expected_fidelity<7>
    SLICE_X28Y19.COUT    Topcyc                0.325   u/campaign/Mcompar_norm_fidelity[15]_expected_fidelity[15]_equal_22_o_cy<3>
                                                       u/campaign/Mcompar_norm_fidelity[15]_expected_fidelity[15]_equal_22_o_lut<2>
                                                       u/campaign/Mcompar_norm_fidelity[15]_expected_fidelity[15]_equal_22_o_cy<3>
    SLICE_X28Y20.CIN     net (fanout=1)        0.003   u/campaign/Mcompar_norm_fidelity[15]_expected_fidelity[15]_equal_22_o_cy<3>
    SLICE_X28Y20.BMUX    Tcinb                 0.239   u/campaign/norm_state[7]_expected_state[7]_equal_18_o8
                                                       u/campaign/Mcompar_norm_fidelity[15]_expected_fidelity[15]_equal_22_o_cy<5>
    SLICE_X31Y19.B4      net (fanout=9)        1.077   u/campaign/norm_fidelity[15]_expected_fidelity[15]_equal_22_o
    SLICE_X31Y19.B       Tilo                  0.259   u/error_count<2>
                                                       u/campaign/_n0323_inv3_rstpot
    SLICE_X33Y19.C6      net (fanout=16)       0.426   u/campaign/_n0323_inv3_rstpot
    SLICE_X33Y19.CLK     Tas                   0.373   u/error_count<5>
                                                       u/campaign/error_count_5_dpot
                                                       u/campaign/error_count_5
    -------------------------------------------------  ---------------------------
    Total                                      9.392ns (2.921ns logic, 6.471ns route)
                                                       (31.1% logic, 68.9% route)

--------------------------------------------------------------------------------
Slack:                  0.593ns (requirement - (data path - clock path skew + uncertainty))
  Source:               u/campaign/replay_index_3 (FF)
  Destination:          u/campaign/error_count_5 (FF)
  Requirement:          10.000ns
  Data Path Delay:      9.374ns (Levels of Logic = 8)
  Clock Path Skew:      0.002ns (0.340 - 0.338)
  Source Clock:         clk_100mhz_BUFGP rising at 0.000ns
  Destination Clock:    clk_100mhz_BUFGP rising at 10.000ns
  Clock Uncertainty:    0.035ns

  Clock Uncertainty:          0.035ns  ((TSJ^2 + TIJ^2)^1/2 + DJ) / 2 + PE
    Total System Jitter (TSJ):  0.070ns
    Total Input Jitter (TIJ):   0.000ns
    Discrete Jitter (DJ):       0.000ns
    Phase Error (PE):           0.000ns

  Maximum Data Path at Slow Process Corner: u/campaign/replay_index_3 to u/campaign/error_count_5
    Location             Delay type         Delay(ns)  Physical Resource
                                                       Logical Resource(s)
    -------------------------------------------------  -------------------
    SLICE_X27Y16.CQ      Tcko                  0.430   u/campaign/replay_index<6>
                                                       u/campaign/replay_index_3
    SLICE_X23Y17.B4      net (fanout=379)      1.227   u/campaign/replay_index<3>
    SLICE_X23Y17.B       Tilo                  0.259   u/campaign/expected/policy_mode[2]_GND_7_o_equal_333_o
                                                       u/campaign/expected/out11141
    SLICE_X23Y17.A5      net (fanout=11)       0.277   u/campaign/expected/out1114
    SLICE_X23Y17.A       Tilo                  0.259   u/campaign/expected/policy_mode[2]_GND_7_o_equal_333_o
                                                       u/campaign/expected/policy_mode[2]_GND_7_o_equal_336_o<6>1
    SLICE_X21Y21.D3      net (fanout=13)       1.817   u/campaign/expected/policy_mode[2]_GND_7_o_equal_336_o
    SLICE_X21Y21.D       Tilo                  0.259   u/campaign/expected/state_id<2>5
                                                       u/campaign/expected/state_id<2>3
    SLICE_X22Y21.C5      net (fanout=1)        0.417   u/campaign/expected/state_id<2>5
    SLICE_X22Y21.C       Tilo                  0.255   u/campaign/expected/state_id<2>1
                                                       u/campaign/expected/state_id<2>4
    SLICE_X22Y19.C3      net (fanout=1)        0.719   u/campaign/expected_state<6>
    SLICE_X22Y19.C       Tilo                  0.255   u/campaign/tx_state_id<3>
                                                       u/campaign/norm_state[7]_expected_state[7]_equal_18_o82
    SLICE_X28Y20.C5      net (fanout=1)        0.729   u/campaign/norm_state[7]_expected_state[7]_equal_18_o81
    SLICE_X28Y20.C       Tilo                  0.235   u/campaign/norm_state[7]_expected_state[7]_equal_18_o8
                                                       u/campaign/norm_state[7]_expected_state[7]_equal_18_o83
    SLICE_X31Y19.B2      net (fanout=9)        1.178   u/campaign/norm_state[7]_expected_state[7]_equal_18_o
    SLICE_X31Y19.B       Tilo                  0.259   u/error_count<2>
                                                       u/campaign/_n0323_inv3_rstpot
    SLICE_X33Y19.C6      net (fanout=16)       0.426   u/campaign/_n0323_inv3_rstpot
    SLICE_X33Y19.CLK     Tas                   0.373   u/error_count<5>
                                                       u/campaign/error_count_5_dpot
                                                       u/campaign/error_count_5
    -------------------------------------------------  ---------------------------
    Total                                      9.374ns (2.584ns logic, 6.790ns route)
                                                       (27.6% logic, 72.4% route)

--------------------------------------------------------------------------------
Slack:                  0.619ns (requirement - (data path - clock path skew + uncertainty))
  Source:               u/campaign/replay_index_6 (FF)
  Destination:          u/campaign/error_count_5 (FF)
  Requirement:          10.000ns
  Data Path Delay:      9.348ns (Levels of Logic = 9)
  Clock Path Skew:      0.002ns (0.340 - 0.338)
  Source Clock:         clk_100mhz_BUFGP rising at 0.000ns
  Destination Clock:    clk_100mhz_BUFGP rising at 10.000ns
  Clock Uncertainty:    0.035ns

  Clock Uncertainty:          0.035ns  ((TSJ^2 + TIJ^2)^1/2 + DJ) / 2 + PE
    Total System Jitter (TSJ):  0.070ns
    Total Input Jitter (TIJ):   0.000ns
    Discrete Jitter (DJ):       0.000ns
    Phase Error (PE):           0.000ns

  Maximum Data Path at Slow Process Corner: u/campaign/replay_index_6 to u/campaign/error_count_5
    Location             Delay type         Delay(ns)  Physical Resource
                                                       Logical Resource(s)
    -------------------------------------------------  -------------------
    SLICE_X27Y16.DQ      Tcko                  0.430   u/campaign/replay_index<6>
                                                       u/campaign/replay_index_6
    SLICE_X27Y17.B3      net (fanout=292)      0.664   u/campaign/replay_index<6>
    SLICE_X27Y17.B       Tilo                  0.259   u/campaign/expected/policy_mode[2]_GND_7_o_equal_327_o
                                                       u/campaign/expected/out11131
    SLICE_X27Y17.A5      net (fanout=19)       0.295   u/campaign/expected/out1113
    SLICE_X27Y17.A       Tilo                  0.259   u/campaign/expected/policy_mode[2]_GND_7_o_equal_327_o
                                                       u/campaign/expected/policy_mode[2]_GND_7_o_equal_318_o<6>1
    SLICE_X27Y22.B1      net (fanout=15)       1.456   u/campaign/expected/policy_mode[2]_GND_7_o_equal_318_o
    SLICE_X27Y22.B       Tilo                  0.259   u/campaign/expected_state<0>
                                                       u/campaign/expected/state_id<1>21_SW0
    SLICE_X24Y20.A5      net (fanout=1)        0.615   u/campaign/expected/N58
    SLICE_X24Y20.A       Tilo                  0.235   u/campaign/expected/N42
                                                       u/campaign/expected/state_id<1>24
    SLICE_X22Y17.B2      net (fanout=2)        1.007   u/campaign/expected/state_id<1>2
    SLICE_X22Y17.B       Tilo                  0.254   u/campaign/expected/_n2492
                                                       u/campaign/expected/state_id<1>
    SLICE_X28Y20.D4      net (fanout=1)        0.766   u/campaign/expected_state<7>
    SLICE_X28Y20.D       Tilo                  0.235   u/campaign/norm_state[7]_expected_state[7]_equal_18_o8
                                                       u/campaign/norm_state[7]_expected_state[7]_equal_18_o81
    SLICE_X28Y20.C6      net (fanout=1)        0.143   u/campaign/norm_state[7]_expected_state[7]_equal_18_o8
    SLICE_X28Y20.C       Tilo                  0.235   u/campaign/norm_state[7]_expected_state[7]_equal_18_o8
                                                       u/campaign/norm_state[7]_expected_state[7]_equal_18_o83
    SLICE_X31Y19.B2      net (fanout=9)        1.178   u/campaign/norm_state[7]_expected_state[7]_equal_18_o
    SLICE_X31Y19.B       Tilo                  0.259   u/error_count<2>
                                                       u/campaign/_n0323_inv3_rstpot
    SLICE_X33Y19.C6      net (fanout=16)       0.426   u/campaign/_n0323_inv3_rstpot
    SLICE_X33Y19.CLK     Tas                   0.373   u/error_count<5>
                                                       u/campaign/error_count_5_dpot
                                                       u/campaign/error_count_5
    -------------------------------------------------  ---------------------------
    Total                                      9.348ns (2.798ns logic, 6.550ns route)
                                                       (29.9% logic, 70.1% route)

--------------------------------------------------------------------------------
Slack:                  0.621ns (requirement - (data path - clock path skew + uncertainty))
  Source:               u/campaign/replay_index_2 (FF)
  Destination:          u/campaign/error_count_5 (FF)
  Requirement:          10.000ns
  Data Path Delay:      9.346ns (Levels of Logic = 8)
  Clock Path Skew:      0.002ns (0.340 - 0.338)
  Source Clock:         clk_100mhz_BUFGP rising at 0.000ns
  Destination Clock:    clk_100mhz_BUFGP rising at 10.000ns
  Clock Uncertainty:    0.035ns

  Clock Uncertainty:          0.035ns  ((TSJ^2 + TIJ^2)^1/2 + DJ) / 2 + PE
    Total System Jitter (TSJ):  0.070ns
    Total Input Jitter (TIJ):   0.000ns
    Discrete Jitter (DJ):       0.000ns
    Phase Error (PE):           0.000ns

  Maximum Data Path at Slow Process Corner: u/campaign/replay_index_2 to u/campaign/error_count_5
    Location             Delay type         Delay(ns)  Physical Resource
                                                       Logical Resource(s)
    -------------------------------------------------  -------------------
    SLICE_X27Y16.BMUX    Tshcko                0.518   u/campaign/replay_index<6>
                                                       u/campaign/replay_index_2
    SLICE_X25Y16.B6      net (fanout=391)      1.225   u/campaign/replay_index<2>
    SLICE_X25Y16.B       Tilo                  0.259   u/campaign/expected_cycles<4>
                                                       u/campaign/expected/policy_mode[2]_GND_7_o_equal_275_o<6>11
    SLICE_X25Y16.A5      net (fanout=4)        0.245   u/campaign/expected/policy_mode[2]_GND_7_o_equal_275_o<6>1
    SLICE_X25Y16.A       Tilo                  0.259   u/campaign/expected_cycles<4>
                                                       u/campaign/expected/policy_mode[2]_GND_7_o_equal_331_o<6>1
    SLICE_X24Y20.A1      net (fanout=11)       1.729   u/campaign/expected/policy_mode[2]_GND_7_o_equal_331_o
    SLICE_X24Y20.A       Tilo                  0.235   u/campaign/expected/N42
                                                       u/campaign/expected/state_id<1>24
    SLICE_X22Y17.B2      net (fanout=2)        1.007   u/campaign/expected/state_id<1>2
    SLICE_X22Y17.B       Tilo                  0.254   u/campaign/expected/_n2492
                                                       u/campaign/expected/state_id<1>
    SLICE_X28Y20.D4      net (fanout=1)        0.766   u/campaign/expected_state<7>
    SLICE_X28Y20.D       Tilo                  0.235   u/campaign/norm_state[7]_expected_state[7]_equal_18_o8
                                                       u/campaign/norm_state[7]_expected_state[7]_equal_18_o81
    SLICE_X28Y20.C6      net (fanout=1)        0.143   u/campaign/norm_state[7]_expected_state[7]_equal_18_o8
    SLICE_X28Y20.C       Tilo                  0.235   u/campaign/norm_state[7]_expected_state[7]_equal_18_o8
                                                       u/campaign/norm_state[7]_expected_state[7]_equal_18_o83
    SLICE_X31Y19.B2      net (fanout=9)        1.178   u/campaign/norm_state[7]_expected_state[7]_equal_18_o
    SLICE_X31Y19.B       Tilo                  0.259   u/error_count<2>
                                                       u/campaign/_n0323_inv3_rstpot
    SLICE_X33Y19.C6      net (fanout=16)       0.426   u/campaign/_n0323_inv3_rstpot
    SLICE_X33Y19.CLK     Tas                   0.373   u/error_count<5>
                                                       u/campaign/error_count_5_dpot
                                                       u/campaign/error_count_5
    -------------------------------------------------  ---------------------------
    Total                                      9.346ns (2.627ns logic, 6.719ns route)
                                                       (28.1% logic, 71.9% route)

--------------------------------------------------------------------------------

Component Switching Limit Checks: TS_P6_CLK = PERIOD TIMEGRP "P6_CLK" 10 ns HIGH 50%;
--------------------------------------------------------------------------------
Slack: 7.334ns (period - min period limit)
  Period: 10.000ns
  Min period limit: 2.666ns (375.094MHz) (Tbcper_I)
  Physical resource: clk_100mhz_BUFGP/BUFG/I0
  Logical resource: clk_100mhz_BUFGP/BUFG/I0
  Location pin: BUFGMUX_X3Y13.I0
  Clock network: clk_100mhz_BUFGP/IBUFG
--------------------------------------------------------------------------------
Slack: 9.520ns (period - min period limit)
  Period: 10.000ns
  Min period limit: 0.480ns (2083.333MHz) (Tcp)
  Physical resource: u/campaign/kernel/core/profile_valid/CLK
  Logical resource: u/campaign/kernel/core/profile_rom_i/valid/CK
  Location pin: SLICE_X18Y14.CLK
  Clock network: clk_100mhz_BUFGP
--------------------------------------------------------------------------------
Slack: 9.520ns (period - min period limit)
  Period: 10.000ns
  Min period limit: 0.480ns (2083.333MHz) (Tcp)
  Physical resource: u/campaign/kernel/core/evaluator_i/scaled_difference_reg<3>/CLK
  Logical resource: u/campaign/kernel/core/evaluator_i/scaled_difference_reg_0/CK
  Location pin: SLICE_X2Y16.CLK
  Clock network: clk_100mhz_BUFGP
--------------------------------------------------------------------------------
Slack: 9.520ns (period - min period limit)
  Period: 10.000ns
  Min period limit: 0.480ns (2083.333MHz) (Tcp)
  Physical resource: u/campaign/kernel/core/evaluator_i/scaled_difference_reg<3>/CLK
  Logical resource: u/campaign/kernel/core/evaluator_i/scaled_difference_reg_1/CK
  Location pin: SLICE_X2Y16.CLK
  Clock network: clk_100mhz_BUFGP
--------------------------------------------------------------------------------
Slack: 9.520ns (period - min period limit)
  Period: 10.000ns
  Min period limit: 0.480ns (2083.333MHz) (Tcp)
  Physical resource: u/campaign/kernel/core/evaluator_i/scaled_difference_reg<3>/CLK
  Logical resource: u/campaign/kernel/core/evaluator_i/scaled_difference_reg_2/CK
  Location pin: SLICE_X2Y16.CLK
  Clock network: clk_100mhz_BUFGP
--------------------------------------------------------------------------------
Slack: 9.520ns (period - min period limit)
  Period: 10.000ns
  Min period limit: 0.480ns (2083.333MHz) (Tcp)
  Physical resource: u/campaign/kernel/core/evaluator_i/scaled_difference_reg<3>/CLK
  Logical resource: u/campaign/kernel/core/evaluator_i/scaled_difference_reg_3/CK
  Location pin: SLICE_X2Y16.CLK
  Clock network: clk_100mhz_BUFGP
--------------------------------------------------------------------------------
Slack: 9.520ns (period - min period limit)
  Period: 10.000ns
  Min period limit: 0.480ns (2083.333MHz) (Tcp)
  Physical resource: u/campaign/kernel/core/evaluator_i/scaled_difference_reg<7>/CLK
  Logical resource: u/campaign/kernel/core/evaluator_i/scaled_difference_reg_4/CK
  Location pin: SLICE_X2Y17.CLK
  Clock network: clk_100mhz_BUFGP
--------------------------------------------------------------------------------
Slack: 9.520ns (period - min period limit)
  Period: 10.000ns
  Min period limit: 0.480ns (2083.333MHz) (Tcp)
  Physical resource: u/campaign/kernel/core/evaluator_i/scaled_difference_reg<7>/CLK
  Logical resource: u/campaign/kernel/core/evaluator_i/scaled_difference_reg_5/CK
  Location pin: SLICE_X2Y17.CLK
  Clock network: clk_100mhz_BUFGP
--------------------------------------------------------------------------------
Slack: 9.520ns (period - min period limit)
  Period: 10.000ns
  Min period limit: 0.480ns (2083.333MHz) (Tcp)
  Physical resource: u/campaign/kernel/core/evaluator_i/scaled_difference_reg<7>/CLK
  Logical resource: u/campaign/kernel/core/evaluator_i/scaled_difference_reg_6/CK
  Location pin: SLICE_X2Y17.CLK
  Clock network: clk_100mhz_BUFGP
--------------------------------------------------------------------------------
Slack: 9.520ns (period - min period limit)
  Period: 10.000ns
  Min period limit: 0.480ns (2083.333MHz) (Tcp)
  Physical resource: u/campaign/kernel/core/evaluator_i/scaled_difference_reg<7>/CLK
  Logical resource: u/campaign/kernel/core/evaluator_i/scaled_difference_reg_7/CK
  Location pin: SLICE_X2Y17.CLK
  Clock network: clk_100mhz_BUFGP
--------------------------------------------------------------------------------

================================================================================
Timing constraint: Unconstrained OFFSET IN BEFORE analysis for clock 
"clk_100mhz_BUFGP" 

 404 paths analyzed, 404 endpoints analyzed, 0 failing endpoints
 0 timing errors detected.
 Minimum allowable offset is   6.534ns.
--------------------------------------------------------------------------------

Paths for end point u/campaign/state_FSM_FFd6 (SLICE_X35Y21.B1), 1 path
--------------------------------------------------------------------------------
Offset:                 6.534ns (data path - clock path + uncertainty)
  Source:               btn_reset (PAD)
  Destination:          u/campaign/state_FSM_FFd6 (FF)
  Destination Clock:    clk_100mhz_BUFGP rising at 0.000ns
  Data Path Delay:      9.795ns (Levels of Logic = 2)
  Clock Path Delay:     3.286ns (Levels of Logic = 2)
  Clock Uncertainty:    0.025ns

  Clock Uncertainty:          0.025ns  ((TSJ^2 + TIJ^2)^1/2 + DJ) / 2 + PE
    Total System Jitter (TSJ):  0.050ns
    Total Input Jitter (TIJ):   0.000ns
    Discrete Jitter (DJ):       0.000ns
    Phase Error (PE):           0.000ns

  Maximum Data Path at Slow Process Corner: btn_reset to u/campaign/state_FSM_FFd6
    Location             Delay type         Delay(ns)  Physical Resource
                                                       Logical Resource(s)
    -------------------------------------------------  -------------------
    B8.I                 Tiopi                 1.557   btn_reset
                                                       btn_reset
                                                       btn_reset_IBUF
                                                       ProtoComp217.IMUX.1
    SLICE_X35Y21.B1      net (fanout=109)      7.865   btn_reset_IBUF
    SLICE_X35Y21.CLK     Tas                   0.373   u/campaign/state_FSM_FFd6
                                                       u/campaign/state_FSM_FFd6_rstpot
                                                       u/campaign/state_FSM_FFd6
    -------------------------------------------------  ---------------------------
    Total                                      9.795ns (1.930ns logic, 7.865ns route)
                                                       (19.7% logic, 80.3% route)

  Minimum Clock Path at Slow Process Corner: clk_100mhz to u/campaign/state_FSM_FFd6
    Location             Delay type         Delay(ns)  Physical Resource
                                                       Logical Resource(s)
    -------------------------------------------------  -------------------
    V10.I                Tiopi                 1.344   clk_100mhz
                                                       clk_100mhz
                                                       clk_100mhz_BUFGP/IBUFG
                                                       ProtoComp217.IMUX
    BUFGMUX_X3Y13.I0     net (fanout=1)        0.866   clk_100mhz_BUFGP/IBUFG
    BUFGMUX_X3Y13.O      Tgi0o                 0.197   clk_100mhz_BUFGP/BUFG
                                                       clk_100mhz_BUFGP/BUFG
    SLICE_X35Y21.CLK     net (fanout=285)      0.879   clk_100mhz_BUFGP
    -------------------------------------------------  ---------------------------
    Total                                      3.286ns (1.541ns logic, 1.745ns route)
                                                       (46.9% logic, 53.1% route)

--------------------------------------------------------------------------------

Paths for end point u/campaign/records_completed_4 (SLICE_X34Y9.SR), 1 path
--------------------------------------------------------------------------------
Offset:                 6.531ns (data path - clock path + uncertainty)
  Source:               btn_reset (PAD)
  Destination:          u/campaign/records_completed_4 (FF)
  Destination Clock:    clk_100mhz_BUFGP rising at 0.000ns
  Data Path Delay:      9.789ns (Levels of Logic = 1)
  Clock Path Delay:     3.283ns (Levels of Logic = 2)
  Clock Uncertainty:    0.025ns

  Clock Uncertainty:          0.025ns  ((TSJ^2 + TIJ^2)^1/2 + DJ) / 2 + PE
    Total System Jitter (TSJ):  0.050ns
    Total Input Jitter (TIJ):   0.000ns
    Discrete Jitter (DJ):       0.000ns
    Phase Error (PE):           0.000ns

  Maximum Data Path at Slow Process Corner: btn_reset to u/campaign/records_completed_4
    Location             Delay type         Delay(ns)  Physical Resource
                                                       Logical Resource(s)
    -------------------------------------------------  -------------------
    B8.I                 Tiopi                 1.557   btn_reset
                                                       btn_reset
                                                       btn_reset_IBUF
                                                       ProtoComp217.IMUX.1
    SLICE_X34Y9.SR       net (fanout=109)      7.688   btn_reset_IBUF
    SLICE_X34Y9.CLK      Tsrck                 0.544   u/ones<0>
                                                       u/campaign/records_completed_4
    -------------------------------------------------  ---------------------------
    Total                                      9.789ns (2.101ns logic, 7.688ns route)
                                                       (21.5% logic, 78.5% route)

  Minimum Clock Path at Slow Process Corner: clk_100mhz to u/campaign/records_completed_4
    Location             Delay type         Delay(ns)  Physical Resource
                                                       Logical Resource(s)
    -------------------------------------------------  -------------------
    V10.I                Tiopi                 1.344   clk_100mhz
                                                       clk_100mhz
                                                       clk_100mhz_BUFGP/IBUFG
                                                       ProtoComp217.IMUX
    BUFGMUX_X3Y13.I0     net (fanout=1)        0.866   clk_100mhz_BUFGP/IBUFG
    BUFGMUX_X3Y13.O      Tgi0o                 0.197   clk_100mhz_BUFGP/BUFG
                                                       clk_100mhz_BUFGP/BUFG
    SLICE_X34Y9.CLK      net (fanout=285)      0.876   clk_100mhz_BUFGP
    -------------------------------------------------  ---------------------------
    Total                                      3.283ns (1.541ns logic, 1.742ns route)
                                                       (46.9% logic, 53.1% route)

--------------------------------------------------------------------------------

Paths for end point u/campaign/records_completed_0 (SLICE_X34Y9.SR), 1 path
--------------------------------------------------------------------------------
Offset:                 6.457ns (data path - clock path + uncertainty)
  Source:               btn_reset (PAD)
  Destination:          u/campaign/records_completed_0 (FF)
  Destination Clock:    clk_100mhz_BUFGP rising at 0.000ns
  Data Path Delay:      9.715ns (Levels of Logic = 1)
  Clock Path Delay:     3.283ns (Levels of Logic = 2)
  Clock Uncertainty:    0.025ns

  Clock Uncertainty:          0.025ns  ((TSJ^2 + TIJ^2)^1/2 + DJ) / 2 + PE
    Total System Jitter (TSJ):  0.050ns
    Total Input Jitter (TIJ):   0.000ns
    Discrete Jitter (DJ):       0.000ns
    Phase Error (PE):           0.000ns

  Maximum Data Path at Slow Process Corner: btn_reset to u/campaign/records_completed_0
    Location             Delay type         Delay(ns)  Physical Resource
                                                       Logical Resource(s)
    -------------------------------------------------  -------------------
    B8.I                 Tiopi                 1.557   btn_reset
                                                       btn_reset
                                                       btn_reset_IBUF
                                                       ProtoComp217.IMUX.1
    SLICE_X34Y9.SR       net (fanout=109)      7.688   btn_reset_IBUF
    SLICE_X34Y9.CLK      Tsrck                 0.470   u/ones<0>
                                                       u/campaign/records_completed_0
    -------------------------------------------------  ---------------------------
    Total                                      9.715ns (2.027ns logic, 7.688ns route)
                                                       (20.9% logic, 79.1% route)

  Minimum Clock Path at Slow Process Corner: clk_100mhz to u/campaign/records_completed_0
    Location             Delay type         Delay(ns)  Physical Resource
                                                       Logical Resource(s)
    -------------------------------------------------  -------------------
    V10.I                Tiopi                 1.344   clk_100mhz
                                                       clk_100mhz
                                                       clk_100mhz_BUFGP/IBUFG
                                                       ProtoComp217.IMUX
    BUFGMUX_X3Y13.I0     net (fanout=1)        0.866   clk_100mhz_BUFGP/IBUFG
    BUFGMUX_X3Y13.O      Tgi0o                 0.197   clk_100mhz_BUFGP/BUFG
                                                       clk_100mhz_BUFGP/BUFG
    SLICE_X34Y9.CLK      net (fanout=285)      0.876   clk_100mhz_BUFGP
    -------------------------------------------------  ---------------------------
    Total                                      3.283ns (1.541ns logic, 1.742ns route)
                                                       (46.9% logic, 53.1% route)

--------------------------------------------------------------------------------

Paths for end point u/campaign/records_completed_6 (SLICE_X34Y9.SR), 1 path
--------------------------------------------------------------------------------
Offset:                 6.437ns (data path - clock path + uncertainty)
  Source:               btn_reset (PAD)
  Destination:          u/campaign/records_completed_6 (FF)
  Destination Clock:    clk_100mhz_BUFGP rising at 0.000ns
  Data Path Delay:      9.695ns (Levels of Logic = 1)
  Clock Path Delay:     3.283ns (Levels of Logic = 2)
  Clock Uncertainty:    0.025ns

  Clock Uncertainty:          0.025ns  ((TSJ^2 + TIJ^2)^1/2 + DJ) / 2 + PE
    Total System Jitter (TSJ):  0.050ns
    Total Input Jitter (TIJ):   0.000ns
    Discrete Jitter (DJ):       0.000ns
    Phase Error (PE):           0.000ns

  Maximum Data Path at Slow Process Corner: btn_reset to u/campaign/records_completed_6
    Location             Delay type         Delay(ns)  Physical Resource
                                                       Logical Resource(s)
    -------------------------------------------------  -------------------
    B8.I                 Tiopi                 1.557   btn_reset
                                                       btn_reset
                                                       btn_reset_IBUF
                                                       ProtoComp217.IMUX.1
    SLICE_X34Y9.SR       net (fanout=109)      7.688   btn_reset_IBUF
    SLICE_X34Y9.CLK      Tsrck                 0.450   u/ones<0>
                                                       u/campaign/records_completed_6
    -------------------------------------------------  ---------------------------
    Total                                      9.695ns (2.007ns logic, 7.688ns route)
                                                       (20.7% logic, 79.3% route)

  Minimum Clock Path at Slow Process Corner: clk_100mhz to u/campaign/records_completed_6
    Location             Delay type         Delay(ns)  Physical Resource
                                                       Logical Resource(s)
    -------------------------------------------------  -------------------
    V10.I                Tiopi                 1.344   clk_100mhz
                                                       clk_100mhz
                                                       clk_100mhz_BUFGP/IBUFG
                                                       ProtoComp217.IMUX
    BUFGMUX_X3Y13.I0     net (fanout=1)        0.866   clk_100mhz_BUFGP/IBUFG
    BUFGMUX_X3Y13.O      Tgi0o                 0.197   clk_100mhz_BUFGP/BUFG
                                                       clk_100mhz_BUFGP/BUFG
    SLICE_X34Y9.CLK      net (fanout=285)      0.876   clk_100mhz_BUFGP
    -------------------------------------------------  ---------------------------
    Total                                      3.283ns (1.541ns logic, 1.742ns route)
                                                       (46.9% logic, 53.1% route)

--------------------------------------------------------------------------------

Paths for end point u/campaign/records_completed_5 (SLICE_X33Y9.SR), 1 path
--------------------------------------------------------------------------------
Offset:                 6.335ns (data path - clock path + uncertainty)
  Source:               btn_reset (PAD)
  Destination:          u/campaign/records_completed_5 (FF)
  Destination Clock:    clk_100mhz_BUFGP rising at 0.000ns
  Data Path Delay:      9.586ns (Levels of Logic = 1)
  Clock Path Delay:     3.276ns (Levels of Logic = 2)
  Clock Uncertainty:    0.025ns

  Clock Uncertainty:          0.025ns  ((TSJ^2 + TIJ^2)^1/2 + DJ) / 2 + PE
    Total System Jitter (TSJ):  0.050ns
    Total Input Jitter (TIJ):   0.000ns
    Discrete Jitter (DJ):       0.000ns
    Phase Error (PE):           0.000ns

  Maximum Data Path at Slow Process Corner: btn_reset to u/campaign/records_completed_5
    Location             Delay type         Delay(ns)  Physical Resource
                                                       Logical Resource(s)
    -------------------------------------------------  -------------------
    B8.I                 Tiopi                 1.557   btn_reset
                                                       btn_reset
                                                       btn_reset_IBUF
                                                       ProtoComp217.IMUX.1
    SLICE_X33Y9.SR       net (fanout=109)      7.591   btn_reset_IBUF
    SLICE_X33Y9.CLK      Tsrck                 0.438   u/records_completed<5>
                                                       u/campaign/records_completed_5
    -------------------------------------------------  ---------------------------
    Total                                      9.586ns (1.995ns logic, 7.591ns route)
                                                       (20.8% logic, 79.2% route)

  Minimum Clock Path at Slow Process Corner: clk_100mhz to u/campaign/records_completed_5
    Location             Delay type         Delay(ns)  Physical Resource
                                                       Logical Resource(s)
    -------------------------------------------------  -------------------
    V10.I                Tiopi                 1.344   clk_100mhz
                                                       clk_100mhz
                                                       clk_100mhz_BUFGP/IBUFG
                                                       ProtoComp217.IMUX
    BUFGMUX_X3Y13.I0     net (fanout=1)        0.866   clk_100mhz_BUFGP/IBUFG
    BUFGMUX_X3Y13.O      Tgi0o                 0.197   clk_100mhz_BUFGP/BUFG
                                                       clk_100mhz_BUFGP/BUFG
    SLICE_X33Y9.CLK      net (fanout=285)      0.869   clk_100mhz_BUFGP
    -------------------------------------------------  ---------------------------
    Total                                      3.276ns (1.541ns logic, 1.735ns route)
                                                       (47.0% logic, 53.0% route)

--------------------------------------------------------------------------------

Paths for end point u/campaign/state_FSM_FFd4 (SLICE_X34Y22.SR), 1 path
--------------------------------------------------------------------------------
Offset:                 6.335ns (data path - clock path + uncertainty)
  Source:               btn_reset (PAD)
  Destination:          u/campaign/state_FSM_FFd4 (FF)
  Destination Clock:    clk_100mhz_BUFGP rising at 0.000ns
  Data Path Delay:      9.593ns (Levels of Logic = 1)
  Clock Path Delay:     3.283ns (Levels of Logic = 2)
  Clock Uncertainty:    0.025ns

  Clock Uncertainty:          0.025ns  ((TSJ^2 + TIJ^2)^1/2 + DJ) / 2 + PE
    Total System Jitter (TSJ):  0.050ns
    Total Input Jitter (TIJ):   0.000ns
    Discrete Jitter (DJ):       0.000ns
    Phase Error (PE):           0.000ns

  Maximum Data Path at Slow Process Corner: btn_reset to u/campaign/state_FSM_FFd4
    Location             Delay type         Delay(ns)  Physical Resource
                                                       Logical Resource(s)
    -------------------------------------------------  -------------------
    B8.I                 Tiopi                 1.557   btn_reset
                                                       btn_reset
                                                       btn_reset_IBUF
                                                       ProtoComp217.IMUX.1
    SLICE_X34Y22.SR      net (fanout=109)      7.492   btn_reset_IBUF
    SLICE_X34Y22.CLK     Tsrck                 0.544   u/campaign/state_FSM_FFd5
                                                       u/campaign/state_FSM_FFd4
    -------------------------------------------------  ---------------------------
    Total                                      9.593ns (2.101ns logic, 7.492ns route)
                                                       (21.9% logic, 78.1% route)

  Minimum Clock Path at Slow Process Corner: clk_100mhz to u/campaign/state_FSM_FFd4
    Location             Delay type         Delay(ns)  Physical Resource
                                                       Logical Resource(s)
    -------------------------------------------------  -------------------
    V10.I                Tiopi                 1.344   clk_100mhz
                                                       clk_100mhz
                                                       clk_100mhz_BUFGP/IBUFG
                                                       ProtoComp217.IMUX
    BUFGMUX_X3Y13.I0     net (fanout=1)        0.866   clk_100mhz_BUFGP/IBUFG
    BUFGMUX_X3Y13.O      Tgi0o                 0.197   clk_100mhz_BUFGP/BUFG
                                                       clk_100mhz_BUFGP/BUFG
    SLICE_X34Y22.CLK     net (fanout=285)      0.876   clk_100mhz_BUFGP
    -------------------------------------------------  ---------------------------
    Total                                      3.283ns (1.541ns logic, 1.742ns route)
                                                       (46.9% logic, 53.1% route)

--------------------------------------------------------------------------------

Paths for end point u/campaign/records_completed_3 (SLICE_X33Y9.SR), 1 path
--------------------------------------------------------------------------------
Offset:                 6.320ns (data path - clock path + uncertainty)
  Source:               btn_reset (PAD)
  Destination:          u/campaign/records_completed_3 (FF)
  Destination Clock:    clk_100mhz_BUFGP rising at 0.000ns
  Data Path Delay:      9.571ns (Levels of Logic = 1)
  Clock Path Delay:     3.276ns (Levels of Logic = 2)
  Clock Uncertainty:    0.025ns

  Clock Uncertainty:          0.025ns  ((TSJ^2 + TIJ^2)^1/2 + DJ) / 2 + PE
    Total System Jitter (TSJ):  0.050ns
    Total Input Jitter (TIJ):   0.000ns
    Discrete Jitter (DJ):       0.000ns
    Phase Error (PE):           0.000ns

  Maximum Data Path at Slow Process Corner: btn_reset to u/campaign/records_completed_3
    Location             Delay type         Delay(ns)  Physical Resource
                                                       Logical Resource(s)
    -------------------------------------------------  -------------------
    B8.I                 Tiopi                 1.557   btn_reset
                                                       btn_reset
                                                       btn_reset_IBUF
                                                       ProtoComp217.IMUX.1
    SLICE_X33Y9.SR       net (fanout=109)      7.591   btn_reset_IBUF
    SLICE_X33Y9.CLK      Tsrck                 0.423   u/records_completed<5>
                                                       u/campaign/records_completed_3
    -------------------------------------------------  ---------------------------
    Total                                      9.571ns (1.980ns logic, 7.591ns route)
                                                       (20.7% logic, 79.3% route)

  Minimum Clock Path at Slow Process Corner: clk_100mhz to u/campaign/records_completed_3
    Location             Delay type         Delay(ns)  Physical Resource
                                                       Logical Resource(s)
    -------------------------------------------------  -------------------
    V10.I                Tiopi                 1.344   clk_100mhz
                                                       clk_100mhz
                                                       clk_100mhz_BUFGP/IBUFG
                                                       ProtoComp217.IMUX
    BUFGMUX_X3Y13.I0     net (fanout=1)        0.866   clk_100mhz_BUFGP/IBUFG
    BUFGMUX_X3Y13.O      Tgi0o                 0.197   clk_100mhz_BUFGP/BUFG
                                                       clk_100mhz_BUFGP/BUFG
    SLICE_X33Y9.CLK      net (fanout=285)      0.869   clk_100mhz_BUFGP
    -------------------------------------------------  ---------------------------
    Total                                      3.276ns (1.541ns logic, 1.735ns route)
                                                       (47.0% logic, 53.0% route)

--------------------------------------------------------------------------------

Paths for end point u/campaign/records_completed_2 (SLICE_X33Y9.SR), 1 path
--------------------------------------------------------------------------------
Offset:                 6.310ns (data path - clock path + uncertainty)
  Source:               btn_reset (PAD)
  Destination:          u/campaign/records_completed_2 (FF)
  Destination Clock:    clk_100mhz_BUFGP rising at 0.000ns
  Data Path Delay:      9.561ns (Levels of Logic = 1)
  Clock Path Delay:     3.276ns (Levels of Logic = 2)
  Clock Uncertainty:    0.025ns

  Clock Uncertainty:          0.025ns  ((TSJ^2 + TIJ^2)^1/2 + DJ) / 2 + PE
    Total System Jitter (TSJ):  0.050ns
    Total Input Jitter (TIJ):   0.000ns
    Discrete Jitter (DJ):       0.000ns
    Phase Error (PE):           0.000ns

  Maximum Data Path at Slow Process Corner: btn_reset to u/campaign/records_completed_2
    Location             Delay type         Delay(ns)  Physical Resource
                                                       Logical Resource(s)
    -------------------------------------------------  -------------------
    B8.I                 Tiopi                 1.557   btn_reset
                                                       btn_reset
                                                       btn_reset_IBUF
                                                       ProtoComp217.IMUX.1
    SLICE_X33Y9.SR       net (fanout=109)      7.591   btn_reset_IBUF
    SLICE_X33Y9.CLK      Tsrck                 0.413   u/records_completed<5>
                                                       u/campaign/records_completed_2
    -------------------------------------------------  ---------------------------
    Total                                      9.561ns (1.970ns logic, 7.591ns route)
                                                       (20.6% logic, 79.4% route)

  Minimum Clock Path at Slow Process Corner: clk_100mhz to u/campaign/records_completed_2
    Location             Delay type         Delay(ns)  Physical Resource
                                                       Logical Resource(s)
    -------------------------------------------------  -------------------
    V10.I                Tiopi                 1.344   clk_100mhz
                                                       clk_100mhz
                                                       clk_100mhz_BUFGP/IBUFG
                                                       ProtoComp217.IMUX
    BUFGMUX_X3Y13.I0     net (fanout=1)        0.866   clk_100mhz_BUFGP/IBUFG
    BUFGMUX_X3Y13.O      Tgi0o                 0.197   clk_100mhz_BUFGP/BUFG
                                                       clk_100mhz_BUFGP/BUFG
    SLICE_X33Y9.CLK      net (fanout=285)      0.869   clk_100mhz_BUFGP
    -------------------------------------------------  ---------------------------
    Total                                      3.276ns (1.541ns logic, 1.735ns route)
                                                       (47.0% logic, 53.0% route)

--------------------------------------------------------------------------------

Paths for end point u/campaign/records_completed_1 (SLICE_X33Y9.SR), 1 path
--------------------------------------------------------------------------------
Offset:                 6.307ns (data path - clock path + uncertainty)
  Source:               btn_reset (PAD)
  Destination:          u/campaign/records_completed_1 (FF)
  Destination Clock:    clk_100mhz_BUFGP rising at 0.000ns
  Data Path Delay:      9.558ns (Levels of Logic = 1)
  Clock Path Delay:     3.276ns (Levels of Logic = 2)
  Clock Uncertainty:    0.025ns

  Clock Uncertainty:          0.025ns  ((TSJ^2 + TIJ^2)^1/2 + DJ) / 2 + PE
    Total System Jitter (TSJ):  0.050ns
    Total Input Jitter (TIJ):   0.000ns
    Discrete Jitter (DJ):       0.000ns
    Phase Error (PE):           0.000ns

  Maximum Data Path at Slow Process Corner: btn_reset to u/campaign/records_completed_1
    Location             Delay type         Delay(ns)  Physical Resource
                                                       Logical Resource(s)
    -------------------------------------------------  -------------------
    B8.I                 Tiopi                 1.557   btn_reset
                                                       btn_reset
                                                       btn_reset_IBUF
                                                       ProtoComp217.IMUX.1
    SLICE_X33Y9.SR       net (fanout=109)      7.591   btn_reset_IBUF
    SLICE_X33Y9.CLK      Tsrck                 0.410   u/records_completed<5>
                                                       u/campaign/records_completed_1
    -------------------------------------------------  ---------------------------
    Total                                      9.558ns (1.967ns logic, 7.591ns route)
                                                       (20.6% logic, 79.4% route)

  Minimum Clock Path at Slow Process Corner: clk_100mhz to u/campaign/records_completed_1
    Location             Delay type         Delay(ns)  Physical Resource
                                                       Logical Resource(s)
    -------------------------------------------------  -------------------
    V10.I                Tiopi                 1.344   clk_100mhz
                                                       clk_100mhz
                                                       clk_100mhz_BUFGP/IBUFG
                                                       ProtoComp217.IMUX
    BUFGMUX_X3Y13.I0     net (fanout=1)        0.866   clk_100mhz_BUFGP/IBUFG
    BUFGMUX_X3Y13.O      Tgi0o                 0.197   clk_100mhz_BUFGP/BUFG
                                                       clk_100mhz_BUFGP/BUFG
    SLICE_X33Y9.CLK      net (fanout=285)      0.869   clk_100mhz_BUFGP
    -------------------------------------------------  ---------------------------
    Total                                      3.276ns (1.541ns logic, 1.735ns route)
                                                       (47.0% logic, 53.0% route)

--------------------------------------------------------------------------------

Paths for end point u/campaign/state_FSM_FFd5 (SLICE_X34Y22.SR), 1 path
--------------------------------------------------------------------------------
Offset:                 6.252ns (data path - clock path + uncertainty)
  Source:               btn_reset (PAD)
  Destination:          u/campaign/state_FSM_FFd5 (FF)
  Destination Clock:    clk_100mhz_BUFGP rising at 0.000ns
  Data Path Delay:      9.510ns (Levels of Logic = 1)
  Clock Path Delay:     3.283ns (Levels of Logic = 2)
  Clock Uncertainty:    0.025ns

  Clock Uncertainty:          0.025ns  ((TSJ^2 + TIJ^2)^1/2 + DJ) / 2 + PE
    Total System Jitter (TSJ):  0.050ns
    Total Input Jitter (TIJ):   0.000ns
    Discrete Jitter (DJ):       0.000ns
    Phase Error (PE):           0.000ns

  Maximum Data Path at Slow Process Corner: btn_reset to u/campaign/state_FSM_FFd5
    Location             Delay type         Delay(ns)  Physical Resource
                                                       Logical Resource(s)
    -------------------------------------------------  -------------------
    B8.I                 Tiopi                 1.557   btn_reset
                                                       btn_reset
                                                       btn_reset_IBUF
                                                       ProtoComp217.IMUX.1
    SLICE_X34Y22.SR      net (fanout=109)      7.492   btn_reset_IBUF
    SLICE_X34Y22.CLK     Tsrck                 0.461   u/campaign/state_FSM_FFd5
                                                       u/campaign/state_FSM_FFd5
    -------------------------------------------------  ---------------------------
    Total                                      9.510ns (2.018ns logic, 7.492ns route)
                                                       (21.2% logic, 78.8% route)

  Minimum Clock Path at Slow Process Corner: clk_100mhz to u/campaign/state_FSM_FFd5
    Location             Delay type         Delay(ns)  Physical Resource
                                                       Logical Resource(s)
    -------------------------------------------------  -------------------
    V10.I                Tiopi                 1.344   clk_100mhz
                                                       clk_100mhz
                                                       clk_100mhz_BUFGP/IBUFG
                                                       ProtoComp217.IMUX
    BUFGMUX_X3Y13.I0     net (fanout=1)        0.866   clk_100mhz_BUFGP/IBUFG
    BUFGMUX_X3Y13.O      Tgi0o                 0.197   clk_100mhz_BUFGP/BUFG
                                                       clk_100mhz_BUFGP/BUFG
    SLICE_X34Y22.CLK     net (fanout=285)      0.876   clk_100mhz_BUFGP
    -------------------------------------------------  ---------------------------
    Total                                      3.283ns (1.541ns logic, 1.742ns route)
                                                       (46.9% logic, 53.1% route)

--------------------------------------------------------------------------------

================================================================================
Timing constraint: Unconstrained OFFSET OUT AFTER analysis for clock 
"clk_100mhz_BUFGP" 

 1247 paths analyzed, 14 endpoints analyzed, 0 failing endpoints
 0 timing errors detected.
 Maximum allowable offset is  15.429ns.
--------------------------------------------------------------------------------

Paths for end point seg_n<5> (N14.PAD), 171 paths
--------------------------------------------------------------------------------
Offset:                 15.429ns (clock path + data path + uncertainty)
  Source:               u/campaign/records_completed_3 (FF)
  Destination:          seg_n<5> (PAD)
  Source Clock:         clk_100mhz_BUFGP rising at 0.000ns
  Data Path Delay:      11.470ns (Levels of Logic = 6)
  Clock Path Delay:     3.934ns (Levels of Logic = 2)
  Clock Uncertainty:    0.025ns

  Clock Uncertainty:          0.025ns  ((TSJ^2 + TIJ^2)^1/2 + DJ) / 2 + PE
    Total System Jitter (TSJ):  0.050ns
    Total Input Jitter (TIJ):   0.000ns
    Discrete Jitter (DJ):       0.000ns
    Phase Error (PE):           0.000ns

  Maximum Clock Path at Slow Process Corner: clk_100mhz to u/campaign/records_completed_3
    Location             Delay type         Delay(ns)  Physical Resource
                                                       Logical Resource(s)
    -------------------------------------------------  -------------------
    V10.I                Tiopi                 1.557   clk_100mhz
                                                       clk_100mhz
                                                       clk_100mhz_BUFGP/IBUFG
                                                       ProtoComp217.IMUX
    BUFGMUX_X3Y13.I0     net (fanout=1)        1.050   clk_100mhz_BUFGP/IBUFG
    BUFGMUX_X3Y13.O      Tgi0o                 0.209   clk_100mhz_BUFGP/BUFG
                                                       clk_100mhz_BUFGP/BUFG
    SLICE_X33Y9.CLK      net (fanout=285)      1.118   clk_100mhz_BUFGP
    -------------------------------------------------  ---------------------------
    Total                                      3.934ns (1.766ns logic, 2.168ns route)
                                                       (44.9% logic, 55.1% route)

  Maximum Data Path at Slow Process Corner: u/campaign/records_completed_3 to seg_n<5>
    Location             Delay type         Delay(ns)  Physical Resource
                                                       Logical Resource(s)
    -------------------------------------------------  -------------------
    SLICE_X33Y9.BMUX     Tshcko                0.518   u/records_completed<5>
                                                       u/campaign/records_completed_3
    SLICE_X37Y9.A4       net (fanout=7)        0.984   u/records_completed<3>
    SLICE_X37Y9.A        Tilo                  0.259   u/records_completed[6]_PWR_2_o_mod_0/a[3]_a[6]_MUX_101_o
                                                       u/records_completed[6]_PWR_2_o_mod_0/Mmux_a[0]_a[6]_MUX_97_o131
    SLICE_X37Y9.B5       net (fanout=2)        0.742   u/records_completed[6]_PWR_2_o_mod_0/a[3]_a[6]_MUX_94_o
    SLICE_X37Y9.BMUX     Tilo                  0.337   u/records_completed[6]_PWR_2_o_mod_0/a[3]_a[6]_MUX_101_o
                                                       u/records_completed[6]_PWR_2_o_mod_0/Mmux_a[0]_a[6]_MUX_104_o121
    SLICE_X35Y9.D2       net (fanout=2)        0.942   u/records_completed[6]_PWR_2_o_mod_0/a[2]_a[6]_MUX_102_o
    SLICE_X35Y9.DMUX     Tilo                  0.337   u/ones<1>
                                                       u/records_completed[6]_PWR_2_o_mod_0/Mmux_o41
    SLICE_X34Y7.A1       net (fanout=1)        0.805   u/ones<3>
    SLICE_X34Y7.A        Tilo                  0.254   seg_n_4_OBUF
                                                       u/Mmux_digit<3>11
    SLICE_X35Y7.B1       net (fanout=4)        0.536   u/digit<3>
    SLICE_X35Y7.B        Tilo                  0.259   seg_n_5_OBUF
                                                       u/Mram_seg_n51
    N14.O                net (fanout=1)        2.515   seg_n_5_OBUF
    N14.PAD              Tioop                 2.982   seg_n<5>
                                                       seg_n_5_OBUF
                                                       seg_n<5>
    -------------------------------------------------  ---------------------------
    Total                                     11.470ns (4.946ns logic, 6.524ns route)
                                                       (43.1% logic, 56.9% route)

--------------------------------------------------------------------------------
Offset:                 15.394ns (clock path + data path + uncertainty)
  Source:               u/campaign/records_completed_5 (FF)
  Destination:          seg_n<5> (PAD)
  Source Clock:         clk_100mhz_BUFGP rising at 0.000ns
  Data Path Delay:      11.435ns (Levels of Logic = 6)
  Clock Path Delay:     3.934ns (Levels of Logic = 2)
  Clock Uncertainty:    0.025ns

  Clock Uncertainty:          0.025ns  ((TSJ^2 + TIJ^2)^1/2 + DJ) / 2 + PE
    Total System Jitter (TSJ):  0.050ns
    Total Input Jitter (TIJ):   0.000ns
    Discrete Jitter (DJ):       0.000ns
    Phase Error (PE):           0.000ns

  Maximum Clock Path at Slow Process Corner: clk_100mhz to u/campaign/records_completed_5
    Location             Delay type         Delay(ns)  Physical Resource
                                                       Logical Resource(s)
    -------------------------------------------------  -------------------
    V10.I                Tiopi                 1.557   clk_100mhz
                                                       clk_100mhz
                                                       clk_100mhz_BUFGP/IBUFG
                                                       ProtoComp217.IMUX
    BUFGMUX_X3Y13.I0     net (fanout=1)        1.050   clk_100mhz_BUFGP/IBUFG
    BUFGMUX_X3Y13.O      Tgi0o                 0.209   clk_100mhz_BUFGP/BUFG
                                                       clk_100mhz_BUFGP/BUFG
    SLICE_X33Y9.CLK      net (fanout=285)      1.118   clk_100mhz_BUFGP
    -------------------------------------------------  ---------------------------
    Total                                      3.934ns (1.766ns logic, 2.168ns route)
                                                       (44.9% logic, 55.1% route)

  Maximum Data Path at Slow Process Corner: u/campaign/records_completed_5 to seg_n<5>
    Location             Delay type         Delay(ns)  Physical Resource
                                                       Logical Resource(s)
    -------------------------------------------------  -------------------
    SLICE_X33Y9.CQ       Tcko                  0.430   u/records_completed<5>
                                                       u/campaign/records_completed_5
    SLICE_X37Y9.A3       net (fanout=7)        1.037   u/records_completed<5>
    SLICE_X37Y9.A        Tilo                  0.259   u/records_completed[6]_PWR_2_o_mod_0/a[3]_a[6]_MUX_101_o
                                                       u/records_completed[6]_PWR_2_o_mod_0/Mmux_a[0]_a[6]_MUX_97_o131
    SLICE_X37Y9.B5       net (fanout=2)        0.742   u/records_completed[6]_PWR_2_o_mod_0/a[3]_a[6]_MUX_94_o
    SLICE_X37Y9.BMUX     Tilo                  0.337   u/records_completed[6]_PWR_2_o_mod_0/a[3]_a[6]_MUX_101_o
                                                       u/records_completed[6]_PWR_2_o_mod_0/Mmux_a[0]_a[6]_MUX_104_o121
    SLICE_X35Y9.D2       net (fanout=2)        0.942   u/records_completed[6]_PWR_2_o_mod_0/a[2]_a[6]_MUX_102_o
    SLICE_X35Y9.DMUX     Tilo                  0.337   u/ones<1>
                                                       u/records_completed[6]_PWR_2_o_mod_0/Mmux_o41
    SLICE_X34Y7.A1       net (fanout=1)        0.805   u/ones<3>
    SLICE_X34Y7.A        Tilo                  0.254   seg_n_4_OBUF
                                                       u/Mmux_digit<3>11
    SLICE_X35Y7.B1       net (fanout=4)        0.536   u/digit<3>
    SLICE_X35Y7.B        Tilo                  0.259   seg_n_5_OBUF
                                                       u/Mram_seg_n51
    N14.O                net (fanout=1)        2.515   seg_n_5_OBUF
    N14.PAD              Tioop                 2.982   seg_n<5>
                                                       seg_n_5_OBUF
                                                       seg_n<5>
    -------------------------------------------------  ---------------------------
    Total                                     11.435ns (4.858ns logic, 6.577ns route)
                                                       (42.5% logic, 57.5% route)

--------------------------------------------------------------------------------
Offset:                 15.301ns (clock path + data path + uncertainty)
  Source:               u/campaign/records_completed_4 (FF)
  Destination:          seg_n<5> (PAD)
  Source Clock:         clk_100mhz_BUFGP rising at 0.000ns
  Data Path Delay:      11.335ns (Levels of Logic = 6)
  Clock Path Delay:     3.941ns (Levels of Logic = 2)
  Clock Uncertainty:    0.025ns

  Clock Uncertainty:          0.025ns  ((TSJ^2 + TIJ^2)^1/2 + DJ) / 2 + PE
    Total System Jitter (TSJ):  0.050ns
    Total Input Jitter (TIJ):   0.000ns
    Discrete Jitter (DJ):       0.000ns
    Phase Error (PE):           0.000ns

  Maximum Clock Path at Slow Process Corner: clk_100mhz to u/campaign/records_completed_4
    Location             Delay type         Delay(ns)  Physical Resource
                                                       Logical Resource(s)
    -------------------------------------------------  -------------------
    V10.I                Tiopi                 1.557   clk_100mhz
                                                       clk_100mhz
                                                       clk_100mhz_BUFGP/IBUFG
                                                       ProtoComp217.IMUX
    BUFGMUX_X3Y13.I0     net (fanout=1)        1.050   clk_100mhz_BUFGP/IBUFG
    BUFGMUX_X3Y13.O      Tgi0o                 0.209   clk_100mhz_BUFGP/BUFG
                                                       clk_100mhz_BUFGP/BUFG
    SLICE_X34Y9.CLK      net (fanout=285)      1.125   clk_100mhz_BUFGP
    -------------------------------------------------  ---------------------------
    Total                                      3.941ns (1.766ns logic, 2.175ns route)
                                                       (44.8% logic, 55.2% route)

  Maximum Data Path at Slow Process Corner: u/campaign/records_completed_4 to seg_n<5>
    Location             Delay type         Delay(ns)  Physical Resource
                                                       Logical Resource(s)
    -------------------------------------------------  -------------------
    SLICE_X34Y9.CMUX     Tshcko                0.576   u/ones<0>
                                                       u/campaign/records_completed_4
    SLICE_X37Y9.A1       net (fanout=7)        0.791   u/records_completed<4>
    SLICE_X37Y9.A        Tilo                  0.259   u/records_completed[6]_PWR_2_o_mod_0/a[3]_a[6]_MUX_101_o
                                                       u/records_completed[6]_PWR_2_o_mod_0/Mmux_a[0]_a[6]_MUX_97_o131
    SLICE_X37Y9.B5       net (fanout=2)        0.742   u/records_completed[6]_PWR_2_o_mod_0/a[3]_a[6]_MUX_94_o
    SLICE_X37Y9.BMUX     Tilo                  0.337   u/records_completed[6]_PWR_2_o_mod_0/a[3]_a[6]_MUX_101_o
                                                       u/records_completed[6]_PWR_2_o_mod_0/Mmux_a[0]_a[6]_MUX_104_o121
    SLICE_X35Y9.D2       net (fanout=2)        0.942   u/records_completed[6]_PWR_2_o_mod_0/a[2]_a[6]_MUX_102_o
    SLICE_X35Y9.DMUX     Tilo                  0.337   u/ones<1>
                                                       u/records_completed[6]_PWR_2_o_mod_0/Mmux_o41
    SLICE_X34Y7.A1       net (fanout=1)        0.805   u/ones<3>
    SLICE_X34Y7.A        Tilo                  0.254   seg_n_4_OBUF
                                                       u/Mmux_digit<3>11
    SLICE_X35Y7.B1       net (fanout=4)        0.536   u/digit<3>
    SLICE_X35Y7.B        Tilo                  0.259   seg_n_5_OBUF
                                                       u/Mram_seg_n51
    N14.O                net (fanout=1)        2.515   seg_n_5_OBUF
    N14.PAD              Tioop                 2.982   seg_n<5>
                                                       seg_n_5_OBUF
                                                       seg_n<5>
    -------------------------------------------------  ---------------------------
    Total                                     11.335ns (5.004ns logic, 6.331ns route)
                                                       (44.1% logic, 55.9% route)

--------------------------------------------------------------------------------
Offset:                 15.296ns (clock path + data path + uncertainty)
  Source:               u/campaign/records_completed_3 (FF)
  Destination:          seg_n<5> (PAD)
  Source Clock:         clk_100mhz_BUFGP rising at 0.000ns
  Data Path Delay:      11.337ns (Levels of Logic = 6)
  Clock Path Delay:     3.934ns (Levels of Logic = 2)
  Clock Uncertainty:    0.025ns

  Clock Uncertainty:          0.025ns  ((TSJ^2 + TIJ^2)^1/2 + DJ) / 2 + PE
    Total System Jitter (TSJ):  0.050ns
    Total Input Jitter (TIJ):   0.000ns
    Discrete Jitter (DJ):       0.000ns
    Phase Error (PE):           0.000ns

  Maximum Clock Path at Slow Process Corner: clk_100mhz to u/campaign/records_completed_3
    Location             Delay type         Delay(ns)  Physical Resource
                                                       Logical Resource(s)
    -------------------------------------------------  -------------------
    V10.I                Tiopi                 1.557   clk_100mhz
                                                       clk_100mhz
                                                       clk_100mhz_BUFGP/IBUFG
                                                       ProtoComp217.IMUX
    BUFGMUX_X3Y13.I0     net (fanout=1)        1.050   clk_100mhz_BUFGP/IBUFG
    BUFGMUX_X3Y13.O      Tgi0o                 0.209   clk_100mhz_BUFGP/BUFG
                                                       clk_100mhz_BUFGP/BUFG
    SLICE_X33Y9.CLK      net (fanout=285)      1.118   clk_100mhz_BUFGP
    -------------------------------------------------  ---------------------------
    Total                                      3.934ns (1.766ns logic, 2.168ns route)
                                                       (44.9% logic, 55.1% route)

  Maximum Data Path at Slow Process Corner: u/campaign/records_completed_3 to seg_n<5>
    Location             Delay type         Delay(ns)  Physical Resource
                                                       Logical Resource(s)
    -------------------------------------------------  -------------------
    SLICE_X33Y9.BMUX     Tshcko                0.518   u/records_completed<5>
                                                       u/campaign/records_completed_3
    SLICE_X37Y9.A4       net (fanout=7)        0.984   u/records_completed<3>
    SLICE_X37Y9.A        Tilo                  0.259   u/records_completed[6]_PWR_2_o_mod_0/a[3]_a[6]_MUX_101_o
                                                       u/records_completed[6]_PWR_2_o_mod_0/Mmux_a[0]_a[6]_MUX_97_o131
    SLICE_X37Y9.B5       net (fanout=2)        0.742   u/records_completed[6]_PWR_2_o_mod_0/a[3]_a[6]_MUX_94_o
    SLICE_X37Y9.BMUX     Tilo                  0.337   u/records_completed[6]_PWR_2_o_mod_0/a[3]_a[6]_MUX_101_o
                                                       u/records_completed[6]_PWR_2_o_mod_0/Mmux_a[0]_a[6]_MUX_104_o121
    SLICE_X35Y9.D2       net (fanout=2)        0.942   u/records_completed[6]_PWR_2_o_mod_0/a[2]_a[6]_MUX_102_o
    SLICE_X35Y9.D        Tilo                  0.259   u/ones<1>
                                                       u/records_completed[6]_PWR_2_o_mod_0/Mmux_o21
    SLICE_X37Y8.B3       net (fanout=1)        0.605   u/ones<1>
    SLICE_X37Y8.B        Tilo                  0.259   seg_n_0_OBUF
                                                       u/Mmux_digit<1>11
    SLICE_X35Y7.B5       net (fanout=4)        0.676   u/digit<1>
    SLICE_X35Y7.B        Tilo                  0.259   seg_n_5_OBUF
                                                       u/Mram_seg_n51
    N14.O                net (fanout=1)        2.515   seg_n_5_OBUF
    N14.PAD              Tioop                 2.982   seg_n<5>
                                                       seg_n_5_OBUF
                                                       seg_n<5>
    -------------------------------------------------  ---------------------------
    Total                                     11.337ns (4.873ns logic, 6.464ns route)
                                                       (43.0% logic, 57.0% route)

--------------------------------------------------------------------------------
Offset:                 15.261ns (clock path + data path + uncertainty)
  Source:               u/campaign/records_completed_5 (FF)
  Destination:          seg_n<5> (PAD)
  Source Clock:         clk_100mhz_BUFGP rising at 0.000ns
  Data Path Delay:      11.302ns (Levels of Logic = 6)
  Clock Path Delay:     3.934ns (Levels of Logic = 2)
  Clock Uncertainty:    0.025ns

  Clock Uncertainty:          0.025ns  ((TSJ^2 + TIJ^2)^1/2 + DJ) / 2 + PE
    Total System Jitter (TSJ):  0.050ns
    Total Input Jitter (TIJ):   0.000ns
    Discrete Jitter (DJ):       0.000ns
    Phase Error (PE):           0.000ns

  Maximum Clock Path at Slow Process Corner: clk_100mhz to u/campaign/records_completed_5
    Location             Delay type         Delay(ns)  Physical Resource
                                                       Logical Resource(s)
    -------------------------------------------------  -------------------
    V10.I                Tiopi                 1.557   clk_100mhz
                                                       clk_100mhz
                                                       clk_100mhz_BUFGP/IBUFG
                                                       ProtoComp217.IMUX
    BUFGMUX_X3Y13.I0     net (fanout=1)        1.050   clk_100mhz_BUFGP/IBUFG
    BUFGMUX_X3Y13.O      Tgi0o                 0.209   clk_100mhz_BUFGP/BUFG
                                                       clk_100mhz_BUFGP/BUFG
    SLICE_X33Y9.CLK      net (fanout=285)      1.118   clk_100mhz_BUFGP
    -------------------------------------------------  ---------------------------
    Total                                      3.934ns (1.766ns logic, 2.168ns route)
                                                       (44.9% logic, 55.1% route)

  Maximum Data Path at Slow Process Corner: u/campaign/records_completed_5 to seg_n<5>
    Location             Delay type         Delay(ns)  Physical Resource
                                                       Logical Resource(s)
    -------------------------------------------------  -------------------
    SLICE_X33Y9.CQ       Tcko                  0.430   u/records_completed<5>
                                                       u/campaign/records_completed_5
    SLICE_X37Y9.A3       net (fanout=7)        1.037   u/records_completed<5>
    SLICE_X37Y9.A        Tilo                  0.259   u/records_completed[6]_PWR_2_o_mod_0/a[3]_a[6]_MUX_101_o
                                                       u/records_completed[6]_PWR_2_o_mod_0/Mmux_a[0]_a[6]_MUX_97_o131
    SLICE_X37Y9.B5       net (fanout=2)        0.742   u/records_completed[6]_PWR_2_o_mod_0/a[3]_a[6]_MUX_94_o
    SLICE_X37Y9.BMUX     Tilo                  0.337   u/records_completed[6]_PWR_2_o_mod_0/a[3]_a[6]_MUX_101_o
                                                       u/records_completed[6]_PWR_2_o_mod_0/Mmux_a[0]_a[6]_MUX_104_o121
    SLICE_X35Y9.D2       net (fanout=2)        0.942   u/records_completed[6]_PWR_2_o_mod_0/a[2]_a[6]_MUX_102_o
    SLICE_X35Y9.D        Tilo                  0.259   u/ones<1>
                                                       u/records_completed[6]_PWR_2_o_mod_0/Mmux_o21
    SLICE_X37Y8.B3       net (fanout=1)        0.605   u/ones<1>
    SLICE_X37Y8.B        Tilo                  0.259   seg_n_0_OBUF
                                                       u/Mmux_digit<1>11
    SLICE_X35Y7.B5       net (fanout=4)        0.676   u/digit<1>
    SLICE_X35Y7.B        Tilo                  0.259   seg_n_5_OBUF
                                                       u/Mram_seg_n51
    N14.O                net (fanout=1)        2.515   seg_n_5_OBUF
    N14.PAD              Tioop                 2.982   seg_n<5>
                                                       seg_n_5_OBUF
                                                       seg_n<5>
    -------------------------------------------------  ---------------------------
    Total                                     11.302ns (4.785ns logic, 6.517ns route)
                                                       (42.3% logic, 57.7% route)

--------------------------------------------------------------------------------
Offset:                 15.168ns (clock path + data path + uncertainty)
  Source:               u/campaign/records_completed_4 (FF)
  Destination:          seg_n<5> (PAD)
  Source Clock:         clk_100mhz_BUFGP rising at 0.000ns
  Data Path Delay:      11.202ns (Levels of Logic = 6)
  Clock Path Delay:     3.941ns (Levels of Logic = 2)
  Clock Uncertainty:    0.025ns

  Clock Uncertainty:          0.025ns  ((TSJ^2 + TIJ^2)^1/2 + DJ) / 2 + PE
    Total System Jitter (TSJ):  0.050ns
    Total Input Jitter (TIJ):   0.000ns
    Discrete Jitter (DJ):       0.000ns
    Phase Error (PE):           0.000ns

  Maximum Clock Path at Slow Process Corner: clk_100mhz to u/campaign/records_completed_4
    Location             Delay type         Delay(ns)  Physical Resource
                                                       Logical Resource(s)
    -------------------------------------------------  -------------------
    V10.I                Tiopi                 1.557   clk_100mhz
                                                       clk_100mhz
                                                       clk_100mhz_BUFGP/IBUFG
                                                       ProtoComp217.IMUX
    BUFGMUX_X3Y13.I0     net (fanout=1)        1.050   clk_100mhz_BUFGP/IBUFG
    BUFGMUX_X3Y13.O      Tgi0o                 0.209   clk_100mhz_BUFGP/BUFG
                                                       clk_100mhz_BUFGP/BUFG
    SLICE_X34Y9.CLK      net (fanout=285)      1.125   clk_100mhz_BUFGP
    -------------------------------------------------  ---------------------------
    Total                                      3.941ns (1.766ns logic, 2.175ns route)
                                                       (44.8% logic, 55.2% route)

  Maximum Data Path at Slow Process Corner: u/campaign/records_completed_4 to seg_n<5>
    Location             Delay type         Delay(ns)  Physical Resource
                                                       Logical Resource(s)
    -------------------------------------------------  -------------------
    SLICE_X34Y9.CMUX     Tshcko                0.576   u/ones<0>
                                                       u/campaign/records_completed_4
    SLICE_X37Y9.A1       net (fanout=7)        0.791   u/records_completed<4>
    SLICE_X37Y9.A        Tilo                  0.259   u/records_completed[6]_PWR_2_o_mod_0/a[3]_a[6]_MUX_101_o
                                                       u/records_completed[6]_PWR_2_o_mod_0/Mmux_a[0]_a[6]_MUX_97_o131
    SLICE_X37Y9.B5       net (fanout=2)        0.742   u/records_completed[6]_PWR_2_o_mod_0/a[3]_a[6]_MUX_94_o
    SLICE_X37Y9.BMUX     Tilo                  0.337   u/records_completed[6]_PWR_2_o_mod_0/a[3]_a[6]_MUX_101_o
                                                       u/records_completed[6]_PWR_2_o_mod_0/Mmux_a[0]_a[6]_MUX_104_o121
    SLICE_X35Y9.D2       net (fanout=2)        0.942   u/records_completed[6]_PWR_2_o_mod_0/a[2]_a[6]_MUX_102_o
    SLICE_X35Y9.D        Tilo                  0.259   u/ones<1>
                                                       u/records_completed[6]_PWR_2_o_mod_0/Mmux_o21
    SLICE_X37Y8.B3       net (fanout=1)        0.605   u/ones<1>
    SLICE_X37Y8.B        Tilo                  0.259   seg_n_0_OBUF
                                                       u/Mmux_digit<1>11
    SLICE_X35Y7.B5       net (fanout=4)        0.676   u/digit<1>
    SLICE_X35Y7.B        Tilo                  0.259   seg_n_5_OBUF
                                                       u/Mram_seg_n51
    N14.O                net (fanout=1)        2.515   seg_n_5_OBUF
    N14.PAD              Tioop                 2.982   seg_n<5>
                                                       seg_n_5_OBUF
                                                       seg_n<5>
    -------------------------------------------------  ---------------------------
    Total                                     11.202ns (4.931ns logic, 6.271ns route)
                                                       (44.0% logic, 56.0% route)

--------------------------------------------------------------------------------
Offset:                 15.151ns (clock path + data path + uncertainty)
  Source:               u/campaign/records_completed_3 (FF)
  Destination:          seg_n<5> (PAD)
  Source Clock:         clk_100mhz_BUFGP rising at 0.000ns
  Data Path Delay:      11.192ns (Levels of Logic = 6)
  Clock Path Delay:     3.934ns (Levels of Logic = 2)
  Clock Uncertainty:    0.025ns

  Clock Uncertainty:          0.025ns  ((TSJ^2 + TIJ^2)^1/2 + DJ) / 2 + PE
    Total System Jitter (TSJ):  0.050ns
    Total Input Jitter (TIJ):   0.000ns
    Discrete Jitter (DJ):       0.000ns
    Phase Error (PE):           0.000ns

  Maximum Clock Path at Slow Process Corner: clk_100mhz to u/campaign/records_completed_3
    Location             Delay type         Delay(ns)  Physical Resource
                                                       Logical Resource(s)
    -------------------------------------------------  -------------------
    V10.I                Tiopi                 1.557   clk_100mhz
                                                       clk_100mhz
                                                       clk_100mhz_BUFGP/IBUFG
                                                       ProtoComp217.IMUX
    BUFGMUX_X3Y13.I0     net (fanout=1)        1.050   clk_100mhz_BUFGP/IBUFG
    BUFGMUX_X3Y13.O      Tgi0o                 0.209   clk_100mhz_BUFGP/BUFG
                                                       clk_100mhz_BUFGP/BUFG
    SLICE_X33Y9.CLK      net (fanout=285)      1.118   clk_100mhz_BUFGP
    -------------------------------------------------  ---------------------------
    Total                                      3.934ns (1.766ns logic, 2.168ns route)
                                                       (44.9% logic, 55.1% route)

  Maximum Data Path at Slow Process Corner: u/campaign/records_completed_3 to seg_n<5>
    Location             Delay type         Delay(ns)  Physical Resource
                                                       Logical Resource(s)
    -------------------------------------------------  -------------------
    SLICE_X33Y9.BMUX     Tshcko                0.518   u/records_completed<5>
                                                       u/campaign/records_completed_3
    SLICE_X37Y9.A4       net (fanout=7)        0.984   u/records_completed<3>
    SLICE_X37Y9.A        Tilo                  0.259   u/records_completed[6]_PWR_2_o_mod_0/a[3]_a[6]_MUX_101_o
                                                       u/records_completed[6]_PWR_2_o_mod_0/Mmux_a[0]_a[6]_MUX_97_o131
    SLICE_X37Y9.B5       net (fanout=2)        0.742   u/records_completed[6]_PWR_2_o_mod_0/a[3]_a[6]_MUX_94_o
    SLICE_X37Y9.B        Tilo                  0.259   u/records_completed[6]_PWR_2_o_mod_0/a[3]_a[6]_MUX_101_o
                                                       u/records_completed[6]_PWR_2_o_mod_0/Mmux_a[0]_a[6]_MUX_104_o131
    SLICE_X35Y9.D1       net (fanout=2)        0.742   u/records_completed[6]_PWR_2_o_mod_0/a[3]_a[6]_MUX_101_o
    SLICE_X35Y9.DMUX     Tilo                  0.337   u/ones<1>
                                                       u/records_completed[6]_PWR_2_o_mod_0/Mmux_o41
    SLICE_X34Y7.A1       net (fanout=1)        0.805   u/ones<3>
    SLICE_X34Y7.A        Tilo                  0.254   seg_n_4_OBUF
                                                       u/Mmux_digit<3>11
    SLICE_X35Y7.B1       net (fanout=4)        0.536   u/digit<3>
    SLICE_X35Y7.B        Tilo                  0.259   seg_n_5_OBUF
                                                       u/Mram_seg_n51
    N14.O                net (fanout=1)        2.515   seg_n_5_OBUF
    N14.PAD              Tioop                 2.982   seg_n<5>
                                                       seg_n_5_OBUF
                                                       seg_n<5>
    -------------------------------------------------  ---------------------------
    Total                                     11.192ns (4.868ns logic, 6.324ns route)
                                                       (43.5% logic, 56.5% route)

--------------------------------------------------------------------------------
Offset:                 15.127ns (clock path + data path + uncertainty)
  Source:               u/campaign/records_completed_3 (FF)
  Destination:          seg_n<5> (PAD)
  Source Clock:         clk_100mhz_BUFGP rising at 0.000ns
  Data Path Delay:      11.168ns (Levels of Logic = 6)
  Clock Path Delay:     3.934ns (Levels of Logic = 2)
  Clock Uncertainty:    0.025ns

  Clock Uncertainty:          0.025ns  ((TSJ^2 + TIJ^2)^1/2 + DJ) / 2 + PE
    Total System Jitter (TSJ):  0.050ns
    Total Input Jitter (TIJ):   0.000ns
    Discrete Jitter (DJ):       0.000ns
    Phase Error (PE):           0.000ns

  Maximum Clock Path at Slow Process Corner: clk_100mhz to u/campaign/records_completed_3
    Location             Delay type         Delay(ns)  Physical Resource
                                                       Logical Resource(s)
    -------------------------------------------------  -------------------
    V10.I                Tiopi                 1.557   clk_100mhz
                                                       clk_100mhz
                                                       clk_100mhz_BUFGP/IBUFG
                                                       ProtoComp217.IMUX
    BUFGMUX_X3Y13.I0     net (fanout=1)        1.050   clk_100mhz_BUFGP/IBUFG
    BUFGMUX_X3Y13.O      Tgi0o                 0.209   clk_100mhz_BUFGP/BUFG
                                                       clk_100mhz_BUFGP/BUFG
    SLICE_X33Y9.CLK      net (fanout=285)      1.118   clk_100mhz_BUFGP
    -------------------------------------------------  ---------------------------
    Total                                      3.934ns (1.766ns logic, 2.168ns route)
                                                       (44.9% logic, 55.1% route)

  Maximum Data Path at Slow Process Corner: u/campaign/records_completed_3 to seg_n<5>
    Location             Delay type         Delay(ns)  Physical Resource
                                                       Logical Resource(s)
    -------------------------------------------------  -------------------
    SLICE_X33Y9.BMUX     Tshcko                0.518   u/records_completed<5>
                                                       u/campaign/records_completed_3
    SLICE_X35Y9.A3       net (fanout=7)        0.812   u/records_completed<3>
    SLICE_X35Y9.A        Tilo                  0.259   u/ones<1>
                                                       u/records_completed[6]_PWR_2_o_mod_0/Mmux_a[4]_a[6]_MUX_93_o11
    SLICE_X37Y9.B3       net (fanout=2)        0.612   u/records_completed[6]_PWR_2_o_mod_0/a[4]_a[6]_MUX_93_o
    SLICE_X37Y9.BMUX     Tilo                  0.337   u/records_completed[6]_PWR_2_o_mod_0/a[3]_a[6]_MUX_101_o
                                                       u/records_completed[6]_PWR_2_o_mod_0/Mmux_a[0]_a[6]_MUX_104_o121
    SLICE_X35Y9.D2       net (fanout=2)        0.942   u/records_completed[6]_PWR_2_o_mod_0/a[2]_a[6]_MUX_102_o
    SLICE_X35Y9.DMUX     Tilo                  0.337   u/ones<1>
                                                       u/records_completed[6]_PWR_2_o_mod_0/Mmux_o41
    SLICE_X34Y7.A1       net (fanout=1)        0.805   u/ones<3>
    SLICE_X34Y7.A        Tilo                  0.254   seg_n_4_OBUF
                                                       u/Mmux_digit<3>11
    SLICE_X35Y7.B1       net (fanout=4)        0.536   u/digit<3>
    SLICE_X35Y7.B        Tilo                  0.259   seg_n_5_OBUF
                                                       u/Mram_seg_n51
    N14.O                net (fanout=1)        2.515   seg_n_5_OBUF
    N14.PAD              Tioop                 2.982   seg_n<5>
                                                       seg_n_5_OBUF
                                                       seg_n<5>
    -------------------------------------------------  ---------------------------
    Total                                     11.168ns (4.946ns logic, 6.222ns route)
                                                       (44.3% logic, 55.7% route)

--------------------------------------------------------------------------------
Offset:                 15.126ns (clock path + data path + uncertainty)
  Source:               u/campaign/records_completed_3 (FF)
  Destination:          seg_n<5> (PAD)
  Source Clock:         clk_100mhz_BUFGP rising at 0.000ns
  Data Path Delay:      11.167ns (Levels of Logic = 6)
  Clock Path Delay:     3.934ns (Levels of Logic = 2)
  Clock Uncertainty:    0.025ns

  Clock Uncertainty:          0.025ns  ((TSJ^2 + TIJ^2)^1/2 + DJ) / 2 + PE
    Total System Jitter (TSJ):  0.050ns
    Total Input Jitter (TIJ):   0.000ns
    Discrete Jitter (DJ):       0.000ns
    Phase Error (PE):           0.000ns

  Maximum Clock Path at Slow Process Corner: clk_100mhz to u/campaign/records_completed_3
    Location             Delay type         Delay(ns)  Physical Resource
                                                       Logical Resource(s)
    -------------------------------------------------  -------------------
    V10.I                Tiopi                 1.557   clk_100mhz
                                                       clk_100mhz
                                                       clk_100mhz_BUFGP/IBUFG
                                                       ProtoComp217.IMUX
    BUFGMUX_X3Y13.I0     net (fanout=1)        1.050   clk_100mhz_BUFGP/IBUFG
    BUFGMUX_X3Y13.O      Tgi0o                 0.209   clk_100mhz_BUFGP/BUFG
                                                       clk_100mhz_BUFGP/BUFG
    SLICE_X33Y9.CLK      net (fanout=285)      1.118   clk_100mhz_BUFGP
    -------------------------------------------------  ---------------------------
    Total                                      3.934ns (1.766ns logic, 2.168ns route)
                                                       (44.9% logic, 55.1% route)

  Maximum Data Path at Slow Process Corner: u/campaign/records_completed_3 to seg_n<5>
    Location             Delay type         Delay(ns)  Physical Resource
                                                       Logical Resource(s)
    -------------------------------------------------  -------------------
    SLICE_X33Y9.BMUX     Tshcko                0.518   u/records_completed<5>
                                                       u/campaign/records_completed_3
    SLICE_X37Y9.A4       net (fanout=7)        0.984   u/records_completed<3>
    SLICE_X37Y9.AMUX     Tilo                  0.337   u/records_completed[6]_PWR_2_o_mod_0/a[3]_a[6]_MUX_101_o
                                                       u/records_completed[6]_PWR_2_o_mod_0/Mmux_a[5]_a[6]_MUX_92_o11
    SLICE_X37Y9.B4       net (fanout=2)        0.361   u/records_completed[6]_PWR_2_o_mod_0/a[5]_a[6]_MUX_92_o
    SLICE_X37Y9.BMUX     Tilo                  0.337   u/records_completed[6]_PWR_2_o_mod_0/a[3]_a[6]_MUX_101_o
                                                       u/records_completed[6]_PWR_2_o_mod_0/Mmux_a[0]_a[6]_MUX_104_o121
    SLICE_X35Y9.D2       net (fanout=2)        0.942   u/records_completed[6]_PWR_2_o_mod_0/a[2]_a[6]_MUX_102_o
    SLICE_X35Y9.DMUX     Tilo                  0.337   u/ones<1>
                                                       u/records_completed[6]_PWR_2_o_mod_0/Mmux_o41
    SLICE_X34Y7.A1       net (fanout=1)        0.805   u/ones<3>
    SLICE_X34Y7.A        Tilo                  0.254   seg_n_4_OBUF
                                                       u/Mmux_digit<3>11
    SLICE_X35Y7.B1       net (fanout=4)        0.536   u/digit<3>
    SLICE_X35Y7.B        Tilo                  0.259   seg_n_5_OBUF
                                                       u/Mram_seg_n51
    N14.O                net (fanout=1)        2.515   seg_n_5_OBUF
    N14.PAD              Tioop                 2.982   seg_n<5>
                                                       seg_n_5_OBUF
                                                       seg_n<5>
    -------------------------------------------------  ---------------------------
    Total                                     11.167ns (5.024ns logic, 6.143ns route)
                                                       (45.0% logic, 55.0% route)

--------------------------------------------------------------------------------
Offset:                 15.124ns (clock path + data path + uncertainty)
  Source:               u/campaign/records_completed_6 (FF)
  Destination:          seg_n<5> (PAD)
  Source Clock:         clk_100mhz_BUFGP rising at 0.000ns
  Data Path Delay:      11.158ns (Levels of Logic = 6)
  Clock Path Delay:     3.941ns (Levels of Logic = 2)
  Clock Uncertainty:    0.025ns

  Clock Uncertainty:          0.025ns  ((TSJ^2 + TIJ^2)^1/2 + DJ) / 2 + PE
    Total System Jitter (TSJ):  0.050ns
    Total Input Jitter (TIJ):   0.000ns
    Discrete Jitter (DJ):       0.000ns
    Phase Error (PE):           0.000ns

  Maximum Clock Path at Slow Process Corner: clk_100mhz to u/campaign/records_completed_6
    Location             Delay type         Delay(ns)  Physical Resource
                                                       Logical Resource(s)
    -------------------------------------------------  -------------------
    V10.I                Tiopi                 1.557   clk_100mhz
                                                       clk_100mhz
                                                       clk_100mhz_BUFGP/IBUFG
                                                       ProtoComp217.IMUX
    BUFGMUX_X3Y13.I0     net (fanout=1)        1.050   clk_100mhz_BUFGP/IBUFG
    BUFGMUX_X3Y13.O      Tgi0o                 0.209   clk_100mhz_BUFGP/BUFG
                                                       clk_100mhz_BUFGP/BUFG
    SLICE_X34Y9.CLK      net (fanout=285)      1.125   clk_100mhz_BUFGP
    -------------------------------------------------  ---------------------------
    Total                                      3.941ns (1.766ns logic, 2.175ns route)
                                                       (44.8% logic, 55.2% route)

  Maximum Data Path at Slow Process Corner: u/campaign/records_completed_6 to seg_n<5>
    Location             Delay type         Delay(ns)  Physical Resource
                                                       Logical Resource(s)
    -------------------------------------------------  -------------------
    SLICE_X34Y9.BQ       Tcko                  0.525   u/ones<0>
                                                       u/campaign/records_completed_6
    SLICE_X37Y9.A5       net (fanout=6)        0.665   u/records_completed<6>
    SLICE_X37Y9.A        Tilo                  0.259   u/records_completed[6]_PWR_2_o_mod_0/a[3]_a[6]_MUX_101_o
                                                       u/records_completed[6]_PWR_2_o_mod_0/Mmux_a[0]_a[6]_MUX_97_o131
    SLICE_X37Y9.B5       net (fanout=2)        0.742   u/records_completed[6]_PWR_2_o_mod_0/a[3]_a[6]_MUX_94_o
    SLICE_X37Y9.BMUX     Tilo                  0.337   u/records_completed[6]_PWR_2_o_mod_0/a[3]_a[6]_MUX_101_o
                                                       u/records_completed[6]_PWR_2_o_mod_0/Mmux_a[0]_a[6]_MUX_104_o121
    SLICE_X35Y9.D2       net (fanout=2)        0.942   u/records_completed[6]_PWR_2_o_mod_0/a[2]_a[6]_MUX_102_o
    SLICE_X35Y9.DMUX     Tilo                  0.337   u/ones<1>
                                                       u/records_completed[6]_PWR_2_o_mod_0/Mmux_o41
    SLICE_X34Y7.A1       net (fanout=1)        0.805   u/ones<3>
    SLICE_X34Y7.A        Tilo                  0.254   seg_n_4_OBUF
                                                       u/Mmux_digit<3>11
    SLICE_X35Y7.B1       net (fanout=4)        0.536   u/digit<3>
    SLICE_X35Y7.B        Tilo                  0.259   seg_n_5_OBUF
                                                       u/Mram_seg_n51
    N14.O                net (fanout=1)        2.515   seg_n_5_OBUF
    N14.PAD              Tioop                 2.982   seg_n<5>
                                                       seg_n_5_OBUF
                                                       seg_n<5>
    -------------------------------------------------  ---------------------------
    Total                                     11.158ns (4.953ns logic, 6.205ns route)
                                                       (44.4% logic, 55.6% route)

--------------------------------------------------------------------------------

Paths for end point seg_n<6> (L14.PAD), 171 paths
--------------------------------------------------------------------------------
Offset:                 15.399ns (clock path + data path + uncertainty)
  Source:               u/campaign/records_completed_3 (FF)
  Destination:          seg_n<6> (PAD)
  Source Clock:         clk_100mhz_BUFGP rising at 0.000ns
  Data Path Delay:      11.440ns (Levels of Logic = 6)
  Clock Path Delay:     3.934ns (Levels of Logic = 2)
  Clock Uncertainty:    0.025ns

  Clock Uncertainty:          0.025ns  ((TSJ^2 + TIJ^2)^1/2 + DJ) / 2 + PE
    Total System Jitter (TSJ):  0.050ns
    Total Input Jitter (TIJ):   0.000ns
    Discrete Jitter (DJ):       0.000ns
    Phase Error (PE):           0.000ns

  Maximum Clock Path at Slow Process Corner: clk_100mhz to u/campaign/records_completed_3
    Location             Delay type         Delay(ns)  Physical Resource
                                                       Logical Resource(s)
    -------------------------------------------------  -------------------
    V10.I                Tiopi                 1.557   clk_100mhz
                                                       clk_100mhz
                                                       clk_100mhz_BUFGP/IBUFG
                                                       ProtoComp217.IMUX
    BUFGMUX_X3Y13.I0     net (fanout=1)        1.050   clk_100mhz_BUFGP/IBUFG
    BUFGMUX_X3Y13.O      Tgi0o                 0.209   clk_100mhz_BUFGP/BUFG
                                                       clk_100mhz_BUFGP/BUFG
    SLICE_X33Y9.CLK      net (fanout=285)      1.118   clk_100mhz_BUFGP
    -------------------------------------------------  ---------------------------
    Total                                      3.934ns (1.766ns logic, 2.168ns route)
                                                       (44.9% logic, 55.1% route)

  Maximum Data Path at Slow Process Corner: u/campaign/records_completed_3 to seg_n<6>
    Location             Delay type         Delay(ns)  Physical Resource
                                                       Logical Resource(s)
    -------------------------------------------------  -------------------
    SLICE_X33Y9.BMUX     Tshcko                0.518   u/records_completed<5>
                                                       u/campaign/records_completed_3
    SLICE_X37Y9.A4       net (fanout=7)        0.984   u/records_completed<3>
    SLICE_X37Y9.A        Tilo                  0.259   u/records_completed[6]_PWR_2_o_mod_0/a[3]_a[6]_MUX_101_o
                                                       u/records_completed[6]_PWR_2_o_mod_0/Mmux_a[0]_a[6]_MUX_97_o131
    SLICE_X37Y9.B5       net (fanout=2)        0.742   u/records_completed[6]_PWR_2_o_mod_0/a[3]_a[6]_MUX_94_o
    SLICE_X37Y9.BMUX     Tilo                  0.337   u/records_completed[6]_PWR_2_o_mod_0/a[3]_a[6]_MUX_101_o
                                                       u/records_completed[6]_PWR_2_o_mod_0/Mmux_a[0]_a[6]_MUX_104_o121
    SLICE_X35Y9.D2       net (fanout=2)        0.942   u/records_completed[6]_PWR_2_o_mod_0/a[2]_a[6]_MUX_102_o
    SLICE_X35Y9.D        Tilo                  0.259   u/ones<1>
                                                       u/records_completed[6]_PWR_2_o_mod_0/Mmux_o21
    SLICE_X37Y8.B3       net (fanout=1)        0.605   u/ones<1>
    SLICE_X37Y8.B        Tilo                  0.259   seg_n_0_OBUF
                                                       u/Mmux_digit<1>11
    SLICE_X37Y7.A2       net (fanout=4)        0.773   u/digit<1>
    SLICE_X37Y7.A        Tilo                  0.259   seg_n_6_OBUF
                                                       u/Mram_seg_n61
    L14.O                net (fanout=1)        2.521   seg_n_6_OBUF
    L14.PAD              Tioop                 2.982   seg_n<6>
                                                       seg_n_6_OBUF
                                                       seg_n<6>
    -------------------------------------------------  ---------------------------
    Total                                     11.440ns (4.873ns logic, 6.567ns route)
                                                       (42.6% logic, 57.4% route)

--------------------------------------------------------------------------------
Offset:                 15.364ns (clock path + data path + uncertainty)
  Source:               u/campaign/records_completed_5 (FF)
  Destination:          seg_n<6> (PAD)
  Source Clock:         clk_100mhz_BUFGP rising at 0.000ns
  Data Path Delay:      11.405ns (Levels of Logic = 6)
  Clock Path Delay:     3.934ns (Levels of Logic = 2)
  Clock Uncertainty:    0.025ns

  Clock Uncertainty:          0.025ns  ((TSJ^2 + TIJ^2)^1/2 + DJ) / 2 + PE
    Total System Jitter (TSJ):  0.050ns
    Total Input Jitter (TIJ):   0.000ns
    Discrete Jitter (DJ):       0.000ns
    Phase Error (PE):           0.000ns

  Maximum Clock Path at Slow Process Corner: clk_100mhz to u/campaign/records_completed_5
    Location             Delay type         Delay(ns)  Physical Resource
                                                       Logical Resource(s)
    -------------------------------------------------  -------------------
    V10.I                Tiopi                 1.557   clk_100mhz
                                                       clk_100mhz
                                                       clk_100mhz_BUFGP/IBUFG
                                                       ProtoComp217.IMUX
    BUFGMUX_X3Y13.I0     net (fanout=1)        1.050   clk_100mhz_BUFGP/IBUFG
    BUFGMUX_X3Y13.O      Tgi0o                 0.209   clk_100mhz_BUFGP/BUFG
                                                       clk_100mhz_BUFGP/BUFG
    SLICE_X33Y9.CLK      net (fanout=285)      1.118   clk_100mhz_BUFGP
    -------------------------------------------------  ---------------------------
    Total                                      3.934ns (1.766ns logic, 2.168ns route)
                                                       (44.9% logic, 55.1% route)

  Maximum Data Path at Slow Process Corner: u/campaign/records_completed_5 to seg_n<6>
    Location             Delay type         Delay(ns)  Physical Resource
                                                       Logical Resource(s)
    -------------------------------------------------  -------------------
    SLICE_X33Y9.CQ       Tcko                  0.430   u/records_completed<5>
                                                       u/campaign/records_completed_5
    SLICE_X37Y9.A3       net (fanout=7)        1.037   u/records_completed<5>
    SLICE_X37Y9.A        Tilo                  0.259   u/records_completed[6]_PWR_2_o_mod_0/a[3]_a[6]_MUX_101_o
                                                       u/records_completed[6]_PWR_2_o_mod_0/Mmux_a[0]_a[6]_MUX_97_o131
    SLICE_X37Y9.B5       net (fanout=2)        0.742   u/records_completed[6]_PWR_2_o_mod_0/a[3]_a[6]_MUX_94_o
    SLICE_X37Y9.BMUX     Tilo                  0.337   u/records_completed[6]_PWR_2_o_mod_0/a[3]_a[6]_MUX_101_o
                                                       u/records_completed[6]_PWR_2_o_mod_0/Mmux_a[0]_a[6]_MUX_104_o121
    SLICE_X35Y9.D2       net (fanout=2)        0.942   u/records_completed[6]_PWR_2_o_mod_0/a[2]_a[6]_MUX_102_o
    SLICE_X35Y9.D        Tilo                  0.259   u/ones<1>
                                                       u/records_completed[6]_PWR_2_o_mod_0/Mmux_o21
    SLICE_X37Y8.B3       net (fanout=1)        0.605   u/ones<1>
    SLICE_X37Y8.B        Tilo                  0.259   seg_n_0_OBUF
                                                       u/Mmux_digit<1>11
    SLICE_X37Y7.A2       net (fanout=4)        0.773   u/digit<1>
    SLICE_X37Y7.A        Tilo                  0.259   seg_n_6_OBUF
                                                       u/Mram_seg_n61
    L14.O                net (fanout=1)        2.521   seg_n_6_OBUF
    L14.PAD              Tioop                 2.982   seg_n<6>
                                                       seg_n_6_OBUF
                                                       seg_n<6>
    -------------------------------------------------  ---------------------------
    Total                                     11.405ns (4.785ns logic, 6.620ns route)
                                                       (42.0% logic, 58.0% route)

--------------------------------------------------------------------------------
Offset:                 15.347ns (clock path + data path + uncertainty)
  Source:               u/campaign/records_completed_3 (FF)
  Destination:          seg_n<6> (PAD)
  Source Clock:         clk_100mhz_BUFGP rising at 0.000ns
  Data Path Delay:      11.388ns (Levels of Logic = 6)
  Clock Path Delay:     3.934ns (Levels of Logic = 2)
  Clock Uncertainty:    0.025ns

  Clock Uncertainty:          0.025ns  ((TSJ^2 + TIJ^2)^1/2 + DJ) / 2 + PE
    Total System Jitter (TSJ):  0.050ns
    Total Input Jitter (TIJ):   0.000ns
    Discrete Jitter (DJ):       0.000ns
    Phase Error (PE):           0.000ns

  Maximum Clock Path at Slow Process Corner: clk_100mhz to u/campaign/records_completed_3
    Location             Delay type         Delay(ns)  Physical Resource
                                                       Logical Resource(s)
    -------------------------------------------------  -------------------
    V10.I                Tiopi                 1.557   clk_100mhz
                                                       clk_100mhz
                                                       clk_100mhz_BUFGP/IBUFG
                                                       ProtoComp217.IMUX
    BUFGMUX_X3Y13.I0     net (fanout=1)        1.050   clk_100mhz_BUFGP/IBUFG
    BUFGMUX_X3Y13.O      Tgi0o                 0.209   clk_100mhz_BUFGP/BUFG
                                                       clk_100mhz_BUFGP/BUFG
    SLICE_X33Y9.CLK      net (fanout=285)      1.118   clk_100mhz_BUFGP
    -------------------------------------------------  ---------------------------
    Total                                      3.934ns (1.766ns logic, 2.168ns route)
                                                       (44.9% logic, 55.1% route)

  Maximum Data Path at Slow Process Corner: u/campaign/records_completed_3 to seg_n<6>
    Location             Delay type         Delay(ns)  Physical Resource
                                                       Logical Resource(s)
    -------------------------------------------------  -------------------
    SLICE_X33Y9.BMUX     Tshcko                0.518   u/records_completed<5>
                                                       u/campaign/records_completed_3
    SLICE_X37Y9.A4       net (fanout=7)        0.984   u/records_completed<3>
    SLICE_X37Y9.A        Tilo                  0.259   u/records_completed[6]_PWR_2_o_mod_0/a[3]_a[6]_MUX_101_o
                                                       u/records_completed[6]_PWR_2_o_mod_0/Mmux_a[0]_a[6]_MUX_97_o131
    SLICE_X37Y9.B5       net (fanout=2)        0.742   u/records_completed[6]_PWR_2_o_mod_0/a[3]_a[6]_MUX_94_o
    SLICE_X37Y9.BMUX     Tilo                  0.337   u/records_completed[6]_PWR_2_o_mod_0/a[3]_a[6]_MUX_101_o
                                                       u/records_completed[6]_PWR_2_o_mod_0/Mmux_a[0]_a[6]_MUX_104_o121
    SLICE_X35Y9.D2       net (fanout=2)        0.942   u/records_completed[6]_PWR_2_o_mod_0/a[2]_a[6]_MUX_102_o
    SLICE_X35Y9.DMUX     Tilo                  0.337   u/ones<1>
                                                       u/records_completed[6]_PWR_2_o_mod_0/Mmux_o41
    SLICE_X34Y7.A1       net (fanout=1)        0.805   u/ones<3>
    SLICE_X34Y7.A        Tilo                  0.254   seg_n_4_OBUF
                                                       u/Mmux_digit<3>11
    SLICE_X37Y7.A5       net (fanout=4)        0.448   u/digit<3>
    SLICE_X37Y7.A        Tilo                  0.259   seg_n_6_OBUF
                                                       u/Mram_seg_n61
    L14.O                net (fanout=1)        2.521   seg_n_6_OBUF
    L14.PAD              Tioop                 2.982   seg_n<6>
                                                       seg_n_6_OBUF
                                                       seg_n<6>
    -------------------------------------------------  ---------------------------
    Total                                     11.388ns (4.946ns logic, 6.442ns route)
                                                       (43.4% logic, 56.6% route)

--------------------------------------------------------------------------------
Offset:                 15.312ns (clock path + data path + uncertainty)
  Source:               u/campaign/records_completed_5 (FF)
  Destination:          seg_n<6> (PAD)
  Source Clock:         clk_100mhz_BUFGP rising at 0.000ns
  Data Path Delay:      11.353ns (Levels of Logic = 6)
  Clock Path Delay:     3.934ns (Levels of Logic = 2)
  Clock Uncertainty:    0.025ns

  Clock Uncertainty:          0.025ns  ((TSJ^2 + TIJ^2)^1/2 + DJ) / 2 + PE
    Total System Jitter (TSJ):  0.050ns
    Total Input Jitter (TIJ):   0.000ns
    Discrete Jitter (DJ):       0.000ns
    Phase Error (PE):           0.000ns

  Maximum Clock Path at Slow Process Corner: clk_100mhz to u/campaign/records_completed_5
    Location             Delay type         Delay(ns)  Physical Resource
                                                       Logical Resource(s)
    -------------------------------------------------  -------------------
    V10.I                Tiopi                 1.557   clk_100mhz
                                                       clk_100mhz
                                                       clk_100mhz_BUFGP/IBUFG
                                                       ProtoComp217.IMUX
    BUFGMUX_X3Y13.I0     net (fanout=1)        1.050   clk_100mhz_BUFGP/IBUFG
    BUFGMUX_X3Y13.O      Tgi0o                 0.209   clk_100mhz_BUFGP/BUFG
                                                       clk_100mhz_BUFGP/BUFG
    SLICE_X33Y9.CLK      net (fanout=285)      1.118   clk_100mhz_BUFGP
    -------------------------------------------------  ---------------------------
    Total                                      3.934ns (1.766ns logic, 2.168ns route)
                                                       (44.9% logic, 55.1% route)

  Maximum Data Path at Slow Process Corner: u/campaign/records_completed_5 to seg_n<6>
    Location             Delay type         Delay(ns)  Physical Resource
                                                       Logical Resource(s)
    -------------------------------------------------  -------------------
    SLICE_X33Y9.CQ       Tcko                  0.430   u/records_completed<5>
                                                       u/campaign/records_completed_5
    SLICE_X37Y9.A3       net (fanout=7)        1.037   u/records_completed<5>
    SLICE_X37Y9.A        Tilo                  0.259   u/records_completed[6]_PWR_2_o_mod_0/a[3]_a[6]_MUX_101_o
                                                       u/records_completed[6]_PWR_2_o_mod_0/Mmux_a[0]_a[6]_MUX_97_o131
    SLICE_X37Y9.B5       net (fanout=2)        0.742   u/records_completed[6]_PWR_2_o_mod_0/a[3]_a[6]_MUX_94_o
    SLICE_X37Y9.BMUX     Tilo                  0.337   u/records_completed[6]_PWR_2_o_mod_0/a[3]_a[6]_MUX_101_o
                                                       u/records_completed[6]_PWR_2_o_mod_0/Mmux_a[0]_a[6]_MUX_104_o121
    SLICE_X35Y9.D2       net (fanout=2)        0.942   u/records_completed[6]_PWR_2_o_mod_0/a[2]_a[6]_MUX_102_o
    SLICE_X35Y9.DMUX     Tilo                  0.337   u/ones<1>
                                                       u/records_completed[6]_PWR_2_o_mod_0/Mmux_o41
    SLICE_X34Y7.A1       net (fanout=1)        0.805   u/ones<3>
    SLICE_X34Y7.A        Tilo                  0.254   seg_n_4_OBUF
                                                       u/Mmux_digit<3>11
    SLICE_X37Y7.A5       net (fanout=4)        0.448   u/digit<3>
    SLICE_X37Y7.A        Tilo                  0.259   seg_n_6_OBUF
                                                       u/Mram_seg_n61
    L14.O                net (fanout=1)        2.521   seg_n_6_OBUF
    L14.PAD              Tioop                 2.982   seg_n<6>
                                                       seg_n_6_OBUF
                                                       seg_n<6>
    -------------------------------------------------  ---------------------------
    Total                                     11.353ns (4.858ns logic, 6.495ns route)
                                                       (42.8% logic, 57.2% route)

--------------------------------------------------------------------------------
Offset:                 15.271ns (clock path + data path + uncertainty)
  Source:               u/campaign/records_completed_4 (FF)
  Destination:          seg_n<6> (PAD)
  Source Clock:         clk_100mhz_BUFGP rising at 0.000ns
  Data Path Delay:      11.305ns (Levels of Logic = 6)
  Clock Path Delay:     3.941ns (Levels of Logic = 2)
  Clock Uncertainty:    0.025ns

  Clock Uncertainty:          0.025ns  ((TSJ^2 + TIJ^2)^1/2 + DJ) / 2 + PE
    Total System Jitter (TSJ):  0.050ns
    Total Input Jitter (TIJ):   0.000ns
    Discrete Jitter (DJ):       0.000ns
    Phase Error (PE):           0.000ns

  Maximum Clock Path at Slow Process Corner: clk_100mhz to u/campaign/records_completed_4
    Location             Delay type         Delay(ns)  Physical Resource
                                                       Logical Resource(s)
    -------------------------------------------------  -------------------
    V10.I                Tiopi                 1.557   clk_100mhz
                                                       clk_100mhz
                                                       clk_100mhz_BUFGP/IBUFG
                                                       ProtoComp217.IMUX
    BUFGMUX_X3Y13.I0     net (fanout=1)        1.050   clk_100mhz_BUFGP/IBUFG
    BUFGMUX_X3Y13.O      Tgi0o                 0.209   clk_100mhz_BUFGP/BUFG
                                                       clk_100mhz_BUFGP/BUFG
    SLICE_X34Y9.CLK      net (fanout=285)      1.125   clk_100mhz_BUFGP
    -------------------------------------------------  ---------------------------
    Total                                      3.941ns (1.766ns logic, 2.175ns route)
                                                       (44.8% logic, 55.2% route)

  Maximum Data Path at Slow Process Corner: u/campaign/records_completed_4 to seg_n<6>
    Location             Delay type         Delay(ns)  Physical Resource
                                                       Logical Resource(s)
    -------------------------------------------------  -------------------
    SLICE_X34Y9.CMUX     Tshcko                0.576   u/ones<0>
                                                       u/campaign/records_completed_4
    SLICE_X37Y9.A1       net (fanout=7)        0.791   u/records_completed<4>
    SLICE_X37Y9.A        Tilo                  0.259   u/records_completed[6]_PWR_2_o_mod_0/a[3]_a[6]_MUX_101_o
                                                       u/records_completed[6]_PWR_2_o_mod_0/Mmux_a[0]_a[6]_MUX_97_o131
    SLICE_X37Y9.B5       net (fanout=2)        0.742   u/records_completed[6]_PWR_2_o_mod_0/a[3]_a[6]_MUX_94_o
    SLICE_X37Y9.BMUX     Tilo                  0.337   u/records_completed[6]_PWR_2_o_mod_0/a[3]_a[6]_MUX_101_o
                                                       u/records_completed[6]_PWR_2_o_mod_0/Mmux_a[0]_a[6]_MUX_104_o121
    SLICE_X35Y9.D2       net (fanout=2)        0.942   u/records_completed[6]_PWR_2_o_mod_0/a[2]_a[6]_MUX_102_o
    SLICE_X35Y9.D        Tilo                  0.259   u/ones<1>
                                                       u/records_completed[6]_PWR_2_o_mod_0/Mmux_o21
    SLICE_X37Y8.B3       net (fanout=1)        0.605   u/ones<1>
    SLICE_X37Y8.B        Tilo                  0.259   seg_n_0_OBUF
                                                       u/Mmux_digit<1>11
    SLICE_X37Y7.A2       net (fanout=4)        0.773   u/digit<1>
    SLICE_X37Y7.A        Tilo                  0.259   seg_n_6_OBUF
                                                       u/Mram_seg_n61
    L14.O                net (fanout=1)        2.521   seg_n_6_OBUF
    L14.PAD              Tioop                 2.982   seg_n<6>
                                                       seg_n_6_OBUF
                                                       seg_n<6>
    -------------------------------------------------  ---------------------------
    Total                                     11.305ns (4.931ns logic, 6.374ns route)
                                                       (43.6% logic, 56.4% route)

--------------------------------------------------------------------------------
Offset:                 15.219ns (clock path + data path + uncertainty)
  Source:               u/campaign/records_completed_4 (FF)
  Destination:          seg_n<6> (PAD)
  Source Clock:         clk_100mhz_BUFGP rising at 0.000ns
  Data Path Delay:      11.253ns (Levels of Logic = 6)
  Clock Path Delay:     3.941ns (Levels of Logic = 2)
  Clock Uncertainty:    0.025ns

  Clock Uncertainty:          0.025ns  ((TSJ^2 + TIJ^2)^1/2 + DJ) / 2 + PE
    Total System Jitter (TSJ):  0.050ns
    Total Input Jitter (TIJ):   0.000ns
    Discrete Jitter (DJ):       0.000ns
    Phase Error (PE):           0.000ns

  Maximum Clock Path at Slow Process Corner: clk_100mhz to u/campaign/records_completed_4
    Location             Delay type         Delay(ns)  Physical Resource
                                                       Logical Resource(s)
    -------------------------------------------------  -------------------
    V10.I                Tiopi                 1.557   clk_100mhz
                                                       clk_100mhz
                                                       clk_100mhz_BUFGP/IBUFG
                                                       ProtoComp217.IMUX
    BUFGMUX_X3Y13.I0     net (fanout=1)        1.050   clk_100mhz_BUFGP/IBUFG
    BUFGMUX_X3Y13.O      Tgi0o                 0.209   clk_100mhz_BUFGP/BUFG
                                                       clk_100mhz_BUFGP/BUFG
    SLICE_X34Y9.CLK      net (fanout=285)      1.125   clk_100mhz_BUFGP
    -------------------------------------------------  ---------------------------
    Total                                      3.941ns (1.766ns logic, 2.175ns route)
                                                       (44.8% logic, 55.2% route)

  Maximum Data Path at Slow Process Corner: u/campaign/records_completed_4 to seg_n<6>
    Location             Delay type         Delay(ns)  Physical Resource
                                                       Logical Resource(s)
    -------------------------------------------------  -------------------
    SLICE_X34Y9.CMUX     Tshcko                0.576   u/ones<0>
                                                       u/campaign/records_completed_4
    SLICE_X37Y9.A1       net (fanout=7)        0.791   u/records_completed<4>
    SLICE_X37Y9.A        Tilo                  0.259   u/records_completed[6]_PWR_2_o_mod_0/a[3]_a[6]_MUX_101_o
                                                       u/records_completed[6]_PWR_2_o_mod_0/Mmux_a[0]_a[6]_MUX_97_o131
    SLICE_X37Y9.B5       net (fanout=2)        0.742   u/records_completed[6]_PWR_2_o_mod_0/a[3]_a[6]_MUX_94_o
    SLICE_X37Y9.BMUX     Tilo                  0.337   u/records_completed[6]_PWR_2_o_mod_0/a[3]_a[6]_MUX_101_o
                                                       u/records_completed[6]_PWR_2_o_mod_0/Mmux_a[0]_a[6]_MUX_104_o121
    SLICE_X35Y9.D2       net (fanout=2)        0.942   u/records_completed[6]_PWR_2_o_mod_0/a[2]_a[6]_MUX_102_o
    SLICE_X35Y9.DMUX     Tilo                  0.337   u/ones<1>
                                                       u/records_completed[6]_PWR_2_o_mod_0/Mmux_o41
    SLICE_X34Y7.A1       net (fanout=1)        0.805   u/ones<3>
    SLICE_X34Y7.A        Tilo                  0.254   seg_n_4_OBUF
                                                       u/Mmux_digit<3>11
    SLICE_X37Y7.A5       net (fanout=4)        0.448   u/digit<3>
    SLICE_X37Y7.A        Tilo                  0.259   seg_n_6_OBUF
                                                       u/Mram_seg_n61
    L14.O                net (fanout=1)        2.521   seg_n_6_OBUF
    L14.PAD              Tioop                 2.982   seg_n<6>
                                                       seg_n_6_OBUF
                                                       seg_n<6>
    -------------------------------------------------  ---------------------------
    Total                                     11.253ns (5.004ns logic, 6.249ns route)
                                                       (44.5% logic, 55.5% route)

--------------------------------------------------------------------------------
Offset:                 15.121ns (clock path + data path + uncertainty)
  Source:               u/campaign/records_completed_3 (FF)
  Destination:          seg_n<6> (PAD)
  Source Clock:         clk_100mhz_BUFGP rising at 0.000ns
  Data Path Delay:      11.162ns (Levels of Logic = 6)
  Clock Path Delay:     3.934ns (Levels of Logic = 2)
  Clock Uncertainty:    0.025ns

  Clock Uncertainty:          0.025ns  ((TSJ^2 + TIJ^2)^1/2 + DJ) / 2 + PE
    Total System Jitter (TSJ):  0.050ns
    Total Input Jitter (TIJ):   0.000ns
    Discrete Jitter (DJ):       0.000ns
    Phase Error (PE):           0.000ns

  Maximum Clock Path at Slow Process Corner: clk_100mhz to u/campaign/records_completed_3
    Location             Delay type         Delay(ns)  Physical Resource
                                                       Logical Resource(s)
    -------------------------------------------------  -------------------
    V10.I                Tiopi                 1.557   clk_100mhz
                                                       clk_100mhz
                                                       clk_100mhz_BUFGP/IBUFG
                                                       ProtoComp217.IMUX
    BUFGMUX_X3Y13.I0     net (fanout=1)        1.050   clk_100mhz_BUFGP/IBUFG
    BUFGMUX_X3Y13.O      Tgi0o                 0.209   clk_100mhz_BUFGP/BUFG
                                                       clk_100mhz_BUFGP/BUFG
    SLICE_X33Y9.CLK      net (fanout=285)      1.118   clk_100mhz_BUFGP
    -------------------------------------------------  ---------------------------
    Total                                      3.934ns (1.766ns logic, 2.168ns route)
                                                       (44.9% logic, 55.1% route)

  Maximum Data Path at Slow Process Corner: u/campaign/records_completed_3 to seg_n<6>
    Location             Delay type         Delay(ns)  Physical Resource
                                                       Logical Resource(s)
    -------------------------------------------------  -------------------
    SLICE_X33Y9.BMUX     Tshcko                0.518   u/records_completed<5>
                                                       u/campaign/records_completed_3
    SLICE_X37Y9.A4       net (fanout=7)        0.984   u/records_completed<3>
    SLICE_X37Y9.A        Tilo                  0.259   u/records_completed[6]_PWR_2_o_mod_0/a[3]_a[6]_MUX_101_o
                                                       u/records_completed[6]_PWR_2_o_mod_0/Mmux_a[0]_a[6]_MUX_97_o131
    SLICE_X37Y9.B5       net (fanout=2)        0.742   u/records_completed[6]_PWR_2_o_mod_0/a[3]_a[6]_MUX_94_o
    SLICE_X37Y9.B        Tilo                  0.259   u/records_completed[6]_PWR_2_o_mod_0/a[3]_a[6]_MUX_101_o
                                                       u/records_completed[6]_PWR_2_o_mod_0/Mmux_a[0]_a[6]_MUX_104_o131
    SLICE_X35Y9.D1       net (fanout=2)        0.742   u/records_completed[6]_PWR_2_o_mod_0/a[3]_a[6]_MUX_101_o
    SLICE_X35Y9.D        Tilo                  0.259   u/ones<1>
                                                       u/records_completed[6]_PWR_2_o_mod_0/Mmux_o21
    SLICE_X37Y8.B3       net (fanout=1)        0.605   u/ones<1>
    SLICE_X37Y8.B        Tilo                  0.259   seg_n_0_OBUF
                                                       u/Mmux_digit<1>11
    SLICE_X37Y7.A2       net (fanout=4)        0.773   u/digit<1>
    SLICE_X37Y7.A        Tilo                  0.259   seg_n_6_OBUF
                                                       u/Mram_seg_n61
    L14.O                net (fanout=1)        2.521   seg_n_6_OBUF
    L14.PAD              Tioop                 2.982   seg_n<6>
                                                       seg_n_6_OBUF
                                                       seg_n<6>
    -------------------------------------------------  ---------------------------
    Total                                     11.162ns (4.795ns logic, 6.367ns route)
                                                       (43.0% logic, 57.0% route)

--------------------------------------------------------------------------------
Offset:                 15.097ns (clock path + data path + uncertainty)
  Source:               u/campaign/records_completed_3 (FF)
  Destination:          seg_n<6> (PAD)
  Source Clock:         clk_100mhz_BUFGP rising at 0.000ns
  Data Path Delay:      11.138ns (Levels of Logic = 6)
  Clock Path Delay:     3.934ns (Levels of Logic = 2)
  Clock Uncertainty:    0.025ns

  Clock Uncertainty:          0.025ns  ((TSJ^2 + TIJ^2)^1/2 + DJ) / 2 + PE
    Total System Jitter (TSJ):  0.050ns
    Total Input Jitter (TIJ):   0.000ns
    Discrete Jitter (DJ):       0.000ns
    Phase Error (PE):           0.000ns

  Maximum Clock Path at Slow Process Corner: clk_100mhz to u/campaign/records_completed_3
    Location             Delay type         Delay(ns)  Physical Resource
                                                       Logical Resource(s)
    -------------------------------------------------  -------------------
    V10.I                Tiopi                 1.557   clk_100mhz
                                                       clk_100mhz
                                                       clk_100mhz_BUFGP/IBUFG
                                                       ProtoComp217.IMUX
    BUFGMUX_X3Y13.I0     net (fanout=1)        1.050   clk_100mhz_BUFGP/IBUFG
    BUFGMUX_X3Y13.O      Tgi0o                 0.209   clk_100mhz_BUFGP/BUFG
                                                       clk_100mhz_BUFGP/BUFG
    SLICE_X33Y9.CLK      net (fanout=285)      1.118   clk_100mhz_BUFGP
    -------------------------------------------------  ---------------------------
    Total                                      3.934ns (1.766ns logic, 2.168ns route)
                                                       (44.9% logic, 55.1% route)

  Maximum Data Path at Slow Process Corner: u/campaign/records_completed_3 to seg_n<6>
    Location             Delay type         Delay(ns)  Physical Resource
                                                       Logical Resource(s)
    -------------------------------------------------  -------------------
    SLICE_X33Y9.BMUX     Tshcko                0.518   u/records_completed<5>
                                                       u/campaign/records_completed_3
    SLICE_X35Y9.A3       net (fanout=7)        0.812   u/records_completed<3>
    SLICE_X35Y9.A        Tilo                  0.259   u/ones<1>
                                                       u/records_completed[6]_PWR_2_o_mod_0/Mmux_a[4]_a[6]_MUX_93_o11
    SLICE_X37Y9.B3       net (fanout=2)        0.612   u/records_completed[6]_PWR_2_o_mod_0/a[4]_a[6]_MUX_93_o
    SLICE_X37Y9.BMUX     Tilo                  0.337   u/records_completed[6]_PWR_2_o_mod_0/a[3]_a[6]_MUX_101_o
                                                       u/records_completed[6]_PWR_2_o_mod_0/Mmux_a[0]_a[6]_MUX_104_o121
    SLICE_X35Y9.D2       net (fanout=2)        0.942   u/records_completed[6]_PWR_2_o_mod_0/a[2]_a[6]_MUX_102_o
    SLICE_X35Y9.D        Tilo                  0.259   u/ones<1>
                                                       u/records_completed[6]_PWR_2_o_mod_0/Mmux_o21
    SLICE_X37Y8.B3       net (fanout=1)        0.605   u/ones<1>
    SLICE_X37Y8.B        Tilo                  0.259   seg_n_0_OBUF
                                                       u/Mmux_digit<1>11
    SLICE_X37Y7.A2       net (fanout=4)        0.773   u/digit<1>
    SLICE_X37Y7.A        Tilo                  0.259   seg_n_6_OBUF
                                                       u/Mram_seg_n61
    L14.O                net (fanout=1)        2.521   seg_n_6_OBUF
    L14.PAD              Tioop                 2.982   seg_n<6>
                                                       seg_n_6_OBUF
                                                       seg_n<6>
    -------------------------------------------------  ---------------------------
    Total                                     11.138ns (4.873ns logic, 6.265ns route)
                                                       (43.8% logic, 56.2% route)

--------------------------------------------------------------------------------
Offset:                 15.096ns (clock path + data path + uncertainty)
  Source:               u/campaign/records_completed_3 (FF)
  Destination:          seg_n<6> (PAD)
  Source Clock:         clk_100mhz_BUFGP rising at 0.000ns
  Data Path Delay:      11.137ns (Levels of Logic = 6)
  Clock Path Delay:     3.934ns (Levels of Logic = 2)
  Clock Uncertainty:    0.025ns

  Clock Uncertainty:          0.025ns  ((TSJ^2 + TIJ^2)^1/2 + DJ) / 2 + PE
    Total System Jitter (TSJ):  0.050ns
    Total Input Jitter (TIJ):   0.000ns
    Discrete Jitter (DJ):       0.000ns
    Phase Error (PE):           0.000ns

  Maximum Clock Path at Slow Process Corner: clk_100mhz to u/campaign/records_completed_3
    Location             Delay type         Delay(ns)  Physical Resource
                                                       Logical Resource(s)
    -------------------------------------------------  -------------------
    V10.I                Tiopi                 1.557   clk_100mhz
                                                       clk_100mhz
                                                       clk_100mhz_BUFGP/IBUFG
                                                       ProtoComp217.IMUX
    BUFGMUX_X3Y13.I0     net (fanout=1)        1.050   clk_100mhz_BUFGP/IBUFG
    BUFGMUX_X3Y13.O      Tgi0o                 0.209   clk_100mhz_BUFGP/BUFG
                                                       clk_100mhz_BUFGP/BUFG
    SLICE_X33Y9.CLK      net (fanout=285)      1.118   clk_100mhz_BUFGP
    -------------------------------------------------  ---------------------------
    Total                                      3.934ns (1.766ns logic, 2.168ns route)
                                                       (44.9% logic, 55.1% route)

  Maximum Data Path at Slow Process Corner: u/campaign/records_completed_3 to seg_n<6>
    Location             Delay type         Delay(ns)  Physical Resource
                                                       Logical Resource(s)
    -------------------------------------------------  -------------------
    SLICE_X33Y9.BMUX     Tshcko                0.518   u/records_completed<5>
                                                       u/campaign/records_completed_3
    SLICE_X37Y9.A4       net (fanout=7)        0.984   u/records_completed<3>
    SLICE_X37Y9.AMUX     Tilo                  0.337   u/records_completed[6]_PWR_2_o_mod_0/a[3]_a[6]_MUX_101_o
                                                       u/records_completed[6]_PWR_2_o_mod_0/Mmux_a[5]_a[6]_MUX_92_o11
    SLICE_X37Y9.B4       net (fanout=2)        0.361   u/records_completed[6]_PWR_2_o_mod_0/a[5]_a[6]_MUX_92_o
    SLICE_X37Y9.BMUX     Tilo                  0.337   u/records_completed[6]_PWR_2_o_mod_0/a[3]_a[6]_MUX_101_o
                                                       u/records_completed[6]_PWR_2_o_mod_0/Mmux_a[0]_a[6]_MUX_104_o121
    SLICE_X35Y9.D2       net (fanout=2)        0.942   u/records_completed[6]_PWR_2_o_mod_0/a[2]_a[6]_MUX_102_o
    SLICE_X35Y9.D        Tilo                  0.259   u/ones<1>
                                                       u/records_completed[6]_PWR_2_o_mod_0/Mmux_o21
    SLICE_X37Y8.B3       net (fanout=1)        0.605   u/ones<1>
    SLICE_X37Y8.B        Tilo                  0.259   seg_n_0_OBUF
                                                       u/Mmux_digit<1>11
    SLICE_X37Y7.A2       net (fanout=4)        0.773   u/digit<1>
    SLICE_X37Y7.A        Tilo                  0.259   seg_n_6_OBUF
                                                       u/Mram_seg_n61
    L14.O                net (fanout=1)        2.521   seg_n_6_OBUF
    L14.PAD              Tioop                 2.982   seg_n<6>
                                                       seg_n_6_OBUF
                                                       seg_n<6>
    -------------------------------------------------  ---------------------------
    Total                                     11.137ns (4.951ns logic, 6.186ns route)
                                                       (44.5% logic, 55.5% route)

--------------------------------------------------------------------------------
Offset:                 15.094ns (clock path + data path + uncertainty)
  Source:               u/campaign/records_completed_6 (FF)
  Destination:          seg_n<6> (PAD)
  Source Clock:         clk_100mhz_BUFGP rising at 0.000ns
  Data Path Delay:      11.128ns (Levels of Logic = 6)
  Clock Path Delay:     3.941ns (Levels of Logic = 2)
  Clock Uncertainty:    0.025ns

  Clock Uncertainty:          0.025ns  ((TSJ^2 + TIJ^2)^1/2 + DJ) / 2 + PE
    Total System Jitter (TSJ):  0.050ns
    Total Input Jitter (TIJ):   0.000ns
    Discrete Jitter (DJ):       0.000ns
    Phase Error (PE):           0.000ns

  Maximum Clock Path at Slow Process Corner: clk_100mhz to u/campaign/records_completed_6
    Location             Delay type         Delay(ns)  Physical Resource
                                                       Logical Resource(s)
    -------------------------------------------------  -------------------
    V10.I                Tiopi                 1.557   clk_100mhz
                                                       clk_100mhz
                                                       clk_100mhz_BUFGP/IBUFG
                                                       ProtoComp217.IMUX
    BUFGMUX_X3Y13.I0     net (fanout=1)        1.050   clk_100mhz_BUFGP/IBUFG
    BUFGMUX_X3Y13.O      Tgi0o                 0.209   clk_100mhz_BUFGP/BUFG
                                                       clk_100mhz_BUFGP/BUFG
    SLICE_X34Y9.CLK      net (fanout=285)      1.125   clk_100mhz_BUFGP
    -------------------------------------------------  ---------------------------
    Total                                      3.941ns (1.766ns logic, 2.175ns route)
                                                       (44.8% logic, 55.2% route)

  Maximum Data Path at Slow Process Corner: u/campaign/records_completed_6 to seg_n<6>
    Location             Delay type         Delay(ns)  Physical Resource
                                                       Logical Resource(s)
    -------------------------------------------------  -------------------
    SLICE_X34Y9.BQ       Tcko                  0.525   u/ones<0>
                                                       u/campaign/records_completed_6
    SLICE_X37Y9.A5       net (fanout=6)        0.665   u/records_completed<6>
    SLICE_X37Y9.A        Tilo                  0.259   u/records_completed[6]_PWR_2_o_mod_0/a[3]_a[6]_MUX_101_o
                                                       u/records_completed[6]_PWR_2_o_mod_0/Mmux_a[0]_a[6]_MUX_97_o131
    SLICE_X37Y9.B5       net (fanout=2)        0.742   u/records_completed[6]_PWR_2_o_mod_0/a[3]_a[6]_MUX_94_o
    SLICE_X37Y9.BMUX     Tilo                  0.337   u/records_completed[6]_PWR_2_o_mod_0/a[3]_a[6]_MUX_101_o
                                                       u/records_completed[6]_PWR_2_o_mod_0/Mmux_a[0]_a[6]_MUX_104_o121
    SLICE_X35Y9.D2       net (fanout=2)        0.942   u/records_completed[6]_PWR_2_o_mod_0/a[2]_a[6]_MUX_102_o
    SLICE_X35Y9.D        Tilo                  0.259   u/ones<1>
                                                       u/records_completed[6]_PWR_2_o_mod_0/Mmux_o21
    SLICE_X37Y8.B3       net (fanout=1)        0.605   u/ones<1>
    SLICE_X37Y8.B        Tilo                  0.259   seg_n_0_OBUF
                                                       u/Mmux_digit<1>11
    SLICE_X37Y7.A2       net (fanout=4)        0.773   u/digit<1>
    SLICE_X37Y7.A        Tilo                  0.259   seg_n_6_OBUF
                                                       u/Mram_seg_n61
    L14.O                net (fanout=1)        2.521   seg_n_6_OBUF
    L14.PAD              Tioop                 2.982   seg_n<6>
                                                       seg_n_6_OBUF
                                                       seg_n<6>
    -------------------------------------------------  ---------------------------
    Total                                     11.128ns (4.880ns logic, 6.248ns route)
                                                       (43.9% logic, 56.1% route)

--------------------------------------------------------------------------------

Paths for end point seg_n<3> (U18.PAD), 171 paths
--------------------------------------------------------------------------------
Offset:                 15.387ns (clock path + data path + uncertainty)
  Source:               u/campaign/records_completed_3 (FF)
  Destination:          seg_n<3> (PAD)
  Source Clock:         clk_100mhz_BUFGP rising at 0.000ns
  Data Path Delay:      11.428ns (Levels of Logic = 6)
  Clock Path Delay:     3.934ns (Levels of Logic = 2)
  Clock Uncertainty:    0.025ns

  Clock Uncertainty:          0.025ns  ((TSJ^2 + TIJ^2)^1/2 + DJ) / 2 + PE
    Total System Jitter (TSJ):  0.050ns
    Total Input Jitter (TIJ):   0.000ns
    Discrete Jitter (DJ):       0.000ns
    Phase Error (PE):           0.000ns

  Maximum Clock Path at Slow Process Corner: clk_100mhz to u/campaign/records_completed_3
    Location             Delay type         Delay(ns)  Physical Resource
                                                       Logical Resource(s)
    -------------------------------------------------  -------------------
    V10.I                Tiopi                 1.557   clk_100mhz
                                                       clk_100mhz
                                                       clk_100mhz_BUFGP/IBUFG
                                                       ProtoComp217.IMUX
    BUFGMUX_X3Y13.I0     net (fanout=1)        1.050   clk_100mhz_BUFGP/IBUFG
    BUFGMUX_X3Y13.O      Tgi0o                 0.209   clk_100mhz_BUFGP/BUFG
                                                       clk_100mhz_BUFGP/BUFG
    SLICE_X33Y9.CLK      net (fanout=285)      1.118   clk_100mhz_BUFGP
    -------------------------------------------------  ---------------------------
    Total                                      3.934ns (1.766ns logic, 2.168ns route)
                                                       (44.9% logic, 55.1% route)

  Maximum Data Path at Slow Process Corner: u/campaign/records_completed_3 to seg_n<3>
    Location             Delay type         Delay(ns)  Physical Resource
                                                       Logical Resource(s)
    -------------------------------------------------  -------------------
    SLICE_X33Y9.BMUX     Tshcko                0.518   u/records_completed<5>
                                                       u/campaign/records_completed_3
    SLICE_X37Y9.A4       net (fanout=7)        0.984   u/records_completed<3>
    SLICE_X37Y9.A        Tilo                  0.259   u/records_completed[6]_PWR_2_o_mod_0/a[3]_a[6]_MUX_101_o
                                                       u/records_completed[6]_PWR_2_o_mod_0/Mmux_a[0]_a[6]_MUX_97_o131
    SLICE_X37Y9.B5       net (fanout=2)        0.742   u/records_completed[6]_PWR_2_o_mod_0/a[3]_a[6]_MUX_94_o
    SLICE_X37Y9.BMUX     Tilo                  0.337   u/records_completed[6]_PWR_2_o_mod_0/a[3]_a[6]_MUX_101_o
                                                       u/records_completed[6]_PWR_2_o_mod_0/Mmux_a[0]_a[6]_MUX_104_o121
    SLICE_X35Y9.D2       net (fanout=2)        0.942   u/records_completed[6]_PWR_2_o_mod_0/a[2]_a[6]_MUX_102_o
    SLICE_X35Y9.D        Tilo                  0.259   u/ones<1>
                                                       u/records_completed[6]_PWR_2_o_mod_0/Mmux_o21
    SLICE_X37Y8.B3       net (fanout=1)        0.605   u/ones<1>
    SLICE_X37Y8.B        Tilo                  0.259   seg_n_0_OBUF
                                                       u/Mmux_digit<1>11
    SLICE_X37Y7.A2       net (fanout=4)        0.773   u/digit<1>
    SLICE_X37Y7.AMUX     Tilo                  0.337   seg_n_6_OBUF
                                                       u/Mram_seg_n31
    U18.O                net (fanout=1)        2.431   seg_n_3_OBUF
    U18.PAD              Tioop                 2.982   seg_n<3>
                                                       seg_n_3_OBUF
                                                       seg_n<3>
    -------------------------------------------------  ---------------------------
    Total                                     11.428ns (4.951ns logic, 6.477ns route)
                                                       (43.3% logic, 56.7% route)

--------------------------------------------------------------------------------
Offset:                 15.352ns (clock path + data path + uncertainty)
  Source:               u/campaign/records_completed_5 (FF)
  Destination:          seg_n<3> (PAD)
  Source Clock:         clk_100mhz_BUFGP rising at 0.000ns
  Data Path Delay:      11.393ns (Levels of Logic = 6)
  Clock Path Delay:     3.934ns (Levels of Logic = 2)
  Clock Uncertainty:    0.025ns

  Clock Uncertainty:          0.025ns  ((TSJ^2 + TIJ^2)^1/2 + DJ) / 2 + PE
    Total System Jitter (TSJ):  0.050ns
    Total Input Jitter (TIJ):   0.000ns
    Discrete Jitter (DJ):       0.000ns
    Phase Error (PE):           0.000ns

  Maximum Clock Path at Slow Process Corner: clk_100mhz to u/campaign/records_completed_5
    Location             Delay type         Delay(ns)  Physical Resource
                                                       Logical Resource(s)
    -------------------------------------------------  -------------------
    V10.I                Tiopi                 1.557   clk_100mhz
                                                       clk_100mhz
                                                       clk_100mhz_BUFGP/IBUFG
                                                       ProtoComp217.IMUX
    BUFGMUX_X3Y13.I0     net (fanout=1)        1.050   clk_100mhz_BUFGP/IBUFG
    BUFGMUX_X3Y13.O      Tgi0o                 0.209   clk_100mhz_BUFGP/BUFG
                                                       clk_100mhz_BUFGP/BUFG
    SLICE_X33Y9.CLK      net (fanout=285)      1.118   clk_100mhz_BUFGP
    -------------------------------------------------  ---------------------------
    Total                                      3.934ns (1.766ns logic, 2.168ns route)
                                                       (44.9% logic, 55.1% route)

  Maximum Data Path at Slow Process Corner: u/campaign/records_completed_5 to seg_n<3>
    Location             Delay type         Delay(ns)  Physical Resource
                                                       Logical Resource(s)
    -------------------------------------------------  -------------------
    SLICE_X33Y9.CQ       Tcko                  0.430   u/records_completed<5>
                                                       u/campaign/records_completed_5
    SLICE_X37Y9.A3       net (fanout=7)        1.037   u/records_completed<5>
    SLICE_X37Y9.A        Tilo                  0.259   u/records_completed[6]_PWR_2_o_mod_0/a[3]_a[6]_MUX_101_o
                                                       u/records_completed[6]_PWR_2_o_mod_0/Mmux_a[0]_a[6]_MUX_97_o131
    SLICE_X37Y9.B5       net (fanout=2)        0.742   u/records_completed[6]_PWR_2_o_mod_0/a[3]_a[6]_MUX_94_o
    SLICE_X37Y9.BMUX     Tilo                  0.337   u/records_completed[6]_PWR_2_o_mod_0/a[3]_a[6]_MUX_101_o
                                                       u/records_completed[6]_PWR_2_o_mod_0/Mmux_a[0]_a[6]_MUX_104_o121
    SLICE_X35Y9.D2       net (fanout=2)        0.942   u/records_completed[6]_PWR_2_o_mod_0/a[2]_a[6]_MUX_102_o
    SLICE_X35Y9.D        Tilo                  0.259   u/ones<1>
                                                       u/records_completed[6]_PWR_2_o_mod_0/Mmux_o21
    SLICE_X37Y8.B3       net (fanout=1)        0.605   u/ones<1>
    SLICE_X37Y8.B        Tilo                  0.259   seg_n_0_OBUF
                                                       u/Mmux_digit<1>11
    SLICE_X37Y7.A2       net (fanout=4)        0.773   u/digit<1>
    SLICE_X37Y7.AMUX     Tilo                  0.337   seg_n_6_OBUF
                                                       u/Mram_seg_n31
    U18.O                net (fanout=1)        2.431   seg_n_3_OBUF
    U18.PAD              Tioop                 2.982   seg_n<3>
                                                       seg_n_3_OBUF
                                                       seg_n<3>
    -------------------------------------------------  ---------------------------
    Total                                     11.393ns (4.863ns logic, 6.530ns route)
                                                       (42.7% logic, 57.3% route)

--------------------------------------------------------------------------------
Offset:                 15.335ns (clock path + data path + uncertainty)
  Source:               u/campaign/records_completed_3 (FF)
  Destination:          seg_n<3> (PAD)
  Source Clock:         clk_100mhz_BUFGP rising at 0.000ns
  Data Path Delay:      11.376ns (Levels of Logic = 6)
  Clock Path Delay:     3.934ns (Levels of Logic = 2)
  Clock Uncertainty:    0.025ns

  Clock Uncertainty:          0.025ns  ((TSJ^2 + TIJ^2)^1/2 + DJ) / 2 + PE
    Total System Jitter (TSJ):  0.050ns
    Total Input Jitter (TIJ):   0.000ns
    Discrete Jitter (DJ):       0.000ns
    Phase Error (PE):           0.000ns

  Maximum Clock Path at Slow Process Corner: clk_100mhz to u/campaign/records_completed_3
    Location             Delay type         Delay(ns)  Physical Resource
                                                       Logical Resource(s)
    -------------------------------------------------  -------------------
    V10.I                Tiopi                 1.557   clk_100mhz
                                                       clk_100mhz
                                                       clk_100mhz_BUFGP/IBUFG
                                                       ProtoComp217.IMUX
    BUFGMUX_X3Y13.I0     net (fanout=1)        1.050   clk_100mhz_BUFGP/IBUFG
    BUFGMUX_X3Y13.O      Tgi0o                 0.209   clk_100mhz_BUFGP/BUFG
                                                       clk_100mhz_BUFGP/BUFG
    SLICE_X33Y9.CLK      net (fanout=285)      1.118   clk_100mhz_BUFGP
    -------------------------------------------------  ---------------------------
    Total                                      3.934ns (1.766ns logic, 2.168ns route)
                                                       (44.9% logic, 55.1% route)

  Maximum Data Path at Slow Process Corner: u/campaign/records_completed_3 to seg_n<3>
    Location             Delay type         Delay(ns)  Physical Resource
                                                       Logical Resource(s)
    -------------------------------------------------  -------------------
    SLICE_X33Y9.BMUX     Tshcko                0.518   u/records_completed<5>
                                                       u/campaign/records_completed_3
    SLICE_X37Y9.A4       net (fanout=7)        0.984   u/records_completed<3>
    SLICE_X37Y9.A        Tilo                  0.259   u/records_completed[6]_PWR_2_o_mod_0/a[3]_a[6]_MUX_101_o
                                                       u/records_completed[6]_PWR_2_o_mod_0/Mmux_a[0]_a[6]_MUX_97_o131
    SLICE_X37Y9.B5       net (fanout=2)        0.742   u/records_completed[6]_PWR_2_o_mod_0/a[3]_a[6]_MUX_94_o
    SLICE_X37Y9.BMUX     Tilo                  0.337   u/records_completed[6]_PWR_2_o_mod_0/a[3]_a[6]_MUX_101_o
                                                       u/records_completed[6]_PWR_2_o_mod_0/Mmux_a[0]_a[6]_MUX_104_o121
    SLICE_X35Y9.D2       net (fanout=2)        0.942   u/records_completed[6]_PWR_2_o_mod_0/a[2]_a[6]_MUX_102_o
    SLICE_X35Y9.DMUX     Tilo                  0.337   u/ones<1>
                                                       u/records_completed[6]_PWR_2_o_mod_0/Mmux_o41
    SLICE_X34Y7.A1       net (fanout=1)        0.805   u/ones<3>
    SLICE_X34Y7.A        Tilo                  0.254   seg_n_4_OBUF
                                                       u/Mmux_digit<3>11
    SLICE_X37Y7.A5       net (fanout=4)        0.448   u/digit<3>
    SLICE_X37Y7.AMUX     Tilo                  0.337   seg_n_6_OBUF
                                                       u/Mram_seg_n31
    U18.O                net (fanout=1)        2.431   seg_n_3_OBUF
    U18.PAD              Tioop                 2.982   seg_n<3>
                                                       seg_n_3_OBUF
                                                       seg_n<3>
    -------------------------------------------------  ---------------------------
    Total                                     11.376ns (5.024ns logic, 6.352ns route)
                                                       (44.2% logic, 55.8% route)

--------------------------------------------------------------------------------
Offset:                 15.300ns (clock path + data path + uncertainty)
  Source:               u/campaign/records_completed_5 (FF)
  Destination:          seg_n<3> (PAD)
  Source Clock:         clk_100mhz_BUFGP rising at 0.000ns
  Data Path Delay:      11.341ns (Levels of Logic = 6)
  Clock Path Delay:     3.934ns (Levels of Logic = 2)
  Clock Uncertainty:    0.025ns

  Clock Uncertainty:          0.025ns  ((TSJ^2 + TIJ^2)^1/2 + DJ) / 2 + PE
    Total System Jitter (TSJ):  0.050ns
    Total Input Jitter (TIJ):   0.000ns
    Discrete Jitter (DJ):       0.000ns
    Phase Error (PE):           0.000ns

  Maximum Clock Path at Slow Process Corner: clk_100mhz to u/campaign/records_completed_5
    Location             Delay type         Delay(ns)  Physical Resource
                                                       Logical Resource(s)
    -------------------------------------------------  -------------------
    V10.I                Tiopi                 1.557   clk_100mhz
                                                       clk_100mhz
                                                       clk_100mhz_BUFGP/IBUFG
                                                       ProtoComp217.IMUX
    BUFGMUX_X3Y13.I0     net (fanout=1)        1.050   clk_100mhz_BUFGP/IBUFG
    BUFGMUX_X3Y13.O      Tgi0o                 0.209   clk_100mhz_BUFGP/BUFG
                                                       clk_100mhz_BUFGP/BUFG
    SLICE_X33Y9.CLK      net (fanout=285)      1.118   clk_100mhz_BUFGP
    -------------------------------------------------  ---------------------------
    Total                                      3.934ns (1.766ns logic, 2.168ns route)
                                                       (44.9% logic, 55.1% route)

  Maximum Data Path at Slow Process Corner: u/campaign/records_completed_5 to seg_n<3>
    Location             Delay type         Delay(ns)  Physical Resource
                                                       Logical Resource(s)
    -------------------------------------------------  -------------------
    SLICE_X33Y9.CQ       Tcko                  0.430   u/records_completed<5>
                                                       u/campaign/records_completed_5
    SLICE_X37Y9.A3       net (fanout=7)        1.037   u/records_completed<5>
    SLICE_X37Y9.A        Tilo                  0.259   u/records_completed[6]_PWR_2_o_mod_0/a[3]_a[6]_MUX_101_o
                                                       u/records_completed[6]_PWR_2_o_mod_0/Mmux_a[0]_a[6]_MUX_97_o131
    SLICE_X37Y9.B5       net (fanout=2)        0.742   u/records_completed[6]_PWR_2_o_mod_0/a[3]_a[6]_MUX_94_o
    SLICE_X37Y9.BMUX     Tilo                  0.337   u/records_completed[6]_PWR_2_o_mod_0/a[3]_a[6]_MUX_101_o
                                                       u/records_completed[6]_PWR_2_o_mod_0/Mmux_a[0]_a[6]_MUX_104_o121
    SLICE_X35Y9.D2       net (fanout=2)        0.942   u/records_completed[6]_PWR_2_o_mod_0/a[2]_a[6]_MUX_102_o
    SLICE_X35Y9.DMUX     Tilo                  0.337   u/ones<1>
                                                       u/records_completed[6]_PWR_2_o_mod_0/Mmux_o41
    SLICE_X34Y7.A1       net (fanout=1)        0.805   u/ones<3>
    SLICE_X34Y7.A        Tilo                  0.254   seg_n_4_OBUF
                                                       u/Mmux_digit<3>11
    SLICE_X37Y7.A5       net (fanout=4)        0.448   u/digit<3>
    SLICE_X37Y7.AMUX     Tilo                  0.337   seg_n_6_OBUF
                                                       u/Mram_seg_n31
    U18.O                net (fanout=1)        2.431   seg_n_3_OBUF
    U18.PAD              Tioop                 2.982   seg_n<3>
                                                       seg_n_3_OBUF
                                                       seg_n<3>
    -------------------------------------------------  ---------------------------
    Total                                     11.341ns (4.936ns logic, 6.405ns route)
                                                       (43.5% logic, 56.5% route)

--------------------------------------------------------------------------------
Offset:                 15.259ns (clock path + data path + uncertainty)
  Source:               u/campaign/records_completed_4 (FF)
  Destination:          seg_n<3> (PAD)
  Source Clock:         clk_100mhz_BUFGP rising at 0.000ns
  Data Path Delay:      11.293ns (Levels of Logic = 6)
  Clock Path Delay:     3.941ns (Levels of Logic = 2)
  Clock Uncertainty:    0.025ns

  Clock Uncertainty:          0.025ns  ((TSJ^2 + TIJ^2)^1/2 + DJ) / 2 + PE
    Total System Jitter (TSJ):  0.050ns
    Total Input Jitter (TIJ):   0.000ns
    Discrete Jitter (DJ):       0.000ns
    Phase Error (PE):           0.000ns

  Maximum Clock Path at Slow Process Corner: clk_100mhz to u/campaign/records_completed_4
    Location             Delay type         Delay(ns)  Physical Resource
                                                       Logical Resource(s)
    -------------------------------------------------  -------------------
    V10.I                Tiopi                 1.557   clk_100mhz
                                                       clk_100mhz
                                                       clk_100mhz_BUFGP/IBUFG
                                                       ProtoComp217.IMUX
    BUFGMUX_X3Y13.I0     net (fanout=1)        1.050   clk_100mhz_BUFGP/IBUFG
    BUFGMUX_X3Y13.O      Tgi0o                 0.209   clk_100mhz_BUFGP/BUFG
                                                       clk_100mhz_BUFGP/BUFG
    SLICE_X34Y9.CLK      net (fanout=285)      1.125   clk_100mhz_BUFGP
    -------------------------------------------------  ---------------------------
    Total                                      3.941ns (1.766ns logic, 2.175ns route)
                                                       (44.8% logic, 55.2% route)

  Maximum Data Path at Slow Process Corner: u/campaign/records_completed_4 to seg_n<3>
    Location             Delay type         Delay(ns)  Physical Resource
                                                       Logical Resource(s)
    -------------------------------------------------  -------------------
    SLICE_X34Y9.CMUX     Tshcko                0.576   u/ones<0>
                                                       u/campaign/records_completed_4
    SLICE_X37Y9.A1       net (fanout=7)        0.791   u/records_completed<4>
    SLICE_X37Y9.A        Tilo                  0.259   u/records_completed[6]_PWR_2_o_mod_0/a[3]_a[6]_MUX_101_o
                                                       u/records_completed[6]_PWR_2_o_mod_0/Mmux_a[0]_a[6]_MUX_97_o131
    SLICE_X37Y9.B5       net (fanout=2)        0.742   u/records_completed[6]_PWR_2_o_mod_0/a[3]_a[6]_MUX_94_o
    SLICE_X37Y9.BMUX     Tilo                  0.337   u/records_completed[6]_PWR_2_o_mod_0/a[3]_a[6]_MUX_101_o
                                                       u/records_completed[6]_PWR_2_o_mod_0/Mmux_a[0]_a[6]_MUX_104_o121
    SLICE_X35Y9.D2       net (fanout=2)        0.942   u/records_completed[6]_PWR_2_o_mod_0/a[2]_a[6]_MUX_102_o
    SLICE_X35Y9.D        Tilo                  0.259   u/ones<1>
                                                       u/records_completed[6]_PWR_2_o_mod_0/Mmux_o21
    SLICE_X37Y8.B3       net (fanout=1)        0.605   u/ones<1>
    SLICE_X37Y8.B        Tilo                  0.259   seg_n_0_OBUF
                                                       u/Mmux_digit<1>11
    SLICE_X37Y7.A2       net (fanout=4)        0.773   u/digit<1>
    SLICE_X37Y7.AMUX     Tilo                  0.337   seg_n_6_OBUF
                                                       u/Mram_seg_n31
    U18.O                net (fanout=1)        2.431   seg_n_3_OBUF
    U18.PAD              Tioop                 2.982   seg_n<3>
                                                       seg_n_3_OBUF
                                                       seg_n<3>
    -------------------------------------------------  ---------------------------
    Total                                     11.293ns (5.009ns logic, 6.284ns route)
                                                       (44.4% logic, 55.6% route)

--------------------------------------------------------------------------------
Offset:                 15.207ns (clock path + data path + uncertainty)
  Source:               u/campaign/records_completed_4 (FF)
  Destination:          seg_n<3> (PAD)
  Source Clock:         clk_100mhz_BUFGP rising at 0.000ns
  Data Path Delay:      11.241ns (Levels of Logic = 6)
  Clock Path Delay:     3.941ns (Levels of Logic = 2)
  Clock Uncertainty:    0.025ns

  Clock Uncertainty:          0.025ns  ((TSJ^2 + TIJ^2)^1/2 + DJ) / 2 + PE
    Total System Jitter (TSJ):  0.050ns
    Total Input Jitter (TIJ):   0.000ns
    Discrete Jitter (DJ):       0.000ns
    Phase Error (PE):           0.000ns

  Maximum Clock Path at Slow Process Corner: clk_100mhz to u/campaign/records_completed_4
    Location             Delay type         Delay(ns)  Physical Resource
                                                       Logical Resource(s)
    -------------------------------------------------  -------------------
    V10.I                Tiopi                 1.557   clk_100mhz
                                                       clk_100mhz
                                                       clk_100mhz_BUFGP/IBUFG
                                                       ProtoComp217.IMUX
    BUFGMUX_X3Y13.I0     net (fanout=1)        1.050   clk_100mhz_BUFGP/IBUFG
    BUFGMUX_X3Y13.O      Tgi0o                 0.209   clk_100mhz_BUFGP/BUFG
                                                       clk_100mhz_BUFGP/BUFG
    SLICE_X34Y9.CLK      net (fanout=285)      1.125   clk_100mhz_BUFGP
    -------------------------------------------------  ---------------------------
    Total                                      3.941ns (1.766ns logic, 2.175ns route)
                                                       (44.8% logic, 55.2% route)

  Maximum Data Path at Slow Process Corner: u/campaign/records_completed_4 to seg_n<3>
    Location             Delay type         Delay(ns)  Physical Resource
                                                       Logical Resource(s)
    -------------------------------------------------  -------------------
    SLICE_X34Y9.CMUX     Tshcko                0.576   u/ones<0>
                                                       u/campaign/records_completed_4
    SLICE_X37Y9.A1       net (fanout=7)        0.791   u/records_completed<4>
    SLICE_X37Y9.A        Tilo                  0.259   u/records_completed[6]_PWR_2_o_mod_0/a[3]_a[6]_MUX_101_o
                                                       u/records_completed[6]_PWR_2_o_mod_0/Mmux_a[0]_a[6]_MUX_97_o131
    SLICE_X37Y9.B5       net (fanout=2)        0.742   u/records_completed[6]_PWR_2_o_mod_0/a[3]_a[6]_MUX_94_o
    SLICE_X37Y9.BMUX     Tilo                  0.337   u/records_completed[6]_PWR_2_o_mod_0/a[3]_a[6]_MUX_101_o
                                                       u/records_completed[6]_PWR_2_o_mod_0/Mmux_a[0]_a[6]_MUX_104_o121
    SLICE_X35Y9.D2       net (fanout=2)        0.942   u/records_completed[6]_PWR_2_o_mod_0/a[2]_a[6]_MUX_102_o
    SLICE_X35Y9.DMUX     Tilo                  0.337   u/ones<1>
                                                       u/records_completed[6]_PWR_2_o_mod_0/Mmux_o41
    SLICE_X34Y7.A1       net (fanout=1)        0.805   u/ones<3>
    SLICE_X34Y7.A        Tilo                  0.254   seg_n_4_OBUF
                                                       u/Mmux_digit<3>11
    SLICE_X37Y7.A5       net (fanout=4)        0.448   u/digit<3>
    SLICE_X37Y7.AMUX     Tilo                  0.337   seg_n_6_OBUF
                                                       u/Mram_seg_n31
    U18.O                net (fanout=1)        2.431   seg_n_3_OBUF
    U18.PAD              Tioop                 2.982   seg_n<3>
                                                       seg_n_3_OBUF
                                                       seg_n<3>
    -------------------------------------------------  ---------------------------
    Total                                     11.241ns (5.082ns logic, 6.159ns route)
                                                       (45.2% logic, 54.8% route)

--------------------------------------------------------------------------------
Offset:                 15.109ns (clock path + data path + uncertainty)
  Source:               u/campaign/records_completed_3 (FF)
  Destination:          seg_n<3> (PAD)
  Source Clock:         clk_100mhz_BUFGP rising at 0.000ns
  Data Path Delay:      11.150ns (Levels of Logic = 6)
  Clock Path Delay:     3.934ns (Levels of Logic = 2)
  Clock Uncertainty:    0.025ns

  Clock Uncertainty:          0.025ns  ((TSJ^2 + TIJ^2)^1/2 + DJ) / 2 + PE
    Total System Jitter (TSJ):  0.050ns
    Total Input Jitter (TIJ):   0.000ns
    Discrete Jitter (DJ):       0.000ns
    Phase Error (PE):           0.000ns

  Maximum Clock Path at Slow Process Corner: clk_100mhz to u/campaign/records_completed_3
    Location             Delay type         Delay(ns)  Physical Resource
                                                       Logical Resource(s)
    -------------------------------------------------  -------------------
    V10.I                Tiopi                 1.557   clk_100mhz
                                                       clk_100mhz
                                                       clk_100mhz_BUFGP/IBUFG
                                                       ProtoComp217.IMUX
    BUFGMUX_X3Y13.I0     net (fanout=1)        1.050   clk_100mhz_BUFGP/IBUFG
    BUFGMUX_X3Y13.O      Tgi0o                 0.209   clk_100mhz_BUFGP/BUFG
                                                       clk_100mhz_BUFGP/BUFG
    SLICE_X33Y9.CLK      net (fanout=285)      1.118   clk_100mhz_BUFGP
    -------------------------------------------------  ---------------------------
    Total                                      3.934ns (1.766ns logic, 2.168ns route)
                                                       (44.9% logic, 55.1% route)

  Maximum Data Path at Slow Process Corner: u/campaign/records_completed_3 to seg_n<3>
    Location             Delay type         Delay(ns)  Physical Resource
                                                       Logical Resource(s)
    -------------------------------------------------  -------------------
    SLICE_X33Y9.BMUX     Tshcko                0.518   u/records_completed<5>
                                                       u/campaign/records_completed_3
    SLICE_X37Y9.A4       net (fanout=7)        0.984   u/records_completed<3>
    SLICE_X37Y9.A        Tilo                  0.259   u/records_completed[6]_PWR_2_o_mod_0/a[3]_a[6]_MUX_101_o
                                                       u/records_completed[6]_PWR_2_o_mod_0/Mmux_a[0]_a[6]_MUX_97_o131
    SLICE_X37Y9.B5       net (fanout=2)        0.742   u/records_completed[6]_PWR_2_o_mod_0/a[3]_a[6]_MUX_94_o
    SLICE_X37Y9.B        Tilo                  0.259   u/records_completed[6]_PWR_2_o_mod_0/a[3]_a[6]_MUX_101_o
                                                       u/records_completed[6]_PWR_2_o_mod_0/Mmux_a[0]_a[6]_MUX_104_o131
    SLICE_X35Y9.D1       net (fanout=2)        0.742   u/records_completed[6]_PWR_2_o_mod_0/a[3]_a[6]_MUX_101_o
    SLICE_X35Y9.D        Tilo                  0.259   u/ones<1>
                                                       u/records_completed[6]_PWR_2_o_mod_0/Mmux_o21
    SLICE_X37Y8.B3       net (fanout=1)        0.605   u/ones<1>
    SLICE_X37Y8.B        Tilo                  0.259   seg_n_0_OBUF
                                                       u/Mmux_digit<1>11
    SLICE_X37Y7.A2       net (fanout=4)        0.773   u/digit<1>
    SLICE_X37Y7.AMUX     Tilo                  0.337   seg_n_6_OBUF
                                                       u/Mram_seg_n31
    U18.O                net (fanout=1)        2.431   seg_n_3_OBUF
    U18.PAD              Tioop                 2.982   seg_n<3>
                                                       seg_n_3_OBUF
                                                       seg_n<3>
    -------------------------------------------------  ---------------------------
    Total                                     11.150ns (4.873ns logic, 6.277ns route)
                                                       (43.7% logic, 56.3% route)

--------------------------------------------------------------------------------
Offset:                 15.085ns (clock path + data path + uncertainty)
  Source:               u/campaign/records_completed_3 (FF)
  Destination:          seg_n<3> (PAD)
  Source Clock:         clk_100mhz_BUFGP rising at 0.000ns
  Data Path Delay:      11.126ns (Levels of Logic = 6)
  Clock Path Delay:     3.934ns (Levels of Logic = 2)
  Clock Uncertainty:    0.025ns

  Clock Uncertainty:          0.025ns  ((TSJ^2 + TIJ^2)^1/2 + DJ) / 2 + PE
    Total System Jitter (TSJ):  0.050ns
    Total Input Jitter (TIJ):   0.000ns
    Discrete Jitter (DJ):       0.000ns
    Phase Error (PE):           0.000ns

  Maximum Clock Path at Slow Process Corner: clk_100mhz to u/campaign/records_completed_3
    Location             Delay type         Delay(ns)  Physical Resource
                                                       Logical Resource(s)
    -------------------------------------------------  -------------------
    V10.I                Tiopi                 1.557   clk_100mhz
                                                       clk_100mhz
                                                       clk_100mhz_BUFGP/IBUFG
                                                       ProtoComp217.IMUX
    BUFGMUX_X3Y13.I0     net (fanout=1)        1.050   clk_100mhz_BUFGP/IBUFG
    BUFGMUX_X3Y13.O      Tgi0o                 0.209   clk_100mhz_BUFGP/BUFG
                                                       clk_100mhz_BUFGP/BUFG
    SLICE_X33Y9.CLK      net (fanout=285)      1.118   clk_100mhz_BUFGP
    -------------------------------------------------  ---------------------------
    Total                                      3.934ns (1.766ns logic, 2.168ns route)
                                                       (44.9% logic, 55.1% route)

  Maximum Data Path at Slow Process Corner: u/campaign/records_completed_3 to seg_n<3>
    Location             Delay type         Delay(ns)  Physical Resource
                                                       Logical Resource(s)
    -------------------------------------------------  -------------------
    SLICE_X33Y9.BMUX     Tshcko                0.518   u/records_completed<5>
                                                       u/campaign/records_completed_3
    SLICE_X35Y9.A3       net (fanout=7)        0.812   u/records_completed<3>
    SLICE_X35Y9.A        Tilo                  0.259   u/ones<1>
                                                       u/records_completed[6]_PWR_2_o_mod_0/Mmux_a[4]_a[6]_MUX_93_o11
    SLICE_X37Y9.B3       net (fanout=2)        0.612   u/records_completed[6]_PWR_2_o_mod_0/a[4]_a[6]_MUX_93_o
    SLICE_X37Y9.BMUX     Tilo                  0.337   u/records_completed[6]_PWR_2_o_mod_0/a[3]_a[6]_MUX_101_o
                                                       u/records_completed[6]_PWR_2_o_mod_0/Mmux_a[0]_a[6]_MUX_104_o121
    SLICE_X35Y9.D2       net (fanout=2)        0.942   u/records_completed[6]_PWR_2_o_mod_0/a[2]_a[6]_MUX_102_o
    SLICE_X35Y9.D        Tilo                  0.259   u/ones<1>
                                                       u/records_completed[6]_PWR_2_o_mod_0/Mmux_o21
    SLICE_X37Y8.B3       net (fanout=1)        0.605   u/ones<1>
    SLICE_X37Y8.B        Tilo                  0.259   seg_n_0_OBUF
                                                       u/Mmux_digit<1>11
    SLICE_X37Y7.A2       net (fanout=4)        0.773   u/digit<1>
    SLICE_X37Y7.AMUX     Tilo                  0.337   seg_n_6_OBUF
                                                       u/Mram_seg_n31
    U18.O                net (fanout=1)        2.431   seg_n_3_OBUF
    U18.PAD              Tioop                 2.982   seg_n<3>
                                                       seg_n_3_OBUF
                                                       seg_n<3>
    -------------------------------------------------  ---------------------------
    Total                                     11.126ns (4.951ns logic, 6.175ns route)
                                                       (44.5% logic, 55.5% route)

--------------------------------------------------------------------------------
Offset:                 15.084ns (clock path + data path + uncertainty)
  Source:               u/campaign/records_completed_3 (FF)
  Destination:          seg_n<3> (PAD)
  Source Clock:         clk_100mhz_BUFGP rising at 0.000ns
  Data Path Delay:      11.125ns (Levels of Logic = 6)
  Clock Path Delay:     3.934ns (Levels of Logic = 2)
  Clock Uncertainty:    0.025ns

  Clock Uncertainty:          0.025ns  ((TSJ^2 + TIJ^2)^1/2 + DJ) / 2 + PE
    Total System Jitter (TSJ):  0.050ns
    Total Input Jitter (TIJ):   0.000ns
    Discrete Jitter (DJ):       0.000ns
    Phase Error (PE):           0.000ns

  Maximum Clock Path at Slow Process Corner: clk_100mhz to u/campaign/records_completed_3
    Location             Delay type         Delay(ns)  Physical Resource
                                                       Logical Resource(s)
    -------------------------------------------------  -------------------
    V10.I                Tiopi                 1.557   clk_100mhz
                                                       clk_100mhz
                                                       clk_100mhz_BUFGP/IBUFG
                                                       ProtoComp217.IMUX
    BUFGMUX_X3Y13.I0     net (fanout=1)        1.050   clk_100mhz_BUFGP/IBUFG
    BUFGMUX_X3Y13.O      Tgi0o                 0.209   clk_100mhz_BUFGP/BUFG
                                                       clk_100mhz_BUFGP/BUFG
    SLICE_X33Y9.CLK      net (fanout=285)      1.118   clk_100mhz_BUFGP
    -------------------------------------------------  ---------------------------
    Total                                      3.934ns (1.766ns logic, 2.168ns route)
                                                       (44.9% logic, 55.1% route)

  Maximum Data Path at Slow Process Corner: u/campaign/records_completed_3 to seg_n<3>
    Location             Delay type         Delay(ns)  Physical Resource
                                                       Logical Resource(s)
    -------------------------------------------------  -------------------
    SLICE_X33Y9.BMUX     Tshcko                0.518   u/records_completed<5>
                                                       u/campaign/records_completed_3
    SLICE_X37Y9.A4       net (fanout=7)        0.984   u/records_completed<3>
    SLICE_X37Y9.AMUX     Tilo                  0.337   u/records_completed[6]_PWR_2_o_mod_0/a[3]_a[6]_MUX_101_o
                                                       u/records_completed[6]_PWR_2_o_mod_0/Mmux_a[5]_a[6]_MUX_92_o11
    SLICE_X37Y9.B4       net (fanout=2)        0.361   u/records_completed[6]_PWR_2_o_mod_0/a[5]_a[6]_MUX_92_o
    SLICE_X37Y9.BMUX     Tilo                  0.337   u/records_completed[6]_PWR_2_o_mod_0/a[3]_a[6]_MUX_101_o
                                                       u/records_completed[6]_PWR_2_o_mod_0/Mmux_a[0]_a[6]_MUX_104_o121
    SLICE_X35Y9.D2       net (fanout=2)        0.942   u/records_completed[6]_PWR_2_o_mod_0/a[2]_a[6]_MUX_102_o
    SLICE_X35Y9.D        Tilo                  0.259   u/ones<1>
                                                       u/records_completed[6]_PWR_2_o_mod_0/Mmux_o21
    SLICE_X37Y8.B3       net (fanout=1)        0.605   u/ones<1>
    SLICE_X37Y8.B        Tilo                  0.259   seg_n_0_OBUF
                                                       u/Mmux_digit<1>11
    SLICE_X37Y7.A2       net (fanout=4)        0.773   u/digit<1>
    SLICE_X37Y7.AMUX     Tilo                  0.337   seg_n_6_OBUF
                                                       u/Mram_seg_n31
    U18.O                net (fanout=1)        2.431   seg_n_3_OBUF
    U18.PAD              Tioop                 2.982   seg_n<3>
                                                       seg_n_3_OBUF
                                                       seg_n<3>
    -------------------------------------------------  ---------------------------
    Total                                     11.125ns (5.029ns logic, 6.096ns route)
                                                       (45.2% logic, 54.8% route)

--------------------------------------------------------------------------------
Offset:                 15.082ns (clock path + data path + uncertainty)
  Source:               u/campaign/records_completed_6 (FF)
  Destination:          seg_n<3> (PAD)
  Source Clock:         clk_100mhz_BUFGP rising at 0.000ns
  Data Path Delay:      11.116ns (Levels of Logic = 6)
  Clock Path Delay:     3.941ns (Levels of Logic = 2)
  Clock Uncertainty:    0.025ns

  Clock Uncertainty:          0.025ns  ((TSJ^2 + TIJ^2)^1/2 + DJ) / 2 + PE
    Total System Jitter (TSJ):  0.050ns
    Total Input Jitter (TIJ):   0.000ns
    Discrete Jitter (DJ):       0.000ns
    Phase Error (PE):           0.000ns

  Maximum Clock Path at Slow Process Corner: clk_100mhz to u/campaign/records_completed_6
    Location             Delay type         Delay(ns)  Physical Resource
                                                       Logical Resource(s)
    -------------------------------------------------  -------------------
    V10.I                Tiopi                 1.557   clk_100mhz
                                                       clk_100mhz
                                                       clk_100mhz_BUFGP/IBUFG
                                                       ProtoComp217.IMUX
    BUFGMUX_X3Y13.I0     net (fanout=1)        1.050   clk_100mhz_BUFGP/IBUFG
    BUFGMUX_X3Y13.O      Tgi0o                 0.209   clk_100mhz_BUFGP/BUFG
                                                       clk_100mhz_BUFGP/BUFG
    SLICE_X34Y9.CLK      net (fanout=285)      1.125   clk_100mhz_BUFGP
    -------------------------------------------------  ---------------------------
    Total                                      3.941ns (1.766ns logic, 2.175ns route)
                                                       (44.8% logic, 55.2% route)

  Maximum Data Path at Slow Process Corner: u/campaign/records_completed_6 to seg_n<3>
    Location             Delay type         Delay(ns)  Physical Resource
                                                       Logical Resource(s)
    -------------------------------------------------  -------------------
    SLICE_X34Y9.BQ       Tcko                  0.525   u/ones<0>
                                                       u/campaign/records_completed_6
    SLICE_X37Y9.A5       net (fanout=6)        0.665   u/records_completed<6>
    SLICE_X37Y9.A        Tilo                  0.259   u/records_completed[6]_PWR_2_o_mod_0/a[3]_a[6]_MUX_101_o
                                                       u/records_completed[6]_PWR_2_o_mod_0/Mmux_a[0]_a[6]_MUX_97_o131
    SLICE_X37Y9.B5       net (fanout=2)        0.742   u/records_completed[6]_PWR_2_o_mod_0/a[3]_a[6]_MUX_94_o
    SLICE_X37Y9.BMUX     Tilo                  0.337   u/records_completed[6]_PWR_2_o_mod_0/a[3]_a[6]_MUX_101_o
                                                       u/records_completed[6]_PWR_2_o_mod_0/Mmux_a[0]_a[6]_MUX_104_o121
    SLICE_X35Y9.D2       net (fanout=2)        0.942   u/records_completed[6]_PWR_2_o_mod_0/a[2]_a[6]_MUX_102_o
    SLICE_X35Y9.D        Tilo                  0.259   u/ones<1>
                                                       u/records_completed[6]_PWR_2_o_mod_0/Mmux_o21
    SLICE_X37Y8.B3       net (fanout=1)        0.605   u/ones<1>
    SLICE_X37Y8.B        Tilo                  0.259   seg_n_0_OBUF
                                                       u/Mmux_digit<1>11
    SLICE_X37Y7.A2       net (fanout=4)        0.773   u/digit<1>
    SLICE_X37Y7.AMUX     Tilo                  0.337   seg_n_6_OBUF
                                                       u/Mram_seg_n31
    U18.O                net (fanout=1)        2.431   seg_n_3_OBUF
    U18.PAD              Tioop                 2.982   seg_n<3>
                                                       seg_n_3_OBUF
                                                       seg_n<3>
    -------------------------------------------------  ---------------------------
    Total                                     11.116ns (4.958ns logic, 6.158ns route)
                                                       (44.6% logic, 55.4% route)

--------------------------------------------------------------------------------

Paths for end point seg_n<2> (U17.PAD), 171 paths
--------------------------------------------------------------------------------
Offset:                 15.336ns (clock path + data path + uncertainty)
  Source:               u/campaign/records_completed_3 (FF)
  Destination:          seg_n<2> (PAD)
  Source Clock:         clk_100mhz_BUFGP rising at 0.000ns
  Data Path Delay:      11.377ns (Levels of Logic = 6)
  Clock Path Delay:     3.934ns (Levels of Logic = 2)
  Clock Uncertainty:    0.025ns

  Clock Uncertainty:          0.025ns  ((TSJ^2 + TIJ^2)^1/2 + DJ) / 2 + PE
    Total System Jitter (TSJ):  0.050ns
    Total Input Jitter (TIJ):   0.000ns
    Discrete Jitter (DJ):       0.000ns
    Phase Error (PE):           0.000ns

  Maximum Clock Path at Slow Process Corner: clk_100mhz to u/campaign/records_completed_3
    Location             Delay type         Delay(ns)  Physical Resource
                                                       Logical Resource(s)
    -------------------------------------------------  -------------------
    V10.I                Tiopi                 1.557   clk_100mhz
                                                       clk_100mhz
                                                       clk_100mhz_BUFGP/IBUFG
                                                       ProtoComp217.IMUX
    BUFGMUX_X3Y13.I0     net (fanout=1)        1.050   clk_100mhz_BUFGP/IBUFG
    BUFGMUX_X3Y13.O      Tgi0o                 0.209   clk_100mhz_BUFGP/BUFG
                                                       clk_100mhz_BUFGP/BUFG
    SLICE_X33Y9.CLK      net (fanout=285)      1.118   clk_100mhz_BUFGP
    -------------------------------------------------  ---------------------------
    Total                                      3.934ns (1.766ns logic, 2.168ns route)
                                                       (44.9% logic, 55.1% route)

  Maximum Data Path at Slow Process Corner: u/campaign/records_completed_3 to seg_n<2>
    Location             Delay type         Delay(ns)  Physical Resource
                                                       Logical Resource(s)
    -------------------------------------------------  -------------------
    SLICE_X33Y9.BMUX     Tshcko                0.518   u/records_completed<5>
                                                       u/campaign/records_completed_3
    SLICE_X37Y9.A4       net (fanout=7)        0.984   u/records_completed<3>
    SLICE_X37Y9.A        Tilo                  0.259   u/records_completed[6]_PWR_2_o_mod_0/a[3]_a[6]_MUX_101_o
                                                       u/records_completed[6]_PWR_2_o_mod_0/Mmux_a[0]_a[6]_MUX_97_o131
    SLICE_X37Y9.B5       net (fanout=2)        0.742   u/records_completed[6]_PWR_2_o_mod_0/a[3]_a[6]_MUX_94_o
    SLICE_X37Y9.BMUX     Tilo                  0.337   u/records_completed[6]_PWR_2_o_mod_0/a[3]_a[6]_MUX_101_o
                                                       u/records_completed[6]_PWR_2_o_mod_0/Mmux_a[0]_a[6]_MUX_104_o121
    SLICE_X35Y9.D2       net (fanout=2)        0.942   u/records_completed[6]_PWR_2_o_mod_0/a[2]_a[6]_MUX_102_o
    SLICE_X35Y9.DMUX     Tilo                  0.337   u/ones<1>
                                                       u/records_completed[6]_PWR_2_o_mod_0/Mmux_o41
    SLICE_X34Y7.A1       net (fanout=1)        0.805   u/ones<3>
    SLICE_X34Y7.A        Tilo                  0.254   seg_n_4_OBUF
                                                       u/Mmux_digit<3>11
    SLICE_X35Y7.B1       net (fanout=4)        0.536   u/digit<3>
    SLICE_X35Y7.BMUX     Tilo                  0.337   seg_n_5_OBUF
                                                       u/Mram_seg_n21
    U17.O                net (fanout=1)        2.344   seg_n_2_OBUF
    U17.PAD              Tioop                 2.982   seg_n<2>
                                                       seg_n_2_OBUF
                                                       seg_n<2>
    -------------------------------------------------  ---------------------------
    Total                                     11.377ns (5.024ns logic, 6.353ns route)
                                                       (44.2% logic, 55.8% route)

--------------------------------------------------------------------------------
Offset:                 15.301ns (clock path + data path + uncertainty)
  Source:               u/campaign/records_completed_5 (FF)
  Destination:          seg_n<2> (PAD)
  Source Clock:         clk_100mhz_BUFGP rising at 0.000ns
  Data Path Delay:      11.342ns (Levels of Logic = 6)
  Clock Path Delay:     3.934ns (Levels of Logic = 2)
  Clock Uncertainty:    0.025ns

  Clock Uncertainty:          0.025ns  ((TSJ^2 + TIJ^2)^1/2 + DJ) / 2 + PE
    Total System Jitter (TSJ):  0.050ns
    Total Input Jitter (TIJ):   0.000ns
    Discrete Jitter (DJ):       0.000ns
    Phase Error (PE):           0.000ns

  Maximum Clock Path at Slow Process Corner: clk_100mhz to u/campaign/records_completed_5
    Location             Delay type         Delay(ns)  Physical Resource
                                                       Logical Resource(s)
    -------------------------------------------------  -------------------
    V10.I                Tiopi                 1.557   clk_100mhz
                                                       clk_100mhz
                                                       clk_100mhz_BUFGP/IBUFG
                                                       ProtoComp217.IMUX
    BUFGMUX_X3Y13.I0     net (fanout=1)        1.050   clk_100mhz_BUFGP/IBUFG
    BUFGMUX_X3Y13.O      Tgi0o                 0.209   clk_100mhz_BUFGP/BUFG
                                                       clk_100mhz_BUFGP/BUFG
    SLICE_X33Y9.CLK      net (fanout=285)      1.118   clk_100mhz_BUFGP
    -------------------------------------------------  ---------------------------
    Total                                      3.934ns (1.766ns logic, 2.168ns route)
                                                       (44.9% logic, 55.1% route)

  Maximum Data Path at Slow Process Corner: u/campaign/records_completed_5 to seg_n<2>
    Location             Delay type         Delay(ns)  Physical Resource
                                                       Logical Resource(s)
    -------------------------------------------------  -------------------
    SLICE_X33Y9.CQ       Tcko                  0.430   u/records_completed<5>
                                                       u/campaign/records_completed_5
    SLICE_X37Y9.A3       net (fanout=7)        1.037   u/records_completed<5>
    SLICE_X37Y9.A        Tilo                  0.259   u/records_completed[6]_PWR_2_o_mod_0/a[3]_a[6]_MUX_101_o
                                                       u/records_completed[6]_PWR_2_o_mod_0/Mmux_a[0]_a[6]_MUX_97_o131
    SLICE_X37Y9.B5       net (fanout=2)        0.742   u/records_completed[6]_PWR_2_o_mod_0/a[3]_a[6]_MUX_94_o
    SLICE_X37Y9.BMUX     Tilo                  0.337   u/records_completed[6]_PWR_2_o_mod_0/a[3]_a[6]_MUX_101_o
                                                       u/records_completed[6]_PWR_2_o_mod_0/Mmux_a[0]_a[6]_MUX_104_o121
    SLICE_X35Y9.D2       net (fanout=2)        0.942   u/records_completed[6]_PWR_2_o_mod_0/a[2]_a[6]_MUX_102_o
    SLICE_X35Y9.DMUX     Tilo                  0.337   u/ones<1>
                                                       u/records_completed[6]_PWR_2_o_mod_0/Mmux_o41
    SLICE_X34Y7.A1       net (fanout=1)        0.805   u/ones<3>
    SLICE_X34Y7.A        Tilo                  0.254   seg_n_4_OBUF
                                                       u/Mmux_digit<3>11
    SLICE_X35Y7.B1       net (fanout=4)        0.536   u/digit<3>
    SLICE_X35Y7.BMUX     Tilo                  0.337   seg_n_5_OBUF
                                                       u/Mram_seg_n21
    U17.O                net (fanout=1)        2.344   seg_n_2_OBUF
    U17.PAD              Tioop                 2.982   seg_n<2>
                                                       seg_n_2_OBUF
                                                       seg_n<2>
    -------------------------------------------------  ---------------------------
    Total                                     11.342ns (4.936ns logic, 6.406ns route)
                                                       (43.5% logic, 56.5% route)

--------------------------------------------------------------------------------
Offset:                 15.208ns (clock path + data path + uncertainty)
  Source:               u/campaign/records_completed_4 (FF)
  Destination:          seg_n<2> (PAD)
  Source Clock:         clk_100mhz_BUFGP rising at 0.000ns
  Data Path Delay:      11.242ns (Levels of Logic = 6)
  Clock Path Delay:     3.941ns (Levels of Logic = 2)
  Clock Uncertainty:    0.025ns

  Clock Uncertainty:          0.025ns  ((TSJ^2 + TIJ^2)^1/2 + DJ) / 2 + PE
    Total System Jitter (TSJ):  0.050ns
    Total Input Jitter (TIJ):   0.000ns
    Discrete Jitter (DJ):       0.000ns
    Phase Error (PE):           0.000ns

  Maximum Clock Path at Slow Process Corner: clk_100mhz to u/campaign/records_completed_4
    Location             Delay type         Delay(ns)  Physical Resource
                                                       Logical Resource(s)
    -------------------------------------------------  -------------------
    V10.I                Tiopi                 1.557   clk_100mhz
                                                       clk_100mhz
                                                       clk_100mhz_BUFGP/IBUFG
                                                       ProtoComp217.IMUX
    BUFGMUX_X3Y13.I0     net (fanout=1)        1.050   clk_100mhz_BUFGP/IBUFG
    BUFGMUX_X3Y13.O      Tgi0o                 0.209   clk_100mhz_BUFGP/BUFG
                                                       clk_100mhz_BUFGP/BUFG
    SLICE_X34Y9.CLK      net (fanout=285)      1.125   clk_100mhz_BUFGP
    -------------------------------------------------  ---------------------------
    Total                                      3.941ns (1.766ns logic, 2.175ns route)
                                                       (44.8% logic, 55.2% route)

  Maximum Data Path at Slow Process Corner: u/campaign/records_completed_4 to seg_n<2>
    Location             Delay type         Delay(ns)  Physical Resource
                                                       Logical Resource(s)
    -------------------------------------------------  -------------------
    SLICE_X34Y9.CMUX     Tshcko                0.576   u/ones<0>
                                                       u/campaign/records_completed_4
    SLICE_X37Y9.A1       net (fanout=7)        0.791   u/records_completed<4>
    SLICE_X37Y9.A        Tilo                  0.259   u/records_completed[6]_PWR_2_o_mod_0/a[3]_a[6]_MUX_101_o
                                                       u/records_completed[6]_PWR_2_o_mod_0/Mmux_a[0]_a[6]_MUX_97_o131
    SLICE_X37Y9.B5       net (fanout=2)        0.742   u/records_completed[6]_PWR_2_o_mod_0/a[3]_a[6]_MUX_94_o
    SLICE_X37Y9.BMUX     Tilo                  0.337   u/records_completed[6]_PWR_2_o_mod_0/a[3]_a[6]_MUX_101_o
                                                       u/records_completed[6]_PWR_2_o_mod_0/Mmux_a[0]_a[6]_MUX_104_o121
    SLICE_X35Y9.D2       net (fanout=2)        0.942   u/records_completed[6]_PWR_2_o_mod_0/a[2]_a[6]_MUX_102_o
    SLICE_X35Y9.DMUX     Tilo                  0.337   u/ones<1>
                                                       u/records_completed[6]_PWR_2_o_mod_0/Mmux_o41
    SLICE_X34Y7.A1       net (fanout=1)        0.805   u/ones<3>
    SLICE_X34Y7.A        Tilo                  0.254   seg_n_4_OBUF
                                                       u/Mmux_digit<3>11
    SLICE_X35Y7.B1       net (fanout=4)        0.536   u/digit<3>
    SLICE_X35Y7.BMUX     Tilo                  0.337   seg_n_5_OBUF
                                                       u/Mram_seg_n21
    U17.O                net (fanout=1)        2.344   seg_n_2_OBUF
    U17.PAD              Tioop                 2.982   seg_n<2>
                                                       seg_n_2_OBUF
                                                       seg_n<2>
    -------------------------------------------------  ---------------------------
    Total                                     11.242ns (5.082ns logic, 6.160ns route)
                                                       (45.2% logic, 54.8% route)

--------------------------------------------------------------------------------
Offset:                 15.203ns (clock path + data path + uncertainty)
  Source:               u/campaign/records_completed_3 (FF)
  Destination:          seg_n<2> (PAD)
  Source Clock:         clk_100mhz_BUFGP rising at 0.000ns
  Data Path Delay:      11.244ns (Levels of Logic = 6)
  Clock Path Delay:     3.934ns (Levels of Logic = 2)
  Clock Uncertainty:    0.025ns

  Clock Uncertainty:          0.025ns  ((TSJ^2 + TIJ^2)^1/2 + DJ) / 2 + PE
    Total System Jitter (TSJ):  0.050ns
    Total Input Jitter (TIJ):   0.000ns
    Discrete Jitter (DJ):       0.000ns
    Phase Error (PE):           0.000ns

  Maximum Clock Path at Slow Process Corner: clk_100mhz to u/campaign/records_completed_3
    Location             Delay type         Delay(ns)  Physical Resource
                                                       Logical Resource(s)
    -------------------------------------------------  -------------------
    V10.I                Tiopi                 1.557   clk_100mhz
                                                       clk_100mhz
                                                       clk_100mhz_BUFGP/IBUFG
                                                       ProtoComp217.IMUX
    BUFGMUX_X3Y13.I0     net (fanout=1)        1.050   clk_100mhz_BUFGP/IBUFG
    BUFGMUX_X3Y13.O      Tgi0o                 0.209   clk_100mhz_BUFGP/BUFG
                                                       clk_100mhz_BUFGP/BUFG
    SLICE_X33Y9.CLK      net (fanout=285)      1.118   clk_100mhz_BUFGP
    -------------------------------------------------  ---------------------------
    Total                                      3.934ns (1.766ns logic, 2.168ns route)
                                                       (44.9% logic, 55.1% route)

  Maximum Data Path at Slow Process Corner: u/campaign/records_completed_3 to seg_n<2>
    Location             Delay type         Delay(ns)  Physical Resource
                                                       Logical Resource(s)
    -------------------------------------------------  -------------------
    SLICE_X33Y9.BMUX     Tshcko                0.518   u/records_completed<5>
                                                       u/campaign/records_completed_3
    SLICE_X37Y9.A4       net (fanout=7)        0.984   u/records_completed<3>
    SLICE_X37Y9.A        Tilo                  0.259   u/records_completed[6]_PWR_2_o_mod_0/a[3]_a[6]_MUX_101_o
                                                       u/records_completed[6]_PWR_2_o_mod_0/Mmux_a[0]_a[6]_MUX_97_o131
    SLICE_X37Y9.B5       net (fanout=2)        0.742   u/records_completed[6]_PWR_2_o_mod_0/a[3]_a[6]_MUX_94_o
    SLICE_X37Y9.BMUX     Tilo                  0.337   u/records_completed[6]_PWR_2_o_mod_0/a[3]_a[6]_MUX_101_o
                                                       u/records_completed[6]_PWR_2_o_mod_0/Mmux_a[0]_a[6]_MUX_104_o121
    SLICE_X35Y9.D2       net (fanout=2)        0.942   u/records_completed[6]_PWR_2_o_mod_0/a[2]_a[6]_MUX_102_o
    SLICE_X35Y9.D        Tilo                  0.259   u/ones<1>
                                                       u/records_completed[6]_PWR_2_o_mod_0/Mmux_o21
    SLICE_X37Y8.B3       net (fanout=1)        0.605   u/ones<1>
    SLICE_X37Y8.B        Tilo                  0.259   seg_n_0_OBUF
                                                       u/Mmux_digit<1>11
    SLICE_X35Y7.B5       net (fanout=4)        0.676   u/digit<1>
    SLICE_X35Y7.BMUX     Tilo                  0.337   seg_n_5_OBUF
                                                       u/Mram_seg_n21
    U17.O                net (fanout=1)        2.344   seg_n_2_OBUF
    U17.PAD              Tioop                 2.982   seg_n<2>
                                                       seg_n_2_OBUF
                                                       seg_n<2>
    -------------------------------------------------  ---------------------------
    Total                                     11.244ns (4.951ns logic, 6.293ns route)
                                                       (44.0% logic, 56.0% route)

--------------------------------------------------------------------------------
Offset:                 15.168ns (clock path + data path + uncertainty)
  Source:               u/campaign/records_completed_5 (FF)
  Destination:          seg_n<2> (PAD)
  Source Clock:         clk_100mhz_BUFGP rising at 0.000ns
  Data Path Delay:      11.209ns (Levels of Logic = 6)
  Clock Path Delay:     3.934ns (Levels of Logic = 2)
  Clock Uncertainty:    0.025ns

  Clock Uncertainty:          0.025ns  ((TSJ^2 + TIJ^2)^1/2 + DJ) / 2 + PE
    Total System Jitter (TSJ):  0.050ns
    Total Input Jitter (TIJ):   0.000ns
    Discrete Jitter (DJ):       0.000ns
    Phase Error (PE):           0.000ns

  Maximum Clock Path at Slow Process Corner: clk_100mhz to u/campaign/records_completed_5
    Location             Delay type         Delay(ns)  Physical Resource
                                                       Logical Resource(s)
    -------------------------------------------------  -------------------
    V10.I                Tiopi                 1.557   clk_100mhz
                                                       clk_100mhz
                                                       clk_100mhz_BUFGP/IBUFG
                                                       ProtoComp217.IMUX
    BUFGMUX_X3Y13.I0     net (fanout=1)        1.050   clk_100mhz_BUFGP/IBUFG
    BUFGMUX_X3Y13.O      Tgi0o                 0.209   clk_100mhz_BUFGP/BUFG
                                                       clk_100mhz_BUFGP/BUFG
    SLICE_X33Y9.CLK      net (fanout=285)      1.118   clk_100mhz_BUFGP
    -------------------------------------------------  ---------------------------
    Total                                      3.934ns (1.766ns logic, 2.168ns route)
                                                       (44.9% logic, 55.1% route)

  Maximum Data Path at Slow Process Corner: u/campaign/records_completed_5 to seg_n<2>
    Location             Delay type         Delay(ns)  Physical Resource
                                                       Logical Resource(s)
    -------------------------------------------------  -------------------
    SLICE_X33Y9.CQ       Tcko                  0.430   u/records_completed<5>
                                                       u/campaign/records_completed_5
    SLICE_X37Y9.A3       net (fanout=7)        1.037   u/records_completed<5>
    SLICE_X37Y9.A        Tilo                  0.259   u/records_completed[6]_PWR_2_o_mod_0/a[3]_a[6]_MUX_101_o
                                                       u/records_completed[6]_PWR_2_o_mod_0/Mmux_a[0]_a[6]_MUX_97_o131
    SLICE_X37Y9.B5       net (fanout=2)        0.742   u/records_completed[6]_PWR_2_o_mod_0/a[3]_a[6]_MUX_94_o
    SLICE_X37Y9.BMUX     Tilo                  0.337   u/records_completed[6]_PWR_2_o_mod_0/a[3]_a[6]_MUX_101_o
                                                       u/records_completed[6]_PWR_2_o_mod_0/Mmux_a[0]_a[6]_MUX_104_o121
    SLICE_X35Y9.D2       net (fanout=2)        0.942   u/records_completed[6]_PWR_2_o_mod_0/a[2]_a[6]_MUX_102_o
    SLICE_X35Y9.D        Tilo                  0.259   u/ones<1>
                                                       u/records_completed[6]_PWR_2_o_mod_0/Mmux_o21
    SLICE_X37Y8.B3       net (fanout=1)        0.605   u/ones<1>
    SLICE_X37Y8.B        Tilo                  0.259   seg_n_0_OBUF
                                                       u/Mmux_digit<1>11
    SLICE_X35Y7.B5       net (fanout=4)        0.676   u/digit<1>
    SLICE_X35Y7.BMUX     Tilo                  0.337   seg_n_5_OBUF
                                                       u/Mram_seg_n21
    U17.O                net (fanout=1)        2.344   seg_n_2_OBUF
    U17.PAD              Tioop                 2.982   seg_n<2>
                                                       seg_n_2_OBUF
                                                       seg_n<2>
    -------------------------------------------------  ---------------------------
    Total                                     11.209ns (4.863ns logic, 6.346ns route)
                                                       (43.4% logic, 56.6% route)

--------------------------------------------------------------------------------
Offset:                 15.075ns (clock path + data path + uncertainty)
  Source:               u/campaign/records_completed_4 (FF)
  Destination:          seg_n<2> (PAD)
  Source Clock:         clk_100mhz_BUFGP rising at 0.000ns
  Data Path Delay:      11.109ns (Levels of Logic = 6)
  Clock Path Delay:     3.941ns (Levels of Logic = 2)
  Clock Uncertainty:    0.025ns

  Clock Uncertainty:          0.025ns  ((TSJ^2 + TIJ^2)^1/2 + DJ) / 2 + PE
    Total System Jitter (TSJ):  0.050ns
    Total Input Jitter (TIJ):   0.000ns
    Discrete Jitter (DJ):       0.000ns
    Phase Error (PE):           0.000ns

  Maximum Clock Path at Slow Process Corner: clk_100mhz to u/campaign/records_completed_4
    Location             Delay type         Delay(ns)  Physical Resource
                                                       Logical Resource(s)
    -------------------------------------------------  -------------------
    V10.I                Tiopi                 1.557   clk_100mhz
                                                       clk_100mhz
                                                       clk_100mhz_BUFGP/IBUFG
                                                       ProtoComp217.IMUX
    BUFGMUX_X3Y13.I0     net (fanout=1)        1.050   clk_100mhz_BUFGP/IBUFG
    BUFGMUX_X3Y13.O      Tgi0o                 0.209   clk_100mhz_BUFGP/BUFG
                                                       clk_100mhz_BUFGP/BUFG
    SLICE_X34Y9.CLK      net (fanout=285)      1.125   clk_100mhz_BUFGP
    -------------------------------------------------  ---------------------------
    Total                                      3.941ns (1.766ns logic, 2.175ns route)
                                                       (44.8% logic, 55.2% route)

  Maximum Data Path at Slow Process Corner: u/campaign/records_completed_4 to seg_n<2>
    Location             Delay type         Delay(ns)  Physical Resource
                                                       Logical Resource(s)
    -------------------------------------------------  -------------------
    SLICE_X34Y9.CMUX     Tshcko                0.576   u/ones<0>
                                                       u/campaign/records_completed_4
    SLICE_X37Y9.A1       net (fanout=7)        0.791   u/records_completed<4>
    SLICE_X37Y9.A        Tilo                  0.259   u/records_completed[6]_PWR_2_o_mod_0/a[3]_a[6]_MUX_101_o
                                                       u/records_completed[6]_PWR_2_o_mod_0/Mmux_a[0]_a[6]_MUX_97_o131
    SLICE_X37Y9.B5       net (fanout=2)        0.742   u/records_completed[6]_PWR_2_o_mod_0/a[3]_a[6]_MUX_94_o
    SLICE_X37Y9.BMUX     Tilo                  0.337   u/records_completed[6]_PWR_2_o_mod_0/a[3]_a[6]_MUX_101_o
                                                       u/records_completed[6]_PWR_2_o_mod_0/Mmux_a[0]_a[6]_MUX_104_o121
    SLICE_X35Y9.D2       net (fanout=2)        0.942   u/records_completed[6]_PWR_2_o_mod_0/a[2]_a[6]_MUX_102_o
    SLICE_X35Y9.D        Tilo                  0.259   u/ones<1>
                                                       u/records_completed[6]_PWR_2_o_mod_0/Mmux_o21
    SLICE_X37Y8.B3       net (fanout=1)        0.605   u/ones<1>
    SLICE_X37Y8.B        Tilo                  0.259   seg_n_0_OBUF
                                                       u/Mmux_digit<1>11
    SLICE_X35Y7.B5       net (fanout=4)        0.676   u/digit<1>
    SLICE_X35Y7.BMUX     Tilo                  0.337   seg_n_5_OBUF
                                                       u/Mram_seg_n21
    U17.O                net (fanout=1)        2.344   seg_n_2_OBUF
    U17.PAD              Tioop                 2.982   seg_n<2>
                                                       seg_n_2_OBUF
                                                       seg_n<2>
    -------------------------------------------------  ---------------------------
    Total                                     11.109ns (5.009ns logic, 6.100ns route)
                                                       (45.1% logic, 54.9% route)

--------------------------------------------------------------------------------
Offset:                 15.058ns (clock path + data path + uncertainty)
  Source:               u/campaign/records_completed_3 (FF)
  Destination:          seg_n<2> (PAD)
  Source Clock:         clk_100mhz_BUFGP rising at 0.000ns
  Data Path Delay:      11.099ns (Levels of Logic = 6)
  Clock Path Delay:     3.934ns (Levels of Logic = 2)
  Clock Uncertainty:    0.025ns

  Clock Uncertainty:          0.025ns  ((TSJ^2 + TIJ^2)^1/2 + DJ) / 2 + PE
    Total System Jitter (TSJ):  0.050ns
    Total Input Jitter (TIJ):   0.000ns
    Discrete Jitter (DJ):       0.000ns
    Phase Error (PE):           0.000ns

  Maximum Clock Path at Slow Process Corner: clk_100mhz to u/campaign/records_completed_3
    Location             Delay type         Delay(ns)  Physical Resource
                                                       Logical Resource(s)
    -------------------------------------------------  -------------------
    V10.I                Tiopi                 1.557   clk_100mhz
                                                       clk_100mhz
                                                       clk_100mhz_BUFGP/IBUFG
                                                       ProtoComp217.IMUX
    BUFGMUX_X3Y13.I0     net (fanout=1)        1.050   clk_100mhz_BUFGP/IBUFG
    BUFGMUX_X3Y13.O      Tgi0o                 0.209   clk_100mhz_BUFGP/BUFG
                                                       clk_100mhz_BUFGP/BUFG
    SLICE_X33Y9.CLK      net (fanout=285)      1.118   clk_100mhz_BUFGP
    -------------------------------------------------  ---------------------------
    Total                                      3.934ns (1.766ns logic, 2.168ns route)
                                                       (44.9% logic, 55.1% route)

  Maximum Data Path at Slow Process Corner: u/campaign/records_completed_3 to seg_n<2>
    Location             Delay type         Delay(ns)  Physical Resource
                                                       Logical Resource(s)
    -------------------------------------------------  -------------------
    SLICE_X33Y9.BMUX     Tshcko                0.518   u/records_completed<5>
                                                       u/campaign/records_completed_3
    SLICE_X37Y9.A4       net (fanout=7)        0.984   u/records_completed<3>
    SLICE_X37Y9.A        Tilo                  0.259   u/records_completed[6]_PWR_2_o_mod_0/a[3]_a[6]_MUX_101_o
                                                       u/records_completed[6]_PWR_2_o_mod_0/Mmux_a[0]_a[6]_MUX_97_o131
    SLICE_X37Y9.B5       net (fanout=2)        0.742   u/records_completed[6]_PWR_2_o_mod_0/a[3]_a[6]_MUX_94_o
    SLICE_X37Y9.B        Tilo                  0.259   u/records_completed[6]_PWR_2_o_mod_0/a[3]_a[6]_MUX_101_o
                                                       u/records_completed[6]_PWR_2_o_mod_0/Mmux_a[0]_a[6]_MUX_104_o131
    SLICE_X35Y9.D1       net (fanout=2)        0.742   u/records_completed[6]_PWR_2_o_mod_0/a[3]_a[6]_MUX_101_o
    SLICE_X35Y9.DMUX     Tilo                  0.337   u/ones<1>
                                                       u/records_completed[6]_PWR_2_o_mod_0/Mmux_o41
    SLICE_X34Y7.A1       net (fanout=1)        0.805   u/ones<3>
    SLICE_X34Y7.A        Tilo                  0.254   seg_n_4_OBUF
                                                       u/Mmux_digit<3>11
    SLICE_X35Y7.B1       net (fanout=4)        0.536   u/digit<3>
    SLICE_X35Y7.BMUX     Tilo                  0.337   seg_n_5_OBUF
                                                       u/Mram_seg_n21
    U17.O                net (fanout=1)        2.344   seg_n_2_OBUF
    U17.PAD              Tioop                 2.982   seg_n<2>
                                                       seg_n_2_OBUF
                                                       seg_n<2>
    -------------------------------------------------  ---------------------------
    Total                                     11.099ns (4.946ns logic, 6.153ns route)
                                                       (44.6% logic, 55.4% route)

--------------------------------------------------------------------------------
Offset:                 15.034ns (clock path + data path + uncertainty)
  Source:               u/campaign/records_completed_3 (FF)
  Destination:          seg_n<2> (PAD)
  Source Clock:         clk_100mhz_BUFGP rising at 0.000ns
  Data Path Delay:      11.075ns (Levels of Logic = 6)
  Clock Path Delay:     3.934ns (Levels of Logic = 2)
  Clock Uncertainty:    0.025ns

  Clock Uncertainty:          0.025ns  ((TSJ^2 + TIJ^2)^1/2 + DJ) / 2 + PE
    Total System Jitter (TSJ):  0.050ns
    Total Input Jitter (TIJ):   0.000ns
    Discrete Jitter (DJ):       0.000ns
    Phase Error (PE):           0.000ns

  Maximum Clock Path at Slow Process Corner: clk_100mhz to u/campaign/records_completed_3
    Location             Delay type         Delay(ns)  Physical Resource
                                                       Logical Resource(s)
    -------------------------------------------------  -------------------
    V10.I                Tiopi                 1.557   clk_100mhz
                                                       clk_100mhz
                                                       clk_100mhz_BUFGP/IBUFG
                                                       ProtoComp217.IMUX
    BUFGMUX_X3Y13.I0     net (fanout=1)        1.050   clk_100mhz_BUFGP/IBUFG
    BUFGMUX_X3Y13.O      Tgi0o                 0.209   clk_100mhz_BUFGP/BUFG
                                                       clk_100mhz_BUFGP/BUFG
    SLICE_X33Y9.CLK      net (fanout=285)      1.118   clk_100mhz_BUFGP
    -------------------------------------------------  ---------------------------
    Total                                      3.934ns (1.766ns logic, 2.168ns route)
                                                       (44.9% logic, 55.1% route)

  Maximum Data Path at Slow Process Corner: u/campaign/records_completed_3 to seg_n<2>
    Location             Delay type         Delay(ns)  Physical Resource
                                                       Logical Resource(s)
    -------------------------------------------------  -------------------
    SLICE_X33Y9.BMUX     Tshcko                0.518   u/records_completed<5>
                                                       u/campaign/records_completed_3
    SLICE_X35Y9.A3       net (fanout=7)        0.812   u/records_completed<3>
    SLICE_X35Y9.A        Tilo                  0.259   u/ones<1>
                                                       u/records_completed[6]_PWR_2_o_mod_0/Mmux_a[4]_a[6]_MUX_93_o11
    SLICE_X37Y9.B3       net (fanout=2)        0.612   u/records_completed[6]_PWR_2_o_mod_0/a[4]_a[6]_MUX_93_o
    SLICE_X37Y9.BMUX     Tilo                  0.337   u/records_completed[6]_PWR_2_o_mod_0/a[3]_a[6]_MUX_101_o
                                                       u/records_completed[6]_PWR_2_o_mod_0/Mmux_a[0]_a[6]_MUX_104_o121
    SLICE_X35Y9.D2       net (fanout=2)        0.942   u/records_completed[6]_PWR_2_o_mod_0/a[2]_a[6]_MUX_102_o
    SLICE_X35Y9.DMUX     Tilo                  0.337   u/ones<1>
                                                       u/records_completed[6]_PWR_2_o_mod_0/Mmux_o41
    SLICE_X34Y7.A1       net (fanout=1)        0.805   u/ones<3>
    SLICE_X34Y7.A        Tilo                  0.254   seg_n_4_OBUF
                                                       u/Mmux_digit<3>11
    SLICE_X35Y7.B1       net (fanout=4)        0.536   u/digit<3>
    SLICE_X35Y7.BMUX     Tilo                  0.337   seg_n_5_OBUF
                                                       u/Mram_seg_n21
    U17.O                net (fanout=1)        2.344   seg_n_2_OBUF
    U17.PAD              Tioop                 2.982   seg_n<2>
                                                       seg_n_2_OBUF
                                                       seg_n<2>
    -------------------------------------------------  ---------------------------
    Total                                     11.075ns (5.024ns logic, 6.051ns route)
                                                       (45.4% logic, 54.6% route)

--------------------------------------------------------------------------------
Offset:                 15.033ns (clock path + data path + uncertainty)
  Source:               u/campaign/records_completed_3 (FF)
  Destination:          seg_n<2> (PAD)
  Source Clock:         clk_100mhz_BUFGP rising at 0.000ns
  Data Path Delay:      11.074ns (Levels of Logic = 6)
  Clock Path Delay:     3.934ns (Levels of Logic = 2)
  Clock Uncertainty:    0.025ns

  Clock Uncertainty:          0.025ns  ((TSJ^2 + TIJ^2)^1/2 + DJ) / 2 + PE
    Total System Jitter (TSJ):  0.050ns
    Total Input Jitter (TIJ):   0.000ns
    Discrete Jitter (DJ):       0.000ns
    Phase Error (PE):           0.000ns

  Maximum Clock Path at Slow Process Corner: clk_100mhz to u/campaign/records_completed_3
    Location             Delay type         Delay(ns)  Physical Resource
                                                       Logical Resource(s)
    -------------------------------------------------  -------------------
    V10.I                Tiopi                 1.557   clk_100mhz
                                                       clk_100mhz
                                                       clk_100mhz_BUFGP/IBUFG
                                                       ProtoComp217.IMUX
    BUFGMUX_X3Y13.I0     net (fanout=1)        1.050   clk_100mhz_BUFGP/IBUFG
    BUFGMUX_X3Y13.O      Tgi0o                 0.209   clk_100mhz_BUFGP/BUFG
                                                       clk_100mhz_BUFGP/BUFG
    SLICE_X33Y9.CLK      net (fanout=285)      1.118   clk_100mhz_BUFGP
    -------------------------------------------------  ---------------------------
    Total                                      3.934ns (1.766ns logic, 2.168ns route)
                                                       (44.9% logic, 55.1% route)

  Maximum Data Path at Slow Process Corner: u/campaign/records_completed_3 to seg_n<2>
    Location             Delay type         Delay(ns)  Physical Resource
                                                       Logical Resource(s)
    -------------------------------------------------  -------------------
    SLICE_X33Y9.BMUX     Tshcko                0.518   u/records_completed<5>
                                                       u/campaign/records_completed_3
    SLICE_X37Y9.A4       net (fanout=7)        0.984   u/records_completed<3>
    SLICE_X37Y9.AMUX     Tilo                  0.337   u/records_completed[6]_PWR_2_o_mod_0/a[3]_a[6]_MUX_101_o
                                                       u/records_completed[6]_PWR_2_o_mod_0/Mmux_a[5]_a[6]_MUX_92_o11
    SLICE_X37Y9.B4       net (fanout=2)        0.361   u/records_completed[6]_PWR_2_o_mod_0/a[5]_a[6]_MUX_92_o
    SLICE_X37Y9.BMUX     Tilo                  0.337   u/records_completed[6]_PWR_2_o_mod_0/a[3]_a[6]_MUX_101_o
                                                       u/records_completed[6]_PWR_2_o_mod_0/Mmux_a[0]_a[6]_MUX_104_o121
    SLICE_X35Y9.D2       net (fanout=2)        0.942   u/records_completed[6]_PWR_2_o_mod_0/a[2]_a[6]_MUX_102_o
    SLICE_X35Y9.DMUX     Tilo                  0.337   u/ones<1>
                                                       u/records_completed[6]_PWR_2_o_mod_0/Mmux_o41
    SLICE_X34Y7.A1       net (fanout=1)        0.805   u/ones<3>
    SLICE_X34Y7.A        Tilo                  0.254   seg_n_4_OBUF
                                                       u/Mmux_digit<3>11
    SLICE_X35Y7.B1       net (fanout=4)        0.536   u/digit<3>
    SLICE_X35Y7.BMUX     Tilo                  0.337   seg_n_5_OBUF
                                                       u/Mram_seg_n21
    U17.O                net (fanout=1)        2.344   seg_n_2_OBUF
    U17.PAD              Tioop                 2.982   seg_n<2>
                                                       seg_n_2_OBUF
                                                       seg_n<2>
    -------------------------------------------------  ---------------------------
    Total                                     11.074ns (5.102ns logic, 5.972ns route)
                                                       (46.1% logic, 53.9% route)

--------------------------------------------------------------------------------
Offset:                 15.031ns (clock path + data path + uncertainty)
  Source:               u/campaign/records_completed_6 (FF)
  Destination:          seg_n<2> (PAD)
  Source Clock:         clk_100mhz_BUFGP rising at 0.000ns
  Data Path Delay:      11.065ns (Levels of Logic = 6)
  Clock Path Delay:     3.941ns (Levels of Logic = 2)
  Clock Uncertainty:    0.025ns

  Clock Uncertainty:          0.025ns  ((TSJ^2 + TIJ^2)^1/2 + DJ) / 2 + PE
    Total System Jitter (TSJ):  0.050ns
    Total Input Jitter (TIJ):   0.000ns
    Discrete Jitter (DJ):       0.000ns
    Phase Error (PE):           0.000ns

  Maximum Clock Path at Slow Process Corner: clk_100mhz to u/campaign/records_completed_6
    Location             Delay type         Delay(ns)  Physical Resource
                                                       Logical Resource(s)
    -------------------------------------------------  -------------------
    V10.I                Tiopi                 1.557   clk_100mhz
                                                       clk_100mhz
                                                       clk_100mhz_BUFGP/IBUFG
                                                       ProtoComp217.IMUX
    BUFGMUX_X3Y13.I0     net (fanout=1)        1.050   clk_100mhz_BUFGP/IBUFG
    BUFGMUX_X3Y13.O      Tgi0o                 0.209   clk_100mhz_BUFGP/BUFG
                                                       clk_100mhz_BUFGP/BUFG
    SLICE_X34Y9.CLK      net (fanout=285)      1.125   clk_100mhz_BUFGP
    -------------------------------------------------  ---------------------------
    Total                                      3.941ns (1.766ns logic, 2.175ns route)
                                                       (44.8% logic, 55.2% route)

  Maximum Data Path at Slow Process Corner: u/campaign/records_completed_6 to seg_n<2>
    Location             Delay type         Delay(ns)  Physical Resource
                                                       Logical Resource(s)
    -------------------------------------------------  -------------------
    SLICE_X34Y9.BQ       Tcko                  0.525   u/ones<0>
                                                       u/campaign/records_completed_6
    SLICE_X37Y9.A5       net (fanout=6)        0.665   u/records_completed<6>
    SLICE_X37Y9.A        Tilo                  0.259   u/records_completed[6]_PWR_2_o_mod_0/a[3]_a[6]_MUX_101_o
                                                       u/records_completed[6]_PWR_2_o_mod_0/Mmux_a[0]_a[6]_MUX_97_o131
    SLICE_X37Y9.B5       net (fanout=2)        0.742   u/records_completed[6]_PWR_2_o_mod_0/a[3]_a[6]_MUX_94_o
    SLICE_X37Y9.BMUX     Tilo                  0.337   u/records_completed[6]_PWR_2_o_mod_0/a[3]_a[6]_MUX_101_o
                                                       u/records_completed[6]_PWR_2_o_mod_0/Mmux_a[0]_a[6]_MUX_104_o121
    SLICE_X35Y9.D2       net (fanout=2)        0.942   u/records_completed[6]_PWR_2_o_mod_0/a[2]_a[6]_MUX_102_o
    SLICE_X35Y9.DMUX     Tilo                  0.337   u/ones<1>
                                                       u/records_completed[6]_PWR_2_o_mod_0/Mmux_o41
    SLICE_X34Y7.A1       net (fanout=1)        0.805   u/ones<3>
    SLICE_X34Y7.A        Tilo                  0.254   seg_n_4_OBUF
                                                       u/Mmux_digit<3>11
    SLICE_X35Y7.B1       net (fanout=4)        0.536   u/digit<3>
    SLICE_X35Y7.BMUX     Tilo                  0.337   seg_n_5_OBUF
                                                       u/Mram_seg_n21
    U17.O                net (fanout=1)        2.344   seg_n_2_OBUF
    U17.PAD              Tioop                 2.982   seg_n<2>
                                                       seg_n_2_OBUF
                                                       seg_n<2>
    -------------------------------------------------  ---------------------------
    Total                                     11.065ns (5.031ns logic, 6.034ns route)
                                                       (45.5% logic, 54.5% route)

--------------------------------------------------------------------------------

Paths for end point seg_n<4> (M14.PAD), 171 paths
--------------------------------------------------------------------------------
Offset:                 15.270ns (clock path + data path + uncertainty)
  Source:               u/campaign/records_completed_3 (FF)
  Destination:          seg_n<4> (PAD)
  Source Clock:         clk_100mhz_BUFGP rising at 0.000ns
  Data Path Delay:      11.311ns (Levels of Logic = 6)
  Clock Path Delay:     3.934ns (Levels of Logic = 2)
  Clock Uncertainty:    0.025ns

  Clock Uncertainty:          0.025ns  ((TSJ^2 + TIJ^2)^1/2 + DJ) / 2 + PE
    Total System Jitter (TSJ):  0.050ns
    Total Input Jitter (TIJ):   0.000ns
    Discrete Jitter (DJ):       0.000ns
    Phase Error (PE):           0.000ns

  Maximum Clock Path at Slow Process Corner: clk_100mhz to u/campaign/records_completed_3
    Location             Delay type         Delay(ns)  Physical Resource
                                                       Logical Resource(s)
    -------------------------------------------------  -------------------
    V10.I                Tiopi                 1.557   clk_100mhz
                                                       clk_100mhz
                                                       clk_100mhz_BUFGP/IBUFG
                                                       ProtoComp217.IMUX
    BUFGMUX_X3Y13.I0     net (fanout=1)        1.050   clk_100mhz_BUFGP/IBUFG
    BUFGMUX_X3Y13.O      Tgi0o                 0.209   clk_100mhz_BUFGP/BUFG
                                                       clk_100mhz_BUFGP/BUFG
    SLICE_X33Y9.CLK      net (fanout=285)      1.118   clk_100mhz_BUFGP
    -------------------------------------------------  ---------------------------
    Total                                      3.934ns (1.766ns logic, 2.168ns route)
                                                       (44.9% logic, 55.1% route)

  Maximum Data Path at Slow Process Corner: u/campaign/records_completed_3 to seg_n<4>
    Location             Delay type         Delay(ns)  Physical Resource
                                                       Logical Resource(s)
    -------------------------------------------------  -------------------
    SLICE_X33Y9.BMUX     Tshcko                0.518   u/records_completed<5>
                                                       u/campaign/records_completed_3
    SLICE_X37Y9.A4       net (fanout=7)        0.984   u/records_completed<3>
    SLICE_X37Y9.A        Tilo                  0.259   u/records_completed[6]_PWR_2_o_mod_0/a[3]_a[6]_MUX_101_o
                                                       u/records_completed[6]_PWR_2_o_mod_0/Mmux_a[0]_a[6]_MUX_97_o131
    SLICE_X37Y9.B5       net (fanout=2)        0.742   u/records_completed[6]_PWR_2_o_mod_0/a[3]_a[6]_MUX_94_o
    SLICE_X37Y9.BMUX     Tilo                  0.337   u/records_completed[6]_PWR_2_o_mod_0/a[3]_a[6]_MUX_101_o
                                                       u/records_completed[6]_PWR_2_o_mod_0/Mmux_a[0]_a[6]_MUX_104_o121
    SLICE_X35Y9.D2       net (fanout=2)        0.942   u/records_completed[6]_PWR_2_o_mod_0/a[2]_a[6]_MUX_102_o
    SLICE_X35Y9.DMUX     Tilo                  0.337   u/ones<1>
                                                       u/records_completed[6]_PWR_2_o_mod_0/Mmux_o41
    SLICE_X34Y7.A1       net (fanout=1)        0.805   u/ones<3>
    SLICE_X34Y7.A        Tilo                  0.254   seg_n_4_OBUF
                                                       u/Mmux_digit<3>11
    SLICE_X34Y7.B4       net (fanout=4)        0.456   u/digit<3>
    SLICE_X34Y7.B        Tilo                  0.254   seg_n_4_OBUF
                                                       u/Mram_seg_n41
    M14.O                net (fanout=1)        2.441   seg_n_4_OBUF
    M14.PAD              Tioop                 2.982   seg_n<4>
                                                       seg_n_4_OBUF
                                                       seg_n<4>
    -------------------------------------------------  ---------------------------
    Total                                     11.311ns (4.941ns logic, 6.370ns route)
                                                       (43.7% logic, 56.3% route)

--------------------------------------------------------------------------------
Offset:                 15.235ns (clock path + data path + uncertainty)
  Source:               u/campaign/records_completed_5 (FF)
  Destination:          seg_n<4> (PAD)
  Source Clock:         clk_100mhz_BUFGP rising at 0.000ns
  Data Path Delay:      11.276ns (Levels of Logic = 6)
  Clock Path Delay:     3.934ns (Levels of Logic = 2)
  Clock Uncertainty:    0.025ns

  Clock Uncertainty:          0.025ns  ((TSJ^2 + TIJ^2)^1/2 + DJ) / 2 + PE
    Total System Jitter (TSJ):  0.050ns
    Total Input Jitter (TIJ):   0.000ns
    Discrete Jitter (DJ):       0.000ns
    Phase Error (PE):           0.000ns

  Maximum Clock Path at Slow Process Corner: clk_100mhz to u/campaign/records_completed_5
    Location             Delay type         Delay(ns)  Physical Resource
                                                       Logical Resource(s)
    -------------------------------------------------  -------------------
    V10.I                Tiopi                 1.557   clk_100mhz
                                                       clk_100mhz
                                                       clk_100mhz_BUFGP/IBUFG
                                                       ProtoComp217.IMUX
    BUFGMUX_X3Y13.I0     net (fanout=1)        1.050   clk_100mhz_BUFGP/IBUFG
    BUFGMUX_X3Y13.O      Tgi0o                 0.209   clk_100mhz_BUFGP/BUFG
                                                       clk_100mhz_BUFGP/BUFG
    SLICE_X33Y9.CLK      net (fanout=285)      1.118   clk_100mhz_BUFGP
    -------------------------------------------------  ---------------------------
    Total                                      3.934ns (1.766ns logic, 2.168ns route)
                                                       (44.9% logic, 55.1% route)

  Maximum Data Path at Slow Process Corner: u/campaign/records_completed_5 to seg_n<4>
    Location             Delay type         Delay(ns)  Physical Resource
                                                       Logical Resource(s)
    -------------------------------------------------  -------------------
    SLICE_X33Y9.CQ       Tcko                  0.430   u/records_completed<5>
                                                       u/campaign/records_completed_5
    SLICE_X37Y9.A3       net (fanout=7)        1.037   u/records_completed<5>
    SLICE_X37Y9.A        Tilo                  0.259   u/records_completed[6]_PWR_2_o_mod_0/a[3]_a[6]_MUX_101_o
                                                       u/records_completed[6]_PWR_2_o_mod_0/Mmux_a[0]_a[6]_MUX_97_o131
    SLICE_X37Y9.B5       net (fanout=2)        0.742   u/records_completed[6]_PWR_2_o_mod_0/a[3]_a[6]_MUX_94_o
    SLICE_X37Y9.BMUX     Tilo                  0.337   u/records_completed[6]_PWR_2_o_mod_0/a[3]_a[6]_MUX_101_o
                                                       u/records_completed[6]_PWR_2_o_mod_0/Mmux_a[0]_a[6]_MUX_104_o121
    SLICE_X35Y9.D2       net (fanout=2)        0.942   u/records_completed[6]_PWR_2_o_mod_0/a[2]_a[6]_MUX_102_o
    SLICE_X35Y9.DMUX     Tilo                  0.337   u/ones<1>
                                                       u/records_completed[6]_PWR_2_o_mod_0/Mmux_o41
    SLICE_X34Y7.A1       net (fanout=1)        0.805   u/ones<3>
    SLICE_X34Y7.A        Tilo                  0.254   seg_n_4_OBUF
                                                       u/Mmux_digit<3>11
    SLICE_X34Y7.B4       net (fanout=4)        0.456   u/digit<3>
    SLICE_X34Y7.B        Tilo                  0.254   seg_n_4_OBUF
                                                       u/Mram_seg_n41
    M14.O                net (fanout=1)        2.441   seg_n_4_OBUF
    M14.PAD              Tioop                 2.982   seg_n<4>
                                                       seg_n_4_OBUF
                                                       seg_n<4>
    -------------------------------------------------  ---------------------------
    Total                                     11.276ns (4.853ns logic, 6.423ns route)
                                                       (43.0% logic, 57.0% route)

--------------------------------------------------------------------------------
Offset:                 15.193ns (clock path + data path + uncertainty)
  Source:               u/campaign/records_completed_3 (FF)
  Destination:          seg_n<4> (PAD)
  Source Clock:         clk_100mhz_BUFGP rising at 0.000ns
  Data Path Delay:      11.234ns (Levels of Logic = 6)
  Clock Path Delay:     3.934ns (Levels of Logic = 2)
  Clock Uncertainty:    0.025ns

  Clock Uncertainty:          0.025ns  ((TSJ^2 + TIJ^2)^1/2 + DJ) / 2 + PE
    Total System Jitter (TSJ):  0.050ns
    Total Input Jitter (TIJ):   0.000ns
    Discrete Jitter (DJ):       0.000ns
    Phase Error (PE):           0.000ns

  Maximum Clock Path at Slow Process Corner: clk_100mhz to u/campaign/records_completed_3
    Location             Delay type         Delay(ns)  Physical Resource
                                                       Logical Resource(s)
    -------------------------------------------------  -------------------
    V10.I                Tiopi                 1.557   clk_100mhz
                                                       clk_100mhz
                                                       clk_100mhz_BUFGP/IBUFG
                                                       ProtoComp217.IMUX
    BUFGMUX_X3Y13.I0     net (fanout=1)        1.050   clk_100mhz_BUFGP/IBUFG
    BUFGMUX_X3Y13.O      Tgi0o                 0.209   clk_100mhz_BUFGP/BUFG
                                                       clk_100mhz_BUFGP/BUFG
    SLICE_X33Y9.CLK      net (fanout=285)      1.118   clk_100mhz_BUFGP
    -------------------------------------------------  ---------------------------
    Total                                      3.934ns (1.766ns logic, 2.168ns route)
                                                       (44.9% logic, 55.1% route)

  Maximum Data Path at Slow Process Corner: u/campaign/records_completed_3 to seg_n<4>
    Location             Delay type         Delay(ns)  Physical Resource
                                                       Logical Resource(s)
    -------------------------------------------------  -------------------
    SLICE_X33Y9.BMUX     Tshcko                0.518   u/records_completed<5>
                                                       u/campaign/records_completed_3
    SLICE_X37Y9.A4       net (fanout=7)        0.984   u/records_completed<3>
    SLICE_X37Y9.A        Tilo                  0.259   u/records_completed[6]_PWR_2_o_mod_0/a[3]_a[6]_MUX_101_o
                                                       u/records_completed[6]_PWR_2_o_mod_0/Mmux_a[0]_a[6]_MUX_97_o131
    SLICE_X37Y9.B5       net (fanout=2)        0.742   u/records_completed[6]_PWR_2_o_mod_0/a[3]_a[6]_MUX_94_o
    SLICE_X37Y9.BMUX     Tilo                  0.337   u/records_completed[6]_PWR_2_o_mod_0/a[3]_a[6]_MUX_101_o
                                                       u/records_completed[6]_PWR_2_o_mod_0/Mmux_a[0]_a[6]_MUX_104_o121
    SLICE_X35Y9.D2       net (fanout=2)        0.942   u/records_completed[6]_PWR_2_o_mod_0/a[2]_a[6]_MUX_102_o
    SLICE_X35Y9.D        Tilo                  0.259   u/ones<1>
                                                       u/records_completed[6]_PWR_2_o_mod_0/Mmux_o21
    SLICE_X37Y8.B3       net (fanout=1)        0.605   u/ones<1>
    SLICE_X37Y8.B        Tilo                  0.259   seg_n_0_OBUF
                                                       u/Mmux_digit<1>11
    SLICE_X34Y7.B5       net (fanout=4)        0.652   u/digit<1>
    SLICE_X34Y7.B        Tilo                  0.254   seg_n_4_OBUF
                                                       u/Mram_seg_n41
    M14.O                net (fanout=1)        2.441   seg_n_4_OBUF
    M14.PAD              Tioop                 2.982   seg_n<4>
                                                       seg_n_4_OBUF
                                                       seg_n<4>
    -------------------------------------------------  ---------------------------
    Total                                     11.234ns (4.868ns logic, 6.366ns route)
                                                       (43.3% logic, 56.7% route)

--------------------------------------------------------------------------------
Offset:                 15.158ns (clock path + data path + uncertainty)
  Source:               u/campaign/records_completed_5 (FF)
  Destination:          seg_n<4> (PAD)
  Source Clock:         clk_100mhz_BUFGP rising at 0.000ns
  Data Path Delay:      11.199ns (Levels of Logic = 6)
  Clock Path Delay:     3.934ns (Levels of Logic = 2)
  Clock Uncertainty:    0.025ns

  Clock Uncertainty:          0.025ns  ((TSJ^2 + TIJ^2)^1/2 + DJ) / 2 + PE
    Total System Jitter (TSJ):  0.050ns
    Total Input Jitter (TIJ):   0.000ns
    Discrete Jitter (DJ):       0.000ns
    Phase Error (PE):           0.000ns

  Maximum Clock Path at Slow Process Corner: clk_100mhz to u/campaign/records_completed_5
    Location             Delay type         Delay(ns)  Physical Resource
                                                       Logical Resource(s)
    -------------------------------------------------  -------------------
    V10.I                Tiopi                 1.557   clk_100mhz
                                                       clk_100mhz
                                                       clk_100mhz_BUFGP/IBUFG
                                                       ProtoComp217.IMUX
    BUFGMUX_X3Y13.I0     net (fanout=1)        1.050   clk_100mhz_BUFGP/IBUFG
    BUFGMUX_X3Y13.O      Tgi0o                 0.209   clk_100mhz_BUFGP/BUFG
                                                       clk_100mhz_BUFGP/BUFG
    SLICE_X33Y9.CLK      net (fanout=285)      1.118   clk_100mhz_BUFGP
    -------------------------------------------------  ---------------------------
    Total                                      3.934ns (1.766ns logic, 2.168ns route)
                                                       (44.9% logic, 55.1% route)

  Maximum Data Path at Slow Process Corner: u/campaign/records_completed_5 to seg_n<4>
    Location             Delay type         Delay(ns)  Physical Resource
                                                       Logical Resource(s)
    -------------------------------------------------  -------------------
    SLICE_X33Y9.CQ       Tcko                  0.430   u/records_completed<5>
                                                       u/campaign/records_completed_5
    SLICE_X37Y9.A3       net (fanout=7)        1.037   u/records_completed<5>
    SLICE_X37Y9.A        Tilo                  0.259   u/records_completed[6]_PWR_2_o_mod_0/a[3]_a[6]_MUX_101_o
                                                       u/records_completed[6]_PWR_2_o_mod_0/Mmux_a[0]_a[6]_MUX_97_o131
    SLICE_X37Y9.B5       net (fanout=2)        0.742   u/records_completed[6]_PWR_2_o_mod_0/a[3]_a[6]_MUX_94_o
    SLICE_X37Y9.BMUX     Tilo                  0.337   u/records_completed[6]_PWR_2_o_mod_0/a[3]_a[6]_MUX_101_o
                                                       u/records_completed[6]_PWR_2_o_mod_0/Mmux_a[0]_a[6]_MUX_104_o121
    SLICE_X35Y9.D2       net (fanout=2)        0.942   u/records_completed[6]_PWR_2_o_mod_0/a[2]_a[6]_MUX_102_o
    SLICE_X35Y9.D        Tilo                  0.259   u/ones<1>
                                                       u/records_completed[6]_PWR_2_o_mod_0/Mmux_o21
    SLICE_X37Y8.B3       net (fanout=1)        0.605   u/ones<1>
    SLICE_X37Y8.B        Tilo                  0.259   seg_n_0_OBUF
                                                       u/Mmux_digit<1>11
    SLICE_X34Y7.B5       net (fanout=4)        0.652   u/digit<1>
    SLICE_X34Y7.B        Tilo                  0.254   seg_n_4_OBUF
                                                       u/Mram_seg_n41
    M14.O                net (fanout=1)        2.441   seg_n_4_OBUF
    M14.PAD              Tioop                 2.982   seg_n<4>
                                                       seg_n_4_OBUF
                                                       seg_n<4>
    -------------------------------------------------  ---------------------------
    Total                                     11.199ns (4.780ns logic, 6.419ns route)
                                                       (42.7% logic, 57.3% route)

--------------------------------------------------------------------------------
Offset:                 15.142ns (clock path + data path + uncertainty)
  Source:               u/campaign/records_completed_4 (FF)
  Destination:          seg_n<4> (PAD)
  Source Clock:         clk_100mhz_BUFGP rising at 0.000ns
  Data Path Delay:      11.176ns (Levels of Logic = 6)
  Clock Path Delay:     3.941ns (Levels of Logic = 2)
  Clock Uncertainty:    0.025ns

  Clock Uncertainty:          0.025ns  ((TSJ^2 + TIJ^2)^1/2 + DJ) / 2 + PE
    Total System Jitter (TSJ):  0.050ns
    Total Input Jitter (TIJ):   0.000ns
    Discrete Jitter (DJ):       0.000ns
    Phase Error (PE):           0.000ns

  Maximum Clock Path at Slow Process Corner: clk_100mhz to u/campaign/records_completed_4
    Location             Delay type         Delay(ns)  Physical Resource
                                                       Logical Resource(s)
    -------------------------------------------------  -------------------
    V10.I                Tiopi                 1.557   clk_100mhz
                                                       clk_100mhz
                                                       clk_100mhz_BUFGP/IBUFG
                                                       ProtoComp217.IMUX
    BUFGMUX_X3Y13.I0     net (fanout=1)        1.050   clk_100mhz_BUFGP/IBUFG
    BUFGMUX_X3Y13.O      Tgi0o                 0.209   clk_100mhz_BUFGP/BUFG
                                                       clk_100mhz_BUFGP/BUFG
    SLICE_X34Y9.CLK      net (fanout=285)      1.125   clk_100mhz_BUFGP
    -------------------------------------------------  ---------------------------
    Total                                      3.941ns (1.766ns logic, 2.175ns route)
                                                       (44.8% logic, 55.2% route)

  Maximum Data Path at Slow Process Corner: u/campaign/records_completed_4 to seg_n<4>
    Location             Delay type         Delay(ns)  Physical Resource
                                                       Logical Resource(s)
    -------------------------------------------------  -------------------
    SLICE_X34Y9.CMUX     Tshcko                0.576   u/ones<0>
                                                       u/campaign/records_completed_4
    SLICE_X37Y9.A1       net (fanout=7)        0.791   u/records_completed<4>
    SLICE_X37Y9.A        Tilo                  0.259   u/records_completed[6]_PWR_2_o_mod_0/a[3]_a[6]_MUX_101_o
                                                       u/records_completed[6]_PWR_2_o_mod_0/Mmux_a[0]_a[6]_MUX_97_o131
    SLICE_X37Y9.B5       net (fanout=2)        0.742   u/records_completed[6]_PWR_2_o_mod_0/a[3]_a[6]_MUX_94_o
    SLICE_X37Y9.BMUX     Tilo                  0.337   u/records_completed[6]_PWR_2_o_mod_0/a[3]_a[6]_MUX_101_o
                                                       u/records_completed[6]_PWR_2_o_mod_0/Mmux_a[0]_a[6]_MUX_104_o121
    SLICE_X35Y9.D2       net (fanout=2)        0.942   u/records_completed[6]_PWR_2_o_mod_0/a[2]_a[6]_MUX_102_o
    SLICE_X35Y9.DMUX     Tilo                  0.337   u/ones<1>
                                                       u/records_completed[6]_PWR_2_o_mod_0/Mmux_o41
    SLICE_X34Y7.A1       net (fanout=1)        0.805   u/ones<3>
    SLICE_X34Y7.A        Tilo                  0.254   seg_n_4_OBUF
                                                       u/Mmux_digit<3>11
    SLICE_X34Y7.B4       net (fanout=4)        0.456   u/digit<3>
    SLICE_X34Y7.B        Tilo                  0.254   seg_n_4_OBUF
                                                       u/Mram_seg_n41
    M14.O                net (fanout=1)        2.441   seg_n_4_OBUF
    M14.PAD              Tioop                 2.982   seg_n<4>
                                                       seg_n_4_OBUF
                                                       seg_n<4>
    -------------------------------------------------  ---------------------------
    Total                                     11.176ns (4.999ns logic, 6.177ns route)
                                                       (44.7% logic, 55.3% route)

--------------------------------------------------------------------------------
Offset:                 15.065ns (clock path + data path + uncertainty)
  Source:               u/campaign/records_completed_4 (FF)
  Destination:          seg_n<4> (PAD)
  Source Clock:         clk_100mhz_BUFGP rising at 0.000ns
  Data Path Delay:      11.099ns (Levels of Logic = 6)
  Clock Path Delay:     3.941ns (Levels of Logic = 2)
  Clock Uncertainty:    0.025ns

  Clock Uncertainty:          0.025ns  ((TSJ^2 + TIJ^2)^1/2 + DJ) / 2 + PE
    Total System Jitter (TSJ):  0.050ns
    Total Input Jitter (TIJ):   0.000ns
    Discrete Jitter (DJ):       0.000ns
    Phase Error (PE):           0.000ns

  Maximum Clock Path at Slow Process Corner: clk_100mhz to u/campaign/records_completed_4
    Location             Delay type         Delay(ns)  Physical Resource
                                                       Logical Resource(s)
    -------------------------------------------------  -------------------
    V10.I                Tiopi                 1.557   clk_100mhz
                                                       clk_100mhz
                                                       clk_100mhz_BUFGP/IBUFG
                                                       ProtoComp217.IMUX
    BUFGMUX_X3Y13.I0     net (fanout=1)        1.050   clk_100mhz_BUFGP/IBUFG
    BUFGMUX_X3Y13.O      Tgi0o                 0.209   clk_100mhz_BUFGP/BUFG
                                                       clk_100mhz_BUFGP/BUFG
    SLICE_X34Y9.CLK      net (fanout=285)      1.125   clk_100mhz_BUFGP
    -------------------------------------------------  ---------------------------
    Total                                      3.941ns (1.766ns logic, 2.175ns route)
                                                       (44.8% logic, 55.2% route)

  Maximum Data Path at Slow Process Corner: u/campaign/records_completed_4 to seg_n<4>
    Location             Delay type         Delay(ns)  Physical Resource
                                                       Logical Resource(s)
    -------------------------------------------------  -------------------
    SLICE_X34Y9.CMUX     Tshcko                0.576   u/ones<0>
                                                       u/campaign/records_completed_4
    SLICE_X37Y9.A1       net (fanout=7)        0.791   u/records_completed<4>
    SLICE_X37Y9.A        Tilo                  0.259   u/records_completed[6]_PWR_2_o_mod_0/a[3]_a[6]_MUX_101_o
                                                       u/records_completed[6]_PWR_2_o_mod_0/Mmux_a[0]_a[6]_MUX_97_o131
    SLICE_X37Y9.B5       net (fanout=2)        0.742   u/records_completed[6]_PWR_2_o_mod_0/a[3]_a[6]_MUX_94_o
    SLICE_X37Y9.BMUX     Tilo                  0.337   u/records_completed[6]_PWR_2_o_mod_0/a[3]_a[6]_MUX_101_o
                                                       u/records_completed[6]_PWR_2_o_mod_0/Mmux_a[0]_a[6]_MUX_104_o121
    SLICE_X35Y9.D2       net (fanout=2)        0.942   u/records_completed[6]_PWR_2_o_mod_0/a[2]_a[6]_MUX_102_o
    SLICE_X35Y9.D        Tilo                  0.259   u/ones<1>
                                                       u/records_completed[6]_PWR_2_o_mod_0/Mmux_o21
    SLICE_X37Y8.B3       net (fanout=1)        0.605   u/ones<1>
    SLICE_X37Y8.B        Tilo                  0.259   seg_n_0_OBUF
                                                       u/Mmux_digit<1>11
    SLICE_X34Y7.B5       net (fanout=4)        0.652   u/digit<1>
    SLICE_X34Y7.B        Tilo                  0.254   seg_n_4_OBUF
                                                       u/Mram_seg_n41
    M14.O                net (fanout=1)        2.441   seg_n_4_OBUF
    M14.PAD              Tioop                 2.982   seg_n<4>
                                                       seg_n_4_OBUF
                                                       seg_n<4>
    -------------------------------------------------  ---------------------------
    Total                                     11.099ns (4.926ns logic, 6.173ns route)
                                                       (44.4% logic, 55.6% route)

--------------------------------------------------------------------------------
Offset:                 14.992ns (clock path + data path + uncertainty)
  Source:               u/campaign/records_completed_3 (FF)
  Destination:          seg_n<4> (PAD)
  Source Clock:         clk_100mhz_BUFGP rising at 0.000ns
  Data Path Delay:      11.033ns (Levels of Logic = 6)
  Clock Path Delay:     3.934ns (Levels of Logic = 2)
  Clock Uncertainty:    0.025ns

  Clock Uncertainty:          0.025ns  ((TSJ^2 + TIJ^2)^1/2 + DJ) / 2 + PE
    Total System Jitter (TSJ):  0.050ns
    Total Input Jitter (TIJ):   0.000ns
    Discrete Jitter (DJ):       0.000ns
    Phase Error (PE):           0.000ns

  Maximum Clock Path at Slow Process Corner: clk_100mhz to u/campaign/records_completed_3
    Location             Delay type         Delay(ns)  Physical Resource
                                                       Logical Resource(s)
    -------------------------------------------------  -------------------
    V10.I                Tiopi                 1.557   clk_100mhz
                                                       clk_100mhz
                                                       clk_100mhz_BUFGP/IBUFG
                                                       ProtoComp217.IMUX
    BUFGMUX_X3Y13.I0     net (fanout=1)        1.050   clk_100mhz_BUFGP/IBUFG
    BUFGMUX_X3Y13.O      Tgi0o                 0.209   clk_100mhz_BUFGP/BUFG
                                                       clk_100mhz_BUFGP/BUFG
    SLICE_X33Y9.CLK      net (fanout=285)      1.118   clk_100mhz_BUFGP
    -------------------------------------------------  ---------------------------
    Total                                      3.934ns (1.766ns logic, 2.168ns route)
                                                       (44.9% logic, 55.1% route)

  Maximum Data Path at Slow Process Corner: u/campaign/records_completed_3 to seg_n<4>
    Location             Delay type         Delay(ns)  Physical Resource
                                                       Logical Resource(s)
    -------------------------------------------------  -------------------
    SLICE_X33Y9.BMUX     Tshcko                0.518   u/records_completed<5>
                                                       u/campaign/records_completed_3
    SLICE_X37Y9.A4       net (fanout=7)        0.984   u/records_completed<3>
    SLICE_X37Y9.A        Tilo                  0.259   u/records_completed[6]_PWR_2_o_mod_0/a[3]_a[6]_MUX_101_o
                                                       u/records_completed[6]_PWR_2_o_mod_0/Mmux_a[0]_a[6]_MUX_97_o131
    SLICE_X37Y9.B5       net (fanout=2)        0.742   u/records_completed[6]_PWR_2_o_mod_0/a[3]_a[6]_MUX_94_o
    SLICE_X37Y9.B        Tilo                  0.259   u/records_completed[6]_PWR_2_o_mod_0/a[3]_a[6]_MUX_101_o
                                                       u/records_completed[6]_PWR_2_o_mod_0/Mmux_a[0]_a[6]_MUX_104_o131
    SLICE_X35Y9.D1       net (fanout=2)        0.742   u/records_completed[6]_PWR_2_o_mod_0/a[3]_a[6]_MUX_101_o
    SLICE_X35Y9.DMUX     Tilo                  0.337   u/ones<1>
                                                       u/records_completed[6]_PWR_2_o_mod_0/Mmux_o41
    SLICE_X34Y7.A1       net (fanout=1)        0.805   u/ones<3>
    SLICE_X34Y7.A        Tilo                  0.254   seg_n_4_OBUF
                                                       u/Mmux_digit<3>11
    SLICE_X34Y7.B4       net (fanout=4)        0.456   u/digit<3>
    SLICE_X34Y7.B        Tilo                  0.254   seg_n_4_OBUF
                                                       u/Mram_seg_n41
    M14.O                net (fanout=1)        2.441   seg_n_4_OBUF
    M14.PAD              Tioop                 2.982   seg_n<4>
                                                       seg_n_4_OBUF
                                                       seg_n<4>
    -------------------------------------------------  ---------------------------
    Total                                     11.033ns (4.863ns logic, 6.170ns route)
                                                       (44.1% logic, 55.9% route)

--------------------------------------------------------------------------------
Offset:                 14.968ns (clock path + data path + uncertainty)
  Source:               u/campaign/records_completed_3 (FF)
  Destination:          seg_n<4> (PAD)
  Source Clock:         clk_100mhz_BUFGP rising at 0.000ns
  Data Path Delay:      11.009ns (Levels of Logic = 6)
  Clock Path Delay:     3.934ns (Levels of Logic = 2)
  Clock Uncertainty:    0.025ns

  Clock Uncertainty:          0.025ns  ((TSJ^2 + TIJ^2)^1/2 + DJ) / 2 + PE
    Total System Jitter (TSJ):  0.050ns
    Total Input Jitter (TIJ):   0.000ns
    Discrete Jitter (DJ):       0.000ns
    Phase Error (PE):           0.000ns

  Maximum Clock Path at Slow Process Corner: clk_100mhz to u/campaign/records_completed_3
    Location             Delay type         Delay(ns)  Physical Resource
                                                       Logical Resource(s)
    -------------------------------------------------  -------------------
    V10.I                Tiopi                 1.557   clk_100mhz
                                                       clk_100mhz
                                                       clk_100mhz_BUFGP/IBUFG
                                                       ProtoComp217.IMUX
    BUFGMUX_X3Y13.I0     net (fanout=1)        1.050   clk_100mhz_BUFGP/IBUFG
    BUFGMUX_X3Y13.O      Tgi0o                 0.209   clk_100mhz_BUFGP/BUFG
                                                       clk_100mhz_BUFGP/BUFG
    SLICE_X33Y9.CLK      net (fanout=285)      1.118   clk_100mhz_BUFGP
    -------------------------------------------------  ---------------------------
    Total                                      3.934ns (1.766ns logic, 2.168ns route)
                                                       (44.9% logic, 55.1% route)

  Maximum Data Path at Slow Process Corner: u/campaign/records_completed_3 to seg_n<4>
    Location             Delay type         Delay(ns)  Physical Resource
                                                       Logical Resource(s)
    -------------------------------------------------  -------------------
    SLICE_X33Y9.BMUX     Tshcko                0.518   u/records_completed<5>
                                                       u/campaign/records_completed_3
    SLICE_X35Y9.A3       net (fanout=7)        0.812   u/records_completed<3>
    SLICE_X35Y9.A        Tilo                  0.259   u/ones<1>
                                                       u/records_completed[6]_PWR_2_o_mod_0/Mmux_a[4]_a[6]_MUX_93_o11
    SLICE_X37Y9.B3       net (fanout=2)        0.612   u/records_completed[6]_PWR_2_o_mod_0/a[4]_a[6]_MUX_93_o
    SLICE_X37Y9.BMUX     Tilo                  0.337   u/records_completed[6]_PWR_2_o_mod_0/a[3]_a[6]_MUX_101_o
                                                       u/records_completed[6]_PWR_2_o_mod_0/Mmux_a[0]_a[6]_MUX_104_o121
    SLICE_X35Y9.D2       net (fanout=2)        0.942   u/records_completed[6]_PWR_2_o_mod_0/a[2]_a[6]_MUX_102_o
    SLICE_X35Y9.DMUX     Tilo                  0.337   u/ones<1>
                                                       u/records_completed[6]_PWR_2_o_mod_0/Mmux_o41
    SLICE_X34Y7.A1       net (fanout=1)        0.805   u/ones<3>
    SLICE_X34Y7.A        Tilo                  0.254   seg_n_4_OBUF
                                                       u/Mmux_digit<3>11
    SLICE_X34Y7.B4       net (fanout=4)        0.456   u/digit<3>
    SLICE_X34Y7.B        Tilo                  0.254   seg_n_4_OBUF
                                                       u/Mram_seg_n41
    M14.O                net (fanout=1)        2.441   seg_n_4_OBUF
    M14.PAD              Tioop                 2.982   seg_n<4>
                                                       seg_n_4_OBUF
                                                       seg_n<4>
    -------------------------------------------------  ---------------------------
    Total                                     11.009ns (4.941ns logic, 6.068ns route)
                                                       (44.9% logic, 55.1% route)

--------------------------------------------------------------------------------
Offset:                 14.967ns (clock path + data path + uncertainty)
  Source:               u/campaign/records_completed_3 (FF)
  Destination:          seg_n<4> (PAD)
  Source Clock:         clk_100mhz_BUFGP rising at 0.000ns
  Data Path Delay:      11.008ns (Levels of Logic = 6)
  Clock Path Delay:     3.934ns (Levels of Logic = 2)
  Clock Uncertainty:    0.025ns

  Clock Uncertainty:          0.025ns  ((TSJ^2 + TIJ^2)^1/2 + DJ) / 2 + PE
    Total System Jitter (TSJ):  0.050ns
    Total Input Jitter (TIJ):   0.000ns
    Discrete Jitter (DJ):       0.000ns
    Phase Error (PE):           0.000ns

  Maximum Clock Path at Slow Process Corner: clk_100mhz to u/campaign/records_completed_3
    Location             Delay type         Delay(ns)  Physical Resource
                                                       Logical Resource(s)
    -------------------------------------------------  -------------------
    V10.I                Tiopi                 1.557   clk_100mhz
                                                       clk_100mhz
                                                       clk_100mhz_BUFGP/IBUFG
                                                       ProtoComp217.IMUX
    BUFGMUX_X3Y13.I0     net (fanout=1)        1.050   clk_100mhz_BUFGP/IBUFG
    BUFGMUX_X3Y13.O      Tgi0o                 0.209   clk_100mhz_BUFGP/BUFG
                                                       clk_100mhz_BUFGP/BUFG
    SLICE_X33Y9.CLK      net (fanout=285)      1.118   clk_100mhz_BUFGP
    -------------------------------------------------  ---------------------------
    Total                                      3.934ns (1.766ns logic, 2.168ns route)
                                                       (44.9% logic, 55.1% route)

  Maximum Data Path at Slow Process Corner: u/campaign/records_completed_3 to seg_n<4>
    Location             Delay type         Delay(ns)  Physical Resource
                                                       Logical Resource(s)
    -------------------------------------------------  -------------------
    SLICE_X33Y9.BMUX     Tshcko                0.518   u/records_completed<5>
                                                       u/campaign/records_completed_3
    SLICE_X37Y9.A4       net (fanout=7)        0.984   u/records_completed<3>
    SLICE_X37Y9.AMUX     Tilo                  0.337   u/records_completed[6]_PWR_2_o_mod_0/a[3]_a[6]_MUX_101_o
                                                       u/records_completed[6]_PWR_2_o_mod_0/Mmux_a[5]_a[6]_MUX_92_o11
    SLICE_X37Y9.B4       net (fanout=2)        0.361   u/records_completed[6]_PWR_2_o_mod_0/a[5]_a[6]_MUX_92_o
    SLICE_X37Y9.BMUX     Tilo                  0.337   u/records_completed[6]_PWR_2_o_mod_0/a[3]_a[6]_MUX_101_o
                                                       u/records_completed[6]_PWR_2_o_mod_0/Mmux_a[0]_a[6]_MUX_104_o121
    SLICE_X35Y9.D2       net (fanout=2)        0.942   u/records_completed[6]_PWR_2_o_mod_0/a[2]_a[6]_MUX_102_o
    SLICE_X35Y9.DMUX     Tilo                  0.337   u/ones<1>
                                                       u/records_completed[6]_PWR_2_o_mod_0/Mmux_o41
    SLICE_X34Y7.A1       net (fanout=1)        0.805   u/ones<3>
    SLICE_X34Y7.A        Tilo                  0.254   seg_n_4_OBUF
                                                       u/Mmux_digit<3>11
    SLICE_X34Y7.B4       net (fanout=4)        0.456   u/digit<3>
    SLICE_X34Y7.B        Tilo                  0.254   seg_n_4_OBUF
                                                       u/Mram_seg_n41
    M14.O                net (fanout=1)        2.441   seg_n_4_OBUF
    M14.PAD              Tioop                 2.982   seg_n<4>
                                                       seg_n_4_OBUF
                                                       seg_n<4>
    -------------------------------------------------  ---------------------------
    Total                                     11.008ns (5.019ns logic, 5.989ns route)
                                                       (45.6% logic, 54.4% route)

--------------------------------------------------------------------------------
Offset:                 14.965ns (clock path + data path + uncertainty)
  Source:               u/campaign/records_completed_6 (FF)
  Destination:          seg_n<4> (PAD)
  Source Clock:         clk_100mhz_BUFGP rising at 0.000ns
  Data Path Delay:      10.999ns (Levels of Logic = 6)
  Clock Path Delay:     3.941ns (Levels of Logic = 2)
  Clock Uncertainty:    0.025ns

  Clock Uncertainty:          0.025ns  ((TSJ^2 + TIJ^2)^1/2 + DJ) / 2 + PE
    Total System Jitter (TSJ):  0.050ns
    Total Input Jitter (TIJ):   0.000ns
    Discrete Jitter (DJ):       0.000ns
    Phase Error (PE):           0.000ns

  Maximum Clock Path at Slow Process Corner: clk_100mhz to u/campaign/records_completed_6
    Location             Delay type         Delay(ns)  Physical Resource
                                                       Logical Resource(s)
    -------------------------------------------------  -------------------
    V10.I                Tiopi                 1.557   clk_100mhz
                                                       clk_100mhz
                                                       clk_100mhz_BUFGP/IBUFG
                                                       ProtoComp217.IMUX
    BUFGMUX_X3Y13.I0     net (fanout=1)        1.050   clk_100mhz_BUFGP/IBUFG
    BUFGMUX_X3Y13.O      Tgi0o                 0.209   clk_100mhz_BUFGP/BUFG
                                                       clk_100mhz_BUFGP/BUFG
    SLICE_X34Y9.CLK      net (fanout=285)      1.125   clk_100mhz_BUFGP
    -------------------------------------------------  ---------------------------
    Total                                      3.941ns (1.766ns logic, 2.175ns route)
                                                       (44.8% logic, 55.2% route)

  Maximum Data Path at Slow Process Corner: u/campaign/records_completed_6 to seg_n<4>
    Location             Delay type         Delay(ns)  Physical Resource
                                                       Logical Resource(s)
    -------------------------------------------------  -------------------
    SLICE_X34Y9.BQ       Tcko                  0.525   u/ones<0>
                                                       u/campaign/records_completed_6
    SLICE_X37Y9.A5       net (fanout=6)        0.665   u/records_completed<6>
    SLICE_X37Y9.A        Tilo                  0.259   u/records_completed[6]_PWR_2_o_mod_0/a[3]_a[6]_MUX_101_o
                                                       u/records_completed[6]_PWR_2_o_mod_0/Mmux_a[0]_a[6]_MUX_97_o131
    SLICE_X37Y9.B5       net (fanout=2)        0.742   u/records_completed[6]_PWR_2_o_mod_0/a[3]_a[6]_MUX_94_o
    SLICE_X37Y9.BMUX     Tilo                  0.337   u/records_completed[6]_PWR_2_o_mod_0/a[3]_a[6]_MUX_101_o
                                                       u/records_completed[6]_PWR_2_o_mod_0/Mmux_a[0]_a[6]_MUX_104_o121
    SLICE_X35Y9.D2       net (fanout=2)        0.942   u/records_completed[6]_PWR_2_o_mod_0/a[2]_a[6]_MUX_102_o
    SLICE_X35Y9.DMUX     Tilo                  0.337   u/ones<1>
                                                       u/records_completed[6]_PWR_2_o_mod_0/Mmux_o41
    SLICE_X34Y7.A1       net (fanout=1)        0.805   u/ones<3>
    SLICE_X34Y7.A        Tilo                  0.254   seg_n_4_OBUF
                                                       u/Mmux_digit<3>11
    SLICE_X34Y7.B4       net (fanout=4)        0.456   u/digit<3>
    SLICE_X34Y7.B        Tilo                  0.254   seg_n_4_OBUF
                                                       u/Mram_seg_n41
    M14.O                net (fanout=1)        2.441   seg_n_4_OBUF
    M14.PAD              Tioop                 2.982   seg_n<4>
                                                       seg_n_4_OBUF
                                                       seg_n<4>
    -------------------------------------------------  ---------------------------
    Total                                     10.999ns (4.948ns logic, 6.051ns route)
                                                       (45.0% logic, 55.0% route)

--------------------------------------------------------------------------------

Paths for end point seg_n<1> (T18.PAD), 171 paths
--------------------------------------------------------------------------------
Offset:                 15.240ns (clock path + data path + uncertainty)
  Source:               u/campaign/records_completed_3 (FF)
  Destination:          seg_n<1> (PAD)
  Source Clock:         clk_100mhz_BUFGP rising at 0.000ns
  Data Path Delay:      11.281ns (Levels of Logic = 6)
  Clock Path Delay:     3.934ns (Levels of Logic = 2)
  Clock Uncertainty:    0.025ns

  Clock Uncertainty:          0.025ns  ((TSJ^2 + TIJ^2)^1/2 + DJ) / 2 + PE
    Total System Jitter (TSJ):  0.050ns
    Total Input Jitter (TIJ):   0.000ns
    Discrete Jitter (DJ):       0.000ns
    Phase Error (PE):           0.000ns

  Maximum Clock Path at Slow Process Corner: clk_100mhz to u/campaign/records_completed_3
    Location             Delay type         Delay(ns)  Physical Resource
                                                       Logical Resource(s)
    -------------------------------------------------  -------------------
    V10.I                Tiopi                 1.557   clk_100mhz
                                                       clk_100mhz
                                                       clk_100mhz_BUFGP/IBUFG
                                                       ProtoComp217.IMUX
    BUFGMUX_X3Y13.I0     net (fanout=1)        1.050   clk_100mhz_BUFGP/IBUFG
    BUFGMUX_X3Y13.O      Tgi0o                 0.209   clk_100mhz_BUFGP/BUFG
                                                       clk_100mhz_BUFGP/BUFG
    SLICE_X33Y9.CLK      net (fanout=285)      1.118   clk_100mhz_BUFGP
    -------------------------------------------------  ---------------------------
    Total                                      3.934ns (1.766ns logic, 2.168ns route)
                                                       (44.9% logic, 55.1% route)

  Maximum Data Path at Slow Process Corner: u/campaign/records_completed_3 to seg_n<1>
    Location             Delay type         Delay(ns)  Physical Resource
                                                       Logical Resource(s)
    -------------------------------------------------  -------------------
    SLICE_X33Y9.BMUX     Tshcko                0.518   u/records_completed<5>
                                                       u/campaign/records_completed_3
    SLICE_X37Y9.A4       net (fanout=7)        0.984   u/records_completed<3>
    SLICE_X37Y9.A        Tilo                  0.259   u/records_completed[6]_PWR_2_o_mod_0/a[3]_a[6]_MUX_101_o
                                                       u/records_completed[6]_PWR_2_o_mod_0/Mmux_a[0]_a[6]_MUX_97_o131
    SLICE_X37Y9.B5       net (fanout=2)        0.742   u/records_completed[6]_PWR_2_o_mod_0/a[3]_a[6]_MUX_94_o
    SLICE_X37Y9.BMUX     Tilo                  0.337   u/records_completed[6]_PWR_2_o_mod_0/a[3]_a[6]_MUX_101_o
                                                       u/records_completed[6]_PWR_2_o_mod_0/Mmux_a[0]_a[6]_MUX_104_o121
    SLICE_X35Y9.D2       net (fanout=2)        0.942   u/records_completed[6]_PWR_2_o_mod_0/a[2]_a[6]_MUX_102_o
    SLICE_X35Y9.DMUX     Tilo                  0.337   u/ones<1>
                                                       u/records_completed[6]_PWR_2_o_mod_0/Mmux_o41
    SLICE_X34Y7.A1       net (fanout=1)        0.805   u/ones<3>
    SLICE_X34Y7.A        Tilo                  0.254   seg_n_4_OBUF
                                                       u/Mmux_digit<3>11
    SLICE_X37Y8.C3       net (fanout=4)        0.657   u/digit<3>
    SLICE_X37Y8.CMUX     Tilo                  0.337   seg_n_0_OBUF
                                                       u/Mram_seg_n111
    T18.O                net (fanout=1)        2.127   seg_n_1_OBUF
    T18.PAD              Tioop                 2.982   seg_n<1>
                                                       seg_n_1_OBUF
                                                       seg_n<1>
    -------------------------------------------------  ---------------------------
    Total                                     11.281ns (5.024ns logic, 6.257ns route)
                                                       (44.5% logic, 55.5% route)

--------------------------------------------------------------------------------
Offset:                 15.205ns (clock path + data path + uncertainty)
  Source:               u/campaign/records_completed_5 (FF)
  Destination:          seg_n<1> (PAD)
  Source Clock:         clk_100mhz_BUFGP rising at 0.000ns
  Data Path Delay:      11.246ns (Levels of Logic = 6)
  Clock Path Delay:     3.934ns (Levels of Logic = 2)
  Clock Uncertainty:    0.025ns

  Clock Uncertainty:          0.025ns  ((TSJ^2 + TIJ^2)^1/2 + DJ) / 2 + PE
    Total System Jitter (TSJ):  0.050ns
    Total Input Jitter (TIJ):   0.000ns
    Discrete Jitter (DJ):       0.000ns
    Phase Error (PE):           0.000ns

  Maximum Clock Path at Slow Process Corner: clk_100mhz to u/campaign/records_completed_5
    Location             Delay type         Delay(ns)  Physical Resource
                                                       Logical Resource(s)
    -------------------------------------------------  -------------------
    V10.I                Tiopi                 1.557   clk_100mhz
                                                       clk_100mhz
                                                       clk_100mhz_BUFGP/IBUFG
                                                       ProtoComp217.IMUX
    BUFGMUX_X3Y13.I0     net (fanout=1)        1.050   clk_100mhz_BUFGP/IBUFG
    BUFGMUX_X3Y13.O      Tgi0o                 0.209   clk_100mhz_BUFGP/BUFG
                                                       clk_100mhz_BUFGP/BUFG
    SLICE_X33Y9.CLK      net (fanout=285)      1.118   clk_100mhz_BUFGP
    -------------------------------------------------  ---------------------------
    Total                                      3.934ns (1.766ns logic, 2.168ns route)
                                                       (44.9% logic, 55.1% route)

  Maximum Data Path at Slow Process Corner: u/campaign/records_completed_5 to seg_n<1>
    Location             Delay type         Delay(ns)  Physical Resource
                                                       Logical Resource(s)
    -------------------------------------------------  -------------------
    SLICE_X33Y9.CQ       Tcko                  0.430   u/records_completed<5>
                                                       u/campaign/records_completed_5
    SLICE_X37Y9.A3       net (fanout=7)        1.037   u/records_completed<5>
    SLICE_X37Y9.A        Tilo                  0.259   u/records_completed[6]_PWR_2_o_mod_0/a[3]_a[6]_MUX_101_o
                                                       u/records_completed[6]_PWR_2_o_mod_0/Mmux_a[0]_a[6]_MUX_97_o131
    SLICE_X37Y9.B5       net (fanout=2)        0.742   u/records_completed[6]_PWR_2_o_mod_0/a[3]_a[6]_MUX_94_o
    SLICE_X37Y9.BMUX     Tilo                  0.337   u/records_completed[6]_PWR_2_o_mod_0/a[3]_a[6]_MUX_101_o
                                                       u/records_completed[6]_PWR_2_o_mod_0/Mmux_a[0]_a[6]_MUX_104_o121
    SLICE_X35Y9.D2       net (fanout=2)        0.942   u/records_completed[6]_PWR_2_o_mod_0/a[2]_a[6]_MUX_102_o
    SLICE_X35Y9.DMUX     Tilo                  0.337   u/ones<1>
                                                       u/records_completed[6]_PWR_2_o_mod_0/Mmux_o41
    SLICE_X34Y7.A1       net (fanout=1)        0.805   u/ones<3>
    SLICE_X34Y7.A        Tilo                  0.254   seg_n_4_OBUF
                                                       u/Mmux_digit<3>11
    SLICE_X37Y8.C3       net (fanout=4)        0.657   u/digit<3>
    SLICE_X37Y8.CMUX     Tilo                  0.337   seg_n_0_OBUF
                                                       u/Mram_seg_n111
    T18.O                net (fanout=1)        2.127   seg_n_1_OBUF
    T18.PAD              Tioop                 2.982   seg_n<1>
                                                       seg_n_1_OBUF
                                                       seg_n<1>
    -------------------------------------------------  ---------------------------
    Total                                     11.246ns (4.936ns logic, 6.310ns route)
                                                       (43.9% logic, 56.1% route)

--------------------------------------------------------------------------------
Offset:                 15.112ns (clock path + data path + uncertainty)
  Source:               u/campaign/records_completed_4 (FF)
  Destination:          seg_n<1> (PAD)
  Source Clock:         clk_100mhz_BUFGP rising at 0.000ns
  Data Path Delay:      11.146ns (Levels of Logic = 6)
  Clock Path Delay:     3.941ns (Levels of Logic = 2)
  Clock Uncertainty:    0.025ns

  Clock Uncertainty:          0.025ns  ((TSJ^2 + TIJ^2)^1/2 + DJ) / 2 + PE
    Total System Jitter (TSJ):  0.050ns
    Total Input Jitter (TIJ):   0.000ns
    Discrete Jitter (DJ):       0.000ns
    Phase Error (PE):           0.000ns

  Maximum Clock Path at Slow Process Corner: clk_100mhz to u/campaign/records_completed_4
    Location             Delay type         Delay(ns)  Physical Resource
                                                       Logical Resource(s)
    -------------------------------------------------  -------------------
    V10.I                Tiopi                 1.557   clk_100mhz
                                                       clk_100mhz
                                                       clk_100mhz_BUFGP/IBUFG
                                                       ProtoComp217.IMUX
    BUFGMUX_X3Y13.I0     net (fanout=1)        1.050   clk_100mhz_BUFGP/IBUFG
    BUFGMUX_X3Y13.O      Tgi0o                 0.209   clk_100mhz_BUFGP/BUFG
                                                       clk_100mhz_BUFGP/BUFG
    SLICE_X34Y9.CLK      net (fanout=285)      1.125   clk_100mhz_BUFGP
    -------------------------------------------------  ---------------------------
    Total                                      3.941ns (1.766ns logic, 2.175ns route)
                                                       (44.8% logic, 55.2% route)

  Maximum Data Path at Slow Process Corner: u/campaign/records_completed_4 to seg_n<1>
    Location             Delay type         Delay(ns)  Physical Resource
                                                       Logical Resource(s)
    -------------------------------------------------  -------------------
    SLICE_X34Y9.CMUX     Tshcko                0.576   u/ones<0>
                                                       u/campaign/records_completed_4
    SLICE_X37Y9.A1       net (fanout=7)        0.791   u/records_completed<4>
    SLICE_X37Y9.A        Tilo                  0.259   u/records_completed[6]_PWR_2_o_mod_0/a[3]_a[6]_MUX_101_o
                                                       u/records_completed[6]_PWR_2_o_mod_0/Mmux_a[0]_a[6]_MUX_97_o131
    SLICE_X37Y9.B5       net (fanout=2)        0.742   u/records_completed[6]_PWR_2_o_mod_0/a[3]_a[6]_MUX_94_o
    SLICE_X37Y9.BMUX     Tilo                  0.337   u/records_completed[6]_PWR_2_o_mod_0/a[3]_a[6]_MUX_101_o
                                                       u/records_completed[6]_PWR_2_o_mod_0/Mmux_a[0]_a[6]_MUX_104_o121
    SLICE_X35Y9.D2       net (fanout=2)        0.942   u/records_completed[6]_PWR_2_o_mod_0/a[2]_a[6]_MUX_102_o
    SLICE_X35Y9.DMUX     Tilo                  0.337   u/ones<1>
                                                       u/records_completed[6]_PWR_2_o_mod_0/Mmux_o41
    SLICE_X34Y7.A1       net (fanout=1)        0.805   u/ones<3>
    SLICE_X34Y7.A        Tilo                  0.254   seg_n_4_OBUF
                                                       u/Mmux_digit<3>11
    SLICE_X37Y8.C3       net (fanout=4)        0.657   u/digit<3>
    SLICE_X37Y8.CMUX     Tilo                  0.337   seg_n_0_OBUF
                                                       u/Mram_seg_n111
    T18.O                net (fanout=1)        2.127   seg_n_1_OBUF
    T18.PAD              Tioop                 2.982   seg_n<1>
                                                       seg_n_1_OBUF
                                                       seg_n<1>
    -------------------------------------------------  ---------------------------
    Total                                     11.146ns (5.082ns logic, 6.064ns route)
                                                       (45.6% logic, 54.4% route)

--------------------------------------------------------------------------------
Offset:                 14.962ns (clock path + data path + uncertainty)
  Source:               u/campaign/records_completed_3 (FF)
  Destination:          seg_n<1> (PAD)
  Source Clock:         clk_100mhz_BUFGP rising at 0.000ns
  Data Path Delay:      11.003ns (Levels of Logic = 6)
  Clock Path Delay:     3.934ns (Levels of Logic = 2)
  Clock Uncertainty:    0.025ns

  Clock Uncertainty:          0.025ns  ((TSJ^2 + TIJ^2)^1/2 + DJ) / 2 + PE
    Total System Jitter (TSJ):  0.050ns
    Total Input Jitter (TIJ):   0.000ns
    Discrete Jitter (DJ):       0.000ns
    Phase Error (PE):           0.000ns

  Maximum Clock Path at Slow Process Corner: clk_100mhz to u/campaign/records_completed_3
    Location             Delay type         Delay(ns)  Physical Resource
                                                       Logical Resource(s)
    -------------------------------------------------  -------------------
    V10.I                Tiopi                 1.557   clk_100mhz
                                                       clk_100mhz
                                                       clk_100mhz_BUFGP/IBUFG
                                                       ProtoComp217.IMUX
    BUFGMUX_X3Y13.I0     net (fanout=1)        1.050   clk_100mhz_BUFGP/IBUFG
    BUFGMUX_X3Y13.O      Tgi0o                 0.209   clk_100mhz_BUFGP/BUFG
                                                       clk_100mhz_BUFGP/BUFG
    SLICE_X33Y9.CLK      net (fanout=285)      1.118   clk_100mhz_BUFGP
    -------------------------------------------------  ---------------------------
    Total                                      3.934ns (1.766ns logic, 2.168ns route)
                                                       (44.9% logic, 55.1% route)

  Maximum Data Path at Slow Process Corner: u/campaign/records_completed_3 to seg_n<1>
    Location             Delay type         Delay(ns)  Physical Resource
                                                       Logical Resource(s)
    -------------------------------------------------  -------------------
    SLICE_X33Y9.BMUX     Tshcko                0.518   u/records_completed<5>
                                                       u/campaign/records_completed_3
    SLICE_X37Y9.A4       net (fanout=7)        0.984   u/records_completed<3>
    SLICE_X37Y9.A        Tilo                  0.259   u/records_completed[6]_PWR_2_o_mod_0/a[3]_a[6]_MUX_101_o
                                                       u/records_completed[6]_PWR_2_o_mod_0/Mmux_a[0]_a[6]_MUX_97_o131
    SLICE_X37Y9.B5       net (fanout=2)        0.742   u/records_completed[6]_PWR_2_o_mod_0/a[3]_a[6]_MUX_94_o
    SLICE_X37Y9.B        Tilo                  0.259   u/records_completed[6]_PWR_2_o_mod_0/a[3]_a[6]_MUX_101_o
                                                       u/records_completed[6]_PWR_2_o_mod_0/Mmux_a[0]_a[6]_MUX_104_o131
    SLICE_X35Y9.D1       net (fanout=2)        0.742   u/records_completed[6]_PWR_2_o_mod_0/a[3]_a[6]_MUX_101_o
    SLICE_X35Y9.DMUX     Tilo                  0.337   u/ones<1>
                                                       u/records_completed[6]_PWR_2_o_mod_0/Mmux_o41
    SLICE_X34Y7.A1       net (fanout=1)        0.805   u/ones<3>
    SLICE_X34Y7.A        Tilo                  0.254   seg_n_4_OBUF
                                                       u/Mmux_digit<3>11
    SLICE_X37Y8.C3       net (fanout=4)        0.657   u/digit<3>
    SLICE_X37Y8.CMUX     Tilo                  0.337   seg_n_0_OBUF
                                                       u/Mram_seg_n111
    T18.O                net (fanout=1)        2.127   seg_n_1_OBUF
    T18.PAD              Tioop                 2.982   seg_n<1>
                                                       seg_n_1_OBUF
                                                       seg_n<1>
    -------------------------------------------------  ---------------------------
    Total                                     11.003ns (4.946ns logic, 6.057ns route)
                                                       (45.0% logic, 55.0% route)

--------------------------------------------------------------------------------
Offset:                 14.938ns (clock path + data path + uncertainty)
  Source:               u/campaign/records_completed_3 (FF)
  Destination:          seg_n<1> (PAD)
  Source Clock:         clk_100mhz_BUFGP rising at 0.000ns
  Data Path Delay:      10.979ns (Levels of Logic = 6)
  Clock Path Delay:     3.934ns (Levels of Logic = 2)
  Clock Uncertainty:    0.025ns

  Clock Uncertainty:          0.025ns  ((TSJ^2 + TIJ^2)^1/2 + DJ) / 2 + PE
    Total System Jitter (TSJ):  0.050ns
    Total Input Jitter (TIJ):   0.000ns
    Discrete Jitter (DJ):       0.000ns
    Phase Error (PE):           0.000ns

  Maximum Clock Path at Slow Process Corner: clk_100mhz to u/campaign/records_completed_3
    Location             Delay type         Delay(ns)  Physical Resource
                                                       Logical Resource(s)
    -------------------------------------------------  -------------------
    V10.I                Tiopi                 1.557   clk_100mhz
                                                       clk_100mhz
                                                       clk_100mhz_BUFGP/IBUFG
                                                       ProtoComp217.IMUX
    BUFGMUX_X3Y13.I0     net (fanout=1)        1.050   clk_100mhz_BUFGP/IBUFG
    BUFGMUX_X3Y13.O      Tgi0o                 0.209   clk_100mhz_BUFGP/BUFG
                                                       clk_100mhz_BUFGP/BUFG
    SLICE_X33Y9.CLK      net (fanout=285)      1.118   clk_100mhz_BUFGP
    -------------------------------------------------  ---------------------------
    Total                                      3.934ns (1.766ns logic, 2.168ns route)
                                                       (44.9% logic, 55.1% route)

  Maximum Data Path at Slow Process Corner: u/campaign/records_completed_3 to seg_n<1>
    Location             Delay type         Delay(ns)  Physical Resource
                                                       Logical Resource(s)
    -------------------------------------------------  -------------------
    SLICE_X33Y9.BMUX     Tshcko                0.518   u/records_completed<5>
                                                       u/campaign/records_completed_3
    SLICE_X35Y9.A3       net (fanout=7)        0.812   u/records_completed<3>
    SLICE_X35Y9.A        Tilo                  0.259   u/ones<1>
                                                       u/records_completed[6]_PWR_2_o_mod_0/Mmux_a[4]_a[6]_MUX_93_o11
    SLICE_X37Y9.B3       net (fanout=2)        0.612   u/records_completed[6]_PWR_2_o_mod_0/a[4]_a[6]_MUX_93_o
    SLICE_X37Y9.BMUX     Tilo                  0.337   u/records_completed[6]_PWR_2_o_mod_0/a[3]_a[6]_MUX_101_o
                                                       u/records_completed[6]_PWR_2_o_mod_0/Mmux_a[0]_a[6]_MUX_104_o121
    SLICE_X35Y9.D2       net (fanout=2)        0.942   u/records_completed[6]_PWR_2_o_mod_0/a[2]_a[6]_MUX_102_o
    SLICE_X35Y9.DMUX     Tilo                  0.337   u/ones<1>
                                                       u/records_completed[6]_PWR_2_o_mod_0/Mmux_o41
    SLICE_X34Y7.A1       net (fanout=1)        0.805   u/ones<3>
    SLICE_X34Y7.A        Tilo                  0.254   seg_n_4_OBUF
                                                       u/Mmux_digit<3>11
    SLICE_X37Y8.C3       net (fanout=4)        0.657   u/digit<3>
    SLICE_X37Y8.CMUX     Tilo                  0.337   seg_n_0_OBUF
                                                       u/Mram_seg_n111
    T18.O                net (fanout=1)        2.127   seg_n_1_OBUF
    T18.PAD              Tioop                 2.982   seg_n<1>
                                                       seg_n_1_OBUF
                                                       seg_n<1>
    -------------------------------------------------  ---------------------------
    Total                                     10.979ns (5.024ns logic, 5.955ns route)
                                                       (45.8% logic, 54.2% route)

--------------------------------------------------------------------------------
Offset:                 14.937ns (clock path + data path + uncertainty)
  Source:               u/campaign/records_completed_3 (FF)
  Destination:          seg_n<1> (PAD)
  Source Clock:         clk_100mhz_BUFGP rising at 0.000ns
  Data Path Delay:      10.978ns (Levels of Logic = 6)
  Clock Path Delay:     3.934ns (Levels of Logic = 2)
  Clock Uncertainty:    0.025ns

  Clock Uncertainty:          0.025ns  ((TSJ^2 + TIJ^2)^1/2 + DJ) / 2 + PE
    Total System Jitter (TSJ):  0.050ns
    Total Input Jitter (TIJ):   0.000ns
    Discrete Jitter (DJ):       0.000ns
    Phase Error (PE):           0.000ns

  Maximum Clock Path at Slow Process Corner: clk_100mhz to u/campaign/records_completed_3
    Location             Delay type         Delay(ns)  Physical Resource
                                                       Logical Resource(s)
    -------------------------------------------------  -------------------
    V10.I                Tiopi                 1.557   clk_100mhz
                                                       clk_100mhz
                                                       clk_100mhz_BUFGP/IBUFG
                                                       ProtoComp217.IMUX
    BUFGMUX_X3Y13.I0     net (fanout=1)        1.050   clk_100mhz_BUFGP/IBUFG
    BUFGMUX_X3Y13.O      Tgi0o                 0.209   clk_100mhz_BUFGP/BUFG
                                                       clk_100mhz_BUFGP/BUFG
    SLICE_X33Y9.CLK      net (fanout=285)      1.118   clk_100mhz_BUFGP
    -------------------------------------------------  ---------------------------
    Total                                      3.934ns (1.766ns logic, 2.168ns route)
                                                       (44.9% logic, 55.1% route)

  Maximum Data Path at Slow Process Corner: u/campaign/records_completed_3 to seg_n<1>
    Location             Delay type         Delay(ns)  Physical Resource
                                                       Logical Resource(s)
    -------------------------------------------------  -------------------
    SLICE_X33Y9.BMUX     Tshcko                0.518   u/records_completed<5>
                                                       u/campaign/records_completed_3
    SLICE_X37Y9.A4       net (fanout=7)        0.984   u/records_completed<3>
    SLICE_X37Y9.AMUX     Tilo                  0.337   u/records_completed[6]_PWR_2_o_mod_0/a[3]_a[6]_MUX_101_o
                                                       u/records_completed[6]_PWR_2_o_mod_0/Mmux_a[5]_a[6]_MUX_92_o11
    SLICE_X37Y9.B4       net (fanout=2)        0.361   u/records_completed[6]_PWR_2_o_mod_0/a[5]_a[6]_MUX_92_o
    SLICE_X37Y9.BMUX     Tilo                  0.337   u/records_completed[6]_PWR_2_o_mod_0/a[3]_a[6]_MUX_101_o
                                                       u/records_completed[6]_PWR_2_o_mod_0/Mmux_a[0]_a[6]_MUX_104_o121
    SLICE_X35Y9.D2       net (fanout=2)        0.942   u/records_completed[6]_PWR_2_o_mod_0/a[2]_a[6]_MUX_102_o
    SLICE_X35Y9.DMUX     Tilo                  0.337   u/ones<1>
                                                       u/records_completed[6]_PWR_2_o_mod_0/Mmux_o41
    SLICE_X34Y7.A1       net (fanout=1)        0.805   u/ones<3>
    SLICE_X34Y7.A        Tilo                  0.254   seg_n_4_OBUF
                                                       u/Mmux_digit<3>11
    SLICE_X37Y8.C3       net (fanout=4)        0.657   u/digit<3>
    SLICE_X37Y8.CMUX     Tilo                  0.337   seg_n_0_OBUF
                                                       u/Mram_seg_n111
    T18.O                net (fanout=1)        2.127   seg_n_1_OBUF
    T18.PAD              Tioop                 2.982   seg_n<1>
                                                       seg_n_1_OBUF
                                                       seg_n<1>
    -------------------------------------------------  ---------------------------
    Total                                     10.978ns (5.102ns logic, 5.876ns route)
                                                       (46.5% logic, 53.5% route)

--------------------------------------------------------------------------------
Offset:                 14.935ns (clock path + data path + uncertainty)
  Source:               u/campaign/records_completed_6 (FF)
  Destination:          seg_n<1> (PAD)
  Source Clock:         clk_100mhz_BUFGP rising at 0.000ns
  Data Path Delay:      10.969ns (Levels of Logic = 6)
  Clock Path Delay:     3.941ns (Levels of Logic = 2)
  Clock Uncertainty:    0.025ns

  Clock Uncertainty:          0.025ns  ((TSJ^2 + TIJ^2)^1/2 + DJ) / 2 + PE
    Total System Jitter (TSJ):  0.050ns
    Total Input Jitter (TIJ):   0.000ns
    Discrete Jitter (DJ):       0.000ns
    Phase Error (PE):           0.000ns

  Maximum Clock Path at Slow Process Corner: clk_100mhz to u/campaign/records_completed_6
    Location             Delay type         Delay(ns)  Physical Resource
                                                       Logical Resource(s)
    -------------------------------------------------  -------------------
    V10.I                Tiopi                 1.557   clk_100mhz
                                                       clk_100mhz
                                                       clk_100mhz_BUFGP/IBUFG
                                                       ProtoComp217.IMUX
    BUFGMUX_X3Y13.I0     net (fanout=1)        1.050   clk_100mhz_BUFGP/IBUFG
    BUFGMUX_X3Y13.O      Tgi0o                 0.209   clk_100mhz_BUFGP/BUFG
                                                       clk_100mhz_BUFGP/BUFG
    SLICE_X34Y9.CLK      net (fanout=285)      1.125   clk_100mhz_BUFGP
    -------------------------------------------------  ---------------------------
    Total                                      3.941ns (1.766ns logic, 2.175ns route)
                                                       (44.8% logic, 55.2% route)

  Maximum Data Path at Slow Process Corner: u/campaign/records_completed_6 to seg_n<1>
    Location             Delay type         Delay(ns)  Physical Resource
                                                       Logical Resource(s)
    -------------------------------------------------  -------------------
    SLICE_X34Y9.BQ       Tcko                  0.525   u/ones<0>
                                                       u/campaign/records_completed_6
    SLICE_X37Y9.A5       net (fanout=6)        0.665   u/records_completed<6>
    SLICE_X37Y9.A        Tilo                  0.259   u/records_completed[6]_PWR_2_o_mod_0/a[3]_a[6]_MUX_101_o
                                                       u/records_completed[6]_PWR_2_o_mod_0/Mmux_a[0]_a[6]_MUX_97_o131
    SLICE_X37Y9.B5       net (fanout=2)        0.742   u/records_completed[6]_PWR_2_o_mod_0/a[3]_a[6]_MUX_94_o
    SLICE_X37Y9.BMUX     Tilo                  0.337   u/records_completed[6]_PWR_2_o_mod_0/a[3]_a[6]_MUX_101_o
                                                       u/records_completed[6]_PWR_2_o_mod_0/Mmux_a[0]_a[6]_MUX_104_o121
    SLICE_X35Y9.D2       net (fanout=2)        0.942   u/records_completed[6]_PWR_2_o_mod_0/a[2]_a[6]_MUX_102_o
    SLICE_X35Y9.DMUX     Tilo                  0.337   u/ones<1>
                                                       u/records_completed[6]_PWR_2_o_mod_0/Mmux_o41
    SLICE_X34Y7.A1       net (fanout=1)        0.805   u/ones<3>
    SLICE_X34Y7.A        Tilo                  0.254   seg_n_4_OBUF
                                                       u/Mmux_digit<3>11
    SLICE_X37Y8.C3       net (fanout=4)        0.657   u/digit<3>
    SLICE_X37Y8.CMUX     Tilo                  0.337   seg_n_0_OBUF
                                                       u/Mram_seg_n111
    T18.O                net (fanout=1)        2.127   seg_n_1_OBUF
    T18.PAD              Tioop                 2.982   seg_n<1>
                                                       seg_n_1_OBUF
                                                       seg_n<1>
    -------------------------------------------------  ---------------------------
    Total                                     10.969ns (5.031ns logic, 5.938ns route)
                                                       (45.9% logic, 54.1% route)

--------------------------------------------------------------------------------
Offset:                 14.927ns (clock path + data path + uncertainty)
  Source:               u/campaign/records_completed_5 (FF)
  Destination:          seg_n<1> (PAD)
  Source Clock:         clk_100mhz_BUFGP rising at 0.000ns
  Data Path Delay:      10.968ns (Levels of Logic = 6)
  Clock Path Delay:     3.934ns (Levels of Logic = 2)
  Clock Uncertainty:    0.025ns

  Clock Uncertainty:          0.025ns  ((TSJ^2 + TIJ^2)^1/2 + DJ) / 2 + PE
    Total System Jitter (TSJ):  0.050ns
    Total Input Jitter (TIJ):   0.000ns
    Discrete Jitter (DJ):       0.000ns
    Phase Error (PE):           0.000ns

  Maximum Clock Path at Slow Process Corner: clk_100mhz to u/campaign/records_completed_5
    Location             Delay type         Delay(ns)  Physical Resource
                                                       Logical Resource(s)
    -------------------------------------------------  -------------------
    V10.I                Tiopi                 1.557   clk_100mhz
                                                       clk_100mhz
                                                       clk_100mhz_BUFGP/IBUFG
                                                       ProtoComp217.IMUX
    BUFGMUX_X3Y13.I0     net (fanout=1)        1.050   clk_100mhz_BUFGP/IBUFG
    BUFGMUX_X3Y13.O      Tgi0o                 0.209   clk_100mhz_BUFGP/BUFG
                                                       clk_100mhz_BUFGP/BUFG
    SLICE_X33Y9.CLK      net (fanout=285)      1.118   clk_100mhz_BUFGP
    -------------------------------------------------  ---------------------------
    Total                                      3.934ns (1.766ns logic, 2.168ns route)
                                                       (44.9% logic, 55.1% route)

  Maximum Data Path at Slow Process Corner: u/campaign/records_completed_5 to seg_n<1>
    Location             Delay type         Delay(ns)  Physical Resource
                                                       Logical Resource(s)
    -------------------------------------------------  -------------------
    SLICE_X33Y9.CQ       Tcko                  0.430   u/records_completed<5>
                                                       u/campaign/records_completed_5
    SLICE_X37Y9.A3       net (fanout=7)        1.037   u/records_completed<5>
    SLICE_X37Y9.A        Tilo                  0.259   u/records_completed[6]_PWR_2_o_mod_0/a[3]_a[6]_MUX_101_o
                                                       u/records_completed[6]_PWR_2_o_mod_0/Mmux_a[0]_a[6]_MUX_97_o131
    SLICE_X37Y9.B5       net (fanout=2)        0.742   u/records_completed[6]_PWR_2_o_mod_0/a[3]_a[6]_MUX_94_o
    SLICE_X37Y9.B        Tilo                  0.259   u/records_completed[6]_PWR_2_o_mod_0/a[3]_a[6]_MUX_101_o
                                                       u/records_completed[6]_PWR_2_o_mod_0/Mmux_a[0]_a[6]_MUX_104_o131
    SLICE_X35Y9.D1       net (fanout=2)        0.742   u/records_completed[6]_PWR_2_o_mod_0/a[3]_a[6]_MUX_101_o
    SLICE_X35Y9.DMUX     Tilo                  0.337   u/ones<1>
                                                       u/records_completed[6]_PWR_2_o_mod_0/Mmux_o41
    SLICE_X34Y7.A1       net (fanout=1)        0.805   u/ones<3>
    SLICE_X34Y7.A        Tilo                  0.254   seg_n_4_OBUF
                                                       u/Mmux_digit<3>11
    SLICE_X37Y8.C3       net (fanout=4)        0.657   u/digit<3>
    SLICE_X37Y8.CMUX     Tilo                  0.337   seg_n_0_OBUF
                                                       u/Mram_seg_n111
    T18.O                net (fanout=1)        2.127   seg_n_1_OBUF
    T18.PAD              Tioop                 2.982   seg_n<1>
                                                       seg_n_1_OBUF
                                                       seg_n<1>
    -------------------------------------------------  ---------------------------
    Total                                     10.968ns (4.858ns logic, 6.110ns route)
                                                       (44.3% logic, 55.7% route)

--------------------------------------------------------------------------------
Offset:                 14.902ns (clock path + data path + uncertainty)
  Source:               u/campaign/records_completed_5 (FF)
  Destination:          seg_n<1> (PAD)
  Source Clock:         clk_100mhz_BUFGP rising at 0.000ns
  Data Path Delay:      10.943ns (Levels of Logic = 6)
  Clock Path Delay:     3.934ns (Levels of Logic = 2)
  Clock Uncertainty:    0.025ns

  Clock Uncertainty:          0.025ns  ((TSJ^2 + TIJ^2)^1/2 + DJ) / 2 + PE
    Total System Jitter (TSJ):  0.050ns
    Total Input Jitter (TIJ):   0.000ns
    Discrete Jitter (DJ):       0.000ns
    Phase Error (PE):           0.000ns

  Maximum Clock Path at Slow Process Corner: clk_100mhz to u/campaign/records_completed_5
    Location             Delay type         Delay(ns)  Physical Resource
                                                       Logical Resource(s)
    -------------------------------------------------  -------------------
    V10.I                Tiopi                 1.557   clk_100mhz
                                                       clk_100mhz
                                                       clk_100mhz_BUFGP/IBUFG
                                                       ProtoComp217.IMUX
    BUFGMUX_X3Y13.I0     net (fanout=1)        1.050   clk_100mhz_BUFGP/IBUFG
    BUFGMUX_X3Y13.O      Tgi0o                 0.209   clk_100mhz_BUFGP/BUFG
                                                       clk_100mhz_BUFGP/BUFG
    SLICE_X33Y9.CLK      net (fanout=285)      1.118   clk_100mhz_BUFGP
    -------------------------------------------------  ---------------------------
    Total                                      3.934ns (1.766ns logic, 2.168ns route)
                                                       (44.9% logic, 55.1% route)

  Maximum Data Path at Slow Process Corner: u/campaign/records_completed_5 to seg_n<1>
    Location             Delay type         Delay(ns)  Physical Resource
                                                       Logical Resource(s)
    -------------------------------------------------  -------------------
    SLICE_X33Y9.CQ       Tcko                  0.430   u/records_completed<5>
                                                       u/campaign/records_completed_5
    SLICE_X37Y9.A3       net (fanout=7)        1.037   u/records_completed<5>
    SLICE_X37Y9.AMUX     Tilo                  0.337   u/records_completed[6]_PWR_2_o_mod_0/a[3]_a[6]_MUX_101_o
                                                       u/records_completed[6]_PWR_2_o_mod_0/Mmux_a[5]_a[6]_MUX_92_o11
    SLICE_X37Y9.B4       net (fanout=2)        0.361   u/records_completed[6]_PWR_2_o_mod_0/a[5]_a[6]_MUX_92_o
    SLICE_X37Y9.BMUX     Tilo                  0.337   u/records_completed[6]_PWR_2_o_mod_0/a[3]_a[6]_MUX_101_o
                                                       u/records_completed[6]_PWR_2_o_mod_0/Mmux_a[0]_a[6]_MUX_104_o121
    SLICE_X35Y9.D2       net (fanout=2)        0.942   u/records_completed[6]_PWR_2_o_mod_0/a[2]_a[6]_MUX_102_o
    SLICE_X35Y9.DMUX     Tilo                  0.337   u/ones<1>
                                                       u/records_completed[6]_PWR_2_o_mod_0/Mmux_o41
    SLICE_X34Y7.A1       net (fanout=1)        0.805   u/ones<3>
    SLICE_X34Y7.A        Tilo                  0.254   seg_n_4_OBUF
                                                       u/Mmux_digit<3>11
    SLICE_X37Y8.C3       net (fanout=4)        0.657   u/digit<3>
    SLICE_X37Y8.CMUX     Tilo                  0.337   seg_n_0_OBUF
                                                       u/Mram_seg_n111
    T18.O                net (fanout=1)        2.127   seg_n_1_OBUF
    T18.PAD              Tioop                 2.982   seg_n<1>
                                                       seg_n_1_OBUF
                                                       seg_n<1>
    -------------------------------------------------  ---------------------------
    Total                                     10.943ns (5.014ns logic, 5.929ns route)
                                                       (45.8% logic, 54.2% route)

--------------------------------------------------------------------------------
Offset:                 14.834ns (clock path + data path + uncertainty)
  Source:               u/campaign/records_completed_4 (FF)
  Destination:          seg_n<1> (PAD)
  Source Clock:         clk_100mhz_BUFGP rising at 0.000ns
  Data Path Delay:      10.868ns (Levels of Logic = 6)
  Clock Path Delay:     3.941ns (Levels of Logic = 2)
  Clock Uncertainty:    0.025ns

  Clock Uncertainty:          0.025ns  ((TSJ^2 + TIJ^2)^1/2 + DJ) / 2 + PE
    Total System Jitter (TSJ):  0.050ns
    Total Input Jitter (TIJ):   0.000ns
    Discrete Jitter (DJ):       0.000ns
    Phase Error (PE):           0.000ns

  Maximum Clock Path at Slow Process Corner: clk_100mhz to u/campaign/records_completed_4
    Location             Delay type         Delay(ns)  Physical Resource
                                                       Logical Resource(s)
    -------------------------------------------------  -------------------
    V10.I                Tiopi                 1.557   clk_100mhz
                                                       clk_100mhz
                                                       clk_100mhz_BUFGP/IBUFG
                                                       ProtoComp217.IMUX
    BUFGMUX_X3Y13.I0     net (fanout=1)        1.050   clk_100mhz_BUFGP/IBUFG
    BUFGMUX_X3Y13.O      Tgi0o                 0.209   clk_100mhz_BUFGP/BUFG
                                                       clk_100mhz_BUFGP/BUFG
    SLICE_X34Y9.CLK      net (fanout=285)      1.125   clk_100mhz_BUFGP
    -------------------------------------------------  ---------------------------
    Total                                      3.941ns (1.766ns logic, 2.175ns route)
                                                       (44.8% logic, 55.2% route)

  Maximum Data Path at Slow Process Corner: u/campaign/records_completed_4 to seg_n<1>
    Location             Delay type         Delay(ns)  Physical Resource
                                                       Logical Resource(s)
    -------------------------------------------------  -------------------
    SLICE_X34Y9.CMUX     Tshcko                0.576   u/ones<0>
                                                       u/campaign/records_completed_4
    SLICE_X37Y9.A1       net (fanout=7)        0.791   u/records_completed<4>
    SLICE_X37Y9.A        Tilo                  0.259   u/records_completed[6]_PWR_2_o_mod_0/a[3]_a[6]_MUX_101_o
                                                       u/records_completed[6]_PWR_2_o_mod_0/Mmux_a[0]_a[6]_MUX_97_o131
    SLICE_X37Y9.B5       net (fanout=2)        0.742   u/records_completed[6]_PWR_2_o_mod_0/a[3]_a[6]_MUX_94_o
    SLICE_X37Y9.B        Tilo                  0.259   u/records_completed[6]_PWR_2_o_mod_0/a[3]_a[6]_MUX_101_o
                                                       u/records_completed[6]_PWR_2_o_mod_0/Mmux_a[0]_a[6]_MUX_104_o131
    SLICE_X35Y9.D1       net (fanout=2)        0.742   u/records_completed[6]_PWR_2_o_mod_0/a[3]_a[6]_MUX_101_o
    SLICE_X35Y9.DMUX     Tilo                  0.337   u/ones<1>
                                                       u/records_completed[6]_PWR_2_o_mod_0/Mmux_o41
    SLICE_X34Y7.A1       net (fanout=1)        0.805   u/ones<3>
    SLICE_X34Y7.A        Tilo                  0.254   seg_n_4_OBUF
                                                       u/Mmux_digit<3>11
    SLICE_X37Y8.C3       net (fanout=4)        0.657   u/digit<3>
    SLICE_X37Y8.CMUX     Tilo                  0.337   seg_n_0_OBUF
                                                       u/Mram_seg_n111
    T18.O                net (fanout=1)        2.127   seg_n_1_OBUF
    T18.PAD              Tioop                 2.982   seg_n<1>
                                                       seg_n_1_OBUF
                                                       seg_n<1>
    -------------------------------------------------  ---------------------------
    Total                                     10.868ns (5.004ns logic, 5.864ns route)
                                                       (46.0% logic, 54.0% route)

--------------------------------------------------------------------------------

Paths for end point seg_n<0> (T17.PAD), 171 paths
--------------------------------------------------------------------------------
Offset:                 15.100ns (clock path + data path + uncertainty)
  Source:               u/campaign/records_completed_3 (FF)
  Destination:          seg_n<0> (PAD)
  Source Clock:         clk_100mhz_BUFGP rising at 0.000ns
  Data Path Delay:      11.141ns (Levels of Logic = 6)
  Clock Path Delay:     3.934ns (Levels of Logic = 2)
  Clock Uncertainty:    0.025ns

  Clock Uncertainty:          0.025ns  ((TSJ^2 + TIJ^2)^1/2 + DJ) / 2 + PE
    Total System Jitter (TSJ):  0.050ns
    Total Input Jitter (TIJ):   0.000ns
    Discrete Jitter (DJ):       0.000ns
    Phase Error (PE):           0.000ns

  Maximum Clock Path at Slow Process Corner: clk_100mhz to u/campaign/records_completed_3
    Location             Delay type         Delay(ns)  Physical Resource
                                                       Logical Resource(s)
    -------------------------------------------------  -------------------
    V10.I                Tiopi                 1.557   clk_100mhz
                                                       clk_100mhz
                                                       clk_100mhz_BUFGP/IBUFG
                                                       ProtoComp217.IMUX
    BUFGMUX_X3Y13.I0     net (fanout=1)        1.050   clk_100mhz_BUFGP/IBUFG
    BUFGMUX_X3Y13.O      Tgi0o                 0.209   clk_100mhz_BUFGP/BUFG
                                                       clk_100mhz_BUFGP/BUFG
    SLICE_X33Y9.CLK      net (fanout=285)      1.118   clk_100mhz_BUFGP
    -------------------------------------------------  ---------------------------
    Total                                      3.934ns (1.766ns logic, 2.168ns route)
                                                       (44.9% logic, 55.1% route)

  Maximum Data Path at Slow Process Corner: u/campaign/records_completed_3 to seg_n<0>
    Location             Delay type         Delay(ns)  Physical Resource
                                                       Logical Resource(s)
    -------------------------------------------------  -------------------
    SLICE_X33Y9.BMUX     Tshcko                0.518   u/records_completed<5>
                                                       u/campaign/records_completed_3
    SLICE_X37Y9.A4       net (fanout=7)        0.984   u/records_completed<3>
    SLICE_X37Y9.A        Tilo                  0.259   u/records_completed[6]_PWR_2_o_mod_0/a[3]_a[6]_MUX_101_o
                                                       u/records_completed[6]_PWR_2_o_mod_0/Mmux_a[0]_a[6]_MUX_97_o131
    SLICE_X37Y9.B5       net (fanout=2)        0.742   u/records_completed[6]_PWR_2_o_mod_0/a[3]_a[6]_MUX_94_o
    SLICE_X37Y9.BMUX     Tilo                  0.337   u/records_completed[6]_PWR_2_o_mod_0/a[3]_a[6]_MUX_101_o
                                                       u/records_completed[6]_PWR_2_o_mod_0/Mmux_a[0]_a[6]_MUX_104_o121
    SLICE_X35Y9.D2       net (fanout=2)        0.942   u/records_completed[6]_PWR_2_o_mod_0/a[2]_a[6]_MUX_102_o
    SLICE_X35Y9.DMUX     Tilo                  0.337   u/ones<1>
                                                       u/records_completed[6]_PWR_2_o_mod_0/Mmux_o41
    SLICE_X34Y7.A1       net (fanout=1)        0.805   u/ones<3>
    SLICE_X34Y7.A        Tilo                  0.254   seg_n_4_OBUF
                                                       u/Mmux_digit<3>11
    SLICE_X37Y8.C3       net (fanout=4)        0.657   u/digit<3>
    SLICE_X37Y8.C        Tilo                  0.259   seg_n_0_OBUF
                                                       u/Mram_seg_n12
    T17.O                net (fanout=1)        2.065   seg_n_0_OBUF
    T17.PAD              Tioop                 2.982   seg_n<0>
                                                       seg_n_0_OBUF
                                                       seg_n<0>
    -------------------------------------------------  ---------------------------
    Total                                     11.141ns (4.946ns logic, 6.195ns route)
                                                       (44.4% logic, 55.6% route)

--------------------------------------------------------------------------------
Offset:                 15.065ns (clock path + data path + uncertainty)
  Source:               u/campaign/records_completed_5 (FF)
  Destination:          seg_n<0> (PAD)
  Source Clock:         clk_100mhz_BUFGP rising at 0.000ns
  Data Path Delay:      11.106ns (Levels of Logic = 6)
  Clock Path Delay:     3.934ns (Levels of Logic = 2)
  Clock Uncertainty:    0.025ns

  Clock Uncertainty:          0.025ns  ((TSJ^2 + TIJ^2)^1/2 + DJ) / 2 + PE
    Total System Jitter (TSJ):  0.050ns
    Total Input Jitter (TIJ):   0.000ns
    Discrete Jitter (DJ):       0.000ns
    Phase Error (PE):           0.000ns

  Maximum Clock Path at Slow Process Corner: clk_100mhz to u/campaign/records_completed_5
    Location             Delay type         Delay(ns)  Physical Resource
                                                       Logical Resource(s)
    -------------------------------------------------  -------------------
    V10.I                Tiopi                 1.557   clk_100mhz
                                                       clk_100mhz
                                                       clk_100mhz_BUFGP/IBUFG
                                                       ProtoComp217.IMUX
    BUFGMUX_X3Y13.I0     net (fanout=1)        1.050   clk_100mhz_BUFGP/IBUFG
    BUFGMUX_X3Y13.O      Tgi0o                 0.209   clk_100mhz_BUFGP/BUFG
                                                       clk_100mhz_BUFGP/BUFG
    SLICE_X33Y9.CLK      net (fanout=285)      1.118   clk_100mhz_BUFGP
    -------------------------------------------------  ---------------------------
    Total                                      3.934ns (1.766ns logic, 2.168ns route)
                                                       (44.9% logic, 55.1% route)

  Maximum Data Path at Slow Process Corner: u/campaign/records_completed_5 to seg_n<0>
    Location             Delay type         Delay(ns)  Physical Resource
                                                       Logical Resource(s)
    -------------------------------------------------  -------------------
    SLICE_X33Y9.CQ       Tcko                  0.430   u/records_completed<5>
                                                       u/campaign/records_completed_5
    SLICE_X37Y9.A3       net (fanout=7)        1.037   u/records_completed<5>
    SLICE_X37Y9.A        Tilo                  0.259   u/records_completed[6]_PWR_2_o_mod_0/a[3]_a[6]_MUX_101_o
                                                       u/records_completed[6]_PWR_2_o_mod_0/Mmux_a[0]_a[6]_MUX_97_o131
    SLICE_X37Y9.B5       net (fanout=2)        0.742   u/records_completed[6]_PWR_2_o_mod_0/a[3]_a[6]_MUX_94_o
    SLICE_X37Y9.BMUX     Tilo                  0.337   u/records_completed[6]_PWR_2_o_mod_0/a[3]_a[6]_MUX_101_o
                                                       u/records_completed[6]_PWR_2_o_mod_0/Mmux_a[0]_a[6]_MUX_104_o121
    SLICE_X35Y9.D2       net (fanout=2)        0.942   u/records_completed[6]_PWR_2_o_mod_0/a[2]_a[6]_MUX_102_o
    SLICE_X35Y9.DMUX     Tilo                  0.337   u/ones<1>
                                                       u/records_completed[6]_PWR_2_o_mod_0/Mmux_o41
    SLICE_X34Y7.A1       net (fanout=1)        0.805   u/ones<3>
    SLICE_X34Y7.A        Tilo                  0.254   seg_n_4_OBUF
                                                       u/Mmux_digit<3>11
    SLICE_X37Y8.C3       net (fanout=4)        0.657   u/digit<3>
    SLICE_X37Y8.C        Tilo                  0.259   seg_n_0_OBUF
                                                       u/Mram_seg_n12
    T17.O                net (fanout=1)        2.065   seg_n_0_OBUF
    T17.PAD              Tioop                 2.982   seg_n<0>
                                                       seg_n_0_OBUF
                                                       seg_n<0>
    -------------------------------------------------  ---------------------------
    Total                                     11.106ns (4.858ns logic, 6.248ns route)
                                                       (43.7% logic, 56.3% route)

--------------------------------------------------------------------------------
Offset:                 14.972ns (clock path + data path + uncertainty)
  Source:               u/campaign/records_completed_4 (FF)
  Destination:          seg_n<0> (PAD)
  Source Clock:         clk_100mhz_BUFGP rising at 0.000ns
  Data Path Delay:      11.006ns (Levels of Logic = 6)
  Clock Path Delay:     3.941ns (Levels of Logic = 2)
  Clock Uncertainty:    0.025ns

  Clock Uncertainty:          0.025ns  ((TSJ^2 + TIJ^2)^1/2 + DJ) / 2 + PE
    Total System Jitter (TSJ):  0.050ns
    Total Input Jitter (TIJ):   0.000ns
    Discrete Jitter (DJ):       0.000ns
    Phase Error (PE):           0.000ns

  Maximum Clock Path at Slow Process Corner: clk_100mhz to u/campaign/records_completed_4
    Location             Delay type         Delay(ns)  Physical Resource
                                                       Logical Resource(s)
    -------------------------------------------------  -------------------
    V10.I                Tiopi                 1.557   clk_100mhz
                                                       clk_100mhz
                                                       clk_100mhz_BUFGP/IBUFG
                                                       ProtoComp217.IMUX
    BUFGMUX_X3Y13.I0     net (fanout=1)        1.050   clk_100mhz_BUFGP/IBUFG
    BUFGMUX_X3Y13.O      Tgi0o                 0.209   clk_100mhz_BUFGP/BUFG
                                                       clk_100mhz_BUFGP/BUFG
    SLICE_X34Y9.CLK      net (fanout=285)      1.125   clk_100mhz_BUFGP
    -------------------------------------------------  ---------------------------
    Total                                      3.941ns (1.766ns logic, 2.175ns route)
                                                       (44.8% logic, 55.2% route)

  Maximum Data Path at Slow Process Corner: u/campaign/records_completed_4 to seg_n<0>
    Location             Delay type         Delay(ns)  Physical Resource
                                                       Logical Resource(s)
    -------------------------------------------------  -------------------
    SLICE_X34Y9.CMUX     Tshcko                0.576   u/ones<0>
                                                       u/campaign/records_completed_4
    SLICE_X37Y9.A1       net (fanout=7)        0.791   u/records_completed<4>
    SLICE_X37Y9.A        Tilo                  0.259   u/records_completed[6]_PWR_2_o_mod_0/a[3]_a[6]_MUX_101_o
                                                       u/records_completed[6]_PWR_2_o_mod_0/Mmux_a[0]_a[6]_MUX_97_o131
    SLICE_X37Y9.B5       net (fanout=2)        0.742   u/records_completed[6]_PWR_2_o_mod_0/a[3]_a[6]_MUX_94_o
    SLICE_X37Y9.BMUX     Tilo                  0.337   u/records_completed[6]_PWR_2_o_mod_0/a[3]_a[6]_MUX_101_o
                                                       u/records_completed[6]_PWR_2_o_mod_0/Mmux_a[0]_a[6]_MUX_104_o121
    SLICE_X35Y9.D2       net (fanout=2)        0.942   u/records_completed[6]_PWR_2_o_mod_0/a[2]_a[6]_MUX_102_o
    SLICE_X35Y9.DMUX     Tilo                  0.337   u/ones<1>
                                                       u/records_completed[6]_PWR_2_o_mod_0/Mmux_o41
    SLICE_X34Y7.A1       net (fanout=1)        0.805   u/ones<3>
    SLICE_X34Y7.A        Tilo                  0.254   seg_n_4_OBUF
                                                       u/Mmux_digit<3>11
    SLICE_X37Y8.C3       net (fanout=4)        0.657   u/digit<3>
    SLICE_X37Y8.C        Tilo                  0.259   seg_n_0_OBUF
                                                       u/Mram_seg_n12
    T17.O                net (fanout=1)        2.065   seg_n_0_OBUF
    T17.PAD              Tioop                 2.982   seg_n<0>
                                                       seg_n_0_OBUF
                                                       seg_n<0>
    -------------------------------------------------  ---------------------------
    Total                                     11.006ns (5.004ns logic, 6.002ns route)
                                                       (45.5% logic, 54.5% route)

--------------------------------------------------------------------------------
Offset:                 14.822ns (clock path + data path + uncertainty)
  Source:               u/campaign/records_completed_3 (FF)
  Destination:          seg_n<0> (PAD)
  Source Clock:         clk_100mhz_BUFGP rising at 0.000ns
  Data Path Delay:      10.863ns (Levels of Logic = 6)
  Clock Path Delay:     3.934ns (Levels of Logic = 2)
  Clock Uncertainty:    0.025ns

  Clock Uncertainty:          0.025ns  ((TSJ^2 + TIJ^2)^1/2 + DJ) / 2 + PE
    Total System Jitter (TSJ):  0.050ns
    Total Input Jitter (TIJ):   0.000ns
    Discrete Jitter (DJ):       0.000ns
    Phase Error (PE):           0.000ns

  Maximum Clock Path at Slow Process Corner: clk_100mhz to u/campaign/records_completed_3
    Location             Delay type         Delay(ns)  Physical Resource
                                                       Logical Resource(s)
    -------------------------------------------------  -------------------
    V10.I                Tiopi                 1.557   clk_100mhz
                                                       clk_100mhz
                                                       clk_100mhz_BUFGP/IBUFG
                                                       ProtoComp217.IMUX
    BUFGMUX_X3Y13.I0     net (fanout=1)        1.050   clk_100mhz_BUFGP/IBUFG
    BUFGMUX_X3Y13.O      Tgi0o                 0.209   clk_100mhz_BUFGP/BUFG
                                                       clk_100mhz_BUFGP/BUFG
    SLICE_X33Y9.CLK      net (fanout=285)      1.118   clk_100mhz_BUFGP
    -------------------------------------------------  ---------------------------
    Total                                      3.934ns (1.766ns logic, 2.168ns route)
                                                       (44.9% logic, 55.1% route)

  Maximum Data Path at Slow Process Corner: u/campaign/records_completed_3 to seg_n<0>
    Location             Delay type         Delay(ns)  Physical Resource
                                                       Logical Resource(s)
    -------------------------------------------------  -------------------
    SLICE_X33Y9.BMUX     Tshcko                0.518   u/records_completed<5>
                                                       u/campaign/records_completed_3
    SLICE_X37Y9.A4       net (fanout=7)        0.984   u/records_completed<3>
    SLICE_X37Y9.A        Tilo                  0.259   u/records_completed[6]_PWR_2_o_mod_0/a[3]_a[6]_MUX_101_o
                                                       u/records_completed[6]_PWR_2_o_mod_0/Mmux_a[0]_a[6]_MUX_97_o131
    SLICE_X37Y9.B5       net (fanout=2)        0.742   u/records_completed[6]_PWR_2_o_mod_0/a[3]_a[6]_MUX_94_o
    SLICE_X37Y9.B        Tilo                  0.259   u/records_completed[6]_PWR_2_o_mod_0/a[3]_a[6]_MUX_101_o
                                                       u/records_completed[6]_PWR_2_o_mod_0/Mmux_a[0]_a[6]_MUX_104_o131
    SLICE_X35Y9.D1       net (fanout=2)        0.742   u/records_completed[6]_PWR_2_o_mod_0/a[3]_a[6]_MUX_101_o
    SLICE_X35Y9.DMUX     Tilo                  0.337   u/ones<1>
                                                       u/records_completed[6]_PWR_2_o_mod_0/Mmux_o41
    SLICE_X34Y7.A1       net (fanout=1)        0.805   u/ones<3>
    SLICE_X34Y7.A        Tilo                  0.254   seg_n_4_OBUF
                                                       u/Mmux_digit<3>11
    SLICE_X37Y8.C3       net (fanout=4)        0.657   u/digit<3>
    SLICE_X37Y8.C        Tilo                  0.259   seg_n_0_OBUF
                                                       u/Mram_seg_n12
    T17.O                net (fanout=1)        2.065   seg_n_0_OBUF
    T17.PAD              Tioop                 2.982   seg_n<0>
                                                       seg_n_0_OBUF
                                                       seg_n<0>
    -------------------------------------------------  ---------------------------
    Total                                     10.863ns (4.868ns logic, 5.995ns route)
                                                       (44.8% logic, 55.2% route)

--------------------------------------------------------------------------------
Offset:                 14.798ns (clock path + data path + uncertainty)
  Source:               u/campaign/records_completed_3 (FF)
  Destination:          seg_n<0> (PAD)
  Source Clock:         clk_100mhz_BUFGP rising at 0.000ns
  Data Path Delay:      10.839ns (Levels of Logic = 6)
  Clock Path Delay:     3.934ns (Levels of Logic = 2)
  Clock Uncertainty:    0.025ns

  Clock Uncertainty:          0.025ns  ((TSJ^2 + TIJ^2)^1/2 + DJ) / 2 + PE
    Total System Jitter (TSJ):  0.050ns
    Total Input Jitter (TIJ):   0.000ns
    Discrete Jitter (DJ):       0.000ns
    Phase Error (PE):           0.000ns

  Maximum Clock Path at Slow Process Corner: clk_100mhz to u/campaign/records_completed_3
    Location             Delay type         Delay(ns)  Physical Resource
                                                       Logical Resource(s)
    -------------------------------------------------  -------------------
    V10.I                Tiopi                 1.557   clk_100mhz
                                                       clk_100mhz
                                                       clk_100mhz_BUFGP/IBUFG
                                                       ProtoComp217.IMUX
    BUFGMUX_X3Y13.I0     net (fanout=1)        1.050   clk_100mhz_BUFGP/IBUFG
    BUFGMUX_X3Y13.O      Tgi0o                 0.209   clk_100mhz_BUFGP/BUFG
                                                       clk_100mhz_BUFGP/BUFG
    SLICE_X33Y9.CLK      net (fanout=285)      1.118   clk_100mhz_BUFGP
    -------------------------------------------------  ---------------------------
    Total                                      3.934ns (1.766ns logic, 2.168ns route)
                                                       (44.9% logic, 55.1% route)

  Maximum Data Path at Slow Process Corner: u/campaign/records_completed_3 to seg_n<0>
    Location             Delay type         Delay(ns)  Physical Resource
                                                       Logical Resource(s)
    -------------------------------------------------  -------------------
    SLICE_X33Y9.BMUX     Tshcko                0.518   u/records_completed<5>
                                                       u/campaign/records_completed_3
    SLICE_X35Y9.A3       net (fanout=7)        0.812   u/records_completed<3>
    SLICE_X35Y9.A        Tilo                  0.259   u/ones<1>
                                                       u/records_completed[6]_PWR_2_o_mod_0/Mmux_a[4]_a[6]_MUX_93_o11
    SLICE_X37Y9.B3       net (fanout=2)        0.612   u/records_completed[6]_PWR_2_o_mod_0/a[4]_a[6]_MUX_93_o
    SLICE_X37Y9.BMUX     Tilo                  0.337   u/records_completed[6]_PWR_2_o_mod_0/a[3]_a[6]_MUX_101_o
                                                       u/records_completed[6]_PWR_2_o_mod_0/Mmux_a[0]_a[6]_MUX_104_o121
    SLICE_X35Y9.D2       net (fanout=2)        0.942   u/records_completed[6]_PWR_2_o_mod_0/a[2]_a[6]_MUX_102_o
    SLICE_X35Y9.DMUX     Tilo                  0.337   u/ones<1>
                                                       u/records_completed[6]_PWR_2_o_mod_0/Mmux_o41
    SLICE_X34Y7.A1       net (fanout=1)        0.805   u/ones<3>
    SLICE_X34Y7.A        Tilo                  0.254   seg_n_4_OBUF
                                                       u/Mmux_digit<3>11
    SLICE_X37Y8.C3       net (fanout=4)        0.657   u/digit<3>
    SLICE_X37Y8.C        Tilo                  0.259   seg_n_0_OBUF
                                                       u/Mram_seg_n12
    T17.O                net (fanout=1)        2.065   seg_n_0_OBUF
    T17.PAD              Tioop                 2.982   seg_n<0>
                                                       seg_n_0_OBUF
                                                       seg_n<0>
    -------------------------------------------------  ---------------------------
    Total                                     10.839ns (4.946ns logic, 5.893ns route)
                                                       (45.6% logic, 54.4% route)

--------------------------------------------------------------------------------
Offset:                 14.797ns (clock path + data path + uncertainty)
  Source:               u/campaign/records_completed_3 (FF)
  Destination:          seg_n<0> (PAD)
  Source Clock:         clk_100mhz_BUFGP rising at 0.000ns
  Data Path Delay:      10.838ns (Levels of Logic = 6)
  Clock Path Delay:     3.934ns (Levels of Logic = 2)
  Clock Uncertainty:    0.025ns

  Clock Uncertainty:          0.025ns  ((TSJ^2 + TIJ^2)^1/2 + DJ) / 2 + PE
    Total System Jitter (TSJ):  0.050ns
    Total Input Jitter (TIJ):   0.000ns
    Discrete Jitter (DJ):       0.000ns
    Phase Error (PE):           0.000ns

  Maximum Clock Path at Slow Process Corner: clk_100mhz to u/campaign/records_completed_3
    Location             Delay type         Delay(ns)  Physical Resource
                                                       Logical Resource(s)
    -------------------------------------------------  -------------------
    V10.I                Tiopi                 1.557   clk_100mhz
                                                       clk_100mhz
                                                       clk_100mhz_BUFGP/IBUFG
                                                       ProtoComp217.IMUX
    BUFGMUX_X3Y13.I0     net (fanout=1)        1.050   clk_100mhz_BUFGP/IBUFG
    BUFGMUX_X3Y13.O      Tgi0o                 0.209   clk_100mhz_BUFGP/BUFG
                                                       clk_100mhz_BUFGP/BUFG
    SLICE_X33Y9.CLK      net (fanout=285)      1.118   clk_100mhz_BUFGP
    -------------------------------------------------  ---------------------------
    Total                                      3.934ns (1.766ns logic, 2.168ns route)
                                                       (44.9% logic, 55.1% route)

  Maximum Data Path at Slow Process Corner: u/campaign/records_completed_3 to seg_n<0>
    Location             Delay type         Delay(ns)  Physical Resource
                                                       Logical Resource(s)
    -------------------------------------------------  -------------------
    SLICE_X33Y9.BMUX     Tshcko                0.518   u/records_completed<5>
                                                       u/campaign/records_completed_3
    SLICE_X37Y9.A4       net (fanout=7)        0.984   u/records_completed<3>
    SLICE_X37Y9.AMUX     Tilo                  0.337   u/records_completed[6]_PWR_2_o_mod_0/a[3]_a[6]_MUX_101_o
                                                       u/records_completed[6]_PWR_2_o_mod_0/Mmux_a[5]_a[6]_MUX_92_o11
    SLICE_X37Y9.B4       net (fanout=2)        0.361   u/records_completed[6]_PWR_2_o_mod_0/a[5]_a[6]_MUX_92_o
    SLICE_X37Y9.BMUX     Tilo                  0.337   u/records_completed[6]_PWR_2_o_mod_0/a[3]_a[6]_MUX_101_o
                                                       u/records_completed[6]_PWR_2_o_mod_0/Mmux_a[0]_a[6]_MUX_104_o121
    SLICE_X35Y9.D2       net (fanout=2)        0.942   u/records_completed[6]_PWR_2_o_mod_0/a[2]_a[6]_MUX_102_o
    SLICE_X35Y9.DMUX     Tilo                  0.337   u/ones<1>
                                                       u/records_completed[6]_PWR_2_o_mod_0/Mmux_o41
    SLICE_X34Y7.A1       net (fanout=1)        0.805   u/ones<3>
    SLICE_X34Y7.A        Tilo                  0.254   seg_n_4_OBUF
                                                       u/Mmux_digit<3>11
    SLICE_X37Y8.C3       net (fanout=4)        0.657   u/digit<3>
    SLICE_X37Y8.C        Tilo                  0.259   seg_n_0_OBUF
                                                       u/Mram_seg_n12
    T17.O                net (fanout=1)        2.065   seg_n_0_OBUF
    T17.PAD              Tioop                 2.982   seg_n<0>
                                                       seg_n_0_OBUF
                                                       seg_n<0>
    -------------------------------------------------  ---------------------------
    Total                                     10.838ns (5.024ns logic, 5.814ns route)
                                                       (46.4% logic, 53.6% route)

--------------------------------------------------------------------------------
Offset:                 14.795ns (clock path + data path + uncertainty)
  Source:               u/campaign/records_completed_6 (FF)
  Destination:          seg_n<0> (PAD)
  Source Clock:         clk_100mhz_BUFGP rising at 0.000ns
  Data Path Delay:      10.829ns (Levels of Logic = 6)
  Clock Path Delay:     3.941ns (Levels of Logic = 2)
  Clock Uncertainty:    0.025ns

  Clock Uncertainty:          0.025ns  ((TSJ^2 + TIJ^2)^1/2 + DJ) / 2 + PE
    Total System Jitter (TSJ):  0.050ns
    Total Input Jitter (TIJ):   0.000ns
    Discrete Jitter (DJ):       0.000ns
    Phase Error (PE):           0.000ns

  Maximum Clock Path at Slow Process Corner: clk_100mhz to u/campaign/records_completed_6
    Location             Delay type         Delay(ns)  Physical Resource
                                                       Logical Resource(s)
    -------------------------------------------------  -------------------
    V10.I                Tiopi                 1.557   clk_100mhz
                                                       clk_100mhz
                                                       clk_100mhz_BUFGP/IBUFG
                                                       ProtoComp217.IMUX
    BUFGMUX_X3Y13.I0     net (fanout=1)        1.050   clk_100mhz_BUFGP/IBUFG
    BUFGMUX_X3Y13.O      Tgi0o                 0.209   clk_100mhz_BUFGP/BUFG
                                                       clk_100mhz_BUFGP/BUFG
    SLICE_X34Y9.CLK      net (fanout=285)      1.125   clk_100mhz_BUFGP
    -------------------------------------------------  ---------------------------
    Total                                      3.941ns (1.766ns logic, 2.175ns route)
                                                       (44.8% logic, 55.2% route)

  Maximum Data Path at Slow Process Corner: u/campaign/records_completed_6 to seg_n<0>
    Location             Delay type         Delay(ns)  Physical Resource
                                                       Logical Resource(s)
    -------------------------------------------------  -------------------
    SLICE_X34Y9.BQ       Tcko                  0.525   u/ones<0>
                                                       u/campaign/records_completed_6
    SLICE_X37Y9.A5       net (fanout=6)        0.665   u/records_completed<6>
    SLICE_X37Y9.A        Tilo                  0.259   u/records_completed[6]_PWR_2_o_mod_0/a[3]_a[6]_MUX_101_o
                                                       u/records_completed[6]_PWR_2_o_mod_0/Mmux_a[0]_a[6]_MUX_97_o131
    SLICE_X37Y9.B5       net (fanout=2)        0.742   u/records_completed[6]_PWR_2_o_mod_0/a[3]_a[6]_MUX_94_o
    SLICE_X37Y9.BMUX     Tilo                  0.337   u/records_completed[6]_PWR_2_o_mod_0/a[3]_a[6]_MUX_101_o
                                                       u/records_completed[6]_PWR_2_o_mod_0/Mmux_a[0]_a[6]_MUX_104_o121
    SLICE_X35Y9.D2       net (fanout=2)        0.942   u/records_completed[6]_PWR_2_o_mod_0/a[2]_a[6]_MUX_102_o
    SLICE_X35Y9.DMUX     Tilo                  0.337   u/ones<1>
                                                       u/records_completed[6]_PWR_2_o_mod_0/Mmux_o41
    SLICE_X34Y7.A1       net (fanout=1)        0.805   u/ones<3>
    SLICE_X34Y7.A        Tilo                  0.254   seg_n_4_OBUF
                                                       u/Mmux_digit<3>11
    SLICE_X37Y8.C3       net (fanout=4)        0.657   u/digit<3>
    SLICE_X37Y8.C        Tilo                  0.259   seg_n_0_OBUF
                                                       u/Mram_seg_n12
    T17.O                net (fanout=1)        2.065   seg_n_0_OBUF
    T17.PAD              Tioop                 2.982   seg_n<0>
                                                       seg_n_0_OBUF
                                                       seg_n<0>
    -------------------------------------------------  ---------------------------
    Total                                     10.829ns (4.953ns logic, 5.876ns route)
                                                       (45.7% logic, 54.3% route)

--------------------------------------------------------------------------------
Offset:                 14.787ns (clock path + data path + uncertainty)
  Source:               u/campaign/records_completed_5 (FF)
  Destination:          seg_n<0> (PAD)
  Source Clock:         clk_100mhz_BUFGP rising at 0.000ns
  Data Path Delay:      10.828ns (Levels of Logic = 6)
  Clock Path Delay:     3.934ns (Levels of Logic = 2)
  Clock Uncertainty:    0.025ns

  Clock Uncertainty:          0.025ns  ((TSJ^2 + TIJ^2)^1/2 + DJ) / 2 + PE
    Total System Jitter (TSJ):  0.050ns
    Total Input Jitter (TIJ):   0.000ns
    Discrete Jitter (DJ):       0.000ns
    Phase Error (PE):           0.000ns

  Maximum Clock Path at Slow Process Corner: clk_100mhz to u/campaign/records_completed_5
    Location             Delay type         Delay(ns)  Physical Resource
                                                       Logical Resource(s)
    -------------------------------------------------  -------------------
    V10.I                Tiopi                 1.557   clk_100mhz
                                                       clk_100mhz
                                                       clk_100mhz_BUFGP/IBUFG
                                                       ProtoComp217.IMUX
    BUFGMUX_X3Y13.I0     net (fanout=1)        1.050   clk_100mhz_BUFGP/IBUFG
    BUFGMUX_X3Y13.O      Tgi0o                 0.209   clk_100mhz_BUFGP/BUFG
                                                       clk_100mhz_BUFGP/BUFG
    SLICE_X33Y9.CLK      net (fanout=285)      1.118   clk_100mhz_BUFGP
    -------------------------------------------------  ---------------------------
    Total                                      3.934ns (1.766ns logic, 2.168ns route)
                                                       (44.9% logic, 55.1% route)

  Maximum Data Path at Slow Process Corner: u/campaign/records_completed_5 to seg_n<0>
    Location             Delay type         Delay(ns)  Physical Resource
                                                       Logical Resource(s)
    -------------------------------------------------  -------------------
    SLICE_X33Y9.CQ       Tcko                  0.430   u/records_completed<5>
                                                       u/campaign/records_completed_5
    SLICE_X37Y9.A3       net (fanout=7)        1.037   u/records_completed<5>
    SLICE_X37Y9.A        Tilo                  0.259   u/records_completed[6]_PWR_2_o_mod_0/a[3]_a[6]_MUX_101_o
                                                       u/records_completed[6]_PWR_2_o_mod_0/Mmux_a[0]_a[6]_MUX_97_o131
    SLICE_X37Y9.B5       net (fanout=2)        0.742   u/records_completed[6]_PWR_2_o_mod_0/a[3]_a[6]_MUX_94_o
    SLICE_X37Y9.B        Tilo                  0.259   u/records_completed[6]_PWR_2_o_mod_0/a[3]_a[6]_MUX_101_o
                                                       u/records_completed[6]_PWR_2_o_mod_0/Mmux_a[0]_a[6]_MUX_104_o131
    SLICE_X35Y9.D1       net (fanout=2)        0.742   u/records_completed[6]_PWR_2_o_mod_0/a[3]_a[6]_MUX_101_o
    SLICE_X35Y9.DMUX     Tilo                  0.337   u/ones<1>
                                                       u/records_completed[6]_PWR_2_o_mod_0/Mmux_o41
    SLICE_X34Y7.A1       net (fanout=1)        0.805   u/ones<3>
    SLICE_X34Y7.A        Tilo                  0.254   seg_n_4_OBUF
                                                       u/Mmux_digit<3>11
    SLICE_X37Y8.C3       net (fanout=4)        0.657   u/digit<3>
    SLICE_X37Y8.C        Tilo                  0.259   seg_n_0_OBUF
                                                       u/Mram_seg_n12
    T17.O                net (fanout=1)        2.065   seg_n_0_OBUF
    T17.PAD              Tioop                 2.982   seg_n<0>
                                                       seg_n_0_OBUF
                                                       seg_n<0>
    -------------------------------------------------  ---------------------------
    Total                                     10.828ns (4.780ns logic, 6.048ns route)
                                                       (44.1% logic, 55.9% route)

--------------------------------------------------------------------------------
Offset:                 14.762ns (clock path + data path + uncertainty)
  Source:               u/campaign/records_completed_5 (FF)
  Destination:          seg_n<0> (PAD)
  Source Clock:         clk_100mhz_BUFGP rising at 0.000ns
  Data Path Delay:      10.803ns (Levels of Logic = 6)
  Clock Path Delay:     3.934ns (Levels of Logic = 2)
  Clock Uncertainty:    0.025ns

  Clock Uncertainty:          0.025ns  ((TSJ^2 + TIJ^2)^1/2 + DJ) / 2 + PE
    Total System Jitter (TSJ):  0.050ns
    Total Input Jitter (TIJ):   0.000ns
    Discrete Jitter (DJ):       0.000ns
    Phase Error (PE):           0.000ns

  Maximum Clock Path at Slow Process Corner: clk_100mhz to u/campaign/records_completed_5
    Location             Delay type         Delay(ns)  Physical Resource
                                                       Logical Resource(s)
    -------------------------------------------------  -------------------
    V10.I                Tiopi                 1.557   clk_100mhz
                                                       clk_100mhz
                                                       clk_100mhz_BUFGP/IBUFG
                                                       ProtoComp217.IMUX
    BUFGMUX_X3Y13.I0     net (fanout=1)        1.050   clk_100mhz_BUFGP/IBUFG
    BUFGMUX_X3Y13.O      Tgi0o                 0.209   clk_100mhz_BUFGP/BUFG
                                                       clk_100mhz_BUFGP/BUFG
    SLICE_X33Y9.CLK      net (fanout=285)      1.118   clk_100mhz_BUFGP
    -------------------------------------------------  ---------------------------
    Total                                      3.934ns (1.766ns logic, 2.168ns route)
                                                       (44.9% logic, 55.1% route)

  Maximum Data Path at Slow Process Corner: u/campaign/records_completed_5 to seg_n<0>
    Location             Delay type         Delay(ns)  Physical Resource
                                                       Logical Resource(s)
    -------------------------------------------------  -------------------
    SLICE_X33Y9.CQ       Tcko                  0.430   u/records_completed<5>
                                                       u/campaign/records_completed_5
    SLICE_X37Y9.A3       net (fanout=7)        1.037   u/records_completed<5>
    SLICE_X37Y9.AMUX     Tilo                  0.337   u/records_completed[6]_PWR_2_o_mod_0/a[3]_a[6]_MUX_101_o
                                                       u/records_completed[6]_PWR_2_o_mod_0/Mmux_a[5]_a[6]_MUX_92_o11
    SLICE_X37Y9.B4       net (fanout=2)        0.361   u/records_completed[6]_PWR_2_o_mod_0/a[5]_a[6]_MUX_92_o
    SLICE_X37Y9.BMUX     Tilo                  0.337   u/records_completed[6]_PWR_2_o_mod_0/a[3]_a[6]_MUX_101_o
                                                       u/records_completed[6]_PWR_2_o_mod_0/Mmux_a[0]_a[6]_MUX_104_o121
    SLICE_X35Y9.D2       net (fanout=2)        0.942   u/records_completed[6]_PWR_2_o_mod_0/a[2]_a[6]_MUX_102_o
    SLICE_X35Y9.DMUX     Tilo                  0.337   u/ones<1>
                                                       u/records_completed[6]_PWR_2_o_mod_0/Mmux_o41
    SLICE_X34Y7.A1       net (fanout=1)        0.805   u/ones<3>
    SLICE_X34Y7.A        Tilo                  0.254   seg_n_4_OBUF
                                                       u/Mmux_digit<3>11
    SLICE_X37Y8.C3       net (fanout=4)        0.657   u/digit<3>
    SLICE_X37Y8.C        Tilo                  0.259   seg_n_0_OBUF
                                                       u/Mram_seg_n12
    T17.O                net (fanout=1)        2.065   seg_n_0_OBUF
    T17.PAD              Tioop                 2.982   seg_n<0>
                                                       seg_n_0_OBUF
                                                       seg_n<0>
    -------------------------------------------------  ---------------------------
    Total                                     10.803ns (4.936ns logic, 5.867ns route)
                                                       (45.7% logic, 54.3% route)

--------------------------------------------------------------------------------
Offset:                 14.694ns (clock path + data path + uncertainty)
  Source:               u/campaign/records_completed_4 (FF)
  Destination:          seg_n<0> (PAD)
  Source Clock:         clk_100mhz_BUFGP rising at 0.000ns
  Data Path Delay:      10.728ns (Levels of Logic = 6)
  Clock Path Delay:     3.941ns (Levels of Logic = 2)
  Clock Uncertainty:    0.025ns

  Clock Uncertainty:          0.025ns  ((TSJ^2 + TIJ^2)^1/2 + DJ) / 2 + PE
    Total System Jitter (TSJ):  0.050ns
    Total Input Jitter (TIJ):   0.000ns
    Discrete Jitter (DJ):       0.000ns
    Phase Error (PE):           0.000ns

  Maximum Clock Path at Slow Process Corner: clk_100mhz to u/campaign/records_completed_4
    Location             Delay type         Delay(ns)  Physical Resource
                                                       Logical Resource(s)
    -------------------------------------------------  -------------------
    V10.I                Tiopi                 1.557   clk_100mhz
                                                       clk_100mhz
                                                       clk_100mhz_BUFGP/IBUFG
                                                       ProtoComp217.IMUX
    BUFGMUX_X3Y13.I0     net (fanout=1)        1.050   clk_100mhz_BUFGP/IBUFG
    BUFGMUX_X3Y13.O      Tgi0o                 0.209   clk_100mhz_BUFGP/BUFG
                                                       clk_100mhz_BUFGP/BUFG
    SLICE_X34Y9.CLK      net (fanout=285)      1.125   clk_100mhz_BUFGP
    -------------------------------------------------  ---------------------------
    Total                                      3.941ns (1.766ns logic, 2.175ns route)
                                                       (44.8% logic, 55.2% route)

  Maximum Data Path at Slow Process Corner: u/campaign/records_completed_4 to seg_n<0>
    Location             Delay type         Delay(ns)  Physical Resource
                                                       Logical Resource(s)
    -------------------------------------------------  -------------------
    SLICE_X34Y9.CMUX     Tshcko                0.576   u/ones<0>
                                                       u/campaign/records_completed_4
    SLICE_X37Y9.A1       net (fanout=7)        0.791   u/records_completed<4>
    SLICE_X37Y9.A        Tilo                  0.259   u/records_completed[6]_PWR_2_o_mod_0/a[3]_a[6]_MUX_101_o
                                                       u/records_completed[6]_PWR_2_o_mod_0/Mmux_a[0]_a[6]_MUX_97_o131
    SLICE_X37Y9.B5       net (fanout=2)        0.742   u/records_completed[6]_PWR_2_o_mod_0/a[3]_a[6]_MUX_94_o
    SLICE_X37Y9.B        Tilo                  0.259   u/records_completed[6]_PWR_2_o_mod_0/a[3]_a[6]_MUX_101_o
                                                       u/records_completed[6]_PWR_2_o_mod_0/Mmux_a[0]_a[6]_MUX_104_o131
    SLICE_X35Y9.D1       net (fanout=2)        0.742   u/records_completed[6]_PWR_2_o_mod_0/a[3]_a[6]_MUX_101_o
    SLICE_X35Y9.DMUX     Tilo                  0.337   u/ones<1>
                                                       u/records_completed[6]_PWR_2_o_mod_0/Mmux_o41
    SLICE_X34Y7.A1       net (fanout=1)        0.805   u/ones<3>
    SLICE_X34Y7.A        Tilo                  0.254   seg_n_4_OBUF
                                                       u/Mmux_digit<3>11
    SLICE_X37Y8.C3       net (fanout=4)        0.657   u/digit<3>
    SLICE_X37Y8.C        Tilo                  0.259   seg_n_0_OBUF
                                                       u/Mram_seg_n12
    T17.O                net (fanout=1)        2.065   seg_n_0_OBUF
    T17.PAD              Tioop                 2.982   seg_n<0>
                                                       seg_n_0_OBUF
                                                       seg_n<0>
    -------------------------------------------------  ---------------------------
    Total                                     10.728ns (4.926ns logic, 5.802ns route)
                                                       (45.9% logic, 54.1% route)

--------------------------------------------------------------------------------

Paths for end point led_heartbeat (U16.PAD), 25 paths
--------------------------------------------------------------------------------
Offset:                 14.878ns (clock path + data path + uncertainty)
  Source:               u/campaign/campaign_done (FF)
  Destination:          led_heartbeat (PAD)
  Source Clock:         clk_100mhz_BUFGP rising at 0.000ns
  Data Path Delay:      10.911ns (Levels of Logic = 3)
  Clock Path Delay:     3.942ns (Levels of Logic = 2)
  Clock Uncertainty:    0.025ns

  Clock Uncertainty:          0.025ns  ((TSJ^2 + TIJ^2)^1/2 + DJ) / 2 + PE
    Total System Jitter (TSJ):  0.050ns
    Total Input Jitter (TIJ):   0.000ns
    Discrete Jitter (DJ):       0.000ns
    Phase Error (PE):           0.000ns

  Maximum Clock Path at Slow Process Corner: clk_100mhz to u/campaign/campaign_done
    Location             Delay type         Delay(ns)  Physical Resource
                                                       Logical Resource(s)
    -------------------------------------------------  -------------------
    V10.I                Tiopi                 1.557   clk_100mhz
                                                       clk_100mhz
                                                       clk_100mhz_BUFGP/IBUFG
                                                       ProtoComp217.IMUX
    BUFGMUX_X3Y13.I0     net (fanout=1)        1.050   clk_100mhz_BUFGP/IBUFG
    BUFGMUX_X3Y13.O      Tgi0o                 0.209   clk_100mhz_BUFGP/BUFG
                                                       clk_100mhz_BUFGP/BUFG
    SLICE_X31Y17.CLK     net (fanout=285)      1.126   clk_100mhz_BUFGP
    -------------------------------------------------  ---------------------------
    Total                                      3.942ns (1.766ns logic, 2.176ns route)
                                                       (44.8% logic, 55.2% route)

  Maximum Data Path at Slow Process Corner: u/campaign/campaign_done to led_heartbeat
    Location             Delay type         Delay(ns)  Physical Resource
                                                       Logical Resource(s)
    -------------------------------------------------  -------------------
    SLICE_X31Y17.AQ      Tcko                  0.430   u/campaign_done
                                                       u/campaign/campaign_done
    SLICE_X34Y19.A2      net (fanout=2)        1.354   u/campaign_done
    SLICE_X34Y19.A       Tilo                  0.254   u/N0
                                                       u/led_heartbeat_SW0
    SLICE_X27Y13.B2      net (fanout=1)        1.834   u/N0
    SLICE_X27Y13.B       Tilo                  0.259   u/GND_2_o_GND_2_o_equal_4_o<15>1
                                                       u/led_heartbeat
    U16.O                net (fanout=1)        3.798   led_heartbeat_OBUF
    U16.PAD              Tioop                 2.982   led_heartbeat
                                                       led_heartbeat_OBUF
                                                       led_heartbeat
    -------------------------------------------------  ---------------------------
    Total                                     10.911ns (3.925ns logic, 6.986ns route)
                                                       (36.0% logic, 64.0% route)

--------------------------------------------------------------------------------
Offset:                 14.725ns (clock path + data path + uncertainty)
  Source:               u/campaign/pass_count_0 (FF)
  Destination:          led_heartbeat (PAD)
  Source Clock:         clk_100mhz_BUFGP rising at 0.000ns
  Data Path Delay:      10.757ns (Levels of Logic = 3)
  Clock Path Delay:     3.943ns (Levels of Logic = 2)
  Clock Uncertainty:    0.025ns

  Clock Uncertainty:          0.025ns  ((TSJ^2 + TIJ^2)^1/2 + DJ) / 2 + PE
    Total System Jitter (TSJ):  0.050ns
    Total Input Jitter (TIJ):   0.000ns
    Discrete Jitter (DJ):       0.000ns
    Phase Error (PE):           0.000ns

  Maximum Clock Path at Slow Process Corner: clk_100mhz to u/campaign/pass_count_0
    Location             Delay type         Delay(ns)  Physical Resource
                                                       Logical Resource(s)
    -------------------------------------------------  -------------------
    V10.I                Tiopi                 1.557   clk_100mhz
                                                       clk_100mhz
                                                       clk_100mhz_BUFGP/IBUFG
                                                       ProtoComp217.IMUX
    BUFGMUX_X3Y13.I0     net (fanout=1)        1.050   clk_100mhz_BUFGP/IBUFG
    BUFGMUX_X3Y13.O      Tgi0o                 0.209   clk_100mhz_BUFGP/BUFG
                                                       clk_100mhz_BUFGP/BUFG
    SLICE_X32Y19.CLK     net (fanout=285)      1.127   clk_100mhz_BUFGP
    -------------------------------------------------  ---------------------------
    Total                                      3.943ns (1.766ns logic, 2.177ns route)
                                                       (44.8% logic, 55.2% route)

  Maximum Data Path at Slow Process Corner: u/campaign/pass_count_0 to led_heartbeat
    Location             Delay type         Delay(ns)  Physical Resource
                                                       Logical Resource(s)
    -------------------------------------------------  -------------------
    SLICE_X32Y19.AQ      Tcko                  0.476   u/pass_count<3>
                                                       u/campaign/pass_count_0
    SLICE_X34Y19.A1      net (fanout=3)        1.154   u/pass_count<0>
    SLICE_X34Y19.A       Tilo                  0.254   u/N0
                                                       u/led_heartbeat_SW0
    SLICE_X27Y13.B2      net (fanout=1)        1.834   u/N0
    SLICE_X27Y13.B       Tilo                  0.259   u/GND_2_o_GND_2_o_equal_4_o<15>1
                                                       u/led_heartbeat
    U16.O                net (fanout=1)        3.798   led_heartbeat_OBUF
    U16.PAD              Tioop                 2.982   led_heartbeat
                                                       led_heartbeat_OBUF
                                                       led_heartbeat
    -------------------------------------------------  ---------------------------
    Total                                     10.757ns (3.971ns logic, 6.786ns route)
                                                       (36.9% logic, 63.1% route)

--------------------------------------------------------------------------------
Offset:                 14.710ns (clock path + data path + uncertainty)
  Source:               u/campaign/error_count_3 (FF)
  Destination:          led_heartbeat (PAD)
  Source Clock:         clk_100mhz_BUFGP rising at 0.000ns
  Data Path Delay:      10.742ns (Levels of Logic = 4)
  Clock Path Delay:     3.943ns (Levels of Logic = 2)
  Clock Uncertainty:    0.025ns

  Clock Uncertainty:          0.025ns  ((TSJ^2 + TIJ^2)^1/2 + DJ) / 2 + PE
    Total System Jitter (TSJ):  0.050ns
    Total Input Jitter (TIJ):   0.000ns
    Discrete Jitter (DJ):       0.000ns
    Phase Error (PE):           0.000ns

  Maximum Clock Path at Slow Process Corner: clk_100mhz to u/campaign/error_count_3
    Location             Delay type         Delay(ns)  Physical Resource
                                                       Logical Resource(s)
    -------------------------------------------------  -------------------
    V10.I                Tiopi                 1.557   clk_100mhz
                                                       clk_100mhz
                                                       clk_100mhz_BUFGP/IBUFG
                                                       ProtoComp217.IMUX
    BUFGMUX_X3Y13.I0     net (fanout=1)        1.050   clk_100mhz_BUFGP/IBUFG
    BUFGMUX_X3Y13.O      Tgi0o                 0.209   clk_100mhz_BUFGP/BUFG
                                                       clk_100mhz_BUFGP/BUFG
    SLICE_X33Y19.CLK     net (fanout=285)      1.127   clk_100mhz_BUFGP
    -------------------------------------------------  ---------------------------
    Total                                      3.943ns (1.766ns logic, 2.177ns route)
                                                       (44.8% logic, 55.2% route)

  Maximum Data Path at Slow Process Corner: u/campaign/error_count_3 to led_heartbeat
    Location             Delay type         Delay(ns)  Physical Resource
                                                       Logical Resource(s)
    -------------------------------------------------  -------------------
    SLICE_X33Y19.AQ      Tcko                  0.430   u/error_count<5>
                                                       u/campaign/error_count_3
    SLICE_X35Y19.A2      net (fanout=3)        1.182   u/error_count<3>
    SLICE_X35Y19.A       Tilo                  0.259   u/GND_2_o_GND_2_o_equal_4_o<15>
                                                       u/GND_2_o_GND_2_o_equal_4_o<15>1
    SLICE_X27Y13.A6      net (fanout=2)        1.430   u/GND_2_o_GND_2_o_equal_4_o<15>
    SLICE_X27Y13.A       Tilo                  0.259   u/GND_2_o_GND_2_o_equal_4_o<15>1
                                                       u/GND_2_o_GND_2_o_equal_4_o<15>3
    SLICE_X27Y13.B6      net (fanout=1)        0.143   u/GND_2_o_GND_2_o_equal_4_o
    SLICE_X27Y13.B       Tilo                  0.259   u/GND_2_o_GND_2_o_equal_4_o<15>1
                                                       u/led_heartbeat
    U16.O                net (fanout=1)        3.798   led_heartbeat_OBUF
    U16.PAD              Tioop                 2.982   led_heartbeat
                                                       led_heartbeat_OBUF
                                                       led_heartbeat
    -------------------------------------------------  ---------------------------
    Total                                     10.742ns (4.189ns logic, 6.553ns route)
                                                       (39.0% logic, 61.0% route)

--------------------------------------------------------------------------------
Offset:                 14.562ns (clock path + data path + uncertainty)
  Source:               u/campaign/error_count_1 (FF)
  Destination:          led_heartbeat (PAD)
  Source Clock:         clk_100mhz_BUFGP rising at 0.000ns
  Data Path Delay:      10.597ns (Levels of Logic = 4)
  Clock Path Delay:     3.940ns (Levels of Logic = 2)
  Clock Uncertainty:    0.025ns

  Clock Uncertainty:          0.025ns  ((TSJ^2 + TIJ^2)^1/2 + DJ) / 2 + PE
    Total System Jitter (TSJ):  0.050ns
    Total Input Jitter (TIJ):   0.000ns
    Discrete Jitter (DJ):       0.000ns
    Phase Error (PE):           0.000ns

  Maximum Clock Path at Slow Process Corner: clk_100mhz to u/campaign/error_count_1
    Location             Delay type         Delay(ns)  Physical Resource
                                                       Logical Resource(s)
    -------------------------------------------------  -------------------
    V10.I                Tiopi                 1.557   clk_100mhz
                                                       clk_100mhz
                                                       clk_100mhz_BUFGP/IBUFG
                                                       ProtoComp217.IMUX
    BUFGMUX_X3Y13.I0     net (fanout=1)        1.050   clk_100mhz_BUFGP/IBUFG
    BUFGMUX_X3Y13.O      Tgi0o                 0.209   clk_100mhz_BUFGP/BUFG
                                                       clk_100mhz_BUFGP/BUFG
    SLICE_X31Y19.CLK     net (fanout=285)      1.124   clk_100mhz_BUFGP
    -------------------------------------------------  ---------------------------
    Total                                      3.940ns (1.766ns logic, 2.174ns route)
                                                       (44.8% logic, 55.2% route)

  Maximum Data Path at Slow Process Corner: u/campaign/error_count_1 to led_heartbeat
    Location             Delay type         Delay(ns)  Physical Resource
                                                       Logical Resource(s)
    -------------------------------------------------  -------------------
    SLICE_X31Y19.CQ      Tcko                  0.430   u/error_count<2>
                                                       u/campaign/error_count_1
    SLICE_X35Y19.A3      net (fanout=3)        1.037   u/error_count<1>
    SLICE_X35Y19.A       Tilo                  0.259   u/GND_2_o_GND_2_o_equal_4_o<15>
                                                       u/GND_2_o_GND_2_o_equal_4_o<15>1
    SLICE_X27Y13.A6      net (fanout=2)        1.430   u/GND_2_o_GND_2_o_equal_4_o<15>
    SLICE_X27Y13.A       Tilo                  0.259   u/GND_2_o_GND_2_o_equal_4_o<15>1
                                                       u/GND_2_o_GND_2_o_equal_4_o<15>3
    SLICE_X27Y13.B6      net (fanout=1)        0.143   u/GND_2_o_GND_2_o_equal_4_o
    SLICE_X27Y13.B       Tilo                  0.259   u/GND_2_o_GND_2_o_equal_4_o<15>1
                                                       u/led_heartbeat
    U16.O                net (fanout=1)        3.798   led_heartbeat_OBUF
    U16.PAD              Tioop                 2.982   led_heartbeat
                                                       led_heartbeat_OBUF
                                                       led_heartbeat
    -------------------------------------------------  ---------------------------
    Total                                     10.597ns (4.189ns logic, 6.408ns route)
                                                       (39.5% logic, 60.5% route)

--------------------------------------------------------------------------------
Offset:                 14.502ns (clock path + data path + uncertainty)
  Source:               u/campaign/error_count_4 (FF)
  Destination:          led_heartbeat (PAD)
  Source Clock:         clk_100mhz_BUFGP rising at 0.000ns
  Data Path Delay:      10.534ns (Levels of Logic = 4)
  Clock Path Delay:     3.943ns (Levels of Logic = 2)
  Clock Uncertainty:    0.025ns

  Clock Uncertainty:          0.025ns  ((TSJ^2 + TIJ^2)^1/2 + DJ) / 2 + PE
    Total System Jitter (TSJ):  0.050ns
    Total Input Jitter (TIJ):   0.000ns
    Discrete Jitter (DJ):       0.000ns
    Phase Error (PE):           0.000ns

  Maximum Clock Path at Slow Process Corner: clk_100mhz to u/campaign/error_count_4
    Location             Delay type         Delay(ns)  Physical Resource
                                                       Logical Resource(s)
    -------------------------------------------------  -------------------
    V10.I                Tiopi                 1.557   clk_100mhz
                                                       clk_100mhz
                                                       clk_100mhz_BUFGP/IBUFG
                                                       ProtoComp217.IMUX
    BUFGMUX_X3Y13.I0     net (fanout=1)        1.050   clk_100mhz_BUFGP/IBUFG
    BUFGMUX_X3Y13.O      Tgi0o                 0.209   clk_100mhz_BUFGP/BUFG
                                                       clk_100mhz_BUFGP/BUFG
    SLICE_X33Y19.CLK     net (fanout=285)      1.127   clk_100mhz_BUFGP
    -------------------------------------------------  ---------------------------
    Total                                      3.943ns (1.766ns logic, 2.177ns route)
                                                       (44.8% logic, 55.2% route)

  Maximum Data Path at Slow Process Corner: u/campaign/error_count_4 to led_heartbeat
    Location             Delay type         Delay(ns)  Physical Resource
                                                       Logical Resource(s)
    -------------------------------------------------  -------------------
    SLICE_X33Y19.BQ      Tcko                  0.430   u/error_count<5>
                                                       u/campaign/error_count_4
    SLICE_X35Y19.A1      net (fanout=3)        0.974   u/error_count<4>
    SLICE_X35Y19.A       Tilo                  0.259   u/GND_2_o_GND_2_o_equal_4_o<15>
                                                       u/GND_2_o_GND_2_o_equal_4_o<15>1
    SLICE_X27Y13.A6      net (fanout=2)        1.430   u/GND_2_o_GND_2_o_equal_4_o<15>
    SLICE_X27Y13.A       Tilo                  0.259   u/GND_2_o_GND_2_o_equal_4_o<15>1
                                                       u/GND_2_o_GND_2_o_equal_4_o<15>3
    SLICE_X27Y13.B6      net (fanout=1)        0.143   u/GND_2_o_GND_2_o_equal_4_o
    SLICE_X27Y13.B       Tilo                  0.259   u/GND_2_o_GND_2_o_equal_4_o<15>1
                                                       u/led_heartbeat
    U16.O                net (fanout=1)        3.798   led_heartbeat_OBUF
    U16.PAD              Tioop                 2.982   led_heartbeat
                                                       led_heartbeat_OBUF
                                                       led_heartbeat
    -------------------------------------------------  ---------------------------
    Total                                     10.534ns (4.189ns logic, 6.345ns route)
                                                       (39.8% logic, 60.2% route)

--------------------------------------------------------------------------------
Offset:                 14.430ns (clock path + data path + uncertainty)
  Source:               u/campaign/error_count_0 (FF)
  Destination:          led_heartbeat (PAD)
  Source Clock:         clk_100mhz_BUFGP rising at 0.000ns
  Data Path Delay:      10.465ns (Levels of Logic = 4)
  Clock Path Delay:     3.940ns (Levels of Logic = 2)
  Clock Uncertainty:    0.025ns

  Clock Uncertainty:          0.025ns  ((TSJ^2 + TIJ^2)^1/2 + DJ) / 2 + PE
    Total System Jitter (TSJ):  0.050ns
    Total Input Jitter (TIJ):   0.000ns
    Discrete Jitter (DJ):       0.000ns
    Phase Error (PE):           0.000ns

  Maximum Clock Path at Slow Process Corner: clk_100mhz to u/campaign/error_count_0
    Location             Delay type         Delay(ns)  Physical Resource
                                                       Logical Resource(s)
    -------------------------------------------------  -------------------
    V10.I                Tiopi                 1.557   clk_100mhz
                                                       clk_100mhz
                                                       clk_100mhz_BUFGP/IBUFG
                                                       ProtoComp217.IMUX
    BUFGMUX_X3Y13.I0     net (fanout=1)        1.050   clk_100mhz_BUFGP/IBUFG
    BUFGMUX_X3Y13.O      Tgi0o                 0.209   clk_100mhz_BUFGP/BUFG
                                                       clk_100mhz_BUFGP/BUFG
    SLICE_X31Y19.CLK     net (fanout=285)      1.124   clk_100mhz_BUFGP
    -------------------------------------------------  ---------------------------
    Total                                      3.940ns (1.766ns logic, 2.174ns route)
                                                       (44.8% logic, 55.2% route)

  Maximum Data Path at Slow Process Corner: u/campaign/error_count_0 to led_heartbeat
    Location             Delay type         Delay(ns)  Physical Resource
                                                       Logical Resource(s)
    -------------------------------------------------  -------------------
    SLICE_X31Y19.AQ      Tcko                  0.430   u/error_count<2>
                                                       u/campaign/error_count_0
    SLICE_X35Y19.A5      net (fanout=3)        0.905   u/error_count<0>
    SLICE_X35Y19.A       Tilo                  0.259   u/GND_2_o_GND_2_o_equal_4_o<15>
                                                       u/GND_2_o_GND_2_o_equal_4_o<15>1
    SLICE_X27Y13.A6      net (fanout=2)        1.430   u/GND_2_o_GND_2_o_equal_4_o<15>
    SLICE_X27Y13.A       Tilo                  0.259   u/GND_2_o_GND_2_o_equal_4_o<15>1
                                                       u/GND_2_o_GND_2_o_equal_4_o<15>3
    SLICE_X27Y13.B6      net (fanout=1)        0.143   u/GND_2_o_GND_2_o_equal_4_o
    SLICE_X27Y13.B       Tilo                  0.259   u/GND_2_o_GND_2_o_equal_4_o<15>1
                                                       u/led_heartbeat
    U16.O                net (fanout=1)        3.798   led_heartbeat_OBUF
    U16.PAD              Tioop                 2.982   led_heartbeat
                                                       led_heartbeat_OBUF
                                                       led_heartbeat
    -------------------------------------------------  ---------------------------
    Total                                     10.465ns (4.189ns logic, 6.276ns route)
                                                       (40.0% logic, 60.0% route)

--------------------------------------------------------------------------------
Offset:                 14.409ns (clock path + data path + uncertainty)
  Source:               u/campaign/error_count_5 (FF)
  Destination:          led_heartbeat (PAD)
  Source Clock:         clk_100mhz_BUFGP rising at 0.000ns
  Data Path Delay:      10.441ns (Levels of Logic = 4)
  Clock Path Delay:     3.943ns (Levels of Logic = 2)
  Clock Uncertainty:    0.025ns

  Clock Uncertainty:          0.025ns  ((TSJ^2 + TIJ^2)^1/2 + DJ) / 2 + PE
    Total System Jitter (TSJ):  0.050ns
    Total Input Jitter (TIJ):   0.000ns
    Discrete Jitter (DJ):       0.000ns
    Phase Error (PE):           0.000ns

  Maximum Clock Path at Slow Process Corner: clk_100mhz to u/campaign/error_count_5
    Location             Delay type         Delay(ns)  Physical Resource
                                                       Logical Resource(s)
    -------------------------------------------------  -------------------
    V10.I                Tiopi                 1.557   clk_100mhz
                                                       clk_100mhz
                                                       clk_100mhz_BUFGP/IBUFG
                                                       ProtoComp217.IMUX
    BUFGMUX_X3Y13.I0     net (fanout=1)        1.050   clk_100mhz_BUFGP/IBUFG
    BUFGMUX_X3Y13.O      Tgi0o                 0.209   clk_100mhz_BUFGP/BUFG
                                                       clk_100mhz_BUFGP/BUFG
    SLICE_X33Y19.CLK     net (fanout=285)      1.127   clk_100mhz_BUFGP
    -------------------------------------------------  ---------------------------
    Total                                      3.943ns (1.766ns logic, 2.177ns route)
                                                       (44.8% logic, 55.2% route)

  Maximum Data Path at Slow Process Corner: u/campaign/error_count_5 to led_heartbeat
    Location             Delay type         Delay(ns)  Physical Resource
                                                       Logical Resource(s)
    -------------------------------------------------  -------------------
    SLICE_X33Y19.CQ      Tcko                  0.430   u/error_count<5>
                                                       u/campaign/error_count_5
    SLICE_X35Y19.A4      net (fanout=3)        0.881   u/error_count<5>
    SLICE_X35Y19.A       Tilo                  0.259   u/GND_2_o_GND_2_o_equal_4_o<15>
                                                       u/GND_2_o_GND_2_o_equal_4_o<15>1
    SLICE_X27Y13.A6      net (fanout=2)        1.430   u/GND_2_o_GND_2_o_equal_4_o<15>
    SLICE_X27Y13.A       Tilo                  0.259   u/GND_2_o_GND_2_o_equal_4_o<15>1
                                                       u/GND_2_o_GND_2_o_equal_4_o<15>3
    SLICE_X27Y13.B6      net (fanout=1)        0.143   u/GND_2_o_GND_2_o_equal_4_o
    SLICE_X27Y13.B       Tilo                  0.259   u/GND_2_o_GND_2_o_equal_4_o<15>1
                                                       u/led_heartbeat
    U16.O                net (fanout=1)        3.798   led_heartbeat_OBUF
    U16.PAD              Tioop                 2.982   led_heartbeat
                                                       led_heartbeat_OBUF
                                                       led_heartbeat
    -------------------------------------------------  ---------------------------
    Total                                     10.441ns (4.189ns logic, 6.252ns route)
                                                       (40.1% logic, 59.9% route)

--------------------------------------------------------------------------------
Offset:                 14.377ns (clock path + data path + uncertainty)
  Source:               u/campaign/error_count_10 (FF)
  Destination:          led_heartbeat (PAD)
  Source Clock:         clk_100mhz_BUFGP rising at 0.000ns
  Data Path Delay:      10.412ns (Levels of Logic = 4)
  Clock Path Delay:     3.940ns (Levels of Logic = 2)
  Clock Uncertainty:    0.025ns

  Clock Uncertainty:          0.025ns  ((TSJ^2 + TIJ^2)^1/2 + DJ) / 2 + PE
    Total System Jitter (TSJ):  0.050ns
    Total Input Jitter (TIJ):   0.000ns
    Discrete Jitter (DJ):       0.000ns
    Phase Error (PE):           0.000ns

  Maximum Clock Path at Slow Process Corner: clk_100mhz to u/campaign/error_count_10
    Location             Delay type         Delay(ns)  Physical Resource
                                                       Logical Resource(s)
    -------------------------------------------------  -------------------
    V10.I                Tiopi                 1.557   clk_100mhz
                                                       clk_100mhz
                                                       clk_100mhz_BUFGP/IBUFG
                                                       ProtoComp217.IMUX
    BUFGMUX_X3Y13.I0     net (fanout=1)        1.050   clk_100mhz_BUFGP/IBUFG
    BUFGMUX_X3Y13.O      Tgi0o                 0.209   clk_100mhz_BUFGP/BUFG
                                                       clk_100mhz_BUFGP/BUFG
    SLICE_X30Y19.CLK     net (fanout=285)      1.124   clk_100mhz_BUFGP
    -------------------------------------------------  ---------------------------
    Total                                      3.940ns (1.766ns logic, 2.174ns route)
                                                       (44.8% logic, 55.2% route)

  Maximum Data Path at Slow Process Corner: u/campaign/error_count_10 to led_heartbeat
    Location             Delay type         Delay(ns)  Physical Resource
                                                       Logical Resource(s)
    -------------------------------------------------  -------------------
    SLICE_X30Y19.DQ      Tcko                  0.525   u/error_count<10>
                                                       u/campaign/error_count_10
    SLICE_X27Y13.D1      net (fanout=3)        1.752   u/error_count<10>
    SLICE_X27Y13.D       Tilo                  0.259   u/GND_2_o_GND_2_o_equal_4_o<15>1
                                                       u/GND_2_o_GND_2_o_equal_4_o<15>2
    SLICE_X27Y13.A5      net (fanout=2)        0.435   u/GND_2_o_GND_2_o_equal_4_o<15>1
    SLICE_X27Y13.A       Tilo                  0.259   u/GND_2_o_GND_2_o_equal_4_o<15>1
                                                       u/GND_2_o_GND_2_o_equal_4_o<15>3
    SLICE_X27Y13.B6      net (fanout=1)        0.143   u/GND_2_o_GND_2_o_equal_4_o
    SLICE_X27Y13.B       Tilo                  0.259   u/GND_2_o_GND_2_o_equal_4_o<15>1
                                                       u/led_heartbeat
    U16.O                net (fanout=1)        3.798   led_heartbeat_OBUF
    U16.PAD              Tioop                 2.982   led_heartbeat
                                                       led_heartbeat_OBUF
                                                       led_heartbeat
    -------------------------------------------------  ---------------------------
    Total                                     10.412ns (4.284ns logic, 6.128ns route)
                                                       (41.1% logic, 58.9% route)

--------------------------------------------------------------------------------
Offset:                 14.364ns (clock path + data path + uncertainty)
  Source:               u/campaign/pass_count_3 (FF)
  Destination:          led_heartbeat (PAD)
  Source Clock:         clk_100mhz_BUFGP rising at 0.000ns
  Data Path Delay:      10.396ns (Levels of Logic = 3)
  Clock Path Delay:     3.943ns (Levels of Logic = 2)
  Clock Uncertainty:    0.025ns

  Clock Uncertainty:          0.025ns  ((TSJ^2 + TIJ^2)^1/2 + DJ) / 2 + PE
    Total System Jitter (TSJ):  0.050ns
    Total Input Jitter (TIJ):   0.000ns
    Discrete Jitter (DJ):       0.000ns
    Phase Error (PE):           0.000ns

  Maximum Clock Path at Slow Process Corner: clk_100mhz to u/campaign/pass_count_3
    Location             Delay type         Delay(ns)  Physical Resource
                                                       Logical Resource(s)
    -------------------------------------------------  -------------------
    V10.I                Tiopi                 1.557   clk_100mhz
                                                       clk_100mhz
                                                       clk_100mhz_BUFGP/IBUFG
                                                       ProtoComp217.IMUX
    BUFGMUX_X3Y13.I0     net (fanout=1)        1.050   clk_100mhz_BUFGP/IBUFG
    BUFGMUX_X3Y13.O      Tgi0o                 0.209   clk_100mhz_BUFGP/BUFG
                                                       clk_100mhz_BUFGP/BUFG
    SLICE_X32Y19.CLK     net (fanout=285)      1.127   clk_100mhz_BUFGP
    -------------------------------------------------  ---------------------------
    Total                                      3.943ns (1.766ns logic, 2.177ns route)
                                                       (44.8% logic, 55.2% route)

  Maximum Data Path at Slow Process Corner: u/campaign/pass_count_3 to led_heartbeat
    Location             Delay type         Delay(ns)  Physical Resource
                                                       Logical Resource(s)
    -------------------------------------------------  -------------------
    SLICE_X32Y19.DQ      Tcko                  0.476   u/pass_count<3>
                                                       u/campaign/pass_count_3
    SLICE_X34Y19.A3      net (fanout=3)        0.793   u/pass_count<3>
    SLICE_X34Y19.A       Tilo                  0.254   u/N0
                                                       u/led_heartbeat_SW0
    SLICE_X27Y13.B2      net (fanout=1)        1.834   u/N0
    SLICE_X27Y13.B       Tilo                  0.259   u/GND_2_o_GND_2_o_equal_4_o<15>1
                                                       u/led_heartbeat
    U16.O                net (fanout=1)        3.798   led_heartbeat_OBUF
    U16.PAD              Tioop                 2.982   led_heartbeat
                                                       led_heartbeat_OBUF
                                                       led_heartbeat
    -------------------------------------------------  ---------------------------
    Total                                     10.396ns (3.971ns logic, 6.425ns route)
                                                       (38.2% logic, 61.8% route)

--------------------------------------------------------------------------------
Offset:                 14.347ns (clock path + data path + uncertainty)
  Source:               u/campaign/error_count_2 (FF)
  Destination:          led_heartbeat (PAD)
  Source Clock:         clk_100mhz_BUFGP rising at 0.000ns
  Data Path Delay:      10.382ns (Levels of Logic = 4)
  Clock Path Delay:     3.940ns (Levels of Logic = 2)
  Clock Uncertainty:    0.025ns

  Clock Uncertainty:          0.025ns  ((TSJ^2 + TIJ^2)^1/2 + DJ) / 2 + PE
    Total System Jitter (TSJ):  0.050ns
    Total Input Jitter (TIJ):   0.000ns
    Discrete Jitter (DJ):       0.000ns
    Phase Error (PE):           0.000ns

  Maximum Clock Path at Slow Process Corner: clk_100mhz to u/campaign/error_count_2
    Location             Delay type         Delay(ns)  Physical Resource
                                                       Logical Resource(s)
    -------------------------------------------------  -------------------
    V10.I                Tiopi                 1.557   clk_100mhz
                                                       clk_100mhz
                                                       clk_100mhz_BUFGP/IBUFG
                                                       ProtoComp217.IMUX
    BUFGMUX_X3Y13.I0     net (fanout=1)        1.050   clk_100mhz_BUFGP/IBUFG
    BUFGMUX_X3Y13.O      Tgi0o                 0.209   clk_100mhz_BUFGP/BUFG
                                                       clk_100mhz_BUFGP/BUFG
    SLICE_X31Y19.CLK     net (fanout=285)      1.124   clk_100mhz_BUFGP
    -------------------------------------------------  ---------------------------
    Total                                      3.940ns (1.766ns logic, 2.174ns route)
                                                       (44.8% logic, 55.2% route)

  Maximum Data Path at Slow Process Corner: u/campaign/error_count_2 to led_heartbeat
    Location             Delay type         Delay(ns)  Physical Resource
                                                       Logical Resource(s)
    -------------------------------------------------  -------------------
    SLICE_X31Y19.DQ      Tcko                  0.430   u/error_count<2>
                                                       u/campaign/error_count_2
    SLICE_X35Y19.A6      net (fanout=3)        0.822   u/error_count<2>
    SLICE_X35Y19.A       Tilo                  0.259   u/GND_2_o_GND_2_o_equal_4_o<15>
                                                       u/GND_2_o_GND_2_o_equal_4_o<15>1
    SLICE_X27Y13.A6      net (fanout=2)        1.430   u/GND_2_o_GND_2_o_equal_4_o<15>
    SLICE_X27Y13.A       Tilo                  0.259   u/GND_2_o_GND_2_o_equal_4_o<15>1
                                                       u/GND_2_o_GND_2_o_equal_4_o<15>3
    SLICE_X27Y13.B6      net (fanout=1)        0.143   u/GND_2_o_GND_2_o_equal_4_o
    SLICE_X27Y13.B       Tilo                  0.259   u/GND_2_o_GND_2_o_equal_4_o<15>1
                                                       u/led_heartbeat
    U16.O                net (fanout=1)        3.798   led_heartbeat_OBUF
    U16.PAD              Tioop                 2.982   led_heartbeat
                                                       led_heartbeat_OBUF
                                                       led_heartbeat
    -------------------------------------------------  ---------------------------
    Total                                     10.382ns (4.189ns logic, 6.193ns route)
                                                       (40.3% logic, 59.7% route)

--------------------------------------------------------------------------------

Paths for end point led_reset (V16.PAD), 16 paths
--------------------------------------------------------------------------------
Offset:                 14.514ns (clock path + data path + uncertainty)
  Source:               u/campaign/error_count_3 (FF)
  Destination:          led_reset (PAD)
  Source Clock:         clk_100mhz_BUFGP rising at 0.000ns
  Data Path Delay:      10.546ns (Levels of Logic = 3)
  Clock Path Delay:     3.943ns (Levels of Logic = 2)
  Clock Uncertainty:    0.025ns

  Clock Uncertainty:          0.025ns  ((TSJ^2 + TIJ^2)^1/2 + DJ) / 2 + PE
    Total System Jitter (TSJ):  0.050ns
    Total Input Jitter (TIJ):   0.000ns
    Discrete Jitter (DJ):       0.000ns
    Phase Error (PE):           0.000ns

  Maximum Clock Path at Slow Process Corner: clk_100mhz to u/campaign/error_count_3
    Location             Delay type         Delay(ns)  Physical Resource
                                                       Logical Resource(s)
    -------------------------------------------------  -------------------
    V10.I                Tiopi                 1.557   clk_100mhz
                                                       clk_100mhz
                                                       clk_100mhz_BUFGP/IBUFG
                                                       ProtoComp217.IMUX
    BUFGMUX_X3Y13.I0     net (fanout=1)        1.050   clk_100mhz_BUFGP/IBUFG
    BUFGMUX_X3Y13.O      Tgi0o                 0.209   clk_100mhz_BUFGP/BUFG
                                                       clk_100mhz_BUFGP/BUFG
    SLICE_X33Y19.CLK     net (fanout=285)      1.127   clk_100mhz_BUFGP
    -------------------------------------------------  ---------------------------
    Total                                      3.943ns (1.766ns logic, 2.177ns route)
                                                       (44.8% logic, 55.2% route)

  Maximum Data Path at Slow Process Corner: u/campaign/error_count_3 to led_reset
    Location             Delay type         Delay(ns)  Physical Resource
                                                       Logical Resource(s)
    -------------------------------------------------  -------------------
    SLICE_X33Y19.AQ      Tcko                  0.430   u/error_count<5>
                                                       u/campaign/error_count_3
    SLICE_X35Y19.A2      net (fanout=3)        1.182   u/error_count<3>
    SLICE_X35Y19.A       Tilo                  0.259   u/GND_2_o_GND_2_o_equal_4_o<15>
                                                       u/GND_2_o_GND_2_o_equal_4_o<15>1
    SLICE_X27Y13.C3      net (fanout=2)        1.474   u/GND_2_o_GND_2_o_equal_4_o<15>
    SLICE_X27Y13.C       Tilo                  0.259   u/GND_2_o_GND_2_o_equal_4_o<15>1
                                                       u/led_reset1
    V16.O                net (fanout=1)        3.960   led_reset_OBUF
    V16.PAD              Tioop                 2.982   led_reset
                                                       led_reset_OBUF
                                                       led_reset
    -------------------------------------------------  ---------------------------
    Total                                     10.546ns (3.930ns logic, 6.616ns route)
                                                       (37.3% logic, 62.7% route)

--------------------------------------------------------------------------------
Offset:                 14.366ns (clock path + data path + uncertainty)
  Source:               u/campaign/error_count_1 (FF)
  Destination:          led_reset (PAD)
  Source Clock:         clk_100mhz_BUFGP rising at 0.000ns
  Data Path Delay:      10.401ns (Levels of Logic = 3)
  Clock Path Delay:     3.940ns (Levels of Logic = 2)
  Clock Uncertainty:    0.025ns

  Clock Uncertainty:          0.025ns  ((TSJ^2 + TIJ^2)^1/2 + DJ) / 2 + PE
    Total System Jitter (TSJ):  0.050ns
    Total Input Jitter (TIJ):   0.000ns
    Discrete Jitter (DJ):       0.000ns
    Phase Error (PE):           0.000ns

  Maximum Clock Path at Slow Process Corner: clk_100mhz to u/campaign/error_count_1
    Location             Delay type         Delay(ns)  Physical Resource
                                                       Logical Resource(s)
    -------------------------------------------------  -------------------
    V10.I                Tiopi                 1.557   clk_100mhz
                                                       clk_100mhz
                                                       clk_100mhz_BUFGP/IBUFG
                                                       ProtoComp217.IMUX
    BUFGMUX_X3Y13.I0     net (fanout=1)        1.050   clk_100mhz_BUFGP/IBUFG
    BUFGMUX_X3Y13.O      Tgi0o                 0.209   clk_100mhz_BUFGP/BUFG
                                                       clk_100mhz_BUFGP/BUFG
    SLICE_X31Y19.CLK     net (fanout=285)      1.124   clk_100mhz_BUFGP
    -------------------------------------------------  ---------------------------
    Total                                      3.940ns (1.766ns logic, 2.174ns route)
                                                       (44.8% logic, 55.2% route)

  Maximum Data Path at Slow Process Corner: u/campaign/error_count_1 to led_reset
    Location             Delay type         Delay(ns)  Physical Resource
                                                       Logical Resource(s)
    -------------------------------------------------  -------------------
    SLICE_X31Y19.CQ      Tcko                  0.430   u/error_count<2>
                                                       u/campaign/error_count_1
    SLICE_X35Y19.A3      net (fanout=3)        1.037   u/error_count<1>
    SLICE_X35Y19.A       Tilo                  0.259   u/GND_2_o_GND_2_o_equal_4_o<15>
                                                       u/GND_2_o_GND_2_o_equal_4_o<15>1
    SLICE_X27Y13.C3      net (fanout=2)        1.474   u/GND_2_o_GND_2_o_equal_4_o<15>
    SLICE_X27Y13.C       Tilo                  0.259   u/GND_2_o_GND_2_o_equal_4_o<15>1
                                                       u/led_reset1
    V16.O                net (fanout=1)        3.960   led_reset_OBUF
    V16.PAD              Tioop                 2.982   led_reset
                                                       led_reset_OBUF
                                                       led_reset
    -------------------------------------------------  ---------------------------
    Total                                     10.401ns (3.930ns logic, 6.471ns route)
                                                       (37.8% logic, 62.2% route)

--------------------------------------------------------------------------------
Offset:                 14.306ns (clock path + data path + uncertainty)
  Source:               u/campaign/error_count_4 (FF)
  Destination:          led_reset (PAD)
  Source Clock:         clk_100mhz_BUFGP rising at 0.000ns
  Data Path Delay:      10.338ns (Levels of Logic = 3)
  Clock Path Delay:     3.943ns (Levels of Logic = 2)
  Clock Uncertainty:    0.025ns

  Clock Uncertainty:          0.025ns  ((TSJ^2 + TIJ^2)^1/2 + DJ) / 2 + PE
    Total System Jitter (TSJ):  0.050ns
    Total Input Jitter (TIJ):   0.000ns
    Discrete Jitter (DJ):       0.000ns
    Phase Error (PE):           0.000ns

  Maximum Clock Path at Slow Process Corner: clk_100mhz to u/campaign/error_count_4
    Location             Delay type         Delay(ns)  Physical Resource
                                                       Logical Resource(s)
    -------------------------------------------------  -------------------
    V10.I                Tiopi                 1.557   clk_100mhz
                                                       clk_100mhz
                                                       clk_100mhz_BUFGP/IBUFG
                                                       ProtoComp217.IMUX
    BUFGMUX_X3Y13.I0     net (fanout=1)        1.050   clk_100mhz_BUFGP/IBUFG
    BUFGMUX_X3Y13.O      Tgi0o                 0.209   clk_100mhz_BUFGP/BUFG
                                                       clk_100mhz_BUFGP/BUFG
    SLICE_X33Y19.CLK     net (fanout=285)      1.127   clk_100mhz_BUFGP
    -------------------------------------------------  ---------------------------
    Total                                      3.943ns (1.766ns logic, 2.177ns route)
                                                       (44.8% logic, 55.2% route)

  Maximum Data Path at Slow Process Corner: u/campaign/error_count_4 to led_reset
    Location             Delay type         Delay(ns)  Physical Resource
                                                       Logical Resource(s)
    -------------------------------------------------  -------------------
    SLICE_X33Y19.BQ      Tcko                  0.430   u/error_count<5>
                                                       u/campaign/error_count_4
    SLICE_X35Y19.A1      net (fanout=3)        0.974   u/error_count<4>
    SLICE_X35Y19.A       Tilo                  0.259   u/GND_2_o_GND_2_o_equal_4_o<15>
                                                       u/GND_2_o_GND_2_o_equal_4_o<15>1
    SLICE_X27Y13.C3      net (fanout=2)        1.474   u/GND_2_o_GND_2_o_equal_4_o<15>
    SLICE_X27Y13.C       Tilo                  0.259   u/GND_2_o_GND_2_o_equal_4_o<15>1
                                                       u/led_reset1
    V16.O                net (fanout=1)        3.960   led_reset_OBUF
    V16.PAD              Tioop                 2.982   led_reset
                                                       led_reset_OBUF
                                                       led_reset
    -------------------------------------------------  ---------------------------
    Total                                     10.338ns (3.930ns logic, 6.408ns route)
                                                       (38.0% logic, 62.0% route)

--------------------------------------------------------------------------------
Offset:                 14.234ns (clock path + data path + uncertainty)
  Source:               u/campaign/error_count_0 (FF)
  Destination:          led_reset (PAD)
  Source Clock:         clk_100mhz_BUFGP rising at 0.000ns
  Data Path Delay:      10.269ns (Levels of Logic = 3)
  Clock Path Delay:     3.940ns (Levels of Logic = 2)
  Clock Uncertainty:    0.025ns

  Clock Uncertainty:          0.025ns  ((TSJ^2 + TIJ^2)^1/2 + DJ) / 2 + PE
    Total System Jitter (TSJ):  0.050ns
    Total Input Jitter (TIJ):   0.000ns
    Discrete Jitter (DJ):       0.000ns
    Phase Error (PE):           0.000ns

  Maximum Clock Path at Slow Process Corner: clk_100mhz to u/campaign/error_count_0
    Location             Delay type         Delay(ns)  Physical Resource
                                                       Logical Resource(s)
    -------------------------------------------------  -------------------
    V10.I                Tiopi                 1.557   clk_100mhz
                                                       clk_100mhz
                                                       clk_100mhz_BUFGP/IBUFG
                                                       ProtoComp217.IMUX
    BUFGMUX_X3Y13.I0     net (fanout=1)        1.050   clk_100mhz_BUFGP/IBUFG
    BUFGMUX_X3Y13.O      Tgi0o                 0.209   clk_100mhz_BUFGP/BUFG
                                                       clk_100mhz_BUFGP/BUFG
    SLICE_X31Y19.CLK     net (fanout=285)      1.124   clk_100mhz_BUFGP
    -------------------------------------------------  ---------------------------
    Total                                      3.940ns (1.766ns logic, 2.174ns route)
                                                       (44.8% logic, 55.2% route)

  Maximum Data Path at Slow Process Corner: u/campaign/error_count_0 to led_reset
    Location             Delay type         Delay(ns)  Physical Resource
                                                       Logical Resource(s)
    -------------------------------------------------  -------------------
    SLICE_X31Y19.AQ      Tcko                  0.430   u/error_count<2>
                                                       u/campaign/error_count_0
    SLICE_X35Y19.A5      net (fanout=3)        0.905   u/error_count<0>
    SLICE_X35Y19.A       Tilo                  0.259   u/GND_2_o_GND_2_o_equal_4_o<15>
                                                       u/GND_2_o_GND_2_o_equal_4_o<15>1
    SLICE_X27Y13.C3      net (fanout=2)        1.474   u/GND_2_o_GND_2_o_equal_4_o<15>
    SLICE_X27Y13.C       Tilo                  0.259   u/GND_2_o_GND_2_o_equal_4_o<15>1
                                                       u/led_reset1
    V16.O                net (fanout=1)        3.960   led_reset_OBUF
    V16.PAD              Tioop                 2.982   led_reset
                                                       led_reset_OBUF
                                                       led_reset
    -------------------------------------------------  ---------------------------
    Total                                     10.269ns (3.930ns logic, 6.339ns route)
                                                       (38.3% logic, 61.7% route)

--------------------------------------------------------------------------------
Offset:                 14.227ns (clock path + data path + uncertainty)
  Source:               u/campaign/error_count_10 (FF)
  Destination:          led_reset (PAD)
  Source Clock:         clk_100mhz_BUFGP rising at 0.000ns
  Data Path Delay:      10.262ns (Levels of Logic = 3)
  Clock Path Delay:     3.940ns (Levels of Logic = 2)
  Clock Uncertainty:    0.025ns

  Clock Uncertainty:          0.025ns  ((TSJ^2 + TIJ^2)^1/2 + DJ) / 2 + PE
    Total System Jitter (TSJ):  0.050ns
    Total Input Jitter (TIJ):   0.000ns
    Discrete Jitter (DJ):       0.000ns
    Phase Error (PE):           0.000ns

  Maximum Clock Path at Slow Process Corner: clk_100mhz to u/campaign/error_count_10
    Location             Delay type         Delay(ns)  Physical Resource
                                                       Logical Resource(s)
    -------------------------------------------------  -------------------
    V10.I                Tiopi                 1.557   clk_100mhz
                                                       clk_100mhz
                                                       clk_100mhz_BUFGP/IBUFG
                                                       ProtoComp217.IMUX
    BUFGMUX_X3Y13.I0     net (fanout=1)        1.050   clk_100mhz_BUFGP/IBUFG
    BUFGMUX_X3Y13.O      Tgi0o                 0.209   clk_100mhz_BUFGP/BUFG
                                                       clk_100mhz_BUFGP/BUFG
    SLICE_X30Y19.CLK     net (fanout=285)      1.124   clk_100mhz_BUFGP
    -------------------------------------------------  ---------------------------
    Total                                      3.940ns (1.766ns logic, 2.174ns route)
                                                       (44.8% logic, 55.2% route)

  Maximum Data Path at Slow Process Corner: u/campaign/error_count_10 to led_reset
    Location             Delay type         Delay(ns)  Physical Resource
                                                       Logical Resource(s)
    -------------------------------------------------  -------------------
    SLICE_X30Y19.DQ      Tcko                  0.525   u/error_count<10>
                                                       u/campaign/error_count_10
    SLICE_X27Y13.D1      net (fanout=3)        1.752   u/error_count<10>
    SLICE_X27Y13.D       Tilo                  0.259   u/GND_2_o_GND_2_o_equal_4_o<15>1
                                                       u/GND_2_o_GND_2_o_equal_4_o<15>2
    SLICE_X27Y13.C4      net (fanout=2)        0.525   u/GND_2_o_GND_2_o_equal_4_o<15>1
    SLICE_X27Y13.C       Tilo                  0.259   u/GND_2_o_GND_2_o_equal_4_o<15>1
                                                       u/led_reset1
    V16.O                net (fanout=1)        3.960   led_reset_OBUF
    V16.PAD              Tioop                 2.982   led_reset
                                                       led_reset_OBUF
                                                       led_reset
    -------------------------------------------------  ---------------------------
    Total                                     10.262ns (4.025ns logic, 6.237ns route)
                                                       (39.2% logic, 60.8% route)

--------------------------------------------------------------------------------
Offset:                 14.213ns (clock path + data path + uncertainty)
  Source:               u/campaign/error_count_5 (FF)
  Destination:          led_reset (PAD)
  Source Clock:         clk_100mhz_BUFGP rising at 0.000ns
  Data Path Delay:      10.245ns (Levels of Logic = 3)
  Clock Path Delay:     3.943ns (Levels of Logic = 2)
  Clock Uncertainty:    0.025ns

  Clock Uncertainty:          0.025ns  ((TSJ^2 + TIJ^2)^1/2 + DJ) / 2 + PE
    Total System Jitter (TSJ):  0.050ns
    Total Input Jitter (TIJ):   0.000ns
    Discrete Jitter (DJ):       0.000ns
    Phase Error (PE):           0.000ns

  Maximum Clock Path at Slow Process Corner: clk_100mhz to u/campaign/error_count_5
    Location             Delay type         Delay(ns)  Physical Resource
                                                       Logical Resource(s)
    -------------------------------------------------  -------------------
    V10.I                Tiopi                 1.557   clk_100mhz
                                                       clk_100mhz
                                                       clk_100mhz_BUFGP/IBUFG
                                                       ProtoComp217.IMUX
    BUFGMUX_X3Y13.I0     net (fanout=1)        1.050   clk_100mhz_BUFGP/IBUFG
    BUFGMUX_X3Y13.O      Tgi0o                 0.209   clk_100mhz_BUFGP/BUFG
                                                       clk_100mhz_BUFGP/BUFG
    SLICE_X33Y19.CLK     net (fanout=285)      1.127   clk_100mhz_BUFGP
    -------------------------------------------------  ---------------------------
    Total                                      3.943ns (1.766ns logic, 2.177ns route)
                                                       (44.8% logic, 55.2% route)

  Maximum Data Path at Slow Process Corner: u/campaign/error_count_5 to led_reset
    Location             Delay type         Delay(ns)  Physical Resource
                                                       Logical Resource(s)
    -------------------------------------------------  -------------------
    SLICE_X33Y19.CQ      Tcko                  0.430   u/error_count<5>
                                                       u/campaign/error_count_5
    SLICE_X35Y19.A4      net (fanout=3)        0.881   u/error_count<5>
    SLICE_X35Y19.A       Tilo                  0.259   u/GND_2_o_GND_2_o_equal_4_o<15>
                                                       u/GND_2_o_GND_2_o_equal_4_o<15>1
    SLICE_X27Y13.C3      net (fanout=2)        1.474   u/GND_2_o_GND_2_o_equal_4_o<15>
    SLICE_X27Y13.C       Tilo                  0.259   u/GND_2_o_GND_2_o_equal_4_o<15>1
                                                       u/led_reset1
    V16.O                net (fanout=1)        3.960   led_reset_OBUF
    V16.PAD              Tioop                 2.982   led_reset
                                                       led_reset_OBUF
                                                       led_reset
    -------------------------------------------------  ---------------------------
    Total                                     10.245ns (3.930ns logic, 6.315ns route)
                                                       (38.4% logic, 61.6% route)

--------------------------------------------------------------------------------
Offset:                 14.151ns (clock path + data path + uncertainty)
  Source:               u/campaign/error_count_2 (FF)
  Destination:          led_reset (PAD)
  Source Clock:         clk_100mhz_BUFGP rising at 0.000ns
  Data Path Delay:      10.186ns (Levels of Logic = 3)
  Clock Path Delay:     3.940ns (Levels of Logic = 2)
  Clock Uncertainty:    0.025ns

  Clock Uncertainty:          0.025ns  ((TSJ^2 + TIJ^2)^1/2 + DJ) / 2 + PE
    Total System Jitter (TSJ):  0.050ns
    Total Input Jitter (TIJ):   0.000ns
    Discrete Jitter (DJ):       0.000ns
    Phase Error (PE):           0.000ns

  Maximum Clock Path at Slow Process Corner: clk_100mhz to u/campaign/error_count_2
    Location             Delay type         Delay(ns)  Physical Resource
                                                       Logical Resource(s)
    -------------------------------------------------  -------------------
    V10.I                Tiopi                 1.557   clk_100mhz
                                                       clk_100mhz
                                                       clk_100mhz_BUFGP/IBUFG
                                                       ProtoComp217.IMUX
    BUFGMUX_X3Y13.I0     net (fanout=1)        1.050   clk_100mhz_BUFGP/IBUFG
    BUFGMUX_X3Y13.O      Tgi0o                 0.209   clk_100mhz_BUFGP/BUFG
                                                       clk_100mhz_BUFGP/BUFG
    SLICE_X31Y19.CLK     net (fanout=285)      1.124   clk_100mhz_BUFGP
    -------------------------------------------------  ---------------------------
    Total                                      3.940ns (1.766ns logic, 2.174ns route)
                                                       (44.8% logic, 55.2% route)

  Maximum Data Path at Slow Process Corner: u/campaign/error_count_2 to led_reset
    Location             Delay type         Delay(ns)  Physical Resource
                                                       Logical Resource(s)
    -------------------------------------------------  -------------------
    SLICE_X31Y19.DQ      Tcko                  0.430   u/error_count<2>
                                                       u/campaign/error_count_2
    SLICE_X35Y19.A6      net (fanout=3)        0.822   u/error_count<2>
    SLICE_X35Y19.A       Tilo                  0.259   u/GND_2_o_GND_2_o_equal_4_o<15>
                                                       u/GND_2_o_GND_2_o_equal_4_o<15>1
    SLICE_X27Y13.C3      net (fanout=2)        1.474   u/GND_2_o_GND_2_o_equal_4_o<15>
    SLICE_X27Y13.C       Tilo                  0.259   u/GND_2_o_GND_2_o_equal_4_o<15>1
                                                       u/led_reset1
    V16.O                net (fanout=1)        3.960   led_reset_OBUF
    V16.PAD              Tioop                 2.982   led_reset
                                                       led_reset_OBUF
                                                       led_reset
    -------------------------------------------------  ---------------------------
    Total                                     10.186ns (3.930ns logic, 6.256ns route)
                                                       (38.6% logic, 61.4% route)

--------------------------------------------------------------------------------
Offset:                 13.901ns (clock path + data path + uncertainty)
  Source:               u/campaign/error_count_6 (FF)
  Destination:          led_reset (PAD)
  Source Clock:         clk_100mhz_BUFGP rising at 0.000ns
  Data Path Delay:      9.932ns (Levels of Logic = 3)
  Clock Path Delay:     3.944ns (Levels of Logic = 2)
  Clock Uncertainty:    0.025ns

  Clock Uncertainty:          0.025ns  ((TSJ^2 + TIJ^2)^1/2 + DJ) / 2 + PE
    Total System Jitter (TSJ):  0.050ns
    Total Input Jitter (TIJ):   0.000ns
    Discrete Jitter (DJ):       0.000ns
    Phase Error (PE):           0.000ns

  Maximum Clock Path at Slow Process Corner: clk_100mhz to u/campaign/error_count_6
    Location             Delay type         Delay(ns)  Physical Resource
                                                       Logical Resource(s)
    -------------------------------------------------  -------------------
    V10.I                Tiopi                 1.557   clk_100mhz
                                                       clk_100mhz
                                                       clk_100mhz_BUFGP/IBUFG
                                                       ProtoComp217.IMUX
    BUFGMUX_X3Y13.I0     net (fanout=1)        1.050   clk_100mhz_BUFGP/IBUFG
    BUFGMUX_X3Y13.O      Tgi0o                 0.209   clk_100mhz_BUFGP/BUFG
                                                       clk_100mhz_BUFGP/BUFG
    SLICE_X33Y18.CLK     net (fanout=285)      1.128   clk_100mhz_BUFGP
    -------------------------------------------------  ---------------------------
    Total                                      3.944ns (1.766ns logic, 2.178ns route)
                                                       (44.8% logic, 55.2% route)

  Maximum Data Path at Slow Process Corner: u/campaign/error_count_6 to led_reset
    Location             Delay type         Delay(ns)  Physical Resource
                                                       Logical Resource(s)
    -------------------------------------------------  -------------------
    SLICE_X33Y18.DQ      Tcko                  0.430   u/error_count<6>
                                                       u/campaign/error_count_6
    SLICE_X27Y13.D2      net (fanout=3)        1.517   u/error_count<6>
    SLICE_X27Y13.D       Tilo                  0.259   u/GND_2_o_GND_2_o_equal_4_o<15>1
                                                       u/GND_2_o_GND_2_o_equal_4_o<15>2
    SLICE_X27Y13.C4      net (fanout=2)        0.525   u/GND_2_o_GND_2_o_equal_4_o<15>1
    SLICE_X27Y13.C       Tilo                  0.259   u/GND_2_o_GND_2_o_equal_4_o<15>1
                                                       u/led_reset1
    V16.O                net (fanout=1)        3.960   led_reset_OBUF
    V16.PAD              Tioop                 2.982   led_reset
                                                       led_reset_OBUF
                                                       led_reset
    -------------------------------------------------  ---------------------------
    Total                                      9.932ns (3.930ns logic, 6.002ns route)
                                                       (39.6% logic, 60.4% route)

--------------------------------------------------------------------------------
Offset:                 13.806ns (clock path + data path + uncertainty)
  Source:               u/campaign/error_count_11 (FF)
  Destination:          led_reset (PAD)
  Source Clock:         clk_100mhz_BUFGP rising at 0.000ns
  Data Path Delay:      9.840ns (Levels of Logic = 3)
  Clock Path Delay:     3.941ns (Levels of Logic = 2)
  Clock Uncertainty:    0.025ns

  Clock Uncertainty:          0.025ns  ((TSJ^2 + TIJ^2)^1/2 + DJ) / 2 + PE
    Total System Jitter (TSJ):  0.050ns
    Total Input Jitter (TIJ):   0.000ns
    Discrete Jitter (DJ):       0.000ns
    Phase Error (PE):           0.000ns

  Maximum Clock Path at Slow Process Corner: clk_100mhz to u/campaign/error_count_11
    Location             Delay type         Delay(ns)  Physical Resource
                                                       Logical Resource(s)
    -------------------------------------------------  -------------------
    V10.I                Tiopi                 1.557   clk_100mhz
                                                       clk_100mhz
                                                       clk_100mhz_BUFGP/IBUFG
                                                       ProtoComp217.IMUX
    BUFGMUX_X3Y13.I0     net (fanout=1)        1.050   clk_100mhz_BUFGP/IBUFG
    BUFGMUX_X3Y13.O      Tgi0o                 0.209   clk_100mhz_BUFGP/BUFG
                                                       clk_100mhz_BUFGP/BUFG
    SLICE_X31Y18.CLK     net (fanout=285)      1.125   clk_100mhz_BUFGP
    -------------------------------------------------  ---------------------------
    Total                                      3.941ns (1.766ns logic, 2.175ns route)
                                                       (44.8% logic, 55.2% route)

  Maximum Data Path at Slow Process Corner: u/campaign/error_count_11 to led_reset
    Location             Delay type         Delay(ns)  Physical Resource
                                                       Logical Resource(s)
    -------------------------------------------------  -------------------
    SLICE_X31Y18.AQ      Tcko                  0.430   u/error_count<14>
                                                       u/campaign/error_count_11
    SLICE_X27Y13.D4      net (fanout=3)        1.425   u/error_count<11>
    SLICE_X27Y13.D       Tilo                  0.259   u/GND_2_o_GND_2_o_equal_4_o<15>1
                                                       u/GND_2_o_GND_2_o_equal_4_o<15>2
    SLICE_X27Y13.C4      net (fanout=2)        0.525   u/GND_2_o_GND_2_o_equal_4_o<15>1
    SLICE_X27Y13.C       Tilo                  0.259   u/GND_2_o_GND_2_o_equal_4_o<15>1
                                                       u/led_reset1
    V16.O                net (fanout=1)        3.960   led_reset_OBUF
    V16.PAD              Tioop                 2.982   led_reset
                                                       led_reset_OBUF
                                                       led_reset
    -------------------------------------------------  ---------------------------
    Total                                      9.840ns (3.930ns logic, 5.910ns route)
                                                       (39.9% logic, 60.1% route)

--------------------------------------------------------------------------------
Offset:                 13.677ns (clock path + data path + uncertainty)
  Source:               u/campaign/error_count_7 (FF)
  Destination:          led_reset (PAD)
  Source Clock:         clk_100mhz_BUFGP rising at 0.000ns
  Data Path Delay:      9.712ns (Levels of Logic = 3)
  Clock Path Delay:     3.940ns (Levels of Logic = 2)
  Clock Uncertainty:    0.025ns

  Clock Uncertainty:          0.025ns  ((TSJ^2 + TIJ^2)^1/2 + DJ) / 2 + PE
    Total System Jitter (TSJ):  0.050ns
    Total Input Jitter (TIJ):   0.000ns
    Discrete Jitter (DJ):       0.000ns
    Phase Error (PE):           0.000ns

  Maximum Clock Path at Slow Process Corner: clk_100mhz to u/campaign/error_count_7
    Location             Delay type         Delay(ns)  Physical Resource
                                                       Logical Resource(s)
    -------------------------------------------------  -------------------
    V10.I                Tiopi                 1.557   clk_100mhz
                                                       clk_100mhz
                                                       clk_100mhz_BUFGP/IBUFG
                                                       ProtoComp217.IMUX
    BUFGMUX_X3Y13.I0     net (fanout=1)        1.050   clk_100mhz_BUFGP/IBUFG
    BUFGMUX_X3Y13.O      Tgi0o                 0.209   clk_100mhz_BUFGP/BUFG
                                                       clk_100mhz_BUFGP/BUFG
    SLICE_X30Y19.CLK     net (fanout=285)      1.124   clk_100mhz_BUFGP
    -------------------------------------------------  ---------------------------
    Total                                      3.940ns (1.766ns logic, 2.174ns route)
                                                       (44.8% logic, 55.2% route)

  Maximum Data Path at Slow Process Corner: u/campaign/error_count_7 to led_reset
    Location             Delay type         Delay(ns)  Physical Resource
                                                       Logical Resource(s)
    -------------------------------------------------  -------------------
    SLICE_X30Y19.AQ      Tcko                  0.525   u/error_count<10>
                                                       u/campaign/error_count_7
    SLICE_X27Y13.D5      net (fanout=3)        1.202   u/error_count<7>
    SLICE_X27Y13.D       Tilo                  0.259   u/GND_2_o_GND_2_o_equal_4_o<15>1
                                                       u/GND_2_o_GND_2_o_equal_4_o<15>2
    SLICE_X27Y13.C4      net (fanout=2)        0.525   u/GND_2_o_GND_2_o_equal_4_o<15>1
    SLICE_X27Y13.C       Tilo                  0.259   u/GND_2_o_GND_2_o_equal_4_o<15>1
                                                       u/led_reset1
    V16.O                net (fanout=1)        3.960   led_reset_OBUF
    V16.PAD              Tioop                 2.982   led_reset
                                                       led_reset_OBUF
                                                       led_reset
    -------------------------------------------------  ---------------------------
    Total                                      9.712ns (4.025ns logic, 5.687ns route)
                                                       (41.4% logic, 58.6% route)

--------------------------------------------------------------------------------

Paths for end point an_n<3> (P17.PAD), 2 paths
--------------------------------------------------------------------------------
Offset:                 11.380ns (clock path + data path + uncertainty)
  Source:               u/scan_16 (FF)
  Destination:          an_n<3> (PAD)
  Source Clock:         clk_100mhz_BUFGP rising at 0.000ns
  Data Path Delay:      7.413ns (Levels of Logic = 2)
  Clock Path Delay:     3.942ns (Levels of Logic = 2)
  Clock Uncertainty:    0.025ns

  Clock Uncertainty:          0.025ns  ((TSJ^2 + TIJ^2)^1/2 + DJ) / 2 + PE
    Total System Jitter (TSJ):  0.050ns
    Total Input Jitter (TIJ):   0.000ns
    Discrete Jitter (DJ):       0.000ns
    Phase Error (PE):           0.000ns

  Maximum Clock Path at Slow Process Corner: clk_100mhz to u/scan_16
    Location             Delay type         Delay(ns)  Physical Resource
                                                       Logical Resource(s)
    -------------------------------------------------  -------------------
    V10.I                Tiopi                 1.557   clk_100mhz
                                                       clk_100mhz
                                                       clk_100mhz_BUFGP/IBUFG
                                                       ProtoComp217.IMUX
    BUFGMUX_X3Y13.I0     net (fanout=1)        1.050   clk_100mhz_BUFGP/IBUFG
    BUFGMUX_X3Y13.O      Tgi0o                 0.209   clk_100mhz_BUFGP/BUFG
                                                       clk_100mhz_BUFGP/BUFG
    SLICE_X36Y9.CLK      net (fanout=285)      1.126   clk_100mhz_BUFGP
    -------------------------------------------------  ---------------------------
    Total                                      3.942ns (1.766ns logic, 2.176ns route)
                                                       (44.8% logic, 55.2% route)

  Maximum Data Path at Slow Process Corner: u/scan_16 to an_n<3>
    Location             Delay type         Delay(ns)  Physical Resource
                                                       Logical Resource(s)
    -------------------------------------------------  -------------------
    SLICE_X36Y9.AQ       Tcko                  0.476   u/scan<17>
                                                       u/scan_16
    SLICE_X37Y13.D2      net (fanout=7)        1.338   u/scan<16>
    SLICE_X37Y13.DMUX    Tilo                  0.337   an_n_2_OBUF
                                                       u/Mram_an_n31
    P17.O                net (fanout=1)        2.280   an_n_3_OBUF
    P17.PAD              Tioop                 2.982   an_n<3>
                                                       an_n_3_OBUF
                                                       an_n<3>
    -------------------------------------------------  ---------------------------
    Total                                      7.413ns (3.795ns logic, 3.618ns route)
                                                       (51.2% logic, 48.8% route)

--------------------------------------------------------------------------------
Offset:                 10.785ns (clock path + data path + uncertainty)
  Source:               u/scan_17 (FF)
  Destination:          an_n<3> (PAD)
  Source Clock:         clk_100mhz_BUFGP rising at 0.000ns
  Data Path Delay:      6.818ns (Levels of Logic = 2)
  Clock Path Delay:     3.942ns (Levels of Logic = 2)
  Clock Uncertainty:    0.025ns

  Clock Uncertainty:          0.025ns  ((TSJ^2 + TIJ^2)^1/2 + DJ) / 2 + PE
    Total System Jitter (TSJ):  0.050ns
    Total Input Jitter (TIJ):   0.000ns
    Discrete Jitter (DJ):       0.000ns
    Phase Error (PE):           0.000ns

  Maximum Clock Path at Slow Process Corner: clk_100mhz to u/scan_17
    Location             Delay type         Delay(ns)  Physical Resource
                                                       Logical Resource(s)
    -------------------------------------------------  -------------------
    V10.I                Tiopi                 1.557   clk_100mhz
                                                       clk_100mhz
                                                       clk_100mhz_BUFGP/IBUFG
                                                       ProtoComp217.IMUX
    BUFGMUX_X3Y13.I0     net (fanout=1)        1.050   clk_100mhz_BUFGP/IBUFG
    BUFGMUX_X3Y13.O      Tgi0o                 0.209   clk_100mhz_BUFGP/BUFG
                                                       clk_100mhz_BUFGP/BUFG
    SLICE_X36Y9.CLK      net (fanout=285)      1.126   clk_100mhz_BUFGP
    -------------------------------------------------  ---------------------------
    Total                                      3.942ns (1.766ns logic, 2.176ns route)
                                                       (44.8% logic, 55.2% route)

  Maximum Data Path at Slow Process Corner: u/scan_17 to an_n<3>
    Location             Delay type         Delay(ns)  Physical Resource
                                                       Logical Resource(s)
    -------------------------------------------------  -------------------
    SLICE_X36Y9.BQ       Tcko                  0.476   u/scan<17>
                                                       u/scan_17
    SLICE_X37Y13.D4      net (fanout=7)        0.743   u/scan<17>
    SLICE_X37Y13.DMUX    Tilo                  0.337   an_n_2_OBUF
                                                       u/Mram_an_n31
    P17.O                net (fanout=1)        2.280   an_n_3_OBUF
    P17.PAD              Tioop                 2.982   an_n<3>
                                                       an_n_3_OBUF
                                                       an_n<3>
    -------------------------------------------------  ---------------------------
    Total                                      6.818ns (3.795ns logic, 3.023ns route)
                                                       (55.7% logic, 44.3% route)

--------------------------------------------------------------------------------

================================================================================
Timing constraint: Unconstrained path analysis 

 1097 paths analyzed, 1097 endpoints analyzed, 0 failing endpoints
 0 timing errors detected. (0 setup errors, 0 hold errors)
 Maximum delay is   3.952ns.
--------------------------------------------------------------------------------

Paths for end point u/campaign/formatter/digits<9>_0 (SLICE_X34Y31.CLK), 1 path
--------------------------------------------------------------------------------
Delay:                  3.952ns (data path)
  Source:               clk_100mhz (PAD)
  Destination:          u/campaign/formatter/digits<9>_0 (FF)
  Data Path Delay:      3.952ns (Levels of Logic = 2)

  Maximum Data Path at Slow Process Corner: clk_100mhz to u/campaign/formatter/digits<9>_0
    Location             Delay type         Delay(ns)  Physical Resource
                                                       Logical Resource(s)
    -------------------------------------------------  -------------------
    V10.I                Tiopi                 1.557   clk_100mhz
                                                       clk_100mhz
                                                       clk_100mhz_BUFGP/IBUFG
                                                       ProtoComp217.IMUX
    BUFGMUX_X3Y13.I0     net (fanout=1)        1.050   clk_100mhz_BUFGP/IBUFG
    BUFGMUX_X3Y13.O      Tgi0o                 0.209   clk_100mhz_BUFGP/BUFG
                                                       clk_100mhz_BUFGP/BUFG
    SLICE_X34Y31.CLK     net (fanout=285)      1.136   clk_100mhz_BUFGP
    -------------------------------------------------  ---------------------------
    Total                                      3.952ns (1.766ns logic, 2.186ns route)
                                                       (44.7% logic, 55.3% route)

--------------------------------------------------------------------------------

Paths for end point u/campaign/formatter/digits<9>_1 (SLICE_X34Y31.CLK), 1 path
--------------------------------------------------------------------------------
Delay:                  3.952ns (data path)
  Source:               clk_100mhz (PAD)
  Destination:          u/campaign/formatter/digits<9>_1 (FF)
  Data Path Delay:      3.952ns (Levels of Logic = 2)

  Maximum Data Path at Slow Process Corner: clk_100mhz to u/campaign/formatter/digits<9>_1
    Location             Delay type         Delay(ns)  Physical Resource
                                                       Logical Resource(s)
    -------------------------------------------------  -------------------
    V10.I                Tiopi                 1.557   clk_100mhz
                                                       clk_100mhz
                                                       clk_100mhz_BUFGP/IBUFG
                                                       ProtoComp217.IMUX
    BUFGMUX_X3Y13.I0     net (fanout=1)        1.050   clk_100mhz_BUFGP/IBUFG
    BUFGMUX_X3Y13.O      Tgi0o                 0.209   clk_100mhz_BUFGP/BUFG
                                                       clk_100mhz_BUFGP/BUFG
    SLICE_X34Y31.CLK     net (fanout=285)      1.136   clk_100mhz_BUFGP
    -------------------------------------------------  ---------------------------
    Total                                      3.952ns (1.766ns logic, 2.186ns route)
                                                       (44.7% logic, 55.3% route)

--------------------------------------------------------------------------------

Paths for end point u/campaign/formatter/digits<9>_2 (SLICE_X34Y31.CLK), 1 path
--------------------------------------------------------------------------------
Delay:                  3.952ns (data path)
  Source:               clk_100mhz (PAD)
  Destination:          u/campaign/formatter/digits<9>_2 (FF)
  Data Path Delay:      3.952ns (Levels of Logic = 2)

  Maximum Data Path at Slow Process Corner: clk_100mhz to u/campaign/formatter/digits<9>_2
    Location             Delay type         Delay(ns)  Physical Resource
                                                       Logical Resource(s)
    -------------------------------------------------  -------------------
    V10.I                Tiopi                 1.557   clk_100mhz
                                                       clk_100mhz
                                                       clk_100mhz_BUFGP/IBUFG
                                                       ProtoComp217.IMUX
    BUFGMUX_X3Y13.I0     net (fanout=1)        1.050   clk_100mhz_BUFGP/IBUFG
    BUFGMUX_X3Y13.O      Tgi0o                 0.209   clk_100mhz_BUFGP/BUFG
                                                       clk_100mhz_BUFGP/BUFG
    SLICE_X34Y31.CLK     net (fanout=285)      1.136   clk_100mhz_BUFGP
    -------------------------------------------------  ---------------------------
    Total                                      3.952ns (1.766ns logic, 2.186ns route)
                                                       (44.7% logic, 55.3% route)

--------------------------------------------------------------------------------

Paths for end point u/campaign/formatter/digits<9>_3 (SLICE_X34Y31.CLK), 1 path
--------------------------------------------------------------------------------
Delay:                  3.952ns (data path)
  Source:               clk_100mhz (PAD)
  Destination:          u/campaign/formatter/digits<9>_3 (FF)
  Data Path Delay:      3.952ns (Levels of Logic = 2)

  Maximum Data Path at Slow Process Corner: clk_100mhz to u/campaign/formatter/digits<9>_3
    Location             Delay type         Delay(ns)  Physical Resource
                                                       Logical Resource(s)
    -------------------------------------------------  -------------------
    V10.I                Tiopi                 1.557   clk_100mhz
                                                       clk_100mhz
                                                       clk_100mhz_BUFGP/IBUFG
                                                       ProtoComp217.IMUX
    BUFGMUX_X3Y13.I0     net (fanout=1)        1.050   clk_100mhz_BUFGP/IBUFG
    BUFGMUX_X3Y13.O      Tgi0o                 0.209   clk_100mhz_BUFGP/BUFG
                                                       clk_100mhz_BUFGP/BUFG
    SLICE_X34Y31.CLK     net (fanout=285)      1.136   clk_100mhz_BUFGP
    -------------------------------------------------  ---------------------------
    Total                                      3.952ns (1.766ns logic, 2.186ns route)
                                                       (44.7% logic, 55.3% route)

--------------------------------------------------------------------------------

Paths for end point u/campaign/kernel/core/evaluator_i/scaled_difference_reg_0 (SLICE_X2Y16.CLK), 1 path
--------------------------------------------------------------------------------
Delay:                  3.951ns (data path)
  Source:               clk_100mhz (PAD)
  Destination:          u/campaign/kernel/core/evaluator_i/scaled_difference_reg_0 (FF)
  Data Path Delay:      3.951ns (Levels of Logic = 2)

  Maximum Data Path at Slow Process Corner: clk_100mhz to u/campaign/kernel/core/evaluator_i/scaled_difference_reg_0
    Location             Delay type         Delay(ns)  Physical Resource
                                                       Logical Resource(s)
    -------------------------------------------------  -------------------
    V10.I                Tiopi                 1.557   clk_100mhz
                                                       clk_100mhz
                                                       clk_100mhz_BUFGP/IBUFG
                                                       ProtoComp217.IMUX
    BUFGMUX_X3Y13.I0     net (fanout=1)        1.050   clk_100mhz_BUFGP/IBUFG
    BUFGMUX_X3Y13.O      Tgi0o                 0.209   clk_100mhz_BUFGP/BUFG
                                                       clk_100mhz_BUFGP/BUFG
    SLICE_X2Y16.CLK      net (fanout=285)      1.135   clk_100mhz_BUFGP
    -------------------------------------------------  ---------------------------
    Total                                      3.951ns (1.766ns logic, 2.185ns route)
                                                       (44.7% logic, 55.3% route)

--------------------------------------------------------------------------------

Paths for end point u/campaign/kernel/core/evaluator_i/scaled_difference_reg_1 (SLICE_X2Y16.CLK), 1 path
--------------------------------------------------------------------------------
Delay:                  3.951ns (data path)
  Source:               clk_100mhz (PAD)
  Destination:          u/campaign/kernel/core/evaluator_i/scaled_difference_reg_1 (FF)
  Data Path Delay:      3.951ns (Levels of Logic = 2)

  Maximum Data Path at Slow Process Corner: clk_100mhz to u/campaign/kernel/core/evaluator_i/scaled_difference_reg_1
    Location             Delay type         Delay(ns)  Physical Resource
                                                       Logical Resource(s)
    -------------------------------------------------  -------------------
    V10.I                Tiopi                 1.557   clk_100mhz
                                                       clk_100mhz
                                                       clk_100mhz_BUFGP/IBUFG
                                                       ProtoComp217.IMUX
    BUFGMUX_X3Y13.I0     net (fanout=1)        1.050   clk_100mhz_BUFGP/IBUFG
    BUFGMUX_X3Y13.O      Tgi0o                 0.209   clk_100mhz_BUFGP/BUFG
                                                       clk_100mhz_BUFGP/BUFG
    SLICE_X2Y16.CLK      net (fanout=285)      1.135   clk_100mhz_BUFGP
    -------------------------------------------------  ---------------------------
    Total                                      3.951ns (1.766ns logic, 2.185ns route)
                                                       (44.7% logic, 55.3% route)

--------------------------------------------------------------------------------

Paths for end point u/campaign/kernel/core/evaluator_i/scaled_difference_reg_2 (SLICE_X2Y16.CLK), 1 path
--------------------------------------------------------------------------------
Delay:                  3.951ns (data path)
  Source:               clk_100mhz (PAD)
  Destination:          u/campaign/kernel/core/evaluator_i/scaled_difference_reg_2 (FF)
  Data Path Delay:      3.951ns (Levels of Logic = 2)

  Maximum Data Path at Slow Process Corner: clk_100mhz to u/campaign/kernel/core/evaluator_i/scaled_difference_reg_2
    Location             Delay type         Delay(ns)  Physical Resource
                                                       Logical Resource(s)
    -------------------------------------------------  -------------------
    V10.I                Tiopi                 1.557   clk_100mhz
                                                       clk_100mhz
                                                       clk_100mhz_BUFGP/IBUFG
                                                       ProtoComp217.IMUX
    BUFGMUX_X3Y13.I0     net (fanout=1)        1.050   clk_100mhz_BUFGP/IBUFG
    BUFGMUX_X3Y13.O      Tgi0o                 0.209   clk_100mhz_BUFGP/BUFG
                                                       clk_100mhz_BUFGP/BUFG
    SLICE_X2Y16.CLK      net (fanout=285)      1.135   clk_100mhz_BUFGP
    -------------------------------------------------  ---------------------------
    Total                                      3.951ns (1.766ns logic, 2.185ns route)
                                                       (44.7% logic, 55.3% route)

--------------------------------------------------------------------------------

Paths for end point u/campaign/kernel/core/evaluator_i/scaled_difference_reg_3 (SLICE_X2Y16.CLK), 1 path
--------------------------------------------------------------------------------
Delay:                  3.951ns (data path)
  Source:               clk_100mhz (PAD)
  Destination:          u/campaign/kernel/core/evaluator_i/scaled_difference_reg_3 (FF)
  Data Path Delay:      3.951ns (Levels of Logic = 2)

  Maximum Data Path at Slow Process Corner: clk_100mhz to u/campaign/kernel/core/evaluator_i/scaled_difference_reg_3
    Location             Delay type         Delay(ns)  Physical Resource
                                                       Logical Resource(s)
    -------------------------------------------------  -------------------
    V10.I                Tiopi                 1.557   clk_100mhz
                                                       clk_100mhz
                                                       clk_100mhz_BUFGP/IBUFG
                                                       ProtoComp217.IMUX
    BUFGMUX_X3Y13.I0     net (fanout=1)        1.050   clk_100mhz_BUFGP/IBUFG
    BUFGMUX_X3Y13.O      Tgi0o                 0.209   clk_100mhz_BUFGP/BUFG
                                                       clk_100mhz_BUFGP/BUFG
    SLICE_X2Y16.CLK      net (fanout=285)      1.135   clk_100mhz_BUFGP
    -------------------------------------------------  ---------------------------
    Total                                      3.951ns (1.766ns logic, 2.185ns route)
                                                       (44.7% logic, 55.3% route)

--------------------------------------------------------------------------------

Paths for end point u/campaign/uart/baud_counter_6 (SLICE_X35Y30.CLK), 1 path
--------------------------------------------------------------------------------
Delay:                  3.951ns (data path)
  Source:               clk_100mhz (PAD)
  Destination:          u/campaign/uart/baud_counter_6 (FF)
  Data Path Delay:      3.951ns (Levels of Logic = 2)

  Maximum Data Path at Slow Process Corner: clk_100mhz to u/campaign/uart/baud_counter_6
    Location             Delay type         Delay(ns)  Physical Resource
                                                       Logical Resource(s)
    -------------------------------------------------  -------------------
    V10.I                Tiopi                 1.557   clk_100mhz
                                                       clk_100mhz
                                                       clk_100mhz_BUFGP/IBUFG
                                                       ProtoComp217.IMUX
    BUFGMUX_X3Y13.I0     net (fanout=1)        1.050   clk_100mhz_BUFGP/IBUFG
    BUFGMUX_X3Y13.O      Tgi0o                 0.209   clk_100mhz_BUFGP/BUFG
                                                       clk_100mhz_BUFGP/BUFG
    SLICE_X35Y30.CLK     net (fanout=285)      1.135   clk_100mhz_BUFGP
    -------------------------------------------------  ---------------------------
    Total                                      3.951ns (1.766ns logic, 2.185ns route)
                                                       (44.7% logic, 55.3% route)

--------------------------------------------------------------------------------

Paths for end point u/campaign/uart/baud_counter_9 (SLICE_X35Y30.CLK), 1 path
--------------------------------------------------------------------------------
Delay:                  3.951ns (data path)
  Source:               clk_100mhz (PAD)
  Destination:          u/campaign/uart/baud_counter_9 (FF)
  Data Path Delay:      3.951ns (Levels of Logic = 2)

  Maximum Data Path at Slow Process Corner: clk_100mhz to u/campaign/uart/baud_counter_9
    Location             Delay type         Delay(ns)  Physical Resource
                                                       Logical Resource(s)
    -------------------------------------------------  -------------------
    V10.I                Tiopi                 1.557   clk_100mhz
                                                       clk_100mhz
                                                       clk_100mhz_BUFGP/IBUFG
                                                       ProtoComp217.IMUX
    BUFGMUX_X3Y13.I0     net (fanout=1)        1.050   clk_100mhz_BUFGP/IBUFG
    BUFGMUX_X3Y13.O      Tgi0o                 0.209   clk_100mhz_BUFGP/BUFG
                                                       clk_100mhz_BUFGP/BUFG
    SLICE_X35Y30.CLK     net (fanout=285)      1.135   clk_100mhz_BUFGP
    -------------------------------------------------  ---------------------------
    Total                                      3.951ns (1.766ns logic, 2.185ns route)
                                                       (44.7% logic, 55.3% route)

--------------------------------------------------------------------------------


All constraints were met.


Data Sheet report:
-----------------
All values displayed in nanoseconds (ns)

Setup/Hold to clock clk_100mhz
------------+------------+------------+------------+------------+------------------+--------+
            |Max Setup to|  Process   |Max Hold to |  Process   |                  | Clock  |
Source      | clk (edge) |   Corner   | clk (edge) |   Corner   |Internal Clock(s) | Phase  |
------------+------------+------------+------------+------------+------------------+--------+
btn_reset   |    6.534(R)|      SLOW  |   -0.939(R)|      FAST  |clk_100mhz_BUFGP  |   0.000|
------------+------------+------------+------------+------------+------------------+--------+

Clock clk_100mhz to Pad
-------------+-----------------+------------+-----------------+------------+------------------+--------+
             |Max (slowest) clk|  Process   |Min (fastest) clk|  Process   |                  | Clock  |
Destination  |  (edge) to PAD  |   Corner   |  (edge) to PAD  |   Corner   |Internal Clock(s) | Phase  |
-------------+-----------------+------------+-----------------+------------+------------------+--------+
an_n<0>      |        10.565(R)|      SLOW  |         4.709(R)|      FAST  |clk_100mhz_BUFGP  |   0.000|
an_n<1>      |        10.578(R)|      SLOW  |         4.724(R)|      FAST  |clk_100mhz_BUFGP  |   0.000|
an_n<2>      |        11.271(R)|      SLOW  |         4.917(R)|      FAST  |clk_100mhz_BUFGP  |   0.000|
an_n<3>      |        11.380(R)|      SLOW  |         4.994(R)|      FAST  |clk_100mhz_BUFGP  |   0.000|
led_heartbeat|        14.878(R)|      SLOW  |         6.215(R)|      FAST  |clk_100mhz_BUFGP  |   0.000|
led_reset    |        14.514(R)|      SLOW  |         6.056(R)|      FAST  |clk_100mhz_BUFGP  |   0.000|
seg_n<0>     |        15.100(R)|      SLOW  |         4.907(R)|      FAST  |clk_100mhz_BUFGP  |   0.000|
seg_n<1>     |        15.240(R)|      SLOW  |         4.991(R)|      FAST  |clk_100mhz_BUFGP  |   0.000|
seg_n<2>     |        15.336(R)|      SLOW  |         5.353(R)|      FAST  |clk_100mhz_BUFGP  |   0.000|
seg_n<3>     |        15.387(R)|      SLOW  |         5.346(R)|      FAST  |clk_100mhz_BUFGP  |   0.000|
seg_n<4>     |        15.270(R)|      SLOW  |         5.244(R)|      FAST  |clk_100mhz_BUFGP  |   0.000|
seg_n<5>     |        15.429(R)|      SLOW  |         5.384(R)|      FAST  |clk_100mhz_BUFGP  |   0.000|
seg_n<6>     |        15.399(R)|      SLOW  |         5.369(R)|      FAST  |clk_100mhz_BUFGP  |   0.000|
uart_tx      |        10.633(R)|      SLOW  |         4.994(R)|      FAST  |clk_100mhz_BUFGP  |   0.000|
-------------+-----------------+------------+-----------------+------------+------------------+--------+

Clock to Setup on destination clock clk_100mhz
---------------+---------+---------+---------+---------+
               | Src:Rise| Src:Fall| Src:Rise| Src:Fall|
Source Clock   |Dest:Rise|Dest:Rise|Dest:Fall|Dest:Fall|
---------------+---------+---------+---------+---------+
clk_100mhz     |    9.742|         |         |         |
---------------+---------+---------+---------+---------+


Timing summary:
---------------

Timing errors: 0  Score: 0  (Setup/Max: 0, Hold: 0)

Constraints cover 31901746 paths, 0 nets, and 9488 connections

Design statistics:
   Minimum period:   9.742ns{1}   (Maximum frequency: 102.648MHz)
   Maximum combinational path delay:   3.952ns
   Minimum input required time before clock:   6.534ns
   Maximum output delay after clock:  15.429ns


------------------------------------Footnotes-----------------------------------
1)  The minimum period statistic assumes all single cycle delays.

Analysis completed Wed Jul 22 03:27:08 2026 
--------------------------------------------------------------------------------

Trace Settings:
-------------------------
Trace Settings 

Peak Memory Usage: 418 MB



