--------------------------------------------------------------------------------
Release 14.7 Trace  (lin64)
Copyright (c) 1995-2013 Xilinx, Inc.  All rights reserved.

/mnt/xilinx-ise14.7/Xilinx/14.7/ISE_DS/ISE/bin/lin64/unwrapped/trce -v 10 -n 10
-u 10 p5_b6_routed.ncd p5_b6.pcf -o p5_b6.twr

Design file:              p5_b6_routed.ncd
Physical constraint file: p5_b6.pcf
Device,package,speed:     xc6slx16,csg324,C,-2 (PRODUCTION 1.23 2013-10-13)
Report level:             verbose report, limited to 10 items per endpoint, 10 endpoints per constraint
                          unconstrained path report, limited to 10 items per endpoint, 10 endpoints per path report

Environment Variable      Effect 
--------------------      ------ 
NONE                      No environment variables were set
--------------------------------------------------------------------------------

INFO:Timing:3386 - Intersecting Constraints found and resolved.  For more 
   information, see the TSI report.  Please consult the Xilinx Command Line 
   Tools User Guide for information on generating a TSI report.
INFO:Timing:3412 - To improve timing, see the Timing Closure User Guide (UG612).
INFO:Timing:3339 - The clock-to-out numbers in this timing report are based on 
   a 50 Ohm transmission line loading model.  For the details of this model, 
   and for more information on accounting for different loading conditions, 
   please see the device datasheet.

================================================================================
Timing constraint: TS_P5_B6_CLK = PERIOD TIMEGRP "P5_B6_CLK" 10 ns HIGH 50%;
For more information, see Period Analysis in the Timing Closure User Guide (UG612).

 760411 paths analyzed, 1018 endpoints analyzed, 0 failing endpoints
 0 timing errors detected. (0 setup errors, 0 hold errors, 0 component switching limit errors)
 Minimum period is   9.252ns.
--------------------------------------------------------------------------------

Paths for end point measured_shell/core/evaluator_i/selected_slot_0 (SLICE_X15Y47.A6), 503120 paths
--------------------------------------------------------------------------------
Slack:                  0.748ns (requirement - (data path - clock path skew + uncertainty))
  Source:               measured_shell/core/evaluator_i/n11_0 (FF)
  Destination:          measured_shell/core/evaluator_i/selected_slot_0 (FF)
  Requirement:          10.000ns
  Data Path Delay:      9.192ns (Levels of Logic = 9)
  Clock Path Skew:      -0.025ns (0.305 - 0.330)
  Source Clock:         clk_100mhz_BUFGP rising at 0.000ns
  Destination Clock:    clk_100mhz_BUFGP rising at 10.000ns
  Clock Uncertainty:    0.035ns

  Clock Uncertainty:          0.035ns  ((TSJ^2 + TIJ^2)^1/2 + DJ) / 2 + PE
    Total System Jitter (TSJ):  0.070ns
    Total Input Jitter (TIJ):   0.000ns
    Discrete Jitter (DJ):       0.000ns
    Phase Error (PE):           0.000ns

  Maximum Data Path at Slow Process Corner: measured_shell/core/evaluator_i/n11_0 to measured_shell/core/evaluator_i/selected_slot_0
    Location             Delay type         Delay(ns)  Physical Resource
                                                       Logical Resource(s)
    -------------------------------------------------  -------------------
    SLICE_X11Y47.AQ      Tcko                  0.430   measured_shell/core/evaluator_i/n11<3>
                                                       measured_shell/core/evaluator_i/n11_0
    SLICE_X10Y48.A2      net (fanout=1)        0.904   measured_shell/core/evaluator_i/n11<0>
    SLICE_X10Y48.CMUX    Topac                 0.633   measured_shell/core/evaluator_i/Mmux_p113_rs_cy<4>
                                                       measured_shell/core/evaluator_i/Mmux_p113_A911
                                                       measured_shell/core/evaluator_i/Mmux_p113_rs_cy<4>
    SLICE_X10Y52.B2      net (fanout=3)        1.686   measured_shell/core/evaluator_i/Mmux_p113_split<3>
    SLICE_X10Y52.COUT    Topcyb                0.483   measured_shell/core/evaluator_i/Mcompar_p11[17]_p10[17]_LessThan_33_o_cy<3>
                                                       measured_shell/core/evaluator_i/Mcompar_p11[17]_p10[17]_LessThan_33_o_lut<1>
                                                       measured_shell/core/evaluator_i/Mcompar_p11[17]_p10[17]_LessThan_33_o_cy<3>
    SLICE_X10Y53.CIN     net (fanout=1)        0.003   measured_shell/core/evaluator_i/Mcompar_p11[17]_p10[17]_LessThan_33_o_cy<3>
    SLICE_X10Y53.COUT    Tbyp                  0.093   measured_shell/core/evaluator_i/Mcompar_p11[17]_p10[17]_LessThan_33_o_cy<7>
                                                       measured_shell/core/evaluator_i/Mcompar_p11[17]_p10[17]_LessThan_33_o_cy<7>
    SLICE_X10Y54.CIN     net (fanout=1)        0.003   measured_shell/core/evaluator_i/Mcompar_p11[17]_p10[17]_LessThan_33_o_cy<7>
    SLICE_X10Y54.AMUX    Tcina                 0.230   measured_shell/core/evaluator_i/p11[17]_p10[17]_LessThan_33_o
                                                       measured_shell/core/evaluator_i/Mcompar_p11[17]_p10[17]_LessThan_33_o_cy<8>
    SLICE_X11Y50.B1      net (fanout=18)       1.225   measured_shell/core/evaluator_i/p11[17]_p10[17]_LessThan_33_o
    SLICE_X11Y50.B       Tilo                  0.259   measured_shell/core/evaluator_i/n02<15>
                                                       measured_shell/core/evaluator_i/Mmux_score1161
    SLICE_X12Y46.D2      net (fanout=2)        1.643   measured_shell/core/evaluator_i/score1<7>
    SLICE_X12Y46.COUT    Topcyd                0.335   measured_shell/core/evaluator_i/Mcompar_score0[17]_score1[17]_LessThan_38_o_cy<3>
                                                       measured_shell/core/evaluator_i/Mcompar_score0[17]_score1[17]_LessThan_38_o_lutdi3
                                                       measured_shell/core/evaluator_i/Mcompar_score0[17]_score1[17]_LessThan_38_o_cy<3>
    SLICE_X12Y47.CIN     net (fanout=1)        0.003   measured_shell/core/evaluator_i/Mcompar_score0[17]_score1[17]_LessThan_38_o_cy<3>
    SLICE_X12Y47.COUT    Tbyp                  0.091   measured_shell/core/evaluator_i/Mcompar_score0[17]_score1[17]_LessThan_38_o_cy<7>
                                                       measured_shell/core/evaluator_i/Mcompar_score0[17]_score1[17]_LessThan_38_o_cy<7>
    SLICE_X12Y48.CIN     net (fanout=1)        0.003   measured_shell/core/evaluator_i/Mcompar_score0[17]_score1[17]_LessThan_38_o_cy<7>
    SLICE_X12Y48.AMUX    Tcina                 0.240   measured_shell/core/evaluator_i/quotient<6>
                                                       measured_shell/core/evaluator_i/Mcompar_score0[17]_score1[17]_LessThan_38_o_cy<8>
    SLICE_X15Y47.A6      net (fanout=1)        0.555   measured_shell/core/evaluator_i/Mcompar_score0[17]_score1[17]_LessThan_38_o_cy<8>
    SLICE_X15Y47.CLK     Tas                   0.373   measured_shell/core/evaluator_i/selected_slot<0>
                                                       measured_shell/core/evaluator_i/Mmux_slot1[1]_slot0[1]_mux_130_OUT11
                                                       measured_shell/core/evaluator_i/selected_slot_0
    -------------------------------------------------  ---------------------------
    Total                                      9.192ns (3.167ns logic, 6.025ns route)
                                                       (34.5% logic, 65.5% route)

--------------------------------------------------------------------------------
Slack:                  0.756ns (requirement - (data path - clock path skew + uncertainty))
  Source:               measured_shell/core/evaluator_i/n11_0 (FF)
  Destination:          measured_shell/core/evaluator_i/selected_slot_0 (FF)
  Requirement:          10.000ns
  Data Path Delay:      9.184ns (Levels of Logic = 9)
  Clock Path Skew:      -0.025ns (0.305 - 0.330)
  Source Clock:         clk_100mhz_BUFGP rising at 0.000ns
  Destination Clock:    clk_100mhz_BUFGP rising at 10.000ns
  Clock Uncertainty:    0.035ns

  Clock Uncertainty:          0.035ns  ((TSJ^2 + TIJ^2)^1/2 + DJ) / 2 + PE
    Total System Jitter (TSJ):  0.070ns
    Total Input Jitter (TIJ):   0.000ns
    Discrete Jitter (DJ):       0.000ns
    Phase Error (PE):           0.000ns

  Maximum Data Path at Slow Process Corner: measured_shell/core/evaluator_i/n11_0 to measured_shell/core/evaluator_i/selected_slot_0
    Location             Delay type         Delay(ns)  Physical Resource
                                                       Logical Resource(s)
    -------------------------------------------------  -------------------
    SLICE_X11Y47.AQ      Tcko                  0.430   measured_shell/core/evaluator_i/n11<3>
                                                       measured_shell/core/evaluator_i/n11_0
    SLICE_X10Y48.A2      net (fanout=1)        0.904   measured_shell/core/evaluator_i/n11<0>
    SLICE_X10Y48.CMUX    Topac                 0.625   measured_shell/core/evaluator_i/Mmux_p113_rs_cy<4>
                                                       measured_shell/core/evaluator_i/Mmux_p113_A91
                                                       measured_shell/core/evaluator_i/Mmux_p113_rs_cy<4>
    SLICE_X10Y52.B2      net (fanout=3)        1.686   measured_shell/core/evaluator_i/Mmux_p113_split<3>
    SLICE_X10Y52.COUT    Topcyb                0.483   measured_shell/core/evaluator_i/Mcompar_p11[17]_p10[17]_LessThan_33_o_cy<3>
                                                       measured_shell/core/evaluator_i/Mcompar_p11[17]_p10[17]_LessThan_33_o_lut<1>
                                                       measured_shell/core/evaluator_i/Mcompar_p11[17]_p10[17]_LessThan_33_o_cy<3>
    SLICE_X10Y53.CIN     net (fanout=1)        0.003   measured_shell/core/evaluator_i/Mcompar_p11[17]_p10[17]_LessThan_33_o_cy<3>
    SLICE_X10Y53.COUT    Tbyp                  0.093   measured_shell/core/evaluator_i/Mcompar_p11[17]_p10[17]_LessThan_33_o_cy<7>
                                                       measured_shell/core/evaluator_i/Mcompar_p11[17]_p10[17]_LessThan_33_o_cy<7>
    SLICE_X10Y54.CIN     net (fanout=1)        0.003   measured_shell/core/evaluator_i/Mcompar_p11[17]_p10[17]_LessThan_33_o_cy<7>
    SLICE_X10Y54.AMUX    Tcina                 0.230   measured_shell/core/evaluator_i/p11[17]_p10[17]_LessThan_33_o
                                                       measured_shell/core/evaluator_i/Mcompar_p11[17]_p10[17]_LessThan_33_o_cy<8>
    SLICE_X11Y50.B1      net (fanout=18)       1.225   measured_shell/core/evaluator_i/p11[17]_p10[17]_LessThan_33_o
    SLICE_X11Y50.B       Tilo                  0.259   measured_shell/core/evaluator_i/n02<15>
                                                       measured_shell/core/evaluator_i/Mmux_score1161
    SLICE_X12Y46.D2      net (fanout=2)        1.643   measured_shell/core/evaluator_i/score1<7>
    SLICE_X12Y46.COUT    Topcyd                0.335   measured_shell/core/evaluator_i/Mcompar_score0[17]_score1[17]_LessThan_38_o_cy<3>
                                                       measured_shell/core/evaluator_i/Mcompar_score0[17]_score1[17]_LessThan_38_o_lutdi3
                                                       measured_shell/core/evaluator_i/Mcompar_score0[17]_score1[17]_LessThan_38_o_cy<3>
    SLICE_X12Y47.CIN     net (fanout=1)        0.003   measured_shell/core/evaluator_i/Mcompar_score0[17]_score1[17]_LessThan_38_o_cy<3>
    SLICE_X12Y47.COUT    Tbyp                  0.091   measured_shell/core/evaluator_i/Mcompar_score0[17]_score1[17]_LessThan_38_o_cy<7>
                                                       measured_shell/core/evaluator_i/Mcompar_score0[17]_score1[17]_LessThan_38_o_cy<7>
    SLICE_X12Y48.CIN     net (fanout=1)        0.003   measured_shell/core/evaluator_i/Mcompar_score0[17]_score1[17]_LessThan_38_o_cy<7>
    SLICE_X12Y48.AMUX    Tcina                 0.240   measured_shell/core/evaluator_i/quotient<6>
                                                       measured_shell/core/evaluator_i/Mcompar_score0[17]_score1[17]_LessThan_38_o_cy<8>
    SLICE_X15Y47.A6      net (fanout=1)        0.555   measured_shell/core/evaluator_i/Mcompar_score0[17]_score1[17]_LessThan_38_o_cy<8>
    SLICE_X15Y47.CLK     Tas                   0.373   measured_shell/core/evaluator_i/selected_slot<0>
                                                       measured_shell/core/evaluator_i/Mmux_slot1[1]_slot0[1]_mux_130_OUT11
                                                       measured_shell/core/evaluator_i/selected_slot_0
    -------------------------------------------------  ---------------------------
    Total                                      9.184ns (3.159ns logic, 6.025ns route)
                                                       (34.4% logic, 65.6% route)

--------------------------------------------------------------------------------
Slack:                  0.778ns (requirement - (data path - clock path skew + uncertainty))
  Source:               measured_shell/core/evaluator_i/n11_7 (FF)
  Destination:          measured_shell/core/evaluator_i/selected_slot_0 (FF)
  Requirement:          10.000ns
  Data Path Delay:      9.162ns (Levels of Logic = 10)
  Clock Path Skew:      -0.025ns (0.305 - 0.330)
  Source Clock:         clk_100mhz_BUFGP rising at 0.000ns
  Destination Clock:    clk_100mhz_BUFGP rising at 10.000ns
  Clock Uncertainty:    0.035ns

  Clock Uncertainty:          0.035ns  ((TSJ^2 + TIJ^2)^1/2 + DJ) / 2 + PE
    Total System Jitter (TSJ):  0.070ns
    Total Input Jitter (TIJ):   0.000ns
    Discrete Jitter (DJ):       0.000ns
    Phase Error (PE):           0.000ns

  Maximum Data Path at Slow Process Corner: measured_shell/core/evaluator_i/n11_7 to measured_shell/core/evaluator_i/selected_slot_0
    Location             Delay type         Delay(ns)  Physical Resource
                                                       Logical Resource(s)
    -------------------------------------------------  -------------------
    SLICE_X11Y47.DMUX    Tshcko                0.518   measured_shell/core/evaluator_i/n11<3>
                                                       measured_shell/core/evaluator_i/n11_7
    SLICE_X10Y49.D2      net (fanout=1)        1.246   measured_shell/core/evaluator_i/n11<7>
    SLICE_X10Y49.COUT    Topcyd                0.343   measured_shell/core/evaluator_i/Mmux_p113_rs_cy<8>
                                                       measured_shell/core/evaluator_i/Mmux_p113_A161
                                                       measured_shell/core/evaluator_i/Mmux_p113_rs_cy<8>
    SLICE_X10Y50.CIN     net (fanout=1)        0.003   measured_shell/core/evaluator_i/Mmux_p113_rs_cy<8>
    SLICE_X10Y50.COUT    Tbyp                  0.093   measured_shell/core/evaluator_i/Mmux_p113_rs_cy<12>
                                                       measured_shell/core/evaluator_i/Mmux_p113_rs_cy<12>
    SLICE_X10Y51.CIN     net (fanout=1)        0.003   measured_shell/core/evaluator_i/Mmux_p113_rs_cy<12>
    SLICE_X10Y51.BMUX    Tcinb                 0.310   measured_shell/core/evaluator_i/Mmux_p113_split<16>
                                                       measured_shell/core/evaluator_i/Mmux_p113_rs_cy<16>
    SLICE_X10Y53.D2      net (fanout=3)        1.343   measured_shell/core/evaluator_i/Mmux_p113_split<14>
    SLICE_X10Y53.COUT    Topcyd                0.343   measured_shell/core/evaluator_i/Mcompar_p11[17]_p10[17]_LessThan_33_o_cy<7>
                                                       measured_shell/core/evaluator_i/Mcompar_p11[17]_p10[17]_LessThan_33_o_lutdi7
                                                       measured_shell/core/evaluator_i/Mcompar_p11[17]_p10[17]_LessThan_33_o_cy<7>
    SLICE_X10Y54.CIN     net (fanout=1)        0.003   measured_shell/core/evaluator_i/Mcompar_p11[17]_p10[17]_LessThan_33_o_cy<7>
    SLICE_X10Y54.AMUX    Tcina                 0.230   measured_shell/core/evaluator_i/p11[17]_p10[17]_LessThan_33_o
                                                       measured_shell/core/evaluator_i/Mcompar_p11[17]_p10[17]_LessThan_33_o_cy<8>
    SLICE_X11Y50.B1      net (fanout=18)       1.225   measured_shell/core/evaluator_i/p11[17]_p10[17]_LessThan_33_o
    SLICE_X11Y50.B       Tilo                  0.259   measured_shell/core/evaluator_i/n02<15>
                                                       measured_shell/core/evaluator_i/Mmux_score1161
    SLICE_X12Y46.D2      net (fanout=2)        1.643   measured_shell/core/evaluator_i/score1<7>
    SLICE_X12Y46.COUT    Topcyd                0.335   measured_shell/core/evaluator_i/Mcompar_score0[17]_score1[17]_LessThan_38_o_cy<3>
                                                       measured_shell/core/evaluator_i/Mcompar_score0[17]_score1[17]_LessThan_38_o_lutdi3
                                                       measured_shell/core/evaluator_i/Mcompar_score0[17]_score1[17]_LessThan_38_o_cy<3>
    SLICE_X12Y47.CIN     net (fanout=1)        0.003   measured_shell/core/evaluator_i/Mcompar_score0[17]_score1[17]_LessThan_38_o_cy<3>
    SLICE_X12Y47.COUT    Tbyp                  0.091   measured_shell/core/evaluator_i/Mcompar_score0[17]_score1[17]_LessThan_38_o_cy<7>
                                                       measured_shell/core/evaluator_i/Mcompar_score0[17]_score1[17]_LessThan_38_o_cy<7>
    SLICE_X12Y48.CIN     net (fanout=1)        0.003   measured_shell/core/evaluator_i/Mcompar_score0[17]_score1[17]_LessThan_38_o_cy<7>
    SLICE_X12Y48.AMUX    Tcina                 0.240   measured_shell/core/evaluator_i/quotient<6>
                                                       measured_shell/core/evaluator_i/Mcompar_score0[17]_score1[17]_LessThan_38_o_cy<8>
    SLICE_X15Y47.A6      net (fanout=1)        0.555   measured_shell/core/evaluator_i/Mcompar_score0[17]_score1[17]_LessThan_38_o_cy<8>
    SLICE_X15Y47.CLK     Tas                   0.373   measured_shell/core/evaluator_i/selected_slot<0>
                                                       measured_shell/core/evaluator_i/Mmux_slot1[1]_slot0[1]_mux_130_OUT11
                                                       measured_shell/core/evaluator_i/selected_slot_0
    -------------------------------------------------  ---------------------------
    Total                                      9.162ns (3.135ns logic, 6.027ns route)
                                                       (34.2% logic, 65.8% route)

--------------------------------------------------------------------------------
Slack:                  0.793ns (requirement - (data path - clock path skew + uncertainty))
  Source:               measured_shell/core/evaluator_i/n11_0 (FF)
  Destination:          measured_shell/core/evaluator_i/selected_slot_0 (FF)
  Requirement:          10.000ns
  Data Path Delay:      9.147ns (Levels of Logic = 9)
  Clock Path Skew:      -0.025ns (0.305 - 0.330)
  Source Clock:         clk_100mhz_BUFGP rising at 0.000ns
  Destination Clock:    clk_100mhz_BUFGP rising at 10.000ns
  Clock Uncertainty:    0.035ns

  Clock Uncertainty:          0.035ns  ((TSJ^2 + TIJ^2)^1/2 + DJ) / 2 + PE
    Total System Jitter (TSJ):  0.070ns
    Total Input Jitter (TIJ):   0.000ns
    Discrete Jitter (DJ):       0.000ns
    Phase Error (PE):           0.000ns

  Maximum Data Path at Slow Process Corner: measured_shell/core/evaluator_i/n11_0 to measured_shell/core/evaluator_i/selected_slot_0
    Location             Delay type         Delay(ns)  Physical Resource
                                                       Logical Resource(s)
    -------------------------------------------------  -------------------
    SLICE_X11Y47.AQ      Tcko                  0.430   measured_shell/core/evaluator_i/n11<3>
                                                       measured_shell/core/evaluator_i/n11_0
    SLICE_X10Y48.A2      net (fanout=1)        0.904   measured_shell/core/evaluator_i/n11<0>
    SLICE_X10Y48.CMUX    Topac                 0.633   measured_shell/core/evaluator_i/Mmux_p113_rs_cy<4>
                                                       measured_shell/core/evaluator_i/Mmux_p113_A911
                                                       measured_shell/core/evaluator_i/Mmux_p113_rs_cy<4>
    SLICE_X10Y52.B2      net (fanout=3)        1.686   measured_shell/core/evaluator_i/Mmux_p113_split<3>
    SLICE_X10Y52.COUT    Topcyb                0.483   measured_shell/core/evaluator_i/Mcompar_p11[17]_p10[17]_LessThan_33_o_cy<3>
                                                       measured_shell/core/evaluator_i/Mcompar_p11[17]_p10[17]_LessThan_33_o_lut<1>
                                                       measured_shell/core/evaluator_i/Mcompar_p11[17]_p10[17]_LessThan_33_o_cy<3>
    SLICE_X10Y53.CIN     net (fanout=1)        0.003   measured_shell/core/evaluator_i/Mcompar_p11[17]_p10[17]_LessThan_33_o_cy<3>
    SLICE_X10Y53.COUT    Tbyp                  0.093   measured_shell/core/evaluator_i/Mcompar_p11[17]_p10[17]_LessThan_33_o_cy<7>
                                                       measured_shell/core/evaluator_i/Mcompar_p11[17]_p10[17]_LessThan_33_o_cy<7>
    SLICE_X10Y54.CIN     net (fanout=1)        0.003   measured_shell/core/evaluator_i/Mcompar_p11[17]_p10[17]_LessThan_33_o_cy<7>
    SLICE_X10Y54.AMUX    Tcina                 0.230   measured_shell/core/evaluator_i/p11[17]_p10[17]_LessThan_33_o
                                                       measured_shell/core/evaluator_i/Mcompar_p11[17]_p10[17]_LessThan_33_o_cy<8>
    SLICE_X11Y50.B1      net (fanout=18)       1.225   measured_shell/core/evaluator_i/p11[17]_p10[17]_LessThan_33_o
    SLICE_X11Y50.B       Tilo                  0.259   measured_shell/core/evaluator_i/n02<15>
                                                       measured_shell/core/evaluator_i/Mmux_score1161
    SLICE_X12Y46.D2      net (fanout=2)        1.643   measured_shell/core/evaluator_i/score1<7>
    SLICE_X12Y46.COUT    Topcyd                0.290   measured_shell/core/evaluator_i/Mcompar_score0[17]_score1[17]_LessThan_38_o_cy<3>
                                                       measured_shell/core/evaluator_i/Mcompar_score0[17]_score1[17]_LessThan_38_o_lut<3>
                                                       measured_shell/core/evaluator_i/Mcompar_score0[17]_score1[17]_LessThan_38_o_cy<3>
    SLICE_X12Y47.CIN     net (fanout=1)        0.003   measured_shell/core/evaluator_i/Mcompar_score0[17]_score1[17]_LessThan_38_o_cy<3>
    SLICE_X12Y47.COUT    Tbyp                  0.091   measured_shell/core/evaluator_i/Mcompar_score0[17]_score1[17]_LessThan_38_o_cy<7>
                                                       measured_shell/core/evaluator_i/Mcompar_score0[17]_score1[17]_LessThan_38_o_cy<7>
    SLICE_X12Y48.CIN     net (fanout=1)        0.003   measured_shell/core/evaluator_i/Mcompar_score0[17]_score1[17]_LessThan_38_o_cy<7>
    SLICE_X12Y48.AMUX    Tcina                 0.240   measured_shell/core/evaluator_i/quotient<6>
                                                       measured_shell/core/evaluator_i/Mcompar_score0[17]_score1[17]_LessThan_38_o_cy<8>
    SLICE_X15Y47.A6      net (fanout=1)        0.555   measured_shell/core/evaluator_i/Mcompar_score0[17]_score1[17]_LessThan_38_o_cy<8>
    SLICE_X15Y47.CLK     Tas                   0.373   measured_shell/core/evaluator_i/selected_slot<0>
                                                       measured_shell/core/evaluator_i/Mmux_slot1[1]_slot0[1]_mux_130_OUT11
                                                       measured_shell/core/evaluator_i/selected_slot_0
    -------------------------------------------------  ---------------------------
    Total                                      9.147ns (3.122ns logic, 6.025ns route)
                                                       (34.1% logic, 65.9% route)

--------------------------------------------------------------------------------
Slack:                  0.801ns (requirement - (data path - clock path skew + uncertainty))
  Source:               measured_shell/core/evaluator_i/n11_0 (FF)
  Destination:          measured_shell/core/evaluator_i/selected_slot_0 (FF)
  Requirement:          10.000ns
  Data Path Delay:      9.139ns (Levels of Logic = 9)
  Clock Path Skew:      -0.025ns (0.305 - 0.330)
  Source Clock:         clk_100mhz_BUFGP rising at 0.000ns
  Destination Clock:    clk_100mhz_BUFGP rising at 10.000ns
  Clock Uncertainty:    0.035ns

  Clock Uncertainty:          0.035ns  ((TSJ^2 + TIJ^2)^1/2 + DJ) / 2 + PE
    Total System Jitter (TSJ):  0.070ns
    Total Input Jitter (TIJ):   0.000ns
    Discrete Jitter (DJ):       0.000ns
    Phase Error (PE):           0.000ns

  Maximum Data Path at Slow Process Corner: measured_shell/core/evaluator_i/n11_0 to measured_shell/core/evaluator_i/selected_slot_0
    Location             Delay type         Delay(ns)  Physical Resource
                                                       Logical Resource(s)
    -------------------------------------------------  -------------------
    SLICE_X11Y47.AQ      Tcko                  0.430   measured_shell/core/evaluator_i/n11<3>
                                                       measured_shell/core/evaluator_i/n11_0
    SLICE_X10Y48.A2      net (fanout=1)        0.904   measured_shell/core/evaluator_i/n11<0>
    SLICE_X10Y48.CMUX    Topac                 0.625   measured_shell/core/evaluator_i/Mmux_p113_rs_cy<4>
                                                       measured_shell/core/evaluator_i/Mmux_p113_A91
                                                       measured_shell/core/evaluator_i/Mmux_p113_rs_cy<4>
    SLICE_X10Y52.B2      net (fanout=3)        1.686   measured_shell/core/evaluator_i/Mmux_p113_split<3>
    SLICE_X10Y52.COUT    Topcyb                0.483   measured_shell/core/evaluator_i/Mcompar_p11[17]_p10[17]_LessThan_33_o_cy<3>
                                                       measured_shell/core/evaluator_i/Mcompar_p11[17]_p10[17]_LessThan_33_o_lut<1>
                                                       measured_shell/core/evaluator_i/Mcompar_p11[17]_p10[17]_LessThan_33_o_cy<3>
    SLICE_X10Y53.CIN     net (fanout=1)        0.003   measured_shell/core/evaluator_i/Mcompar_p11[17]_p10[17]_LessThan_33_o_cy<3>
    SLICE_X10Y53.COUT    Tbyp                  0.093   measured_shell/core/evaluator_i/Mcompar_p11[17]_p10[17]_LessThan_33_o_cy<7>
                                                       measured_shell/core/evaluator_i/Mcompar_p11[17]_p10[17]_LessThan_33_o_cy<7>
    SLICE_X10Y54.CIN     net (fanout=1)        0.003   measured_shell/core/evaluator_i/Mcompar_p11[17]_p10[17]_LessThan_33_o_cy<7>
    SLICE_X10Y54.AMUX    Tcina                 0.230   measured_shell/core/evaluator_i/p11[17]_p10[17]_LessThan_33_o
                                                       measured_shell/core/evaluator_i/Mcompar_p11[17]_p10[17]_LessThan_33_o_cy<8>
    SLICE_X11Y50.B1      net (fanout=18)       1.225   measured_shell/core/evaluator_i/p11[17]_p10[17]_LessThan_33_o
    SLICE_X11Y50.B       Tilo                  0.259   measured_shell/core/evaluator_i/n02<15>
                                                       measured_shell/core/evaluator_i/Mmux_score1161
    SLICE_X12Y46.D2      net (fanout=2)        1.643   measured_shell/core/evaluator_i/score1<7>
    SLICE_X12Y46.COUT    Topcyd                0.290   measured_shell/core/evaluator_i/Mcompar_score0[17]_score1[17]_LessThan_38_o_cy<3>
                                                       measured_shell/core/evaluator_i/Mcompar_score0[17]_score1[17]_LessThan_38_o_lut<3>
                                                       measured_shell/core/evaluator_i/Mcompar_score0[17]_score1[17]_LessThan_38_o_cy<3>
    SLICE_X12Y47.CIN     net (fanout=1)        0.003   measured_shell/core/evaluator_i/Mcompar_score0[17]_score1[17]_LessThan_38_o_cy<3>
    SLICE_X12Y47.COUT    Tbyp                  0.091   measured_shell/core/evaluator_i/Mcompar_score0[17]_score1[17]_LessThan_38_o_cy<7>
                                                       measured_shell/core/evaluator_i/Mcompar_score0[17]_score1[17]_LessThan_38_o_cy<7>
    SLICE_X12Y48.CIN     net (fanout=1)        0.003   measured_shell/core/evaluator_i/Mcompar_score0[17]_score1[17]_LessThan_38_o_cy<7>
    SLICE_X12Y48.AMUX    Tcina                 0.240   measured_shell/core/evaluator_i/quotient<6>
                                                       measured_shell/core/evaluator_i/Mcompar_score0[17]_score1[17]_LessThan_38_o_cy<8>
    SLICE_X15Y47.A6      net (fanout=1)        0.555   measured_shell/core/evaluator_i/Mcompar_score0[17]_score1[17]_LessThan_38_o_cy<8>
    SLICE_X15Y47.CLK     Tas                   0.373   measured_shell/core/evaluator_i/selected_slot<0>
                                                       measured_shell/core/evaluator_i/Mmux_slot1[1]_slot0[1]_mux_130_OUT11
                                                       measured_shell/core/evaluator_i/selected_slot_0
    -------------------------------------------------  ---------------------------
    Total                                      9.139ns (3.114ns logic, 6.025ns route)
                                                       (34.1% logic, 65.9% route)

--------------------------------------------------------------------------------
Slack:                  0.809ns (requirement - (data path - clock path skew + uncertainty))
  Source:               measured_shell/core/evaluator_i/n11_7 (FF)
  Destination:          measured_shell/core/evaluator_i/selected_slot_0 (FF)
  Requirement:          10.000ns
  Data Path Delay:      9.131ns (Levels of Logic = 10)
  Clock Path Skew:      -0.025ns (0.305 - 0.330)
  Source Clock:         clk_100mhz_BUFGP rising at 0.000ns
  Destination Clock:    clk_100mhz_BUFGP rising at 10.000ns
  Clock Uncertainty:    0.035ns

  Clock Uncertainty:          0.035ns  ((TSJ^2 + TIJ^2)^1/2 + DJ) / 2 + PE
    Total System Jitter (TSJ):  0.070ns
    Total Input Jitter (TIJ):   0.000ns
    Discrete Jitter (DJ):       0.000ns
    Phase Error (PE):           0.000ns

  Maximum Data Path at Slow Process Corner: measured_shell/core/evaluator_i/n11_7 to measured_shell/core/evaluator_i/selected_slot_0
    Location             Delay type         Delay(ns)  Physical Resource
                                                       Logical Resource(s)
    -------------------------------------------------  -------------------
    SLICE_X11Y47.DMUX    Tshcko                0.518   measured_shell/core/evaluator_i/n11<3>
                                                       measured_shell/core/evaluator_i/n11_7
    SLICE_X10Y49.D2      net (fanout=1)        1.246   measured_shell/core/evaluator_i/n11<7>
    SLICE_X10Y49.COUT    Topcyd                0.312   measured_shell/core/evaluator_i/Mmux_p113_rs_cy<8>
                                                       measured_shell/core/evaluator_i/Mmux_p113_A1611
                                                       measured_shell/core/evaluator_i/Mmux_p113_rs_cy<8>
    SLICE_X10Y50.CIN     net (fanout=1)        0.003   measured_shell/core/evaluator_i/Mmux_p113_rs_cy<8>
    SLICE_X10Y50.COUT    Tbyp                  0.093   measured_shell/core/evaluator_i/Mmux_p113_rs_cy<12>
                                                       measured_shell/core/evaluator_i/Mmux_p113_rs_cy<12>
    SLICE_X10Y51.CIN     net (fanout=1)        0.003   measured_shell/core/evaluator_i/Mmux_p113_rs_cy<12>
    SLICE_X10Y51.BMUX    Tcinb                 0.310   measured_shell/core/evaluator_i/Mmux_p113_split<16>
                                                       measured_shell/core/evaluator_i/Mmux_p113_rs_cy<16>
    SLICE_X10Y53.D2      net (fanout=3)        1.343   measured_shell/core/evaluator_i/Mmux_p113_split<14>
    SLICE_X10Y53.COUT    Topcyd                0.343   measured_shell/core/evaluator_i/Mcompar_p11[17]_p10[17]_LessThan_33_o_cy<7>
                                                       measured_shell/core/evaluator_i/Mcompar_p11[17]_p10[17]_LessThan_33_o_lutdi7
                                                       measured_shell/core/evaluator_i/Mcompar_p11[17]_p10[17]_LessThan_33_o_cy<7>
    SLICE_X10Y54.CIN     net (fanout=1)        0.003   measured_shell/core/evaluator_i/Mcompar_p11[17]_p10[17]_LessThan_33_o_cy<7>
    SLICE_X10Y54.AMUX    Tcina                 0.230   measured_shell/core/evaluator_i/p11[17]_p10[17]_LessThan_33_o
                                                       measured_shell/core/evaluator_i/Mcompar_p11[17]_p10[17]_LessThan_33_o_cy<8>
    SLICE_X11Y50.B1      net (fanout=18)       1.225   measured_shell/core/evaluator_i/p11[17]_p10[17]_LessThan_33_o
    SLICE_X11Y50.B       Tilo                  0.259   measured_shell/core/evaluator_i/n02<15>
                                                       measured_shell/core/evaluator_i/Mmux_score1161
    SLICE_X12Y46.D2      net (fanout=2)        1.643   measured_shell/core/evaluator_i/score1<7>
    SLICE_X12Y46.COUT    Topcyd                0.335   measured_shell/core/evaluator_i/Mcompar_score0[17]_score1[17]_LessThan_38_o_cy<3>
                                                       measured_shell/core/evaluator_i/Mcompar_score0[17]_score1[17]_LessThan_38_o_lutdi3
                                                       measured_shell/core/evaluator_i/Mcompar_score0[17]_score1[17]_LessThan_38_o_cy<3>
    SLICE_X12Y47.CIN     net (fanout=1)        0.003   measured_shell/core/evaluator_i/Mcompar_score0[17]_score1[17]_LessThan_38_o_cy<3>
    SLICE_X12Y47.COUT    Tbyp                  0.091   measured_shell/core/evaluator_i/Mcompar_score0[17]_score1[17]_LessThan_38_o_cy<7>
                                                       measured_shell/core/evaluator_i/Mcompar_score0[17]_score1[17]_LessThan_38_o_cy<7>
    SLICE_X12Y48.CIN     net (fanout=1)        0.003   measured_shell/core/evaluator_i/Mcompar_score0[17]_score1[17]_LessThan_38_o_cy<7>
    SLICE_X12Y48.AMUX    Tcina                 0.240   measured_shell/core/evaluator_i/quotient<6>
                                                       measured_shell/core/evaluator_i/Mcompar_score0[17]_score1[17]_LessThan_38_o_cy<8>
    SLICE_X15Y47.A6      net (fanout=1)        0.555   measured_shell/core/evaluator_i/Mcompar_score0[17]_score1[17]_LessThan_38_o_cy<8>
    SLICE_X15Y47.CLK     Tas                   0.373   measured_shell/core/evaluator_i/selected_slot<0>
                                                       measured_shell/core/evaluator_i/Mmux_slot1[1]_slot0[1]_mux_130_OUT11
                                                       measured_shell/core/evaluator_i/selected_slot_0
    -------------------------------------------------  ---------------------------
    Total                                      9.131ns (3.104ns logic, 6.027ns route)
                                                       (34.0% logic, 66.0% route)

--------------------------------------------------------------------------------
Slack:                  0.809ns (requirement - (data path - clock path skew + uncertainty))
  Source:               measured_shell/core/evaluator_i/n11_7 (FF)
  Destination:          measured_shell/core/evaluator_i/selected_slot_0 (FF)
  Requirement:          10.000ns
  Data Path Delay:      9.131ns (Levels of Logic = 10)
  Clock Path Skew:      -0.025ns (0.305 - 0.330)
  Source Clock:         clk_100mhz_BUFGP rising at 0.000ns
  Destination Clock:    clk_100mhz_BUFGP rising at 10.000ns
  Clock Uncertainty:    0.035ns

  Clock Uncertainty:          0.035ns  ((TSJ^2 + TIJ^2)^1/2 + DJ) / 2 + PE
    Total System Jitter (TSJ):  0.070ns
    Total Input Jitter (TIJ):   0.000ns
    Discrete Jitter (DJ):       0.000ns
    Phase Error (PE):           0.000ns

  Maximum Data Path at Slow Process Corner: measured_shell/core/evaluator_i/n11_7 to measured_shell/core/evaluator_i/selected_slot_0
    Location             Delay type         Delay(ns)  Physical Resource
                                                       Logical Resource(s)
    -------------------------------------------------  -------------------
    SLICE_X11Y47.DMUX    Tshcko                0.518   measured_shell/core/evaluator_i/n11<3>
                                                       measured_shell/core/evaluator_i/n11_7
    SLICE_X10Y49.D2      net (fanout=1)        1.246   measured_shell/core/evaluator_i/n11<7>
    SLICE_X10Y49.COUT    Topcyd                0.343   measured_shell/core/evaluator_i/Mmux_p113_rs_cy<8>
                                                       measured_shell/core/evaluator_i/Mmux_p113_A161
                                                       measured_shell/core/evaluator_i/Mmux_p113_rs_cy<8>
    SLICE_X10Y50.CIN     net (fanout=1)        0.003   measured_shell/core/evaluator_i/Mmux_p113_rs_cy<8>
    SLICE_X10Y50.COUT    Tbyp                  0.093   measured_shell/core/evaluator_i/Mmux_p113_rs_cy<12>
                                                       measured_shell/core/evaluator_i/Mmux_p113_rs_cy<12>
    SLICE_X10Y51.CIN     net (fanout=1)        0.003   measured_shell/core/evaluator_i/Mmux_p113_rs_cy<12>
    SLICE_X10Y51.BMUX    Tcinb                 0.310   measured_shell/core/evaluator_i/Mmux_p113_split<16>
                                                       measured_shell/core/evaluator_i/Mmux_p113_rs_cy<16>
    SLICE_X10Y53.D2      net (fanout=3)        1.343   measured_shell/core/evaluator_i/Mmux_p113_split<14>
    SLICE_X10Y53.COUT    Topcyd                0.312   measured_shell/core/evaluator_i/Mcompar_p11[17]_p10[17]_LessThan_33_o_cy<7>
                                                       measured_shell/core/evaluator_i/Mcompar_p11[17]_p10[17]_LessThan_33_o_lut<7>
                                                       measured_shell/core/evaluator_i/Mcompar_p11[17]_p10[17]_LessThan_33_o_cy<7>
    SLICE_X10Y54.CIN     net (fanout=1)        0.003   measured_shell/core/evaluator_i/Mcompar_p11[17]_p10[17]_LessThan_33_o_cy<7>
    SLICE_X10Y54.AMUX    Tcina                 0.230   measured_shell/core/evaluator_i/p11[17]_p10[17]_LessThan_33_o
                                                       measured_shell/core/evaluator_i/Mcompar_p11[17]_p10[17]_LessThan_33_o_cy<8>
    SLICE_X11Y50.B1      net (fanout=18)       1.225   measured_shell/core/evaluator_i/p11[17]_p10[17]_LessThan_33_o
    SLICE_X11Y50.B       Tilo                  0.259   measured_shell/core/evaluator_i/n02<15>
                                                       measured_shell/core/evaluator_i/Mmux_score1161
    SLICE_X12Y46.D2      net (fanout=2)        1.643   measured_shell/core/evaluator_i/score1<7>
    SLICE_X12Y46.COUT    Topcyd                0.335   measured_shell/core/evaluator_i/Mcompar_score0[17]_score1[17]_LessThan_38_o_cy<3>
                                                       measured_shell/core/evaluator_i/Mcompar_score0[17]_score1[17]_LessThan_38_o_lutdi3
                                                       measured_shell/core/evaluator_i/Mcompar_score0[17]_score1[17]_LessThan_38_o_cy<3>
    SLICE_X12Y47.CIN     net (fanout=1)        0.003   measured_shell/core/evaluator_i/Mcompar_score0[17]_score1[17]_LessThan_38_o_cy<3>
    SLICE_X12Y47.COUT    Tbyp                  0.091   measured_shell/core/evaluator_i/Mcompar_score0[17]_score1[17]_LessThan_38_o_cy<7>
                                                       measured_shell/core/evaluator_i/Mcompar_score0[17]_score1[17]_LessThan_38_o_cy<7>
    SLICE_X12Y48.CIN     net (fanout=1)        0.003   measured_shell/core/evaluator_i/Mcompar_score0[17]_score1[17]_LessThan_38_o_cy<7>
    SLICE_X12Y48.AMUX    Tcina                 0.240   measured_shell/core/evaluator_i/quotient<6>
                                                       measured_shell/core/evaluator_i/Mcompar_score0[17]_score1[17]_LessThan_38_o_cy<8>
    SLICE_X15Y47.A6      net (fanout=1)        0.555   measured_shell/core/evaluator_i/Mcompar_score0[17]_score1[17]_LessThan_38_o_cy<8>
    SLICE_X15Y47.CLK     Tas                   0.373   measured_shell/core/evaluator_i/selected_slot<0>
                                                       measured_shell/core/evaluator_i/Mmux_slot1[1]_slot0[1]_mux_130_OUT11
                                                       measured_shell/core/evaluator_i/selected_slot_0
    -------------------------------------------------  ---------------------------
    Total                                      9.131ns (3.104ns logic, 6.027ns route)
                                                       (34.0% logic, 66.0% route)

--------------------------------------------------------------------------------
Slack:                  0.823ns (requirement - (data path - clock path skew + uncertainty))
  Source:               measured_shell/core/evaluator_i/n11_7 (FF)
  Destination:          measured_shell/core/evaluator_i/selected_slot_0 (FF)
  Requirement:          10.000ns
  Data Path Delay:      9.117ns (Levels of Logic = 10)
  Clock Path Skew:      -0.025ns (0.305 - 0.330)
  Source Clock:         clk_100mhz_BUFGP rising at 0.000ns
  Destination Clock:    clk_100mhz_BUFGP rising at 10.000ns
  Clock Uncertainty:    0.035ns

  Clock Uncertainty:          0.035ns  ((TSJ^2 + TIJ^2)^1/2 + DJ) / 2 + PE
    Total System Jitter (TSJ):  0.070ns
    Total Input Jitter (TIJ):   0.000ns
    Discrete Jitter (DJ):       0.000ns
    Phase Error (PE):           0.000ns

  Maximum Data Path at Slow Process Corner: measured_shell/core/evaluator_i/n11_7 to measured_shell/core/evaluator_i/selected_slot_0
    Location             Delay type         Delay(ns)  Physical Resource
                                                       Logical Resource(s)
    -------------------------------------------------  -------------------
    SLICE_X11Y47.DMUX    Tshcko                0.518   measured_shell/core/evaluator_i/n11<3>
                                                       measured_shell/core/evaluator_i/n11_7
    SLICE_X10Y49.D2      net (fanout=1)        1.246   measured_shell/core/evaluator_i/n11<7>
    SLICE_X10Y49.COUT    Topcyd                0.343   measured_shell/core/evaluator_i/Mmux_p113_rs_cy<8>
                                                       measured_shell/core/evaluator_i/Mmux_p113_A161
                                                       measured_shell/core/evaluator_i/Mmux_p113_rs_cy<8>
    SLICE_X10Y50.CIN     net (fanout=1)        0.003   measured_shell/core/evaluator_i/Mmux_p113_rs_cy<8>
    SLICE_X10Y50.COUT    Tbyp                  0.093   measured_shell/core/evaluator_i/Mmux_p113_rs_cy<12>
                                                       measured_shell/core/evaluator_i/Mmux_p113_rs_cy<12>
    SLICE_X10Y51.CIN     net (fanout=1)        0.003   measured_shell/core/evaluator_i/Mmux_p113_rs_cy<12>
    SLICE_X10Y51.BMUX    Tcinb                 0.310   measured_shell/core/evaluator_i/Mmux_p113_split<16>
                                                       measured_shell/core/evaluator_i/Mmux_p113_rs_cy<16>
    SLICE_X10Y53.D2      net (fanout=3)        1.343   measured_shell/core/evaluator_i/Mmux_p113_split<14>
    SLICE_X10Y53.COUT    Topcyd                0.343   measured_shell/core/evaluator_i/Mcompar_p11[17]_p10[17]_LessThan_33_o_cy<7>
                                                       measured_shell/core/evaluator_i/Mcompar_p11[17]_p10[17]_LessThan_33_o_lutdi7
                                                       measured_shell/core/evaluator_i/Mcompar_p11[17]_p10[17]_LessThan_33_o_cy<7>
    SLICE_X10Y54.CIN     net (fanout=1)        0.003   measured_shell/core/evaluator_i/Mcompar_p11[17]_p10[17]_LessThan_33_o_cy<7>
    SLICE_X10Y54.AMUX    Tcina                 0.230   measured_shell/core/evaluator_i/p11[17]_p10[17]_LessThan_33_o
                                                       measured_shell/core/evaluator_i/Mcompar_p11[17]_p10[17]_LessThan_33_o_cy<8>
    SLICE_X11Y50.B1      net (fanout=18)       1.225   measured_shell/core/evaluator_i/p11[17]_p10[17]_LessThan_33_o
    SLICE_X11Y50.B       Tilo                  0.259   measured_shell/core/evaluator_i/n02<15>
                                                       measured_shell/core/evaluator_i/Mmux_score1161
    SLICE_X12Y46.D2      net (fanout=2)        1.643   measured_shell/core/evaluator_i/score1<7>
    SLICE_X12Y46.COUT    Topcyd                0.290   measured_shell/core/evaluator_i/Mcompar_score0[17]_score1[17]_LessThan_38_o_cy<3>
                                                       measured_shell/core/evaluator_i/Mcompar_score0[17]_score1[17]_LessThan_38_o_lut<3>
                                                       measured_shell/core/evaluator_i/Mcompar_score0[17]_score1[17]_LessThan_38_o_cy<3>
    SLICE_X12Y47.CIN     net (fanout=1)        0.003   measured_shell/core/evaluator_i/Mcompar_score0[17]_score1[17]_LessThan_38_o_cy<3>
    SLICE_X12Y47.COUT    Tbyp                  0.091   measured_shell/core/evaluator_i/Mcompar_score0[17]_score1[17]_LessThan_38_o_cy<7>
                                                       measured_shell/core/evaluator_i/Mcompar_score0[17]_score1[17]_LessThan_38_o_cy<7>
    SLICE_X12Y48.CIN     net (fanout=1)        0.003   measured_shell/core/evaluator_i/Mcompar_score0[17]_score1[17]_LessThan_38_o_cy<7>
    SLICE_X12Y48.AMUX    Tcina                 0.240   measured_shell/core/evaluator_i/quotient<6>
                                                       measured_shell/core/evaluator_i/Mcompar_score0[17]_score1[17]_LessThan_38_o_cy<8>
    SLICE_X15Y47.A6      net (fanout=1)        0.555   measured_shell/core/evaluator_i/Mcompar_score0[17]_score1[17]_LessThan_38_o_cy<8>
    SLICE_X15Y47.CLK     Tas                   0.373   measured_shell/core/evaluator_i/selected_slot<0>
                                                       measured_shell/core/evaluator_i/Mmux_slot1[1]_slot0[1]_mux_130_OUT11
                                                       measured_shell/core/evaluator_i/selected_slot_0
    -------------------------------------------------  ---------------------------
    Total                                      9.117ns (3.090ns logic, 6.027ns route)
                                                       (33.9% logic, 66.1% route)

--------------------------------------------------------------------------------
Slack:                  0.840ns (requirement - (data path - clock path skew + uncertainty))
  Source:               measured_shell/core/evaluator_i/n11_7 (FF)
  Destination:          measured_shell/core/evaluator_i/selected_slot_0 (FF)
  Requirement:          10.000ns
  Data Path Delay:      9.100ns (Levels of Logic = 10)
  Clock Path Skew:      -0.025ns (0.305 - 0.330)
  Source Clock:         clk_100mhz_BUFGP rising at 0.000ns
  Destination Clock:    clk_100mhz_BUFGP rising at 10.000ns
  Clock Uncertainty:    0.035ns

  Clock Uncertainty:          0.035ns  ((TSJ^2 + TIJ^2)^1/2 + DJ) / 2 + PE
    Total System Jitter (TSJ):  0.070ns
    Total Input Jitter (TIJ):   0.000ns
    Discrete Jitter (DJ):       0.000ns
    Phase Error (PE):           0.000ns

  Maximum Data Path at Slow Process Corner: measured_shell/core/evaluator_i/n11_7 to measured_shell/core/evaluator_i/selected_slot_0
    Location             Delay type         Delay(ns)  Physical Resource
                                                       Logical Resource(s)
    -------------------------------------------------  -------------------
    SLICE_X11Y47.DMUX    Tshcko                0.518   measured_shell/core/evaluator_i/n11<3>
                                                       measured_shell/core/evaluator_i/n11_7
    SLICE_X10Y49.D2      net (fanout=1)        1.246   measured_shell/core/evaluator_i/n11<7>
    SLICE_X10Y49.COUT    Topcyd                0.312   measured_shell/core/evaluator_i/Mmux_p113_rs_cy<8>
                                                       measured_shell/core/evaluator_i/Mmux_p113_A1611
                                                       measured_shell/core/evaluator_i/Mmux_p113_rs_cy<8>
    SLICE_X10Y50.CIN     net (fanout=1)        0.003   measured_shell/core/evaluator_i/Mmux_p113_rs_cy<8>
    SLICE_X10Y50.COUT    Tbyp                  0.093   measured_shell/core/evaluator_i/Mmux_p113_rs_cy<12>
                                                       measured_shell/core/evaluator_i/Mmux_p113_rs_cy<12>
    SLICE_X10Y51.CIN     net (fanout=1)        0.003   measured_shell/core/evaluator_i/Mmux_p113_rs_cy<12>
    SLICE_X10Y51.BMUX    Tcinb                 0.310   measured_shell/core/evaluator_i/Mmux_p113_split<16>
                                                       measured_shell/core/evaluator_i/Mmux_p113_rs_cy<16>
    SLICE_X10Y53.D2      net (fanout=3)        1.343   measured_shell/core/evaluator_i/Mmux_p113_split<14>
    SLICE_X10Y53.COUT    Topcyd                0.312   measured_shell/core/evaluator_i/Mcompar_p11[17]_p10[17]_LessThan_33_o_cy<7>
                                                       measured_shell/core/evaluator_i/Mcompar_p11[17]_p10[17]_LessThan_33_o_lut<7>
                                                       measured_shell/core/evaluator_i/Mcompar_p11[17]_p10[17]_LessThan_33_o_cy<7>
    SLICE_X10Y54.CIN     net (fanout=1)        0.003   measured_shell/core/evaluator_i/Mcompar_p11[17]_p10[17]_LessThan_33_o_cy<7>
    SLICE_X10Y54.AMUX    Tcina                 0.230   measured_shell/core/evaluator_i/p11[17]_p10[17]_LessThan_33_o
                                                       measured_shell/core/evaluator_i/Mcompar_p11[17]_p10[17]_LessThan_33_o_cy<8>
    SLICE_X11Y50.B1      net (fanout=18)       1.225   measured_shell/core/evaluator_i/p11[17]_p10[17]_LessThan_33_o
    SLICE_X11Y50.B       Tilo                  0.259   measured_shell/core/evaluator_i/n02<15>
                                                       measured_shell/core/evaluator_i/Mmux_score1161
    SLICE_X12Y46.D2      net (fanout=2)        1.643   measured_shell/core/evaluator_i/score1<7>
    SLICE_X12Y46.COUT    Topcyd                0.335   measured_shell/core/evaluator_i/Mcompar_score0[17]_score1[17]_LessThan_38_o_cy<3>
                                                       measured_shell/core/evaluator_i/Mcompar_score0[17]_score1[17]_LessThan_38_o_lutdi3
                                                       measured_shell/core/evaluator_i/Mcompar_score0[17]_score1[17]_LessThan_38_o_cy<3>
    SLICE_X12Y47.CIN     net (fanout=1)        0.003   measured_shell/core/evaluator_i/Mcompar_score0[17]_score1[17]_LessThan_38_o_cy<3>
    SLICE_X12Y47.COUT    Tbyp                  0.091   measured_shell/core/evaluator_i/Mcompar_score0[17]_score1[17]_LessThan_38_o_cy<7>
                                                       measured_shell/core/evaluator_i/Mcompar_score0[17]_score1[17]_LessThan_38_o_cy<7>
    SLICE_X12Y48.CIN     net (fanout=1)        0.003   measured_shell/core/evaluator_i/Mcompar_score0[17]_score1[17]_LessThan_38_o_cy<7>
    SLICE_X12Y48.AMUX    Tcina                 0.240   measured_shell/core/evaluator_i/quotient<6>
                                                       measured_shell/core/evaluator_i/Mcompar_score0[17]_score1[17]_LessThan_38_o_cy<8>
    SLICE_X15Y47.A6      net (fanout=1)        0.555   measured_shell/core/evaluator_i/Mcompar_score0[17]_score1[17]_LessThan_38_o_cy<8>
    SLICE_X15Y47.CLK     Tas                   0.373   measured_shell/core/evaluator_i/selected_slot<0>
                                                       measured_shell/core/evaluator_i/Mmux_slot1[1]_slot0[1]_mux_130_OUT11
                                                       measured_shell/core/evaluator_i/selected_slot_0
    -------------------------------------------------  ---------------------------
    Total                                      9.100ns (3.073ns logic, 6.027ns route)
                                                       (33.8% logic, 66.2% route)

--------------------------------------------------------------------------------
Slack:                  0.841ns (requirement - (data path - clock path skew + uncertainty))
  Source:               measured_shell/core/evaluator_i/n11_0 (FF)
  Destination:          measured_shell/core/evaluator_i/selected_slot_0 (FF)
  Requirement:          10.000ns
  Data Path Delay:      9.099ns (Levels of Logic = 9)
  Clock Path Skew:      -0.025ns (0.305 - 0.330)
  Source Clock:         clk_100mhz_BUFGP rising at 0.000ns
  Destination Clock:    clk_100mhz_BUFGP rising at 10.000ns
  Clock Uncertainty:    0.035ns

  Clock Uncertainty:          0.035ns  ((TSJ^2 + TIJ^2)^1/2 + DJ) / 2 + PE
    Total System Jitter (TSJ):  0.070ns
    Total Input Jitter (TIJ):   0.000ns
    Discrete Jitter (DJ):       0.000ns
    Phase Error (PE):           0.000ns

  Maximum Data Path at Slow Process Corner: measured_shell/core/evaluator_i/n11_0 to measured_shell/core/evaluator_i/selected_slot_0
    Location             Delay type         Delay(ns)  Physical Resource
                                                       Logical Resource(s)
    -------------------------------------------------  -------------------
    SLICE_X11Y47.AQ      Tcko                  0.430   measured_shell/core/evaluator_i/n11<3>
                                                       measured_shell/core/evaluator_i/n11_0
    SLICE_X10Y48.A2      net (fanout=1)        0.904   measured_shell/core/evaluator_i/n11<0>
    SLICE_X10Y48.CMUX    Topac                 0.633   measured_shell/core/evaluator_i/Mmux_p113_rs_cy<4>
                                                       measured_shell/core/evaluator_i/Mmux_p113_A911
                                                       measured_shell/core/evaluator_i/Mmux_p113_rs_cy<4>
    SLICE_X10Y52.B2      net (fanout=3)        1.686   measured_shell/core/evaluator_i/Mmux_p113_split<3>
    SLICE_X10Y52.COUT    Topcyb                0.390   measured_shell/core/evaluator_i/Mcompar_p11[17]_p10[17]_LessThan_33_o_cy<3>
                                                       measured_shell/core/evaluator_i/Mcompar_p11[17]_p10[17]_LessThan_33_o_lutdi1
                                                       measured_shell/core/evaluator_i/Mcompar_p11[17]_p10[17]_LessThan_33_o_cy<3>
    SLICE_X10Y53.CIN     net (fanout=1)        0.003   measured_shell/core/evaluator_i/Mcompar_p11[17]_p10[17]_LessThan_33_o_cy<3>
    SLICE_X10Y53.COUT    Tbyp                  0.093   measured_shell/core/evaluator_i/Mcompar_p11[17]_p10[17]_LessThan_33_o_cy<7>
                                                       measured_shell/core/evaluator_i/Mcompar_p11[17]_p10[17]_LessThan_33_o_cy<7>
    SLICE_X10Y54.CIN     net (fanout=1)        0.003   measured_shell/core/evaluator_i/Mcompar_p11[17]_p10[17]_LessThan_33_o_cy<7>
    SLICE_X10Y54.AMUX    Tcina                 0.230   measured_shell/core/evaluator_i/p11[17]_p10[17]_LessThan_33_o
                                                       measured_shell/core/evaluator_i/Mcompar_p11[17]_p10[17]_LessThan_33_o_cy<8>
    SLICE_X11Y50.B1      net (fanout=18)       1.225   measured_shell/core/evaluator_i/p11[17]_p10[17]_LessThan_33_o
    SLICE_X11Y50.B       Tilo                  0.259   measured_shell/core/evaluator_i/n02<15>
                                                       measured_shell/core/evaluator_i/Mmux_score1161
    SLICE_X12Y46.D2      net (fanout=2)        1.643   measured_shell/core/evaluator_i/score1<7>
    SLICE_X12Y46.COUT    Topcyd                0.335   measured_shell/core/evaluator_i/Mcompar_score0[17]_score1[17]_LessThan_38_o_cy<3>
                                                       measured_shell/core/evaluator_i/Mcompar_score0[17]_score1[17]_LessThan_38_o_lutdi3
                                                       measured_shell/core/evaluator_i/Mcompar_score0[17]_score1[17]_LessThan_38_o_cy<3>
    SLICE_X12Y47.CIN     net (fanout=1)        0.003   measured_shell/core/evaluator_i/Mcompar_score0[17]_score1[17]_LessThan_38_o_cy<3>
    SLICE_X12Y47.COUT    Tbyp                  0.091   measured_shell/core/evaluator_i/Mcompar_score0[17]_score1[17]_LessThan_38_o_cy<7>
                                                       measured_shell/core/evaluator_i/Mcompar_score0[17]_score1[17]_LessThan_38_o_cy<7>
    SLICE_X12Y48.CIN     net (fanout=1)        0.003   measured_shell/core/evaluator_i/Mcompar_score0[17]_score1[17]_LessThan_38_o_cy<7>
    SLICE_X12Y48.AMUX    Tcina                 0.240   measured_shell/core/evaluator_i/quotient<6>
                                                       measured_shell/core/evaluator_i/Mcompar_score0[17]_score1[17]_LessThan_38_o_cy<8>
    SLICE_X15Y47.A6      net (fanout=1)        0.555   measured_shell/core/evaluator_i/Mcompar_score0[17]_score1[17]_LessThan_38_o_cy<8>
    SLICE_X15Y47.CLK     Tas                   0.373   measured_shell/core/evaluator_i/selected_slot<0>
                                                       measured_shell/core/evaluator_i/Mmux_slot1[1]_slot0[1]_mux_130_OUT11
                                                       measured_shell/core/evaluator_i/selected_slot_0
    -------------------------------------------------  ---------------------------
    Total                                      9.099ns (3.074ns logic, 6.025ns route)
                                                       (33.8% logic, 66.2% route)

--------------------------------------------------------------------------------

Paths for end point measured_shell/core/evaluator_i/selected_slot_0 (SLICE_X15Y47.A3), 251560 paths
--------------------------------------------------------------------------------
Slack:                  0.962ns (requirement - (data path - clock path skew + uncertainty))
  Source:               measured_shell/core/evaluator_i/n11_0 (FF)
  Destination:          measured_shell/core/evaluator_i/selected_slot_0 (FF)
  Requirement:          10.000ns
  Data Path Delay:      8.978ns (Levels of Logic = 8)
  Clock Path Skew:      -0.025ns (0.305 - 0.330)
  Source Clock:         clk_100mhz_BUFGP rising at 0.000ns
  Destination Clock:    clk_100mhz_BUFGP rising at 10.000ns
  Clock Uncertainty:    0.035ns

  Clock Uncertainty:          0.035ns  ((TSJ^2 + TIJ^2)^1/2 + DJ) / 2 + PE
    Total System Jitter (TSJ):  0.070ns
    Total Input Jitter (TIJ):   0.000ns
    Discrete Jitter (DJ):       0.000ns
    Phase Error (PE):           0.000ns

  Maximum Data Path at Slow Process Corner: measured_shell/core/evaluator_i/n11_0 to measured_shell/core/evaluator_i/selected_slot_0
    Location             Delay type         Delay(ns)  Physical Resource
                                                       Logical Resource(s)
    -------------------------------------------------  -------------------
    SLICE_X11Y47.AQ      Tcko                  0.430   measured_shell/core/evaluator_i/n11<3>
                                                       measured_shell/core/evaluator_i/n11_0
    SLICE_X10Y48.A2      net (fanout=1)        0.904   measured_shell/core/evaluator_i/n11<0>
    SLICE_X10Y48.CMUX    Topac                 0.633   measured_shell/core/evaluator_i/Mmux_p113_rs_cy<4>
                                                       measured_shell/core/evaluator_i/Mmux_p113_A911
                                                       measured_shell/core/evaluator_i/Mmux_p113_rs_cy<4>
    SLICE_X10Y52.B2      net (fanout=3)        1.686   measured_shell/core/evaluator_i/Mmux_p113_split<3>
    SLICE_X10Y52.COUT    Topcyb                0.483   measured_shell/core/evaluator_i/Mcompar_p11[17]_p10[17]_LessThan_33_o_cy<3>
                                                       measured_shell/core/evaluator_i/Mcompar_p11[17]_p10[17]_LessThan_33_o_lut<1>
                                                       measured_shell/core/evaluator_i/Mcompar_p11[17]_p10[17]_LessThan_33_o_cy<3>
    SLICE_X10Y53.CIN     net (fanout=1)        0.003   measured_shell/core/evaluator_i/Mcompar_p11[17]_p10[17]_LessThan_33_o_cy<3>
    SLICE_X10Y53.COUT    Tbyp                  0.093   measured_shell/core/evaluator_i/Mcompar_p11[17]_p10[17]_LessThan_33_o_cy<7>
                                                       measured_shell/core/evaluator_i/Mcompar_p11[17]_p10[17]_LessThan_33_o_cy<7>
    SLICE_X10Y54.CIN     net (fanout=1)        0.003   measured_shell/core/evaluator_i/Mcompar_p11[17]_p10[17]_LessThan_33_o_cy<7>
    SLICE_X10Y54.AMUX    Tcina                 0.230   measured_shell/core/evaluator_i/p11[17]_p10[17]_LessThan_33_o
                                                       measured_shell/core/evaluator_i/Mcompar_p11[17]_p10[17]_LessThan_33_o_cy<8>
    SLICE_X13Y52.A3      net (fanout=18)       0.857   measured_shell/core/evaluator_i/p11[17]_p10[17]_LessThan_33_o
    SLICE_X13Y52.A       Tilo                  0.259   measured_shell/core/evaluator_i/lam2_0_4
                                                       measured_shell/core/evaluator_i/Mmux_score1131
    SLICE_X14Y45.B1      net (fanout=2)        1.685   measured_shell/core/evaluator_i/score1<4>
    SLICE_X14Y45.COUT    Topcyb                0.483   measured_shell/core/evaluator_i/Mcompar_score0[17]_score1[17]_equal_39_o_cy<3>
                                                       measured_shell/core/evaluator_i/Mcompar_score0[17]_score1[17]_equal_39_o_lut<1>
                                                       measured_shell/core/evaluator_i/Mcompar_score0[17]_score1[17]_equal_39_o_cy<3>
    SLICE_X14Y46.CIN     net (fanout=1)        0.003   measured_shell/core/evaluator_i/Mcompar_score0[17]_score1[17]_equal_39_o_cy<3>
    SLICE_X14Y46.BMUX    Tcinb                 0.286   measured_shell/core/evaluator_i/quotient<3>
                                                       measured_shell/core/evaluator_i/Mcompar_score0[17]_score1[17]_equal_39_o_cy<5>
    SLICE_X15Y47.A3      net (fanout=1)        0.567   measured_shell/core/evaluator_i/score0[17]_score1[17]_equal_39_o
    SLICE_X15Y47.CLK     Tas                   0.373   measured_shell/core/evaluator_i/selected_slot<0>
                                                       measured_shell/core/evaluator_i/Mmux_slot1[1]_slot0[1]_mux_130_OUT11
                                                       measured_shell/core/evaluator_i/selected_slot_0
    -------------------------------------------------  ---------------------------
    Total                                      8.978ns (3.270ns logic, 5.708ns route)
                                                       (36.4% logic, 63.6% route)

--------------------------------------------------------------------------------
Slack:                  0.970ns (requirement - (data path - clock path skew + uncertainty))
  Source:               measured_shell/core/evaluator_i/n11_0 (FF)
  Destination:          measured_shell/core/evaluator_i/selected_slot_0 (FF)
  Requirement:          10.000ns
  Data Path Delay:      8.970ns (Levels of Logic = 8)
  Clock Path Skew:      -0.025ns (0.305 - 0.330)
  Source Clock:         clk_100mhz_BUFGP rising at 0.000ns
  Destination Clock:    clk_100mhz_BUFGP rising at 10.000ns
  Clock Uncertainty:    0.035ns

  Clock Uncertainty:          0.035ns  ((TSJ^2 + TIJ^2)^1/2 + DJ) / 2 + PE
    Total System Jitter (TSJ):  0.070ns
    Total Input Jitter (TIJ):   0.000ns
    Discrete Jitter (DJ):       0.000ns
    Phase Error (PE):           0.000ns

  Maximum Data Path at Slow Process Corner: measured_shell/core/evaluator_i/n11_0 to measured_shell/core/evaluator_i/selected_slot_0
    Location             Delay type         Delay(ns)  Physical Resource
                                                       Logical Resource(s)
    -------------------------------------------------  -------------------
    SLICE_X11Y47.AQ      Tcko                  0.430   measured_shell/core/evaluator_i/n11<3>
                                                       measured_shell/core/evaluator_i/n11_0
    SLICE_X10Y48.A2      net (fanout=1)        0.904   measured_shell/core/evaluator_i/n11<0>
    SLICE_X10Y48.CMUX    Topac                 0.625   measured_shell/core/evaluator_i/Mmux_p113_rs_cy<4>
                                                       measured_shell/core/evaluator_i/Mmux_p113_A91
                                                       measured_shell/core/evaluator_i/Mmux_p113_rs_cy<4>
    SLICE_X10Y52.B2      net (fanout=3)        1.686   measured_shell/core/evaluator_i/Mmux_p113_split<3>
    SLICE_X10Y52.COUT    Topcyb                0.483   measured_shell/core/evaluator_i/Mcompar_p11[17]_p10[17]_LessThan_33_o_cy<3>
                                                       measured_shell/core/evaluator_i/Mcompar_p11[17]_p10[17]_LessThan_33_o_lut<1>
                                                       measured_shell/core/evaluator_i/Mcompar_p11[17]_p10[17]_LessThan_33_o_cy<3>
    SLICE_X10Y53.CIN     net (fanout=1)        0.003   measured_shell/core/evaluator_i/Mcompar_p11[17]_p10[17]_LessThan_33_o_cy<3>
    SLICE_X10Y53.COUT    Tbyp                  0.093   measured_shell/core/evaluator_i/Mcompar_p11[17]_p10[17]_LessThan_33_o_cy<7>
                                                       measured_shell/core/evaluator_i/Mcompar_p11[17]_p10[17]_LessThan_33_o_cy<7>
    SLICE_X10Y54.CIN     net (fanout=1)        0.003   measured_shell/core/evaluator_i/Mcompar_p11[17]_p10[17]_LessThan_33_o_cy<7>
    SLICE_X10Y54.AMUX    Tcina                 0.230   measured_shell/core/evaluator_i/p11[17]_p10[17]_LessThan_33_o
                                                       measured_shell/core/evaluator_i/Mcompar_p11[17]_p10[17]_LessThan_33_o_cy<8>
    SLICE_X13Y52.A3      net (fanout=18)       0.857   measured_shell/core/evaluator_i/p11[17]_p10[17]_LessThan_33_o
    SLICE_X13Y52.A       Tilo                  0.259   measured_shell/core/evaluator_i/lam2_0_4
                                                       measured_shell/core/evaluator_i/Mmux_score1131
    SLICE_X14Y45.B1      net (fanout=2)        1.685   measured_shell/core/evaluator_i/score1<4>
    SLICE_X14Y45.COUT    Topcyb                0.483   measured_shell/core/evaluator_i/Mcompar_score0[17]_score1[17]_equal_39_o_cy<3>
                                                       measured_shell/core/evaluator_i/Mcompar_score0[17]_score1[17]_equal_39_o_lut<1>
                                                       measured_shell/core/evaluator_i/Mcompar_score0[17]_score1[17]_equal_39_o_cy<3>
    SLICE_X14Y46.CIN     net (fanout=1)        0.003   measured_shell/core/evaluator_i/Mcompar_score0[17]_score1[17]_equal_39_o_cy<3>
    SLICE_X14Y46.BMUX    Tcinb                 0.286   measured_shell/core/evaluator_i/quotient<3>
                                                       measured_shell/core/evaluator_i/Mcompar_score0[17]_score1[17]_equal_39_o_cy<5>
    SLICE_X15Y47.A3      net (fanout=1)        0.567   measured_shell/core/evaluator_i/score0[17]_score1[17]_equal_39_o
    SLICE_X15Y47.CLK     Tas                   0.373   measured_shell/core/evaluator_i/selected_slot<0>
                                                       measured_shell/core/evaluator_i/Mmux_slot1[1]_slot0[1]_mux_130_OUT11
                                                       measured_shell/core/evaluator_i/selected_slot_0
    -------------------------------------------------  ---------------------------
    Total                                      8.970ns (3.262ns logic, 5.708ns route)
                                                       (36.4% logic, 63.6% route)

--------------------------------------------------------------------------------
Slack:                  0.992ns (requirement - (data path - clock path skew + uncertainty))
  Source:               measured_shell/core/evaluator_i/n11_7 (FF)
  Destination:          measured_shell/core/evaluator_i/selected_slot_0 (FF)
  Requirement:          10.000ns
  Data Path Delay:      8.948ns (Levels of Logic = 9)
  Clock Path Skew:      -0.025ns (0.305 - 0.330)
  Source Clock:         clk_100mhz_BUFGP rising at 0.000ns
  Destination Clock:    clk_100mhz_BUFGP rising at 10.000ns
  Clock Uncertainty:    0.035ns

  Clock Uncertainty:          0.035ns  ((TSJ^2 + TIJ^2)^1/2 + DJ) / 2 + PE
    Total System Jitter (TSJ):  0.070ns
    Total Input Jitter (TIJ):   0.000ns
    Discrete Jitter (DJ):       0.000ns
    Phase Error (PE):           0.000ns

  Maximum Data Path at Slow Process Corner: measured_shell/core/evaluator_i/n11_7 to measured_shell/core/evaluator_i/selected_slot_0
    Location             Delay type         Delay(ns)  Physical Resource
                                                       Logical Resource(s)
    -------------------------------------------------  -------------------
    SLICE_X11Y47.DMUX    Tshcko                0.518   measured_shell/core/evaluator_i/n11<3>
                                                       measured_shell/core/evaluator_i/n11_7
    SLICE_X10Y49.D2      net (fanout=1)        1.246   measured_shell/core/evaluator_i/n11<7>
    SLICE_X10Y49.COUT    Topcyd                0.343   measured_shell/core/evaluator_i/Mmux_p113_rs_cy<8>
                                                       measured_shell/core/evaluator_i/Mmux_p113_A161
                                                       measured_shell/core/evaluator_i/Mmux_p113_rs_cy<8>
    SLICE_X10Y50.CIN     net (fanout=1)        0.003   measured_shell/core/evaluator_i/Mmux_p113_rs_cy<8>
    SLICE_X10Y50.COUT    Tbyp                  0.093   measured_shell/core/evaluator_i/Mmux_p113_rs_cy<12>
                                                       measured_shell/core/evaluator_i/Mmux_p113_rs_cy<12>
    SLICE_X10Y51.CIN     net (fanout=1)        0.003   measured_shell/core/evaluator_i/Mmux_p113_rs_cy<12>
    SLICE_X10Y51.BMUX    Tcinb                 0.310   measured_shell/core/evaluator_i/Mmux_p113_split<16>
                                                       measured_shell/core/evaluator_i/Mmux_p113_rs_cy<16>
    SLICE_X10Y53.D2      net (fanout=3)        1.343   measured_shell/core/evaluator_i/Mmux_p113_split<14>
    SLICE_X10Y53.COUT    Topcyd                0.343   measured_shell/core/evaluator_i/Mcompar_p11[17]_p10[17]_LessThan_33_o_cy<7>
                                                       measured_shell/core/evaluator_i/Mcompar_p11[17]_p10[17]_LessThan_33_o_lutdi7
                                                       measured_shell/core/evaluator_i/Mcompar_p11[17]_p10[17]_LessThan_33_o_cy<7>
    SLICE_X10Y54.CIN     net (fanout=1)        0.003   measured_shell/core/evaluator_i/Mcompar_p11[17]_p10[17]_LessThan_33_o_cy<7>
    SLICE_X10Y54.AMUX    Tcina                 0.230   measured_shell/core/evaluator_i/p11[17]_p10[17]_LessThan_33_o
                                                       measured_shell/core/evaluator_i/Mcompar_p11[17]_p10[17]_LessThan_33_o_cy<8>
    SLICE_X13Y52.A3      net (fanout=18)       0.857   measured_shell/core/evaluator_i/p11[17]_p10[17]_LessThan_33_o
    SLICE_X13Y52.A       Tilo                  0.259   measured_shell/core/evaluator_i/lam2_0_4
                                                       measured_shell/core/evaluator_i/Mmux_score1131
    SLICE_X14Y45.B1      net (fanout=2)        1.685   measured_shell/core/evaluator_i/score1<4>
    SLICE_X14Y45.COUT    Topcyb                0.483   measured_shell/core/evaluator_i/Mcompar_score0[17]_score1[17]_equal_39_o_cy<3>
                                                       measured_shell/core/evaluator_i/Mcompar_score0[17]_score1[17]_equal_39_o_lut<1>
                                                       measured_shell/core/evaluator_i/Mcompar_score0[17]_score1[17]_equal_39_o_cy<3>
    SLICE_X14Y46.CIN     net (fanout=1)        0.003   measured_shell/core/evaluator_i/Mcompar_score0[17]_score1[17]_equal_39_o_cy<3>
    SLICE_X14Y46.BMUX    Tcinb                 0.286   measured_shell/core/evaluator_i/quotient<3>
                                                       measured_shell/core/evaluator_i/Mcompar_score0[17]_score1[17]_equal_39_o_cy<5>
    SLICE_X15Y47.A3      net (fanout=1)        0.567   measured_shell/core/evaluator_i/score0[17]_score1[17]_equal_39_o
    SLICE_X15Y47.CLK     Tas                   0.373   measured_shell/core/evaluator_i/selected_slot<0>
                                                       measured_shell/core/evaluator_i/Mmux_slot1[1]_slot0[1]_mux_130_OUT11
                                                       measured_shell/core/evaluator_i/selected_slot_0
    -------------------------------------------------  ---------------------------
    Total                                      8.948ns (3.238ns logic, 5.710ns route)
                                                       (36.2% logic, 63.8% route)

--------------------------------------------------------------------------------
Slack:                  1.023ns (requirement - (data path - clock path skew + uncertainty))
  Source:               measured_shell/core/evaluator_i/n11_7 (FF)
  Destination:          measured_shell/core/evaluator_i/selected_slot_0 (FF)
  Requirement:          10.000ns
  Data Path Delay:      8.917ns (Levels of Logic = 9)
  Clock Path Skew:      -0.025ns (0.305 - 0.330)
  Source Clock:         clk_100mhz_BUFGP rising at 0.000ns
  Destination Clock:    clk_100mhz_BUFGP rising at 10.000ns
  Clock Uncertainty:    0.035ns

  Clock Uncertainty:          0.035ns  ((TSJ^2 + TIJ^2)^1/2 + DJ) / 2 + PE
    Total System Jitter (TSJ):  0.070ns
    Total Input Jitter (TIJ):   0.000ns
    Discrete Jitter (DJ):       0.000ns
    Phase Error (PE):           0.000ns

  Maximum Data Path at Slow Process Corner: measured_shell/core/evaluator_i/n11_7 to measured_shell/core/evaluator_i/selected_slot_0
    Location             Delay type         Delay(ns)  Physical Resource
                                                       Logical Resource(s)
    -------------------------------------------------  -------------------
    SLICE_X11Y47.DMUX    Tshcko                0.518   measured_shell/core/evaluator_i/n11<3>
                                                       measured_shell/core/evaluator_i/n11_7
    SLICE_X10Y49.D2      net (fanout=1)        1.246   measured_shell/core/evaluator_i/n11<7>
    SLICE_X10Y49.COUT    Topcyd                0.312   measured_shell/core/evaluator_i/Mmux_p113_rs_cy<8>
                                                       measured_shell/core/evaluator_i/Mmux_p113_A1611
                                                       measured_shell/core/evaluator_i/Mmux_p113_rs_cy<8>
    SLICE_X10Y50.CIN     net (fanout=1)        0.003   measured_shell/core/evaluator_i/Mmux_p113_rs_cy<8>
    SLICE_X10Y50.COUT    Tbyp                  0.093   measured_shell/core/evaluator_i/Mmux_p113_rs_cy<12>
                                                       measured_shell/core/evaluator_i/Mmux_p113_rs_cy<12>
    SLICE_X10Y51.CIN     net (fanout=1)        0.003   measured_shell/core/evaluator_i/Mmux_p113_rs_cy<12>
    SLICE_X10Y51.BMUX    Tcinb                 0.310   measured_shell/core/evaluator_i/Mmux_p113_split<16>
                                                       measured_shell/core/evaluator_i/Mmux_p113_rs_cy<16>
    SLICE_X10Y53.D2      net (fanout=3)        1.343   measured_shell/core/evaluator_i/Mmux_p113_split<14>
    SLICE_X10Y53.COUT    Topcyd                0.343   measured_shell/core/evaluator_i/Mcompar_p11[17]_p10[17]_LessThan_33_o_cy<7>
                                                       measured_shell/core/evaluator_i/Mcompar_p11[17]_p10[17]_LessThan_33_o_lutdi7
                                                       measured_shell/core/evaluator_i/Mcompar_p11[17]_p10[17]_LessThan_33_o_cy<7>
    SLICE_X10Y54.CIN     net (fanout=1)        0.003   measured_shell/core/evaluator_i/Mcompar_p11[17]_p10[17]_LessThan_33_o_cy<7>
    SLICE_X10Y54.AMUX    Tcina                 0.230   measured_shell/core/evaluator_i/p11[17]_p10[17]_LessThan_33_o
                                                       measured_shell/core/evaluator_i/Mcompar_p11[17]_p10[17]_LessThan_33_o_cy<8>
    SLICE_X13Y52.A3      net (fanout=18)       0.857   measured_shell/core/evaluator_i/p11[17]_p10[17]_LessThan_33_o
    SLICE_X13Y52.A       Tilo                  0.259   measured_shell/core/evaluator_i/lam2_0_4
                                                       measured_shell/core/evaluator_i/Mmux_score1131
    SLICE_X14Y45.B1      net (fanout=2)        1.685   measured_shell/core/evaluator_i/score1<4>
    SLICE_X14Y45.COUT    Topcyb                0.483   measured_shell/core/evaluator_i/Mcompar_score0[17]_score1[17]_equal_39_o_cy<3>
                                                       measured_shell/core/evaluator_i/Mcompar_score0[17]_score1[17]_equal_39_o_lut<1>
                                                       measured_shell/core/evaluator_i/Mcompar_score0[17]_score1[17]_equal_39_o_cy<3>
    SLICE_X14Y46.CIN     net (fanout=1)        0.003   measured_shell/core/evaluator_i/Mcompar_score0[17]_score1[17]_equal_39_o_cy<3>
    SLICE_X14Y46.BMUX    Tcinb                 0.286   measured_shell/core/evaluator_i/quotient<3>
                                                       measured_shell/core/evaluator_i/Mcompar_score0[17]_score1[17]_equal_39_o_cy<5>
    SLICE_X15Y47.A3      net (fanout=1)        0.567   measured_shell/core/evaluator_i/score0[17]_score1[17]_equal_39_o
    SLICE_X15Y47.CLK     Tas                   0.373   measured_shell/core/evaluator_i/selected_slot<0>
                                                       measured_shell/core/evaluator_i/Mmux_slot1[1]_slot0[1]_mux_130_OUT11
                                                       measured_shell/core/evaluator_i/selected_slot_0
    -------------------------------------------------  ---------------------------
    Total                                      8.917ns (3.207ns logic, 5.710ns route)
                                                       (36.0% logic, 64.0% route)

--------------------------------------------------------------------------------
Slack:                  1.023ns (requirement - (data path - clock path skew + uncertainty))
  Source:               measured_shell/core/evaluator_i/n11_7 (FF)
  Destination:          measured_shell/core/evaluator_i/selected_slot_0 (FF)
  Requirement:          10.000ns
  Data Path Delay:      8.917ns (Levels of Logic = 9)
  Clock Path Skew:      -0.025ns (0.305 - 0.330)
  Source Clock:         clk_100mhz_BUFGP rising at 0.000ns
  Destination Clock:    clk_100mhz_BUFGP rising at 10.000ns
  Clock Uncertainty:    0.035ns

  Clock Uncertainty:          0.035ns  ((TSJ^2 + TIJ^2)^1/2 + DJ) / 2 + PE
    Total System Jitter (TSJ):  0.070ns
    Total Input Jitter (TIJ):   0.000ns
    Discrete Jitter (DJ):       0.000ns
    Phase Error (PE):           0.000ns

  Maximum Data Path at Slow Process Corner: measured_shell/core/evaluator_i/n11_7 to measured_shell/core/evaluator_i/selected_slot_0
    Location             Delay type         Delay(ns)  Physical Resource
                                                       Logical Resource(s)
    -------------------------------------------------  -------------------
    SLICE_X11Y47.DMUX    Tshcko                0.518   measured_shell/core/evaluator_i/n11<3>
                                                       measured_shell/core/evaluator_i/n11_7
    SLICE_X10Y49.D2      net (fanout=1)        1.246   measured_shell/core/evaluator_i/n11<7>
    SLICE_X10Y49.COUT    Topcyd                0.343   measured_shell/core/evaluator_i/Mmux_p113_rs_cy<8>
                                                       measured_shell/core/evaluator_i/Mmux_p113_A161
                                                       measured_shell/core/evaluator_i/Mmux_p113_rs_cy<8>
    SLICE_X10Y50.CIN     net (fanout=1)        0.003   measured_shell/core/evaluator_i/Mmux_p113_rs_cy<8>
    SLICE_X10Y50.COUT    Tbyp                  0.093   measured_shell/core/evaluator_i/Mmux_p113_rs_cy<12>
                                                       measured_shell/core/evaluator_i/Mmux_p113_rs_cy<12>
    SLICE_X10Y51.CIN     net (fanout=1)        0.003   measured_shell/core/evaluator_i/Mmux_p113_rs_cy<12>
    SLICE_X10Y51.BMUX    Tcinb                 0.310   measured_shell/core/evaluator_i/Mmux_p113_split<16>
                                                       measured_shell/core/evaluator_i/Mmux_p113_rs_cy<16>
    SLICE_X10Y53.D2      net (fanout=3)        1.343   measured_shell/core/evaluator_i/Mmux_p113_split<14>
    SLICE_X10Y53.COUT    Topcyd                0.312   measured_shell/core/evaluator_i/Mcompar_p11[17]_p10[17]_LessThan_33_o_cy<7>
                                                       measured_shell/core/evaluator_i/Mcompar_p11[17]_p10[17]_LessThan_33_o_lut<7>
                                                       measured_shell/core/evaluator_i/Mcompar_p11[17]_p10[17]_LessThan_33_o_cy<7>
    SLICE_X10Y54.CIN     net (fanout=1)        0.003   measured_shell/core/evaluator_i/Mcompar_p11[17]_p10[17]_LessThan_33_o_cy<7>
    SLICE_X10Y54.AMUX    Tcina                 0.230   measured_shell/core/evaluator_i/p11[17]_p10[17]_LessThan_33_o
                                                       measured_shell/core/evaluator_i/Mcompar_p11[17]_p10[17]_LessThan_33_o_cy<8>
    SLICE_X13Y52.A3      net (fanout=18)       0.857   measured_shell/core/evaluator_i/p11[17]_p10[17]_LessThan_33_o
    SLICE_X13Y52.A       Tilo                  0.259   measured_shell/core/evaluator_i/lam2_0_4
                                                       measured_shell/core/evaluator_i/Mmux_score1131
    SLICE_X14Y45.B1      net (fanout=2)        1.685   measured_shell/core/evaluator_i/score1<4>
    SLICE_X14Y45.COUT    Topcyb                0.483   measured_shell/core/evaluator_i/Mcompar_score0[17]_score1[17]_equal_39_o_cy<3>
                                                       measured_shell/core/evaluator_i/Mcompar_score0[17]_score1[17]_equal_39_o_lut<1>
                                                       measured_shell/core/evaluator_i/Mcompar_score0[17]_score1[17]_equal_39_o_cy<3>
    SLICE_X14Y46.CIN     net (fanout=1)        0.003   measured_shell/core/evaluator_i/Mcompar_score0[17]_score1[17]_equal_39_o_cy<3>
    SLICE_X14Y46.BMUX    Tcinb                 0.286   measured_shell/core/evaluator_i/quotient<3>
                                                       measured_shell/core/evaluator_i/Mcompar_score0[17]_score1[17]_equal_39_o_cy<5>
    SLICE_X15Y47.A3      net (fanout=1)        0.567   measured_shell/core/evaluator_i/score0[17]_score1[17]_equal_39_o
    SLICE_X15Y47.CLK     Tas                   0.373   measured_shell/core/evaluator_i/selected_slot<0>
                                                       measured_shell/core/evaluator_i/Mmux_slot1[1]_slot0[1]_mux_130_OUT11
                                                       measured_shell/core/evaluator_i/selected_slot_0
    -------------------------------------------------  ---------------------------
    Total                                      8.917ns (3.207ns logic, 5.710ns route)
                                                       (36.0% logic, 64.0% route)

--------------------------------------------------------------------------------
Slack:                  1.054ns (requirement - (data path - clock path skew + uncertainty))
  Source:               measured_shell/core/evaluator_i/n11_7 (FF)
  Destination:          measured_shell/core/evaluator_i/selected_slot_0 (FF)
  Requirement:          10.000ns
  Data Path Delay:      8.886ns (Levels of Logic = 9)
  Clock Path Skew:      -0.025ns (0.305 - 0.330)
  Source Clock:         clk_100mhz_BUFGP rising at 0.000ns
  Destination Clock:    clk_100mhz_BUFGP rising at 10.000ns
  Clock Uncertainty:    0.035ns

  Clock Uncertainty:          0.035ns  ((TSJ^2 + TIJ^2)^1/2 + DJ) / 2 + PE
    Total System Jitter (TSJ):  0.070ns
    Total Input Jitter (TIJ):   0.000ns
    Discrete Jitter (DJ):       0.000ns
    Phase Error (PE):           0.000ns

  Maximum Data Path at Slow Process Corner: measured_shell/core/evaluator_i/n11_7 to measured_shell/core/evaluator_i/selected_slot_0
    Location             Delay type         Delay(ns)  Physical Resource
                                                       Logical Resource(s)
    -------------------------------------------------  -------------------
    SLICE_X11Y47.DMUX    Tshcko                0.518   measured_shell/core/evaluator_i/n11<3>
                                                       measured_shell/core/evaluator_i/n11_7
    SLICE_X10Y49.D2      net (fanout=1)        1.246   measured_shell/core/evaluator_i/n11<7>
    SLICE_X10Y49.COUT    Topcyd                0.312   measured_shell/core/evaluator_i/Mmux_p113_rs_cy<8>
                                                       measured_shell/core/evaluator_i/Mmux_p113_A1611
                                                       measured_shell/core/evaluator_i/Mmux_p113_rs_cy<8>
    SLICE_X10Y50.CIN     net (fanout=1)        0.003   measured_shell/core/evaluator_i/Mmux_p113_rs_cy<8>
    SLICE_X10Y50.COUT    Tbyp                  0.093   measured_shell/core/evaluator_i/Mmux_p113_rs_cy<12>
                                                       measured_shell/core/evaluator_i/Mmux_p113_rs_cy<12>
    SLICE_X10Y51.CIN     net (fanout=1)        0.003   measured_shell/core/evaluator_i/Mmux_p113_rs_cy<12>
    SLICE_X10Y51.BMUX    Tcinb                 0.310   measured_shell/core/evaluator_i/Mmux_p113_split<16>
                                                       measured_shell/core/evaluator_i/Mmux_p113_rs_cy<16>
    SLICE_X10Y53.D2      net (fanout=3)        1.343   measured_shell/core/evaluator_i/Mmux_p113_split<14>
    SLICE_X10Y53.COUT    Topcyd                0.312   measured_shell/core/evaluator_i/Mcompar_p11[17]_p10[17]_LessThan_33_o_cy<7>
                                                       measured_shell/core/evaluator_i/Mcompar_p11[17]_p10[17]_LessThan_33_o_lut<7>
                                                       measured_shell/core/evaluator_i/Mcompar_p11[17]_p10[17]_LessThan_33_o_cy<7>
    SLICE_X10Y54.CIN     net (fanout=1)        0.003   measured_shell/core/evaluator_i/Mcompar_p11[17]_p10[17]_LessThan_33_o_cy<7>
    SLICE_X10Y54.AMUX    Tcina                 0.230   measured_shell/core/evaluator_i/p11[17]_p10[17]_LessThan_33_o
                                                       measured_shell/core/evaluator_i/Mcompar_p11[17]_p10[17]_LessThan_33_o_cy<8>
    SLICE_X13Y52.A3      net (fanout=18)       0.857   measured_shell/core/evaluator_i/p11[17]_p10[17]_LessThan_33_o
    SLICE_X13Y52.A       Tilo                  0.259   measured_shell/core/evaluator_i/lam2_0_4
                                                       measured_shell/core/evaluator_i/Mmux_score1131
    SLICE_X14Y45.B1      net (fanout=2)        1.685   measured_shell/core/evaluator_i/score1<4>
    SLICE_X14Y45.COUT    Topcyb                0.483   measured_shell/core/evaluator_i/Mcompar_score0[17]_score1[17]_equal_39_o_cy<3>
                                                       measured_shell/core/evaluator_i/Mcompar_score0[17]_score1[17]_equal_39_o_lut<1>
                                                       measured_shell/core/evaluator_i/Mcompar_score0[17]_score1[17]_equal_39_o_cy<3>
    SLICE_X14Y46.CIN     net (fanout=1)        0.003   measured_shell/core/evaluator_i/Mcompar_score0[17]_score1[17]_equal_39_o_cy<3>
    SLICE_X14Y46.BMUX    Tcinb                 0.286   measured_shell/core/evaluator_i/quotient<3>
                                                       measured_shell/core/evaluator_i/Mcompar_score0[17]_score1[17]_equal_39_o_cy<5>
    SLICE_X15Y47.A3      net (fanout=1)        0.567   measured_shell/core/evaluator_i/score0[17]_score1[17]_equal_39_o
    SLICE_X15Y47.CLK     Tas                   0.373   measured_shell/core/evaluator_i/selected_slot<0>
                                                       measured_shell/core/evaluator_i/Mmux_slot1[1]_slot0[1]_mux_130_OUT11
                                                       measured_shell/core/evaluator_i/selected_slot_0
    -------------------------------------------------  ---------------------------
    Total                                      8.886ns (3.176ns logic, 5.710ns route)
                                                       (35.7% logic, 64.3% route)

--------------------------------------------------------------------------------
Slack:                  1.055ns (requirement - (data path - clock path skew + uncertainty))
  Source:               measured_shell/core/evaluator_i/n11_0 (FF)
  Destination:          measured_shell/core/evaluator_i/selected_slot_0 (FF)
  Requirement:          10.000ns
  Data Path Delay:      8.885ns (Levels of Logic = 8)
  Clock Path Skew:      -0.025ns (0.305 - 0.330)
  Source Clock:         clk_100mhz_BUFGP rising at 0.000ns
  Destination Clock:    clk_100mhz_BUFGP rising at 10.000ns
  Clock Uncertainty:    0.035ns

  Clock Uncertainty:          0.035ns  ((TSJ^2 + TIJ^2)^1/2 + DJ) / 2 + PE
    Total System Jitter (TSJ):  0.070ns
    Total Input Jitter (TIJ):   0.000ns
    Discrete Jitter (DJ):       0.000ns
    Phase Error (PE):           0.000ns

  Maximum Data Path at Slow Process Corner: measured_shell/core/evaluator_i/n11_0 to measured_shell/core/evaluator_i/selected_slot_0
    Location             Delay type         Delay(ns)  Physical Resource
                                                       Logical Resource(s)
    -------------------------------------------------  -------------------
    SLICE_X11Y47.AQ      Tcko                  0.430   measured_shell/core/evaluator_i/n11<3>
                                                       measured_shell/core/evaluator_i/n11_0
    SLICE_X10Y48.A2      net (fanout=1)        0.904   measured_shell/core/evaluator_i/n11<0>
    SLICE_X10Y48.CMUX    Topac                 0.633   measured_shell/core/evaluator_i/Mmux_p113_rs_cy<4>
                                                       measured_shell/core/evaluator_i/Mmux_p113_A911
                                                       measured_shell/core/evaluator_i/Mmux_p113_rs_cy<4>
    SLICE_X10Y52.B2      net (fanout=3)        1.686   measured_shell/core/evaluator_i/Mmux_p113_split<3>
    SLICE_X10Y52.COUT    Topcyb                0.390   measured_shell/core/evaluator_i/Mcompar_p11[17]_p10[17]_LessThan_33_o_cy<3>
                                                       measured_shell/core/evaluator_i/Mcompar_p11[17]_p10[17]_LessThan_33_o_lutdi1
                                                       measured_shell/core/evaluator_i/Mcompar_p11[17]_p10[17]_LessThan_33_o_cy<3>
    SLICE_X10Y53.CIN     net (fanout=1)        0.003   measured_shell/core/evaluator_i/Mcompar_p11[17]_p10[17]_LessThan_33_o_cy<3>
    SLICE_X10Y53.COUT    Tbyp                  0.093   measured_shell/core/evaluator_i/Mcompar_p11[17]_p10[17]_LessThan_33_o_cy<7>
                                                       measured_shell/core/evaluator_i/Mcompar_p11[17]_p10[17]_LessThan_33_o_cy<7>
    SLICE_X10Y54.CIN     net (fanout=1)        0.003   measured_shell/core/evaluator_i/Mcompar_p11[17]_p10[17]_LessThan_33_o_cy<7>
    SLICE_X10Y54.AMUX    Tcina                 0.230   measured_shell/core/evaluator_i/p11[17]_p10[17]_LessThan_33_o
                                                       measured_shell/core/evaluator_i/Mcompar_p11[17]_p10[17]_LessThan_33_o_cy<8>
    SLICE_X13Y52.A3      net (fanout=18)       0.857   measured_shell/core/evaluator_i/p11[17]_p10[17]_LessThan_33_o
    SLICE_X13Y52.A       Tilo                  0.259   measured_shell/core/evaluator_i/lam2_0_4
                                                       measured_shell/core/evaluator_i/Mmux_score1131
    SLICE_X14Y45.B1      net (fanout=2)        1.685   measured_shell/core/evaluator_i/score1<4>
    SLICE_X14Y45.COUT    Topcyb                0.483   measured_shell/core/evaluator_i/Mcompar_score0[17]_score1[17]_equal_39_o_cy<3>
                                                       measured_shell/core/evaluator_i/Mcompar_score0[17]_score1[17]_equal_39_o_lut<1>
                                                       measured_shell/core/evaluator_i/Mcompar_score0[17]_score1[17]_equal_39_o_cy<3>
    SLICE_X14Y46.CIN     net (fanout=1)        0.003   measured_shell/core/evaluator_i/Mcompar_score0[17]_score1[17]_equal_39_o_cy<3>
    SLICE_X14Y46.BMUX    Tcinb                 0.286   measured_shell/core/evaluator_i/quotient<3>
                                                       measured_shell/core/evaluator_i/Mcompar_score0[17]_score1[17]_equal_39_o_cy<5>
    SLICE_X15Y47.A3      net (fanout=1)        0.567   measured_shell/core/evaluator_i/score0[17]_score1[17]_equal_39_o
    SLICE_X15Y47.CLK     Tas                   0.373   measured_shell/core/evaluator_i/selected_slot<0>
                                                       measured_shell/core/evaluator_i/Mmux_slot1[1]_slot0[1]_mux_130_OUT11
                                                       measured_shell/core/evaluator_i/selected_slot_0
    -------------------------------------------------  ---------------------------
    Total                                      8.885ns (3.177ns logic, 5.708ns route)
                                                       (35.8% logic, 64.2% route)

--------------------------------------------------------------------------------
Slack:                  1.063ns (requirement - (data path - clock path skew + uncertainty))
  Source:               measured_shell/core/evaluator_i/n11_0 (FF)
  Destination:          measured_shell/core/evaluator_i/selected_slot_0 (FF)
  Requirement:          10.000ns
  Data Path Delay:      8.877ns (Levels of Logic = 8)
  Clock Path Skew:      -0.025ns (0.305 - 0.330)
  Source Clock:         clk_100mhz_BUFGP rising at 0.000ns
  Destination Clock:    clk_100mhz_BUFGP rising at 10.000ns
  Clock Uncertainty:    0.035ns

  Clock Uncertainty:          0.035ns  ((TSJ^2 + TIJ^2)^1/2 + DJ) / 2 + PE
    Total System Jitter (TSJ):  0.070ns
    Total Input Jitter (TIJ):   0.000ns
    Discrete Jitter (DJ):       0.000ns
    Phase Error (PE):           0.000ns

  Maximum Data Path at Slow Process Corner: measured_shell/core/evaluator_i/n11_0 to measured_shell/core/evaluator_i/selected_slot_0
    Location             Delay type         Delay(ns)  Physical Resource
                                                       Logical Resource(s)
    -------------------------------------------------  -------------------
    SLICE_X11Y47.AQ      Tcko                  0.430   measured_shell/core/evaluator_i/n11<3>
                                                       measured_shell/core/evaluator_i/n11_0
    SLICE_X10Y48.A2      net (fanout=1)        0.904   measured_shell/core/evaluator_i/n11<0>
    SLICE_X10Y48.CMUX    Topac                 0.625   measured_shell/core/evaluator_i/Mmux_p113_rs_cy<4>
                                                       measured_shell/core/evaluator_i/Mmux_p113_A91
                                                       measured_shell/core/evaluator_i/Mmux_p113_rs_cy<4>
    SLICE_X10Y52.B2      net (fanout=3)        1.686   measured_shell/core/evaluator_i/Mmux_p113_split<3>
    SLICE_X10Y52.COUT    Topcyb                0.390   measured_shell/core/evaluator_i/Mcompar_p11[17]_p10[17]_LessThan_33_o_cy<3>
                                                       measured_shell/core/evaluator_i/Mcompar_p11[17]_p10[17]_LessThan_33_o_lutdi1
                                                       measured_shell/core/evaluator_i/Mcompar_p11[17]_p10[17]_LessThan_33_o_cy<3>
    SLICE_X10Y53.CIN     net (fanout=1)        0.003   measured_shell/core/evaluator_i/Mcompar_p11[17]_p10[17]_LessThan_33_o_cy<3>
    SLICE_X10Y53.COUT    Tbyp                  0.093   measured_shell/core/evaluator_i/Mcompar_p11[17]_p10[17]_LessThan_33_o_cy<7>
                                                       measured_shell/core/evaluator_i/Mcompar_p11[17]_p10[17]_LessThan_33_o_cy<7>
    SLICE_X10Y54.CIN     net (fanout=1)        0.003   measured_shell/core/evaluator_i/Mcompar_p11[17]_p10[17]_LessThan_33_o_cy<7>
    SLICE_X10Y54.AMUX    Tcina                 0.230   measured_shell/core/evaluator_i/p11[17]_p10[17]_LessThan_33_o
                                                       measured_shell/core/evaluator_i/Mcompar_p11[17]_p10[17]_LessThan_33_o_cy<8>
    SLICE_X13Y52.A3      net (fanout=18)       0.857   measured_shell/core/evaluator_i/p11[17]_p10[17]_LessThan_33_o
    SLICE_X13Y52.A       Tilo                  0.259   measured_shell/core/evaluator_i/lam2_0_4
                                                       measured_shell/core/evaluator_i/Mmux_score1131
    SLICE_X14Y45.B1      net (fanout=2)        1.685   measured_shell/core/evaluator_i/score1<4>
    SLICE_X14Y45.COUT    Topcyb                0.483   measured_shell/core/evaluator_i/Mcompar_score0[17]_score1[17]_equal_39_o_cy<3>
                                                       measured_shell/core/evaluator_i/Mcompar_score0[17]_score1[17]_equal_39_o_lut<1>
                                                       measured_shell/core/evaluator_i/Mcompar_score0[17]_score1[17]_equal_39_o_cy<3>
    SLICE_X14Y46.CIN     net (fanout=1)        0.003   measured_shell/core/evaluator_i/Mcompar_score0[17]_score1[17]_equal_39_o_cy<3>
    SLICE_X14Y46.BMUX    Tcinb                 0.286   measured_shell/core/evaluator_i/quotient<3>
                                                       measured_shell/core/evaluator_i/Mcompar_score0[17]_score1[17]_equal_39_o_cy<5>
    SLICE_X15Y47.A3      net (fanout=1)        0.567   measured_shell/core/evaluator_i/score0[17]_score1[17]_equal_39_o
    SLICE_X15Y47.CLK     Tas                   0.373   measured_shell/core/evaluator_i/selected_slot<0>
                                                       measured_shell/core/evaluator_i/Mmux_slot1[1]_slot0[1]_mux_130_OUT11
                                                       measured_shell/core/evaluator_i/selected_slot_0
    -------------------------------------------------  ---------------------------
    Total                                      8.877ns (3.169ns logic, 5.708ns route)
                                                       (35.7% logic, 64.3% route)

--------------------------------------------------------------------------------
Slack:                  1.080ns (requirement - (data path - clock path skew + uncertainty))
  Source:               measured_shell/core/evaluator_i/lam2_0_9 (FF)
  Destination:          measured_shell/core/evaluator_i/selected_slot_0 (FF)
  Requirement:          10.000ns
  Data Path Delay:      8.856ns (Levels of Logic = 8)
  Clock Path Skew:      -0.029ns (0.425 - 0.454)
  Source Clock:         clk_100mhz_BUFGP rising at 0.000ns
  Destination Clock:    clk_100mhz_BUFGP rising at 10.000ns
  Clock Uncertainty:    0.035ns

  Clock Uncertainty:          0.035ns  ((TSJ^2 + TIJ^2)^1/2 + DJ) / 2 + PE
    Total System Jitter (TSJ):  0.070ns
    Total Input Jitter (TIJ):   0.000ns
    Discrete Jitter (DJ):       0.000ns
    Phase Error (PE):           0.000ns

  Maximum Data Path at Slow Process Corner: measured_shell/core/evaluator_i/lam2_0_9 to measured_shell/core/evaluator_i/selected_slot_0
    Location             Delay type         Delay(ns)  Physical Resource
                                                       Logical Resource(s)
    -------------------------------------------------  -------------------
    SLICE_X13Y48.AMUX    Tshcko                0.518   measured_shell/core/evaluator_i/lam2_0_8
                                                       measured_shell/core/evaluator_i/lam2_0_9
    SLICE_X10Y48.B3      net (fanout=12)       0.677   measured_shell/core/evaluator_i/lam2_0_9
    SLICE_X10Y48.CMUX    Topbc                 0.650   measured_shell/core/evaluator_i/Mmux_p113_rs_cy<4>
                                                       measured_shell/core/evaluator_i/Mmux_p113_A1011
                                                       measured_shell/core/evaluator_i/Mmux_p113_rs_cy<4>
    SLICE_X10Y52.B2      net (fanout=3)        1.686   measured_shell/core/evaluator_i/Mmux_p113_split<3>
    SLICE_X10Y52.COUT    Topcyb                0.483   measured_shell/core/evaluator_i/Mcompar_p11[17]_p10[17]_LessThan_33_o_cy<3>
                                                       measured_shell/core/evaluator_i/Mcompar_p11[17]_p10[17]_LessThan_33_o_lut<1>
                                                       measured_shell/core/evaluator_i/Mcompar_p11[17]_p10[17]_LessThan_33_o_cy<3>
    SLICE_X10Y53.CIN     net (fanout=1)        0.003   measured_shell/core/evaluator_i/Mcompar_p11[17]_p10[17]_LessThan_33_o_cy<3>
    SLICE_X10Y53.COUT    Tbyp                  0.093   measured_shell/core/evaluator_i/Mcompar_p11[17]_p10[17]_LessThan_33_o_cy<7>
                                                       measured_shell/core/evaluator_i/Mcompar_p11[17]_p10[17]_LessThan_33_o_cy<7>
    SLICE_X10Y54.CIN     net (fanout=1)        0.003   measured_shell/core/evaluator_i/Mcompar_p11[17]_p10[17]_LessThan_33_o_cy<7>
    SLICE_X10Y54.AMUX    Tcina                 0.230   measured_shell/core/evaluator_i/p11[17]_p10[17]_LessThan_33_o
                                                       measured_shell/core/evaluator_i/Mcompar_p11[17]_p10[17]_LessThan_33_o_cy<8>
    SLICE_X13Y52.A3      net (fanout=18)       0.857   measured_shell/core/evaluator_i/p11[17]_p10[17]_LessThan_33_o
    SLICE_X13Y52.A       Tilo                  0.259   measured_shell/core/evaluator_i/lam2_0_4
                                                       measured_shell/core/evaluator_i/Mmux_score1131
    SLICE_X14Y45.B1      net (fanout=2)        1.685   measured_shell/core/evaluator_i/score1<4>
    SLICE_X14Y45.COUT    Topcyb                0.483   measured_shell/core/evaluator_i/Mcompar_score0[17]_score1[17]_equal_39_o_cy<3>
                                                       measured_shell/core/evaluator_i/Mcompar_score0[17]_score1[17]_equal_39_o_lut<1>
                                                       measured_shell/core/evaluator_i/Mcompar_score0[17]_score1[17]_equal_39_o_cy<3>
    SLICE_X14Y46.CIN     net (fanout=1)        0.003   measured_shell/core/evaluator_i/Mcompar_score0[17]_score1[17]_equal_39_o_cy<3>
    SLICE_X14Y46.BMUX    Tcinb                 0.286   measured_shell/core/evaluator_i/quotient<3>
                                                       measured_shell/core/evaluator_i/Mcompar_score0[17]_score1[17]_equal_39_o_cy<5>
    SLICE_X15Y47.A3      net (fanout=1)        0.567   measured_shell/core/evaluator_i/score0[17]_score1[17]_equal_39_o
    SLICE_X15Y47.CLK     Tas                   0.373   measured_shell/core/evaluator_i/selected_slot<0>
                                                       measured_shell/core/evaluator_i/Mmux_slot1[1]_slot0[1]_mux_130_OUT11
                                                       measured_shell/core/evaluator_i/selected_slot_0
    -------------------------------------------------  ---------------------------
    Total                                      8.856ns (3.375ns logic, 5.481ns route)
                                                       (38.1% logic, 61.9% route)

--------------------------------------------------------------------------------
Slack:                  1.117ns (requirement - (data path - clock path skew + uncertainty))
  Source:               measured_shell/core/evaluator_i/lam2_0_4 (FF)
  Destination:          measured_shell/core/evaluator_i/selected_slot_0 (FF)
  Requirement:          10.000ns
  Data Path Delay:      8.825ns (Levels of Logic = 8)
  Clock Path Skew:      -0.023ns (0.425 - 0.448)
  Source Clock:         clk_100mhz_BUFGP rising at 0.000ns
  Destination Clock:    clk_100mhz_BUFGP rising at 10.000ns
  Clock Uncertainty:    0.035ns

  Clock Uncertainty:          0.035ns  ((TSJ^2 + TIJ^2)^1/2 + DJ) / 2 + PE
    Total System Jitter (TSJ):  0.070ns
    Total Input Jitter (TIJ):   0.000ns
    Discrete Jitter (DJ):       0.000ns
    Phase Error (PE):           0.000ns

  Maximum Data Path at Slow Process Corner: measured_shell/core/evaluator_i/lam2_0_4 to measured_shell/core/evaluator_i/selected_slot_0
    Location             Delay type         Delay(ns)  Physical Resource
                                                       Logical Resource(s)
    -------------------------------------------------  -------------------
    SLICE_X13Y52.DQ      Tcko                  0.430   measured_shell/core/evaluator_i/lam2_0_4
                                                       measured_shell/core/evaluator_i/lam2_0_4
    SLICE_X10Y50.B2      net (fanout=18)       1.167   measured_shell/core/evaluator_i/lam2_0_4
    SLICE_X10Y50.COUT    Topcyb                0.483   measured_shell/core/evaluator_i/Mmux_p113_rs_cy<12>
                                                       measured_shell/core/evaluator_i/Mmux_p113_A211
                                                       measured_shell/core/evaluator_i/Mmux_p113_rs_cy<12>
    SLICE_X10Y51.CIN     net (fanout=1)        0.003   measured_shell/core/evaluator_i/Mmux_p113_rs_cy<12>
    SLICE_X10Y51.BMUX    Tcinb                 0.310   measured_shell/core/evaluator_i/Mmux_p113_split<16>
                                                       measured_shell/core/evaluator_i/Mmux_p113_rs_cy<16>
    SLICE_X10Y53.D2      net (fanout=3)        1.343   measured_shell/core/evaluator_i/Mmux_p113_split<14>
    SLICE_X10Y53.COUT    Topcyd                0.343   measured_shell/core/evaluator_i/Mcompar_p11[17]_p10[17]_LessThan_33_o_cy<7>
                                                       measured_shell/core/evaluator_i/Mcompar_p11[17]_p10[17]_LessThan_33_o_lutdi7
                                                       measured_shell/core/evaluator_i/Mcompar_p11[17]_p10[17]_LessThan_33_o_cy<7>
    SLICE_X10Y54.CIN     net (fanout=1)        0.003   measured_shell/core/evaluator_i/Mcompar_p11[17]_p10[17]_LessThan_33_o_cy<7>
    SLICE_X10Y54.AMUX    Tcina                 0.230   measured_shell/core/evaluator_i/p11[17]_p10[17]_LessThan_33_o
                                                       measured_shell/core/evaluator_i/Mcompar_p11[17]_p10[17]_LessThan_33_o_cy<8>
    SLICE_X13Y52.A3      net (fanout=18)       0.857   measured_shell/core/evaluator_i/p11[17]_p10[17]_LessThan_33_o
    SLICE_X13Y52.A       Tilo                  0.259   measured_shell/core/evaluator_i/lam2_0_4
                                                       measured_shell/core/evaluator_i/Mmux_score1131
    SLICE_X14Y45.B1      net (fanout=2)        1.685   measured_shell/core/evaluator_i/score1<4>
    SLICE_X14Y45.COUT    Topcyb                0.483   measured_shell/core/evaluator_i/Mcompar_score0[17]_score1[17]_equal_39_o_cy<3>
                                                       measured_shell/core/evaluator_i/Mcompar_score0[17]_score1[17]_equal_39_o_lut<1>
                                                       measured_shell/core/evaluator_i/Mcompar_score0[17]_score1[17]_equal_39_o_cy<3>
    SLICE_X14Y46.CIN     net (fanout=1)        0.003   measured_shell/core/evaluator_i/Mcompar_score0[17]_score1[17]_equal_39_o_cy<3>
    SLICE_X14Y46.BMUX    Tcinb                 0.286   measured_shell/core/evaluator_i/quotient<3>
                                                       measured_shell/core/evaluator_i/Mcompar_score0[17]_score1[17]_equal_39_o_cy<5>
    SLICE_X15Y47.A3      net (fanout=1)        0.567   measured_shell/core/evaluator_i/score0[17]_score1[17]_equal_39_o
    SLICE_X15Y47.CLK     Tas                   0.373   measured_shell/core/evaluator_i/selected_slot<0>
                                                       measured_shell/core/evaluator_i/Mmux_slot1[1]_slot0[1]_mux_130_OUT11
                                                       measured_shell/core/evaluator_i/selected_slot_0
    -------------------------------------------------  ---------------------------
    Total                                      8.825ns (3.197ns logic, 5.628ns route)
                                                       (36.2% logic, 63.8% route)

--------------------------------------------------------------------------------

Paths for end point measured_shell/core/evaluator_i/divisor_6 (SLICE_X14Y34.A4), 77 paths
--------------------------------------------------------------------------------
Slack:                  3.231ns (requirement - (data path - clock path skew + uncertainty))
  Source:               measured_shell/core/evaluator_i/hops1_1 (FF)
  Destination:          measured_shell/core/evaluator_i/divisor_6 (FF)
  Requirement:          10.000ns
  Data Path Delay:      6.722ns (Levels of Logic = 8)
  Clock Path Skew:      -0.012ns (0.422 - 0.434)
  Source Clock:         clk_100mhz_BUFGP rising at 0.000ns
  Destination Clock:    clk_100mhz_BUFGP rising at 10.000ns
  Clock Uncertainty:    0.035ns

  Clock Uncertainty:          0.035ns  ((TSJ^2 + TIJ^2)^1/2 + DJ) / 2 + PE
    Total System Jitter (TSJ):  0.070ns
    Total Input Jitter (TIJ):   0.000ns
    Discrete Jitter (DJ):       0.000ns
    Phase Error (PE):           0.000ns

  Maximum Data Path at Slow Process Corner: measured_shell/core/evaluator_i/hops1_1 to measured_shell/core/evaluator_i/divisor_6
    Location             Delay type         Delay(ns)  Physical Resource
                                                       Logical Resource(s)
    -------------------------------------------------  -------------------
    SLICE_X19Y37.DQ      Tcko                  0.430   measured_shell/core/evaluator_i/hops1<1>
                                                       measured_shell/core/evaluator_i/hops1_1
    SLICE_X17Y35.D3      net (fanout=10)       1.091   measured_shell/core/evaluator_i/hops1<1>
    SLICE_X17Y35.D       Tilo                  0.259   measured_shell/core/evaluator_i/objective<1>
                                                       measured_shell/core/evaluator_i/obj1<3>11
    SLICE_X16Y35.A3      net (fanout=1)        1.249   measured_shell/core/evaluator_i/obj1<3>
    SLICE_X16Y35.COUT    Topcya                0.495   measured_shell/core/evaluator_i/Mcompar_obj1[31]_obj0[31]_LessThan_11_o_cy<4>
                                                       measured_shell/core/evaluator_i/Mcompar_obj1[31]_obj0[31]_LessThan_11_o_lutdi1
                                                       measured_shell/core/evaluator_i/Mcompar_obj1[31]_obj0[31]_LessThan_11_o_cy<4>
    SLICE_X16Y36.CIN     net (fanout=1)        0.003   measured_shell/core/evaluator_i/Mcompar_obj1[31]_obj0[31]_LessThan_11_o_cy<4>
    SLICE_X16Y36.COUT    Tbyp                  0.091   measured_shell/core/evaluator_i/Mcompar_obj1[31]_obj0[31]_LessThan_11_o_cy<8>
                                                       measured_shell/core/evaluator_i/Mcompar_obj1[31]_obj0[31]_LessThan_11_o_cy<8>
    SLICE_X16Y37.CIN     net (fanout=1)        0.003   measured_shell/core/evaluator_i/Mcompar_obj1[31]_obj0[31]_LessThan_11_o_cy<8>
    SLICE_X16Y37.COUT    Tbyp                  0.091   measured_shell/core/evaluator_i/Mcompar_obj1[31]_obj0[31]_LessThan_11_o_cy<12>
                                                       measured_shell/core/evaluator_i/Mcompar_obj1[31]_obj0[31]_LessThan_11_o_cy<12>
    SLICE_X16Y38.CIN     net (fanout=1)        0.003   measured_shell/core/evaluator_i/Mcompar_obj1[31]_obj0[31]_LessThan_11_o_cy<12>
    SLICE_X16Y38.CMUX    Tcinc                 0.296   measured_shell/core/evaluator_i/Mcompar_obj1[31]_obj0[31]_LessThan_11_o_cy<15>
                                                       measured_shell/core/evaluator_i/Mcompar_obj1[31]_obj0[31]_LessThan_11_o_cy<15>
    SLICE_X16Y33.C4      net (fanout=3)        1.021   measured_shell/core/evaluator_i/Mcompar_obj1[31]_obj0[31]_LessThan_11_o_cy<15>
    SLICE_X16Y33.COUT    Topcyc                0.348   measured_shell/core/evaluator_i/Mmux_difference_rs_cy<3>
                                                       measured_shell/core/evaluator_i/Mmux_difference_rs_A<2>1
                                                       measured_shell/core/evaluator_i/Mmux_difference_rs_cy<3>
    SLICE_X16Y34.CIN     net (fanout=1)        0.003   measured_shell/core/evaluator_i/Mmux_difference_rs_cy<3>
    SLICE_X16Y34.BMUX    Tcinb                 0.277   measured_shell/core/evaluator_i/difference<6>
                                                       measured_shell/core/evaluator_i/Mmux_difference_rs_xor<6>
    SLICE_X14Y34.A4      net (fanout=1)        0.537   measured_shell/core/evaluator_i/difference<5>
    SLICE_X14Y34.CLK     Tas                   0.525   measured_shell/core/evaluator_i/divisor<6>
                                                       measured_shell/core/evaluator_i/difference<5>_rt
                                                       measured_shell/core/evaluator_i/Madd_n0506_xor<6>
                                                       measured_shell/core/evaluator_i/divisor_6
    -------------------------------------------------  ---------------------------
    Total                                      6.722ns (2.812ns logic, 3.910ns route)
                                                       (41.8% logic, 58.2% route)

--------------------------------------------------------------------------------
Slack:                  3.254ns (requirement - (data path - clock path skew + uncertainty))
  Source:               measured_shell/core/evaluator_i/hops1_1 (FF)
  Destination:          measured_shell/core/evaluator_i/divisor_6 (FF)
  Requirement:          10.000ns
  Data Path Delay:      6.699ns (Levels of Logic = 8)
  Clock Path Skew:      -0.012ns (0.422 - 0.434)
  Source Clock:         clk_100mhz_BUFGP rising at 0.000ns
  Destination Clock:    clk_100mhz_BUFGP rising at 10.000ns
  Clock Uncertainty:    0.035ns

  Clock Uncertainty:          0.035ns  ((TSJ^2 + TIJ^2)^1/2 + DJ) / 2 + PE
    Total System Jitter (TSJ):  0.070ns
    Total Input Jitter (TIJ):   0.000ns
    Discrete Jitter (DJ):       0.000ns
    Phase Error (PE):           0.000ns

  Maximum Data Path at Slow Process Corner: measured_shell/core/evaluator_i/hops1_1 to measured_shell/core/evaluator_i/divisor_6
    Location             Delay type         Delay(ns)  Physical Resource
                                                       Logical Resource(s)
    -------------------------------------------------  -------------------
    SLICE_X19Y37.DQ      Tcko                  0.430   measured_shell/core/evaluator_i/hops1<1>
                                                       measured_shell/core/evaluator_i/hops1_1
    SLICE_X17Y35.D3      net (fanout=10)       1.091   measured_shell/core/evaluator_i/hops1<1>
    SLICE_X17Y35.D       Tilo                  0.259   measured_shell/core/evaluator_i/objective<1>
                                                       measured_shell/core/evaluator_i/obj1<3>11
    SLICE_X16Y35.A3      net (fanout=1)        1.249   measured_shell/core/evaluator_i/obj1<3>
    SLICE_X16Y35.COUT    Topcya                0.472   measured_shell/core/evaluator_i/Mcompar_obj1[31]_obj0[31]_LessThan_11_o_cy<4>
                                                       measured_shell/core/evaluator_i/Mcompar_obj1[31]_obj0[31]_LessThan_11_o_lut<1>
                                                       measured_shell/core/evaluator_i/Mcompar_obj1[31]_obj0[31]_LessThan_11_o_cy<4>
    SLICE_X16Y36.CIN     net (fanout=1)        0.003   measured_shell/core/evaluator_i/Mcompar_obj1[31]_obj0[31]_LessThan_11_o_cy<4>
    SLICE_X16Y36.COUT    Tbyp                  0.091   measured_shell/core/evaluator_i/Mcompar_obj1[31]_obj0[31]_LessThan_11_o_cy<8>
                                                       measured_shell/core/evaluator_i/Mcompar_obj1[31]_obj0[31]_LessThan_11_o_cy<8>
    SLICE_X16Y37.CIN     net (fanout=1)        0.003   measured_shell/core/evaluator_i/Mcompar_obj1[31]_obj0[31]_LessThan_11_o_cy<8>
    SLICE_X16Y37.COUT    Tbyp                  0.091   measured_shell/core/evaluator_i/Mcompar_obj1[31]_obj0[31]_LessThan_11_o_cy<12>
                                                       measured_shell/core/evaluator_i/Mcompar_obj1[31]_obj0[31]_LessThan_11_o_cy<12>
    SLICE_X16Y38.CIN     net (fanout=1)        0.003   measured_shell/core/evaluator_i/Mcompar_obj1[31]_obj0[31]_LessThan_11_o_cy<12>
    SLICE_X16Y38.CMUX    Tcinc                 0.296   measured_shell/core/evaluator_i/Mcompar_obj1[31]_obj0[31]_LessThan_11_o_cy<15>
                                                       measured_shell/core/evaluator_i/Mcompar_obj1[31]_obj0[31]_LessThan_11_o_cy<15>
    SLICE_X16Y33.C4      net (fanout=3)        1.021   measured_shell/core/evaluator_i/Mcompar_obj1[31]_obj0[31]_LessThan_11_o_cy<15>
    SLICE_X16Y33.COUT    Topcyc                0.348   measured_shell/core/evaluator_i/Mmux_difference_rs_cy<3>
                                                       measured_shell/core/evaluator_i/Mmux_difference_rs_A<2>1
                                                       measured_shell/core/evaluator_i/Mmux_difference_rs_cy<3>
    SLICE_X16Y34.CIN     net (fanout=1)        0.003   measured_shell/core/evaluator_i/Mmux_difference_rs_cy<3>
    SLICE_X16Y34.BMUX    Tcinb                 0.277   measured_shell/core/evaluator_i/difference<6>
                                                       measured_shell/core/evaluator_i/Mmux_difference_rs_xor<6>
    SLICE_X14Y34.A4      net (fanout=1)        0.537   measured_shell/core/evaluator_i/difference<5>
    SLICE_X14Y34.CLK     Tas                   0.525   measured_shell/core/evaluator_i/divisor<6>
                                                       measured_shell/core/evaluator_i/difference<5>_rt
                                                       measured_shell/core/evaluator_i/Madd_n0506_xor<6>
                                                       measured_shell/core/evaluator_i/divisor_6
    -------------------------------------------------  ---------------------------
    Total                                      6.699ns (2.789ns logic, 3.910ns route)
                                                       (41.6% logic, 58.4% route)

--------------------------------------------------------------------------------
Slack:                  3.364ns (requirement - (data path - clock path skew + uncertainty))
  Source:               measured_shell/core/evaluator_i/hops1_1 (FF)
  Destination:          measured_shell/core/evaluator_i/divisor_6 (FF)
  Requirement:          10.000ns
  Data Path Delay:      6.589ns (Levels of Logic = 8)
  Clock Path Skew:      -0.012ns (0.422 - 0.434)
  Source Clock:         clk_100mhz_BUFGP rising at 0.000ns
  Destination Clock:    clk_100mhz_BUFGP rising at 10.000ns
  Clock Uncertainty:    0.035ns

  Clock Uncertainty:          0.035ns  ((TSJ^2 + TIJ^2)^1/2 + DJ) / 2 + PE
    Total System Jitter (TSJ):  0.070ns
    Total Input Jitter (TIJ):   0.000ns
    Discrete Jitter (DJ):       0.000ns
    Phase Error (PE):           0.000ns

  Maximum Data Path at Slow Process Corner: measured_shell/core/evaluator_i/hops1_1 to measured_shell/core/evaluator_i/divisor_6
    Location             Delay type         Delay(ns)  Physical Resource
                                                       Logical Resource(s)
    -------------------------------------------------  -------------------
    SLICE_X19Y37.DQ      Tcko                  0.430   measured_shell/core/evaluator_i/hops1<1>
                                                       measured_shell/core/evaluator_i/hops1_1
    SLICE_X17Y35.D3      net (fanout=10)       1.091   measured_shell/core/evaluator_i/hops1<1>
    SLICE_X17Y35.D       Tilo                  0.259   measured_shell/core/evaluator_i/objective<1>
                                                       measured_shell/core/evaluator_i/obj1<3>11
    SLICE_X16Y35.A3      net (fanout=1)        1.249   measured_shell/core/evaluator_i/obj1<3>
    SLICE_X16Y35.COUT    Topcya                0.495   measured_shell/core/evaluator_i/Mcompar_obj1[31]_obj0[31]_LessThan_11_o_cy<4>
                                                       measured_shell/core/evaluator_i/Mcompar_obj1[31]_obj0[31]_LessThan_11_o_lutdi1
                                                       measured_shell/core/evaluator_i/Mcompar_obj1[31]_obj0[31]_LessThan_11_o_cy<4>
    SLICE_X16Y36.CIN     net (fanout=1)        0.003   measured_shell/core/evaluator_i/Mcompar_obj1[31]_obj0[31]_LessThan_11_o_cy<4>
    SLICE_X16Y36.COUT    Tbyp                  0.091   measured_shell/core/evaluator_i/Mcompar_obj1[31]_obj0[31]_LessThan_11_o_cy<8>
                                                       measured_shell/core/evaluator_i/Mcompar_obj1[31]_obj0[31]_LessThan_11_o_cy<8>
    SLICE_X16Y37.CIN     net (fanout=1)        0.003   measured_shell/core/evaluator_i/Mcompar_obj1[31]_obj0[31]_LessThan_11_o_cy<8>
    SLICE_X16Y37.COUT    Tbyp                  0.091   measured_shell/core/evaluator_i/Mcompar_obj1[31]_obj0[31]_LessThan_11_o_cy<12>
                                                       measured_shell/core/evaluator_i/Mcompar_obj1[31]_obj0[31]_LessThan_11_o_cy<12>
    SLICE_X16Y38.CIN     net (fanout=1)        0.003   measured_shell/core/evaluator_i/Mcompar_obj1[31]_obj0[31]_LessThan_11_o_cy<12>
    SLICE_X16Y38.CMUX    Tcinc                 0.296   measured_shell/core/evaluator_i/Mcompar_obj1[31]_obj0[31]_LessThan_11_o_cy<15>
                                                       measured_shell/core/evaluator_i/Mcompar_obj1[31]_obj0[31]_LessThan_11_o_cy<15>
    SLICE_X16Y33.D5      net (fanout=3)        0.901   measured_shell/core/evaluator_i/Mcompar_obj1[31]_obj0[31]_LessThan_11_o_cy<15>
    SLICE_X16Y33.COUT    Topcyd                0.335   measured_shell/core/evaluator_i/Mmux_difference_rs_cy<3>
                                                       measured_shell/core/evaluator_i/Mmux_difference_rs_A<3>1
                                                       measured_shell/core/evaluator_i/Mmux_difference_rs_cy<3>
    SLICE_X16Y34.CIN     net (fanout=1)        0.003   measured_shell/core/evaluator_i/Mmux_difference_rs_cy<3>
    SLICE_X16Y34.BMUX    Tcinb                 0.277   measured_shell/core/evaluator_i/difference<6>
                                                       measured_shell/core/evaluator_i/Mmux_difference_rs_xor<6>
    SLICE_X14Y34.A4      net (fanout=1)        0.537   measured_shell/core/evaluator_i/difference<5>
    SLICE_X14Y34.CLK     Tas                   0.525   measured_shell/core/evaluator_i/divisor<6>
                                                       measured_shell/core/evaluator_i/difference<5>_rt
                                                       measured_shell/core/evaluator_i/Madd_n0506_xor<6>
                                                       measured_shell/core/evaluator_i/divisor_6
    -------------------------------------------------  ---------------------------
    Total                                      6.589ns (2.799ns logic, 3.790ns route)
                                                       (42.5% logic, 57.5% route)

--------------------------------------------------------------------------------
Slack:                  3.387ns (requirement - (data path - clock path skew + uncertainty))
  Source:               measured_shell/core/evaluator_i/hops1_1 (FF)
  Destination:          measured_shell/core/evaluator_i/divisor_6 (FF)
  Requirement:          10.000ns
  Data Path Delay:      6.566ns (Levels of Logic = 8)
  Clock Path Skew:      -0.012ns (0.422 - 0.434)
  Source Clock:         clk_100mhz_BUFGP rising at 0.000ns
  Destination Clock:    clk_100mhz_BUFGP rising at 10.000ns
  Clock Uncertainty:    0.035ns

  Clock Uncertainty:          0.035ns  ((TSJ^2 + TIJ^2)^1/2 + DJ) / 2 + PE
    Total System Jitter (TSJ):  0.070ns
    Total Input Jitter (TIJ):   0.000ns
    Discrete Jitter (DJ):       0.000ns
    Phase Error (PE):           0.000ns

  Maximum Data Path at Slow Process Corner: measured_shell/core/evaluator_i/hops1_1 to measured_shell/core/evaluator_i/divisor_6
    Location             Delay type         Delay(ns)  Physical Resource
                                                       Logical Resource(s)
    -------------------------------------------------  -------------------
    SLICE_X19Y37.DQ      Tcko                  0.430   measured_shell/core/evaluator_i/hops1<1>
                                                       measured_shell/core/evaluator_i/hops1_1
    SLICE_X17Y35.D3      net (fanout=10)       1.091   measured_shell/core/evaluator_i/hops1<1>
    SLICE_X17Y35.D       Tilo                  0.259   measured_shell/core/evaluator_i/objective<1>
                                                       measured_shell/core/evaluator_i/obj1<3>11
    SLICE_X16Y35.A3      net (fanout=1)        1.249   measured_shell/core/evaluator_i/obj1<3>
    SLICE_X16Y35.COUT    Topcya                0.472   measured_shell/core/evaluator_i/Mcompar_obj1[31]_obj0[31]_LessThan_11_o_cy<4>
                                                       measured_shell/core/evaluator_i/Mcompar_obj1[31]_obj0[31]_LessThan_11_o_lut<1>
                                                       measured_shell/core/evaluator_i/Mcompar_obj1[31]_obj0[31]_LessThan_11_o_cy<4>
    SLICE_X16Y36.CIN     net (fanout=1)        0.003   measured_shell/core/evaluator_i/Mcompar_obj1[31]_obj0[31]_LessThan_11_o_cy<4>
    SLICE_X16Y36.COUT    Tbyp                  0.091   measured_shell/core/evaluator_i/Mcompar_obj1[31]_obj0[31]_LessThan_11_o_cy<8>
                                                       measured_shell/core/evaluator_i/Mcompar_obj1[31]_obj0[31]_LessThan_11_o_cy<8>
    SLICE_X16Y37.CIN     net (fanout=1)        0.003   measured_shell/core/evaluator_i/Mcompar_obj1[31]_obj0[31]_LessThan_11_o_cy<8>
    SLICE_X16Y37.COUT    Tbyp                  0.091   measured_shell/core/evaluator_i/Mcompar_obj1[31]_obj0[31]_LessThan_11_o_cy<12>
                                                       measured_shell/core/evaluator_i/Mcompar_obj1[31]_obj0[31]_LessThan_11_o_cy<12>
    SLICE_X16Y38.CIN     net (fanout=1)        0.003   measured_shell/core/evaluator_i/Mcompar_obj1[31]_obj0[31]_LessThan_11_o_cy<12>
    SLICE_X16Y38.CMUX    Tcinc                 0.296   measured_shell/core/evaluator_i/Mcompar_obj1[31]_obj0[31]_LessThan_11_o_cy<15>
                                                       measured_shell/core/evaluator_i/Mcompar_obj1[31]_obj0[31]_LessThan_11_o_cy<15>
    SLICE_X16Y33.D5      net (fanout=3)        0.901   measured_shell/core/evaluator_i/Mcompar_obj1[31]_obj0[31]_LessThan_11_o_cy<15>
    SLICE_X16Y33.COUT    Topcyd                0.335   measured_shell/core/evaluator_i/Mmux_difference_rs_cy<3>
                                                       measured_shell/core/evaluator_i/Mmux_difference_rs_A<3>1
                                                       measured_shell/core/evaluator_i/Mmux_difference_rs_cy<3>
    SLICE_X16Y34.CIN     net (fanout=1)        0.003   measured_shell/core/evaluator_i/Mmux_difference_rs_cy<3>
    SLICE_X16Y34.BMUX    Tcinb                 0.277   measured_shell/core/evaluator_i/difference<6>
                                                       measured_shell/core/evaluator_i/Mmux_difference_rs_xor<6>
    SLICE_X14Y34.A4      net (fanout=1)        0.537   measured_shell/core/evaluator_i/difference<5>
    SLICE_X14Y34.CLK     Tas                   0.525   measured_shell/core/evaluator_i/divisor<6>
                                                       measured_shell/core/evaluator_i/difference<5>_rt
                                                       measured_shell/core/evaluator_i/Madd_n0506_xor<6>
                                                       measured_shell/core/evaluator_i/divisor_6
    -------------------------------------------------  ---------------------------
    Total                                      6.566ns (2.776ns logic, 3.790ns route)
                                                       (42.3% logic, 57.7% route)

--------------------------------------------------------------------------------
Slack:                  3.526ns (requirement - (data path - clock path skew + uncertainty))
  Source:               measured_shell/core/evaluator_i/objective_1 (FF)
  Destination:          measured_shell/core/evaluator_i/divisor_6 (FF)
  Requirement:          10.000ns
  Data Path Delay:      6.428ns (Levels of Logic = 8)
  Clock Path Skew:      -0.011ns (0.302 - 0.313)
  Source Clock:         clk_100mhz_BUFGP rising at 0.000ns
  Destination Clock:    clk_100mhz_BUFGP rising at 10.000ns
  Clock Uncertainty:    0.035ns

  Clock Uncertainty:          0.035ns  ((TSJ^2 + TIJ^2)^1/2 + DJ) / 2 + PE
    Total System Jitter (TSJ):  0.070ns
    Total Input Jitter (TIJ):   0.000ns
    Discrete Jitter (DJ):       0.000ns
    Phase Error (PE):           0.000ns

  Maximum Data Path at Slow Process Corner: measured_shell/core/evaluator_i/objective_1 to measured_shell/core/evaluator_i/divisor_6
    Location             Delay type         Delay(ns)  Physical Resource
                                                       Logical Resource(s)
    -------------------------------------------------  -------------------
    SLICE_X17Y35.AQ      Tcko                  0.430   measured_shell/core/evaluator_i/objective<1>
                                                       measured_shell/core/evaluator_i/objective_1
    SLICE_X17Y35.D2      net (fanout=20)       0.797   measured_shell/core/evaluator_i/objective<1>
    SLICE_X17Y35.D       Tilo                  0.259   measured_shell/core/evaluator_i/objective<1>
                                                       measured_shell/core/evaluator_i/obj1<3>11
    SLICE_X16Y35.A3      net (fanout=1)        1.249   measured_shell/core/evaluator_i/obj1<3>
    SLICE_X16Y35.COUT    Topcya                0.495   measured_shell/core/evaluator_i/Mcompar_obj1[31]_obj0[31]_LessThan_11_o_cy<4>
                                                       measured_shell/core/evaluator_i/Mcompar_obj1[31]_obj0[31]_LessThan_11_o_lutdi1
                                                       measured_shell/core/evaluator_i/Mcompar_obj1[31]_obj0[31]_LessThan_11_o_cy<4>
    SLICE_X16Y36.CIN     net (fanout=1)        0.003   measured_shell/core/evaluator_i/Mcompar_obj1[31]_obj0[31]_LessThan_11_o_cy<4>
    SLICE_X16Y36.COUT    Tbyp                  0.091   measured_shell/core/evaluator_i/Mcompar_obj1[31]_obj0[31]_LessThan_11_o_cy<8>
                                                       measured_shell/core/evaluator_i/Mcompar_obj1[31]_obj0[31]_LessThan_11_o_cy<8>
    SLICE_X16Y37.CIN     net (fanout=1)        0.003   measured_shell/core/evaluator_i/Mcompar_obj1[31]_obj0[31]_LessThan_11_o_cy<8>
    SLICE_X16Y37.COUT    Tbyp                  0.091   measured_shell/core/evaluator_i/Mcompar_obj1[31]_obj0[31]_LessThan_11_o_cy<12>
                                                       measured_shell/core/evaluator_i/Mcompar_obj1[31]_obj0[31]_LessThan_11_o_cy<12>
    SLICE_X16Y38.CIN     net (fanout=1)        0.003   measured_shell/core/evaluator_i/Mcompar_obj1[31]_obj0[31]_LessThan_11_o_cy<12>
    SLICE_X16Y38.CMUX    Tcinc                 0.296   measured_shell/core/evaluator_i/Mcompar_obj1[31]_obj0[31]_LessThan_11_o_cy<15>
                                                       measured_shell/core/evaluator_i/Mcompar_obj1[31]_obj0[31]_LessThan_11_o_cy<15>
    SLICE_X16Y33.C4      net (fanout=3)        1.021   measured_shell/core/evaluator_i/Mcompar_obj1[31]_obj0[31]_LessThan_11_o_cy<15>
    SLICE_X16Y33.COUT    Topcyc                0.348   measured_shell/core/evaluator_i/Mmux_difference_rs_cy<3>
                                                       measured_shell/core/evaluator_i/Mmux_difference_rs_A<2>1
                                                       measured_shell/core/evaluator_i/Mmux_difference_rs_cy<3>
    SLICE_X16Y34.CIN     net (fanout=1)        0.003   measured_shell/core/evaluator_i/Mmux_difference_rs_cy<3>
    SLICE_X16Y34.BMUX    Tcinb                 0.277   measured_shell/core/evaluator_i/difference<6>
                                                       measured_shell/core/evaluator_i/Mmux_difference_rs_xor<6>
    SLICE_X14Y34.A4      net (fanout=1)        0.537   measured_shell/core/evaluator_i/difference<5>
    SLICE_X14Y34.CLK     Tas                   0.525   measured_shell/core/evaluator_i/divisor<6>
                                                       measured_shell/core/evaluator_i/difference<5>_rt
                                                       measured_shell/core/evaluator_i/Madd_n0506_xor<6>
                                                       measured_shell/core/evaluator_i/divisor_6
    -------------------------------------------------  ---------------------------
    Total                                      6.428ns (2.812ns logic, 3.616ns route)
                                                       (43.7% logic, 56.3% route)

--------------------------------------------------------------------------------
Slack:                  3.549ns (requirement - (data path - clock path skew + uncertainty))
  Source:               measured_shell/core/evaluator_i/objective_1 (FF)
  Destination:          measured_shell/core/evaluator_i/divisor_6 (FF)
  Requirement:          10.000ns
  Data Path Delay:      6.405ns (Levels of Logic = 8)
  Clock Path Skew:      -0.011ns (0.302 - 0.313)
  Source Clock:         clk_100mhz_BUFGP rising at 0.000ns
  Destination Clock:    clk_100mhz_BUFGP rising at 10.000ns
  Clock Uncertainty:    0.035ns

  Clock Uncertainty:          0.035ns  ((TSJ^2 + TIJ^2)^1/2 + DJ) / 2 + PE
    Total System Jitter (TSJ):  0.070ns
    Total Input Jitter (TIJ):   0.000ns
    Discrete Jitter (DJ):       0.000ns
    Phase Error (PE):           0.000ns

  Maximum Data Path at Slow Process Corner: measured_shell/core/evaluator_i/objective_1 to measured_shell/core/evaluator_i/divisor_6
    Location             Delay type         Delay(ns)  Physical Resource
                                                       Logical Resource(s)
    -------------------------------------------------  -------------------
    SLICE_X17Y35.AQ      Tcko                  0.430   measured_shell/core/evaluator_i/objective<1>
                                                       measured_shell/core/evaluator_i/objective_1
    SLICE_X17Y35.D2      net (fanout=20)       0.797   measured_shell/core/evaluator_i/objective<1>
    SLICE_X17Y35.D       Tilo                  0.259   measured_shell/core/evaluator_i/objective<1>
                                                       measured_shell/core/evaluator_i/obj1<3>11
    SLICE_X16Y35.A3      net (fanout=1)        1.249   measured_shell/core/evaluator_i/obj1<3>
    SLICE_X16Y35.COUT    Topcya                0.472   measured_shell/core/evaluator_i/Mcompar_obj1[31]_obj0[31]_LessThan_11_o_cy<4>
                                                       measured_shell/core/evaluator_i/Mcompar_obj1[31]_obj0[31]_LessThan_11_o_lut<1>
                                                       measured_shell/core/evaluator_i/Mcompar_obj1[31]_obj0[31]_LessThan_11_o_cy<4>
    SLICE_X16Y36.CIN     net (fanout=1)        0.003   measured_shell/core/evaluator_i/Mcompar_obj1[31]_obj0[31]_LessThan_11_o_cy<4>
    SLICE_X16Y36.COUT    Tbyp                  0.091   measured_shell/core/evaluator_i/Mcompar_obj1[31]_obj0[31]_LessThan_11_o_cy<8>
                                                       measured_shell/core/evaluator_i/Mcompar_obj1[31]_obj0[31]_LessThan_11_o_cy<8>
    SLICE_X16Y37.CIN     net (fanout=1)        0.003   measured_shell/core/evaluator_i/Mcompar_obj1[31]_obj0[31]_LessThan_11_o_cy<8>
    SLICE_X16Y37.COUT    Tbyp                  0.091   measured_shell/core/evaluator_i/Mcompar_obj1[31]_obj0[31]_LessThan_11_o_cy<12>
                                                       measured_shell/core/evaluator_i/Mcompar_obj1[31]_obj0[31]_LessThan_11_o_cy<12>
    SLICE_X16Y38.CIN     net (fanout=1)        0.003   measured_shell/core/evaluator_i/Mcompar_obj1[31]_obj0[31]_LessThan_11_o_cy<12>
    SLICE_X16Y38.CMUX    Tcinc                 0.296   measured_shell/core/evaluator_i/Mcompar_obj1[31]_obj0[31]_LessThan_11_o_cy<15>
                                                       measured_shell/core/evaluator_i/Mcompar_obj1[31]_obj0[31]_LessThan_11_o_cy<15>
    SLICE_X16Y33.C4      net (fanout=3)        1.021   measured_shell/core/evaluator_i/Mcompar_obj1[31]_obj0[31]_LessThan_11_o_cy<15>
    SLICE_X16Y33.COUT    Topcyc                0.348   measured_shell/core/evaluator_i/Mmux_difference_rs_cy<3>
                                                       measured_shell/core/evaluator_i/Mmux_difference_rs_A<2>1
                                                       measured_shell/core/evaluator_i/Mmux_difference_rs_cy<3>
    SLICE_X16Y34.CIN     net (fanout=1)        0.003   measured_shell/core/evaluator_i/Mmux_difference_rs_cy<3>
    SLICE_X16Y34.BMUX    Tcinb                 0.277   measured_shell/core/evaluator_i/difference<6>
                                                       measured_shell/core/evaluator_i/Mmux_difference_rs_xor<6>
    SLICE_X14Y34.A4      net (fanout=1)        0.537   measured_shell/core/evaluator_i/difference<5>
    SLICE_X14Y34.CLK     Tas                   0.525   measured_shell/core/evaluator_i/divisor<6>
                                                       measured_shell/core/evaluator_i/difference<5>_rt
                                                       measured_shell/core/evaluator_i/Madd_n0506_xor<6>
                                                       measured_shell/core/evaluator_i/divisor_6
    -------------------------------------------------  ---------------------------
    Total                                      6.405ns (2.789ns logic, 3.616ns route)
                                                       (43.5% logic, 56.5% route)

--------------------------------------------------------------------------------
Slack:                  3.659ns (requirement - (data path - clock path skew + uncertainty))
  Source:               measured_shell/core/evaluator_i/objective_1 (FF)
  Destination:          measured_shell/core/evaluator_i/divisor_6 (FF)
  Requirement:          10.000ns
  Data Path Delay:      6.295ns (Levels of Logic = 8)
  Clock Path Skew:      -0.011ns (0.302 - 0.313)
  Source Clock:         clk_100mhz_BUFGP rising at 0.000ns
  Destination Clock:    clk_100mhz_BUFGP rising at 10.000ns
  Clock Uncertainty:    0.035ns

  Clock Uncertainty:          0.035ns  ((TSJ^2 + TIJ^2)^1/2 + DJ) / 2 + PE
    Total System Jitter (TSJ):  0.070ns
    Total Input Jitter (TIJ):   0.000ns
    Discrete Jitter (DJ):       0.000ns
    Phase Error (PE):           0.000ns

  Maximum Data Path at Slow Process Corner: measured_shell/core/evaluator_i/objective_1 to measured_shell/core/evaluator_i/divisor_6
    Location             Delay type         Delay(ns)  Physical Resource
                                                       Logical Resource(s)
    -------------------------------------------------  -------------------
    SLICE_X17Y35.AQ      Tcko                  0.430   measured_shell/core/evaluator_i/objective<1>
                                                       measured_shell/core/evaluator_i/objective_1
    SLICE_X17Y35.D2      net (fanout=20)       0.797   measured_shell/core/evaluator_i/objective<1>
    SLICE_X17Y35.D       Tilo                  0.259   measured_shell/core/evaluator_i/objective<1>
                                                       measured_shell/core/evaluator_i/obj1<3>11
    SLICE_X16Y35.A3      net (fanout=1)        1.249   measured_shell/core/evaluator_i/obj1<3>
    SLICE_X16Y35.COUT    Topcya                0.495   measured_shell/core/evaluator_i/Mcompar_obj1[31]_obj0[31]_LessThan_11_o_cy<4>
                                                       measured_shell/core/evaluator_i/Mcompar_obj1[31]_obj0[31]_LessThan_11_o_lutdi1
                                                       measured_shell/core/evaluator_i/Mcompar_obj1[31]_obj0[31]_LessThan_11_o_cy<4>
    SLICE_X16Y36.CIN     net (fanout=1)        0.003   measured_shell/core/evaluator_i/Mcompar_obj1[31]_obj0[31]_LessThan_11_o_cy<4>
    SLICE_X16Y36.COUT    Tbyp                  0.091   measured_shell/core/evaluator_i/Mcompar_obj1[31]_obj0[31]_LessThan_11_o_cy<8>
                                                       measured_shell/core/evaluator_i/Mcompar_obj1[31]_obj0[31]_LessThan_11_o_cy<8>
    SLICE_X16Y37.CIN     net (fanout=1)        0.003   measured_shell/core/evaluator_i/Mcompar_obj1[31]_obj0[31]_LessThan_11_o_cy<8>
    SLICE_X16Y37.COUT    Tbyp                  0.091   measured_shell/core/evaluator_i/Mcompar_obj1[31]_obj0[31]_LessThan_11_o_cy<12>
                                                       measured_shell/core/evaluator_i/Mcompar_obj1[31]_obj0[31]_LessThan_11_o_cy<12>
    SLICE_X16Y38.CIN     net (fanout=1)        0.003   measured_shell/core/evaluator_i/Mcompar_obj1[31]_obj0[31]_LessThan_11_o_cy<12>
    SLICE_X16Y38.CMUX    Tcinc                 0.296   measured_shell/core/evaluator_i/Mcompar_obj1[31]_obj0[31]_LessThan_11_o_cy<15>
                                                       measured_shell/core/evaluator_i/Mcompar_obj1[31]_obj0[31]_LessThan_11_o_cy<15>
    SLICE_X16Y33.D5      net (fanout=3)        0.901   measured_shell/core/evaluator_i/Mcompar_obj1[31]_obj0[31]_LessThan_11_o_cy<15>
    SLICE_X16Y33.COUT    Topcyd                0.335   measured_shell/core/evaluator_i/Mmux_difference_rs_cy<3>
                                                       measured_shell/core/evaluator_i/Mmux_difference_rs_A<3>1
                                                       measured_shell/core/evaluator_i/Mmux_difference_rs_cy<3>
    SLICE_X16Y34.CIN     net (fanout=1)        0.003   measured_shell/core/evaluator_i/Mmux_difference_rs_cy<3>
    SLICE_X16Y34.BMUX    Tcinb                 0.277   measured_shell/core/evaluator_i/difference<6>
                                                       measured_shell/core/evaluator_i/Mmux_difference_rs_xor<6>
    SLICE_X14Y34.A4      net (fanout=1)        0.537   measured_shell/core/evaluator_i/difference<5>
    SLICE_X14Y34.CLK     Tas                   0.525   measured_shell/core/evaluator_i/divisor<6>
                                                       measured_shell/core/evaluator_i/difference<5>_rt
                                                       measured_shell/core/evaluator_i/Madd_n0506_xor<6>
                                                       measured_shell/core/evaluator_i/divisor_6
    -------------------------------------------------  ---------------------------
    Total                                      6.295ns (2.799ns logic, 3.496ns route)
                                                       (44.5% logic, 55.5% route)

--------------------------------------------------------------------------------
Slack:                  3.682ns (requirement - (data path - clock path skew + uncertainty))
  Source:               measured_shell/core/evaluator_i/objective_1 (FF)
  Destination:          measured_shell/core/evaluator_i/divisor_6 (FF)
  Requirement:          10.000ns
  Data Path Delay:      6.272ns (Levels of Logic = 8)
  Clock Path Skew:      -0.011ns (0.302 - 0.313)
  Source Clock:         clk_100mhz_BUFGP rising at 0.000ns
  Destination Clock:    clk_100mhz_BUFGP rising at 10.000ns
  Clock Uncertainty:    0.035ns

  Clock Uncertainty:          0.035ns  ((TSJ^2 + TIJ^2)^1/2 + DJ) / 2 + PE
    Total System Jitter (TSJ):  0.070ns
    Total Input Jitter (TIJ):   0.000ns
    Discrete Jitter (DJ):       0.000ns
    Phase Error (PE):           0.000ns

  Maximum Data Path at Slow Process Corner: measured_shell/core/evaluator_i/objective_1 to measured_shell/core/evaluator_i/divisor_6
    Location             Delay type         Delay(ns)  Physical Resource
                                                       Logical Resource(s)
    -------------------------------------------------  -------------------
    SLICE_X17Y35.AQ      Tcko                  0.430   measured_shell/core/evaluator_i/objective<1>
                                                       measured_shell/core/evaluator_i/objective_1
    SLICE_X17Y35.D2      net (fanout=20)       0.797   measured_shell/core/evaluator_i/objective<1>
    SLICE_X17Y35.D       Tilo                  0.259   measured_shell/core/evaluator_i/objective<1>
                                                       measured_shell/core/evaluator_i/obj1<3>11
    SLICE_X16Y35.A3      net (fanout=1)        1.249   measured_shell/core/evaluator_i/obj1<3>
    SLICE_X16Y35.COUT    Topcya                0.472   measured_shell/core/evaluator_i/Mcompar_obj1[31]_obj0[31]_LessThan_11_o_cy<4>
                                                       measured_shell/core/evaluator_i/Mcompar_obj1[31]_obj0[31]_LessThan_11_o_lut<1>
                                                       measured_shell/core/evaluator_i/Mcompar_obj1[31]_obj0[31]_LessThan_11_o_cy<4>
    SLICE_X16Y36.CIN     net (fanout=1)        0.003   measured_shell/core/evaluator_i/Mcompar_obj1[31]_obj0[31]_LessThan_11_o_cy<4>
    SLICE_X16Y36.COUT    Tbyp                  0.091   measured_shell/core/evaluator_i/Mcompar_obj1[31]_obj0[31]_LessThan_11_o_cy<8>
                                                       measured_shell/core/evaluator_i/Mcompar_obj1[31]_obj0[31]_LessThan_11_o_cy<8>
    SLICE_X16Y37.CIN     net (fanout=1)        0.003   measured_shell/core/evaluator_i/Mcompar_obj1[31]_obj0[31]_LessThan_11_o_cy<8>
    SLICE_X16Y37.COUT    Tbyp                  0.091   measured_shell/core/evaluator_i/Mcompar_obj1[31]_obj0[31]_LessThan_11_o_cy<12>
                                                       measured_shell/core/evaluator_i/Mcompar_obj1[31]_obj0[31]_LessThan_11_o_cy<12>
    SLICE_X16Y38.CIN     net (fanout=1)        0.003   measured_shell/core/evaluator_i/Mcompar_obj1[31]_obj0[31]_LessThan_11_o_cy<12>
    SLICE_X16Y38.CMUX    Tcinc                 0.296   measured_shell/core/evaluator_i/Mcompar_obj1[31]_obj0[31]_LessThan_11_o_cy<15>
                                                       measured_shell/core/evaluator_i/Mcompar_obj1[31]_obj0[31]_LessThan_11_o_cy<15>
    SLICE_X16Y33.D5      net (fanout=3)        0.901   measured_shell/core/evaluator_i/Mcompar_obj1[31]_obj0[31]_LessThan_11_o_cy<15>
    SLICE_X16Y33.COUT    Topcyd                0.335   measured_shell/core/evaluator_i/Mmux_difference_rs_cy<3>
                                                       measured_shell/core/evaluator_i/Mmux_difference_rs_A<3>1
                                                       measured_shell/core/evaluator_i/Mmux_difference_rs_cy<3>
    SLICE_X16Y34.CIN     net (fanout=1)        0.003   measured_shell/core/evaluator_i/Mmux_difference_rs_cy<3>
    SLICE_X16Y34.BMUX    Tcinb                 0.277   measured_shell/core/evaluator_i/difference<6>
                                                       measured_shell/core/evaluator_i/Mmux_difference_rs_xor<6>
    SLICE_X14Y34.A4      net (fanout=1)        0.537   measured_shell/core/evaluator_i/difference<5>
    SLICE_X14Y34.CLK     Tas                   0.525   measured_shell/core/evaluator_i/divisor<6>
                                                       measured_shell/core/evaluator_i/difference<5>_rt
                                                       measured_shell/core/evaluator_i/Madd_n0506_xor<6>
                                                       measured_shell/core/evaluator_i/divisor_6
    -------------------------------------------------  ---------------------------
    Total                                      6.272ns (2.776ns logic, 3.496ns route)
                                                       (44.3% logic, 55.7% route)

--------------------------------------------------------------------------------
Slack:                  3.737ns (requirement - (data path - clock path skew + uncertainty))
  Source:               measured_shell/core/evaluator_i/hops1_1 (FF)
  Destination:          measured_shell/core/evaluator_i/divisor_6 (FF)
  Requirement:          10.000ns
  Data Path Delay:      6.216ns (Levels of Logic = 8)
  Clock Path Skew:      -0.012ns (0.422 - 0.434)
  Source Clock:         clk_100mhz_BUFGP rising at 0.000ns
  Destination Clock:    clk_100mhz_BUFGP rising at 10.000ns
  Clock Uncertainty:    0.035ns

  Clock Uncertainty:          0.035ns  ((TSJ^2 + TIJ^2)^1/2 + DJ) / 2 + PE
    Total System Jitter (TSJ):  0.070ns
    Total Input Jitter (TIJ):   0.000ns
    Discrete Jitter (DJ):       0.000ns
    Phase Error (PE):           0.000ns

  Maximum Data Path at Slow Process Corner: measured_shell/core/evaluator_i/hops1_1 to measured_shell/core/evaluator_i/divisor_6
    Location             Delay type         Delay(ns)  Physical Resource
                                                       Logical Resource(s)
    -------------------------------------------------  -------------------
    SLICE_X19Y37.DQ      Tcko                  0.430   measured_shell/core/evaluator_i/hops1<1>
                                                       measured_shell/core/evaluator_i/hops1_1
    SLICE_X17Y35.B3      net (fanout=10)       1.056   measured_shell/core/evaluator_i/hops1<1>
    SLICE_X17Y35.BMUX    Tilo                  0.337   measured_shell/core/evaluator_i/objective<1>
                                                       measured_shell/core/evaluator_i/obj0<1>11
    SLICE_X16Y35.A2      net (fanout=1)        0.700   measured_shell/core/evaluator_i/obj0<1>
    SLICE_X16Y35.COUT    Topcya                0.495   measured_shell/core/evaluator_i/Mcompar_obj1[31]_obj0[31]_LessThan_11_o_cy<4>
                                                       measured_shell/core/evaluator_i/Mcompar_obj1[31]_obj0[31]_LessThan_11_o_lutdi1
                                                       measured_shell/core/evaluator_i/Mcompar_obj1[31]_obj0[31]_LessThan_11_o_cy<4>
    SLICE_X16Y36.CIN     net (fanout=1)        0.003   measured_shell/core/evaluator_i/Mcompar_obj1[31]_obj0[31]_LessThan_11_o_cy<4>
    SLICE_X16Y36.COUT    Tbyp                  0.091   measured_shell/core/evaluator_i/Mcompar_obj1[31]_obj0[31]_LessThan_11_o_cy<8>
                                                       measured_shell/core/evaluator_i/Mcompar_obj1[31]_obj0[31]_LessThan_11_o_cy<8>
    SLICE_X16Y37.CIN     net (fanout=1)        0.003   measured_shell/core/evaluator_i/Mcompar_obj1[31]_obj0[31]_LessThan_11_o_cy<8>
    SLICE_X16Y37.COUT    Tbyp                  0.091   measured_shell/core/evaluator_i/Mcompar_obj1[31]_obj0[31]_LessThan_11_o_cy<12>
                                                       measured_shell/core/evaluator_i/Mcompar_obj1[31]_obj0[31]_LessThan_11_o_cy<12>
    SLICE_X16Y38.CIN     net (fanout=1)        0.003   measured_shell/core/evaluator_i/Mcompar_obj1[31]_obj0[31]_LessThan_11_o_cy<12>
    SLICE_X16Y38.CMUX    Tcinc                 0.296   measured_shell/core/evaluator_i/Mcompar_obj1[31]_obj0[31]_LessThan_11_o_cy<15>
                                                       measured_shell/core/evaluator_i/Mcompar_obj1[31]_obj0[31]_LessThan_11_o_cy<15>
    SLICE_X16Y33.C4      net (fanout=3)        1.021   measured_shell/core/evaluator_i/Mcompar_obj1[31]_obj0[31]_LessThan_11_o_cy<15>
    SLICE_X16Y33.COUT    Topcyc                0.348   measured_shell/core/evaluator_i/Mmux_difference_rs_cy<3>
                                                       measured_shell/core/evaluator_i/Mmux_difference_rs_A<2>1
                                                       measured_shell/core/evaluator_i/Mmux_difference_rs_cy<3>
    SLICE_X16Y34.CIN     net (fanout=1)        0.003   measured_shell/core/evaluator_i/Mmux_difference_rs_cy<3>
    SLICE_X16Y34.BMUX    Tcinb                 0.277   measured_shell/core/evaluator_i/difference<6>
                                                       measured_shell/core/evaluator_i/Mmux_difference_rs_xor<6>
    SLICE_X14Y34.A4      net (fanout=1)        0.537   measured_shell/core/evaluator_i/difference<5>
    SLICE_X14Y34.CLK     Tas                   0.525   measured_shell/core/evaluator_i/divisor<6>
                                                       measured_shell/core/evaluator_i/difference<5>_rt
                                                       measured_shell/core/evaluator_i/Madd_n0506_xor<6>
                                                       measured_shell/core/evaluator_i/divisor_6
    -------------------------------------------------  ---------------------------
    Total                                      6.216ns (2.890ns logic, 3.326ns route)
                                                       (46.5% logic, 53.5% route)

--------------------------------------------------------------------------------
Slack:                  3.760ns (requirement - (data path - clock path skew + uncertainty))
  Source:               measured_shell/core/evaluator_i/hops1_1 (FF)
  Destination:          measured_shell/core/evaluator_i/divisor_6 (FF)
  Requirement:          10.000ns
  Data Path Delay:      6.193ns (Levels of Logic = 8)
  Clock Path Skew:      -0.012ns (0.422 - 0.434)
  Source Clock:         clk_100mhz_BUFGP rising at 0.000ns
  Destination Clock:    clk_100mhz_BUFGP rising at 10.000ns
  Clock Uncertainty:    0.035ns

  Clock Uncertainty:          0.035ns  ((TSJ^2 + TIJ^2)^1/2 + DJ) / 2 + PE
    Total System Jitter (TSJ):  0.070ns
    Total Input Jitter (TIJ):   0.000ns
    Discrete Jitter (DJ):       0.000ns
    Phase Error (PE):           0.000ns

  Maximum Data Path at Slow Process Corner: measured_shell/core/evaluator_i/hops1_1 to measured_shell/core/evaluator_i/divisor_6
    Location             Delay type         Delay(ns)  Physical Resource
                                                       Logical Resource(s)
    -------------------------------------------------  -------------------
    SLICE_X19Y37.DQ      Tcko                  0.430   measured_shell/core/evaluator_i/hops1<1>
                                                       measured_shell/core/evaluator_i/hops1_1
    SLICE_X17Y35.B3      net (fanout=10)       1.056   measured_shell/core/evaluator_i/hops1<1>
    SLICE_X17Y35.BMUX    Tilo                  0.337   measured_shell/core/evaluator_i/objective<1>
                                                       measured_shell/core/evaluator_i/obj0<1>11
    SLICE_X16Y35.A2      net (fanout=1)        0.700   measured_shell/core/evaluator_i/obj0<1>
    SLICE_X16Y35.COUT    Topcya                0.472   measured_shell/core/evaluator_i/Mcompar_obj1[31]_obj0[31]_LessThan_11_o_cy<4>
                                                       measured_shell/core/evaluator_i/Mcompar_obj1[31]_obj0[31]_LessThan_11_o_lut<1>
                                                       measured_shell/core/evaluator_i/Mcompar_obj1[31]_obj0[31]_LessThan_11_o_cy<4>
    SLICE_X16Y36.CIN     net (fanout=1)        0.003   measured_shell/core/evaluator_i/Mcompar_obj1[31]_obj0[31]_LessThan_11_o_cy<4>
    SLICE_X16Y36.COUT    Tbyp                  0.091   measured_shell/core/evaluator_i/Mcompar_obj1[31]_obj0[31]_LessThan_11_o_cy<8>
                                                       measured_shell/core/evaluator_i/Mcompar_obj1[31]_obj0[31]_LessThan_11_o_cy<8>
    SLICE_X16Y37.CIN     net (fanout=1)        0.003   measured_shell/core/evaluator_i/Mcompar_obj1[31]_obj0[31]_LessThan_11_o_cy<8>
    SLICE_X16Y37.COUT    Tbyp                  0.091   measured_shell/core/evaluator_i/Mcompar_obj1[31]_obj0[31]_LessThan_11_o_cy<12>
                                                       measured_shell/core/evaluator_i/Mcompar_obj1[31]_obj0[31]_LessThan_11_o_cy<12>
    SLICE_X16Y38.CIN     net (fanout=1)        0.003   measured_shell/core/evaluator_i/Mcompar_obj1[31]_obj0[31]_LessThan_11_o_cy<12>
    SLICE_X16Y38.CMUX    Tcinc                 0.296   measured_shell/core/evaluator_i/Mcompar_obj1[31]_obj0[31]_LessThan_11_o_cy<15>
                                                       measured_shell/core/evaluator_i/Mcompar_obj1[31]_obj0[31]_LessThan_11_o_cy<15>
    SLICE_X16Y33.C4      net (fanout=3)        1.021   measured_shell/core/evaluator_i/Mcompar_obj1[31]_obj0[31]_LessThan_11_o_cy<15>
    SLICE_X16Y33.COUT    Topcyc                0.348   measured_shell/core/evaluator_i/Mmux_difference_rs_cy<3>
                                                       measured_shell/core/evaluator_i/Mmux_difference_rs_A<2>1
                                                       measured_shell/core/evaluator_i/Mmux_difference_rs_cy<3>
    SLICE_X16Y34.CIN     net (fanout=1)        0.003   measured_shell/core/evaluator_i/Mmux_difference_rs_cy<3>
    SLICE_X16Y34.BMUX    Tcinb                 0.277   measured_shell/core/evaluator_i/difference<6>
                                                       measured_shell/core/evaluator_i/Mmux_difference_rs_xor<6>
    SLICE_X14Y34.A4      net (fanout=1)        0.537   measured_shell/core/evaluator_i/difference<5>
    SLICE_X14Y34.CLK     Tas                   0.525   measured_shell/core/evaluator_i/divisor<6>
                                                       measured_shell/core/evaluator_i/difference<5>_rt
                                                       measured_shell/core/evaluator_i/Madd_n0506_xor<6>
                                                       measured_shell/core/evaluator_i/divisor_6
    -------------------------------------------------  ---------------------------
    Total                                      6.193ns (2.867ns logic, 3.326ns route)
                                                       (46.3% logic, 53.7% route)

--------------------------------------------------------------------------------

Paths for end point measured_shell/core/evaluator_i/lam2_0_3 (SLICE_X13Y52.CE), 9 paths
--------------------------------------------------------------------------------
Slack:                  3.365ns (requirement - (data path - clock path skew + uncertainty))
  Source:               measured_shell/core/evaluator_i/state_FSM_FFd2 (FF)
  Destination:          measured_shell/core/evaluator_i/lam2_0_3 (FF)
  Requirement:          10.000ns
  Data Path Delay:      6.581ns (Levels of Logic = 2)
  Clock Path Skew:      -0.019ns (0.424 - 0.443)
  Source Clock:         clk_100mhz_BUFGP rising at 0.000ns
  Destination Clock:    clk_100mhz_BUFGP rising at 10.000ns
  Clock Uncertainty:    0.035ns

  Clock Uncertainty:          0.035ns  ((TSJ^2 + TIJ^2)^1/2 + DJ) / 2 + PE
    Total System Jitter (TSJ):  0.070ns
    Total Input Jitter (TIJ):   0.000ns
    Discrete Jitter (DJ):       0.000ns
    Phase Error (PE):           0.000ns

  Maximum Data Path at Slow Process Corner: measured_shell/core/evaluator_i/state_FSM_FFd2 to measured_shell/core/evaluator_i/lam2_0_3
    Location             Delay type         Delay(ns)  Physical Resource
                                                       Logical Resource(s)
    -------------------------------------------------  -------------------
    SLICE_X12Y38.CQ      Tcko                  0.476   measured_shell/core/evaluator_i/state_FSM_FFd2
                                                       measured_shell/core/evaluator_i/state_FSM_FFd2
    SLICE_X18Y44.A4      net (fanout=18)       1.599   measured_shell/core/evaluator_i/state_FSM_FFd2
    SLICE_X18Y44.A       Tilo                  0.254   measured_shell/core/evaluator_i/_n0929_inv
                                                       measured_shell/core/b4_start1
    SLICE_X13Y37.A5      net (fanout=10)       1.653   measured_shell/core/b4_start
    SLICE_X13Y37.A       Tilo                  0.259   measured_shell/core/evaluator_i/_n1071_inv
                                                       measured_shell/core/evaluator_i/_n1071_inv11
    SLICE_X13Y52.CE      net (fanout=5)        1.932   measured_shell/core/evaluator_i/_n1071_inv
    SLICE_X13Y52.CLK     Tceck                 0.408   measured_shell/core/evaluator_i/lam2_0_4
                                                       measured_shell/core/evaluator_i/lam2_0_3
    -------------------------------------------------  ---------------------------
    Total                                      6.581ns (1.397ns logic, 5.184ns route)
                                                       (21.2% logic, 78.8% route)

--------------------------------------------------------------------------------
Slack:                  3.435ns (requirement - (data path - clock path skew + uncertainty))
  Source:               measured_shell/core/shell_state_FSM_FFd3 (FF)
  Destination:          measured_shell/core/evaluator_i/lam2_0_3 (FF)
  Requirement:          10.000ns
  Data Path Delay:      6.514ns (Levels of Logic = 2)
  Clock Path Skew:      -0.016ns (0.424 - 0.440)
  Source Clock:         clk_100mhz_BUFGP rising at 0.000ns
  Destination Clock:    clk_100mhz_BUFGP rising at 10.000ns
  Clock Uncertainty:    0.035ns

  Clock Uncertainty:          0.035ns  ((TSJ^2 + TIJ^2)^1/2 + DJ) / 2 + PE
    Total System Jitter (TSJ):  0.070ns
    Total Input Jitter (TIJ):   0.000ns
    Discrete Jitter (DJ):       0.000ns
    Phase Error (PE):           0.000ns

  Maximum Data Path at Slow Process Corner: measured_shell/core/shell_state_FSM_FFd3 to measured_shell/core/evaluator_i/lam2_0_3
    Location             Delay type         Delay(ns)  Physical Resource
                                                       Logical Resource(s)
    -------------------------------------------------  -------------------
    SLICE_X23Y40.DMUX    Tshcko                0.518   measured_shell/core/shell_state_FSM_FFd3-In1
                                                       measured_shell/core/shell_state_FSM_FFd3
    SLICE_X18Y44.A1      net (fanout=9)        1.490   measured_shell/core/shell_state_FSM_FFd3
    SLICE_X18Y44.A       Tilo                  0.254   measured_shell/core/evaluator_i/_n0929_inv
                                                       measured_shell/core/b4_start1
    SLICE_X13Y37.A5      net (fanout=10)       1.653   measured_shell/core/b4_start
    SLICE_X13Y37.A       Tilo                  0.259   measured_shell/core/evaluator_i/_n1071_inv
                                                       measured_shell/core/evaluator_i/_n1071_inv11
    SLICE_X13Y52.CE      net (fanout=5)        1.932   measured_shell/core/evaluator_i/_n1071_inv
    SLICE_X13Y52.CLK     Tceck                 0.408   measured_shell/core/evaluator_i/lam2_0_4
                                                       measured_shell/core/evaluator_i/lam2_0_3
    -------------------------------------------------  ---------------------------
    Total                                      6.514ns (1.439ns logic, 5.075ns route)
                                                       (22.1% logic, 77.9% route)

--------------------------------------------------------------------------------
Slack:                  3.525ns (requirement - (data path - clock path skew + uncertainty))
  Source:               measured_shell/core/evaluator_i/state_FSM_FFd1 (FF)
  Destination:          measured_shell/core/evaluator_i/lam2_0_3 (FF)
  Requirement:          10.000ns
  Data Path Delay:      6.421ns (Levels of Logic = 2)
  Clock Path Skew:      -0.019ns (0.424 - 0.443)
  Source Clock:         clk_100mhz_BUFGP rising at 0.000ns
  Destination Clock:    clk_100mhz_BUFGP rising at 10.000ns
  Clock Uncertainty:    0.035ns

  Clock Uncertainty:          0.035ns  ((TSJ^2 + TIJ^2)^1/2 + DJ) / 2 + PE
    Total System Jitter (TSJ):  0.070ns
    Total Input Jitter (TIJ):   0.000ns
    Discrete Jitter (DJ):       0.000ns
    Phase Error (PE):           0.000ns

  Maximum Data Path at Slow Process Corner: measured_shell/core/evaluator_i/state_FSM_FFd1 to measured_shell/core/evaluator_i/lam2_0_3
    Location             Delay type         Delay(ns)  Physical Resource
                                                       Logical Resource(s)
    -------------------------------------------------  -------------------
    SLICE_X12Y38.AQ      Tcko                  0.476   measured_shell/core/evaluator_i/state_FSM_FFd2
                                                       measured_shell/core/evaluator_i/state_FSM_FFd1
    SLICE_X18Y44.A6      net (fanout=92)       1.439   measured_shell/core/evaluator_i/state_FSM_FFd1
    SLICE_X18Y44.A       Tilo                  0.254   measured_shell/core/evaluator_i/_n0929_inv
                                                       measured_shell/core/b4_start1
    SLICE_X13Y37.A5      net (fanout=10)       1.653   measured_shell/core/b4_start
    SLICE_X13Y37.A       Tilo                  0.259   measured_shell/core/evaluator_i/_n1071_inv
                                                       measured_shell/core/evaluator_i/_n1071_inv11
    SLICE_X13Y52.CE      net (fanout=5)        1.932   measured_shell/core/evaluator_i/_n1071_inv
    SLICE_X13Y52.CLK     Tceck                 0.408   measured_shell/core/evaluator_i/lam2_0_4
                                                       measured_shell/core/evaluator_i/lam2_0_3
    -------------------------------------------------  ---------------------------
    Total                                      6.421ns (1.397ns logic, 5.024ns route)
                                                       (21.8% logic, 78.2% route)

--------------------------------------------------------------------------------
Slack:                  3.738ns (requirement - (data path - clock path skew + uncertainty))
  Source:               measured_shell/core/evaluator_i/state_FSM_FFd3 (FF)
  Destination:          measured_shell/core/evaluator_i/lam2_0_3 (FF)
  Requirement:          10.000ns
  Data Path Delay:      6.215ns (Levels of Logic = 2)
  Clock Path Skew:      -0.012ns (0.424 - 0.436)
  Source Clock:         clk_100mhz_BUFGP rising at 0.000ns
  Destination Clock:    clk_100mhz_BUFGP rising at 10.000ns
  Clock Uncertainty:    0.035ns

  Clock Uncertainty:          0.035ns  ((TSJ^2 + TIJ^2)^1/2 + DJ) / 2 + PE
    Total System Jitter (TSJ):  0.070ns
    Total Input Jitter (TIJ):   0.000ns
    Discrete Jitter (DJ):       0.000ns
    Phase Error (PE):           0.000ns

  Maximum Data Path at Slow Process Corner: measured_shell/core/evaluator_i/state_FSM_FFd3 to measured_shell/core/evaluator_i/lam2_0_3
    Location             Delay type         Delay(ns)  Physical Resource
                                                       Logical Resource(s)
    -------------------------------------------------  -------------------
    SLICE_X15Y39.BQ      Tcko                  0.430   measured_shell/core/evaluator_i/state_FSM_FFd3
                                                       measured_shell/core/evaluator_i/state_FSM_FFd3
    SLICE_X18Y44.A5      net (fanout=22)       1.279   measured_shell/core/evaluator_i/state_FSM_FFd3
    SLICE_X18Y44.A       Tilo                  0.254   measured_shell/core/evaluator_i/_n0929_inv
                                                       measured_shell/core/b4_start1
    SLICE_X13Y37.A5      net (fanout=10)       1.653   measured_shell/core/b4_start
    SLICE_X13Y37.A       Tilo                  0.259   measured_shell/core/evaluator_i/_n1071_inv
                                                       measured_shell/core/evaluator_i/_n1071_inv11
    SLICE_X13Y52.CE      net (fanout=5)        1.932   measured_shell/core/evaluator_i/_n1071_inv
    SLICE_X13Y52.CLK     Tceck                 0.408   measured_shell/core/evaluator_i/lam2_0_4
                                                       measured_shell/core/evaluator_i/lam2_0_3
    -------------------------------------------------  ---------------------------
    Total                                      6.215ns (1.351ns logic, 4.864ns route)
                                                       (21.7% logic, 78.3% route)

--------------------------------------------------------------------------------
Slack:                  3.894ns (requirement - (data path - clock path skew + uncertainty))
  Source:               measured_shell/core/shell_state_FSM_FFd4 (FF)
  Destination:          measured_shell/core/evaluator_i/lam2_0_3 (FF)
  Requirement:          10.000ns
  Data Path Delay:      6.053ns (Levels of Logic = 2)
  Clock Path Skew:      -0.018ns (0.424 - 0.442)
  Source Clock:         clk_100mhz_BUFGP rising at 0.000ns
  Destination Clock:    clk_100mhz_BUFGP rising at 10.000ns
  Clock Uncertainty:    0.035ns

  Clock Uncertainty:          0.035ns  ((TSJ^2 + TIJ^2)^1/2 + DJ) / 2 + PE
    Total System Jitter (TSJ):  0.070ns
    Total Input Jitter (TIJ):   0.000ns
    Discrete Jitter (DJ):       0.000ns
    Phase Error (PE):           0.000ns

  Maximum Data Path at Slow Process Corner: measured_shell/core/shell_state_FSM_FFd4 to measured_shell/core/evaluator_i/lam2_0_3
    Location             Delay type         Delay(ns)  Physical Resource
                                                       Logical Resource(s)
    -------------------------------------------------  -------------------
    SLICE_X22Y41.CQ      Tcko                  0.525   measured_shell/core/h4_controller_i/done
                                                       measured_shell/core/shell_state_FSM_FFd4
    SLICE_X18Y44.A2      net (fanout=17)       1.022   measured_shell/core/shell_state_FSM_FFd4
    SLICE_X18Y44.A       Tilo                  0.254   measured_shell/core/evaluator_i/_n0929_inv
                                                       measured_shell/core/b4_start1
    SLICE_X13Y37.A5      net (fanout=10)       1.653   measured_shell/core/b4_start
    SLICE_X13Y37.A       Tilo                  0.259   measured_shell/core/evaluator_i/_n1071_inv
                                                       measured_shell/core/evaluator_i/_n1071_inv11
    SLICE_X13Y52.CE      net (fanout=5)        1.932   measured_shell/core/evaluator_i/_n1071_inv
    SLICE_X13Y52.CLK     Tceck                 0.408   measured_shell/core/evaluator_i/lam2_0_4
                                                       measured_shell/core/evaluator_i/lam2_0_3
    -------------------------------------------------  ---------------------------
    Total                                      6.053ns (1.446ns logic, 4.607ns route)
                                                       (23.9% logic, 76.1% route)

--------------------------------------------------------------------------------
Slack:                  4.053ns (requirement - (data path - clock path skew + uncertainty))
  Source:               measured_shell/core/shell_state_FSM_FFd2 (FF)
  Destination:          measured_shell/core/evaluator_i/lam2_0_3 (FF)
  Requirement:          10.000ns
  Data Path Delay:      5.894ns (Levels of Logic = 2)
  Clock Path Skew:      -0.018ns (0.424 - 0.442)
  Source Clock:         clk_100mhz_BUFGP rising at 0.000ns
  Destination Clock:    clk_100mhz_BUFGP rising at 10.000ns
  Clock Uncertainty:    0.035ns

  Clock Uncertainty:          0.035ns  ((TSJ^2 + TIJ^2)^1/2 + DJ) / 2 + PE
    Total System Jitter (TSJ):  0.070ns
    Total Input Jitter (TIJ):   0.000ns
    Discrete Jitter (DJ):       0.000ns
    Phase Error (PE):           0.000ns

  Maximum Data Path at Slow Process Corner: measured_shell/core/shell_state_FSM_FFd2 to measured_shell/core/evaluator_i/lam2_0_3
    Location             Delay type         Delay(ns)  Physical Resource
                                                       Logical Resource(s)
    -------------------------------------------------  -------------------
    SLICE_X22Y41.AQ      Tcko                  0.525   measured_shell/core/h4_controller_i/done
                                                       measured_shell/core/shell_state_FSM_FFd2
    SLICE_X18Y44.A3      net (fanout=12)       0.863   measured_shell/core/shell_state_FSM_FFd2
    SLICE_X18Y44.A       Tilo                  0.254   measured_shell/core/evaluator_i/_n0929_inv
                                                       measured_shell/core/b4_start1
    SLICE_X13Y37.A5      net (fanout=10)       1.653   measured_shell/core/b4_start
    SLICE_X13Y37.A       Tilo                  0.259   measured_shell/core/evaluator_i/_n1071_inv
                                                       measured_shell/core/evaluator_i/_n1071_inv11
    SLICE_X13Y52.CE      net (fanout=5)        1.932   measured_shell/core/evaluator_i/_n1071_inv
    SLICE_X13Y52.CLK     Tceck                 0.408   measured_shell/core/evaluator_i/lam2_0_4
                                                       measured_shell/core/evaluator_i/lam2_0_3
    -------------------------------------------------  ---------------------------
    Total                                      5.894ns (1.446ns logic, 4.448ns route)
                                                       (24.5% logic, 75.5% route)

--------------------------------------------------------------------------------
Slack:                  6.071ns (requirement - (data path - clock path skew + uncertainty))
  Source:               measured_shell/core/evaluator_i/state_FSM_FFd3 (FF)
  Destination:          measured_shell/core/evaluator_i/lam2_0_3 (FF)
  Requirement:          10.000ns
  Data Path Delay:      3.882ns (Levels of Logic = 1)
  Clock Path Skew:      -0.012ns (0.424 - 0.436)
  Source Clock:         clk_100mhz_BUFGP rising at 0.000ns
  Destination Clock:    clk_100mhz_BUFGP rising at 10.000ns
  Clock Uncertainty:    0.035ns

  Clock Uncertainty:          0.035ns  ((TSJ^2 + TIJ^2)^1/2 + DJ) / 2 + PE
    Total System Jitter (TSJ):  0.070ns
    Total Input Jitter (TIJ):   0.000ns
    Discrete Jitter (DJ):       0.000ns
    Phase Error (PE):           0.000ns

  Maximum Data Path at Slow Process Corner: measured_shell/core/evaluator_i/state_FSM_FFd3 to measured_shell/core/evaluator_i/lam2_0_3
    Location             Delay type         Delay(ns)  Physical Resource
                                                       Logical Resource(s)
    -------------------------------------------------  -------------------
    SLICE_X15Y39.BQ      Tcko                  0.430   measured_shell/core/evaluator_i/state_FSM_FFd3
                                                       measured_shell/core/evaluator_i/state_FSM_FFd3
    SLICE_X13Y37.A3      net (fanout=22)       0.853   measured_shell/core/evaluator_i/state_FSM_FFd3
    SLICE_X13Y37.A       Tilo                  0.259   measured_shell/core/evaluator_i/_n1071_inv
                                                       measured_shell/core/evaluator_i/_n1071_inv11
    SLICE_X13Y52.CE      net (fanout=5)        1.932   measured_shell/core/evaluator_i/_n1071_inv
    SLICE_X13Y52.CLK     Tceck                 0.408   measured_shell/core/evaluator_i/lam2_0_4
                                                       measured_shell/core/evaluator_i/lam2_0_3
    -------------------------------------------------  ---------------------------
    Total                                      3.882ns (1.097ns logic, 2.785ns route)
                                                       (28.3% logic, 71.7% route)

--------------------------------------------------------------------------------
Slack:                  6.076ns (requirement - (data path - clock path skew + uncertainty))
  Source:               measured_shell/core/evaluator_i/state_FSM_FFd1 (FF)
  Destination:          measured_shell/core/evaluator_i/lam2_0_3 (FF)
  Requirement:          10.000ns
  Data Path Delay:      3.870ns (Levels of Logic = 1)
  Clock Path Skew:      -0.019ns (0.424 - 0.443)
  Source Clock:         clk_100mhz_BUFGP rising at 0.000ns
  Destination Clock:    clk_100mhz_BUFGP rising at 10.000ns
  Clock Uncertainty:    0.035ns

  Clock Uncertainty:          0.035ns  ((TSJ^2 + TIJ^2)^1/2 + DJ) / 2 + PE
    Total System Jitter (TSJ):  0.070ns
    Total Input Jitter (TIJ):   0.000ns
    Discrete Jitter (DJ):       0.000ns
    Phase Error (PE):           0.000ns

  Maximum Data Path at Slow Process Corner: measured_shell/core/evaluator_i/state_FSM_FFd1 to measured_shell/core/evaluator_i/lam2_0_3
    Location             Delay type         Delay(ns)  Physical Resource
                                                       Logical Resource(s)
    -------------------------------------------------  -------------------
    SLICE_X12Y38.AQ      Tcko                  0.476   measured_shell/core/evaluator_i/state_FSM_FFd2
                                                       measured_shell/core/evaluator_i/state_FSM_FFd1
    SLICE_X13Y37.A1      net (fanout=92)       0.795   measured_shell/core/evaluator_i/state_FSM_FFd1
    SLICE_X13Y37.A       Tilo                  0.259   measured_shell/core/evaluator_i/_n1071_inv
                                                       measured_shell/core/evaluator_i/_n1071_inv11
    SLICE_X13Y52.CE      net (fanout=5)        1.932   measured_shell/core/evaluator_i/_n1071_inv
    SLICE_X13Y52.CLK     Tceck                 0.408   measured_shell/core/evaluator_i/lam2_0_4
                                                       measured_shell/core/evaluator_i/lam2_0_3
    -------------------------------------------------  ---------------------------
    Total                                      3.870ns (1.143ns logic, 2.727ns route)
                                                       (29.5% logic, 70.5% route)

--------------------------------------------------------------------------------
Slack:                  6.329ns (requirement - (data path - clock path skew + uncertainty))
  Source:               measured_shell/core/evaluator_i/state_FSM_FFd2 (FF)
  Destination:          measured_shell/core/evaluator_i/lam2_0_3 (FF)
  Requirement:          10.000ns
  Data Path Delay:      3.617ns (Levels of Logic = 1)
  Clock Path Skew:      -0.019ns (0.424 - 0.443)
  Source Clock:         clk_100mhz_BUFGP rising at 0.000ns
  Destination Clock:    clk_100mhz_BUFGP rising at 10.000ns
  Clock Uncertainty:    0.035ns

  Clock Uncertainty:          0.035ns  ((TSJ^2 + TIJ^2)^1/2 + DJ) / 2 + PE
    Total System Jitter (TSJ):  0.070ns
    Total Input Jitter (TIJ):   0.000ns
    Discrete Jitter (DJ):       0.000ns
    Phase Error (PE):           0.000ns

  Maximum Data Path at Slow Process Corner: measured_shell/core/evaluator_i/state_FSM_FFd2 to measured_shell/core/evaluator_i/lam2_0_3
    Location             Delay type         Delay(ns)  Physical Resource
                                                       Logical Resource(s)
    -------------------------------------------------  -------------------
    SLICE_X12Y38.CQ      Tcko                  0.476   measured_shell/core/evaluator_i/state_FSM_FFd2
                                                       measured_shell/core/evaluator_i/state_FSM_FFd2
    SLICE_X13Y37.A4      net (fanout=18)       0.542   measured_shell/core/evaluator_i/state_FSM_FFd2
    SLICE_X13Y37.A       Tilo                  0.259   measured_shell/core/evaluator_i/_n1071_inv
                                                       measured_shell/core/evaluator_i/_n1071_inv11
    SLICE_X13Y52.CE      net (fanout=5)        1.932   measured_shell/core/evaluator_i/_n1071_inv
    SLICE_X13Y52.CLK     Tceck                 0.408   measured_shell/core/evaluator_i/lam2_0_4
                                                       measured_shell/core/evaluator_i/lam2_0_3
    -------------------------------------------------  ---------------------------
    Total                                      3.617ns (1.143ns logic, 2.474ns route)
                                                       (31.6% logic, 68.4% route)

--------------------------------------------------------------------------------

Paths for end point measured_shell/core/evaluator_i/lam2_0_2 (SLICE_X13Y52.CE), 9 paths
--------------------------------------------------------------------------------
Slack:                  3.383ns (requirement - (data path - clock path skew + uncertainty))
  Source:               measured_shell/core/evaluator_i/state_FSM_FFd2 (FF)
  Destination:          measured_shell/core/evaluator_i/lam2_0_2 (FF)
  Requirement:          10.000ns
  Data Path Delay:      6.563ns (Levels of Logic = 2)
  Clock Path Skew:      -0.019ns (0.424 - 0.443)
  Source Clock:         clk_100mhz_BUFGP rising at 0.000ns
  Destination Clock:    clk_100mhz_BUFGP rising at 10.000ns
  Clock Uncertainty:    0.035ns

  Clock Uncertainty:          0.035ns  ((TSJ^2 + TIJ^2)^1/2 + DJ) / 2 + PE
    Total System Jitter (TSJ):  0.070ns
    Total Input Jitter (TIJ):   0.000ns
    Discrete Jitter (DJ):       0.000ns
    Phase Error (PE):           0.000ns

  Maximum Data Path at Slow Process Corner: measured_shell/core/evaluator_i/state_FSM_FFd2 to measured_shell/core/evaluator_i/lam2_0_2
    Location             Delay type         Delay(ns)  Physical Resource
                                                       Logical Resource(s)
    -------------------------------------------------  -------------------
    SLICE_X12Y38.CQ      Tcko                  0.476   measured_shell/core/evaluator_i/state_FSM_FFd2
                                                       measured_shell/core/evaluator_i/state_FSM_FFd2
    SLICE_X18Y44.A4      net (fanout=18)       1.599   measured_shell/core/evaluator_i/state_FSM_FFd2
    SLICE_X18Y44.A       Tilo                  0.254   measured_shell/core/evaluator_i/_n0929_inv
                                                       measured_shell/core/b4_start1
    SLICE_X13Y37.A5      net (fanout=10)       1.653   measured_shell/core/b4_start
    SLICE_X13Y37.A       Tilo                  0.259   measured_shell/core/evaluator_i/_n1071_inv
                                                       measured_shell/core/evaluator_i/_n1071_inv11
    SLICE_X13Y52.CE      net (fanout=5)        1.932   measured_shell/core/evaluator_i/_n1071_inv
    SLICE_X13Y52.CLK     Tceck                 0.390   measured_shell/core/evaluator_i/lam2_0_4
                                                       measured_shell/core/evaluator_i/lam2_0_2
    -------------------------------------------------  ---------------------------
    Total                                      6.563ns (1.379ns logic, 5.184ns route)
                                                       (21.0% logic, 79.0% route)

--------------------------------------------------------------------------------
Slack:                  3.453ns (requirement - (data path - clock path skew + uncertainty))
  Source:               measured_shell/core/shell_state_FSM_FFd3 (FF)
  Destination:          measured_shell/core/evaluator_i/lam2_0_2 (FF)
  Requirement:          10.000ns
  Data Path Delay:      6.496ns (Levels of Logic = 2)
  Clock Path Skew:      -0.016ns (0.424 - 0.440)
  Source Clock:         clk_100mhz_BUFGP rising at 0.000ns
  Destination Clock:    clk_100mhz_BUFGP rising at 10.000ns
  Clock Uncertainty:    0.035ns

  Clock Uncertainty:          0.035ns  ((TSJ^2 + TIJ^2)^1/2 + DJ) / 2 + PE
    Total System Jitter (TSJ):  0.070ns
    Total Input Jitter (TIJ):   0.000ns
    Discrete Jitter (DJ):       0.000ns
    Phase Error (PE):           0.000ns

  Maximum Data Path at Slow Process Corner: measured_shell/core/shell_state_FSM_FFd3 to measured_shell/core/evaluator_i/lam2_0_2
    Location             Delay type         Delay(ns)  Physical Resource
                                                       Logical Resource(s)
    -------------------------------------------------  -------------------
    SLICE_X23Y40.DMUX    Tshcko                0.518   measured_shell/core/shell_state_FSM_FFd3-In1
                                                       measured_shell/core/shell_state_FSM_FFd3
    SLICE_X18Y44.A1      net (fanout=9)        1.490   measured_shell/core/shell_state_FSM_FFd3
    SLICE_X18Y44.A       Tilo                  0.254   measured_shell/core/evaluator_i/_n0929_inv
                                                       measured_shell/core/b4_start1
    SLICE_X13Y37.A5      net (fanout=10)       1.653   measured_shell/core/b4_start
    SLICE_X13Y37.A       Tilo                  0.259   measured_shell/core/evaluator_i/_n1071_inv
                                                       measured_shell/core/evaluator_i/_n1071_inv11
    SLICE_X13Y52.CE      net (fanout=5)        1.932   measured_shell/core/evaluator_i/_n1071_inv
    SLICE_X13Y52.CLK     Tceck                 0.390   measured_shell/core/evaluator_i/lam2_0_4
                                                       measured_shell/core/evaluator_i/lam2_0_2
    -------------------------------------------------  ---------------------------
    Total                                      6.496ns (1.421ns logic, 5.075ns route)
                                                       (21.9% logic, 78.1% route)

--------------------------------------------------------------------------------
Slack:                  3.543ns (requirement - (data path - clock path skew + uncertainty))
  Source:               measured_shell/core/evaluator_i/state_FSM_FFd1 (FF)
  Destination:          measured_shell/core/evaluator_i/lam2_0_2 (FF)
  Requirement:          10.000ns
  Data Path Delay:      6.403ns (Levels of Logic = 2)
  Clock Path Skew:      -0.019ns (0.424 - 0.443)
  Source Clock:         clk_100mhz_BUFGP rising at 0.000ns
  Destination Clock:    clk_100mhz_BUFGP rising at 10.000ns
  Clock Uncertainty:    0.035ns

  Clock Uncertainty:          0.035ns  ((TSJ^2 + TIJ^2)^1/2 + DJ) / 2 + PE
    Total System Jitter (TSJ):  0.070ns
    Total Input Jitter (TIJ):   0.000ns
    Discrete Jitter (DJ):       0.000ns
    Phase Error (PE):           0.000ns

  Maximum Data Path at Slow Process Corner: measured_shell/core/evaluator_i/state_FSM_FFd1 to measured_shell/core/evaluator_i/lam2_0_2
    Location             Delay type         Delay(ns)  Physical Resource
                                                       Logical Resource(s)
    -------------------------------------------------  -------------------
    SLICE_X12Y38.AQ      Tcko                  0.476   measured_shell/core/evaluator_i/state_FSM_FFd2
                                                       measured_shell/core/evaluator_i/state_FSM_FFd1
    SLICE_X18Y44.A6      net (fanout=92)       1.439   measured_shell/core/evaluator_i/state_FSM_FFd1
    SLICE_X18Y44.A       Tilo                  0.254   measured_shell/core/evaluator_i/_n0929_inv
                                                       measured_shell/core/b4_start1
    SLICE_X13Y37.A5      net (fanout=10)       1.653   measured_shell/core/b4_start
    SLICE_X13Y37.A       Tilo                  0.259   measured_shell/core/evaluator_i/_n1071_inv
                                                       measured_shell/core/evaluator_i/_n1071_inv11
    SLICE_X13Y52.CE      net (fanout=5)        1.932   measured_shell/core/evaluator_i/_n1071_inv
    SLICE_X13Y52.CLK     Tceck                 0.390   measured_shell/core/evaluator_i/lam2_0_4
                                                       measured_shell/core/evaluator_i/lam2_0_2
    -------------------------------------------------  ---------------------------
    Total                                      6.403ns (1.379ns logic, 5.024ns route)
                                                       (21.5% logic, 78.5% route)

--------------------------------------------------------------------------------
Slack:                  3.756ns (requirement - (data path - clock path skew + uncertainty))
  Source:               measured_shell/core/evaluator_i/state_FSM_FFd3 (FF)
  Destination:          measured_shell/core/evaluator_i/lam2_0_2 (FF)
  Requirement:          10.000ns
  Data Path Delay:      6.197ns (Levels of Logic = 2)
  Clock Path Skew:      -0.012ns (0.424 - 0.436)
  Source Clock:         clk_100mhz_BUFGP rising at 0.000ns
  Destination Clock:    clk_100mhz_BUFGP rising at 10.000ns
  Clock Uncertainty:    0.035ns

  Clock Uncertainty:          0.035ns  ((TSJ^2 + TIJ^2)^1/2 + DJ) / 2 + PE
    Total System Jitter (TSJ):  0.070ns
    Total Input Jitter (TIJ):   0.000ns
    Discrete Jitter (DJ):       0.000ns
    Phase Error (PE):           0.000ns

  Maximum Data Path at Slow Process Corner: measured_shell/core/evaluator_i/state_FSM_FFd3 to measured_shell/core/evaluator_i/lam2_0_2
    Location             Delay type         Delay(ns)  Physical Resource
                                                       Logical Resource(s)
    -------------------------------------------------  -------------------
    SLICE_X15Y39.BQ      Tcko                  0.430   measured_shell/core/evaluator_i/state_FSM_FFd3
                                                       measured_shell/core/evaluator_i/state_FSM_FFd3
    SLICE_X18Y44.A5      net (fanout=22)       1.279   measured_shell/core/evaluator_i/state_FSM_FFd3
    SLICE_X18Y44.A       Tilo                  0.254   measured_shell/core/evaluator_i/_n0929_inv
                                                       measured_shell/core/b4_start1
    SLICE_X13Y37.A5      net (fanout=10)       1.653   measured_shell/core/b4_start
    SLICE_X13Y37.A       Tilo                  0.259   measured_shell/core/evaluator_i/_n1071_inv
                                                       measured_shell/core/evaluator_i/_n1071_inv11
    SLICE_X13Y52.CE      net (fanout=5)        1.932   measured_shell/core/evaluator_i/_n1071_inv
    SLICE_X13Y52.CLK     Tceck                 0.390   measured_shell/core/evaluator_i/lam2_0_4
                                                       measured_shell/core/evaluator_i/lam2_0_2
    -------------------------------------------------  ---------------------------
    Total                                      6.197ns (1.333ns logic, 4.864ns route)
                                                       (21.5% logic, 78.5% route)

--------------------------------------------------------------------------------
Slack:                  3.912ns (requirement - (data path - clock path skew + uncertainty))
  Source:               measured_shell/core/shell_state_FSM_FFd4 (FF)
  Destination:          measured_shell/core/evaluator_i/lam2_0_2 (FF)
  Requirement:          10.000ns
  Data Path Delay:      6.035ns (Levels of Logic = 2)
  Clock Path Skew:      -0.018ns (0.424 - 0.442)
  Source Clock:         clk_100mhz_BUFGP rising at 0.000ns
  Destination Clock:    clk_100mhz_BUFGP rising at 10.000ns
  Clock Uncertainty:    0.035ns

  Clock Uncertainty:          0.035ns  ((TSJ^2 + TIJ^2)^1/2 + DJ) / 2 + PE
    Total System Jitter (TSJ):  0.070ns
    Total Input Jitter (TIJ):   0.000ns
    Discrete Jitter (DJ):       0.000ns
    Phase Error (PE):           0.000ns

  Maximum Data Path at Slow Process Corner: measured_shell/core/shell_state_FSM_FFd4 to measured_shell/core/evaluator_i/lam2_0_2
    Location             Delay type         Delay(ns)  Physical Resource
                                                       Logical Resource(s)
    -------------------------------------------------  -------------------
    SLICE_X22Y41.CQ      Tcko                  0.525   measured_shell/core/h4_controller_i/done
                                                       measured_shell/core/shell_state_FSM_FFd4
    SLICE_X18Y44.A2      net (fanout=17)       1.022   measured_shell/core/shell_state_FSM_FFd4
    SLICE_X18Y44.A       Tilo                  0.254   measured_shell/core/evaluator_i/_n0929_inv
                                                       measured_shell/core/b4_start1
    SLICE_X13Y37.A5      net (fanout=10)       1.653   measured_shell/core/b4_start
    SLICE_X13Y37.A       Tilo                  0.259   measured_shell/core/evaluator_i/_n1071_inv
                                                       measured_shell/core/evaluator_i/_n1071_inv11
    SLICE_X13Y52.CE      net (fanout=5)        1.932   measured_shell/core/evaluator_i/_n1071_inv
    SLICE_X13Y52.CLK     Tceck                 0.390   measured_shell/core/evaluator_i/lam2_0_4
                                                       measured_shell/core/evaluator_i/lam2_0_2
    -------------------------------------------------  ---------------------------
    Total                                      6.035ns (1.428ns logic, 4.607ns route)
                                                       (23.7% logic, 76.3% route)

--------------------------------------------------------------------------------
Slack:                  4.071ns (requirement - (data path - clock path skew + uncertainty))
  Source:               measured_shell/core/shell_state_FSM_FFd2 (FF)
  Destination:          measured_shell/core/evaluator_i/lam2_0_2 (FF)
  Requirement:          10.000ns
  Data Path Delay:      5.876ns (Levels of Logic = 2)
  Clock Path Skew:      -0.018ns (0.424 - 0.442)
  Source Clock:         clk_100mhz_BUFGP rising at 0.000ns
  Destination Clock:    clk_100mhz_BUFGP rising at 10.000ns
  Clock Uncertainty:    0.035ns

  Clock Uncertainty:          0.035ns  ((TSJ^2 + TIJ^2)^1/2 + DJ) / 2 + PE
    Total System Jitter (TSJ):  0.070ns
    Total Input Jitter (TIJ):   0.000ns
    Discrete Jitter (DJ):       0.000ns
    Phase Error (PE):           0.000ns

  Maximum Data Path at Slow Process Corner: measured_shell/core/shell_state_FSM_FFd2 to measured_shell/core/evaluator_i/lam2_0_2
    Location             Delay type         Delay(ns)  Physical Resource
                                                       Logical Resource(s)
    -------------------------------------------------  -------------------
    SLICE_X22Y41.AQ      Tcko                  0.525   measured_shell/core/h4_controller_i/done
                                                       measured_shell/core/shell_state_FSM_FFd2
    SLICE_X18Y44.A3      net (fanout=12)       0.863   measured_shell/core/shell_state_FSM_FFd2
    SLICE_X18Y44.A       Tilo                  0.254   measured_shell/core/evaluator_i/_n0929_inv
                                                       measured_shell/core/b4_start1
    SLICE_X13Y37.A5      net (fanout=10)       1.653   measured_shell/core/b4_start
    SLICE_X13Y37.A       Tilo                  0.259   measured_shell/core/evaluator_i/_n1071_inv
                                                       measured_shell/core/evaluator_i/_n1071_inv11
    SLICE_X13Y52.CE      net (fanout=5)        1.932   measured_shell/core/evaluator_i/_n1071_inv
    SLICE_X13Y52.CLK     Tceck                 0.390   measured_shell/core/evaluator_i/lam2_0_4
                                                       measured_shell/core/evaluator_i/lam2_0_2
    -------------------------------------------------  ---------------------------
    Total                                      5.876ns (1.428ns logic, 4.448ns route)
                                                       (24.3% logic, 75.7% route)

--------------------------------------------------------------------------------
Slack:                  6.089ns (requirement - (data path - clock path skew + uncertainty))
  Source:               measured_shell/core/evaluator_i/state_FSM_FFd3 (FF)
  Destination:          measured_shell/core/evaluator_i/lam2_0_2 (FF)
  Requirement:          10.000ns
  Data Path Delay:      3.864ns (Levels of Logic = 1)
  Clock Path Skew:      -0.012ns (0.424 - 0.436)
  Source Clock:         clk_100mhz_BUFGP rising at 0.000ns
  Destination Clock:    clk_100mhz_BUFGP rising at 10.000ns
  Clock Uncertainty:    0.035ns

  Clock Uncertainty:          0.035ns  ((TSJ^2 + TIJ^2)^1/2 + DJ) / 2 + PE
    Total System Jitter (TSJ):  0.070ns
    Total Input Jitter (TIJ):   0.000ns
    Discrete Jitter (DJ):       0.000ns
    Phase Error (PE):           0.000ns

  Maximum Data Path at Slow Process Corner: measured_shell/core/evaluator_i/state_FSM_FFd3 to measured_shell/core/evaluator_i/lam2_0_2
    Location             Delay type         Delay(ns)  Physical Resource
                                                       Logical Resource(s)
    -------------------------------------------------  -------------------
    SLICE_X15Y39.BQ      Tcko                  0.430   measured_shell/core/evaluator_i/state_FSM_FFd3
                                                       measured_shell/core/evaluator_i/state_FSM_FFd3
    SLICE_X13Y37.A3      net (fanout=22)       0.853   measured_shell/core/evaluator_i/state_FSM_FFd3
    SLICE_X13Y37.A       Tilo                  0.259   measured_shell/core/evaluator_i/_n1071_inv
                                                       measured_shell/core/evaluator_i/_n1071_inv11
    SLICE_X13Y52.CE      net (fanout=5)        1.932   measured_shell/core/evaluator_i/_n1071_inv
    SLICE_X13Y52.CLK     Tceck                 0.390   measured_shell/core/evaluator_i/lam2_0_4
                                                       measured_shell/core/evaluator_i/lam2_0_2
    -------------------------------------------------  ---------------------------
    Total                                      3.864ns (1.079ns logic, 2.785ns route)
                                                       (27.9% logic, 72.1% route)

--------------------------------------------------------------------------------
Slack:                  6.094ns (requirement - (data path - clock path skew + uncertainty))
  Source:               measured_shell/core/evaluator_i/state_FSM_FFd1 (FF)
  Destination:          measured_shell/core/evaluator_i/lam2_0_2 (FF)
  Requirement:          10.000ns
  Data Path Delay:      3.852ns (Levels of Logic = 1)
  Clock Path Skew:      -0.019ns (0.424 - 0.443)
  Source Clock:         clk_100mhz_BUFGP rising at 0.000ns
  Destination Clock:    clk_100mhz_BUFGP rising at 10.000ns
  Clock Uncertainty:    0.035ns

  Clock Uncertainty:          0.035ns  ((TSJ^2 + TIJ^2)^1/2 + DJ) / 2 + PE
    Total System Jitter (TSJ):  0.070ns
    Total Input Jitter (TIJ):   0.000ns
    Discrete Jitter (DJ):       0.000ns
    Phase Error (PE):           0.000ns

  Maximum Data Path at Slow Process Corner: measured_shell/core/evaluator_i/state_FSM_FFd1 to measured_shell/core/evaluator_i/lam2_0_2
    Location             Delay type         Delay(ns)  Physical Resource
                                                       Logical Resource(s)
    -------------------------------------------------  -------------------
    SLICE_X12Y38.AQ      Tcko                  0.476   measured_shell/core/evaluator_i/state_FSM_FFd2
                                                       measured_shell/core/evaluator_i/state_FSM_FFd1
    SLICE_X13Y37.A1      net (fanout=92)       0.795   measured_shell/core/evaluator_i/state_FSM_FFd1
    SLICE_X13Y37.A       Tilo                  0.259   measured_shell/core/evaluator_i/_n1071_inv
                                                       measured_shell/core/evaluator_i/_n1071_inv11
    SLICE_X13Y52.CE      net (fanout=5)        1.932   measured_shell/core/evaluator_i/_n1071_inv
    SLICE_X13Y52.CLK     Tceck                 0.390   measured_shell/core/evaluator_i/lam2_0_4
                                                       measured_shell/core/evaluator_i/lam2_0_2
    -------------------------------------------------  ---------------------------
    Total                                      3.852ns (1.125ns logic, 2.727ns route)
                                                       (29.2% logic, 70.8% route)

--------------------------------------------------------------------------------
Slack:                  6.347ns (requirement - (data path - clock path skew + uncertainty))
  Source:               measured_shell/core/evaluator_i/state_FSM_FFd2 (FF)
  Destination:          measured_shell/core/evaluator_i/lam2_0_2 (FF)
  Requirement:          10.000ns
  Data Path Delay:      3.599ns (Levels of Logic = 1)
  Clock Path Skew:      -0.019ns (0.424 - 0.443)
  Source Clock:         clk_100mhz_BUFGP rising at 0.000ns
  Destination Clock:    clk_100mhz_BUFGP rising at 10.000ns
  Clock Uncertainty:    0.035ns

  Clock Uncertainty:          0.035ns  ((TSJ^2 + TIJ^2)^1/2 + DJ) / 2 + PE
    Total System Jitter (TSJ):  0.070ns
    Total Input Jitter (TIJ):   0.000ns
    Discrete Jitter (DJ):       0.000ns
    Phase Error (PE):           0.000ns

  Maximum Data Path at Slow Process Corner: measured_shell/core/evaluator_i/state_FSM_FFd2 to measured_shell/core/evaluator_i/lam2_0_2
    Location             Delay type         Delay(ns)  Physical Resource
                                                       Logical Resource(s)
    -------------------------------------------------  -------------------
    SLICE_X12Y38.CQ      Tcko                  0.476   measured_shell/core/evaluator_i/state_FSM_FFd2
                                                       measured_shell/core/evaluator_i/state_FSM_FFd2
    SLICE_X13Y37.A4      net (fanout=18)       0.542   measured_shell/core/evaluator_i/state_FSM_FFd2
    SLICE_X13Y37.A       Tilo                  0.259   measured_shell/core/evaluator_i/_n1071_inv
                                                       measured_shell/core/evaluator_i/_n1071_inv11
    SLICE_X13Y52.CE      net (fanout=5)        1.932   measured_shell/core/evaluator_i/_n1071_inv
    SLICE_X13Y52.CLK     Tceck                 0.390   measured_shell/core/evaluator_i/lam2_0_4
                                                       measured_shell/core/evaluator_i/lam2_0_2
    -------------------------------------------------  ---------------------------
    Total                                      3.599ns (1.125ns logic, 2.474ns route)
                                                       (31.3% logic, 68.7% route)

--------------------------------------------------------------------------------

Paths for end point measured_shell/core/evaluator_i/divisor_6 (SLICE_X14Y34.B5), 111 paths
--------------------------------------------------------------------------------
Slack:                  3.385ns (requirement - (data path - clock path skew + uncertainty))
  Source:               measured_shell/core/evaluator_i/hops1_1 (FF)
  Destination:          measured_shell/core/evaluator_i/divisor_6 (FF)
  Requirement:          10.000ns
  Data Path Delay:      6.568ns (Levels of Logic = 8)
  Clock Path Skew:      -0.012ns (0.422 - 0.434)
  Source Clock:         clk_100mhz_BUFGP rising at 0.000ns
  Destination Clock:    clk_100mhz_BUFGP rising at 10.000ns
  Clock Uncertainty:    0.035ns

  Clock Uncertainty:          0.035ns  ((TSJ^2 + TIJ^2)^1/2 + DJ) / 2 + PE
    Total System Jitter (TSJ):  0.070ns
    Total Input Jitter (TIJ):   0.000ns
    Discrete Jitter (DJ):       0.000ns
    Phase Error (PE):           0.000ns

  Maximum Data Path at Slow Process Corner: measured_shell/core/evaluator_i/hops1_1 to measured_shell/core/evaluator_i/divisor_6
    Location             Delay type         Delay(ns)  Physical Resource
                                                       Logical Resource(s)
    -------------------------------------------------  -------------------
    SLICE_X19Y37.DQ      Tcko                  0.430   measured_shell/core/evaluator_i/hops1<1>
                                                       measured_shell/core/evaluator_i/hops1_1
    SLICE_X17Y35.D3      net (fanout=10)       1.091   measured_shell/core/evaluator_i/hops1<1>
    SLICE_X17Y35.D       Tilo                  0.259   measured_shell/core/evaluator_i/objective<1>
                                                       measured_shell/core/evaluator_i/obj1<3>11
    SLICE_X16Y35.A3      net (fanout=1)        1.249   measured_shell/core/evaluator_i/obj1<3>
    SLICE_X16Y35.COUT    Topcya                0.495   measured_shell/core/evaluator_i/Mcompar_obj1[31]_obj0[31]_LessThan_11_o_cy<4>
                                                       measured_shell/core/evaluator_i/Mcompar_obj1[31]_obj0[31]_LessThan_11_o_lutdi1
                                                       measured_shell/core/evaluator_i/Mcompar_obj1[31]_obj0[31]_LessThan_11_o_cy<4>
    SLICE_X16Y36.CIN     net (fanout=1)        0.003   measured_shell/core/evaluator_i/Mcompar_obj1[31]_obj0[31]_LessThan_11_o_cy<4>
    SLICE_X16Y36.COUT    Tbyp                  0.091   measured_shell/core/evaluator_i/Mcompar_obj1[31]_obj0[31]_LessThan_11_o_cy<8>
                                                       measured_shell/core/evaluator_i/Mcompar_obj1[31]_obj0[31]_LessThan_11_o_cy<8>
    SLICE_X16Y37.CIN     net (fanout=1)        0.003   measured_shell/core/evaluator_i/Mcompar_obj1[31]_obj0[31]_LessThan_11_o_cy<8>
    SLICE_X16Y37.COUT    Tbyp                  0.091   measured_shell/core/evaluator_i/Mcompar_obj1[31]_obj0[31]_LessThan_11_o_cy<12>
                                                       measured_shell/core/evaluator_i/Mcompar_obj1[31]_obj0[31]_LessThan_11_o_cy<12>
    SLICE_X16Y38.CIN     net (fanout=1)        0.003   measured_shell/core/evaluator_i/Mcompar_obj1[31]_obj0[31]_LessThan_11_o_cy<12>
    SLICE_X16Y38.CMUX    Tcinc                 0.296   measured_shell/core/evaluator_i/Mcompar_obj1[31]_obj0[31]_LessThan_11_o_cy<15>
                                                       measured_shell/core/evaluator_i/Mcompar_obj1[31]_obj0[31]_LessThan_11_o_cy<15>
    SLICE_X16Y33.C4      net (fanout=3)        1.021   measured_shell/core/evaluator_i/Mcompar_obj1[31]_obj0[31]_LessThan_11_o_cy<15>
    SLICE_X16Y33.COUT    Topcyc                0.348   measured_shell/core/evaluator_i/Mmux_difference_rs_cy<3>
                                                       measured_shell/core/evaluator_i/Mmux_difference_rs_A<2>1
                                                       measured_shell/core/evaluator_i/Mmux_difference_rs_cy<3>
    SLICE_X16Y34.CIN     net (fanout=1)        0.003   measured_shell/core/evaluator_i/Mmux_difference_rs_cy<3>
    SLICE_X16Y34.CMUX    Tcinc                 0.289   measured_shell/core/evaluator_i/difference<6>
                                                       measured_shell/core/evaluator_i/Mmux_difference_rs_xor<6>
    SLICE_X14Y34.B5      net (fanout=1)        0.439   measured_shell/core/evaluator_i/difference<6>
    SLICE_X14Y34.CLK     Tas                   0.457   measured_shell/core/evaluator_i/divisor<6>
                                                       measured_shell/core/evaluator_i/difference<6>_rt
                                                       measured_shell/core/evaluator_i/Madd_n0506_xor<6>
                                                       measured_shell/core/evaluator_i/divisor_6
    -------------------------------------------------  ---------------------------
    Total                                      6.568ns (2.756ns logic, 3.812ns route)
                                                       (42.0% logic, 58.0% route)

--------------------------------------------------------------------------------
Slack:                  3.408ns (requirement - (data path - clock path skew + uncertainty))
  Source:               measured_shell/core/evaluator_i/hops1_1 (FF)
  Destination:          measured_shell/core/evaluator_i/divisor_6 (FF)
  Requirement:          10.000ns
  Data Path Delay:      6.545ns (Levels of Logic = 8)
  Clock Path Skew:      -0.012ns (0.422 - 0.434)
  Source Clock:         clk_100mhz_BUFGP rising at 0.000ns
  Destination Clock:    clk_100mhz_BUFGP rising at 10.000ns
  Clock Uncertainty:    0.035ns

  Clock Uncertainty:          0.035ns  ((TSJ^2 + TIJ^2)^1/2 + DJ) / 2 + PE
    Total System Jitter (TSJ):  0.070ns
    Total Input Jitter (TIJ):   0.000ns
    Discrete Jitter (DJ):       0.000ns
    Phase Error (PE):           0.000ns

  Maximum Data Path at Slow Process Corner: measured_shell/core/evaluator_i/hops1_1 to measured_shell/core/evaluator_i/divisor_6
    Location             Delay type         Delay(ns)  Physical Resource
                                                       Logical Resource(s)
    -------------------------------------------------  -------------------
    SLICE_X19Y37.DQ      Tcko                  0.430   measured_shell/core/evaluator_i/hops1<1>
                                                       measured_shell/core/evaluator_i/hops1_1
    SLICE_X17Y35.D3      net (fanout=10)       1.091   measured_shell/core/evaluator_i/hops1<1>
    SLICE_X17Y35.D       Tilo                  0.259   measured_shell/core/evaluator_i/objective<1>
                                                       measured_shell/core/evaluator_i/obj1<3>11
    SLICE_X16Y35.A3      net (fanout=1)        1.249   measured_shell/core/evaluator_i/obj1<3>
    SLICE_X16Y35.COUT    Topcya                0.472   measured_shell/core/evaluator_i/Mcompar_obj1[31]_obj0[31]_LessThan_11_o_cy<4>
                                                       measured_shell/core/evaluator_i/Mcompar_obj1[31]_obj0[31]_LessThan_11_o_lut<1>
                                                       measured_shell/core/evaluator_i/Mcompar_obj1[31]_obj0[31]_LessThan_11_o_cy<4>
    SLICE_X16Y36.CIN     net (fanout=1)        0.003   measured_shell/core/evaluator_i/Mcompar_obj1[31]_obj0[31]_LessThan_11_o_cy<4>
    SLICE_X16Y36.COUT    Tbyp                  0.091   measured_shell/core/evaluator_i/Mcompar_obj1[31]_obj0[31]_LessThan_11_o_cy<8>
                                                       measured_shell/core/evaluator_i/Mcompar_obj1[31]_obj0[31]_LessThan_11_o_cy<8>
    SLICE_X16Y37.CIN     net (fanout=1)        0.003   measured_shell/core/evaluator_i/Mcompar_obj1[31]_obj0[31]_LessThan_11_o_cy<8>
    SLICE_X16Y37.COUT    Tbyp                  0.091   measured_shell/core/evaluator_i/Mcompar_obj1[31]_obj0[31]_LessThan_11_o_cy<12>
                                                       measured_shell/core/evaluator_i/Mcompar_obj1[31]_obj0[31]_LessThan_11_o_cy<12>
    SLICE_X16Y38.CIN     net (fanout=1)        0.003   measured_shell/core/evaluator_i/Mcompar_obj1[31]_obj0[31]_LessThan_11_o_cy<12>
    SLICE_X16Y38.CMUX    Tcinc                 0.296   measured_shell/core/evaluator_i/Mcompar_obj1[31]_obj0[31]_LessThan_11_o_cy<15>
                                                       measured_shell/core/evaluator_i/Mcompar_obj1[31]_obj0[31]_LessThan_11_o_cy<15>
    SLICE_X16Y33.C4      net (fanout=3)        1.021   measured_shell/core/evaluator_i/Mcompar_obj1[31]_obj0[31]_LessThan_11_o_cy<15>
    SLICE_X16Y33.COUT    Topcyc                0.348   measured_shell/core/evaluator_i/Mmux_difference_rs_cy<3>
                                                       measured_shell/core/evaluator_i/Mmux_difference_rs_A<2>1
                                                       measured_shell/core/evaluator_i/Mmux_difference_rs_cy<3>
    SLICE_X16Y34.CIN     net (fanout=1)        0.003   measured_shell/core/evaluator_i/Mmux_difference_rs_cy<3>
    SLICE_X16Y34.CMUX    Tcinc                 0.289   measured_shell/core/evaluator_i/difference<6>
                                                       measured_shell/core/evaluator_i/Mmux_difference_rs_xor<6>
    SLICE_X14Y34.B5      net (fanout=1)        0.439   measured_shell/core/evaluator_i/difference<6>
    SLICE_X14Y34.CLK     Tas                   0.457   measured_shell/core/evaluator_i/divisor<6>
                                                       measured_shell/core/evaluator_i/difference<6>_rt
                                                       measured_shell/core/evaluator_i/Madd_n0506_xor<6>
                                                       measured_shell/core/evaluator_i/divisor_6
    -------------------------------------------------  ---------------------------
    Total                                      6.545ns (2.733ns logic, 3.812ns route)
                                                       (41.8% logic, 58.2% route)

--------------------------------------------------------------------------------
Slack:                  3.489ns (requirement - (data path - clock path skew + uncertainty))
  Source:               measured_shell/core/evaluator_i/hops1_1 (FF)
  Destination:          measured_shell/core/evaluator_i/divisor_6 (FF)
  Requirement:          10.000ns
  Data Path Delay:      6.464ns (Levels of Logic = 7)
  Clock Path Skew:      -0.012ns (0.422 - 0.434)
  Source Clock:         clk_100mhz_BUFGP rising at 0.000ns
  Destination Clock:    clk_100mhz_BUFGP rising at 10.000ns
  Clock Uncertainty:    0.035ns

  Clock Uncertainty:          0.035ns  ((TSJ^2 + TIJ^2)^1/2 + DJ) / 2 + PE
    Total System Jitter (TSJ):  0.070ns
    Total Input Jitter (TIJ):   0.000ns
    Discrete Jitter (DJ):       0.000ns
    Phase Error (PE):           0.000ns

  Maximum Data Path at Slow Process Corner: measured_shell/core/evaluator_i/hops1_1 to measured_shell/core/evaluator_i/divisor_6
    Location             Delay type         Delay(ns)  Physical Resource
                                                       Logical Resource(s)
    -------------------------------------------------  -------------------
    SLICE_X19Y37.DQ      Tcko                  0.430   measured_shell/core/evaluator_i/hops1<1>
                                                       measured_shell/core/evaluator_i/hops1_1
    SLICE_X17Y35.D3      net (fanout=10)       1.091   measured_shell/core/evaluator_i/hops1<1>
    SLICE_X17Y35.D       Tilo                  0.259   measured_shell/core/evaluator_i/objective<1>
                                                       measured_shell/core/evaluator_i/obj1<3>11
    SLICE_X16Y35.A3      net (fanout=1)        1.249   measured_shell/core/evaluator_i/obj1<3>
    SLICE_X16Y35.COUT    Topcya                0.495   measured_shell/core/evaluator_i/Mcompar_obj1[31]_obj0[31]_LessThan_11_o_cy<4>
                                                       measured_shell/core/evaluator_i/Mcompar_obj1[31]_obj0[31]_LessThan_11_o_lutdi1
                                                       measured_shell/core/evaluator_i/Mcompar_obj1[31]_obj0[31]_LessThan_11_o_cy<4>
    SLICE_X16Y36.CIN     net (fanout=1)        0.003   measured_shell/core/evaluator_i/Mcompar_obj1[31]_obj0[31]_LessThan_11_o_cy<4>
    SLICE_X16Y36.COUT    Tbyp                  0.091   measured_shell/core/evaluator_i/Mcompar_obj1[31]_obj0[31]_LessThan_11_o_cy<8>
                                                       measured_shell/core/evaluator_i/Mcompar_obj1[31]_obj0[31]_LessThan_11_o_cy<8>
    SLICE_X16Y37.CIN     net (fanout=1)        0.003   measured_shell/core/evaluator_i/Mcompar_obj1[31]_obj0[31]_LessThan_11_o_cy<8>
    SLICE_X16Y37.COUT    Tbyp                  0.091   measured_shell/core/evaluator_i/Mcompar_obj1[31]_obj0[31]_LessThan_11_o_cy<12>
                                                       measured_shell/core/evaluator_i/Mcompar_obj1[31]_obj0[31]_LessThan_11_o_cy<12>
    SLICE_X16Y38.CIN     net (fanout=1)        0.003   measured_shell/core/evaluator_i/Mcompar_obj1[31]_obj0[31]_LessThan_11_o_cy<12>
    SLICE_X16Y38.CMUX    Tcinc                 0.296   measured_shell/core/evaluator_i/Mcompar_obj1[31]_obj0[31]_LessThan_11_o_cy<15>
                                                       measured_shell/core/evaluator_i/Mcompar_obj1[31]_obj0[31]_LessThan_11_o_cy<15>
    SLICE_X16Y34.B2      net (fanout=3)        1.003   measured_shell/core/evaluator_i/Mcompar_obj1[31]_obj0[31]_LessThan_11_o_cy<15>
    SLICE_X16Y34.CMUX    Topbc                 0.554   measured_shell/core/evaluator_i/difference<6>
                                                       measured_shell/core/evaluator_i/Mmux_difference_rs_A<5>1
                                                       measured_shell/core/evaluator_i/Mmux_difference_rs_xor<6>
    SLICE_X14Y34.B5      net (fanout=1)        0.439   measured_shell/core/evaluator_i/difference<6>
    SLICE_X14Y34.CLK     Tas                   0.457   measured_shell/core/evaluator_i/divisor<6>
                                                       measured_shell/core/evaluator_i/difference<6>_rt
                                                       measured_shell/core/evaluator_i/Madd_n0506_xor<6>
                                                       measured_shell/core/evaluator_i/divisor_6
    -------------------------------------------------  ---------------------------
    Total                                      6.464ns (2.673ns logic, 3.791ns route)
                                                       (41.4% logic, 58.6% route)

--------------------------------------------------------------------------------
Slack:                  3.512ns (requirement - (data path - clock path skew + uncertainty))
  Source:               measured_shell/core/evaluator_i/hops1_1 (FF)
  Destination:          measured_shell/core/evaluator_i/divisor_6 (FF)
  Requirement:          10.000ns
  Data Path Delay:      6.441ns (Levels of Logic = 7)
  Clock Path Skew:      -0.012ns (0.422 - 0.434)
  Source Clock:         clk_100mhz_BUFGP rising at 0.000ns
  Destination Clock:    clk_100mhz_BUFGP rising at 10.000ns
  Clock Uncertainty:    0.035ns

  Clock Uncertainty:          0.035ns  ((TSJ^2 + TIJ^2)^1/2 + DJ) / 2 + PE
    Total System Jitter (TSJ):  0.070ns
    Total Input Jitter (TIJ):   0.000ns
    Discrete Jitter (DJ):       0.000ns
    Phase Error (PE):           0.000ns

  Maximum Data Path at Slow Process Corner: measured_shell/core/evaluator_i/hops1_1 to measured_shell/core/evaluator_i/divisor_6
    Location             Delay type         Delay(ns)  Physical Resource
                                                       Logical Resource(s)
    -------------------------------------------------  -------------------
    SLICE_X19Y37.DQ      Tcko                  0.430   measured_shell/core/evaluator_i/hops1<1>
                                                       measured_shell/core/evaluator_i/hops1_1
    SLICE_X17Y35.D3      net (fanout=10)       1.091   measured_shell/core/evaluator_i/hops1<1>
    SLICE_X17Y35.D       Tilo                  0.259   measured_shell/core/evaluator_i/objective<1>
                                                       measured_shell/core/evaluator_i/obj1<3>11
    SLICE_X16Y35.A3      net (fanout=1)        1.249   measured_shell/core/evaluator_i/obj1<3>
    SLICE_X16Y35.COUT    Topcya                0.472   measured_shell/core/evaluator_i/Mcompar_obj1[31]_obj0[31]_LessThan_11_o_cy<4>
                                                       measured_shell/core/evaluator_i/Mcompar_obj1[31]_obj0[31]_LessThan_11_o_lut<1>
                                                       measured_shell/core/evaluator_i/Mcompar_obj1[31]_obj0[31]_LessThan_11_o_cy<4>
    SLICE_X16Y36.CIN     net (fanout=1)        0.003   measured_shell/core/evaluator_i/Mcompar_obj1[31]_obj0[31]_LessThan_11_o_cy<4>
    SLICE_X16Y36.COUT    Tbyp                  0.091   measured_shell/core/evaluator_i/Mcompar_obj1[31]_obj0[31]_LessThan_11_o_cy<8>
                                                       measured_shell/core/evaluator_i/Mcompar_obj1[31]_obj0[31]_LessThan_11_o_cy<8>
    SLICE_X16Y37.CIN     net (fanout=1)        0.003   measured_shell/core/evaluator_i/Mcompar_obj1[31]_obj0[31]_LessThan_11_o_cy<8>
    SLICE_X16Y37.COUT    Tbyp                  0.091   measured_shell/core/evaluator_i/Mcompar_obj1[31]_obj0[31]_LessThan_11_o_cy<12>
                                                       measured_shell/core/evaluator_i/Mcompar_obj1[31]_obj0[31]_LessThan_11_o_cy<12>
    SLICE_X16Y38.CIN     net (fanout=1)        0.003   measured_shell/core/evaluator_i/Mcompar_obj1[31]_obj0[31]_LessThan_11_o_cy<12>
    SLICE_X16Y38.CMUX    Tcinc                 0.296   measured_shell/core/evaluator_i/Mcompar_obj1[31]_obj0[31]_LessThan_11_o_cy<15>
                                                       measured_shell/core/evaluator_i/Mcompar_obj1[31]_obj0[31]_LessThan_11_o_cy<15>
    SLICE_X16Y34.B2      net (fanout=3)        1.003   measured_shell/core/evaluator_i/Mcompar_obj1[31]_obj0[31]_LessThan_11_o_cy<15>
    SLICE_X16Y34.CMUX    Topbc                 0.554   measured_shell/core/evaluator_i/difference<6>
                                                       measured_shell/core/evaluator_i/Mmux_difference_rs_A<5>1
                                                       measured_shell/core/evaluator_i/Mmux_difference_rs_xor<6>
    SLICE_X14Y34.B5      net (fanout=1)        0.439   measured_shell/core/evaluator_i/difference<6>
    SLICE_X14Y34.CLK     Tas                   0.457   measured_shell/core/evaluator_i/divisor<6>
                                                       measured_shell/core/evaluator_i/difference<6>_rt
                                                       measured_shell/core/evaluator_i/Madd_n0506_xor<6>
                                                       measured_shell/core/evaluator_i/divisor_6
    -------------------------------------------------  ---------------------------
    Total                                      6.441ns (2.650ns logic, 3.791ns route)
                                                       (41.1% logic, 58.9% route)

--------------------------------------------------------------------------------
Slack:                  3.518ns (requirement - (data path - clock path skew + uncertainty))
  Source:               measured_shell/core/evaluator_i/hops1_1 (FF)
  Destination:          measured_shell/core/evaluator_i/divisor_6 (FF)
  Requirement:          10.000ns
  Data Path Delay:      6.435ns (Levels of Logic = 8)
  Clock Path Skew:      -0.012ns (0.422 - 0.434)
  Source Clock:         clk_100mhz_BUFGP rising at 0.000ns
  Destination Clock:    clk_100mhz_BUFGP rising at 10.000ns
  Clock Uncertainty:    0.035ns

  Clock Uncertainty:          0.035ns  ((TSJ^2 + TIJ^2)^1/2 + DJ) / 2 + PE
    Total System Jitter (TSJ):  0.070ns
    Total Input Jitter (TIJ):   0.000ns
    Discrete Jitter (DJ):       0.000ns
    Phase Error (PE):           0.000ns

  Maximum Data Path at Slow Process Corner: measured_shell/core/evaluator_i/hops1_1 to measured_shell/core/evaluator_i/divisor_6
    Location             Delay type         Delay(ns)  Physical Resource
                                                       Logical Resource(s)
    -------------------------------------------------  -------------------
    SLICE_X19Y37.DQ      Tcko                  0.430   measured_shell/core/evaluator_i/hops1<1>
                                                       measured_shell/core/evaluator_i/hops1_1
    SLICE_X17Y35.D3      net (fanout=10)       1.091   measured_shell/core/evaluator_i/hops1<1>
    SLICE_X17Y35.D       Tilo                  0.259   measured_shell/core/evaluator_i/objective<1>
                                                       measured_shell/core/evaluator_i/obj1<3>11
    SLICE_X16Y35.A3      net (fanout=1)        1.249   measured_shell/core/evaluator_i/obj1<3>
    SLICE_X16Y35.COUT    Topcya                0.495   measured_shell/core/evaluator_i/Mcompar_obj1[31]_obj0[31]_LessThan_11_o_cy<4>
                                                       measured_shell/core/evaluator_i/Mcompar_obj1[31]_obj0[31]_LessThan_11_o_lutdi1
                                                       measured_shell/core/evaluator_i/Mcompar_obj1[31]_obj0[31]_LessThan_11_o_cy<4>
    SLICE_X16Y36.CIN     net (fanout=1)        0.003   measured_shell/core/evaluator_i/Mcompar_obj1[31]_obj0[31]_LessThan_11_o_cy<4>
    SLICE_X16Y36.COUT    Tbyp                  0.091   measured_shell/core/evaluator_i/Mcompar_obj1[31]_obj0[31]_LessThan_11_o_cy<8>
                                                       measured_shell/core/evaluator_i/Mcompar_obj1[31]_obj0[31]_LessThan_11_o_cy<8>
    SLICE_X16Y37.CIN     net (fanout=1)        0.003   measured_shell/core/evaluator_i/Mcompar_obj1[31]_obj0[31]_LessThan_11_o_cy<8>
    SLICE_X16Y37.COUT    Tbyp                  0.091   measured_shell/core/evaluator_i/Mcompar_obj1[31]_obj0[31]_LessThan_11_o_cy<12>
                                                       measured_shell/core/evaluator_i/Mcompar_obj1[31]_obj0[31]_LessThan_11_o_cy<12>
    SLICE_X16Y38.CIN     net (fanout=1)        0.003   measured_shell/core/evaluator_i/Mcompar_obj1[31]_obj0[31]_LessThan_11_o_cy<12>
    SLICE_X16Y38.CMUX    Tcinc                 0.296   measured_shell/core/evaluator_i/Mcompar_obj1[31]_obj0[31]_LessThan_11_o_cy<15>
                                                       measured_shell/core/evaluator_i/Mcompar_obj1[31]_obj0[31]_LessThan_11_o_cy<15>
    SLICE_X16Y33.D5      net (fanout=3)        0.901   measured_shell/core/evaluator_i/Mcompar_obj1[31]_obj0[31]_LessThan_11_o_cy<15>
    SLICE_X16Y33.COUT    Topcyd                0.335   measured_shell/core/evaluator_i/Mmux_difference_rs_cy<3>
                                                       measured_shell/core/evaluator_i/Mmux_difference_rs_A<3>1
                                                       measured_shell/core/evaluator_i/Mmux_difference_rs_cy<3>
    SLICE_X16Y34.CIN     net (fanout=1)        0.003   measured_shell/core/evaluator_i/Mmux_difference_rs_cy<3>
    SLICE_X16Y34.CMUX    Tcinc                 0.289   measured_shell/core/evaluator_i/difference<6>
                                                       measured_shell/core/evaluator_i/Mmux_difference_rs_xor<6>
    SLICE_X14Y34.B5      net (fanout=1)        0.439   measured_shell/core/evaluator_i/difference<6>
    SLICE_X14Y34.CLK     Tas                   0.457   measured_shell/core/evaluator_i/divisor<6>
                                                       measured_shell/core/evaluator_i/difference<6>_rt
                                                       measured_shell/core/evaluator_i/Madd_n0506_xor<6>
                                                       measured_shell/core/evaluator_i/divisor_6
    -------------------------------------------------  ---------------------------
    Total                                      6.435ns (2.743ns logic, 3.692ns route)
                                                       (42.6% logic, 57.4% route)

--------------------------------------------------------------------------------
Slack:                  3.541ns (requirement - (data path - clock path skew + uncertainty))
  Source:               measured_shell/core/evaluator_i/hops1_1 (FF)
  Destination:          measured_shell/core/evaluator_i/divisor_6 (FF)
  Requirement:          10.000ns
  Data Path Delay:      6.412ns (Levels of Logic = 8)
  Clock Path Skew:      -0.012ns (0.422 - 0.434)
  Source Clock:         clk_100mhz_BUFGP rising at 0.000ns
  Destination Clock:    clk_100mhz_BUFGP rising at 10.000ns
  Clock Uncertainty:    0.035ns

  Clock Uncertainty:          0.035ns  ((TSJ^2 + TIJ^2)^1/2 + DJ) / 2 + PE
    Total System Jitter (TSJ):  0.070ns
    Total Input Jitter (TIJ):   0.000ns
    Discrete Jitter (DJ):       0.000ns
    Phase Error (PE):           0.000ns

  Maximum Data Path at Slow Process Corner: measured_shell/core/evaluator_i/hops1_1 to measured_shell/core/evaluator_i/divisor_6
    Location             Delay type         Delay(ns)  Physical Resource
                                                       Logical Resource(s)
    -------------------------------------------------  -------------------
    SLICE_X19Y37.DQ      Tcko                  0.430   measured_shell/core/evaluator_i/hops1<1>
                                                       measured_shell/core/evaluator_i/hops1_1
    SLICE_X17Y35.D3      net (fanout=10)       1.091   measured_shell/core/evaluator_i/hops1<1>
    SLICE_X17Y35.D       Tilo                  0.259   measured_shell/core/evaluator_i/objective<1>
                                                       measured_shell/core/evaluator_i/obj1<3>11
    SLICE_X16Y35.A3      net (fanout=1)        1.249   measured_shell/core/evaluator_i/obj1<3>
    SLICE_X16Y35.COUT    Topcya                0.472   measured_shell/core/evaluator_i/Mcompar_obj1[31]_obj0[31]_LessThan_11_o_cy<4>
                                                       measured_shell/core/evaluator_i/Mcompar_obj1[31]_obj0[31]_LessThan_11_o_lut<1>
                                                       measured_shell/core/evaluator_i/Mcompar_obj1[31]_obj0[31]_LessThan_11_o_cy<4>
    SLICE_X16Y36.CIN     net (fanout=1)        0.003   measured_shell/core/evaluator_i/Mcompar_obj1[31]_obj0[31]_LessThan_11_o_cy<4>
    SLICE_X16Y36.COUT    Tbyp                  0.091   measured_shell/core/evaluator_i/Mcompar_obj1[31]_obj0[31]_LessThan_11_o_cy<8>
                                                       measured_shell/core/evaluator_i/Mcompar_obj1[31]_obj0[31]_LessThan_11_o_cy<8>
    SLICE_X16Y37.CIN     net (fanout=1)        0.003   measured_shell/core/evaluator_i/Mcompar_obj1[31]_obj0[31]_LessThan_11_o_cy<8>
    SLICE_X16Y37.COUT    Tbyp                  0.091   measured_shell/core/evaluator_i/Mcompar_obj1[31]_obj0[31]_LessThan_11_o_cy<12>
                                                       measured_shell/core/evaluator_i/Mcompar_obj1[31]_obj0[31]_LessThan_11_o_cy<12>
    SLICE_X16Y38.CIN     net (fanout=1)        0.003   measured_shell/core/evaluator_i/Mcompar_obj1[31]_obj0[31]_LessThan_11_o_cy<12>
    SLICE_X16Y38.CMUX    Tcinc                 0.296   measured_shell/core/evaluator_i/Mcompar_obj1[31]_obj0[31]_LessThan_11_o_cy<15>
                                                       measured_shell/core/evaluator_i/Mcompar_obj1[31]_obj0[31]_LessThan_11_o_cy<15>
    SLICE_X16Y33.D5      net (fanout=3)        0.901   measured_shell/core/evaluator_i/Mcompar_obj1[31]_obj0[31]_LessThan_11_o_cy<15>
    SLICE_X16Y33.COUT    Topcyd                0.335   measured_shell/core/evaluator_i/Mmux_difference_rs_cy<3>
                                                       measured_shell/core/evaluator_i/Mmux_difference_rs_A<3>1
                                                       measured_shell/core/evaluator_i/Mmux_difference_rs_cy<3>
    SLICE_X16Y34.CIN     net (fanout=1)        0.003   measured_shell/core/evaluator_i/Mmux_difference_rs_cy<3>
    SLICE_X16Y34.CMUX    Tcinc                 0.289   measured_shell/core/evaluator_i/difference<6>
                                                       measured_shell/core/evaluator_i/Mmux_difference_rs_xor<6>
    SLICE_X14Y34.B5      net (fanout=1)        0.439   measured_shell/core/evaluator_i/difference<6>
    SLICE_X14Y34.CLK     Tas                   0.457   measured_shell/core/evaluator_i/divisor<6>
                                                       measured_shell/core/evaluator_i/difference<6>_rt
                                                       measured_shell/core/evaluator_i/Madd_n0506_xor<6>
                                                       measured_shell/core/evaluator_i/divisor_6
    -------------------------------------------------  ---------------------------
    Total                                      6.412ns (2.720ns logic, 3.692ns route)
                                                       (42.4% logic, 57.6% route)

--------------------------------------------------------------------------------
Slack:                  3.680ns (requirement - (data path - clock path skew + uncertainty))
  Source:               measured_shell/core/evaluator_i/objective_1 (FF)
  Destination:          measured_shell/core/evaluator_i/divisor_6 (FF)
  Requirement:          10.000ns
  Data Path Delay:      6.274ns (Levels of Logic = 8)
  Clock Path Skew:      -0.011ns (0.302 - 0.313)
  Source Clock:         clk_100mhz_BUFGP rising at 0.000ns
  Destination Clock:    clk_100mhz_BUFGP rising at 10.000ns
  Clock Uncertainty:    0.035ns

  Clock Uncertainty:          0.035ns  ((TSJ^2 + TIJ^2)^1/2 + DJ) / 2 + PE
    Total System Jitter (TSJ):  0.070ns
    Total Input Jitter (TIJ):   0.000ns
    Discrete Jitter (DJ):       0.000ns
    Phase Error (PE):           0.000ns

  Maximum Data Path at Slow Process Corner: measured_shell/core/evaluator_i/objective_1 to measured_shell/core/evaluator_i/divisor_6
    Location             Delay type         Delay(ns)  Physical Resource
                                                       Logical Resource(s)
    -------------------------------------------------  -------------------
    SLICE_X17Y35.AQ      Tcko                  0.430   measured_shell/core/evaluator_i/objective<1>
                                                       measured_shell/core/evaluator_i/objective_1
    SLICE_X17Y35.D2      net (fanout=20)       0.797   measured_shell/core/evaluator_i/objective<1>
    SLICE_X17Y35.D       Tilo                  0.259   measured_shell/core/evaluator_i/objective<1>
                                                       measured_shell/core/evaluator_i/obj1<3>11
    SLICE_X16Y35.A3      net (fanout=1)        1.249   measured_shell/core/evaluator_i/obj1<3>
    SLICE_X16Y35.COUT    Topcya                0.495   measured_shell/core/evaluator_i/Mcompar_obj1[31]_obj0[31]_LessThan_11_o_cy<4>
                                                       measured_shell/core/evaluator_i/Mcompar_obj1[31]_obj0[31]_LessThan_11_o_lutdi1
                                                       measured_shell/core/evaluator_i/Mcompar_obj1[31]_obj0[31]_LessThan_11_o_cy<4>
    SLICE_X16Y36.CIN     net (fanout=1)        0.003   measured_shell/core/evaluator_i/Mcompar_obj1[31]_obj0[31]_LessThan_11_o_cy<4>
    SLICE_X16Y36.COUT    Tbyp                  0.091   measured_shell/core/evaluator_i/Mcompar_obj1[31]_obj0[31]_LessThan_11_o_cy<8>
                                                       measured_shell/core/evaluator_i/Mcompar_obj1[31]_obj0[31]_LessThan_11_o_cy<8>
    SLICE_X16Y37.CIN     net (fanout=1)        0.003   measured_shell/core/evaluator_i/Mcompar_obj1[31]_obj0[31]_LessThan_11_o_cy<8>
    SLICE_X16Y37.COUT    Tbyp                  0.091   measured_shell/core/evaluator_i/Mcompar_obj1[31]_obj0[31]_LessThan_11_o_cy<12>
                                                       measured_shell/core/evaluator_i/Mcompar_obj1[31]_obj0[31]_LessThan_11_o_cy<12>
    SLICE_X16Y38.CIN     net (fanout=1)        0.003   measured_shell/core/evaluator_i/Mcompar_obj1[31]_obj0[31]_LessThan_11_o_cy<12>
    SLICE_X16Y38.CMUX    Tcinc                 0.296   measured_shell/core/evaluator_i/Mcompar_obj1[31]_obj0[31]_LessThan_11_o_cy<15>
                                                       measured_shell/core/evaluator_i/Mcompar_obj1[31]_obj0[31]_LessThan_11_o_cy<15>
    SLICE_X16Y33.C4      net (fanout=3)        1.021   measured_shell/core/evaluator_i/Mcompar_obj1[31]_obj0[31]_LessThan_11_o_cy<15>
    SLICE_X16Y33.COUT    Topcyc                0.348   measured_shell/core/evaluator_i/Mmux_difference_rs_cy<3>
                                                       measured_shell/core/evaluator_i/Mmux_difference_rs_A<2>1
                                                       measured_shell/core/evaluator_i/Mmux_difference_rs_cy<3>
    SLICE_X16Y34.CIN     net (fanout=1)        0.003   measured_shell/core/evaluator_i/Mmux_difference_rs_cy<3>
    SLICE_X16Y34.CMUX    Tcinc                 0.289   measured_shell/core/evaluator_i/difference<6>
                                                       measured_shell/core/evaluator_i/Mmux_difference_rs_xor<6>
    SLICE_X14Y34.B5      net (fanout=1)        0.439   measured_shell/core/evaluator_i/difference<6>
    SLICE_X14Y34.CLK     Tas                   0.457   measured_shell/core/evaluator_i/divisor<6>
                                                       measured_shell/core/evaluator_i/difference<6>_rt
                                                       measured_shell/core/evaluator_i/Madd_n0506_xor<6>
                                                       measured_shell/core/evaluator_i/divisor_6
    -------------------------------------------------  ---------------------------
    Total                                      6.274ns (2.756ns logic, 3.518ns route)
                                                       (43.9% logic, 56.1% route)

--------------------------------------------------------------------------------
Slack:                  3.703ns (requirement - (data path - clock path skew + uncertainty))
  Source:               measured_shell/core/evaluator_i/objective_1 (FF)
  Destination:          measured_shell/core/evaluator_i/divisor_6 (FF)
  Requirement:          10.000ns
  Data Path Delay:      6.251ns (Levels of Logic = 8)
  Clock Path Skew:      -0.011ns (0.302 - 0.313)
  Source Clock:         clk_100mhz_BUFGP rising at 0.000ns
  Destination Clock:    clk_100mhz_BUFGP rising at 10.000ns
  Clock Uncertainty:    0.035ns

  Clock Uncertainty:          0.035ns  ((TSJ^2 + TIJ^2)^1/2 + DJ) / 2 + PE
    Total System Jitter (TSJ):  0.070ns
    Total Input Jitter (TIJ):   0.000ns
    Discrete Jitter (DJ):       0.000ns
    Phase Error (PE):           0.000ns

  Maximum Data Path at Slow Process Corner: measured_shell/core/evaluator_i/objective_1 to measured_shell/core/evaluator_i/divisor_6
    Location             Delay type         Delay(ns)  Physical Resource
                                                       Logical Resource(s)
    -------------------------------------------------  -------------------
    SLICE_X17Y35.AQ      Tcko                  0.430   measured_shell/core/evaluator_i/objective<1>
                                                       measured_shell/core/evaluator_i/objective_1
    SLICE_X17Y35.D2      net (fanout=20)       0.797   measured_shell/core/evaluator_i/objective<1>
    SLICE_X17Y35.D       Tilo                  0.259   measured_shell/core/evaluator_i/objective<1>
                                                       measured_shell/core/evaluator_i/obj1<3>11
    SLICE_X16Y35.A3      net (fanout=1)        1.249   measured_shell/core/evaluator_i/obj1<3>
    SLICE_X16Y35.COUT    Topcya                0.472   measured_shell/core/evaluator_i/Mcompar_obj1[31]_obj0[31]_LessThan_11_o_cy<4>
                                                       measured_shell/core/evaluator_i/Mcompar_obj1[31]_obj0[31]_LessThan_11_o_lut<1>
                                                       measured_shell/core/evaluator_i/Mcompar_obj1[31]_obj0[31]_LessThan_11_o_cy<4>
    SLICE_X16Y36.CIN     net (fanout=1)        0.003   measured_shell/core/evaluator_i/Mcompar_obj1[31]_obj0[31]_LessThan_11_o_cy<4>
    SLICE_X16Y36.COUT    Tbyp                  0.091   measured_shell/core/evaluator_i/Mcompar_obj1[31]_obj0[31]_LessThan_11_o_cy<8>
                                                       measured_shell/core/evaluator_i/Mcompar_obj1[31]_obj0[31]_LessThan_11_o_cy<8>
    SLICE_X16Y37.CIN     net (fanout=1)        0.003   measured_shell/core/evaluator_i/Mcompar_obj1[31]_obj0[31]_LessThan_11_o_cy<8>
    SLICE_X16Y37.COUT    Tbyp                  0.091   measured_shell/core/evaluator_i/Mcompar_obj1[31]_obj0[31]_LessThan_11_o_cy<12>
                                                       measured_shell/core/evaluator_i/Mcompar_obj1[31]_obj0[31]_LessThan_11_o_cy<12>
    SLICE_X16Y38.CIN     net (fanout=1)        0.003   measured_shell/core/evaluator_i/Mcompar_obj1[31]_obj0[31]_LessThan_11_o_cy<12>
    SLICE_X16Y38.CMUX    Tcinc                 0.296   measured_shell/core/evaluator_i/Mcompar_obj1[31]_obj0[31]_LessThan_11_o_cy<15>
                                                       measured_shell/core/evaluator_i/Mcompar_obj1[31]_obj0[31]_LessThan_11_o_cy<15>
    SLICE_X16Y33.C4      net (fanout=3)        1.021   measured_shell/core/evaluator_i/Mcompar_obj1[31]_obj0[31]_LessThan_11_o_cy<15>
    SLICE_X16Y33.COUT    Topcyc                0.348   measured_shell/core/evaluator_i/Mmux_difference_rs_cy<3>
                                                       measured_shell/core/evaluator_i/Mmux_difference_rs_A<2>1
                                                       measured_shell/core/evaluator_i/Mmux_difference_rs_cy<3>
    SLICE_X16Y34.CIN     net (fanout=1)        0.003   measured_shell/core/evaluator_i/Mmux_difference_rs_cy<3>
    SLICE_X16Y34.CMUX    Tcinc                 0.289   measured_shell/core/evaluator_i/difference<6>
                                                       measured_shell/core/evaluator_i/Mmux_difference_rs_xor<6>
    SLICE_X14Y34.B5      net (fanout=1)        0.439   measured_shell/core/evaluator_i/difference<6>
    SLICE_X14Y34.CLK     Tas                   0.457   measured_shell/core/evaluator_i/divisor<6>
                                                       measured_shell/core/evaluator_i/difference<6>_rt
                                                       measured_shell/core/evaluator_i/Madd_n0506_xor<6>
                                                       measured_shell/core/evaluator_i/divisor_6
    -------------------------------------------------  ---------------------------
    Total                                      6.251ns (2.733ns logic, 3.518ns route)
                                                       (43.7% logic, 56.3% route)

--------------------------------------------------------------------------------
Slack:                  3.784ns (requirement - (data path - clock path skew + uncertainty))
  Source:               measured_shell/core/evaluator_i/objective_1 (FF)
  Destination:          measured_shell/core/evaluator_i/divisor_6 (FF)
  Requirement:          10.000ns
  Data Path Delay:      6.170ns (Levels of Logic = 7)
  Clock Path Skew:      -0.011ns (0.302 - 0.313)
  Source Clock:         clk_100mhz_BUFGP rising at 0.000ns
  Destination Clock:    clk_100mhz_BUFGP rising at 10.000ns
  Clock Uncertainty:    0.035ns

  Clock Uncertainty:          0.035ns  ((TSJ^2 + TIJ^2)^1/2 + DJ) / 2 + PE
    Total System Jitter (TSJ):  0.070ns
    Total Input Jitter (TIJ):   0.000ns
    Discrete Jitter (DJ):       0.000ns
    Phase Error (PE):           0.000ns

  Maximum Data Path at Slow Process Corner: measured_shell/core/evaluator_i/objective_1 to measured_shell/core/evaluator_i/divisor_6
    Location             Delay type         Delay(ns)  Physical Resource
                                                       Logical Resource(s)
    -------------------------------------------------  -------------------
    SLICE_X17Y35.AQ      Tcko                  0.430   measured_shell/core/evaluator_i/objective<1>
                                                       measured_shell/core/evaluator_i/objective_1
    SLICE_X17Y35.D2      net (fanout=20)       0.797   measured_shell/core/evaluator_i/objective<1>
    SLICE_X17Y35.D       Tilo                  0.259   measured_shell/core/evaluator_i/objective<1>
                                                       measured_shell/core/evaluator_i/obj1<3>11
    SLICE_X16Y35.A3      net (fanout=1)        1.249   measured_shell/core/evaluator_i/obj1<3>
    SLICE_X16Y35.COUT    Topcya                0.495   measured_shell/core/evaluator_i/Mcompar_obj1[31]_obj0[31]_LessThan_11_o_cy<4>
                                                       measured_shell/core/evaluator_i/Mcompar_obj1[31]_obj0[31]_LessThan_11_o_lutdi1
                                                       measured_shell/core/evaluator_i/Mcompar_obj1[31]_obj0[31]_LessThan_11_o_cy<4>
    SLICE_X16Y36.CIN     net (fanout=1)        0.003   measured_shell/core/evaluator_i/Mcompar_obj1[31]_obj0[31]_LessThan_11_o_cy<4>
    SLICE_X16Y36.COUT    Tbyp                  0.091   measured_shell/core/evaluator_i/Mcompar_obj1[31]_obj0[31]_LessThan_11_o_cy<8>
                                                       measured_shell/core/evaluator_i/Mcompar_obj1[31]_obj0[31]_LessThan_11_o_cy<8>
    SLICE_X16Y37.CIN     net (fanout=1)        0.003   measured_shell/core/evaluator_i/Mcompar_obj1[31]_obj0[31]_LessThan_11_o_cy<8>
    SLICE_X16Y37.COUT    Tbyp                  0.091   measured_shell/core/evaluator_i/Mcompar_obj1[31]_obj0[31]_LessThan_11_o_cy<12>
                                                       measured_shell/core/evaluator_i/Mcompar_obj1[31]_obj0[31]_LessThan_11_o_cy<12>
    SLICE_X16Y38.CIN     net (fanout=1)        0.003   measured_shell/core/evaluator_i/Mcompar_obj1[31]_obj0[31]_LessThan_11_o_cy<12>
    SLICE_X16Y38.CMUX    Tcinc                 0.296   measured_shell/core/evaluator_i/Mcompar_obj1[31]_obj0[31]_LessThan_11_o_cy<15>
                                                       measured_shell/core/evaluator_i/Mcompar_obj1[31]_obj0[31]_LessThan_11_o_cy<15>
    SLICE_X16Y34.B2      net (fanout=3)        1.003   measured_shell/core/evaluator_i/Mcompar_obj1[31]_obj0[31]_LessThan_11_o_cy<15>
    SLICE_X16Y34.CMUX    Topbc                 0.554   measured_shell/core/evaluator_i/difference<6>
                                                       measured_shell/core/evaluator_i/Mmux_difference_rs_A<5>1
                                                       measured_shell/core/evaluator_i/Mmux_difference_rs_xor<6>
    SLICE_X14Y34.B5      net (fanout=1)        0.439   measured_shell/core/evaluator_i/difference<6>
    SLICE_X14Y34.CLK     Tas                   0.457   measured_shell/core/evaluator_i/divisor<6>
                                                       measured_shell/core/evaluator_i/difference<6>_rt
                                                       measured_shell/core/evaluator_i/Madd_n0506_xor<6>
                                                       measured_shell/core/evaluator_i/divisor_6
    -------------------------------------------------  ---------------------------
    Total                                      6.170ns (2.673ns logic, 3.497ns route)
                                                       (43.3% logic, 56.7% route)

--------------------------------------------------------------------------------
Slack:                  3.807ns (requirement - (data path - clock path skew + uncertainty))
  Source:               measured_shell/core/evaluator_i/objective_1 (FF)
  Destination:          measured_shell/core/evaluator_i/divisor_6 (FF)
  Requirement:          10.000ns
  Data Path Delay:      6.147ns (Levels of Logic = 7)
  Clock Path Skew:      -0.011ns (0.302 - 0.313)
  Source Clock:         clk_100mhz_BUFGP rising at 0.000ns
  Destination Clock:    clk_100mhz_BUFGP rising at 10.000ns
  Clock Uncertainty:    0.035ns

  Clock Uncertainty:          0.035ns  ((TSJ^2 + TIJ^2)^1/2 + DJ) / 2 + PE
    Total System Jitter (TSJ):  0.070ns
    Total Input Jitter (TIJ):   0.000ns
    Discrete Jitter (DJ):       0.000ns
    Phase Error (PE):           0.000ns

  Maximum Data Path at Slow Process Corner: measured_shell/core/evaluator_i/objective_1 to measured_shell/core/evaluator_i/divisor_6
    Location             Delay type         Delay(ns)  Physical Resource
                                                       Logical Resource(s)
    -------------------------------------------------  -------------------
    SLICE_X17Y35.AQ      Tcko                  0.430   measured_shell/core/evaluator_i/objective<1>
                                                       measured_shell/core/evaluator_i/objective_1
    SLICE_X17Y35.D2      net (fanout=20)       0.797   measured_shell/core/evaluator_i/objective<1>
    SLICE_X17Y35.D       Tilo                  0.259   measured_shell/core/evaluator_i/objective<1>
                                                       measured_shell/core/evaluator_i/obj1<3>11
    SLICE_X16Y35.A3      net (fanout=1)        1.249   measured_shell/core/evaluator_i/obj1<3>
    SLICE_X16Y35.COUT    Topcya                0.472   measured_shell/core/evaluator_i/Mcompar_obj1[31]_obj0[31]_LessThan_11_o_cy<4>
                                                       measured_shell/core/evaluator_i/Mcompar_obj1[31]_obj0[31]_LessThan_11_o_lut<1>
                                                       measured_shell/core/evaluator_i/Mcompar_obj1[31]_obj0[31]_LessThan_11_o_cy<4>
    SLICE_X16Y36.CIN     net (fanout=1)        0.003   measured_shell/core/evaluator_i/Mcompar_obj1[31]_obj0[31]_LessThan_11_o_cy<4>
    SLICE_X16Y36.COUT    Tbyp                  0.091   measured_shell/core/evaluator_i/Mcompar_obj1[31]_obj0[31]_LessThan_11_o_cy<8>
                                                       measured_shell/core/evaluator_i/Mcompar_obj1[31]_obj0[31]_LessThan_11_o_cy<8>
    SLICE_X16Y37.CIN     net (fanout=1)        0.003   measured_shell/core/evaluator_i/Mcompar_obj1[31]_obj0[31]_LessThan_11_o_cy<8>
    SLICE_X16Y37.COUT    Tbyp                  0.091   measured_shell/core/evaluator_i/Mcompar_obj1[31]_obj0[31]_LessThan_11_o_cy<12>
                                                       measured_shell/core/evaluator_i/Mcompar_obj1[31]_obj0[31]_LessThan_11_o_cy<12>
    SLICE_X16Y38.CIN     net (fanout=1)        0.003   measured_shell/core/evaluator_i/Mcompar_obj1[31]_obj0[31]_LessThan_11_o_cy<12>
    SLICE_X16Y38.CMUX    Tcinc                 0.296   measured_shell/core/evaluator_i/Mcompar_obj1[31]_obj0[31]_LessThan_11_o_cy<15>
                                                       measured_shell/core/evaluator_i/Mcompar_obj1[31]_obj0[31]_LessThan_11_o_cy<15>
    SLICE_X16Y34.B2      net (fanout=3)        1.003   measured_shell/core/evaluator_i/Mcompar_obj1[31]_obj0[31]_LessThan_11_o_cy<15>
    SLICE_X16Y34.CMUX    Topbc                 0.554   measured_shell/core/evaluator_i/difference<6>
                                                       measured_shell/core/evaluator_i/Mmux_difference_rs_A<5>1
                                                       measured_shell/core/evaluator_i/Mmux_difference_rs_xor<6>
    SLICE_X14Y34.B5      net (fanout=1)        0.439   measured_shell/core/evaluator_i/difference<6>
    SLICE_X14Y34.CLK     Tas                   0.457   measured_shell/core/evaluator_i/divisor<6>
                                                       measured_shell/core/evaluator_i/difference<6>_rt
                                                       measured_shell/core/evaluator_i/Madd_n0506_xor<6>
                                                       measured_shell/core/evaluator_i/divisor_6
    -------------------------------------------------  ---------------------------
    Total                                      6.147ns (2.650ns logic, 3.497ns route)
                                                       (43.1% logic, 56.9% route)

--------------------------------------------------------------------------------

Paths for end point measured_shell/core/evaluator_i/lam2_0_4 (SLICE_X13Y52.CE), 9 paths
--------------------------------------------------------------------------------
Slack:                  3.391ns (requirement - (data path - clock path skew + uncertainty))
  Source:               measured_shell/core/evaluator_i/state_FSM_FFd2 (FF)
  Destination:          measured_shell/core/evaluator_i/lam2_0_4 (FF)
  Requirement:          10.000ns
  Data Path Delay:      6.555ns (Levels of Logic = 2)
  Clock Path Skew:      -0.019ns (0.424 - 0.443)
  Source Clock:         clk_100mhz_BUFGP rising at 0.000ns
  Destination Clock:    clk_100mhz_BUFGP rising at 10.000ns
  Clock Uncertainty:    0.035ns

  Clock Uncertainty:          0.035ns  ((TSJ^2 + TIJ^2)^1/2 + DJ) / 2 + PE
    Total System Jitter (TSJ):  0.070ns
    Total Input Jitter (TIJ):   0.000ns
    Discrete Jitter (DJ):       0.000ns
    Phase Error (PE):           0.000ns

  Maximum Data Path at Slow Process Corner: measured_shell/core/evaluator_i/state_FSM_FFd2 to measured_shell/core/evaluator_i/lam2_0_4
    Location             Delay type         Delay(ns)  Physical Resource
                                                       Logical Resource(s)
    -------------------------------------------------  -------------------
    SLICE_X12Y38.CQ      Tcko                  0.476   measured_shell/core/evaluator_i/state_FSM_FFd2
                                                       measured_shell/core/evaluator_i/state_FSM_FFd2
    SLICE_X18Y44.A4      net (fanout=18)       1.599   measured_shell/core/evaluator_i/state_FSM_FFd2
    SLICE_X18Y44.A       Tilo                  0.254   measured_shell/core/evaluator_i/_n0929_inv
                                                       measured_shell/core/b4_start1
    SLICE_X13Y37.A5      net (fanout=10)       1.653   measured_shell/core/b4_start
    SLICE_X13Y37.A       Tilo                  0.259   measured_shell/core/evaluator_i/_n1071_inv
                                                       measured_shell/core/evaluator_i/_n1071_inv11
    SLICE_X13Y52.CE      net (fanout=5)        1.932   measured_shell/core/evaluator_i/_n1071_inv
    SLICE_X13Y52.CLK     Tceck                 0.382   measured_shell/core/evaluator_i/lam2_0_4
                                                       measured_shell/core/evaluator_i/lam2_0_4
    -------------------------------------------------  ---------------------------
    Total                                      6.555ns (1.371ns logic, 5.184ns route)
                                                       (20.9% logic, 79.1% route)

--------------------------------------------------------------------------------
Slack:                  3.461ns (requirement - (data path - clock path skew + uncertainty))
  Source:               measured_shell/core/shell_state_FSM_FFd3 (FF)
  Destination:          measured_shell/core/evaluator_i/lam2_0_4 (FF)
  Requirement:          10.000ns
  Data Path Delay:      6.488ns (Levels of Logic = 2)
  Clock Path Skew:      -0.016ns (0.424 - 0.440)
  Source Clock:         clk_100mhz_BUFGP rising at 0.000ns
  Destination Clock:    clk_100mhz_BUFGP rising at 10.000ns
  Clock Uncertainty:    0.035ns

  Clock Uncertainty:          0.035ns  ((TSJ^2 + TIJ^2)^1/2 + DJ) / 2 + PE
    Total System Jitter (TSJ):  0.070ns
    Total Input Jitter (TIJ):   0.000ns
    Discrete Jitter (DJ):       0.000ns
    Phase Error (PE):           0.000ns

  Maximum Data Path at Slow Process Corner: measured_shell/core/shell_state_FSM_FFd3 to measured_shell/core/evaluator_i/lam2_0_4
    Location             Delay type         Delay(ns)  Physical Resource
                                                       Logical Resource(s)
    -------------------------------------------------  -------------------
    SLICE_X23Y40.DMUX    Tshcko                0.518   measured_shell/core/shell_state_FSM_FFd3-In1
                                                       measured_shell/core/shell_state_FSM_FFd3
    SLICE_X18Y44.A1      net (fanout=9)        1.490   measured_shell/core/shell_state_FSM_FFd3
    SLICE_X18Y44.A       Tilo                  0.254   measured_shell/core/evaluator_i/_n0929_inv
                                                       measured_shell/core/b4_start1
    SLICE_X13Y37.A5      net (fanout=10)       1.653   measured_shell/core/b4_start
    SLICE_X13Y37.A       Tilo                  0.259   measured_shell/core/evaluator_i/_n1071_inv
                                                       measured_shell/core/evaluator_i/_n1071_inv11
    SLICE_X13Y52.CE      net (fanout=5)        1.932   measured_shell/core/evaluator_i/_n1071_inv
    SLICE_X13Y52.CLK     Tceck                 0.382   measured_shell/core/evaluator_i/lam2_0_4
                                                       measured_shell/core/evaluator_i/lam2_0_4
    -------------------------------------------------  ---------------------------
    Total                                      6.488ns (1.413ns logic, 5.075ns route)
                                                       (21.8% logic, 78.2% route)

--------------------------------------------------------------------------------
Slack:                  3.551ns (requirement - (data path - clock path skew + uncertainty))
  Source:               measured_shell/core/evaluator_i/state_FSM_FFd1 (FF)
  Destination:          measured_shell/core/evaluator_i/lam2_0_4 (FF)
  Requirement:          10.000ns
  Data Path Delay:      6.395ns (Levels of Logic = 2)
  Clock Path Skew:      -0.019ns (0.424 - 0.443)
  Source Clock:         clk_100mhz_BUFGP rising at 0.000ns
  Destination Clock:    clk_100mhz_BUFGP rising at 10.000ns
  Clock Uncertainty:    0.035ns

  Clock Uncertainty:          0.035ns  ((TSJ^2 + TIJ^2)^1/2 + DJ) / 2 + PE
    Total System Jitter (TSJ):  0.070ns
    Total Input Jitter (TIJ):   0.000ns
    Discrete Jitter (DJ):       0.000ns
    Phase Error (PE):           0.000ns

  Maximum Data Path at Slow Process Corner: measured_shell/core/evaluator_i/state_FSM_FFd1 to measured_shell/core/evaluator_i/lam2_0_4
    Location             Delay type         Delay(ns)  Physical Resource
                                                       Logical Resource(s)
    -------------------------------------------------  -------------------
    SLICE_X12Y38.AQ      Tcko                  0.476   measured_shell/core/evaluator_i/state_FSM_FFd2
                                                       measured_shell/core/evaluator_i/state_FSM_FFd1
    SLICE_X18Y44.A6      net (fanout=92)       1.439   measured_shell/core/evaluator_i/state_FSM_FFd1
    SLICE_X18Y44.A       Tilo                  0.254   measured_shell/core/evaluator_i/_n0929_inv
                                                       measured_shell/core/b4_start1
    SLICE_X13Y37.A5      net (fanout=10)       1.653   measured_shell/core/b4_start
    SLICE_X13Y37.A       Tilo                  0.259   measured_shell/core/evaluator_i/_n1071_inv
                                                       measured_shell/core/evaluator_i/_n1071_inv11
    SLICE_X13Y52.CE      net (fanout=5)        1.932   measured_shell/core/evaluator_i/_n1071_inv
    SLICE_X13Y52.CLK     Tceck                 0.382   measured_shell/core/evaluator_i/lam2_0_4
                                                       measured_shell/core/evaluator_i/lam2_0_4
    -------------------------------------------------  ---------------------------
    Total                                      6.395ns (1.371ns logic, 5.024ns route)
                                                       (21.4% logic, 78.6% route)

--------------------------------------------------------------------------------
Slack:                  3.764ns (requirement - (data path - clock path skew + uncertainty))
  Source:               measured_shell/core/evaluator_i/state_FSM_FFd3 (FF)
  Destination:          measured_shell/core/evaluator_i/lam2_0_4 (FF)
  Requirement:          10.000ns
  Data Path Delay:      6.189ns (Levels of Logic = 2)
  Clock Path Skew:      -0.012ns (0.424 - 0.436)
  Source Clock:         clk_100mhz_BUFGP rising at 0.000ns
  Destination Clock:    clk_100mhz_BUFGP rising at 10.000ns
  Clock Uncertainty:    0.035ns

  Clock Uncertainty:          0.035ns  ((TSJ^2 + TIJ^2)^1/2 + DJ) / 2 + PE
    Total System Jitter (TSJ):  0.070ns
    Total Input Jitter (TIJ):   0.000ns
    Discrete Jitter (DJ):       0.000ns
    Phase Error (PE):           0.000ns

  Maximum Data Path at Slow Process Corner: measured_shell/core/evaluator_i/state_FSM_FFd3 to measured_shell/core/evaluator_i/lam2_0_4
    Location             Delay type         Delay(ns)  Physical Resource
                                                       Logical Resource(s)
    -------------------------------------------------  -------------------
    SLICE_X15Y39.BQ      Tcko                  0.430   measured_shell/core/evaluator_i/state_FSM_FFd3
                                                       measured_shell/core/evaluator_i/state_FSM_FFd3
    SLICE_X18Y44.A5      net (fanout=22)       1.279   measured_shell/core/evaluator_i/state_FSM_FFd3
    SLICE_X18Y44.A       Tilo                  0.254   measured_shell/core/evaluator_i/_n0929_inv
                                                       measured_shell/core/b4_start1
    SLICE_X13Y37.A5      net (fanout=10)       1.653   measured_shell/core/b4_start
    SLICE_X13Y37.A       Tilo                  0.259   measured_shell/core/evaluator_i/_n1071_inv
                                                       measured_shell/core/evaluator_i/_n1071_inv11
    SLICE_X13Y52.CE      net (fanout=5)        1.932   measured_shell/core/evaluator_i/_n1071_inv
    SLICE_X13Y52.CLK     Tceck                 0.382   measured_shell/core/evaluator_i/lam2_0_4
                                                       measured_shell/core/evaluator_i/lam2_0_4
    -------------------------------------------------  ---------------------------
    Total                                      6.189ns (1.325ns logic, 4.864ns route)
                                                       (21.4% logic, 78.6% route)

--------------------------------------------------------------------------------
Slack:                  3.920ns (requirement - (data path - clock path skew + uncertainty))
  Source:               measured_shell/core/shell_state_FSM_FFd4 (FF)
  Destination:          measured_shell/core/evaluator_i/lam2_0_4 (FF)
  Requirement:          10.000ns
  Data Path Delay:      6.027ns (Levels of Logic = 2)
  Clock Path Skew:      -0.018ns (0.424 - 0.442)
  Source Clock:         clk_100mhz_BUFGP rising at 0.000ns
  Destination Clock:    clk_100mhz_BUFGP rising at 10.000ns
  Clock Uncertainty:    0.035ns

  Clock Uncertainty:          0.035ns  ((TSJ^2 + TIJ^2)^1/2 + DJ) / 2 + PE
    Total System Jitter (TSJ):  0.070ns
    Total Input Jitter (TIJ):   0.000ns
    Discrete Jitter (DJ):       0.000ns
    Phase Error (PE):           0.000ns

  Maximum Data Path at Slow Process Corner: measured_shell/core/shell_state_FSM_FFd4 to measured_shell/core/evaluator_i/lam2_0_4
    Location             Delay type         Delay(ns)  Physical Resource
                                                       Logical Resource(s)
    -------------------------------------------------  -------------------
    SLICE_X22Y41.CQ      Tcko                  0.525   measured_shell/core/h4_controller_i/done
                                                       measured_shell/core/shell_state_FSM_FFd4
    SLICE_X18Y44.A2      net (fanout=17)       1.022   measured_shell/core/shell_state_FSM_FFd4
    SLICE_X18Y44.A       Tilo                  0.254   measured_shell/core/evaluator_i/_n0929_inv
                                                       measured_shell/core/b4_start1
    SLICE_X13Y37.A5      net (fanout=10)       1.653   measured_shell/core/b4_start
    SLICE_X13Y37.A       Tilo                  0.259   measured_shell/core/evaluator_i/_n1071_inv
                                                       measured_shell/core/evaluator_i/_n1071_inv11
    SLICE_X13Y52.CE      net (fanout=5)        1.932   measured_shell/core/evaluator_i/_n1071_inv
    SLICE_X13Y52.CLK     Tceck                 0.382   measured_shell/core/evaluator_i/lam2_0_4
                                                       measured_shell/core/evaluator_i/lam2_0_4
    -------------------------------------------------  ---------------------------
    Total                                      6.027ns (1.420ns logic, 4.607ns route)
                                                       (23.6% logic, 76.4% route)

--------------------------------------------------------------------------------
Slack:                  4.079ns (requirement - (data path - clock path skew + uncertainty))
  Source:               measured_shell/core/shell_state_FSM_FFd2 (FF)
  Destination:          measured_shell/core/evaluator_i/lam2_0_4 (FF)
  Requirement:          10.000ns
  Data Path Delay:      5.868ns (Levels of Logic = 2)
  Clock Path Skew:      -0.018ns (0.424 - 0.442)
  Source Clock:         clk_100mhz_BUFGP rising at 0.000ns
  Destination Clock:    clk_100mhz_BUFGP rising at 10.000ns
  Clock Uncertainty:    0.035ns

  Clock Uncertainty:          0.035ns  ((TSJ^2 + TIJ^2)^1/2 + DJ) / 2 + PE
    Total System Jitter (TSJ):  0.070ns
    Total Input Jitter (TIJ):   0.000ns
    Discrete Jitter (DJ):       0.000ns
    Phase Error (PE):           0.000ns

  Maximum Data Path at Slow Process Corner: measured_shell/core/shell_state_FSM_FFd2 to measured_shell/core/evaluator_i/lam2_0_4
    Location             Delay type         Delay(ns)  Physical Resource
                                                       Logical Resource(s)
    -------------------------------------------------  -------------------
    SLICE_X22Y41.AQ      Tcko                  0.525   measured_shell/core/h4_controller_i/done
                                                       measured_shell/core/shell_state_FSM_FFd2
    SLICE_X18Y44.A3      net (fanout=12)       0.863   measured_shell/core/shell_state_FSM_FFd2
    SLICE_X18Y44.A       Tilo                  0.254   measured_shell/core/evaluator_i/_n0929_inv
                                                       measured_shell/core/b4_start1
    SLICE_X13Y37.A5      net (fanout=10)       1.653   measured_shell/core/b4_start
    SLICE_X13Y37.A       Tilo                  0.259   measured_shell/core/evaluator_i/_n1071_inv
                                                       measured_shell/core/evaluator_i/_n1071_inv11
    SLICE_X13Y52.CE      net (fanout=5)        1.932   measured_shell/core/evaluator_i/_n1071_inv
    SLICE_X13Y52.CLK     Tceck                 0.382   measured_shell/core/evaluator_i/lam2_0_4
                                                       measured_shell/core/evaluator_i/lam2_0_4
    -------------------------------------------------  ---------------------------
    Total                                      5.868ns (1.420ns logic, 4.448ns route)
                                                       (24.2% logic, 75.8% route)

--------------------------------------------------------------------------------
Slack:                  6.097ns (requirement - (data path - clock path skew + uncertainty))
  Source:               measured_shell/core/evaluator_i/state_FSM_FFd3 (FF)
  Destination:          measured_shell/core/evaluator_i/lam2_0_4 (FF)
  Requirement:          10.000ns
  Data Path Delay:      3.856ns (Levels of Logic = 1)
  Clock Path Skew:      -0.012ns (0.424 - 0.436)
  Source Clock:         clk_100mhz_BUFGP rising at 0.000ns
  Destination Clock:    clk_100mhz_BUFGP rising at 10.000ns
  Clock Uncertainty:    0.035ns

  Clock Uncertainty:          0.035ns  ((TSJ^2 + TIJ^2)^1/2 + DJ) / 2 + PE
    Total System Jitter (TSJ):  0.070ns
    Total Input Jitter (TIJ):   0.000ns
    Discrete Jitter (DJ):       0.000ns
    Phase Error (PE):           0.000ns

  Maximum Data Path at Slow Process Corner: measured_shell/core/evaluator_i/state_FSM_FFd3 to measured_shell/core/evaluator_i/lam2_0_4
    Location             Delay type         Delay(ns)  Physical Resource
                                                       Logical Resource(s)
    -------------------------------------------------  -------------------
    SLICE_X15Y39.BQ      Tcko                  0.430   measured_shell/core/evaluator_i/state_FSM_FFd3
                                                       measured_shell/core/evaluator_i/state_FSM_FFd3
    SLICE_X13Y37.A3      net (fanout=22)       0.853   measured_shell/core/evaluator_i/state_FSM_FFd3
    SLICE_X13Y37.A       Tilo                  0.259   measured_shell/core/evaluator_i/_n1071_inv
                                                       measured_shell/core/evaluator_i/_n1071_inv11
    SLICE_X13Y52.CE      net (fanout=5)        1.932   measured_shell/core/evaluator_i/_n1071_inv
    SLICE_X13Y52.CLK     Tceck                 0.382   measured_shell/core/evaluator_i/lam2_0_4
                                                       measured_shell/core/evaluator_i/lam2_0_4
    -------------------------------------------------  ---------------------------
    Total                                      3.856ns (1.071ns logic, 2.785ns route)
                                                       (27.8% logic, 72.2% route)

--------------------------------------------------------------------------------
Slack:                  6.102ns (requirement - (data path - clock path skew + uncertainty))
  Source:               measured_shell/core/evaluator_i/state_FSM_FFd1 (FF)
  Destination:          measured_shell/core/evaluator_i/lam2_0_4 (FF)
  Requirement:          10.000ns
  Data Path Delay:      3.844ns (Levels of Logic = 1)
  Clock Path Skew:      -0.019ns (0.424 - 0.443)
  Source Clock:         clk_100mhz_BUFGP rising at 0.000ns
  Destination Clock:    clk_100mhz_BUFGP rising at 10.000ns
  Clock Uncertainty:    0.035ns

  Clock Uncertainty:          0.035ns  ((TSJ^2 + TIJ^2)^1/2 + DJ) / 2 + PE
    Total System Jitter (TSJ):  0.070ns
    Total Input Jitter (TIJ):   0.000ns
    Discrete Jitter (DJ):       0.000ns
    Phase Error (PE):           0.000ns

  Maximum Data Path at Slow Process Corner: measured_shell/core/evaluator_i/state_FSM_FFd1 to measured_shell/core/evaluator_i/lam2_0_4
    Location             Delay type         Delay(ns)  Physical Resource
                                                       Logical Resource(s)
    -------------------------------------------------  -------------------
    SLICE_X12Y38.AQ      Tcko                  0.476   measured_shell/core/evaluator_i/state_FSM_FFd2
                                                       measured_shell/core/evaluator_i/state_FSM_FFd1
    SLICE_X13Y37.A1      net (fanout=92)       0.795   measured_shell/core/evaluator_i/state_FSM_FFd1
    SLICE_X13Y37.A       Tilo                  0.259   measured_shell/core/evaluator_i/_n1071_inv
                                                       measured_shell/core/evaluator_i/_n1071_inv11
    SLICE_X13Y52.CE      net (fanout=5)        1.932   measured_shell/core/evaluator_i/_n1071_inv
    SLICE_X13Y52.CLK     Tceck                 0.382   measured_shell/core/evaluator_i/lam2_0_4
                                                       measured_shell/core/evaluator_i/lam2_0_4
    -------------------------------------------------  ---------------------------
    Total                                      3.844ns (1.117ns logic, 2.727ns route)
                                                       (29.1% logic, 70.9% route)

--------------------------------------------------------------------------------
Slack:                  6.355ns (requirement - (data path - clock path skew + uncertainty))
  Source:               measured_shell/core/evaluator_i/state_FSM_FFd2 (FF)
  Destination:          measured_shell/core/evaluator_i/lam2_0_4 (FF)
  Requirement:          10.000ns
  Data Path Delay:      3.591ns (Levels of Logic = 1)
  Clock Path Skew:      -0.019ns (0.424 - 0.443)
  Source Clock:         clk_100mhz_BUFGP rising at 0.000ns
  Destination Clock:    clk_100mhz_BUFGP rising at 10.000ns
  Clock Uncertainty:    0.035ns

  Clock Uncertainty:          0.035ns  ((TSJ^2 + TIJ^2)^1/2 + DJ) / 2 + PE
    Total System Jitter (TSJ):  0.070ns
    Total Input Jitter (TIJ):   0.000ns
    Discrete Jitter (DJ):       0.000ns
    Phase Error (PE):           0.000ns

  Maximum Data Path at Slow Process Corner: measured_shell/core/evaluator_i/state_FSM_FFd2 to measured_shell/core/evaluator_i/lam2_0_4
    Location             Delay type         Delay(ns)  Physical Resource
                                                       Logical Resource(s)
    -------------------------------------------------  -------------------
    SLICE_X12Y38.CQ      Tcko                  0.476   measured_shell/core/evaluator_i/state_FSM_FFd2
                                                       measured_shell/core/evaluator_i/state_FSM_FFd2
    SLICE_X13Y37.A4      net (fanout=18)       0.542   measured_shell/core/evaluator_i/state_FSM_FFd2
    SLICE_X13Y37.A       Tilo                  0.259   measured_shell/core/evaluator_i/_n1071_inv
                                                       measured_shell/core/evaluator_i/_n1071_inv11
    SLICE_X13Y52.CE      net (fanout=5)        1.932   measured_shell/core/evaluator_i/_n1071_inv
    SLICE_X13Y52.CLK     Tceck                 0.382   measured_shell/core/evaluator_i/lam2_0_4
                                                       measured_shell/core/evaluator_i/lam2_0_4
    -------------------------------------------------  ---------------------------
    Total                                      3.591ns (1.117ns logic, 2.474ns route)
                                                       (31.1% logic, 68.9% route)

--------------------------------------------------------------------------------

Paths for end point measured_shell/core/evaluator_i/lam2_0_1 (SLICE_X13Y52.CE), 9 paths
--------------------------------------------------------------------------------
Slack:                  3.408ns (requirement - (data path - clock path skew + uncertainty))
  Source:               measured_shell/core/evaluator_i/state_FSM_FFd2 (FF)
  Destination:          measured_shell/core/evaluator_i/lam2_0_1 (FF)
  Requirement:          10.000ns
  Data Path Delay:      6.538ns (Levels of Logic = 2)
  Clock Path Skew:      -0.019ns (0.424 - 0.443)
  Source Clock:         clk_100mhz_BUFGP rising at 0.000ns
  Destination Clock:    clk_100mhz_BUFGP rising at 10.000ns
  Clock Uncertainty:    0.035ns

  Clock Uncertainty:          0.035ns  ((TSJ^2 + TIJ^2)^1/2 + DJ) / 2 + PE
    Total System Jitter (TSJ):  0.070ns
    Total Input Jitter (TIJ):   0.000ns
    Discrete Jitter (DJ):       0.000ns
    Phase Error (PE):           0.000ns

  Maximum Data Path at Slow Process Corner: measured_shell/core/evaluator_i/state_FSM_FFd2 to measured_shell/core/evaluator_i/lam2_0_1
    Location             Delay type         Delay(ns)  Physical Resource
                                                       Logical Resource(s)
    -------------------------------------------------  -------------------
    SLICE_X12Y38.CQ      Tcko                  0.476   measured_shell/core/evaluator_i/state_FSM_FFd2
                                                       measured_shell/core/evaluator_i/state_FSM_FFd2
    SLICE_X18Y44.A4      net (fanout=18)       1.599   measured_shell/core/evaluator_i/state_FSM_FFd2
    SLICE_X18Y44.A       Tilo                  0.254   measured_shell/core/evaluator_i/_n0929_inv
                                                       measured_shell/core/b4_start1
    SLICE_X13Y37.A5      net (fanout=10)       1.653   measured_shell/core/b4_start
    SLICE_X13Y37.A       Tilo                  0.259   measured_shell/core/evaluator_i/_n1071_inv
                                                       measured_shell/core/evaluator_i/_n1071_inv11
    SLICE_X13Y52.CE      net (fanout=5)        1.932   measured_shell/core/evaluator_i/_n1071_inv
    SLICE_X13Y52.CLK     Tceck                 0.365   measured_shell/core/evaluator_i/lam2_0_4
                                                       measured_shell/core/evaluator_i/lam2_0_1
    -------------------------------------------------  ---------------------------
    Total                                      6.538ns (1.354ns logic, 5.184ns route)
                                                       (20.7% logic, 79.3% route)

--------------------------------------------------------------------------------
Slack:                  3.478ns (requirement - (data path - clock path skew + uncertainty))
  Source:               measured_shell/core/shell_state_FSM_FFd3 (FF)
  Destination:          measured_shell/core/evaluator_i/lam2_0_1 (FF)
  Requirement:          10.000ns
  Data Path Delay:      6.471ns (Levels of Logic = 2)
  Clock Path Skew:      -0.016ns (0.424 - 0.440)
  Source Clock:         clk_100mhz_BUFGP rising at 0.000ns
  Destination Clock:    clk_100mhz_BUFGP rising at 10.000ns
  Clock Uncertainty:    0.035ns

  Clock Uncertainty:          0.035ns  ((TSJ^2 + TIJ^2)^1/2 + DJ) / 2 + PE
    Total System Jitter (TSJ):  0.070ns
    Total Input Jitter (TIJ):   0.000ns
    Discrete Jitter (DJ):       0.000ns
    Phase Error (PE):           0.000ns

  Maximum Data Path at Slow Process Corner: measured_shell/core/shell_state_FSM_FFd3 to measured_shell/core/evaluator_i/lam2_0_1
    Location             Delay type         Delay(ns)  Physical Resource
                                                       Logical Resource(s)
    -------------------------------------------------  -------------------
    SLICE_X23Y40.DMUX    Tshcko                0.518   measured_shell/core/shell_state_FSM_FFd3-In1
                                                       measured_shell/core/shell_state_FSM_FFd3
    SLICE_X18Y44.A1      net (fanout=9)        1.490   measured_shell/core/shell_state_FSM_FFd3
    SLICE_X18Y44.A       Tilo                  0.254   measured_shell/core/evaluator_i/_n0929_inv
                                                       measured_shell/core/b4_start1
    SLICE_X13Y37.A5      net (fanout=10)       1.653   measured_shell/core/b4_start
    SLICE_X13Y37.A       Tilo                  0.259   measured_shell/core/evaluator_i/_n1071_inv
                                                       measured_shell/core/evaluator_i/_n1071_inv11
    SLICE_X13Y52.CE      net (fanout=5)        1.932   measured_shell/core/evaluator_i/_n1071_inv
    SLICE_X13Y52.CLK     Tceck                 0.365   measured_shell/core/evaluator_i/lam2_0_4
                                                       measured_shell/core/evaluator_i/lam2_0_1
    -------------------------------------------------  ---------------------------
    Total                                      6.471ns (1.396ns logic, 5.075ns route)
                                                       (21.6% logic, 78.4% route)

--------------------------------------------------------------------------------
Slack:                  3.568ns (requirement - (data path - clock path skew + uncertainty))
  Source:               measured_shell/core/evaluator_i/state_FSM_FFd1 (FF)
  Destination:          measured_shell/core/evaluator_i/lam2_0_1 (FF)
  Requirement:          10.000ns
  Data Path Delay:      6.378ns (Levels of Logic = 2)
  Clock Path Skew:      -0.019ns (0.424 - 0.443)
  Source Clock:         clk_100mhz_BUFGP rising at 0.000ns
  Destination Clock:    clk_100mhz_BUFGP rising at 10.000ns
  Clock Uncertainty:    0.035ns

  Clock Uncertainty:          0.035ns  ((TSJ^2 + TIJ^2)^1/2 + DJ) / 2 + PE
    Total System Jitter (TSJ):  0.070ns
    Total Input Jitter (TIJ):   0.000ns
    Discrete Jitter (DJ):       0.000ns
    Phase Error (PE):           0.000ns

  Maximum Data Path at Slow Process Corner: measured_shell/core/evaluator_i/state_FSM_FFd1 to measured_shell/core/evaluator_i/lam2_0_1
    Location             Delay type         Delay(ns)  Physical Resource
                                                       Logical Resource(s)
    -------------------------------------------------  -------------------
    SLICE_X12Y38.AQ      Tcko                  0.476   measured_shell/core/evaluator_i/state_FSM_FFd2
                                                       measured_shell/core/evaluator_i/state_FSM_FFd1
    SLICE_X18Y44.A6      net (fanout=92)       1.439   measured_shell/core/evaluator_i/state_FSM_FFd1
    SLICE_X18Y44.A       Tilo                  0.254   measured_shell/core/evaluator_i/_n0929_inv
                                                       measured_shell/core/b4_start1
    SLICE_X13Y37.A5      net (fanout=10)       1.653   measured_shell/core/b4_start
    SLICE_X13Y37.A       Tilo                  0.259   measured_shell/core/evaluator_i/_n1071_inv
                                                       measured_shell/core/evaluator_i/_n1071_inv11
    SLICE_X13Y52.CE      net (fanout=5)        1.932   measured_shell/core/evaluator_i/_n1071_inv
    SLICE_X13Y52.CLK     Tceck                 0.365   measured_shell/core/evaluator_i/lam2_0_4
                                                       measured_shell/core/evaluator_i/lam2_0_1
    -------------------------------------------------  ---------------------------
    Total                                      6.378ns (1.354ns logic, 5.024ns route)
                                                       (21.2% logic, 78.8% route)

--------------------------------------------------------------------------------
Slack:                  3.781ns (requirement - (data path - clock path skew + uncertainty))
  Source:               measured_shell/core/evaluator_i/state_FSM_FFd3 (FF)
  Destination:          measured_shell/core/evaluator_i/lam2_0_1 (FF)
  Requirement:          10.000ns
  Data Path Delay:      6.172ns (Levels of Logic = 2)
  Clock Path Skew:      -0.012ns (0.424 - 0.436)
  Source Clock:         clk_100mhz_BUFGP rising at 0.000ns
  Destination Clock:    clk_100mhz_BUFGP rising at 10.000ns
  Clock Uncertainty:    0.035ns

  Clock Uncertainty:          0.035ns  ((TSJ^2 + TIJ^2)^1/2 + DJ) / 2 + PE
    Total System Jitter (TSJ):  0.070ns
    Total Input Jitter (TIJ):   0.000ns
    Discrete Jitter (DJ):       0.000ns
    Phase Error (PE):           0.000ns

  Maximum Data Path at Slow Process Corner: measured_shell/core/evaluator_i/state_FSM_FFd3 to measured_shell/core/evaluator_i/lam2_0_1
    Location             Delay type         Delay(ns)  Physical Resource
                                                       Logical Resource(s)
    -------------------------------------------------  -------------------
    SLICE_X15Y39.BQ      Tcko                  0.430   measured_shell/core/evaluator_i/state_FSM_FFd3
                                                       measured_shell/core/evaluator_i/state_FSM_FFd3
    SLICE_X18Y44.A5      net (fanout=22)       1.279   measured_shell/core/evaluator_i/state_FSM_FFd3
    SLICE_X18Y44.A       Tilo                  0.254   measured_shell/core/evaluator_i/_n0929_inv
                                                       measured_shell/core/b4_start1
    SLICE_X13Y37.A5      net (fanout=10)       1.653   measured_shell/core/b4_start
    SLICE_X13Y37.A       Tilo                  0.259   measured_shell/core/evaluator_i/_n1071_inv
                                                       measured_shell/core/evaluator_i/_n1071_inv11
    SLICE_X13Y52.CE      net (fanout=5)        1.932   measured_shell/core/evaluator_i/_n1071_inv
    SLICE_X13Y52.CLK     Tceck                 0.365   measured_shell/core/evaluator_i/lam2_0_4
                                                       measured_shell/core/evaluator_i/lam2_0_1
    -------------------------------------------------  ---------------------------
    Total                                      6.172ns (1.308ns logic, 4.864ns route)
                                                       (21.2% logic, 78.8% route)

--------------------------------------------------------------------------------
Slack:                  3.937ns (requirement - (data path - clock path skew + uncertainty))
  Source:               measured_shell/core/shell_state_FSM_FFd4 (FF)
  Destination:          measured_shell/core/evaluator_i/lam2_0_1 (FF)
  Requirement:          10.000ns
  Data Path Delay:      6.010ns (Levels of Logic = 2)
  Clock Path Skew:      -0.018ns (0.424 - 0.442)
  Source Clock:         clk_100mhz_BUFGP rising at 0.000ns
  Destination Clock:    clk_100mhz_BUFGP rising at 10.000ns
  Clock Uncertainty:    0.035ns

  Clock Uncertainty:          0.035ns  ((TSJ^2 + TIJ^2)^1/2 + DJ) / 2 + PE
    Total System Jitter (TSJ):  0.070ns
    Total Input Jitter (TIJ):   0.000ns
    Discrete Jitter (DJ):       0.000ns
    Phase Error (PE):           0.000ns

  Maximum Data Path at Slow Process Corner: measured_shell/core/shell_state_FSM_FFd4 to measured_shell/core/evaluator_i/lam2_0_1
    Location             Delay type         Delay(ns)  Physical Resource
                                                       Logical Resource(s)
    -------------------------------------------------  -------------------
    SLICE_X22Y41.CQ      Tcko                  0.525   measured_shell/core/h4_controller_i/done
                                                       measured_shell/core/shell_state_FSM_FFd4
    SLICE_X18Y44.A2      net (fanout=17)       1.022   measured_shell/core/shell_state_FSM_FFd4
    SLICE_X18Y44.A       Tilo                  0.254   measured_shell/core/evaluator_i/_n0929_inv
                                                       measured_shell/core/b4_start1
    SLICE_X13Y37.A5      net (fanout=10)       1.653   measured_shell/core/b4_start
    SLICE_X13Y37.A       Tilo                  0.259   measured_shell/core/evaluator_i/_n1071_inv
                                                       measured_shell/core/evaluator_i/_n1071_inv11
    SLICE_X13Y52.CE      net (fanout=5)        1.932   measured_shell/core/evaluator_i/_n1071_inv
    SLICE_X13Y52.CLK     Tceck                 0.365   measured_shell/core/evaluator_i/lam2_0_4
                                                       measured_shell/core/evaluator_i/lam2_0_1
    -------------------------------------------------  ---------------------------
    Total                                      6.010ns (1.403ns logic, 4.607ns route)
                                                       (23.3% logic, 76.7% route)

--------------------------------------------------------------------------------
Slack:                  4.096ns (requirement - (data path - clock path skew + uncertainty))
  Source:               measured_shell/core/shell_state_FSM_FFd2 (FF)
  Destination:          measured_shell/core/evaluator_i/lam2_0_1 (FF)
  Requirement:          10.000ns
  Data Path Delay:      5.851ns (Levels of Logic = 2)
  Clock Path Skew:      -0.018ns (0.424 - 0.442)
  Source Clock:         clk_100mhz_BUFGP rising at 0.000ns
  Destination Clock:    clk_100mhz_BUFGP rising at 10.000ns
  Clock Uncertainty:    0.035ns

  Clock Uncertainty:          0.035ns  ((TSJ^2 + TIJ^2)^1/2 + DJ) / 2 + PE
    Total System Jitter (TSJ):  0.070ns
    Total Input Jitter (TIJ):   0.000ns
    Discrete Jitter (DJ):       0.000ns
    Phase Error (PE):           0.000ns

  Maximum Data Path at Slow Process Corner: measured_shell/core/shell_state_FSM_FFd2 to measured_shell/core/evaluator_i/lam2_0_1
    Location             Delay type         Delay(ns)  Physical Resource
                                                       Logical Resource(s)
    -------------------------------------------------  -------------------
    SLICE_X22Y41.AQ      Tcko                  0.525   measured_shell/core/h4_controller_i/done
                                                       measured_shell/core/shell_state_FSM_FFd2
    SLICE_X18Y44.A3      net (fanout=12)       0.863   measured_shell/core/shell_state_FSM_FFd2
    SLICE_X18Y44.A       Tilo                  0.254   measured_shell/core/evaluator_i/_n0929_inv
                                                       measured_shell/core/b4_start1
    SLICE_X13Y37.A5      net (fanout=10)       1.653   measured_shell/core/b4_start
    SLICE_X13Y37.A       Tilo                  0.259   measured_shell/core/evaluator_i/_n1071_inv
                                                       measured_shell/core/evaluator_i/_n1071_inv11
    SLICE_X13Y52.CE      net (fanout=5)        1.932   measured_shell/core/evaluator_i/_n1071_inv
    SLICE_X13Y52.CLK     Tceck                 0.365   measured_shell/core/evaluator_i/lam2_0_4
                                                       measured_shell/core/evaluator_i/lam2_0_1
    -------------------------------------------------  ---------------------------
    Total                                      5.851ns (1.403ns logic, 4.448ns route)
                                                       (24.0% logic, 76.0% route)

--------------------------------------------------------------------------------
Slack:                  6.114ns (requirement - (data path - clock path skew + uncertainty))
  Source:               measured_shell/core/evaluator_i/state_FSM_FFd3 (FF)
  Destination:          measured_shell/core/evaluator_i/lam2_0_1 (FF)
  Requirement:          10.000ns
  Data Path Delay:      3.839ns (Levels of Logic = 1)
  Clock Path Skew:      -0.012ns (0.424 - 0.436)
  Source Clock:         clk_100mhz_BUFGP rising at 0.000ns
  Destination Clock:    clk_100mhz_BUFGP rising at 10.000ns
  Clock Uncertainty:    0.035ns

  Clock Uncertainty:          0.035ns  ((TSJ^2 + TIJ^2)^1/2 + DJ) / 2 + PE
    Total System Jitter (TSJ):  0.070ns
    Total Input Jitter (TIJ):   0.000ns
    Discrete Jitter (DJ):       0.000ns
    Phase Error (PE):           0.000ns

  Maximum Data Path at Slow Process Corner: measured_shell/core/evaluator_i/state_FSM_FFd3 to measured_shell/core/evaluator_i/lam2_0_1
    Location             Delay type         Delay(ns)  Physical Resource
                                                       Logical Resource(s)
    -------------------------------------------------  -------------------
    SLICE_X15Y39.BQ      Tcko                  0.430   measured_shell/core/evaluator_i/state_FSM_FFd3
                                                       measured_shell/core/evaluator_i/state_FSM_FFd3
    SLICE_X13Y37.A3      net (fanout=22)       0.853   measured_shell/core/evaluator_i/state_FSM_FFd3
    SLICE_X13Y37.A       Tilo                  0.259   measured_shell/core/evaluator_i/_n1071_inv
                                                       measured_shell/core/evaluator_i/_n1071_inv11
    SLICE_X13Y52.CE      net (fanout=5)        1.932   measured_shell/core/evaluator_i/_n1071_inv
    SLICE_X13Y52.CLK     Tceck                 0.365   measured_shell/core/evaluator_i/lam2_0_4
                                                       measured_shell/core/evaluator_i/lam2_0_1
    -------------------------------------------------  ---------------------------
    Total                                      3.839ns (1.054ns logic, 2.785ns route)
                                                       (27.5% logic, 72.5% route)

--------------------------------------------------------------------------------
Slack:                  6.119ns (requirement - (data path - clock path skew + uncertainty))
  Source:               measured_shell/core/evaluator_i/state_FSM_FFd1 (FF)
  Destination:          measured_shell/core/evaluator_i/lam2_0_1 (FF)
  Requirement:          10.000ns
  Data Path Delay:      3.827ns (Levels of Logic = 1)
  Clock Path Skew:      -0.019ns (0.424 - 0.443)
  Source Clock:         clk_100mhz_BUFGP rising at 0.000ns
  Destination Clock:    clk_100mhz_BUFGP rising at 10.000ns
  Clock Uncertainty:    0.035ns

  Clock Uncertainty:          0.035ns  ((TSJ^2 + TIJ^2)^1/2 + DJ) / 2 + PE
    Total System Jitter (TSJ):  0.070ns
    Total Input Jitter (TIJ):   0.000ns
    Discrete Jitter (DJ):       0.000ns
    Phase Error (PE):           0.000ns

  Maximum Data Path at Slow Process Corner: measured_shell/core/evaluator_i/state_FSM_FFd1 to measured_shell/core/evaluator_i/lam2_0_1
    Location             Delay type         Delay(ns)  Physical Resource
                                                       Logical Resource(s)
    -------------------------------------------------  -------------------
    SLICE_X12Y38.AQ      Tcko                  0.476   measured_shell/core/evaluator_i/state_FSM_FFd2
                                                       measured_shell/core/evaluator_i/state_FSM_FFd1
    SLICE_X13Y37.A1      net (fanout=92)       0.795   measured_shell/core/evaluator_i/state_FSM_FFd1
    SLICE_X13Y37.A       Tilo                  0.259   measured_shell/core/evaluator_i/_n1071_inv
                                                       measured_shell/core/evaluator_i/_n1071_inv11
    SLICE_X13Y52.CE      net (fanout=5)        1.932   measured_shell/core/evaluator_i/_n1071_inv
    SLICE_X13Y52.CLK     Tceck                 0.365   measured_shell/core/evaluator_i/lam2_0_4
                                                       measured_shell/core/evaluator_i/lam2_0_1
    -------------------------------------------------  ---------------------------
    Total                                      3.827ns (1.100ns logic, 2.727ns route)
                                                       (28.7% logic, 71.3% route)

--------------------------------------------------------------------------------
Slack:                  6.372ns (requirement - (data path - clock path skew + uncertainty))
  Source:               measured_shell/core/evaluator_i/state_FSM_FFd2 (FF)
  Destination:          measured_shell/core/evaluator_i/lam2_0_1 (FF)
  Requirement:          10.000ns
  Data Path Delay:      3.574ns (Levels of Logic = 1)
  Clock Path Skew:      -0.019ns (0.424 - 0.443)
  Source Clock:         clk_100mhz_BUFGP rising at 0.000ns
  Destination Clock:    clk_100mhz_BUFGP rising at 10.000ns
  Clock Uncertainty:    0.035ns

  Clock Uncertainty:          0.035ns  ((TSJ^2 + TIJ^2)^1/2 + DJ) / 2 + PE
    Total System Jitter (TSJ):  0.070ns
    Total Input Jitter (TIJ):   0.000ns
    Discrete Jitter (DJ):       0.000ns
    Phase Error (PE):           0.000ns

  Maximum Data Path at Slow Process Corner: measured_shell/core/evaluator_i/state_FSM_FFd2 to measured_shell/core/evaluator_i/lam2_0_1
    Location             Delay type         Delay(ns)  Physical Resource
                                                       Logical Resource(s)
    -------------------------------------------------  -------------------
    SLICE_X12Y38.CQ      Tcko                  0.476   measured_shell/core/evaluator_i/state_FSM_FFd2
                                                       measured_shell/core/evaluator_i/state_FSM_FFd2
    SLICE_X13Y37.A4      net (fanout=18)       0.542   measured_shell/core/evaluator_i/state_FSM_FFd2
    SLICE_X13Y37.A       Tilo                  0.259   measured_shell/core/evaluator_i/_n1071_inv
                                                       measured_shell/core/evaluator_i/_n1071_inv11
    SLICE_X13Y52.CE      net (fanout=5)        1.932   measured_shell/core/evaluator_i/_n1071_inv
    SLICE_X13Y52.CLK     Tceck                 0.365   measured_shell/core/evaluator_i/lam2_0_4
                                                       measured_shell/core/evaluator_i/lam2_0_1
    -------------------------------------------------  ---------------------------
    Total                                      3.574ns (1.100ns logic, 2.474ns route)
                                                       (30.8% logic, 69.2% route)

--------------------------------------------------------------------------------

Paths for end point measured_shell/core/evaluator_i/objective_0 (SLICE_X17Y35.CE), 29 paths
--------------------------------------------------------------------------------
Slack:                  3.818ns (requirement - (data path - clock path skew + uncertainty))
  Source:               measured_shell/core/evaluator_i/hops1_1 (FF)
  Destination:          measured_shell/core/evaluator_i/objective_0 (FF)
  Requirement:          10.000ns
  Data Path Delay:      6.129ns (Levels of Logic = 6)
  Clock Path Skew:      -0.018ns (0.416 - 0.434)
  Source Clock:         clk_100mhz_BUFGP rising at 0.000ns
  Destination Clock:    clk_100mhz_BUFGP rising at 10.000ns
  Clock Uncertainty:    0.035ns

  Clock Uncertainty:          0.035ns  ((TSJ^2 + TIJ^2)^1/2 + DJ) / 2 + PE
    Total System Jitter (TSJ):  0.070ns
    Total Input Jitter (TIJ):   0.000ns
    Discrete Jitter (DJ):       0.000ns
    Phase Error (PE):           0.000ns

  Maximum Data Path at Slow Process Corner: measured_shell/core/evaluator_i/hops1_1 to measured_shell/core/evaluator_i/objective_0
    Location             Delay type         Delay(ns)  Physical Resource
                                                       Logical Resource(s)
    -------------------------------------------------  -------------------
    SLICE_X19Y37.DQ      Tcko                  0.430   measured_shell/core/evaluator_i/hops1<1>
                                                       measured_shell/core/evaluator_i/hops1_1
    SLICE_X14Y36.A2      net (fanout=10)       1.265   measured_shell/core/evaluator_i/hops1<1>
    SLICE_X14Y36.COUT    Topcya                0.474   measured_shell/core/evaluator_i/Mcompar_obj0[31]_obj1[31]_equal_70_o_cy<3>
                                                       measured_shell/core/evaluator_i/Mcompar_obj0[31]_obj1[31]_equal_70_o_lut<0>1
                                                       measured_shell/core/evaluator_i/Mcompar_obj0[31]_obj1[31]_equal_70_o_cy<3>
    SLICE_X14Y37.CIN     net (fanout=1)        0.003   measured_shell/core/evaluator_i/Mcompar_obj0[31]_obj1[31]_equal_70_o_cy<3>
    SLICE_X14Y37.COUT    Tbyp                  0.093   measured_shell/core/evaluator_i/Mcompar_obj0[31]_obj1[31]_equal_70_o_cy<7>
                                                       measured_shell/core/evaluator_i/Mcompar_obj0[31]_obj1[31]_equal_70_o_cy<7>
    SLICE_X14Y38.CIN     net (fanout=1)        0.003   measured_shell/core/evaluator_i/Mcompar_obj0[31]_obj1[31]_equal_70_o_cy<7>
    SLICE_X14Y38.CMUX    Tcinc                 0.302   measured_shell/core/evaluator_i/obj0[31]_obj1[31]_equal_70_o
                                                       measured_shell/core/evaluator_i/Mcompar_obj0[31]_obj1[31]_equal_70_o_cy<10>
    SLICE_X10Y38.C3      net (fanout=5)        0.699   measured_shell/core/evaluator_i/obj0[31]_obj1[31]_equal_70_o
    SLICE_X10Y38.C       Tilo                  0.255   measured_shell/core/evaluator_i/div_count<5>
                                                       measured_shell/core/evaluator_i/_n0970_inv11
    SLICE_X15Y38.B4      net (fanout=1)        0.619   measured_shell/core/evaluator_i/_n0970_inv1
    SLICE_X15Y38.B       Tilo                  0.259   measured_shell/core/evaluator_i/_n0970_inv
                                                       measured_shell/core/evaluator_i/_n0970_inv12
    SLICE_X15Y38.C4      net (fanout=1)        0.320   measured_shell/core/evaluator_i/_n0970_inv11
    SLICE_X15Y38.C       Tilo                  0.259   measured_shell/core/evaluator_i/_n0970_inv
                                                       measured_shell/core/evaluator_i/_n0970_inv13
    SLICE_X17Y35.CE      net (fanout=1)        0.745   measured_shell/core/evaluator_i/_n0970_inv
    SLICE_X17Y35.CLK     Tceck                 0.403   measured_shell/core/evaluator_i/objective<1>
                                                       measured_shell/core/evaluator_i/objective_0
    -------------------------------------------------  ---------------------------
    Total                                      6.129ns (2.475ns logic, 3.654ns route)
                                                       (40.4% logic, 59.6% route)

--------------------------------------------------------------------------------
Slack:                  4.060ns (requirement - (data path - clock path skew + uncertainty))
  Source:               measured_shell/core/evaluator_i/objective_1 (FF)
  Destination:          measured_shell/core/evaluator_i/objective_0 (FF)
  Requirement:          10.000ns
  Data Path Delay:      5.905ns (Levels of Logic = 6)
  Clock Path Skew:      0.000ns
  Source Clock:         clk_100mhz_BUFGP rising at 0.000ns
  Destination Clock:    clk_100mhz_BUFGP rising at 10.000ns
  Clock Uncertainty:    0.035ns

  Clock Uncertainty:          0.035ns  ((TSJ^2 + TIJ^2)^1/2 + DJ) / 2 + PE
    Total System Jitter (TSJ):  0.070ns
    Total Input Jitter (TIJ):   0.000ns
    Discrete Jitter (DJ):       0.000ns
    Phase Error (PE):           0.000ns

  Maximum Data Path at Slow Process Corner: measured_shell/core/evaluator_i/objective_1 to measured_shell/core/evaluator_i/objective_0
    Location             Delay type         Delay(ns)  Physical Resource
                                                       Logical Resource(s)
    -------------------------------------------------  -------------------
    SLICE_X17Y35.AQ      Tcko                  0.430   measured_shell/core/evaluator_i/objective<1>
                                                       measured_shell/core/evaluator_i/objective_1
    SLICE_X14Y36.B1      net (fanout=20)       1.032   measured_shell/core/evaluator_i/objective<1>
    SLICE_X14Y36.COUT    Topcyb                0.483   measured_shell/core/evaluator_i/Mcompar_obj0[31]_obj1[31]_equal_70_o_cy<3>
                                                       measured_shell/core/evaluator_i/Mcompar_obj0[31]_obj1[31]_equal_70_o_lut<1>1
                                                       measured_shell/core/evaluator_i/Mcompar_obj0[31]_obj1[31]_equal_70_o_cy<3>
    SLICE_X14Y37.CIN     net (fanout=1)        0.003   measured_shell/core/evaluator_i/Mcompar_obj0[31]_obj1[31]_equal_70_o_cy<3>
    SLICE_X14Y37.COUT    Tbyp                  0.093   measured_shell/core/evaluator_i/Mcompar_obj0[31]_obj1[31]_equal_70_o_cy<7>
                                                       measured_shell/core/evaluator_i/Mcompar_obj0[31]_obj1[31]_equal_70_o_cy<7>
    SLICE_X14Y38.CIN     net (fanout=1)        0.003   measured_shell/core/evaluator_i/Mcompar_obj0[31]_obj1[31]_equal_70_o_cy<7>
    SLICE_X14Y38.CMUX    Tcinc                 0.302   measured_shell/core/evaluator_i/obj0[31]_obj1[31]_equal_70_o
                                                       measured_shell/core/evaluator_i/Mcompar_obj0[31]_obj1[31]_equal_70_o_cy<10>
    SLICE_X10Y38.C3      net (fanout=5)        0.699   measured_shell/core/evaluator_i/obj0[31]_obj1[31]_equal_70_o
    SLICE_X10Y38.C       Tilo                  0.255   measured_shell/core/evaluator_i/div_count<5>
                                                       measured_shell/core/evaluator_i/_n0970_inv11
    SLICE_X15Y38.B4      net (fanout=1)        0.619   measured_shell/core/evaluator_i/_n0970_inv1
    SLICE_X15Y38.B       Tilo                  0.259   measured_shell/core/evaluator_i/_n0970_inv
                                                       measured_shell/core/evaluator_i/_n0970_inv12
    SLICE_X15Y38.C4      net (fanout=1)        0.320   measured_shell/core/evaluator_i/_n0970_inv11
    SLICE_X15Y38.C       Tilo                  0.259   measured_shell/core/evaluator_i/_n0970_inv
                                                       measured_shell/core/evaluator_i/_n0970_inv13
    SLICE_X17Y35.CE      net (fanout=1)        0.745   measured_shell/core/evaluator_i/_n0970_inv
    SLICE_X17Y35.CLK     Tceck                 0.403   measured_shell/core/evaluator_i/objective<1>
                                                       measured_shell/core/evaluator_i/objective_0
    -------------------------------------------------  ---------------------------
    Total                                      5.905ns (2.484ns logic, 3.421ns route)
                                                       (42.1% logic, 57.9% route)

--------------------------------------------------------------------------------
Slack:                  4.098ns (requirement - (data path - clock path skew + uncertainty))
  Source:               measured_shell/core/evaluator_i/hops1_1 (FF)
  Destination:          measured_shell/core/evaluator_i/objective_0 (FF)
  Requirement:          10.000ns
  Data Path Delay:      5.849ns (Levels of Logic = 6)
  Clock Path Skew:      -0.018ns (0.416 - 0.434)
  Source Clock:         clk_100mhz_BUFGP rising at 0.000ns
  Destination Clock:    clk_100mhz_BUFGP rising at 10.000ns
  Clock Uncertainty:    0.035ns

  Clock Uncertainty:          0.035ns  ((TSJ^2 + TIJ^2)^1/2 + DJ) / 2 + PE
    Total System Jitter (TSJ):  0.070ns
    Total Input Jitter (TIJ):   0.000ns
    Discrete Jitter (DJ):       0.000ns
    Phase Error (PE):           0.000ns

  Maximum Data Path at Slow Process Corner: measured_shell/core/evaluator_i/hops1_1 to measured_shell/core/evaluator_i/objective_0
    Location             Delay type         Delay(ns)  Physical Resource
                                                       Logical Resource(s)
    -------------------------------------------------  -------------------
    SLICE_X19Y37.DQ      Tcko                  0.430   measured_shell/core/evaluator_i/hops1<1>
                                                       measured_shell/core/evaluator_i/hops1_1
    SLICE_X14Y36.C3      net (fanout=10)       1.131   measured_shell/core/evaluator_i/hops1<1>
    SLICE_X14Y36.COUT    Topcyc                0.328   measured_shell/core/evaluator_i/Mcompar_obj0[31]_obj1[31]_equal_70_o_cy<3>
                                                       measured_shell/core/evaluator_i/Mcompar_obj0[31]_obj1[31]_equal_70_o_lut<2>1
                                                       measured_shell/core/evaluator_i/Mcompar_obj0[31]_obj1[31]_equal_70_o_cy<3>
    SLICE_X14Y37.CIN     net (fanout=1)        0.003   measured_shell/core/evaluator_i/Mcompar_obj0[31]_obj1[31]_equal_70_o_cy<3>
    SLICE_X14Y37.COUT    Tbyp                  0.093   measured_shell/core/evaluator_i/Mcompar_obj0[31]_obj1[31]_equal_70_o_cy<7>
                                                       measured_shell/core/evaluator_i/Mcompar_obj0[31]_obj1[31]_equal_70_o_cy<7>
    SLICE_X14Y38.CIN     net (fanout=1)        0.003   measured_shell/core/evaluator_i/Mcompar_obj0[31]_obj1[31]_equal_70_o_cy<7>
    SLICE_X14Y38.CMUX    Tcinc                 0.302   measured_shell/core/evaluator_i/obj0[31]_obj1[31]_equal_70_o
                                                       measured_shell/core/evaluator_i/Mcompar_obj0[31]_obj1[31]_equal_70_o_cy<10>
    SLICE_X10Y38.C3      net (fanout=5)        0.699   measured_shell/core/evaluator_i/obj0[31]_obj1[31]_equal_70_o
    SLICE_X10Y38.C       Tilo                  0.255   measured_shell/core/evaluator_i/div_count<5>
                                                       measured_shell/core/evaluator_i/_n0970_inv11
    SLICE_X15Y38.B4      net (fanout=1)        0.619   measured_shell/core/evaluator_i/_n0970_inv1
    SLICE_X15Y38.B       Tilo                  0.259   measured_shell/core/evaluator_i/_n0970_inv
                                                       measured_shell/core/evaluator_i/_n0970_inv12
    SLICE_X15Y38.C4      net (fanout=1)        0.320   measured_shell/core/evaluator_i/_n0970_inv11
    SLICE_X15Y38.C       Tilo                  0.259   measured_shell/core/evaluator_i/_n0970_inv
                                                       measured_shell/core/evaluator_i/_n0970_inv13
    SLICE_X17Y35.CE      net (fanout=1)        0.745   measured_shell/core/evaluator_i/_n0970_inv
    SLICE_X17Y35.CLK     Tceck                 0.403   measured_shell/core/evaluator_i/objective<1>
                                                       measured_shell/core/evaluator_i/objective_0
    -------------------------------------------------  ---------------------------
    Total                                      5.849ns (2.329ns logic, 3.520ns route)
                                                       (39.8% logic, 60.2% route)

--------------------------------------------------------------------------------
Slack:                  4.110ns (requirement - (data path - clock path skew + uncertainty))
  Source:               measured_shell/core/evaluator_i/hops1_1 (FF)
  Destination:          measured_shell/core/evaluator_i/objective_0 (FF)
  Requirement:          10.000ns
  Data Path Delay:      5.837ns (Levels of Logic = 6)
  Clock Path Skew:      -0.018ns (0.416 - 0.434)
  Source Clock:         clk_100mhz_BUFGP rising at 0.000ns
  Destination Clock:    clk_100mhz_BUFGP rising at 10.000ns
  Clock Uncertainty:    0.035ns

  Clock Uncertainty:          0.035ns  ((TSJ^2 + TIJ^2)^1/2 + DJ) / 2 + PE
    Total System Jitter (TSJ):  0.070ns
    Total Input Jitter (TIJ):   0.000ns
    Discrete Jitter (DJ):       0.000ns
    Phase Error (PE):           0.000ns

  Maximum Data Path at Slow Process Corner: measured_shell/core/evaluator_i/hops1_1 to measured_shell/core/evaluator_i/objective_0
    Location             Delay type         Delay(ns)  Physical Resource
                                                       Logical Resource(s)
    -------------------------------------------------  -------------------
    SLICE_X19Y37.DQ      Tcko                  0.430   measured_shell/core/evaluator_i/hops1<1>
                                                       measured_shell/core/evaluator_i/hops1_1
    SLICE_X14Y36.B5      net (fanout=10)       0.964   measured_shell/core/evaluator_i/hops1<1>
    SLICE_X14Y36.COUT    Topcyb                0.483   measured_shell/core/evaluator_i/Mcompar_obj0[31]_obj1[31]_equal_70_o_cy<3>
                                                       measured_shell/core/evaluator_i/Mcompar_obj0[31]_obj1[31]_equal_70_o_lut<1>1
                                                       measured_shell/core/evaluator_i/Mcompar_obj0[31]_obj1[31]_equal_70_o_cy<3>
    SLICE_X14Y37.CIN     net (fanout=1)        0.003   measured_shell/core/evaluator_i/Mcompar_obj0[31]_obj1[31]_equal_70_o_cy<3>
    SLICE_X14Y37.COUT    Tbyp                  0.093   measured_shell/core/evaluator_i/Mcompar_obj0[31]_obj1[31]_equal_70_o_cy<7>
                                                       measured_shell/core/evaluator_i/Mcompar_obj0[31]_obj1[31]_equal_70_o_cy<7>
    SLICE_X14Y38.CIN     net (fanout=1)        0.003   measured_shell/core/evaluator_i/Mcompar_obj0[31]_obj1[31]_equal_70_o_cy<7>
    SLICE_X14Y38.CMUX    Tcinc                 0.302   measured_shell/core/evaluator_i/obj0[31]_obj1[31]_equal_70_o
                                                       measured_shell/core/evaluator_i/Mcompar_obj0[31]_obj1[31]_equal_70_o_cy<10>
    SLICE_X10Y38.C3      net (fanout=5)        0.699   measured_shell/core/evaluator_i/obj0[31]_obj1[31]_equal_70_o
    SLICE_X10Y38.C       Tilo                  0.255   measured_shell/core/evaluator_i/div_count<5>
                                                       measured_shell/core/evaluator_i/_n0970_inv11
    SLICE_X15Y38.B4      net (fanout=1)        0.619   measured_shell/core/evaluator_i/_n0970_inv1
    SLICE_X15Y38.B       Tilo                  0.259   measured_shell/core/evaluator_i/_n0970_inv
                                                       measured_shell/core/evaluator_i/_n0970_inv12
    SLICE_X15Y38.C4      net (fanout=1)        0.320   measured_shell/core/evaluator_i/_n0970_inv11
    SLICE_X15Y38.C       Tilo                  0.259   measured_shell/core/evaluator_i/_n0970_inv
                                                       measured_shell/core/evaluator_i/_n0970_inv13
    SLICE_X17Y35.CE      net (fanout=1)        0.745   measured_shell/core/evaluator_i/_n0970_inv
    SLICE_X17Y35.CLK     Tceck                 0.403   measured_shell/core/evaluator_i/objective<1>
                                                       measured_shell/core/evaluator_i/objective_0
    -------------------------------------------------  ---------------------------
    Total                                      5.837ns (2.484ns logic, 3.353ns route)
                                                       (42.6% logic, 57.4% route)

--------------------------------------------------------------------------------
Slack:                  4.245ns (requirement - (data path - clock path skew + uncertainty))
  Source:               measured_shell/core/evaluator_i/objective_1 (FF)
  Destination:          measured_shell/core/evaluator_i/objective_0 (FF)
  Requirement:          10.000ns
  Data Path Delay:      5.720ns (Levels of Logic = 6)
  Clock Path Skew:      0.000ns
  Source Clock:         clk_100mhz_BUFGP rising at 0.000ns
  Destination Clock:    clk_100mhz_BUFGP rising at 10.000ns
  Clock Uncertainty:    0.035ns

  Clock Uncertainty:          0.035ns  ((TSJ^2 + TIJ^2)^1/2 + DJ) / 2 + PE
    Total System Jitter (TSJ):  0.070ns
    Total Input Jitter (TIJ):   0.000ns
    Discrete Jitter (DJ):       0.000ns
    Phase Error (PE):           0.000ns

  Maximum Data Path at Slow Process Corner: measured_shell/core/evaluator_i/objective_1 to measured_shell/core/evaluator_i/objective_0
    Location             Delay type         Delay(ns)  Physical Resource
                                                       Logical Resource(s)
    -------------------------------------------------  -------------------
    SLICE_X17Y35.AQ      Tcko                  0.430   measured_shell/core/evaluator_i/objective<1>
                                                       measured_shell/core/evaluator_i/objective_1
    SLICE_X14Y36.A3      net (fanout=20)       0.856   measured_shell/core/evaluator_i/objective<1>
    SLICE_X14Y36.COUT    Topcya                0.474   measured_shell/core/evaluator_i/Mcompar_obj0[31]_obj1[31]_equal_70_o_cy<3>
                                                       measured_shell/core/evaluator_i/Mcompar_obj0[31]_obj1[31]_equal_70_o_lut<0>1
                                                       measured_shell/core/evaluator_i/Mcompar_obj0[31]_obj1[31]_equal_70_o_cy<3>
    SLICE_X14Y37.CIN     net (fanout=1)        0.003   measured_shell/core/evaluator_i/Mcompar_obj0[31]_obj1[31]_equal_70_o_cy<3>
    SLICE_X14Y37.COUT    Tbyp                  0.093   measured_shell/core/evaluator_i/Mcompar_obj0[31]_obj1[31]_equal_70_o_cy<7>
                                                       measured_shell/core/evaluator_i/Mcompar_obj0[31]_obj1[31]_equal_70_o_cy<7>
    SLICE_X14Y38.CIN     net (fanout=1)        0.003   measured_shell/core/evaluator_i/Mcompar_obj0[31]_obj1[31]_equal_70_o_cy<7>
    SLICE_X14Y38.CMUX    Tcinc                 0.302   measured_shell/core/evaluator_i/obj0[31]_obj1[31]_equal_70_o
                                                       measured_shell/core/evaluator_i/Mcompar_obj0[31]_obj1[31]_equal_70_o_cy<10>
    SLICE_X10Y38.C3      net (fanout=5)        0.699   measured_shell/core/evaluator_i/obj0[31]_obj1[31]_equal_70_o
    SLICE_X10Y38.C       Tilo                  0.255   measured_shell/core/evaluator_i/div_count<5>
                                                       measured_shell/core/evaluator_i/_n0970_inv11
    SLICE_X15Y38.B4      net (fanout=1)        0.619   measured_shell/core/evaluator_i/_n0970_inv1
    SLICE_X15Y38.B       Tilo                  0.259   measured_shell/core/evaluator_i/_n0970_inv
                                                       measured_shell/core/evaluator_i/_n0970_inv12
    SLICE_X15Y38.C4      net (fanout=1)        0.320   measured_shell/core/evaluator_i/_n0970_inv11
    SLICE_X15Y38.C       Tilo                  0.259   measured_shell/core/evaluator_i/_n0970_inv
                                                       measured_shell/core/evaluator_i/_n0970_inv13
    SLICE_X17Y35.CE      net (fanout=1)        0.745   measured_shell/core/evaluator_i/_n0970_inv
    SLICE_X17Y35.CLK     Tceck                 0.403   measured_shell/core/evaluator_i/objective<1>
                                                       measured_shell/core/evaluator_i/objective_0
    -------------------------------------------------  ---------------------------
    Total                                      5.720ns (2.475ns logic, 3.245ns route)
                                                       (43.3% logic, 56.7% route)

--------------------------------------------------------------------------------
Slack:                  4.367ns (requirement - (data path - clock path skew + uncertainty))
  Source:               measured_shell/core/evaluator_i/objective_0 (FF)
  Destination:          measured_shell/core/evaluator_i/objective_0 (FF)
  Requirement:          10.000ns
  Data Path Delay:      5.598ns (Levels of Logic = 6)
  Clock Path Skew:      0.000ns
  Source Clock:         clk_100mhz_BUFGP rising at 0.000ns
  Destination Clock:    clk_100mhz_BUFGP rising at 10.000ns
  Clock Uncertainty:    0.035ns

  Clock Uncertainty:          0.035ns  ((TSJ^2 + TIJ^2)^1/2 + DJ) / 2 + PE
    Total System Jitter (TSJ):  0.070ns
    Total Input Jitter (TIJ):   0.000ns
    Discrete Jitter (DJ):       0.000ns
    Phase Error (PE):           0.000ns

  Maximum Data Path at Slow Process Corner: measured_shell/core/evaluator_i/objective_0 to measured_shell/core/evaluator_i/objective_0
    Location             Delay type         Delay(ns)  Physical Resource
                                                       Logical Resource(s)
    -------------------------------------------------  -------------------
    SLICE_X17Y35.AMUX    Tshcko                0.518   measured_shell/core/evaluator_i/objective<1>
                                                       measured_shell/core/evaluator_i/objective_0
    SLICE_X14Y36.B4      net (fanout=19)       0.637   measured_shell/core/evaluator_i/objective<0>
    SLICE_X14Y36.COUT    Topcyb                0.483   measured_shell/core/evaluator_i/Mcompar_obj0[31]_obj1[31]_equal_70_o_cy<3>
                                                       measured_shell/core/evaluator_i/Mcompar_obj0[31]_obj1[31]_equal_70_o_lut<1>1
                                                       measured_shell/core/evaluator_i/Mcompar_obj0[31]_obj1[31]_equal_70_o_cy<3>
    SLICE_X14Y37.CIN     net (fanout=1)        0.003   measured_shell/core/evaluator_i/Mcompar_obj0[31]_obj1[31]_equal_70_o_cy<3>
    SLICE_X14Y37.COUT    Tbyp                  0.093   measured_shell/core/evaluator_i/Mcompar_obj0[31]_obj1[31]_equal_70_o_cy<7>
                                                       measured_shell/core/evaluator_i/Mcompar_obj0[31]_obj1[31]_equal_70_o_cy<7>
    SLICE_X14Y38.CIN     net (fanout=1)        0.003   measured_shell/core/evaluator_i/Mcompar_obj0[31]_obj1[31]_equal_70_o_cy<7>
    SLICE_X14Y38.CMUX    Tcinc                 0.302   measured_shell/core/evaluator_i/obj0[31]_obj1[31]_equal_70_o
                                                       measured_shell/core/evaluator_i/Mcompar_obj0[31]_obj1[31]_equal_70_o_cy<10>
    SLICE_X10Y38.C3      net (fanout=5)        0.699   measured_shell/core/evaluator_i/obj0[31]_obj1[31]_equal_70_o
    SLICE_X10Y38.C       Tilo                  0.255   measured_shell/core/evaluator_i/div_count<5>
                                                       measured_shell/core/evaluator_i/_n0970_inv11
    SLICE_X15Y38.B4      net (fanout=1)        0.619   measured_shell/core/evaluator_i/_n0970_inv1
    SLICE_X15Y38.B       Tilo                  0.259   measured_shell/core/evaluator_i/_n0970_inv
                                                       measured_shell/core/evaluator_i/_n0970_inv12
    SLICE_X15Y38.C4      net (fanout=1)        0.320   measured_shell/core/evaluator_i/_n0970_inv11
    SLICE_X15Y38.C       Tilo                  0.259   measured_shell/core/evaluator_i/_n0970_inv
                                                       measured_shell/core/evaluator_i/_n0970_inv13
    SLICE_X17Y35.CE      net (fanout=1)        0.745   measured_shell/core/evaluator_i/_n0970_inv
    SLICE_X17Y35.CLK     Tceck                 0.403   measured_shell/core/evaluator_i/objective<1>
                                                       measured_shell/core/evaluator_i/objective_0
    -------------------------------------------------  ---------------------------
    Total                                      5.598ns (2.572ns logic, 3.026ns route)
                                                       (45.9% logic, 54.1% route)

--------------------------------------------------------------------------------
Slack:                  4.401ns (requirement - (data path - clock path skew + uncertainty))
  Source:               measured_shell/core/evaluator_i/objective_1 (FF)
  Destination:          measured_shell/core/evaluator_i/objective_0 (FF)
  Requirement:          10.000ns
  Data Path Delay:      5.564ns (Levels of Logic = 6)
  Clock Path Skew:      0.000ns
  Source Clock:         clk_100mhz_BUFGP rising at 0.000ns
  Destination Clock:    clk_100mhz_BUFGP rising at 10.000ns
  Clock Uncertainty:    0.035ns

  Clock Uncertainty:          0.035ns  ((TSJ^2 + TIJ^2)^1/2 + DJ) / 2 + PE
    Total System Jitter (TSJ):  0.070ns
    Total Input Jitter (TIJ):   0.000ns
    Discrete Jitter (DJ):       0.000ns
    Phase Error (PE):           0.000ns

  Maximum Data Path at Slow Process Corner: measured_shell/core/evaluator_i/objective_1 to measured_shell/core/evaluator_i/objective_0
    Location             Delay type         Delay(ns)  Physical Resource
                                                       Logical Resource(s)
    -------------------------------------------------  -------------------
    SLICE_X17Y35.AQ      Tcko                  0.430   measured_shell/core/evaluator_i/objective<1>
                                                       measured_shell/core/evaluator_i/objective_1
    SLICE_X14Y36.C1      net (fanout=20)       0.846   measured_shell/core/evaluator_i/objective<1>
    SLICE_X14Y36.COUT    Topcyc                0.328   measured_shell/core/evaluator_i/Mcompar_obj0[31]_obj1[31]_equal_70_o_cy<3>
                                                       measured_shell/core/evaluator_i/Mcompar_obj0[31]_obj1[31]_equal_70_o_lut<2>1
                                                       measured_shell/core/evaluator_i/Mcompar_obj0[31]_obj1[31]_equal_70_o_cy<3>
    SLICE_X14Y37.CIN     net (fanout=1)        0.003   measured_shell/core/evaluator_i/Mcompar_obj0[31]_obj1[31]_equal_70_o_cy<3>
    SLICE_X14Y37.COUT    Tbyp                  0.093   measured_shell/core/evaluator_i/Mcompar_obj0[31]_obj1[31]_equal_70_o_cy<7>
                                                       measured_shell/core/evaluator_i/Mcompar_obj0[31]_obj1[31]_equal_70_o_cy<7>
    SLICE_X14Y38.CIN     net (fanout=1)        0.003   measured_shell/core/evaluator_i/Mcompar_obj0[31]_obj1[31]_equal_70_o_cy<7>
    SLICE_X14Y38.CMUX    Tcinc                 0.302   measured_shell/core/evaluator_i/obj0[31]_obj1[31]_equal_70_o
                                                       measured_shell/core/evaluator_i/Mcompar_obj0[31]_obj1[31]_equal_70_o_cy<10>
    SLICE_X10Y38.C3      net (fanout=5)        0.699   measured_shell/core/evaluator_i/obj0[31]_obj1[31]_equal_70_o
    SLICE_X10Y38.C       Tilo                  0.255   measured_shell/core/evaluator_i/div_count<5>
                                                       measured_shell/core/evaluator_i/_n0970_inv11
    SLICE_X15Y38.B4      net (fanout=1)        0.619   measured_shell/core/evaluator_i/_n0970_inv1
    SLICE_X15Y38.B       Tilo                  0.259   measured_shell/core/evaluator_i/_n0970_inv
                                                       measured_shell/core/evaluator_i/_n0970_inv12
    SLICE_X15Y38.C4      net (fanout=1)        0.320   measured_shell/core/evaluator_i/_n0970_inv11
    SLICE_X15Y38.C       Tilo                  0.259   measured_shell/core/evaluator_i/_n0970_inv
                                                       measured_shell/core/evaluator_i/_n0970_inv13
    SLICE_X17Y35.CE      net (fanout=1)        0.745   measured_shell/core/evaluator_i/_n0970_inv
    SLICE_X17Y35.CLK     Tceck                 0.403   measured_shell/core/evaluator_i/objective<1>
                                                       measured_shell/core/evaluator_i/objective_0
    -------------------------------------------------  ---------------------------
    Total                                      5.564ns (2.329ns logic, 3.235ns route)
                                                       (41.9% logic, 58.1% route)

--------------------------------------------------------------------------------
Slack:                  4.438ns (requirement - (data path - clock path skew + uncertainty))
  Source:               measured_shell/core/evaluator_i/objective_0 (FF)
  Destination:          measured_shell/core/evaluator_i/objective_0 (FF)
  Requirement:          10.000ns
  Data Path Delay:      5.527ns (Levels of Logic = 6)
  Clock Path Skew:      0.000ns
  Source Clock:         clk_100mhz_BUFGP rising at 0.000ns
  Destination Clock:    clk_100mhz_BUFGP rising at 10.000ns
  Clock Uncertainty:    0.035ns

  Clock Uncertainty:          0.035ns  ((TSJ^2 + TIJ^2)^1/2 + DJ) / 2 + PE
    Total System Jitter (TSJ):  0.070ns
    Total Input Jitter (TIJ):   0.000ns
    Discrete Jitter (DJ):       0.000ns
    Phase Error (PE):           0.000ns

  Maximum Data Path at Slow Process Corner: measured_shell/core/evaluator_i/objective_0 to measured_shell/core/evaluator_i/objective_0
    Location             Delay type         Delay(ns)  Physical Resource
                                                       Logical Resource(s)
    -------------------------------------------------  -------------------
    SLICE_X17Y35.AMUX    Tshcko                0.518   measured_shell/core/evaluator_i/objective<1>
                                                       measured_shell/core/evaluator_i/objective_0
    SLICE_X14Y36.A5      net (fanout=19)       0.575   measured_shell/core/evaluator_i/objective<0>
    SLICE_X14Y36.COUT    Topcya                0.474   measured_shell/core/evaluator_i/Mcompar_obj0[31]_obj1[31]_equal_70_o_cy<3>
                                                       measured_shell/core/evaluator_i/Mcompar_obj0[31]_obj1[31]_equal_70_o_lut<0>1
                                                       measured_shell/core/evaluator_i/Mcompar_obj0[31]_obj1[31]_equal_70_o_cy<3>
    SLICE_X14Y37.CIN     net (fanout=1)        0.003   measured_shell/core/evaluator_i/Mcompar_obj0[31]_obj1[31]_equal_70_o_cy<3>
    SLICE_X14Y37.COUT    Tbyp                  0.093   measured_shell/core/evaluator_i/Mcompar_obj0[31]_obj1[31]_equal_70_o_cy<7>
                                                       measured_shell/core/evaluator_i/Mcompar_obj0[31]_obj1[31]_equal_70_o_cy<7>
    SLICE_X14Y38.CIN     net (fanout=1)        0.003   measured_shell/core/evaluator_i/Mcompar_obj0[31]_obj1[31]_equal_70_o_cy<7>
    SLICE_X14Y38.CMUX    Tcinc                 0.302   measured_shell/core/evaluator_i/obj0[31]_obj1[31]_equal_70_o
                                                       measured_shell/core/evaluator_i/Mcompar_obj0[31]_obj1[31]_equal_70_o_cy<10>
    SLICE_X10Y38.C3      net (fanout=5)        0.699   measured_shell/core/evaluator_i/obj0[31]_obj1[31]_equal_70_o
    SLICE_X10Y38.C       Tilo                  0.255   measured_shell/core/evaluator_i/div_count<5>
                                                       measured_shell/core/evaluator_i/_n0970_inv11
    SLICE_X15Y38.B4      net (fanout=1)        0.619   measured_shell/core/evaluator_i/_n0970_inv1
    SLICE_X15Y38.B       Tilo                  0.259   measured_shell/core/evaluator_i/_n0970_inv
                                                       measured_shell/core/evaluator_i/_n0970_inv12
    SLICE_X15Y38.C4      net (fanout=1)        0.320   measured_shell/core/evaluator_i/_n0970_inv11
    SLICE_X15Y38.C       Tilo                  0.259   measured_shell/core/evaluator_i/_n0970_inv
                                                       measured_shell/core/evaluator_i/_n0970_inv13
    SLICE_X17Y35.CE      net (fanout=1)        0.745   measured_shell/core/evaluator_i/_n0970_inv
    SLICE_X17Y35.CLK     Tceck                 0.403   measured_shell/core/evaluator_i/objective<1>
                                                       measured_shell/core/evaluator_i/objective_0
    -------------------------------------------------  ---------------------------
    Total                                      5.527ns (2.563ns logic, 2.964ns route)
                                                       (46.4% logic, 53.6% route)

--------------------------------------------------------------------------------
Slack:                  4.451ns (requirement - (data path - clock path skew + uncertainty))
  Source:               measured_shell/core/evaluator_i/state_FSM_FFd2 (FF)
  Destination:          measured_shell/core/evaluator_i/objective_0 (FF)
  Requirement:          10.000ns
  Data Path Delay:      5.494ns (Levels of Logic = 3)
  Clock Path Skew:      -0.020ns (0.296 - 0.316)
  Source Clock:         clk_100mhz_BUFGP rising at 0.000ns
  Destination Clock:    clk_100mhz_BUFGP rising at 10.000ns
  Clock Uncertainty:    0.035ns

  Clock Uncertainty:          0.035ns  ((TSJ^2 + TIJ^2)^1/2 + DJ) / 2 + PE
    Total System Jitter (TSJ):  0.070ns
    Total Input Jitter (TIJ):   0.000ns
    Discrete Jitter (DJ):       0.000ns
    Phase Error (PE):           0.000ns

  Maximum Data Path at Slow Process Corner: measured_shell/core/evaluator_i/state_FSM_FFd2 to measured_shell/core/evaluator_i/objective_0
    Location             Delay type         Delay(ns)  Physical Resource
                                                       Logical Resource(s)
    -------------------------------------------------  -------------------
    SLICE_X12Y38.CQ      Tcko                  0.476   measured_shell/core/evaluator_i/state_FSM_FFd2
                                                       measured_shell/core/evaluator_i/state_FSM_FFd2
    SLICE_X18Y44.A4      net (fanout=18)       1.599   measured_shell/core/evaluator_i/state_FSM_FFd2
    SLICE_X18Y44.A       Tilo                  0.254   measured_shell/core/evaluator_i/_n0929_inv
                                                       measured_shell/core/b4_start1
    SLICE_X15Y38.B6      net (fanout=10)       1.179   measured_shell/core/b4_start
    SLICE_X15Y38.B       Tilo                  0.259   measured_shell/core/evaluator_i/_n0970_inv
                                                       measured_shell/core/evaluator_i/_n0970_inv12
    SLICE_X15Y38.C4      net (fanout=1)        0.320   measured_shell/core/evaluator_i/_n0970_inv11
    SLICE_X15Y38.C       Tilo                  0.259   measured_shell/core/evaluator_i/_n0970_inv
                                                       measured_shell/core/evaluator_i/_n0970_inv13
    SLICE_X17Y35.CE      net (fanout=1)        0.745   measured_shell/core/evaluator_i/_n0970_inv
    SLICE_X17Y35.CLK     Tceck                 0.403   measured_shell/core/evaluator_i/objective<1>
                                                       measured_shell/core/evaluator_i/objective_0
    -------------------------------------------------  ---------------------------
    Total                                      5.494ns (1.651ns logic, 3.843ns route)
                                                       (30.1% logic, 69.9% route)

--------------------------------------------------------------------------------
Slack:                  4.501ns (requirement - (data path - clock path skew + uncertainty))
  Source:               measured_shell/core/evaluator_i/objective_0 (FF)
  Destination:          measured_shell/core/evaluator_i/objective_0 (FF)
  Requirement:          10.000ns
  Data Path Delay:      5.464ns (Levels of Logic = 6)
  Clock Path Skew:      0.000ns
  Source Clock:         clk_100mhz_BUFGP rising at 0.000ns
  Destination Clock:    clk_100mhz_BUFGP rising at 10.000ns
  Clock Uncertainty:    0.035ns

  Clock Uncertainty:          0.035ns  ((TSJ^2 + TIJ^2)^1/2 + DJ) / 2 + PE
    Total System Jitter (TSJ):  0.070ns
    Total Input Jitter (TIJ):   0.000ns
    Discrete Jitter (DJ):       0.000ns
    Phase Error (PE):           0.000ns

  Maximum Data Path at Slow Process Corner: measured_shell/core/evaluator_i/objective_0 to measured_shell/core/evaluator_i/objective_0
    Location             Delay type         Delay(ns)  Physical Resource
                                                       Logical Resource(s)
    -------------------------------------------------  -------------------
    SLICE_X17Y35.AMUX    Tshcko                0.518   measured_shell/core/evaluator_i/objective<1>
                                                       measured_shell/core/evaluator_i/objective_0
    SLICE_X14Y36.C4      net (fanout=19)       0.658   measured_shell/core/evaluator_i/objective<0>
    SLICE_X14Y36.COUT    Topcyc                0.328   measured_shell/core/evaluator_i/Mcompar_obj0[31]_obj1[31]_equal_70_o_cy<3>
                                                       measured_shell/core/evaluator_i/Mcompar_obj0[31]_obj1[31]_equal_70_o_lut<2>1
                                                       measured_shell/core/evaluator_i/Mcompar_obj0[31]_obj1[31]_equal_70_o_cy<3>
    SLICE_X14Y37.CIN     net (fanout=1)        0.003   measured_shell/core/evaluator_i/Mcompar_obj0[31]_obj1[31]_equal_70_o_cy<3>
    SLICE_X14Y37.COUT    Tbyp                  0.093   measured_shell/core/evaluator_i/Mcompar_obj0[31]_obj1[31]_equal_70_o_cy<7>
                                                       measured_shell/core/evaluator_i/Mcompar_obj0[31]_obj1[31]_equal_70_o_cy<7>
    SLICE_X14Y38.CIN     net (fanout=1)        0.003   measured_shell/core/evaluator_i/Mcompar_obj0[31]_obj1[31]_equal_70_o_cy<7>
    SLICE_X14Y38.CMUX    Tcinc                 0.302   measured_shell/core/evaluator_i/obj0[31]_obj1[31]_equal_70_o
                                                       measured_shell/core/evaluator_i/Mcompar_obj0[31]_obj1[31]_equal_70_o_cy<10>
    SLICE_X10Y38.C3      net (fanout=5)        0.699   measured_shell/core/evaluator_i/obj0[31]_obj1[31]_equal_70_o
    SLICE_X10Y38.C       Tilo                  0.255   measured_shell/core/evaluator_i/div_count<5>
                                                       measured_shell/core/evaluator_i/_n0970_inv11
    SLICE_X15Y38.B4      net (fanout=1)        0.619   measured_shell/core/evaluator_i/_n0970_inv1
    SLICE_X15Y38.B       Tilo                  0.259   measured_shell/core/evaluator_i/_n0970_inv
                                                       measured_shell/core/evaluator_i/_n0970_inv12
    SLICE_X15Y38.C4      net (fanout=1)        0.320   measured_shell/core/evaluator_i/_n0970_inv11
    SLICE_X15Y38.C       Tilo                  0.259   measured_shell/core/evaluator_i/_n0970_inv
                                                       measured_shell/core/evaluator_i/_n0970_inv13
    SLICE_X17Y35.CE      net (fanout=1)        0.745   measured_shell/core/evaluator_i/_n0970_inv
    SLICE_X17Y35.CLK     Tceck                 0.403   measured_shell/core/evaluator_i/objective<1>
                                                       measured_shell/core/evaluator_i/objective_0
    -------------------------------------------------  ---------------------------
    Total                                      5.464ns (2.417ns logic, 3.047ns route)
                                                       (44.2% logic, 55.8% route)

--------------------------------------------------------------------------------

Paths for end point fail (SLICE_X27Y35.A4), 71 paths
--------------------------------------------------------------------------------
Slack:                  3.851ns (requirement - (data path - clock path skew + uncertainty))
  Source:               test_id_1 (FF)
  Destination:          fail (FF)
  Requirement:          10.000ns
  Data Path Delay:      6.111ns (Levels of Logic = 8)
  Clock Path Skew:      -0.003ns (0.316 - 0.319)
  Source Clock:         clk_100mhz_BUFGP rising at 0.000ns
  Destination Clock:    clk_100mhz_BUFGP rising at 10.000ns
  Clock Uncertainty:    0.035ns

  Clock Uncertainty:          0.035ns  ((TSJ^2 + TIJ^2)^1/2 + DJ) / 2 + PE
    Total System Jitter (TSJ):  0.070ns
    Total Input Jitter (TIJ):   0.000ns
    Discrete Jitter (DJ):       0.000ns
    Phase Error (PE):           0.000ns

  Maximum Data Path at Slow Process Corner: test_id_1 to fail
    Location             Delay type         Delay(ns)  Physical Resource
                                                       Logical Resource(s)
    -------------------------------------------------  -------------------
    SLICE_X25Y38.CQ      Tcko                  0.430   test_id<2>
                                                       test_id_1
    SLICE_X27Y37.B1      net (fanout=13)       1.017   test_id<1>
    SLICE_X27Y37.B       Tilo                  0.259   N18
                                                       result_mismatch2
    SLICE_X27Y37.A5      net (fanout=1)        0.230   result_mismatch4
    SLICE_X27Y37.A       Tilo                  0.259   N18
                                                       result_mismatch4_SW0
    SLICE_X27Y37.C2      net (fanout=1)        0.530   N20
    SLICE_X27Y37.C       Tilo                  0.259   N18
                                                       result_mismatch4
    SLICE_X27Y37.D5      net (fanout=1)        0.234   result_mismatch6
    SLICE_X27Y37.D       Tilo                  0.259   N18
                                                       result_mismatch6_SW0
    SLICE_X24Y36.A3      net (fanout=1)        0.554   N18
    SLICE_X24Y36.A       Tilo                  0.235   measured_shell/core/route_valid
                                                       result_mismatch6
    SLICE_X24Y36.B6      net (fanout=1)        0.143   result_mismatch8
    SLICE_X24Y36.B       Tilo                  0.235   measured_shell/core/route_valid
                                                       result_mismatch10
    SLICE_X27Y36.C6      net (fanout=1)        0.347   result_mismatch12
    SLICE_X27Y36.C       Tilo                  0.259   pass
                                                       result_mismatch15
    SLICE_X27Y35.A4      net (fanout=2)        0.488   result_mismatch
    SLICE_X27Y35.CLK     Tas                   0.373   fail
                                                       fail_glue_set
                                                       fail
    -------------------------------------------------  ---------------------------
    Total                                      6.111ns (2.568ns logic, 3.543ns route)
                                                       (42.0% logic, 58.0% route)

--------------------------------------------------------------------------------
Slack:                  4.028ns (requirement - (data path - clock path skew + uncertainty))
  Source:               test_id_2 (FF)
  Destination:          fail (FF)
  Requirement:          10.000ns
  Data Path Delay:      5.934ns (Levels of Logic = 8)
  Clock Path Skew:      -0.003ns (0.316 - 0.319)
  Source Clock:         clk_100mhz_BUFGP rising at 0.000ns
  Destination Clock:    clk_100mhz_BUFGP rising at 10.000ns
  Clock Uncertainty:    0.035ns

  Clock Uncertainty:          0.035ns  ((TSJ^2 + TIJ^2)^1/2 + DJ) / 2 + PE
    Total System Jitter (TSJ):  0.070ns
    Total Input Jitter (TIJ):   0.000ns
    Discrete Jitter (DJ):       0.000ns
    Phase Error (PE):           0.000ns

  Maximum Data Path at Slow Process Corner: test_id_2 to fail
    Location             Delay type         Delay(ns)  Physical Resource
                                                       Logical Resource(s)
    -------------------------------------------------  -------------------
    SLICE_X25Y38.DQ      Tcko                  0.430   test_id<2>
                                                       test_id_2
    SLICE_X27Y37.B2      net (fanout=12)       0.840   test_id<2>
    SLICE_X27Y37.B       Tilo                  0.259   N18
                                                       result_mismatch2
    SLICE_X27Y37.A5      net (fanout=1)        0.230   result_mismatch4
    SLICE_X27Y37.A       Tilo                  0.259   N18
                                                       result_mismatch4_SW0
    SLICE_X27Y37.C2      net (fanout=1)        0.530   N20
    SLICE_X27Y37.C       Tilo                  0.259   N18
                                                       result_mismatch4
    SLICE_X27Y37.D5      net (fanout=1)        0.234   result_mismatch6
    SLICE_X27Y37.D       Tilo                  0.259   N18
                                                       result_mismatch6_SW0
    SLICE_X24Y36.A3      net (fanout=1)        0.554   N18
    SLICE_X24Y36.A       Tilo                  0.235   measured_shell/core/route_valid
                                                       result_mismatch6
    SLICE_X24Y36.B6      net (fanout=1)        0.143   result_mismatch8
    SLICE_X24Y36.B       Tilo                  0.235   measured_shell/core/route_valid
                                                       result_mismatch10
    SLICE_X27Y36.C6      net (fanout=1)        0.347   result_mismatch12
    SLICE_X27Y36.C       Tilo                  0.259   pass
                                                       result_mismatch15
    SLICE_X27Y35.A4      net (fanout=2)        0.488   result_mismatch
    SLICE_X27Y35.CLK     Tas                   0.373   fail
                                                       fail_glue_set
                                                       fail
    -------------------------------------------------  ---------------------------
    Total                                      5.934ns (2.568ns logic, 3.366ns route)
                                                       (43.3% logic, 56.7% route)

--------------------------------------------------------------------------------
Slack:                  4.055ns (requirement - (data path - clock path skew + uncertainty))
  Source:               test_id_0 (FF)
  Destination:          fail (FF)
  Requirement:          10.000ns
  Data Path Delay:      5.907ns (Levels of Logic = 8)
  Clock Path Skew:      -0.003ns (0.316 - 0.319)
  Source Clock:         clk_100mhz_BUFGP rising at 0.000ns
  Destination Clock:    clk_100mhz_BUFGP rising at 10.000ns
  Clock Uncertainty:    0.035ns

  Clock Uncertainty:          0.035ns  ((TSJ^2 + TIJ^2)^1/2 + DJ) / 2 + PE
    Total System Jitter (TSJ):  0.070ns
    Total Input Jitter (TIJ):   0.000ns
    Discrete Jitter (DJ):       0.000ns
    Phase Error (PE):           0.000ns

  Maximum Data Path at Slow Process Corner: test_id_0 to fail
    Location             Delay type         Delay(ns)  Physical Resource
                                                       Logical Resource(s)
    -------------------------------------------------  -------------------
    SLICE_X25Y38.AQ      Tcko                  0.430   test_id<2>
                                                       test_id_0
    SLICE_X27Y37.B6      net (fanout=16)       0.813   test_id<0>
    SLICE_X27Y37.B       Tilo                  0.259   N18
                                                       result_mismatch2
    SLICE_X27Y37.A5      net (fanout=1)        0.230   result_mismatch4
    SLICE_X27Y37.A       Tilo                  0.259   N18
                                                       result_mismatch4_SW0
    SLICE_X27Y37.C2      net (fanout=1)        0.530   N20
    SLICE_X27Y37.C       Tilo                  0.259   N18
                                                       result_mismatch4
    SLICE_X27Y37.D5      net (fanout=1)        0.234   result_mismatch6
    SLICE_X27Y37.D       Tilo                  0.259   N18
                                                       result_mismatch6_SW0
    SLICE_X24Y36.A3      net (fanout=1)        0.554   N18
    SLICE_X24Y36.A       Tilo                  0.235   measured_shell/core/route_valid
                                                       result_mismatch6
    SLICE_X24Y36.B6      net (fanout=1)        0.143   result_mismatch8
    SLICE_X24Y36.B       Tilo                  0.235   measured_shell/core/route_valid
                                                       result_mismatch10
    SLICE_X27Y36.C6      net (fanout=1)        0.347   result_mismatch12
    SLICE_X27Y36.C       Tilo                  0.259   pass
                                                       result_mismatch15
    SLICE_X27Y35.A4      net (fanout=2)        0.488   result_mismatch
    SLICE_X27Y35.CLK     Tas                   0.373   fail
                                                       fail_glue_set
                                                       fail
    -------------------------------------------------  ---------------------------
    Total                                      5.907ns (2.568ns logic, 3.339ns route)
                                                       (43.5% logic, 56.5% route)

--------------------------------------------------------------------------------
Slack:                  4.193ns (requirement - (data path - clock path skew + uncertainty))
  Source:               measured_shell/kernel_cycle_counter_6 (FF)
  Destination:          fail (FF)
  Requirement:          10.000ns
  Data Path Delay:      5.768ns (Levels of Logic = 8)
  Clock Path Skew:      -0.004ns (0.193 - 0.197)
  Source Clock:         clk_100mhz_BUFGP rising at 0.000ns
  Destination Clock:    clk_100mhz_BUFGP rising at 10.000ns
  Clock Uncertainty:    0.035ns

  Clock Uncertainty:          0.035ns  ((TSJ^2 + TIJ^2)^1/2 + DJ) / 2 + PE
    Total System Jitter (TSJ):  0.070ns
    Total Input Jitter (TIJ):   0.000ns
    Discrete Jitter (DJ):       0.000ns
    Phase Error (PE):           0.000ns

  Maximum Data Path at Slow Process Corner: measured_shell/kernel_cycle_counter_6 to fail
    Location             Delay type         Delay(ns)  Physical Resource
                                                       Logical Resource(s)
    -------------------------------------------------  -------------------
    SLICE_X26Y38.CQ      Tcko                  0.525   measured_shell/kernel_cycle_counter<7>
                                                       measured_shell/kernel_cycle_counter_6
    SLICE_X27Y37.B3      net (fanout=4)        0.579   measured_shell/kernel_cycle_counter<6>
    SLICE_X27Y37.B       Tilo                  0.259   N18
                                                       result_mismatch2
    SLICE_X27Y37.A5      net (fanout=1)        0.230   result_mismatch4
    SLICE_X27Y37.A       Tilo                  0.259   N18
                                                       result_mismatch4_SW0
    SLICE_X27Y37.C2      net (fanout=1)        0.530   N20
    SLICE_X27Y37.C       Tilo                  0.259   N18
                                                       result_mismatch4
    SLICE_X27Y37.D5      net (fanout=1)        0.234   result_mismatch6
    SLICE_X27Y37.D       Tilo                  0.259   N18
                                                       result_mismatch6_SW0
    SLICE_X24Y36.A3      net (fanout=1)        0.554   N18
    SLICE_X24Y36.A       Tilo                  0.235   measured_shell/core/route_valid
                                                       result_mismatch6
    SLICE_X24Y36.B6      net (fanout=1)        0.143   result_mismatch8
    SLICE_X24Y36.B       Tilo                  0.235   measured_shell/core/route_valid
                                                       result_mismatch10
    SLICE_X27Y36.C6      net (fanout=1)        0.347   result_mismatch12
    SLICE_X27Y36.C       Tilo                  0.259   pass
                                                       result_mismatch15
    SLICE_X27Y35.A4      net (fanout=2)        0.488   result_mismatch
    SLICE_X27Y35.CLK     Tas                   0.373   fail
                                                       fail_glue_set
                                                       fail
    -------------------------------------------------  ---------------------------
    Total                                      5.768ns (2.663ns logic, 3.105ns route)
                                                       (46.2% logic, 53.8% route)

--------------------------------------------------------------------------------
Slack:                  4.210ns (requirement - (data path - clock path skew + uncertainty))
  Source:               measured_shell/kernel_cycle_counter_5 (FF)
  Destination:          fail (FF)
  Requirement:          10.000ns
  Data Path Delay:      5.751ns (Levels of Logic = 8)
  Clock Path Skew:      -0.004ns (0.193 - 0.197)
  Source Clock:         clk_100mhz_BUFGP rising at 0.000ns
  Destination Clock:    clk_100mhz_BUFGP rising at 10.000ns
  Clock Uncertainty:    0.035ns

  Clock Uncertainty:          0.035ns  ((TSJ^2 + TIJ^2)^1/2 + DJ) / 2 + PE
    Total System Jitter (TSJ):  0.070ns
    Total Input Jitter (TIJ):   0.000ns
    Discrete Jitter (DJ):       0.000ns
    Phase Error (PE):           0.000ns

  Maximum Data Path at Slow Process Corner: measured_shell/kernel_cycle_counter_5 to fail
    Location             Delay type         Delay(ns)  Physical Resource
                                                       Logical Resource(s)
    -------------------------------------------------  -------------------
    SLICE_X26Y38.BQ      Tcko                  0.525   measured_shell/kernel_cycle_counter<7>
                                                       measured_shell/kernel_cycle_counter_5
    SLICE_X27Y37.B4      net (fanout=4)        0.562   measured_shell/kernel_cycle_counter<5>
    SLICE_X27Y37.B       Tilo                  0.259   N18
                                                       result_mismatch2
    SLICE_X27Y37.A5      net (fanout=1)        0.230   result_mismatch4
    SLICE_X27Y37.A       Tilo                  0.259   N18
                                                       result_mismatch4_SW0
    SLICE_X27Y37.C2      net (fanout=1)        0.530   N20
    SLICE_X27Y37.C       Tilo                  0.259   N18
                                                       result_mismatch4
    SLICE_X27Y37.D5      net (fanout=1)        0.234   result_mismatch6
    SLICE_X27Y37.D       Tilo                  0.259   N18
                                                       result_mismatch6_SW0
    SLICE_X24Y36.A3      net (fanout=1)        0.554   N18
    SLICE_X24Y36.A       Tilo                  0.235   measured_shell/core/route_valid
                                                       result_mismatch6
    SLICE_X24Y36.B6      net (fanout=1)        0.143   result_mismatch8
    SLICE_X24Y36.B       Tilo                  0.235   measured_shell/core/route_valid
                                                       result_mismatch10
    SLICE_X27Y36.C6      net (fanout=1)        0.347   result_mismatch12
    SLICE_X27Y36.C       Tilo                  0.259   pass
                                                       result_mismatch15
    SLICE_X27Y35.A4      net (fanout=2)        0.488   result_mismatch
    SLICE_X27Y35.CLK     Tas                   0.373   fail
                                                       fail_glue_set
                                                       fail
    -------------------------------------------------  ---------------------------
    Total                                      5.751ns (2.663ns logic, 3.088ns route)
                                                       (46.3% logic, 53.7% route)

--------------------------------------------------------------------------------
Slack:                  4.224ns (requirement - (data path - clock path skew + uncertainty))
  Source:               measured_shell/kernel_cycle_counter_12 (FF)
  Destination:          fail (FF)
  Requirement:          10.000ns
  Data Path Delay:      5.734ns (Levels of Logic = 7)
  Clock Path Skew:      -0.007ns (0.316 - 0.323)
  Source Clock:         clk_100mhz_BUFGP rising at 0.000ns
  Destination Clock:    clk_100mhz_BUFGP rising at 10.000ns
  Clock Uncertainty:    0.035ns

  Clock Uncertainty:          0.035ns  ((TSJ^2 + TIJ^2)^1/2 + DJ) / 2 + PE
    Total System Jitter (TSJ):  0.070ns
    Total Input Jitter (TIJ):   0.000ns
    Discrete Jitter (DJ):       0.000ns
    Phase Error (PE):           0.000ns

  Maximum Data Path at Slow Process Corner: measured_shell/kernel_cycle_counter_12 to fail
    Location             Delay type         Delay(ns)  Physical Resource
                                                       Logical Resource(s)
    -------------------------------------------------  -------------------
    SLICE_X26Y40.AQ      Tcko                  0.525   measured_shell/kernel_cycle_counter<15>
                                                       measured_shell/kernel_cycle_counter_12
    SLICE_X24Y38.A1      net (fanout=3)        0.995   measured_shell/kernel_cycle_counter<12>
    SLICE_X24Y38.A       Tilo                  0.235   result_mismatch3
                                                       result_mismatch1
    SLICE_X27Y37.C3      net (fanout=1)        0.593   result_mismatch3
    SLICE_X27Y37.C       Tilo                  0.259   N18
                                                       result_mismatch4
    SLICE_X27Y37.D5      net (fanout=1)        0.234   result_mismatch6
    SLICE_X27Y37.D       Tilo                  0.259   N18
                                                       result_mismatch6_SW0
    SLICE_X24Y36.A3      net (fanout=1)        0.554   N18
    SLICE_X24Y36.A       Tilo                  0.235   measured_shell/core/route_valid
                                                       result_mismatch6
    SLICE_X24Y36.B6      net (fanout=1)        0.143   result_mismatch8
    SLICE_X24Y36.B       Tilo                  0.235   measured_shell/core/route_valid
                                                       result_mismatch10
    SLICE_X27Y36.C6      net (fanout=1)        0.347   result_mismatch12
    SLICE_X27Y36.C       Tilo                  0.259   pass
                                                       result_mismatch15
    SLICE_X27Y35.A4      net (fanout=2)        0.488   result_mismatch
    SLICE_X27Y35.CLK     Tas                   0.373   fail
                                                       fail_glue_set
                                                       fail
    -------------------------------------------------  ---------------------------
    Total                                      5.734ns (2.380ns logic, 3.354ns route)
                                                       (41.5% logic, 58.5% route)

--------------------------------------------------------------------------------
Slack:                  4.262ns (requirement - (data path - clock path skew + uncertainty))
  Source:               measured_shell/kernel_cycle_counter_13 (FF)
  Destination:          fail (FF)
  Requirement:          10.000ns
  Data Path Delay:      5.696ns (Levels of Logic = 7)
  Clock Path Skew:      -0.007ns (0.316 - 0.323)
  Source Clock:         clk_100mhz_BUFGP rising at 0.000ns
  Destination Clock:    clk_100mhz_BUFGP rising at 10.000ns
  Clock Uncertainty:    0.035ns

  Clock Uncertainty:          0.035ns  ((TSJ^2 + TIJ^2)^1/2 + DJ) / 2 + PE
    Total System Jitter (TSJ):  0.070ns
    Total Input Jitter (TIJ):   0.000ns
    Discrete Jitter (DJ):       0.000ns
    Phase Error (PE):           0.000ns

  Maximum Data Path at Slow Process Corner: measured_shell/kernel_cycle_counter_13 to fail
    Location             Delay type         Delay(ns)  Physical Resource
                                                       Logical Resource(s)
    -------------------------------------------------  -------------------
    SLICE_X26Y40.BQ      Tcko                  0.525   measured_shell/kernel_cycle_counter<15>
                                                       measured_shell/kernel_cycle_counter_13
    SLICE_X24Y38.A2      net (fanout=3)        0.957   measured_shell/kernel_cycle_counter<13>
    SLICE_X24Y38.A       Tilo                  0.235   result_mismatch3
                                                       result_mismatch1
    SLICE_X27Y37.C3      net (fanout=1)        0.593   result_mismatch3
    SLICE_X27Y37.C       Tilo                  0.259   N18
                                                       result_mismatch4
    SLICE_X27Y37.D5      net (fanout=1)        0.234   result_mismatch6
    SLICE_X27Y37.D       Tilo                  0.259   N18
                                                       result_mismatch6_SW0
    SLICE_X24Y36.A3      net (fanout=1)        0.554   N18
    SLICE_X24Y36.A       Tilo                  0.235   measured_shell/core/route_valid
                                                       result_mismatch6
    SLICE_X24Y36.B6      net (fanout=1)        0.143   result_mismatch8
    SLICE_X24Y36.B       Tilo                  0.235   measured_shell/core/route_valid
                                                       result_mismatch10
    SLICE_X27Y36.C6      net (fanout=1)        0.347   result_mismatch12
    SLICE_X27Y36.C       Tilo                  0.259   pass
                                                       result_mismatch15
    SLICE_X27Y35.A4      net (fanout=2)        0.488   result_mismatch
    SLICE_X27Y35.CLK     Tas                   0.373   fail
                                                       fail_glue_set
                                                       fail
    -------------------------------------------------  ---------------------------
    Total                                      5.696ns (2.380ns logic, 3.316ns route)
                                                       (41.8% logic, 58.2% route)

--------------------------------------------------------------------------------
Slack:                  4.327ns (requirement - (data path - clock path skew + uncertainty))
  Source:               measured_shell/kernel_cycle_counter_4 (FF)
  Destination:          fail (FF)
  Requirement:          10.000ns
  Data Path Delay:      5.634ns (Levels of Logic = 8)
  Clock Path Skew:      -0.004ns (0.193 - 0.197)
  Source Clock:         clk_100mhz_BUFGP rising at 0.000ns
  Destination Clock:    clk_100mhz_BUFGP rising at 10.000ns
  Clock Uncertainty:    0.035ns

  Clock Uncertainty:          0.035ns  ((TSJ^2 + TIJ^2)^1/2 + DJ) / 2 + PE
    Total System Jitter (TSJ):  0.070ns
    Total Input Jitter (TIJ):   0.000ns
    Discrete Jitter (DJ):       0.000ns
    Phase Error (PE):           0.000ns

  Maximum Data Path at Slow Process Corner: measured_shell/kernel_cycle_counter_4 to fail
    Location             Delay type         Delay(ns)  Physical Resource
                                                       Logical Resource(s)
    -------------------------------------------------  -------------------
    SLICE_X26Y38.AQ      Tcko                  0.525   measured_shell/kernel_cycle_counter<7>
                                                       measured_shell/kernel_cycle_counter_4
    SLICE_X27Y37.B5      net (fanout=4)        0.445   measured_shell/kernel_cycle_counter<4>
    SLICE_X27Y37.B       Tilo                  0.259   N18
                                                       result_mismatch2
    SLICE_X27Y37.A5      net (fanout=1)        0.230   result_mismatch4
    SLICE_X27Y37.A       Tilo                  0.259   N18
                                                       result_mismatch4_SW0
    SLICE_X27Y37.C2      net (fanout=1)        0.530   N20
    SLICE_X27Y37.C       Tilo                  0.259   N18
                                                       result_mismatch4
    SLICE_X27Y37.D5      net (fanout=1)        0.234   result_mismatch6
    SLICE_X27Y37.D       Tilo                  0.259   N18
                                                       result_mismatch6_SW0
    SLICE_X24Y36.A3      net (fanout=1)        0.554   N18
    SLICE_X24Y36.A       Tilo                  0.235   measured_shell/core/route_valid
                                                       result_mismatch6
    SLICE_X24Y36.B6      net (fanout=1)        0.143   result_mismatch8
    SLICE_X24Y36.B       Tilo                  0.235   measured_shell/core/route_valid
                                                       result_mismatch10
    SLICE_X27Y36.C6      net (fanout=1)        0.347   result_mismatch12
    SLICE_X27Y36.C       Tilo                  0.259   pass
                                                       result_mismatch15
    SLICE_X27Y35.A4      net (fanout=2)        0.488   result_mismatch
    SLICE_X27Y35.CLK     Tas                   0.373   fail
                                                       fail_glue_set
                                                       fail
    -------------------------------------------------  ---------------------------
    Total                                      5.634ns (2.663ns logic, 2.971ns route)
                                                       (47.3% logic, 52.7% route)

--------------------------------------------------------------------------------
Slack:                  4.417ns (requirement - (data path - clock path skew + uncertainty))
  Source:               test_id_2 (FF)
  Destination:          fail (FF)
  Requirement:          10.000ns
  Data Path Delay:      5.545ns (Levels of Logic = 6)
  Clock Path Skew:      -0.003ns (0.316 - 0.319)
  Source Clock:         clk_100mhz_BUFGP rising at 0.000ns
  Destination Clock:    clk_100mhz_BUFGP rising at 10.000ns
  Clock Uncertainty:    0.035ns

  Clock Uncertainty:          0.035ns  ((TSJ^2 + TIJ^2)^1/2 + DJ) / 2 + PE
    Total System Jitter (TSJ):  0.070ns
    Total Input Jitter (TIJ):   0.000ns
    Discrete Jitter (DJ):       0.000ns
    Phase Error (PE):           0.000ns

  Maximum Data Path at Slow Process Corner: test_id_2 to fail
    Location             Delay type         Delay(ns)  Physical Resource
                                                       Logical Resource(s)
    -------------------------------------------------  -------------------
    SLICE_X25Y38.DQ      Tcko                  0.430   test_id<2>
                                                       test_id_2
    SLICE_X22Y41.B3      net (fanout=12)       0.955   test_id<2>
    SLICE_X22Y41.B       Tilo                  0.254   measured_shell/core/h4_controller_i/done
                                                       Mram__n0135161
    SLICE_X27Y37.D2      net (fanout=6)        1.013   Mram__n013516
    SLICE_X27Y37.D       Tilo                  0.259   N18
                                                       result_mismatch6_SW0
    SLICE_X24Y36.A3      net (fanout=1)        0.554   N18
    SLICE_X24Y36.A       Tilo                  0.235   measured_shell/core/route_valid
                                                       result_mismatch6
    SLICE_X24Y36.B6      net (fanout=1)        0.143   result_mismatch8
    SLICE_X24Y36.B       Tilo                  0.235   measured_shell/core/route_valid
                                                       result_mismatch10
    SLICE_X27Y36.C6      net (fanout=1)        0.347   result_mismatch12
    SLICE_X27Y36.C       Tilo                  0.259   pass
                                                       result_mismatch15
    SLICE_X27Y35.A4      net (fanout=2)        0.488   result_mismatch
    SLICE_X27Y35.CLK     Tas                   0.373   fail
                                                       fail_glue_set
                                                       fail
    -------------------------------------------------  ---------------------------
    Total                                      5.545ns (2.045ns logic, 3.500ns route)
                                                       (36.9% logic, 63.1% route)

--------------------------------------------------------------------------------
Slack:                  4.450ns (requirement - (data path - clock path skew + uncertainty))
  Source:               measured_shell/core/invalid_request (FF)
  Destination:          fail (FF)
  Requirement:          10.000ns
  Data Path Delay:      5.516ns (Levels of Logic = 7)
  Clock Path Skew:      0.001ns (0.316 - 0.315)
  Source Clock:         clk_100mhz_BUFGP rising at 0.000ns
  Destination Clock:    clk_100mhz_BUFGP rising at 10.000ns
  Clock Uncertainty:    0.035ns

  Clock Uncertainty:          0.035ns  ((TSJ^2 + TIJ^2)^1/2 + DJ) / 2 + PE
    Total System Jitter (TSJ):  0.070ns
    Total Input Jitter (TIJ):   0.000ns
    Discrete Jitter (DJ):       0.000ns
    Phase Error (PE):           0.000ns

  Maximum Data Path at Slow Process Corner: measured_shell/core/invalid_request to fail
    Location             Delay type         Delay(ns)  Physical Resource
                                                       Logical Resource(s)
    -------------------------------------------------  -------------------
    SLICE_X22Y38.AMUX    Tshcko                0.576   measured_shell/measurement_active
                                                       measured_shell/core/invalid_request
    SLICE_X27Y37.A6      net (fanout=2)        0.765   measured_shell/core/invalid_request
    SLICE_X27Y37.A       Tilo                  0.259   N18
                                                       result_mismatch4_SW0
    SLICE_X27Y37.C2      net (fanout=1)        0.530   N20
    SLICE_X27Y37.C       Tilo                  0.259   N18
                                                       result_mismatch4
    SLICE_X27Y37.D5      net (fanout=1)        0.234   result_mismatch6
    SLICE_X27Y37.D       Tilo                  0.259   N18
                                                       result_mismatch6_SW0
    SLICE_X24Y36.A3      net (fanout=1)        0.554   N18
    SLICE_X24Y36.A       Tilo                  0.235   measured_shell/core/route_valid
                                                       result_mismatch6
    SLICE_X24Y36.B6      net (fanout=1)        0.143   result_mismatch8
    SLICE_X24Y36.B       Tilo                  0.235   measured_shell/core/route_valid
                                                       result_mismatch10
    SLICE_X27Y36.C6      net (fanout=1)        0.347   result_mismatch12
    SLICE_X27Y36.C       Tilo                  0.259   pass
                                                       result_mismatch15
    SLICE_X27Y35.A4      net (fanout=2)        0.488   result_mismatch
    SLICE_X27Y35.CLK     Tas                   0.373   fail
                                                       fail_glue_set
                                                       fail
    -------------------------------------------------  ---------------------------
    Total                                      5.516ns (2.455ns logic, 3.061ns route)
                                                       (44.5% logic, 55.5% route)

--------------------------------------------------------------------------------

Component Switching Limit Checks: TS_P5_B6_CLK = PERIOD TIMEGRP "P5_B6_CLK" 10 ns HIGH 50%;
--------------------------------------------------------------------------------
Slack: 7.334ns (period - min period limit)
  Period: 10.000ns
  Min period limit: 2.666ns (375.094MHz) (Tbcper_I)
  Physical resource: clk_100mhz_BUFGP/BUFG/I0
  Logical resource: clk_100mhz_BUFGP/BUFG/I0
  Location pin: BUFGMUX_X3Y13.I0
  Clock network: clk_100mhz_BUFGP/IBUFG
--------------------------------------------------------------------------------
Slack: 9.520ns (period - min period limit)
  Period: 10.000ns
  Min period limit: 0.480ns (2083.333MHz) (Tcp)
  Physical resource: measured_shell/kernel_cycle_counter<3>/CLK
  Logical resource: measured_shell/kernel_cycle_counter_0/CK
  Location pin: SLICE_X26Y37.CLK
  Clock network: clk_100mhz_BUFGP
--------------------------------------------------------------------------------
Slack: 9.520ns (period - min period limit)
  Period: 10.000ns
  Min period limit: 0.480ns (2083.333MHz) (Tcp)
  Physical resource: measured_shell/kernel_cycle_counter<3>/CLK
  Logical resource: measured_shell/kernel_cycle_counter_1/CK
  Location pin: SLICE_X26Y37.CLK
  Clock network: clk_100mhz_BUFGP
--------------------------------------------------------------------------------
Slack: 9.520ns (period - min period limit)
  Period: 10.000ns
  Min period limit: 0.480ns (2083.333MHz) (Tcp)
  Physical resource: measured_shell/kernel_cycle_counter<3>/CLK
  Logical resource: measured_shell/kernel_cycle_counter_2/CK
  Location pin: SLICE_X26Y37.CLK
  Clock network: clk_100mhz_BUFGP
--------------------------------------------------------------------------------
Slack: 9.520ns (period - min period limit)
  Period: 10.000ns
  Min period limit: 0.480ns (2083.333MHz) (Tcp)
  Physical resource: measured_shell/kernel_cycle_counter<3>/CLK
  Logical resource: measured_shell/kernel_cycle_counter_3/CK
  Location pin: SLICE_X26Y37.CLK
  Clock network: clk_100mhz_BUFGP
--------------------------------------------------------------------------------
Slack: 9.520ns (period - min period limit)
  Period: 10.000ns
  Min period limit: 0.480ns (2083.333MHz) (Tcp)
  Physical resource: measured_shell/kernel_cycle_counter<7>/CLK
  Logical resource: measured_shell/kernel_cycle_counter_4/CK
  Location pin: SLICE_X26Y38.CLK
  Clock network: clk_100mhz_BUFGP
--------------------------------------------------------------------------------
Slack: 9.520ns (period - min period limit)
  Period: 10.000ns
  Min period limit: 0.480ns (2083.333MHz) (Tcp)
  Physical resource: measured_shell/kernel_cycle_counter<7>/CLK
  Logical resource: measured_shell/kernel_cycle_counter_5/CK
  Location pin: SLICE_X26Y38.CLK
  Clock network: clk_100mhz_BUFGP
--------------------------------------------------------------------------------
Slack: 9.520ns (period - min period limit)
  Period: 10.000ns
  Min period limit: 0.480ns (2083.333MHz) (Tcp)
  Physical resource: measured_shell/kernel_cycle_counter<7>/CLK
  Logical resource: measured_shell/kernel_cycle_counter_6/CK
  Location pin: SLICE_X26Y38.CLK
  Clock network: clk_100mhz_BUFGP
--------------------------------------------------------------------------------
Slack: 9.520ns (period - min period limit)
  Period: 10.000ns
  Min period limit: 0.480ns (2083.333MHz) (Tcp)
  Physical resource: measured_shell/kernel_cycle_counter<7>/CLK
  Logical resource: measured_shell/kernel_cycle_counter_7/CK
  Location pin: SLICE_X26Y38.CLK
  Clock network: clk_100mhz_BUFGP
--------------------------------------------------------------------------------
Slack: 9.520ns (period - min period limit)
  Period: 10.000ns
  Min period limit: 0.480ns (2083.333MHz) (Tcp)
  Physical resource: measured_shell/kernel_cycle_counter<11>/CLK
  Logical resource: measured_shell/kernel_cycle_counter_8/CK
  Location pin: SLICE_X26Y39.CLK
  Clock network: clk_100mhz_BUFGP
--------------------------------------------------------------------------------

================================================================================
Timing constraint: Unconstrained OFFSET IN BEFORE analysis for clock 
"clk_100mhz_BUFGP" 

 331 paths analyzed, 331 endpoints analyzed, 0 failing endpoints
 0 timing errors detected.
 Minimum allowable offset is   8.798ns.
--------------------------------------------------------------------------------

Paths for end point heartbeat_3 (SLICE_X34Y11.SR), 1 path
--------------------------------------------------------------------------------
Offset:                 8.798ns (data path - clock path + uncertainty)
  Source:               btn_reset (PAD)
  Destination:          heartbeat_3 (FF)
  Destination Clock:    clk_100mhz_BUFGP rising at 0.000ns
  Data Path Delay:      12.060ns (Levels of Logic = 1)
  Clock Path Delay:     3.287ns (Levels of Logic = 2)
  Clock Uncertainty:    0.025ns

  Clock Uncertainty:          0.025ns  ((TSJ^2 + TIJ^2)^1/2 + DJ) / 2 + PE
    Total System Jitter (TSJ):  0.050ns
    Total Input Jitter (TIJ):   0.000ns
    Discrete Jitter (DJ):       0.000ns
    Phase Error (PE):           0.000ns

  Maximum Data Path at Slow Process Corner: btn_reset to heartbeat_3
    Location             Delay type         Delay(ns)  Physical Resource
                                                       Logical Resource(s)
    -------------------------------------------------  -------------------
    B8.I                 Tiopi                 1.557   btn_reset
                                                       btn_reset
                                                       btn_reset_IBUF
                                                       ProtoComp81.IMUX.1
    SLICE_X34Y11.SR      net (fanout=43)      10.033   btn_reset_IBUF
    SLICE_X34Y11.CLK     Tsrck                 0.470   heartbeat<3>
                                                       heartbeat_3
    -------------------------------------------------  ---------------------------
    Total                                     12.060ns (2.027ns logic, 10.033ns route)
                                                       (16.8% logic, 83.2% route)

  Minimum Clock Path at Slow Process Corner: clk_100mhz to heartbeat_3
    Location             Delay type         Delay(ns)  Physical Resource
                                                       Logical Resource(s)
    -------------------------------------------------  -------------------
    V10.I                Tiopi                 1.344   clk_100mhz
                                                       clk_100mhz
                                                       clk_100mhz_BUFGP/IBUFG
                                                       ProtoComp81.IMUX
    BUFGMUX_X3Y13.I0     net (fanout=1)        0.866   clk_100mhz_BUFGP/IBUFG
    BUFGMUX_X3Y13.O      Tgi0o                 0.197   clk_100mhz_BUFGP/BUFG
                                                       clk_100mhz_BUFGP/BUFG
    SLICE_X34Y11.CLK     net (fanout=93)       0.880   clk_100mhz_BUFGP
    -------------------------------------------------  ---------------------------
    Total                                      3.287ns (1.541ns logic, 1.746ns route)
                                                       (46.9% logic, 53.1% route)

--------------------------------------------------------------------------------

Paths for end point heartbeat_2 (SLICE_X34Y11.SR), 1 path
--------------------------------------------------------------------------------
Offset:                 8.789ns (data path - clock path + uncertainty)
  Source:               btn_reset (PAD)
  Destination:          heartbeat_2 (FF)
  Destination Clock:    clk_100mhz_BUFGP rising at 0.000ns
  Data Path Delay:      12.051ns (Levels of Logic = 1)
  Clock Path Delay:     3.287ns (Levels of Logic = 2)
  Clock Uncertainty:    0.025ns

  Clock Uncertainty:          0.025ns  ((TSJ^2 + TIJ^2)^1/2 + DJ) / 2 + PE
    Total System Jitter (TSJ):  0.050ns
    Total Input Jitter (TIJ):   0.000ns
    Discrete Jitter (DJ):       0.000ns
    Phase Error (PE):           0.000ns

  Maximum Data Path at Slow Process Corner: btn_reset to heartbeat_2
    Location             Delay type         Delay(ns)  Physical Resource
                                                       Logical Resource(s)
    -------------------------------------------------  -------------------
    B8.I                 Tiopi                 1.557   btn_reset
                                                       btn_reset
                                                       btn_reset_IBUF
                                                       ProtoComp81.IMUX.1
    SLICE_X34Y11.SR      net (fanout=43)      10.033   btn_reset_IBUF
    SLICE_X34Y11.CLK     Tsrck                 0.461   heartbeat<3>
                                                       heartbeat_2
    -------------------------------------------------  ---------------------------
    Total                                     12.051ns (2.018ns logic, 10.033ns route)
                                                       (16.7% logic, 83.3% route)

  Minimum Clock Path at Slow Process Corner: clk_100mhz to heartbeat_2
    Location             Delay type         Delay(ns)  Physical Resource
                                                       Logical Resource(s)
    -------------------------------------------------  -------------------
    V10.I                Tiopi                 1.344   clk_100mhz
                                                       clk_100mhz
                                                       clk_100mhz_BUFGP/IBUFG
                                                       ProtoComp81.IMUX
    BUFGMUX_X3Y13.I0     net (fanout=1)        0.866   clk_100mhz_BUFGP/IBUFG
    BUFGMUX_X3Y13.O      Tgi0o                 0.197   clk_100mhz_BUFGP/BUFG
                                                       clk_100mhz_BUFGP/BUFG
    SLICE_X34Y11.CLK     net (fanout=93)       0.880   clk_100mhz_BUFGP
    -------------------------------------------------  ---------------------------
    Total                                      3.287ns (1.541ns logic, 1.746ns route)
                                                       (46.9% logic, 53.1% route)

--------------------------------------------------------------------------------

Paths for end point heartbeat_1 (SLICE_X34Y11.SR), 1 path
--------------------------------------------------------------------------------
Offset:                 8.778ns (data path - clock path + uncertainty)
  Source:               btn_reset (PAD)
  Destination:          heartbeat_1 (FF)
  Destination Clock:    clk_100mhz_BUFGP rising at 0.000ns
  Data Path Delay:      12.040ns (Levels of Logic = 1)
  Clock Path Delay:     3.287ns (Levels of Logic = 2)
  Clock Uncertainty:    0.025ns

  Clock Uncertainty:          0.025ns  ((TSJ^2 + TIJ^2)^1/2 + DJ) / 2 + PE
    Total System Jitter (TSJ):  0.050ns
    Total Input Jitter (TIJ):   0.000ns
    Discrete Jitter (DJ):       0.000ns
    Phase Error (PE):           0.000ns

  Maximum Data Path at Slow Process Corner: btn_reset to heartbeat_1
    Location             Delay type         Delay(ns)  Physical Resource
                                                       Logical Resource(s)
    -------------------------------------------------  -------------------
    B8.I                 Tiopi                 1.557   btn_reset
                                                       btn_reset
                                                       btn_reset_IBUF
                                                       ProtoComp81.IMUX.1
    SLICE_X34Y11.SR      net (fanout=43)      10.033   btn_reset_IBUF
    SLICE_X34Y11.CLK     Tsrck                 0.450   heartbeat<3>
                                                       heartbeat_1
    -------------------------------------------------  ---------------------------
    Total                                     12.040ns (2.007ns logic, 10.033ns route)
                                                       (16.7% logic, 83.3% route)

  Minimum Clock Path at Slow Process Corner: clk_100mhz to heartbeat_1
    Location             Delay type         Delay(ns)  Physical Resource
                                                       Logical Resource(s)
    -------------------------------------------------  -------------------
    V10.I                Tiopi                 1.344   clk_100mhz
                                                       clk_100mhz
                                                       clk_100mhz_BUFGP/IBUFG
                                                       ProtoComp81.IMUX
    BUFGMUX_X3Y13.I0     net (fanout=1)        0.866   clk_100mhz_BUFGP/IBUFG
    BUFGMUX_X3Y13.O      Tgi0o                 0.197   clk_100mhz_BUFGP/BUFG
                                                       clk_100mhz_BUFGP/BUFG
    SLICE_X34Y11.CLK     net (fanout=93)       0.880   clk_100mhz_BUFGP
    -------------------------------------------------  ---------------------------
    Total                                      3.287ns (1.541ns logic, 1.746ns route)
                                                       (46.9% logic, 53.1% route)

--------------------------------------------------------------------------------

Paths for end point heartbeat_0 (SLICE_X34Y11.SR), 1 path
--------------------------------------------------------------------------------
Offset:                 8.756ns (data path - clock path + uncertainty)
  Source:               btn_reset (PAD)
  Destination:          heartbeat_0 (FF)
  Destination Clock:    clk_100mhz_BUFGP rising at 0.000ns
  Data Path Delay:      12.018ns (Levels of Logic = 1)
  Clock Path Delay:     3.287ns (Levels of Logic = 2)
  Clock Uncertainty:    0.025ns

  Clock Uncertainty:          0.025ns  ((TSJ^2 + TIJ^2)^1/2 + DJ) / 2 + PE
    Total System Jitter (TSJ):  0.050ns
    Total Input Jitter (TIJ):   0.000ns
    Discrete Jitter (DJ):       0.000ns
    Phase Error (PE):           0.000ns

  Maximum Data Path at Slow Process Corner: btn_reset to heartbeat_0
    Location             Delay type         Delay(ns)  Physical Resource
                                                       Logical Resource(s)
    -------------------------------------------------  -------------------
    B8.I                 Tiopi                 1.557   btn_reset
                                                       btn_reset
                                                       btn_reset_IBUF
                                                       ProtoComp81.IMUX.1
    SLICE_X34Y11.SR      net (fanout=43)      10.033   btn_reset_IBUF
    SLICE_X34Y11.CLK     Tsrck                 0.428   heartbeat<3>
                                                       heartbeat_0
    -------------------------------------------------  ---------------------------
    Total                                     12.018ns (1.985ns logic, 10.033ns route)
                                                       (16.5% logic, 83.5% route)

  Minimum Clock Path at Slow Process Corner: clk_100mhz to heartbeat_0
    Location             Delay type         Delay(ns)  Physical Resource
                                                       Logical Resource(s)
    -------------------------------------------------  -------------------
    V10.I                Tiopi                 1.344   clk_100mhz
                                                       clk_100mhz
                                                       clk_100mhz_BUFGP/IBUFG
                                                       ProtoComp81.IMUX
    BUFGMUX_X3Y13.I0     net (fanout=1)        0.866   clk_100mhz_BUFGP/IBUFG
    BUFGMUX_X3Y13.O      Tgi0o                 0.197   clk_100mhz_BUFGP/BUFG
                                                       clk_100mhz_BUFGP/BUFG
    SLICE_X34Y11.CLK     net (fanout=93)       0.880   clk_100mhz_BUFGP
    -------------------------------------------------  ---------------------------
    Total                                      3.287ns (1.541ns logic, 1.746ns route)
                                                       (46.9% logic, 53.1% route)

--------------------------------------------------------------------------------

Paths for end point heartbeat_7 (SLICE_X34Y12.SR), 1 path
--------------------------------------------------------------------------------
Offset:                 8.613ns (data path - clock path + uncertainty)
  Source:               btn_reset (PAD)
  Destination:          heartbeat_7 (FF)
  Destination Clock:    clk_100mhz_BUFGP rising at 0.000ns
  Data Path Delay:      11.877ns (Levels of Logic = 1)
  Clock Path Delay:     3.289ns (Levels of Logic = 2)
  Clock Uncertainty:    0.025ns

  Clock Uncertainty:          0.025ns  ((TSJ^2 + TIJ^2)^1/2 + DJ) / 2 + PE
    Total System Jitter (TSJ):  0.050ns
    Total Input Jitter (TIJ):   0.000ns
    Discrete Jitter (DJ):       0.000ns
    Phase Error (PE):           0.000ns

  Maximum Data Path at Slow Process Corner: btn_reset to heartbeat_7
    Location             Delay type         Delay(ns)  Physical Resource
                                                       Logical Resource(s)
    -------------------------------------------------  -------------------
    B8.I                 Tiopi                 1.557   btn_reset
                                                       btn_reset
                                                       btn_reset_IBUF
                                                       ProtoComp81.IMUX.1
    SLICE_X34Y12.SR      net (fanout=43)       9.850   btn_reset_IBUF
    SLICE_X34Y12.CLK     Tsrck                 0.470   heartbeat<7>
                                                       heartbeat_7
    -------------------------------------------------  ---------------------------
    Total                                     11.877ns (2.027ns logic, 9.850ns route)
                                                       (17.1% logic, 82.9% route)

  Minimum Clock Path at Slow Process Corner: clk_100mhz to heartbeat_7
    Location             Delay type         Delay(ns)  Physical Resource
                                                       Logical Resource(s)
    -------------------------------------------------  -------------------
    V10.I                Tiopi                 1.344   clk_100mhz
                                                       clk_100mhz
                                                       clk_100mhz_BUFGP/IBUFG
                                                       ProtoComp81.IMUX
    BUFGMUX_X3Y13.I0     net (fanout=1)        0.866   clk_100mhz_BUFGP/IBUFG
    BUFGMUX_X3Y13.O      Tgi0o                 0.197   clk_100mhz_BUFGP/BUFG
                                                       clk_100mhz_BUFGP/BUFG
    SLICE_X34Y12.CLK     net (fanout=93)       0.882   clk_100mhz_BUFGP
    -------------------------------------------------  ---------------------------
    Total                                      3.289ns (1.541ns logic, 1.748ns route)
                                                       (46.9% logic, 53.1% route)

--------------------------------------------------------------------------------

Paths for end point heartbeat_6 (SLICE_X34Y12.SR), 1 path
--------------------------------------------------------------------------------
Offset:                 8.604ns (data path - clock path + uncertainty)
  Source:               btn_reset (PAD)
  Destination:          heartbeat_6 (FF)
  Destination Clock:    clk_100mhz_BUFGP rising at 0.000ns
  Data Path Delay:      11.868ns (Levels of Logic = 1)
  Clock Path Delay:     3.289ns (Levels of Logic = 2)
  Clock Uncertainty:    0.025ns

  Clock Uncertainty:          0.025ns  ((TSJ^2 + TIJ^2)^1/2 + DJ) / 2 + PE
    Total System Jitter (TSJ):  0.050ns
    Total Input Jitter (TIJ):   0.000ns
    Discrete Jitter (DJ):       0.000ns
    Phase Error (PE):           0.000ns

  Maximum Data Path at Slow Process Corner: btn_reset to heartbeat_6
    Location             Delay type         Delay(ns)  Physical Resource
                                                       Logical Resource(s)
    -------------------------------------------------  -------------------
    B8.I                 Tiopi                 1.557   btn_reset
                                                       btn_reset
                                                       btn_reset_IBUF
                                                       ProtoComp81.IMUX.1
    SLICE_X34Y12.SR      net (fanout=43)       9.850   btn_reset_IBUF
    SLICE_X34Y12.CLK     Tsrck                 0.461   heartbeat<7>
                                                       heartbeat_6
    -------------------------------------------------  ---------------------------
    Total                                     11.868ns (2.018ns logic, 9.850ns route)
                                                       (17.0% logic, 83.0% route)

  Minimum Clock Path at Slow Process Corner: clk_100mhz to heartbeat_6
    Location             Delay type         Delay(ns)  Physical Resource
                                                       Logical Resource(s)
    -------------------------------------------------  -------------------
    V10.I                Tiopi                 1.344   clk_100mhz
                                                       clk_100mhz
                                                       clk_100mhz_BUFGP/IBUFG
                                                       ProtoComp81.IMUX
    BUFGMUX_X3Y13.I0     net (fanout=1)        0.866   clk_100mhz_BUFGP/IBUFG
    BUFGMUX_X3Y13.O      Tgi0o                 0.197   clk_100mhz_BUFGP/BUFG
                                                       clk_100mhz_BUFGP/BUFG
    SLICE_X34Y12.CLK     net (fanout=93)       0.882   clk_100mhz_BUFGP
    -------------------------------------------------  ---------------------------
    Total                                      3.289ns (1.541ns logic, 1.748ns route)
                                                       (46.9% logic, 53.1% route)

--------------------------------------------------------------------------------

Paths for end point heartbeat_5 (SLICE_X34Y12.SR), 1 path
--------------------------------------------------------------------------------
Offset:                 8.593ns (data path - clock path + uncertainty)
  Source:               btn_reset (PAD)
  Destination:          heartbeat_5 (FF)
  Destination Clock:    clk_100mhz_BUFGP rising at 0.000ns
  Data Path Delay:      11.857ns (Levels of Logic = 1)
  Clock Path Delay:     3.289ns (Levels of Logic = 2)
  Clock Uncertainty:    0.025ns

  Clock Uncertainty:          0.025ns  ((TSJ^2 + TIJ^2)^1/2 + DJ) / 2 + PE
    Total System Jitter (TSJ):  0.050ns
    Total Input Jitter (TIJ):   0.000ns
    Discrete Jitter (DJ):       0.000ns
    Phase Error (PE):           0.000ns

  Maximum Data Path at Slow Process Corner: btn_reset to heartbeat_5
    Location             Delay type         Delay(ns)  Physical Resource
                                                       Logical Resource(s)
    -------------------------------------------------  -------------------
    B8.I                 Tiopi                 1.557   btn_reset
                                                       btn_reset
                                                       btn_reset_IBUF
                                                       ProtoComp81.IMUX.1
    SLICE_X34Y12.SR      net (fanout=43)       9.850   btn_reset_IBUF
    SLICE_X34Y12.CLK     Tsrck                 0.450   heartbeat<7>
                                                       heartbeat_5
    -------------------------------------------------  ---------------------------
    Total                                     11.857ns (2.007ns logic, 9.850ns route)
                                                       (16.9% logic, 83.1% route)

  Minimum Clock Path at Slow Process Corner: clk_100mhz to heartbeat_5
    Location             Delay type         Delay(ns)  Physical Resource
                                                       Logical Resource(s)
    -------------------------------------------------  -------------------
    V10.I                Tiopi                 1.344   clk_100mhz
                                                       clk_100mhz
                                                       clk_100mhz_BUFGP/IBUFG
                                                       ProtoComp81.IMUX
    BUFGMUX_X3Y13.I0     net (fanout=1)        0.866   clk_100mhz_BUFGP/IBUFG
    BUFGMUX_X3Y13.O      Tgi0o                 0.197   clk_100mhz_BUFGP/BUFG
                                                       clk_100mhz_BUFGP/BUFG
    SLICE_X34Y12.CLK     net (fanout=93)       0.882   clk_100mhz_BUFGP
    -------------------------------------------------  ---------------------------
    Total                                      3.289ns (1.541ns logic, 1.748ns route)
                                                       (46.9% logic, 53.1% route)

--------------------------------------------------------------------------------

Paths for end point heartbeat_4 (SLICE_X34Y12.SR), 1 path
--------------------------------------------------------------------------------
Offset:                 8.571ns (data path - clock path + uncertainty)
  Source:               btn_reset (PAD)
  Destination:          heartbeat_4 (FF)
  Destination Clock:    clk_100mhz_BUFGP rising at 0.000ns
  Data Path Delay:      11.835ns (Levels of Logic = 1)
  Clock Path Delay:     3.289ns (Levels of Logic = 2)
  Clock Uncertainty:    0.025ns

  Clock Uncertainty:          0.025ns  ((TSJ^2 + TIJ^2)^1/2 + DJ) / 2 + PE
    Total System Jitter (TSJ):  0.050ns
    Total Input Jitter (TIJ):   0.000ns
    Discrete Jitter (DJ):       0.000ns
    Phase Error (PE):           0.000ns

  Maximum Data Path at Slow Process Corner: btn_reset to heartbeat_4
    Location             Delay type         Delay(ns)  Physical Resource
                                                       Logical Resource(s)
    -------------------------------------------------  -------------------
    B8.I                 Tiopi                 1.557   btn_reset
                                                       btn_reset
                                                       btn_reset_IBUF
                                                       ProtoComp81.IMUX.1
    SLICE_X34Y12.SR      net (fanout=43)       9.850   btn_reset_IBUF
    SLICE_X34Y12.CLK     Tsrck                 0.428   heartbeat<7>
                                                       heartbeat_4
    -------------------------------------------------  ---------------------------
    Total                                     11.835ns (1.985ns logic, 9.850ns route)
                                                       (16.8% logic, 83.2% route)

  Minimum Clock Path at Slow Process Corner: clk_100mhz to heartbeat_4
    Location             Delay type         Delay(ns)  Physical Resource
                                                       Logical Resource(s)
    -------------------------------------------------  -------------------
    V10.I                Tiopi                 1.344   clk_100mhz
                                                       clk_100mhz
                                                       clk_100mhz_BUFGP/IBUFG
                                                       ProtoComp81.IMUX
    BUFGMUX_X3Y13.I0     net (fanout=1)        0.866   clk_100mhz_BUFGP/IBUFG
    BUFGMUX_X3Y13.O      Tgi0o                 0.197   clk_100mhz_BUFGP/BUFG
                                                       clk_100mhz_BUFGP/BUFG
    SLICE_X34Y12.CLK     net (fanout=93)       0.882   clk_100mhz_BUFGP
    -------------------------------------------------  ---------------------------
    Total                                      3.289ns (1.541ns logic, 1.748ns route)
                                                       (46.9% logic, 53.1% route)

--------------------------------------------------------------------------------

Paths for end point heartbeat_11 (SLICE_X34Y13.SR), 1 path
--------------------------------------------------------------------------------
Offset:                 8.421ns (data path - clock path + uncertainty)
  Source:               btn_reset (PAD)
  Destination:          heartbeat_11 (FF)
  Destination Clock:    clk_100mhz_BUFGP rising at 0.000ns
  Data Path Delay:      11.687ns (Levels of Logic = 1)
  Clock Path Delay:     3.291ns (Levels of Logic = 2)
  Clock Uncertainty:    0.025ns

  Clock Uncertainty:          0.025ns  ((TSJ^2 + TIJ^2)^1/2 + DJ) / 2 + PE
    Total System Jitter (TSJ):  0.050ns
    Total Input Jitter (TIJ):   0.000ns
    Discrete Jitter (DJ):       0.000ns
    Phase Error (PE):           0.000ns

  Maximum Data Path at Slow Process Corner: btn_reset to heartbeat_11
    Location             Delay type         Delay(ns)  Physical Resource
                                                       Logical Resource(s)
    -------------------------------------------------  -------------------
    B8.I                 Tiopi                 1.557   btn_reset
                                                       btn_reset
                                                       btn_reset_IBUF
                                                       ProtoComp81.IMUX.1
    SLICE_X34Y13.SR      net (fanout=43)       9.660   btn_reset_IBUF
    SLICE_X34Y13.CLK     Tsrck                 0.470   heartbeat<11>
                                                       heartbeat_11
    -------------------------------------------------  ---------------------------
    Total                                     11.687ns (2.027ns logic, 9.660ns route)
                                                       (17.3% logic, 82.7% route)

  Minimum Clock Path at Slow Process Corner: clk_100mhz to heartbeat_11
    Location             Delay type         Delay(ns)  Physical Resource
                                                       Logical Resource(s)
    -------------------------------------------------  -------------------
    V10.I                Tiopi                 1.344   clk_100mhz
                                                       clk_100mhz
                                                       clk_100mhz_BUFGP/IBUFG
                                                       ProtoComp81.IMUX
    BUFGMUX_X3Y13.I0     net (fanout=1)        0.866   clk_100mhz_BUFGP/IBUFG
    BUFGMUX_X3Y13.O      Tgi0o                 0.197   clk_100mhz_BUFGP/BUFG
                                                       clk_100mhz_BUFGP/BUFG
    SLICE_X34Y13.CLK     net (fanout=93)       0.884   clk_100mhz_BUFGP
    -------------------------------------------------  ---------------------------
    Total                                      3.291ns (1.541ns logic, 1.750ns route)
                                                       (46.8% logic, 53.2% route)

--------------------------------------------------------------------------------

Paths for end point heartbeat_10 (SLICE_X34Y13.SR), 1 path
--------------------------------------------------------------------------------
Offset:                 8.412ns (data path - clock path + uncertainty)
  Source:               btn_reset (PAD)
  Destination:          heartbeat_10 (FF)
  Destination Clock:    clk_100mhz_BUFGP rising at 0.000ns
  Data Path Delay:      11.678ns (Levels of Logic = 1)
  Clock Path Delay:     3.291ns (Levels of Logic = 2)
  Clock Uncertainty:    0.025ns

  Clock Uncertainty:          0.025ns  ((TSJ^2 + TIJ^2)^1/2 + DJ) / 2 + PE
    Total System Jitter (TSJ):  0.050ns
    Total Input Jitter (TIJ):   0.000ns
    Discrete Jitter (DJ):       0.000ns
    Phase Error (PE):           0.000ns

  Maximum Data Path at Slow Process Corner: btn_reset to heartbeat_10
    Location             Delay type         Delay(ns)  Physical Resource
                                                       Logical Resource(s)
    -------------------------------------------------  -------------------
    B8.I                 Tiopi                 1.557   btn_reset
                                                       btn_reset
                                                       btn_reset_IBUF
                                                       ProtoComp81.IMUX.1
    SLICE_X34Y13.SR      net (fanout=43)       9.660   btn_reset_IBUF
    SLICE_X34Y13.CLK     Tsrck                 0.461   heartbeat<11>
                                                       heartbeat_10
    -------------------------------------------------  ---------------------------
    Total                                     11.678ns (2.018ns logic, 9.660ns route)
                                                       (17.3% logic, 82.7% route)

  Minimum Clock Path at Slow Process Corner: clk_100mhz to heartbeat_10
    Location             Delay type         Delay(ns)  Physical Resource
                                                       Logical Resource(s)
    -------------------------------------------------  -------------------
    V10.I                Tiopi                 1.344   clk_100mhz
                                                       clk_100mhz
                                                       clk_100mhz_BUFGP/IBUFG
                                                       ProtoComp81.IMUX
    BUFGMUX_X3Y13.I0     net (fanout=1)        0.866   clk_100mhz_BUFGP/IBUFG
    BUFGMUX_X3Y13.O      Tgi0o                 0.197   clk_100mhz_BUFGP/BUFG
                                                       clk_100mhz_BUFGP/BUFG
    SLICE_X34Y13.CLK     net (fanout=93)       0.884   clk_100mhz_BUFGP
    -------------------------------------------------  ---------------------------
    Total                                      3.291ns (1.541ns logic, 1.750ns route)
                                                       (46.8% logic, 53.2% route)

--------------------------------------------------------------------------------

================================================================================
Timing constraint: Unconstrained OFFSET OUT AFTER analysis for clock 
"clk_100mhz_BUFGP" 

 21 paths analyzed, 14 endpoints analyzed, 0 failing endpoints
 0 timing errors detected.
 Maximum allowable offset is  13.381ns.
--------------------------------------------------------------------------------

Paths for end point seg_n<5> (N14.PAD), 2 paths
--------------------------------------------------------------------------------
Offset:                 13.381ns (clock path + data path + uncertainty)
  Source:               heartbeat_16 (FF)
  Destination:          seg_n<5> (PAD)
  Source Clock:         clk_100mhz_BUFGP rising at 0.000ns
  Data Path Delay:      9.405ns (Levels of Logic = 2)
  Clock Path Delay:     3.951ns (Levels of Logic = 2)
  Clock Uncertainty:    0.025ns

  Clock Uncertainty:          0.025ns  ((TSJ^2 + TIJ^2)^1/2 + DJ) / 2 + PE
    Total System Jitter (TSJ):  0.050ns
    Total Input Jitter (TIJ):   0.000ns
    Discrete Jitter (DJ):       0.000ns
    Phase Error (PE):           0.000ns

  Maximum Clock Path at Slow Process Corner: clk_100mhz to heartbeat_16
    Location             Delay type         Delay(ns)  Physical Resource
                                                       Logical Resource(s)
    -------------------------------------------------  -------------------
    V10.I                Tiopi                 1.557   clk_100mhz
                                                       clk_100mhz
                                                       clk_100mhz_BUFGP/IBUFG
                                                       ProtoComp81.IMUX
    BUFGMUX_X3Y13.I0     net (fanout=1)        1.050   clk_100mhz_BUFGP/IBUFG
    BUFGMUX_X3Y13.O      Tgi0o                 0.209   clk_100mhz_BUFGP/BUFG
                                                       clk_100mhz_BUFGP/BUFG
    SLICE_X34Y15.CLK     net (fanout=93)       1.135   clk_100mhz_BUFGP
    -------------------------------------------------  ---------------------------
    Total                                      3.951ns (1.766ns logic, 2.185ns route)
                                                       (44.7% logic, 55.3% route)

  Maximum Data Path at Slow Process Corner: heartbeat_16 to seg_n<5>
    Location             Delay type         Delay(ns)  Physical Resource
                                                       Logical Resource(s)
    -------------------------------------------------  -------------------
    SLICE_X34Y15.AQ      Tcko                  0.525   heartbeat<19>
                                                       heartbeat_16
    SLICE_X23Y22.D3      net (fanout=5)        1.766   heartbeat<16>
    SLICE_X23Y22.D       Tilo                  0.259   measured_shell/core/evaluator_i/remainder_trial<3>
                                                       seg_n<4>1
    N14.O                net (fanout=3)        4.133   seg_n_4_OBUF
    N14.PAD              Tioop                 2.722   seg_n<5>
                                                       seg_n_5_OBUF
                                                       seg_n<5>
    -------------------------------------------------  ---------------------------
    Total                                      9.405ns (3.506ns logic, 5.899ns route)
                                                       (37.3% logic, 62.7% route)

--------------------------------------------------------------------------------
Offset:                 13.236ns (clock path + data path + uncertainty)
  Source:               heartbeat_17 (FF)
  Destination:          seg_n<5> (PAD)
  Source Clock:         clk_100mhz_BUFGP rising at 0.000ns
  Data Path Delay:      9.260ns (Levels of Logic = 2)
  Clock Path Delay:     3.951ns (Levels of Logic = 2)
  Clock Uncertainty:    0.025ns

  Clock Uncertainty:          0.025ns  ((TSJ^2 + TIJ^2)^1/2 + DJ) / 2 + PE
    Total System Jitter (TSJ):  0.050ns
    Total Input Jitter (TIJ):   0.000ns
    Discrete Jitter (DJ):       0.000ns
    Phase Error (PE):           0.000ns

  Maximum Clock Path at Slow Process Corner: clk_100mhz to heartbeat_17
    Location             Delay type         Delay(ns)  Physical Resource
                                                       Logical Resource(s)
    -------------------------------------------------  -------------------
    V10.I                Tiopi                 1.557   clk_100mhz
                                                       clk_100mhz
                                                       clk_100mhz_BUFGP/IBUFG
                                                       ProtoComp81.IMUX
    BUFGMUX_X3Y13.I0     net (fanout=1)        1.050   clk_100mhz_BUFGP/IBUFG
    BUFGMUX_X3Y13.O      Tgi0o                 0.209   clk_100mhz_BUFGP/BUFG
                                                       clk_100mhz_BUFGP/BUFG
    SLICE_X34Y15.CLK     net (fanout=93)       1.135   clk_100mhz_BUFGP
    -------------------------------------------------  ---------------------------
    Total                                      3.951ns (1.766ns logic, 2.185ns route)
                                                       (44.7% logic, 55.3% route)

  Maximum Data Path at Slow Process Corner: heartbeat_17 to seg_n<5>
    Location             Delay type         Delay(ns)  Physical Resource
                                                       Logical Resource(s)
    -------------------------------------------------  -------------------
    SLICE_X34Y15.BQ      Tcko                  0.525   heartbeat<19>
                                                       heartbeat_17
    SLICE_X23Y22.D5      net (fanout=6)        1.621   heartbeat<17>
    SLICE_X23Y22.D       Tilo                  0.259   measured_shell/core/evaluator_i/remainder_trial<3>
                                                       seg_n<4>1
    N14.O                net (fanout=3)        4.133   seg_n_4_OBUF
    N14.PAD              Tioop                 2.722   seg_n<5>
                                                       seg_n_5_OBUF
                                                       seg_n<5>
    -------------------------------------------------  ---------------------------
    Total                                      9.260ns (3.506ns logic, 5.754ns route)
                                                       (37.9% logic, 62.1% route)

--------------------------------------------------------------------------------

Paths for end point seg_n<4> (M14.PAD), 2 paths
--------------------------------------------------------------------------------
Offset:                 13.199ns (clock path + data path + uncertainty)
  Source:               heartbeat_16 (FF)
  Destination:          seg_n<4> (PAD)
  Source Clock:         clk_100mhz_BUFGP rising at 0.000ns
  Data Path Delay:      9.223ns (Levels of Logic = 2)
  Clock Path Delay:     3.951ns (Levels of Logic = 2)
  Clock Uncertainty:    0.025ns

  Clock Uncertainty:          0.025ns  ((TSJ^2 + TIJ^2)^1/2 + DJ) / 2 + PE
    Total System Jitter (TSJ):  0.050ns
    Total Input Jitter (TIJ):   0.000ns
    Discrete Jitter (DJ):       0.000ns
    Phase Error (PE):           0.000ns

  Maximum Clock Path at Slow Process Corner: clk_100mhz to heartbeat_16
    Location             Delay type         Delay(ns)  Physical Resource
                                                       Logical Resource(s)
    -------------------------------------------------  -------------------
    V10.I                Tiopi                 1.557   clk_100mhz
                                                       clk_100mhz
                                                       clk_100mhz_BUFGP/IBUFG
                                                       ProtoComp81.IMUX
    BUFGMUX_X3Y13.I0     net (fanout=1)        1.050   clk_100mhz_BUFGP/IBUFG
    BUFGMUX_X3Y13.O      Tgi0o                 0.209   clk_100mhz_BUFGP/BUFG
                                                       clk_100mhz_BUFGP/BUFG
    SLICE_X34Y15.CLK     net (fanout=93)       1.135   clk_100mhz_BUFGP
    -------------------------------------------------  ---------------------------
    Total                                      3.951ns (1.766ns logic, 2.185ns route)
                                                       (44.7% logic, 55.3% route)

  Maximum Data Path at Slow Process Corner: heartbeat_16 to seg_n<4>
    Location             Delay type         Delay(ns)  Physical Resource
                                                       Logical Resource(s)
    -------------------------------------------------  -------------------
    SLICE_X34Y15.AQ      Tcko                  0.525   heartbeat<19>
                                                       heartbeat_16
    SLICE_X23Y22.D3      net (fanout=5)        1.766   heartbeat<16>
    SLICE_X23Y22.D       Tilo                  0.259   measured_shell/core/evaluator_i/remainder_trial<3>
                                                       seg_n<4>1
    M14.O                net (fanout=3)        3.951   seg_n_4_OBUF
    M14.PAD              Tioop                 2.722   seg_n<4>
                                                       seg_n_4_OBUF
                                                       seg_n<4>
    -------------------------------------------------  ---------------------------
    Total                                      9.223ns (3.506ns logic, 5.717ns route)
                                                       (38.0% logic, 62.0% route)

--------------------------------------------------------------------------------
Offset:                 13.054ns (clock path + data path + uncertainty)
  Source:               heartbeat_17 (FF)
  Destination:          seg_n<4> (PAD)
  Source Clock:         clk_100mhz_BUFGP rising at 0.000ns
  Data Path Delay:      9.078ns (Levels of Logic = 2)
  Clock Path Delay:     3.951ns (Levels of Logic = 2)
  Clock Uncertainty:    0.025ns

  Clock Uncertainty:          0.025ns  ((TSJ^2 + TIJ^2)^1/2 + DJ) / 2 + PE
    Total System Jitter (TSJ):  0.050ns
    Total Input Jitter (TIJ):   0.000ns
    Discrete Jitter (DJ):       0.000ns
    Phase Error (PE):           0.000ns

  Maximum Clock Path at Slow Process Corner: clk_100mhz to heartbeat_17
    Location             Delay type         Delay(ns)  Physical Resource
                                                       Logical Resource(s)
    -------------------------------------------------  -------------------
    V10.I                Tiopi                 1.557   clk_100mhz
                                                       clk_100mhz
                                                       clk_100mhz_BUFGP/IBUFG
                                                       ProtoComp81.IMUX
    BUFGMUX_X3Y13.I0     net (fanout=1)        1.050   clk_100mhz_BUFGP/IBUFG
    BUFGMUX_X3Y13.O      Tgi0o                 0.209   clk_100mhz_BUFGP/BUFG
                                                       clk_100mhz_BUFGP/BUFG
    SLICE_X34Y15.CLK     net (fanout=93)       1.135   clk_100mhz_BUFGP
    -------------------------------------------------  ---------------------------
    Total                                      3.951ns (1.766ns logic, 2.185ns route)
                                                       (44.7% logic, 55.3% route)

  Maximum Data Path at Slow Process Corner: heartbeat_17 to seg_n<4>
    Location             Delay type         Delay(ns)  Physical Resource
                                                       Logical Resource(s)
    -------------------------------------------------  -------------------
    SLICE_X34Y15.BQ      Tcko                  0.525   heartbeat<19>
                                                       heartbeat_17
    SLICE_X23Y22.D5      net (fanout=6)        1.621   heartbeat<17>
    SLICE_X23Y22.D       Tilo                  0.259   measured_shell/core/evaluator_i/remainder_trial<3>
                                                       seg_n<4>1
    M14.O                net (fanout=3)        3.951   seg_n_4_OBUF
    M14.PAD              Tioop                 2.722   seg_n<4>
                                                       seg_n_4_OBUF
                                                       seg_n<4>
    -------------------------------------------------  ---------------------------
    Total                                      9.078ns (3.506ns logic, 5.572ns route)
                                                       (38.6% logic, 61.4% route)

--------------------------------------------------------------------------------

Paths for end point seg_n<3> (U18.PAD), 2 paths
--------------------------------------------------------------------------------
Offset:                 13.197ns (clock path + data path + uncertainty)
  Source:               heartbeat_16 (FF)
  Destination:          seg_n<3> (PAD)
  Source Clock:         clk_100mhz_BUFGP rising at 0.000ns
  Data Path Delay:      9.221ns (Levels of Logic = 2)
  Clock Path Delay:     3.951ns (Levels of Logic = 2)
  Clock Uncertainty:    0.025ns

  Clock Uncertainty:          0.025ns  ((TSJ^2 + TIJ^2)^1/2 + DJ) / 2 + PE
    Total System Jitter (TSJ):  0.050ns
    Total Input Jitter (TIJ):   0.000ns
    Discrete Jitter (DJ):       0.000ns
    Phase Error (PE):           0.000ns

  Maximum Clock Path at Slow Process Corner: clk_100mhz to heartbeat_16
    Location             Delay type         Delay(ns)  Physical Resource
                                                       Logical Resource(s)
    -------------------------------------------------  -------------------
    V10.I                Tiopi                 1.557   clk_100mhz
                                                       clk_100mhz
                                                       clk_100mhz_BUFGP/IBUFG
                                                       ProtoComp81.IMUX
    BUFGMUX_X3Y13.I0     net (fanout=1)        1.050   clk_100mhz_BUFGP/IBUFG
    BUFGMUX_X3Y13.O      Tgi0o                 0.209   clk_100mhz_BUFGP/BUFG
                                                       clk_100mhz_BUFGP/BUFG
    SLICE_X34Y15.CLK     net (fanout=93)       1.135   clk_100mhz_BUFGP
    -------------------------------------------------  ---------------------------
    Total                                      3.951ns (1.766ns logic, 2.185ns route)
                                                       (44.7% logic, 55.3% route)

  Maximum Data Path at Slow Process Corner: heartbeat_16 to seg_n<3>
    Location             Delay type         Delay(ns)  Physical Resource
                                                       Logical Resource(s)
    -------------------------------------------------  -------------------
    SLICE_X34Y15.AQ      Tcko                  0.525   heartbeat<19>
                                                       heartbeat_16
    SLICE_X23Y22.D3      net (fanout=5)        1.766   heartbeat<16>
    SLICE_X23Y22.D       Tilo                  0.259   measured_shell/core/evaluator_i/remainder_trial<3>
                                                       seg_n<4>1
    U18.O                net (fanout=3)        3.949   seg_n_4_OBUF
    U18.PAD              Tioop                 2.722   seg_n<3>
                                                       seg_n_3_OBUF
                                                       seg_n<3>
    -------------------------------------------------  ---------------------------
    Total                                      9.221ns (3.506ns logic, 5.715ns route)
                                                       (38.0% logic, 62.0% route)

--------------------------------------------------------------------------------
Offset:                 13.052ns (clock path + data path + uncertainty)
  Source:               heartbeat_17 (FF)
  Destination:          seg_n<3> (PAD)
  Source Clock:         clk_100mhz_BUFGP rising at 0.000ns
  Data Path Delay:      9.076ns (Levels of Logic = 2)
  Clock Path Delay:     3.951ns (Levels of Logic = 2)
  Clock Uncertainty:    0.025ns

  Clock Uncertainty:          0.025ns  ((TSJ^2 + TIJ^2)^1/2 + DJ) / 2 + PE
    Total System Jitter (TSJ):  0.050ns
    Total Input Jitter (TIJ):   0.000ns
    Discrete Jitter (DJ):       0.000ns
    Phase Error (PE):           0.000ns

  Maximum Clock Path at Slow Process Corner: clk_100mhz to heartbeat_17
    Location             Delay type         Delay(ns)  Physical Resource
                                                       Logical Resource(s)
    -------------------------------------------------  -------------------
    V10.I                Tiopi                 1.557   clk_100mhz
                                                       clk_100mhz
                                                       clk_100mhz_BUFGP/IBUFG
                                                       ProtoComp81.IMUX
    BUFGMUX_X3Y13.I0     net (fanout=1)        1.050   clk_100mhz_BUFGP/IBUFG
    BUFGMUX_X3Y13.O      Tgi0o                 0.209   clk_100mhz_BUFGP/BUFG
                                                       clk_100mhz_BUFGP/BUFG
    SLICE_X34Y15.CLK     net (fanout=93)       1.135   clk_100mhz_BUFGP
    -------------------------------------------------  ---------------------------
    Total                                      3.951ns (1.766ns logic, 2.185ns route)
                                                       (44.7% logic, 55.3% route)

  Maximum Data Path at Slow Process Corner: heartbeat_17 to seg_n<3>
    Location             Delay type         Delay(ns)  Physical Resource
                                                       Logical Resource(s)
    -------------------------------------------------  -------------------
    SLICE_X34Y15.BQ      Tcko                  0.525   heartbeat<19>
                                                       heartbeat_17
    SLICE_X23Y22.D5      net (fanout=6)        1.621   heartbeat<17>
    SLICE_X23Y22.D       Tilo                  0.259   measured_shell/core/evaluator_i/remainder_trial<3>
                                                       seg_n<4>1
    U18.O                net (fanout=3)        3.949   seg_n_4_OBUF
    U18.PAD              Tioop                 2.722   seg_n<3>
                                                       seg_n_3_OBUF
                                                       seg_n<3>
    -------------------------------------------------  ---------------------------
    Total                                      9.076ns (3.506ns logic, 5.570ns route)
                                                       (38.6% logic, 61.4% route)

--------------------------------------------------------------------------------

Paths for end point led_done (V15.PAD), 1 path
--------------------------------------------------------------------------------
Offset:                 12.702ns (clock path + data path + uncertainty)
  Source:               finished (FF)
  Destination:          led_done (PAD)
  Source Clock:         clk_100mhz_BUFGP rising at 0.000ns
  Data Path Delay:      8.774ns (Levels of Logic = 1)
  Clock Path Delay:     3.903ns (Levels of Logic = 2)
  Clock Uncertainty:    0.025ns

  Clock Uncertainty:          0.025ns  ((TSJ^2 + TIJ^2)^1/2 + DJ) / 2 + PE
    Total System Jitter (TSJ):  0.050ns
    Total Input Jitter (TIJ):   0.000ns
    Discrete Jitter (DJ):       0.000ns
    Phase Error (PE):           0.000ns

  Maximum Clock Path at Slow Process Corner: clk_100mhz to finished
    Location             Delay type         Delay(ns)  Physical Resource
                                                       Logical Resource(s)
    -------------------------------------------------  -------------------
    V10.I                Tiopi                 1.557   clk_100mhz
                                                       clk_100mhz
                                                       clk_100mhz_BUFGP/IBUFG
                                                       ProtoComp81.IMUX
    BUFGMUX_X3Y13.I0     net (fanout=1)        1.050   clk_100mhz_BUFGP/IBUFG
    BUFGMUX_X3Y13.O      Tgi0o                 0.209   clk_100mhz_BUFGP/BUFG
                                                       clk_100mhz_BUFGP/BUFG
    SLICE_X23Y37.CLK     net (fanout=93)       1.087   clk_100mhz_BUFGP
    -------------------------------------------------  ---------------------------
    Total                                      3.903ns (1.766ns logic, 2.137ns route)
                                                       (45.2% logic, 54.8% route)

  Maximum Data Path at Slow Process Corner: finished to led_done
    Location             Delay type         Delay(ns)  Physical Resource
                                                       Logical Resource(s)
    -------------------------------------------------  -------------------
    SLICE_X23Y37.DMUX    Tshcko                0.518   Mram_c0_valid
                                                       finished
    V15.O                net (fanout=3)        5.534   finished
    V15.PAD              Tioop                 2.722   led_done
                                                       led_done_OBUF
                                                       led_done
    -------------------------------------------------  ---------------------------
    Total                                      8.774ns (3.240ns logic, 5.534ns route)
                                                       (36.9% logic, 63.1% route)

--------------------------------------------------------------------------------

Paths for end point led_pass (V16.PAD), 1 path
--------------------------------------------------------------------------------
Offset:                 12.353ns (clock path + data path + uncertainty)
  Source:               pass (FF)
  Destination:          led_pass (PAD)
  Source Clock:         clk_100mhz_BUFGP rising at 0.000ns
  Data Path Delay:      8.411ns (Levels of Logic = 1)
  Clock Path Delay:     3.917ns (Levels of Logic = 2)
  Clock Uncertainty:    0.025ns

  Clock Uncertainty:          0.025ns  ((TSJ^2 + TIJ^2)^1/2 + DJ) / 2 + PE
    Total System Jitter (TSJ):  0.050ns
    Total Input Jitter (TIJ):   0.000ns
    Discrete Jitter (DJ):       0.000ns
    Phase Error (PE):           0.000ns

  Maximum Clock Path at Slow Process Corner: clk_100mhz to pass
    Location             Delay type         Delay(ns)  Physical Resource
                                                       Logical Resource(s)
    -------------------------------------------------  -------------------
    V10.I                Tiopi                 1.557   clk_100mhz
                                                       clk_100mhz
                                                       clk_100mhz_BUFGP/IBUFG
                                                       ProtoComp81.IMUX
    BUFGMUX_X3Y13.I0     net (fanout=1)        1.050   clk_100mhz_BUFGP/IBUFG
    BUFGMUX_X3Y13.O      Tgi0o                 0.209   clk_100mhz_BUFGP/BUFG
                                                       clk_100mhz_BUFGP/BUFG
    SLICE_X27Y36.CLK     net (fanout=93)       1.101   clk_100mhz_BUFGP
    -------------------------------------------------  ---------------------------
    Total                                      3.917ns (1.766ns logic, 2.151ns route)
                                                       (45.1% logic, 54.9% route)

  Maximum Data Path at Slow Process Corner: pass to led_pass
    Location             Delay type         Delay(ns)  Physical Resource
                                                       Logical Resource(s)
    -------------------------------------------------  -------------------
    SLICE_X27Y36.DQ      Tcko                  0.430   pass
                                                       pass
    V16.O                net (fanout=1)        5.259   pass
    V16.PAD              Tioop                 2.722   led_pass
                                                       led_pass_OBUF
                                                       led_pass
    -------------------------------------------------  ---------------------------
    Total                                      8.411ns (3.152ns logic, 5.259ns route)
                                                       (37.5% logic, 62.5% route)

--------------------------------------------------------------------------------

Paths for end point led_fail (U15.PAD), 1 path
--------------------------------------------------------------------------------
Offset:                 12.351ns (clock path + data path + uncertainty)
  Source:               fail (FF)
  Destination:          led_fail (PAD)
  Source Clock:         clk_100mhz_BUFGP rising at 0.000ns
  Data Path Delay:      8.407ns (Levels of Logic = 1)
  Clock Path Delay:     3.919ns (Levels of Logic = 2)
  Clock Uncertainty:    0.025ns

  Clock Uncertainty:          0.025ns  ((TSJ^2 + TIJ^2)^1/2 + DJ) / 2 + PE
    Total System Jitter (TSJ):  0.050ns
    Total Input Jitter (TIJ):   0.000ns
    Discrete Jitter (DJ):       0.000ns
    Phase Error (PE):           0.000ns

  Maximum Clock Path at Slow Process Corner: clk_100mhz to fail
    Location             Delay type         Delay(ns)  Physical Resource
                                                       Logical Resource(s)
    -------------------------------------------------  -------------------
    V10.I                Tiopi                 1.557   clk_100mhz
                                                       clk_100mhz
                                                       clk_100mhz_BUFGP/IBUFG
                                                       ProtoComp81.IMUX
    BUFGMUX_X3Y13.I0     net (fanout=1)        1.050   clk_100mhz_BUFGP/IBUFG
    BUFGMUX_X3Y13.O      Tgi0o                 0.209   clk_100mhz_BUFGP/BUFG
                                                       clk_100mhz_BUFGP/BUFG
    SLICE_X27Y35.CLK     net (fanout=93)       1.103   clk_100mhz_BUFGP
    -------------------------------------------------  ---------------------------
    Total                                      3.919ns (1.766ns logic, 2.153ns route)
                                                       (45.1% logic, 54.9% route)

  Maximum Data Path at Slow Process Corner: fail to led_fail
    Location             Delay type         Delay(ns)  Physical Resource
                                                       Logical Resource(s)
    -------------------------------------------------  -------------------
    SLICE_X27Y35.AQ      Tcko                  0.430   fail
                                                       fail
    U15.O                net (fanout=3)        5.255   fail
    U15.PAD              Tioop                 2.722   led_fail
                                                       led_fail_OBUF
                                                       led_fail
    -------------------------------------------------  ---------------------------
    Total                                      8.407ns (3.152ns logic, 5.255ns route)
                                                       (37.5% logic, 62.5% route)

--------------------------------------------------------------------------------

Paths for end point seg_n<6> (L14.PAD), 1 path
--------------------------------------------------------------------------------
Offset:                 11.510ns (clock path + data path + uncertainty)
  Source:               heartbeat_17 (FF)
  Destination:          seg_n<6> (PAD)
  Source Clock:         clk_100mhz_BUFGP rising at 0.000ns
  Data Path Delay:      7.534ns (Levels of Logic = 2)
  Clock Path Delay:     3.951ns (Levels of Logic = 2)
  Clock Uncertainty:    0.025ns

  Clock Uncertainty:          0.025ns  ((TSJ^2 + TIJ^2)^1/2 + DJ) / 2 + PE
    Total System Jitter (TSJ):  0.050ns
    Total Input Jitter (TIJ):   0.000ns
    Discrete Jitter (DJ):       0.000ns
    Phase Error (PE):           0.000ns

  Maximum Clock Path at Slow Process Corner: clk_100mhz to heartbeat_17
    Location             Delay type         Delay(ns)  Physical Resource
                                                       Logical Resource(s)
    -------------------------------------------------  -------------------
    V10.I                Tiopi                 1.557   clk_100mhz
                                                       clk_100mhz
                                                       clk_100mhz_BUFGP/IBUFG
                                                       ProtoComp81.IMUX
    BUFGMUX_X3Y13.I0     net (fanout=1)        1.050   clk_100mhz_BUFGP/IBUFG
    BUFGMUX_X3Y13.O      Tgi0o                 0.209   clk_100mhz_BUFGP/BUFG
                                                       clk_100mhz_BUFGP/BUFG
    SLICE_X34Y15.CLK     net (fanout=93)       1.135   clk_100mhz_BUFGP
    -------------------------------------------------  ---------------------------
    Total                                      3.951ns (1.766ns logic, 2.185ns route)
                                                       (44.7% logic, 55.3% route)

  Maximum Data Path at Slow Process Corner: heartbeat_17 to seg_n<6>
    Location             Delay type         Delay(ns)  Physical Resource
                                                       Logical Resource(s)
    -------------------------------------------------  -------------------
    SLICE_X34Y15.BQ      Tcko                  0.525   heartbeat<19>
                                                       heartbeat_17
    SLICE_X36Y8.A3       net (fanout=6)        1.434   heartbeat<17>
    SLICE_X36Y8.A        Tilo                  0.235   seg_n_6_OBUF
                                                       display/Mram_seg_n<6:0>61_INV_0
    L14.O                net (fanout=1)        2.618   seg_n_6_OBUF
    L14.PAD              Tioop                 2.722   seg_n<6>
                                                       seg_n_6_OBUF
                                                       seg_n<6>
    -------------------------------------------------  ---------------------------
    Total                                      7.534ns (3.482ns logic, 4.052ns route)
                                                       (46.2% logic, 53.8% route)

--------------------------------------------------------------------------------

Paths for end point an_n<1> (N15.PAD), 2 paths
--------------------------------------------------------------------------------
Offset:                 11.022ns (clock path + data path + uncertainty)
  Source:               heartbeat_17 (FF)
  Destination:          an_n<1> (PAD)
  Source Clock:         clk_100mhz_BUFGP rising at 0.000ns
  Data Path Delay:      7.046ns (Levels of Logic = 2)
  Clock Path Delay:     3.951ns (Levels of Logic = 2)
  Clock Uncertainty:    0.025ns

  Clock Uncertainty:          0.025ns  ((TSJ^2 + TIJ^2)^1/2 + DJ) / 2 + PE
    Total System Jitter (TSJ):  0.050ns
    Total Input Jitter (TIJ):   0.000ns
    Discrete Jitter (DJ):       0.000ns
    Phase Error (PE):           0.000ns

  Maximum Clock Path at Slow Process Corner: clk_100mhz to heartbeat_17
    Location             Delay type         Delay(ns)  Physical Resource
                                                       Logical Resource(s)
    -------------------------------------------------  -------------------
    V10.I                Tiopi                 1.557   clk_100mhz
                                                       clk_100mhz
                                                       clk_100mhz_BUFGP/IBUFG
                                                       ProtoComp81.IMUX
    BUFGMUX_X3Y13.I0     net (fanout=1)        1.050   clk_100mhz_BUFGP/IBUFG
    BUFGMUX_X3Y13.O      Tgi0o                 0.209   clk_100mhz_BUFGP/BUFG
                                                       clk_100mhz_BUFGP/BUFG
    SLICE_X34Y15.CLK     net (fanout=93)       1.135   clk_100mhz_BUFGP
    -------------------------------------------------  ---------------------------
    Total                                      3.951ns (1.766ns logic, 2.185ns route)
                                                       (44.7% logic, 55.3% route)

  Maximum Data Path at Slow Process Corner: heartbeat_17 to an_n<1>
    Location             Delay type         Delay(ns)  Physical Resource
                                                       Logical Resource(s)
    -------------------------------------------------  -------------------
    SLICE_X34Y15.BQ      Tcko                  0.525   heartbeat<19>
                                                       heartbeat_17
    SLICE_X36Y11.D2      net (fanout=6)        1.228   heartbeat<17>
    SLICE_X36Y11.DMUX    Tilo                  0.298   an_n_0_OBUF
                                                       display/Mram__n0027111
    N15.O                net (fanout=1)        2.273   an_n_1_OBUF
    N15.PAD              Tioop                 2.722   an_n<1>
                                                       an_n_1_OBUF
                                                       an_n<1>
    -------------------------------------------------  ---------------------------
    Total                                      7.046ns (3.545ns logic, 3.501ns route)
                                                       (50.3% logic, 49.7% route)

--------------------------------------------------------------------------------
Offset:                 10.725ns (clock path + data path + uncertainty)
  Source:               heartbeat_16 (FF)
  Destination:          an_n<1> (PAD)
  Source Clock:         clk_100mhz_BUFGP rising at 0.000ns
  Data Path Delay:      6.749ns (Levels of Logic = 2)
  Clock Path Delay:     3.951ns (Levels of Logic = 2)
  Clock Uncertainty:    0.025ns

  Clock Uncertainty:          0.025ns  ((TSJ^2 + TIJ^2)^1/2 + DJ) / 2 + PE
    Total System Jitter (TSJ):  0.050ns
    Total Input Jitter (TIJ):   0.000ns
    Discrete Jitter (DJ):       0.000ns
    Phase Error (PE):           0.000ns

  Maximum Clock Path at Slow Process Corner: clk_100mhz to heartbeat_16
    Location             Delay type         Delay(ns)  Physical Resource
                                                       Logical Resource(s)
    -------------------------------------------------  -------------------
    V10.I                Tiopi                 1.557   clk_100mhz
                                                       clk_100mhz
                                                       clk_100mhz_BUFGP/IBUFG
                                                       ProtoComp81.IMUX
    BUFGMUX_X3Y13.I0     net (fanout=1)        1.050   clk_100mhz_BUFGP/IBUFG
    BUFGMUX_X3Y13.O      Tgi0o                 0.209   clk_100mhz_BUFGP/BUFG
                                                       clk_100mhz_BUFGP/BUFG
    SLICE_X34Y15.CLK     net (fanout=93)       1.135   clk_100mhz_BUFGP
    -------------------------------------------------  ---------------------------
    Total                                      3.951ns (1.766ns logic, 2.185ns route)
                                                       (44.7% logic, 55.3% route)

  Maximum Data Path at Slow Process Corner: heartbeat_16 to an_n<1>
    Location             Delay type         Delay(ns)  Physical Resource
                                                       Logical Resource(s)
    -------------------------------------------------  -------------------
    SLICE_X34Y15.AQ      Tcko                  0.525   heartbeat<19>
                                                       heartbeat_16
    SLICE_X36Y11.D5      net (fanout=5)        0.931   heartbeat<16>
    SLICE_X36Y11.DMUX    Tilo                  0.298   an_n_0_OBUF
                                                       display/Mram__n0027111
    N15.O                net (fanout=1)        2.273   an_n_1_OBUF
    N15.PAD              Tioop                 2.722   an_n<1>
                                                       an_n_1_OBUF
                                                       an_n<1>
    -------------------------------------------------  ---------------------------
    Total                                      6.749ns (3.545ns logic, 3.204ns route)
                                                       (52.5% logic, 47.5% route)

--------------------------------------------------------------------------------

Paths for end point led_heartbeat (U16.PAD), 1 path
--------------------------------------------------------------------------------
Offset:                 10.835ns (clock path + data path + uncertainty)
  Source:               heartbeat_25 (FF)
  Destination:          led_heartbeat (PAD)
  Source Clock:         clk_100mhz_BUFGP rising at 0.000ns
  Data Path Delay:      6.861ns (Levels of Logic = 1)
  Clock Path Delay:     3.949ns (Levels of Logic = 2)
  Clock Uncertainty:    0.025ns

  Clock Uncertainty:          0.025ns  ((TSJ^2 + TIJ^2)^1/2 + DJ) / 2 + PE
    Total System Jitter (TSJ):  0.050ns
    Total Input Jitter (TIJ):   0.000ns
    Discrete Jitter (DJ):       0.000ns
    Phase Error (PE):           0.000ns

  Maximum Clock Path at Slow Process Corner: clk_100mhz to heartbeat_25
    Location             Delay type         Delay(ns)  Physical Resource
                                                       Logical Resource(s)
    -------------------------------------------------  -------------------
    V10.I                Tiopi                 1.557   clk_100mhz
                                                       clk_100mhz
                                                       clk_100mhz_BUFGP/IBUFG
                                                       ProtoComp81.IMUX
    BUFGMUX_X3Y13.I0     net (fanout=1)        1.050   clk_100mhz_BUFGP/IBUFG
    BUFGMUX_X3Y13.O      Tgi0o                 0.209   clk_100mhz_BUFGP/BUFG
                                                       clk_100mhz_BUFGP/BUFG
    SLICE_X34Y17.CLK     net (fanout=93)       1.133   clk_100mhz_BUFGP
    -------------------------------------------------  ---------------------------
    Total                                      3.949ns (1.766ns logic, 2.183ns route)
                                                       (44.7% logic, 55.3% route)

  Maximum Data Path at Slow Process Corner: heartbeat_25 to led_heartbeat
    Location             Delay type         Delay(ns)  Physical Resource
                                                       Logical Resource(s)
    -------------------------------------------------  -------------------
    SLICE_X34Y17.BQ      Tcko                  0.525   heartbeat<25>
                                                       heartbeat_25
    U16.O                net (fanout=2)        3.614   heartbeat<25>
    U16.PAD              Tioop                 2.722   led_heartbeat
                                                       led_heartbeat_OBUF
                                                       led_heartbeat
    -------------------------------------------------  ---------------------------
    Total                                      6.861ns (3.247ns logic, 3.614ns route)
                                                       (47.3% logic, 52.7% route)

--------------------------------------------------------------------------------

Paths for end point an_n<0> (N16.PAD), 2 paths
--------------------------------------------------------------------------------
Offset:                 10.751ns (clock path + data path + uncertainty)
  Source:               heartbeat_17 (FF)
  Destination:          an_n<0> (PAD)
  Source Clock:         clk_100mhz_BUFGP rising at 0.000ns
  Data Path Delay:      6.775ns (Levels of Logic = 2)
  Clock Path Delay:     3.951ns (Levels of Logic = 2)
  Clock Uncertainty:    0.025ns

  Clock Uncertainty:          0.025ns  ((TSJ^2 + TIJ^2)^1/2 + DJ) / 2 + PE
    Total System Jitter (TSJ):  0.050ns
    Total Input Jitter (TIJ):   0.000ns
    Discrete Jitter (DJ):       0.000ns
    Phase Error (PE):           0.000ns

  Maximum Clock Path at Slow Process Corner: clk_100mhz to heartbeat_17
    Location             Delay type         Delay(ns)  Physical Resource
                                                       Logical Resource(s)
    -------------------------------------------------  -------------------
    V10.I                Tiopi                 1.557   clk_100mhz
                                                       clk_100mhz
                                                       clk_100mhz_BUFGP/IBUFG
                                                       ProtoComp81.IMUX
    BUFGMUX_X3Y13.I0     net (fanout=1)        1.050   clk_100mhz_BUFGP/IBUFG
    BUFGMUX_X3Y13.O      Tgi0o                 0.209   clk_100mhz_BUFGP/BUFG
                                                       clk_100mhz_BUFGP/BUFG
    SLICE_X34Y15.CLK     net (fanout=93)       1.135   clk_100mhz_BUFGP
    -------------------------------------------------  ---------------------------
    Total                                      3.951ns (1.766ns logic, 2.185ns route)
                                                       (44.7% logic, 55.3% route)

  Maximum Data Path at Slow Process Corner: heartbeat_17 to an_n<0>
    Location             Delay type         Delay(ns)  Physical Resource
                                                       Logical Resource(s)
    -------------------------------------------------  -------------------
    SLICE_X34Y15.BQ      Tcko                  0.525   heartbeat<19>
                                                       heartbeat_17
    SLICE_X36Y11.D2      net (fanout=6)        1.228   heartbeat<17>
    SLICE_X36Y11.D       Tilo                  0.235   an_n_0_OBUF
                                                       display/Mram__n002712
    N16.O                net (fanout=1)        2.065   an_n_0_OBUF
    N16.PAD              Tioop                 2.722   an_n<0>
                                                       an_n_0_OBUF
                                                       an_n<0>
    -------------------------------------------------  ---------------------------
    Total                                      6.775ns (3.482ns logic, 3.293ns route)
                                                       (51.4% logic, 48.6% route)

--------------------------------------------------------------------------------
Offset:                 10.454ns (clock path + data path + uncertainty)
  Source:               heartbeat_16 (FF)
  Destination:          an_n<0> (PAD)
  Source Clock:         clk_100mhz_BUFGP rising at 0.000ns
  Data Path Delay:      6.478ns (Levels of Logic = 2)
  Clock Path Delay:     3.951ns (Levels of Logic = 2)
  Clock Uncertainty:    0.025ns

  Clock Uncertainty:          0.025ns  ((TSJ^2 + TIJ^2)^1/2 + DJ) / 2 + PE
    Total System Jitter (TSJ):  0.050ns
    Total Input Jitter (TIJ):   0.000ns
    Discrete Jitter (DJ):       0.000ns
    Phase Error (PE):           0.000ns

  Maximum Clock Path at Slow Process Corner: clk_100mhz to heartbeat_16
    Location             Delay type         Delay(ns)  Physical Resource
                                                       Logical Resource(s)
    -------------------------------------------------  -------------------
    V10.I                Tiopi                 1.557   clk_100mhz
                                                       clk_100mhz
                                                       clk_100mhz_BUFGP/IBUFG
                                                       ProtoComp81.IMUX
    BUFGMUX_X3Y13.I0     net (fanout=1)        1.050   clk_100mhz_BUFGP/IBUFG
    BUFGMUX_X3Y13.O      Tgi0o                 0.209   clk_100mhz_BUFGP/BUFG
                                                       clk_100mhz_BUFGP/BUFG
    SLICE_X34Y15.CLK     net (fanout=93)       1.135   clk_100mhz_BUFGP
    -------------------------------------------------  ---------------------------
    Total                                      3.951ns (1.766ns logic, 2.185ns route)
                                                       (44.7% logic, 55.3% route)

  Maximum Data Path at Slow Process Corner: heartbeat_16 to an_n<0>
    Location             Delay type         Delay(ns)  Physical Resource
                                                       Logical Resource(s)
    -------------------------------------------------  -------------------
    SLICE_X34Y15.AQ      Tcko                  0.525   heartbeat<19>
                                                       heartbeat_16
    SLICE_X36Y11.D5      net (fanout=5)        0.931   heartbeat<16>
    SLICE_X36Y11.D       Tilo                  0.235   an_n_0_OBUF
                                                       display/Mram__n002712
    N16.O                net (fanout=1)        2.065   an_n_0_OBUF
    N16.PAD              Tioop                 2.722   an_n<0>
                                                       an_n_0_OBUF
                                                       an_n<0>
    -------------------------------------------------  ---------------------------
    Total                                      6.478ns (3.482ns logic, 2.996ns route)
                                                       (53.8% logic, 46.2% route)

--------------------------------------------------------------------------------

================================================================================
Timing constraint: Unconstrained path analysis 

 331 paths analyzed, 331 endpoints analyzed, 0 failing endpoints
 0 timing errors detected. (0 setup errors, 0 hold errors)
 Maximum delay is   3.951ns.
--------------------------------------------------------------------------------

Paths for end point heartbeat_16 (SLICE_X34Y15.CLK), 1 path
--------------------------------------------------------------------------------
Delay:                  3.951ns (data path)
  Source:               clk_100mhz (PAD)
  Destination:          heartbeat_16 (FF)
  Data Path Delay:      3.951ns (Levels of Logic = 2)

  Maximum Data Path at Slow Process Corner: clk_100mhz to heartbeat_16
    Location             Delay type         Delay(ns)  Physical Resource
                                                       Logical Resource(s)
    -------------------------------------------------  -------------------
    V10.I                Tiopi                 1.557   clk_100mhz
                                                       clk_100mhz
                                                       clk_100mhz_BUFGP/IBUFG
                                                       ProtoComp81.IMUX
    BUFGMUX_X3Y13.I0     net (fanout=1)        1.050   clk_100mhz_BUFGP/IBUFG
    BUFGMUX_X3Y13.O      Tgi0o                 0.209   clk_100mhz_BUFGP/BUFG
                                                       clk_100mhz_BUFGP/BUFG
    SLICE_X34Y15.CLK     net (fanout=93)       1.135   clk_100mhz_BUFGP
    -------------------------------------------------  ---------------------------
    Total                                      3.951ns (1.766ns logic, 2.185ns route)
                                                       (44.7% logic, 55.3% route)

--------------------------------------------------------------------------------

Paths for end point heartbeat_17 (SLICE_X34Y15.CLK), 1 path
--------------------------------------------------------------------------------
Delay:                  3.951ns (data path)
  Source:               clk_100mhz (PAD)
  Destination:          heartbeat_17 (FF)
  Data Path Delay:      3.951ns (Levels of Logic = 2)

  Maximum Data Path at Slow Process Corner: clk_100mhz to heartbeat_17
    Location             Delay type         Delay(ns)  Physical Resource
                                                       Logical Resource(s)
    -------------------------------------------------  -------------------
    V10.I                Tiopi                 1.557   clk_100mhz
                                                       clk_100mhz
                                                       clk_100mhz_BUFGP/IBUFG
                                                       ProtoComp81.IMUX
    BUFGMUX_X3Y13.I0     net (fanout=1)        1.050   clk_100mhz_BUFGP/IBUFG
    BUFGMUX_X3Y13.O      Tgi0o                 0.209   clk_100mhz_BUFGP/BUFG
                                                       clk_100mhz_BUFGP/BUFG
    SLICE_X34Y15.CLK     net (fanout=93)       1.135   clk_100mhz_BUFGP
    -------------------------------------------------  ---------------------------
    Total                                      3.951ns (1.766ns logic, 2.185ns route)
                                                       (44.7% logic, 55.3% route)

--------------------------------------------------------------------------------

Paths for end point heartbeat_18 (SLICE_X34Y15.CLK), 1 path
--------------------------------------------------------------------------------
Delay:                  3.951ns (data path)
  Source:               clk_100mhz (PAD)
  Destination:          heartbeat_18 (FF)
  Data Path Delay:      3.951ns (Levels of Logic = 2)

  Maximum Data Path at Slow Process Corner: clk_100mhz to heartbeat_18
    Location             Delay type         Delay(ns)  Physical Resource
                                                       Logical Resource(s)
    -------------------------------------------------  -------------------
    V10.I                Tiopi                 1.557   clk_100mhz
                                                       clk_100mhz
                                                       clk_100mhz_BUFGP/IBUFG
                                                       ProtoComp81.IMUX
    BUFGMUX_X3Y13.I0     net (fanout=1)        1.050   clk_100mhz_BUFGP/IBUFG
    BUFGMUX_X3Y13.O      Tgi0o                 0.209   clk_100mhz_BUFGP/BUFG
                                                       clk_100mhz_BUFGP/BUFG
    SLICE_X34Y15.CLK     net (fanout=93)       1.135   clk_100mhz_BUFGP
    -------------------------------------------------  ---------------------------
    Total                                      3.951ns (1.766ns logic, 2.185ns route)
                                                       (44.7% logic, 55.3% route)

--------------------------------------------------------------------------------

Paths for end point heartbeat_19 (SLICE_X34Y15.CLK), 1 path
--------------------------------------------------------------------------------
Delay:                  3.951ns (data path)
  Source:               clk_100mhz (PAD)
  Destination:          heartbeat_19 (FF)
  Data Path Delay:      3.951ns (Levels of Logic = 2)

  Maximum Data Path at Slow Process Corner: clk_100mhz to heartbeat_19
    Location             Delay type         Delay(ns)  Physical Resource
                                                       Logical Resource(s)
    -------------------------------------------------  -------------------
    V10.I                Tiopi                 1.557   clk_100mhz
                                                       clk_100mhz
                                                       clk_100mhz_BUFGP/IBUFG
                                                       ProtoComp81.IMUX
    BUFGMUX_X3Y13.I0     net (fanout=1)        1.050   clk_100mhz_BUFGP/IBUFG
    BUFGMUX_X3Y13.O      Tgi0o                 0.209   clk_100mhz_BUFGP/BUFG
                                                       clk_100mhz_BUFGP/BUFG
    SLICE_X34Y15.CLK     net (fanout=93)       1.135   clk_100mhz_BUFGP
    -------------------------------------------------  ---------------------------
    Total                                      3.951ns (1.766ns logic, 2.185ns route)
                                                       (44.7% logic, 55.3% route)

--------------------------------------------------------------------------------

Paths for end point heartbeat_12 (SLICE_X34Y14.CLK), 1 path
--------------------------------------------------------------------------------
Delay:                  3.950ns (data path)
  Source:               clk_100mhz (PAD)
  Destination:          heartbeat_12 (FF)
  Data Path Delay:      3.950ns (Levels of Logic = 2)

  Maximum Data Path at Slow Process Corner: clk_100mhz to heartbeat_12
    Location             Delay type         Delay(ns)  Physical Resource
                                                       Logical Resource(s)
    -------------------------------------------------  -------------------
    V10.I                Tiopi                 1.557   clk_100mhz
                                                       clk_100mhz
                                                       clk_100mhz_BUFGP/IBUFG
                                                       ProtoComp81.IMUX
    BUFGMUX_X3Y13.I0     net (fanout=1)        1.050   clk_100mhz_BUFGP/IBUFG
    BUFGMUX_X3Y13.O      Tgi0o                 0.209   clk_100mhz_BUFGP/BUFG
                                                       clk_100mhz_BUFGP/BUFG
    SLICE_X34Y14.CLK     net (fanout=93)       1.134   clk_100mhz_BUFGP
    -------------------------------------------------  ---------------------------
    Total                                      3.950ns (1.766ns logic, 2.184ns route)
                                                       (44.7% logic, 55.3% route)

--------------------------------------------------------------------------------

Paths for end point heartbeat_13 (SLICE_X34Y14.CLK), 1 path
--------------------------------------------------------------------------------
Delay:                  3.950ns (data path)
  Source:               clk_100mhz (PAD)
  Destination:          heartbeat_13 (FF)
  Data Path Delay:      3.950ns (Levels of Logic = 2)

  Maximum Data Path at Slow Process Corner: clk_100mhz to heartbeat_13
    Location             Delay type         Delay(ns)  Physical Resource
                                                       Logical Resource(s)
    -------------------------------------------------  -------------------
    V10.I                Tiopi                 1.557   clk_100mhz
                                                       clk_100mhz
                                                       clk_100mhz_BUFGP/IBUFG
                                                       ProtoComp81.IMUX
    BUFGMUX_X3Y13.I0     net (fanout=1)        1.050   clk_100mhz_BUFGP/IBUFG
    BUFGMUX_X3Y13.O      Tgi0o                 0.209   clk_100mhz_BUFGP/BUFG
                                                       clk_100mhz_BUFGP/BUFG
    SLICE_X34Y14.CLK     net (fanout=93)       1.134   clk_100mhz_BUFGP
    -------------------------------------------------  ---------------------------
    Total                                      3.950ns (1.766ns logic, 2.184ns route)
                                                       (44.7% logic, 55.3% route)

--------------------------------------------------------------------------------

Paths for end point heartbeat_14 (SLICE_X34Y14.CLK), 1 path
--------------------------------------------------------------------------------
Delay:                  3.950ns (data path)
  Source:               clk_100mhz (PAD)
  Destination:          heartbeat_14 (FF)
  Data Path Delay:      3.950ns (Levels of Logic = 2)

  Maximum Data Path at Slow Process Corner: clk_100mhz to heartbeat_14
    Location             Delay type         Delay(ns)  Physical Resource
                                                       Logical Resource(s)
    -------------------------------------------------  -------------------
    V10.I                Tiopi                 1.557   clk_100mhz
                                                       clk_100mhz
                                                       clk_100mhz_BUFGP/IBUFG
                                                       ProtoComp81.IMUX
    BUFGMUX_X3Y13.I0     net (fanout=1)        1.050   clk_100mhz_BUFGP/IBUFG
    BUFGMUX_X3Y13.O      Tgi0o                 0.209   clk_100mhz_BUFGP/BUFG
                                                       clk_100mhz_BUFGP/BUFG
    SLICE_X34Y14.CLK     net (fanout=93)       1.134   clk_100mhz_BUFGP
    -------------------------------------------------  ---------------------------
    Total                                      3.950ns (1.766ns logic, 2.184ns route)
                                                       (44.7% logic, 55.3% route)

--------------------------------------------------------------------------------

Paths for end point heartbeat_15 (SLICE_X34Y14.CLK), 1 path
--------------------------------------------------------------------------------
Delay:                  3.950ns (data path)
  Source:               clk_100mhz (PAD)
  Destination:          heartbeat_15 (FF)
  Data Path Delay:      3.950ns (Levels of Logic = 2)

  Maximum Data Path at Slow Process Corner: clk_100mhz to heartbeat_15
    Location             Delay type         Delay(ns)  Physical Resource
                                                       Logical Resource(s)
    -------------------------------------------------  -------------------
    V10.I                Tiopi                 1.557   clk_100mhz
                                                       clk_100mhz
                                                       clk_100mhz_BUFGP/IBUFG
                                                       ProtoComp81.IMUX
    BUFGMUX_X3Y13.I0     net (fanout=1)        1.050   clk_100mhz_BUFGP/IBUFG
    BUFGMUX_X3Y13.O      Tgi0o                 0.209   clk_100mhz_BUFGP/BUFG
                                                       clk_100mhz_BUFGP/BUFG
    SLICE_X34Y14.CLK     net (fanout=93)       1.134   clk_100mhz_BUFGP
    -------------------------------------------------  ---------------------------
    Total                                      3.950ns (1.766ns logic, 2.184ns route)
                                                       (44.7% logic, 55.3% route)

--------------------------------------------------------------------------------

Paths for end point heartbeat_20 (SLICE_X34Y16.CLK), 1 path
--------------------------------------------------------------------------------
Delay:                  3.950ns (data path)
  Source:               clk_100mhz (PAD)
  Destination:          heartbeat_20 (FF)
  Data Path Delay:      3.950ns (Levels of Logic = 2)

  Maximum Data Path at Slow Process Corner: clk_100mhz to heartbeat_20
    Location             Delay type         Delay(ns)  Physical Resource
                                                       Logical Resource(s)
    -------------------------------------------------  -------------------
    V10.I                Tiopi                 1.557   clk_100mhz
                                                       clk_100mhz
                                                       clk_100mhz_BUFGP/IBUFG
                                                       ProtoComp81.IMUX
    BUFGMUX_X3Y13.I0     net (fanout=1)        1.050   clk_100mhz_BUFGP/IBUFG
    BUFGMUX_X3Y13.O      Tgi0o                 0.209   clk_100mhz_BUFGP/BUFG
                                                       clk_100mhz_BUFGP/BUFG
    SLICE_X34Y16.CLK     net (fanout=93)       1.134   clk_100mhz_BUFGP
    -------------------------------------------------  ---------------------------
    Total                                      3.950ns (1.766ns logic, 2.184ns route)
                                                       (44.7% logic, 55.3% route)

--------------------------------------------------------------------------------

Paths for end point heartbeat_21 (SLICE_X34Y16.CLK), 1 path
--------------------------------------------------------------------------------
Delay:                  3.950ns (data path)
  Source:               clk_100mhz (PAD)
  Destination:          heartbeat_21 (FF)
  Data Path Delay:      3.950ns (Levels of Logic = 2)

  Maximum Data Path at Slow Process Corner: clk_100mhz to heartbeat_21
    Location             Delay type         Delay(ns)  Physical Resource
                                                       Logical Resource(s)
    -------------------------------------------------  -------------------
    V10.I                Tiopi                 1.557   clk_100mhz
                                                       clk_100mhz
                                                       clk_100mhz_BUFGP/IBUFG
                                                       ProtoComp81.IMUX
    BUFGMUX_X3Y13.I0     net (fanout=1)        1.050   clk_100mhz_BUFGP/IBUFG
    BUFGMUX_X3Y13.O      Tgi0o                 0.209   clk_100mhz_BUFGP/BUFG
                                                       clk_100mhz_BUFGP/BUFG
    SLICE_X34Y16.CLK     net (fanout=93)       1.134   clk_100mhz_BUFGP
    -------------------------------------------------  ---------------------------
    Total                                      3.950ns (1.766ns logic, 2.184ns route)
                                                       (44.7% logic, 55.3% route)

--------------------------------------------------------------------------------


All constraints were met.


Data Sheet report:
-----------------
All values displayed in nanoseconds (ns)

Setup/Hold to clock clk_100mhz
------------+------------+------------+------------+------------+------------------+--------+
            |Max Setup to|  Process   |Max Hold to |  Process   |                  | Clock  |
Source      | clk (edge) |   Corner   | clk (edge) |   Corner   |Internal Clock(s) | Phase  |
------------+------------+------------+------------+------------+------------------+--------+
btn_reset   |    8.798(R)|      SLOW  |   -0.242(R)|      FAST  |clk_100mhz_BUFGP  |   0.000|
------------+------------+------------+------------+------------+------------------+--------+

Clock clk_100mhz to Pad
-------------+-----------------+------------+-----------------+------------+------------------+--------+
             |Max (slowest) clk|  Process   |Min (fastest) clk|  Process   |                  | Clock  |
Destination  |  (edge) to PAD  |   Corner   |  (edge) to PAD  |   Corner   |Internal Clock(s) | Phase  |
-------------+-----------------+------------+-----------------+------------+------------------+--------+
an_n<0>      |        10.751(R)|      SLOW  |         4.694(R)|      FAST  |clk_100mhz_BUFGP  |   0.000|
an_n<1>      |        11.022(R)|      SLOW  |         4.843(R)|      FAST  |clk_100mhz_BUFGP  |   0.000|
an_n<2>      |        10.130(R)|      SLOW  |         4.515(R)|      FAST  |clk_100mhz_BUFGP  |   0.000|
an_n<3>      |        10.401(R)|      SLOW  |         4.664(R)|      FAST  |clk_100mhz_BUFGP  |   0.000|
led_done     |        12.702(R)|      SLOW  |         6.119(R)|      FAST  |clk_100mhz_BUFGP  |   0.000|
led_fail     |        12.351(R)|      SLOW  |         5.934(R)|      FAST  |clk_100mhz_BUFGP  |   0.000|
led_heartbeat|        10.835(R)|      SLOW  |         5.044(R)|      FAST  |clk_100mhz_BUFGP  |   0.000|
led_pass     |        12.353(R)|      SLOW  |         5.926(R)|      FAST  |clk_100mhz_BUFGP  |   0.000|
seg_n<0>     |        10.366(R)|      SLOW  |         4.707(R)|      FAST  |clk_100mhz_BUFGP  |   0.000|
seg_n<1>     |        10.372(R)|      SLOW  |         4.713(R)|      FAST  |clk_100mhz_BUFGP  |   0.000|
seg_n<3>     |        13.197(R)|      SLOW  |         6.245(R)|      FAST  |clk_100mhz_BUFGP  |   0.000|
seg_n<4>     |        13.199(R)|      SLOW  |         6.247(R)|      FAST  |clk_100mhz_BUFGP  |   0.000|
seg_n<5>     |        13.381(R)|      SLOW  |         6.343(R)|      FAST  |clk_100mhz_BUFGP  |   0.000|
seg_n<6>     |        11.510(R)|      SLOW  |         5.300(R)|      FAST  |clk_100mhz_BUFGP  |   0.000|
-------------+-----------------+------------+-----------------+------------+------------------+--------+

Clock to Setup on destination clock clk_100mhz
---------------+---------+---------+---------+---------+
               | Src:Rise| Src:Fall| Src:Rise| Src:Fall|
Source Clock   |Dest:Rise|Dest:Rise|Dest:Fall|Dest:Fall|
---------------+---------+---------+---------+---------+
clk_100mhz     |    9.252|         |         |         |
---------------+---------+---------+---------+---------+


Timing summary:
---------------

Timing errors: 0  Score: 0  (Setup/Max: 0, Hold: 0)

Constraints cover 761094 paths, 0 nets, and 2076 connections

Design statistics:
   Minimum period:   9.252ns{1}   (Maximum frequency: 108.085MHz)
   Maximum combinational path delay:   3.951ns
   Minimum input required time before clock:   8.798ns
   Maximum output delay after clock:  13.381ns


------------------------------------Footnotes-----------------------------------
1)  The minimum period statistic assumes all single cycle delays.

Analysis completed Mon Jul 20 22:24:27 2026 
--------------------------------------------------------------------------------

Trace Settings:
-------------------------
Trace Settings 

Peak Memory Usage: 392 MB



