trainer_seed,epoch,transition_count,cumulative_transitions,mean_original_reward,mean_training_reward,profile_0_count,profile_1_count,profile_2_count,profile_3_count,distinct_state_count,q_min,q_max,q_table_sha256
17,1,4096,4096,4.443719074654,5.217765458771,1035,1057,992,1012,106,0.000000000000,34.171771282113,6412a4c4b2bc29f2929a29e2c267feaa741c9eb08c6523b39114e27451998503
17,2,4096,8192,4.446142919120,5.184672750698,1020,990,1030,1056,107,0.000000000000,50.089776423753,0b412bf1d35758437d4f149566f0fd97a6c5d5dc79c572958baebd9397ef1418
17,3,4096,12288,4.437255867220,5.184635285288,996,1042,1002,1056,106,0.000000000000,60.178984911963,c974198400cdc4f1d995627fa4a5bc9aa669958ff49ded115617c69a261e5e89
17,4,4096,16384,4.450420909914,5.207376022469,1089,997,1029,981,103,0.000000000000,69.742559452743,f36d1d139a508490f71b3a632b189ab66aac015d8ad149dea9fa126042a7bf58
17,5,4096,20480,4.454272231336,5.212540585500,1053,998,985,1060,104,0.000000000000,77.623148822045,abe0578d07e99522f529469d411fa319f07d21a00f2764a263686a75a20eae90
17,6,4096,24576,4.442471059350,5.190106405368,1049,1006,1063,978,107,0.000000000000,83.488752220507,7f6e63fa9f624d06bd279e8f33ce0dbef56a2384392b27b26c9d89f840bb2c84
17,7,4096,28672,4.442479630911,5.184008855673,1001,1047,1064,984,113,0.000000000000,88.796132603643,bdbc8e29042b772ed6a65d6f7cdc025304396cd0c1c807f76fc3bb7eb71c90d9
17,8,4096,32768,4.435838571544,5.163431434614,1016,1015,1043,1022,100,0.000000000000,93.604438164816,e20b8d6d3f95dd727f2ef9a92eeeee711200baff9aaa57ce2625a817e8749458
17,9,4096,36864,4.439003463496,5.174963072735,999,1034,1082,981,110,0.000000000000,97.358998916405,a5adfebc343563d86fbedf6d26908027203a23c209aac4d4842090bcacb00504
17,10,4096,40960,4.435542525237,5.194530940793,1050,1043,1001,1002,106,0.000000000000,100.161316567878,840a4bd6dd32b267619ad9f4f4c69a88413b8afeec5e91ee69737657e23c8321
17,11,4096,45056,4.446800635969,5.179774321219,1027,1015,1029,1025,104,0.000000000000,102.682765768049,c19e450e278acb34dd4c549d8d68b8e4c31914d67e293ef85aaf1c65cd826d70
17,12,4096,49152,4.443596623551,5.178124775452,1081,1002,1047,966,106,0.000000000000,104.688107471508,3900531fa1a3b3454a18363b184568c0244ac2fb125345d5884f0ae4b59e1f51
17,13,4096,53248,4.436852181849,5.170090368020,1027,996,1012,1061,104,0.000000000000,106.312599247356,8203420892c897175909c857991a40797b2bc22cc9c9d30ecfcc1a96b153d78e
17,14,4096,57344,4.437271144464,5.195987409888,1045,1062,1006,983,106,0.000000000000,108.278062362239,158e24ae4be8c0b1c3408055f68eb21f2bfcc3a51e216ab39b893d72c86908d3
17,15,4096,61440,4.444083167904,5.189044585677,1028,1004,1051,1013,106,0.000000000000,109.726507770678,015949abc13e2a012f4626451dfab110a0446644671f3e5fcbfea82da50cd3a0
17,16,4096,65536,4.444192875538,5.182293963090,1084,1038,969,1005,106,0.000000000000,111.432915648243,73ed7094a006198a655bdf9dcfd47f06e009ceb0a5443578b07e057c46640e3e
17,17,4096,69632,4.442641703376,5.172392008816,1054,1006,987,1049,104,0.000000000000,111.647000477690,ed68bfbc12e5812d022f0b87bc4e91cd7cc54051a97d3b0239e6965deee73e54
17,18,4096,73728,4.441292113906,5.166458982966,1054,1006,985,1051,110,0.000000000000,113.271294715887,994962946086cb14a073362effd5468c915796165bd68c6b3339a8d1238adfcf
17,19,4096,77824,4.446819572206,5.177459441166,1036,995,1036,1029,101,0.000000000000,113.739207991900,2b5bc444fa22e4b7378018718e652bc51c0b8d5491d235ddb26c1377f9372d9d
17,20,4096,81920,4.449183940856,5.196809005610,1050,1015,1028,1003,108,0.000000000000,114.841531163332,7cd144ea2ec842d52dea7bfeed813375610532798f8dd6998d8d014c6fcac054
17,21,4096,86016,4.447230482788,5.188037165525,1056,1014,1042,984,104,0.000000000000,114.785631022994,302a50074f0c58c1ba4918d3d9db6747f49924a0824ad6c4949a4dbc998cd4b8
17,22,4096,90112,4.448376692738,5.226826106890,1022,1078,969,1027,102,0.000000000000,115.453488699744,377a61c3f30bb4c06005f96418fd29db9d9493f107e631567a168410115995e0
17,23,4096,94208,4.443139471057,5.163521263134,1060,984,1034,1018,106,0.000000000000,115.753377719481,756ad1a9703975fd05f4825927a8bbf627e78b2b7fcd2af0c323a69fd0905421
17,24,4096,98304,4.440069161971,5.172525671323,1093,1035,1008,960,110,0.000000000000,116.213352589828,0d7204bcde527073ce947751a2eae4c14e47875ebd5b76560dd12a1aca91ef1b
17,25,4096,102400,4.440477469362,5.187663295418,1059,1095,978,964,106,0.000000000000,116.427561219210,d2b4c3f2179f9b72e3fbef243881e8df342860c4fcaa34588fac2703ad8d82d9
17,26,4096,106496,4.445530179917,5.199971305604,1058,1075,1019,944,107,0.000000000000,116.766170367671,3d41b08324c60c3387927a8e2f87afdf6f5820d687238d41ab7342d77bcf2b5f
17,27,4096,110592,4.438234565226,5.191642362466,1065,1089,940,1002,106,0.000000000000,116.890479969951,0f6a2b1cb65b4265c012eed1612752a63a2787a4d9d2979518f93f175dd746f4
17,28,4096,114688,4.447542211749,5.185620507151,1074,1070,956,996,102,0.000000000000,117.221663697802,a4574100c211b829f7aa9bd74f3c04ba453d90b4952dd395c3c009b46436ebdc
17,29,4096,118784,4.451756366518,5.191287184820,1014,1103,993,986,109,0.000000000000,117.798673342258,109e2480376921584b7d369ff5e8757f82f22c19f85a0832ec9e350fdf3420c8
17,30,4096,122880,4.448339791231,5.210997348517,1131,1091,932,942,114,0.000000000000,118.025533971307,b168d470e85f1f9e75c95462a9ef0f0ee2d08b348ec233b195ca77e7db468379
17,31,4096,126976,4.448508835836,5.214502140221,1082,1068,991,955,108,0.000000000000,118.066191186459,01cc3d7617c27081aa34bf0b56fd70a110c55d09fcc8f0a3e2ddf044cb0bbbe4
17,32,4096,131072,4.450458727511,5.203954538951,1060,1092,989,955,109,0.000000000000,118.277143499397,c3f7847ccc2f23e3890d84e37ba8ea537bf77daa3244516c760aadfd10e9eee8
17,33,4096,135168,4.443700286571,5.183724974407,1079,1097,942,978,106,0.000000000000,118.310791043319,2cb6447628bfba432e9de36930feca91f6cb7d790430b9b0baa6d02bed2ec4eb
17,34,4096,139264,4.442775165319,5.177207594868,1016,1065,996,1019,108,0.000000000000,118.559104938469,9b1469e7c09850b759cfe05276a6ab9cbe5ed482a15358cc0b733a2610798b12
17,35,4096,143360,4.443938019920,5.176858036712,1029,1051,1087,929,106,0.000000000000,118.606916999741,1f7b541073202c120392336f9902709ef84b33b7c8957a4b0b26e241c6d8db77
17,36,4096,147456,4.453616660195,5.210362148594,1049,1130,1001,916,110,0.000000000000,118.796027091110,6bae1e93dcb2b4f710e1303cacfb167b3855794532d9961948bab73b2590d653
17,37,4096,151552,4.449768284274,5.194255266001,1047,1073,1008,968,106,0.000000000000,118.923881934723,e0233cf9055bfcedca6134e93638991bb5fcd2d2ccb8cde4dcef9ee07dbaee2a
17,38,4096,155648,4.447450995253,5.202006129450,1109,1078,1010,899,107,0.000000000000,118.654334999776,e13369f7a6f3f7dce993e84f3e5ed1872fafdb3d617dcf024f6bd59c49faef8e
17,39,4096,159744,4.445815818703,5.193165618561,1039,1100,1035,922,102,0.000000000000,118.921375539946,d46d84e056924451a0bdc31b73fd789aeb7f1aacf3358424ca0a0f267835d54a
17,40,4096,163840,4.449322569263,5.230496820020,970,1153,1084,889,105,0.000000000000,119.290602821516,6902c43cee81f893fd51cd4c18bea0dbfd6d17e8aef53d698b88113ca33abf63
17,41,4096,167936,4.446241071632,5.182062431059,1012,1083,1074,927,101,0.000000000000,119.035581992853,f914a1d045e35369965045b08b879306a3566a774a07b816da46e34cf604c6a2
17,42,4096,172032,4.452389387414,5.197406670749,1019,1046,1064,967,103,0.000000000000,119.126786725355,49b1d516b7c57759170f34687aca53c9bd9bdf0f2f14270190d7b411ab9bcb1a
17,43,4096,176128,4.454246938229,5.201819295884,977,1053,1045,1021,107,0.000000000000,119.280778313921,36356907418448e2ffaa6c3a4430219e65f7696887e6488bb990430873fa433b
17,44,4096,180224,4.452618403393,5.207770976853,1057,1081,1002,956,106,0.000000000000,119.187316935981,459e678d5e71bdbd29eeee1852c2b60d5adaecd0b9b60fb8307ecb7a54a60294
17,45,4096,184320,4.449569111553,5.189402422773,1138,1064,994,900,108,0.000000000000,119.404404560788,9a814c650609b11e3b927e80f879ae4b578472c8d397b9c014560b512c605419
17,46,4096,188416,4.456126349440,5.215386745416,956,1131,1123,886,105,0.000000000000,119.226879847155,9820b0777aafcbb7687dacb49255d3e38bcfc485e9a04575497f9a8ca8e7ff2c
17,47,4096,192512,4.458629587332,5.206632118858,984,1138,1132,842,106,0.000000000000,119.353858843483,42eaaf28d9a1e57c7bf600f4e49a82ae68185d9f4a7a75db4ae0b6053b2792f1
17,48,4096,196608,4.461587057663,5.215040125185,1002,1170,1100,824,110,0.000000000000,119.170028688054,df4e0e6f46b9fcfdf0ed2d7ba353a7542f1d6c7f9e1d253670deb469239cc0d0
17,49,4096,200704,4.458978798992,5.186629063157,1018,1061,1153,864,105,0.000000000000,119.194100533461,3afbc704f48932e28f2067b258489f3075bd8058fd53075bf2cd9ccf4cb829fa
17,50,4096,204800,4.455580721619,5.204292124759,999,1074,1128,895,107,0.000000000000,119.011133163272,adb6b3dc007dcb066edf3b96985ddd318a73232c1fe885cf11972da7ccc63c10
17,51,4096,208896,4.471313845511,5.238359874230,1020,1076,1085,915,105,0.000000000000,119.235093018998,3424b25eb7755be88af4eac08d5d26eb045983ee02fb005cd7679fef59246f5f
17,52,4096,212992,4.462100972311,5.219221272055,955,1148,1058,935,108,0.000000000000,119.127726775861,547f61affe28f49e4d4fd1c3f75daf48756f6d161362018133c23ba3759bb717
17,53,4096,217088,4.473007857350,5.234089534868,969,1143,1096,888,109,0.000000000000,119.023270737356,7e2ec2955e0a92dba1bbcf2420f361dd82715ca94d6ac190e9c44ded726dc08d
17,54,4096,221184,4.462921672024,5.211317059189,930,1116,1151,899,106,0.000000000000,119.277605672347,c6d9e3be83de562d152a0465d25dad53532f067e3449a5bdd6b79a94b6cdffbf
17,55,4096,225280,4.467835196013,5.263708948116,974,1266,1020,836,106,0.000000000000,119.567441869813,1e9f46adce11146aff5088eb01182d50e5f2c5f9602167697f8c30af5669d8fc
17,56,4096,229376,4.480265120716,5.253953060991,869,1215,1026,986,105,0.000000000000,119.625087530859,e96eb285a7b9674f8af99ff4c53b585f3a7a46b93a62d7aba8d1ff370230e967
17,57,4096,233472,4.461296435119,5.224074412350,1036,1155,979,926,107,0.000000000000,119.229882087779,531b290c03d3792ebfc0f08f747e55c50baa1e419a64fef6322ab2b95ff883ca
17,58,4096,237568,4.470097616427,5.230533043833,1045,1092,1081,878,104,0.000000000000,118.977259489136,5ac7c63d9b7532c1a71bc24fbb11734bb1352cb321b2d38dd06d53ddf12395e6
17,59,4096,241664,4.471080821211,5.250371136405,1063,1125,1010,898,107,0.000000000000,119.071362187631,a3fd1627cc11a2d3f411020864afeb6959f5ef2bb6d78a605167d2e67d30deb8
17,60,4096,245760,4.479086105125,5.267852232999,1139,1104,1009,844,110,0.000000000000,119.259923419395,91d44e5f85d581c58fc4a6d48b20d4483238c4a7156324fab57cec92b250a81a
17,61,4096,249856,4.475813077615,5.298011099523,991,1218,994,893,104,0.000000000000,118.991823194304,fe164e73340933520a2373d528c2a2689638e5f6dc05326b291b418409896f96
17,62,4096,253952,4.489232765133,5.275081451155,928,1069,1200,899,104,0.000000000000,119.065015321731,0a641a1fbf1655cbc2e3a009af91e7bafe62fc20f34172df646def02d24aba2e
17,63,4096,258048,4.479759392002,5.282359345353,934,1152,1019,991,108,0.000000000000,119.148640498124,b0c0618c6960475bc71e9bca91e417ab7df52f5740259e03b6f6b0c047220208
17,64,4096,262144,4.480579266315,5.269297045728,983,1158,962,993,109,0.000000000000,119.567107025949,c543ce5c734d2f4d23bc3a4df0d8e76f161464cd1903df20cf34a4005392d74d
17,65,4096,266240,4.472524058583,5.284830121051,1085,1225,933,853,107,0.000000000000,119.738297318533,ce9d801f47210ef081134c79cc9d281f776a630ea21cb983db6c16670f507d37
17,66,4096,270336,4.477657863987,5.295536241103,1033,1315,884,864,110,0.000000000000,119.838823068104,ff08a9c34ba60d2da54c7394fff22df5ad2316d115f2bb220c35681fa993140b
17,67,4096,274432,4.484326185723,5.275814996798,925,1108,1174,889,107,0.000000000000,119.903206555744,68a7e9d857736721fae7d91c6a6950573ca33a0e8a6cbe4eaa15fbaf1df25f3e
17,68,4096,278528,4.490315966518,5.319156932477,933,1242,931,990,110,0.000000000000,119.964116968899,038ecf7b03ad506c963726635e7891389f510bdb9f9c4e7a544188363f617426
17,69,4096,282624,4.484058999404,5.303445470274,1066,1237,937,856,111,0.000000000000,120.189586310102,eb8ba461d3dc34ec465a96dba5a33f28b84627de3308ae39bbb60902e9e1c50a
17,70,4096,286720,4.489423393609,5.301660371313,906,1231,1055,904,111,0.000000000000,120.255645056750,061b9aa7550fce2b17f3f445f606dc863f495daeef7abaa485be9978c69e0215
17,71,4096,290816,4.488212550497,5.310108991052,1082,1213,961,840,111,0.000000000000,120.255645056750,b97c40588b0c7c6e99baf2207fff252672fe777b63e36390f06a5081498ae73d
17,72,4096,294912,4.485929405786,5.270983736424,1070,1141,922,963,101,0.000000000000,120.218149757087,a78fe6936f7f8c9a90631ee3d57a6a119a7e0337815ee1ee7988ec597cf36232
17,73,4096,299008,4.499579368087,5.339968351256,1012,1343,860,881,107,0.000000000000,120.344901585792,10bab4cd0e06486305713f6ab72bb0aee83c1e43eec22cf6f2e50b966b812f53
17,74,4096,303104,4.491895119583,5.294382236145,1003,1098,1059,936,110,0.000000000000,120.420060974277,f1492328a8f38e6f1d519232c029e4e4279c6d257dede2f631f8ccbbf8ec8460
17,75,4096,307200,4.490583772198,5.317149053637,1031,1166,975,924,103,0.000000000000,120.538776105113,515461703f24c14759afb3afc724b907f7fbd15aa8a2ab1ae68bf3857f2226c6
17,76,4096,311296,4.492350693482,5.325016543461,1028,1126,1084,858,108,0.000000000000,120.710954327890,25d1d2197c3bcff1e77f0f914f5a4072391972063b13d6d2be926295814cedff
17,77,4096,315392,4.489932251424,5.324568361164,903,1216,995,982,104,0.000000000000,120.608576140545,cdd633b0b8ddd6974b38ad132a38bd292e4fc81c637d294c551f672464dfd70c
17,78,4096,319488,4.476593569340,5.292661875017,950,1116,1061,969,105,0.000000000000,120.810199873577,38324b33e03bb5d29a8c80539bff532d724937bb937399489d1c7265a3d37bc1
17,79,4096,323584,4.498810312517,5.352536660226,871,1453,841,931,108,0.000000000000,121.067397287019,7ad378baa7d375cb532b1b00e9951e14f1cd0c57cdc32b6a3d0fc899b96283f3
17,80,4096,327680,4.496946227722,5.325142332765,1018,1241,780,1057,106,0.000000000000,121.056919797231,539af563792977cc73227a066adb3a4a6177d744d48fef263be466c3a14ce4bf
17,81,4096,331776,4.486888768309,5.320828999017,899,1371,918,908,103,0.000000000000,121.163635894193,5b4835bba7ab6e491eab212a86a349fac215b21063dcf3ab88ce60d4bcf79372
17,82,4096,335872,4.500698148192,5.348977163082,900,1369,958,869,108,0.000000000000,121.353713575332,0758c7b3aa021e2629d91cc17dff2226d18eb605de1f9ff48adb156e6bd88118
17,83,4096,339968,4.500036040050,5.323184199264,770,1220,888,1218,110,0.000000000000,121.254117172699,ec5f1971b061d220ec2d7791d571ed0fb4e882e5135148fda7400aee1f6d91a5
17,84,4096,344064,4.489094150167,5.275382460042,1052,1177,1018,849,108,0.000000000000,121.315140257205,04ad5de9f726adae4a0d140ad14f5793947e426102bb26eb69dc57ef52fd2a9d
17,85,4096,348160,4.499449712803,5.326660179339,1183,1352,778,783,107,0.000000000000,121.397370499754,7f9c95dcf0ac80c2d98180d7538ac53f1bd2bc4e5e8d8fe1df9e3d5abeb35b0b
17,86,4096,352256,4.499810619367,5.339569137622,1065,1272,900,859,104,0.000000000000,121.677819846868,b26c5ebcca15505a77192cbf98e4d2519cb2da89e4bd659da1f832f22e04d7cc
17,87,4096,356352,4.492739143615,5.308580597896,1005,1231,851,1009,104,0.000000000000,121.758881819269,7c47aecdd8812ed8ceecc1c4bf6225d37028124fa617799301f13a23fbacff2a
17,88,4096,360448,4.499520506932,5.312384273821,995,1251,1028,822,106,0.000000000000,121.758881819269,7f5f60bbf4662ca6ba1f89f1840e62407db208a035a017b2bc59f24bd3b0dfb6
17,89,4096,364544,4.507920198359,5.322513312967,987,1195,1014,900,104,0.000000000000,121.915510386916,127263b2d4de4b11cd4367efb7687e5c4bc0bc91335090ea2c367be8edd14657
17,90,4096,368640,4.492244106832,5.285243028890,859,1160,1249,828,108,0.000000000000,121.915510386916,933b3ae6fc9c85579db11ca73eb73c45d7d81bfe8c323cf1e8ea3acaea82cd44
17,91,4096,372736,4.490846447498,5.295632372023,967,1338,906,885,109,0.000000000000,122.072768796801,5f3f275c284286a61dbd32bb747168fe04e4b70c4e45591686dd6799fb2d13a8
17,92,4096,376832,4.507968178211,5.338802400345,830,1327,976,963,108,0.000000000000,122.220173378264,6dd38051ba400c953929246e46d3a3536e4b0a1ccafda17f29e69b14cbd7989f
17,93,4096,380928,4.504713490516,5.344557087064,1019,1226,1012,839,108,0.000000000000,122.254138038205,6d8134a8591a10026f2a2705cbe08b779c605e15857176917038fc2c40c9a3b0
17,94,4096,385024,4.519135705617,5.373921728716,959,1293,1031,813,105,0.000000000000,122.426600643364,4f17393093da56498f73542feb68476455cc8e8bae347f9c12cabd5347310ca6
17,95,4096,389120,4.506411902713,5.309448880384,1034,1110,1106,846,104,0.000000000000,122.555354760450,d1a054a10a6077ce440225b8249ec98fab881b34ec03a2bbab940599a3b0e5fd
17,96,4096,393216,4.508582142833,5.336021442425,899,1339,1105,753,107,0.000000000000,122.625902380770,143b4ee6f789886ddf2875afcf5395032b26fea71e7f5cda63b9d15cc341bef8
17,97,4096,397312,4.521396298404,5.330245838146,900,1401,1010,785,108,0.000000000000,122.738973655184,4b8cb3c07e7767df861554dce656b49dcc748bed33a716da5132af80cbe57c46
17,98,4096,401408,4.524386995993,5.398458628503,917,1353,961,865,107,0.000000000000,122.879593710454,65a59d38639d563136d04d216567b4025d51e518a2cd5cbf1c4c5052730d99b8
17,99,4096,405504,4.512228021382,5.374200659746,897,1299,1127,773,105,0.000000000000,122.879593710454,41a4b9251f588bd6f927bbc0ca3fa1a0a2e18495bc1cc7b3ee5e89b2b6d8b905
17,100,4096,409600,4.528403222740,5.424581152680,888,1290,1047,871,106,0.000000000000,122.987058087648,fb5c6e14dc01561ff13e4f84084f59a715ab7d4796376cc066506da4a90f2e30
17,101,4096,413696,4.514031155653,5.346549915579,878,1307,1023,888,109,0.000000000000,123.032464925627,01c68e89baedd91a3aafe6c0a270908498eb1d647ee698be1c416cb6474b0911
17,102,4096,417792,4.509719030861,5.309783838286,1030,1240,960,866,106,0.000000000000,123.019614097458,7913f89c9f74f1dc4e58d440d046018ac28b8e3c2fc7a5b87659ce851f3b489d
17,103,4096,421888,4.506008857733,5.324581329369,1104,1163,986,843,105,0.000000000000,122.994178046463,51abd55b216dc481d11431abe4f8c6d555791a447ef73e10fbdf458a67d9740c
17,104,4096,425984,4.514142716753,5.336292546700,1234,1286,773,803,108,0.000000000000,122.971618208110,ab5e44d36a1bb9341bd96ad6d84f1f2677fe40afb50603752c830adec0a7bf9a
17,105,4096,430080,4.525406721981,5.339673762923,1071,1163,963,899,109,0.000000000000,123.038260705362,c86fd715183cfbff13fba4ae253f935086b363fea2338622b8ad449000790116
17,106,4096,434176,4.514902343574,5.292562987577,1045,1089,1029,933,109,0.000000000000,123.072932605123,9ba33d3218a0325ecd5f11ae5736c0d37f498824fb59dc450745173572f3035f
17,107,4096,438272,4.519422312347,5.339762491577,1023,1105,1000,968,111,0.000000000000,123.072932605123,75ace2dc33786e8d912a01a82e3c02d377969506cfbfad61d70bdac0a351d088
17,108,4096,442368,4.520076733989,5.336384572676,975,985,1251,885,111,0.000000000000,123.103345645814,8fa8d1e34ec7985b047e2ccb488e5c63eb7a89e00329dba4dbaa03d428a8c715
17,109,4096,446464,4.509241175451,5.289386088521,1049,1154,1128,765,107,0.000000000000,123.176491221540,046b1f187f46e9b2075b69d03da2ad2b5e1e559d1de933840e93dc4b2c1b426f
17,110,4096,450560,4.515433398267,5.272547557911,866,1186,1263,781,102,0.000000000000,123.289193784345,399eeedca337ce9400cc933bf45e9cbeb1cd8845e8f18b1975d7aa040a89ecf6
17,111,4096,454656,4.543413884320,5.374565693530,884,1314,1065,833,106,0.000000000000,123.380067105027,bfeac032024244c86bce2fb39ce48e61efa853df840ecf843e534b708af99b66
17,112,4096,458752,4.535533424732,5.400919831742,1011,1217,1029,839,106,0.000000000000,123.451336074667,f946b542cfe62b7aaacd06daea9405122a414a79de3680264887fc2be4927a01
17,113,4096,462848,4.536297492682,5.369501005884,915,1163,1221,797,108,0.000000000000,123.477647705379,acf1ac9083da2ba71f4c8bb95f8cc2c533cee51f667c2aca08d5c001ed79fbe2
17,114,4096,466944,4.526882276876,5.324275689534,871,1234,1267,724,107,0.000000000000,123.667513657275,9bd395f76e15e5e0bdd28c5918d1f6b72169a317e3b6920fa50670108c5ecd37
17,115,4096,471040,4.537023045761,5.366344624451,1012,1215,1115,754,108,0.000000000000,123.741853881093,3751505f64827580a28c3674b18291b284efcdf0a89456933d8a2104ac5542d0
17,116,4096,475136,4.544941653101,5.381056163184,808,1323,1211,754,104,0.000000000000,123.949243729235,10bd1cf8334a7d611028462bb02c26047f19b1fe6dc866d1ac76819f1ab61410
17,117,4096,479232,4.534937789383,5.334689145815,760,1374,1173,789,107,0.000000000000,124.156340304130,cc803558662c50448489a634785065951f401cebbc2d4b13c1bb44fa60f5c681
17,118,4096,483328,4.538652746153,5.354875144766,1106,1204,1107,679,104,0.000000000000,124.362174952269,dfbbfb0565ef05b2efca2ca298a31c3c33d5a90e83e7dc5f651bfc257e5bb1cf
17,119,4096,487424,4.533700558434,5.355136218111,996,1179,1241,680,103,0.000000000000,124.470472619806,6bea48a7fcf782ce34aae246a0a2da1bef80f545bd792d0f548a0c3d65f9c94d
17,120,4096,491520,4.542004278436,5.354938012183,841,1289,1152,814,104,0.000000000000,124.602823626269,81bed3536e713b7d84a7c8d43a14c19248cdd7b48120ffa0f45c1525f5defce6
17,121,4096,495616,4.543316882472,5.377457471294,815,1254,1101,926,107,0.000000000000,124.741603278035,a506bbe49b18f01dbb138a2f3531516f706bbb6967d76040b467dc18ba5e2cfb
17,122,4096,499712,4.543353916564,5.353721330319,1152,1431,814,699,107,0.000000000000,124.863999524170,d47e0b3b77b1e9e26ea904a7009cc6126dbb78d8f5a3ff29a30e1e7764b31ecd
17,123,4096,503808,4.545385895449,5.363317019298,1147,1295,918,736,105,0.000000000000,124.945666133722,2db31c5b21ec1a49cd10d9f2d207aa01c970c8bea3030441bb5c6ea2a74b5fb4
17,124,4096,507904,4.548177283681,5.374775540974,1282,1298,937,579,108,0.000000000000,125.005156488085,927b7dcf1f11e18482575631cb00748aed6c2feb1cffbee82e7a51c32f09b305
17,125,4096,512000,4.542609890625,5.378211046874,1060,1393,849,794,106,0.000000000000,125.059649412649,542a7e94a2d02337956da8222fe766885a6e2e34f49af2469851bdf26bb52f14
17,126,4096,516096,4.541295955984,5.376327378622,1036,1422,896,742,108,0.000000000000,125.125433616497,4824db5a2f7bd36df41399dc622c3dfe01438b366c177476b8a328d5b77290f8
17,127,4096,520192,4.559469994808,5.369929295639,758,1296,1459,583,102,0.000000000000,125.130146608775,837946c2cacda472a8012d761024f0afe30963805da20f0b108749ee2afcfe14
17,128,4096,524288,4.554015798641,5.378005577376,919,1181,1332,664,107,0.000000000000,125.286093827600,b0ec6e8aec6a6478f31a00c30aea8ae7c33dfea131ab3f4567dfe59a412285c9
17,129,4096,528384,4.553525427724,5.382688624960,879,1231,1266,720,108,0.000000000000,125.472976855056,29e1cd8e467d0a781fe1fff99ae16a0369f54c08c2f01b852bcbad4b47bcc73a
17,130,4096,532480,4.545748065452,5.364469800870,1014,1226,1126,730,108,0.000000000000,125.650969517360,2df266cc867a5d0805ad8e1959eaa1efc3e2f33a7c1fd7f6c4e8ae7742bb4429
17,131,4096,536576,4.545733764296,5.347749998591,1274,1224,891,707,106,0.000000000000,125.808315963368,ad74b5c77946fa9ca4c36801523fd65e9cfd8361e87e6fa6406e9875e62b5f1f
17,132,4096,540672,4.546656455402,5.328782559888,1557,1162,847,530,108,0.000000000000,125.808315963368,74187eab78cdb64371719d29efda5b1d25afe3a4380e4e0409744665c0c097e7
17,133,4096,544768,4.541800390460,5.331175682933,1139,1100,998,859,110,0.000000000000,125.950939601530,a89db7ee0a69d6ae82769089169da20f0264ea709f9e1edaae53e87086f7e81a
17,134,4096,548864,4.559574677140,5.398924196843,794,1415,1194,693,109,0.000000000000,125.950939601530,162c8e3169ff39038189b73ff98886e150213fc906734e13ac5331aeb0847261
17,135,4096,552960,4.559498168634,5.406616209691,969,1458,1068,601,109,0.000000000000,126.069748762766,ea97284835ae507491310cedce9cf00155d1e86ac586d43d9b87c13603fa1d5b
17,136,4096,557056,4.545523090692,5.316608476051,942,969,1182,1003,104,0.000000000000,126.185023003470,2fc825439d13ecd26cd1c14f7ce50ed113480311ac67a3f2383cfca423828f13
17,137,4096,561152,4.545366553761,5.393891508015,1023,1292,943,838,107,0.000000000000,126.283769244298,de657c8d9c56248fe7230c88594771320c24f6188c9d59f84d44c2e977fb7809
17,138,4096,565248,4.558840507583,5.358541717831,856,1055,1557,628,106,0.000000000000,126.381910558601,a580487b489f44e308a218c6579561154e1e5734941bfb9d4531a7776e91c48d
17,139,4096,569344,4.557238446937,5.352139334624,814,1224,1407,651,108,0.000000000000,126.471143642579,76b5f29c64869af966827e87f7b095d23a030f7b33e8de867b659e8f4b8ba3ab
17,140,4096,573440,4.567971583077,5.380710551059,1184,1266,1040,606,107,0.000000000000,126.471143642579,0b94377a420ec530ac8dcd4391ceb54df7611b83042787e258f3a68333a72273
17,141,4096,577536,4.565162098007,5.372728958433,1542,1160,702,692,102,0.000000000000,126.556962765503,88185d4c2efce3e8da1911f9551b8d1f8765095991d90b2f3d06daf74743e6a0
17,142,4096,581632,4.569877283673,5.389026224535,957,1134,1421,584,100,0.000000000000,126.632376949902,cf48de0bf52843797990f1bb3ff662be037312edbc60fd1222e91af406c3c79f
17,143,4096,585728,4.562922025498,5.398525016054,990,1275,1045,786,101,0.000000000000,126.695120781274,93482f611bc87ca996391039ab1251efd438efded5b6a96fa8c895fb14831e8e
17,144,4096,589824,4.572445203343,5.412014211808,1316,1463,713,604,102,0.000000000000,126.695120781274,fb6409b481dd91559b1bc1e6cbbb954061c96f2a56ac664ddac104f8464d963d
17,145,4096,593920,4.564527749499,5.361228185497,1316,1405,881,494,102,0.000000000000,126.747714397750,da8515bb14151a0990f33c42b7d0143ab8a474e321c7f5001db1c0c6a8c47b73
17,146,4096,598016,4.558931223236,5.402151162477,1137,1322,1023,614,110,0.000000000000,126.788970753508,d5afc5bc010410bb7419f56f7146158c98ffc1474de966d1ffd5b1da331bd05c
17,147,4096,602112,4.562943696887,5.354628303175,845,1325,1314,612,104,0.000000000000,126.822783012309,b2d81e53e124f3a200681ab1e95743c02c1c151e1a35633b903471106bf11bbe
17,148,4096,606208,4.559131218879,5.366829563015,892,1475,1072,657,103,0.000000000000,126.853050216968,b584ac2178490f71ef90775c3d4e6395a1f74a00798e7c24a0da01f9b00d5441
17,149,4096,610304,4.578556702372,5.443676028236,835,1695,1061,505,107,0.000000000000,126.873567999321,9718281178936d56465b02153ea6d2bb73b5d72eba9281981584201c870eeba3
17,150,4096,614400,4.560562898636,5.399926887511,994,1544,810,748,107,0.000000000000,126.882866082553,64cae8048d398a2d90bd1b6a1ab093c43d48326cd1dcb9720b2d88f96166e5c4
17,151,4096,618496,4.584520962477,5.430645373344,1155,1589,655,697,106,0.000000000000,126.882513192886,a4ed5bc1b8d5841764c99ed7b2cdc696bee2b9d94e36a29c7d5d025ea3981091
17,152,4096,622592,4.569863397819,5.360772438933,1004,1177,1125,790,108,0.000000000000,126.882453007794,b85ebac64233275fed001d64832604f36d6e02b442a19b49f369d938788bbb5e
17,153,4096,626688,4.583230766738,5.410689668513,843,1390,1303,560,102,0.000000000000,126.872062342721,6b50bc113ea4200e95babeb1588874df6f0bb6e2557ff6276275a6aed93750e4
17,154,4096,630784,4.578212008898,5.425721082466,897,1397,1448,354,104,0.000000000000,126.853116796474,e4519f30bc13c63ce26b0bdd27402eb313254bae00a7acb8e4a38ad6a91da81c
17,155,4096,634880,4.586890293517,5.420200822506,1154,1253,1270,419,103,0.000000000000,126.839147306836,53fd87e0001f8da7cbecefbe10bbc80828584b5f0e7f3ed8d5edb3119199dd62
17,156,4096,638976,4.575087159653,5.364235845643,976,998,1282,840,103,0.000000000000,126.824558610603,85a0586d9f13dc621af1f100a3a61e4446c8e2865bc9a84a0263a5e4bd1628c5
17,157,4096,643072,4.591168925232,5.424023357177,1184,1382,1086,444,103,0.000000000000,126.811428783992,b7f842456e278854f0f9b746476eef3e890ddf97cc1f94b2bb9618908df663a7
17,158,4096,647168,4.569978058075,5.348303833861,1365,1111,1173,447,102,0.000000000000,126.794989381983,462bb947f279b2cde71247a6ba03131e990d3dd2f88b056bb296c40bb0e37cbd
17,159,4096,651264,4.566719951435,5.326921797929,1339,1082,840,835,99,0.000000000000,126.784729955620,14f858586ca16ae463cb7966d61482d339366df75e1c78646198bbb9e8926bd4
17,160,4096,655360,4.592231764993,5.398829892005,1357,1187,1196,356,101,0.000000000000,126.765271325842,9fa9e24e8acd87562ce572cac2d76218889757434aa2d2a69c07f831a250b6cc
17,161,4096,659456,4.594224178708,5.424487535143,1340,1159,1120,477,103,0.000000000000,126.743569648401,6b687b1222db491bc134cc3d4def015ce8d40e9c4cbb18199c128aca890c0b36
17,162,4096,663552,4.595521641214,5.405434221107,1576,1123,1041,356,100,0.000000000000,126.713726062071,4bb0cb901c19165db183f5f18de9ffc0fb7395eedc4b6a82e3d584a2ec56c31f
17,163,4096,667648,4.590777481294,5.396894593146,1386,1317,813,580,102,0.000000000000,126.678232240124,4b5075cc51f23c844ec3763c86aaca144c5efd5204362969e7c6e6204acd68a5
17,164,4096,671744,4.592096248302,5.408660383833,1425,1391,595,685,105,0.000000000000,126.635755272325,7287035e011bf2f9aacecf941ff6c6360b9f2ed19cc31562d1f8bd59fa4ff8de
17,165,4096,675840,4.593362306273,5.414521490716,1255,1394,985,462,104,0.000000000000,126.593036080339,493691cf7258e633b771dc157e7e0babb80e58038c7493714ffb2fd9cf4605be
17,166,4096,679936,4.593777896813,5.423251723970,1607,1423,725,341,100,0.000000000000,126.550641639454,5a0eaf15620b8b69c9163a49de71487df7a7092c7a144577185285d40fb42737
17,167,4096,684032,4.583710440466,5.394590785300,1317,1453,797,529,100,0.000000000000,126.550641639454,771d701e4d3029ba64dc6d726844c1a618798ca98ac12ff085eaa90f71286b0c
17,168,4096,688128,4.591188890699,5.402715035453,1145,1603,778,570,99,0.000000000000,126.482419055969,768cf0d91b35891be74dac8c290f335f5ce51bbcc429c5ec208827968cbe00cd
17,169,4096,692224,4.587722003718,5.401847975809,795,1471,1038,792,103,0.000000000000,126.415612667674,9eab7d65031655dbfbbaab4394a48da20ddde212c56f128466de831481cdd64a
17,170,4096,696320,4.583949765865,5.378155997052,1059,1416,865,756,95,0.000000000000,126.353107203310,cafb44ee0608ff9501ce427cf60e9b1d2a0744ed7e631b0972bf80ba42b3b10b
17,171,4096,700416,4.600578493677,5.441005869239,1016,1593,840,647,99,0.000000000000,126.281922839087,bf674d91aa82a0751d2d0ff3878b10f6a391aa7ac8e00193798c6aa7deaca208
17,172,4096,704512,4.604467587859,5.440139882687,1249,1620,721,506,105,0.000000000000,126.214365637669,9600e095f3ebfceea52e6fddd962b861ee2d9d889a6cf524288bb7c431040864
17,173,4096,708608,4.595170944141,5.396011413283,1228,1332,787,749,103,0.000000000000,126.144308187221,1f187711ac51458db4ba1cee44e082e93283848337c6f9ed1510cd9519e8cf96
17,174,4096,712704,4.573015162098,5.340823343703,1393,1176,921,606,101,0.000000000000,126.065158329319,5e8b105b5560fba0e102bdeff2b932338c470819c212cbaccdb6df88f802cf21
17,175,4096,716800,4.597372244008,5.433243370562,1016,1477,806,797,102,0.000000000000,125.988138538719,1ec3dcb673414147f0f76c157b5ab0c4410d7389abfdf0c26ea116ca278bd901
17,176,4096,720896,4.585665183314,5.410905850443,745,1568,920,863,101,0.000000000000,125.911383406213,03d368d9a37c74ff8fdc65afe30ffee2a597ced1381c8bc2ad7d4e830044e8df
17,177,4096,724992,4.593610076894,5.425986206014,976,1858,586,676,102,0.000000000000,125.838991039387,182421fe90231c4ca22ee8c7ed9c4ef641f2134d13c3a5c60b0c2bec8533ed16
17,178,4096,729088,4.591204596632,5.413068386529,635,1617,999,845,106,0.000000000000,125.760625976746,8102568946ff8a559726c898f1b84be46f8a4188420a69c8fd6565f668e6ad9e
17,179,4096,733184,4.594048655717,5.420416302556,898,1503,1009,686,101,0.000000000000,125.685171128738,155bb1b5025335ce5c1d76ad0c66fe1504f527887cf246ff42d395cef19cea6a
17,180,4096,737280,4.595273712737,5.450255495481,1309,1572,656,559,99,0.000000000000,125.611905959377,a0cf9f2d3bd58967ee8b23f75dcd29901671265a5983275b7044d2fc9dcef0ba
17,181,4096,741376,4.596486943666,5.429804708258,1399,1441,597,659,99,0.000000000000,125.540120191753,1e187afee2731cd48e5b11358e01ae4a613c6150a013ebf596fb2c25606602ad
17,182,4096,745472,4.592157295870,5.396078402229,1494,1278,828,496,108,0.000000000000,125.463482357442,c945b1cfe97070314928435c92eb4e648d0ef146396dee345237db4e0614bdbf
17,183,4096,749568,4.596161034780,5.422274021931,1426,1543,890,237,106,0.000000000000,125.400234022678,7754031352063e7d206f3b114a1cdfa5fafa05d3e48900f59889e35b30504cb3
17,184,4096,753664,4.596241794067,5.404323133301,1420,1582,630,464,98,0.000000000000,125.336026293176,11fc144c792997383de3a3d8f889f1486eaac6bb7fc6ec9b0cf53d393fc5241a
17,185,4096,757760,4.602551344502,5.440840631916,1440,1479,597,580,105,0.000000000000,125.273301913151,5be9c027f2ce12627c417df3e6315da52aa7b476070d7f1a709760869da5769a
17,186,4096,761856,4.593352782566,5.387722165421,1256,1134,1143,563,101,0.000000000000,125.203768527383,af5165419a17a6f19b224f3b8d002f5dbbf0098c1d355a22d4d2706e4df50366
17,187,4096,765952,4.592793629548,5.384378131471,1268,1228,908,692,102,0.000000000000,125.141525227687,4ed4a5e1092813019874e984ce02836b12c7537ea5fb56740b0dd95ce4fd7b36
17,188,4096,770048,4.616220989541,5.457689622227,1252,1330,984,530,100,0.000000000000,125.078501927105,83fc359e49c16186df27e94bd7c85000a8f9e610c31f9888d5309375284f6b4d
17,189,4096,774144,4.610413318276,5.456028761386,1105,1347,1254,390,103,0.000000000000,125.013654245948,36d8be0b18c86ba9ca2e8457ece45584c182d86ff423f1c683be943f8282ab11
17,190,4096,778240,4.593663755854,5.417521722635,791,1455,1317,533,103,0.000000000000,124.951107384647,08a1b460560e10050ebc31468f1c1411cb6e2cc37b83d6948fd935121e9d4219
17,191,4096,782336,4.592580448076,5.386786147771,1427,1293,948,428,102,0.000000000000,124.882836505740,31b08608d1eba48e7a220fc06545ec8005dab72063a7cc63f25cb5d82cbe9b92
17,192,4096,786432,4.590093950551,5.390608224078,972,1668,991,465,101,0.000000000000,124.817783110920,3dfd02181a13668935ea11dc3a44d433fe43ac3d76729be32356f1a1d5bdf94b
17,193,4096,790528,4.590325712103,5.431088981223,1151,1447,844,654,100,0.000000000000,124.749832832289,fe6262609f956f167545513b9eeda392137c98b77f7fcf2dc115d14411dc48b3
17,194,4096,794624,4.600655446143,5.412822468168,1250,1519,1012,315,101,0.000000000000,124.679844819709,e01c447dd0d2838a4ae2aecd0147e43cd615848763f05b3b26f0e5327f111b84
17,195,4096,798720,4.617576036404,5.450951606553,937,1733,1085,341,101,0.000000000000,124.627405069645,1508432f76ac0704bcc0df4c1f8921370ac8c14913ec2dc71ca0f2a83abb0bc0
17,196,4096,802816,4.621323520474,5.460521620957,1170,1825,828,273,99,0.000000000000,124.569827381393,6001c839b030f55c7720fa3c7b5604cc8affc81e8f3909fcaa046647148d568c
17,197,4096,806912,4.609243053279,5.432947799054,1163,1560,1072,301,102,0.000000000000,124.525696502274,e7b77bb39db8d8c4cd097bd56fe70a28bd1a438ea4bad5011673da0d7b091e47
17,198,4096,811008,4.618353193871,5.455380060640,760,1862,1209,265,96,0.000000000000,124.480002380187,b5294ee22bd430ac73ea7cd3a37bd01d31149e17927ef83e644a208114ab4d98
17,199,4096,815104,4.611612604559,5.454453836203,1197,1506,1076,317,101,0.000000000000,124.426872685475,749e5d82c6e6759d005e477475c232aa2f1bcef0a5b005a843b2ee32aa2ced24
17,200,4096,819200,4.616101621401,5.464206778573,1325,1469,902,400,100,0.000000000000,124.382946389071,729df7b1626f3fee26e8502cfb931c6bbff2f881ae4f09e0ea216d4d4111e7b1
29,1,4096,4096,4.440547473346,5.164740186354,1006,997,1084,1009,111,0.000000000000,33.053052396939,208b5cd873339a7ce4b31b30f0967597a62a44aef4422a291b3a33b0740cc4da
29,2,4096,8192,4.440392831710,5.215457069027,1000,1061,991,1044,106,0.000000000000,49.575716899652,f85d50fc9c625bac80b55bd3f1a16fc2547c996fba2ebe78b7df60cc048305b0
29,3,4096,12288,4.444769191299,5.198465437069,1015,1016,1058,1007,105,0.000000000000,60.375266193946,f28bc5bd694200933148411c342b72a64c4bc099f6e28326fc59c5f603d65573
29,4,4096,16384,4.444957161762,5.197869662672,1021,1019,1044,1012,106,0.000000000000,73.129081375331,24dcf3c083c7bc3cdd4c7ad76f25a6f828755da0109f4da29f2103454ee625e4
29,5,4096,20480,4.447196452284,5.205200848197,994,1023,1061,1018,107,0.000000000000,76.582055708999,cacb2c88b51878460d4f7fdf6513392f1e47022c4800aa230ae654463ac17d14
29,6,4096,24576,4.440288065613,5.205998453857,1022,1017,1050,1007,104,0.000000000000,83.419355383221,6e57251657da182bea55e751b19842a2388e7d3d7f043728f2d146850729e533
29,7,4096,28672,4.439546604803,5.185343157494,1028,1038,1031,999,109,0.000000000000,89.471355443900,9d5466bb185c9bf314b8c3c1affb62a763f9301134ad5a4d561996c8b1450656
29,8,4096,32768,4.444043259841,5.189571965144,1046,1026,1023,1001,109,0.000000000000,92.725789668620,b1a5a74c248bd0706bd52844a646add4d0fe84a86cf813255d0ab89070ddfdd0
29,9,4096,36864,4.436679645116,5.138776197652,1033,1008,1014,1041,108,0.000000000000,95.707776915589,d58cc39a50335150b4ecca6cc76b3f3c4b4c97da89691d9a04726aa47714dc88
29,10,4096,40960,4.450424632673,5.201295698659,1053,1030,1045,968,103,0.000000000000,98.739895636270,1b33e226dcaf44fca1a88b0e3c7445d7f85439f434a3ea887827eb10767cd826
29,11,4096,45056,4.440884789364,5.161174899645,1052,977,1057,1010,112,0.000000000000,101.825862052523,849d2e79d03b06854148658d47adf108bdff971a950d992fe711d6c47e08186f
29,12,4096,49152,4.439115124703,5.178537158967,1091,1026,977,1002,100,0.000000000000,103.297481622040,48b3610d8cabd51098ff11fe02a3cb042827754f66c186c5d54a099c334a59cd
29,13,4096,53248,4.439107355427,5.152103738113,1063,998,1006,1029,103,0.000000000000,105.983506762450,643a7707fb949d6e4ceaef0423fd6e7a2eed6167850534c2d75573e6d5ea415a
29,14,4096,57344,4.444803800800,5.199950066481,1060,1017,1016,1003,106,0.000000000000,107.739933845827,02affedf6e6a102cdfbf0e43999d4896a32fe68bf40cb2d17f2e664c5e345cfc
29,15,4096,61440,4.441569499308,5.199975262856,1003,1080,1046,967,107,0.000000000000,109.539682580372,62d8aa17e862b2a69168735bd510a8c5ec3f86da1d59d7d6bf2b2798ab330b70
29,16,4096,65536,4.447542014477,5.198904386033,1024,1041,1021,1010,107,0.000000000000,110.813633849388,f2eacc8f4565ad52fe2317512377d0ef677dab585dc27118ba3992b879b6539e
29,17,4096,69632,4.440622239956,5.173271674669,1050,1002,1037,1007,107,0.000000000000,111.558832187564,cb332de2ddbf03983f5c9649bf8b96259e23b146b729c665eb618c1b447da521
29,18,4096,73728,4.438267694748,5.180633278993,1014,1070,1000,1012,108,0.000000000000,112.693744891267,7346f3f167946cd185df958b73123f3a0bc565859ee2c993aa28083796e1f757
29,19,4096,77824,4.452949349370,5.203586948262,1090,1051,1010,945,108,0.000000000000,113.498850819688,a6bd2eacb316f018e99a2b833c38b459b11ace9fdcc0bd414a63ef87fbe9ecdb
29,20,4096,81920,4.449772759115,5.194103243490,1086,1055,1051,904,110,0.000000000000,114.034155138345,218235ce27448b76b6abc6c4b77a9dac0f052e5146a4c6a152ebdc663639789e
29,21,4096,86016,4.441655964790,5.177862140410,1069,1048,1020,959,105,0.000000000000,115.207470310744,a426e4ee11b21edee4365a62d1ae5a0448527a20f956314233f765fc36884620
29,22,4096,90112,4.447840084801,5.193277819674,1068,1057,1013,958,104,0.000000000000,114.705431533904,47c38eb2b3b94bf156c7402d56714fec3ae2bfe959eb95e4068dbdd934402ef5
29,23,4096,94208,4.450451708922,5.199156933344,1018,1001,1063,1014,105,0.000000000000,115.302678855486,9b1a286ae1809f6efb6c983e8010cd0668a512638fd51bb45a01f750be45f161
29,24,4096,98304,4.448686643272,5.188903311370,999,1086,1029,982,110,0.000000000000,115.856020832167,e24365cafb6e2952d3630826519a4e3e628e6fc03945898d3279cec8c7c5a5a2
29,25,4096,102400,4.441357421469,5.181147459312,998,1085,1006,1007,111,0.000000000000,116.236468974250,668dacc471fc7a17a8e9974d4cb1e8f8d6632198cf30a58575271b79992ed688
29,26,4096,106496,4.442708042757,5.175878557749,1010,1039,1027,1020,105,0.000000000000,116.839999660987,36e8f14d5ff5fbd6c251502eb8f9a5375f8f314e48660d771f3cffcbcbe4db8e
29,27,4096,110592,4.448682438479,5.193699968760,1040,1025,1066,965,111,0.000000000000,117.235459564823,c413f000dc9e6c3e73edd82be5d3c20cfcf2f4f9368bb62affc490347a313054
29,28,4096,114688,4.440562372334,5.180823708084,1064,1092,1084,856,107,0.000000000000,117.751354370105,d3851eb288d2b55ed521f4168258b05855c0629be72cc4ac25f562d3a21f83be
29,29,4096,118784,4.457089589691,5.196065878295,1044,1047,1015,990,109,0.000000000000,117.536894265056,0db66c57db38046044678163b74531d3ecfc1503a73f3394bfeb561eea0fe07a
29,30,4096,122880,4.440588667910,5.167094906016,969,1071,1040,1016,107,0.000000000000,117.777364511402,bcf4c2f6ef58ff9911347847b02763d2024087c73f7814119a4e5f718605c109
29,31,4096,126976,4.451190791142,5.190877910664,1046,1065,1040,945,104,0.000000000000,118.015730789529,476b56f45f21fa97b3f67bf7b8b646d96e9f1280719631e2b17df332fd405dc6
29,32,4096,131072,4.453688513337,5.186185205691,1078,1006,1035,977,107,0.000000000000,118.266757384582,dfbcfe7976b42964a77745e0c2580afbd5c537165e76179b76ef49628944b85c
29,33,4096,135168,4.447464263073,5.180221310103,1096,1057,1027,916,109,0.000000000000,118.631237973671,fc3b0a5b7783427af255a77d50b74fd49d7d7e2fc1a801dfd03334497573696a
29,34,4096,139264,4.453131025672,5.203544610500,1069,1087,1050,890,106,0.000000000000,118.770981562686,08d2d8158b8d60021160805a114c3614d05299504f9694e1f0c2c94e1cb53453
29,35,4096,143360,4.447809656896,5.184274760396,1008,1172,1044,872,104,0.000000000000,118.865976987580,f902c83679732728daba30f72febfcb1b80fdfce1ea1ae0a568316a55a0cc5a7
29,36,4096,147456,4.444555454880,5.171312151553,1103,1066,969,958,109,0.000000000000,119.422417129161,25b5b1a79cd47655f8684720bdd69b8c0171edceba4b76c514df0265b4d17231
29,37,4096,151552,4.444024454902,5.180000163357,1045,1119,1016,916,108,0.000000000000,119.282224488558,64caeac7c89b78bdc84c5c89cf817fd081b6257efc952d605406d3ff1d28e8b5
29,38,4096,155648,4.454205535906,5.199578002997,1004,1121,1011,960,104,0.000000000000,119.194121375406,26b552d43e8466eaf2a3b61f90b72c7d6dd097f58c9e9a123355e54d44c2d130
29,39,4096,159744,4.458237612417,5.183261484826,1052,1003,1026,1015,106,0.000000000000,119.087493407471,a6335c3a664983542cd6bd1c1fd8e754fa692a28cefb75168fbc1f87a4984b71
29,40,4096,163840,4.459872353978,5.226887365131,1034,1087,1042,933,102,0.000000000000,119.231226778447,adb26cca8d5abd1ce0bdb8397f824b2ffcca32809185aca3cfae025b0025128e
29,41,4096,167936,4.453616548192,5.213117071676,1018,1158,1033,887,108,0.000000000000,119.204723983712,9530b72bcfd92ba90f22950d821c7e8796146e8bc3d6068c084a37275a01f6c7
29,42,4096,172032,4.448805903068,5.186906229458,1125,1128,1008,835,105,0.000000000000,119.248413398526,62015eaa3a36a14e151a8634b23201bd7a954a8b90a084951d5639dd3d44bbf8
29,43,4096,176128,4.450822180004,5.241843407515,1041,1161,1045,849,107,0.000000000000,119.213128128691,74e95cf8868a099d060e9ff9fb7b952244498a9a370c0c6592f644c727f0854c
29,44,4096,180224,4.455105030535,5.206613969798,948,1139,1070,939,107,0.000000000000,119.402729668842,686a79623257a25eb7441c8eb72a2b58e115835e53eb8596adf5679b2247327a
29,45,4096,184320,4.457215725491,5.210464464463,980,1093,1087,936,109,0.000000000000,119.385132531948,5e98eb76904182c3b198a81d7bb8ae9c7cadfbccfd5f6fb72e11de073447d107
29,46,4096,188416,4.454608312830,5.213269677100,1031,1108,1083,874,103,0.000000000000,119.524684300299,92c7439541c00f73c0b51f356be3a0053894f4ffa969746f8fe0f5393c9550a5
29,47,4096,192512,4.455321416499,5.206889181619,1092,1075,983,946,105,0.000000000000,119.281748045826,0dcb065f961b8a24b2d836d0a717a706db62261ea364f933adb2cf528e2e2c4b
29,48,4096,196608,4.463906742116,5.237120132526,963,1134,1097,902,104,0.000000000000,119.298758411569,18b7bff76465c9ab041b6e683fe0bb8fcbddae0dafea1900d4efa2660726eb72
29,49,4096,200704,4.454766962679,5.217708475715,1028,1127,1105,836,111,0.000000000000,119.469163060080,d4ff29dc9d1be54c48530a82b9f7766d40104ae19a180458fa58e4c19b4c800a
29,50,4096,204800,4.466058999540,5.255694494254,1015,1124,1021,936,107,0.000000000000,119.264560991107,2d239bf43ca64bc74a3fe1142fcd34368f46c14a1a1786fa9b1126de64493f7f
29,51,4096,208896,4.472788695869,5.243666013945,938,1131,937,1090,104,0.000000000000,119.414913301936,17a1bd338d119337989a5eb2aa92432ebe47888c0adb7a7a2cbe4d5a5e253f6b
29,52,4096,212992,4.460889265384,5.240434014662,1049,1190,989,868,108,0.000000000000,119.542598531351,667560866f0e0dc677a27afca7d746e91eefa9251959e64d7ca76188226e34b1
29,53,4096,217088,4.465947037243,5.252977602096,1009,1240,961,886,106,0.000000000000,119.386620886507,596bf68548bf915061662494f0fb63e6ec0584df72e6e78322e8709ba966d3ef
29,54,4096,221184,4.470957039841,5.250628940612,1007,1161,1051,877,109,0.000000000000,119.372302129889,f630479b5eabc47d270cbede10dffe6083f83f3c992bb430d329f9e7700cd03a
29,55,4096,225280,4.461060206260,5.210961039882,962,1169,1060,905,106,0.000000000000,119.165417575603,527bb3f82a71a2032bc6cf0ff340801e18fab73ecc228d95a0486d8336b51913
29,56,4096,229376,4.458722569599,5.240026020583,1051,1131,1072,842,108,0.000000000000,119.299329944386,9f410b4f8e12b64222163c6f828fd51652f6cce84c17303bb63dc9964ee86cb7
29,57,4096,233472,4.460766262546,5.226761339247,1104,1088,1000,904,104,0.000000000000,119.258731916391,70aed919a78d99c23b8b896f62b17ebab27107e13ce33fcfa6e99bfb646ed09b
29,58,4096,237568,4.473161304787,5.259128129303,974,1157,1071,894,104,0.000000000000,119.058697821866,8775e94c21bf01db0780e53580cf10ffde21e4fea37dd4272db7795d311d1634
29,59,4096,241664,4.476829682213,5.259610232758,993,1184,1074,845,108,0.000000000000,119.034038698549,e299e7d25645381c7e37e2202c65a6027d0b42a98d67ef8bd3222de81b35c675
29,60,4096,245760,4.477411444946,5.249530057128,921,1227,1072,876,108,0.000000000000,119.232502758167,83396b0ecacb2e7807682995c427418e8b1d40fc2237faea40b98029f88fffe5
29,61,4096,249856,4.473209492060,5.278563065895,1002,1260,961,873,109,0.000000000000,119.243353197208,e72d99cc9d325630930c6f1a93492b2b6fcd53065d7dd360e8b0d79dc4f0c7a3
29,62,4096,253952,4.477706146447,5.277032105319,993,1205,1067,831,106,0.000000000000,118.948407730863,940d4bb843e3b664ea86ab6cc2759008bb6ae09e1a23ec94a517a9c521ad6485
29,63,4096,258048,4.475216794151,5.260359852387,1034,1101,1041,920,106,0.000000000000,119.455882086717,0778725765e99ef3c745936c5023e662a2b7430b04a1f4bf8d8e69fc40241355
29,64,4096,262144,4.474041596573,5.255061405825,1065,1206,955,870,106,0.000000000000,119.676025687954,d1b90751d0dd59688a17cb1951080979e73e0bf0bb53fb61952b310882541ff6
29,65,4096,266240,4.467883949289,5.253663238563,914,1243,1036,903,106,0.000000000000,120.029467634517,206ba78ac2e1156e6f1a785f3ffc979af4edcd51435697a97dedc74f8e516131
29,66,4096,270336,4.485010627461,5.279390654376,920,1240,1039,897,106,0.000000000000,119.854989283800,b12b0b4660cf045978c44f5993d4e4a9994a3bdf8e864689ce83e71aefe6f4e5
29,67,4096,274432,4.493138620697,5.299911416383,1050,1151,1048,847,109,0.000000000000,119.892427892634,a3e3ad2c30f620e0ea7c6d118aea0663427ca146618bea30dc428593e6ae63ee
29,68,4096,278528,4.490671168418,5.326255474452,978,1294,962,862,104,0.000000000000,120.211175120116,0aa1508ca7cd0ba5b04b44e2e635d6a9fb35f9736b24b1b032f753e8f18cfe7d
29,69,4096,282624,4.483599448444,5.283926602369,971,1162,1108,855,109,0.000000000000,120.301055599771,a3dbafc3f5787250835f6f7dda00a5e9b0c0529f1789990c241fe815b8a525e3
29,70,4096,286720,4.489316150673,5.307455520662,1004,1193,1065,834,104,0.000000000000,120.520198286414,503ef921658f5eac21d7c0c293e331abbb1fb94168ad17ba5798cfee97fa5e53
29,71,4096,290816,4.479998684719,5.293781359970,953,1364,955,824,106,0.000000000000,120.775796423116,33b9c956aa4772c7a1c2fe502de96c4f37a19e356ec41cc55cbf15da3f8a7c2a
29,72,4096,294912,4.489503839043,5.310123754609,939,1251,982,924,106,0.000000000000,120.842772979428,15b37926fed9bf23b40932f1bdf269f42fdee1a37d58a17624987b52f9d86cdf
29,73,4096,299008,4.494712118854,5.327221522293,907,1252,1078,859,108,0.000000000000,121.209978792104,c7aefbe45eb97124e6d4865ccd52609752e466de9e3b66fe5d150083a9190f68
29,74,4096,303104,4.483530470045,5.292439751275,935,1245,1119,797,109,0.000000000000,121.353951579633,cb39ea3a812786119235afe8b31e739dffe8e5ecf151e583045921fd8b687847
29,75,4096,307200,4.488853089659,5.327829350825,941,1321,1019,815,110,0.000000000000,121.370170194133,67826216ec15036d54c2bc6162743f11bdf1d3060851c24160a34ba013623788
29,76,4096,311296,4.481967397945,5.294503380842,1058,1159,938,941,108,0.000000000000,121.285812325989,7b456fd085aa26a70a03e1a6d30611a407bf790c59ed0646ee92ea56156e70ae
29,77,4096,315392,4.481711489262,5.280110117205,1040,1101,1019,936,109,0.000000000000,121.398115631845,53e8fd927ad4e3ce56ad9e6f92acb8d7121fc20a699f83886a1e9fdf3a462722
29,78,4096,319488,4.484566117896,5.292054510648,919,1200,1070,907,109,0.000000000000,121.592357889004,0293fa3cf7e9db09a0e288cb21a59f1aecfc0741728b24288d5780ce6b7405d8
29,79,4096,323584,4.495584312511,5.306600433638,947,1178,1032,939,108,0.000000000000,121.592357889004,b03d9b03ca3ede7f4dbd75fa2b41fba0e626f097b20f386c0ba6dd49e6e2a855
29,80,4096,327680,4.492429836589,5.325123643230,867,1274,1106,849,108,0.000000000000,121.829985078078,481b05bd925f7c019dcc08c0035b15bdab6971eb5268a4b91c806eaeb13e4533
29,81,4096,331776,4.501363387846,5.333948668573,837,1309,856,1094,107,0.000000000000,121.881662879106,612e58ad3c4e63b8fc950a5620e988210787402dfd1a4c560f6f4677a5e34389
29,82,4096,335872,4.497590457286,5.310866223674,836,1210,1076,974,104,0.000000000000,121.988683613485,258026d3893b860b9b82e6c2b7cb5afc562d8e23402ee36a77cf2c4e55984121
29,83,4096,339968,4.492623409631,5.306964829929,1053,1288,923,832,105,0.000000000000,122.086507716335,298a955b28e7c032261e60082cd95bb40f66379d5bcc29869258e048e46cefff
29,84,4096,344064,4.502700017322,5.338174581007,945,1396,894,861,106,0.000000000000,122.182929076167,c75e2bdc58f192e19b6d894d2eab52fe0a55e5e8a5ceb0e9ece07cbc6646169e
29,85,4096,348160,4.501226374808,5.288955792200,899,1242,1013,942,106,0.000000000000,122.241053332027,d9ac34dde82e3b3df469b6aa76d9f845f21db0030b4b68fc4edca11f55a2c22c
29,86,4096,352256,4.496473328456,5.287403079451,1090,1238,959,809,110,0.000000000000,122.358393246187,f54a894898acfdbf12942ee32e4eba4cf869dc1fdf5ca3af9b7348524c200ee9
29,87,4096,356352,4.494877182727,5.289416445750,1136,1154,841,965,106,0.000000000000,122.531464756092,94599cdfd45365a8e58f39de1e61a18572ae6ca7c08fa515c5857b61f984d4fa
29,88,4096,360448,4.508370749585,5.346553310838,1048,1182,987,879,113,0.000000000000,122.648016967484,40c2e98515bba94924cfd6981d2f07a666fb62e7197b6835e2059af166bf0d9b
29,89,4096,364544,4.514788288006,5.372260085618,1165,1252,986,693,105,0.000000000000,122.846037582280,2f7b36fbf79906c4ce54763b1617770771c49f2a2c0b412efa34a8c96f697b60
29,90,4096,368640,4.496944211862,5.329578605260,882,1404,932,878,108,0.000000000000,122.909431195505,0ea6ee3027f5f6a9189e1ed0ebfaa3ffc72f85fd186089a1a487dd7fe8284afb
29,91,4096,372736,4.517313418461,5.363198986344,1134,1386,807,769,112,0.000000000000,122.999132556030,2ab474e162f678183e3a15e1b0fef112d70a83edcb65f8302752e3968a253c44
29,92,4096,376832,4.500583137891,5.328147004688,889,1292,859,1056,106,0.000000000000,123.078623080725,c7b75e1f2029ef749a2a4e5700f7a9e5754b9658ef8696a1c4a4a247cc90d76e
29,93,4096,380928,4.503098888945,5.359047411248,1021,1281,891,903,112,0.000000000000,123.161586485948,909eef9c5562f8a29ccaf820071b35e26b5ecee43df6488b21d4ea165592ddf9
29,94,4096,385024,4.506617639210,5.349684912310,1020,1257,1050,769,110,0.000000000000,123.233581746026,129e9ae8aa4a330cab7ca53e7ff8a92022d13518bdbab44019d65049b2c8829e
29,95,4096,389120,4.530134988628,5.396037024824,1046,1277,956,817,104,0.000000000000,123.212390199724,353f7b20ae3e4fd5db5b26082caed42b303ffe9419eea95f55acabe1cbc69cb8
29,96,4096,393216,4.516470152962,5.363438229034,907,1235,988,966,107,0.000000000000,123.254064746132,0744038e35153be166809954a88219fd22ef874f9a2635c1796c57762e48e5cd
29,97,4096,397312,4.495720192622,5.293203036113,1169,1054,902,971,108,0.000000000000,123.248212825286,74a9bcefe65f909981980f6878be890ba98fcc466931d08afc0cda610e2d4406
29,98,4096,401408,4.508689522270,5.337171663298,1022,1196,1104,774,111,0.000000000000,123.238734746797,c29f09d7593303818cacb48dec55f3d8dbba2468e1e696c5e04ed69a43e898d6
29,99,4096,405504,4.508206012588,5.278987624572,1088,1150,1046,812,110,0.000000000000,123.232862433947,ddbac267fa56764645e11f90fd13b8519fb03a88c27894cd1d1959a926640c84
29,100,4096,409600,4.510153710547,5.336107029689,988,1336,979,793,109,0.000000000000,123.236530548948,47cda4e660035b2c265025c7f326ec08b93fc8eead16d401d6449660889b2511
29,101,4096,413696,4.511508438935,5.324114810428,979,1233,1086,798,104,0.000000000000,123.267025560054,c7906ae0f37549166067c0c4cc8eae1a1980b5878832cc455b16cc505e6478de
29,102,4096,417792,4.523884594667,5.345071093512,911,1210,1070,905,104,0.000000000000,123.226758540865,216b574578a72b81820325198e56bc2917dff561d9c2835fa3429953595d113b
29,103,4096,421888,4.512564578461,5.318155774781,1057,1078,1124,837,109,0.000000000000,123.093342620803,381bd04e9c849ffa0ca6146c90348f03b22ae4c0f19f1771c1b24ed349ee93a3
29,104,4096,425984,4.526689880893,5.349794191540,1163,1156,1052,725,108,0.000000000000,123.025907804068,e6c6806620d73dbc3e488f93d91601e2247a9ec58b408bddd5bca542ad151572
29,105,4096,430080,4.512464508229,5.317969361043,1218,1196,922,760,112,0.000000000000,123.175877940788,901ab4fe82b846c1f120cd859a283c38c70ca3bcf5efb294322ccaefaec667f3
29,106,4096,434176,4.526007418946,5.342502820313,1073,1195,1102,726,101,0.000000000000,123.303646183628,8f452229ec0360f0a79f3c356b594091118fbd8f5397abafaf25b12c17f855c6
29,107,4096,438272,4.531319904989,5.376020830894,1067,1387,822,820,106,0.000000000000,123.286929192431,c141929f0506b644caba774eb887ecc08ddc07bf034198cb063f238fd41acfa1
29,108,4096,442368,4.531304623220,5.353893297566,1006,1204,1059,827,109,0.000000000000,123.421976089021,1a50e2210d57cec98b74f3aaf3e2d97f57ad07e4dc7b4b72be349b9b4198486b
29,109,4096,446464,4.535673145201,5.356080276115,992,1279,1184,641,102,0.000000000000,123.499225136668,ece06e87ac3dfb6e39b2567b0ed7c6694a15f6200b34df7da6894a8e7a9b47bd
29,110,4096,450560,4.524024371828,5.342244948248,1100,1350,904,742,105,0.000000000000,123.499225136668,b95836d0a07d5264a80858cfc159a9bcb5e6a0c4375401d18a23cd1b88e0dff2
29,111,4096,454656,4.526632060824,5.345038008920,1049,1299,934,814,108,0.000000000000,123.579524128633,efd4f8a9df782a4e238ad5e95b2000c8c9a4869b387ea460931ab7ff7987c225
29,112,4096,458752,4.532419548957,5.344420871609,1080,1135,1169,712,103,0.000000000000,123.759638947034,7bf68ef047146e622a6559bd43bb5523a00337efd458c21602df45b818b50c5b
29,113,4096,462848,4.528524319444,5.340967394964,967,1132,1087,910,113,0.000000000000,123.864563673958,d33ae4e6ea971dfeff028f7e1841f1152c2d03e3e997c6282f79be0e6827561d
29,114,4096,466944,4.526396943023,5.315826053341,1018,1183,1109,786,105,0.000000000000,123.918407418491,54e87a6bf85f2fc3190ef4ed72eb66aa1f1dc107b6c4555e2eab21fc8443fd04
29,115,4096,471040,4.537756406341,5.375982656612,1302,1282,935,577,108,0.000000000000,123.918407418491,f5fa738206c0cb7c7aae09cb6ebd859ada6e810c7c73f7ad828d2269ad854b4f
29,116,4096,475136,4.540648530045,5.384135135806,983,1307,1098,708,106,0.000000000000,123.998175521479,f52eef49ce78709f8b1a7ace46a3a7f2ccbca4f2f995a3ddfeb899918757a8bb
29,117,4096,479232,4.541230202415,5.362707919034,706,1209,1373,808,103,0.000000000000,124.092097447951,165551abcaac38ba38cbcbce61e6627c97424eda4ab01b7fc203e3b8628c3058
29,118,4096,483328,4.528484021743,5.306587454158,967,1219,1292,618,101,0.000000000000,124.120195624528,89c30a84ef886baf30bf2f44d8220c654a73b2a87500e4f1d12dd6ba1cdab9bf
29,119,4096,487424,4.533519659038,5.308611350997,900,1076,1270,850,106,0.000000000000,124.203225388436,f443e344ab91fab2b6bd1c1d5d46e744757030c157b56696577f91ca8382859f
29,120,4096,491520,4.530131939228,5.324966721755,1235,1126,958,777,103,0.000000000000,124.281599494754,5901df4c9dbeeb756d04cbf5c4249f95d83f27dbb3801a436d0246e1a9ffc512
29,121,4096,495616,4.548141181803,5.416080352211,803,1475,986,832,107,0.000000000000,124.341377108559,bd7cb745c33e8cbb4846732a32394011f62f18b88c59f5596f8e510521268bc4
29,122,4096,499712,4.534598345502,5.352037424977,881,1106,1277,832,110,0.000000000000,124.405892919998,5139a6a0e62d18f46190124d54be4fb712b46a4676b3c34f6454a426d744b4b3
29,123,4096,503808,4.527209023141,5.295481600377,1142,1028,1006,920,111,0.000000000000,124.440578457212,88e367d48daadb5ff7730f71d8325722585b685ef2649fa677d2a4619170922b
29,124,4096,507904,4.539627869486,5.346629153724,1224,1225,843,804,106,0.000000000000,124.473147597715,5bf5423770792f05e1f1e3103b066ca5aac2550bccac3b71fcf2ff0b0149b8fc
29,125,4096,512000,4.538114668304,5.314234063842,1321,1121,870,784,102,0.000000000000,124.554154162691,c297c93b475fe0f1aa6529388e5554ace384ec8ac50581428cfc06c0659d28b3
29,126,4096,516096,4.530885955800,5.302397827108,1023,1110,1130,833,105,0.000000000000,124.551815382029,0a562c559621dd0da5d8be04c7ec0b70dcb1f51f4f48c995046d6a31134cc284
29,127,4096,520192,4.540129179740,5.360671015833,1203,1237,960,696,103,0.000000000000,124.621541096735,e6621c77795c6d59ae4642c8a524131f94b85bdaeaf404d879bda34cc329b204
29,128,4096,524288,4.550776250578,5.379322287467,1028,1260,1050,758,105,0.000000000000,124.676142545733,e4056937f56fa33fcb08ebffcfe063f156524a6ebdc512d901e4ee25faad8195
29,129,4096,528384,4.547262802641,5.399822694937,1327,1318,643,808,104,0.000000000000,124.694817448650,06c691cc6a9f065b58076a09520f65fed1aa98fffd28c8a08f46be53b406d419
29,130,4096,532480,4.539104882476,5.301426854125,1350,991,1130,625,109,0.000000000000,124.757771060057,cc9bb4a81b7199e824cf749f28769131a7a7e07a33438bdf61cf5bb452633322
29,131,4096,536576,4.558417346380,5.338535596456,977,1288,1181,650,107,0.000000000000,124.757771060057,247341144f5627b56cb5d168bc0b04bfc44e5bdb335c243129f33fef81b4ee04
29,132,4096,540672,4.539324620340,5.352046039952,986,1315,1139,656,101,0.000000000000,124.944063104844,ab72caac55a7e3afb8a62e2710b83e931f658872e5778323d38583a8ac2162bf
29,133,4096,544768,4.538018361914,5.351931846094,1140,1331,1006,619,103,0.000000000000,125.112760456904,6f2644c2ccad77ee47827bdc52876f95a08dd80d13f6ae56458b3a93cbe484e5
29,134,4096,548864,4.560598258404,5.406452115647,1176,1415,1019,486,105,0.000000000000,125.259658397612,5d348a2f7a073cc99dd3dcd00198e5d0aac1f6da0655f5f9c8de7df32f36e189
29,135,4096,552960,4.558442853249,5.393875416901,1329,1272,828,667,105,0.000000000000,125.390312683319,a94e664675a010a2fb57745d9dde1ad74744f11f0b63ab2e8528d7fe0a2cdd17
29,136,4096,557056,4.553193651970,5.348269236785,1339,1076,887,794,102,0.000000000000,125.501223614896,9a11798dade1de5645e0a40b7d5d69c662c8f02db57e1ad36af7477f8af04eb7
29,137,4096,561152,4.548170027387,5.342310480643,1335,1112,997,652,109,0.000000000000,125.501223614896,0f505194997b3539fce0433683c3a4cfa0f79c043d5535209c2ef3916994c48c
29,138,4096,565248,4.551516015777,5.330792090451,1469,1171,819,637,102,0.000000000000,125.595415937019,5730ae25db7eff2e520125eea4038c7a5eb0c93e2bef0e4cde1fd749621dc118
29,139,4096,569344,4.561016297884,5.374138433723,681,1477,1186,752,104,0.000000000000,125.685208122636,ff6a64895c4f3d411b679ea17616d16d6e151e87afeb2feb0f7ef9dbedac0281
29,140,4096,573440,4.565079536268,5.384240508352,873,1167,1271,785,105,0.000000000000,125.758876763196,5f03c6c7f7dab14d0ed642f19f33326b5bbede2f70de071eebe1b31c73d77c3b
29,141,4096,577536,4.563984477897,5.394948165496,618,1390,1379,709,106,0.000000000000,125.836162513955,14507e186c5c3a6a406d38c404d8bfb0165869d1b6b45dd320704c70195cc9c5
29,142,4096,581632,4.563416826216,5.409926093926,1039,1386,990,681,104,0.000000000000,125.901994530232,862b7f1b761b46a730a188fe71e86b64314415dfa1975dfff5dd0d24a01d4255
29,143,4096,585728,4.558634213944,5.379699453433,1169,1357,961,609,110,0.000000000000,125.952759434156,f6ee49a6b5fcf3957d5a16c79af78ab3aae9b9ae762c6468110176f97c8a7bb6
29,144,4096,589824,4.563893188178,5.377259764433,974,1335,848,939,106,0.000000000000,126.005076945983,17506deba8ed47879476f8c8d6d03090db3b77b784b3d0f1e0f20cfb6bfc3905
29,145,4096,593920,4.553584164506,5.323061267400,1578,985,801,732,105,0.000000000000,126.044519993614,e5b129ca67a89d604ebb78be2670031f416e1b53d1f10960ba893087a092a3a4
29,146,4096,598016,4.559066066299,5.350738386288,1358,1277,813,648,105,0.000000000000,126.087071416232,b6f3268847cf4c7ae4b083cc2a9ba3877bb0b1096f7c700de0fcb2e3b50740ac
29,147,4096,602112,4.561807959415,5.382470118911,975,1260,1050,811,103,0.000000000000,126.115529214586,7dee01df452894de748363abe8c8ed6f5359759858ad1346bb00ed2c726ad5f3
29,148,4096,606208,4.560528108285,5.340436651890,1353,1119,988,636,105,0.000000000000,126.139727056036,320a191736003c072f015dec2186af2fb9ef7169e029f565ef9c881027069472
29,149,4096,610304,4.551534568486,5.304532805194,1021,1278,1047,750,102,0.000000000000,126.165156715842,9c541cf5d13d0903e044620cf9cec15bd56b539e2100decfab13b670d9d18e3d
29,150,4096,614400,4.561427261351,5.369191955560,1030,1380,1013,673,101,0.000000000000,126.176994166663,2c791c78fa108df20f963d9d288d29807e6d6da2ea2a89079d453902291009d5
29,151,4096,618496,4.583934670662,5.402458897494,1420,1359,742,575,105,0.000000000000,126.186368286792,46b4cf122808b886f80df3b5f282e825a8bc38dadf7b0d4510c687b4ea6da016
29,152,4096,622592,4.581656830705,5.396570193912,710,1371,1319,696,114,0.000000000000,126.185695179855,0cde21cda37b6e231d3481408b148c11a8d238bbd0fdd008498f36463975e838
29,153,4096,626688,4.587209578399,5.368903255002,613,1608,1210,665,106,0.000000000000,126.180141268023,a6ffdc26b2a116f082562474bd1334266cf9a2c6e1099d0e599d3997a7b38f55
29,154,4096,630784,4.567639826252,5.313658914382,701,1028,1417,950,110,0.000000000000,126.165065298318,b83e7a2f2609aaa4992b747ad5ce3e4caa1a072f128bf80d393acfe2003f0ca2
29,155,4096,634880,4.583950535128,5.391719132701,1169,1346,855,726,105,0.000000000000,126.149368121643,3a8db897c773ba6a60fb8a74454627b841b5fd975324716a2ba82049f6d8ffef
29,156,4096,638976,4.582859921776,5.372342030853,1418,1258,796,624,106,0.000000000000,126.125350741613,8a36fccf01f6b0d52e6dbfa09a6f77b34995eca6dfc3f006bed32e6519b198bb
29,157,4096,643072,4.590882609266,5.445301921440,1334,1415,776,571,100,0.000000000000,126.099319411989,096302c77b4d08fdeb26ebdc2618da12d56ca48d9ef12c65c308e8ae9c0af940
29,158,4096,647168,4.578575539031,5.421708406123,1465,1316,728,587,100,0.000000000000,126.070469350191,5f3644e5b4ace120e449a54fea1051544b771b1146169f69912ff7baac721437
29,159,4096,651264,4.589937629021,5.418926785617,1239,1376,751,730,106,0.000000000000,126.038898025555,b6eaf582d4a6173e6d5f8577279a53e38255a0f03fc59f0e7181a2242e1e2ca3
29,160,4096,655360,4.587558380530,5.412412721339,1233,1125,696,1042,108,0.000000000000,126.006856185883,a768dddba9818698f6ec402cc1d23d4b5e1ea83cfb141a8b225635dc85027e6d
29,161,4096,659456,4.582878623912,5.392924651900,967,1432,980,717,103,0.000000000000,125.972946075177,67866bbecc8d55c633a8b63df9180aa59f740a6001a0ab0e49a8a59a00ca592f
29,162,4096,663552,4.611229366594,5.467838853096,1217,1619,781,479,99,0.000000000000,125.937065015984,64dc6bff364133d2631b93fedcf4429372a774c2548c6767edf85bbd253cee73
29,163,4096,667648,4.600618334560,5.442313670271,1387,1534,753,422,107,0.000000000000,125.896368755694,14b7cd1b1e844d6b4b3ac32233f5eabcf5fea0ab14030954457f9ec26c09f33f
29,164,4096,671744,4.582205557016,5.406199181190,1042,1390,1087,577,103,0.000000000000,125.851678751255,8d72789ce482d67784257081c6b23d17bb5ebf33444794e1a7e23c360aff54f1
29,165,4096,675840,4.595612069815,5.454074255822,1076,1630,746,644,100,0.000000000000,125.804629102112,5c88fcbec8af1594cdcc1b22f553d2d6917bbb904da7fe821427407e8424252b
29,166,4096,679936,4.589736571060,5.434235835020,1140,1577,732,647,101,0.000000000000,125.748599270230,848d30c48492994009cbc50327d8e1dbcf019ea422a3b3f8459a14599bf06cb8
29,167,4096,684032,4.595776472659,5.407931574231,1308,1248,752,788,99,0.000000000000,125.702975796215,e88f16cf9c6aee112f3219c58175dc8758be604fc470c269564822255496a7e9
29,168,4096,688128,4.604860847350,5.429803740964,1533,1625,468,470,105,0.000000000000,125.656651164106,c05d6f9d5775db54cb1e9ba42ec02fa0e602aa1d76aeef933b8acfc76beb3e37
29,169,4096,692224,4.595290245223,5.415105316829,1176,1535,744,641,106,0.000000000000,125.606084158202,314a9670a0084321ea32df06ef195ac76c7d781f4a243102a8b84105ee1e9195
29,170,4096,696320,4.595019845389,5.381211217493,1449,1165,1104,378,98,0.000000000000,125.552629632270,accb465356c624040c1b79641e6d6fbaed488ee34be4c1b9f697798bf9434691
29,171,4096,700416,4.573954484968,5.337416084404,1204,1051,1076,765,106,0.000000000000,125.492845824231,d7eaa81851962040b547c52c9333215a641a95fd5d8741e950285c14eddf743d
29,172,4096,704512,4.575359598748,5.373358805149,1364,1417,692,623,105,0.000000000000,125.440923086794,de795dd75604b447bec5fcecb479c30d1fb3c3af9410cdb4eaca6c438dd31a64
29,173,4096,708608,4.585576266710,5.378300184028,1540,1165,827,564,106,0.000000000000,125.385262980991,b2e3baa091b516ee4a14108d9122088b86cb8e02ab2003ee3905628be650e89c
29,174,4096,712704,4.585655461333,5.365946064081,1403,1010,918,765,103,0.000000000000,125.335168885769,b7bab9837486a45722fa459a37b2b21eecbfdbed6d45437a30aaca475bf63bce
29,175,4096,716800,4.593843559923,5.393827852974,1283,1299,1004,510,105,0.000000000000,125.283977135578,a701ca8c249bf2d3673a0e04e1790337c1277ef9dc4c94ae43d917bd451113e7
29,176,4096,720896,4.592411111079,5.383959874002,1259,1094,1291,452,99,0.000000000000,125.223846920867,cd880ad301886b425aec08023beaad347136d78dff314f6a6c1e9d3dd12f545a
29,177,4096,724992,4.593245964160,5.412165008982,1140,1256,1385,315,102,0.000000000000,125.173461980654,8124b4fad83f4f2a99d2421f5e027da3af8547bd3559be47e5734cd965b228ed
29,178,4096,729088,4.596553451079,5.407743589473,1191,1250,1194,461,106,0.000000000000,125.120448446600,28e8114359844a8f9569290b6b71c452745b94200e82cd009aa1f7b7c4dbdc8f
29,179,4096,733184,4.595289383793,5.426710757829,1026,1215,1294,561,105,0.000000000000,125.064838086112,4d1878cb11816df4c763a4485ecbe4a0263ffd59d9f941e9f7acbda7ee17ebfe
29,180,4096,737280,4.599209845520,5.431552760987,1304,1260,819,713,104,0.000000000000,125.000401460830,cd5d966018f2fafa00b093023593bd6b41c8b1d68af8e480a1192c79392dd605
29,181,4096,741376,4.609117586041,5.444544074632,1435,1457,874,330,101,0.000000000000,124.938434698719,4127e1311a916efdca7ed127b0692a5b07c33e96b67c796a6a609b2ebe66e1b6
29,182,4096,745472,4.600190361518,5.426575899198,1386,1669,581,460,105,0.000000000000,124.882998554506,311542bf4356bea89da91a6bb9b9b1d864acff16140562041d50d53b84fd8d36
29,183,4096,749568,4.601158007899,5.433779004253,1452,1633,547,464,97,0.000000000000,124.819863176154,894146cb4ee763ffc3b8e939bcb20af6ba8447f4e678431d6d2f8eb5db94c423
29,184,4096,753664,4.605549513814,5.423220027910,1991,1292,566,247,97,0.000000000000,124.767021050505,7e8c925ab2e4902fe3dc6f0d9d6005ff9b2717fb87ca50eb36891d9705e5bc80
29,185,4096,757760,4.581861497606,5.358517767768,1201,1174,956,765,101,0.000000000000,124.717313821645,05b52dad8f5fbaf5ba703fae7f2968ce8e7e031f8841f79317f0a4d2bbbb0f53
29,186,4096,761856,4.605146041892,5.446178894131,1406,1567,646,477,97,0.000000000000,124.658711161215,8e7af704a06c9ae7b673cdb42606f6636bc974add726c49f61edc210c62a8ec1
29,187,4096,765952,4.593437961019,5.419891004232,1162,1692,767,475,97,0.000000000000,124.601890278827,678b67a1afe255e2aea6f1b2cc42c18796d6a0cdd25c999fe6ec250f180f9b9e
29,188,4096,770048,4.608930371644,5.439197072513,1374,1773,491,458,98,0.000000000000,124.547723640960,bf3ee82ea70ceeb63ba104a74f7d76988b1d44c54f0a6e2ea2147cad2bc8cfe2
29,189,4096,774144,4.609167402340,5.445894707018,1352,1687,463,594,99,0.000000000000,124.493536597188,aa9432833d7d1a4fca004edc73f3983f7f063aa6249304b04d3b50d38f56b4a4
29,190,4096,778240,4.590636287798,5.431902084786,1437,1426,532,701,103,0.000000000000,124.441075435254,49df80388f7b6645da82349b2439250decc2ab9ba337a0c9bc431e45282f516f
29,191,4096,782336,4.606166207992,5.454198523373,1067,1488,1040,501,100,0.000000000000,124.400608092443,21c401039d03b2f40032fb32769f06bf56efb5a0af6abd8c77beb348e44ce0d1
29,192,4096,786432,4.607600845525,5.456107971943,1203,1556,759,578,102,0.000000000000,124.359239747983,88a677b384d2d63e48821fd0fb50327a1783e933cc61a530f5902b33d8cd0b33
29,193,4096,790528,4.612334158138,5.449662804426,1071,1626,833,566,103,0.000000000000,124.318165419506,2c098f0dcc560d922f3df5fd5bd991859e0ca9a67c6189976afb9749be156e59
29,194,4096,794624,4.589947914350,5.404356110524,1441,1366,576,713,100,0.000000000000,124.268510071618,cfc01161fd38e1f33f790bab78d56da0093cdb6fceb67eea6e6336a38d6cb435
29,195,4096,798720,4.594236747533,5.416640837786,893,1373,1230,600,103,0.000000000000,124.230260629894,d306a54fedc172fca912a81a4a22ed2761fd5856303ecf368c39464c45f3c960
29,196,4096,802816,4.596102580200,5.401215984861,1227,1209,1187,473,100,0.000000000000,124.183410819443,c9fc67e8e7111efca3cd6962b9d6631c956a6d06171c5145ca3eac09cf4d775e
29,197,4096,806912,4.614617874652,5.436861635326,1296,1234,1221,345,101,0.000000000000,124.139002774336,c2bf55232e86db75768ce695a5fb1ff39abc5df9e8cc6d8ee13d329bbaa0e321
29,198,4096,811008,4.604808009441,5.403172467452,1376,1200,920,600,103,0.000000000000,124.100942546223,06d6004ae87b009bf2e23b10e57f9c390cf0063d852af68d0558fe677f31396b
29,199,4096,815104,4.600683612503,5.428109450012,983,1405,1097,611,99,0.000000000000,124.061085417135,f65aeab03dff0af99895fb221819afee94bc1b15dcae74fe4f44aaf6e591374b
29,200,4096,819200,4.614272568374,5.464411074277,1163,1574,913,446,102,0.000000000000,124.025214000955,f6b5d5de4863ae41171a788d4d3b8c8b5de283bcbf2a31f26d465d9e4b0f1d0f
43,1,4096,4096,4.448839227328,5.217020483531,992,1032,1045,1027,105,0.000000000000,38.427265148408,e74ca7c7fa3ba8fcaf6177506121f9841387e1040d0cb2e0310760f7cee463af
43,2,4096,8192,4.444462729369,5.181338710443,1049,1006,1070,971,111,0.000000000000,53.304788382166,c7dabf15e99fde124e243c771ef77b0861170261faab28100b57c9ef6090fd81
43,3,4096,12288,4.447769904168,5.199672390110,1035,1005,995,1061,110,0.000000000000,64.330584093892,28e437b4b00cb9d726bc17d486b82ef19ff16390e298503c537d7d402b0b81ec
43,4,4096,16384,4.446397546816,5.185729347421,978,1005,1016,1097,110,0.000000000000,70.310291083674,fc983fb7ee4b248a72f194928aa76fb57cb8db7161cbc27f86472b86ff59355f
43,5,4096,20480,4.442505429968,5.200825919090,1001,1020,1032,1043,108,0.000000000000,78.739525871854,9ece4d353acd3424f8d3a4c6a8894e94f21b4be2262cfa8eae307269f110afe6
43,6,4096,24576,4.446143384122,5.186633106802,1052,979,1012,1053,113,0.000000000000,85.026452510443,526ca46d22bca3dd2c97fb02601fe0a0dbcbf913d64b0ddc34b12e737ce91c02
43,7,4096,28672,4.439454928752,5.166725965007,1070,980,1044,1002,111,0.000000000000,89.025562747232,d477682e19d2b1dd4255388af6ddd579ba8c70933ce73dc27776026a327a7b43
43,8,4096,32768,4.446339835498,5.210283658399,1009,1047,1013,1027,106,0.000000000000,94.404777971274,1dc0f406146e94f4822a84394733bf9d805cc35ecb3e5b0ffd6730c3ae58898f
43,9,4096,36864,4.444372806542,5.160778823824,991,992,1100,1013,106,0.000000000000,97.360649152407,ce2d5c88371a425c652ca9a4e340c3a7b2472d8e7892056ec9fca5b399c642ba
43,10,4096,40960,4.445126728713,5.188376055477,1038,1036,1005,1017,108,0.000000000000,100.721661669605,18213fa85337c1c803b352c8bc5411e7fadc9d9e912b8ebd5cbea3e37f9aa19b
43,11,4096,45056,4.439846696191,5.173567937108,1056,991,1050,999,106,0.000000000000,102.621372755552,3de6d51639004f547b0aa2773e0fb10e88e920c5246055704c63d1da042560d3
43,12,4096,49152,4.447440485188,5.198486550125,1001,993,1093,1009,105,0.000000000000,105.094625626498,68e95e29d749a1f1f835ea578e7876df9647bc10e8e20bd4e07010a163838bfc
43,13,4096,53248,4.448233896827,5.185546915433,1003,1004,1061,1028,103,0.000000000000,107.259158699742,0f7f13d5ceda80a66eefa7727ac1ff81f2fb7e5378abd563cdfec764b2113768
43,14,4096,57344,4.434967841403,5.157713162489,1045,982,1073,996,108,0.000000000000,108.248376250111,af4d9358876a20c52b0a34c45964265b5c352a8340cc8f6b26b17fd784e4a57d
43,15,4096,61440,4.444410675018,5.160792602417,1013,986,1077,1020,101,0.000000000000,109.348185273942,88d0ea0ee897086eca53fc9fbb807a75f89d9b0c1931be0e7ad2c5142ceb062d
43,16,4096,65536,4.446612218998,5.161688622088,1041,1015,1060,980,105,0.000000000000,111.063735987741,7133d871246d8e1c12f234047301aa03c75ecaa353a0eaaa053674fc46bdc3a5
43,17,4096,69632,4.447622753359,5.179043259529,1023,967,1048,1058,107,0.000000000000,111.848474579365,e334374a20cde53a6d4033d86c776aa8dc6cab8c96c468a89c2119bdcd7dee14
43,18,4096,73728,4.446105732890,5.186359454998,981,999,1076,1040,108,0.000000000000,113.050689759327,99376808d8dc3a1f42d8c6c34dd9070376944aafeb0a9cb6596ffdbac81435d0
43,19,4096,77824,4.444673223166,5.188045920009,1051,1061,1044,940,110,0.000000000000,113.669244963438,a07307ac9cc793dce9ba03a243aa16c1baefc0c66842e036b04a8228ddf38796
43,20,4096,81920,4.440258774889,5.173722111276,1000,1066,1042,988,111,0.000000000000,114.068346666989,2bc849da84681b499d215e80ae40934ff28a7fcfbf85f4d8ea07f046e794c400
43,21,4096,86016,4.442276578890,5.183218620247,1042,1073,1033,948,106,0.000000000000,115.114726758439,ea6af218377b7c278f94a278ef9408a3a3e5c7b8a38af78dbc4d56492f2926a1
43,22,4096,90112,4.434396688503,5.187744468856,1034,1064,1029,969,109,0.000000000000,115.735787675936,e0a7eb42c08b5d909b57941359747c9543c6724e00910e77aeba8257cd2cbc37
43,23,4096,94208,4.441335573525,5.182460458162,1077,1053,999,967,108,0.000000000000,115.593853596379,d3b4f0fea7e97f0b664dd66ae6e64b8bae3497c18303295ef6be40f0dd7f6f61
43,24,4096,98304,4.448068261423,5.178276463662,1092,1020,1022,962,110,0.000000000000,116.114278061702,617ea853d142bb65a9f10dfb20c5f2f48a9ca7a33de136fbbec0c013090cb72a
43,25,4096,102400,4.445826801074,5.180666091016,1036,1028,1090,942,104,0.000000000000,116.448868297086,2cb7ec85a6e4010f6d6c5bc2c6903c15d5c40ae041a609410be931b06b3176a1
43,26,4096,106496,4.445672300126,5.195197501283,1037,1061,1010,988,108,0.000000000000,116.627124359640,2769601171712d5e7b136f6fba621cd4593793a4f33891314f8274c7465957b6
43,27,4096,110592,4.452077763396,5.203236834834,1012,1053,1080,951,105,0.000000000000,117.332261739431,6f45c51952cfbfd7a2d171f9dc48fe435551a4c9ff75577464a9b0d19269d9b3
43,28,4096,114688,4.441328992446,5.176897024471,1003,1126,999,968,109,0.000000000000,117.588121103090,81c5ef3f943bef258895cda04fe6fa1dade781f4febfbafc7dfb2c09358bd9a6
43,29,4096,118784,4.445215469901,5.181519594446,1105,1124,925,942,108,0.000000000000,118.020691016742,5a542f3fdc29a754061bd1c938f4e19bb1df075336ed5af5a8a9590cbecf335f
43,30,4096,122880,4.450555698154,5.188608534803,1085,1075,1007,929,107,0.000000000000,118.244679593263,56426b147d35a128d3667a7b76989b6eccd259d8194f142bf607183484dc2203
43,31,4096,126976,4.440521900856,5.168342486236,995,1051,1039,1011,108,0.000000000000,118.041765177644,b74b4556092f6d985e4a9f71d04d10582c5bb4df05137ce17f9cba34595c6e92
43,32,4096,131072,4.445135005511,5.204197248606,987,1182,1033,894,105,0.000000000000,118.818836605139,170074fe3041f94126be7d60ec81caa67942dc6bd62d08b8cb485eba222a4514
43,33,4096,135168,4.444924471199,5.192311654329,1038,1011,1073,974,104,0.000000000000,118.483177599072,3f1799517d0dca657a1a00ffaa7a44861883ba071f0fb77aa61eeb6d3cd1c733
43,34,4096,139264,4.446466656540,5.215160571471,1038,1109,1042,907,106,0.000000000000,118.721671771177,c3c04687a26bbd91618c3d30c11acd0f603aa2b52459ecae3f8c343eb8be3c2a
43,35,4096,143360,4.446579505686,5.212437651650,986,1160,1030,920,108,0.000000000000,118.758798664137,c598d3e33085057afd330cea4732f5dbfd8f6a61d32cd7098e46dbcf8669d351
43,36,4096,147456,4.457298163493,5.216401638346,1077,1184,951,884,104,0.000000000000,119.076659107874,bceb8825db01e9513e1509a19624938f085767a8d2b1738508e5a9e49c95f702
43,37,4096,151552,4.451784662942,5.243768534580,1001,1137,969,989,105,0.000000000000,119.136852876757,cf32da329a9543c9f2487ad7800b5b4911d7b957dc3e16e2719bbd4f0e15f962
43,38,4096,155648,4.444998948412,5.201322453805,997,1150,998,951,106,0.000000000000,119.121253568968,eff4d9a8d90b13955be0f060b3a2de79c854f38fc2e75daa233e680004b29b3d
43,39,4096,159744,4.452095158260,5.229437761945,1061,1140,983,912,104,0.000000000000,119.224904578094,d8b57c5dc2267521435106861f044bf451311154f5e0a119cc1008068e7f5c3f
43,40,4096,163840,4.441494845270,5.186093150610,1072,1112,1020,892,106,0.000000000000,119.381595417503,c3d18cc4d9c826c2f78a996cf0ccc773a92faa9b10820620e77132ac4868fbff
43,41,4096,167936,4.454932561999,5.243557396434,1083,1177,983,853,107,0.000000000000,119.098335277400,450cf27fe401a05c2c035a7f8a2273957dcb987b99ade7fcd22de861d8de1f93
43,42,4096,172032,4.439637119256,5.207688125460,1083,1213,911,889,106,0.000000000000,119.013833870194,634c5f84d7cbce4b13a57e5a93fc90a2235e0b5487fb9b4704110a51f4e77507
43,43,4096,176128,4.450254722776,5.229259613759,983,1113,1082,918,107,0.000000000000,119.418673819110,8134d1548e6a8e1b80965c54ae62074235304e001e73a0bb651da2edcee2cd91
43,44,4096,180224,4.453378656771,5.240719705208,1025,1175,970,926,108,0.000000000000,119.310461328696,aa789b3e6b3e95291448948048dd7acfea686498568ecbe2613ee631e2ef1d19
43,45,4096,184320,4.451461490292,5.200910902574,1159,1054,1048,835,105,0.000000000000,119.293509369709,77bde0594e4fa3c7443cf16a3c496178a7a9c2de76f8857760321e352d255dca
43,46,4096,188416,4.456687527140,5.221668565592,1028,1085,1029,954,107,0.000000000000,119.012594124085,03a5bd17953da3a387dac8902569f5c8bb079d1b587bde1edf4eca6c0100d39b
43,47,4096,192512,4.456971591573,5.214036268636,1043,1144,1012,897,105,0.000000000000,119.207578105730,6e17eb297d8323ded0e63c5ae72b83a41bf8b8f6053da7f0fe95518befbda186
43,48,4096,196608,4.462623353196,5.243185307314,987,1205,1037,867,108,0.000000000000,119.506275012233,accf54de6e22dd6f52448cb8552f62cb1fcbfe70166d8726e94d97e23f2f3cb0
43,49,4096,200704,4.456994840216,5.234834829613,1039,1135,1086,836,106,0.000000000000,119.620075814879,25688ffebc0affa12bf010a11e4a1de54523a67c23cfce6e154f52f7686ea203
43,50,4096,204800,4.464626929643,5.224372464666,1109,1125,1017,845,108,0.000000000000,119.517440991244,fe8a6db84786cb2a7901c5a36128ff904a385cca4ca5234b044811745531cb36
43,51,4096,208896,4.469417030222,5.277407378700,1054,1185,1010,847,103,0.000000000000,119.503407638261,e88031d20fcd3069afb0e1312f3bb9509c59625f3b0ff66b0cd5148573c891ef
43,52,4096,212992,4.465300666185,5.272681180365,1021,1188,865,1022,110,0.000000000000,119.783902159905,5f961f5f9e7b93620c1e6eaea39e611e0a426b33a23dae0a9c13ae694dc702af
43,53,4096,217088,4.468146313864,5.242123829675,1037,1190,1001,868,110,0.000000000000,119.540193450167,bbe7de61243dda8ce568c29ebbef83828c5baf9130501b7736f76ebbbc474dd0
43,54,4096,221184,4.451896348484,5.257177679092,955,1255,979,907,106,0.000000000000,119.609600882758,1f7dc9d28cf24044a54d7cae72299e244dd06ede800533c974df9a73e508bfdc
43,55,4096,225280,4.468248295772,5.275958026836,1003,1172,1002,919,106,0.000000000000,119.498004710735,30738a83ca9cefa647bcb68de0d913b17cfab4a2c1dc403d06a20d9443c98c9a
43,56,4096,229376,4.463942515072,5.271839396227,954,1185,993,964,108,0.000000000000,119.314305795918,432b0cf5e43c34d004a6f6283e37d779f5cc74f67052c49caef45e9d831b9546
43,57,4096,233472,4.468015952269,5.294924160638,1016,1315,879,886,103,0.000000000000,119.411880869107,5fdd842e7fe1e28da12db452a6610ddfe3d54be90f1639c2cde934c35aa295aa
43,58,4096,237568,4.462845589862,5.268354039136,1024,1297,926,849,105,0.000000000000,119.398899517418,cf949106717cc2e11221e8bb3ba9ef6ff6ef01985145269c69330c7999c5170a
43,59,4096,241664,4.463986227165,5.264546471161,1042,1173,1036,845,104,0.000000000000,119.090777471385,d561266c4f4529cbbde5b9f76b74b49424bd1e2d1b28568f23e7fb5b260b489a
43,60,4096,245760,4.471985130619,5.277899018570,939,1118,939,1100,106,0.000000000000,119.302187950115,78dd9136de04721d730c2566a8bfb90b534da2f0d6a3b4b294dcd9098ded7be3
43,61,4096,249856,4.481159489870,5.311584736824,964,1160,1029,943,110,0.000000000000,119.218812224954,f4b6b8471a8ca237a8d27f8587a06fccd898f355011edcde8d0e49eb2216a874
43,62,4096,253952,4.477861599677,5.285971301051,1022,1189,971,914,106,0.000000000000,119.072963949171,14c6a3d6d0eb08ca30743cab6cb556171ec0d02d2b9e319d2e828c7bcc758787
43,63,4096,258048,4.477837450947,5.291167186600,1020,1256,1014,806,110,0.000000000000,119.069887036568,71799dcfea592e4083b791f49e9109016a88f138bd55f5c30b08b181a70739c1
43,64,4096,262144,4.469876170542,5.267585248573,1078,1204,960,854,109,0.000000000000,119.181433353587,be48f5e3676439aa135ff54468c0bb3c639713047cbcf5445b69f6b1c8864fe9
43,65,4096,266240,4.478832751111,5.278556102101,999,1213,1011,873,106,0.000000000000,119.137757129163,2f3a1f702f16e77a1a8d59473c61b05c7cb79b3bd90eff02bbb81e25f80fe3d2
43,66,4096,270336,4.483471995127,5.314288371134,1033,1204,1019,840,108,0.000000000000,119.052478677900,b5a65d12e21fea4d9459181df4ec4c3652d20cdede69e4cda61cca75be003ee4
43,67,4096,274432,4.471159824401,5.293860489012,962,1215,1056,863,104,0.000000000000,119.006120211122,e7d4150ee3655a2935feb957a4e59b8a2cdae0ba2ba2772d41c0d490eee264f3
43,68,4096,278528,4.479664024682,5.304086762792,1023,1294,875,904,104,0.000000000000,119.164427601159,a56fb059c2e523846e42186941f2e473280e5338e1a7fbb4ee9e5d1b07528426
43,69,4096,282624,4.486893400463,5.310299187791,1114,1228,946,808,104,0.000000000000,119.215149751556,4d80fa1aefd22c454b6381b475e9e172a3bc8c498b0d76ff1d2654e632e07229
43,70,4096,286720,4.488428857655,5.344816504838,1030,1213,1038,815,106,0.000000000000,119.256847783367,b754f8965b65765b776f2dc54d94e7fe9b5efd9c08c95abc8866eebf912e9559
43,71,4096,290816,4.485166818547,5.300300574968,1030,1123,1097,846,105,0.000000000000,119.549386206875,0d8e8cd5b7bf796416a4f79749504bd484796f3d35cf3ec510f504b99385cc48
43,72,4096,294912,4.489304560836,5.319384258970,982,1312,957,845,107,0.000000000000,119.678843810540,b8f626f6b21178a433d6ee81d0c2b85873cb3498759c8091eba1656a4b179598
43,73,4096,299008,4.478612978141,5.257205818812,1097,1230,960,809,103,0.000000000000,119.815449591487,21bb014782bffc897d96b0a6939919a4c5e2bfaf9cf8ab79640bedb9d516a587
43,74,4096,303104,4.481362456716,5.313255002647,999,1269,1008,820,108,0.000000000000,119.881080618547,d52fa2374593915652caf7465d023b27e5456befeb2592b5caaf9852e4f39e8c
43,75,4096,307200,4.487391434236,5.294679506474,1039,1202,1098,757,109,0.000000000000,120.170704148707,c9e7777d6921dca16ec6d225d6e507186c0558814587b6516aa76d39d3eb5214
43,76,4096,311296,4.483789809542,5.273631406137,946,1271,875,1004,104,0.000000000000,120.417579422765,2b954e88064784e1b024ae2c19705d08309b34ede10aca1a63f80e9ebffffe08
43,77,4096,315392,4.489725472688,5.330732945440,1037,1336,935,788,109,0.000000000000,120.593140838051,85706a4ed1ff7a9996b42e8a1f104d61a90c98401c496bb58807eb5781fb4347
43,78,4096,319488,4.491504891661,5.316031773673,1004,1359,970,763,106,0.000000000000,120.648697299915,8576269dfbc4eb790405849c01a8bc21b5ca9f63323ec38a4bee70591d0ca73d
43,79,4096,323584,4.495276036545,5.312265278992,925,1267,922,982,108,0.000000000000,120.783927469484,a7b51cdc63c03a801cf0f99787bc3d9210817511d9341f467966c86e2a3f7d70
43,80,4096,327680,4.480555885561,5.304162018808,1061,1167,1005,863,105,0.000000000000,120.780471308508,dbe2602b1281833612d11de13d63a3c5f82a62711f5e6d28b04f0794c89d44e2
43,81,4096,331776,4.492166141530,5.337605484088,955,1222,1027,892,105,0.000000000000,120.778322660120,8ee7f491c6ff89467685b52a94f208d3917ffd40190a5b48a3495342c4859319
43,82,4096,335872,4.496835991496,5.379096895672,939,1449,938,770,109,0.000000000000,120.881526214892,4f51eec01d68d5a048f14128ca45214146a8bc5ee918eebb0a37a183235d8f76
43,83,4096,339968,4.493144740730,5.350650251983,924,1189,1077,906,107,0.000000000000,121.103628059066,403cf68d8c2e8837821287e53fdcaa9f07285de10513112c022570e23fb351a4
43,84,4096,344064,4.497914704775,5.375481084725,1018,1371,772,935,106,0.000000000000,121.370380140517,392336ec0ac7612bbf1b624bfbac54b544e127fc0edaa9248a038e7a144d64e3
43,85,4096,348160,4.499312992441,5.371792985389,906,1314,953,923,105,0.000000000000,121.629570471542,61dadf3f3305e2d5d2357e5cf0df92eb3ea983e34399087fa84a65a897e5c521
43,86,4096,352256,4.494487539709,5.359595666649,915,1290,833,1058,109,0.000000000000,121.808961777402,3e996d4ab8e0c5be22fad29ca1744118a76255c9d4044c150b7988c49b92084b
43,87,4096,356352,4.494598134735,5.309480429564,1073,1115,1004,904,108,0.000000000000,121.859792642905,0ed826fab54fff8c4c1e7eddd6f21f666f8e2be0beabae6bc3e8d546c3067831
43,88,4096,360448,4.508118767680,5.357337375407,1116,1161,932,887,106,0.000000000000,121.911490724835,0a374feb39717a2789bd5665f89557faa9d6f6de959ae09aaf7e95952db60d7f
43,89,4096,364544,4.505144680474,5.338006944553,987,1257,1030,822,106,0.000000000000,121.694888172149,5cb74e8bdb37d6ee923b760422363782c397a6f9e8530c4193c9118e45ce5fe9
43,90,4096,368640,4.511499299976,5.345151496778,945,1328,1006,817,106,0.000000000000,121.669324628049,8ea7c4129aa3548e3b49fd85f07871277eb048feb4bbcdb9b77f5b005b6ed1a0
43,91,4096,372736,4.518974449474,5.341690278363,1060,1144,1159,733,104,0.000000000000,121.617561070387,061b2a504dfb44d168d9150e48fd67764966bbd87685e6d613cd9ca402b3d5c4
43,92,4096,376832,4.513545134065,5.356402215948,1067,1370,897,762,104,0.000000000000,121.768188843174,c862288bcc7ea9718910b297024afd104dda5080f8efd780cef62e710ecff2eb
43,93,4096,380928,4.516649977139,5.378498346055,1001,1397,931,767,111,0.000000000000,121.669116076621,c547a3b34f78c204f24f336217042edcba1a26458bc034e0da2cb876206456ea
43,94,4096,385024,4.511672932374,5.317045733401,1112,1252,935,797,105,0.000000000000,121.863899004937,4976cfed83366a82c488df309af3d1ff7950a7591a881143f29983ea11ca67e0
43,95,4096,389120,4.512216983957,5.352324478798,1204,1335,833,724,109,0.000000000000,121.960569864542,dc472a31bd24c213d882a9c0b831504cc4ab21afb1e4c23f0a10acb5a6a42099
43,96,4096,393216,4.514788394372,5.337177503269,1187,1216,897,796,104,0.000000000000,121.876957826797,bce1c8ca412127685addcc24169f0daa158a2b84571752efac9b2e95fa91d663
43,97,4096,397312,4.508643068710,5.348591806089,1135,1348,942,671,105,0.000000000000,121.714896900324,8a620b967416a97b1f13e9642543b650bc70db2f85337aa3a38d4c2b12721ba1
43,98,4096,401408,4.520793256142,5.355813649567,1153,1298,971,674,108,0.000000000000,121.832703218386,31f8b6fab66d8cfecd4f6abc51da4449adff3b948f6a99c57b79ddee2098c413
43,99,4096,405504,4.520517194110,5.366142506907,1050,1328,1017,701,109,0.000000000000,122.102694267913,b6b2f7d43e18c3a488529a99f754b5f6e352d46da8aed2c9cc21de6c976e9321
43,100,4096,409600,4.521488813175,5.359583182388,943,1406,1039,708,106,0.000000000000,122.191663267735,c2e2e1176cc4ffa0521be15dc86198106d1fb0177d6cfb67fde145e990838e88
43,101,4096,413696,4.528054306208,5.368382752176,1121,1196,1071,708,110,0.000000000000,122.376240180983,c720dd0b2a3e6e7ca152111c6f968bad79fb15839912909392608a676c5a83e5
43,102,4096,417792,4.512931402622,5.335572290177,967,1154,1005,970,104,0.000000000000,122.462365616198,054b516304870c07eb6cd2b6a2de441f3d7ee6f4357604420c20dd87b7940a87
43,103,4096,421888,4.512342810876,5.304628567721,896,1084,1096,1020,109,0.000000000000,122.484082492650,64a0f4db62b5ec11094323ee158f14082726c0436019ea8dee55b726c9073f29
43,104,4096,425984,4.517418498656,5.274153975094,921,1003,1226,946,103,0.000000000000,122.648706578633,21856409e3b2fd6b5b3447726c4d5a5532a7d76aaff7a8d1e846be0ded5f66c5
43,105,4096,430080,4.522576585659,5.378620795762,1086,1413,787,810,107,0.000000000000,122.822001634601,103367de18f5fa508903315da4baa3c1170141b3a909eaadaa5b2bf4b8f9f2f2
43,106,4096,434176,4.527976941597,5.383962453887,1040,1324,1051,681,107,0.000000000000,122.991461349135,df6460297f31a0e6327038f653ad3545b760b8ec374bc6a61cb9470535d42e04
43,107,4096,438272,4.507644602630,5.320650676147,945,1210,1093,848,107,0.000000000000,123.033925349919,657b12d744551bbc05bec6d290841d4360a028d4fb80bb718b448e85b16e6e14
43,108,4096,442368,4.514541400101,5.297355053529,1192,1023,1208,673,105,0.000000000000,123.039711187398,688f71fbbd6ca27587471d92d77af34343b343c8d33e4d08b89c7194ece43bf6
43,109,4096,446464,4.518963363012,5.339192319237,1117,1307,1065,607,114,0.000000000000,122.884100833161,5b4020844ff5e12d823cf9c307f417e5fed33972747e2ec97ae484c85e0885d1
43,110,4096,450560,4.532880770881,5.325941052275,1015,1145,1241,695,106,0.000000000000,122.935650556712,af9aedfa94070e5fb305cee208db30941a80aa72a1764a129885b97a5c84fbd0
43,111,4096,454656,4.531736496509,5.374158388378,1271,1259,852,714,104,0.000000000000,122.984498916104,3624b2f7d7d4a699cbdb8d706748b3a547c8f77c0aebd667b604d48c8f806a8a
43,112,4096,458752,4.521634448193,5.336719433399,1001,1231,1006,858,106,0.000000000000,123.160765535468,7e0ade265954e39663303f7ac15e36ed7898fa55d1e94437ef03f7745e1169c7
43,113,4096,462848,4.525012677955,5.351105399321,1105,1108,1077,806,109,0.000000000000,123.160765535468,dd77e6e471775f5320f8ee2736fe8f96c24dcbf00cb02a29fd211dfaadfedef7
43,114,4096,466944,4.533652117644,5.397787669795,1156,1325,810,805,105,0.000000000000,123.371653661825,caed21d44673f85b0a4c59c9d69bdd25680967656da0f43012397aaed53b49eb
43,115,4096,471040,4.547796350785,5.395255227357,1035,1300,1082,679,102,0.000000000000,123.540186529590,c3c04416387b1cb4ca20a8641ec18b26a9182ddd3f77983ebb46f480465ef418
43,116,4096,475136,4.533029722150,5.317526603442,1084,1082,1106,824,109,0.000000000000,123.687718599645,9872c1398305e438918bed1ec6f3002bdb02727076e097e1878ed380a3e09734
43,117,4096,479232,4.522373564668,5.344849727421,1001,1276,1044,775,104,0.000000000000,123.794871526801,3b202b07cb77b679905eaaad008552854974411b011f205e128262b9a56e6567
43,118,4096,483328,4.544096118711,5.396583693596,851,1375,1118,752,109,0.000000000000,123.868803749621,9cbe6f6a897f185524ebb124a89d722fe4c2514ae9d7427068971fa1fff4b47c
43,119,4096,487424,4.529205382630,5.361174557864,965,1275,1174,682,106,0.000000000000,123.958429917897,d521d91a7247012fe5041b139dc43cd30fe538d6a915bc461e6a2ad4476556d6
43,120,4096,491520,4.525441046028,5.336062523956,1069,1058,1021,948,108,0.000000000000,124.050217921818,32f860e93d2b0cda1c3344bd01d7c8416be8b1976ff29387f486a574f5aef171
43,121,4096,495616,4.540182227955,5.369745513384,1255,1245,883,713,106,0.000000000000,124.118534731211,5ecc77601d4fee09735db8339681fd5ad081394bc24bd22cc1a38ddc2b908517
43,122,4096,499712,4.539889560987,5.339970841604,1160,1227,1034,675,107,0.000000000000,124.239148595282,275b81f34ff738e368ff37887607de4f76bbc0164792d1c1b52390f40d3527fd
43,123,4096,503808,4.547476556104,5.350067357230,1162,1143,1031,760,105,0.000000000000,124.358835654679,257f1b686bb80326232822718459711233359fac5707c8dc3f66d565479e00c1
43,124,4096,507904,4.544477168732,5.347863753055,1019,1154,1267,656,100,0.000000000000,124.443062036797,583baa26de2b0e321e8ec5cf6f90b9f19cfbd3b6c4195341a84efba00fc3ea64
43,125,4096,512000,4.557883896147,5.395704529899,655,1335,1319,787,108,0.000000000000,124.499042530604,fd82be4f31dd5efef5f403c3483dc1ab58c198b92bd44d13404df89d5841f783
43,126,4096,516096,4.548282456666,5.384288518068,1078,1088,1226,704,110,0.000000000000,124.547120153128,44ded35748e54f2f74c4df5d7d6bb17cf0db9b7b9bcfe85aa831a3524382a1f0
43,127,4096,520192,4.528830086255,5.329367220020,1043,1237,1099,717,103,0.000000000000,124.613510922516,6866416e39df2dfd371a9d82deb7358c28c5092f4a82b3b06afe9b722df694ea
43,128,4096,524288,4.548108383844,5.378758242409,1328,1256,628,884,105,0.000000000000,124.642506424390,c0bf2da801bc45faa8ff47aed193460e8b0d3cf2fb0e062a93fd73e2123bf8fb
43,129,4096,528384,4.529376884983,5.307888399307,1231,1170,948,747,108,0.000000000000,124.693709687036,b1028986067df78d583f5b8b8a221d68c90e105e1c1a0e4d3b7e6bde4d70eb3c
43,130,4096,532480,4.535390728710,5.311225024216,1173,1176,968,779,108,0.000000000000,124.735108934340,885d666d21ca3437ebd899b4f9225e530f3e5cd9b5b0d3a74032721151039d74
43,131,4096,536576,4.541682298875,5.367006539251,1309,1162,946,679,105,0.000000000000,124.832839204320,9a07d87411b727a1d68d70b2b6ecdca01008034fd86753c9bbb808e4131596f8
43,132,4096,540672,4.558647545272,5.388175630305,1375,1239,929,553,102,0.000000000000,124.965429884620,5f5c7ed8be2d983ce4819bc632ba979880e193f4b03416f89972f3456c3499c2
43,133,4096,544768,4.552180762556,5.364614163506,1177,1241,1037,641,104,0.000000000000,125.093231011370,a1ca4330f347a7f634853374151a99b9c0c1d46833f720f14e794fade634392f
43,134,4096,548864,4.549827833286,5.326104790175,1292,1260,953,591,104,0.000000000000,125.209467601858,2fde9036712c888abdf4078fae39ef2f8a38af64c81bbf2c41f1ae24e8933acd
43,135,4096,552960,4.546287342473,5.307606889421,1085,1152,962,897,99,0.000000000000,125.318609760835,d53ae089a107b36d5dd9af26cd1a185c4c3219ea515e70a49086ad934dddcf5a
43,136,4096,557056,4.543388756019,5.309121430327,845,1207,1151,893,107,0.000000000000,125.408687039145,b8c51776349c2578693056df38305edcdee8658d914ae9cfdabefa1859f08b2f
43,137,4096,561152,4.566916136354,5.394245600103,1390,1265,975,466,101,0.000000000000,125.489892077215,560c5d0c7f7bd7e8342aa99546699751034b1e30b7418068cb3342ac0011f219
43,138,4096,565248,4.566521288756,5.413115428463,1137,1483,922,554,105,0.000000000000,125.568621916297,ab3190b94b3cbe73f9dd41ccfd5acd954f1a4a92d45513982a2fb67cf5ad0716
43,139,4096,569344,4.566745500647,5.444407783839,875,1557,1086,578,102,0.000000000000,125.631587209798,adc57d39e3dc43f1d5158c07b998f1c87ddedf63a8761405356e27c19407f476
43,140,4096,573440,4.577758751584,5.455831393054,1020,1472,1040,564,106,0.000000000000,125.688003744656,4e4b70bf4fc64c59e4f998a465dce49166ff4a747291ed23d341ba1e6a2c50c9
43,141,4096,577536,4.576240008689,5.403101148038,1025,1367,1260,444,100,0.000000000000,125.740631698614,fcfb2e05a2a22e3e7c9f2579134f91ba043bf124f12b3726afdc0c9677b37e92
43,142,4096,581632,4.580127541987,5.419530187477,1170,1341,1277,308,106,0.000000000000,125.740631698614,e03a6a06edb3dda8f618720f88af677e6bd4fb2b0522abdcaa15de6280b838be
43,143,4096,585728,4.552364715756,5.338471558335,1006,1244,1238,608,108,0.000000000000,125.778639490348,0d4c952451bb62283f1a943e306801f7c0fe41d6dc794ad221f293104778a9cb
43,144,4096,589824,4.560739342377,5.365918795289,996,1228,1189,683,104,0.000000000000,125.805906079409,a6742f0f7afd42a7a90b8d1092432daa46453abd0e45fa26d07a970cd4a4953e
43,145,4096,593920,4.562998768931,5.397963337444,878,1310,1303,605,99,0.000000000000,125.820706565191,0fa0bae0e7796b1fc98b377174939fcba2def6d3a80e710578f98f3454e81fc5
43,146,4096,598016,4.578901875224,5.402615801679,692,1460,1336,608,108,0.000000000000,125.834027002394,5e400ed7aab1dc1ef65fe472b19b93511b5f5d692c7df6c9fc4ffb1e4698faff
43,147,4096,602112,4.564514518671,5.369639129371,944,1360,1163,629,105,0.000000000000,125.840330037156,003d678073fe4b969b12288ea9bbf9de55318e205393e1067a2de29434ae16df
43,148,4096,606208,4.567772430193,5.383110228584,1270,1368,855,603,100,0.000000000000,125.846002768442,9b7400d3d0bcb5d985b1244cb64d3cd67d7db72147929ce64bfb2139e5dc99dc
43,149,4096,610304,4.584726999671,5.434595498685,1061,1445,867,723,102,0.000000000000,125.852683132011,28073b4b1142798d1e0ead4af7ee9769df8bb02080f30fe7c2dc14815e66c29c
43,150,4096,614400,4.584625263571,5.410091874597,1346,1337,711,702,99,0.000000000000,125.841508438018,d52611e7c5b83b4359d056ae6e1d7a6c48abff9a9c692a6cfe8472210791aa39
43,151,4096,618496,4.566370390189,5.370434197476,1266,1297,837,696,107,0.000000000000,125.830607633005,1578e44bc0e0606be1a709a196310c43274b4ebcb789f5321cb2cc391bb7481d
43,152,4096,622592,4.571552108292,5.356700620668,1480,1288,797,531,100,0.000000000000,125.803649880258,f4f85f5539229f5b37002469b533162831a64b9dbba8457195162b858d250c9a
43,153,4096,626688,4.558943805272,5.350542310933,984,1202,1139,771,104,0.000000000000,125.776650264223,776610eafc396cccce2ec9ea6f32262bb5d5a227dbc956445d299ed84a841db2
43,154,4096,630784,4.585779706730,5.402148612076,1335,1411,666,684,108,0.000000000000,125.752350609792,6b2bd059d3c985fca8cfc321be0bfe1eaa4b70c5d20e139730021d0aa915ee60
43,155,4096,634880,4.594919732218,5.419702366373,1282,1544,792,478,101,0.000000000000,125.747052755601,5cb58ba5b14da98da087a98b7965de2b3a670103ebaa38e93f97889ee2362cf3
43,156,4096,638976,4.597398606426,5.446683292890,1168,1754,712,462,103,0.000000000000,125.742284686829,f1e3f89809894d5069cf2924172167730f431fd74c01eb46c35b7a5f7cc384e8
43,157,4096,643072,4.591800616566,5.416198071731,1183,1651,913,349,101,0.000000000000,125.732034689766,b15f47f3de9c11a108650909b360e2bef0c38b962f5eac55184eccf48ffd2d60
43,158,4096,647168,4.595182647133,5.417238401030,1320,1592,820,364,105,0.000000000000,125.713427441088,e4a26f9e35657232151e1bfd0c500e2fc5730a992ce5f7d2d8de539004f1cd3a
43,159,4096,651264,4.566793282726,5.320709751999,1262,1233,963,638,102,0.000000000000,125.689511417225,f03b1126066c3aefc50677c6690d55f475d67079e1eee7f75c79273048e203ba
43,160,4096,655360,4.591474679739,5.412317664269,988,1456,1162,490,103,0.000000000000,125.663424021880,00888eeca6d46c8b1a824d2d39920ec822b71478f56449072d77af24e556120c
43,161,4096,659456,4.609058035999,5.423118374464,1391,1711,734,260,99,0.000000000000,125.636519715064,91ae0c275b00697c427fa590000497f8bf5b9f447187beae8fcb363b68ca9744
43,162,4096,663552,4.602912233762,5.406848153799,1778,1345,710,263,101,0.000000000000,125.596425190202,fd4cfff21bda6ba334f760a39a2ee8b603b5212f0c553fbaaff25a9f942d46bd
43,163,4096,667648,4.601223067351,5.402947933468,1373,1316,857,550,103,0.000000000000,125.560598656458,c5ad3dd26d34b1deddd1b1c5c177a0b169d9c32e26274943541bf401ea122288
43,164,4096,671744,4.579779119589,5.373715111169,1581,1186,826,503,99,0.000000000000,125.522562681050,010486ac776a80d34d676ef5167fb9c43ad6e3be0f9228c4873474857f29f743
43,165,4096,675840,4.593728909152,5.389817003797,1618,1121,805,552,105,0.000000000000,125.476020588849,679d92aeee0304d2e3d18934fcd096d714b180c183b056c4a8fbef0a30109255
43,166,4096,679936,4.573433585579,5.451787564974,1362,1300,804,630,104,0.000000000000,125.433605602331,9d3e832be57e43ef2d8a920abcabfd80190d04049950de718535c29e2bf02331
43,167,4096,684032,4.573690361071,5.482074920847,1155,1365,883,693,105,0.000000000000,125.394366211101,1f8239a95405b999976fc6a4d78d0ab8d220020777d20dd9e4b58085db62841a
43,168,4096,688128,4.585790226809,5.465398700204,1043,1453,1218,382,105,0.000000000000,125.355026089514,50bdb5078a9b38294185f91e0d2a6dc39fd043ca39aa4edc4b23608ea31b0b6d
43,169,4096,692224,4.573153704599,5.389803783239,1273,1390,795,638,105,0.000000000000,125.324392323837,e7e996599e273b56e867436da63cd1fc7f68a9de501607fdc8dfa5a1493a8c7c
43,170,4096,696320,4.585307150721,5.462660731792,1377,1456,548,715,105,0.000000000000,125.286667167392,c8e6f17c3296aef590e8c4f2b20e47f803247652dee621a7a91735006d0bb7cb
43,171,4096,700416,4.584021856968,5.441369654434,1365,1254,688,789,105,0.000000000000,125.257729453830,ea1a84ac1425ef58fae9a97de913f789625ebdda61d176da58b3d187c2c9e2b5
43,172,4096,704512,4.584043549211,5.403736696843,1450,1347,673,626,99,0.000000000000,125.220104846596,38b31ca87ad3052de1cf2f9c9c05806aae479850b2d88725d319594f25b6dc49
43,173,4096,708608,4.592073214858,5.435196179743,982,1545,944,625,106,0.000000000000,125.188722726471,cbeee5eabc923b62ff3e3adb66ad75991a1feee6e8b30cdadbb3359ee543b6cf
43,174,4096,712704,4.600779802663,5.458193917682,1196,1581,798,521,104,0.000000000000,125.188722726471,8ccf53e88460d1ee36f2e4797802e96617c42f2aa4e8c08fdf05cdd8e2024e19
43,175,4096,716800,4.611459007559,5.455170991172,1282,1192,989,633,99,0.000000000000,125.147122348314,e131ac0adf8b457cf9bac28eb47607ccd686f3c46963e2e01ec3150bdd686974
43,176,4096,720896,4.602618402228,5.421822730004,1337,1190,817,752,100,0.000000000000,125.105671595696,851acefc67ce8bd3a20e85eb247ca42f77e6bee5747ac3971db1857cf93ec0ae
43,177,4096,724992,4.585593987501,5.370277805474,1370,1253,1096,377,102,0.000000000000,125.063472739857,fcd327b4d7290ffe3d641fff41dc995d35f74d119483e62b910d4906542e6a1d
43,178,4096,729088,4.586063229563,5.395116199501,923,1280,1420,473,101,0.000000000000,125.025612393353,b7f34e264adfe9515f677a6406df49672900b2875dfa46c4562322e41a0592da
43,179,4096,733184,4.578882032871,5.377304498670,678,1141,1516,761,102,0.000000000000,124.985431568288,2ed712cbe9399b7b50ae7c200d42a35abeec52ccc9c0e63f6395744ff0dcd311
43,180,4096,737280,4.576711310323,5.364959499105,1075,1203,1238,580,105,0.000000000000,124.985431568288,316cad11b1bec4e6d9219dd6f5cf69213c95255bfbae75c146d16b3102d52eda
43,181,4096,741376,4.585190997276,5.408509594572,882,1505,1046,663,103,0.000000000000,124.934449202515,a9388c980e0860a33445a2e753663e16424678e0f3806fcd174187b6cb590b61
43,182,4096,745472,4.587151476440,5.425580026852,1001,1435,1001,659,101,0.000000000000,124.888814678527,bdb7602c0d085bada526806bb13e81d2447379aeb8713d282e341dfd103e6b7c
43,183,4096,749568,4.594760594007,5.418479876027,844,1498,988,766,98,0.000000000000,124.841350014202,41d321b69474f2ec9246de7a518ebc50fffe8a97da2762686fc8cdab99da4b65
43,184,4096,753664,4.587711488734,5.409839118997,1069,1306,1191,530,106,0.000000000000,124.791972977282,3f7340c8b9c77de5dc23663a53e5b3074b7fa6577406a910aed79378284eecae
43,185,4096,757760,4.582045050612,5.370071315729,1543,1083,904,566,102,0.000000000000,124.741555678958,9a5ed8402cb32d987881fabe047d9a5742a42d0198c0c7b2c1923b4f00a2c31c
43,186,4096,761856,4.582510362210,5.407528265246,1203,1477,994,422,107,0.000000000000,124.685450529739,2ccb1981a0c68602ce38d110273273a915a843404f0105573c26e165ab031029
43,187,4096,765952,4.601530694972,5.447354713483,980,1726,1122,268,101,0.000000000000,124.685450529739,21f524ed582b05c68dbd25127b838b8241039f8a77e3a80821af72c9b736ca2a
43,188,4096,770048,4.604283294817,5.444778687079,1276,1588,1013,219,100,0.000000000000,124.632582037183,06df0e3486b20cc1f065e710712470d2062307b590376db49fec5cf3d66fc838
43,189,4096,774144,4.586500713561,5.384268479242,897,1414,1382,403,97,0.000000000000,124.579403367598,14c390fda6610ac17918b47960a23d03ac90e3be2308688cf9ccaea9ecfdd55d
43,190,4096,778240,4.585318123026,5.373422394446,946,1460,1249,441,102,0.000000000000,124.531542564972,b31beab4af7b499e8ef5796a62baa1ad5957eda537308081c71c86e923d25302
43,191,4096,782336,4.575606813149,5.353913092441,765,1242,1462,627,95,0.000000000000,124.531542564972,fddaec42988239628824fe632b1efdfd4196c6fabb9afc2725b8460d94813ef3
43,192,4096,786432,4.595446545086,5.415913621752,701,1432,1359,604,99,0.000000000000,124.481684722919,495fcdae26b41189d7cd55c8d8f5164f05677379f658dcb5141d86c71ae57cf7
43,193,4096,790528,4.594168472708,5.432481019740,867,1471,1193,565,108,0.000000000000,124.422783113982,ef7e6e2fabfbd23d83f246e30868115ca1b4b1a7f5c038ca57b5c30bf5768c64
43,194,4096,794624,4.581602498589,5.338512045138,793,1099,1536,668,100,0.000000000000,124.372604248888,ef13d512e2aed00cc13f60d3c9172241fcdf09c46fe15537cf4ec5147f10ab98
43,195,4096,798720,4.584742972197,5.355887416132,651,1337,1523,585,99,0.000000000000,124.320238791892,ed9ca56413d24dc416bbaa027fc3f22e58ae40a5d903e58f7b1b41b71eecd389
43,196,4096,802816,4.575408642654,5.345137012022,1290,1119,1315,372,103,0.000000000000,124.259755875776,6db9544395a423ba7cb5f2d8c40b32e19db90c8ae72e5e6e1f54621f989ba68e
43,197,4096,806912,4.588178946962,5.405300260503,933,1275,1460,428,98,0.000000000000,124.202896579995,c4bf61775bbc1501e9d0530a7835cfae64f0036da1cf5d3c50dd40b0f5183d4d
43,198,4096,811008,4.589386422077,5.407493442213,956,1486,1303,351,102,0.000000000000,124.147718639503,4cd5371a633511fd35308d23a76063d33c308e8e72ff975bfef49f3ffe6b1ff8
43,199,4096,815104,4.584492637273,5.384073088153,1065,1198,1371,462,99,0.000000000000,124.096129623668,af4cd7464c35d6ac567cf0b4541123cbc0eb2fd942386e843b4c715ee452356f
43,200,4096,819200,4.586850120840,5.405549897422,677,1560,1402,457,102,0.000000000000,124.056873432257,27277cbc7be5b5be5cdc6a1899b23e7dfb77e0db502369bf892ff742a89530dc
71,1,4096,4096,4.444259118906,5.192739600623,1035,1000,998,1063,113,0.000000000000,33.871559441879,1b689c88ded81048c4033afca242b9e7ecfca4bc688dbab837b9cccdad1bfd09
71,2,4096,8192,4.448749644846,5.211054731727,1023,979,1044,1050,104,0.000000000000,48.629607590664,647b484fdcb3b6e2b3b935f7bda1f95a9b47f25da72b5bf7d8b986162b66095d
71,3,4096,12288,4.440576930746,5.187984969078,1001,1043,1044,1008,109,0.000000000000,60.187211719931,23dfa414ac95a01c052d4431055a8324064d0bc1244102972e001ec41fd39746
71,4,4096,16384,4.438227426342,5.174097205366,1055,1006,1035,1000,109,0.000000000000,71.016050275268,962297622f17e063e5f38b8e7987557f28c85fb4d8c2d741511c599323890f9a
71,5,4096,20480,4.440592708520,5.195471908300,989,1049,1051,1007,108,0.000000000000,77.868459321889,34d2789a15b932e5c0654f4628e037d0e992a4fa02945e39208631fce8a1ebaf
71,6,4096,24576,4.448336001767,5.189198499255,1036,984,1002,1074,105,0.000000000000,85.061730996817,8a428495f755c6be4ad5277103baaccb0ecc1a3f5568a17397a0478491935f77
71,7,4096,28672,4.440419262202,5.182814744121,1045,1023,1031,997,107,0.000000000000,90.351513369069,549dd9f2ece29b6085b7f890f2d1613da39f575fd46866806c833366bb0db961
71,8,4096,32768,4.441281677131,5.188546630399,1035,1005,1051,1005,109,0.000000000000,92.570882107421,74e440fa20fec438d8e082f7ebcc37577e933665944100b72d726de5d71fd140
71,9,4096,36864,4.443808858839,5.188684165823,1077,1002,1012,1005,106,0.000000000000,97.801698828227,3b2247093ec1ec4a97b95882cb8d17d331dc4e304b8568cff568b0984554da9f
71,10,4096,40960,4.442628249558,5.195138486513,1080,975,1048,993,105,0.000000000000,100.443569067044,f25047c6d1ebd691d147e2b7ffe30864e99d3ac89a96b4120586473faadb49aa
71,11,4096,45056,4.440866279296,5.160112089842,1047,1014,1023,1012,101,0.000000000000,102.854786680416,28f4b0c4b49191859c52433ec7f7048dda71984dbf05eb2b8602604534a5a404
71,12,4096,49152,4.443353149793,5.180364747611,1087,1032,999,978,106,0.000000000000,105.412833883817,8f711acf4dfb33f7bcee2fe64016f65f83bb097c603eefd40c3300cb3a957dd5
71,13,4096,53248,4.447974118966,5.171697745397,1095,959,1029,1013,104,0.000000000000,106.770197095492,93c50176f4ee37d5adfe5c64f3dd741599d8a925ffed3bd6071ec5225af17829
71,14,4096,57344,4.447619298169,5.181239887987,1025,977,1040,1054,106,0.000000000000,108.285984661325,3c4c1a6403bc3fc5c25d0b228bb4454555ab5ee4d213478462e4b348a737ed87
71,15,4096,61440,4.442227357495,5.171865484667,1087,984,1033,992,107,0.000000000000,109.019332155977,bd822675a51c9e60f86a1ba3be3960d30ad0d2c48774670b2b05ed5ee57a67ea
71,16,4096,65536,4.446201475581,5.187744378885,1048,948,1057,1043,104,0.000000000000,110.994437960857,4524959cbf9765935d3a6f8d8e713576b4ecbff3f32b03288a024186da05a6f8
71,17,4096,69632,4.446296224609,5.170366539060,1064,1047,1011,974,105,0.000000000000,111.252870993420,179c880a45ba50d1451f2deeb4de043f9064ab6286445aef1938b8149d63c113
71,18,4096,73728,4.447036929704,5.193279066474,987,1078,1010,1021,106,0.000000000000,112.873466396807,349d00e0283c929c56a6412eb2836ba51a8f56f9a4ad71d7613ecac6b0d0dd35
71,19,4096,77824,4.447446065003,5.176316486573,1029,1044,1036,987,104,0.000000000000,113.446378760229,d3e5660e744a71cf351525db9f6087afb2e05bf120b475b44d8a9929687fd704
71,20,4096,81920,4.445859001648,5.192143037843,1003,1109,1051,933,104,0.000000000000,114.010508683529,9d62d81ce9bd71dc348ace4c0b5f88d86f2067475272c30159d8489ec4fec038
71,21,4096,86016,4.447402416092,5.208903121401,1006,1034,1061,995,107,0.000000000000,114.945230312654,bf0dc1783454f9e259d3907199f4fac7e311907fadd210c0bb2c7f7b02282dcc
71,22,4096,90112,4.442553259105,5.180995751265,1023,1078,1018,977,106,0.000000000000,115.389875638439,20a58bcb4a69d8586d53566e962abac4a13d9ca7c5335a483fd907ca9ad40d68
71,23,4096,94208,4.439471993474,5.180166782491,1016,1077,1031,972,103,0.000000000000,115.873586111313,9fc2e644c267421be7f00c029f09ed08726515b71024f07b91d6478615a0155c
71,24,4096,98304,4.449126360686,5.205632884151,1011,1020,1032,1033,104,0.000000000000,116.278255407513,4e9069a205c29ed4a004164dd2188d081b4a197e4c4b738541eb551b7c941915
71,25,4096,102400,4.449260800614,5.188213124332,1040,1033,1053,970,105,0.000000000000,116.727088811299,06090938f6bb0329472f64ac26fbf2348a163f7b41ba6bc186f1f3a8572670b6
71,26,4096,106496,4.449770491214,5.206948175793,1036,1026,1023,1011,108,0.000000000000,117.268976626080,db4cc6d5a7bcc0a9829efcbf74bd51d86d2caade1c501d607830803b15dcde3c
71,27,4096,110592,4.447829711602,5.202992186253,1073,1067,952,1004,107,0.000000000000,117.266084992626,4c1183cb9965668d420e07b4224d97c2cdbbcf4ca04b72301d6e101133249ab2
71,28,4096,114688,4.452653394295,5.199086721709,1036,1079,952,1029,110,0.000000000000,117.540364296823,ce901f73aa8c07d763f51d40952c45689919663de1942a118276b5968ab0db2d
71,29,4096,118784,4.448531541904,5.169692573865,1102,994,995,1005,108,0.000000000000,117.491291667632,85c1594726e7462dcacc0a97c9ac83d2c6ab41bb0ac93dfc1bb6cbc07ab04e02
71,30,4096,122880,4.446259719068,5.177950497365,1061,1044,1003,988,105,0.000000000000,117.606695459082,fc567feddffae6ca9b848bd529e0d91f44413f17606f30625777b35808a872d7
71,31,4096,126976,4.444919764209,5.169432474806,1075,1046,1005,970,106,0.000000000000,117.710463190501,030c5577d1f5bcbe0e64f64700a52f7ce8c83575117764327076c7805fe6b86c
71,32,4096,131072,4.435874295789,5.138560659718,1089,985,1009,1013,106,0.000000000000,117.837874694784,f9ba64b6d569ec85891e04374013c5c96a2b5612388dfbe8b774aca7859814a9
71,33,4096,135168,4.448432780544,5.182508954208,1028,1036,1064,968,112,0.000000000000,117.907014000240,f3649021e071650db6c4e937b131d85c92dffc9abc15660bb5eca5672b73a2b0
71,34,4096,139264,4.445056030124,5.187833983779,1084,1101,966,945,107,0.000000000000,118.024750992820,4ac7ec7f870ca985f73f50fb27daea6e612724e3ff5382c85df6bf74ba0e1399
71,35,4096,143360,4.448019785702,5.203493205308,1078,1033,1050,935,107,0.000000000000,118.309770685717,4209062d3024e41c64c67bdb5364e8bfdeb6a9c4e50289444cc708d48848ebce
71,36,4096,147456,4.443550169530,5.185983881245,1011,1172,975,938,106,0.000000000000,118.844527179995,7557c94fb12e03aa98234fd8e839a42be355df3d992acbe7683c778d4dbac781
71,37,4096,151552,4.444845149263,5.192266827519,1052,1114,1038,892,110,0.000000000000,118.452320128541,6de2dc332372d13c1558d63c4477521bc07f4892fd41e425f3b9365511eb6f81
71,38,4096,155648,4.452788991160,5.190396199016,1021,1089,1047,939,111,0.000000000000,118.816400927485,36b2923046de2a68fcaab1ed8ef95186719365fb7ba81eb65f66cb1fc803e0e6
71,39,4096,159744,4.446643274965,5.199797709235,1005,1120,1056,915,106,0.000000000000,118.847617892634,4a9a41f849769174c1dd69d4d9e98439287a3935d3ad58a633728841860e2196
71,40,4096,163840,4.448056234659,5.199264977698,1048,1142,1038,868,107,0.000000000000,119.059064128156,46c725be63eff4cf1fa20d6e82643a1f7908903f92838b289b09f07a12bc5028
71,41,4096,167936,4.456457968288,5.209126795026,1057,1115,1031,893,104,0.000000000000,118.998130634077,dd8d4c1de3b03bfc22f873b0f22e5d91202609bf555bb1c0174f6fe7c8328b0a
71,42,4096,172032,4.448323202283,5.214648766164,1010,1194,981,911,108,0.000000000000,119.298713531542,4011730658c1c5f71daa3ad23f1bec99e28ceb5deef5b8efeb5683cf29344eb9
71,43,4096,176128,4.449882161580,5.201929525227,1061,1143,1033,859,108,0.000000000000,119.099420847986,62e85d3f21ef358bfb65eec6bb8c0c2709e93c37e48ae21b2bb628a42cce6ba3
71,44,4096,180224,4.445372303938,5.194791461848,1028,1110,978,980,102,0.000000000000,119.179652901991,81c8431e4cde5b98eac602541ea4bd81e79d82446592ce1450ef198dd37d4bdd
71,45,4096,184320,4.462955022097,5.195977314949,992,1085,1078,941,109,0.000000000000,119.232629413280,cf3382658fcdb2c8fd0e8841026969741ddf3ad77b6db1083842498e4ac77724
71,46,4096,188416,4.461628427318,5.226254920210,985,1176,1000,935,104,0.000000000000,118.949999928468,0732802d3c0b4a1b86f15f24fa043177938c69b3f6b8879aa55719b35c01ba38
71,47,4096,192512,4.457196672739,5.207372140175,1048,1038,1086,924,105,0.000000000000,119.089010019242,d94b6ea47c6e70ab403500b8330f8a9cd644ac2ff3f5aabd7c73c91f91ca70d9
71,48,4096,196608,4.459100212477,5.227727510066,1162,1021,1021,892,109,0.000000000000,119.184439255529,5f7b86d17855dbc662e7be002b30faff6da2438176071854173a559dd8a47eb3
71,49,4096,200704,4.460562168558,5.240408830482,951,1176,1066,903,109,0.000000000000,119.103780963884,b6373f8017c836d8e8230dcbe82f594c3474d44922760380aefd742088c04c67
71,50,4096,204800,4.462101539885,5.246421296260,961,1097,1079,959,105,0.000000000000,119.074350516578,bafb51b85f462fdeba094e595e0919c4ecfd608801535757348f6730396f21a0
71,51,4096,208896,4.464274902777,5.255089845484,1004,1242,974,876,105,0.000000000000,118.855977358858,45bca41e38adf26329aff8353056491a83d5183213ae248934152fd7ef1c3d26
71,52,4096,212992,4.453069114384,5.206131438006,1071,1080,1095,850,105,0.000000000000,118.918242860560,42550359c76866296c0cf497361f9fe20b07e6d0f2df9222360dfb6578a4cb91
71,53,4096,217088,4.468658966982,5.226704715586,1048,1014,1108,926,104,0.000000000000,118.768569224384,52f9fe504d6f14eb841f60212b2209185fffe8dbde351ca424a5d1f88e70ce04
71,54,4096,221184,4.473584696838,5.262777263914,1050,1140,1021,885,104,0.000000000000,119.092378939312,453742a4c3389e63dee87c24fd8beac12749fc37fbf854b33ce36a83b6776fcc
71,55,4096,225280,4.464510036784,5.220858018230,1061,1060,1061,914,107,0.000000000000,119.026045552174,9ed531cf9309c518166939010c526a7cd861de019f6050a5c775702940247e8a
71,56,4096,229376,4.479480054437,5.286508108374,1092,1190,1044,770,106,0.000000000000,118.981811842340,40bb86f269cbe15e45bc6a0cd4b27becce2869ca3b75e96acce2cce56d3f25d3
71,57,4096,233472,4.464689106873,5.255760822023,1042,1139,1018,897,105,0.000000000000,119.280333445208,4b551fb4fe3a88c31fb37962f72386aa6bd9b9cb3a102c6de3d70afae03f67af
71,58,4096,237568,4.474792126710,5.307046436528,1003,1307,911,875,102,0.000000000000,119.447759423632,79ec328f47bbac04affa7b7337993e94eac2c922fda31cdf918bb46e1d67e5af
71,59,4096,241664,4.478305986060,5.273535467679,998,1108,1165,825,103,0.000000000000,119.050320283392,2095f527f8c90d11c707368f29cb096dbcbdf2b85a51345110dd19f24a020b4e
71,60,4096,245760,4.472830811075,5.262218263833,997,1120,1091,888,110,0.000000000000,119.090469177879,58ec90f60ce9b12d894e35b34dc18693c95dcb8c6fa82d2dfad2c0fea1815314
71,61,4096,249856,4.481844446379,5.280034035517,1014,1206,1040,836,103,0.000000000000,119.532522358942,2c10dae55d8ddf34fbb08c7ee75d629fdfe4b866525ec1643f587c3fc2d45336
71,62,4096,253952,4.455230952275,5.259160625507,988,1281,928,899,111,0.000000000000,119.071828242383,327fcdff82d9282d7885d629e7d3f01f4e377d650e6a1c323486115e325e79db
71,63,4096,258048,4.470336182887,5.253354497174,1065,1134,1077,820,104,0.000000000000,118.941172471081,d50d5168d3a102020375fd56efa149118c99e9a277ede12e7c435a20e23f6c3b
71,64,4096,262144,4.475216609982,5.259439193836,969,1096,1137,894,110,0.000000000000,118.994567751413,130b23b38776b2a3947dde462551a088d0a9f3eae5bc429461406543183fb26d
71,65,4096,266240,4.470901509108,5.256557696589,907,1222,985,982,106,0.000000000000,118.966138810934,587bac5f36e070fa3b62ccb533b0a3f9d8887769bcb782cc4dfeb514339b0948
71,66,4096,270336,4.467489951523,5.288534024840,905,1273,1049,869,102,0.000000000000,119.231089919596,118b2600a8aff362eb0793d0c14fd1899a423748fd95632eee47fee85445cefd
71,67,4096,274432,4.477673372824,5.285543588952,933,1166,1064,933,108,0.000000000000,119.214111808802,6ecb95186741c73f3cc86f4df40a2e47ded78d98282474e4264a9534178acc80
71,68,4096,278528,4.482507697936,5.321320830808,968,1143,1119,866,107,0.000000000000,119.493625731346,95e67e63cb55ba357ab9cfff574545ab7a72cb73c7ceb0cbb4816824aefd558e
71,69,4096,282624,4.472846147532,5.315728828409,925,1281,1027,863,107,0.000000000000,119.384196872113,35d6a6b4e0d86c88d354286036cd836c50275de2cd1af51f5038bedad0157d3a
71,70,4096,286720,4.472898144485,5.274716113097,952,1227,1025,892,106,0.000000000000,119.279248559312,33c40305c3a9a2bc15cc992d5417338b8207620e5d2b5a1a6d95d40b0aca382c
71,71,4096,290816,4.484998140328,5.303476936312,997,1221,958,920,105,0.000000000000,119.434799273609,e571a3007763da9f7cc7f2433c501a3cf383dc4dd7bcd51a710f3eff5889b73e
71,72,4096,294912,4.482093905118,5.317761362661,924,1294,1036,842,108,0.000000000000,119.861541533729,b574b7d832689f65eab28cdb82a87adf2d9fc7e583c89efc6d7cc16c6866099b
71,73,4096,299008,4.479521005375,5.317726599627,885,1318,992,901,105,0.000000000000,120.184109534142,9e8cdbc89e40fab6b0c0154549e3fd673d96e170939ab92ef4a74ad9ae001e91
71,74,4096,303104,4.477486987432,5.321088086447,1029,1322,902,843,110,0.000000000000,120.402854453898,83a2a70c7a9c8d5663cd52cbb95f82be31234b5dda945fb2aa45a4799405983f
71,75,4096,307200,4.491816480991,5.323619439588,847,1264,1067,918,105,0.000000000000,120.558277593364,796f12854cfc1704f2b31a956e68e3a01c9bcc7d6576a83acc1b89074ddfbdd1
71,76,4096,311296,4.505456350819,5.329900598588,1037,1302,972,785,107,0.000000000000,120.752064583907,8b8b1dce1d0a71a8ddc14fc9986095a2c890f351ba6483c0ba7729fa59ee131c
71,77,4096,315392,4.493493504732,5.295061421272,1083,1124,1058,831,104,0.000000000000,120.783081134770,b7800590e5918d8a7ac0071026a5f54171ae319981e64a0bd7c1fe042d648f4f
71,78,4096,319488,4.494980753703,5.319315104654,1072,1234,968,822,107,0.000000000000,121.110325721059,0052994616d90d681dcc698ec67a1e4a80d1a6cb1b8a74529b3459fd9b83ea2f
71,79,4096,323584,4.492061651592,5.328410180585,769,1376,1111,840,114,0.000000000000,121.178302099566,55100b1029ca01d82a84185a838b5d64ba526170b6591f4d629ca15e3b644dd4
71,80,4096,327680,4.481811956232,5.249089621804,891,1057,1239,909,111,0.000000000000,121.415134353761,dc90ad13ff65d3858d2a971276bfc58948f86522d5f05f3fa088ac72be60fc3a
71,81,4096,331776,4.502070564716,5.332236360428,878,1316,987,915,108,0.000000000000,121.452529386441,2876ff3d7c65a84fb7ad399428801609809b70b4e7b2d88fefdd35e599fa11a8
71,82,4096,335872,4.498679791617,5.350422291467,1052,1223,1002,819,108,0.000000000000,121.526846259550,b9fbaaa706512cb4cf5ab3f42b1a9d7089d2d1c13dc8e6524a8381ec7d3910d1
71,83,4096,339968,4.497594635874,5.333782840369,879,1357,933,927,105,0.000000000000,121.699868394756,bfa69f5448e53b24ff5b733e32f808c82eab0a47d065676181922f68496071fa
71,84,4096,344064,4.493967344193,5.344987540834,1043,1272,887,894,110,0.000000000000,121.798162574187,999db3ff8ef32c1d73de235a0f170d0af04a0b2d11f467ab28fa241f4fc6d652
71,85,4096,348160,4.500900996397,5.354046856681,1053,1360,837,846,105,0.000000000000,121.948143324444,4e3fc5508f90e14066e5d40712924fa090eebaaac8e96c3090fe5044bfd891e5
71,86,4096,352256,4.496584491301,5.330276930047,1105,1343,849,799,108,0.000000000000,122.101615341828,c325080247c6b314469b2ff4e395ca542f807fc17374d84af4d2a3827b70ab92
71,87,4096,356352,4.507885476882,5.353326575497,1119,1365,825,787,104,0.000000000000,122.205013722546,fef958d44dfb06da62b5bb20aec5f9ad019cd4eca837786c7c5d7029a3924b83
71,88,4096,360448,4.510461925214,5.361729536794,1029,1431,900,736,105,0.000000000000,122.381907787940,b41f9d6c194728a07a9a137886e3581c7001ff46b6aded2f68fd910da63af3ac
71,89,4096,364544,4.515940468481,5.359312655173,942,1380,956,818,110,0.000000000000,122.422471249677,fa6d1bac376acaf7716032ba0e2e4a8153f51a18cb6c5bb5b798899056823342
71,90,4096,368640,4.502408798829,5.306830996098,979,1179,1061,877,110,0.000000000000,122.652867842974,7cbc600a0c34bff6b3a40531d18e19a975013bc82443c7e27357e88c5695841d
71,91,4096,372736,4.504156865487,5.321931172885,931,1223,984,958,107,0.000000000000,122.765056690048,b46f97ab13e9b5aad1d33053ad72b79c0616e9dd9141732a39ec5b609e830077
71,92,4096,376832,4.493659536901,5.271334436668,1021,1250,1039,786,102,0.000000000000,122.926842874019,bd1d4e5c55d8bba73270abb8bf5fc8f2c6b33a67c0473e37a86e689f3ddde80d
71,93,4096,380928,4.505253315126,5.314088455815,931,1335,1092,738,114,0.000000000000,123.072300880997,ae1478d72a215d866dc0eb5e8d06bb2f3744c6d0c3cd04023c46542a483d33f7
71,94,4096,385024,4.503289985188,5.326848417316,1072,1409,826,789,104,0.000000000000,123.139851189293,262522b6e0f7c33cc76f2e2cf56ed0309288c04033aba24c202b180bf969a1c2
71,95,4096,389120,4.510751366364,5.376566012330,955,1232,868,1041,104,0.000000000000,123.201797647522,461d0b678c63c16a5630a211087dc3ff6002513a08614ad13147562941bd5dca
71,96,4096,393216,4.509869954752,5.352056479165,1147,1280,854,815,108,0.000000000000,123.224729910629,0f0021ab0c9e3e4aa1864db28ab32c943f9ff907d3a54490f2263a93b311b01b
71,97,4096,397312,4.504269189903,5.343948829924,992,1296,881,927,104,0.000000000000,123.256319778479,9665abf68a1b09a16d441026ac1f8713275384db4746f44adbd8a083674f84d5
71,98,4096,401408,4.508469955365,5.393198180834,1034,1355,838,869,108,0.000000000000,123.238464238721,a17cb1c14f32cf296f70bca01a520e629e550503da2b42fece4b70047bce33cf
71,99,4096,405504,4.489466626974,5.312670218833,1031,1230,899,936,106,0.000000000000,123.281635429599,5dfde3bf5e64e067fc843051f69753fb29be31fd51a5a4bf7ed0759a970daf49
71,100,4096,409600,4.507256359797,5.320228564188,927,1113,1001,1055,108,0.000000000000,123.323358076647,f8477bc7a31d4c6a98ad00d9d63c2c1ab6ceb86d01699595d01a97ffded64542
71,101,4096,413696,4.509133367338,5.328505637321,961,1143,1074,918,108,0.000000000000,123.480822056511,dcf5b4ead0d733b2e7896e35c82d0dc396949b78d39354c0bafdc6d65678ce9d
71,102,4096,417792,4.520711650424,5.328443281382,1005,1147,1049,895,107,0.000000000000,123.586292458342,ee628fe54279d2da22f1ff46550f1353f253e7ae752c722b5c50d73f3c0f13c7
71,103,4096,421888,4.504183220710,5.285414035184,1056,1192,1077,771,100,0.000000000000,123.617173676179,0dbfc21604826840cbd46fae07bff0296c9f5ca947a27502c277af0b55c204bc
71,104,4096,425984,4.527140784102,5.406454737970,915,1254,986,941,109,0.000000000000,123.725070577439,1e404814935301de2a8c26c9bc925c6e64dfdb3f6daccf4efe24d113564e08be
71,105,4096,430080,4.522031578055,5.366367034875,1082,1310,814,890,107,0.000000000000,123.794456335779,ad1041cc47ef0ba7cadd52a3a82e1d6a3bc1129e6959dd5ea4514991f66bafcb
71,106,4096,434176,4.515249181455,5.311953268791,942,1214,849,1091,103,0.000000000000,123.893928636583,aa1464583a0ae05b29cbef48f3d48054f15fecfb0c91667292c649ef025b2f2b
71,107,4096,438272,4.528076667012,5.320929226644,835,1108,1320,833,105,0.000000000000,123.988909901559,a1786c42fad2334939d58aeefd0f48dca6badf6839f6dfc78b3299a148d1c1ec
71,108,4096,442368,4.542088753220,5.364306673036,1031,1027,1270,768,105,0.000000000000,123.813686713545,41d308c5983be9073926ddde54abe5c05998be120c6f743964aab0e7017bd514
71,109,4096,446464,4.526967308841,5.341577243178,1198,1159,999,740,106,0.000000000000,123.716311463731,99a22aee84484eddbbbbc52410ccb82c716168e7b02f7d31c3a7a9a301b36eb8
71,110,4096,450560,4.543148973653,5.349065132892,825,1208,1279,784,106,0.000000000000,123.862524197823,6b5800e02e04abd7eca3d6b3a0592b3fba7f83ac1034535d66b400100702e9ae
71,111,4096,454656,4.522895454304,5.290669707842,1109,1072,1174,741,106,0.000000000000,123.914359473385,f0c6feca76828fdb045b8559f3656bd4dafc62da2f37b746b392a22960602e27
71,112,4096,458752,4.521986959736,5.314067956132,1251,1048,1188,609,107,0.000000000000,123.982144523227,17da10705f58231edc2a349eb5acd6030a6bf07908cad7e6b9de7493a069f24a
71,113,4096,462848,4.532737188010,5.331334494228,925,1118,1283,770,104,0.000000000000,124.149601580041,e5cfdea80d270142af71733ab41d6a4ad6a814b9b6a80af6a8c985045ccae789
71,114,4096,466944,4.533168832863,5.332510292388,960,1121,1189,826,104,0.000000000000,124.290481795768,e5f49dbe586017364a96ad6c7441cd1a5fdcb41c164f0ec4a27b26e54c0da6d6
71,115,4096,471040,4.532929514767,5.347957805161,1000,1109,1085,902,101,0.000000000000,124.346997396025,8062446d7995b5e3fa66435a0d4d6e79b6c99b68379e6365e1633fcc2838ee32
71,116,4096,475136,4.538150161538,5.362398009434,1087,1304,941,764,108,0.000000000000,124.479924373864,a8b07c1cf5f116e2caa0dd066cbbb8c3d7e58dfb2a5d817d79ca91d936ab2910
71,117,4096,479232,4.531718813440,5.321948007667,1138,1011,1253,694,107,0.000000000000,124.583074484422,0c881c00423782c0124dddef800374c048151a5b6fa98f749430bcd841120cd6
71,118,4096,483328,4.525866518505,5.298925546676,1156,1050,1168,722,108,0.000000000000,124.698126941570,9d888fd9f2e7b90669f06e779bdfc8761a9b92e22ef6a8cca4c2c826e2c47686
71,119,4096,487424,4.523326450947,5.289314592851,1349,919,1008,820,109,0.000000000000,124.698487855188,e37a35cd5fc14a3206b5ee7fcc648656ade8e4b6ea47686f92b2a01dbf43fbea
71,120,4096,491520,4.534873263631,5.324678113120,1279,949,1227,641,103,0.000000000000,124.776728036625,ab4d94d9797666c277e83be411ef9f01f928d2e7dda1f5e55685601a0248f9e5
71,121,4096,495616,4.541395010304,5.410078088090,1129,1398,899,670,107,0.000000000000,124.840715497167,265ff2ee0c192a8b3e5be596b77e13647ce5a07457f6cd938567bf64c93ecd4f
71,122,4096,499712,4.536639148273,5.383475538405,1111,1274,951,760,109,0.000000000000,124.908340716323,cce1a4c0eb2310ce16ece5142b9ca6622ee6014bea6d7a4e3b46b51e7ffd76dc
71,123,4096,503808,4.543680472089,5.392356165698,1197,1397,763,739,107,0.000000000000,124.885283196216,ad4a792caf6ccf67e79fdfc1d32bd147528b7be0a5b72190f6c4a208066dbf74
71,124,4096,507904,4.555733672212,5.417751095096,1123,1243,737,993,107,0.000000000000,125.029483814029,ac18ba1929f643d9c92ae064f67a2c6b2a3a0d008e48c1e33488cb9869378efb
71,125,4096,512000,4.545588466994,5.345992539849,1127,1059,1088,822,105,0.000000000000,125.029483814029,6e27ec8a701aa99cd546bd2ee6700d836b5140cd58290253649b8ba5f29954d7
71,126,4096,516096,4.529951846344,5.299169690065,1288,1062,1093,653,112,0.000000000000,125.218434956908,e4cec9800fa4326264069428dab50a5cd5fb08ba414a601da3c811cb4b463142
71,127,4096,520192,4.546062168490,5.326575334117,1058,1307,1033,698,107,0.000000000000,125.400837810337,4feb863c52535ad99b2175e39be784c22bf813736ba66ad79589c6ae06d6a655
71,128,4096,524288,4.542000580027,5.365556519327,1110,1375,1007,604,107,0.000000000000,125.560958752947,0eedf653bdde34330e4c6edd8810ee7804450ef2cb039bffa2c62b4a05134282
71,129,4096,528384,4.542950603636,5.363213059076,1377,1269,753,697,106,0.000000000000,125.712448128623,1edc3084a1b3982c840c054b30eb96d5b8e1881b834d7ec1fe4c13d087e22610
71,130,4096,532480,4.550470369176,5.369369757955,1189,1193,1102,612,100,0.000000000000,125.844255215935,bad32ba23aa1d87db61d4defc85e9d33bbd486c8fdafdc0ca92417a271f87ab0
71,131,4096,536576,4.552918425745,5.379850460791,1229,1285,927,655,103,0.000000000000,125.969454840003,2a5a4012566f3eb0e5f022223fc10fb0eb5fb0d031332d05c9f32b1e544f613b
71,132,4096,540672,4.551267770966,5.356804970583,1322,1030,1110,634,105,0.000000000000,126.084998279395,882d3b986f34ef81833b5a2d04a19aefa7bf91607c2a5fd8ca264d24cab363db
71,133,4096,544768,4.542540595283,5.296936795193,1068,1038,1353,637,103,0.000000000000,126.187053632413,ec676573feb5e2e2b90e6c105333aa89a48eee21283087b04fed080ed830816f
71,134,4096,548864,4.545336786925,5.345731425042,1002,1237,1202,655,106,0.000000000000,126.276099488246,db8ea115951ca094bf51a4d08960dc7d00e5ca82f6fc553fc1fb479add8f97bc
71,135,4096,552960,4.545246733139,5.327426873962,996,1368,978,754,103,0.000000000000,126.276099488246,860e7d4820c022e3c84ec5705e8748fad63afc2bff2e083e89f79677b2db5ad2
71,136,4096,557056,4.549100663849,5.356266424927,848,1162,1352,734,103,0.000000000000,126.276099488246,e951d52342438d580ae7c0e82f23281fc1d58277e9e3695067f5927f7384c991
71,137,4096,561152,4.547020681047,5.378305380438,811,1390,1039,856,108,0.000000000000,126.349053197779,7d3bd0148fb6546be21550957a0420dde0036724a7dc5498f7f28c4444a6564e
71,138,4096,565248,4.566322083841,5.373312749425,1000,1231,1412,453,100,0.000000000000,126.418280445995,28881874ff544fe166a37578a207cea0716b52a050a353a3558d42f93bb29b14
71,139,4096,569344,4.557574040367,5.371133075529,1050,1060,1152,834,101,0.000000000000,126.480584969389,c0b0f286c06924d2d1fe041daf456ee325addc26f3d263004d482c0d2a97e84e
71,140,4096,573440,4.563458934119,5.347690716944,768,1047,1466,815,108,0.000000000000,126.532425132680,6f7992e96553c503e43708e49dc6b2b7a379f58ad62b539c2f27c878e08a8ccd
71,141,4096,577536,4.562731681743,5.395006805098,755,1398,1255,688,103,0.000000000000,126.577555290477,e5697e08256a32e452b27fa417f3ed327cdb7786ed047090ad5efab6c1ccadd7
71,142,4096,581632,4.563239875847,5.388509796356,1095,1200,1295,506,98,0.000000000000,126.613235949615,d4ac91ce446d7999814da9a47ba0ac71435207992e3237f641780b64f4151f94
71,143,4096,585728,4.569920307842,5.434640704023,1098,1503,892,603,102,0.000000000000,126.633557164682,c0af91079968eab4c5087aabb01409ef6ec9932b02afec558fc6e5b980e6d171
71,144,4096,589824,4.563866725627,5.417125105634,1108,1300,909,779,102,0.000000000000,126.648287518349,23cfb95549e0cffae52ab2c8257f4fdf8f3b8959503d72767a1a482243ead245
71,145,4096,593920,4.567354322883,5.416662896999,1069,1287,1047,693,104,0.000000000000,126.659336248108,ed7a545ec682a197cdd1ef051e932bb5b336fe96796c15b4447258e3e731049c
71,146,4096,598016,4.564611463664,5.413418510905,941,1375,1313,467,107,0.000000000000,126.675036237867,7009e35fab0ccdf8cdfceaeca137426f49dcf479724dc29477ead485534d1644
71,147,4096,602112,4.572326237632,5.357046161467,1628,1213,726,529,102,0.000000000000,126.678920363917,bb3c8224d5f35ee8e89092259a37a55fc66835cbeeb3d027324025c487b62a21
71,148,4096,606208,4.567495188148,5.374599404935,1208,1389,979,520,101,0.000000000000,126.689525635692,76485dd0312bd22dc9c74bd714c205628519b0a70b02659235f51db486326cfa
71,149,4096,610304,4.567126877178,5.409968446213,1535,1214,864,483,103,0.000000000000,126.697647346635,4315467d306efa1570c4ce3a58024b9bcdd75ccf51ab99f43f2425b2231c4fca
71,150,4096,614400,4.576285193038,5.417706201839,1236,1525,822,513,104,0.000000000000,126.705059132015,1661b8d1a97cae342cbc08ffda5dbf32972842e28735c71dc3756a147b4857f4
71,151,4096,618496,4.575327635120,5.397490227979,1033,1486,936,641,104,0.000000000000,126.711729738857,e6684f265b7e4435b3f402e6aab7965f00131c64776fa975b7a3603cce8bf8f5
71,152,4096,622592,4.567754080799,5.377758998976,1489,1253,796,558,106,0.000000000000,126.715039681072,ae094ddd6d5f7032a0aa07a18ba4a920e29c4369a67273aef57999a94ed94de2
71,153,4096,626688,4.575016515426,5.371798971861,1231,1280,1086,499,103,0.000000000000,126.707159626119,586f407b1cea334860981ba8a158d47c7a5e8ee47e93b5a19917aa852c39c9e6
71,154,4096,630784,4.573948255209,5.390084524742,1439,1235,897,525,107,0.000000000000,126.705863388097,d561da50ed5dc515cb691e8a215d6a083cafd684a718b0a54ce65bb47b21a188
71,155,4096,634880,4.569964811217,5.353826041743,1203,1568,826,499,103,0.000000000000,126.696200233450,ec37105ac20ceedf55ec8dfe7519a2bb4f1674f6906b7f1877e3700162296a35
71,156,4096,638976,4.575981556177,5.388952591896,1017,1512,1167,400,105,0.000000000000,126.680672916784,99a0209a12d2017e7a18a019445aedb758f5f4c2298d4e86b8a26cd10814f7c9
71,157,4096,643072,4.574116188946,5.376840244066,945,1573,948,630,95,0.000000000000,126.657213951710,56679347060fae689449badda44a0f8997a362a7bb4161960f59112a4b376631
71,158,4096,647168,4.584679093042,5.380786196388,1115,1370,996,615,101,0.000000000000,126.627399130102,0294706f260f698ca8747d5edd4393826bd39af06fa5d7f6bd72fe6903a8a45b
71,159,4096,651264,4.583778829894,5.402513757076,1098,1285,970,743,106,0.000000000000,126.586243556068,aca5ab968dcdb03ec8c9389c24dc7fc6070a908a64d5d6553dc201cb57a258ec
71,160,4096,655360,4.589814088323,5.423628423605,628,1692,1131,645,100,0.000000000000,126.543638309063,dc46b845f7b6228b08cbf0fea3f095006801b9586e2b17abdc9b8a3880dda7cd
71,161,4096,659456,4.590450834254,5.392996696392,597,1340,1338,821,107,0.000000000000,126.510995696723,73df25a20da8b8ccab5ad3151647e7c94cb61e0f9cdb02aac8694afd8d919f45
71,162,4096,663552,4.601077177244,5.427079216790,843,1392,1217,644,104,0.000000000000,126.466092676832,3f091aa4c90d90160bbbf76bcfa4e642cd2442433d90e78c7e25ff6c9964068e
71,163,4096,667648,4.584913199688,5.396004849534,1116,1385,790,805,101,0.000000000000,126.421743576964,3aef22259bbbb99bb24a5c1bdcd35f5f431918a035a7897b6ea0dbe199fd2b0a
71,164,4096,671744,4.593940055401,5.431123502853,1146,1655,642,653,105,0.000000000000,126.375995285770,c96a3e6e1de0e3af12f9518cbf6e9aee67bce6ac2d64877fc0e526f88a854183
71,165,4096,675840,4.596778045183,5.417536497140,1351,1429,653,663,103,0.000000000000,126.329190040064,601754d2134dc3a62100b53a866e45a3ec3a12601bd7f3ef30b397ffb7729f83
71,166,4096,679936,4.595623456364,5.420169118425,1174,1609,610,703,101,0.000000000000,126.286726571826,3971bd49fac35a0c7fb346d181015a4c847581494c65faf8ec70bab9a077fd7b
71,167,4096,684032,4.606654159128,5.442355894323,1292,1518,588,698,104,0.000000000000,126.237506685617,90cbad3c7c7e789cdd5d84471d8957b086092c78088266287a20e0c8ea2f005d
71,168,4096,688128,4.593625018062,5.433891673810,1315,1463,778,540,102,0.000000000000,126.177108730558,96bfbb33723494a9876a39e2772ea8e33584f22a090e5860624507a0087611b5
71,169,4096,692224,4.614660231533,5.468230769881,1544,1619,423,510,105,0.000000000000,126.123109565912,04176792344f11971adf5747ce7f535f57d2e1069214fd01053dce3b3053cf05
71,170,4096,696320,4.596112301625,5.433074206501,1410,1519,613,554,104,0.000000000000,126.057132032919,21a2ef56c5db3851a5e05f960f302e4e43d3908aaa408b1f6e2818f640bbd5ae
71,171,4096,700416,4.594957485169,5.423694198488,1121,1598,606,771,104,0.000000000000,125.997128132882,f229975a34a03287eadad90f005a34d013f4b1f318841a1632ad5136998ef7f9
71,172,4096,704512,4.599361922691,5.406412046233,1208,1782,570,536,103,0.000000000000,125.933953882983,73d06cdf3aef670fd6f0704da5adb70819c066ddf52e6180d45bfc8c81c9eb12
71,173,4096,708608,4.584368486155,5.368484198527,1249,1383,1000,464,100,0.000000000000,125.860577024714,14d3dddd067a8e5916f1ab4ac9f346caf73b08059b1e8765109e74023038fa66
71,174,4096,712704,4.583317354941,5.370029185387,1347,1319,1027,403,102,0.000000000000,125.798403266338,190ff919794dcfca896460c1f2d0750c246a915d76f9fed32a6014ddfa7a9e9b
71,175,4096,716800,4.573256753446,5.383400060660,1115,1471,960,550,106,0.000000000000,125.733987457010,1834ad7b18f9411ad7118a5b340476556ac3874df29be6a4041d9152c738d356
71,176,4096,720896,4.585397873977,5.381830265438,857,1334,1287,618,97,0.000000000000,125.668280978013,139c0198bef220c8bcb506aca16c91c647c0cfe42c014e9a344ce791ef6f6ff6
71,177,4096,724992,4.607854439289,5.441956819656,704,1508,1365,519,98,0.000000000000,125.593209120043,7b21785f8838f35446651b2a5b4218fd09c20076ebbc7ed5bf63df913f98e2ef
71,178,4096,729088,4.596959389176,5.409546052797,1037,1619,963,477,103,0.000000000000,125.521565626194,61a35c2d75f9c3629ea4237b49ee6da8184a5b66b7e14f69225240dc3ba0240c
71,179,4096,733184,4.578822776562,5.358995696090,860,1433,1392,411,94,0.000000000000,125.441978407436,89f76ea38757c03bbf84506a80405994a30b5a82fdd833666b2609de0a12c985
71,180,4096,737280,4.601776926443,5.438081338583,982,1669,1135,310,99,0.000000000000,125.376396865638,58cb6adbe4c7d40d138b144f9e8715a6b97c4a2c95778594375a713517740c00
71,181,4096,741376,4.591093343262,5.412851888671,1214,1353,908,621,100,0.000000000000,125.310871997338,93f606919d8d6a1e9f5f1f2e105ccdcad39258b5211c1236c73665455147027a
71,182,4096,745472,4.597000222569,5.398759679340,1790,1050,729,527,104,0.000000000000,125.235053883969,4204670d765f1b72edcab5133f98489ddc4b04c2e2231db1e40f0dbd91e8a4c3
71,183,4096,749568,4.586357856919,5.372559845645,1302,1112,1170,512,104,0.000000000000,125.167344572734,717fd0d576340af5c9afa9b7181510c950874082116258622be3a3fa0149af47
71,184,4096,753664,4.608224812582,5.429011066733,1350,1248,1104,394,105,0.000000000000,125.090291435415,d6c7880b5af3e547d0bf51e736e01db626bda471370914c83456d15ad38f318f
71,185,4096,757760,4.607053682971,5.444246958445,1233,1408,940,515,98,0.000000000000,125.015902034431,b7ab48ee5a1617202bb4334a851fd211e2ad0c5435b72c010bce688ebf0140d7
71,186,4096,761856,4.598926226931,5.405438306160,1049,1347,1175,525,101,0.000000000000,124.943974975641,14e456aad55a3425edc1be916c05f1023139179a4dc7fb27657a3bc0993b6465
71,187,4096,765952,4.600558850627,5.400835988447,848,1138,1661,449,99,0.000000000000,124.878873210487,ce381b986def18503a38956e5a7809edcdcc293ad4d3af2ade71631817cda3a3
71,188,4096,770048,4.600972854484,5.376674132779,418,1193,2196,289,106,0.000000000000,124.811657131456,139ab05455ffb702d7929693c29c0b5170ee4c5d618c5d00f7bc3f4814add725
71,189,4096,774144,4.583736777369,5.369839199321,732,1390,1356,618,102,0.000000000000,124.744169774321,ba976e8e17ab765bbbd9ecb90d74dee220634bea6ebdae8e243f6f1275ea836d
71,190,4096,778240,4.603977544171,5.414501973558,1116,1479,1154,347,99,0.000000000000,124.667616550000,3707c5469ea9353d6301866dd274e48834eb25bb0040113ca958e2051b460391
71,191,4096,782336,4.607258883112,5.439574594947,1121,1530,873,572,99,0.000000000000,124.594737663052,c3b813160354bf4153457878cefd914b174ec8eb040da23582bf1357dea74b35
71,192,4096,786432,4.626708150275,5.483826741726,975,1652,1033,436,101,0.000000000000,124.531269507592,0b6cdfe8d224b73d84651c978caab5852bb0f475cd075b27308074188db7ae8e
71,193,4096,790528,4.604694733123,5.433932252806,1255,1519,741,581,103,0.000000000000,124.459685605579,0254bbb46adf55d72841a3c63b047785c36afda8e2c94d72e9c2dbdbdb1a56d8
71,194,4096,794624,4.588822875760,5.435374022570,622,1821,947,706,104,0.000000000000,124.391652121980,de5712d7f9c6433a01302902cd7c851eb9e4e1ff24e0e748862fa2237993f191
71,195,4096,798720,4.606934952688,5.445456607628,948,1749,785,614,101,0.000000000000,124.328533342282,efa44b31ced61b57f6210e96fe5987c2b38b6a0eaabc291bc17dd8b647600580
71,196,4096,802816,4.613622186353,5.455249975881,1067,1644,566,819,100,0.000000000000,124.268259149477,65c40effdeba5060c4ce0b92d79e6391724b47f711ab0e79c5515371f6320ab9
71,197,4096,806912,4.607053907898,5.433371393309,1352,1451,463,830,106,0.000000000000,124.210303923109,857a24e08b00bb4b39313950ffd88b67de11b0811608dc69c56122c39a120f61
71,198,4096,811008,4.578425744205,5.348338719007,1308,1464,722,602,100,0.000000000000,124.152620249672,e36b331d5d36295ad578666176cbd79270d7fa0533ccdf79c55fa4b0161b0715
71,199,4096,815104,4.586393786972,5.391783155701,924,1444,921,807,106,0.000000000000,124.095376252249,1e54d211550871cd0e70425b84399ab423948da545a490bca06c3cb0f16727cb
71,200,4096,819200,4.582163030343,5.375775656527,1396,1389,859,452,109,0.000000000000,124.046684989462,8e64d9b32da14e1256fee60be0c1f5ca845ec63df6454d4f9da64e4513796df3
113,1,4096,4096,4.444096001262,5.218635958172,1004,1091,995,1006,104,0.000000000000,35.133381718360,9ddc67c4ddfcd7027111839c1d8165bda371d1fd4ca149061390a166362b3ea0
113,2,4096,8192,4.447434974626,5.193629058658,1046,1017,1015,1018,107,0.000000000000,50.244638422375,8ab86d3cc6512ef7f8cd755717ed15b02f76df1c6ebeaecd07824edb2af0e326
113,3,4096,12288,4.440402422610,5.182682932627,1011,1039,1036,1010,109,0.000000000000,61.723279191037,c084052426571536805df358c3a40049467995a7d12b354fd3489fcbedd03657
113,4,4096,16384,4.452451689329,5.223365351066,990,1087,1010,1009,105,0.000000000000,72.011628947638,a528d36f0387c62f5b2904d891316fd0fafabe2bac23d904535c73af18ca07a4
113,5,4096,20480,4.446483830379,5.182462176983,1092,965,1005,1034,103,0.000000000000,78.464959067223,7ed37c57e87a07eb68b3298f6b444e69e8ef12a8d265eda039cf9a9452565f4f
113,6,4096,24576,4.445712785411,5.173871649455,1125,948,963,1060,105,0.000000000000,84.964307238535,6eba973f8f262e5e17e576f6143120201c0b227d229c8a993bd30d75a1221d0b
113,7,4096,28672,4.437846535978,5.173558018913,1005,1028,1070,993,109,0.000000000000,90.071225017441,03eca7104ccc2f92146b20e8e16f400ccd312ed0be7fd21c997dec5a2dcc9d6c
113,8,4096,32768,4.451361778426,5.221317230892,1039,1021,1005,1031,102,0.000000000000,93.897552639423,787f6a13dd56be1592931ff92ce7820cb908a44a71acb70023451bb919f15223
113,9,4096,36864,4.439952222081,5.188582814104,1005,1016,1038,1037,106,0.000000000000,97.038641167214,a4ac43db1e2fb5edd27b1c3c6187de40478ba5701dc8da40106527f281dcc2d0
113,10,4096,40960,4.447654661392,5.186512688538,1037,1048,1040,971,104,0.000000000000,100.150198758791,740caae074d3e222405dd50f0f9f13c541168697b5d6c609dc13dc1ee2fbfdee
113,11,4096,45056,4.442610618480,5.176411712203,1028,1001,1063,1004,108,0.000000000000,102.761429645757,de045233d394bcb1188aa84b2735644e5e82914c63a87ecacacc46abf9930193
113,12,4096,49152,4.448766800460,5.172343080747,1031,999,1053,1013,105,0.000000000000,104.652456109376,5d277d7b0d2737eb1e17c2ee1925f4d5ae4af5138ca3353e9e6c4102f493cc4f
113,13,4096,53248,4.439843887653,5.167367738110,1021,975,1069,1031,107,0.000000000000,105.566112277426,599866532a64797767325ff2e1e3675794906b0135312bb37897db4eca2268f8
113,14,4096,57344,4.445355117905,5.198009827087,994,1019,1026,1057,103,0.000000000000,107.247995036792,d26cf21f93a241eaddb8f85d35446125925ce1190d478f00fbf90578558b342e
113,15,4096,61440,4.440715660411,5.167374360394,1077,1003,979,1037,108,0.000000000000,108.968744623442,2c826c82f84e7e78c28631e981b54ff1cbf2070fc2f447181b99e7f23e70ca40
113,16,4096,65536,4.438599998282,5.171598723596,984,999,1074,1039,107,0.000000000000,110.317609809931,c3bb2b5f29cb38c2fa724b0ec28e67010b87654ff94174a5f14a2a7189521072
113,17,4096,69632,4.441012331784,5.184476573231,1020,1034,1042,1000,110,0.000000000000,111.895229912999,cf04a814348d5ee417d2e5530f02c819a74a2cef3fae39d3112efc6f106173bd
113,18,4096,73728,4.448330935232,5.196508311242,1047,1016,1056,977,108,0.000000000000,112.179759826667,eb9326712503c3b67b8b134ff0952a7d78471994c107da6b812968f6917eb7fd
113,19,4096,77824,4.441845371222,5.171585586451,1147,1038,974,937,112,0.000000000000,113.320963899911,f654f91d3b574f00dbff0e3d15ff7185800d21a6e88a8a0484e6fc07417f8785
113,20,4096,81920,4.444872723102,5.174722826002,1045,980,1037,1034,108,0.000000000000,114.319672414194,ea85c6c708e5b4da4a33be36435a3e56ac9ce0939f325d00587d487217416295
113,21,4096,86016,4.446522897038,5.173401646747,986,974,1085,1051,106,0.000000000000,115.058994535997,f9cb82bcab523a337171d58ed5cb2639bedfdaa5d5ee4631b858cf0bf9f6ec81
113,22,4096,90112,4.451338004931,5.204596160350,1018,1071,1043,964,106,0.000000000000,115.587100333817,ccfae01b7c2596df8f576d62e843244d95bbeb2585b35eb9d3e22949d3817eeb
113,23,4096,94208,4.447206889641,5.204847089813,1066,1077,991,962,110,0.000000000000,115.598235113047,592419de17e02fcb904c7a88a36e9ff7eff37df53409645066aa7e7ac21d2823
113,24,4096,98304,4.440937704507,5.206959314123,1030,1115,968,983,108,0.000000000000,116.179340261168,c70aa103645e0ce5d1e130fe81057905f65b96babf44822ebdee75e302000350
113,25,4096,102400,4.436823574443,5.172709336833,1080,1047,974,995,106,0.000000000000,116.716527341210,766e5a3f09beee34f1d34f0af3bfc1ac0dd18ed08a0d65d51fbf2071c1e8cbe9
113,26,4096,106496,4.449501966594,5.180526421062,1066,1013,1016,1001,106,0.000000000000,116.938452746546,f963f1f0da83445575787f35735792928343e760c9bda8e5229216ae9c0ebd34
113,27,4096,110592,4.444609425392,5.184789264067,989,1078,1034,995,107,0.000000000000,117.609067323259,643607f87e23a06902bb72dfebd79339f1db2e06fabbe41fee84875dad4e17b4
113,28,4096,114688,4.448149893699,5.203691371671,1043,1062,1069,922,105,0.000000000000,118.271952489918,c6c4d0694f6a906efbab29bf6c9c4f4b7b4880a54ce10a584c0ec4915262734e
113,29,4096,118784,4.443920012306,5.176621943757,1073,1021,1042,960,106,0.000000000000,118.016132363752,7cffed9e2abb214c15bf1ed3425e7fa83fcd50df6b7b3d665126023259c40a74
113,30,4096,122880,4.452505391662,5.193953695556,1055,1084,1054,903,106,0.000000000000,118.685201558114,e8fba6e56ce5776ba635f52334f6fea3e3d669d69eee4f6d98590e2fe77d20a6
113,31,4096,126976,4.447548072533,5.176377348725,1061,1041,1042,952,105,0.000000000000,118.225298324556,bd3f3a1c6111d75c6c8b2df9b020b6291152d28a1a03e434abf07478387781e1
113,32,4096,131072,4.448202421656,5.189855096780,1004,1087,1122,883,105,0.000000000000,118.526625578844,42942d8388142bfb05b405b579d7920c9557eefe7a8c0d538ff8e8ac092cc5ef
113,33,4096,135168,4.447024681346,5.198357026166,984,1120,1063,929,107,0.000000000000,118.425244508687,c6303b4e38429125876ccfaf098a7b1a9c83c5444b31f2fb9e718d959ab22f78
113,34,4096,139264,4.447534153387,5.195235734643,1056,1099,1072,869,102,0.000000000000,118.578713634371,1f62070a24f237f00af8372c9c4a71f21c7bf855c3dad74d088597a440e53d85
113,35,4096,143360,4.442870244244,5.179823262133,1029,1066,1069,932,105,0.000000000000,118.605463534722,f64495e266ece1bb7ea60d183109647661dd7fd13530ebd1b78c8541e2746a26
113,36,4096,147456,4.453620409796,5.211465525902,974,1133,1061,928,104,0.000000000000,118.908854048241,fe4e6fd89112e3c6718e7f38ec499c10b86d5153308b5e260a1d9f2087827b46
113,37,4096,151552,4.449768660051,5.200184991766,958,1153,1086,899,106,0.000000000000,118.967499152618,fbf2f0988d38d4ab09c321cf72e23abec4d70106aa2a0dbdfa3041018996307a
113,38,4096,155648,4.441674812899,5.193035677376,1063,1088,979,966,105,0.000000000000,118.869326134675,52a7c1f251318e453374e381e068d1c6d9dfbc5fdf3ad319313942be6d6d8a06
113,39,4096,159744,4.445971031098,5.193327972050,1044,1124,949,979,102,0.000000000000,118.888151736271,fd609eb0c500f7838d6f27a78f1b9359a637542fb43fb09414ea69f29ac38220
113,40,4096,163840,4.452272075310,5.213528242645,1008,1155,1036,897,104,0.000000000000,119.258739892425,757a8dfb985898f7ad9c8056e84e2573e9b599459d2ed78891cec2c4c8e96637
113,41,4096,167936,4.451641731993,5.189790072503,1111,1089,985,911,103,0.000000000000,119.057114009293,710e208ace959974e11acbbf74baf4eb56a95b17fbf9eb3647979f6d46a966c3
113,42,4096,172032,4.454059914817,5.212850010829,1135,1100,937,924,104,0.000000000000,119.049530768458,911605a4b2920ef9bb7653653e84690fc937f3d4aba900bbc83d79a5f6d81566
113,43,4096,176128,4.455969610332,5.212301781172,1014,1187,1028,867,108,0.000000000000,119.059083399916,384c5ff30ff45e7d1a976bc19c09d717476ad60082b1eadedf2be5982ca0952e
113,44,4096,180224,4.454350719959,5.205514207960,1001,1127,1024,944,103,0.000000000000,118.939672206709,118544569519ca05fda54b72c5c5ea5aa0d024923c7f928005fabaab7713c8e3
113,45,4096,184320,4.451961244837,5.225675057473,1101,1143,982,870,110,0.000000000000,118.808450431791,265522316240b794a63c9763b43c78609d9b6413f94a3a33412894c0ba32f67f
113,46,4096,188416,4.455133386836,5.224189797345,1034,1198,941,923,103,0.000000000000,119.020644808720,cdcea18d9359f6d26d5880a280363403c58c5992ac843ae687f983b62ca28dd7
113,47,4096,192512,4.461378888378,5.212739674605,1045,1125,1027,899,103,0.000000000000,119.649481070647,0fe9d22677128035f8899118f512e762de8f044416594aa6e5fd4d5d36ac8289
113,48,4096,196608,4.455691764196,5.211666470845,1012,1167,964,953,107,0.000000000000,119.521042456083,795bab4d5a2a1de63cb36be0ced5f83339bbcfa54f95163acb683e9a4107db80
113,49,4096,200704,4.460197497462,5.244973583600,1033,1131,981,951,105,0.000000000000,119.475611437552,05b7fc90cf46d7243171ca0295ad87f8f27334ce32ec444d72980f5728059c39
113,50,4096,204800,4.459575509953,5.236220496843,1068,1146,974,908,106,0.000000000000,118.992959001034,aa26e2487424ad402601d44b1d3b8f3e2243c45f2c6bc3c6fafe52ef7ad93ed5
113,51,4096,208896,4.459392239447,5.227291614039,1052,1145,982,917,106,0.000000000000,119.208291364966,2c56e20d20db693d615df3443ba022141886652b047d4e37b2623ad5a11f09f0
113,52,4096,212992,4.465995654655,5.273703321743,1017,1313,948,818,108,0.000000000000,119.293668433024,77bab2d79e6b83fe476156b4ec7c16d8ec34b2175f03e8f303d1cc6de4dc26b5
113,53,4096,217088,4.454793996599,5.247699423894,978,1169,980,969,106,0.000000000000,119.123379186659,23a1bbe5787a0ee44fb5e9c6360fe66d43e5c2a8733714938f120243f002f843
113,54,4096,221184,4.471248472651,5.287947015604,983,1182,948,983,105,0.000000000000,119.298042501710,df296eaa0db64f4cecb95155ab6ebdc8796fc94913008c88a52281e7e288089b
113,55,4096,225280,4.462788175271,5.245398794836,1038,1133,1008,917,104,0.000000000000,119.224143924677,87e5678c8b35d53413d51c9019791c5e6ca4f7d44426706ee4fcb665759c3de8
113,56,4096,229376,4.472828961674,5.253859792009,1030,1143,1009,914,109,0.000000000000,119.422652922124,eb60c581ffeb1e92650474bb6af2735dd2c746c40f01e66c9e744009c487eab1
113,57,4096,233472,4.463072772280,5.267973706307,1037,1210,992,857,107,0.000000000000,119.072391379110,6ce6b2c886bb73cccd4c69e8d807fe85751619e30d7aa2abcfd53a4f4c9c474e
113,58,4096,237568,4.459669541220,5.286152285974,952,1138,1020,986,108,0.000000000000,118.839697971310,1c6dd9804653d1c8a0af849d23756c975682bb5e86d8e90f918f799d018fa899
113,59,4096,241664,4.460561537882,5.270098690589,996,1200,1045,855,106,0.000000000000,118.594042430392,a2e407118608b2b2067e029ac2e47c2766e127ec5623ee83ebf2ae7f50d8cc14
113,60,4096,245760,4.467095380084,5.281373219554,949,1173,1067,907,107,0.000000000000,118.815525380319,a5f385dc62a4bc88ab52b00062c0d43cc5c8a0cf1b2285a3d90d4807f051cd9c
113,61,4096,249856,4.466440691050,5.269287178262,961,1145,1101,889,106,0.000000000000,119.018761886649,89d254720b20dab7e8161dd5d9388534abe608417e1e6142ac7b73b9181495dd
113,62,4096,253952,4.487651464868,5.311452050879,1089,1253,956,798,111,0.000000000000,119.063252262398,e5fa291165e586d5cd258b7a5028b3a0288301edaf7b1eb10e56b9e9dbbac730
113,63,4096,258048,4.468383347257,5.301286318716,1011,1282,992,811,105,0.000000000000,119.618068474056,6786d998876f5e679c03acc9fc86bfe97430ec26ef82138b97ad27637e1c5c3a
113,64,4096,262144,4.476165939611,5.315682313130,915,1340,928,913,107,0.000000000000,119.474269585569,ead55ce90442adb2f669953ac7e44dc60d0b97b74854f1a0a857329f9b37def3
113,65,4096,266240,4.460492773679,5.269269922840,991,1224,912,969,105,0.000000000000,119.422053331730,eb9078f546df85ec86b7aa4114338bd81d551354879e51a070abe7ebe624ce9e
113,66,4096,270336,4.486319318418,5.320713308827,938,1181,1041,936,108,0.000000000000,119.503431346109,7975d29f1b8206e072a2e57ff3d4e805474481933ee6e5602eb43c82fc87a22d
113,67,4096,274432,4.485180784426,5.361373040046,901,1318,987,890,111,0.000000000000,119.721840488152,8e6b4ffa6ed88a68bfc3157cd45b18570567c781e0ae8f4b3821de33f0b6910a
113,68,4096,278528,4.490968825351,5.290589168590,1013,1202,922,959,106,0.000000000000,119.847622614532,d1546a7c122084d64a91981ed936219e011bc915d248f14bac8499de5e53b5a1
113,69,4096,282624,4.490107178520,5.336104983612,870,1329,935,962,110,0.000000000000,119.979846885920,5303eb97843931aba71561f6294b2de0ff22b2d17a6a1a9567570d5975ba0f26
113,70,4096,286720,4.486391915295,5.325288364305,914,1284,1014,884,109,0.000000000000,120.153422701958,800e3908b9c26dc955d755e1239b22a26f1dc554d16663c635f39d6a05f236a2
113,71,4096,290816,4.477745588206,5.266540458294,917,1199,1035,945,109,0.000000000000,120.358828659227,f872edb12eff636ed003f9e45294f39aa96eaf8a0a97627652ea4954d2a3003b
113,72,4096,294912,4.487905715717,5.300593565993,992,1325,983,796,110,0.000000000000,120.422188216474,fb0da9e3bc5806442a4a6a9677d7b0e115fc7ac720c98f66e496ce57ab182b8e
113,73,4096,299008,4.488213388567,5.303643593332,959,1212,1032,893,110,0.000000000000,120.544775402543,c3a0ca4efd01f9bc49fe09d8562ff3401eb8936b6875c9ed1a4c5cc92c711c07
113,74,4096,303104,4.486955621378,5.345080298011,931,1454,769,942,104,0.000000000000,120.826578317167,6b4a0590bccdb785bb705f90d539ef16e8316f0d31b74e20773876312b68202a
113,75,4096,307200,4.494011355276,5.336625010948,932,1317,849,998,107,0.000000000000,120.943028224300,dbdc66cf1f28dcf299256d0f6fa9b8a73a9ea95573591aea4e29dda0b0d5162b
113,76,4096,311296,4.499254743859,5.333087334811,936,1201,975,984,106,0.000000000000,120.970774629385,4509b84be87fda75b36ee7963ddcbbabbde676ace6fd60b2d69b846f85a84d30
113,77,4096,315392,4.498149803091,5.344316497522,1046,1305,886,859,105,0.000000000000,121.052825796309,83f928091526c07956203015eae6a654047c5898e83232c86f723df6109cb158
113,78,4096,319488,4.493410716386,5.301641400700,985,1244,943,924,107,0.000000000000,121.240469528089,53108ddfd3c2bf5201fbfd8ca7893468989b2e5e27032a5e120a54c6231652c6
113,79,4096,323584,4.485168805031,5.274679614656,958,1136,1153,849,109,0.000000000000,121.269925279100,25003eba1a4d3cf160f1335da15df509e14e9c77ca07f584f66a0e4123c1f5e8
113,80,4096,327680,4.496347947070,5.350780460154,936,1343,887,930,105,0.000000000000,121.369209074090,34e842bc89999c6e4692138da00152fd11e274f36136fa11b68064862e6a8c80
113,81,4096,331776,4.492512061493,5.318838773314,926,1180,1000,990,107,0.000000000000,121.607952314380,42b77b36689155ba7446512025edf696dbdce471664e60a111b248e003953a47
113,82,4096,335872,4.489986199131,5.291101534804,913,1271,1018,894,106,0.000000000000,121.589107232691,5c5e7a81455358abe10a2c3ff3bbff762b1fb4da232143244f327a3daf9b1357
113,83,4096,339968,4.497986975766,5.326757961656,833,1252,1173,838,108,0.000000000000,121.712454111716,dadaedc27c683a6049fed3b9b48c0ae22780acf6358b643da466e9bd9cd036c6
113,84,4096,344064,4.508560422244,5.366765126475,964,1424,863,845,105,0.000000000000,121.812188298110,7c598e7b38a244d2eda195f0c24d4b35672b1f1df30caed35b488fbe15959e50
113,85,4096,348160,4.500980567596,5.342687407102,1174,1291,720,911,104,0.000000000000,121.510288821213,9807f3b9036aff86a5436dc7b2b594311db57682735332b11e44ba83146788cc
113,86,4096,352256,4.499358712563,5.347756139314,983,1336,883,894,106,0.000000000000,121.604545212854,2f4f7178e757dc303bf60786dc01adb64ffbe5b52a3b9068d39b058603c4707e
113,87,4096,356352,4.508019087087,5.350273613973,981,1326,821,968,110,0.000000000000,121.359899565745,9e592c78341feb9a3c8bc46fad3a633ebcc989f8e3a8a5f392bb1b9a541c2e4f
113,88,4096,360448,4.499059234358,5.338712523371,1061,1150,944,941,107,0.000000000000,121.544623415531,8ce955c43b5c267a7297420d9ced81d96539848a61f7f89bbab08a41b8fc8f60
113,89,4096,364544,4.498987868536,5.305923642113,999,1357,892,848,106,0.000000000000,121.594995029881,f391981e5745a3d5cbf380c80775ffa0c2a6a0a45448831e1fc75c54303a117b
113,90,4096,368640,4.509269698319,5.354734066715,1130,1227,872,867,109,0.000000000000,121.696430342283,58ae50e399e94b9e7520946bdb75a4830e59493b14681705316a9d8e2212fd9f
113,91,4096,372736,4.502705108517,5.341565551256,1082,1301,835,878,106,0.000000000000,121.696430342283,41e0a7282758bd207be4646808ebb9b85b343341a0676c05e1d81699531f6465
113,92,4096,376832,4.491672405082,5.306916671111,942,1230,1071,853,112,0.000000000000,121.548979123205,0b08b4b3ff0c991ad98abf77de9dbf2d0dd8635cb1042be389bee394760dd198
113,93,4096,380928,4.498540914272,5.307324789902,1096,1214,793,993,102,0.000000000000,121.755516450836,1e2e9d38222df9dad2ee6b8e70f0f0b27cfb8f05fff479117c11953d75c46ee0
113,94,4096,385024,4.508625047140,5.363890325278,1003,1380,898,815,108,0.000000000000,121.916147440876,1c777078901a3da25689be2fc01894acc539f6586f83cdbd0697266a59a57961
113,95,4096,389120,4.523367210088,5.357636809100,889,1343,1084,780,111,0.000000000000,121.616970531388,09ee4a03d13f4754bc8fefc7f7d072b8e209f5ed8f59c2a701a21838a11bbc5c
113,96,4096,393216,4.507995933090,5.364104337828,919,1337,1026,814,110,0.000000000000,121.558652911126,d056a2c0a20663dff2fc8820586098b893756b0233285e79508d600cb9e84403
113,97,4096,397312,4.513836189012,5.346612334172,1070,1201,912,913,111,0.000000000000,121.657586733359,4879ee692a92c65ccb0e90419440b8569646b7e0e338a20a3f2992df20929506
113,98,4096,401408,4.515476337559,5.339583572894,920,1268,1187,721,104,0.000000000000,121.610805236511,f1d674d298988b56784889cdb5ca0faa60f5faafab40a34c051d550c8239c161
113,99,4096,405504,4.512779525162,5.321420835024,1066,1073,1119,838,105,0.000000000000,121.609210519886,da26d41b3e3755b1e781422b9fd90863fc75719ac55c719e277201ec1d76183b
113,100,4096,409600,4.518220958241,5.365453657183,988,1352,930,826,108,0.000000000000,121.801442237123,979a2d478f2e26b42e114c6f92938c8b146f7d9ecc34c0287821238df74a078e
113,101,4096,413696,4.509047948823,5.336651267949,952,1406,910,828,112,0.000000000000,121.842321702651,cc0c152192a7783acb8562c2e5eba11e04a9f27509d15f8092cd3d460ebe3104
113,102,4096,417792,4.502430886618,5.290297765223,1032,1140,1125,799,109,0.000000000000,122.051045744987,bd1348907842c77372151c7e0b10e9a50714fc6f8694d5c4099e7c29399dec85
113,103,4096,421888,4.505802151530,5.319396594400,1023,1375,885,813,106,0.000000000000,122.037374441778,b37e9280f7a6f3357df0ac37dfe51b3c85f9e47b1901d79ebaff5630ba6352df
113,104,4096,425984,4.515549499153,5.334116453642,1129,1238,946,783,106,0.000000000000,122.179885573810,9b5c9ccdd78b37ee1b2486f59c3b7db632a3c03f5575fb9420d4edd1869b24ef
113,105,4096,430080,4.514961028135,5.366293331289,937,1327,911,921,111,0.000000000000,122.230294357514,a12e05ffeefaf36ce8e18a01213c864292f7fcc17fca1ef002df9c8eb65b956a
113,106,4096,434176,4.508523742940,5.391353760823,1098,1386,784,828,109,0.000000000000,122.265400652281,e6d9503146288cc5939e15ca75ea45fb318d4fb8ecbb031a9d2f5f9f9606cacc
113,107,4096,438272,4.507781695708,5.391517407831,1013,1340,847,896,108,0.000000000000,121.986070856892,966064325c39327310804df3107e679a09460bd310cb0fac1072fa70ebfb04be
113,108,4096,442368,4.508939796504,5.370493072737,959,1400,927,810,107,0.000000000000,121.899412452997,51c815bbb29464f747525d1683022a87a17282290c4e2b4ae1ce3008b3f927e0
113,109,4096,446464,4.519853828937,5.442423616531,618,1496,918,1064,106,0.000000000000,122.073592451872,75a27c4d25889e669278eb059f1530b1fb54af4bb8d0916b62aae0f9aaa2de73
113,110,4096,450560,4.524846636328,5.497759103906,871,1601,703,921,107,0.000000000000,122.216996231714,0d4846a9e2acfb8346a9e9ea05bf1957f5ae4c8364cca3f9430a5dae3afac9c8
113,111,4096,454656,4.525613483034,5.488130689948,849,1516,729,1002,109,0.000000000000,122.386600899454,6b5066048cc4c9d45fb3180baffd99f93c6ce07c45a1bc18d61d9665b8f639b8
113,112,4096,458752,4.524129745702,5.471742615620,722,1580,767,1027,103,0.000000000000,122.551694385059,7074e1f1e5f2f5f588c3b5aa56f675d2ff7f772b724e3b48cb2c615650ed7590
113,113,4096,462848,4.532211830176,5.511065582421,732,1586,643,1135,106,0.000000000000,122.687101304045,201b8f184e7aa8568a38314ee69149261484e9cc5570b184524a1cf7f74380d7
113,114,4096,466944,4.526411925721,5.475723874758,877,1672,691,856,105,0.000000000000,122.875955655572,f74b5d5b5ccc1c0849bf0c09f5f6dbd73cd07f882e1e3a860b52033520393eb8
113,115,4096,471040,4.512520424576,5.408803866273,833,1374,915,974,111,0.000000000000,123.052984957256,78b26c291ffd015746deb2735594b2bab371329eb45b27afaa39b52e4b28373e
113,116,4096,475136,4.517474362470,5.410005848318,881,1424,781,1010,102,0.000000000000,123.198197509507,4dbb55d58a72e7f48b07efbbf8018a9401e93be22f16ab30e00c063fbe81965d
113,117,4096,479232,4.526129276512,5.448299332612,947,1481,855,813,107,0.000000000000,123.326462710848,c63c166bf9d5fd0d71d204c01077c00a8d5ae3d7b2c5a7f14dd55094df751fc9
113,118,4096,483328,4.532447919566,5.504165701703,807,1498,968,823,107,0.000000000000,123.445423013745,1ac15eb35aae9abfdef4fc5b5f35f24a77749dcfd621e8b0c3c0a1ef56f63c25
113,119,4096,487424,4.535233802981,5.500463043955,592,1669,643,1192,100,0.000000000000,123.534660286653,cd10cb036fb6a012c7c8d7f28711192a1ba8b7e8b547da331162650113827091
113,120,4096,491520,4.529157333267,5.495039001038,643,1750,647,1056,103,0.000000000000,123.534660286653,404e2d9bc8bb22640b8f40332e59d0342faa12e0861b66d972a56fdaab1135c2
113,121,4096,495616,4.528486182668,5.507601957233,736,1715,653,992,108,0.000000000000,123.671189549741,6f1f2d2fdfdec41c98429333ed9d3e4399b27df342ee3617411d5f1842b4ed03
113,122,4096,499712,4.521118874181,5.442942781882,928,1470,670,1028,104,0.000000000000,123.780157948622,8cbc285f2b27e9c6d66883e68c5b59a2311ee0e06292b293943b68a1a13d9c57
113,123,4096,503808,4.507781467298,5.469207412162,983,1631,718,764,107,0.000000000000,123.807507540604,974c5f24671b68a06e229a2d513ef569a7f6ad2e6e773586811cbda966491b50
113,124,4096,507904,4.520333411204,5.434454250285,628,1422,886,1160,101,0.000000000000,123.895518287716,4593ab3e0619a43a610f8a137a40e82bdb5ba374ad4d488e313160564de11048
113,125,4096,512000,4.525112830122,5.439509425958,860,1408,787,1041,109,0.000000000000,123.971627975477,957bbcad288b1ba65b2307d08bc103841b7341b6c7ac9ea845b37f7e4b56630b
113,126,4096,516096,4.534328708171,5.449346570964,943,1386,811,956,107,0.000000000000,124.043745167203,5c48567ed5812f0631e4ea8aeb57189226e33de0798e69973fed6e334faa602e
113,127,4096,520192,4.541486143224,5.552463615865,738,1735,839,784,109,0.000000000000,124.130260199565,396c26813c8014b21ef31c00e28b1f1fc6b60c67c571198f846c0559dbe869d0
113,128,4096,524288,4.509577566504,5.413403527733,998,1483,600,1015,107,0.000000000000,124.150772011755,27a196837ca9d15ff7d14d9136296c3375ffeff2841adac777e74495248b283b
113,129,4096,528384,4.525939457407,5.514919939002,983,1494,985,634,107,0.000000000000,124.217728018729,2c0eb19dc07c87bd1ec4442f0c5e266d90bccc0514341707f9b1c91def33ba29
113,130,4096,532480,4.527525959257,5.470548661245,939,1540,927,690,100,0.000000000000,124.234281597748,c787fab2e8da442f95b96a0ca9517a09a3f4bc776993da8869c6c7705b3e9f0a
113,131,4096,536576,4.526620320570,5.492670735406,650,1708,915,823,98,0.000000000000,124.293483384104,ca191968af1605269af41b7f3b2c005f77ed081b5142920c15030520f04ec97e
113,132,4096,540672,4.529619747914,5.521717761188,639,1743,854,860,100,0.000000000000,124.362253188367,c962a4137e7f68bed6022547e3c9aa940339015bbbed8bc76f4567e2abed3a7b
113,133,4096,544768,4.526399535428,5.488601559682,600,1623,893,980,108,0.000000000000,124.453054048928,71effcd8f5bc8356f51727e7ab5c8e623ef8e7a8708ee58b9970cba8dafd1b9b
113,134,4096,548864,4.532919822121,5.487363370516,885,1584,642,985,105,0.000000000000,124.553947443304,d6be0d8fc657ef6a9a38d954c9a542c93291f64c83d57bd9625ae753a3794b85
113,135,4096,552960,4.536253584171,5.541311211683,604,1994,806,692,106,0.000000000000,124.681709638700,a9316af6c3bbcbb4364d6826587c9355f06e603f7215f0d604ea243835d5f2bc
113,136,4096,557056,4.529638047689,5.533429143881,647,1763,826,860,106,0.000000000000,124.681709638700,65617deb30a4ad6fc19d05675345b330c2552222e2642b571224c6229fb43b3c
113,137,4096,561152,4.537910060250,5.536581647248,818,1709,807,762,104,0.000000000000,124.681709638700,52adfa14416aa9d8e4ccc246d4a302003776d2634703cb0087523fa719f08ba0
113,138,4096,565248,4.543433129479,5.520004978854,914,1753,644,785,103,0.000000000000,124.808491035745,22c0a19850e20b1cf59e4bce322244290b00bcef4a0aa43e80592ffd58a94f76
113,139,4096,569344,4.548276940182,5.551391940416,841,1694,696,865,108,0.000000000000,124.808491035745,2bfa5617018ade823f0e76f19dd110a3fd2f2af1181d7b8b5c16816e7b213bf5
113,140,4096,573440,4.547310491944,5.526835229495,751,1982,559,804,107,0.000000000000,124.931740774424,afbf65d6dcf3c131e48601ccd0b40369c29ec673876e5fb7480d814d945b42cb
113,141,4096,577536,4.559620853092,5.605300306898,649,2186,521,740,104,0.000000000000,125.028040656596,8d7ff13b9c7c7596d7dc4fb91715a744d03472ae9f07007b41183b490fb23dad
113,142,4096,581632,4.558146976017,5.561172376723,767,1811,843,675,103,0.000000000000,125.118518648963,5f5333b0baba0ec53e32b0e7c0658e62049049083a65a34319371c120b9692d8
113,143,4096,585728,4.551845153043,5.528640866078,846,1654,856,740,105,0.000000000000,125.199948842094,33ced7efcd5840bf38e854b91d12e5f69dde9f6e6477d56736c290c4a17a213e
113,144,4096,589824,4.570726518192,5.560953436050,726,1890,858,622,102,0.000000000000,125.286340856408,e2a2a624b9f7e02bd2a5d3bae8832e34af49db358b25e5738519ba353be70217
113,145,4096,593920,4.546904831741,5.509551944150,1002,1681,646,767,108,0.000000000000,125.338379310978,208f4c3a6e858a22b12995a7dd37bc618c531759e9210429ded2c06a4c63d8ea
113,146,4096,598016,4.553641489722,5.541442423733,705,1922,672,797,112,0.000000000000,125.389818138725,1961f8b6d102d4b1140b10011ee6bf8a6345ffbce9b3e576803d831c4d7a3921
113,147,4096,602112,4.546691410911,5.598919452238,651,2003,645,797,103,0.000000000000,125.434127792410,6ff2f7d91b29a5ea1ec3a78511da2fe71d5e3dc6a311170c3f467cd720c1c680
113,148,4096,606208,4.522980300786,5.499643859396,642,1712,669,1073,103,0.000000000000,125.475342520430,b0c8b48cb808191799a858327cbd2f005ba2aa3c3a03dffbfa0c8df6e0b992d5
113,149,4096,610304,4.551914849921,5.623475317651,675,1911,738,772,100,0.000000000000,125.512435775648,a027d481c972d8e4929a2117b52b501ac4a71738dd6e1c0792ec8c058c142495
113,150,4096,614400,4.548415496220,5.640056516129,710,2036,582,768,101,0.000000000000,125.541258528865,642cd9fc2e9f9d3422959e2fa8edfa4ded1025ded596533cdee0d7788f497dcc
113,151,4096,618496,4.558131177267,5.660535451257,827,2228,480,561,101,0.000000000000,125.566697250833,e5696c35921ae8ef50bfd68bb32423e6cdabe7a20e991e16893d016c9a571b72
113,152,4096,622592,4.552455925666,5.632670870633,691,1980,691,734,94,0.000000000000,125.585255169641,0df24d7bf207581610583bb13872d92d3ba6641598452f17fd01a56f090bfb41
113,153,4096,626688,4.545064455049,5.578040046759,1026,1913,516,641,103,0.000000000000,125.601089488535,46086cf2b47ba9155f5ea29ad50b8f86bd2a9c50581e22d01ddbf72f6e5619e5
113,154,4096,630784,4.551990278033,5.543320487130,779,1709,644,964,101,0.000000000000,125.597995309334,8a1464df12b8092042deb4a24085814a84c6c3b35278109d08a41d691b13e2df
113,155,4096,634880,4.559875822393,5.596212762227,668,1751,709,968,103,0.000000000000,125.600721407192,18db7907ad58936559c593feff7ef4809266a9bee8788e101ac6f0be37bf5b73
113,156,4096,638976,4.577108634001,5.581867641473,430,1897,979,790,105,0.000000000000,125.604713532307,bc84512beeda3636d9a08002d4d3f564cf2607690fc3657120f607a7b67575fb
113,157,4096,643072,4.559278975257,5.571083674464,619,2017,754,706,104,0.000000000000,125.620231354789,016d60d7ea970f16ef8da4e27b42e10584f3a850e48c430d7db264f94b6b145f
113,158,4096,647168,4.561216283892,5.614245506663,605,2001,853,637,100,0.000000000000,125.607333849693,9fb26e0460671be15207fa5681683d0f9eef140a80cc64db265cd028e482b756
113,159,4096,651264,4.574166720500,5.673371471844,445,2261,738,652,96,0.000000000000,125.626190006069,e9ee543859fc580143b512740aacb98a18557b649e30d13dfecfec836d4df4ac
113,160,4096,655360,4.578531066481,5.674459226863,568,2326,531,671,91,0.000000000000,125.633533046649,6ac329f6f41d232b854af427c492fedf8c118b8bc12b9acb4f47259234978b57
113,161,4096,659456,4.579339046546,5.663152572905,517,2288,541,750,102,0.000000000000,125.636960260785,3c93d17592d69be045b23d9d2d97a9a2bb022ad48cfb6e136657f780237a942e
113,162,4096,663552,4.587573011610,5.695246148003,532,2123,746,695,89,0.000000000000,125.625452978337,543572dc62d08ba65e7aed2303c2f4d8f5bd7dc3ce702c4de8e5054d1ffe9dc7
113,163,4096,667648,4.573075609869,5.693543162133,504,2269,766,557,92,0.000000000000,125.625452978337,95bca6624ee899c8e9b032be502a8bfb42f1cee03d3e5455a5fbd66fc3bbd696
113,164,4096,671744,4.570686857197,5.663040885818,472,2078,738,808,86,0.000000000000,125.602959081461,db3fb485e72816e0666df2c8e5fd762942899cc0b9dc2ceee05185127bb9fca9
113,165,4096,675840,4.578539865056,5.652338659442,428,2140,818,710,100,0.000000000000,125.573612728377,983028ecfeda5d2e0a009544653c0225b4f25cd0332c114a105c6a3259567cef
113,166,4096,679936,4.566833691658,5.607894336946,415,2062,771,848,88,0.000000000000,125.557310915696,1eefa23c143429cb0a9e2ddfeedffdbac8b3339fa7b60a58a2ca4fa4c6de1cfe
113,167,4096,684032,4.588363944649,5.624178923128,680,2143,773,500,103,0.000000000000,125.523528134265,fe6bfbe68731b6f3a88984db86d62229af84a82433dafca625881e58b5403097
113,168,4096,688128,4.570480362370,5.686751039325,617,2387,511,581,97,0.000000000000,125.509487210285,62590b72687a30a6d9cacd29d7fa472a6636f4574ed057c1d2b835604fe31e55
113,169,4096,692224,4.568804864677,5.680964575897,613,2293,682,508,98,0.000000000000,125.477197062900,cb3fd631d4b719f61047dcdcac5f543d25afb9cc91a0a70b8706114245cfef70
113,170,4096,696320,4.565179342522,5.590986413055,608,1955,1033,500,103,0.000000000000,125.433048071434,b3eaf087d4172248bd972caa3181fc52249d700d5c8ca314da10a0a750615732
113,171,4096,700416,4.566659753319,5.645760595307,511,2133,957,495,102,0.000000000000,125.398636297266,cb9328291d389a5a626090d0c7b38256101b4d4eaf180ffbd72c156b0c015609
113,172,4096,704512,4.555528633869,5.634231722975,651,2107,755,583,101,0.000000000000,125.371708422122,4b4e7aa8f5eda8c90da8fe7f20fa059be639c1509b5044f27a4b8312e4293ddf
113,173,4096,708608,4.553837215139,5.603186262902,526,2049,907,614,104,0.000000000000,125.350710833906,3620c8073016fc9bfec6e7cca6c537970b0a730004539865da24193818b4579d
113,174,4096,712704,4.548572550076,5.655024087024,637,2237,807,415,101,0.000000000000,125.322235485141,97481325b459d8ef3e25aee9ff8a11b275f5e230c20c01e260b705a079234697
113,175,4096,716800,4.568202838123,5.620328930618,687,2131,640,638,104,0.000000000000,125.277185377411,4119c76a53947794d5b1b2fea6ce286ff6eb999a3e9071aa5ed99daf4346193b
113,176,4096,720896,4.575420211137,5.629532895327,724,1955,1053,364,102,0.000000000000,125.250962537896,a8eb30c184401659979d7cabdfc956c0fb1049e0bf36c493c18e2942597aa65a
113,177,4096,724992,4.555606826144,5.592173886606,811,1907,584,794,103,0.000000000000,125.227205986707,349c4af217aaec12c3b3b0e5b882bb4e4048ce4681ffa0c72246789868dae09f
113,178,4096,729088,4.550019374316,5.611279157420,694,2017,435,950,103,0.000000000000,125.220318519428,21475e441927f34658ef5202fbcf681886671193c92dffaa31b031c854666fdb
113,179,4096,733184,4.550112786424,5.550092747259,1059,1671,472,894,106,0.000000000000,125.201453971260,2aec652c2eb7ed749097f2257b7abf74ef4bafa0c0d86d82a2d10b184d0f9281
113,180,4096,737280,4.536634019030,5.544847111276,991,1515,764,826,105,0.000000000000,125.198724987438,6573d772622efe255c7924ee79efc6099051adbd915c092cbeedb42d4b966949
113,181,4096,741376,4.551364982321,5.493671843348,875,1514,654,1053,105,0.000000000000,125.194731372175,9683d21f000d69f29b5b046a59f1d9a2da49764cfdce5bd7fa2afe94ae4d81ce
113,182,4096,745472,4.551968614922,5.529207955781,950,1637,724,785,107,0.000000000000,125.179142533048,36549a9f034ee4399e8cb4ce4095e8e737f621876f187e34b5acaa1348667d87
113,183,4096,749568,4.547866328184,5.556487773674,648,1684,1026,738,102,0.000000000000,125.174061852723,d18bba080f59de70ad21d12ff4075f900e18ce0905a268867c637f4a5d573964
113,184,4096,753664,4.565711839538,5.533277533935,933,1657,710,796,100,0.000000000000,125.157669085795,9e99d6a277cdcd39c65eb2ee6662e1bc2122b22f8dc2415994cc984e889d938b
113,185,4096,757760,4.579498036726,5.533637166436,650,2016,554,876,102,0.000000000000,125.142058163289,13bc513a9b7506cb395c02fefc1a846dab72e113aa036c21f108975fb0a7435a
113,186,4096,761856,4.581940695332,5.579273035233,923,1787,767,619,101,0.000000000000,125.128126470065,f627f1afe65a044b17b98558e802adb077aea1804b49707f7b2ab3b0d6c34ad1
113,187,4096,765952,4.570330393998,5.489825482243,898,1321,981,896,101,0.000000000000,125.111066146567,4ba858585fbe16c3c2295834c3a0b4bc6dcd740b45dc4edc6f72d5f52ddd0da6
113,188,4096,770048,4.579353801960,5.500394211745,961,1710,391,1034,103,0.000000000000,125.094491477322,272f9839032cb12477a9124be25b3c840043de38c6c197c0c7617519ef014477
113,189,4096,774144,4.596728726094,5.438607287190,1201,1513,481,901,106,0.000000000000,125.087217750742,c707369e164d1b656899353a220d5431f0e5f319220d0d011081ea04315ffffc
113,190,4096,778240,4.587084722230,5.417829123296,1458,1061,607,970,104,0.000000000000,125.079189834297,305768334b2ac2719a0d01f28875a36c51880cce9a796787397e60dd3f127ddd
113,191,4096,782336,4.583046452286,5.446939715395,1053,1480,692,871,103,0.000000000000,125.061963265005,1e051024645f32647a56c2c55a28ecd2d403abd098c80def94c0233676f016a1
113,192,4096,786432,4.592003584374,5.493804376559,933,1647,711,805,104,0.000000000000,125.049403519765,f6c0cc1263400325016aaaa89db076570fb5fef965cdc97ea2f55028aa613bb3
113,193,4096,790528,4.597443617553,5.466772028807,954,1562,860,720,103,0.000000000000,125.035354632743,e52228c78bf44172fb428f61d450163c128bd104306871ed8d495eefb4650340
113,194,4096,794624,4.591620879907,5.452526488377,1209,1333,689,865,108,0.000000000000,125.012643644971,12832f096049a535f4c077a88d2b41c927fec97c9150660baf8357616a190255
113,195,4096,798720,4.586943151019,5.504384420484,1068,1563,632,833,104,0.000000000000,124.993185198200,af60cf4d989750cd18f0450398502392fa7cf79ee5caa2d28a86bb07d6ef08db
113,196,4096,802816,4.598112575806,5.432094346192,1219,1409,810,658,110,0.000000000000,124.983030067350,cb622a91a3656b3d5cea290f6c147b0a2d160d1fc6b8a81f0776cc67d660a0ab
113,197,4096,806912,4.583620338578,5.371195709781,1410,1276,870,540,107,0.000000000000,124.970495490673,4e80a324c789c1a8f980d43bd16961ac28e7ca73c83821ea14ac0e99545897a8
113,198,4096,811008,4.589914109233,5.401827335371,1167,1484,801,644,107,0.000000000000,124.970495490673,6752ac991b423c3d2a8f99b89b5557bf904cb7dac55ed2ca140eb19dd6dc661d
113,199,4096,815104,4.601620570226,5.476961284809,1315,1728,676,377,108,0.000000000000,124.949932841942,475a6f50fb22681c4ee2fe4705a8b05a411a24a0d4faf0610e489e282e45d9d0
113,200,4096,819200,4.599573756701,5.467235944774,1099,1728,766,503,105,0.000000000000,124.918962733408,2fa756f16789243cb22a69b12dc8890fbaf34d3a2fd3ec609675e0028a182cd5
167,1,4096,4096,4.444057771371,5.187336065952,1005,1006,1034,1051,105,0.000000000000,33.687801208129,6b425c7ac24dbdbf9d8c7991b53655c6b0dec5a3877ee6fcfb4d245a9f7946d1
167,2,4096,8192,4.444101359185,5.188248698459,1017,995,1050,1034,106,0.000000000000,51.697636465264,a319c861b712463957c786aa77a7cafc88caea15821e688ef6672f642d99e52d
167,3,4096,12288,4.445522355452,5.188981511652,1052,978,1037,1029,105,0.000000000000,59.694862062486,9094169feac42bd6ee370dad8f0aa81401d94e4bb9bcf5370136930f2e1add98
167,4,4096,16384,4.434683802498,5.176633647494,1011,1035,1079,971,102,0.000000000000,69.470856439103,ad5ddfc034bf3b271e3b87f4dbac4754bfbfe17d5fd6a3fb743e12b6fd7bc78e
167,5,4096,20480,4.442685075016,5.192220768815,1013,1009,1042,1032,106,0.000000000000,77.674984909349,1f85ef9b195f707dbda9771ff84a7d2bebe3c84d3fdaa9105fc91ecc8806d738
167,6,4096,24576,4.433665289721,5.131907252632,965,997,1082,1052,111,0.000000000000,84.148153826047,44ea5e913d0d49d160dffc87aed9f598a5594af13503c4e4a7c4a9a7ab72cf2a
167,7,4096,28672,4.445454149570,5.178699410778,1078,989,1070,959,103,0.000000000000,87.563593052729,292123d1f6c79219e9aa2a5e2c5b6bb4466cd1746d950e94dfc342b9e4e43cc9
167,8,4096,32768,4.444704831315,5.199853016666,1036,995,1023,1042,105,0.000000000000,92.675683062739,912abcb932634d9691aacbbec5ca09bd707dd189e5dfc5329961f0667a237a6c
167,9,4096,36864,4.446172996044,5.195941984177,1036,1007,999,1054,107,0.000000000000,97.315499774783,e95631e613b98c547a8098f059b2d97645f37948213bf28c5bbaffc1cab57834
167,10,4096,40960,4.440020815746,5.166597423139,1060,995,1038,1003,104,0.000000000000,99.874041110802,4733206037886914259c89a82d97c99b0b37315b2432c695281a26171a9156d7
167,11,4096,45056,4.441260077040,5.176718042537,1010,1080,1047,959,106,0.000000000000,103.632412683724,9d864b077e56927e2081f34db66400b608b395cc094c47c543c9aef8a96757ec
167,12,4096,49152,4.447718585085,5.182536449716,1030,1012,1042,1012,107,0.000000000000,105.304692382385,38757112cf67532185549c828606afc49ebbba99fc2841a4dcd34ee5a925e56b
167,13,4096,53248,4.441410649247,5.168825702455,1018,1011,1066,1001,108,0.000000000000,107.341558547282,f36c28654cbea1d19e7fc36f838436f795857bc46a959abcd95aecbb7c486dc1
167,14,4096,57344,4.438180645594,5.173507250345,1045,981,1049,1021,110,0.000000000000,110.038386605211,9df16e0839cfdbd131d841e9738ade6a6edff10a2b2d1e4b736aab6e853a5e34
167,15,4096,61440,4.439010392941,5.186043036607,1024,1047,1025,1000,106,0.000000000000,110.863832190792,e8e599683606936875933fad5da192392e91774c947f87c81d2624e287c24bad
167,16,4096,65536,4.441955017747,5.181035891301,1006,1041,1026,1023,109,0.000000000000,112.009773661700,a89ed67c49a4dce743d971c782811212fa6194fba46d9d5a9014ae6bab6627c4
167,17,4096,69632,4.440858113105,5.192875811797,1043,1032,1035,986,108,0.000000000000,112.628093216091,382d6d288c12dcbf1800aa54f0dabffc1e16f9d2e2e2f86ce92e56be2f21ae53
167,18,4096,73728,4.442107914397,5.174884294308,1024,1034,1038,1000,104,0.000000000000,113.624816144994,0f68b5c522c878c221dfb6a14c106d0287153393c1c4de2c005826a65ab6643f
167,19,4096,77824,4.443827052220,5.202309673725,1024,1049,1088,935,107,0.000000000000,114.513856537807,419747a9fb398d7084823b89e48d4808e14465fd0fb76faddd201f18912d9252
167,20,4096,81920,4.445477643762,5.190340750829,1014,1087,1009,986,107,0.000000000000,114.372215888865,9a61d01bb8502202663e90fa8b2c49d3b1a5639157fac6dd276760ff741eb6ae
167,21,4096,86016,4.439399699151,5.174583659884,1046,1078,1021,951,107,0.000000000000,115.034628099398,f30de729c0a9412c27ee357f0747dc8ceac95639b072d33031275b3190e7465f
167,22,4096,90112,4.444753205806,5.189337041973,1052,1061,1005,978,106,0.000000000000,115.521286778624,d1aa48a0e59ea321663a41039a58c3c0bbdd8210777da7f345c9957f53de10a4
167,23,4096,94208,4.441960342284,5.191809142572,1046,1053,1000,997,106,0.000000000000,115.951618580339,8b2db7fe650f72208fa920e84c72ec3f08f95e8fc45b79ea88b2bffe59df643c
167,24,4096,98304,4.446060086547,5.204324818844,1014,1078,1005,999,108,0.000000000000,116.776310473752,1a30c1c373fa9cd356c9e0cf51551819dbf52de2e2641fcedd2033441564ec40
167,25,4096,102400,4.453555684929,5.187823325654,1003,1095,1037,961,107,0.000000000000,116.990126953980,bcf661cd04e32b5266ad6c8251bd3d51c7312fcd27b0585cfcf9c3accd62ba78
167,26,4096,106496,4.447293297726,5.208369968248,1027,1134,991,944,106,0.000000000000,117.620742460242,59492c695f572817f8274e7ed364bbe67bd2f6a10bbc7f4e16172f7c5fe467c9
167,27,4096,110592,4.449405011276,5.193644459165,1038,1047,1057,954,106,0.000000000000,117.199635836554,04e98457c43f19dd23de28dd396372797493812e474f2eef9dde8877b5a17d7a
167,28,4096,114688,4.453139061785,5.196415133857,1047,1075,1054,920,107,0.000000000000,117.512988625693,16f2a546b5969da6967363853db4fd4a983b91088bbddaad51e67978a9b43eec
167,29,4096,118784,4.441277141980,5.181837083544,1034,1098,1007,957,107,0.000000000000,118.139155741665,929ab2f9be53ec8347c39b3b65a22f0db99be0f486b7373fab4566e03324eba3
167,30,4096,122880,4.450824575761,5.201641564761,1092,1139,917,948,108,0.000000000000,118.622116455491,1add5fa3bed1c29ece770f700c0df4d2e0c16f6d04eaf8c04b5b3e999b8d943f
167,31,4096,126976,4.448980245571,5.196871665878,1062,1072,1017,945,108,0.000000000000,118.957146702815,1151c76a3bdd0835fc0727542fdbfe5e718895e0ce63a314ceae3a79deb02b23
167,32,4096,131072,4.441557474860,5.183191325222,1054,1089,989,964,102,0.000000000000,118.769670348768,e43b1e4448eba97a5fd927e7b9e97df71d02054b6ef0fa568d3bf998f8793c04
167,33,4096,135168,4.446100721598,5.192121148112,1036,1070,1055,935,104,0.000000000000,118.943224076675,e37ddd89a010ab99c2899c423783e7175c3ec949df10e7d1a06084426d2f5e0b
167,34,4096,139264,4.446421924972,5.171031938168,1060,1041,1077,918,103,0.000000000000,118.958733646290,57ab6849559216be68de52dd3d2d2b560b93dbc1fcf4263ebf6c89d141d7be25
167,35,4096,143360,4.444453368084,5.185606441085,1047,1044,1006,999,105,0.000000000000,118.982211835921,f84ffb5244ba4a527bc630984501af1742c9e1c7922bd1771ca3b12660a5d310
167,36,4096,147456,4.448695937824,5.197013243484,1063,1098,1040,895,107,0.000000000000,118.920796869841,2679f628228f3fa206f00cb7d7ae78979c3a2b6b7e0b17fa3b52c309f0dd0693
167,37,4096,151552,4.449490979046,5.191249072434,985,1106,1122,883,108,0.000000000000,119.093316006940,61c91d56f7f66e4e7dc03f114f715ebe171f9ff1bddb295d86c62c73a40b9887
167,38,4096,155648,4.453862699854,5.206135858011,1049,1170,992,885,103,0.000000000000,119.125899583353,df0918fa9f127ab4ab56f291d5be03af39ca3a99cf0b723c608c5c04152cf1d0
167,39,4096,159744,4.445952888136,5.194371611136,1053,1081,982,980,107,0.000000000000,119.226438531119,fa590a693ae1dac2124c622a10d2836a5ef99bd436abc5333aa0e3c05b350ffc
167,40,4096,163840,4.446569560390,5.188308514998,1007,1129,1072,888,104,0.000000000000,119.378869542012,7701f3794b9b981ed483a3655db10236ad3de6c242bf434f8f7c2499780ebf60
167,41,4096,167936,4.453355795463,5.259581873259,907,1225,1033,931,106,0.000000000000,119.062905680882,ef9af66d4e0271b5b02c63043d83fec9054b796da37fc3c541c81f28a7cd8049
167,42,4096,172032,4.455354810039,5.224321095625,1014,1112,1049,921,105,0.000000000000,119.094299898066,60a852cfaed1090d3b8588c05b313d10a78a3ec8b8efbf345a8a7833d6b476fd
167,43,4096,176128,4.453300368848,5.223515440235,1103,1019,1029,945,109,0.000000000000,119.153844616116,86cc64debf452d6b50178e049818e5b91de5032152e1d5f24f39c70396da96c1
167,44,4096,180224,4.444614569418,5.223909449546,1088,1127,996,885,103,0.000000000000,119.281586433419,64d324f29ea9e114dfdd8be379c10fd8803837ec0c3a2ef87b96117798088a90
167,45,4096,184320,4.456822587867,5.223212226467,992,1166,1015,923,104,0.000000000000,119.441453262491,c6fe2151751bc2e5bd07187394ba3713efefd6374fa1fe6fe356c35e8e5d0788
167,46,4096,188416,4.458850225079,5.219669943284,1027,1178,1034,857,107,0.000000000000,119.354722709742,c53efdb03af75221ecae39b50dfdf083ddf58e71569a6a263817b9d51f84cf42
167,47,4096,192512,4.460754808207,5.255316596110,1084,1156,1019,837,103,0.000000000000,119.488125070341,f4a43fb46187b1dd953d21845a1d027c36522fc21554bfe0884338fff8818a6b
167,48,4096,196608,4.467203124038,5.225861812558,1105,1139,985,867,107,0.000000000000,119.277509227986,e5cfe97703788a3dc1d46947e5074c892e4bf12a643e3640a1c1268c046dda9f
167,49,4096,200704,4.459590072498,5.225320250930,1078,1130,982,906,108,0.000000000000,119.518283859073,a434d6901eac3af123df4c74bda583a0a0e4cb28381a254e716f171d2e03f3d7
167,50,4096,204800,4.455579036022,5.222266339401,1058,1166,1046,826,108,0.000000000000,119.411742953751,ca4610b145d85a14ed60e56352cb602bfc17510d3d641a736128eba50cfac0bf
167,51,4096,208896,4.467313653198,5.251113987792,1103,1148,929,916,109,0.000000000000,119.223089116427,331d155ebda7474f9d10b39dce731a3dccab5c23bfde760bfa2cfe99da491ba1
167,52,4096,212992,4.462361303871,5.248674707671,959,1145,961,1031,105,0.000000000000,119.378919591441,12849769ef66f28d7b4a1333ed37c5ec03a0f8f40fb7b307bf9939183378e0f8
167,53,4096,217088,4.468382196051,5.266895971704,1067,1268,870,891,104,0.000000000000,119.438587742501,51717521d224d428dfce18324f4daf487b7dea3785563f479a47ef149346f36f
167,54,4096,221184,4.461676395572,5.257552750255,957,1201,1038,900,102,0.000000000000,119.576431869651,e02304d33d00e3046892fd23d9ecfc6c3d7686120835035a8c4c30ef2eacd638
167,55,4096,225280,4.463423763127,5.256309798600,1005,1191,1025,875,107,0.000000000000,119.339392526104,5bef18322190e78504178c5f551708b3e5ebf749e386bd6bfec902591bcc4e0d
167,56,4096,229376,4.462297982142,5.251714389506,1003,1142,1037,914,104,0.000000000000,119.483710159980,c1452e309da9b1949551ba1690a799e2e50b5f437585ed03df78c8d92d64346b
167,57,4096,233472,4.470761722679,5.256188980562,1005,1167,1045,879,106,0.000000000000,119.214268768523,fced9173c00cefc01cb40580e5a8ff913fc4dd3a4990c864520cbe227239da29
167,58,4096,237568,4.471830267985,5.266300564128,929,1295,963,909,105,0.000000000000,119.452152952547,34f75238fd91cfcd3ff75ae97e935b2f7f96a2f653eac809889db6f0c333b587
167,59,4096,241664,4.467644368422,5.245691243219,1046,1099,1105,846,105,0.000000000000,119.780734081170,085d90dfed7ade522e9554a4800df3f35fb6bf30ebd116109f2d80087bbcdce8
167,60,4096,245760,4.463574809847,5.277613692514,897,1171,942,1086,109,0.000000000000,119.583273503609,e53f42c82b5ee7b2c5cc45b1d95e4256fa596b1f7be278e6cff410a0513cb4a0
167,61,4096,249856,4.459016636548,5.234890276661,995,1190,953,958,110,0.000000000000,119.592237755293,5ba6e63f04b4bf76cf7f10bd1e292cee4404c0cadb5a43f71fe91be2eb9b399d
167,62,4096,253952,4.481644210052,5.282590512081,965,1247,981,903,104,0.000000000000,119.434896469495,6ffca05946c345f839674d96140f30404327bba1126cc08bbe7cbcdccd82922e
167,63,4096,258048,4.485945354897,5.291442552402,996,1249,950,901,102,0.000000000000,119.560067146545,812c2734fd214be8450113f13bb7e7bd54eb8a0565d2eef3c8a62a54288cfa24
167,64,4096,262144,4.479883087887,5.295239382796,1020,1230,930,916,109,0.000000000000,119.452595879018,ab4faeada5a9b4efe872b5ddb68c345a03f43512b315f0b146a54f6c9f05653b
167,65,4096,266240,4.480020779581,5.268858997231,1052,1129,1056,859,107,0.000000000000,119.240848599555,10547f653e97a34df39de7b946cfbdb0c8809996e8892c0d5443992e33ee5ea5
167,66,4096,270336,4.477370362642,5.286785161507,994,1258,944,900,104,0.000000000000,119.384376611590,773556af21d125ce1e96a548bf3b599ae44d33779baf59bf249007d7cd283a31
167,67,4096,274432,4.483880944265,5.285494968465,987,1216,960,933,102,0.000000000000,119.492586083722,955da65a35766ce262d0562532e56e3c8c760d881013f45831e84dd8f3ec9601
167,68,4096,278528,4.473814227399,5.270826245532,880,1139,1150,927,107,0.000000000000,119.670995951071,b3b98321748779528ab08d0e3acb975ea11ba79a0b79512306648a6328866388
167,69,4096,282624,4.485203233100,5.305592229277,1098,1235,918,845,108,0.000000000000,119.522997443007,a01ffcf8eeec82e2a935ac571231683fdef270ecb21112cf60dc664d9a49590b
167,70,4096,286720,4.489553696941,5.312983342450,1088,1182,955,871,103,0.000000000000,119.228593255332,eab60b0031841e74b2fe1798d7ac0577131cdae1c0e049cc8a68d1e87a03883c
167,71,4096,290816,4.483217740281,5.305876820499,1050,1256,927,863,105,0.000000000000,119.441838412883,d343dae4baccd214949c9c3fec7bcfc1cd4042443d8148220a93472b8ae10eed
167,72,4096,294912,4.489518299355,5.323935013825,1021,1260,1007,808,107,0.000000000000,119.601013838583,c49a6b6dd6a4bbb9f6e66decc2de2e37f9ca7bb4183d1ab5e33a40a20fe86ba0
167,73,4096,299008,4.493349016828,5.315484934499,994,1195,1114,793,111,0.000000000000,119.619637853998,e534a5934653fd8b1c29b7509c74d40d6424e6e5f6028704dee08e0ac5ec1263
167,74,4096,303104,4.483194404107,5.302414335177,883,1213,1006,994,108,0.000000000000,119.753785061785,dca11c6e3b3a859390ae129b29a5b4a7615f5fd5854d740ef98b2d2e5b25b4b7
167,75,4096,307200,4.483645865081,5.298617151728,1008,1288,947,853,104,0.000000000000,119.800742252461,40db862760ea105badc4357e8efcdcee372a90ec68d6307f0c79617bc3f915d8
167,76,4096,311296,4.488710741068,5.313749702554,928,1218,1043,907,107,0.000000000000,119.972007772137,9bf910031be44f1d9614d1281e5b501346cd62df7f11a3c66f06a3d193621559
167,77,4096,315392,4.491761786336,5.343007594565,984,1430,833,849,106,0.000000000000,120.183946596271,d743908e57b46fadb22bc9d6e5a98f8d9ceeb6861dd4293bb9a28562d91151d2
167,78,4096,319488,4.490312514309,5.326377986922,908,1288,895,1005,106,0.000000000000,120.429722862654,c55b012109da586fe588c4c0076be558b029555599026c8a3d20466847f64c23
167,79,4096,323584,4.493010552192,5.326655490018,867,1312,956,961,106,0.000000000000,120.630237767289,07217eba26cc3bdc376b2df5d783af6ca2f30b0f95c5cd151e611136be308d8b
167,80,4096,327680,4.487710897149,5.328125326876,1078,1148,1009,861,107,0.000000000000,120.660874907723,097bb01a2e818dd32bf519a62c195b574176b4053a140fae46e93501480e1e82
167,81,4096,331776,4.502966647082,5.352106822702,999,1279,946,872,104,0.000000000000,120.733259911349,940e6bd4584536829418ac925d9b4cfa9f6829b8fd81a1b30cebdcccefeff7eb
167,82,4096,335872,4.494120596445,5.307923303747,940,1183,1100,873,103,0.000000000000,120.960918092328,1980a2f926919f2a89428e82ab0c921660b04e9e9375187a62ddd6e61de9ef09
167,83,4096,339968,4.497328748115,5.340066945587,888,1368,1071,769,108,0.000000000000,121.049843043051,e357d445f7a46fa4400ed1f04dbb219122708264d4c73677881ac66f7393f5ed
167,84,4096,344064,4.505126185176,5.353365092265,1102,1371,901,722,105,0.000000000000,121.133669427086,acf09e622cd64fcd16da3eab8d67472d112ee3ee87dd160b0c1b4fe98a3531ea
167,85,4096,348160,4.481274930080,5.257675892196,987,1079,1150,880,113,0.000000000000,121.374119132224,6afa4c5039a0d1fdbc7e9540bd3996b5152f47fa2a6232d5c9fb4531f4bdff5b
167,86,4096,352256,4.496102941966,5.311275049115,1122,1225,978,771,108,0.000000000000,121.475603325309,c5d4a369733e73cb0620341339f5470bca792f7878c2530e4a9e2b89f46b2d71
167,87,4096,356352,4.506606999026,5.357844011728,1083,1172,1078,763,107,0.000000000000,121.566939099086,122a49425634df40cb6fafee55d2a7f840fb2a135bb06f9a0943736c0111efbc
167,88,4096,360448,4.505161642015,5.353849693059,865,1279,1085,867,107,0.000000000000,121.566939099086,d6b1514b3f3829e9804ad39756f0e99db77550b7b8ff9e2e8c5e6e91aff48163
167,89,4096,364544,4.493953987554,5.323786165061,788,1217,1197,894,108,0.000000000000,121.667798583541,741993f60efa79801a198c77feb1cb6cb0f33b068ae2c81df9d3617e14f8cbd8
167,90,4096,368640,4.510794496221,5.347913336447,949,1226,989,932,110,0.000000000000,121.848850946201,46a8e412dd2896cabddb66c09a5e2a917ef7c83041bc79308dd6000676086986
167,91,4096,372736,4.501518591529,5.303661280180,1044,1074,1001,977,109,0.000000000000,121.848850946201,78595de57b004f787ffe67dfe41bcbf565e371d6f74b73771852b30dfedafa36
167,92,4096,376832,4.493886405004,5.309957241110,1059,1192,1007,838,107,0.000000000000,121.627029120989,770df74a068da3e147c149154031d76f61bfb3bc5eb8ddd73c92955511ccc6a4
167,93,4096,380928,4.497360344069,5.253509735653,864,964,1386,882,110,0.000000000000,121.627029120989,012c6c0f9dca5fc61fa280e4db67803db81f3eb3c2a4aa7f2079ce27682006a8
167,94,4096,385024,4.504208496636,5.310363283418,1029,1213,1029,825,104,0.000000000000,121.819342706090,b2f6dc8e2742f1aeffd00a79bb3cab31816f3e1b6b2b2ab7772e6f95a7dac6bf
167,95,4096,389120,4.518431554191,5.384980123013,956,1493,837,810,108,0.000000000000,122.006575936447,9d1ce9f3f4003d8d70ddf53ca6161c4f293a42acd5a2bde16e16ec4b95e08d58
167,96,4096,393216,4.506828654120,5.325824382107,1057,1189,878,972,107,0.000000000000,122.181796597375,3fd70bfdf8acc5c2a30c21ff005502b7eca19ee74c39507b1bb73d461aae8c65
167,97,4096,397312,4.507631228960,5.346305189277,874,1306,1018,898,107,0.000000000000,122.295141773571,729905870ebc7c9e3a5548ada4c210f771c7e9b32c231027356f47f86b960c80
167,98,4096,401408,4.522260027489,5.367122629486,854,1425,987,830,104,0.000000000000,122.403536782394,d2b63a540889b4ac7a5a97391d5ee54365ec77acc8d09f9cda5ec0d798ecdf6e
167,99,4096,405504,4.509061779814,5.318335986442,964,1270,892,970,106,0.000000000000,122.542092518915,bd2af5197f9ca5a3612ebd98dbcb1a0b708a1fa6633c80299bf33d132e81c219
167,100,4096,409600,4.524860717340,5.354739744359,707,1374,1142,873,108,0.000000000000,122.607049434861,7c7ddfdcc44c44c0f161dbcc8592240329fb60ba32ee2cbafe2fe3414cc45a64
167,101,4096,413696,4.515469598815,5.343579078853,1144,1178,927,847,103,0.000000000000,122.715123343407,6429a39b4f04ef25e1aad4e52c2d3c9b560a441717176f6b6e09e7bab88f2f16
167,102,4096,417792,4.518863263324,5.359087330638,1154,1216,936,790,109,0.000000000000,122.846962984675,124e8ec51aff7fae12dca4fe1f95f78d623952e2310113c358b9c04ee94fa67f
167,103,4096,421888,4.515618712193,5.298289301898,980,1180,1192,744,114,0.000000000000,123.004650273054,0b9a39df0b97d35a976796e705ced0df9ef2d91be113bac1d75f72d2811e0250
167,104,4096,425984,4.522051660823,5.342624612042,1254,1230,952,660,106,0.000000000000,123.008338682466,fe0e05ad3c4f470c0451007b5696616cfe572bc68d1233684bef4ca787b2e527
167,105,4096,430080,4.504428775015,5.255690197715,1275,1088,972,761,109,0.000000000000,123.008338682466,1bcc6f7ba124879a783edf23a9456b827d6994ad9eb4e249e0910b58ba8f409f
167,106,4096,434176,4.523997823249,5.324994222683,1113,1207,1141,635,104,0.000000000000,123.093495741502,dcd675b0c01d5a6bfbcc956bf4df06bf9f35cae6f6af7bd3a3838c88fd5d1278
167,107,4096,438272,4.506842664971,5.312550347385,1305,1215,834,742,106,0.000000000000,123.167343118510,2ba2c295b338f20901be022acdf5200bbd28129ad44584947abd48f3bacec860
167,108,4096,442368,4.502991765640,5.301065207091,987,1199,898,1012,106,0.000000000000,123.132324142184,9a3fd4e723b81790b2d62bbaee1bb3af9264ae7b7d13106d85e8fd2e12ed1e14
167,109,4096,446464,4.527223356125,5.350127799501,1269,1213,907,707,106,0.000000000000,123.251062305544,34a524d906bb9053995e19673f9de24489ed314b964e821ff7494aacb8656c78
167,110,4096,450560,4.529677185865,5.377924075490,1063,1261,1070,702,108,0.000000000000,123.326230244441,c325944c363d70fcdcc7788c5b6f119033c5a7bf42a392fc3a021d3d7399ecf5
167,111,4096,454656,4.529959791375,5.383851860813,1138,1300,919,739,108,0.000000000000,123.340358045817,fa45fbbb30a58d26e849bdd5178170cb546a168da5f1f0c89cc2553569a35d19
167,112,4096,458752,4.516462829990,5.290998780896,1037,1252,1031,776,102,0.000000000000,123.441093550462,72421171e29e3c83ee28cac17b0f1e67a377c304069f61248ceac1500f86790a
167,113,4096,462848,4.527962761644,5.361940402046,1066,1248,994,788,104,0.000000000000,123.441093550462,8d6224074fe71e58cfd5e5eeb10be4ebb5418fd5e667e29824710d653c697e3c
167,114,4096,466944,4.512714917109,5.310690234841,1013,1324,1105,654,104,0.000000000000,123.489271007112,7f8cea26d82057797094ac880d965f06fa9aa31950fdf53c5829cb4eec2a6829
167,115,4096,471040,4.519226317885,5.305916990291,1013,1060,1182,841,105,0.000000000000,123.565516518343,a01861251d91700817f544f693f0c06bc8589625f840d6ad4597b9671295a7b0
167,116,4096,475136,4.554975820078,5.386890585001,792,1336,1294,674,108,0.000000000000,123.589123931174,b3c7d76b93ae47be8b6fe4d1c2ab17390b694538ec64573412418abea502ca98
167,117,4096,479232,4.547616845990,5.386552344899,817,1386,1278,615,107,0.000000000000,123.691020073053,ef4f90e31bbfcb2a4dadf0336704ed5f7a26fb7703f4ff399ace0f7f85fa02f6
167,118,4096,483328,4.532676306996,5.339087552205,967,1232,1132,765,101,0.000000000000,123.639185872057,ac64b664f626406a3cc2a318477f4be36a75e0850c78c5cce23baec978e6219e
167,119,4096,487424,4.534588316753,5.352362056075,1383,1134,922,657,105,0.000000000000,123.653649634356,5cfec7c73cd864eb74396e923197fa7d316890e2799964ee62c7b9518f027f5a
167,120,4096,491520,4.550016617822,5.366483951758,1060,1273,1048,715,105,0.000000000000,123.706081546363,4f9095da5c3caf6037eef7f946ab9599e0cc1367b487021290cef7581a649669
167,121,4096,495616,4.540683771646,5.346730692051,1005,1254,1125,712,111,0.000000000000,123.825217950506,0e820d5d97f24d87f6d5bc847f7fb603c0c5b5f4f44e0ac48e77cd13b1a80a95
167,122,4096,499712,4.528181933951,5.284089063931,1212,1024,927,933,99,0.000000000000,123.952553464783,340e8a579029d288952914fd18561daa533dcae24216d9482f5502509695fdf6
167,123,4096,503808,4.540212642392,5.345941878163,899,1233,1199,765,101,0.000000000000,124.102297606558,114182f8ab046c646ec2ff4112e98ad015e73f8c3fc7095bbead797229af8682
167,124,4096,507904,4.536131897359,5.315461183185,1151,1216,1133,596,105,0.000000000000,124.102297606558,3371b6a7e932fcbe3e40be634b96c9be1b02a9c349c6f889cbc3be07b91c1569
167,125,4096,512000,4.542927099539,5.346072655968,854,1288,1168,786,103,0.000000000000,124.291158720448,a3f4cc2757830b6b9fd96e1e249d5e7f8295014c00cb0e70d00fae2f49bfd0b1
167,126,4096,516096,4.556844415269,5.350801977482,642,1019,1579,856,106,0.000000000000,124.461861533660,428987adaaa014d2691a530cea8b413fb0366fb1035db17eb4f285b2c2dcc0a0
167,127,4096,520192,4.555301115172,5.341404655999,724,1129,1551,692,104,0.000000000000,124.629576660919,0a921fdff8c757d1c3db2b2316dd1263f655e786ac27acae8c2ea650d245d112
167,128,4096,524288,4.544447761779,5.323018097896,749,1253,1195,899,100,0.000000000000,124.790261371666,035ffe2d8987f3721bc4921bda5f64b9c35b6405bbf491c9a1b18b8b8a93e611
167,129,4096,528384,4.540321202560,5.309867818054,932,1268,1140,756,104,0.000000000000,124.790261371666,acb0559bc2d1aca166cfc51f680e1fda7f99e50cdecb6cb5a01f85d77148f07e
167,130,4096,532480,4.528320628197,5.319690227633,1008,1266,1067,755,99,0.000000000000,124.946858052130,6dc3b5aba0ac8f5d3f616d49e863e429696b3c1f78908a322166358204166036
167,131,4096,536576,4.537745951490,5.331740641899,1038,1290,904,864,101,0.000000000000,125.079710695447,b19ca1cc31d06ba82e56ba57748f624ae1665e28ad10eb37f029b22da108ba59
167,132,4096,540672,4.553355845191,5.387055216702,948,1391,1033,724,102,0.000000000000,125.206322983141,de8580c853c9271ad4b8dbe66a90ec3a5d71a66f92e6e9908991fa0649993b17
167,133,4096,544768,4.544211635519,5.360073104576,868,1362,1099,767,106,0.000000000000,125.327100859492,68db5088b45ac7e1cebb27d838ad9f0b9b472a613dab9cfad42bb709ce10fb24
167,134,4096,548864,4.558608381419,5.358553642863,1372,1235,865,624,102,0.000000000000,125.445956693944,d0352b081180dc162a673714659ddfe88fdb73851fdb6921723ee19fed19af1a
167,135,4096,552960,4.561797719763,5.408633750147,1041,1317,993,745,104,0.000000000000,125.445956693944,1c24a512667719fd381d471f89d74de6e6f8a78472621b87cdea57b5e8c83da9
167,136,4096,557056,4.577710899750,5.417690278688,1248,1294,926,628,110,0.000000000000,125.546575214157,cbf996422bd917fdc8f78228799be6405a26eb82624986bcc595945714826cda
167,137,4096,561152,4.566493730946,5.432925607379,1505,1334,805,452,107,0.000000000000,125.636668679366,58890346c6433e29b9cdd1d4c33527c594b127313714447ad346c9c4b984755e
167,138,4096,565248,4.549342803654,5.329950804458,1316,1089,1014,677,103,0.000000000000,125.636668679366,fab3247564b2ce482238a3f26df6f72d7a50d819dac8e786f83e5213e6e65c91
167,139,4096,569344,4.558901076801,5.378840635330,1202,1251,989,654,103,0.000000000000,125.712582601257,ef83e81c2cf0c68c0af15b7d913777b5fd28fbdcbf97b298c0b5e9917496b4b8
167,140,4096,573440,4.566235867797,5.406605092282,1322,1321,884,569,104,0.000000000000,125.780905130959,00a0ccc8d55061caf37bc9f2212ae08225e93f6b246f4a91f9e680e95cd54c9d
167,141,4096,577536,4.562447556092,5.354501161870,1217,1391,1013,475,109,0.000000000000,125.860465017093,4d55bc53540e67a4dcd8ad493c4c2fdba735ccd98c25bb0d5a431dbe7d89bcb6
167,142,4096,581632,4.563323325221,5.368551113383,1437,1064,959,636,102,0.000000000000,125.925235941584,a63a76202aad95aac9be6efbdf5e2980304ffc1e867691c4da83567d0e212e4d
167,143,4096,585728,4.570200436892,5.406423329600,1100,1296,1077,623,106,0.000000000000,125.970172734839,ea1333d0715a0d7df9ca118cf153f55ab948c2a8e3d433e9abb5766aaec1935c
167,144,4096,589824,4.568053277140,5.387617405435,1364,1100,957,675,104,0.000000000000,125.970172734839,534ffc4d208d8e4a5222643ab755689c457c176bc362dea116fa2df6e0bc5c28
167,145,4096,593920,4.574935388369,5.423032569102,1499,1402,628,567,105,0.000000000000,125.970172734839,f1360e0ba845100bb9523e96c5cda0fc3fa97a27dd937e33c76becd6f2a8242b
167,146,4096,598016,4.552673964436,5.373668025713,1087,1285,968,756,104,0.000000000000,125.996910966072,19a2f4424ab8183bbb72d5fde2618b0d9984ce352e55b080af125f7af336c16c
167,147,4096,602112,4.577504963637,5.417351397517,980,1353,1010,753,103,0.000000000000,126.018393413092,63c832993470310506fb9cb1cd51e6b647e7be29de075bf714ae28744b7dd4ad
167,148,4096,606208,4.578236948923,5.421760295694,707,1355,1343,691,109,0.000000000000,126.038231509307,69d2d1d7d2b888ff7f1a1e347aae076bc0ad897810feec79bf4c72849fcfd39e
167,149,4096,610304,4.567038024150,5.360594967695,1063,1211,1260,562,105,0.000000000000,126.056085795900,b95492c1e467b41aeb29bc0e0113cdb85921b4e3befc39758785edf592119f3e
167,150,4096,614400,4.566534066438,5.381833531377,1009,1390,1179,518,103,0.000000000000,126.059382684826,879aedfffa48571818f968024c6166af4559de71f3f0fd6e08fed113d10a396a
167,151,4096,618496,4.570737178064,5.381557110695,1370,1275,889,562,100,0.000000000000,126.062349884860,82a1e5066b7aa697c95983836144b166529317e638f862a6533eae6d2ee3d28e
167,152,4096,622592,4.572695395411,5.360006679302,1335,1110,1142,509,104,0.000000000000,126.051489622743,ff04f5f5139fad8c622771919ea683429ac48d6f9acaaf7f9bfa0925d0632031
167,153,4096,626688,4.568932434062,5.354000244059,1261,1213,1134,488,102,0.000000000000,126.035789048782,d11dc2d4604849f57de7f284627cc5fae8d66f5f6976de2df93eef7b5ecb415f
167,154,4096,630784,4.573541013606,5.374970206768,1113,1363,914,706,101,0.000000000000,126.040687759247,a6409ac657360fd52045e83f66d03d15edf1133048bc6619f2af48469d7b691f
167,155,4096,634880,4.581600316648,5.384237204094,1288,1113,1152,543,101,0.000000000000,126.026984231699,8921fcbabb36861744d197796466312df7281c25e72bb7a5ca4dbdb1625e8162
167,156,4096,638976,4.584779418363,5.395159177357,1449,1435,833,379,102,0.000000000000,126.006597661025,0989a904a831998bb8004b43f1d6f89652df132e4bd96c6ed8986dbd1fb3c32f
167,157,4096,643072,4.585056594068,5.384313290334,933,1383,1201,579,105,0.000000000000,125.989282369256,331f82e6aa5a54525a876428b3b7fc02348d6df9823f1836d1dc991594f0dc07
167,158,4096,647168,4.575952061041,5.411132462915,987,1475,1145,489,107,0.000000000000,125.958761558599,1577b95d343a2e4060348727b75c9e838b75f70ba90227d804ba80a3960447b7
167,159,4096,651264,4.587848383767,5.390662578036,643,1546,1274,633,105,0.000000000000,125.935539260865,c3143853600ac4fc381e6dae9dcf8d577633a981583feb4f9c58a7639df04063
167,160,4096,655360,4.594498417083,5.401442398801,509,1722,1095,770,102,0.000000000000,125.900862041890,bbb81bdb1b7529dc624652384afd2bfe3b51fddd0525000d87a0ad6b415e5312
167,161,4096,659456,4.589840976339,5.382446424886,971,1549,1125,451,98,0.000000000000,125.867949992486,408a3766610c635a9863ed65bd389de6cf26e8bc2ea16f248b0660cd5318c89f
167,162,4096,663552,4.581032632122,5.385092442551,1187,1375,1077,457,99,0.000000000000,125.834936372700,9b156286b9d0c718eebbb4fc0332ddffd5d29d5917b526053f6ebeeecefc54d5
167,163,4096,667648,4.593869923330,5.426394244102,1191,1515,718,672,100,0.000000000000,125.803869712603,eb0d80a0e2a096c397835836c51ed957b7cd5fd69de0200f06a76a8dc6fc1d3d
167,164,4096,671744,4.615108724134,5.472604330132,1340,1527,591,638,95,0.000000000000,125.769508194384,c240c6dac353b4b943ad8bc4f9994628653d2cf3f503ce5ca66ce61d1d3a2579
167,165,4096,675840,4.607955482411,5.454318511675,1406,1524,806,360,99,0.000000000000,125.730503518223,e69ab7fc6e8b03c9d379b0b303fba072e9a77da4fd6ce6cb879ae8faaced9165
167,166,4096,679936,4.599246095552,5.423509284552,1163,1629,797,507,100,0.000000000000,125.680792150725,46cae048023a91bfc74f3958b4d90f4e67a7b0a8a55e1c4b7dd0af62a8ea9a8d
167,167,4096,684032,4.598558530161,5.428631093299,1124,1786,821,365,94,0.000000000000,125.632376910320,df6f971ddc5026bfab65dc421816dd0ad0cd475b63be1adcb4d3c8bd627ddc23
167,168,4096,688128,4.590056498731,5.409932049613,1545,1424,850,277,99,0.000000000000,125.574717762183,fb2d876d7cfe3e2ea41f5ff25a9537568ee4c2e5c1734cf796705f9cdd413aa8
167,169,4096,692224,4.613886505124,5.466250610338,1464,1319,1005,308,99,0.000000000000,125.526657811086,de1641858fe62632b52cfc065f0a70adde4469ed7757f32a3eab8141797c2bd4
167,170,4096,696320,4.601712102852,5.413707786408,1514,1414,684,484,101,0.000000000000,125.478513294423,9bd8e128f9f63df53d1740dec8441072d8dce50312aea3fb96f46a81354f4520
167,171,4096,700416,4.596428991798,5.414328271880,1580,1308,680,528,102,0.000000000000,125.419929299451,5197feafb489dd1e82229316fd228768850729fd86f25c4ccdf66cf68c594c4e
167,172,4096,704512,4.610248169243,5.420569337130,1310,1559,718,509,100,0.000000000000,125.382753586975,8587d8628b8959faccb9e0cd6fb98ec03274b337755edab09b80ef637dcfc696
167,173,4096,708608,4.594275130983,5.407031187996,1079,1452,1242,323,100,0.000000000000,125.354127957850,0e7d7c3b390d053bc425c2052aa6c21fb216554b063cce6be4406165c2861fc7
167,174,4096,712704,4.610722097171,5.431473837903,1116,1457,1145,378,101,0.000000000000,125.318876417102,24122a95efbd7e73017c99c2baee734fc04944aa7a5e4b20e733668d6e85f9b1
167,175,4096,716800,4.600592528457,5.466468258358,1280,1708,589,519,105,0.000000000000,125.268636166812,e9926530f5e3eba2784038aa6a6efdd38cf2a19d897efe4e090039d71ffc6e7f
167,176,4096,720896,4.588626270024,5.426733107442,1101,1505,1054,436,105,0.000000000000,125.217765080413,c7f498b16c90eebce8817bc2bd89c8760637ccf20217c7b7eead78f5015ddf1f
167,177,4096,724992,4.589678810203,5.379096588470,1209,1640,800,447,96,0.000000000000,125.166402576568,d5743b81802cedd97272446ed87aca34364ad6b2472b7906d0ce1ff50c5908d2
167,178,4096,729088,4.588008359140,5.390359120155,1207,1438,730,721,104,0.000000000000,125.122099145768,c8a161974d3b44706a0ea6670328ac62a4482fcdd828c40a71b41015a311b762
167,179,4096,733184,4.607906376975,5.462773457120,1271,1394,673,758,101,0.000000000000,125.073245387340,3109805f873c256e237ca09f03d72a9abbf01554000eaf10578cb65dd26e2c99
167,180,4096,737280,4.603477856901,5.416266408071,1268,1539,613,676,104,0.000000000000,125.021587076111,9507d6e679831d663fd8f468d196434dcc304aa7d3e63d13f7d67ccf089b673c
167,181,4096,741376,4.624510068030,5.470842029932,1502,1763,505,326,101,0.000000000000,124.968044371789,dc77d87155af6e80944d1bb03c62f9a3712f93e6d041d2adafb160cc4059acc4
167,182,4096,745472,4.609136575813,5.427411049346,1216,1526,911,443,100,0.000000000000,124.912472460654,fd8c61257c2b2c7a4dc42d7c503bbdcabaff560b15e15f53994fe9b7ed523466
167,183,4096,749568,4.593837045834,5.409206093494,1335,1532,714,515,103,0.000000000000,124.856168950156,3ad65d6a8e891919e8ebd29254f855e366b8c253c254f8ceaec754927b386354
167,184,4096,753664,4.587622500966,5.382516859334,1349,1262,1000,485,100,0.000000000000,124.801280973487,c408e7d0019265086e8229cecea4e1daaf621a217775384513276fbade306b9c
167,185,4096,757760,4.581255576536,5.395684415519,1063,1556,1018,459,100,0.000000000000,124.734656364015,859df490294912e5cc4253a5570d1cd989a68a839c3e1c1d3cb30b6785184200
167,186,4096,761856,4.575237235285,5.369368374735,1059,1414,1066,557,102,0.000000000000,124.685073606320,b13792b5600637e39f45cc69f55648d00c4753bef237800429bb2d209167520e
167,187,4096,765952,4.598736970955,5.435901497103,1735,1450,630,281,105,0.000000000000,124.632028588850,eedb7c4ead6d08ae6d8111486d10081d924b4cccc9e5087d2ed22a0cb56950e1
167,188,4096,770048,4.602324628483,5.440803885026,1432,1397,1057,210,104,0.000000000000,124.579973871755,ed770b04ae33ef1008238d255646b3bd930810cfc0bd4998f6eccf0a5e88b0bc
167,189,4096,774144,4.600747829699,5.424608994575,1627,1357,806,306,100,0.000000000000,124.530326874503,18c2e6ae6eb6450176e4d17b518864ca66572689b0da0d7c6955d93e0dac9f46
167,190,4096,778240,4.598233353682,5.394372867855,1486,1288,1017,305,97,0.000000000000,124.470003062013,352e00210cd951ac605c067a00d7d2e82299110c7a571a8bf1daf84a5b49b3a0
167,191,4096,782336,4.593123380512,5.365546744705,1503,1158,944,491,100,0.000000000000,124.417679288160,58dea1c7e508ca98cfd400d6af04dcb7770d229eb984df8de4e79a5d3a0a47ec
167,192,4096,786432,4.609278096090,5.430165607017,1294,1241,937,624,103,0.000000000000,124.381023188528,b4171901f2d2a2f0e648b3afa9a376efdae7c7ada795718e455eb2fe94f318a1
167,193,4096,790528,4.608615745068,5.459449796677,949,1766,836,545,104,0.000000000000,124.343246817580,f9e03e4e66fa5c8a2197fec736657abaedccb90a9104f3793cd152da3d4f4161
167,194,4096,794624,4.599130850568,5.425705531177,1455,1481,698,462,98,0.000000000000,124.294639884996,c8563aca25d3c1143e891ae5f240ef9703661c2eff2bdefaeb0ee6de78005f4b
167,195,4096,798720,4.576482048401,5.362124970949,1125,1205,1166,600,105,0.000000000000,124.259204437988,d32ad0c9f03f2834318a0b9c5a184c8c51bd82e5630fbe4573afc2865e24fb76
167,196,4096,802816,4.594330943823,5.414660689354,1122,1572,775,627,101,0.000000000000,124.222559517733,9a37cd22d3c9d3ce0babd336d06e1ddf85e7910e63099901c265419c6d5982b5
167,197,4096,806912,4.595976646021,5.396442228616,1595,1262,751,488,98,0.000000000000,124.173492730257,510a3ac5e46f4de3ee8837022a92818e513905ec3b7cdf40e77ac690894a2729
167,198,4096,811008,4.599621487508,5.416734485187,1259,1712,609,516,102,0.000000000000,124.127822153000,1a1df9432c17a7a18687c2006b3337cb2ffa845c55f7262bdeca8ffa1e6a31d3
167,199,4096,815104,4.616621616678,5.470278458900,1249,1607,766,474,102,0.000000000000,124.096305098771,a70873c3909abfcfd18cfe5c5eeac9276d5f747948127bffd126a7fdfe94c08a
167,200,4096,819200,4.604000178126,5.430486064066,1185,1472,672,767,103,0.000000000000,124.051481068173,194d9fbc6089a22c83e91edcf7b5c2664f4761ddc9b739164551b94aede6df9f
229,1,4096,4096,4.437767292590,5.163476396921,1024,995,1069,1008,112,0.000000000000,35.375004900646,22e862ebf871ce205f5fa00d116af4105907b70d40cd6710d03d8c56b62b1871
229,2,4096,8192,4.447160656333,5.229590867520,989,1054,1032,1021,109,0.000000000000,52.694560364408,5c6730d58242ce38287b0d0ff60e187781ee464614a85e4013b3066ff938610c
229,3,4096,12288,4.435533913583,5.183334384799,1074,1033,987,1002,108,0.000000000000,64.591923899809,445514652e76c3f31414e8a1c4879a7de45adc8b4a421985e109a94550db77db
229,4,4096,16384,4.443599714440,5.204419365574,985,1067,1020,1024,109,0.000000000000,72.383518104628,493b5a96b50a9436283f35340ef485a75f7f5ff1c617039d21ce144f3867d577
229,5,4096,20480,4.446305686975,5.172127044776,1057,998,990,1051,100,0.000000000000,79.350126141662,667937dc3c2d9b4b8638a6039aba681242bff99fcd7ab62a8535570c8401cef4
229,6,4096,24576,4.440094529860,5.179066596002,1027,1019,1041,1009,110,0.000000000000,84.593557153925,8a31529765b05c2068c9cd24019117f807d02e8b819f3feb5d41db39c8fe839e
229,7,4096,28672,4.449325488639,5.195784376431,1098,990,993,1015,106,0.000000000000,88.139138907935,c4dc383764ceca9e410f406869d5924df4732165ec0436b89f3780369b631ee9
229,8,4096,32768,4.445769408760,5.172243650664,1075,975,1022,1024,103,0.000000000000,93.617907430621,c027375fd4371816e7e82c3fb25b25f34b60cd103151e2d2db4af260ddbd7662
229,9,4096,36864,4.446756586905,5.184691386684,1009,1006,1053,1028,105,0.000000000000,98.157200045062,10f7ed26d5605992812d0b35784ed34cbaf5cffaaa86707b89727b7aa28039d4
229,10,4096,40960,4.447044840183,5.206256997451,1007,1042,1044,1003,106,0.000000000000,100.475507328373,db3fcb330aef9ceb0fd9c8c81fcb8694a18f085feca2c6f09bfba65a093be853
229,11,4096,45056,4.448792909564,5.197639899976,1068,1005,1008,1015,107,0.000000000000,102.556632117079,31a907b17e321fc0f462ba3ccf7687bf7add57f266e3d9cad184fbd200378f03
229,12,4096,49152,4.442092119550,5.175102364920,1033,1049,1026,988,104,0.000000000000,105.099190167579,b6d2c2387b52bf288fa585358a4ab9724976c3f0ba44356c28b701503bcf93ec
229,13,4096,53248,4.442991492083,5.168955714424,1055,1045,996,1000,110,0.000000000000,106.688504404341,85334e086af9706e60066e21311732df9dd8f9b6ab0172e5ecd5c637ed261134
229,14,4096,57344,4.440871891306,5.187174088661,998,1031,1064,1003,106,0.000000000000,108.845711313843,93fa52e29a3607cceb6be796447752438e0bc4f0e26d7be506d7a426e6f2fde4
229,15,4096,61440,4.443825091277,5.195543040889,1007,1046,1018,1025,106,0.000000000000,110.177013990493,a6bee962b01f2ad8e3f96b2b1c01724add9c283e87b1cc4af6aa5d21ab2cd5ce
229,16,4096,65536,4.439691799222,5.175217392200,1021,999,1042,1034,111,0.000000000000,111.117606072359,5c0178940d8fa5759a29d4ce966c39296eee129900cb1333bea7a54acae1a81e
229,17,4096,69632,4.451426501558,5.206687451546,1070,1100,963,963,105,0.000000000000,112.448556591306,de8fbc4ea2636778572481a172dae45b0641691526670a190381e35fe3273df8
229,18,4096,73728,4.442448004469,5.171872096003,1097,994,994,1011,104,0.000000000000,113.350693794609,6cd306b3de54ebad479e979c48b468d2c1d52872840e299dbcadfcc13c746b34
229,19,4096,77824,4.446706430153,5.178455603424,1055,1022,1025,994,104,0.000000000000,114.331233914818,0c64994c9ad138a0dd2c7b9c1767f811b041dbc1f775eac6035b9953f8055e2b
229,20,4096,81920,4.446105840774,5.167035667783,1029,1007,1059,1001,104,0.000000000000,115.111328303945,3858e1a79840dce518b059b1b0c13d9e4e37c93717a243f22c9ad329643b1582
229,21,4096,86016,4.446710116489,5.198461071426,1092,1074,990,940,106,0.000000000000,115.732656725300,c0bde422ded914499c4f4abe417bad561447095a497329fdced6017f8098e082
229,22,4096,90112,4.444240936581,5.209903687729,1002,1125,965,1004,104,0.000000000000,115.733543221953,d3390b4bc5682148695fc566ebdb4a5ea13940c84e1ec48c83d158335a88750b
229,23,4096,94208,4.444128012843,5.193041348246,1093,1049,998,956,109,0.000000000000,115.908144059740,a6d598f5daa1473c8cd959fa04c0b907eb40f7b89e6acf903063a46f3fa74b32
229,24,4096,98304,4.439399536323,5.183550782009,1059,1021,1008,1008,109,0.000000000000,115.950163706736,a1d6a8c8c329a7bd6c346bc54d67edf0dc9262c93b1f3560a5c8ef61092a9029
229,25,4096,102400,4.437807968521,5.184785585020,1049,1035,996,1016,109,0.000000000000,116.441790272126,28b45cfa0d149ce64c47094ec0e289963551797f5bbaca8dc62365371909858d
229,26,4096,106496,4.442627833782,5.189804792159,978,1148,1006,964,109,0.000000000000,117.267827287123,379ed78098c5f5ab94cc8afddf5755b476174b0ed55fcea88e25e04a2bf1e180
229,27,4096,110592,4.443925620265,5.201389981058,1046,1107,986,957,105,0.000000000000,117.425610667796,bc1dfcc41d76538beb280dc33d843efdc8391bc6fb4234a7e29b65662f23231e
229,28,4096,114688,4.450713979827,5.208685997434,957,1099,1014,1026,105,0.000000000000,117.688462058403,125f0590cafb12d4ec5771d3b3be33ff3e177868533e5fd553bb97c361792d4f
229,29,4096,118784,4.454679071823,5.203004373231,1014,1057,1076,949,107,0.000000000000,117.669158088112,a3c045cd975558ad97333a585e981592829931b5ec2bc297b25c11378b4284fd
229,30,4096,122880,4.445254291783,5.178046464007,1056,1085,1005,950,110,0.000000000000,117.988398459949,95cb72d1d8f274afcbcc43c130862ef9a30e15acdae734e16cb911f838a3ae05
229,31,4096,126976,4.458188633591,5.227489885928,961,1127,1032,976,107,0.000000000000,118.758762315373,6040a442cb301ce48144f27a068b8ae10f9b33bffcd9be5f025f23455ddf2606
229,32,4096,131072,4.454392358225,5.195000585244,984,1106,1074,932,106,0.000000000000,118.790070855756,4c98c627b2c8af16e59f5705cab3b6ba4c8b5d28004ba76a85bdacb133d88a0a
229,33,4096,135168,4.446869169202,5.181607047900,968,1123,1041,964,110,0.000000000000,118.740161856324,312813d42979172d6a7ef6999fff9bfb55be8212190c3156d66fafce430c4bf4
229,34,4096,139264,4.441071891907,5.169092255130,1059,1031,1100,906,107,0.000000000000,118.942869131979,fce46a4951583a3bb5c12c563cd837454edf3d4895b04e7f50bd867bc58774d3
229,35,4096,143360,4.446138602663,5.183654996588,1027,1122,1002,945,107,0.000000000000,119.170079838092,e62fd657528b0d1022ab0ee0ca4be22bfbf25b4dfba6f66333ac8e58262634c2
229,36,4096,147456,4.448266829890,5.186525327374,1012,1146,1008,930,106,0.000000000000,119.246382602766,0e42f8aa0efabfdfa14cf7578816b60a5a0e914712fee83c7e6eba4120979275
229,37,4096,151552,4.443973628842,5.202232405995,1040,1076,1009,971,108,0.000000000000,119.127663323685,27c06c0831e9f88a85dc8a6f9bea872a5f96c160a2160709ecf5efaca768f889
229,38,4096,155648,4.453888257752,5.220451468508,1077,1142,976,901,107,0.000000000000,119.193344336153,5cb64405fef122c362218d4ae44a9102ce528adf59f3edaa452488013d137343
229,39,4096,159744,4.453465567635,5.189392055698,1002,1090,1035,969,107,0.000000000000,119.401652924503,27fc66b3b104832df1225f2de77466f9e1b17cfdc8940b4a3c1705e968d03492
229,40,4096,163840,4.456534820621,5.205610962172,1088,1076,949,983,106,0.000000000000,119.375410359091,5e8a8c8ad18295e18c2317c715fb3c14429025faa07bd77ccd27a1d3d1bad51c
229,41,4096,167936,4.457591547111,5.220302711882,1001,1154,982,959,103,0.000000000000,119.207025963774,16f908a1b6609ea53e58eb2f2bbe63efb530a11bdfe90469f09ade9c4fa6a1c6
229,42,4096,172032,4.457034675475,5.235505401120,1108,1159,928,901,106,0.000000000000,119.219137488356,4f99e5e57fd05a9fbaf939a7cba19386812eed5ab3ee1dca5a457a5d55979eb4
229,43,4096,176128,4.453681293275,5.224056227789,1067,1136,973,920,104,0.000000000000,119.056120307024,c8174c7fd6c82a2e614979a8ea4887550271f21936ab43cee3045872c0508f87
229,44,4096,180224,4.456686619452,5.188155169212,1098,1026,1061,911,107,0.000000000000,119.171004906609,3916930f270b4cd6e8e24902ef009c0ca4d336f1fac95d8d2cc13aaa56b961aa
229,45,4096,184320,4.454622451672,5.233122130907,1038,1176,992,890,103,0.000000000000,119.095150395457,0914a12ca5cd641ec643cb499ba0290447ec4418494c22d2e894a0e36f1e1b69
229,46,4096,188416,4.460985774764,5.235372298275,1088,1139,986,883,108,0.000000000000,118.877929811563,cbf39fc26c5cb7ab9baf7651ce71d6dedbf1ac70e828a6d5b0c7376ebeb5e91e
229,47,4096,192512,4.446119799187,5.233807810029,1013,1240,960,883,105,0.000000000000,119.227198973645,46a58ea703cebd5e1af004a7526cbd1d6536a14321b285ea5dbdcc826fff95d4
229,48,4096,196608,4.457240315904,5.211676107367,1035,1131,1056,874,108,0.000000000000,119.235597729284,90b09928779490952f8dee658a633bbe523b35fcd0df53c40f454f801e8d2e3b
229,49,4096,200704,4.459570397471,5.230428562540,946,1101,1053,996,111,0.000000000000,119.388548658867,250cd457f0feadf0035bf6ba767a531fed72718412c865f2375dc2e9b2b8f418
229,50,4096,204800,4.463040061609,5.240214445656,940,1173,1103,880,108,0.000000000000,119.349779078062,c5e5785fa84640999bd9c079ca43fa7ca2790a27f36708e1f1b1bd2635cea066
229,51,4096,208896,4.455048102383,5.212847682970,1014,1135,1058,889,109,0.000000000000,119.499388584051,60eee37f41b66a568b9dd3cb4cb77fd3962676a34bdf7c075c0beb0a9174992e
229,52,4096,212992,4.461581902025,5.206809053414,979,1164,1014,939,112,0.000000000000,119.544043673439,9a7b8817c8aeb79ecc510a1f0ac6cf7f2dc0d345a0d7ddf52797ea54b01cdb0f
229,53,4096,217088,4.466183974486,5.258945370602,990,1269,1056,781,106,0.000000000000,119.792907106270,d87d0d934d14c6107b7bab11935c2f0459b0247d24024abce9165a7a40df37a8
229,54,4096,221184,4.476402153253,5.254224823950,1012,1156,1054,874,110,0.000000000000,119.765669273302,dfd20e45e9ca26f3016501f7a6cd63e7d503142d00df59be94c551b2d77ca5af
229,55,4096,225280,4.462353099429,5.256122846934,976,1241,966,913,105,0.000000000000,119.850523321027,d5e0d9db354ce9cb456a16921b9f8d0cb2ee8f2bc30be8d4ac4f9197c2423811
229,56,4096,229376,4.471665143721,5.263693289729,1034,1277,942,843,106,0.000000000000,119.819380330708,cc7229b5c1c3de126e24070be6cf0919ebb1a59d4c348a074966358b7a384b43
229,57,4096,233472,4.461052142749,5.234682692091,984,1131,1093,888,105,0.000000000000,119.781958815480,dcbffa46914887506d1e213b6bb8df6d2540da1019099ac90beff28e808e1c07
229,58,4096,237568,4.464479532918,5.262459147298,973,1209,1041,873,107,0.000000000000,119.821286958576,0fe1e9d2ac73c963f4b4385eaaefae49bee6d1224ec07f4a174de025a97f762d
229,59,4096,241664,4.472952084306,5.288691149725,936,1256,1078,826,106,0.000000000000,119.624559636224,d2f8bfb08f525b6615db152e5feae5d98cc97ecb6e8fa31c41f3413c79cdbe05
229,60,4096,245760,4.468099878136,5.265986426605,971,1144,989,992,108,0.000000000000,119.816087241220,65bc5332ee03bd88f9ca7219f9324566fb691a7dc1b799c7878a68a759234fcb
229,61,4096,249856,4.476698764479,5.299450331353,934,1225,1021,916,107,0.000000000000,119.816087241220,1701e163e0e2ca255ed156dfe36433d8c4d3fefbba4f1d90bb9262c7d839c974
229,62,4096,253952,4.470440760994,5.316512067414,974,1293,977,852,108,0.000000000000,119.927006805014,b08d91f7b4e675010f6793da774836949d358c949d6b94cec49b3d91b1ac9ca8
229,63,4096,258048,4.474450280256,5.276776218681,1038,1226,971,861,106,0.000000000000,120.064722593918,de5b27b41c10892355fca4f5f39a419fd7d3e39ce1c6722556771059943c1f7f
229,64,4096,262144,4.478446906487,5.319712918917,961,1355,864,916,104,0.000000000000,120.258868551420,b5e665bd58998f8f9102992fab988e01f2cfa48e14397b8e7f7252102f9998d3
229,65,4096,266240,4.470328443963,5.260700494601,993,1201,1003,899,105,0.000000000000,120.426758888519,ed5d7badd1f75c2b9e7e21c8cda152d5e220709ce164f5f5afc80e548245bffc
229,66,4096,270336,4.466097620140,5.253985695403,949,1209,1044,894,104,0.000000000000,120.705366901852,fb66edb0704493122e6646dd146725ac0967869238dfd63e715ed573db6decc5
229,67,4096,274432,4.477892731983,5.322258427933,995,1310,961,830,104,0.000000000000,120.852274741707,6edaad768521e84fdb8c742c8ed144c7f6368822ed69678f9304c9dc26d5ab9b
229,68,4096,278528,4.487544585677,5.304694944270,1071,1227,983,815,105,0.000000000000,120.847642742423,1e62d456f45dcdba455ccbdf8575187138d4abff5f13bfe5a80f6e49620b50f7
229,69,4096,282624,4.476680595541,5.283570526696,945,1260,1042,849,105,0.000000000000,120.965617345975,42b229c416ebd8929cb8ed660bad196eda3785909b693c897f1a3adc2ad9f6b4
229,70,4096,286720,4.485218837071,5.301186871722,1048,1256,976,816,103,0.000000000000,120.892034082022,b7700b21a28109429cbc610541e2b6191be20f51441c50ff40b7257f364d563d
229,71,4096,290816,4.487874263987,5.353234360637,905,1332,1020,839,111,0.000000000000,121.107152556323,b7b89bd0c20e38e32369de13a8f38d9d30af4282bdccb4b344a7025baaab7484
229,72,4096,294912,4.484221486657,5.320882528658,923,1204,1032,937,110,0.000000000000,121.311762679296,fedd7a37270ade04cdd926f5e60feab6bf5609b24c95e1c1e8ee68904d3bcb6a
229,73,4096,299008,4.500940678625,5.337400898093,857,1265,995,979,105,0.000000000000,121.261792179351,f226c14259b449e085b31b2141e654a045573603c66323475ccaa03c0c7f37df
229,74,4096,303104,4.487963487576,5.320698188584,1030,1264,989,813,109,0.000000000000,121.235099239858,e3e38c359f5dd17e0932438ae78115f21154ee2fd2d189ed54c90b95145ba4ec
229,75,4096,307200,4.486583723121,5.283195732328,1060,1218,939,879,105,0.000000000000,121.246644741821,c85de10e1b8a35bf785b96d3f32c1ddb18f7e803bb2e2b79ba2522872e67093d
229,76,4096,311296,4.490631546026,5.284555480977,1096,1212,872,916,104,0.000000000000,121.234957306737,d78f8e4b29a6668790ced59f2f5edc30016ce134860778e849dad92eab3914da
229,77,4096,315392,4.494651041220,5.332851235191,947,1236,1124,789,110,0.000000000000,121.539045532000,95ee367f426686f3493fd27c34d9906582a5546b999f391a288b08971836a0b4
229,78,4096,319488,4.487998298739,5.290135773081,1024,1348,1006,718,107,0.000000000000,121.548690898615,c4894ae814ff5b8552250780a79deea9c41053633bdb9016d430de5f8fa3d634
229,79,4096,323584,4.496907212308,5.338872989857,843,1280,1072,901,104,0.000000000000,121.380592062193,2132f1a8b6d6c3cace6a4ad8bd998637bf53eb6a1b1596ad6db131a38bb3ad4b
229,80,4096,327680,4.506645192373,5.341612507772,838,1323,1133,802,108,0.000000000000,121.589425324636,96d78f624ec0c4c26efb2081930505b87f247b9361385b855e3e88054bf290c3
229,81,4096,331776,4.488583793160,5.309653043734,865,1281,1122,828,107,0.000000000000,121.616315641529,46051aa5ca29378df6768510aaaa95efc1ee1af6dde9cf06fb231a42be71ce16
229,82,4096,335872,4.491961375227,5.351855266533,1062,1286,828,920,108,0.000000000000,121.671677586092,0bf81917b7ddfedd7f96db1a406348f0dc05530034a793aa818a5e4115286134
229,83,4096,339968,4.496804587475,5.336104092088,902,1349,895,950,102,0.000000000000,121.858322305494,3c8a587caff9f21c5e48e23485bc3cdd3f66c74b2bab22d76d37c7f492e1fbbb
229,84,4096,344064,4.498508887339,5.331239162639,958,1399,835,904,109,0.000000000000,121.895193656324,cb8170eff5163a12274b1a85b6264fd533c437ff063a5d6fda88b58c52621ae8
229,85,4096,348160,4.499310389101,5.319848001716,1031,1193,987,885,105,0.000000000000,122.200814060269,8d2bfb285c314bed54cbac68928245df8f1f00ccb66190c8ee3e9b47b97e85ba
229,86,4096,352256,4.485601866314,5.319864984787,1028,1295,914,859,104,0.000000000000,122.433059377384,e6811e61591afcb53b90dc39b3fe4c7f8552d4d3688ec3a00278557afed7e1e3
229,87,4096,356352,4.500193464413,5.361401787340,1034,1302,906,854,106,0.000000000000,122.541704437180,e44f0f2804354cb655685d92455e92755f73ddbe2e6a790fc66d6b63e6864a4e
229,88,4096,360448,4.499708184461,5.320692112846,945,1196,1058,897,105,0.000000000000,122.726380688036,7013414ab5a94d1b413eb71453c129f5db8cc5a87760377530e934eb917a963c
229,89,4096,364544,4.507224789953,5.358618886376,997,1188,930,981,107,0.000000000000,122.920851031069,4ac1420f089be03482c1e97bdc99db26ebd2d9c25c7b8a79ea2a0e659e8380c3
229,90,4096,368640,4.504525722148,5.337331404219,910,1358,906,922,107,0.000000000000,122.907853304127,c0217e040fd16e52e3038ac8b874a3819c2c5fd6697ac1610faf0fbc1219dd61
229,91,4096,372736,4.508048693237,5.316209909665,1023,1222,1042,809,109,0.000000000000,122.949988708685,b73c17297942a2f04d7aded04863a844f980a0d7a59abe5a9ce14ab5646f7b8c
229,92,4096,376832,4.508568351218,5.322262662685,1085,1306,991,714,104,0.000000000000,122.999589386025,9c696d53870bd7b908864f1092138d96debd6564f4d44be7bd48dbb7bd4ac80e
229,93,4096,380928,4.521360194087,5.373645366190,988,1390,889,829,110,0.000000000000,122.999589386025,ea18f2a752a2c38cd764e7808a21471afc154f4832dc2a2d035df9ace154ab37
229,94,4096,385024,4.526308849151,5.357961470821,967,1498,838,793,111,0.000000000000,122.950608647678,d849278085efb86395bbd1709bbe24128d73e2f3dd85906b7156f7fa7ebf00ab
229,95,4096,389120,4.519694909854,5.369641455821,951,1354,939,852,108,0.000000000000,123.119510111012,2c47cf634fbb8c14341edada33fa9e96eeeab32b36665e25e4d4d2066d96d40b
229,96,4096,393216,4.511059376997,5.293573933770,1044,1157,1171,724,105,0.000000000000,123.172761559355,78815c275ab62ce5fb7c28e52ab605f69eb41a61fce803abbd9824d63bcb58a3
229,97,4096,397312,4.515248139705,5.372634648663,1047,1193,1121,735,108,0.000000000000,123.175588402227,7e19fc6bb97ce31b4a253cd1ec783fe6e61f24c5ea6a944c1f9615416133b9cf
229,98,4096,401408,4.497392847035,5.249208595170,940,971,1231,954,102,0.000000000000,123.340299541114,ce356c61a81b7056006e874ab5cf6ede832615b7564a557410fa66006227ea39
229,99,4096,405504,4.507760937237,5.299223924730,834,1109,1117,1036,109,0.000000000000,123.427336335105,497dde31d3f7170dbff42e48d7b71e6f09209f04f65e2ed75ebbb94823cd4b12
229,100,4096,409600,4.532001746057,5.362548488133,830,1366,1218,682,107,0.000000000000,123.426834438312,08af546a31de7b0b207a60d0dee03ebfd7d6120ba6dce37317e505ffd2832238
229,101,4096,413696,4.522559622303,5.344971399369,953,1346,1015,782,106,0.000000000000,123.451415095519,3013f96cc0701fa04ed2261cf59e67e189dd0ef5543f2e43087eed6adb67b877
229,102,4096,417792,4.514572807076,5.337692107209,1189,1140,917,850,105,0.000000000000,123.468240814571,269f1c8dea2a6dcd6537f75ad5554ecefbe47d82250142a798821d8d64439a62
229,103,4096,421888,4.517749549279,5.342819974459,981,1272,1101,742,105,0.000000000000,123.519838611273,8a49fb92d7fcec0f8391fd7dec2f08047b8e5dc6796ad6086483d17f5d4da0f5
229,104,4096,425984,4.533297896277,5.366061702295,927,1399,1060,710,103,0.000000000000,123.700019045183,7470f02250bfddc9875648c3a2b06dee8e7fd812550ee908e6d558234e9b97d3
229,105,4096,430080,4.533342779657,5.366554712377,867,1297,1039,893,109,0.000000000000,123.696080086349,4e6ee0b057d298cfd7e69e9e72ff65e145e922a2eec23c411864bd8e4afc45eb
229,106,4096,434176,4.512940836331,5.306959146106,991,1167,1054,884,104,0.000000000000,123.605072087453,177d7f1d869b91042e4d7d5683e1d9a589c23f3bf53db364149e5e0c94359b35
229,107,4096,438272,4.521384096928,5.327106211930,794,1098,1143,1061,107,0.000000000000,123.811305147623,f7609d2b4bf607e25cd8a86b319b0b2ee159a47ec1c96c658cbde06449a805b2
229,108,4096,442368,4.522145124840,5.349229913424,1043,1246,1054,753,106,0.000000000000,123.981765033929,d72cf1c24cadacb6097f609b2bfb9065d39e6e450d7a88dc6741a6a5bb6c4dd5
229,109,4096,446464,4.523269400670,5.355288540182,1048,1391,956,701,110,0.000000000000,124.047435382865,81841cad309035c5d7acf575cc5f8b86ed8cb8fa335d77b09bcdd45bc0c8cf6c
229,110,4096,450560,4.535347039002,5.383217257569,1303,1149,1026,618,107,0.000000000000,124.195757148816,61a6ccc1ed5db442bdc67b475caed4301a842e302a761689f3af032543c66a59
229,111,4096,454656,4.517061485661,5.344087251236,1118,1151,1056,771,106,0.000000000000,124.297011315062,5f528a9b6c0775f80db2c2e511b7524a29dd4e5c840dd3b07014889b8a146ec8
229,112,4096,458752,4.527695832190,5.358023563134,1085,1307,929,775,106,0.000000000000,124.304281820771,64537b022415f5cccc6515c9aa02c48f1c9b1b6845b7e5a405dda1dbeff752c9
229,113,4096,462848,4.516997505113,5.354268340763,1149,1211,889,847,104,0.000000000000,124.381085431665,49cd015565f872c9449dd4a5936fdb008651d3c2f663b04b9afbbebd88d259d9
229,114,4096,466944,4.517913379792,5.314398148076,1201,960,1134,801,107,0.000000000000,124.448812480908,be0bad71a66e6e1166ce7757a4e6606876666bbea19aac267dc960222954abfe
229,115,4096,471040,4.521948571218,5.303585788777,981,1035,1339,741,106,0.000000000000,124.511279231154,30e71a8d42b6a0b49a91c2a2282e1a3e1a422b465aaf9d9cf561ca9774c571ff
229,116,4096,475136,4.542673650799,5.355539818038,758,1109,1339,890,106,0.000000000000,124.570853579856,51e34af912a258938e77bc6d068d9b1dac4323d0d2b2bd1bfb3dfc8fd10567ab
229,117,4096,479232,4.523593078105,5.263178953046,1014,1019,1228,835,105,0.000000000000,124.577903522513,75e31b87f89d426b48a71c7ffcdf2336738f63d4576854f8fcb08184a5f32b4f
229,118,4096,483328,4.536790442549,5.319423977227,1216,1250,980,650,107,0.000000000000,124.574863443090,cc7c6091b3179e076c7719ff7936f1128bfc69e88e04047d821d3e7ac8df118d
229,119,4096,487424,4.535420979682,5.365275715604,908,1285,1120,783,107,0.000000000000,124.560192132727,d5d136ef47fee768726af2b39a99e0f07b5b283a0f56fbcff9e615d3aea84d42
229,120,4096,491520,4.541810172168,5.355477016798,829,1272,1286,709,105,0.000000000000,124.582653769264,08c6116f8d64c06fc9e7ad7a8ee62ca2b1642e419199dbe437fc272292eb4f75
229,121,4096,495616,4.545459617599,5.359653900082,988,1197,1139,772,104,0.000000000000,124.627391428283,51fd0c8c4bca8899a03f38b1b27e9a291881c0e0a75c69d1c1a583c8b5f7927f
229,122,4096,499712,4.544136647559,5.377799519925,1149,1495,746,706,100,0.000000000000,124.613690095282,187a5c9ad6af268f001013e99d23664418d99cbb7cdeb37ed4e5ff276674aca8
229,123,4096,503808,4.544498310731,5.372475664797,1090,1350,953,703,102,0.000000000000,124.653115365223,c8bd6ed3dfdc779f24ed430a77b24eb9fa2c2e8c22cf122571c5a72de4fd1402
229,124,4096,507904,4.534079278035,5.333834690266,1346,1002,967,781,104,0.000000000000,124.653848442680,405ea68eac021a71eaf7793e7b8627364bc4526cb1ca1587fbd1fd34cf9e7814
229,125,4096,512000,4.541582784254,5.345831137016,954,1221,1256,665,108,0.000000000000,124.662953300133,bd80041332298df905842a6ce4713f1eec578a0bd23919971299d32415ea9491
229,126,4096,516096,4.548767299297,5.388778181562,1299,1200,901,696,106,0.000000000000,124.676349762354,869dea727027e3db298bf2522381ec9f11d12e83c218b9d922d3fd7dad941693
229,127,4096,520192,4.550254444693,5.418567095177,1058,1377,881,780,105,0.000000000000,124.811574684809,708ba1555353ba7920063ffb1070203413dc2ca892c35b7db4cda5693802fb45
229,128,4096,524288,4.556787624038,5.399179793026,1075,1613,732,676,103,0.000000000000,124.964673608300,fe560d8655b56ce8afe028278059397ee5f836a2f3b9e1a1c01720f60d3c5f88
229,129,4096,528384,4.554641596712,5.408430156378,1212,1402,866,616,106,0.000000000000,125.088078006199,39321907994a2aa66aaa121598bf1ed1080fc3471134fa6ea915052446e7e233
229,130,4096,532480,4.546913362693,5.347487923426,1357,1169,1016,554,99,0.000000000000,125.192992818018,d7777cf819ba0421c7e83d1b25e28ec147e9f9c102588a9969f110070b33e715
229,131,4096,536576,4.552484007949,5.360306148983,1198,1186,1103,609,106,0.000000000000,125.192992818018,a070fe598aeefab72d38063f10c07e81c6ed7a5b678586042ba03e038a87057b
229,132,4096,540672,4.555563332582,5.364326572516,1116,1163,1128,689,105,0.000000000000,125.192992818018,7f41f5c58519e2cc595a41e4789340a2ecbe659478b561bb0db6fbc73a686e31
229,133,4096,544768,4.546127373251,5.315177461753,1351,1022,1218,505,99,0.000000000000,125.279483681172,d777d7f4581b0da59aff55b6c77c2e105a6afe1318c7d7cc844b47af01f1ef91
229,134,4096,548864,4.532058992684,5.319674447297,1100,1165,1221,610,117,0.000000000000,125.359991115478,e592605335a414b5743ce7b066020595301a51998f343cdee179f383ec2ccc29
229,135,4096,552960,4.562411075700,5.405157486394,1074,1290,1166,566,108,0.000000000000,125.432447806354,f6cfc04d675f9970186375dde508ddc7a60bf3c4905bc82d88b46ea330d7a0cb
229,136,4096,557056,4.550455384093,5.358689700436,933,1191,1261,711,103,0.000000000000,125.513833500374,a4abf49d8b4fd2a3e87ada375ef5358929eb8dc76c878b41b7b3a7e707668bda
229,137,4096,561152,4.561699026465,5.370044641014,987,1165,1277,667,106,0.000000000000,125.573138187977,49e2461a3b7bd90e4b1668e64a7c6cea097c17d4dce40965a81c1c22eb5a8e5d
229,138,4096,565248,4.559452561300,5.383032901452,1007,1230,1257,602,102,0.000000000000,125.630084446024,fd090f90bebea43726aa0917e1e2356e43522c0c2effb5bc6bad976ba489d783
229,139,4096,569344,4.572827399895,5.407638212861,914,1341,1429,412,105,0.000000000000,125.683514546956,181172aca2ceaea14ca2904a35528583d92dd9d7abe324ce6b931d422cc06c86
229,140,4096,573440,4.555910142429,5.359369573623,1106,1157,1216,617,104,0.000000000000,125.712805872908,a33c664419afb1794dd9f1d1b155d1ca1af108d519445b5cd064f77d9050c762
229,141,4096,577536,4.558828360807,5.366327115105,1102,1248,1005,741,102,0.000000000000,125.733643740717,32ca9f2acc66d1088ec3966e168a4a1e348ad175a96168dde11d63e8b5c7b3b0
229,142,4096,581632,4.572132202379,5.400093750921,1304,1509,771,512,103,0.000000000000,125.749666157893,4a1aece4a3b2927b15312a7ce2448fe2fad7834e833376a438fb6d9b127282fa
229,143,4096,585728,4.561271558005,5.340614064050,1351,1217,927,601,104,0.000000000000,125.763268698768,7581118bad50bf998a03c443ed48be506381139a00a2bec635b9e9b8166f254a
229,144,4096,589824,4.571925316003,5.416847260108,1361,1296,824,615,101,0.000000000000,125.778737838968,b6d1ec7e060d3820d46c1e74f4fc28823434b7be79a491120f5c0b481cbb0161
229,145,4096,593920,4.568221198127,5.386247097195,1207,1321,1154,414,98,0.000000000000,125.778737838968,fd98346bd7982eaaa8d42127ec9aeb478db97043b5335cc5473d1158f207a919
229,146,4096,598016,4.565569609806,5.400726193132,767,1488,1284,557,103,0.000000000000,125.783309178432,84275a12d977ae78299ceb4fa93c1b2b2aacdef1b5ef0c044fc1a05d5b572b5d
229,147,4096,602112,4.588938269616,5.431542140965,781,1539,1260,516,104,0.000000000000,125.792076579252,191ccfc91f7c9f5a5c8d8446ad796238eb52ffb395cc9521c4fb976364c6144e
229,148,4096,606208,4.556764504999,5.307790930153,766,935,1523,872,102,0.000000000000,125.803812316574,579cb5960fe2d0192d3ea541c9d033df7316501ea7205b1853449698292fff05
229,149,4096,610304,4.565486976579,5.366264800846,1243,1260,1051,542,107,0.000000000000,125.817143209507,0722baba14d0570c2014b46f6a7d4b566a887b2abb04edf65c0632f547aeb19d
229,150,4096,614400,4.562497294210,5.357601969808,1525,1204,658,709,107,0.000000000000,125.837201022433,56109de0ea43d041ae9c650cb315260d1e26b2a9cbfeabeda792ab3666ccfb93
229,151,4096,618496,4.546904652192,5.288493120486,845,967,1366,918,104,0.000000000000,125.840999437021,3e97c19e47a14ab10dbbb7ea9a29fff3836265af86e5405135f38afc59f3ef46
229,152,4096,622592,4.565127606551,5.385685230893,1035,1363,1045,653,105,0.000000000000,125.843028072066,2efd6b9da06cfed5d3bc630f975eaf017786d80d1a09b26479f747bfd8fe89b6
229,153,4096,626688,4.578859004562,5.402501447934,1358,1304,662,772,103,0.000000000000,125.851191662206,de006572479de1998099b5ca0df4432e6f93cc4e4040fa297d7622cc8241a0d7
229,154,4096,630784,4.582125756703,5.382868749469,1784,1138,770,404,107,0.000000000000,125.841540621791,a17cd77ed4f69bf5a23ad755e89e823a80aaf69a55639e905a34e3a1c5c3db2b
229,155,4096,634880,4.580275007301,5.391526298734,1424,1284,835,553,100,0.000000000000,125.827977666212,4bfcfa7d20606088f35219f75132b066d117331ffc22e34820d60bb65d5e28a1
229,156,4096,638976,4.593567978964,5.430688419762,1267,1410,1041,378,104,0.000000000000,125.814280879047,8021a3b88c192f8e098444c8ac1d14b0f20b8bb22146078423f6032b5d4413a2
229,157,4096,643072,4.583084321996,5.396847053608,1235,1523,960,378,96,0.000000000000,125.787562238180,16e5dc2e0c02232c40c0bfbb378becf73436c39d53a77022e991b980f72f2340
229,158,4096,647168,4.571078312123,5.314325943804,1341,1107,931,717,99,0.000000000000,125.765015100075,e826eb71c337e8dda3ea530f68f5f72aecfb3d517df990a1d09516d2c4830d9d
229,159,4096,651264,4.575813058307,5.391895299633,889,1380,1232,595,107,0.000000000000,125.725299479938,f0028938886ee6b7b5c57068f5280d471a68e48b9cad00feb973e62f36330780
229,160,4096,655360,4.577910464820,5.362601820218,855,1299,1089,853,103,0.000000000000,125.695221976006,4d7282ee9d5589e8fa024e8678c0aa017612b0b8e456eec0a68224e87ac1b77b
229,161,4096,659456,4.570083556960,5.354218993463,867,1111,1401,717,104,0.000000000000,125.653565015158,6732ff938621f5a660eab97f1ab1bd5fbbed4b0a65a619e01b6370753654c99e
229,162,4096,663552,4.583507107489,5.387625109645,749,1264,1356,727,102,0.000000000000,125.614253262996,d8c26bbb74f9227af91cbd68406bdbb3874e15b9a78abe3672e04d96af4c6274
229,163,4096,667648,4.571868974165,5.357222478693,937,1213,1203,743,100,0.000000000000,125.575224534998,d1a397912ff5c1e5cfe707f323af37798f3ba64f59fe2555bfb735d817297d26
229,164,4096,671744,4.578526035772,5.383887346215,1205,1289,797,805,103,0.000000000000,125.537636195833,1917640947ac5baaa8484aba893cb5a5f179eca5e5ac41fde4c4107a51110642
229,165,4096,675840,4.580279063154,5.386468303398,948,1304,1018,826,104,0.000000000000,125.492240139375,dffd9002507166fb63abd2770e3b5d7b4406d53abe96e3cfb10a892bfe6ce022
229,166,4096,679936,4.588316954218,5.394779535623,1419,1442,541,694,104,0.000000000000,125.460955597564,49b2a887c722e0401d554300f8d15fba4b8e077884e0caa2c9788cba3fe5bb57
229,167,4096,684032,4.602101638569,5.442301085525,1513,1255,652,676,101,0.000000000000,125.428199016125,0cd3e2b4490f4d9baa77dcd41279946d96b7647eaaadc84ff59a29dee6ccd6c1
229,168,4096,688128,4.591364421819,5.438097335715,1666,1237,529,664,103,0.000000000000,125.428199016125,ca6e4a5b52824a21899678becbcf601de51c50a3772290912d80ffe127acdf58
229,169,4096,692224,4.595788396825,5.421222923236,1544,1230,559,763,101,0.000000000000,125.387807829023,96033338a3376449c4168788474ebc50fa485de3ec6b5a6ccbcc6e38b68c0cf9
229,170,4096,696320,4.600759555833,5.447040176458,1249,1468,778,601,100,0.000000000000,125.354097395650,77e1c4f4693afb44bb1beb4906d15b3dcbe5bd13708652daf210b712a1c996f6
229,171,4096,700416,4.607109650034,5.452738404824,1295,1605,757,439,98,0.000000000000,125.328868638361,29b53e010f43899b3006fc545c313d9579ce0d81f59e02372712852b85b6bc94
229,172,4096,704512,4.601979711546,5.443937400870,1504,1261,808,523,94,0.000000000000,125.328868638361,d939c9a833cd6f139bf7a3ae27208c68a0692261a0c5bf03fb0fce3f57f1b710
229,173,4096,708608,4.603947343320,5.451478338122,1344,1498,849,405,101,0.000000000000,125.302432217233,ab3f116056a361ef6916ec198962cf6556fae1064f5bc5d60cedfe717652c88f
229,174,4096,712704,4.576866429306,5.365786518007,1322,1195,1111,468,105,0.000000000000,125.277420717053,b78ba3d955a5a6bc1fadfa4c65d10f60637cfe9df4a9e993e5d8d89622f87aed
229,175,4096,716800,4.589504070731,5.396525071987,1282,1266,919,629,101,0.000000000000,125.240666282156,385c77f21565d023986c78bb13c0a76352186b0c2266f309c4d95d0a2f086443
229,176,4096,720896,4.609226594030,5.453662235497,1658,1358,766,314,102,0.000000000000,125.206464385379,2f1bafa0e38bd51c66ffe5a9955254b0b525697bad363d94676a332c7bccab36
229,177,4096,724992,4.602209549321,5.438887513691,1399,1484,833,380,104,0.000000000000,125.165397695220,40175c6ff419c1a3f6024123bf9ca2c7d1385611284aab7014c6cb890b6014c7
229,178,4096,729088,4.598546942329,5.440863062285,1121,1697,874,404,98,0.000000000000,125.115548251794,451767b14660073ee5041e70561af12acdad7e80c4ffb569fd777689e50c764b
229,179,4096,733184,4.606243820375,5.462788269781,966,1803,783,544,98,0.000000000000,125.055403888707,c9fec790041604c3cf33ec7475f30155f5cc8884df6b8ae4e3b213e1892e67d9
229,180,4096,737280,4.605646421084,5.453367422616,1450,1530,800,316,99,0.000000000000,124.994212671150,1a6f6d3f36b7f0077dd04312f41b5b782fe9c2aff361fe3f57a64168855a902a
229,181,4096,741376,4.604397431358,5.441999393402,827,1382,1291,596,98,0.000000000000,124.933582600004,d72a9ae919b27e35f482a1fea3385713f88e5b8e960b4677bc687e8d4bb94628
229,182,4096,745472,4.590241253240,5.411283372335,463,1405,1239,989,102,0.000000000000,124.881909136607,e589a25b356ffb00b38f826f7a296f0f809f7dcc5c41527cee5439d56fcbe73c
229,183,4096,749568,4.580859807348,5.379819112203,945,1319,1218,614,100,0.000000000000,124.822451570643,e2573cf7d90aae2b9d23109da463ee0a6ffc569ecc22e38082b40c7b06cf45d2
229,184,4096,753664,4.598792153728,5.438108556320,1131,1368,1000,597,101,0.000000000000,124.766206854689,b8a20f7da3b39d191a3731599bea47679c5e74eb141cad249b49b74cce952f03
229,185,4096,757760,4.610482034147,5.455754308463,1167,1412,915,602,105,0.000000000000,124.709464200252,454ea9f078466a4d053825b3fcdedc5425c73a5d880f021795b8d340d776e2ae
229,186,4096,761856,4.598645972531,5.420824612779,1137,1315,1060,584,97,0.000000000000,124.651712884201,d259105337db52e8c3ded1ee93ff824786f84e11b7e03792be1eabe75fb988db
229,187,4096,765952,4.590897372796,5.369249159152,1546,1244,838,468,101,0.000000000000,124.596047399757,e16224c7d808684b31c86be5fe27492da723abeca29ae0b2115823eab493a3b5
229,188,4096,770048,4.585974167949,5.360908878827,1491,1299,646,660,99,0.000000000000,124.539035794848,6ca55b7ffd555e09a85ff72b05007c19bdec56d43297bc793b2042b82c971ce6
229,189,4096,774144,4.573499805221,5.369715041198,965,1391,946,794,96,0.000000000000,124.475091013202,936cdb4f2ce224d72f9d9c0a71f5a4528a049dfa53884fffa2c7a738ca20e871
229,190,4096,778240,4.580807956597,5.406198623263,1009,1407,867,813,97,0.000000000000,124.414697238388,7ddecdf477460f57bf8df7a78e595b1cc4761b52a52028ae3656a746a7f5a4bb
229,191,4096,782336,4.579036304665,5.400663285066,916,1381,999,800,102,0.000000000000,124.414697238388,ad0ef64005ed766ce7bdeaeec82d41fbcdb5b24978613cb9deafd1f4ae3270d3
229,192,4096,786432,4.595703882543,5.418467873923,1548,1260,522,766,97,0.000000000000,124.346089905407,f364727cc75d8c91b2610d032d3b808d171913693b9dba029bd9f49b505f7a9b
229,193,4096,790528,4.598819842796,5.425744703213,1405,1357,628,706,100,0.000000000000,124.346089905407,a07b4716bd398ee1d2243d6437c4cebdc6d179da7625be576284de63e0ac5546
229,194,4096,794624,4.587143001354,5.400813704633,1468,1128,829,671,99,0.000000000000,124.288044315083,b9a85554ce92f92045cc657b8fd139a5fb98d6f111727ccacda327b2f5932fe4
229,195,4096,798720,4.596333509738,5.417690484266,1197,1042,994,863,102,0.000000000000,124.232539077016,27f499fc4891bf1513561d04f2153266ed2dbf51f3aa84bc55c0d1df16269e82
229,196,4096,802816,4.602092459583,5.409708217238,1394,1100,982,620,100,0.000000000000,124.170974749249,18775eeb8712aa7c13e5e23aedf505b7d6e47e7da6ca697d8089a4bc371ef2e4
229,197,4096,806912,4.591003090849,5.401642246209,1005,1267,1074,750,100,0.000000000000,124.123185267279,ee24850871468c9c925f5acff79d5d886a98e665f942073365606aca720aa7e2
229,198,4096,811008,4.598002287060,5.393750359179,898,1216,1520,462,101,0.000000000000,124.068511395921,8047d1f764cb260337dcdb84499a1d7a4778b873021f8c983b212b124a2f72f2
229,199,4096,815104,4.605883615733,5.395612587933,701,1257,1498,640,102,0.000000000000,124.018927583721,5044ca92ad3271ac33f6f894eb3eed1bcaa61fd95045fa47ab5c9865be263fa4
229,200,4096,819200,4.613254932296,5.416455276061,683,1517,1400,496,99,0.000000000000,123.978936350602,c515a2fef2ec0b658d26600e2939db15dc1dcac984af9ef33f9dde1518026b87
283,1,4096,4096,4.444878559185,5.185610916427,1034,1011,1003,1048,106,0.000000000000,33.151140847512,acbb81cca9522d56934af4b56741cba84d4c2dba26b68a82900d5559a9943d23
283,2,4096,8192,4.440148591832,5.171743293111,1059,1014,1013,1010,100,0.000000000000,52.659116452330,87cd4695d11b4509c2551b6e81b3d832ac70abdf78b783649e67892c145ce749
283,3,4096,12288,4.444953408178,5.183588535054,1031,985,1028,1052,104,0.000000000000,61.480129378866,58e9d7108964abcb4bbf4fe689f494fddd434f5628f2dc8afa3e0870bbe67f18
283,4,4096,16384,4.440245594317,5.185254838206,1059,982,989,1066,105,0.000000000000,69.896899288464,2d89b4e9f9d56f53394ba432c898d7cb3d4241844e9b97a7e1261beb8f52b7b5
283,5,4096,20480,4.452809928719,5.217362761750,1057,1011,996,1032,108,0.000000000000,77.835480303516,8c3f2617f2f696258e600f93f727898c40d26526fb739063c9f4650082808e63
283,6,4096,24576,4.447553851734,5.190294508497,1031,988,1070,1007,99,0.000000000000,85.435378753629,51cc171ef8635d01bd4b55c286730f113e78c2737a80636849e7e3f9c424468a
283,7,4096,28672,4.445828823398,5.186803086562,991,1065,1027,1013,110,0.000000000000,88.973773167598,11600b2e9b62aa8543cc00a8bf99e9fea10c133897ff74597f509e62f927037c
283,8,4096,32768,4.445882809614,5.183626453299,1027,1017,1033,1019,111,0.000000000000,92.602455163298,17ba1cc29ec564cd303e1ece9ffd34fb86d53e8012b11875d24102563772c31a
283,9,4096,36864,4.440831287568,5.167149857304,1085,970,997,1044,106,0.000000000000,98.443088708715,794cbf4a6d43b29158fe814386367b6e0b0fca295a6dfb062f96a91be1a2a85f
283,10,4096,40960,4.446321987325,5.191265976645,1075,973,1014,1034,109,0.000000000000,100.010626566857,6d445af19e9a601a9b4058d143fb7d1c0bdaf7fd7fd415ec3b0da922e05eea0c
283,11,4096,45056,4.438587192809,5.162803849362,1026,1013,1081,976,107,0.000000000000,102.700512511199,dd25b030175ac34ae3de9baafe11d2ba5f60a435f8540a7b6ca02d3a95a2ae21
283,12,4096,49152,4.446216273418,5.174332867111,1016,967,1058,1055,103,0.000000000000,105.051441464199,194ede52069083d13d666524da15bc2745c708f775bc303dba0bd190aa1db3d5
283,13,4096,53248,4.440995434402,5.178287401672,999,1020,1052,1025,103,0.000000000000,106.871761443873,3a7ac34f7e67f6c197f10b2563de720fe9e3140c7305f6e89086fcaf461aba16
283,14,4096,57344,4.436928259254,5.176834130767,1033,1031,1078,954,106,0.000000000000,109.411394648089,85bb7a08900015380ab5b3a0961bd4518f861e052db1085339e56e78368e7e4e
283,15,4096,61440,4.439021864989,5.188231991208,1022,1025,1045,1004,108,0.000000000000,110.291515199749,32f12879c423d0659b9fbc9d2396f0909f09c45a4de63bfb44d0f5e6dfd07ddc
283,16,4096,65536,4.442381592745,5.181201175669,1063,1011,1034,988,105,0.000000000000,111.336953840752,1e4509eb8205961bf9cad0759c6f4facbe43f0a5b88f34fd297d91e145cedcb4
283,17,4096,69632,4.440284302097,5.162095216199,1146,995,989,966,108,0.000000000000,112.005645662688,8c9b11a76597e1809563d5ef34b4750c52b7a2446dbbbe6cae20a0ff88cd4d5e
283,18,4096,73728,4.442230539412,5.181368934993,998,1056,1026,1016,110,0.000000000000,113.794398147950,e7c55a56ae7e13e1ff452aae153a2610024112c0c96db1edfdd52a1e1790e2e8
283,19,4096,77824,4.443586512365,5.183970072896,988,1017,1029,1062,109,0.000000000000,113.852715601674,b28561c80e8d22a13e7e88b8690c4b6569fad956a6197e3f3d6ac322b5257d2f
283,20,4096,81920,4.449092599607,5.212039832021,1049,1074,954,1019,114,0.000000000000,114.550829213439,4de6477e063b0a3de6bc4d6acf8d5c4aa079e1fa0eb62f36bacd3143bcd902c0
283,21,4096,86016,4.451517182511,5.209282597231,1018,1058,1034,986,108,0.000000000000,115.023853439819,6267cee3e420b8b1f06178416a4e267d0dcdb0de9466c66f1c662f3fcd1134d5
283,22,4096,90112,4.446549821232,5.191296941177,1080,1073,1047,896,102,0.000000000000,115.676912266641,432ef1b46dd3b5c5acc7e88b5b98bd227ca3c93601efe78d3dc45e1cf078cacf
283,23,4096,94208,4.442332558704,5.183095371534,1069,1064,1043,920,112,0.000000000000,116.181173789930,5d069e29459371178c101a0166834011d19d06fdc846542d9c0b403d4e45b1ce
283,24,4096,98304,4.438576234543,5.169057379578,1051,1088,991,966,102,0.000000000000,116.857718665048,780a92cdba87f5bd4f458b340199fe8992ec3a5ba7c67980c7d2bec524733dbf
283,25,4096,102400,4.443158894288,5.164092608401,1022,1054,1035,985,107,0.000000000000,117.211258745551,40c333f52f8221b4a786b2151f43b69732bd4ec0cd3a8552d37e4449f815e77d
283,26,4096,106496,4.450318324891,5.204888533938,1089,1120,947,940,105,0.000000000000,117.874656315254,f36ac30a87245456fb57b7ca07cac2ca94f5585a5ca692b98018b0a7f4942a37
283,27,4096,110592,4.445521304257,5.208613537342,1042,1125,941,988,105,0.000000000000,118.088856706993,1fb6b2c5b98361cee96c531e540f3bcedf4cb27e546e684e8f578ef9341ddbf0
283,28,4096,114688,4.447199438271,5.190951073395,1043,1044,1049,960,107,0.000000000000,118.217979429542,ef5542792b342567a9c480d94812b606962f5faaadc1387ddfd8b9c74c628968
283,29,4096,118784,4.454059793546,5.182344154652,1023,1061,1015,997,106,0.000000000000,118.283338512493,dfdc6cbd0d163a5f526ef8f07b9989437bbd3660a9e7a0ca68e7790f4456f80d
283,30,4096,122880,4.443054811413,5.193794929246,1016,1096,993,991,108,0.000000000000,118.155467154122,f23f559001e726406b1fdfd75b8ce9303f6cbdfb84fb74f3a8523931c45d22db
283,31,4096,126976,4.447661588683,5.193372428949,1066,1057,983,990,108,0.000000000000,118.147948736732,59dd63fe1168f3eec8e3b489cab0ae867b5c2bf900d32e0545e85ca2de287905
283,32,4096,131072,4.438961062050,5.166260752106,1051,1053,1008,984,110,0.000000000000,118.545784964710,cc751472617f54f7d02c4ff8403915fd56fc015d79830988d45c89f464c54e11
283,33,4096,135168,4.444959251577,5.201815521935,1030,1168,947,951,108,0.000000000000,118.791698267239,2b1059db9f6851b45a4971d01605b4a2cf653cd3226fbc588568eca6d1d32e7f
283,34,4096,139264,4.449737274444,5.193675660277,1089,1075,1012,920,110,0.000000000000,118.613025413341,d84d55a5f30a55f2d331fce1f45bec350aa4236567c35ccb0b3892efe52736c9
283,35,4096,143360,4.444265656070,5.169380983654,1036,1027,1081,952,109,0.000000000000,119.080517665241,ce1653dc6dd89250d76c9a85f8371c8470577035c0e0835851407fde7944e800
283,36,4096,147456,4.444769014148,5.214334845656,1054,1155,1020,867,105,0.000000000000,118.695723440198,5524ebee3c8d9c6d45dafbaa20ff5b417160750cad14250992c684c8cf0ba198
283,37,4096,151552,4.441586968953,5.160472387530,1023,1019,1178,876,105,0.000000000000,119.151968244922,ca7bc6040c72f7f0437792bfb91a265f713a344fee2c3ed08966e751137643e4
283,38,4096,155648,4.448962026458,5.211677207395,1032,1122,998,944,110,0.000000000000,119.455568745365,272f7844ff886e76b201ec3721f9598653c876122493424bb72d43a046c98051
283,39,4096,159744,4.449987144298,5.213634612349,1059,1159,985,893,105,0.000000000000,119.375026719030,71a6743abf6f95022fcfd35a6ee96878d95c00035ad545e059dd8aeec3503ccd
283,40,4096,163840,4.450765646097,5.217117760170,977,1090,1108,921,106,0.000000000000,119.373427999581,b86d246131da3833c7b60908519cb7ff7ae75dbba0fe9670b3d7a860c5a438b9
283,41,4096,167936,4.458988860098,5.241700557580,1056,1169,982,889,104,0.000000000000,119.442178380417,941052a3e73d908bb9ee35deaef4cb63ca08b772813a0e433c5a2a0b9aed60ff
283,42,4096,172032,4.457847789553,5.191320357431,1123,1048,1051,874,103,0.000000000000,119.556527566731,c1865bfe536409530e22905b8a789f60d0c197e9571607d7e2facd35042851f3
283,43,4096,176128,4.453860666108,5.218511512088,1033,1130,1051,882,108,0.000000000000,119.318513399917,567ba850e3c14615567d3c868c325fdc0f7b9e779c5e4a945227905eac1ce53f
283,44,4096,180224,4.452951969282,5.246753189627,1024,1165,985,922,103,0.000000000000,119.280858366058,fe6f6d51aa7b6861af9e911c747bf2cf3f22d4f0c9e6eb192f18977a6438723f
283,45,4096,184320,4.455147993188,5.245731621189,1009,1228,922,937,105,0.000000000000,119.285599379413,5675a0e59fa11638adf9f14a999e8da7707b3bf9a9b2b2f60136b45eee1f8c83
283,46,4096,188416,4.452870618206,5.230314504072,991,1131,1035,939,109,0.000000000000,119.555507453803,023c0e861abf0e62ac50af6e5fee30a5fa57b2479cf4763ef5f6bb4fcef2c198
283,47,4096,192512,4.453294019213,5.234694631540,1012,1218,948,918,104,0.000000000000,119.420544363174,d23a16e5f765502656ebae2e775a0678083d01dc17186b10eb4d59178fc47fc4
283,48,4096,196608,4.449256764422,5.230528034249,1003,1136,944,1013,111,0.000000000000,119.029639073575,2dfd6b7e3684f49d1e8b58c827bba7e4dd00deb3d986e8daca04e3e4cc3de591
283,49,4096,200704,4.457609347440,5.248140026477,995,1178,991,932,106,0.000000000000,119.207523262600,561ecc4c7ce2ed5c367c6da7ac5c531623fea6cd2eca3d54b3b57bfddccff8c1
283,50,4096,204800,4.455583708365,5.251791376430,1109,1150,926,911,105,0.000000000000,119.088842706009,4c54d9b00004e23863a77ccd699db40490b0f2176012c15b62d271572ea07041
283,51,4096,208896,4.456379812462,5.248892296722,1083,1174,889,950,107,0.000000000000,119.139508696162,f081071ccb86d2ed6db3357a27ffa00143d6981710b1bbe5e17414b7ce04b8db
283,52,4096,212992,4.457959003792,5.234724687043,1048,1209,931,908,104,0.000000000000,119.351732202911,f659adcf6945139d286c11fe5a48d74172dda3feb12aba40e09c495c5c5310c8
283,53,4096,217088,4.452020946569,5.243519821433,906,1314,966,910,110,0.000000000000,119.589978520485,b795ea528b69cfafec0ecb3618d6cf7b2e18cbc1fdde701c8e45305e4779bd29
283,54,4096,221184,4.457091117284,5.239286344135,1001,1212,993,890,106,0.000000000000,119.432950353826,cd5a2c0c588ecaeedd727937a9f61fddc6ba6478705409ff22b9dc9864d1f7cb
283,55,4096,225280,4.461816070960,5.248868287745,911,1217,1068,900,104,0.000000000000,119.355601888538,afb823ec336e9bb327f90d32f2964c3df344e84aa35508976e817606df3b69b4
283,56,4096,229376,4.473318108880,5.293984349581,1031,1227,932,906,103,0.000000000000,119.419629943921,006bc1fa865b6740b18cfd55ff18a48de7958ab35cb0b0dc08356475680823e7
283,57,4096,233472,4.478028093841,5.264830148801,944,1188,1049,915,107,0.000000000000,119.317222777810,848c3bea80a8be06b1ee04b39ee061539851510388e13f2962065258f822dec4
283,58,4096,237568,4.486678922396,5.319705435678,948,1324,952,872,103,0.000000000000,119.251730977833,751552a2934d5e32cde4f7d27a33d63025256e966875dbd09faa5d83dc4b2b52
283,59,4096,241664,4.467931686952,5.256451357182,961,1237,1028,870,104,0.000000000000,119.640012026605,fb8b3e06074cb9155d702b99260e84ff265df93d21593a1700c92c7834894414
283,60,4096,245760,4.464504841323,5.275174150448,933,1258,978,927,106,0.000000000000,119.553296384797,33e4bc9ca0e79768994cc37dee72ea2bebf21745f62ec16143c5ba278cea8c2e
283,61,4096,249856,4.471695992782,5.278246861754,900,1292,961,943,105,0.000000000000,119.624043309192,967def86a15dddef09e871943d1c2edfce0295a554a80d2f81b5b5cf7d918314
283,62,4096,253952,4.479178208185,5.301780215553,906,1259,1037,894,106,0.000000000000,119.609486541907,e1b70a936e854bcd81702575dab46be76b5f680f5b84b8e6dacb9838f33a3d00
283,63,4096,258048,4.487381610225,5.270564038555,957,1158,1171,810,104,0.000000000000,119.627093782267,8193484779a200bc81a2bccf086fd12ea9376d1377066afe79b8c12b5bfd6eaf
283,64,4096,262144,4.478752870109,5.285884527311,935,1200,1106,855,111,0.000000000000,119.761110921691,6231b6989a622a39c77ac8f0ea7ac11ce774f6bb1855e1f407954b5b046cf06b
283,65,4096,266240,4.476150068654,5.281874688679,1064,1142,1038,852,104,0.000000000000,119.774722139174,2dca0dbba7ebb6e1baf4dac968fec2a61adf982a9f589d53e0955463bcfdcbec
283,66,4096,270336,4.483742781863,5.300665951670,988,1221,1047,840,106,0.000000000000,119.833384433696,4854b101030770fd2d86f8f400ab68a1733166bb37322c90da016a2b77f4a55f
283,67,4096,274432,4.486044560637,5.291099629266,1016,1232,935,913,111,0.000000000000,119.924690005150,cfc56fe16822ec7955d8ed7e42c823f243fa5e606c977f3781c0489f3e33ba76
283,68,4096,278528,4.482278388631,5.280769316241,1005,1221,930,940,105,0.000000000000,119.830149929634,e9ccfac3b58b2979d116ba683ddd73a45f189862be26d452ec473c47fb41dbd3
283,69,4096,282624,4.481887010532,5.292504585096,899,1214,964,1019,105,0.000000000000,119.874171975100,28a6ae10c5276de15975bb41cf70c718562e2fae3dd7d4851d717e1ca7a3df29
283,70,4096,286720,4.489615143307,5.335871217758,939,1350,913,894,108,0.000000000000,119.885226581555,cdc6e48770d5f51a8b509a87b45de51acc1046dfa307740cba487e7578b77751
283,71,4096,290816,4.493158571355,5.325570320576,1039,1193,954,910,106,0.000000000000,120.100324183247,e3b85c584d0a72bb3195ad633e2b580c59cd639f0c04f60afbcdcea2fffe51b5
283,72,4096,294912,4.491600364100,5.297339932962,1016,1170,1023,887,112,0.000000000000,120.071729445654,86a42c839e97d07ac815d384db8ea3765535c490557fbc4970b378a88b08afd4
283,73,4096,299008,4.494723369689,5.313392990473,947,1119,1173,857,107,0.000000000000,120.115801610019,ce44cf28fae14d3378a96a6911cbf05735ce9a782ed22f303048173d2ace2ad1
283,74,4096,303104,4.478953042726,5.241736487308,1097,1151,1088,760,112,0.000000000000,120.334097382015,8e06fa566475e2c931beaec73f26f87914f682a98a68afff15e521ac506eabae
283,75,4096,307200,4.489597084814,5.336594393942,971,1341,989,795,107,0.000000000000,120.440545232142,39e035e9f3eb15d0522363b5449887e78b73b94a46889ad1938c47f04cbf900a
283,76,4096,311296,4.501000071204,5.367850870755,849,1365,984,898,104,0.000000000000,120.593110167590,f04823eb6b7f79be318b1883094830678fd70d1685bdad7c1d9c6835df465e7a
283,77,4096,315392,4.490832809606,5.322237976704,985,1257,1011,843,102,0.000000000000,120.762248367408,1aef3a09b0c3072b334992c63936dc11bc358f13b89d2c68641af4b116c2b23e
283,78,4096,319488,4.490556780039,5.326178780313,911,1239,1103,843,106,0.000000000000,120.769129525477,da41abee7b169e1a91ff63adfc048be34dcb0f67deb975e8046caa7f0b4fa4a2
283,79,4096,323584,4.483670528338,5.337928207101,1027,1224,878,967,107,0.000000000000,120.929083981579,79ddb45d7d539e7343c1c45e158ac89a5f436c6eb52e055bc5d61b04e350e1c0
283,80,4096,327680,4.482252792441,5.313498474453,932,1231,1171,762,105,0.000000000000,120.863608525530,e6dcc6635789e419bedef4ae82551fc8b5b6172688a0ebee0405ffa71b00cdd6
283,81,4096,331776,4.490460269548,5.292549574286,986,1250,963,897,106,0.000000000000,120.992480454609,4b2122fe8262ebaa91e0427c5d5cb0cdcb05a989727dd9993a904f5d6bff602e
283,82,4096,335872,4.486281277967,5.352921010305,1070,1325,793,908,106,0.000000000000,121.157910325072,ce86792410df8a887ed509ef01a2a326985c5c358d2f9642c78bed2a1a22c472
283,83,4096,339968,4.489762000668,5.318613920639,994,1273,936,893,107,0.000000000000,121.292687799179,b415894f0716c0126a61144d56d0f81cc45de13950a79b707501e473a68b6e5c
283,84,4096,344064,4.489420052387,5.308177279860,902,1391,881,922,106,0.000000000000,121.387297969444,56d7d2f9914569e69d59bbbb774fb14fb69f2702d99ac072ee138f0e36fef569
283,85,4096,348160,4.500303319443,5.348209371520,904,1426,877,889,106,0.000000000000,121.301580944553,e7d47855ecea4ba9e23844ca8239aac0c689460f203fec5002d68915b1ba9ce5
283,86,4096,352256,4.502978713534,5.358270811166,921,1275,924,976,108,0.000000000000,121.474005284201,77d2301ba14550467c1e39a6dda98b1eebeb9abb2aa7ad100a0dd9c8721c0d3a
283,87,4096,356352,4.489757482481,5.311344871329,963,1196,1030,907,107,0.000000000000,121.269161927769,407a8129201dd55aa041f8c602392c28eb00337eb8fa212280b3861066ca7766
283,88,4096,360448,4.486203906310,5.282470410395,1008,1269,888,931,106,0.000000000000,121.348608628213,fe27b925bf5f2a25f584dd1099393b73c62029030c4c6f01dcd512b5b36226ab
283,89,4096,364544,4.508307216004,5.348141949955,766,1454,963,913,107,0.000000000000,121.316382312604,7cd13fbb2b50123efa33741528057a4176341492e944e42af845aabbf319b71d
283,90,4096,368640,4.506472116181,5.323454870975,1023,1319,976,778,116,0.000000000000,121.657806219548,35bdc910a74d025886b1467ea40c791df70d72d97d5474105ee657c1aa1786bd
283,91,4096,372736,4.517140702424,5.349942692507,881,1194,1063,958,106,0.000000000000,121.863457064118,5909e0bff412abce62c3c7122fb6aa451776fa302840b9e8036ac0429629265e
283,92,4096,376832,4.516649023164,5.371910057499,804,1323,972,997,106,0.000000000000,121.705650774275,ba8d6ca2a41e99b1a0ebd25b272f64a450eaafb687a56473bb0c757b481e9809
283,93,4096,380928,4.510158998350,5.388702887932,860,1511,926,799,109,0.000000000000,121.471435261837,f02505cde62118e2a70f15f9cdf44729ba2b45e85a465db659bc9f8f81f0ffcd
283,94,4096,385024,4.507181549719,5.356159304346,842,1217,958,1079,111,0.000000000000,121.675397673990,22df5489a0e7bcd7cd36d2b2e7fff63f4271c12f1effc1b15f77124c96539c30
283,95,4096,389120,4.513001600505,5.317029839518,997,1249,1081,769,110,0.000000000000,121.531863216488,7b96039d26350b63a5d2d6df7c01e9bfaa728783ce91816b0a27e6dfc18f420b
283,96,4096,393216,4.499282880382,5.343623709028,960,1131,980,1025,105,0.000000000000,121.492636716646,e07a43105443722b0afb72cc5a804b6129ee72b90030229c5678ec05ebb2bd79
283,97,4096,397312,4.496157605659,5.330097219512,830,1322,1030,914,112,0.000000000000,121.473484007607,b96859a52c31e96a332a047f219d07ed8733e11ec84ac33887892ea52d0e248b
283,98,4096,401408,4.508832334983,5.313499750087,764,1247,1133,952,107,0.000000000000,121.609959238635,bb37704db5d3258708000c62a7b2aa1e46ab729b344d95c2c3abb089b6c2eb3c
283,99,4096,405504,4.515077693452,5.321302961307,1005,1086,1273,732,104,0.000000000000,121.763728709770,4353a7bd23b4d51de389dbf8054b0a82bd05377d52a6847ccdb28927ab889529
283,100,4096,409600,4.518921528098,5.352536698328,1088,1317,929,762,106,0.000000000000,121.870677231660,651fad1586b1ab2180abe992318584e3e923bd086956e364a7016e3db32d6b50
283,101,4096,413696,4.523953498528,5.357821318330,1128,1270,972,726,105,0.000000000000,122.061705952144,179c446835db4e63a6b06b91e28b7cc13124a259eed45b6c05cca90a92f048ef
283,102,4096,417792,4.531706093765,5.352210605529,1035,1222,1157,682,106,0.000000000000,122.171814329076,5cdd607ab156a790962f129fa443c3245d23bfed7b5f640620581ab568ab59a2
283,103,4096,421888,4.506846085027,5.308285219013,990,1180,1129,797,107,0.000000000000,122.256110641498,ee8ee6b86a18a58b889781779f6dc0e8901aeeaf60d835fc8d89c1a378e602b1
283,104,4096,425984,4.522833501053,5.319809590149,824,1131,1258,883,106,0.000000000000,122.295855891745,5af6abd3948efc612776adb0f7a656a5f4ff5fd24a316ec34f80a0162ae48f40
283,105,4096,430080,4.534398423340,5.369388615237,1085,1219,1024,768,104,0.000000000000,122.351716194348,f47ce624959a078c14a37370c49008cc6337839ee22291ba786bfa9a9d1fbece
283,106,4096,434176,4.522414008829,5.307498320473,1030,1223,1168,675,107,0.000000000000,122.403671189000,ace7b3db93c5f22044efea30373ea3bbf3e3a7e659806a143dcfc73932faa61a
283,107,4096,438272,4.544028468520,5.388902448300,1166,1274,1005,651,106,0.000000000000,122.434913395808,1ce1b848417c5c8c04a2140db2567bba33655038b8290dcf5a05b86d798a612b
283,108,4096,442368,4.530578292069,5.373003109683,1080,1340,832,844,106,0.000000000000,122.434913395808,a1f3b212f325950e8b584a9ac2eadda14b4695ebe9dc80e53e1f771e99ffafcf
283,109,4096,446464,4.528462587394,5.364431892543,1215,1224,761,896,108,0.000000000000,122.527280167240,c5fd0e6089468120eee26848be53e9b9a2e6be8523d3cbd165249f9986b3cf9e
283,110,4096,450560,4.528174371798,5.339686256723,1002,1145,1328,621,103,0.000000000000,122.688261304607,3d9f99d7a8a8dade99ef7b3941b3f5c8bed854381eea9c96a7cc0c5968594946
283,111,4096,454656,4.528750618590,5.335188509516,1299,1171,978,648,106,0.000000000000,122.805198499121,2fb48a8ba1a09d00dc1880a91aa39f689eedfe70150d6263df398d7032d31df0
283,112,4096,458752,4.532117710144,5.335436660887,1081,1352,956,707,106,0.000000000000,122.888653851034,8b9511fc9aba50934d37291ea51c947d74bad0dfc41362f9c264e253c337cf02
283,113,4096,462848,4.541433422860,5.375063769564,975,1325,1097,699,109,0.000000000000,122.950664729449,c8d541a9a023f8ae680b4fe9e0fd66a9c479d63e4f0975e60bc94ae6ecceaede
283,114,4096,466944,4.545845922049,5.380936422573,965,1346,1162,623,108,0.000000000000,123.087635361700,2385132573f378185c0632a9af36d0be923f45f90d289ba45ae21f74657b3f22
283,115,4096,471040,4.532948507032,5.361522055473,1253,1374,717,752,109,0.000000000000,123.150622363382,7197bb40d0ae80f7081eb84ac4101457d201578d7f229471c439a67af528b3a9
283,116,4096,475136,4.532466744993,5.328300085440,977,1332,1082,705,104,0.000000000000,123.193589624883,b88bd645aa8548a2d9faee45f6b3dfcce3cba2208677d2c7fd2145f29e92a09d
283,117,4096,479232,4.540163441092,5.356630326867,874,1308,1184,730,107,0.000000000000,123.215876589641,393f24efe2a88513a8f0556205acac5f9ee921618b7a109edb3e525884c86362
283,118,4096,483328,4.548246300317,5.379040377049,900,1264,1145,787,105,0.000000000000,123.266140937400,a847495dbfca9e4e0bfd4e057ad9b67a0c2a1b59f635bd6e2584e04fad35b7e1
283,119,4096,487424,4.546281478436,5.363820249683,1067,1095,1205,729,106,0.000000000000,123.182689382926,be4ad782202beae38a99316bf8a5540faeadf86225ca05ab665ae8f88aa236c5
283,120,4096,491520,4.533982179929,5.335135262687,938,1179,1219,760,106,0.000000000000,123.263802776619,b13b7acd826cb06dad1bd49bdd29251e35541173ba1cd0cda0de1c768515677a
283,121,4096,495616,4.540612325608,5.359417564152,761,1176,1359,800,109,0.000000000000,123.313347941599,e9f2d6329a7dc303fb4f2dc9642890e8d95e0b03499e6b551812aae9fdd3bd3d
283,122,4096,499712,4.527868471670,5.276577402307,931,1066,1225,874,96,0.000000000000,123.299942047418,5eac435cb78e68033047599ac8ea6b33aa45fcead43c4b9636dd2606bef1a50d
283,123,4096,503808,4.544021766442,5.345113432954,864,1062,1441,729,104,0.000000000000,123.484395280182,eb83aff7f88d967602193bb460b0b64732ae0ff17bf02194197aa9a6ce4e2cc9
283,124,4096,507904,4.552018732990,5.372194072583,855,1320,1224,697,107,0.000000000000,123.648779269397,32f4963eddb9b5e2aa889dc05edca38186fae0b60ba342817d0f74a3fabbebd3
283,125,4096,512000,4.550875224195,5.360735271781,869,1286,1314,627,107,0.000000000000,123.648779269397,c5379af0e063e1415077d0c6906f52a958ef3c775b2f4477e2df781bc88ebd3d
283,126,4096,516096,4.545447393291,5.321885276291,914,1083,1369,730,110,0.000000000000,123.825166181043,507fd0336622b11263c7389619c041bfe843465a8c8d2f1d0ab5735e8f012375
283,127,4096,520192,4.534074976307,5.313785745071,1236,1082,1157,621,105,0.000000000000,123.825166181043,7901b91dd1f37b8fca5044cf9ab8edbc287bed0370cddb57e3d7ac460d416016
283,128,4096,524288,4.533214389750,5.330924453530,1378,1053,1001,664,101,0.000000000000,123.985941306215,be05e0a8738ff14f1b2d0c5099b744937ac223e2fcdb03164f74a5fe1df6546a
283,129,4096,528384,4.560169631570,5.363525694249,872,1020,1334,870,107,0.000000000000,123.985941306215,bfd682b1f71e97ee7a2c9e71f9c84f0111bf57be07e899a54e4ccb2e99d3057f
283,130,4096,532480,4.527734355746,5.280789962045,1205,954,1086,851,101,0.000000000000,123.985941306215,fecb7c5c976e4c1c520c65f470718f9910f70a92bbe599d866c79d3c54d1ee71
283,131,4096,536576,4.532986683699,5.322433062922,1339,1027,935,795,105,0.000000000000,124.154751180649,152f199bbbcdaea27ac4cc2d8d2736d833ed95e83c04ba2ff9ac6f13a666bfff
283,132,4096,540672,4.556062277878,5.374452236511,1258,1226,1075,537,104,0.000000000000,124.308143362168,eec952e192983ec8cac35c9ea0fd40c3887baa8452107aa81b16ed8a9494195f
283,133,4096,544768,4.540842674497,5.356697358143,1144,1272,900,780,106,0.000000000000,124.449113763027,686191e94d64c9c0e9a3fcfbc4c3ee998b5c26dff9eb8e77fa1ea1c686afa6bd
283,134,4096,548864,4.546217290237,5.360047871887,1157,1132,1181,626,107,0.000000000000,124.449113763027,de14606d24b58bab0be1e95f5901a8f6facb2db893d27417db78e1411171d13e
283,135,4096,552960,4.557899331693,5.386069006460,945,1331,1248,572,109,0.000000000000,124.449113763027,e5cf98f152054a2cf6256a7776c06fd8c5520b729e7b74e89589e52d1f19d9e5
283,136,4096,557056,4.570190834597,5.404123201668,779,1428,1369,520,105,0.000000000000,124.589579824746,a70e70a0af359d719b51d1a5361722add0434850190338c4d440d71b63d29c22
283,137,4096,561152,4.560381915895,5.383857253424,1050,1408,874,764,104,0.000000000000,124.704681689620,240c23651e081dbc985fb45728a9a26505ddd2609a80af03f76b9d1479653c5c
283,138,4096,565248,4.549184124036,5.338185714893,1254,1172,884,786,106,0.000000000000,124.805185667084,ec65665af6e71d57a9e919d1bb568175952c0d04f3aa5bca26fcd2051f2eb9d5
283,139,4096,569344,4.548953803060,5.376267360678,994,1345,1135,622,102,0.000000000000,124.896980751956,b4fda5e2c984a27fd4d2629ff177a160f6cc8e4abc745b429e2a16943d4ecb27
283,140,4096,573440,4.547588473728,5.343448621474,1220,1348,984,544,103,0.000000000000,124.896980751956,015e0eeb13e3e40b6005f6ec47f94a2f1257ad89dc3ba1b9a709f413d7eda403
283,141,4096,577536,4.561785377275,5.404522368474,1477,1254,842,523,105,0.000000000000,124.984930496738,6f9cbe612ec890cb743e8e0ec1bd9ada06a6c16cfd8d20951f6877ac6cbe0979
283,142,4096,581632,4.558485434216,5.342579920459,1306,1286,979,525,102,0.000000000000,125.083268622891,2ecbcc3f777e4df2b7499b9e44eb949bb93afc73db3a3484ce11ce0c751f833d
283,143,4096,585728,4.576578943152,5.418432960106,1201,1534,692,669,103,0.000000000000,125.173531716158,29a3074b9819af05ddf2791252b8f882eb7019f53b208636107ebf2eb925529f
283,144,4096,589824,4.566398580573,5.388075279321,1123,1218,1090,665,105,0.000000000000,125.242866419523,71774fde5ca995752a29b75eb6af03e8f2b7df463f27543d8dcdbe4e4a55a633
283,145,4096,593920,4.558917313670,5.384956852338,1010,1272,1115,699,104,0.000000000000,125.307707324443,ecf080a6ec3021e4e83b34bba5df2de0541c0c4ba1f00c8c85fb7fb9898127fe
283,146,4096,598016,4.551931413557,5.320648505791,1135,1218,1004,739,100,0.000000000000,125.368797811706,c89dfddec1efa175e2851e73e025e6a65437787317aa6220daa4981e5ebfbe62
283,147,4096,602112,4.569521864149,5.376398491753,885,1155,1390,666,103,0.000000000000,125.425263855415,12de8594eaac85db7b77d8892f14838dabd5803562ba353da3ec769543d99c22
283,148,4096,606208,4.583579121061,5.424693925649,812,1344,1245,695,104,0.000000000000,125.476532635102,01dfe7ec24270588ebc95db84fd33a4ba4194ba4d67164a502dc997f73c8e929
283,149,4096,610304,4.571234456990,5.369990562335,1042,1369,1112,573,105,0.000000000000,125.476532635102,062ac5b53cd30795e5b6047bc8498e7aa69683e9eddb3ca378d0c6bd93a9c77e
283,150,4096,614400,4.560403166752,5.333734737322,1277,1133,1140,546,100,0.000000000000,125.520991365372,b5c60a7a2ba1fb2fcaf003964bc50aee1dcc70760f951d5f8b0ac4de64f10638
283,151,4096,618496,4.566030456739,5.304608155083,1259,770,1175,892,101,0.000000000000,125.556634834296,71d40ccdb2734880615a8760634833acef65537cd1204cf4b8d085ed0e9e9183
283,152,4096,622592,4.578284012984,5.403353825374,1496,1091,1194,315,99,0.000000000000,125.569653041510,cf9920f1f0452845db49128ab1372585b36d3e1f0b2a438f2c422044942ef1bf
283,153,4096,626688,4.568899269987,5.392438388543,1499,1288,917,392,105,0.000000000000,125.577196108185,a16e0e63d66bbfe1e4063e510352c375909452ec98c04bde4382bb7b0cb908d0
283,154,4096,630784,4.579677616532,5.403398454410,1188,1291,1220,397,106,0.000000000000,125.594153533634,a9728dec3073f623bff3e0d29537403bcecd9e09fb23e3db15c3093868b3a0ff
283,155,4096,634880,4.572341099290,5.372257951846,1020,1016,1601,459,102,0.000000000000,125.596883201478,f0030e2b217dcf72aadd9d99a954829f7023d7acedf576c78e2872e3d8fb8432
283,156,4096,638976,4.586344546811,5.410180921617,693,1361,1578,464,110,0.000000000000,125.599287371347,99cd3ddd22fd7b52390096b5113464d82e2460ffe39eaf7025de6abc000b5d49
283,157,4096,643072,4.577049602185,5.342898604054,850,1450,1315,481,106,0.000000000000,125.609623165037,bff64dba7ae56b1f17a670349b1648e4392a5a1679853f6dde6905f5921898ba
283,158,4096,647168,4.586683785480,5.412563266920,1437,1507,836,316,104,0.000000000000,125.609051489826,64e11c2fa5da9a12e8a06f2590ce2097435fefe2c140f3550fb6c8a113b2a9b0
283,159,4096,651264,4.571160729231,5.358747409112,878,1352,1148,718,101,0.000000000000,125.616934289656,64b267e55e33f0244eb4ea9084641397aba2b75a9883a403247f0226973d0aed
283,160,4096,655360,4.587380432786,5.403924074894,1041,1229,1275,551,105,0.000000000000,125.622569884806,93e55de517f6902d3c347c7503620cfcc4a78d838fbccd90d6d1ff4168495fe8
283,161,4096,659456,4.592973631769,5.404983394264,1149,1298,997,652,102,0.000000000000,125.622569884806,5d841c6f69545427a74108028f22eb00c6c5b2af2219120a94c9e639758a8088
283,162,4096,663552,4.591506796196,5.436835778534,1367,1353,883,493,104,0.000000000000,125.613039536461,8ebdb743639c6e174a6f4e16dceb2909724fe80a07e6248307b452cac21b08dd
283,163,4096,667648,4.595063681070,5.402760095373,1347,1084,1261,404,106,0.000000000000,125.606992656518,718f8bc9216097269315a8f3a060adb3dfddceb95bdb7cab2ef6bfc1df6a227d
283,164,4096,671744,4.578392908808,5.362700541483,1331,1206,917,642,105,0.000000000000,125.593969333841,729c7a24661ff78ce0dc8d3838947316791a9b58a715075c430584768bf5a71e
283,165,4096,675840,4.589662557196,5.392398275661,1328,1433,609,726,104,0.000000000000,125.576853266302,1e689b62669e607ed9ba86530c332b4bd03285eb93b4031e033d74b3c33d1634
283,166,4096,679936,4.590270520604,5.386773488664,1345,1243,955,553,105,0.000000000000,125.555588714935,caea6d39ace7e5839848050fcdedd7665b66f58a9681abf84931006003444d54
283,167,4096,684032,4.592168066959,5.373050197524,1391,1230,1125,350,106,0.000000000000,125.529609447690,835a83422cf09813d0d085af12c421955926c50e34e16d322bf148aa6363fea9
283,168,4096,688128,4.575422965476,5.392092740810,965,1468,1015,648,103,0.000000000000,125.497946600251,27359fc5c24e80aea6db4ddf3d0c934181e9aa574e418f939117981eeed4590a
283,169,4096,692224,4.591554849610,5.431681312503,1027,1628,1121,320,97,0.000000000000,125.456884997984,8ba74ecb56cdf11a4b258baff5a8cb32b619738933706ab47a30054f1e30c4e3
283,170,4096,696320,4.599330860627,5.454472368289,1416,1482,683,515,102,0.000000000000,125.416244806799,10b56765cb133c2d2be423d1c784c7d78313ba993043adeaaf664386923624f6
283,171,4096,700416,4.602776653929,5.471844408684,1348,1491,919,338,102,0.000000000000,125.366437330474,5f2e5d24fd2dbbe4d3363e5ee2c442259bd670c202c09d7db2a3a144fc93b98d
283,172,4096,704512,4.598679882983,5.443885059277,1452,1535,606,503,103,0.000000000000,125.315590549163,8dceaf005e149390e9492c98c743f911ed98bc10dc58136f4026ca1503abbc4e
283,173,4096,708608,4.586949782639,5.422636044619,1000,1619,799,678,101,0.000000000000,125.260778653079,1bfad48fed41321fc00c907079eafffdd6beeea6808b2bee22901f5c584577ee
283,174,4096,712704,4.595606481030,5.419762838182,1342,1339,811,604,102,0.000000000000,125.197570859352,91cee9d27b7057e212366a94ff8e53b1e2907f9076593a200f79d644d42a38d7
283,175,4096,716800,4.598050211074,5.423202309138,1363,1550,770,413,101,0.000000000000,125.133135063155,9f3af7f887507d6ccb4e64b2960935ef65eb9e67607426f5501d691e2d9699c9
283,176,4096,720896,4.602934283368,5.434828442066,1081,1634,823,558,104,0.000000000000,125.067395464688,c6775a1a88a43f7a6495cd1f031e4522d1d8553ac03ffa899fbf7c80ff9d39ef
283,177,4096,724992,4.585705561095,5.409346170160,912,1631,1124,429,99,0.000000000000,125.008709831814,61b8e95728504736e9440aa808b3b5286185ccbdeaffdb0db0df66f98355aead
283,178,4096,729088,4.600653722607,5.445774558395,629,1728,1324,415,100,0.000000000000,124.941881123287,e8a11bbf2e4ce2b79a071a8036db82f30bd2379a8d8c62ca95cb69b756730215
283,179,4096,733184,4.586127688067,5.407921885081,905,1437,1297,457,103,0.000000000000,124.878277642788,9785b2ff7e6116ad8b491ece84e623c5cd09cf82464c3fd46bc283b07541e558
283,180,4096,737280,4.599308966492,5.444350612062,784,1625,1415,272,105,0.000000000000,124.817031515558,84291c06089679c9b602207aba2680e9c5ae2ffd69ee2274ee094adb5f5194c8
283,181,4096,741376,4.603047472452,5.443191354652,779,1543,1469,305,106,0.000000000000,124.762288716907,1b306d667b7e5af555f5eca1f9808b9182ab75ef2830f900b15ab460c003c6bf
283,182,4096,745472,4.586230475986,5.403402372692,1051,1565,1156,324,102,0.000000000000,124.700034072048,bfdd616bbbe456374e46ddfe84a03fc6829ca2e80c3d5f7f9bbe852b323a56de
283,183,4096,749568,4.589829983154,5.401051377930,1262,1158,1285,391,95,0.000000000000,124.642137541546,e1bc5a760c2524ffd1321e9cfaf3d4176e77ea0b11923c88a72001f0535bf2f5
283,184,4096,753664,4.598311855015,5.414397810685,1246,1281,1347,222,96,0.000000000000,124.642137541546,89c6a2066b992b49ede8804a619d8bb55e07c291f203722164046819c9f35f05
283,185,4096,757760,4.580394479097,5.407092076543,1458,1280,985,373,105,0.000000000000,124.584804397026,3c76091543b0acec881545058f5cf7880a8310b310c21122f0fc1ddf3ba0e168
283,186,4096,761856,4.591799736830,5.430024142633,1499,1422,779,396,97,0.000000000000,124.529614113762,27dca38ced753e5f29406be31ceb927f690ad9e00fb935cb9b9b4a6a10fd4422
283,187,4096,765952,4.582958123392,5.412272434976,1458,1234,895,509,99,0.000000000000,124.479957815643,e2ac950d0a2d6d1e9cc2eccdf44055adddc6ac29fdeda334f3fd917e1f4979a8
283,188,4096,770048,4.581429811616,5.401947762090,961,1299,1136,700,102,0.000000000000,124.420790063380,a4a535d98e6fe5c8106bc21015f8e556b3d2e9bc5e6d33e1c6a42eb58054edcb
283,189,4096,774144,4.578778545104,5.362192305416,1386,1319,900,491,107,0.000000000000,124.363883020682,34e32c21f24cf9a44fc2853423443c7178865f7658843cc0642d81520a637586
283,190,4096,778240,4.581732751894,5.390699562265,1007,1520,975,594,106,0.000000000000,124.307084582565,71122080d2d5cd7a9da2804d9ab50cf9dfd74e600c6bcc7b34742c3aa6affcd5
283,191,4096,782336,4.582118559378,5.372805780483,891,1574,1006,625,107,0.000000000000,124.251392095331,561489aedcc5274ed189213a849f40cd4357a7cc8dfb543f900b6a7c3df0072b
283,192,4096,786432,4.578461892288,5.367334385558,1007,1429,968,692,103,0.000000000000,124.188141441643,6c1e8823cf24fb89cb15f86c776b429d40f3c5ff20e471208863290d7e02113b
283,193,4096,790528,4.586910411149,5.403646527409,1038,1284,949,825,102,0.000000000000,124.136949708498,7973c36972b638fa81b0db9ba493924ab65eddfd8de4d5cfe7fbda25f17a977a
283,194,4096,794624,4.601241011918,5.462580258609,1240,1629,730,497,106,0.000000000000,124.086641648305,9cff56e98b2cdb6756b86f0bd5419c0a2b30fec7d11b1246a7e511c0837e1531
283,195,4096,798720,4.618881969119,5.478065962412,1403,1519,725,449,98,0.000000000000,124.036762712168,bb39e2a458bf1c0238b15c96d0071c3fda6f6b2842f6addf8dee1db34aaefc92
283,196,4096,802816,4.612055985437,5.485341129248,1295,1794,453,554,100,0.000000000000,123.986461809936,8118f07cdb649599f8c213d4318d4569785cafaf9fb7fdb1d441c0186762f136
283,197,4096,806912,4.603967520354,5.438814905635,1135,1732,676,553,100,0.000000000000,123.929381812338,9a31a0cdcd98c174b6e9f80c7d7e4cefdadbf7c9413a45950bf703e506b5c6a2
283,198,4096,811008,4.584543239272,5.380591414120,910,1521,784,881,101,0.000000000000,123.875997587563,f982b32c45c8d59cb61939ab7162967e3a6340124bd4cb248b257a0a2de87760
283,199,4096,815104,4.592856807269,5.404076643138,861,1452,1153,630,103,0.000000000000,123.833601325062,a7c75b88edf07f4f6cae32eb21bf2e3608f0460ca3a554a163efd77d576d8fe7
283,200,4096,819200,4.606317644866,5.434592356808,963,1738,884,511,97,0.000000000000,123.784379100365,c67026bdcf4aff2e925f8aa74d61830d69a06bff880bacafeea8b473bd8b97fc
